{"version":2,"created":"2017-04-09T17:01:22.055Z","electionDetails":{"electionId":"kv2017","electionDate":"2017-04-09T00:00:00.000Z","electionDataPublishTime":"2017-04-09T17:00:00.000Z","name":{"fi":"Kuntavaalit 2017","sv":"Kommunalval 2017","en":"Elections 2017"},"previousElections":{"correspondingCompareElection":{"electionId":"kv2012","electionDate":"2012-10-28T00:00:00.000Z","name":{"fi":"Kuntavaalit 2012","en":"Municipal elections 2012","sv":"Kommunalval 2012"}},"otherCompareElection":{"electionId":"ev2015","electionDate":"2015-04-19T00:00:00.000Z","name":{"fi":"Eduskuntavaalit 2015","en":"Parliamentary election 2015","sv":"Riksdagsval 2015"}}}},"calculationStatus":{"electionDayVotingTurnout":0.0,"invalidAdvanceVotes":9,"calculationPhase":"INITIAL","invalidElectionDayVotes":0,"approvedAdvanceVotes":807,"advanceVotingTurnout":30.5,"totalVotingTurnoutAbroad":0.0,"name":{"fi":"Akkoniemi","sv":"Akkoniemi"},"calculationStatusPercent":52.4,"advanceVotes":816,"electionDayVotingTurnoutAbroad":0.0,"approvedTotalVotes":807,"totalVotes":0,"muid":765,"totalVotingInFinlandTurnout":0.0,"advanceVotingTurnoutAbroad":0.0,"invalidTotalVotes":9,"totalVotingTurnout":0.0,"electionDayVotes":0,"electionDayVotesInFinland":0,"pdid":"001","totalVotesInFinlandMen":0,"eligibleVotersInFinlandTotal":2673,"calculationStatusPercentElectionDayVotes":0.0,"sourceRecordModificationTime":"20170409184400","otherCompareElection":{"eid":"","eligibleVotersInFinlandTotal":0,"advanceVotingInFinlandTurnout":0.0,"electionDayVotingInFinlandTurnout":0.0,"totalVotingInFinlandTurnout":0.0,"approvedVotesTotal":0,"invalidVotesTotal":0},"correspondingCompareElection":{"eid":"","eligibleVotersInFinlandTotal":0,"advanceVotingInFinlandTurnout":0.0,"electionDayVotingInFinlandTurnout":0.0,"totalVotingInFinlandTurnout":0.0,"approvedVotesTotal":0,"invalidVotesTotal":0,"seats":0},"approvedElectionDayVotes":0,"edid":12,"calculationStatusPercentAdvanceVotes":100.0,"electionDayVotingInFinlandTurnout":0.0,"seats":0,"eligibleVotersTotal":2673,"advanceVotesInFinland":816,"advanceVotingInFinlandTurnout":30.5,"totalVotesInFinland":0},"partyResults":[{"advanceVotesPercent":38.4,"name":{"fi":"Suomen Keskusta","sv":"Centern i Finland","en":"Centre Party of Finland"},"advanceVotes":310,"npid":2,"totalVotes":310,"spid":1,"abbr":{"fi":"KESK","sv":"C","en":"CENT"},"alid":2,"electionDayVotes":0,"pid":"2","totalVotesPercent":38.4,"nominatorName":{"fi":"Suomen Keskusta","sv":"Centern i Finland","en":"Centre Party of Finland"},"compareData":{"otherCompareElection":{"votesTotalChange":0,"votesTotalPercentChange":0.0,"votesTotal":310,"votesTotalPercent":38.4},"correspondingCompareElection":{"votesTotalChange":0,"votesTotalPercentChange":0.0,"seatChange":0,"votesTotal":310,"votesTotalPercent":38.4,"seatsTotal":0}},"seats":0,"electionDayVotesPercent":0.0,"nominatorAbbr":{"fi":"KESK","sv":"C","en":"CENT"}},{"advanceVotesPercent":25.5,"name":{"fi":"Vasemmistoliitto","sv":"Vänsterförbundet","en":"The Left Alliance"},"advanceVotes":206,"npid":3,"totalVotes":206,"spid":6,"abbr":{"fi":"VAS","sv":"VF","en":"LEFT"},"alid":3,"electionDayVotes":0,"pid":"15","totalVotesPercent":25.5,"nominatorName":{"fi":"Vasemmistoliitto","sv":"Vänsterförbundet","en":"The Left Alliance"},"compareData":{"otherCompareElection":{"votesTotalChange":0,"votesTotalPercentChange":0.0,"votesTotal":206,"votesTotalPercent":25.5},"correspondingCompareElection":{"votesTotalChange":0,"votesTotalPercentChange":0.0,"seatChange":0,"votesTotal":206,"votesTotalPercent":25.5,"seatsTotal":0}},"seats":0,"electionDayVotesPercent":0.0,"nominatorAbbr":{"fi":"VAS","sv":"VF","en":"LEFT"}},{"advanceVotesPercent":15.9,"name":{"fi":"Kansallinen Kokoomus","sv":"Samlingspartiet","en":"National Coalition Party"},"advanceVotes":128,"npid":1,"totalVotes":128,"spid":2,"abbr":{"fi":"KOK","sv":"Saml","en":"NCP"},"alid":1,"electionDayVotes":0,"pid":"4","totalVotesPercent":15.9,"nominatorName":{"fi":"Kansallinen Kokoomus","sv":"Samlingspartiet","en":"National Coalition Party"},"compareData":{"otherCompareElection":{"votesTotalChange":0,"votesTotalPercentChange":0.0,"votesTotal":128,"votesTotalPercent":15.9},"correspondingCompareElection":{"votesTotalChange":0,"votesTotalPercentChange":0.0,"seatChange":0,"votesTotal":128,"votesTotalPercent":15.9,"seatsTotal":0}},"seats":0,"electionDayVotesPercent":0.0,"nominatorAbbr":{"fi":"KOK","sv":"Saml","en":"NCP"}},{"advanceVotesPercent":6.6,"name":{"fi":"Suomen Kristillisdemokraatit (KD)","sv":"Kristdemokraterna i Finland (KD)","en":"Christian Democrats in Finland"},"advanceVotes":53,"npid":6,"totalVotes":53,"spid":8,"abbr":{"fi":"KD","sv":"KD","en":"CD"},"alid":5,"electionDayVotes":0,"pid":"9","totalVotesPercent":6.6,"nominatorName":{"fi":"Suomen Kristillisdemokraatit (KD)","sv":"Kristdemokraterna i Finland (KD)","en":"Christian Democrats in Finland"},"compareData":{"otherCompareElection":{"votesTotalChange":0,"votesTotalPercentChange":0.0,"votesTotal":53,"votesTotalPercent":6.6},"correspondingCompareElection":{"votesTotalChange":0,"votesTotalPercentChange":0.0,"seatChange":0,"votesTotal":53,"votesTotalPercent":6.6,"seatsTotal":0}},"seats":0,"electionDayVotesPercent":0.0,"nominatorAbbr":{"fi":"KD","sv":"KD","en":"CD"}},{"advanceVotesPercent":5.9,"name":{"fi":"Perussuomalaiset","sv":"Sannfinländarna","en":"The Finns Party"},"advanceVotes":48,"npid":7,"totalVotes":48,"spid":3,"abbr":{"fi":"PS","sv":"Sannf","en":"FINNS"},"alid":6,"electionDayVotes":0,"pid":"23","totalVotesPercent":5.9,"nominatorName":{"fi":"Perussuomalaiset","sv":"Sannfinländarna","en":"The Finns Party"},"compareData":{"otherCompareElection":{"votesTotalChange":0,"votesTotalPercentChange":0.0,"votesTotal":48,"votesTotalPercent":5.9},"correspondingCompareElection":{"votesTotalChange":0,"votesTotalPercentChange":0.0,"seatChange":0,"votesTotal":48,"votesTotalPercent":5.9,"seatsTotal":0}},"seats":0,"electionDayVotesPercent":0.0,"nominatorAbbr":{"fi":"PS","sv":"Sannf","en":"FINNS"}},{"advanceVotesPercent":5.5,"name":{"fi":"Suomen Sosialidemokraattinen Puolue","sv":"Finlands Socialdemokratiska Parti","en":"The Finnish Social Democratic Party"},"advanceVotes":44,"npid":4,"totalVotes":44,"spid":4,"abbr":{"fi":"SDP","sv":"SDP","en":"SDP"},"alid":4,"electionDayVotes":0,"pid":"1","totalVotesPercent":5.5,"nominatorName":{"fi":"Suomen Sosialidemokraattinen Puolue","sv":"Finlands Socialdemokratiska Parti","en":"The Finnish Social Democratic Party"},"compareData":{"otherCompareElection":{"votesTotalChange":0,"votesTotalPercentChange":0.0,"votesTotal":44,"votesTotalPercent":5.5},"correspondingCompareElection":{"votesTotalChange":0,"votesTotalPercentChange":0.0,"seatChange":0,"votesTotal":44,"votesTotalPercent":5.5,"seatsTotal":0}},"seats":0,"electionDayVotesPercent":0.0,"nominatorAbbr":{"fi":"SDP","sv":"SDP","en":"SDP"}},{"advanceVotesPercent":2.2,"name":{"fi":"Vihreä liitto","sv":"Gröna förbundet","en":"Green League"},"advanceVotes":18,"npid":5,"totalVotes":18,"spid":5,"abbr":{"fi":"VIHR","sv":"Gröna","en":"GREEN"},"alid":5,"electionDayVotes":0,"pid":"13","totalVotesPercent":2.2,"nominatorName":{"fi":"Vihreä liitto","sv":"Gröna förbundet","en":"Green League"},"compareData":{"otherCompareElection":{"votesTotalChange":0,"votesTotalPercentChange":0.0,"votesTotal":18,"votesTotalPercent":2.2},"correspondingCompareElection":{"votesTotalChange":0,"votesTotalPercentChange":0.0,"seatChange":0,"votesTotal":18,"votesTotalPercent":2.2,"seatsTotal":0}},"seats":0,"electionDayVotesPercent":0.0,"nominatorAbbr":{"fi":"VIHR","sv":"Gröna","en":"GREEN"}}],"candidateResults":[{"age":51,"advanceVotesPercent":5.5,"lastname":"Lukkari","occupation":"opettaja","advanceVotes":44,"npid":2,"totalVotes":44,"spid":1,"abbr":"KESK","municipalCouncilor":true,"muid":765,"alid":2,"firstname":"Anne","electionDayVotes":0,"pid":"2","finalPosition":0,"electedInformation":"ELECTED","totalVotesPercent":5.5,"nominatorName":{"fi":"Suomen Keskusta","sv":"Centern i Finland","en":"Centre Party of Finland"},"caid":38,"position":0,"gender":"2","comparisonData":{"totalVotes":191,"votesTotalChange":-147},"edid":12,"comparativeIndex":0.0,"electionDayVotesPercent":0.0,"nominatorAbbr":{"fi":"KESK","sv":"C","en":"CENT"}},{"age":56,"advanceVotesPercent":5.0,"lastname":"Korhonen","occupation":"alueluottamusmies","advanceVotes":40,"npid":3,"totalVotes":40,"spid":6,"abbr":"VAS","municipalCouncilor":true,"muid":765,"alid":3,"firstname":"Jouko","electionDayVotes":0,"pid":"15","finalPosition":0,"electedInformation":"ELECTED","totalVotesPercent":5.0,"nominatorName":{"fi":"Vasemmistoliitto","sv":"Vänsterförbundet","en":"The Left Alliance"},"caid":58,"position":0,"gender":"1","comparisonData":{"totalVotes":183,"votesTotalChange":-143},"edid":12,"comparativeIndex":0.0,"electionDayVotesPercent":0.0,"nominatorAbbr":{"fi":"VAS","sv":"VF","en":"LEFT"}},{"age":30,"advanceVotesPercent":4.8,"lastname":"Lievonen","occupation":"seurakuntapastori","advanceVotes":39,"npid":3,"totalVotes":39,"spid":6,"abbr":"VAS","municipalCouncilor":false,"muid":765,"alid":3,"firstname":"Jarkko","electionDayVotes":0,"pid":"15","finalPosition":0,"electedInformation":"ELECTED","totalVotesPercent":4.8,"nominatorName":{"fi":"Vasemmistoliitto","sv":"Vänsterförbundet","en":"The Left Alliance"},"caid":59,"position":0,"gender":"1","comparisonData":{"totalVotes":0,"votesTotalChange":39},"edid":12,"comparativeIndex":0.0,"electionDayVotesPercent":0.0,"nominatorAbbr":{"fi":"VAS","sv":"VF","en":"LEFT"}},{"age":67,"advanceVotesPercent":4.5,"lastname":"Rossi-Määttä","occupation":"eläkeläinen","advanceVotes":36,"npid":4,"totalVotes":36,"spid":4,"abbr":"SDP","municipalCouncilor":true,"muid":765,"alid":4,"firstname":"Tuula","electionDayVotes":0,"pid":"1","finalPosition":0,"electedInformation":"ELECTED","totalVotesPercent":4.5,"nominatorName":{"fi":"Suomen Sosialidemokraattinen Puolue","sv":"Finlands Socialdemokratiska Parti","en":"The Finnish Social Democratic Party"},"caid":73,"position":0,"gender":"2","comparisonData":{"totalVotes":99,"votesTotalChange":-63},"edid":12,"comparativeIndex":0.0,"electionDayVotesPercent":0.0,"nominatorAbbr":{"fi":"SDP","sv":"SDP","en":"SDP"}},{"age":40,"advanceVotesPercent":4.3,"lastname":"Makkonen","occupation":"toimitusjohtaja, liiketalouden merkonomi","advanceVotes":35,"npid":1,"totalVotes":35,"spid":2,"abbr":"KOK","municipalCouncilor":true,"muid":765,"alid":1,"firstname":"Petri","electionDayVotes":0,"pid":"4","finalPosition":0,"electedInformation":"ELECTED","totalVotesPercent":4.3,"nominatorName":{"fi":"Kansallinen Kokoomus","sv":"Samlingspartiet","en":"National Coalition Party"},"caid":12,"position":0,"gender":"1","comparisonData":{"totalVotes":79,"votesTotalChange":-44},"edid":12,"comparativeIndex":0.0,"electionDayVotesPercent":0.0,"nominatorAbbr":{"fi":"KOK","sv":"Saml","en":"NCP"}},{"age":55,"advanceVotesPercent":4.2,"lastname":"Seppänen","occupation":"yrittäjä, diplomi-insinööri","advanceVotes":34,"npid":2,"totalVotes":34,"spid":1,"abbr":"KESK","municipalCouncilor":false,"muid":765,"alid":2,"firstname":"Sakari","electionDayVotes":0,"pid":"2","finalPosition":0,"electedInformation":"ELECTED","totalVotesPercent":4.2,"nominatorName":{"fi":"Suomen Keskusta","sv":"Centern i Finland","en":"Centre Party of Finland"},"caid":52,"position":0,"gender":"1","comparisonData":{"totalVotes":34,"votesTotalChange":0},"edid":12,"comparativeIndex":0.0,"electionDayVotesPercent":0.0,"nominatorAbbr":{"fi":"KESK","sv":"C","en":"CENT"}},{"age":70,"advanceVotesPercent":4.1,"lastname":"Polvinen","occupation":"herastuomari","advanceVotes":33,"npid":3,"totalVotes":33,"spid":6,"abbr":"VAS","municipalCouncilor":true,"muid":765,"alid":3,"firstname":"Osmo","electionDayVotes":0,"pid":"15","finalPosition":0,"electedInformation":"ELECTED","totalVotesPercent":4.1,"nominatorName":{"fi":"Vasemmistoliitto","sv":"Vänsterförbundet","en":"The Left Alliance"},"caid":62,"position":0,"gender":"1","comparisonData":{"totalVotes":113,"votesTotalChange":-80},"edid":12,"comparativeIndex":0.0,"electionDayVotesPercent":0.0,"nominatorAbbr":{"fi":"VAS","sv":"VF","en":"LEFT"}},{"age":67,"advanceVotesPercent":4.0,"lastname":"Sorvari","occupation":"diakoni, sosionomi","advanceVotes":32,"npid":6,"totalVotes":32,"spid":8,"abbr":"KD","municipalCouncilor":true,"muid":765,"alid":5,"firstname":"Yrjö","electionDayVotes":0,"pid":"9","finalPosition":0,"electedInformation":"ELECTED","totalVotesPercent":4.0,"nominatorName":{"fi":"Suomen Kristillisdemokraatit (KD)","sv":"Kristdemokraterna i Finland (KD)","en":"Christian Democrats in Finland"},"caid":79,"position":0,"gender":"1","comparisonData":{"totalVotes":129,"votesTotalChange":-97},"edid":12,"comparativeIndex":0.0,"electionDayVotesPercent":0.0,"nominatorAbbr":{"fi":"KD","sv":"KD","en":"CD"}},{"age":60,"advanceVotesPercent":3.7,"lastname":"Valtanen","occupation":"vartija","advanceVotes":30,"npid":2,"totalVotes":30,"spid":1,"abbr":"KESK","municipalCouncilor":true,"muid":765,"alid":2,"firstname":"Kalevi","electionDayVotes":0,"pid":"2","finalPosition":0,"electedInformation":"ELECTED","totalVotesPercent":3.7,"nominatorName":{"fi":"Suomen Keskusta","sv":"Centern i Finland","en":"Centre Party of Finland"},"caid":55,"position":0,"gender":"1","comparisonData":{"totalVotes":44,"votesTotalChange":-14},"edid":12,"comparativeIndex":0.0,"electionDayVotesPercent":0.0,"nominatorAbbr":{"fi":"KESK","sv":"C","en":"CENT"}},{"age":62,"advanceVotesPercent":3.2,"lastname":"Heikkinen","occupation":"sosiaalityöntekijä","advanceVotes":26,"npid":3,"totalVotes":26,"spid":6,"abbr":"VAS","municipalCouncilor":true,"muid":765,"alid":3,"firstname":"Reija","electionDayVotes":0,"pid":"15","finalPosition":0,"electedInformation":"ELECTED","totalVotesPercent":3.2,"nominatorName":{"fi":"Vasemmistoliitto","sv":"Vänsterförbundet","en":"The Left Alliance"},"caid":57,"position":0,"gender":"2","comparisonData":{"totalVotes":95,"votesTotalChange":-69},"edid":12,"comparativeIndex":0.0,"electionDayVotesPercent":0.0,"nominatorAbbr":{"fi":"VAS","sv":"VF","en":"LEFT"}},{"age":41,"advanceVotesPercent":3.1,"lastname":"Toivanen","occupation":"kirvesmies","advanceVotes":25,"npid":3,"totalVotes":25,"spid":6,"abbr":"VAS","municipalCouncilor":true,"muid":765,"alid":3,"firstname":"Pinja","electionDayVotes":0,"pid":"15","finalPosition":0,"electedInformation":"ELECTED","totalVotesPercent":3.1,"nominatorName":{"fi":"Vasemmistoliitto","sv":"Vänsterförbundet","en":"The Left Alliance"},"caid":68,"position":0,"gender":"2","comparisonData":{"totalVotes":69,"votesTotalChange":-44},"edid":12,"comparativeIndex":0.0,"electionDayVotesPercent":0.0,"nominatorAbbr":{"fi":"VAS","sv":"VF","en":"LEFT"}},{"age":61,"advanceVotesPercent":2.9,"lastname":"Korhonen","occupation":"osastonhoitaja","advanceVotes":23,"npid":2,"totalVotes":23,"spid":1,"abbr":"KESK","municipalCouncilor":true,"muid":765,"alid":2,"firstname":"Marja-Leena","electionDayVotes":0,"pid":"2","finalPosition":0,"electedInformation":"ELECTED","totalVotesPercent":2.9,"nominatorName":{"fi":"Suomen Keskusta","sv":"Centern i Finland","en":"Centre Party of Finland"},"caid":36,"position":0,"gender":"2","comparisonData":{"totalVotes":74,"votesTotalChange":-51},"edid":12,"comparativeIndex":0.0,"electionDayVotesPercent":0.0,"nominatorAbbr":{"fi":"KESK","sv":"C","en":"CENT"}},{"age":38,"advanceVotesPercent":2.6,"lastname":"Komulainen","occupation":"luokanopettaja, koulun johtaja","advanceVotes":21,"npid":2,"totalVotes":21,"spid":1,"abbr":"KESK","municipalCouncilor":false,"muid":765,"alid":2,"firstname":"Jani","electionDayVotes":0,"pid":"2","finalPosition":0,"electedInformation":"ELECTED","totalVotesPercent":2.6,"nominatorName":{"fi":"Suomen Keskusta","sv":"Centern i Finland","en":"Centre Party of Finland"},"caid":34,"position":0,"gender":"1","comparisonData":{"totalVotes":0,"votesTotalChange":21},"edid":12,"comparativeIndex":0.0,"electionDayVotesPercent":0.0,"nominatorAbbr":{"fi":"KESK","sv":"C","en":"CENT"}},{"age":20,"advanceVotesPercent":2.2,"lastname":"Korhonen","occupation":"media-assistentti","advanceVotes":18,"npid":5,"totalVotes":18,"spid":5,"abbr":"VIHR","municipalCouncilor":false,"muid":765,"alid":5,"firstname":"Teemu","electionDayVotes":0,"pid":"13","finalPosition":0,"electedInformation":"ON_SUBSTITUTE_PLACE","totalVotesPercent":2.2,"nominatorName":{"fi":"Vihreä liitto","sv":"Gröna förbundet","en":"Green League"},"caid":74,"position":0,"gender":"1","comparisonData":{"totalVotes":0,"votesTotalChange":18},"edid":12,"comparativeIndex":0.0,"electionDayVotesPercent":0.0,"nominatorAbbr":{"fi":"VIHR","sv":"Gröna","en":"GREEN"}},{"age":60,"advanceVotesPercent":2.1,"lastname":"Huttunen","occupation":"toiminnanjohtaja","advanceVotes":17,"npid":2,"totalVotes":17,"spid":1,"abbr":"KESK","municipalCouncilor":true,"muid":765,"alid":2,"firstname":"Jarmo","electionDayVotes":0,"pid":"2","finalPosition":0,"electedInformation":"ELECTED","totalVotesPercent":2.1,"nominatorName":{"fi":"Suomen Keskusta","sv":"Centern i Finland","en":"Centre Party of Finland"},"caid":26,"position":0,"gender":"1","comparisonData":{"totalVotes":107,"votesTotalChange":-90},"edid":12,"comparativeIndex":0.0,"electionDayVotesPercent":0.0,"nominatorAbbr":{"fi":"KESK","sv":"C","en":"CENT"}},{"age":35,"advanceVotesPercent":2.1,"lastname":"Lukkari","occupation":"lähihoitaja, ensihoitaja","advanceVotes":17,"npid":2,"totalVotes":17,"spid":1,"abbr":"KESK","municipalCouncilor":true,"muid":765,"alid":2,"firstname":"Juho","electionDayVotes":0,"pid":"2","finalPosition":0,"electedInformation":"ELECTED","totalVotesPercent":2.1,"nominatorName":{"fi":"Suomen Keskusta","sv":"Centern i Finland","en":"Centre Party of Finland"},"caid":39,"position":0,"gender":"1","comparisonData":{"totalVotes":129,"votesTotalChange":-112},"edid":12,"comparativeIndex":0.0,"electionDayVotesPercent":0.0,"nominatorAbbr":{"fi":"KESK","sv":"C","en":"CENT"}},{"age":51,"advanceVotesPercent":2.0,"lastname":"Korhonen","occupation":"asianajaja, diplomi-insinööri","advanceVotes":16,"npid":1,"totalVotes":16,"spid":2,"abbr":"KOK","municipalCouncilor":true,"muid":765,"alid":1,"firstname":"Ari","electionDayVotes":0,"pid":"4","finalPosition":0,"electedInformation":"ELECTED","totalVotesPercent":2.0,"nominatorName":{"fi":"Kansallinen Kokoomus","sv":"Samlingspartiet","en":"National Coalition Party"},"caid":6,"position":0,"gender":"1","comparisonData":{"totalVotes":406,"votesTotalChange":-390},"edid":12,"comparativeIndex":0.0,"electionDayVotesPercent":0.0,"nominatorAbbr":{"fi":"KOK","sv":"Saml","en":"NCP"}},{"age":34,"advanceVotesPercent":1.9,"lastname":"Kotilainen","occupation":"sosionomi AMK","advanceVotes":15,"npid":6,"totalVotes":15,"spid":8,"abbr":"KD","municipalCouncilor":false,"muid":765,"alid":5,"firstname":"Heidi","electionDayVotes":0,"pid":"9","finalPosition":0,"electedInformation":"ON_SUBSTITUTE_PLACE","totalVotesPercent":1.9,"nominatorName":{"fi":"Suomen Kristillisdemokraatit (KD)","sv":"Kristdemokraterna i Finland (KD)","en":"Christian Democrats in Finland"},"caid":75,"position":0,"gender":"2","comparisonData":{"totalVotes":0,"votesTotalChange":15},"edid":12,"comparativeIndex":0.0,"electionDayVotesPercent":0.0,"nominatorAbbr":{"fi":"KD","sv":"KD","en":"CD"}},{"age":24,"advanceVotesPercent":1.7,"lastname":"Hyvönen","occupation":"maanviljelijä","advanceVotes":14,"npid":2,"totalVotes":14,"spid":1,"abbr":"KESK","municipalCouncilor":false,"muid":765,"alid":2,"firstname":"Janne","electionDayVotes":0,"pid":"2","finalPosition":0,"electedInformation":"ELECTED","totalVotesPercent":1.7,"nominatorName":{"fi":"Suomen Keskusta","sv":"Centern i Finland","en":"Centre Party of Finland"},"caid":27,"position":0,"gender":"1","comparisonData":{"totalVotes":0,"votesTotalChange":14},"edid":12,"comparativeIndex":0.0,"electionDayVotesPercent":0.0,"nominatorAbbr":{"fi":"KESK","sv":"C","en":"CENT"}},{"age":57,"advanceVotesPercent":1.7,"lastname":"Korhonen","occupation":"kansanedustaja","advanceVotes":14,"npid":2,"totalVotes":14,"spid":1,"abbr":"KESK","municipalCouncilor":true,"muid":765,"alid":2,"firstname":"Timo","electionDayVotes":0,"pid":"2","finalPosition":0,"electedInformation":"ELECTED","totalVotesPercent":1.7,"nominatorName":{"fi":"Suomen Keskusta","sv":"Centern i Finland","en":"Centre Party of Finland"},"caid":37,"position":0,"gender":"1","comparisonData":{"totalVotes":152,"votesTotalChange":-138},"edid":12,"comparativeIndex":0.0,"electionDayVotesPercent":0.0,"nominatorAbbr":{"fi":"KESK","sv":"C","en":"CENT"}},{"age":59,"advanceVotesPercent":1.7,"lastname":"Korhonen","occupation":"eläkeläinen, yrittäjä","advanceVotes":14,"npid":7,"totalVotes":14,"spid":3,"abbr":"PS","municipalCouncilor":true,"muid":765,"alid":6,"firstname":"Hannu","electionDayVotes":0,"pid":"23","finalPosition":0,"electedInformation":"ELECTED","totalVotesPercent":1.7,"nominatorName":{"fi":"Perussuomalaiset","sv":"Sannfinländarna","en":"The Finns Party"},"caid":83,"position":0,"gender":"1","comparisonData":{"totalVotes":95,"votesTotalChange":-81},"edid":12,"comparativeIndex":0.0,"electionDayVotesPercent":0.0,"nominatorAbbr":{"fi":"PS","sv":"Sannf","en":"FINNS"}},{"age":30,"advanceVotesPercent":1.5,"lastname":"Piirainen","occupation":"isännöitsijä","advanceVotes":12,"npid":1,"totalVotes":12,"spid":2,"abbr":"KOK","municipalCouncilor":false,"muid":765,"alid":1,"firstname":"Matti","electionDayVotes":0,"pid":"4","finalPosition":0,"electedInformation":"NOT_ELECTED","totalVotesPercent":1.5,"nominatorName":{"fi":"Kansallinen Kokoomus","sv":"Samlingspartiet","en":"National Coalition Party"},"caid":14,"position":0,"gender":"1","comparisonData":{"totalVotes":0,"votesTotalChange":12},"edid":12,"comparativeIndex":0.0,"electionDayVotesPercent":0.0,"nominatorAbbr":{"fi":"KOK","sv":"Saml","en":"NCP"}},{"age":63,"advanceVotesPercent":1.5,"lastname":"Heikkinen","occupation":"yrittäjä","advanceVotes":12,"npid":2,"totalVotes":12,"spid":1,"abbr":"KESK","municipalCouncilor":false,"muid":765,"alid":2,"firstname":"Jouni","electionDayVotes":0,"pid":"2","finalPosition":0,"electedInformation":"ON_SUBSTITUTE_PLACE","totalVotesPercent":1.5,"nominatorName":{"fi":"Suomen Keskusta","sv":"Centern i Finland","en":"Centre Party of Finland"},"caid":25,"position":0,"gender":"1","comparisonData":{"totalVotes":33,"votesTotalChange":-21},"edid":12,"comparativeIndex":0.0,"electionDayVotesPercent":0.0,"nominatorAbbr":{"fi":"KESK","sv":"C","en":"CENT"}},{"age":45,"advanceVotesPercent":1.4,"lastname":"Vihanto","occupation":"diplomi-insinööri, osastopäällikkö","advanceVotes":11,"npid":1,"totalVotes":11,"spid":2,"abbr":"KOK","municipalCouncilor":true,"muid":765,"alid":1,"firstname":"Pentti","electionDayVotes":0,"pid":"4","finalPosition":0,"electedInformation":"ELECTED","totalVotesPercent":1.4,"nominatorName":{"fi":"Kansallinen Kokoomus","sv":"Samlingspartiet","en":"National Coalition Party"},"caid":19,"position":0,"gender":"1","comparisonData":{"totalVotes":77,"votesTotalChange":-66},"edid":12,"comparativeIndex":0.0,"electionDayVotesPercent":0.0,"nominatorAbbr":{"fi":"KOK","sv":"Saml","en":"NCP"}},{"age":58,"advanceVotesPercent":1.4,"lastname":"Väisänen","occupation":"kasvatustieteen maisteri, luokanopettaja","advanceVotes":11,"npid":1,"totalVotes":11,"spid":2,"abbr":"KOK","municipalCouncilor":true,"muid":765,"alid":1,"firstname":"Unto","electionDayVotes":0,"pid":"4","finalPosition":0,"electedInformation":"ELECTED","totalVotesPercent":1.4,"nominatorName":{"fi":"Kansallinen Kokoomus","sv":"Samlingspartiet","en":"National Coalition Party"},"caid":20,"position":0,"gender":"1","comparisonData":{"totalVotes":96,"votesTotalChange":-85},"edid":12,"comparativeIndex":0.0,"electionDayVotesPercent":0.0,"nominatorAbbr":{"fi":"KOK","sv":"Saml","en":"NCP"}},{"age":77,"advanceVotesPercent":1.4,"lastname":"Tuhkanen","occupation":"eläkeläinen","advanceVotes":11,"npid":7,"totalVotes":11,"spid":3,"abbr":"PS","municipalCouncilor":true,"muid":765,"alid":6,"firstname":"Viljo","electionDayVotes":0,"pid":"23","finalPosition":0,"electedInformation":"ON_SUBSTITUTE_PLACE","totalVotesPercent":1.4,"nominatorName":{"fi":"Perussuomalaiset","sv":"Sannfinländarna","en":"The Finns Party"},"caid":90,"position":0,"gender":"1","comparisonData":{"totalVotes":42,"votesTotalChange":-31},"edid":12,"comparativeIndex":0.0,"electionDayVotesPercent":0.0,"nominatorAbbr":{"fi":"PS","sv":"Sannf","en":"FINNS"}},{"age":64,"advanceVotesPercent":1.2,"lastname":"Korhonen","occupation":"yrittäjä","advanceVotes":10,"npid":2,"totalVotes":10,"spid":1,"abbr":"KESK","municipalCouncilor":false,"muid":765,"alid":2,"firstname":"Aimo","electionDayVotes":0,"pid":"2","finalPosition":0,"electedInformation":"ELECTED","totalVotesPercent":1.2,"nominatorName":{"fi":"Suomen Keskusta","sv":"Centern i Finland","en":"Centre Party of Finland"},"caid":35,"position":0,"gender":"1","comparisonData":{"totalVotes":0,"votesTotalChange":10},"edid":12,"comparativeIndex":0.0,"electionDayVotesPercent":0.0,"nominatorAbbr":{"fi":"KESK","sv":"C","en":"CENT"}},{"age":62,"advanceVotesPercent":1.2,"lastname":"Tervonen","occupation":"eläkeläinen","advanceVotes":10,"npid":3,"totalVotes":10,"spid":6,"abbr":"VAS","municipalCouncilor":false,"muid":765,"alid":3,"firstname":"Paavo","electionDayVotes":0,"pid":"15","finalPosition":0,"electedInformation":"ON_SUBSTITUTE_PLACE","totalVotesPercent":1.2,"nominatorName":{"fi":"Vasemmistoliitto","sv":"Vänsterförbundet","en":"The Left Alliance"},"caid":67,"position":0,"gender":"1","comparisonData":{"totalVotes":10,"votesTotalChange":0},"edid":12,"comparativeIndex":0.0,"electionDayVotesPercent":0.0,"nominatorAbbr":{"fi":"VAS","sv":"VF","en":"LEFT"}},{"age":42,"advanceVotesPercent":1.0,"lastname":"Määttä","occupation":"nuoriso-ohjaaja","advanceVotes":8,"npid":2,"totalVotes":8,"spid":1,"abbr":"KESK","municipalCouncilor":false,"muid":765,"alid":2,"firstname":"Piia","electionDayVotes":0,"pid":"2","finalPosition":0,"electedInformation":"ON_SUBSTITUTE_PLACE","totalVotesPercent":1.0,"nominatorName":{"fi":"Suomen Keskusta","sv":"Centern i Finland","en":"Centre Party of Finland"},"caid":46,"position":0,"gender":"2","comparisonData":{"totalVotes":0,"votesTotalChange":8},"edid":12,"comparativeIndex":0.0,"electionDayVotesPercent":0.0,"nominatorAbbr":{"fi":"KESK","sv":"C","en":"CENT"}},{"age":71,"advanceVotesPercent":1.0,"lastname":"Sirviö","occupation":"eläkeläinen","advanceVotes":8,"npid":3,"totalVotes":8,"spid":6,"abbr":"VAS","municipalCouncilor":true,"muid":765,"alid":3,"firstname":"Pertti","electionDayVotes":0,"pid":"15","finalPosition":0,"electedInformation":"ON_SUBSTITUTE_PLACE","totalVotesPercent":1.0,"nominatorName":{"fi":"Vasemmistoliitto","sv":"Vänsterförbundet","en":"The Left Alliance"},"caid":64,"position":0,"gender":"1","comparisonData":{"totalVotes":56,"votesTotalChange":-48},"edid":12,"comparativeIndex":0.0,"electionDayVotesPercent":0.0,"nominatorAbbr":{"fi":"VAS","sv":"VF","en":"LEFT"}},{"age":52,"advanceVotesPercent":0.9,"lastname":"Laitinen","occupation":"terveydenhoitaja, työterveyshoitaja","advanceVotes":7,"npid":1,"totalVotes":7,"spid":2,"abbr":"KOK","municipalCouncilor":false,"muid":765,"alid":1,"firstname":"Irene","electionDayVotes":0,"pid":"4","finalPosition":0,"electedInformation":"NOT_ELECTED","totalVotesPercent":0.9,"nominatorName":{"fi":"Kansallinen Kokoomus","sv":"Samlingspartiet","en":"National Coalition Party"},"caid":9,"position":0,"gender":"2","comparisonData":{"totalVotes":0,"votesTotalChange":7},"edid":12,"comparativeIndex":0.0,"electionDayVotesPercent":0.0,"nominatorAbbr":{"fi":"KOK","sv":"Saml","en":"NCP"}},{"age":53,"advanceVotesPercent":0.9,"lastname":"Lappalainen","occupation":"kauppatieteiden tohtori, yliopettaja","advanceVotes":7,"npid":1,"totalVotes":7,"spid":2,"abbr":"KOK","municipalCouncilor":false,"muid":765,"alid":1,"firstname":"Jaana","electionDayVotes":0,"pid":"4","finalPosition":0,"electedInformation":"ON_SUBSTITUTE_PLACE","totalVotesPercent":0.9,"nominatorName":{"fi":"Kansallinen Kokoomus","sv":"Samlingspartiet","en":"National Coalition Party"},"caid":10,"position":0,"gender":"2","comparisonData":{"totalVotes":0,"votesTotalChange":7},"edid":12,"comparativeIndex":0.0,"electionDayVotesPercent":0.0,"nominatorAbbr":{"fi":"KOK","sv":"Saml","en":"NCP"}},{"age":36,"advanceVotesPercent":0.9,"lastname":"Matero","occupation":"maaseutuyrittäjä","advanceVotes":7,"npid":2,"totalVotes":7,"spid":1,"abbr":"KESK","municipalCouncilor":false,"muid":765,"alid":2,"firstname":"Maija","electionDayVotes":0,"pid":"2","finalPosition":0,"electedInformation":"ON_SUBSTITUTE_PLACE","totalVotesPercent":0.9,"nominatorName":{"fi":"Suomen Keskusta","sv":"Centern i Finland","en":"Centre Party of Finland"},"caid":43,"position":0,"gender":"2","comparisonData":{"totalVotes":0,"votesTotalChange":7},"edid":12,"comparativeIndex":0.0,"electionDayVotesPercent":0.0,"nominatorAbbr":{"fi":"KESK","sv":"C","en":"CENT"}},{"age":59,"advanceVotesPercent":0.9,"lastname":"Piirainen","occupation":"toimitusjohtaja","advanceVotes":7,"npid":2,"totalVotes":7,"spid":1,"abbr":"KESK","municipalCouncilor":false,"muid":765,"alid":2,"firstname":"Markku","electionDayVotes":0,"pid":"2","finalPosition":0,"electedInformation":"ELECTED","totalVotesPercent":0.9,"nominatorName":{"fi":"Suomen Keskusta","sv":"Centern i Finland","en":"Centre Party of Finland"},"caid":49,"position":0,"gender":"1","comparisonData":{"totalVotes":0,"votesTotalChange":7},"edid":12,"comparativeIndex":0.0,"electionDayVotesPercent":0.0,"nominatorAbbr":{"fi":"KESK","sv":"C","en":"CENT"}},{"age":70,"advanceVotesPercent":0.7,"lastname":"Kaipainen","occupation":"maanrakentaja","advanceVotes":6,"npid":1,"totalVotes":6,"spid":2,"abbr":"KOK","municipalCouncilor":false,"muid":765,"alid":1,"firstname":"Reijo","electionDayVotes":0,"pid":"4","finalPosition":0,"electedInformation":"NOT_ELECTED","totalVotesPercent":0.7,"nominatorName":{"fi":"Kansallinen Kokoomus","sv":"Samlingspartiet","en":"National Coalition Party"},"caid":2,"position":0,"gender":"1","comparisonData":{"totalVotes":15,"votesTotalChange":-9},"edid":12,"comparativeIndex":0.0,"electionDayVotesPercent":0.0,"nominatorAbbr":{"fi":"KOK","sv":"Saml","en":"NCP"}},{"age":62,"advanceVotesPercent":0.7,"lastname":"Suutari","occupation":"maanviljelijä, eläkeläinen","advanceVotes":6,"npid":2,"totalVotes":6,"spid":1,"abbr":"KESK","municipalCouncilor":true,"muid":765,"alid":2,"firstname":"Markku","electionDayVotes":0,"pid":"2","finalPosition":0,"electedInformation":"ELECTED","totalVotesPercent":0.7,"nominatorName":{"fi":"Suomen Keskusta","sv":"Centern i Finland","en":"Centre Party of Finland"},"caid":54,"position":0,"gender":"1","comparisonData":{"totalVotes":76,"votesTotalChange":-70},"edid":12,"comparativeIndex":0.0,"electionDayVotesPercent":0.0,"nominatorAbbr":{"fi":"KESK","sv":"C","en":"CENT"}},{"age":20,"advanceVotesPercent":0.7,"lastname":"Hakkarainen","occupation":"opiskelija","advanceVotes":6,"npid":3,"totalVotes":6,"spid":6,"abbr":"VAS","municipalCouncilor":false,"muid":765,"alid":3,"firstname":"Alisa","electionDayVotes":0,"pid":"15","finalPosition":0,"electedInformation":"ON_SUBSTITUTE_PLACE","totalVotesPercent":0.7,"nominatorName":{"fi":"Vasemmistoliitto","sv":"Vänsterförbundet","en":"The Left Alliance"},"caid":56,"position":0,"gender":"2","comparisonData":{"totalVotes":0,"votesTotalChange":6},"edid":12,"comparativeIndex":0.0,"electionDayVotesPercent":0.0,"nominatorAbbr":{"fi":"VAS","sv":"VF","en":"LEFT"}},{"age":47,"advanceVotesPercent":0.7,"lastname":"Oikarinen","occupation":"kirvesmies","advanceVotes":6,"npid":3,"totalVotes":6,"spid":6,"abbr":"VAS","municipalCouncilor":false,"muid":765,"alid":3,"firstname":"Timo","electionDayVotes":0,"pid":"15","finalPosition":0,"electedInformation":"ON_SUBSTITUTE_PLACE","totalVotesPercent":0.7,"nominatorName":{"fi":"Vasemmistoliitto","sv":"Vänsterförbundet","en":"The Left Alliance"},"caid":60,"position":0,"gender":"1","comparisonData":{"totalVotes":43,"votesTotalChange":-37},"edid":12,"comparativeIndex":0.0,"electionDayVotesPercent":0.0,"nominatorAbbr":{"fi":"VAS","sv":"VF","en":"LEFT"}},{"age":47,"advanceVotesPercent":0.7,"lastname":"Tuohimaa","occupation":"luokanopettaja","advanceVotes":6,"npid":3,"totalVotes":6,"spid":6,"abbr":"VAS","municipalCouncilor":false,"muid":765,"alid":3,"firstname":"Tiina","electionDayVotes":0,"pid":"15","finalPosition":0,"electedInformation":"ELECTED","totalVotesPercent":0.7,"nominatorName":{"fi":"Vasemmistoliitto","sv":"Vänsterförbundet","en":"The Left Alliance"},"caid":69,"position":0,"gender":"2","comparisonData":{"totalVotes":0,"votesTotalChange":6},"edid":12,"comparativeIndex":0.0,"electionDayVotesPercent":0.0,"nominatorAbbr":{"fi":"VAS","sv":"VF","en":"LEFT"}},{"age":34,"advanceVotesPercent":0.7,"lastname":"Shevchenko","occupation":"liiketalouden merkonomi, vastaanottovirkailija","advanceVotes":6,"npid":7,"totalVotes":6,"spid":3,"abbr":"PS","municipalCouncilor":false,"muid":765,"alid":6,"firstname":"Anna","electionDayVotes":0,"pid":"23","finalPosition":0,"electedInformation":"NOT_ELECTED","totalVotesPercent":0.7,"nominatorName":{"fi":"Perussuomalaiset","sv":"Sannfinländarna","en":"The Finns Party"},"caid":86,"position":0,"gender":"2","comparisonData":{"totalVotes":0,"votesTotalChange":6},"edid":12,"comparativeIndex":0.0,"electionDayVotesPercent":0.0,"nominatorAbbr":{"fi":"PS","sv":"Sannf","en":"FINNS"}},{"age":68,"advanceVotesPercent":0.6,"lastname":"Korhonen","occupation":"rajavartija evp","advanceVotes":5,"npid":1,"totalVotes":5,"spid":2,"abbr":"KOK","municipalCouncilor":false,"muid":765,"alid":1,"firstname":"Matti","electionDayVotes":0,"pid":"4","finalPosition":0,"electedInformation":"ON_SUBSTITUTE_PLACE","totalVotesPercent":0.6,"nominatorName":{"fi":"Kansallinen Kokoomus","sv":"Samlingspartiet","en":"National Coalition Party"},"caid":7,"position":0,"gender":"1","comparisonData":{"totalVotes":50,"votesTotalChange":-45},"edid":12,"comparativeIndex":0.0,"electionDayVotesPercent":0.0,"nominatorAbbr":{"fi":"KOK","sv":"Saml","en":"NCP"}},{"age":71,"advanceVotesPercent":0.6,"lastname":"Sarparanta","occupation":"eläkeläinen, liikunnanohjaaja","advanceVotes":5,"npid":1,"totalVotes":5,"spid":2,"abbr":"KOK","municipalCouncilor":true,"muid":765,"alid":1,"firstname":"Vesa-Pekka","electionDayVotes":0,"pid":"4","finalPosition":0,"electedInformation":"ON_SUBSTITUTE_PLACE","totalVotesPercent":0.6,"nominatorName":{"fi":"Kansallinen Kokoomus","sv":"Samlingspartiet","en":"National Coalition Party"},"caid":16,"position":0,"gender":"1","comparisonData":{"totalVotes":53,"votesTotalChange":-48},"edid":12,"comparativeIndex":0.0,"electionDayVotesPercent":0.0,"nominatorAbbr":{"fi":"KOK","sv":"Saml","en":"NCP"}},{"age":61,"advanceVotesPercent":0.6,"lastname":"Hakkarainen","occupation":"päiväkodinjohtaja","advanceVotes":5,"npid":2,"totalVotes":5,"spid":1,"abbr":"KESK","municipalCouncilor":false,"muid":765,"alid":2,"firstname":"Annikki","electionDayVotes":0,"pid":"2","finalPosition":0,"electedInformation":"ON_SUBSTITUTE_PLACE","totalVotesPercent":0.6,"nominatorName":{"fi":"Suomen Keskusta","sv":"Centern i Finland","en":"Centre Party of Finland"},"caid":23,"position":0,"gender":"2","comparisonData":{"totalVotes":43,"votesTotalChange":-38},"edid":12,"comparativeIndex":0.0,"electionDayVotesPercent":0.0,"nominatorAbbr":{"fi":"KESK","sv":"C","en":"CENT"}},{"age":59,"advanceVotesPercent":0.6,"lastname":"Hakkarainen","occupation":"koneistaja","advanceVotes":5,"npid":2,"totalVotes":5,"spid":1,"abbr":"KESK","municipalCouncilor":false,"muid":765,"alid":2,"firstname":"Ari","electionDayVotes":0,"pid":"2","finalPosition":0,"electedInformation":"ON_SUBSTITUTE_PLACE","totalVotesPercent":0.6,"nominatorName":{"fi":"Suomen Keskusta","sv":"Centern i Finland","en":"Centre Party of Finland"},"caid":24,"position":0,"gender":"1","comparisonData":{"totalVotes":0,"votesTotalChange":5},"edid":12,"comparativeIndex":0.0,"electionDayVotesPercent":0.0,"nominatorAbbr":{"fi":"KESK","sv":"C","en":"CENT"}},{"age":40,"advanceVotesPercent":0.6,"lastname":"Härkönen","occupation":"ohjelmistosuunnittelija, filosofian maisteri","advanceVotes":5,"npid":2,"totalVotes":5,"spid":1,"abbr":"KESK","municipalCouncilor":false,"muid":765,"alid":2,"firstname":"Johanna","electionDayVotes":0,"pid":"2","finalPosition":0,"electedInformation":"ON_SUBSTITUTE_PLACE","totalVotesPercent":0.6,"nominatorName":{"fi":"Suomen Keskusta","sv":"Centern i Finland","en":"Centre Party of Finland"},"caid":29,"position":0,"gender":"2","comparisonData":{"totalVotes":0,"votesTotalChange":5},"edid":12,"comparativeIndex":0.0,"electionDayVotesPercent":0.0,"nominatorAbbr":{"fi":"KESK","sv":"C","en":"CENT"}},{"age":66,"advanceVotesPercent":0.6,"lastname":"Meriläinen","occupation":"myyntineuvottelija","advanceVotes":5,"npid":2,"totalVotes":5,"spid":1,"abbr":"KESK","municipalCouncilor":false,"muid":765,"alid":2,"firstname":"Margareta","electionDayVotes":0,"pid":"2","finalPosition":0,"electedInformation":"ON_SUBSTITUTE_PLACE","totalVotesPercent":0.6,"nominatorName":{"fi":"Suomen Keskusta","sv":"Centern i Finland","en":"Centre Party of Finland"},"caid":44,"position":0,"gender":"2","comparisonData":{"totalVotes":15,"votesTotalChange":-10},"edid":12,"comparativeIndex":0.0,"electionDayVotesPercent":0.0,"nominatorAbbr":{"fi":"KESK","sv":"C","en":"CENT"}},{"age":51,"advanceVotesPercent":0.6,"lastname":"Numminen","occupation":"sairaanhoitaja","advanceVotes":5,"npid":2,"totalVotes":5,"spid":1,"abbr":"KESK","municipalCouncilor":false,"muid":765,"alid":2,"firstname":"Johanna","electionDayVotes":0,"pid":"2","finalPosition":0,"electedInformation":"NOT_ELECTED","totalVotesPercent":0.6,"nominatorName":{"fi":"Suomen Keskusta","sv":"Centern i Finland","en":"Centre Party of Finland"},"caid":47,"position":0,"gender":"2","comparisonData":{"totalVotes":0,"votesTotalChange":5},"edid":12,"comparativeIndex":0.0,"electionDayVotesPercent":0.0,"nominatorAbbr":{"fi":"KESK","sv":"C","en":"CENT"}},{"age":64,"advanceVotesPercent":0.5,"lastname":"Aaltonen","occupation":"aluekehitysasiantuntija","advanceVotes":4,"npid":2,"totalVotes":4,"spid":1,"abbr":"KESK","municipalCouncilor":true,"muid":765,"alid":2,"firstname":"Helena","electionDayVotes":0,"pid":"2","finalPosition":0,"electedInformation":"ON_SUBSTITUTE_PLACE","totalVotesPercent":0.5,"nominatorName":{"fi":"Suomen Keskusta","sv":"Centern i Finland","en":"Centre Party of Finland"},"caid":22,"position":0,"gender":"2","comparisonData":{"totalVotes":50,"votesTotalChange":-46},"edid":12,"comparativeIndex":0.0,"electionDayVotesPercent":0.0,"nominatorAbbr":{"fi":"KESK","sv":"C","en":"CENT"}},{"age":40,"advanceVotesPercent":0.5,"lastname":"Mustakangas","occupation":"agronomi, maatalousyrittäjä","advanceVotes":4,"npid":2,"totalVotes":4,"spid":1,"abbr":"KESK","municipalCouncilor":false,"muid":765,"alid":2,"firstname":"Ella","electionDayVotes":0,"pid":"2","finalPosition":0,"electedInformation":"ELECTED","totalVotesPercent":0.5,"nominatorName":{"fi":"Suomen Keskusta","sv":"Centern i Finland","en":"Centre Party of Finland"},"caid":45,"position":0,"gender":"2","comparisonData":{"totalVotes":0,"votesTotalChange":4},"edid":12,"comparativeIndex":0.0,"electionDayVotesPercent":0.0,"nominatorAbbr":{"fi":"KESK","sv":"C","en":"CENT"}},{"age":63,"advanceVotesPercent":0.5,"lastname":"Kemppainen","occupation":"työehtoasiantuntija","advanceVotes":4,"npid":4,"totalVotes":4,"spid":4,"abbr":"SDP","municipalCouncilor":false,"muid":765,"alid":4,"firstname":"Markku","electionDayVotes":0,"pid":"1","finalPosition":0,"electedInformation":"ON_SUBSTITUTE_PLACE","totalVotesPercent":0.5,"nominatorName":{"fi":"Suomen Sosialidemokraattinen Puolue","sv":"Finlands Socialdemokratiska Parti","en":"The Finnish Social Democratic Party"},"caid":71,"position":0,"gender":"1","comparisonData":{"totalVotes":0,"votesTotalChange":4},"edid":12,"comparativeIndex":0.0,"electionDayVotesPercent":0.0,"nominatorAbbr":{"fi":"SDP","sv":"SDP","en":"SDP"}},{"age":66,"advanceVotesPercent":0.5,"lastname":"Nousiainen","occupation":"asentaja","advanceVotes":4,"npid":4,"totalVotes":4,"spid":4,"abbr":"SDP","municipalCouncilor":false,"muid":765,"alid":4,"firstname":"Pekka","electionDayVotes":0,"pid":"1","finalPosition":0,"electedInformation":"ON_SUBSTITUTE_PLACE","totalVotesPercent":0.5,"nominatorName":{"fi":"Suomen Sosialidemokraattinen Puolue","sv":"Finlands Socialdemokratiska Parti","en":"The Finnish Social Democratic Party"},"caid":72,"position":0,"gender":"1","comparisonData":{"totalVotes":36,"votesTotalChange":-32},"edid":12,"comparativeIndex":0.0,"electionDayVotesPercent":0.0,"nominatorAbbr":{"fi":"SDP","sv":"SDP","en":"SDP"}},{"age":56,"advanceVotesPercent":0.4,"lastname":"Leppävuori","occupation":"filosofian maisteri, opettaja","advanceVotes":3,"npid":1,"totalVotes":3,"spid":2,"abbr":"KOK","municipalCouncilor":false,"muid":765,"alid":1,"firstname":"Kirsi","electionDayVotes":0,"pid":"4","finalPosition":0,"electedInformation":"NOT_ELECTED","totalVotesPercent":0.4,"nominatorName":{"fi":"Kansallinen Kokoomus","sv":"Samlingspartiet","en":"National Coalition Party"},"caid":11,"position":0,"gender":"2","comparisonData":{"totalVotes":0,"votesTotalChange":3},"edid":12,"comparativeIndex":0.0,"electionDayVotesPercent":0.0,"nominatorAbbr":{"fi":"KOK","sv":"Saml","en":"NCP"}},{"age":41,"advanceVotesPercent":0.4,"lastname":"Penttinen","occupation":"optikkoyrittäjä","advanceVotes":3,"npid":1,"totalVotes":3,"spid":2,"abbr":"KOK","municipalCouncilor":false,"muid":765,"alid":1,"firstname":"Outi","electionDayVotes":0,"pid":"4","finalPosition":0,"electedInformation":"ON_SUBSTITUTE_PLACE","totalVotesPercent":0.4,"nominatorName":{"fi":"Kansallinen Kokoomus","sv":"Samlingspartiet","en":"National Coalition Party"},"caid":13,"position":0,"gender":"2","comparisonData":{"totalVotes":46,"votesTotalChange":-43},"edid":12,"comparativeIndex":0.0,"electionDayVotesPercent":0.0,"nominatorAbbr":{"fi":"KOK","sv":"Saml","en":"NCP"}},{"age":35,"advanceVotesPercent":0.4,"lastname":"Ruuskanen","occupation":"yrittäjä","advanceVotes":3,"npid":1,"totalVotes":3,"spid":2,"abbr":"KOK","municipalCouncilor":false,"muid":765,"alid":1,"firstname":"Nita","electionDayVotes":0,"pid":"4","finalPosition":0,"electedInformation":"NOT_ELECTED","totalVotesPercent":0.4,"nominatorName":{"fi":"Kansallinen Kokoomus","sv":"Samlingspartiet","en":"National Coalition Party"},"caid":15,"position":0,"gender":"2","comparisonData":{"totalVotes":0,"votesTotalChange":3},"edid":12,"comparativeIndex":0.0,"electionDayVotesPercent":0.0,"nominatorAbbr":{"fi":"KOK","sv":"Saml","en":"NCP"}},{"age":52,"advanceVotesPercent":0.4,"lastname":"Kela","occupation":"toimitusjohtaja","advanceVotes":3,"npid":2,"totalVotes":3,"spid":1,"abbr":"KESK","municipalCouncilor":false,"muid":765,"alid":2,"firstname":"Antti","electionDayVotes":0,"pid":"2","finalPosition":0,"electedInformation":"ON_SUBSTITUTE_PLACE","totalVotesPercent":0.4,"nominatorName":{"fi":"Suomen Keskusta","sv":"Centern i Finland","en":"Centre Party of Finland"},"caid":30,"position":0,"gender":"1","comparisonData":{"totalVotes":0,"votesTotalChange":3},"edid":12,"comparativeIndex":0.0,"electionDayVotesPercent":0.0,"nominatorAbbr":{"fi":"KESK","sv":"C","en":"CENT"}},{"age":32,"advanceVotesPercent":0.4,"lastname":"Khakhulina","occupation":"vastaanottovirkailija, kielten opettaja","advanceVotes":3,"npid":2,"totalVotes":3,"spid":1,"abbr":"KESK","municipalCouncilor":false,"muid":765,"alid":2,"firstname":"Natalia","electionDayVotes":0,"pid":"2","finalPosition":0,"electedInformation":"NOT_ELECTED","totalVotesPercent":0.4,"nominatorName":{"fi":"Suomen Keskusta","sv":"Centern i Finland","en":"Centre Party of Finland"},"caid":31,"position":0,"gender":"2","comparisonData":{"totalVotes":0,"votesTotalChange":3},"edid":12,"comparativeIndex":0.0,"electionDayVotesPercent":0.0,"nominatorAbbr":{"fi":"KESK","sv":"C","en":"CENT"}},{"age":46,"advanceVotesPercent":0.4,"lastname":"Pääkkönen","occupation":"lähihoitajaopiskelija","advanceVotes":3,"npid":6,"totalVotes":3,"spid":8,"abbr":"KD","municipalCouncilor":false,"muid":765,"alid":5,"firstname":"Riitta","electionDayVotes":0,"pid":"9","finalPosition":0,"electedInformation":"NOT_ELECTED","totalVotesPercent":0.4,"nominatorName":{"fi":"Suomen Kristillisdemokraatit (KD)","sv":"Kristdemokraterna i Finland (KD)","en":"Christian Democrats in Finland"},"caid":77,"position":0,"gender":"2","comparisonData":{"totalVotes":0,"votesTotalChange":3},"edid":12,"comparativeIndex":0.0,"electionDayVotesPercent":0.0,"nominatorAbbr":{"fi":"KD","sv":"KD","en":"CD"}},{"age":28,"advanceVotesPercent":0.4,"lastname":"Heikkinen","occupation":"koneenkuljettaja","advanceVotes":3,"npid":7,"totalVotes":3,"spid":3,"abbr":"PS","municipalCouncilor":true,"muid":765,"alid":6,"firstname":"Tommi","electionDayVotes":0,"pid":"23","finalPosition":0,"electedInformation":"ON_SUBSTITUTE_PLACE","totalVotesPercent":0.4,"nominatorName":{"fi":"Perussuomalaiset","sv":"Sannfinländarna","en":"The Finns Party"},"caid":80,"position":0,"gender":"1","comparisonData":{"totalVotes":52,"votesTotalChange":-49},"edid":12,"comparativeIndex":0.0,"electionDayVotesPercent":0.0,"nominatorAbbr":{"fi":"PS","sv":"Sannf","en":"FINNS"}},{"age":53,"advanceVotesPercent":0.4,"lastname":"Karppanen","occupation":"vartija, työsuojeluasiamies","advanceVotes":3,"npid":7,"totalVotes":3,"spid":3,"abbr":"PS","municipalCouncilor":false,"muid":765,"alid":6,"firstname":"Ari","electionDayVotes":0,"pid":"23","finalPosition":0,"electedInformation":"NOT_ELECTED","totalVotesPercent":0.4,"nominatorName":{"fi":"Perussuomalaiset","sv":"Sannfinländarna","en":"The Finns Party"},"caid":82,"position":0,"gender":"1","comparisonData":{"totalVotes":0,"votesTotalChange":3},"edid":12,"comparativeIndex":0.0,"electionDayVotesPercent":0.0,"nominatorAbbr":{"fi":"PS","sv":"Sannf","en":"FINNS"}},{"age":45,"advanceVotesPercent":0.4,"lastname":"Lipponen","occupation":"turvallisuustyöntekijä, opiskelija","advanceVotes":3,"npid":7,"totalVotes":3,"spid":3,"abbr":"PS","municipalCouncilor":false,"muid":765,"alid":6,"firstname":"Marko","electionDayVotes":0,"pid":"23","finalPosition":0,"electedInformation":"NOT_ELECTED","totalVotesPercent":0.4,"nominatorName":{"fi":"Perussuomalaiset","sv":"Sannfinländarna","en":"The Finns Party"},"caid":84,"position":0,"gender":"1","comparisonData":{"totalVotes":22,"votesTotalChange":-19},"edid":12,"comparativeIndex":0.0,"electionDayVotesPercent":0.0,"nominatorAbbr":{"fi":"PS","sv":"Sannf","en":"FINNS"}},{"age":53,"advanceVotesPercent":0.2,"lastname":"Klemetti","occupation":"yrittäjä","advanceVotes":2,"npid":2,"totalVotes":2,"spid":1,"abbr":"KESK","municipalCouncilor":false,"muid":765,"alid":2,"firstname":"Juhani","electionDayVotes":0,"pid":"2","finalPosition":0,"electedInformation":"NOT_ELECTED","totalVotesPercent":0.2,"nominatorName":{"fi":"Suomen Keskusta","sv":"Centern i Finland","en":"Centre Party of Finland"},"caid":32,"position":0,"gender":"1","comparisonData":{"totalVotes":0,"votesTotalChange":2},"edid":12,"comparativeIndex":0.0,"electionDayVotesPercent":0.0,"nominatorAbbr":{"fi":"KESK","sv":"C","en":"CENT"}},{"age":33,"advanceVotesPercent":0.2,"lastname":"Lukkari","occupation":"luokanopettaja, kasvatustieteen maisteri","advanceVotes":2,"npid":2,"totalVotes":2,"spid":1,"abbr":"KESK","municipalCouncilor":false,"muid":765,"alid":2,"firstname":"Matti","electionDayVotes":0,"pid":"2","finalPosition":0,"electedInformation":"ON_SUBSTITUTE_PLACE","totalVotesPercent":0.2,"nominatorName":{"fi":"Suomen Keskusta","sv":"Centern i Finland","en":"Centre Party of Finland"},"caid":40,"position":0,"gender":"1","comparisonData":{"totalVotes":0,"votesTotalChange":2},"edid":12,"comparativeIndex":0.0,"electionDayVotesPercent":0.0,"nominatorAbbr":{"fi":"KESK","sv":"C","en":"CENT"}},{"age":68,"advanceVotesPercent":0.2,"lastname":"Pasanen","occupation":"eläkeläinen, kirvesmies","advanceVotes":2,"npid":3,"totalVotes":2,"spid":6,"abbr":"VAS","municipalCouncilor":false,"muid":765,"alid":3,"firstname":"Antero","electionDayVotes":0,"pid":"15","finalPosition":0,"electedInformation":"ON_SUBSTITUTE_PLACE","totalVotesPercent":0.2,"nominatorName":{"fi":"Vasemmistoliitto","sv":"Vänsterförbundet","en":"The Left Alliance"},"caid":61,"position":0,"gender":"1","comparisonData":{"totalVotes":0,"votesTotalChange":2},"edid":12,"comparativeIndex":0.0,"electionDayVotesPercent":0.0,"nominatorAbbr":{"fi":"VAS","sv":"VF","en":"LEFT"}},{"age":60,"advanceVotesPercent":0.2,"lastname":"Rönkkö","occupation":"kirvesmies","advanceVotes":2,"npid":3,"totalVotes":2,"spid":6,"abbr":"VAS","municipalCouncilor":false,"muid":765,"alid":3,"firstname":"Esko","electionDayVotes":0,"pid":"15","finalPosition":0,"electedInformation":"NOT_ELECTED","totalVotesPercent":0.2,"nominatorName":{"fi":"Vasemmistoliitto","sv":"Vänsterförbundet","en":"The Left Alliance"},"caid":63,"position":0,"gender":"1","comparisonData":{"totalVotes":0,"votesTotalChange":2},"edid":12,"comparativeIndex":0.0,"electionDayVotesPercent":0.0,"nominatorAbbr":{"fi":"VAS","sv":"VF","en":"LEFT"}},{"age":55,"advanceVotesPercent":0.2,"lastname":"Tervo","occupation":"konsulentti, siistijä","advanceVotes":2,"npid":3,"totalVotes":2,"spid":6,"abbr":"VAS","municipalCouncilor":false,"muid":765,"alid":3,"firstname":"Riitta","electionDayVotes":0,"pid":"15","finalPosition":0,"electedInformation":"ON_SUBSTITUTE_PLACE","totalVotesPercent":0.2,"nominatorName":{"fi":"Vasemmistoliitto","sv":"Vänsterförbundet","en":"The Left Alliance"},"caid":66,"position":0,"gender":"2","comparisonData":{"totalVotes":0,"votesTotalChange":2},"edid":12,"comparativeIndex":0.0,"electionDayVotesPercent":0.0,"nominatorAbbr":{"fi":"VAS","sv":"VF","en":"LEFT"}},{"age":52,"advanceVotesPercent":0.2,"lastname":"Sirviö","occupation":"yrittäjä","advanceVotes":2,"npid":6,"totalVotes":2,"spid":8,"abbr":"KD","municipalCouncilor":false,"muid":765,"alid":5,"firstname":"Ismo","electionDayVotes":0,"pid":"9","finalPosition":0,"electedInformation":"NOT_ELECTED","totalVotesPercent":0.2,"nominatorName":{"fi":"Suomen Kristillisdemokraatit (KD)","sv":"Kristdemokraterna i Finland (KD)","en":"Christian Democrats in Finland"},"caid":78,"position":0,"gender":"1","comparisonData":{"totalVotes":10,"votesTotalChange":-8},"edid":12,"comparativeIndex":0.0,"electionDayVotesPercent":0.0,"nominatorAbbr":{"fi":"KD","sv":"KD","en":"CD"}},{"age":20,"advanceVotesPercent":0.2,"lastname":"Karjalainen","occupation":"merkonomi, karaokejuontaja","advanceVotes":2,"npid":7,"totalVotes":2,"spid":3,"abbr":"PS","municipalCouncilor":false,"muid":765,"alid":6,"firstname":"Kira","electionDayVotes":0,"pid":"23","finalPosition":0,"electedInformation":"NOT_ELECTED","totalVotesPercent":0.2,"nominatorName":{"fi":"Perussuomalaiset","sv":"Sannfinländarna","en":"The Finns Party"},"caid":81,"position":0,"gender":"2","comparisonData":{"totalVotes":0,"votesTotalChange":2},"edid":12,"comparativeIndex":0.0,"electionDayVotesPercent":0.0,"nominatorAbbr":{"fi":"PS","sv":"Sannf","en":"FINNS"}},{"age":45,"advanceVotesPercent":0.2,"lastname":"Ritakallio-Knuutinen","occupation":"yrittäjä","advanceVotes":2,"npid":7,"totalVotes":2,"spid":3,"abbr":"PS","municipalCouncilor":true,"muid":765,"alid":6,"firstname":"Pirjo","electionDayVotes":0,"pid":"23","finalPosition":0,"electedInformation":"NOT_ELECTED","totalVotesPercent":0.2,"nominatorName":{"fi":"Perussuomalaiset","sv":"Sannfinländarna","en":"The Finns Party"},"caid":85,"position":0,"gender":"2","comparisonData":{"totalVotes":86,"votesTotalChange":-84},"edid":12,"comparativeIndex":0.0,"electionDayVotesPercent":0.0,"nominatorAbbr":{"fi":"PS","sv":"Sannf","en":"FINNS"}},{"age":63,"advanceVotesPercent":0.2,"lastname":"Suorsa","occupation":"eläkeläinen, metsuri","advanceVotes":2,"npid":7,"totalVotes":2,"spid":3,"abbr":"PS","municipalCouncilor":false,"muid":765,"alid":6,"firstname":"Valo","electionDayVotes":0,"pid":"23","finalPosition":0,"electedInformation":"NOT_ELECTED","totalVotesPercent":0.2,"nominatorName":{"fi":"Perussuomalaiset","sv":"Sannfinländarna","en":"The Finns Party"},"caid":88,"position":0,"gender":"1","comparisonData":{"totalVotes":41,"votesTotalChange":-39},"edid":12,"comparativeIndex":0.0,"electionDayVotesPercent":0.0,"nominatorAbbr":{"fi":"PS","sv":"Sannf","en":"FINNS"}},{"age":46,"advanceVotesPercent":0.1,"lastname":"Komulainen","occupation":"opistoupseeri, kapteeni","advanceVotes":1,"npid":1,"totalVotes":1,"spid":2,"abbr":"KOK","municipalCouncilor":false,"muid":765,"alid":1,"firstname":"Petri","electionDayVotes":0,"pid":"4","finalPosition":0,"electedInformation":"NOT_ELECTED","totalVotesPercent":0.1,"nominatorName":{"fi":"Kansallinen Kokoomus","sv":"Samlingspartiet","en":"National Coalition Party"},"caid":5,"position":0,"gender":"1","comparisonData":{"totalVotes":0,"votesTotalChange":1},"edid":12,"comparativeIndex":0.0,"electionDayVotesPercent":0.0,"nominatorAbbr":{"fi":"KOK","sv":"Saml","en":"NCP"}},{"age":55,"advanceVotesPercent":0.1,"lastname":"Laajala","occupation":"projektipäällikkö","advanceVotes":1,"npid":1,"totalVotes":1,"spid":2,"abbr":"KOK","municipalCouncilor":false,"muid":765,"alid":1,"firstname":"Pasi","electionDayVotes":0,"pid":"4","finalPosition":0,"electedInformation":"NOT_ELECTED","totalVotesPercent":0.1,"nominatorName":{"fi":"Kansallinen Kokoomus","sv":"Samlingspartiet","en":"National Coalition Party"},"caid":8,"position":0,"gender":"1","comparisonData":{"totalVotes":0,"votesTotalChange":1},"edid":12,"comparativeIndex":0.0,"electionDayVotesPercent":0.0,"nominatorAbbr":{"fi":"KOK","sv":"Saml","en":"NCP"}},{"age":63,"advanceVotesPercent":0.1,"lastname":"Toijonen","occupation":"sairaanhoitaja","advanceVotes":1,"npid":1,"totalVotes":1,"spid":2,"abbr":"KOK","municipalCouncilor":false,"muid":765,"alid":1,"firstname":"Timo","electionDayVotes":0,"pid":"4","finalPosition":0,"electedInformation":"NOT_ELECTED","totalVotesPercent":0.1,"nominatorName":{"fi":"Kansallinen Kokoomus","sv":"Samlingspartiet","en":"National Coalition Party"},"caid":18,"position":0,"gender":"1","comparisonData":{"totalVotes":30,"votesTotalChange":-29},"edid":12,"comparativeIndex":0.0,"electionDayVotesPercent":0.0,"nominatorAbbr":{"fi":"KOK","sv":"Saml","en":"NCP"}},{"age":40,"advanceVotesPercent":0.1,"lastname":"Värtö","occupation":"luonto-ohjaaja, yo-merkonomi","advanceVotes":1,"npid":1,"totalVotes":1,"spid":2,"abbr":"KOK","municipalCouncilor":false,"muid":765,"alid":1,"firstname":"Anna","electionDayVotes":0,"pid":"4","finalPosition":0,"electedInformation":"NOT_ELECTED","totalVotesPercent":0.1,"nominatorName":{"fi":"Kansallinen Kokoomus","sv":"Samlingspartiet","en":"National Coalition Party"},"caid":21,"position":0,"gender":"2","comparisonData":{"totalVotes":0,"votesTotalChange":1},"edid":12,"comparativeIndex":0.0,"electionDayVotesPercent":0.0,"nominatorAbbr":{"fi":"KOK","sv":"Saml","en":"NCP"}},{"age":50,"advanceVotesPercent":0.1,"lastname":"Hyvönen","occupation":"yrittäjä","advanceVotes":1,"npid":2,"totalVotes":1,"spid":1,"abbr":"KESK","municipalCouncilor":true,"muid":765,"alid":2,"firstname":"Timo","electionDayVotes":0,"pid":"2","finalPosition":0,"electedInformation":"ON_SUBSTITUTE_PLACE","totalVotesPercent":0.1,"nominatorName":{"fi":"Suomen Keskusta","sv":"Centern i Finland","en":"Centre Party of Finland"},"caid":28,"position":0,"gender":"1","comparisonData":{"totalVotes":95,"votesTotalChange":-94},"edid":12,"comparativeIndex":0.0,"electionDayVotesPercent":0.0,"nominatorAbbr":{"fi":"KESK","sv":"C","en":"CENT"}},{"age":48,"advanceVotesPercent":0.1,"lastname":"Kokkonen","occupation":"kouluavustaja","advanceVotes":1,"npid":2,"totalVotes":1,"spid":1,"abbr":"KESK","municipalCouncilor":false,"muid":765,"alid":2,"firstname":"Sarianne","electionDayVotes":0,"pid":"2","finalPosition":0,"electedInformation":"NOT_ELECTED","totalVotesPercent":0.1,"nominatorName":{"fi":"Suomen Keskusta","sv":"Centern i Finland","en":"Centre Party of Finland"},"caid":33,"position":0,"gender":"2","comparisonData":{"totalVotes":0,"votesTotalChange":1},"edid":12,"comparativeIndex":0.0,"electionDayVotesPercent":0.0,"nominatorAbbr":{"fi":"KESK","sv":"C","en":"CENT"}},{"age":55,"advanceVotesPercent":0.1,"lastname":"Lukkari","occupation":"erityisasiantuntija","advanceVotes":1,"npid":2,"totalVotes":1,"spid":1,"abbr":"KESK","municipalCouncilor":false,"muid":765,"alid":2,"firstname":"Tarja","electionDayVotes":0,"pid":"2","finalPosition":0,"electedInformation":"ON_SUBSTITUTE_PLACE","totalVotesPercent":0.1,"nominatorName":{"fi":"Suomen Keskusta","sv":"Centern i Finland","en":"Centre Party of Finland"},"caid":42,"position":0,"gender":"2","comparisonData":{"totalVotes":0,"votesTotalChange":1},"edid":12,"comparativeIndex":0.0,"electionDayVotesPercent":0.0,"nominatorAbbr":{"fi":"KESK","sv":"C","en":"CENT"}},{"age":67,"advanceVotesPercent":0.1,"lastname":"Suorsa","occupation":"eläkeläinen","advanceVotes":1,"npid":3,"totalVotes":1,"spid":6,"abbr":"VAS","municipalCouncilor":false,"muid":765,"alid":3,"firstname":"Tuomo","electionDayVotes":0,"pid":"15","finalPosition":0,"electedInformation":"NOT_ELECTED","totalVotesPercent":0.1,"nominatorName":{"fi":"Vasemmistoliitto","sv":"Vänsterförbundet","en":"The Left Alliance"},"caid":65,"position":0,"gender":"1","comparisonData":{"totalVotes":0,"votesTotalChange":1},"edid":12,"comparativeIndex":0.0,"electionDayVotesPercent":0.0,"nominatorAbbr":{"fi":"VAS","sv":"VF","en":"LEFT"}},{"age":64,"advanceVotesPercent":0.1,"lastname":"Liuski","occupation":"yrittäjä","advanceVotes":1,"npid":6,"totalVotes":1,"spid":8,"abbr":"KD","municipalCouncilor":false,"muid":765,"alid":5,"firstname":"Kalervo","electionDayVotes":0,"pid":"9","finalPosition":0,"electedInformation":"NOT_ELECTED","totalVotesPercent":0.1,"nominatorName":{"fi":"Suomen Kristillisdemokraatit (KD)","sv":"Kristdemokraterna i Finland (KD)","en":"Christian Democrats in Finland"},"caid":76,"position":0,"gender":"1","comparisonData":{"totalVotes":0,"votesTotalChange":1},"edid":12,"comparativeIndex":0.0,"electionDayVotesPercent":0.0,"nominatorAbbr":{"fi":"KD","sv":"KD","en":"CD"}},{"age":67,"advanceVotesPercent":0.1,"lastname":"Tolonen","occupation":"eläkeläinen, metsätilallinen","advanceVotes":1,"npid":7,"totalVotes":1,"spid":3,"abbr":"PS","municipalCouncilor":true,"muid":765,"alid":6,"firstname":"Vesa","electionDayVotes":0,"pid":"23","finalPosition":0,"electedInformation":"ELECTED","totalVotesPercent":0.1,"nominatorName":{"fi":"Perussuomalaiset","sv":"Sannfinländarna","en":"The Finns Party"},"caid":89,"position":0,"gender":"1","comparisonData":{"totalVotes":119,"votesTotalChange":-118},"edid":12,"comparativeIndex":0.0,"electionDayVotesPercent":0.0,"nominatorAbbr":{"fi":"PS","sv":"Sannf","en":"FINNS"}},{"age":46,"advanceVotesPercent":0.1,"lastname":"Uusi-Illikainen","occupation":"turvallisuusalan työntekijä, metsäkoneenkuljettaja","advanceVotes":1,"npid":7,"totalVotes":1,"spid":3,"abbr":"PS","municipalCouncilor":false,"muid":765,"alid":6,"firstname":"Mika","electionDayVotes":0,"pid":"23","finalPosition":0,"electedInformation":"NOT_ELECTED","totalVotesPercent":0.1,"nominatorName":{"fi":"Perussuomalaiset","sv":"Sannfinländarna","en":"The Finns Party"},"caid":91,"position":0,"gender":"1","comparisonData":{"totalVotes":0,"votesTotalChange":1},"edid":12,"comparativeIndex":0.0,"electionDayVotesPercent":0.0,"nominatorAbbr":{"fi":"PS","sv":"Sannf","en":"FINNS"}},{"age":18,"advanceVotesPercent":0.0,"lastname":"Kemppainen","occupation":"opiskelija","advanceVotes":0,"npid":1,"totalVotes":0,"spid":2,"abbr":"KOK","municipalCouncilor":false,"muid":765,"alid":1,"firstname":"Paavo","electionDayVotes":0,"pid":"4","finalPosition":0,"electedInformation":"NOT_ELECTED","totalVotesPercent":0.0,"nominatorName":{"fi":"Kansallinen Kokoomus","sv":"Samlingspartiet","en":"National Coalition Party"},"caid":3,"position":0,"gender":"1","comparisonData":{"totalVotes":0,"votesTotalChange":0},"edid":12,"comparativeIndex":0.0,"electionDayVotesPercent":0.0,"nominatorAbbr":{"fi":"KOK","sv":"Saml","en":"NCP"}},{"age":54,"advanceVotesPercent":0.0,"lastname":"Kemppainen","occupation":"eläkeläinen","advanceVotes":0,"npid":1,"totalVotes":0,"spid":2,"abbr":"KOK","municipalCouncilor":false,"muid":765,"alid":1,"firstname":"Petri","electionDayVotes":0,"pid":"4","finalPosition":0,"electedInformation":"NOT_ELECTED","totalVotesPercent":0.0,"nominatorName":{"fi":"Kansallinen Kokoomus","sv":"Samlingspartiet","en":"National Coalition Party"},"caid":4,"position":0,"gender":"1","comparisonData":{"totalVotes":17,"votesTotalChange":-17},"edid":12,"comparativeIndex":0.0,"electionDayVotesPercent":0.0,"nominatorAbbr":{"fi":"KOK","sv":"Saml","en":"NCP"}},{"age":61,"advanceVotesPercent":0.0,"lastname":"Suutari","occupation":"system-designer, myyntipäällikkö","advanceVotes":0,"npid":1,"totalVotes":0,"spid":2,"abbr":"KOK","municipalCouncilor":false,"muid":765,"alid":1,"firstname":"Esa","electionDayVotes":0,"pid":"4","finalPosition":0,"electedInformation":"NOT_ELECTED","totalVotesPercent":0.0,"nominatorName":{"fi":"Kansallinen Kokoomus","sv":"Samlingspartiet","en":"National Coalition Party"},"caid":17,"position":0,"gender":"1","comparisonData":{"totalVotes":16,"votesTotalChange":-16},"edid":12,"comparativeIndex":0.0,"electionDayVotesPercent":0.0,"nominatorAbbr":{"fi":"KOK","sv":"Saml","en":"NCP"}},{"age":44,"advanceVotesPercent":0.0,"lastname":"Lukkari","occupation":"elintarvikeyrittäjä","advanceVotes":0,"npid":2,"totalVotes":0,"spid":1,"abbr":"KESK","municipalCouncilor":false,"muid":765,"alid":2,"firstname":"Sirpa","electionDayVotes":0,"pid":"2","finalPosition":0,"electedInformation":"NOT_ELECTED","totalVotesPercent":0.0,"nominatorName":{"fi":"Suomen Keskusta","sv":"Centern i Finland","en":"Centre Party of Finland"},"caid":41,"position":0,"gender":"2","comparisonData":{"totalVotes":0,"votesTotalChange":0},"edid":12,"comparativeIndex":0.0,"electionDayVotesPercent":0.0,"nominatorAbbr":{"fi":"KESK","sv":"C","en":"CENT"}},{"age":63,"advanceVotesPercent":0.0,"lastname":"Oikarinen","occupation":"lehtori","advanceVotes":0,"npid":2,"totalVotes":0,"spid":1,"abbr":"KESK","municipalCouncilor":false,"muid":765,"alid":2,"firstname":"Pekka","electionDayVotes":0,"pid":"2","finalPosition":0,"electedInformation":"NOT_ELECTED","totalVotesPercent":0.0,"nominatorName":{"fi":"Suomen Keskusta","sv":"Centern i Finland","en":"Centre Party of Finland"},"caid":48,"position":0,"gender":"1","comparisonData":{"totalVotes":9,"votesTotalChange":-9},"edid":12,"comparativeIndex":0.0,"electionDayVotesPercent":0.0,"nominatorAbbr":{"fi":"KESK","sv":"C","en":"CENT"}},{"age":63,"advanceVotesPercent":0.0,"lastname":"Roivainen","occupation":"arkistosihteeri, eläkeläinen","advanceVotes":0,"npid":2,"totalVotes":0,"spid":1,"abbr":"KESK","municipalCouncilor":false,"muid":765,"alid":2,"firstname":"Arja","electionDayVotes":0,"pid":"2","finalPosition":0,"electedInformation":"ON_SUBSTITUTE_PLACE","totalVotesPercent":0.0,"nominatorName":{"fi":"Suomen Keskusta","sv":"Centern i Finland","en":"Centre Party of Finland"},"caid":50,"position":0,"gender":"2","comparisonData":{"totalVotes":0,"votesTotalChange":0},"edid":12,"comparativeIndex":0.0,"electionDayVotesPercent":0.0,"nominatorAbbr":{"fi":"KESK","sv":"C","en":"CENT"}},{"age":41,"advanceVotesPercent":0.0,"lastname":"Räisänen","occupation":"yrittäjä","advanceVotes":0,"npid":2,"totalVotes":0,"spid":1,"abbr":"KESK","municipalCouncilor":false,"muid":765,"alid":2,"firstname":"Pauliina","electionDayVotes":0,"pid":"2","finalPosition":0,"electedInformation":"NOT_ELECTED","totalVotesPercent":0.0,"nominatorName":{"fi":"Suomen Keskusta","sv":"Centern i Finland","en":"Centre Party of Finland"},"caid":51,"position":0,"gender":"2","comparisonData":{"totalVotes":10,"votesTotalChange":-10},"edid":12,"comparativeIndex":0.0,"electionDayVotesPercent":0.0,"nominatorAbbr":{"fi":"KESK","sv":"C","en":"CENT"}},{"age":52,"advanceVotesPercent":0.0,"lastname":"Sirviö","occupation":"yrittäjä, työfysioterapeutti","advanceVotes":0,"npid":2,"totalVotes":0,"spid":1,"abbr":"KESK","municipalCouncilor":false,"muid":765,"alid":2,"firstname":"Elina","electionDayVotes":0,"pid":"2","finalPosition":0,"electedInformation":"NOT_ELECTED","totalVotesPercent":0.0,"nominatorName":{"fi":"Suomen Keskusta","sv":"Centern i Finland","en":"Centre Party of Finland"},"caid":53,"position":0,"gender":"2","comparisonData":{"totalVotes":0,"votesTotalChange":0},"edid":12,"comparativeIndex":0.0,"electionDayVotesPercent":0.0,"nominatorAbbr":{"fi":"KESK","sv":"C","en":"CENT"}},{"age":59,"advanceVotesPercent":0.0,"lastname":"Hänninen","occupation":"koneasentaja","advanceVotes":0,"npid":4,"totalVotes":0,"spid":4,"abbr":"SDP","municipalCouncilor":false,"muid":765,"alid":4,"firstname":"Lauri","electionDayVotes":0,"pid":"1","finalPosition":0,"electedInformation":"NOT_ELECTED","totalVotesPercent":0.0,"nominatorName":{"fi":"Suomen Sosialidemokraattinen Puolue","sv":"Finlands Socialdemokratiska Parti","en":"The Finnish Social Democratic Party"},"caid":70,"position":0,"gender":"1","comparisonData":{"totalVotes":15,"votesTotalChange":-15},"edid":12,"comparativeIndex":0.0,"electionDayVotesPercent":0.0,"nominatorAbbr":{"fi":"SDP","sv":"SDP","en":"SDP"}},{"age":18,"advanceVotesPercent":0.0,"lastname":"Sirviö","occupation":"opiskelija","advanceVotes":0,"npid":7,"totalVotes":0,"spid":3,"abbr":"PS","municipalCouncilor":false,"muid":765,"alid":6,"firstname":"Joni","electionDayVotes":0,"pid":"23","finalPosition":0,"electedInformation":"NOT_ELECTED","totalVotesPercent":0.0,"nominatorName":{"fi":"Perussuomalaiset","sv":"Sannfinländarna","en":"The Finns Party"},"caid":87,"position":0,"gender":"1","comparisonData":{"totalVotes":0,"votesTotalChange":0},"edid":12,"comparativeIndex":0.0,"electionDayVotesPercent":0.0,"nominatorAbbr":{"fi":"PS","sv":"Sannf","en":"FINNS"}}],"municipalityPollingDistricts":[{"name":{"fi":"Akkoniemi","sv":"Akkoniemi"},"calculationStatusPercent":52.4,"joinedArea":false,"muid":765,"totalVotingInFinlandTurnout":0.0,"identification":"001","pdid":"001","eligibleVotersInFinlandTotal":2673,"edid":12,"mergedToPdid":""},{"name":{"fi":"Kirkonkylä","sv":"Kirkonkylä"},"calculationStatusPercent":51.0,"joinedArea":false,"muid":765,"totalVotingInFinlandTurnout":0.0,"identification":"002","pdid":"002","eligibleVotersInFinlandTotal":2250,"edid":12,"mergedToPdid":""},{"name":{"fi":"Vuokatti","sv":"Vuokatti"},"calculationStatusPercent":46.8,"joinedArea":false,"muid":765,"totalVotingInFinlandTurnout":0.0,"identification":"003","pdid":"003","eligibleVotersInFinlandTotal":2676,"edid":12,"mergedToPdid":""},{"name":{"fi":"Naapurinvaara","sv":"Naapurinvaara"},"calculationStatusPercent":52.7,"joinedArea":false,"muid":765,"totalVotingInFinlandTurnout":0.0,"identification":"004","pdid":"004","eligibleVotersInFinlandTotal":845,"edid":12,"mergedToPdid":""}],"municipality":{"muid":765,"edid":12,"name":{"fi":"Sotkamo","sv":"Sotkamo"}}}