{"version":60,"created":"2017-04-09T21:47:40.151Z","electionDetails":{"electionId":"kv2017","electionDate":"2017-04-09T00:00:00.000Z","electionDataPublishTime":"2017-04-09T17:00:00.000Z","name":{"fi":"Kuntavaalit 2017","sv":"Kommunalval 2017","en":"Elections 2017"},"previousElections":{"correspondingCompareElection":{"electionId":"kv2012","electionDate":"2012-10-28T00:00:00.000Z","name":{"fi":"Kuntavaalit 2012","en":"Municipal elections 2012","sv":"Kommunalval 2012"}},"otherCompareElection":{"electionId":"ev2015","electionDate":"2015-04-19T00:00:00.000Z","name":{"fi":"Eduskuntavaalit 2015","en":"Parliamentary election 2015","sv":"Riksdagsval 2015"}}}},"calculationStatus":{"electionDayVotingTurnout":60.0,"invalidAdvanceVotes":0,"calculationPhase":"INITIAL","invalidElectionDayVotes":2,"approvedAdvanceVotes":217,"advanceVotingTurnout":18.7,"totalVotingTurnoutAbroad":0.0,"name":{"fi":"Risö","sv":"Risö"},"calculationStatusPercent":100.0,"advanceVotes":217,"electionDayVotingTurnoutAbroad":0.0,"approvedTotalVotes":913,"totalVotes":915,"muid":440,"totalVotingInFinlandTurnout":78.7,"advanceVotingTurnoutAbroad":0.0,"invalidTotalVotes":2,"totalVotingTurnout":78.7,"electionDayVotes":698,"electionDayVotesInFinland":698,"pdid":"001","totalVotesInFinlandMen":0,"eligibleVotersInFinlandTotal":1163,"calculationStatusPercentElectionDayVotes":100.0,"sourceRecordModificationTime":"20170409214017","otherCompareElection":{"eid":"","eligibleVotersInFinlandTotal":0,"advanceVotingInFinlandTurnout":0.0,"electionDayVotingInFinlandTurnout":0.0,"totalVotingInFinlandTurnout":0.0,"approvedVotesTotal":0,"invalidVotesTotal":0},"correspondingCompareElection":{"eid":"","eligibleVotersInFinlandTotal":0,"advanceVotingInFinlandTurnout":0.0,"electionDayVotingInFinlandTurnout":0.0,"totalVotingInFinlandTurnout":0.0,"approvedVotesTotal":0,"invalidVotesTotal":0,"seats":0},"approvedElectionDayVotes":696,"edid":10,"calculationStatusPercentAdvanceVotes":100.0,"electionDayVotingInFinlandTurnout":60.0,"seats":0,"eligibleVotersTotal":1163,"advanceVotesInFinland":217,"advanceVotingInFinlandTurnout":18.7,"totalVotesInFinland":915},"partyResults":[{"advanceVotesPercent":30.4,"name":{"fi":"Suomen Kristillisdemokraatit (KD)","sv":"Kristdemokraterna i Finland (KD)","en":"Christian Democrats in Finland"},"advanceVotes":66,"npid":2,"totalVotes":384,"spid":8,"abbr":{"fi":"KD","sv":"KD","en":"CD"},"alid":2,"electionDayVotes":318,"pid":"9","totalVotesPercent":42.1,"nominatorName":{"fi":"Suomen Kristillisdemokraatit (KD)","sv":"Kristdemokraterna i Finland (KD)","en":"Christian Democrats in Finland"},"compareData":{"otherCompareElection":{"votesTotalChange":0,"votesTotalPercentChange":0.0,"votesTotal":384,"votesTotalPercent":42.1},"correspondingCompareElection":{"votesTotalChange":0,"votesTotalPercentChange":0.0,"seatChange":0,"votesTotal":384,"votesTotalPercent":42.1,"seatsTotal":0}},"seats":0,"electionDayVotesPercent":45.7,"nominatorAbbr":{"fi":"KD","sv":"KD","en":"CD"}},{"advanceVotesPercent":39.6,"name":{"fi":"Suomen ruotsalainen kansanpuolue","sv":"Svenska folkpartiet i Finland","en":"Swedish People's Party in Finland"},"advanceVotes":86,"npid":4,"totalVotes":338,"spid":7,"abbr":{"fi":"RKP","sv":"SFP","en":"SPP"},"alid":4,"electionDayVotes":252,"pid":"5","totalVotesPercent":37.0,"nominatorName":{"fi":"Suomen ruotsalainen kansanpuolue","sv":"Svenska folkpartiet i Finland","en":"Swedish People's Party in Finland"},"compareData":{"otherCompareElection":{"votesTotalChange":0,"votesTotalPercentChange":0.0,"votesTotal":338,"votesTotalPercent":37.0},"correspondingCompareElection":{"votesTotalChange":0,"votesTotalPercentChange":0.0,"seatChange":0,"votesTotal":338,"votesTotalPercent":37.0,"seatsTotal":0}},"seats":0,"electionDayVotesPercent":36.2,"nominatorAbbr":{"fi":"RKP","sv":"SFP","en":"SPP"}},{"advanceVotesPercent":29.5,"name":{"fi":"Suomen Sosialidemokraattinen Puolue","sv":"Finlands Socialdemokratiska Parti","en":"The Finnish Social Democratic Party"},"advanceVotes":64,"npid":1,"totalVotes":184,"spid":4,"abbr":{"fi":"SDP","sv":"SDP","en":"SDP"},"alid":1,"electionDayVotes":120,"pid":"1","totalVotesPercent":20.2,"nominatorName":{"fi":"Suomen Sosialidemokraattinen Puolue","sv":"Finlands Socialdemokratiska Parti","en":"The Finnish Social Democratic Party"},"compareData":{"otherCompareElection":{"votesTotalChange":0,"votesTotalPercentChange":0.0,"votesTotal":184,"votesTotalPercent":20.2},"correspondingCompareElection":{"votesTotalChange":0,"votesTotalPercentChange":0.0,"seatChange":0,"votesTotal":184,"votesTotalPercent":20.2,"seatsTotal":0}},"seats":0,"electionDayVotesPercent":17.2,"nominatorAbbr":{"fi":"SDP","sv":"SDP","en":"SDP"}},{"advanceVotesPercent":0.5,"name":{"fi":"Suomen Keskusta","sv":"Centern i Finland","en":"Centre Party of Finland"},"advanceVotes":1,"npid":3,"totalVotes":7,"spid":1,"abbr":{"fi":"KESK","sv":"C","en":"CENT"},"alid":3,"electionDayVotes":6,"pid":"2","totalVotesPercent":0.8,"nominatorName":{"fi":"Suomen Keskusta","sv":"Centern i Finland","en":"Centre Party of Finland"},"compareData":{"otherCompareElection":{"votesTotalChange":0,"votesTotalPercentChange":0.0,"votesTotal":7,"votesTotalPercent":0.8},"correspondingCompareElection":{"votesTotalChange":0,"votesTotalPercentChange":0.0,"seatChange":0,"votesTotal":7,"votesTotalPercent":0.8,"seatsTotal":0}},"seats":0,"electionDayVotesPercent":0.9,"nominatorAbbr":{"fi":"KESK","sv":"C","en":"CENT"}}],"candidateResults":[{"age":51,"advanceVotesPercent":15.7,"lastname":"Stenman","occupation":"VD","advanceVotes":34,"npid":4,"totalVotes":120,"spid":7,"abbr":"RKP","municipalCouncilor":true,"muid":440,"alid":4,"firstname":"Ulf","electionDayVotes":86,"pid":"5","finalPosition":0,"electedInformation":"ELECTED","totalVotesPercent":13.1,"nominatorName":{"fi":"Suomen ruotsalainen kansanpuolue","sv":"Svenska folkpartiet i Finland","en":"Swedish People's Party in Finland"},"caid":76,"position":0,"gender":"1","comparisonData":{"totalVotes":172,"votesTotalChange":-52},"edid":10,"comparativeIndex":0.0,"electionDayVotesPercent":12.4,"nominatorAbbr":{"fi":"RKP","sv":"SFP","en":"SPP"}},{"age":55,"advanceVotesPercent":9.2,"lastname":"Östman","occupation":"kansanedustaja, riksdagsledamot","advanceVotes":20,"npid":2,"totalVotes":90,"spid":8,"abbr":"KD","municipalCouncilor":false,"muid":440,"alid":2,"firstname":"Peter","electionDayVotes":70,"pid":"9","finalPosition":0,"electedInformation":"ELECTED","totalVotesPercent":9.9,"nominatorName":{"fi":"Suomen Kristillisdemokraatit (KD)","sv":"Kristdemokraterna i Finland (KD)","en":"Christian Democrats in Finland"},"caid":50,"position":0,"gender":"1","comparisonData":{"totalVotes":246,"votesTotalChange":-156},"edid":10,"comparativeIndex":0.0,"electionDayVotesPercent":10.1,"nominatorAbbr":{"fi":"KD","sv":"KD","en":"CD"}},{"age":48,"advanceVotesPercent":7.4,"lastname":"Kotanen","occupation":"enhetschef","advanceVotes":16,"npid":1,"totalVotes":50,"spid":4,"abbr":"SDP","municipalCouncilor":true,"muid":440,"alid":1,"firstname":"Pia","electionDayVotes":34,"pid":"1","finalPosition":0,"electedInformation":"ELECTED","totalVotesPercent":5.5,"nominatorName":{"fi":"Suomen Sosialidemokraattinen Puolue","sv":"Finlands Socialdemokratiska Parti","en":"The Finnish Social Democratic Party"},"caid":8,"position":0,"gender":"2","comparisonData":{"totalVotes":71,"votesTotalChange":-21},"edid":10,"comparativeIndex":0.0,"electionDayVotesPercent":4.9,"nominatorAbbr":{"fi":"SDP","sv":"SDP","en":"SDP"}},{"age":64,"advanceVotesPercent":9.7,"lastname":"Bredbacka","occupation":"pensionerad brandman","advanceVotes":21,"npid":1,"totalVotes":49,"spid":4,"abbr":"SDP","municipalCouncilor":true,"muid":440,"alid":1,"firstname":"Bernhard","electionDayVotes":28,"pid":"1","finalPosition":0,"electedInformation":"ELECTED","totalVotesPercent":5.4,"nominatorName":{"fi":"Suomen Sosialidemokraattinen Puolue","sv":"Finlands Socialdemokratiska Parti","en":"The Finnish Social Democratic Party"},"caid":5,"position":0,"gender":"1","comparisonData":{"totalVotes":101,"votesTotalChange":-52},"edid":10,"comparativeIndex":0.0,"electionDayVotesPercent":4.0,"nominatorAbbr":{"fi":"SDP","sv":"SDP","en":"SDP"}},{"age":25,"advanceVotesPercent":1.8,"lastname":"Svenlin","occupation":"företagare","advanceVotes":4,"npid":2,"totalVotes":38,"spid":8,"abbr":"KD","municipalCouncilor":true,"muid":440,"alid":2,"firstname":"Daniel","electionDayVotes":34,"pid":"9","finalPosition":0,"electedInformation":"ELECTED","totalVotesPercent":4.2,"nominatorName":{"fi":"Suomen Kristillisdemokraatit (KD)","sv":"Kristdemokraterna i Finland (KD)","en":"Christian Democrats in Finland"},"caid":42,"position":0,"gender":"1","comparisonData":{"totalVotes":107,"votesTotalChange":-69},"edid":10,"comparativeIndex":0.0,"electionDayVotesPercent":4.9,"nominatorAbbr":{"fi":"KD","sv":"KD","en":"CD"}},{"age":51,"advanceVotesPercent":4.6,"lastname":"Palo","occupation":"hälsovårdare","advanceVotes":10,"npid":4,"totalVotes":30,"spid":7,"abbr":"RKP","municipalCouncilor":false,"muid":440,"alid":4,"firstname":"Katarina","electionDayVotes":20,"pid":"5","finalPosition":0,"electedInformation":"ELECTED","totalVotesPercent":3.3,"nominatorName":{"fi":"Suomen ruotsalainen kansanpuolue","sv":"Svenska folkpartiet i Finland","en":"Swedish People's Party in Finland"},"caid":68,"position":0,"gender":"2","comparisonData":{"totalVotes":0,"votesTotalChange":30},"edid":10,"comparativeIndex":0.0,"electionDayVotesPercent":2.9,"nominatorAbbr":{"fi":"RKP","sv":"SFP","en":"SPP"}},{"age":39,"advanceVotesPercent":3.7,"lastname":"Björkman","occupation":"VD","advanceVotes":8,"npid":4,"totalVotes":25,"spid":7,"abbr":"RKP","municipalCouncilor":true,"muid":440,"alid":4,"firstname":"Åsa","electionDayVotes":17,"pid":"5","finalPosition":0,"electedInformation":"ELECTED","totalVotesPercent":2.7,"nominatorName":{"fi":"Suomen ruotsalainen kansanpuolue","sv":"Svenska folkpartiet i Finland","en":"Swedish People's Party in Finland"},"caid":55,"position":0,"gender":"2","comparisonData":{"totalVotes":33,"votesTotalChange":-8},"edid":10,"comparativeIndex":0.0,"electionDayVotesPercent":2.4,"nominatorAbbr":{"fi":"RKP","sv":"SFP","en":"SPP"}},{"age":22,"advanceVotesPercent":4.1,"lastname":"Stenman","occupation":"lärarstuderande","advanceVotes":9,"npid":4,"totalVotes":25,"spid":7,"abbr":"RKP","municipalCouncilor":false,"muid":440,"alid":4,"firstname":"Carl-Wilhelm","electionDayVotes":16,"pid":"5","finalPosition":0,"electedInformation":"ELECTED","totalVotesPercent":2.7,"nominatorName":{"fi":"Suomen ruotsalainen kansanpuolue","sv":"Svenska folkpartiet i Finland","en":"Swedish People's Party in Finland"},"caid":75,"position":0,"gender":"1","comparisonData":{"totalVotes":0,"votesTotalChange":25},"edid":10,"comparativeIndex":0.0,"electionDayVotesPercent":2.3,"nominatorAbbr":{"fi":"RKP","sv":"SFP","en":"SPP"}},{"age":37,"advanceVotesPercent":2.8,"lastname":"Björkskog","occupation":"lärare","advanceVotes":6,"npid":1,"totalVotes":23,"spid":4,"abbr":"SDP","municipalCouncilor":false,"muid":440,"alid":1,"firstname":"Marie","electionDayVotes":17,"pid":"1","finalPosition":0,"electedInformation":"ELECTED","totalVotesPercent":2.5,"nominatorName":{"fi":"Suomen Sosialidemokraattinen Puolue","sv":"Finlands Socialdemokratiska Parti","en":"The Finnish Social Democratic Party"},"caid":3,"position":0,"gender":"2","comparisonData":{"totalVotes":0,"votesTotalChange":23},"edid":10,"comparativeIndex":0.0,"electionDayVotesPercent":2.4,"nominatorAbbr":{"fi":"SDP","sv":"SDP","en":"SDP"}},{"age":60,"advanceVotesPercent":5.1,"lastname":"Enbär","occupation":"handledare, närvårdare","advanceVotes":11,"npid":1,"totalVotes":22,"spid":4,"abbr":"SDP","municipalCouncilor":false,"muid":440,"alid":1,"firstname":"Anders","electionDayVotes":11,"pid":"1","finalPosition":0,"electedInformation":"ON_SUBSTITUTE_PLACE","totalVotesPercent":2.4,"nominatorName":{"fi":"Suomen Sosialidemokraattinen Puolue","sv":"Finlands Socialdemokratiska Parti","en":"The Finnish Social Democratic Party"},"caid":7,"position":0,"gender":"1","comparisonData":{"totalVotes":20,"votesTotalChange":2},"edid":10,"comparativeIndex":0.0,"electionDayVotesPercent":1.6,"nominatorAbbr":{"fi":"SDP","sv":"SDP","en":"SDP"}},{"age":24,"advanceVotesPercent":2.3,"lastname":"Eklund","occupation":"sjukskötare","advanceVotes":5,"npid":2,"totalVotes":22,"spid":8,"abbr":"KD","municipalCouncilor":false,"muid":440,"alid":2,"firstname":"Evamaria","electionDayVotes":17,"pid":"9","finalPosition":0,"electedInformation":"ON_SUBSTITUTE_PLACE","totalVotesPercent":2.4,"nominatorName":{"fi":"Suomen Kristillisdemokraatit (KD)","sv":"Kristdemokraterna i Finland (KD)","en":"Christian Democrats in Finland"},"caid":21,"position":0,"gender":"2","comparisonData":{"totalVotes":0,"votesTotalChange":22},"edid":10,"comparativeIndex":0.0,"electionDayVotesPercent":2.4,"nominatorAbbr":{"fi":"KD","sv":"KD","en":"CD"}},{"age":37,"advanceVotesPercent":1.8,"lastname":"Löfs-Grankulla","occupation":"närvårdare","advanceVotes":4,"npid":2,"totalVotes":22,"spid":8,"abbr":"KD","municipalCouncilor":false,"muid":440,"alid":2,"firstname":"Pernilla","electionDayVotes":18,"pid":"9","finalPosition":0,"electedInformation":"ON_SUBSTITUTE_PLACE","totalVotesPercent":2.4,"nominatorName":{"fi":"Suomen Kristillisdemokraatit (KD)","sv":"Kristdemokraterna i Finland (KD)","en":"Christian Democrats in Finland"},"caid":32,"position":0,"gender":"2","comparisonData":{"totalVotes":27,"votesTotalChange":-5},"edid":10,"comparativeIndex":0.0,"electionDayVotesPercent":2.6,"nominatorAbbr":{"fi":"KD","sv":"KD","en":"CD"}},{"age":42,"advanceVotesPercent":0.9,"lastname":"Björkskog","occupation":"arbetsledare","advanceVotes":2,"npid":2,"totalVotes":18,"spid":8,"abbr":"KD","municipalCouncilor":false,"muid":440,"alid":2,"firstname":"Erik","electionDayVotes":16,"pid":"9","finalPosition":0,"electedInformation":"ON_SUBSTITUTE_PLACE","totalVotesPercent":2.0,"nominatorName":{"fi":"Suomen Kristillisdemokraatit (KD)","sv":"Kristdemokraterna i Finland (KD)","en":"Christian Democrats in Finland"},"caid":17,"position":0,"gender":"1","comparisonData":{"totalVotes":20,"votesTotalChange":-2},"edid":10,"comparativeIndex":0.0,"electionDayVotesPercent":2.3,"nominatorAbbr":{"fi":"KD","sv":"KD","en":"CD"}},{"age":52,"advanceVotesPercent":1.8,"lastname":"Rahja","occupation":"kanslist","advanceVotes":4,"npid":2,"totalVotes":18,"spid":8,"abbr":"KD","municipalCouncilor":true,"muid":440,"alid":2,"firstname":"Marianne","electionDayVotes":14,"pid":"9","finalPosition":0,"electedInformation":"ELECTED","totalVotesPercent":2.0,"nominatorName":{"fi":"Suomen Kristillisdemokraatit (KD)","sv":"Kristdemokraterna i Finland (KD)","en":"Christian Democrats in Finland"},"caid":38,"position":0,"gender":"2","comparisonData":{"totalVotes":35,"votesTotalChange":-17},"edid":10,"comparativeIndex":0.0,"electionDayVotesPercent":2.0,"nominatorAbbr":{"fi":"KD","sv":"KD","en":"CD"}},{"age":62,"advanceVotesPercent":1.8,"lastname":"Sämskar","occupation":"pensionerad skolsekreterare","advanceVotes":4,"npid":4,"totalVotes":16,"spid":7,"abbr":"RKP","municipalCouncilor":true,"muid":440,"alid":4,"firstname":"Marlene","electionDayVotes":12,"pid":"5","finalPosition":0,"electedInformation":"ELECTED","totalVotesPercent":1.8,"nominatorName":{"fi":"Suomen ruotsalainen kansanpuolue","sv":"Svenska folkpartiet i Finland","en":"Swedish People's Party in Finland"},"caid":80,"position":0,"gender":"2","comparisonData":{"totalVotes":65,"votesTotalChange":-49},"edid":10,"comparativeIndex":0.0,"electionDayVotesPercent":1.7,"nominatorAbbr":{"fi":"RKP","sv":"SFP","en":"SPP"}},{"age":38,"advanceVotesPercent":0.9,"lastname":"Hjulfors","occupation":"rektor","advanceVotes":2,"npid":2,"totalVotes":13,"spid":8,"abbr":"KD","municipalCouncilor":true,"muid":440,"alid":2,"firstname":"Andreas","electionDayVotes":11,"pid":"9","finalPosition":0,"electedInformation":"ELECTED","totalVotesPercent":1.4,"nominatorName":{"fi":"Suomen Kristillisdemokraatit (KD)","sv":"Kristdemokraterna i Finland (KD)","en":"Christian Democrats in Finland"},"caid":28,"position":0,"gender":"1","comparisonData":{"totalVotes":43,"votesTotalChange":-30},"edid":10,"comparativeIndex":0.0,"electionDayVotesPercent":1.6,"nominatorAbbr":{"fi":"KD","sv":"KD","en":"CD"}},{"age":59,"advanceVotesPercent":2.8,"lastname":"Lassila","occupation":"timlärare, diplomkorrespondent","advanceVotes":6,"npid":2,"totalVotes":13,"spid":8,"abbr":"KD","municipalCouncilor":true,"muid":440,"alid":2,"firstname":"Carola","electionDayVotes":7,"pid":"9","finalPosition":0,"electedInformation":"ELECTED","totalVotesPercent":1.4,"nominatorName":{"fi":"Suomen Kristillisdemokraatit (KD)","sv":"Kristdemokraterna i Finland (KD)","en":"Christian Democrats in Finland"},"caid":31,"position":0,"gender":"2","comparisonData":{"totalVotes":53,"votesTotalChange":-40},"edid":10,"comparativeIndex":0.0,"electionDayVotesPercent":1.0,"nominatorAbbr":{"fi":"KD","sv":"KD","en":"CD"}},{"age":22,"advanceVotesPercent":0.0,"lastname":"Hjulfors","occupation":"närvårdare","advanceVotes":0,"npid":2,"totalVotes":12,"spid":8,"abbr":"KD","municipalCouncilor":false,"muid":440,"alid":2,"firstname":"Emilia","electionDayVotes":12,"pid":"9","finalPosition":0,"electedInformation":"ON_SUBSTITUTE_PLACE","totalVotesPercent":1.3,"nominatorName":{"fi":"Suomen Kristillisdemokraatit (KD)","sv":"Kristdemokraterna i Finland (KD)","en":"Christian Democrats in Finland"},"caid":29,"position":0,"gender":"2","comparisonData":{"totalVotes":0,"votesTotalChange":12},"edid":10,"comparativeIndex":0.0,"electionDayVotesPercent":1.7,"nominatorAbbr":{"fi":"KD","sv":"KD","en":"CD"}},{"age":55,"advanceVotesPercent":1.8,"lastname":"Bobacka","occupation":"byggmästare, företagare","advanceVotes":4,"npid":1,"totalVotes":11,"spid":4,"abbr":"SDP","municipalCouncilor":true,"muid":440,"alid":1,"firstname":"Sten","electionDayVotes":7,"pid":"1","finalPosition":0,"electedInformation":"ELECTED","totalVotesPercent":1.2,"nominatorName":{"fi":"Suomen Sosialidemokraattinen Puolue","sv":"Finlands Socialdemokratiska Parti","en":"The Finnish Social Democratic Party"},"caid":4,"position":0,"gender":"1","comparisonData":{"totalVotes":50,"votesTotalChange":-39},"edid":10,"comparativeIndex":0.0,"electionDayVotesPercent":1.0,"nominatorAbbr":{"fi":"SDP","sv":"SDP","en":"SDP"}},{"age":53,"advanceVotesPercent":0.9,"lastname":"Nyman","occupation":"företagare, försäljningschef","advanceVotes":2,"npid":2,"totalVotes":11,"spid":8,"abbr":"KD","municipalCouncilor":false,"muid":440,"alid":2,"firstname":"Stefan","electionDayVotes":9,"pid":"9","finalPosition":0,"electedInformation":"NOT_ELECTED","totalVotesPercent":1.2,"nominatorName":{"fi":"Suomen Kristillisdemokraatit (KD)","sv":"Kristdemokraterna i Finland (KD)","en":"Christian Democrats in Finland"},"caid":36,"position":0,"gender":"1","comparisonData":{"totalVotes":0,"votesTotalChange":11},"edid":10,"comparativeIndex":0.0,"electionDayVotesPercent":1.3,"nominatorAbbr":{"fi":"KD","sv":"KD","en":"CD"}},{"age":51,"advanceVotesPercent":0.9,"lastname":"Mattsson","occupation":"lärare","advanceVotes":2,"npid":4,"totalVotes":11,"spid":7,"abbr":"RKP","municipalCouncilor":false,"muid":440,"alid":4,"firstname":"Roland","electionDayVotes":9,"pid":"5","finalPosition":0,"electedInformation":"ELECTED","totalVotesPercent":1.2,"nominatorName":{"fi":"Suomen ruotsalainen kansanpuolue","sv":"Svenska folkpartiet i Finland","en":"Swedish People's Party in Finland"},"caid":65,"position":0,"gender":"1","comparisonData":{"totalVotes":0,"votesTotalChange":11},"edid":10,"comparativeIndex":0.0,"electionDayVotesPercent":1.3,"nominatorAbbr":{"fi":"RKP","sv":"SFP","en":"SPP"}},{"age":60,"advanceVotesPercent":0.5,"lastname":"Wicklen","occupation":"ekonom","advanceVotes":1,"npid":4,"totalVotes":11,"spid":7,"abbr":"RKP","municipalCouncilor":false,"muid":440,"alid":4,"firstname":"Stefan","electionDayVotes":10,"pid":"5","finalPosition":0,"electedInformation":"ON_SUBSTITUTE_PLACE","totalVotesPercent":1.2,"nominatorName":{"fi":"Suomen ruotsalainen kansanpuolue","sv":"Svenska folkpartiet i Finland","en":"Swedish People's Party in Finland"},"caid":82,"position":0,"gender":"1","comparisonData":{"totalVotes":17,"votesTotalChange":-6},"edid":10,"comparativeIndex":0.0,"electionDayVotesPercent":1.4,"nominatorAbbr":{"fi":"RKP","sv":"SFP","en":"SPP"}},{"age":35,"advanceVotesPercent":0.0,"lastname":"Björkskog","occupation":"lagerarbetare","advanceVotes":0,"npid":2,"totalVotes":10,"spid":8,"abbr":"KD","municipalCouncilor":false,"muid":440,"alid":2,"firstname":"Björn Mocki","electionDayVotes":10,"pid":"9","finalPosition":0,"electedInformation":"ON_SUBSTITUTE_PLACE","totalVotesPercent":1.1,"nominatorName":{"fi":"Suomen Kristillisdemokraatit (KD)","sv":"Kristdemokraterna i Finland (KD)","en":"Christian Democrats in Finland"},"caid":16,"position":0,"gender":"1","comparisonData":{"totalVotes":0,"votesTotalChange":10},"edid":10,"comparativeIndex":0.0,"electionDayVotesPercent":1.4,"nominatorAbbr":{"fi":"KD","sv":"KD","en":"CD"}},{"age":30,"advanceVotesPercent":0.0,"lastname":"Byggmästar","occupation":"arbetsledare","advanceVotes":0,"npid":2,"totalVotes":10,"spid":8,"abbr":"KD","municipalCouncilor":false,"muid":440,"alid":2,"firstname":"Christoffer","electionDayVotes":10,"pid":"9","finalPosition":0,"electedInformation":"ELECTED","totalVotesPercent":1.1,"nominatorName":{"fi":"Suomen Kristillisdemokraatit (KD)","sv":"Kristdemokraterna i Finland (KD)","en":"Christian Democrats in Finland"},"caid":19,"position":0,"gender":"1","comparisonData":{"totalVotes":0,"votesTotalChange":10},"edid":10,"comparativeIndex":0.0,"electionDayVotesPercent":1.4,"nominatorAbbr":{"fi":"KD","sv":"KD","en":"CD"}},{"age":56,"advanceVotesPercent":1.4,"lastname":"Byggmästar","occupation":"sjukskötare","advanceVotes":3,"npid":2,"totalVotes":10,"spid":8,"abbr":"KD","municipalCouncilor":false,"muid":440,"alid":2,"firstname":"Gunnevi","electionDayVotes":7,"pid":"9","finalPosition":0,"electedInformation":"ON_SUBSTITUTE_PLACE","totalVotesPercent":1.1,"nominatorName":{"fi":"Suomen Kristillisdemokraatit (KD)","sv":"Kristdemokraterna i Finland (KD)","en":"Christian Democrats in Finland"},"caid":20,"position":0,"gender":"2","comparisonData":{"totalVotes":15,"votesTotalChange":-5},"edid":10,"comparativeIndex":0.0,"electionDayVotesPercent":1.0,"nominatorAbbr":{"fi":"KD","sv":"KD","en":"CD"}},{"age":57,"advanceVotesPercent":0.5,"lastname":"Törnqvist","occupation":"merkonom, kontorist","advanceVotes":1,"npid":2,"totalVotes":10,"spid":8,"abbr":"KD","municipalCouncilor":false,"muid":440,"alid":2,"firstname":"Bernice","electionDayVotes":9,"pid":"9","finalPosition":0,"electedInformation":"ELECTED","totalVotesPercent":1.1,"nominatorName":{"fi":"Suomen Kristillisdemokraatit (KD)","sv":"Kristdemokraterna i Finland (KD)","en":"Christian Democrats in Finland"},"caid":46,"position":0,"gender":"2","comparisonData":{"totalVotes":0,"votesTotalChange":10},"edid":10,"comparativeIndex":0.0,"electionDayVotesPercent":1.3,"nominatorAbbr":{"fi":"KD","sv":"KD","en":"CD"}},{"age":22,"advanceVotesPercent":0.5,"lastname":"Olsen","occupation":"båtbyggare","advanceVotes":1,"npid":2,"totalVotes":9,"spid":8,"abbr":"KD","municipalCouncilor":false,"muid":440,"alid":2,"firstname":"Dan-Erik","electionDayVotes":8,"pid":"9","finalPosition":0,"electedInformation":"NOT_ELECTED","totalVotesPercent":1.0,"nominatorName":{"fi":"Suomen Kristillisdemokraatit (KD)","sv":"Kristdemokraterna i Finland (KD)","en":"Christian Democrats in Finland"},"caid":37,"position":0,"gender":"1","comparisonData":{"totalVotes":0,"votesTotalChange":9},"edid":10,"comparativeIndex":0.0,"electionDayVotesPercent":1.1,"nominatorAbbr":{"fi":"KD","sv":"KD","en":"CD"}},{"age":53,"advanceVotesPercent":1.4,"lastname":"Barkar","occupation":"lärare, projektkoordinator","advanceVotes":3,"npid":4,"totalVotes":9,"spid":7,"abbr":"RKP","municipalCouncilor":false,"muid":440,"alid":4,"firstname":"Katarina","electionDayVotes":6,"pid":"5","finalPosition":0,"electedInformation":"NOT_ELECTED","totalVotesPercent":1.0,"nominatorName":{"fi":"Suomen ruotsalainen kansanpuolue","sv":"Svenska folkpartiet i Finland","en":"Swedish People's Party in Finland"},"caid":54,"position":0,"gender":"2","comparisonData":{"totalVotes":13,"votesTotalChange":-4},"edid":10,"comparativeIndex":0.0,"electionDayVotesPercent":0.9,"nominatorAbbr":{"fi":"RKP","sv":"SFP","en":"SPP"}},{"age":41,"advanceVotesPercent":0.5,"lastname":"Lindell","occupation":"fysioterapeut","advanceVotes":1,"npid":4,"totalVotes":9,"spid":7,"abbr":"RKP","municipalCouncilor":false,"muid":440,"alid":4,"firstname":"Niklas","electionDayVotes":8,"pid":"5","finalPosition":0,"electedInformation":"ON_SUBSTITUTE_PLACE","totalVotesPercent":1.0,"nominatorName":{"fi":"Suomen ruotsalainen kansanpuolue","sv":"Svenska folkpartiet i Finland","en":"Swedish People's Party in Finland"},"caid":64,"position":0,"gender":"1","comparisonData":{"totalVotes":0,"votesTotalChange":9},"edid":10,"comparativeIndex":0.0,"electionDayVotesPercent":1.1,"nominatorAbbr":{"fi":"RKP","sv":"SFP","en":"SPP"}},{"age":57,"advanceVotesPercent":0.5,"lastname":"Sandvik","occupation":"förskollärare","advanceVotes":1,"npid":4,"totalVotes":9,"spid":7,"abbr":"RKP","municipalCouncilor":false,"muid":440,"alid":4,"firstname":"Agneta","electionDayVotes":8,"pid":"5","finalPosition":0,"electedInformation":"ON_SUBSTITUTE_PLACE","totalVotesPercent":1.0,"nominatorName":{"fi":"Suomen ruotsalainen kansanpuolue","sv":"Svenska folkpartiet i Finland","en":"Swedish People's Party in Finland"},"caid":72,"position":0,"gender":"2","comparisonData":{"totalVotes":0,"votesTotalChange":9},"edid":10,"comparativeIndex":0.0,"electionDayVotesPercent":1.1,"nominatorAbbr":{"fi":"RKP","sv":"SFP","en":"SPP"}},{"age":37,"advanceVotesPercent":0.0,"lastname":"Björkskog","occupation":"bokförare, teamledare","advanceVotes":0,"npid":4,"totalVotes":8,"spid":7,"abbr":"RKP","municipalCouncilor":false,"muid":440,"alid":4,"firstname":"Anna","electionDayVotes":8,"pid":"5","finalPosition":0,"electedInformation":"ELECTED","totalVotesPercent":0.9,"nominatorName":{"fi":"Suomen ruotsalainen kansanpuolue","sv":"Svenska folkpartiet i Finland","en":"Swedish People's Party in Finland"},"caid":56,"position":0,"gender":"2","comparisonData":{"totalVotes":0,"votesTotalChange":8},"edid":10,"comparativeIndex":0.0,"electionDayVotesPercent":1.1,"nominatorAbbr":{"fi":"RKP","sv":"SFP","en":"SPP"}},{"age":25,"advanceVotesPercent":0.5,"lastname":"Kecklund","occupation":"ingenjör","advanceVotes":1,"npid":4,"totalVotes":8,"spid":7,"abbr":"RKP","municipalCouncilor":false,"muid":440,"alid":4,"firstname":"Ida","electionDayVotes":7,"pid":"5","finalPosition":0,"electedInformation":"NOT_ELECTED","totalVotesPercent":0.9,"nominatorName":{"fi":"Suomen ruotsalainen kansanpuolue","sv":"Svenska folkpartiet i Finland","en":"Swedish People's Party in Finland"},"caid":61,"position":0,"gender":"2","comparisonData":{"totalVotes":0,"votesTotalChange":8},"edid":10,"comparativeIndex":0.0,"electionDayVotesPercent":1.0,"nominatorAbbr":{"fi":"RKP","sv":"SFP","en":"SPP"}},{"age":23,"advanceVotesPercent":0.5,"lastname":"Enkvist","occupation":"polis","advanceVotes":1,"npid":2,"totalVotes":7,"spid":8,"abbr":"KD","municipalCouncilor":false,"muid":440,"alid":2,"firstname":"Anders","electionDayVotes":6,"pid":"9","finalPosition":0,"electedInformation":"NOT_ELECTED","totalVotesPercent":0.8,"nominatorName":{"fi":"Suomen Kristillisdemokraatit (KD)","sv":"Kristdemokraterna i Finland (KD)","en":"Christian Democrats in Finland"},"caid":23,"position":0,"gender":"1","comparisonData":{"totalVotes":0,"votesTotalChange":7},"edid":10,"comparativeIndex":0.0,"electionDayVotesPercent":0.9,"nominatorAbbr":{"fi":"KD","sv":"KD","en":"CD"}},{"age":43,"advanceVotesPercent":0.9,"lastname":"Nilsen","occupation":"yrittäjä, opettaja","advanceVotes":2,"npid":2,"totalVotes":7,"spid":8,"abbr":"KD","municipalCouncilor":false,"muid":440,"alid":2,"firstname":"Anne","electionDayVotes":5,"pid":"9","finalPosition":0,"electedInformation":"NOT_ELECTED","totalVotesPercent":0.8,"nominatorName":{"fi":"Suomen Kristillisdemokraatit (KD)","sv":"Kristdemokraterna i Finland (KD)","en":"Christian Democrats in Finland"},"caid":34,"position":0,"gender":"2","comparisonData":{"totalVotes":0,"votesTotalChange":7},"edid":10,"comparativeIndex":0.0,"electionDayVotesPercent":0.7,"nominatorAbbr":{"fi":"KD","sv":"KD","en":"CD"}},{"age":25,"advanceVotesPercent":0.5,"lastname":"Åkerlund","occupation":"studerande","advanceVotes":1,"npid":2,"totalVotes":7,"spid":8,"abbr":"KD","municipalCouncilor":false,"muid":440,"alid":2,"firstname":"Matilda","electionDayVotes":6,"pid":"9","finalPosition":0,"electedInformation":"ON_SUBSTITUTE_PLACE","totalVotesPercent":0.8,"nominatorName":{"fi":"Suomen Kristillisdemokraatit (KD)","sv":"Kristdemokraterna i Finland (KD)","en":"Christian Democrats in Finland"},"caid":49,"position":0,"gender":"2","comparisonData":{"totalVotes":0,"votesTotalChange":7},"edid":10,"comparativeIndex":0.0,"electionDayVotesPercent":0.9,"nominatorAbbr":{"fi":"KD","sv":"KD","en":"CD"}},{"age":44,"advanceVotesPercent":0.0,"lastname":"Vikström","occupation":"linjemontör, markplanerare","advanceVotes":0,"npid":1,"totalVotes":6,"spid":4,"abbr":"SDP","municipalCouncilor":false,"muid":440,"alid":1,"firstname":"Glenn","electionDayVotes":6,"pid":"1","finalPosition":0,"electedInformation":"ON_SUBSTITUTE_PLACE","totalVotesPercent":0.7,"nominatorName":{"fi":"Suomen Sosialidemokraattinen Puolue","sv":"Finlands Socialdemokratiska Parti","en":"The Finnish Social Democratic Party"},"caid":14,"position":0,"gender":"1","comparisonData":{"totalVotes":18,"votesTotalChange":-12},"edid":10,"comparativeIndex":0.0,"electionDayVotesPercent":0.9,"nominatorAbbr":{"fi":"SDP","sv":"SDP","en":"SDP"}},{"age":44,"advanceVotesPercent":0.5,"lastname":"Wikström","occupation":"försäljare","advanceVotes":1,"npid":1,"totalVotes":6,"spid":4,"abbr":"SDP","municipalCouncilor":false,"muid":440,"alid":1,"firstname":"Hannele","electionDayVotes":5,"pid":"1","finalPosition":0,"electedInformation":"NOT_ELECTED","totalVotesPercent":0.7,"nominatorName":{"fi":"Suomen Sosialidemokraattinen Puolue","sv":"Finlands Socialdemokratiska Parti","en":"The Finnish Social Democratic Party"},"caid":15,"position":0,"gender":"2","comparisonData":{"totalVotes":15,"votesTotalChange":-9},"edid":10,"comparativeIndex":0.0,"electionDayVotesPercent":0.7,"nominatorAbbr":{"fi":"SDP","sv":"SDP","en":"SDP"}},{"age":48,"advanceVotesPercent":0.0,"lastname":"Grankulla","occupation":"distriktssekreterare","advanceVotes":0,"npid":2,"totalVotes":6,"spid":8,"abbr":"KD","municipalCouncilor":true,"muid":440,"alid":2,"firstname":"Ann-Sofie","electionDayVotes":6,"pid":"9","finalPosition":0,"electedInformation":"ELECTED","totalVotesPercent":0.7,"nominatorName":{"fi":"Suomen Kristillisdemokraatit (KD)","sv":"Kristdemokraterna i Finland (KD)","en":"Christian Democrats in Finland"},"caid":27,"position":0,"gender":"2","comparisonData":{"totalVotes":81,"votesTotalChange":-75},"edid":10,"comparativeIndex":0.0,"electionDayVotesPercent":0.9,"nominatorAbbr":{"fi":"KD","sv":"KD","en":"CD"}},{"age":29,"advanceVotesPercent":0.0,"lastname":"Nybäck","occupation":"ekonom, försäljningschef","advanceVotes":0,"npid":2,"totalVotes":6,"spid":8,"abbr":"KD","municipalCouncilor":false,"muid":440,"alid":2,"firstname":"Jakob","electionDayVotes":6,"pid":"9","finalPosition":0,"electedInformation":"NOT_ELECTED","totalVotesPercent":0.7,"nominatorName":{"fi":"Suomen Kristillisdemokraatit (KD)","sv":"Kristdemokraterna i Finland (KD)","en":"Christian Democrats in Finland"},"caid":35,"position":0,"gender":"1","comparisonData":{"totalVotes":0,"votesTotalChange":6},"edid":10,"comparativeIndex":0.0,"electionDayVotesPercent":0.9,"nominatorAbbr":{"fi":"KD","sv":"KD","en":"CD"}},{"age":33,"advanceVotesPercent":0.5,"lastname":"Thylin","occupation":"ingenjör, arbetsledare","advanceVotes":1,"npid":2,"totalVotes":6,"spid":8,"abbr":"KD","municipalCouncilor":false,"muid":440,"alid":2,"firstname":"Kim","electionDayVotes":5,"pid":"9","finalPosition":0,"electedInformation":"ELECTED","totalVotesPercent":0.7,"nominatorName":{"fi":"Suomen Kristillisdemokraatit (KD)","sv":"Kristdemokraterna i Finland (KD)","en":"Christian Democrats in Finland"},"caid":43,"position":0,"gender":"1","comparisonData":{"totalVotes":0,"votesTotalChange":6},"edid":10,"comparativeIndex":0.0,"electionDayVotesPercent":0.7,"nominatorAbbr":{"fi":"KD","sv":"KD","en":"CD"}},{"age":42,"advanceVotesPercent":0.5,"lastname":"Östman","occupation":"jordbrukare","advanceVotes":1,"npid":4,"totalVotes":6,"spid":7,"abbr":"RKP","municipalCouncilor":false,"muid":440,"alid":4,"firstname":"Anders","electionDayVotes":5,"pid":"5","finalPosition":0,"electedInformation":"NOT_ELECTED","totalVotesPercent":0.7,"nominatorName":{"fi":"Suomen ruotsalainen kansanpuolue","sv":"Svenska folkpartiet i Finland","en":"Swedish People's Party in Finland"},"caid":85,"position":0,"gender":"1","comparisonData":{"totalVotes":22,"votesTotalChange":-16},"edid":10,"comparativeIndex":0.0,"electionDayVotesPercent":0.7,"nominatorAbbr":{"fi":"RKP","sv":"SFP","en":"SPP"}},{"age":34,"advanceVotesPercent":0.9,"lastname":"Kronqvist","occupation":"byggnadsarbetare, byggnadsingenjör","advanceVotes":2,"npid":1,"totalVotes":5,"spid":4,"abbr":"SDP","municipalCouncilor":false,"muid":440,"alid":1,"firstname":"Andreas","electionDayVotes":3,"pid":"1","finalPosition":0,"electedInformation":"ON_SUBSTITUTE_PLACE","totalVotesPercent":0.5,"nominatorName":{"fi":"Suomen Sosialidemokraattinen Puolue","sv":"Finlands Socialdemokratiska Parti","en":"The Finnish Social Democratic Party"},"caid":9,"position":0,"gender":"1","comparisonData":{"totalVotes":0,"votesTotalChange":5},"edid":10,"comparativeIndex":0.0,"electionDayVotesPercent":0.4,"nominatorAbbr":{"fi":"SDP","sv":"SDP","en":"SDP"}},{"age":34,"advanceVotesPercent":1.4,"lastname":"Granholm","occupation":"företagare","advanceVotes":3,"npid":2,"totalVotes":5,"spid":8,"abbr":"KD","municipalCouncilor":false,"muid":440,"alid":2,"firstname":"Tommy","electionDayVotes":2,"pid":"9","finalPosition":0,"electedInformation":"ON_SUBSTITUTE_PLACE","totalVotesPercent":0.5,"nominatorName":{"fi":"Suomen Kristillisdemokraatit (KD)","sv":"Kristdemokraterna i Finland (KD)","en":"Christian Democrats in Finland"},"caid":25,"position":0,"gender":"1","comparisonData":{"totalVotes":0,"votesTotalChange":5},"edid":10,"comparativeIndex":0.0,"electionDayVotesPercent":0.3,"nominatorAbbr":{"fi":"KD","sv":"KD","en":"CD"}},{"age":45,"advanceVotesPercent":0.0,"lastname":"Tupeli","occupation":"konditionsskötare, trädgårdsmästare","advanceVotes":0,"npid":2,"totalVotes":5,"spid":8,"abbr":"KD","municipalCouncilor":false,"muid":440,"alid":2,"firstname":"Sonja","electionDayVotes":5,"pid":"9","finalPosition":0,"electedInformation":"NOT_ELECTED","totalVotesPercent":0.5,"nominatorName":{"fi":"Suomen Kristillisdemokraatit (KD)","sv":"Kristdemokraterna i Finland (KD)","en":"Christian Democrats in Finland"},"caid":44,"position":0,"gender":"2","comparisonData":{"totalVotes":0,"votesTotalChange":5},"edid":10,"comparativeIndex":0.0,"electionDayVotesPercent":0.7,"nominatorAbbr":{"fi":"KD","sv":"KD","en":"CD"}},{"age":41,"advanceVotesPercent":0.5,"lastname":"Tyni","occupation":"ungdomsarbetsledare","advanceVotes":1,"npid":2,"totalVotes":5,"spid":8,"abbr":"KD","municipalCouncilor":false,"muid":440,"alid":2,"firstname":"Heidi","electionDayVotes":4,"pid":"9","finalPosition":0,"electedInformation":"ON_SUBSTITUTE_PLACE","totalVotesPercent":0.5,"nominatorName":{"fi":"Suomen Kristillisdemokraatit (KD)","sv":"Kristdemokraterna i Finland (KD)","en":"Christian Democrats in Finland"},"caid":45,"position":0,"gender":"2","comparisonData":{"totalVotes":0,"votesTotalChange":5},"edid":10,"comparativeIndex":0.0,"electionDayVotesPercent":0.6,"nominatorAbbr":{"fi":"KD","sv":"KD","en":"CD"}},{"age":40,"advanceVotesPercent":0.5,"lastname":"Östman","occupation":"svetsare","advanceVotes":1,"npid":2,"totalVotes":5,"spid":8,"abbr":"KD","municipalCouncilor":false,"muid":440,"alid":2,"firstname":"Sören","electionDayVotes":4,"pid":"9","finalPosition":0,"electedInformation":"NOT_ELECTED","totalVotesPercent":0.5,"nominatorName":{"fi":"Suomen Kristillisdemokraatit (KD)","sv":"Kristdemokraterna i Finland (KD)","en":"Christian Democrats in Finland"},"caid":51,"position":0,"gender":"1","comparisonData":{"totalVotes":30,"votesTotalChange":-25},"edid":10,"comparativeIndex":0.0,"electionDayVotesPercent":0.6,"nominatorAbbr":{"fi":"KD","sv":"KD","en":"CD"}},{"age":35,"advanceVotesPercent":0.9,"lastname":"Ena","occupation":"företagare, receptionist","advanceVotes":2,"npid":4,"totalVotes":5,"spid":7,"abbr":"RKP","municipalCouncilor":false,"muid":440,"alid":4,"firstname":"Jonas","electionDayVotes":3,"pid":"5","finalPosition":0,"electedInformation":"NOT_ELECTED","totalVotesPercent":0.5,"nominatorName":{"fi":"Suomen ruotsalainen kansanpuolue","sv":"Svenska folkpartiet i Finland","en":"Swedish People's Party in Finland"},"caid":59,"position":0,"gender":"1","comparisonData":{"totalVotes":13,"votesTotalChange":-8},"edid":10,"comparativeIndex":0.0,"electionDayVotesPercent":0.4,"nominatorAbbr":{"fi":"RKP","sv":"SFP","en":"SPP"}},{"age":21,"advanceVotesPercent":0.0,"lastname":"Fagerholm","occupation":"ekonomistuderande","advanceVotes":0,"npid":4,"totalVotes":5,"spid":7,"abbr":"RKP","municipalCouncilor":false,"muid":440,"alid":4,"firstname":"Morgan","electionDayVotes":5,"pid":"5","finalPosition":0,"electedInformation":"ON_SUBSTITUTE_PLACE","totalVotesPercent":0.5,"nominatorName":{"fi":"Suomen ruotsalainen kansanpuolue","sv":"Svenska folkpartiet i Finland","en":"Swedish People's Party in Finland"},"caid":60,"position":0,"gender":"1","comparisonData":{"totalVotes":0,"votesTotalChange":5},"edid":10,"comparativeIndex":0.0,"electionDayVotesPercent":0.7,"nominatorAbbr":{"fi":"RKP","sv":"SFP","en":"SPP"}},{"age":58,"advanceVotesPercent":0.0,"lastname":"Ray","occupation":"försäljare","advanceVotes":0,"npid":4,"totalVotes":5,"spid":7,"abbr":"RKP","municipalCouncilor":false,"muid":440,"alid":4,"firstname":"Jan","electionDayVotes":5,"pid":"5","finalPosition":0,"electedInformation":"NOT_ELECTED","totalVotesPercent":0.5,"nominatorName":{"fi":"Suomen ruotsalainen kansanpuolue","sv":"Svenska folkpartiet i Finland","en":"Swedish People's Party in Finland"},"caid":70,"position":0,"gender":"1","comparisonData":{"totalVotes":0,"votesTotalChange":5},"edid":10,"comparativeIndex":0.0,"electionDayVotesPercent":0.7,"nominatorAbbr":{"fi":"RKP","sv":"SFP","en":"SPP"}},{"age":67,"advanceVotesPercent":0.0,"lastname":"Svenfelt","occupation":"pensionär","advanceVotes":0,"npid":4,"totalVotes":5,"spid":7,"abbr":"RKP","municipalCouncilor":true,"muid":440,"alid":4,"firstname":"Leif","electionDayVotes":5,"pid":"5","finalPosition":0,"electedInformation":"ELECTED","totalVotesPercent":0.5,"nominatorName":{"fi":"Suomen ruotsalainen kansanpuolue","sv":"Svenska folkpartiet i Finland","en":"Swedish People's Party in Finland"},"caid":74,"position":0,"gender":"1","comparisonData":{"totalVotes":48,"votesTotalChange":-43},"edid":10,"comparativeIndex":0.0,"electionDayVotesPercent":0.7,"nominatorAbbr":{"fi":"RKP","sv":"SFP","en":"SPP"}},{"age":36,"advanceVotesPercent":1.4,"lastname":"Edén","occupation":"klasslärare","advanceVotes":3,"npid":1,"totalVotes":4,"spid":4,"abbr":"SDP","municipalCouncilor":false,"muid":440,"alid":1,"firstname":"Heidi","electionDayVotes":1,"pid":"1","finalPosition":0,"electedInformation":"NOT_ELECTED","totalVotesPercent":0.4,"nominatorName":{"fi":"Suomen Sosialidemokraattinen Puolue","sv":"Finlands Socialdemokratiska Parti","en":"The Finnish Social Democratic Party"},"caid":6,"position":0,"gender":"2","comparisonData":{"totalVotes":0,"votesTotalChange":4},"edid":10,"comparativeIndex":0.0,"electionDayVotesPercent":0.1,"nominatorAbbr":{"fi":"SDP","sv":"SDP","en":"SDP"}},{"age":34,"advanceVotesPercent":0.0,"lastname":"Riska","occupation":"teamleader","advanceVotes":0,"npid":1,"totalVotes":4,"spid":4,"abbr":"SDP","municipalCouncilor":false,"muid":440,"alid":1,"firstname":"Jonas","electionDayVotes":4,"pid":"1","finalPosition":0,"electedInformation":"ON_SUBSTITUTE_PLACE","totalVotesPercent":0.4,"nominatorName":{"fi":"Suomen Sosialidemokraattinen Puolue","sv":"Finlands Socialdemokratiska Parti","en":"The Finnish Social Democratic Party"},"caid":13,"position":0,"gender":"1","comparisonData":{"totalVotes":0,"votesTotalChange":4},"edid":10,"comparativeIndex":0.0,"electionDayVotesPercent":0.6,"nominatorAbbr":{"fi":"SDP","sv":"SDP","en":"SDP"}},{"age":37,"advanceVotesPercent":0.9,"lastname":"Granholm","occupation":"barnledare, närvårdare","advanceVotes":2,"npid":2,"totalVotes":4,"spid":8,"abbr":"KD","municipalCouncilor":false,"muid":440,"alid":2,"firstname":"Görel","electionDayVotes":2,"pid":"9","finalPosition":0,"electedInformation":"ON_SUBSTITUTE_PLACE","totalVotesPercent":0.4,"nominatorName":{"fi":"Suomen Kristillisdemokraatit (KD)","sv":"Kristdemokraterna i Finland (KD)","en":"Christian Democrats in Finland"},"caid":24,"position":0,"gender":"2","comparisonData":{"totalVotes":0,"votesTotalChange":4},"edid":10,"comparativeIndex":0.0,"electionDayVotesPercent":0.3,"nominatorAbbr":{"fi":"KD","sv":"KD","en":"CD"}},{"age":39,"advanceVotesPercent":0.0,"lastname":"Snellman","occupation":"lärare","advanceVotes":0,"npid":2,"totalVotes":4,"spid":8,"abbr":"KD","municipalCouncilor":false,"muid":440,"alid":2,"firstname":"Anna-Lena","electionDayVotes":4,"pid":"9","finalPosition":0,"electedInformation":"ON_SUBSTITUTE_PLACE","totalVotesPercent":0.4,"nominatorName":{"fi":"Suomen Kristillisdemokraatit (KD)","sv":"Kristdemokraterna i Finland (KD)","en":"Christian Democrats in Finland"},"caid":39,"position":0,"gender":"2","comparisonData":{"totalVotes":0,"votesTotalChange":4},"edid":10,"comparativeIndex":0.0,"electionDayVotesPercent":0.6,"nominatorAbbr":{"fi":"KD","sv":"KD","en":"CD"}},{"age":46,"advanceVotesPercent":0.5,"lastname":"Ingram","occupation":"IT-chef, IT-päällikkö","advanceVotes":1,"npid":3,"totalVotes":4,"spid":1,"abbr":"KESK","municipalCouncilor":false,"muid":440,"alid":3,"firstname":"Minna","electionDayVotes":3,"pid":"2","finalPosition":0,"electedInformation":"NOT_ELECTED","totalVotesPercent":0.4,"nominatorName":{"fi":"Suomen Keskusta","sv":"Centern i Finland","en":"Centre Party of Finland"},"caid":52,"position":0,"gender":"2","comparisonData":{"totalVotes":20,"votesTotalChange":-16},"edid":10,"comparativeIndex":0.0,"electionDayVotesPercent":0.4,"nominatorAbbr":{"fi":"KESK","sv":"C","en":"CENT"}},{"age":39,"advanceVotesPercent":0.9,"lastname":"Björkskog","occupation":"sjukskötare","advanceVotes":2,"npid":4,"totalVotes":4,"spid":7,"abbr":"RKP","municipalCouncilor":false,"muid":440,"alid":4,"firstname":"Johanna","electionDayVotes":2,"pid":"5","finalPosition":0,"electedInformation":"ON_SUBSTITUTE_PLACE","totalVotesPercent":0.4,"nominatorName":{"fi":"Suomen ruotsalainen kansanpuolue","sv":"Svenska folkpartiet i Finland","en":"Swedish People's Party in Finland"},"caid":57,"position":0,"gender":"2","comparisonData":{"totalVotes":0,"votesTotalChange":4},"edid":10,"comparativeIndex":0.0,"electionDayVotesPercent":0.3,"nominatorAbbr":{"fi":"RKP","sv":"SFP","en":"SPP"}},{"age":39,"advanceVotesPercent":0.0,"lastname":"Nynäs","occupation":"företagare, ventilationsmontör","advanceVotes":0,"npid":4,"totalVotes":4,"spid":7,"abbr":"RKP","municipalCouncilor":false,"muid":440,"alid":4,"firstname":"Johnny","electionDayVotes":4,"pid":"5","finalPosition":0,"electedInformation":"ON_SUBSTITUTE_PLACE","totalVotesPercent":0.4,"nominatorName":{"fi":"Suomen ruotsalainen kansanpuolue","sv":"Svenska folkpartiet i Finland","en":"Swedish People's Party in Finland"},"caid":66,"position":0,"gender":"1","comparisonData":{"totalVotes":19,"votesTotalChange":-15},"edid":10,"comparativeIndex":0.0,"electionDayVotesPercent":0.6,"nominatorAbbr":{"fi":"RKP","sv":"SFP","en":"SPP"}},{"age":29,"advanceVotesPercent":1.4,"lastname":"Sjöström","occupation":"systemingenjör","advanceVotes":3,"npid":4,"totalVotes":4,"spid":7,"abbr":"RKP","municipalCouncilor":false,"muid":440,"alid":4,"firstname":"Annika","electionDayVotes":1,"pid":"5","finalPosition":0,"electedInformation":"NOT_ELECTED","totalVotesPercent":0.4,"nominatorName":{"fi":"Suomen ruotsalainen kansanpuolue","sv":"Svenska folkpartiet i Finland","en":"Swedish People's Party in Finland"},"caid":73,"position":0,"gender":"2","comparisonData":{"totalVotes":0,"votesTotalChange":4},"edid":10,"comparativeIndex":0.0,"electionDayVotesPercent":0.1,"nominatorAbbr":{"fi":"RKP","sv":"SFP","en":"SPP"}},{"age":41,"advanceVotesPercent":0.9,"lastname":"Svenlin","occupation":"arbetsledare","advanceVotes":2,"npid":4,"totalVotes":4,"spid":7,"abbr":"RKP","municipalCouncilor":false,"muid":440,"alid":4,"firstname":"Markus","electionDayVotes":2,"pid":"5","finalPosition":0,"electedInformation":"ON_SUBSTITUTE_PLACE","totalVotesPercent":0.4,"nominatorName":{"fi":"Suomen ruotsalainen kansanpuolue","sv":"Svenska folkpartiet i Finland","en":"Swedish People's Party in Finland"},"caid":79,"position":0,"gender":"1","comparisonData":{"totalVotes":0,"votesTotalChange":4},"edid":10,"comparativeIndex":0.0,"electionDayVotesPercent":0.3,"nominatorAbbr":{"fi":"RKP","sv":"SFP","en":"SPP"}},{"age":33,"advanceVotesPercent":0.0,"lastname":"Lind","occupation":"båtbyggare","advanceVotes":0,"npid":1,"totalVotes":3,"spid":4,"abbr":"SDP","municipalCouncilor":false,"muid":440,"alid":1,"firstname":"Lena-Maria","electionDayVotes":3,"pid":"1","finalPosition":0,"electedInformation":"NOT_ELECTED","totalVotesPercent":0.3,"nominatorName":{"fi":"Suomen Sosialidemokraattinen Puolue","sv":"Finlands Socialdemokratiska Parti","en":"The Finnish Social Democratic Party"},"caid":10,"position":0,"gender":"2","comparisonData":{"totalVotes":0,"votesTotalChange":3},"edid":10,"comparativeIndex":0.0,"electionDayVotesPercent":0.4,"nominatorAbbr":{"fi":"SDP","sv":"SDP","en":"SDP"}},{"age":46,"advanceVotesPercent":0.0,"lastname":"Ingram","occupation":"kommunikationskonsult, redaktör","advanceVotes":0,"npid":3,"totalVotes":3,"spid":1,"abbr":"KESK","municipalCouncilor":false,"muid":440,"alid":3,"firstname":"Darren","electionDayVotes":3,"pid":"2","finalPosition":0,"electedInformation":"NOT_ELECTED","totalVotesPercent":0.3,"nominatorName":{"fi":"Suomen Keskusta","sv":"Centern i Finland","en":"Centre Party of Finland"},"caid":53,"position":0,"gender":"1","comparisonData":{"totalVotes":5,"votesTotalChange":-2},"edid":10,"comparativeIndex":0.0,"electionDayVotesPercent":0.4,"nominatorAbbr":{"fi":"KESK","sv":"C","en":"CENT"}},{"age":27,"advanceVotesPercent":0.0,"lastname":"Käldström","occupation":"företagare","advanceVotes":0,"npid":4,"totalVotes":3,"spid":7,"abbr":"RKP","municipalCouncilor":false,"muid":440,"alid":4,"firstname":"Patrik","electionDayVotes":3,"pid":"5","finalPosition":0,"electedInformation":"ON_SUBSTITUTE_PLACE","totalVotesPercent":0.3,"nominatorName":{"fi":"Suomen ruotsalainen kansanpuolue","sv":"Svenska folkpartiet i Finland","en":"Swedish People's Party in Finland"},"caid":63,"position":0,"gender":"1","comparisonData":{"totalVotes":0,"votesTotalChange":3},"edid":10,"comparativeIndex":0.0,"electionDayVotesPercent":0.4,"nominatorAbbr":{"fi":"RKP","sv":"SFP","en":"SPP"}},{"age":56,"advanceVotesPercent":0.0,"lastname":"Nynäs","occupation":"agrolog","advanceVotes":0,"npid":4,"totalVotes":3,"spid":7,"abbr":"RKP","municipalCouncilor":true,"muid":440,"alid":4,"firstname":"Karita","electionDayVotes":3,"pid":"5","finalPosition":0,"electedInformation":"ELECTED","totalVotesPercent":0.3,"nominatorName":{"fi":"Suomen ruotsalainen kansanpuolue","sv":"Svenska folkpartiet i Finland","en":"Swedish People's Party in Finland"},"caid":67,"position":0,"gender":"2","comparisonData":{"totalVotes":35,"votesTotalChange":-32},"edid":10,"comparativeIndex":0.0,"electionDayVotesPercent":0.4,"nominatorAbbr":{"fi":"RKP","sv":"SFP","en":"SPP"}},{"age":51,"advanceVotesPercent":0.9,"lastname":"Sundqvist","occupation":"barnskötare","advanceVotes":2,"npid":4,"totalVotes":3,"spid":7,"abbr":"RKP","municipalCouncilor":false,"muid":440,"alid":4,"firstname":"Saga","electionDayVotes":1,"pid":"5","finalPosition":0,"electedInformation":"ON_SUBSTITUTE_PLACE","totalVotesPercent":0.3,"nominatorName":{"fi":"Suomen ruotsalainen kansanpuolue","sv":"Svenska folkpartiet i Finland","en":"Swedish People's Party in Finland"},"caid":78,"position":0,"gender":"2","comparisonData":{"totalVotes":0,"votesTotalChange":3},"edid":10,"comparativeIndex":0.0,"electionDayVotesPercent":0.1,"nominatorAbbr":{"fi":"RKP","sv":"SFP","en":"SPP"}},{"age":26,"advanceVotesPercent":0.0,"lastname":"Enkvist","occupation":"privatföretagare","advanceVotes":0,"npid":2,"totalVotes":2,"spid":8,"abbr":"KD","municipalCouncilor":false,"muid":440,"alid":2,"firstname":"Ben","electionDayVotes":2,"pid":"9","finalPosition":0,"electedInformation":"ELECTED","totalVotesPercent":0.2,"nominatorName":{"fi":"Suomen Kristillisdemokraatit (KD)","sv":"Kristdemokraterna i Finland (KD)","en":"Christian Democrats in Finland"},"caid":22,"position":0,"gender":"1","comparisonData":{"totalVotes":0,"votesTotalChange":2},"edid":10,"comparativeIndex":0.0,"electionDayVotesPercent":0.3,"nominatorAbbr":{"fi":"KD","sv":"KD","en":"CD"}},{"age":30,"advanceVotesPercent":0.0,"lastname":"Grankulla","occupation":"skiftesledare","advanceVotes":0,"npid":2,"totalVotes":2,"spid":8,"abbr":"KD","municipalCouncilor":false,"muid":440,"alid":2,"firstname":"Alf","electionDayVotes":2,"pid":"9","finalPosition":0,"electedInformation":"ELECTED","totalVotesPercent":0.2,"nominatorName":{"fi":"Suomen Kristillisdemokraatit (KD)","sv":"Kristdemokraterna i Finland (KD)","en":"Christian Democrats in Finland"},"caid":26,"position":0,"gender":"1","comparisonData":{"totalVotes":0,"votesTotalChange":2},"edid":10,"comparativeIndex":0.0,"electionDayVotesPercent":0.3,"nominatorAbbr":{"fi":"KD","sv":"KD","en":"CD"}},{"age":34,"advanceVotesPercent":0.0,"lastname":"Sundelin","occupation":"metallarbetare","advanceVotes":0,"npid":2,"totalVotes":2,"spid":8,"abbr":"KD","municipalCouncilor":false,"muid":440,"alid":2,"firstname":"Robin","electionDayVotes":2,"pid":"9","finalPosition":0,"electedInformation":"ELECTED","totalVotesPercent":0.2,"nominatorName":{"fi":"Suomen Kristillisdemokraatit (KD)","sv":"Kristdemokraterna i Finland (KD)","en":"Christian Democrats in Finland"},"caid":40,"position":0,"gender":"1","comparisonData":{"totalVotes":0,"votesTotalChange":2},"edid":10,"comparativeIndex":0.0,"electionDayVotesPercent":0.3,"nominatorAbbr":{"fi":"KD","sv":"KD","en":"CD"}},{"age":68,"advanceVotesPercent":0.0,"lastname":"Töyrä","occupation":"pensionär","advanceVotes":0,"npid":2,"totalVotes":2,"spid":8,"abbr":"KD","municipalCouncilor":false,"muid":440,"alid":2,"firstname":"Lennart","electionDayVotes":2,"pid":"9","finalPosition":0,"electedInformation":"NOT_ELECTED","totalVotesPercent":0.2,"nominatorName":{"fi":"Suomen Kristillisdemokraatit (KD)","sv":"Kristdemokraterna i Finland (KD)","en":"Christian Democrats in Finland"},"caid":47,"position":0,"gender":"1","comparisonData":{"totalVotes":27,"votesTotalChange":-25},"edid":10,"comparativeIndex":0.0,"electionDayVotesPercent":0.3,"nominatorAbbr":{"fi":"KD","sv":"KD","en":"CD"}},{"age":51,"advanceVotesPercent":0.0,"lastname":"Peltola","occupation":"speditionschef","advanceVotes":0,"npid":4,"totalVotes":2,"spid":7,"abbr":"RKP","municipalCouncilor":false,"muid":440,"alid":4,"firstname":"Vesa","electionDayVotes":2,"pid":"5","finalPosition":0,"electedInformation":"NOT_ELECTED","totalVotesPercent":0.2,"nominatorName":{"fi":"Suomen ruotsalainen kansanpuolue","sv":"Svenska folkpartiet i Finland","en":"Swedish People's Party in Finland"},"caid":69,"position":0,"gender":"1","comparisonData":{"totalVotes":22,"votesTotalChange":-20},"edid":10,"comparativeIndex":0.0,"electionDayVotesPercent":0.3,"nominatorAbbr":{"fi":"RKP","sv":"SFP","en":"SPP"}},{"age":28,"advanceVotesPercent":0.0,"lastname":"Palmunen","occupation":"linjemontör","advanceVotes":0,"npid":1,"totalVotes":1,"spid":4,"abbr":"SDP","municipalCouncilor":false,"muid":440,"alid":1,"firstname":"Daniel","electionDayVotes":1,"pid":"1","finalPosition":0,"electedInformation":"NOT_ELECTED","totalVotesPercent":0.1,"nominatorName":{"fi":"Suomen Sosialidemokraattinen Puolue","sv":"Finlands Socialdemokratiska Parti","en":"The Finnish Social Democratic Party"},"caid":12,"position":0,"gender":"1","comparisonData":{"totalVotes":0,"votesTotalChange":1},"edid":10,"comparativeIndex":0.0,"electionDayVotesPercent":0.1,"nominatorAbbr":{"fi":"SDP","sv":"SDP","en":"SDP"}},{"age":33,"advanceVotesPercent":0.0,"lastname":"Keränen","occupation":"linjemontör, linja-asentaja","advanceVotes":0,"npid":2,"totalVotes":1,"spid":8,"abbr":"KD","municipalCouncilor":false,"muid":440,"alid":2,"firstname":"Tuomas","electionDayVotes":1,"pid":"9","finalPosition":0,"electedInformation":"NOT_ELECTED","totalVotesPercent":0.1,"nominatorName":{"fi":"Suomen Kristillisdemokraatit (KD)","sv":"Kristdemokraterna i Finland (KD)","en":"Christian Democrats in Finland"},"caid":30,"position":0,"gender":"1","comparisonData":{"totalVotes":0,"votesTotalChange":1},"edid":10,"comparativeIndex":0.0,"electionDayVotesPercent":0.1,"nominatorAbbr":{"fi":"KD","sv":"KD","en":"CD"}},{"age":62,"advanceVotesPercent":0.0,"lastname":"Svenfelt","occupation":"båtbyggare","advanceVotes":0,"npid":2,"totalVotes":1,"spid":8,"abbr":"KD","municipalCouncilor":true,"muid":440,"alid":2,"firstname":"Mikael","electionDayVotes":1,"pid":"9","finalPosition":0,"electedInformation":"ON_SUBSTITUTE_PLACE","totalVotesPercent":0.1,"nominatorName":{"fi":"Suomen Kristillisdemokraatit (KD)","sv":"Kristdemokraterna i Finland (KD)","en":"Christian Democrats in Finland"},"caid":41,"position":0,"gender":"1","comparisonData":{"totalVotes":48,"votesTotalChange":-47},"edid":10,"comparativeIndex":0.0,"electionDayVotesPercent":0.1,"nominatorAbbr":{"fi":"KD","sv":"KD","en":"CD"}},{"age":26,"advanceVotesPercent":0.0,"lastname":"Verkasalo","occupation":"expeditionsarbetare","advanceVotes":0,"npid":2,"totalVotes":1,"spid":8,"abbr":"KD","municipalCouncilor":false,"muid":440,"alid":2,"firstname":"Samuel","electionDayVotes":1,"pid":"9","finalPosition":0,"electedInformation":"ON_SUBSTITUTE_PLACE","totalVotesPercent":0.1,"nominatorName":{"fi":"Suomen Kristillisdemokraatit (KD)","sv":"Kristdemokraterna i Finland (KD)","en":"Christian Democrats in Finland"},"caid":48,"position":0,"gender":"1","comparisonData":{"totalVotes":0,"votesTotalChange":1},"edid":10,"comparativeIndex":0.0,"electionDayVotesPercent":0.1,"nominatorAbbr":{"fi":"KD","sv":"KD","en":"CD"}},{"age":47,"advanceVotesPercent":0.0,"lastname":"Kozic","occupation":"fastighetsskötare","advanceVotes":0,"npid":4,"totalVotes":1,"spid":7,"abbr":"RKP","municipalCouncilor":false,"muid":440,"alid":4,"firstname":"Hajrudin","electionDayVotes":1,"pid":"5","finalPosition":0,"electedInformation":"NOT_ELECTED","totalVotesPercent":0.1,"nominatorName":{"fi":"Suomen ruotsalainen kansanpuolue","sv":"Svenska folkpartiet i Finland","en":"Swedish People's Party in Finland"},"caid":62,"position":0,"gender":"1","comparisonData":{"totalVotes":15,"votesTotalChange":-14},"edid":10,"comparativeIndex":0.0,"electionDayVotesPercent":0.1,"nominatorAbbr":{"fi":"RKP","sv":"SFP","en":"SPP"}},{"age":58,"advanceVotesPercent":0.0,"lastname":"Sandström","occupation":"primärskötare","advanceVotes":0,"npid":4,"totalVotes":1,"spid":7,"abbr":"RKP","municipalCouncilor":false,"muid":440,"alid":4,"firstname":"Anette","electionDayVotes":1,"pid":"5","finalPosition":0,"electedInformation":"NOT_ELECTED","totalVotesPercent":0.1,"nominatorName":{"fi":"Suomen ruotsalainen kansanpuolue","sv":"Svenska folkpartiet i Finland","en":"Swedish People's Party in Finland"},"caid":71,"position":0,"gender":"2","comparisonData":{"totalVotes":29,"votesTotalChange":-28},"edid":10,"comparativeIndex":0.0,"electionDayVotesPercent":0.1,"nominatorAbbr":{"fi":"RKP","sv":"SFP","en":"SPP"}},{"age":51,"advanceVotesPercent":0.0,"lastname":"Sundqvist","occupation":"ingenjör","advanceVotes":0,"npid":4,"totalVotes":1,"spid":7,"abbr":"RKP","municipalCouncilor":false,"muid":440,"alid":4,"firstname":"Mats-Helge","electionDayVotes":1,"pid":"5","finalPosition":0,"electedInformation":"ELECTED","totalVotesPercent":0.1,"nominatorName":{"fi":"Suomen ruotsalainen kansanpuolue","sv":"Svenska folkpartiet i Finland","en":"Swedish People's Party in Finland"},"caid":77,"position":0,"gender":"1","comparisonData":{"totalVotes":0,"votesTotalChange":1},"edid":10,"comparativeIndex":0.0,"electionDayVotesPercent":0.1,"nominatorAbbr":{"fi":"RKP","sv":"SFP","en":"SPP"}},{"age":49,"advanceVotesPercent":0.0,"lastname":"Vikström","occupation":"fastighetstekniker","advanceVotes":0,"npid":4,"totalVotes":1,"spid":7,"abbr":"RKP","municipalCouncilor":false,"muid":440,"alid":4,"firstname":"Sören","electionDayVotes":1,"pid":"5","finalPosition":0,"electedInformation":"NOT_ELECTED","totalVotesPercent":0.1,"nominatorName":{"fi":"Suomen ruotsalainen kansanpuolue","sv":"Svenska folkpartiet i Finland","en":"Swedish People's Party in Finland"},"caid":84,"position":0,"gender":"1","comparisonData":{"totalVotes":17,"votesTotalChange":-16},"edid":10,"comparativeIndex":0.0,"electionDayVotesPercent":0.1,"nominatorAbbr":{"fi":"RKP","sv":"SFP","en":"SPP"}},{"age":34,"advanceVotesPercent":0.0,"lastname":"Bjonbäck","occupation":"bokförare","advanceVotes":0,"npid":1,"totalVotes":0,"spid":4,"abbr":"SDP","municipalCouncilor":false,"muid":440,"alid":1,"firstname":"Camilla","electionDayVotes":0,"pid":"1","finalPosition":0,"electedInformation":"NOT_ELECTED","totalVotesPercent":0.0,"nominatorName":{"fi":"Suomen Sosialidemokraattinen Puolue","sv":"Finlands Socialdemokratiska Parti","en":"The Finnish Social Democratic Party"},"caid":2,"position":0,"gender":"2","comparisonData":{"totalVotes":11,"votesTotalChange":-11},"edid":10,"comparativeIndex":0.0,"electionDayVotesPercent":0.0,"nominatorAbbr":{"fi":"SDP","sv":"SDP","en":"SDP"}},{"age":19,"advanceVotesPercent":0.0,"lastname":"Lindström","occupation":"rörmontör","advanceVotes":0,"npid":1,"totalVotes":0,"spid":4,"abbr":"SDP","municipalCouncilor":false,"muid":440,"alid":1,"firstname":"Fred","electionDayVotes":0,"pid":"1","finalPosition":0,"electedInformation":"NOT_ELECTED","totalVotesPercent":0.0,"nominatorName":{"fi":"Suomen Sosialidemokraattinen Puolue","sv":"Finlands Socialdemokratiska Parti","en":"The Finnish Social Democratic Party"},"caid":11,"position":0,"gender":"1","comparisonData":{"totalVotes":0,"votesTotalChange":0},"edid":10,"comparativeIndex":0.0,"electionDayVotesPercent":0.0,"nominatorAbbr":{"fi":"SDP","sv":"SDP","en":"SDP"}},{"age":39,"advanceVotesPercent":0.0,"lastname":"Björkström","occupation":"elevassistent","advanceVotes":0,"npid":2,"totalVotes":0,"spid":8,"abbr":"KD","municipalCouncilor":true,"muid":440,"alid":2,"firstname":"Marita","electionDayVotes":0,"pid":"9","finalPosition":0,"electedInformation":"ELECTED","totalVotesPercent":0.0,"nominatorName":{"fi":"Suomen Kristillisdemokraatit (KD)","sv":"Kristdemokraterna i Finland (KD)","en":"Christian Democrats in Finland"},"caid":18,"position":0,"gender":"2","comparisonData":{"totalVotes":45,"votesTotalChange":-45},"edid":10,"comparativeIndex":0.0,"electionDayVotesPercent":0.0,"nominatorAbbr":{"fi":"KD","sv":"KD","en":"CD"}},{"age":47,"advanceVotesPercent":0.0,"lastname":"Khaing","occupation":"arbetare","advanceVotes":0,"npid":2,"totalVotes":0,"spid":8,"abbr":"KD","municipalCouncilor":false,"muid":440,"alid":2,"firstname":"Min","electionDayVotes":0,"pid":"9","finalPosition":0,"electedInformation":"NOT_ELECTED","totalVotesPercent":0.0,"nominatorName":{"fi":"Suomen Kristillisdemokraatit (KD)","sv":"Kristdemokraterna i Finland (KD)","en":"Christian Democrats in Finland"},"caid":33,"position":0,"gender":"1","comparisonData":{"totalVotes":0,"votesTotalChange":0},"edid":10,"comparativeIndex":0.0,"electionDayVotesPercent":0.0,"nominatorAbbr":{"fi":"KD","sv":"KD","en":"CD"}},{"age":59,"advanceVotesPercent":0.0,"lastname":"Brännbacka","occupation":"fastighetsskötare","advanceVotes":0,"npid":4,"totalVotes":0,"spid":7,"abbr":"RKP","municipalCouncilor":true,"muid":440,"alid":4,"firstname":"Sigvald","electionDayVotes":0,"pid":"5","finalPosition":0,"electedInformation":"ON_SUBSTITUTE_PLACE","totalVotesPercent":0.0,"nominatorName":{"fi":"Suomen ruotsalainen kansanpuolue","sv":"Svenska folkpartiet i Finland","en":"Swedish People's Party in Finland"},"caid":58,"position":0,"gender":"1","comparisonData":{"totalVotes":37,"votesTotalChange":-37},"edid":10,"comparativeIndex":0.0,"electionDayVotesPercent":0.0,"nominatorAbbr":{"fi":"RKP","sv":"SFP","en":"SPP"}},{"age":53,"advanceVotesPercent":0.0,"lastname":"Söderlund","occupation":"verkstadschef","advanceVotes":0,"npid":4,"totalVotes":0,"spid":7,"abbr":"RKP","municipalCouncilor":false,"muid":440,"alid":4,"firstname":"Joakim","electionDayVotes":0,"pid":"5","finalPosition":0,"electedInformation":"NOT_ELECTED","totalVotesPercent":0.0,"nominatorName":{"fi":"Suomen ruotsalainen kansanpuolue","sv":"Svenska folkpartiet i Finland","en":"Swedish People's Party in Finland"},"caid":81,"position":0,"gender":"1","comparisonData":{"totalVotes":0,"votesTotalChange":0},"edid":10,"comparativeIndex":0.0,"electionDayVotesPercent":0.0,"nominatorAbbr":{"fi":"RKP","sv":"SFP","en":"SPP"}},{"age":31,"advanceVotesPercent":0.0,"lastname":"Vikström","occupation":"jordbrukare","advanceVotes":0,"npid":4,"totalVotes":0,"spid":7,"abbr":"RKP","municipalCouncilor":false,"muid":440,"alid":4,"firstname":"Henrik","electionDayVotes":0,"pid":"5","finalPosition":0,"electedInformation":"NOT_ELECTED","totalVotesPercent":0.0,"nominatorName":{"fi":"Suomen ruotsalainen kansanpuolue","sv":"Svenska folkpartiet i Finland","en":"Swedish People's Party in Finland"},"caid":83,"position":0,"gender":"1","comparisonData":{"totalVotes":0,"votesTotalChange":0},"edid":10,"comparativeIndex":0.0,"electionDayVotesPercent":0.0,"nominatorAbbr":{"fi":"RKP","sv":"SFP","en":"SPP"}}],"municipalityPollingDistricts":[{"name":{"fi":"Risö","sv":"Risö"},"calculationStatusPercent":100.0,"joinedArea":false,"muid":440,"totalVotingInFinlandTurnout":78.7,"identification":"001","pdid":"001","eligibleVotersInFinlandTotal":1163,"edid":10,"mergedToPdid":""},{"name":{"fi":"Holm","sv":"Holm"},"calculationStatusPercent":100.0,"joinedArea":false,"muid":440,"totalVotingInFinlandTurnout":83.3,"identification":"002","pdid":"002","eligibleVotersInFinlandTotal":1001,"edid":10,"mergedToPdid":""},{"name":{"fi":"Eugmo","sv":"Eugmo"},"calculationStatusPercent":100.0,"joinedArea":false,"muid":440,"totalVotingInFinlandTurnout":84.1,"identification":"003","pdid":"003","eligibleVotersInFinlandTotal":579,"edid":10,"mergedToPdid":""},{"name":{"fi":"Bosund","sv":"Bosund"},"calculationStatusPercent":100.0,"joinedArea":false,"muid":440,"totalVotingInFinlandTurnout":86.4,"identification":"004","pdid":"004","eligibleVotersInFinlandTotal":660,"edid":10,"mergedToPdid":""}],"municipality":{"muid":440,"edid":10,"name":{"fi":"Luoto","sv":"Larsmo"}}}