{"version":76,"created":"2017-04-09T23:07:52.812Z","electionDetails":{"electionId":"kv2017","electionDate":"2017-04-09T00:00:00.000Z","electionDataPublishTime":"2017-04-09T17:00:00.000Z","name":{"fi":"Kuntavaalit 2017","sv":"Kommunalval 2017","en":"Elections 2017"},"previousElections":{"correspondingCompareElection":{"electionId":"kv2012","electionDate":"2012-10-28T00:00:00.000Z","name":{"fi":"Kuntavaalit 2012","en":"Municipal elections 2012","sv":"Kommunalval 2012"}},"otherCompareElection":{"electionId":"ev2015","electionDate":"2015-04-19T00:00:00.000Z","name":{"fi":"Eduskuntavaalit 2015","en":"Parliamentary election 2015","sv":"Riksdagsval 2015"}}}},"calculationStatus":{"electionDayVotingTurnout":23.3,"invalidAdvanceVotes":10,"calculationPhase":"INITIAL","invalidElectionDayVotes":8,"approvedAdvanceVotes":1646,"advanceVotingTurnout":29.7,"totalVotingTurnoutAbroad":0.0,"name":{"fi":"Haapajärvi","sv":"Haapajärvi"},"calculationStatusPercent":100.0,"advanceVotes":1656,"electionDayVotingTurnoutAbroad":0.0,"approvedTotalVotes":2933,"totalVotes":2951,"muid":69,"totalVotingInFinlandTurnout":53.0,"advanceVotingTurnoutAbroad":0.0,"invalidTotalVotes":18,"totalVotingTurnout":53.0,"electionDayVotes":1295,"electionDayVotesInFinland":1295,"pdid":"001","totalVotesInFinlandMen":0,"eligibleVotersInFinlandTotal":5569,"calculationStatusPercentElectionDayVotes":100.0,"sourceRecordModificationTime":"20170409210827","otherCompareElection":{"eid":"","eligibleVotersInFinlandTotal":0,"advanceVotingInFinlandTurnout":0.0,"electionDayVotingInFinlandTurnout":0.0,"totalVotingInFinlandTurnout":0.0,"approvedVotesTotal":0,"invalidVotesTotal":0},"correspondingCompareElection":{"eid":"","eligibleVotersInFinlandTotal":0,"advanceVotingInFinlandTurnout":0.0,"electionDayVotingInFinlandTurnout":0.0,"totalVotingInFinlandTurnout":0.0,"approvedVotesTotal":0,"invalidVotesTotal":0,"seats":0},"approvedElectionDayVotes":1287,"edid":12,"calculationStatusPercentAdvanceVotes":100.0,"electionDayVotingInFinlandTurnout":23.3,"seats":0,"eligibleVotersTotal":5569,"advanceVotesInFinland":1656,"advanceVotingInFinlandTurnout":29.7,"totalVotesInFinland":2951},"partyResults":[{"advanceVotesPercent":44.0,"name":{"fi":"Suomen Keskusta","sv":"Centern i Finland","en":"Centre Party of Finland"},"advanceVotes":724,"npid":1,"totalVotes":1343,"spid":1,"abbr":{"fi":"KESK","sv":"C","en":"CENT"},"alid":1,"electionDayVotes":619,"pid":"2","totalVotesPercent":45.8,"nominatorName":{"fi":"Suomen Keskusta","sv":"Centern i Finland","en":"Centre Party of Finland"},"compareData":{"otherCompareElection":{"votesTotalChange":0,"votesTotalPercentChange":0.0,"votesTotal":1343,"votesTotalPercent":45.8},"correspondingCompareElection":{"votesTotalChange":0,"votesTotalPercentChange":0.0,"seatChange":0,"votesTotal":1343,"votesTotalPercent":45.8,"seatsTotal":0}},"seats":0,"electionDayVotesPercent":48.1,"nominatorAbbr":{"fi":"KESK","sv":"C","en":"CENT"}},{"advanceVotesPercent":28.1,"name":{"fi":"Suomen Sosialidemokraattinen Puolue","sv":"Finlands Socialdemokratiska Parti","en":"The Finnish Social Democratic Party"},"advanceVotes":463,"npid":4,"totalVotes":812,"spid":4,"abbr":{"fi":"SDP","sv":"SDP","en":"SDP"},"alid":4,"electionDayVotes":349,"pid":"1","totalVotesPercent":27.7,"nominatorName":{"fi":"Suomen Sosialidemokraattinen Puolue","sv":"Finlands Socialdemokratiska Parti","en":"The Finnish Social Democratic Party"},"compareData":{"otherCompareElection":{"votesTotalChange":0,"votesTotalPercentChange":0.0,"votesTotal":812,"votesTotalPercent":27.7},"correspondingCompareElection":{"votesTotalChange":0,"votesTotalPercentChange":0.0,"seatChange":0,"votesTotal":812,"votesTotalPercent":27.7,"seatsTotal":0}},"seats":0,"electionDayVotesPercent":27.1,"nominatorAbbr":{"fi":"SDP","sv":"SDP","en":"SDP"}},{"advanceVotesPercent":10.6,"name":{"fi":"Perussuomalaiset","sv":"Sannfinländarna","en":"The Finns Party"},"advanceVotes":174,"npid":2,"totalVotes":290,"spid":3,"abbr":{"fi":"PS","sv":"Sannf","en":"FINNS"},"alid":2,"electionDayVotes":116,"pid":"23","totalVotesPercent":9.9,"nominatorName":{"fi":"Perussuomalaiset","sv":"Sannfinländarna","en":"The Finns Party"},"compareData":{"otherCompareElection":{"votesTotalChange":0,"votesTotalPercentChange":0.0,"votesTotal":290,"votesTotalPercent":9.9},"correspondingCompareElection":{"votesTotalChange":0,"votesTotalPercentChange":0.0,"seatChange":0,"votesTotal":290,"votesTotalPercent":9.9,"seatsTotal":0}},"seats":0,"electionDayVotesPercent":9.0,"nominatorAbbr":{"fi":"PS","sv":"Sannf","en":"FINNS"}},{"advanceVotesPercent":6.7,"name":{"fi":"Muut ryhmät","sv":"Övriga grupper","en":"Other groups"},"advanceVotes":110,"npid":6,"totalVotes":218,"spid":99,"abbr":{"fi":"Muut","sv":"Övriga","en":"Others"},"alid":6,"electionDayVotes":108,"pid":"0696","totalVotesPercent":7.4,"nominatorName":{"fi":"Puputti Vesa","sv":"Puputti Vesa","en":"Puputti Vesa"},"compareData":{"otherCompareElection":{"votesTotalChange":0,"votesTotalPercentChange":0.0,"votesTotal":218,"votesTotalPercent":7.4},"correspondingCompareElection":{"votesTotalChange":0,"votesTotalPercentChange":0.0,"seatChange":0,"votesTotal":218,"votesTotalPercent":7.4,"seatsTotal":0}},"seats":0,"electionDayVotesPercent":8.4,"nominatorAbbr":{"fi":"E44","sv":"E44","en":"E44"}},{"advanceVotesPercent":6.8,"name":{"fi":"Kansallinen Kokoomus","sv":"Samlingspartiet","en":"National Coalition Party"},"advanceVotes":112,"npid":3,"totalVotes":187,"spid":2,"abbr":{"fi":"KOK","sv":"Saml","en":"NCP"},"alid":3,"electionDayVotes":75,"pid":"4","totalVotesPercent":6.4,"nominatorName":{"fi":"Kansallinen Kokoomus","sv":"Samlingspartiet","en":"National Coalition Party"},"compareData":{"otherCompareElection":{"votesTotalChange":0,"votesTotalPercentChange":0.0,"votesTotal":187,"votesTotalPercent":6.4},"correspondingCompareElection":{"votesTotalChange":0,"votesTotalPercentChange":0.0,"seatChange":0,"votesTotal":187,"votesTotalPercent":6.4,"seatsTotal":0}},"seats":0,"electionDayVotesPercent":5.8,"nominatorAbbr":{"fi":"KOK","sv":"Saml","en":"NCP"}},{"advanceVotesPercent":3.8,"name":{"fi":"Vasemmistoliitto","sv":"Vänsterförbundet","en":"The Left Alliance"},"advanceVotes":63,"npid":5,"totalVotes":83,"spid":6,"abbr":{"fi":"VAS","sv":"VF","en":"LEFT"},"alid":5,"electionDayVotes":20,"pid":"15","totalVotesPercent":2.8,"nominatorName":{"fi":"Vasemmistoliitto","sv":"Vänsterförbundet","en":"The Left Alliance"},"compareData":{"otherCompareElection":{"votesTotalChange":0,"votesTotalPercentChange":0.0,"votesTotal":83,"votesTotalPercent":2.8},"correspondingCompareElection":{"votesTotalChange":0,"votesTotalPercentChange":0.0,"seatChange":0,"votesTotal":83,"votesTotalPercent":2.8,"seatsTotal":0}},"seats":0,"electionDayVotesPercent":1.6,"nominatorAbbr":{"fi":"VAS","sv":"VF","en":"LEFT"}}],"candidateResults":[{"age":58,"advanceVotesPercent":6.7,"lastname":"Puputti","occupation":"työnjohtaja","advanceVotes":110,"npid":6,"totalVotes":218,"spid":99,"abbr":"Muut","municipalCouncilor":true,"muid":69,"alid":6,"firstname":"Vesa","electionDayVotes":108,"pid":"0696","finalPosition":0,"electedInformation":"ELECTED","totalVotesPercent":7.4,"nominatorName":{"fi":"Puputti Vesa","sv":"Puputti Vesa","en":"Puputti Vesa"},"caid":44,"position":0,"gender":"1","comparisonData":{"totalVotes":171,"votesTotalChange":47},"edid":12,"comparativeIndex":0.0,"electionDayVotesPercent":8.4,"nominatorAbbr":{"fi":"E44","sv":"E44","en":"E44"}},{"age":44,"advanceVotesPercent":6.6,"lastname":"Myllylä","occupation":"sosiaaliohjaaja","advanceVotes":108,"npid":1,"totalVotes":181,"spid":1,"abbr":"KESK","municipalCouncilor":true,"muid":69,"alid":1,"firstname":"Teija","electionDayVotes":73,"pid":"2","finalPosition":0,"electedInformation":"ELECTED","totalVotesPercent":6.2,"nominatorName":{"fi":"Suomen Keskusta","sv":"Centern i Finland","en":"Centre Party of Finland"},"caid":10,"position":0,"gender":"2","comparisonData":{"totalVotes":60,"votesTotalChange":121},"edid":12,"comparativeIndex":0.0,"electionDayVotesPercent":5.7,"nominatorAbbr":{"fi":"KESK","sv":"C","en":"CENT"}},{"age":59,"advanceVotesPercent":5.2,"lastname":"Peltoniemi","occupation":"maanviljelijä, eläkeläinen","advanceVotes":85,"npid":1,"totalVotes":174,"spid":1,"abbr":"KESK","municipalCouncilor":false,"muid":69,"alid":1,"firstname":"Esko","electionDayVotes":89,"pid":"2","finalPosition":0,"electedInformation":"ELECTED","totalVotesPercent":5.9,"nominatorName":{"fi":"Suomen Keskusta","sv":"Centern i Finland","en":"Centre Party of Finland"},"caid":13,"position":0,"gender":"1","comparisonData":{"totalVotes":0,"votesTotalChange":174},"edid":12,"comparativeIndex":0.0,"electionDayVotesPercent":6.9,"nominatorAbbr":{"fi":"KESK","sv":"C","en":"CENT"}},{"age":46,"advanceVotesPercent":5.3,"lastname":"Nikula","occupation":"sairaanhoitaja (AMK), ammatillinen opettaja","advanceVotes":87,"npid":4,"totalVotes":156,"spid":4,"abbr":"SDP","municipalCouncilor":true,"muid":69,"alid":4,"firstname":"Maarit","electionDayVotes":69,"pid":"1","finalPosition":0,"electedInformation":"ELECTED","totalVotesPercent":5.3,"nominatorName":{"fi":"Suomen Sosialidemokraattinen Puolue","sv":"Finlands Socialdemokratiska Parti","en":"The Finnish Social Democratic Party"},"caid":36,"position":0,"gender":"2","comparisonData":{"totalVotes":105,"votesTotalChange":51},"edid":12,"comparativeIndex":0.0,"electionDayVotesPercent":5.4,"nominatorAbbr":{"fi":"SDP","sv":"SDP","en":"SDP"}},{"age":46,"advanceVotesPercent":4.6,"lastname":"Nahkanen","occupation":"rehtori","advanceVotes":75,"npid":4,"totalVotes":150,"spid":4,"abbr":"SDP","municipalCouncilor":true,"muid":69,"alid":4,"firstname":"Jari","electionDayVotes":75,"pid":"1","finalPosition":0,"electedInformation":"ELECTED","totalVotesPercent":5.1,"nominatorName":{"fi":"Suomen Sosialidemokraattinen Puolue","sv":"Finlands Socialdemokratiska Parti","en":"The Finnish Social Democratic Party"},"caid":35,"position":0,"gender":"1","comparisonData":{"totalVotes":102,"votesTotalChange":48},"edid":12,"comparativeIndex":0.0,"electionDayVotesPercent":5.8,"nominatorAbbr":{"fi":"SDP","sv":"SDP","en":"SDP"}},{"age":59,"advanceVotesPercent":4.0,"lastname":"Hautakangas","occupation":"koulunjohtaja","advanceVotes":66,"npid":1,"totalVotes":121,"spid":1,"abbr":"KESK","municipalCouncilor":true,"muid":69,"alid":1,"firstname":"Risto","electionDayVotes":55,"pid":"2","finalPosition":0,"electedInformation":"ELECTED","totalVotesPercent":4.1,"nominatorName":{"fi":"Suomen Keskusta","sv":"Centern i Finland","en":"Centre Party of Finland"},"caid":6,"position":0,"gender":"1","comparisonData":{"totalVotes":105,"votesTotalChange":16},"edid":12,"comparativeIndex":0.0,"electionDayVotesPercent":4.3,"nominatorAbbr":{"fi":"KESK","sv":"C","en":"CENT"}},{"age":56,"advanceVotesPercent":3.1,"lastname":"Salomaa","occupation":"ent.maatalousyrittäjä","advanceVotes":51,"npid":1,"totalVotes":96,"spid":1,"abbr":"KESK","municipalCouncilor":false,"muid":69,"alid":1,"firstname":"Raimo","electionDayVotes":45,"pid":"2","finalPosition":0,"electedInformation":"ELECTED","totalVotesPercent":3.3,"nominatorName":{"fi":"Suomen Keskusta","sv":"Centern i Finland","en":"Centre Party of Finland"},"caid":16,"position":0,"gender":"1","comparisonData":{"totalVotes":0,"votesTotalChange":96},"edid":12,"comparativeIndex":0.0,"electionDayVotesPercent":3.5,"nominatorAbbr":{"fi":"KESK","sv":"C","en":"CENT"}},{"age":64,"advanceVotesPercent":4.4,"lastname":"Niska","occupation":"eläkeläinen","advanceVotes":72,"npid":4,"totalVotes":96,"spid":4,"abbr":"SDP","municipalCouncilor":true,"muid":69,"alid":4,"firstname":"Maritta","electionDayVotes":24,"pid":"1","finalPosition":0,"electedInformation":"ELECTED","totalVotesPercent":3.3,"nominatorName":{"fi":"Suomen Sosialidemokraattinen Puolue","sv":"Finlands Socialdemokratiska Parti","en":"The Finnish Social Democratic Party"},"caid":37,"position":0,"gender":"2","comparisonData":{"totalVotes":68,"votesTotalChange":28},"edid":12,"comparativeIndex":0.0,"electionDayVotesPercent":1.9,"nominatorAbbr":{"fi":"SDP","sv":"SDP","en":"SDP"}},{"age":43,"advanceVotesPercent":2.6,"lastname":"Mäkelä","occupation":"opettaja","advanceVotes":42,"npid":4,"totalVotes":94,"spid":4,"abbr":"SDP","municipalCouncilor":false,"muid":69,"alid":4,"firstname":"Markku","electionDayVotes":52,"pid":"1","finalPosition":0,"electedInformation":"ELECTED","totalVotesPercent":3.2,"nominatorName":{"fi":"Suomen Sosialidemokraattinen Puolue","sv":"Finlands Socialdemokratiska Parti","en":"The Finnish Social Democratic Party"},"caid":34,"position":0,"gender":"1","comparisonData":{"totalVotes":0,"votesTotalChange":94},"edid":12,"comparativeIndex":0.0,"electionDayVotesPercent":4.0,"nominatorAbbr":{"fi":"SDP","sv":"SDP","en":"SDP"}},{"age":23,"advanceVotesPercent":2.7,"lastname":"Niemi","occupation":"opiskelija","advanceVotes":45,"npid":1,"totalVotes":93,"spid":1,"abbr":"KESK","municipalCouncilor":false,"muid":69,"alid":1,"firstname":"Lauri","electionDayVotes":48,"pid":"2","finalPosition":0,"electedInformation":"ELECTED","totalVotesPercent":3.2,"nominatorName":{"fi":"Suomen Keskusta","sv":"Centern i Finland","en":"Centre Party of Finland"},"caid":11,"position":0,"gender":"1","comparisonData":{"totalVotes":0,"votesTotalChange":93},"edid":12,"comparativeIndex":0.0,"electionDayVotesPercent":3.7,"nominatorAbbr":{"fi":"KESK","sv":"C","en":"CENT"}},{"age":42,"advanceVotesPercent":3.3,"lastname":"Hjelm","occupation":"yrittäjä","advanceVotes":55,"npid":3,"totalVotes":88,"spid":2,"abbr":"KOK","municipalCouncilor":true,"muid":69,"alid":3,"firstname":"Jukka-Pekka","electionDayVotes":33,"pid":"4","finalPosition":0,"electedInformation":"ELECTED","totalVotesPercent":3.0,"nominatorName":{"fi":"Kansallinen Kokoomus","sv":"Samlingspartiet","en":"National Coalition Party"},"caid":27,"position":0,"gender":"1","comparisonData":{"totalVotes":79,"votesTotalChange":9},"edid":12,"comparativeIndex":0.0,"electionDayVotesPercent":2.6,"nominatorAbbr":{"fi":"KOK","sv":"Saml","en":"NCP"}},{"age":53,"advanceVotesPercent":2.8,"lastname":"Paananen","occupation":"sähköasentaja","advanceVotes":46,"npid":4,"totalVotes":84,"spid":4,"abbr":"SDP","municipalCouncilor":true,"muid":69,"alid":4,"firstname":"Teijo","electionDayVotes":38,"pid":"1","finalPosition":0,"electedInformation":"ELECTED","totalVotesPercent":2.9,"nominatorName":{"fi":"Suomen Sosialidemokraattinen Puolue","sv":"Finlands Socialdemokratiska Parti","en":"The Finnish Social Democratic Party"},"caid":38,"position":0,"gender":"1","comparisonData":{"totalVotes":64,"votesTotalChange":20},"edid":12,"comparativeIndex":0.0,"electionDayVotesPercent":3.0,"nominatorAbbr":{"fi":"SDP","sv":"SDP","en":"SDP"}},{"age":65,"advanceVotesPercent":3.8,"lastname":"Wassholm","occupation":"eläkeläinen","advanceVotes":63,"npid":5,"totalVotes":83,"spid":6,"abbr":"VAS","municipalCouncilor":false,"muid":69,"alid":5,"firstname":"Väinö","electionDayVotes":20,"pid":"15","finalPosition":0,"electedInformation":"NOT_ELECTED","totalVotesPercent":2.8,"nominatorName":{"fi":"Vasemmistoliitto","sv":"Vänsterförbundet","en":"The Left Alliance"},"caid":43,"position":0,"gender":"1","comparisonData":{"totalVotes":36,"votesTotalChange":47},"edid":12,"comparativeIndex":0.0,"electionDayVotesPercent":1.6,"nominatorAbbr":{"fi":"VAS","sv":"VF","en":"LEFT"}},{"age":60,"advanceVotesPercent":2.4,"lastname":"Ranua","occupation":"yrittäjä","advanceVotes":40,"npid":1,"totalVotes":80,"spid":1,"abbr":"KESK","municipalCouncilor":true,"muid":69,"alid":1,"firstname":"Paavo","electionDayVotes":40,"pid":"2","finalPosition":0,"electedInformation":"ELECTED","totalVotesPercent":2.7,"nominatorName":{"fi":"Suomen Keskusta","sv":"Centern i Finland","en":"Centre Party of Finland"},"caid":15,"position":0,"gender":"1","comparisonData":{"totalVotes":81,"votesTotalChange":-1},"edid":12,"comparativeIndex":0.0,"electionDayVotesPercent":3.1,"nominatorAbbr":{"fi":"KESK","sv":"C","en":"CENT"}},{"age":53,"advanceVotesPercent":2.3,"lastname":"Savola","occupation":"luokanopettaja, kasvatust. maisteri","advanceVotes":38,"npid":1,"totalVotes":80,"spid":1,"abbr":"KESK","municipalCouncilor":false,"muid":69,"alid":1,"firstname":"Ulla","electionDayVotes":42,"pid":"2","finalPosition":0,"electedInformation":"ELECTED","totalVotesPercent":2.7,"nominatorName":{"fi":"Suomen Keskusta","sv":"Centern i Finland","en":"Centre Party of Finland"},"caid":17,"position":0,"gender":"2","comparisonData":{"totalVotes":39,"votesTotalChange":41},"edid":12,"comparativeIndex":0.0,"electionDayVotesPercent":3.3,"nominatorAbbr":{"fi":"KESK","sv":"C","en":"CENT"}},{"age":30,"advanceVotesPercent":2.1,"lastname":"Vainio","occupation":"yrittäjä, betonityöntekijä","advanceVotes":34,"npid":2,"totalVotes":71,"spid":3,"abbr":"PS","municipalCouncilor":false,"muid":69,"alid":2,"firstname":"Samuel","electionDayVotes":37,"pid":"23","finalPosition":0,"electedInformation":"ELECTED","totalVotesPercent":2.4,"nominatorName":{"fi":"Perussuomalaiset","sv":"Sannfinländarna","en":"The Finns Party"},"caid":24,"position":0,"gender":"1","comparisonData":{"totalVotes":0,"votesTotalChange":71},"edid":12,"comparativeIndex":0.0,"electionDayVotesPercent":2.9,"nominatorAbbr":{"fi":"PS","sv":"Sannf","en":"FINNS"}},{"age":57,"advanceVotesPercent":2.2,"lastname":"Kananen","occupation":"metsäasiantuntija","advanceVotes":37,"npid":1,"totalVotes":69,"spid":1,"abbr":"KESK","municipalCouncilor":true,"muid":69,"alid":1,"firstname":"Unto","electionDayVotes":32,"pid":"2","finalPosition":0,"electedInformation":"ELECTED","totalVotesPercent":2.4,"nominatorName":{"fi":"Suomen Keskusta","sv":"Centern i Finland","en":"Centre Party of Finland"},"caid":8,"position":0,"gender":"1","comparisonData":{"totalVotes":67,"votesTotalChange":2},"edid":12,"comparativeIndex":0.0,"electionDayVotesPercent":2.5,"nominatorAbbr":{"fi":"KESK","sv":"C","en":"CENT"}},{"age":36,"advanceVotesPercent":2.1,"lastname":"Murisoja","occupation":"lataamotyöntekijä","advanceVotes":34,"npid":3,"totalVotes":67,"spid":2,"abbr":"KOK","municipalCouncilor":false,"muid":69,"alid":3,"firstname":"Juha","electionDayVotes":33,"pid":"4","finalPosition":0,"electedInformation":"ON_SUBSTITUTE_PLACE","totalVotesPercent":2.3,"nominatorName":{"fi":"Kansallinen Kokoomus","sv":"Samlingspartiet","en":"National Coalition Party"},"caid":29,"position":0,"gender":"1","comparisonData":{"totalVotes":0,"votesTotalChange":67},"edid":12,"comparativeIndex":0.0,"electionDayVotesPercent":2.6,"nominatorAbbr":{"fi":"KOK","sv":"Saml","en":"NCP"}},{"age":69,"advanceVotesPercent":2.1,"lastname":"Ekman","occupation":"opistoupseeri evp","advanceVotes":34,"npid":1,"totalVotes":64,"spid":1,"abbr":"KESK","municipalCouncilor":true,"muid":69,"alid":1,"firstname":"Veikko","electionDayVotes":30,"pid":"2","finalPosition":0,"electedInformation":"ELECTED","totalVotesPercent":2.2,"nominatorName":{"fi":"Suomen Keskusta","sv":"Centern i Finland","en":"Centre Party of Finland"},"caid":5,"position":0,"gender":"1","comparisonData":{"totalVotes":67,"votesTotalChange":-3},"edid":12,"comparativeIndex":0.0,"electionDayVotesPercent":2.3,"nominatorAbbr":{"fi":"KESK","sv":"C","en":"CENT"}},{"age":56,"advanceVotesPercent":2.0,"lastname":"Alanko","occupation":"rikoskomisario","advanceVotes":33,"npid":1,"totalVotes":62,"spid":1,"abbr":"KESK","municipalCouncilor":false,"muid":69,"alid":1,"firstname":"Simo","electionDayVotes":29,"pid":"2","finalPosition":0,"electedInformation":"ELECTED","totalVotesPercent":2.1,"nominatorName":{"fi":"Suomen Keskusta","sv":"Centern i Finland","en":"Centre Party of Finland"},"caid":3,"position":0,"gender":"1","comparisonData":{"totalVotes":0,"votesTotalChange":62},"edid":12,"comparativeIndex":0.0,"electionDayVotesPercent":2.3,"nominatorAbbr":{"fi":"KESK","sv":"C","en":"CENT"}},{"age":53,"advanceVotesPercent":2.4,"lastname":"Mäntylä","occupation":"yrittäjä","advanceVotes":40,"npid":2,"totalVotes":58,"spid":3,"abbr":"PS","municipalCouncilor":true,"muid":69,"alid":2,"firstname":"Mauri","electionDayVotes":18,"pid":"23","finalPosition":0,"electedInformation":"ELECTED","totalVotesPercent":2.0,"nominatorName":{"fi":"Perussuomalaiset","sv":"Sannfinländarna","en":"The Finns Party"},"caid":22,"position":0,"gender":"1","comparisonData":{"totalVotes":137,"votesTotalChange":-79},"edid":12,"comparativeIndex":0.0,"electionDayVotesPercent":1.4,"nominatorAbbr":{"fi":"PS","sv":"Sannf","en":"FINNS"}},{"age":57,"advanceVotesPercent":1.3,"lastname":"Autio","occupation":"huoltomies","advanceVotes":22,"npid":1,"totalVotes":52,"spid":1,"abbr":"KESK","municipalCouncilor":false,"muid":69,"alid":1,"firstname":"Eero","electionDayVotes":30,"pid":"2","finalPosition":0,"electedInformation":"ELECTED","totalVotesPercent":1.8,"nominatorName":{"fi":"Suomen Keskusta","sv":"Centern i Finland","en":"Centre Party of Finland"},"caid":4,"position":0,"gender":"1","comparisonData":{"totalVotes":0,"votesTotalChange":52},"edid":12,"comparativeIndex":0.0,"electionDayVotesPercent":2.3,"nominatorAbbr":{"fi":"KESK","sv":"C","en":"CENT"}},{"age":33,"advanceVotesPercent":1.3,"lastname":"Peltokorpi","occupation":"hitsaaja","advanceVotes":21,"npid":1,"totalVotes":50,"spid":1,"abbr":"KESK","municipalCouncilor":false,"muid":69,"alid":1,"firstname":"Jussi","electionDayVotes":29,"pid":"2","finalPosition":0,"electedInformation":"ELECTED","totalVotesPercent":1.7,"nominatorName":{"fi":"Suomen Keskusta","sv":"Centern i Finland","en":"Centre Party of Finland"},"caid":12,"position":0,"gender":"1","comparisonData":{"totalVotes":28,"votesTotalChange":22},"edid":12,"comparativeIndex":0.0,"electionDayVotesPercent":2.3,"nominatorAbbr":{"fi":"KESK","sv":"C","en":"CENT"}},{"age":59,"advanceVotesPercent":2.3,"lastname":"Pekonen","occupation":"maanviljelijä","advanceVotes":38,"npid":1,"totalVotes":49,"spid":1,"abbr":"KESK","municipalCouncilor":false,"muid":69,"alid":1,"firstname":"Jouko","electionDayVotes":11,"pid":"2","finalPosition":0,"electedInformation":"ELECTED","totalVotesPercent":1.7,"nominatorName":{"fi":"Suomen Keskusta","sv":"Centern i Finland","en":"Centre Party of Finland"},"caid":14,"position":0,"gender":"1","comparisonData":{"totalVotes":0,"votesTotalChange":49},"edid":12,"comparativeIndex":0.0,"electionDayVotesPercent":0.9,"nominatorAbbr":{"fi":"KESK","sv":"C","en":"CENT"}},{"age":68,"advanceVotesPercent":1.9,"lastname":"Viitala","occupation":"yrittäjä, eläkeläinen","advanceVotes":32,"npid":2,"totalVotes":47,"spid":3,"abbr":"PS","municipalCouncilor":true,"muid":69,"alid":2,"firstname":"Matti","electionDayVotes":15,"pid":"23","finalPosition":0,"electedInformation":"ELECTED","totalVotesPercent":1.6,"nominatorName":{"fi":"Perussuomalaiset","sv":"Sannfinländarna","en":"The Finns Party"},"caid":25,"position":0,"gender":"1","comparisonData":{"totalVotes":110,"votesTotalChange":-63},"edid":12,"comparativeIndex":0.0,"electionDayVotesPercent":1.2,"nominatorAbbr":{"fi":"PS","sv":"Sannf","en":"FINNS"}},{"age":56,"advanceVotesPercent":1.0,"lastname":"Tenkula","occupation":"kouluttaja, monitoimifreelancer","advanceVotes":17,"npid":4,"totalVotes":47,"spid":4,"abbr":"SDP","municipalCouncilor":false,"muid":69,"alid":4,"firstname":"Mauri","electionDayVotes":30,"pid":"1","finalPosition":0,"electedInformation":"ELECTED","totalVotesPercent":1.6,"nominatorName":{"fi":"Suomen Sosialidemokraattinen Puolue","sv":"Finlands Socialdemokratiska Parti","en":"The Finnish Social Democratic Party"},"caid":41,"position":0,"gender":"1","comparisonData":{"totalVotes":45,"votesTotalChange":2},"edid":12,"comparativeIndex":0.0,"electionDayVotesPercent":2.3,"nominatorAbbr":{"fi":"SDP","sv":"SDP","en":"SDP"}},{"age":57,"advanceVotesPercent":1.3,"lastname":"Soranta","occupation":"metsäyrittäjä","advanceVotes":22,"npid":1,"totalVotes":45,"spid":1,"abbr":"KESK","municipalCouncilor":false,"muid":69,"alid":1,"firstname":"Hilkka","electionDayVotes":23,"pid":"2","finalPosition":0,"electedInformation":"ELECTED","totalVotesPercent":1.5,"nominatorName":{"fi":"Suomen Keskusta","sv":"Centern i Finland","en":"Centre Party of Finland"},"caid":18,"position":0,"gender":"2","comparisonData":{"totalVotes":0,"votesTotalChange":45},"edid":12,"comparativeIndex":0.0,"electionDayVotesPercent":1.8,"nominatorAbbr":{"fi":"KESK","sv":"C","en":"CENT"}},{"age":55,"advanceVotesPercent":1.5,"lastname":"Vuolteenaho","occupation":"kiinteistönhoitaja","advanceVotes":24,"npid":2,"totalVotes":43,"spid":3,"abbr":"PS","municipalCouncilor":false,"muid":69,"alid":2,"firstname":"Lasse","electionDayVotes":19,"pid":"23","finalPosition":0,"electedInformation":"ON_SUBSTITUTE_PLACE","totalVotesPercent":1.5,"nominatorName":{"fi":"Perussuomalaiset","sv":"Sannfinländarna","en":"The Finns Party"},"caid":26,"position":0,"gender":"1","comparisonData":{"totalVotes":0,"votesTotalChange":43},"edid":12,"comparativeIndex":0.0,"electionDayVotesPercent":1.5,"nominatorAbbr":{"fi":"PS","sv":"Sannf","en":"FINNS"}},{"age":71,"advanceVotesPercent":1.9,"lastname":"Puranen","occupation":"eläkeläinen","advanceVotes":31,"npid":4,"totalVotes":42,"spid":4,"abbr":"SDP","municipalCouncilor":true,"muid":69,"alid":4,"firstname":"Reijo","electionDayVotes":11,"pid":"1","finalPosition":0,"electedInformation":"ELECTED","totalVotesPercent":1.4,"nominatorName":{"fi":"Suomen Sosialidemokraattinen Puolue","sv":"Finlands Socialdemokratiska Parti","en":"The Finnish Social Democratic Party"},"caid":40,"position":0,"gender":"1","comparisonData":{"totalVotes":54,"votesTotalChange":-12},"edid":12,"comparativeIndex":0.0,"electionDayVotesPercent":0.9,"nominatorAbbr":{"fi":"SDP","sv":"SDP","en":"SDP"}},{"age":76,"advanceVotesPercent":1.7,"lastname":"Lapinoja","occupation":"opettaja, eläkeläinen","advanceVotes":28,"npid":1,"totalVotes":37,"spid":1,"abbr":"KESK","municipalCouncilor":true,"muid":69,"alid":1,"firstname":"Esko","electionDayVotes":9,"pid":"2","finalPosition":0,"electedInformation":"ON_SUBSTITUTE_PLACE","totalVotesPercent":1.3,"nominatorName":{"fi":"Suomen Keskusta","sv":"Centern i Finland","en":"Centre Party of Finland"},"caid":9,"position":0,"gender":"1","comparisonData":{"totalVotes":59,"votesTotalChange":-22},"edid":12,"comparativeIndex":0.0,"electionDayVotesPercent":0.7,"nominatorAbbr":{"fi":"KESK","sv":"C","en":"CENT"}},{"age":71,"advanceVotesPercent":1.5,"lastname":"Tolonen","occupation":"eläkeläinen, yrittäjä","advanceVotes":24,"npid":1,"totalVotes":34,"spid":1,"abbr":"KESK","municipalCouncilor":false,"muid":69,"alid":1,"firstname":"Hannes","electionDayVotes":10,"pid":"2","finalPosition":0,"electedInformation":"ON_SUBSTITUTE_PLACE","totalVotesPercent":1.2,"nominatorName":{"fi":"Suomen Keskusta","sv":"Centern i Finland","en":"Centre Party of Finland"},"caid":19,"position":0,"gender":"1","comparisonData":{"totalVotes":43,"votesTotalChange":-9},"edid":12,"comparativeIndex":0.0,"electionDayVotesPercent":0.8,"nominatorAbbr":{"fi":"KESK","sv":"C","en":"CENT"}},{"age":57,"advanceVotesPercent":1.5,"lastname":"Härkönen","occupation":"autonkuljettaja","advanceVotes":24,"npid":4,"totalVotes":34,"spid":4,"abbr":"SDP","municipalCouncilor":false,"muid":69,"alid":4,"firstname":"Harri","electionDayVotes":10,"pid":"1","finalPosition":0,"electedInformation":"ELECTED","totalVotesPercent":1.2,"nominatorName":{"fi":"Suomen Sosialidemokraattinen Puolue","sv":"Finlands Socialdemokratiska Parti","en":"The Finnish Social Democratic Party"},"caid":31,"position":0,"gender":"1","comparisonData":{"totalVotes":33,"votesTotalChange":1},"edid":12,"comparativeIndex":0.0,"electionDayVotesPercent":0.8,"nominatorAbbr":{"fi":"SDP","sv":"SDP","en":"SDP"}},{"age":64,"advanceVotesPercent":1.3,"lastname":"Kukkola","occupation":"siivoustyönjohtaja","advanceVotes":22,"npid":4,"totalVotes":33,"spid":4,"abbr":"SDP","municipalCouncilor":false,"muid":69,"alid":4,"firstname":"Aila","electionDayVotes":11,"pid":"1","finalPosition":0,"electedInformation":"ON_SUBSTITUTE_PLACE","totalVotesPercent":1.1,"nominatorName":{"fi":"Suomen Sosialidemokraattinen Puolue","sv":"Finlands Socialdemokratiska Parti","en":"The Finnish Social Democratic Party"},"caid":32,"position":0,"gender":"2","comparisonData":{"totalVotes":24,"votesTotalChange":9},"edid":12,"comparativeIndex":0.0,"electionDayVotesPercent":0.9,"nominatorAbbr":{"fi":"SDP","sv":"SDP","en":"SDP"}},{"age":70,"advanceVotesPercent":1.4,"lastname":"Ilvesvuori","occupation":"hammaslääkäri","advanceVotes":23,"npid":3,"totalVotes":32,"spid":2,"abbr":"KOK","municipalCouncilor":false,"muid":69,"alid":3,"firstname":"Tuomo","electionDayVotes":9,"pid":"4","finalPosition":0,"electedInformation":"ON_SUBSTITUTE_PLACE","totalVotesPercent":1.1,"nominatorName":{"fi":"Kansallinen Kokoomus","sv":"Samlingspartiet","en":"National Coalition Party"},"caid":28,"position":0,"gender":"1","comparisonData":{"totalVotes":0,"votesTotalChange":32},"edid":12,"comparativeIndex":0.0,"electionDayVotesPercent":0.7,"nominatorAbbr":{"fi":"KOK","sv":"Saml","en":"NCP"}},{"age":60,"advanceVotesPercent":0.9,"lastname":"Aho","occupation":"eläkeläinen, kapteeni evp","advanceVotes":15,"npid":1,"totalVotes":31,"spid":1,"abbr":"KESK","municipalCouncilor":false,"muid":69,"alid":1,"firstname":"Raimo","electionDayVotes":16,"pid":"2","finalPosition":0,"electedInformation":"ON_SUBSTITUTE_PLACE","totalVotesPercent":1.1,"nominatorName":{"fi":"Suomen Keskusta","sv":"Centern i Finland","en":"Centre Party of Finland"},"caid":2,"position":0,"gender":"1","comparisonData":{"totalVotes":0,"votesTotalChange":31},"edid":12,"comparativeIndex":0.0,"electionDayVotesPercent":1.2,"nominatorAbbr":{"fi":"KESK","sv":"C","en":"CENT"}},{"age":61,"advanceVotesPercent":1.3,"lastname":"Ristolainen","occupation":"lataamotyöntekijä","advanceVotes":22,"npid":2,"totalVotes":31,"spid":3,"abbr":"PS","municipalCouncilor":true,"muid":69,"alid":2,"firstname":"Matti","electionDayVotes":9,"pid":"23","finalPosition":0,"electedInformation":"ON_SUBSTITUTE_PLACE","totalVotesPercent":1.1,"nominatorName":{"fi":"Perussuomalaiset","sv":"Sannfinländarna","en":"The Finns Party"},"caid":23,"position":0,"gender":"1","comparisonData":{"totalVotes":45,"votesTotalChange":-14},"edid":12,"comparativeIndex":0.0,"electionDayVotesPercent":0.7,"nominatorAbbr":{"fi":"PS","sv":"Sannf","en":"FINNS"}},{"age":50,"advanceVotesPercent":1.0,"lastname":"Perttula","occupation":"eläkeläinen","advanceVotes":17,"npid":4,"totalVotes":26,"spid":4,"abbr":"SDP","municipalCouncilor":false,"muid":69,"alid":4,"firstname":"Juha","electionDayVotes":9,"pid":"1","finalPosition":0,"electedInformation":"ON_SUBSTITUTE_PLACE","totalVotesPercent":0.9,"nominatorName":{"fi":"Suomen Sosialidemokraattinen Puolue","sv":"Finlands Socialdemokratiska Parti","en":"The Finnish Social Democratic Party"},"caid":39,"position":0,"gender":"1","comparisonData":{"totalVotes":0,"votesTotalChange":26},"edid":12,"comparativeIndex":0.0,"electionDayVotesPercent":0.7,"nominatorAbbr":{"fi":"SDP","sv":"SDP","en":"SDP"}},{"age":46,"advanceVotesPercent":0.7,"lastname":"Vedenpää","occupation":"opiskelija","advanceVotes":12,"npid":4,"totalVotes":26,"spid":4,"abbr":"SDP","municipalCouncilor":false,"muid":69,"alid":4,"firstname":"Sari","electionDayVotes":14,"pid":"1","finalPosition":0,"electedInformation":"ON_SUBSTITUTE_PLACE","totalVotesPercent":0.9,"nominatorName":{"fi":"Suomen Sosialidemokraattinen Puolue","sv":"Finlands Socialdemokratiska Parti","en":"The Finnish Social Democratic Party"},"caid":42,"position":0,"gender":"2","comparisonData":{"totalVotes":0,"votesTotalChange":26},"edid":12,"comparativeIndex":0.0,"electionDayVotesPercent":1.1,"nominatorAbbr":{"fi":"SDP","sv":"SDP","en":"SDP"}},{"age":76,"advanceVotesPercent":1.0,"lastname":"Isoniemi","occupation":"eläkeläinen, maanviljelijä","advanceVotes":17,"npid":1,"totalVotes":25,"spid":1,"abbr":"KESK","municipalCouncilor":true,"muid":69,"alid":1,"firstname":"Esko","electionDayVotes":8,"pid":"2","finalPosition":0,"electedInformation":"ON_SUBSTITUTE_PLACE","totalVotesPercent":0.9,"nominatorName":{"fi":"Suomen Keskusta","sv":"Centern i Finland","en":"Centre Party of Finland"},"caid":7,"position":0,"gender":"1","comparisonData":{"totalVotes":59,"votesTotalChange":-34},"edid":12,"comparativeIndex":0.0,"electionDayVotesPercent":0.6,"nominatorAbbr":{"fi":"KESK","sv":"C","en":"CENT"}},{"age":67,"advanceVotesPercent":0.7,"lastname":"Kopsa","occupation":"autonkuljettaja, eläkeläinen","advanceVotes":12,"npid":2,"totalVotes":20,"spid":3,"abbr":"PS","municipalCouncilor":false,"muid":69,"alid":2,"firstname":"Jorma","electionDayVotes":8,"pid":"23","finalPosition":0,"electedInformation":"ON_SUBSTITUTE_PLACE","totalVotesPercent":0.7,"nominatorName":{"fi":"Perussuomalaiset","sv":"Sannfinländarna","en":"The Finns Party"},"caid":20,"position":0,"gender":"1","comparisonData":{"totalVotes":39,"votesTotalChange":-19},"edid":12,"comparativeIndex":0.0,"electionDayVotesPercent":0.6,"nominatorAbbr":{"fi":"PS","sv":"Sannf","en":"FINNS"}},{"age":63,"advanceVotesPercent":0.6,"lastname":"Lepola","occupation":"eläkeläinen","advanceVotes":10,"npid":2,"totalVotes":20,"spid":3,"abbr":"PS","municipalCouncilor":false,"muid":69,"alid":2,"firstname":"Ilkka","electionDayVotes":10,"pid":"23","finalPosition":0,"electedInformation":"NOT_ELECTED","totalVotesPercent":0.7,"nominatorName":{"fi":"Perussuomalaiset","sv":"Sannfinländarna","en":"The Finns Party"},"caid":21,"position":0,"gender":"1","comparisonData":{"totalVotes":0,"votesTotalChange":20},"edid":12,"comparativeIndex":0.0,"electionDayVotesPercent":0.8,"nominatorAbbr":{"fi":"PS","sv":"Sannf","en":"FINNS"}},{"age":75,"advanceVotesPercent":0.7,"lastname":"Kumpula","occupation":"ammattiopettaja, keittiömestari","advanceVotes":12,"npid":4,"totalVotes":17,"spid":4,"abbr":"SDP","municipalCouncilor":false,"muid":69,"alid":4,"firstname":"Vote","electionDayVotes":5,"pid":"1","finalPosition":0,"electedInformation":"ON_SUBSTITUTE_PLACE","totalVotesPercent":0.6,"nominatorName":{"fi":"Suomen Sosialidemokraattinen Puolue","sv":"Finlands Socialdemokratiska Parti","en":"The Finnish Social Democratic Party"},"caid":33,"position":0,"gender":"1","comparisonData":{"totalVotes":0,"votesTotalChange":17},"edid":12,"comparativeIndex":0.0,"electionDayVotesPercent":0.4,"nominatorAbbr":{"fi":"SDP","sv":"SDP","en":"SDP"}},{"age":75,"advanceVotesPercent":0.4,"lastname":"Heikkilä","occupation":"eläkeläinen","advanceVotes":6,"npid":4,"totalVotes":7,"spid":4,"abbr":"SDP","municipalCouncilor":false,"muid":69,"alid":4,"firstname":"Hannu E.","electionDayVotes":1,"pid":"1","finalPosition":0,"electedInformation":"ON_SUBSTITUTE_PLACE","totalVotesPercent":0.2,"nominatorName":{"fi":"Suomen Sosialidemokraattinen Puolue","sv":"Finlands Socialdemokratiska Parti","en":"The Finnish Social Democratic Party"},"caid":30,"position":0,"gender":"1","comparisonData":{"totalVotes":19,"votesTotalChange":-12},"edid":12,"comparativeIndex":0.0,"electionDayVotesPercent":0.1,"nominatorAbbr":{"fi":"SDP","sv":"SDP","en":"SDP"}}],"municipalityPollingDistricts":[{"name":{"fi":"Haapajärvi","sv":"Haapajärvi"},"calculationStatusPercent":100.0,"joinedArea":false,"muid":69,"totalVotingInFinlandTurnout":53.0,"identification":"001","pdid":"001","eligibleVotersInFinlandTotal":5569,"edid":12,"mergedToPdid":""}],"municipality":{"muid":69,"edid":12,"name":{"fi":"Haapajärvi","sv":"Haapajärvi"}}}