{"version":20,"created":"2017-04-09T18:27:13.516Z","electionDetails":{"electionId":"kv2017","electionDate":"2017-04-09T00:00:00.000Z","electionDataPublishTime":"2017-04-09T17:00:00.000Z","name":{"fi":"Kuntavaalit 2017","sv":"Kommunalval 2017","en":"Elections 2017"},"previousElections":{"correspondingCompareElection":{"electionId":"kv2012","electionDate":"2012-10-28T00:00:00.000Z","name":{"fi":"Kuntavaalit 2012","en":"Municipal elections 2012","sv":"Kommunalval 2012"}},"otherCompareElection":{"electionId":"ev2015","electionDate":"2015-04-19T00:00:00.000Z","name":{"fi":"Eduskuntavaalit 2015","en":"Parliamentary election 2015","sv":"Riksdagsval 2015"}}}},"calculationStatus":{"electionDayVotingTurnout":36.1,"invalidAdvanceVotes":2,"calculationPhase":"INITIAL","invalidElectionDayVotes":1,"approvedAdvanceVotes":321,"advanceVotingTurnout":29.6,"totalVotingTurnoutAbroad":0.0,"name":{"fi":"Björkboda-Kulla","sv":"Björkboda-Kulla"},"calculationStatusPercent":100.0,"advanceVotes":323,"electionDayVotingTurnoutAbroad":0.0,"approvedTotalVotes":715,"totalVotes":718,"muid":322,"totalVotingInFinlandTurnout":65.7,"advanceVotingTurnoutAbroad":0.0,"invalidTotalVotes":3,"totalVotingTurnout":65.7,"electionDayVotes":395,"electionDayVotesInFinland":395,"pdid":"002","totalVotesInFinlandMen":0,"eligibleVotersInFinlandTotal":1093,"calculationStatusPercentElectionDayVotes":100.0,"sourceRecordModificationTime":"20170409210119","otherCompareElection":{"eid":"","eligibleVotersInFinlandTotal":0,"advanceVotingInFinlandTurnout":0.0,"electionDayVotingInFinlandTurnout":0.0,"totalVotingInFinlandTurnout":0.0,"approvedVotesTotal":0,"invalidVotesTotal":0},"correspondingCompareElection":{"eid":"","eligibleVotersInFinlandTotal":0,"advanceVotingInFinlandTurnout":0.0,"electionDayVotingInFinlandTurnout":0.0,"totalVotingInFinlandTurnout":0.0,"approvedVotesTotal":0,"invalidVotesTotal":0,"seats":0},"approvedElectionDayVotes":394,"edid":3,"calculationStatusPercentAdvanceVotes":100.0,"electionDayVotingInFinlandTurnout":36.1,"seats":0,"eligibleVotersTotal":1093,"advanceVotesInFinland":323,"advanceVotingInFinlandTurnout":29.6,"totalVotesInFinland":718},"partyResults":[{"advanceVotesPercent":40.2,"name":{"fi":"Suomen ruotsalainen kansanpuolue","sv":"Svenska folkpartiet i Finland","en":"Swedish People's Party in Finland"},"advanceVotes":129,"npid":6,"totalVotes":296,"spid":7,"abbr":{"fi":"RKP","sv":"SFP","en":"SPP"},"alid":6,"electionDayVotes":167,"pid":"5","totalVotesPercent":41.4,"nominatorName":{"fi":"Suomen ruotsalainen kansanpuolue","sv":"Svenska folkpartiet i Finland","en":"Swedish People's Party in Finland"},"compareData":{"otherCompareElection":{"votesTotalChange":0,"votesTotalPercentChange":0.0,"votesTotal":296,"votesTotalPercent":41.4},"correspondingCompareElection":{"votesTotalChange":0,"votesTotalPercentChange":0.0,"seatChange":0,"votesTotal":296,"votesTotalPercent":41.4,"seatsTotal":0}},"seats":0,"electionDayVotesPercent":42.4,"nominatorAbbr":{"fi":"RKP","sv":"SFP","en":"SPP"}},{"advanceVotesPercent":26.8,"name":{"fi":"Muut ryhmät","sv":"Övriga grupper","en":"Other groups"},"advanceVotes":86,"npid":8,"totalVotes":186,"spid":99,"abbr":{"fi":"Muut","sv":"Övriga","en":"Others"},"alid":8,"electionDayVotes":100,"pid":"3228","totalVotesPercent":26.0,"nominatorName":{"fi":"Fri samverkan Gemensam lista, Vapaa Yhteistoiminta Yhteislista","sv":"Fri samverkan Gemensam lista, Vapaa Yhteistoiminta Yhteislista","en":"Fri samverkan Gemensam lista, Vapaa Yhteistoiminta Yhteislista"},"compareData":{"otherCompareElection":{"votesTotalChange":0,"votesTotalPercentChange":0.0,"votesTotal":186,"votesTotalPercent":26.0},"correspondingCompareElection":{"votesTotalChange":0,"votesTotalPercentChange":0.0,"seatChange":0,"votesTotal":186,"votesTotalPercent":26.0,"seatsTotal":0}},"seats":0,"electionDayVotesPercent":25.4,"nominatorAbbr":{"fi":"FS/VY","sv":"FS/VY","en":"FS/VY"}},{"advanceVotesPercent":13.7,"name":{"fi":"Suomen Sosialidemokraattinen Puolue","sv":"Finlands Socialdemokratiska Parti","en":"The Finnish Social Democratic Party"},"advanceVotes":44,"npid":2,"totalVotes":108,"spid":4,"abbr":{"fi":"SDP","sv":"SDP","en":"SDP"},"alid":2,"electionDayVotes":64,"pid":"1","totalVotesPercent":15.1,"nominatorName":{"fi":"Suomen Sosialidemokraattinen Puolue","sv":"Finlands Socialdemokratiska Parti","en":"The Finnish Social Democratic Party"},"compareData":{"otherCompareElection":{"votesTotalChange":0,"votesTotalPercentChange":0.0,"votesTotal":108,"votesTotalPercent":15.1},"correspondingCompareElection":{"votesTotalChange":0,"votesTotalPercentChange":0.0,"seatChange":0,"votesTotal":108,"votesTotalPercent":15.1,"seatsTotal":0}},"seats":0,"electionDayVotesPercent":16.2,"nominatorAbbr":{"fi":"SDP","sv":"SDP","en":"SDP"}},{"advanceVotesPercent":10.9,"name":{"fi":"Vasemmistoliitto","sv":"Vänsterförbundet","en":"The Left Alliance"},"advanceVotes":35,"npid":4,"totalVotes":58,"spid":6,"abbr":{"fi":"VAS","sv":"VF","en":"LEFT"},"alid":4,"electionDayVotes":23,"pid":"15","totalVotesPercent":8.1,"nominatorName":{"fi":"Vasemmistoliitto","sv":"Vänsterförbundet","en":"The Left Alliance"},"compareData":{"otherCompareElection":{"votesTotalChange":0,"votesTotalPercentChange":0.0,"votesTotal":58,"votesTotalPercent":8.1},"correspondingCompareElection":{"votesTotalChange":0,"votesTotalPercentChange":0.0,"seatChange":0,"votesTotal":58,"votesTotalPercent":8.1,"seatsTotal":0}},"seats":0,"electionDayVotesPercent":5.8,"nominatorAbbr":{"fi":"VAS","sv":"VF","en":"LEFT"}},{"advanceVotesPercent":4.7,"name":{"fi":"Vihreä liitto","sv":"Gröna förbundet","en":"Green League"},"advanceVotes":15,"npid":1,"totalVotes":37,"spid":5,"abbr":{"fi":"VIHR","sv":"Gröna","en":"GREEN"},"alid":1,"electionDayVotes":22,"pid":"13","totalVotesPercent":5.2,"nominatorName":{"fi":"Vihreä liitto","sv":"Gröna förbundet","en":"Green League"},"compareData":{"otherCompareElection":{"votesTotalChange":0,"votesTotalPercentChange":0.0,"votesTotal":37,"votesTotalPercent":5.2},"correspondingCompareElection":{"votesTotalChange":0,"votesTotalPercentChange":0.0,"seatChange":0,"votesTotal":37,"votesTotalPercent":5.2,"seatsTotal":0}},"seats":0,"electionDayVotesPercent":5.6,"nominatorAbbr":{"fi":"VIHR","sv":"Gröna","en":"GREEN"}},{"advanceVotesPercent":3.1,"name":{"fi":"Kansallinen Kokoomus","sv":"Samlingspartiet","en":"National Coalition Party"},"advanceVotes":10,"npid":5,"totalVotes":20,"spid":2,"abbr":{"fi":"KOK","sv":"Saml","en":"NCP"},"alid":5,"electionDayVotes":10,"pid":"4","totalVotesPercent":2.8,"nominatorName":{"fi":"Kansallinen Kokoomus","sv":"Samlingspartiet","en":"National Coalition Party"},"compareData":{"otherCompareElection":{"votesTotalChange":0,"votesTotalPercentChange":0.0,"votesTotal":20,"votesTotalPercent":2.8},"correspondingCompareElection":{"votesTotalChange":0,"votesTotalPercentChange":0.0,"seatChange":0,"votesTotal":20,"votesTotalPercent":2.8,"seatsTotal":0}},"seats":0,"electionDayVotesPercent":2.5,"nominatorAbbr":{"fi":"KOK","sv":"Saml","en":"NCP"}},{"advanceVotesPercent":0.6,"name":{"fi":"Suomen Keskusta","sv":"Centern i Finland","en":"Centre Party of Finland"},"advanceVotes":2,"npid":3,"totalVotes":10,"spid":1,"abbr":{"fi":"KESK","sv":"C","en":"CENT"},"alid":3,"electionDayVotes":8,"pid":"2","totalVotesPercent":1.4,"nominatorName":{"fi":"Suomen Keskusta","sv":"Centern i Finland","en":"Centre Party of Finland"},"compareData":{"otherCompareElection":{"votesTotalChange":0,"votesTotalPercentChange":0.0,"votesTotal":10,"votesTotalPercent":1.4},"correspondingCompareElection":{"votesTotalChange":0,"votesTotalPercentChange":0.0,"seatChange":0,"votesTotal":10,"votesTotalPercent":1.4,"seatsTotal":0}},"seats":0,"electionDayVotesPercent":2.0,"nominatorAbbr":{"fi":"KESK","sv":"C","en":"CENT"}},{"advanceVotesPercent":0.0,"name":{"fi":"Perussuomalaiset","sv":"Sannfinländarna","en":"The Finns Party"},"advanceVotes":0,"npid":7,"totalVotes":0,"spid":3,"abbr":{"fi":"PS","sv":"Sannf","en":"FINNS"},"alid":7,"electionDayVotes":0,"pid":"23","totalVotesPercent":0.0,"nominatorName":{"fi":"Perussuomalaiset","sv":"Sannfinländarna","en":"The Finns Party"},"compareData":{"otherCompareElection":{"votesTotalChange":0,"votesTotalPercentChange":0.0,"votesTotal":0,"votesTotalPercent":0.0},"correspondingCompareElection":{"votesTotalChange":0,"votesTotalPercentChange":0.0,"seatChange":0,"votesTotal":0,"votesTotalPercent":0.0,"seatsTotal":0}},"seats":0,"electionDayVotesPercent":0.0,"nominatorAbbr":{"fi":"PS","sv":"Sannf","en":"FINNS"}}],"candidateResults":[{"age":70,"advanceVotesPercent":8.7,"lastname":"Enestam","occupation":"minister, pensionär","advanceVotes":28,"npid":6,"totalVotes":58,"spid":7,"abbr":"RKP","municipalCouncilor":false,"muid":322,"alid":6,"firstname":"Jan-Erik","electionDayVotes":30,"pid":"5","finalPosition":0,"electedInformation":"ELECTED","totalVotesPercent":8.1,"nominatorName":{"fi":"Suomen ruotsalainen kansanpuolue","sv":"Svenska folkpartiet i Finland","en":"Swedish People's Party in Finland"},"caid":55,"position":0,"gender":"1","comparisonData":{"totalVotes":0,"votesTotalChange":58},"edid":3,"comparativeIndex":0.0,"electionDayVotesPercent":7.6,"nominatorAbbr":{"fi":"RKP","sv":"SFP","en":"SPP"}},{"age":54,"advanceVotesPercent":4.4,"lastname":"Friman","occupation":"företagare, yrittäjä","advanceVotes":14,"npid":8,"totalVotes":40,"spid":99,"abbr":"Muut","municipalCouncilor":true,"muid":322,"alid":8,"firstname":"Rune","electionDayVotes":26,"pid":"3228","finalPosition":0,"electedInformation":"ELECTED","totalVotesPercent":5.6,"nominatorName":{"fi":"Fri samverkan Gemensam lista, Vapaa Yhteistoiminta Yhteislista","sv":"Fri samverkan Gemensam lista, Vapaa Yhteistoiminta Yhteislista","en":"Fri samverkan Gemensam lista, Vapaa Yhteistoiminta Yhteislista"},"caid":83,"position":0,"gender":"1","comparisonData":{"totalVotes":313,"votesTotalChange":-273},"edid":3,"comparativeIndex":0.0,"electionDayVotesPercent":6.6,"nominatorAbbr":{"fi":"FS/VY","sv":"FS/VY","en":"FS/VY"}},{"age":60,"advanceVotesPercent":3.1,"lastname":"Wendelin","occupation":"företagare, yrittäjä","advanceVotes":10,"npid":6,"totalVotes":37,"spid":7,"abbr":"RKP","municipalCouncilor":false,"muid":322,"alid":6,"firstname":"Kim","electionDayVotes":27,"pid":"5","finalPosition":0,"electedInformation":"ELECTED","totalVotesPercent":5.2,"nominatorName":{"fi":"Suomen ruotsalainen kansanpuolue","sv":"Svenska folkpartiet i Finland","en":"Swedish People's Party in Finland"},"caid":73,"position":0,"gender":"1","comparisonData":{"totalVotes":40,"votesTotalChange":-3},"edid":3,"comparativeIndex":0.0,"electionDayVotesPercent":6.9,"nominatorAbbr":{"fi":"RKP","sv":"SFP","en":"SPP"}},{"age":65,"advanceVotesPercent":5.0,"lastname":"Wass","occupation":"pol.mag., valtiot.maist.","advanceVotes":16,"npid":4,"totalVotes":30,"spid":6,"abbr":"VAS","municipalCouncilor":false,"muid":322,"alid":4,"firstname":"Tomy","electionDayVotes":14,"pid":"15","finalPosition":0,"electedInformation":"ELECTED","totalVotesPercent":4.2,"nominatorName":{"fi":"Vasemmistoliitto","sv":"Vänsterförbundet","en":"The Left Alliance"},"caid":41,"position":0,"gender":"1","comparisonData":{"totalVotes":0,"votesTotalChange":30},"edid":3,"comparativeIndex":0.0,"electionDayVotesPercent":3.6,"nominatorAbbr":{"fi":"VAS","sv":"VF","en":"LEFT"}},{"age":34,"advanceVotesPercent":4.7,"lastname":"Liljeqvist","occupation":"vice vd","advanceVotes":15,"npid":6,"totalVotes":29,"spid":7,"abbr":"RKP","municipalCouncilor":true,"muid":322,"alid":6,"firstname":"Wilhelm","electionDayVotes":14,"pid":"5","finalPosition":0,"electedInformation":"ELECTED","totalVotesPercent":4.1,"nominatorName":{"fi":"Suomen ruotsalainen kansanpuolue","sv":"Svenska folkpartiet i Finland","en":"Swedish People's Party in Finland"},"caid":62,"position":0,"gender":"1","comparisonData":{"totalVotes":144,"votesTotalChange":-115},"edid":3,"comparativeIndex":0.0,"electionDayVotesPercent":3.6,"nominatorAbbr":{"fi":"RKP","sv":"SFP","en":"SPP"}},{"age":34,"advanceVotesPercent":5.0,"lastname":"Viljanen","occupation":"företagare, montör","advanceVotes":16,"npid":8,"totalVotes":27,"spid":99,"abbr":"Muut","municipalCouncilor":false,"muid":322,"alid":8,"firstname":"Kim","electionDayVotes":11,"pid":"3228","finalPosition":0,"electedInformation":"ELECTED","totalVotesPercent":3.8,"nominatorName":{"fi":"Fri samverkan Gemensam lista, Vapaa Yhteistoiminta Yhteislista","sv":"Fri samverkan Gemensam lista, Vapaa Yhteistoiminta Yhteislista","en":"Fri samverkan Gemensam lista, Vapaa Yhteistoiminta Yhteislista"},"caid":95,"position":0,"gender":"1","comparisonData":{"totalVotes":26,"votesTotalChange":1},"edid":3,"comparativeIndex":0.0,"electionDayVotesPercent":2.8,"nominatorAbbr":{"fi":"FS/VY","sv":"FS/VY","en":"FS/VY"}},{"age":48,"advanceVotesPercent":2.2,"lastname":"Dannström","occupation":"försäljare","advanceVotes":7,"npid":2,"totalVotes":25,"spid":4,"abbr":"SDP","municipalCouncilor":false,"muid":322,"alid":2,"firstname":"Per","electionDayVotes":18,"pid":"1","finalPosition":0,"electedInformation":"ON_SUBSTITUTE_PLACE","totalVotesPercent":3.5,"nominatorName":{"fi":"Suomen Sosialidemokraattinen Puolue","sv":"Finlands Socialdemokratiska Parti","en":"The Finnish Social Democratic Party"},"caid":14,"position":0,"gender":"1","comparisonData":{"totalVotes":0,"votesTotalChange":25},"edid":3,"comparativeIndex":0.0,"electionDayVotesPercent":4.6,"nominatorAbbr":{"fi":"SDP","sv":"SDP","en":"SDP"}},{"age":62,"advanceVotesPercent":3.4,"lastname":"Sundqvist","occupation":"pensionär","advanceVotes":11,"npid":2,"totalVotes":23,"spid":4,"abbr":"SDP","municipalCouncilor":true,"muid":322,"alid":2,"firstname":"Johan","electionDayVotes":12,"pid":"1","finalPosition":0,"electedInformation":"ELECTED","totalVotesPercent":3.2,"nominatorName":{"fi":"Suomen Sosialidemokraattinen Puolue","sv":"Finlands Socialdemokratiska Parti","en":"The Finnish Social Democratic Party"},"caid":23,"position":0,"gender":"1","comparisonData":{"totalVotes":88,"votesTotalChange":-65},"edid":3,"comparativeIndex":0.0,"electionDayVotesPercent":3.0,"nominatorAbbr":{"fi":"SDP","sv":"SDP","en":"SDP"}},{"age":52,"advanceVotesPercent":3.1,"lastname":"Ahlfors","occupation":"sjökapten, merikapteeni","advanceVotes":10,"npid":8,"totalVotes":22,"spid":99,"abbr":"Muut","municipalCouncilor":false,"muid":322,"alid":8,"firstname":"Stefan","electionDayVotes":12,"pid":"3228","finalPosition":0,"electedInformation":"ON_SUBSTITUTE_PLACE","totalVotesPercent":3.1,"nominatorName":{"fi":"Fri samverkan Gemensam lista, Vapaa Yhteistoiminta Yhteislista","sv":"Fri samverkan Gemensam lista, Vapaa Yhteistoiminta Yhteislista","en":"Fri samverkan Gemensam lista, Vapaa Yhteistoiminta Yhteislista"},"caid":78,"position":0,"gender":"1","comparisonData":{"totalVotes":31,"votesTotalChange":-9},"edid":3,"comparativeIndex":0.0,"electionDayVotesPercent":3.0,"nominatorAbbr":{"fi":"FS/VY","sv":"FS/VY","en":"FS/VY"}},{"age":31,"advanceVotesPercent":2.8,"lastname":"Kulla","occupation":"sjukskötare","advanceVotes":9,"npid":2,"totalVotes":18,"spid":4,"abbr":"SDP","municipalCouncilor":false,"muid":322,"alid":2,"firstname":"Ann-Marie","electionDayVotes":9,"pid":"1","finalPosition":0,"electedInformation":"ELECTED","totalVotesPercent":2.5,"nominatorName":{"fi":"Suomen Sosialidemokraattinen Puolue","sv":"Finlands Socialdemokratiska Parti","en":"The Finnish Social Democratic Party"},"caid":17,"position":0,"gender":"2","comparisonData":{"totalVotes":0,"votesTotalChange":18},"edid":3,"comparativeIndex":0.0,"electionDayVotesPercent":2.3,"nominatorAbbr":{"fi":"SDP","sv":"SDP","en":"SDP"}},{"age":46,"advanceVotesPercent":2.2,"lastname":"Fabritius","occupation":"agrolog","advanceVotes":7,"npid":6,"totalVotes":18,"spid":7,"abbr":"RKP","municipalCouncilor":true,"muid":322,"alid":6,"firstname":"Helena","electionDayVotes":11,"pid":"5","finalPosition":0,"electedInformation":"ELECTED","totalVotesPercent":2.5,"nominatorName":{"fi":"Suomen ruotsalainen kansanpuolue","sv":"Svenska folkpartiet i Finland","en":"Swedish People's Party in Finland"},"caid":56,"position":0,"gender":"2","comparisonData":{"totalVotes":77,"votesTotalChange":-59},"edid":3,"comparativeIndex":0.0,"electionDayVotesPercent":2.8,"nominatorAbbr":{"fi":"RKP","sv":"SFP","en":"SPP"}},{"age":43,"advanceVotesPercent":2.2,"lastname":"Hakalax","occupation":"produktionschef","advanceVotes":7,"npid":6,"totalVotes":17,"spid":7,"abbr":"RKP","municipalCouncilor":false,"muid":322,"alid":6,"firstname":"Roger","electionDayVotes":10,"pid":"5","finalPosition":0,"electedInformation":"ON_SUBSTITUTE_PLACE","totalVotesPercent":2.4,"nominatorName":{"fi":"Suomen ruotsalainen kansanpuolue","sv":"Svenska folkpartiet i Finland","en":"Swedish People's Party in Finland"},"caid":59,"position":0,"gender":"1","comparisonData":{"totalVotes":0,"votesTotalChange":17},"edid":3,"comparativeIndex":0.0,"electionDayVotesPercent":2.5,"nominatorAbbr":{"fi":"RKP","sv":"SFP","en":"SPP"}},{"age":42,"advanceVotesPercent":2.2,"lastname":"Guseff","occupation":"sjöbevakare, lärare","advanceVotes":7,"npid":6,"totalVotes":16,"spid":7,"abbr":"RKP","municipalCouncilor":true,"muid":322,"alid":6,"firstname":"Niklas","electionDayVotes":9,"pid":"5","finalPosition":0,"electedInformation":"ELECTED","totalVotesPercent":2.2,"nominatorName":{"fi":"Suomen ruotsalainen kansanpuolue","sv":"Svenska folkpartiet i Finland","en":"Swedish People's Party in Finland"},"caid":58,"position":0,"gender":"1","comparisonData":{"totalVotes":98,"votesTotalChange":-82},"edid":3,"comparativeIndex":0.0,"electionDayVotesPercent":2.3,"nominatorAbbr":{"fi":"RKP","sv":"SFP","en":"SPP"}},{"age":38,"advanceVotesPercent":1.9,"lastname":"Backman","occupation":"lektor, ekon.mag.","advanceVotes":6,"npid":6,"totalVotes":14,"spid":7,"abbr":"RKP","municipalCouncilor":false,"muid":322,"alid":6,"firstname":"Hanna","electionDayVotes":8,"pid":"5","finalPosition":0,"electedInformation":"ON_SUBSTITUTE_PLACE","totalVotesPercent":2.0,"nominatorName":{"fi":"Suomen ruotsalainen kansanpuolue","sv":"Svenska folkpartiet i Finland","en":"Swedish People's Party in Finland"},"caid":51,"position":0,"gender":"2","comparisonData":{"totalVotes":24,"votesTotalChange":-10},"edid":3,"comparativeIndex":0.0,"electionDayVotesPercent":2.0,"nominatorAbbr":{"fi":"RKP","sv":"SFP","en":"SPP"}},{"age":57,"advanceVotesPercent":1.9,"lastname":"Bodö","occupation":"husförsäljare, talomyyjä","advanceVotes":6,"npid":8,"totalVotes":14,"spid":99,"abbr":"Muut","municipalCouncilor":false,"muid":322,"alid":8,"firstname":"Per-Håkan","electionDayVotes":8,"pid":"3228","finalPosition":0,"electedInformation":"ON_SUBSTITUTE_PLACE","totalVotesPercent":2.0,"nominatorName":{"fi":"Fri samverkan Gemensam lista, Vapaa Yhteistoiminta Yhteislista","sv":"Fri samverkan Gemensam lista, Vapaa Yhteistoiminta Yhteislista","en":"Fri samverkan Gemensam lista, Vapaa Yhteistoiminta Yhteislista"},"caid":79,"position":0,"gender":"1","comparisonData":{"totalVotes":0,"votesTotalChange":14},"edid":3,"comparativeIndex":0.0,"electionDayVotesPercent":2.0,"nominatorAbbr":{"fi":"FS/VY","sv":"FS/VY","en":"FS/VY"}},{"age":45,"advanceVotesPercent":1.2,"lastname":"Manelius","occupation":"församlingsmästare, seurakuntamestari","advanceVotes":4,"npid":8,"totalVotes":14,"spid":99,"abbr":"Muut","municipalCouncilor":false,"muid":322,"alid":8,"firstname":"Maria","electionDayVotes":10,"pid":"3228","finalPosition":0,"electedInformation":"ELECTED","totalVotesPercent":2.0,"nominatorName":{"fi":"Fri samverkan Gemensam lista, Vapaa Yhteistoiminta Yhteislista","sv":"Fri samverkan Gemensam lista, Vapaa Yhteistoiminta Yhteislista","en":"Fri samverkan Gemensam lista, Vapaa Yhteistoiminta Yhteislista"},"caid":89,"position":0,"gender":"2","comparisonData":{"totalVotes":0,"votesTotalChange":14},"edid":3,"comparativeIndex":0.0,"electionDayVotesPercent":2.5,"nominatorAbbr":{"fi":"FS/VY","sv":"FS/VY","en":"FS/VY"}},{"age":49,"advanceVotesPercent":1.9,"lastname":"Lang","occupation":"erikoissairaanhoitaja","advanceVotes":6,"npid":1,"totalVotes":13,"spid":5,"abbr":"VIHR","municipalCouncilor":true,"muid":322,"alid":1,"firstname":"Eija","electionDayVotes":7,"pid":"13","finalPosition":0,"electedInformation":"ELECTED","totalVotesPercent":1.8,"nominatorName":{"fi":"Vihreä liitto","sv":"Gröna förbundet","en":"Green League"},"caid":6,"position":0,"gender":"2","comparisonData":{"totalVotes":48,"votesTotalChange":-35},"edid":3,"comparativeIndex":0.0,"electionDayVotesPercent":1.8,"nominatorAbbr":{"fi":"VIHR","sv":"Gröna","en":"GREEN"}},{"age":47,"advanceVotesPercent":1.2,"lastname":"Lehtivaara","occupation":"kökschef","advanceVotes":4,"npid":2,"totalVotes":13,"spid":4,"abbr":"SDP","municipalCouncilor":false,"muid":322,"alid":2,"firstname":"Jari","electionDayVotes":9,"pid":"1","finalPosition":0,"electedInformation":"ON_SUBSTITUTE_PLACE","totalVotesPercent":1.8,"nominatorName":{"fi":"Suomen Sosialidemokraattinen Puolue","sv":"Finlands Socialdemokratiska Parti","en":"The Finnish Social Democratic Party"},"caid":18,"position":0,"gender":"1","comparisonData":{"totalVotes":52,"votesTotalChange":-39},"edid":3,"comparativeIndex":0.0,"electionDayVotesPercent":2.3,"nominatorAbbr":{"fi":"SDP","sv":"SDP","en":"SDP"}},{"age":42,"advanceVotesPercent":2.2,"lastname":"Loukiainen","occupation":"yrittäjä, företagare","advanceVotes":7,"npid":5,"totalVotes":13,"spid":2,"abbr":"KOK","municipalCouncilor":false,"muid":322,"alid":5,"firstname":"Heidi","electionDayVotes":6,"pid":"4","finalPosition":0,"electedInformation":"NOT_ELECTED","totalVotesPercent":1.8,"nominatorName":{"fi":"Kansallinen Kokoomus","sv":"Samlingspartiet","en":"National Coalition Party"},"caid":46,"position":0,"gender":"2","comparisonData":{"totalVotes":15,"votesTotalChange":-2},"edid":3,"comparativeIndex":0.0,"electionDayVotesPercent":1.5,"nominatorAbbr":{"fi":"KOK","sv":"Saml","en":"NCP"}},{"age":63,"advanceVotesPercent":2.5,"lastname":"Eggert","occupation":"privatföretagare, låssmed","advanceVotes":8,"npid":6,"totalVotes":13,"spid":7,"abbr":"RKP","municipalCouncilor":false,"muid":322,"alid":6,"firstname":"Stig","electionDayVotes":5,"pid":"5","finalPosition":0,"electedInformation":"ON_SUBSTITUTE_PLACE","totalVotesPercent":1.8,"nominatorName":{"fi":"Suomen ruotsalainen kansanpuolue","sv":"Svenska folkpartiet i Finland","en":"Swedish People's Party in Finland"},"caid":54,"position":0,"gender":"1","comparisonData":{"totalVotes":0,"votesTotalChange":13},"edid":3,"comparativeIndex":0.0,"electionDayVotesPercent":1.3,"nominatorAbbr":{"fi":"RKP","sv":"SFP","en":"SPP"}},{"age":49,"advanceVotesPercent":2.2,"lastname":"Salonen","occupation":"yrittäjä, företagare","advanceVotes":7,"npid":8,"totalVotes":13,"spid":99,"abbr":"Muut","municipalCouncilor":false,"muid":322,"alid":8,"firstname":"Janne","electionDayVotes":6,"pid":"3228","finalPosition":0,"electedInformation":"ELECTED","totalVotesPercent":1.8,"nominatorName":{"fi":"Fri samverkan Gemensam lista, Vapaa Yhteistoiminta Yhteislista","sv":"Fri samverkan Gemensam lista, Vapaa Yhteistoiminta Yhteislista","en":"Fri samverkan Gemensam lista, Vapaa Yhteistoiminta Yhteislista"},"caid":91,"position":0,"gender":"1","comparisonData":{"totalVotes":0,"votesTotalChange":13},"edid":3,"comparativeIndex":0.0,"electionDayVotesPercent":1.5,"nominatorAbbr":{"fi":"FS/VY","sv":"FS/VY","en":"FS/VY"}},{"age":19,"advanceVotesPercent":1.9,"lastname":"Simola","occupation":"tradenomstuderande","advanceVotes":6,"npid":6,"totalVotes":12,"spid":7,"abbr":"RKP","municipalCouncilor":false,"muid":322,"alid":6,"firstname":"Fredrik","electionDayVotes":6,"pid":"5","finalPosition":0,"electedInformation":"ELECTED","totalVotesPercent":1.7,"nominatorName":{"fi":"Suomen ruotsalainen kansanpuolue","sv":"Svenska folkpartiet i Finland","en":"Swedish People's Party in Finland"},"caid":70,"position":0,"gender":"1","comparisonData":{"totalVotes":0,"votesTotalChange":12},"edid":3,"comparativeIndex":0.0,"electionDayVotesPercent":1.5,"nominatorAbbr":{"fi":"RKP","sv":"SFP","en":"SPP"}},{"age":65,"advanceVotesPercent":1.9,"lastname":"Wretdal","occupation":"fil.mag.","advanceVotes":6,"npid":6,"totalVotes":12,"spid":7,"abbr":"RKP","municipalCouncilor":true,"muid":322,"alid":6,"firstname":"Inger","electionDayVotes":6,"pid":"5","finalPosition":0,"electedInformation":"ELECTED","totalVotesPercent":1.7,"nominatorName":{"fi":"Suomen ruotsalainen kansanpuolue","sv":"Svenska folkpartiet i Finland","en":"Swedish People's Party in Finland"},"caid":75,"position":0,"gender":"2","comparisonData":{"totalVotes":145,"votesTotalChange":-133},"edid":3,"comparativeIndex":0.0,"electionDayVotesPercent":1.5,"nominatorAbbr":{"fi":"RKP","sv":"SFP","en":"SPP"}},{"age":65,"advanceVotesPercent":2.8,"lastname":"Antikainen","occupation":"eläkeläinen, pensionär","advanceVotes":9,"npid":4,"totalVotes":10,"spid":6,"abbr":"VAS","municipalCouncilor":true,"muid":322,"alid":4,"firstname":"Esko","electionDayVotes":1,"pid":"15","finalPosition":0,"electedInformation":"ELECTED","totalVotesPercent":1.4,"nominatorName":{"fi":"Vasemmistoliitto","sv":"Vänsterförbundet","en":"The Left Alliance"},"caid":35,"position":0,"gender":"1","comparisonData":{"totalVotes":74,"votesTotalChange":-64},"edid":3,"comparativeIndex":0.0,"electionDayVotesPercent":0.3,"nominatorAbbr":{"fi":"VAS","sv":"VF","en":"LEFT"}},{"age":61,"advanceVotesPercent":1.9,"lastname":"Holmström","occupation":"privatföretagare","advanceVotes":6,"npid":6,"totalVotes":10,"spid":7,"abbr":"RKP","municipalCouncilor":false,"muid":322,"alid":6,"firstname":"Birgitta","electionDayVotes":4,"pid":"5","finalPosition":0,"electedInformation":"ON_SUBSTITUTE_PLACE","totalVotesPercent":1.4,"nominatorName":{"fi":"Suomen ruotsalainen kansanpuolue","sv":"Svenska folkpartiet i Finland","en":"Swedish People's Party in Finland"},"caid":60,"position":0,"gender":"2","comparisonData":{"totalVotes":0,"votesTotalChange":10},"edid":3,"comparativeIndex":0.0,"electionDayVotesPercent":1.0,"nominatorAbbr":{"fi":"RKP","sv":"SFP","en":"SPP"}},{"age":61,"advanceVotesPercent":0.6,"lastname":"Lindroos","occupation":"företagare, lantmäteriingenjör","advanceVotes":2,"npid":6,"totalVotes":10,"spid":7,"abbr":"RKP","municipalCouncilor":true,"muid":322,"alid":6,"firstname":"Kristian","electionDayVotes":8,"pid":"5","finalPosition":0,"electedInformation":"ELECTED","totalVotesPercent":1.4,"nominatorName":{"fi":"Suomen ruotsalainen kansanpuolue","sv":"Svenska folkpartiet i Finland","en":"Swedish People's Party in Finland"},"caid":63,"position":0,"gender":"1","comparisonData":{"totalVotes":58,"votesTotalChange":-48},"edid":3,"comparativeIndex":0.0,"electionDayVotesPercent":2.0,"nominatorAbbr":{"fi":"RKP","sv":"SFP","en":"SPP"}},{"age":66,"advanceVotesPercent":1.9,"lastname":"Nurmi","occupation":"pensionär, eläkeläinen","advanceVotes":6,"npid":8,"totalVotes":10,"spid":99,"abbr":"Muut","municipalCouncilor":false,"muid":322,"alid":8,"firstname":"Markku","electionDayVotes":4,"pid":"3228","finalPosition":0,"electedInformation":"ON_SUBSTITUTE_PLACE","totalVotesPercent":1.4,"nominatorName":{"fi":"Fri samverkan Gemensam lista, Vapaa Yhteistoiminta Yhteislista","sv":"Fri samverkan Gemensam lista, Vapaa Yhteistoiminta Yhteislista","en":"Fri samverkan Gemensam lista, Vapaa Yhteistoiminta Yhteislista"},"caid":90,"position":0,"gender":"1","comparisonData":{"totalVotes":0,"votesTotalChange":10},"edid":3,"comparativeIndex":0.0,"electionDayVotesPercent":1.0,"nominatorAbbr":{"fi":"FS/VY","sv":"FS/VY","en":"FS/VY"}},{"age":42,"advanceVotesPercent":0.9,"lastname":"Kaakinen","occupation":"dosentti, yliopistonlehtori","advanceVotes":3,"npid":1,"totalVotes":8,"spid":5,"abbr":"VIHR","municipalCouncilor":false,"muid":322,"alid":1,"firstname":"Johanna","electionDayVotes":5,"pid":"13","finalPosition":0,"electedInformation":"ON_SUBSTITUTE_PLACE","totalVotesPercent":1.1,"nominatorName":{"fi":"Vihreä liitto","sv":"Gröna förbundet","en":"Green League"},"caid":4,"position":0,"gender":"2","comparisonData":{"totalVotes":0,"votesTotalChange":8},"edid":3,"comparativeIndex":0.0,"electionDayVotesPercent":1.3,"nominatorAbbr":{"fi":"VIHR","sv":"Gröna","en":"GREEN"}},{"age":46,"advanceVotesPercent":0.6,"lastname":"Forss","occupation":"närvårdare","advanceVotes":2,"npid":2,"totalVotes":8,"spid":4,"abbr":"SDP","municipalCouncilor":false,"muid":322,"alid":2,"firstname":"Roger","electionDayVotes":6,"pid":"1","finalPosition":0,"electedInformation":"ON_SUBSTITUTE_PLACE","totalVotesPercent":1.1,"nominatorName":{"fi":"Suomen Sosialidemokraattinen Puolue","sv":"Finlands Socialdemokratiska Parti","en":"The Finnish Social Democratic Party"},"caid":15,"position":0,"gender":"1","comparisonData":{"totalVotes":0,"votesTotalChange":8},"edid":3,"comparativeIndex":0.0,"electionDayVotesPercent":1.5,"nominatorAbbr":{"fi":"SDP","sv":"SDP","en":"SDP"}},{"age":40,"advanceVotesPercent":1.6,"lastname":"Nordell","occupation":"lärare","advanceVotes":5,"npid":6,"totalVotes":8,"spid":7,"abbr":"RKP","municipalCouncilor":false,"muid":322,"alid":6,"firstname":"Dennis","electionDayVotes":3,"pid":"5","finalPosition":0,"electedInformation":"ON_SUBSTITUTE_PLACE","totalVotesPercent":1.1,"nominatorName":{"fi":"Suomen ruotsalainen kansanpuolue","sv":"Svenska folkpartiet i Finland","en":"Swedish People's Party in Finland"},"caid":66,"position":0,"gender":"1","comparisonData":{"totalVotes":0,"votesTotalChange":8},"edid":3,"comparativeIndex":0.0,"electionDayVotesPercent":0.8,"nominatorAbbr":{"fi":"RKP","sv":"SFP","en":"SPP"}},{"age":47,"advanceVotesPercent":1.2,"lastname":"Ek","occupation":"disponent, isännöitsijä","advanceVotes":4,"npid":8,"totalVotes":8,"spid":99,"abbr":"Muut","municipalCouncilor":true,"muid":322,"alid":8,"firstname":"Kristian","electionDayVotes":4,"pid":"3228","finalPosition":0,"electedInformation":"ON_SUBSTITUTE_PLACE","totalVotesPercent":1.1,"nominatorName":{"fi":"Fri samverkan Gemensam lista, Vapaa Yhteistoiminta Yhteislista","sv":"Fri samverkan Gemensam lista, Vapaa Yhteistoiminta Yhteislista","en":"Fri samverkan Gemensam lista, Vapaa Yhteistoiminta Yhteislista"},"caid":82,"position":0,"gender":"1","comparisonData":{"totalVotes":37,"votesTotalChange":-29},"edid":3,"comparativeIndex":0.0,"electionDayVotesPercent":1.0,"nominatorAbbr":{"fi":"FS/VY","sv":"FS/VY","en":"FS/VY"}},{"age":60,"advanceVotesPercent":1.6,"lastname":"Lücke","occupation":"företagare, yrittäjä","advanceVotes":5,"npid":8,"totalVotes":8,"spid":99,"abbr":"Muut","municipalCouncilor":true,"muid":322,"alid":8,"firstname":"Veijo","electionDayVotes":3,"pid":"3228","finalPosition":0,"electedInformation":"ELECTED","totalVotesPercent":1.1,"nominatorName":{"fi":"Fri samverkan Gemensam lista, Vapaa Yhteistoiminta Yhteislista","sv":"Fri samverkan Gemensam lista, Vapaa Yhteistoiminta Yhteislista","en":"Fri samverkan Gemensam lista, Vapaa Yhteistoiminta Yhteislista"},"caid":88,"position":0,"gender":"1","comparisonData":{"totalVotes":88,"votesTotalChange":-80},"edid":3,"comparativeIndex":0.0,"electionDayVotesPercent":0.8,"nominatorAbbr":{"fi":"FS/VY","sv":"FS/VY","en":"FS/VY"}},{"age":63,"advanceVotesPercent":0.3,"lastname":"Hakola-Wass","occupation":"pensionär, eläkeläinen","advanceVotes":1,"npid":4,"totalVotes":7,"spid":6,"abbr":"VAS","municipalCouncilor":false,"muid":322,"alid":4,"firstname":"Kristina","electionDayVotes":6,"pid":"15","finalPosition":0,"electedInformation":"ON_SUBSTITUTE_PLACE","totalVotesPercent":1.0,"nominatorName":{"fi":"Vasemmistoliitto","sv":"Vänsterförbundet","en":"The Left Alliance"},"caid":36,"position":0,"gender":"2","comparisonData":{"totalVotes":0,"votesTotalChange":7},"edid":3,"comparativeIndex":0.0,"electionDayVotesPercent":1.5,"nominatorAbbr":{"fi":"VAS","sv":"VF","en":"LEFT"}},{"age":31,"advanceVotesPercent":0.0,"lastname":"Blomqvist","occupation":"personlig tränare","advanceVotes":0,"npid":6,"totalVotes":7,"spid":7,"abbr":"RKP","municipalCouncilor":false,"muid":322,"alid":6,"firstname":"Jonas","electionDayVotes":7,"pid":"5","finalPosition":0,"electedInformation":"ELECTED","totalVotesPercent":1.0,"nominatorName":{"fi":"Suomen ruotsalainen kansanpuolue","sv":"Svenska folkpartiet i Finland","en":"Swedish People's Party in Finland"},"caid":52,"position":0,"gender":"1","comparisonData":{"totalVotes":0,"votesTotalChange":7},"edid":3,"comparativeIndex":0.0,"electionDayVotesPercent":1.8,"nominatorAbbr":{"fi":"RKP","sv":"SFP","en":"SPP"}},{"age":41,"advanceVotesPercent":0.6,"lastname":"Karlsson","occupation":"byråsekreterare, kulturaktiv","advanceVotes":2,"npid":6,"totalVotes":7,"spid":7,"abbr":"RKP","municipalCouncilor":false,"muid":322,"alid":6,"firstname":"Jill","electionDayVotes":5,"pid":"5","finalPosition":0,"electedInformation":"ELECTED","totalVotesPercent":1.0,"nominatorName":{"fi":"Suomen ruotsalainen kansanpuolue","sv":"Svenska folkpartiet i Finland","en":"Swedish People's Party in Finland"},"caid":61,"position":0,"gender":"2","comparisonData":{"totalVotes":0,"votesTotalChange":7},"edid":3,"comparativeIndex":0.0,"electionDayVotesPercent":1.3,"nominatorAbbr":{"fi":"RKP","sv":"SFP","en":"SPP"}},{"age":53,"advanceVotesPercent":0.3,"lastname":"Sjöblom","occupation":"företagare","advanceVotes":1,"npid":6,"totalVotes":7,"spid":7,"abbr":"RKP","municipalCouncilor":false,"muid":322,"alid":6,"firstname":"Patrik","electionDayVotes":6,"pid":"5","finalPosition":0,"electedInformation":"ELECTED","totalVotesPercent":1.0,"nominatorName":{"fi":"Suomen ruotsalainen kansanpuolue","sv":"Svenska folkpartiet i Finland","en":"Swedish People's Party in Finland"},"caid":71,"position":0,"gender":"1","comparisonData":{"totalVotes":0,"votesTotalChange":7},"edid":3,"comparativeIndex":0.0,"electionDayVotesPercent":1.5,"nominatorAbbr":{"fi":"RKP","sv":"SFP","en":"SPP"}},{"age":30,"advanceVotesPercent":0.9,"lastname":"Eggert","occupation":"barn- och familjearbetare, lapsi- ja perhetyöntekijä","advanceVotes":3,"npid":8,"totalVotes":7,"spid":99,"abbr":"Muut","municipalCouncilor":true,"muid":322,"alid":8,"firstname":"Henna","electionDayVotes":4,"pid":"3228","finalPosition":0,"electedInformation":"ON_SUBSTITUTE_PLACE","totalVotesPercent":1.0,"nominatorName":{"fi":"Fri samverkan Gemensam lista, Vapaa Yhteistoiminta Yhteislista","sv":"Fri samverkan Gemensam lista, Vapaa Yhteistoiminta Yhteislista","en":"Fri samverkan Gemensam lista, Vapaa Yhteistoiminta Yhteislista"},"caid":81,"position":0,"gender":"2","comparisonData":{"totalVotes":31,"votesTotalChange":-24},"edid":3,"comparativeIndex":0.0,"electionDayVotesPercent":1.0,"nominatorAbbr":{"fi":"FS/VY","sv":"FS/VY","en":"FS/VY"}},{"age":67,"advanceVotesPercent":1.2,"lastname":"Avellan","occupation":"miljösekreterare, ympäristösihteeri","advanceVotes":4,"npid":1,"totalVotes":6,"spid":5,"abbr":"VIHR","municipalCouncilor":false,"muid":322,"alid":1,"firstname":"Gunilla","electionDayVotes":2,"pid":"13","finalPosition":0,"electedInformation":"ON_SUBSTITUTE_PLACE","totalVotesPercent":0.8,"nominatorName":{"fi":"Vihreä liitto","sv":"Gröna förbundet","en":"Green League"},"caid":3,"position":0,"gender":"2","comparisonData":{"totalVotes":44,"votesTotalChange":-38},"edid":3,"comparativeIndex":0.0,"electionDayVotesPercent":0.5,"nominatorAbbr":{"fi":"VIHR","sv":"Gröna","en":"GREEN"}},{"age":18,"advanceVotesPercent":1.2,"lastname":"Nurmi","occupation":"studerande","advanceVotes":4,"npid":6,"totalVotes":6,"spid":7,"abbr":"RKP","municipalCouncilor":false,"muid":322,"alid":6,"firstname":"Jonathan","electionDayVotes":2,"pid":"5","finalPosition":0,"electedInformation":"ON_SUBSTITUTE_PLACE","totalVotesPercent":0.8,"nominatorName":{"fi":"Suomen ruotsalainen kansanpuolue","sv":"Svenska folkpartiet i Finland","en":"Swedish People's Party in Finland"},"caid":67,"position":0,"gender":"1","comparisonData":{"totalVotes":0,"votesTotalChange":6},"edid":3,"comparativeIndex":0.0,"electionDayVotesPercent":0.5,"nominatorAbbr":{"fi":"RKP","sv":"SFP","en":"SPP"}},{"age":60,"advanceVotesPercent":0.9,"lastname":"Vilander","occupation":"elmontör","advanceVotes":3,"npid":2,"totalVotes":5,"spid":4,"abbr":"SDP","municipalCouncilor":true,"muid":322,"alid":2,"firstname":"Bo","electionDayVotes":2,"pid":"1","finalPosition":0,"electedInformation":"ELECTED","totalVotesPercent":0.7,"nominatorName":{"fi":"Suomen Sosialidemokraattinen Puolue","sv":"Finlands Socialdemokratiska Parti","en":"The Finnish Social Democratic Party"},"caid":24,"position":0,"gender":"1","comparisonData":{"totalVotes":63,"votesTotalChange":-58},"edid":3,"comparativeIndex":0.0,"electionDayVotesPercent":0.5,"nominatorAbbr":{"fi":"SDP","sv":"SDP","en":"SDP"}},{"age":46,"advanceVotesPercent":0.9,"lastname":"Wilson","occupation":"företagare","advanceVotes":3,"npid":6,"totalVotes":5,"spid":7,"abbr":"RKP","municipalCouncilor":true,"muid":322,"alid":6,"firstname":"Daniel","electionDayVotes":2,"pid":"5","finalPosition":0,"electedInformation":"ELECTED","totalVotesPercent":0.7,"nominatorName":{"fi":"Suomen ruotsalainen kansanpuolue","sv":"Svenska folkpartiet i Finland","en":"Swedish People's Party in Finland"},"caid":74,"position":0,"gender":"1","comparisonData":{"totalVotes":130,"votesTotalChange":-125},"edid":3,"comparativeIndex":0.0,"electionDayVotesPercent":0.5,"nominatorAbbr":{"fi":"RKP","sv":"SFP","en":"SPP"}},{"age":47,"advanceVotesPercent":0.9,"lastname":"Hollsten","occupation":"företagare","advanceVotes":3,"npid":8,"totalVotes":5,"spid":99,"abbr":"Muut","municipalCouncilor":false,"muid":322,"alid":8,"firstname":"Jari","electionDayVotes":2,"pid":"3228","finalPosition":0,"electedInformation":"ELECTED","totalVotesPercent":0.7,"nominatorName":{"fi":"Fri samverkan Gemensam lista, Vapaa Yhteistoiminta Yhteislista","sv":"Fri samverkan Gemensam lista, Vapaa Yhteistoiminta Yhteislista","en":"Fri samverkan Gemensam lista, Vapaa Yhteistoiminta Yhteislista"},"caid":85,"position":0,"gender":"1","comparisonData":{"totalVotes":0,"votesTotalChange":5},"edid":3,"comparativeIndex":0.0,"electionDayVotesPercent":0.5,"nominatorAbbr":{"fi":"FS/VY","sv":"FS/VY","en":"FS/VY"}},{"age":64,"advanceVotesPercent":0.9,"lastname":"Kinos","occupation":"montör, asentaja","advanceVotes":3,"npid":8,"totalVotes":5,"spid":99,"abbr":"Muut","municipalCouncilor":false,"muid":322,"alid":8,"firstname":"Sven-Erik","electionDayVotes":2,"pid":"3228","finalPosition":0,"electedInformation":"NOT_ELECTED","totalVotesPercent":0.7,"nominatorName":{"fi":"Fri samverkan Gemensam lista, Vapaa Yhteistoiminta Yhteislista","sv":"Fri samverkan Gemensam lista, Vapaa Yhteistoiminta Yhteislista","en":"Fri samverkan Gemensam lista, Vapaa Yhteistoiminta Yhteislista"},"caid":86,"position":0,"gender":"1","comparisonData":{"totalVotes":16,"votesTotalChange":-11},"edid":3,"comparativeIndex":0.0,"electionDayVotesPercent":0.5,"nominatorAbbr":{"fi":"FS/VY","sv":"FS/VY","en":"FS/VY"}},{"age":58,"advanceVotesPercent":0.0,"lastname":"Hellbom","occupation":"sekatyömies","advanceVotes":0,"npid":2,"totalVotes":4,"spid":4,"abbr":"SDP","municipalCouncilor":false,"muid":322,"alid":2,"firstname":"Knut-Mikael","electionDayVotes":4,"pid":"1","finalPosition":0,"electedInformation":"NOT_ELECTED","totalVotesPercent":0.6,"nominatorName":{"fi":"Suomen Sosialidemokraattinen Puolue","sv":"Finlands Socialdemokratiska Parti","en":"The Finnish Social Democratic Party"},"caid":16,"position":0,"gender":"1","comparisonData":{"totalVotes":17,"votesTotalChange":-13},"edid":3,"comparativeIndex":0.0,"electionDayVotesPercent":1.0,"nominatorAbbr":{"fi":"SDP","sv":"SDP","en":"SDP"}},{"age":65,"advanceVotesPercent":1.2,"lastname":"Luhtanen","occupation":"eläkeläinen","advanceVotes":4,"npid":2,"totalVotes":4,"spid":4,"abbr":"SDP","municipalCouncilor":false,"muid":322,"alid":2,"firstname":"Raimo","electionDayVotes":0,"pid":"1","finalPosition":0,"electedInformation":"NOT_ELECTED","totalVotesPercent":0.6,"nominatorName":{"fi":"Suomen Sosialidemokraattinen Puolue","sv":"Finlands Socialdemokratiska Parti","en":"The Finnish Social Democratic Party"},"caid":20,"position":0,"gender":"1","comparisonData":{"totalVotes":0,"votesTotalChange":4},"edid":3,"comparativeIndex":0.0,"electionDayVotesPercent":0.0,"nominatorAbbr":{"fi":"SDP","sv":"SDP","en":"SDP"}},{"age":59,"advanceVotesPercent":0.6,"lastname":"Ström","occupation":"arbetsledare","advanceVotes":2,"npid":2,"totalVotes":4,"spid":4,"abbr":"SDP","municipalCouncilor":false,"muid":322,"alid":2,"firstname":"Börje","electionDayVotes":2,"pid":"1","finalPosition":0,"electedInformation":"NOT_ELECTED","totalVotesPercent":0.6,"nominatorName":{"fi":"Suomen Sosialidemokraattinen Puolue","sv":"Finlands Socialdemokratiska Parti","en":"The Finnish Social Democratic Party"},"caid":21,"position":0,"gender":"1","comparisonData":{"totalVotes":27,"votesTotalChange":-23},"edid":3,"comparativeIndex":0.0,"electionDayVotesPercent":0.5,"nominatorAbbr":{"fi":"SDP","sv":"SDP","en":"SDP"}},{"age":56,"advanceVotesPercent":0.3,"lastname":"Kallonen","occupation":"maanviljelijä, yrittäjä","advanceVotes":1,"npid":3,"totalVotes":4,"spid":1,"abbr":"KESK","municipalCouncilor":false,"muid":322,"alid":3,"firstname":"Kalevi","electionDayVotes":3,"pid":"2","finalPosition":0,"electedInformation":"ELECTED","totalVotesPercent":0.6,"nominatorName":{"fi":"Suomen Keskusta","sv":"Centern i Finland","en":"Centre Party of Finland"},"caid":27,"position":0,"gender":"1","comparisonData":{"totalVotes":59,"votesTotalChange":-55},"edid":3,"comparativeIndex":0.0,"electionDayVotesPercent":0.8,"nominatorAbbr":{"fi":"KESK","sv":"C","en":"CENT"}},{"age":37,"advanceVotesPercent":0.9,"lastname":"Häggman","occupation":"personlig assistent, henkilökohtainen avustaja","advanceVotes":3,"npid":4,"totalVotes":4,"spid":6,"abbr":"VAS","municipalCouncilor":false,"muid":322,"alid":4,"firstname":"Madelene","electionDayVotes":1,"pid":"15","finalPosition":0,"electedInformation":"ON_SUBSTITUTE_PLACE","totalVotesPercent":0.6,"nominatorName":{"fi":"Vasemmistoliitto","sv":"Vänsterförbundet","en":"The Left Alliance"},"caid":37,"position":0,"gender":"2","comparisonData":{"totalVotes":24,"votesTotalChange":-20},"edid":3,"comparativeIndex":0.0,"electionDayVotesPercent":0.3,"nominatorAbbr":{"fi":"VAS","sv":"VF","en":"LEFT"}},{"age":63,"advanceVotesPercent":0.6,"lastname":"Byman","occupation":"företagare, yrittäjä","advanceVotes":2,"npid":8,"totalVotes":4,"spid":99,"abbr":"Muut","municipalCouncilor":false,"muid":322,"alid":8,"firstname":"Jyri","electionDayVotes":2,"pid":"3228","finalPosition":0,"electedInformation":"ON_SUBSTITUTE_PLACE","totalVotesPercent":0.6,"nominatorName":{"fi":"Fri samverkan Gemensam lista, Vapaa Yhteistoiminta Yhteislista","sv":"Fri samverkan Gemensam lista, Vapaa Yhteistoiminta Yhteislista","en":"Fri samverkan Gemensam lista, Vapaa Yhteistoiminta Yhteislista"},"caid":80,"position":0,"gender":"1","comparisonData":{"totalVotes":0,"votesTotalChange":4},"edid":3,"comparativeIndex":0.0,"electionDayVotesPercent":0.5,"nominatorAbbr":{"fi":"FS/VY","sv":"FS/VY","en":"FS/VY"}},{"age":54,"advanceVotesPercent":0.3,"lastname":"Räisänen","occupation":"luomuviljelijä","advanceVotes":1,"npid":1,"totalVotes":3,"spid":5,"abbr":"VIHR","municipalCouncilor":false,"muid":322,"alid":1,"firstname":"Lea","electionDayVotes":2,"pid":"13","finalPosition":0,"electedInformation":"NOT_ELECTED","totalVotesPercent":0.4,"nominatorName":{"fi":"Vihreä liitto","sv":"Gröna förbundet","en":"Green League"},"caid":10,"position":0,"gender":"2","comparisonData":{"totalVotes":4,"votesTotalChange":-1},"edid":3,"comparativeIndex":0.0,"electionDayVotesPercent":0.5,"nominatorAbbr":{"fi":"VIHR","sv":"Gröna","en":"GREEN"}},{"age":40,"advanceVotesPercent":0.3,"lastname":"Lindblom","occupation":"teknisk fastighetsskötare","advanceVotes":1,"npid":2,"totalVotes":3,"spid":4,"abbr":"SDP","municipalCouncilor":false,"muid":322,"alid":2,"firstname":"Mikael","electionDayVotes":2,"pid":"1","finalPosition":0,"electedInformation":"NOT_ELECTED","totalVotesPercent":0.4,"nominatorName":{"fi":"Suomen Sosialidemokraattinen Puolue","sv":"Finlands Socialdemokratiska Parti","en":"The Finnish Social Democratic Party"},"caid":19,"position":0,"gender":"1","comparisonData":{"totalVotes":0,"votesTotalChange":3},"edid":3,"comparativeIndex":0.0,"electionDayVotesPercent":0.5,"nominatorAbbr":{"fi":"SDP","sv":"SDP","en":"SDP"}},{"age":40,"advanceVotesPercent":0.3,"lastname":"Lappalainen","occupation":"sosionomi AMK","advanceVotes":1,"npid":3,"totalVotes":3,"spid":1,"abbr":"KESK","municipalCouncilor":false,"muid":322,"alid":3,"firstname":"Jonna","electionDayVotes":2,"pid":"2","finalPosition":0,"electedInformation":"ON_SUBSTITUTE_PLACE","totalVotesPercent":0.4,"nominatorName":{"fi":"Suomen Keskusta","sv":"Centern i Finland","en":"Centre Party of Finland"},"caid":29,"position":0,"gender":"2","comparisonData":{"totalVotes":0,"votesTotalChange":3},"edid":3,"comparativeIndex":0.0,"electionDayVotesPercent":0.5,"nominatorAbbr":{"fi":"KESK","sv":"C","en":"CENT"}},{"age":45,"advanceVotesPercent":0.9,"lastname":"Oksanen","occupation":"generalsekreterare","advanceVotes":3,"npid":6,"totalVotes":3,"spid":7,"abbr":"RKP","municipalCouncilor":true,"muid":322,"alid":6,"firstname":"Michael","electionDayVotes":0,"pid":"5","finalPosition":0,"electedInformation":"ELECTED","totalVotesPercent":0.4,"nominatorName":{"fi":"Suomen ruotsalainen kansanpuolue","sv":"Svenska folkpartiet i Finland","en":"Swedish People's Party in Finland"},"caid":69,"position":0,"gender":"1","comparisonData":{"totalVotes":100,"votesTotalChange":-97},"edid":3,"comparativeIndex":0.0,"electionDayVotesPercent":0.0,"nominatorAbbr":{"fi":"RKP","sv":"SFP","en":"SPP"}},{"age":54,"advanceVotesPercent":0.0,"lastname":"Gustafsson","occupation":"chaufför, kuljettaja","advanceVotes":0,"npid":8,"totalVotes":3,"spid":99,"abbr":"Muut","municipalCouncilor":false,"muid":322,"alid":8,"firstname":"Hans","electionDayVotes":3,"pid":"3228","finalPosition":0,"electedInformation":"NOT_ELECTED","totalVotesPercent":0.4,"nominatorName":{"fi":"Fri samverkan Gemensam lista, Vapaa Yhteistoiminta Yhteislista","sv":"Fri samverkan Gemensam lista, Vapaa Yhteistoiminta Yhteislista","en":"Fri samverkan Gemensam lista, Vapaa Yhteistoiminta Yhteislista"},"caid":84,"position":0,"gender":"1","comparisonData":{"totalVotes":14,"votesTotalChange":-11},"edid":3,"comparativeIndex":0.0,"electionDayVotesPercent":0.8,"nominatorAbbr":{"fi":"FS/VY","sv":"FS/VY","en":"FS/VY"}},{"age":28,"advanceVotesPercent":0.0,"lastname":"Okker","occupation":"merkonomi","advanceVotes":0,"npid":1,"totalVotes":2,"spid":5,"abbr":"VIHR","municipalCouncilor":false,"muid":322,"alid":1,"firstname":"Heidi","electionDayVotes":2,"pid":"13","finalPosition":0,"electedInformation":"NOT_ELECTED","totalVotesPercent":0.3,"nominatorName":{"fi":"Vihreä liitto","sv":"Gröna förbundet","en":"Green League"},"caid":7,"position":0,"gender":"2","comparisonData":{"totalVotes":0,"votesTotalChange":2},"edid":3,"comparativeIndex":0.0,"electionDayVotesPercent":0.5,"nominatorAbbr":{"fi":"VIHR","sv":"Gröna","en":"GREEN"}},{"age":49,"advanceVotesPercent":0.3,"lastname":"Pulliainen","occupation":"siivooja, keittiöapulainen","advanceVotes":1,"npid":1,"totalVotes":2,"spid":5,"abbr":"VIHR","municipalCouncilor":false,"muid":322,"alid":1,"firstname":"Tiina","electionDayVotes":1,"pid":"13","finalPosition":0,"electedInformation":"NOT_ELECTED","totalVotesPercent":0.3,"nominatorName":{"fi":"Vihreä liitto","sv":"Gröna förbundet","en":"Green League"},"caid":9,"position":0,"gender":"2","comparisonData":{"totalVotes":0,"votesTotalChange":2},"edid":3,"comparativeIndex":0.0,"electionDayVotesPercent":0.3,"nominatorAbbr":{"fi":"VIHR","sv":"Gröna","en":"GREEN"}},{"age":49,"advanceVotesPercent":0.0,"lastname":"Franzén","occupation":"jordbrukstekniker, maatalousteknikko","advanceVotes":0,"npid":3,"totalVotes":2,"spid":1,"abbr":"KESK","municipalCouncilor":false,"muid":322,"alid":3,"firstname":"Hans","electionDayVotes":2,"pid":"2","finalPosition":0,"electedInformation":"NOT_ELECTED","totalVotesPercent":0.3,"nominatorName":{"fi":"Suomen Keskusta","sv":"Centern i Finland","en":"Centre Party of Finland"},"caid":25,"position":0,"gender":"1","comparisonData":{"totalVotes":22,"votesTotalChange":-20},"edid":3,"comparativeIndex":0.0,"electionDayVotesPercent":0.5,"nominatorAbbr":{"fi":"KESK","sv":"C","en":"CENT"}},{"age":74,"advanceVotesPercent":0.6,"lastname":"Palmberg","occupation":"pensionär, författare, eläkeläinen, kirjailija","advanceVotes":2,"npid":4,"totalVotes":2,"spid":6,"abbr":"VAS","municipalCouncilor":false,"muid":322,"alid":4,"firstname":"Mai","electionDayVotes":0,"pid":"15","finalPosition":0,"electedInformation":"NOT_ELECTED","totalVotesPercent":0.3,"nominatorName":{"fi":"Vasemmistoliitto","sv":"Vänsterförbundet","en":"The Left Alliance"},"caid":38,"position":0,"gender":"2","comparisonData":{"totalVotes":9,"votesTotalChange":-7},"edid":3,"comparativeIndex":0.0,"electionDayVotesPercent":0.0,"nominatorAbbr":{"fi":"VAS","sv":"VF","en":"LEFT"}},{"age":59,"advanceVotesPercent":0.3,"lastname":"Toivanen","occupation":"ajaja-asentaja","advanceVotes":1,"npid":4,"totalVotes":2,"spid":6,"abbr":"VAS","municipalCouncilor":false,"muid":322,"alid":4,"firstname":"Jouko","electionDayVotes":1,"pid":"15","finalPosition":0,"electedInformation":"NOT_ELECTED","totalVotesPercent":0.3,"nominatorName":{"fi":"Vasemmistoliitto","sv":"Vänsterförbundet","en":"The Left Alliance"},"caid":40,"position":0,"gender":"1","comparisonData":{"totalVotes":6,"votesTotalChange":-4},"edid":3,"comparativeIndex":0.0,"electionDayVotesPercent":0.3,"nominatorAbbr":{"fi":"VAS","sv":"VF","en":"LEFT"}},{"age":55,"advanceVotesPercent":0.6,"lastname":"Österberg","occupation":"företagare, yrittäjä","advanceVotes":2,"npid":4,"totalVotes":2,"spid":6,"abbr":"VAS","municipalCouncilor":false,"muid":322,"alid":4,"firstname":"Stig","electionDayVotes":0,"pid":"15","finalPosition":0,"electedInformation":"NOT_ELECTED","totalVotesPercent":0.3,"nominatorName":{"fi":"Vasemmistoliitto","sv":"Vänsterförbundet","en":"The Left Alliance"},"caid":42,"position":0,"gender":"1","comparisonData":{"totalVotes":14,"votesTotalChange":-12},"edid":3,"comparativeIndex":0.0,"electionDayVotesPercent":0.0,"nominatorAbbr":{"fi":"VAS","sv":"VF","en":"LEFT"}},{"age":64,"advanceVotesPercent":0.6,"lastname":"Miikkulainen","occupation":"DI, hallitusammattilainen","advanceVotes":2,"npid":5,"totalVotes":2,"spid":2,"abbr":"KOK","municipalCouncilor":false,"muid":322,"alid":5,"firstname":"Esko","electionDayVotes":0,"pid":"4","finalPosition":0,"electedInformation":"NOT_ELECTED","totalVotesPercent":0.3,"nominatorName":{"fi":"Kansallinen Kokoomus","sv":"Samlingspartiet","en":"National Coalition Party"},"caid":47,"position":0,"gender":"1","comparisonData":{"totalVotes":0,"votesTotalChange":2},"edid":3,"comparativeIndex":0.0,"electionDayVotesPercent":0.0,"nominatorAbbr":{"fi":"KOK","sv":"Saml","en":"NCP"}},{"age":72,"advanceVotesPercent":0.0,"lastname":"Pohjavirta","occupation":"eläkeläinen, keksijä","advanceVotes":0,"npid":5,"totalVotes":2,"spid":2,"abbr":"KOK","municipalCouncilor":false,"muid":322,"alid":5,"firstname":"Kalevi","electionDayVotes":2,"pid":"4","finalPosition":0,"electedInformation":"NOT_ELECTED","totalVotesPercent":0.3,"nominatorName":{"fi":"Kansallinen Kokoomus","sv":"Samlingspartiet","en":"National Coalition Party"},"caid":50,"position":0,"gender":"1","comparisonData":{"totalVotes":27,"votesTotalChange":-25},"edid":3,"comparativeIndex":0.0,"electionDayVotesPercent":0.5,"nominatorAbbr":{"fi":"KOK","sv":"Saml","en":"NCP"}},{"age":50,"advanceVotesPercent":0.6,"lastname":"Nordell","occupation":"kartverksingenjör","advanceVotes":2,"npid":6,"totalVotes":2,"spid":7,"abbr":"RKP","municipalCouncilor":false,"muid":322,"alid":6,"firstname":"Anders","electionDayVotes":0,"pid":"5","finalPosition":0,"electedInformation":"ON_SUBSTITUTE_PLACE","totalVotesPercent":0.3,"nominatorName":{"fi":"Suomen ruotsalainen kansanpuolue","sv":"Svenska folkpartiet i Finland","en":"Swedish People's Party in Finland"},"caid":65,"position":0,"gender":"1","comparisonData":{"totalVotes":21,"votesTotalChange":-19},"edid":3,"comparativeIndex":0.0,"electionDayVotesPercent":0.0,"nominatorAbbr":{"fi":"RKP","sv":"SFP","en":"SPP"}},{"age":53,"advanceVotesPercent":0.3,"lastname":"Sten","occupation":"privatföretagare, taxichaufför","advanceVotes":1,"npid":8,"totalVotes":2,"spid":99,"abbr":"Muut","municipalCouncilor":false,"muid":322,"alid":8,"firstname":"Maria","electionDayVotes":1,"pid":"3228","finalPosition":0,"electedInformation":"NOT_ELECTED","totalVotesPercent":0.3,"nominatorName":{"fi":"Fri samverkan Gemensam lista, Vapaa Yhteistoiminta Yhteislista","sv":"Fri samverkan Gemensam lista, Vapaa Yhteistoiminta Yhteislista","en":"Fri samverkan Gemensam lista, Vapaa Yhteistoiminta Yhteislista"},"caid":92,"position":0,"gender":"2","comparisonData":{"totalVotes":9,"votesTotalChange":-7},"edid":3,"comparativeIndex":0.0,"electionDayVotesPercent":0.3,"nominatorAbbr":{"fi":"FS/VY","sv":"FS/VY","en":"FS/VY"}},{"age":32,"advanceVotesPercent":0.0,"lastname":"Sundell","occupation":"städare, siivooja","advanceVotes":0,"npid":8,"totalVotes":2,"spid":99,"abbr":"Muut","municipalCouncilor":false,"muid":322,"alid":8,"firstname":"Anna","electionDayVotes":2,"pid":"3228","finalPosition":0,"electedInformation":"NOT_ELECTED","totalVotesPercent":0.3,"nominatorName":{"fi":"Fri samverkan Gemensam lista, Vapaa Yhteistoiminta Yhteislista","sv":"Fri samverkan Gemensam lista, Vapaa Yhteistoiminta Yhteislista","en":"Fri samverkan Gemensam lista, Vapaa Yhteistoiminta Yhteislista"},"caid":93,"position":0,"gender":"2","comparisonData":{"totalVotes":0,"votesTotalChange":2},"edid":3,"comparativeIndex":0.0,"electionDayVotesPercent":0.5,"nominatorAbbr":{"fi":"FS/VY","sv":"FS/VY","en":"FS/VY"}},{"age":49,"advanceVotesPercent":0.6,"lastname":"Thomander","occupation":"merimies, sjöman","advanceVotes":2,"npid":8,"totalVotes":2,"spid":99,"abbr":"Muut","municipalCouncilor":false,"muid":322,"alid":8,"firstname":"Roger","electionDayVotes":0,"pid":"3228","finalPosition":0,"electedInformation":"NOT_ELECTED","totalVotesPercent":0.3,"nominatorName":{"fi":"Fri samverkan Gemensam lista, Vapaa Yhteistoiminta Yhteislista","sv":"Fri samverkan Gemensam lista, Vapaa Yhteistoiminta Yhteislista","en":"Fri samverkan Gemensam lista, Vapaa Yhteistoiminta Yhteislista"},"caid":94,"position":0,"gender":"1","comparisonData":{"totalVotes":0,"votesTotalChange":2},"edid":3,"comparativeIndex":0.0,"electionDayVotesPercent":0.0,"nominatorAbbr":{"fi":"FS/VY","sv":"FS/VY","en":"FS/VY"}},{"age":48,"advanceVotesPercent":0.0,"lastname":"Kippilä","occupation":"yrittäjä","advanceVotes":0,"npid":1,"totalVotes":1,"spid":5,"abbr":"VIHR","municipalCouncilor":false,"muid":322,"alid":1,"firstname":"Sari","electionDayVotes":1,"pid":"13","finalPosition":0,"electedInformation":"NOT_ELECTED","totalVotesPercent":0.1,"nominatorName":{"fi":"Vihreä liitto","sv":"Gröna förbundet","en":"Green League"},"caid":5,"position":0,"gender":"2","comparisonData":{"totalVotes":28,"votesTotalChange":-27},"edid":3,"comparativeIndex":0.0,"electionDayVotesPercent":0.3,"nominatorAbbr":{"fi":"VIHR","sv":"Gröna","en":"GREEN"}},{"age":45,"advanceVotesPercent":0.0,"lastname":"Taivainen","occupation":"","advanceVotes":0,"npid":1,"totalVotes":1,"spid":5,"abbr":"VIHR","municipalCouncilor":false,"muid":322,"alid":1,"firstname":"Anu","electionDayVotes":1,"pid":"13","finalPosition":0,"electedInformation":"NOT_ELECTED","totalVotesPercent":0.1,"nominatorName":{"fi":"Vihreä liitto","sv":"Gröna förbundet","en":"Green League"},"caid":11,"position":0,"gender":"2","comparisonData":{"totalVotes":128,"votesTotalChange":-127},"edid":3,"comparativeIndex":0.0,"electionDayVotesPercent":0.3,"nominatorAbbr":{"fi":"VIHR","sv":"Gröna","en":"GREEN"}},{"age":52,"advanceVotesPercent":0.0,"lastname":"Siitojoki","occupation":"kielenkääntäjä","advanceVotes":0,"npid":1,"totalVotes":1,"spid":5,"abbr":"VIHR","municipalCouncilor":false,"muid":322,"alid":1,"firstname":"Sami","electionDayVotes":1,"pid":"13","finalPosition":0,"electedInformation":"NOT_ELECTED","totalVotesPercent":0.1,"nominatorName":{"fi":"Vihreä liitto","sv":"Gröna förbundet","en":"Green League"},"caid":12,"position":0,"gender":"1","comparisonData":{"totalVotes":3,"votesTotalChange":-2},"edid":3,"comparativeIndex":0.0,"electionDayVotesPercent":0.3,"nominatorAbbr":{"fi":"VIHR","sv":"Gröna","en":"GREEN"}},{"age":27,"advanceVotesPercent":0.3,"lastname":"Ström","occupation":"brunnsborrare","advanceVotes":1,"npid":2,"totalVotes":1,"spid":4,"abbr":"SDP","municipalCouncilor":false,"muid":322,"alid":2,"firstname":"Rickard","electionDayVotes":0,"pid":"1","finalPosition":0,"electedInformation":"NOT_ELECTED","totalVotesPercent":0.1,"nominatorName":{"fi":"Suomen Sosialidemokraattinen Puolue","sv":"Finlands Socialdemokratiska Parti","en":"The Finnish Social Democratic Party"},"caid":22,"position":0,"gender":"1","comparisonData":{"totalVotes":0,"votesTotalChange":1},"edid":3,"comparativeIndex":0.0,"electionDayVotesPercent":0.0,"nominatorAbbr":{"fi":"SDP","sv":"SDP","en":"SDP"}},{"age":33,"advanceVotesPercent":0.0,"lastname":"Virtanen","occupation":"agrologi AMK, yrittäjä","advanceVotes":0,"npid":3,"totalVotes":1,"spid":1,"abbr":"KESK","municipalCouncilor":false,"muid":322,"alid":3,"firstname":"Heikki","electionDayVotes":1,"pid":"2","finalPosition":0,"electedInformation":"NOT_ELECTED","totalVotesPercent":0.1,"nominatorName":{"fi":"Suomen Keskusta","sv":"Centern i Finland","en":"Centre Party of Finland"},"caid":34,"position":0,"gender":"1","comparisonData":{"totalVotes":11,"votesTotalChange":-10},"edid":3,"comparativeIndex":0.0,"electionDayVotesPercent":0.3,"nominatorAbbr":{"fi":"KESK","sv":"C","en":"CENT"}},{"age":68,"advanceVotesPercent":0.3,"lastname":"Pietikäinen","occupation":"eläkeläinen, pensionär","advanceVotes":1,"npid":4,"totalVotes":1,"spid":6,"abbr":"VAS","municipalCouncilor":false,"muid":322,"alid":4,"firstname":"Kauko","electionDayVotes":0,"pid":"15","finalPosition":0,"electedInformation":"NOT_ELECTED","totalVotesPercent":0.1,"nominatorName":{"fi":"Vasemmistoliitto","sv":"Vänsterförbundet","en":"The Left Alliance"},"caid":39,"position":0,"gender":"1","comparisonData":{"totalVotes":18,"votesTotalChange":-17},"edid":3,"comparativeIndex":0.0,"electionDayVotesPercent":0.0,"nominatorAbbr":{"fi":"VAS","sv":"VF","en":"LEFT"}},{"age":51,"advanceVotesPercent":0.0,"lastname":"Flinkman","occupation":"AD","advanceVotes":0,"npid":5,"totalVotes":1,"spid":2,"abbr":"KOK","municipalCouncilor":false,"muid":322,"alid":5,"firstname":"Peter","electionDayVotes":1,"pid":"4","finalPosition":0,"electedInformation":"NOT_ELECTED","totalVotesPercent":0.1,"nominatorName":{"fi":"Kansallinen Kokoomus","sv":"Samlingspartiet","en":"National Coalition Party"},"caid":44,"position":0,"gender":"1","comparisonData":{"totalVotes":0,"votesTotalChange":1},"edid":3,"comparativeIndex":0.0,"electionDayVotesPercent":0.3,"nominatorAbbr":{"fi":"KOK","sv":"Saml","en":"NCP"}},{"age":63,"advanceVotesPercent":0.3,"lastname":"Kaita","occupation":"apteekkari, apotekare","advanceVotes":1,"npid":5,"totalVotes":1,"spid":2,"abbr":"KOK","municipalCouncilor":false,"muid":322,"alid":5,"firstname":"Janina","electionDayVotes":0,"pid":"4","finalPosition":0,"electedInformation":"NOT_ELECTED","totalVotesPercent":0.1,"nominatorName":{"fi":"Kansallinen Kokoomus","sv":"Samlingspartiet","en":"National Coalition Party"},"caid":45,"position":0,"gender":"2","comparisonData":{"totalVotes":34,"votesTotalChange":-33},"edid":3,"comparativeIndex":0.0,"electionDayVotesPercent":0.0,"nominatorAbbr":{"fi":"KOK","sv":"Saml","en":"NCP"}},{"age":50,"advanceVotesPercent":0.0,"lastname":"Penna","occupation":"yrittäjä, företagare","advanceVotes":0,"npid":5,"totalVotes":1,"spid":2,"abbr":"KOK","municipalCouncilor":false,"muid":322,"alid":5,"firstname":"Mirja","electionDayVotes":1,"pid":"4","finalPosition":0,"electedInformation":"NOT_ELECTED","totalVotesPercent":0.1,"nominatorName":{"fi":"Kansallinen Kokoomus","sv":"Samlingspartiet","en":"National Coalition Party"},"caid":49,"position":0,"gender":"2","comparisonData":{"totalVotes":5,"votesTotalChange":-4},"edid":3,"comparativeIndex":0.0,"electionDayVotesPercent":0.3,"nominatorAbbr":{"fi":"KOK","sv":"Saml","en":"NCP"}},{"age":63,"advanceVotesPercent":0.0,"lastname":"Edmark","occupation":"ordförande, SFP i Kimitoön","advanceVotes":0,"npid":6,"totalVotes":1,"spid":7,"abbr":"RKP","municipalCouncilor":false,"muid":322,"alid":6,"firstname":"Ghita","electionDayVotes":1,"pid":"5","finalPosition":0,"electedInformation":"ON_SUBSTITUTE_PLACE","totalVotesPercent":0.1,"nominatorName":{"fi":"Suomen ruotsalainen kansanpuolue","sv":"Svenska folkpartiet i Finland","en":"Swedish People's Party in Finland"},"caid":53,"position":0,"gender":"2","comparisonData":{"totalVotes":0,"votesTotalChange":1},"edid":3,"comparativeIndex":0.0,"electionDayVotesPercent":0.3,"nominatorAbbr":{"fi":"RKP","sv":"SFP","en":"SPP"}},{"age":42,"advanceVotesPercent":0.0,"lastname":"Granberg","occupation":"närvårdare","advanceVotes":0,"npid":6,"totalVotes":1,"spid":7,"abbr":"RKP","municipalCouncilor":false,"muid":322,"alid":6,"firstname":"Eva-Lotta","electionDayVotes":1,"pid":"5","finalPosition":0,"electedInformation":"ON_SUBSTITUTE_PLACE","totalVotesPercent":0.1,"nominatorName":{"fi":"Suomen ruotsalainen kansanpuolue","sv":"Svenska folkpartiet i Finland","en":"Swedish People's Party in Finland"},"caid":57,"position":0,"gender":"2","comparisonData":{"totalVotes":0,"votesTotalChange":1},"edid":3,"comparativeIndex":0.0,"electionDayVotesPercent":0.3,"nominatorAbbr":{"fi":"RKP","sv":"SFP","en":"SPP"}},{"age":38,"advanceVotesPercent":0.0,"lastname":"Lindroth","occupation":"logistikchef, lantbrukare","advanceVotes":0,"npid":6,"totalVotes":1,"spid":7,"abbr":"RKP","municipalCouncilor":false,"muid":322,"alid":6,"firstname":"Thomas","electionDayVotes":1,"pid":"5","finalPosition":0,"electedInformation":"ON_SUBSTITUTE_PLACE","totalVotesPercent":0.1,"nominatorName":{"fi":"Suomen ruotsalainen kansanpuolue","sv":"Svenska folkpartiet i Finland","en":"Swedish People's Party in Finland"},"caid":64,"position":0,"gender":"1","comparisonData":{"totalVotes":17,"votesTotalChange":-16},"edid":3,"comparativeIndex":0.0,"electionDayVotesPercent":0.3,"nominatorAbbr":{"fi":"RKP","sv":"SFP","en":"SPP"}},{"age":21,"advanceVotesPercent":0.3,"lastname":"Oksanen","occupation":"studerande","advanceVotes":1,"npid":6,"totalVotes":1,"spid":7,"abbr":"RKP","municipalCouncilor":false,"muid":322,"alid":6,"firstname":"Jesper","electionDayVotes":0,"pid":"5","finalPosition":0,"electedInformation":"ON_SUBSTITUTE_PLACE","totalVotesPercent":0.1,"nominatorName":{"fi":"Suomen ruotsalainen kansanpuolue","sv":"Svenska folkpartiet i Finland","en":"Swedish People's Party in Finland"},"caid":68,"position":0,"gender":"1","comparisonData":{"totalVotes":0,"votesTotalChange":1},"edid":3,"comparativeIndex":0.0,"electionDayVotesPercent":0.0,"nominatorAbbr":{"fi":"RKP","sv":"SFP","en":"SPP"}},{"age":47,"advanceVotesPercent":0.0,"lastname":"Tilvis","occupation":"lärare","advanceVotes":0,"npid":6,"totalVotes":1,"spid":7,"abbr":"RKP","municipalCouncilor":false,"muid":322,"alid":6,"firstname":"Taina","electionDayVotes":1,"pid":"5","finalPosition":0,"electedInformation":"ON_SUBSTITUTE_PLACE","totalVotesPercent":0.1,"nominatorName":{"fi":"Suomen ruotsalainen kansanpuolue","sv":"Svenska folkpartiet i Finland","en":"Swedish People's Party in Finland"},"caid":72,"position":0,"gender":"2","comparisonData":{"totalVotes":0,"votesTotalChange":1},"edid":3,"comparativeIndex":0.0,"electionDayVotesPercent":0.3,"nominatorAbbr":{"fi":"RKP","sv":"SFP","en":"SPP"}},{"age":50,"advanceVotesPercent":0.0,"lastname":"Andersson","occupation":"myyntipäällikkö, opiskelija","advanceVotes":0,"npid":1,"totalVotes":0,"spid":5,"abbr":"VIHR","municipalCouncilor":false,"muid":322,"alid":1,"firstname":"Kurt","electionDayVotes":0,"pid":"13","finalPosition":0,"electedInformation":"NOT_ELECTED","totalVotesPercent":0.0,"nominatorName":{"fi":"Vihreä liitto","sv":"Gröna förbundet","en":"Green League"},"caid":2,"position":0,"gender":"1","comparisonData":{"totalVotes":0,"votesTotalChange":0},"edid":3,"comparativeIndex":0.0,"electionDayVotesPercent":0.0,"nominatorAbbr":{"fi":"VIHR","sv":"Gröna","en":"GREEN"}},{"age":52,"advanceVotesPercent":0.0,"lastname":"Pettersson","occupation":"viulisti, valtiotieteiden yo","advanceVotes":0,"npid":1,"totalVotes":0,"spid":5,"abbr":"VIHR","municipalCouncilor":false,"muid":322,"alid":1,"firstname":"Silja","electionDayVotes":0,"pid":"13","finalPosition":0,"electedInformation":"NOT_ELECTED","totalVotesPercent":0.0,"nominatorName":{"fi":"Vihreä liitto","sv":"Gröna förbundet","en":"Green League"},"caid":8,"position":0,"gender":"2","comparisonData":{"totalVotes":0,"votesTotalChange":0},"edid":3,"comparativeIndex":0.0,"electionDayVotesPercent":0.0,"nominatorAbbr":{"fi":"VIHR","sv":"Gröna","en":"GREEN"}},{"age":29,"advanceVotesPercent":0.0,"lastname":"Sudirikku Hannadige","occupation":"yrittäjä","advanceVotes":0,"npid":1,"totalVotes":0,"spid":5,"abbr":"VIHR","municipalCouncilor":false,"muid":322,"alid":1,"firstname":"Mohanjith","electionDayVotes":0,"pid":"13","finalPosition":0,"electedInformation":"NOT_ELECTED","totalVotesPercent":0.0,"nominatorName":{"fi":"Vihreä liitto","sv":"Gröna förbundet","en":"Green League"},"caid":13,"position":0,"gender":"1","comparisonData":{"totalVotes":0,"votesTotalChange":0},"edid":3,"comparativeIndex":0.0,"electionDayVotesPercent":0.0,"nominatorAbbr":{"fi":"VIHR","sv":"Gröna","en":"GREEN"}},{"age":44,"advanceVotesPercent":0.0,"lastname":"Kaitala","occupation":"maanviljelijä","advanceVotes":0,"npid":3,"totalVotes":0,"spid":1,"abbr":"KESK","municipalCouncilor":false,"muid":322,"alid":3,"firstname":"Harri","electionDayVotes":0,"pid":"2","finalPosition":0,"electedInformation":"ELECTED","totalVotesPercent":0.0,"nominatorName":{"fi":"Suomen Keskusta","sv":"Centern i Finland","en":"Centre Party of Finland"},"caid":26,"position":0,"gender":"1","comparisonData":{"totalVotes":59,"votesTotalChange":-59},"edid":3,"comparativeIndex":0.0,"electionDayVotesPercent":0.0,"nominatorAbbr":{"fi":"KESK","sv":"C","en":"CENT"}},{"age":73,"advanceVotesPercent":0.0,"lastname":"Koivusalo","occupation":"eläkeläinen","advanceVotes":0,"npid":3,"totalVotes":0,"spid":1,"abbr":"KESK","municipalCouncilor":false,"muid":322,"alid":3,"firstname":"Rainer","electionDayVotes":0,"pid":"2","finalPosition":0,"electedInformation":"NOT_ELECTED","totalVotesPercent":0.0,"nominatorName":{"fi":"Suomen Keskusta","sv":"Centern i Finland","en":"Centre Party of Finland"},"caid":28,"position":0,"gender":"1","comparisonData":{"totalVotes":3,"votesTotalChange":-3},"edid":3,"comparativeIndex":0.0,"electionDayVotesPercent":0.0,"nominatorAbbr":{"fi":"KESK","sv":"C","en":"CENT"}},{"age":43,"advanceVotesPercent":0.0,"lastname":"Lehtinen","occupation":"maa- ja metsätalousyrittäjä, projektipäällikkö","advanceVotes":0,"npid":3,"totalVotes":0,"spid":1,"abbr":"KESK","municipalCouncilor":false,"muid":322,"alid":3,"firstname":"Mika","electionDayVotes":0,"pid":"2","finalPosition":0,"electedInformation":"ON_SUBSTITUTE_PLACE","totalVotesPercent":0.0,"nominatorName":{"fi":"Suomen Keskusta","sv":"Centern i Finland","en":"Centre Party of Finland"},"caid":30,"position":0,"gender":"1","comparisonData":{"totalVotes":0,"votesTotalChange":0},"edid":3,"comparativeIndex":0.0,"electionDayVotesPercent":0.0,"nominatorAbbr":{"fi":"KESK","sv":"C","en":"CENT"}},{"age":58,"advanceVotesPercent":0.0,"lastname":"Marjatsalo-Kyllästinen","occupation":"tarjoilija, eläkeläinen","advanceVotes":0,"npid":3,"totalVotes":0,"spid":1,"abbr":"KESK","municipalCouncilor":false,"muid":322,"alid":3,"firstname":"Arja","electionDayVotes":0,"pid":"2","finalPosition":0,"electedInformation":"NOT_ELECTED","totalVotesPercent":0.0,"nominatorName":{"fi":"Suomen Keskusta","sv":"Centern i Finland","en":"Centre Party of Finland"},"caid":31,"position":0,"gender":"2","comparisonData":{"totalVotes":0,"votesTotalChange":0},"edid":3,"comparativeIndex":0.0,"electionDayVotesPercent":0.0,"nominatorAbbr":{"fi":"KESK","sv":"C","en":"CENT"}},{"age":18,"advanceVotesPercent":0.0,"lastname":"Pitkäranta","occupation":"opiskelija","advanceVotes":0,"npid":3,"totalVotes":0,"spid":1,"abbr":"KESK","municipalCouncilor":false,"muid":322,"alid":3,"firstname":"Juho","electionDayVotes":0,"pid":"2","finalPosition":0,"electedInformation":"NOT_ELECTED","totalVotesPercent":0.0,"nominatorName":{"fi":"Suomen Keskusta","sv":"Centern i Finland","en":"Centre Party of Finland"},"caid":32,"position":0,"gender":"1","comparisonData":{"totalVotes":0,"votesTotalChange":0},"edid":3,"comparativeIndex":0.0,"electionDayVotesPercent":0.0,"nominatorAbbr":{"fi":"KESK","sv":"C","en":"CENT"}},{"age":33,"advanceVotesPercent":0.0,"lastname":"Vesalainen","occupation":"ravintolakokki","advanceVotes":0,"npid":3,"totalVotes":0,"spid":1,"abbr":"KESK","municipalCouncilor":false,"muid":322,"alid":3,"firstname":"Olli","electionDayVotes":0,"pid":"2","finalPosition":0,"electedInformation":"NOT_ELECTED","totalVotesPercent":0.0,"nominatorName":{"fi":"Suomen Keskusta","sv":"Centern i Finland","en":"Centre Party of Finland"},"caid":33,"position":0,"gender":"1","comparisonData":{"totalVotes":3,"votesTotalChange":-3},"edid":3,"comparativeIndex":0.0,"electionDayVotesPercent":0.0,"nominatorAbbr":{"fi":"KESK","sv":"C","en":"CENT"}},{"age":68,"advanceVotesPercent":0.0,"lastname":"Eriksson","occupation":"närvårdare, lähihoitaja","advanceVotes":0,"npid":5,"totalVotes":0,"spid":2,"abbr":"KOK","municipalCouncilor":false,"muid":322,"alid":5,"firstname":"Monica","electionDayVotes":0,"pid":"4","finalPosition":0,"electedInformation":"NOT_ELECTED","totalVotesPercent":0.0,"nominatorName":{"fi":"Kansallinen Kokoomus","sv":"Samlingspartiet","en":"National Coalition Party"},"caid":43,"position":0,"gender":"2","comparisonData":{"totalVotes":0,"votesTotalChange":0},"edid":3,"comparativeIndex":0.0,"electionDayVotesPercent":0.0,"nominatorAbbr":{"fi":"KOK","sv":"Saml","en":"NCP"}},{"age":56,"advanceVotesPercent":0.0,"lastname":"Penna","occupation":"eläkeläinen, yrittäjä","advanceVotes":0,"npid":5,"totalVotes":0,"spid":2,"abbr":"KOK","municipalCouncilor":false,"muid":322,"alid":5,"firstname":"Jyrki","electionDayVotes":0,"pid":"4","finalPosition":0,"electedInformation":"NOT_ELECTED","totalVotesPercent":0.0,"nominatorName":{"fi":"Kansallinen Kokoomus","sv":"Samlingspartiet","en":"National Coalition Party"},"caid":48,"position":0,"gender":"1","comparisonData":{"totalVotes":5,"votesTotalChange":-5},"edid":3,"comparativeIndex":0.0,"electionDayVotesPercent":0.0,"nominatorAbbr":{"fi":"KOK","sv":"Saml","en":"NCP"}},{"age":47,"advanceVotesPercent":0.0,"lastname":"Örtendahl","occupation":"byggingenjör","advanceVotes":0,"npid":6,"totalVotes":0,"spid":7,"abbr":"RKP","municipalCouncilor":false,"muid":322,"alid":6,"firstname":"Patrik","electionDayVotes":0,"pid":"5","finalPosition":0,"electedInformation":"ON_SUBSTITUTE_PLACE","totalVotesPercent":0.0,"nominatorName":{"fi":"Suomen ruotsalainen kansanpuolue","sv":"Svenska folkpartiet i Finland","en":"Swedish People's Party in Finland"},"caid":76,"position":0,"gender":"1","comparisonData":{"totalVotes":0,"votesTotalChange":0},"edid":3,"comparativeIndex":0.0,"electionDayVotesPercent":0.0,"nominatorAbbr":{"fi":"RKP","sv":"SFP","en":"SPP"}},{"age":53,"advanceVotesPercent":0.0,"lastname":"Suomi","occupation":"lähihoitaja","advanceVotes":0,"npid":7,"totalVotes":0,"spid":3,"abbr":"PS","municipalCouncilor":false,"muid":322,"alid":7,"firstname":"Berit","electionDayVotes":0,"pid":"23","finalPosition":0,"electedInformation":"NOT_ELECTED","totalVotesPercent":0.0,"nominatorName":{"fi":"Perussuomalaiset","sv":"Sannfinländarna","en":"The Finns Party"},"caid":77,"position":0,"gender":"2","comparisonData":{"totalVotes":70,"votesTotalChange":-70},"edid":3,"comparativeIndex":0.0,"electionDayVotesPercent":0.0,"nominatorAbbr":{"fi":"PS","sv":"Sannf","en":"FINNS"}},{"age":33,"advanceVotesPercent":0.0,"lastname":"Lindstedt","occupation":"företagare, yrittäjä","advanceVotes":0,"npid":8,"totalVotes":0,"spid":99,"abbr":"Muut","municipalCouncilor":false,"muid":322,"alid":8,"firstname":"Andreas","electionDayVotes":0,"pid":"3228","finalPosition":0,"electedInformation":"NOT_ELECTED","totalVotesPercent":0.0,"nominatorName":{"fi":"Fri samverkan Gemensam lista, Vapaa Yhteistoiminta Yhteislista","sv":"Fri samverkan Gemensam lista, Vapaa Yhteistoiminta Yhteislista","en":"Fri samverkan Gemensam lista, Vapaa Yhteistoiminta Yhteislista"},"caid":87,"position":0,"gender":"1","comparisonData":{"totalVotes":0,"votesTotalChange":0},"edid":3,"comparativeIndex":0.0,"electionDayVotesPercent":0.0,"nominatorAbbr":{"fi":"FS/VY","sv":"FS/VY","en":"FS/VY"}}],"municipalityPollingDistricts":[{"name":{"fi":"Taalintehdas","sv":"Dalsbruk"},"calculationStatusPercent":100.0,"joinedArea":false,"muid":322,"totalVotingInFinlandTurnout":71.2,"identification":"001","pdid":"001","eligibleVotersInFinlandTotal":1186,"edid":3,"mergedToPdid":""},{"name":{"fi":"Björkboda-Kulla","sv":"Björkboda-Kulla"},"calculationStatusPercent":100.0,"joinedArea":false,"muid":322,"totalVotingInFinlandTurnout":65.7,"identification":"002","pdid":"002","eligibleVotersInFinlandTotal":1093,"edid":3,"mergedToPdid":""},{"name":{"fi":"Saaristo","sv":"Skärgården"},"calculationStatusPercent":100.0,"joinedArea":false,"muid":322,"totalVotingInFinlandTurnout":75.8,"identification":"003","pdid":"003","eligibleVotersInFinlandTotal":297,"edid":3,"mergedToPdid":""},{"name":{"fi":"Kemiö","sv":"Kimito"},"calculationStatusPercent":100.0,"joinedArea":false,"muid":322,"totalVotingInFinlandTurnout":66.8,"identification":"004","pdid":"004","eligibleVotersInFinlandTotal":2547,"edid":3,"mergedToPdid":""},{"name":{"fi":"Västanfjärd","sv":"Västanfjärd"},"calculationStatusPercent":100.0,"joinedArea":false,"muid":322,"totalVotingInFinlandTurnout":70.9,"identification":"005","pdid":"005","eligibleVotersInFinlandTotal":621,"edid":3,"mergedToPdid":""}],"municipality":{"muid":322,"edid":3,"name":{"fi":"Kemiönsaari","sv":"Kimitoön"}}}