{"version":20,"created":"2017-04-09T18:27:13.592Z","electionDetails":{"electionId":"kv2017","electionDate":"2017-04-09T00:00:00.000Z","electionDataPublishTime":"2017-04-09T17:00:00.000Z","name":{"fi":"Kuntavaalit 2017","sv":"Kommunalval 2017","en":"Elections 2017"},"previousElections":{"correspondingCompareElection":{"electionId":"kv2012","electionDate":"2012-10-28T00:00:00.000Z","name":{"fi":"Kuntavaalit 2012","en":"Municipal elections 2012","sv":"Kommunalval 2012"}},"otherCompareElection":{"electionId":"ev2015","electionDate":"2015-04-19T00:00:00.000Z","name":{"fi":"Eduskuntavaalit 2015","en":"Parliamentary election 2015","sv":"Riksdagsval 2015"}}}},"calculationStatus":{"electionDayVotingTurnout":21.5,"invalidAdvanceVotes":0,"calculationPhase":"INITIAL","invalidElectionDayVotes":0,"approvedAdvanceVotes":161,"advanceVotingTurnout":54.2,"totalVotingTurnoutAbroad":0.0,"name":{"fi":"Saaristo","sv":"Skärgården"},"calculationStatusPercent":100.0,"advanceVotes":161,"electionDayVotingTurnoutAbroad":0.0,"approvedTotalVotes":225,"totalVotes":225,"muid":322,"totalVotingInFinlandTurnout":75.8,"advanceVotingTurnoutAbroad":0.0,"invalidTotalVotes":0,"totalVotingTurnout":75.8,"electionDayVotes":64,"electionDayVotesInFinland":64,"pdid":"003","totalVotesInFinlandMen":0,"eligibleVotersInFinlandTotal":297,"calculationStatusPercentElectionDayVotes":100.0,"sourceRecordModificationTime":"20170409201945","otherCompareElection":{"eid":"","eligibleVotersInFinlandTotal":0,"advanceVotingInFinlandTurnout":0.0,"electionDayVotingInFinlandTurnout":0.0,"totalVotingInFinlandTurnout":0.0,"approvedVotesTotal":0,"invalidVotesTotal":0},"correspondingCompareElection":{"eid":"","eligibleVotersInFinlandTotal":0,"advanceVotingInFinlandTurnout":0.0,"electionDayVotingInFinlandTurnout":0.0,"totalVotingInFinlandTurnout":0.0,"approvedVotesTotal":0,"invalidVotesTotal":0,"seats":0},"approvedElectionDayVotes":64,"edid":3,"calculationStatusPercentAdvanceVotes":100.0,"electionDayVotingInFinlandTurnout":21.5,"seats":0,"eligibleVotersTotal":297,"advanceVotesInFinland":161,"advanceVotingInFinlandTurnout":54.2,"totalVotesInFinland":225},"partyResults":[{"advanceVotesPercent":86.3,"name":{"fi":"Suomen ruotsalainen kansanpuolue","sv":"Svenska folkpartiet i Finland","en":"Swedish People's Party in Finland"},"advanceVotes":139,"npid":6,"totalVotes":194,"spid":7,"abbr":{"fi":"RKP","sv":"SFP","en":"SPP"},"alid":6,"electionDayVotes":55,"pid":"5","totalVotesPercent":86.2,"nominatorName":{"fi":"Suomen ruotsalainen kansanpuolue","sv":"Svenska folkpartiet i Finland","en":"Swedish People's Party in Finland"},"compareData":{"otherCompareElection":{"votesTotalChange":0,"votesTotalPercentChange":0.0,"votesTotal":194,"votesTotalPercent":86.2},"correspondingCompareElection":{"votesTotalChange":0,"votesTotalPercentChange":0.0,"seatChange":0,"votesTotal":194,"votesTotalPercent":86.2,"seatsTotal":0}},"seats":0,"electionDayVotesPercent":85.9,"nominatorAbbr":{"fi":"RKP","sv":"SFP","en":"SPP"}},{"advanceVotesPercent":5.0,"name":{"fi":"Muut ryhmät","sv":"Övriga grupper","en":"Other groups"},"advanceVotes":8,"npid":8,"totalVotes":11,"spid":99,"abbr":{"fi":"Muut","sv":"Övriga","en":"Others"},"alid":8,"electionDayVotes":3,"pid":"3228","totalVotesPercent":4.9,"nominatorName":{"fi":"Fri samverkan Gemensam lista, Vapaa Yhteistoiminta Yhteislista","sv":"Fri samverkan Gemensam lista, Vapaa Yhteistoiminta Yhteislista","en":"Fri samverkan Gemensam lista, Vapaa Yhteistoiminta Yhteislista"},"compareData":{"otherCompareElection":{"votesTotalChange":0,"votesTotalPercentChange":0.0,"votesTotal":11,"votesTotalPercent":4.9},"correspondingCompareElection":{"votesTotalChange":0,"votesTotalPercentChange":0.0,"seatChange":0,"votesTotal":11,"votesTotalPercent":4.9,"seatsTotal":0}},"seats":0,"electionDayVotesPercent":4.7,"nominatorAbbr":{"fi":"FS/VY","sv":"FS/VY","en":"FS/VY"}},{"advanceVotesPercent":4.3,"name":{"fi":"Vihreä liitto","sv":"Gröna förbundet","en":"Green League"},"advanceVotes":7,"npid":1,"totalVotes":9,"spid":5,"abbr":{"fi":"VIHR","sv":"Gröna","en":"GREEN"},"alid":1,"electionDayVotes":2,"pid":"13","totalVotesPercent":4.0,"nominatorName":{"fi":"Vihreä liitto","sv":"Gröna förbundet","en":"Green League"},"compareData":{"otherCompareElection":{"votesTotalChange":0,"votesTotalPercentChange":0.0,"votesTotal":9,"votesTotalPercent":4.0},"correspondingCompareElection":{"votesTotalChange":0,"votesTotalPercentChange":0.0,"seatChange":0,"votesTotal":9,"votesTotalPercent":4.0,"seatsTotal":0}},"seats":0,"electionDayVotesPercent":3.1,"nominatorAbbr":{"fi":"VIHR","sv":"Gröna","en":"GREEN"}},{"advanceVotesPercent":3.1,"name":{"fi":"Vasemmistoliitto","sv":"Vänsterförbundet","en":"The Left Alliance"},"advanceVotes":5,"npid":4,"totalVotes":8,"spid":6,"abbr":{"fi":"VAS","sv":"VF","en":"LEFT"},"alid":4,"electionDayVotes":3,"pid":"15","totalVotesPercent":3.6,"nominatorName":{"fi":"Vasemmistoliitto","sv":"Vänsterförbundet","en":"The Left Alliance"},"compareData":{"otherCompareElection":{"votesTotalChange":0,"votesTotalPercentChange":0.0,"votesTotal":8,"votesTotalPercent":3.6},"correspondingCompareElection":{"votesTotalChange":0,"votesTotalPercentChange":0.0,"seatChange":0,"votesTotal":8,"votesTotalPercent":3.6,"seatsTotal":0}},"seats":0,"electionDayVotesPercent":4.7,"nominatorAbbr":{"fi":"VAS","sv":"VF","en":"LEFT"}},{"advanceVotesPercent":1.2,"name":{"fi":"Kansallinen Kokoomus","sv":"Samlingspartiet","en":"National Coalition Party"},"advanceVotes":2,"npid":5,"totalVotes":2,"spid":2,"abbr":{"fi":"KOK","sv":"Saml","en":"NCP"},"alid":5,"electionDayVotes":0,"pid":"4","totalVotesPercent":0.9,"nominatorName":{"fi":"Kansallinen Kokoomus","sv":"Samlingspartiet","en":"National Coalition Party"},"compareData":{"otherCompareElection":{"votesTotalChange":0,"votesTotalPercentChange":0.0,"votesTotal":2,"votesTotalPercent":0.9},"correspondingCompareElection":{"votesTotalChange":0,"votesTotalPercentChange":0.0,"seatChange":0,"votesTotal":2,"votesTotalPercent":0.9,"seatsTotal":0}},"seats":0,"electionDayVotesPercent":0.0,"nominatorAbbr":{"fi":"KOK","sv":"Saml","en":"NCP"}},{"advanceVotesPercent":0.0,"name":{"fi":"Suomen Keskusta","sv":"Centern i Finland","en":"Centre Party of Finland"},"advanceVotes":0,"npid":3,"totalVotes":1,"spid":1,"abbr":{"fi":"KESK","sv":"C","en":"CENT"},"alid":3,"electionDayVotes":1,"pid":"2","totalVotesPercent":0.4,"nominatorName":{"fi":"Suomen Keskusta","sv":"Centern i Finland","en":"Centre Party of Finland"},"compareData":{"otherCompareElection":{"votesTotalChange":0,"votesTotalPercentChange":0.0,"votesTotal":1,"votesTotalPercent":0.4},"correspondingCompareElection":{"votesTotalChange":0,"votesTotalPercentChange":0.0,"seatChange":0,"votesTotal":1,"votesTotalPercent":0.4,"seatsTotal":0}},"seats":0,"electionDayVotesPercent":1.6,"nominatorAbbr":{"fi":"KESK","sv":"C","en":"CENT"}},{"advanceVotesPercent":0.0,"name":{"fi":"Perussuomalaiset","sv":"Sannfinländarna","en":"The Finns Party"},"advanceVotes":0,"npid":7,"totalVotes":0,"spid":3,"abbr":{"fi":"PS","sv":"Sannf","en":"FINNS"},"alid":7,"electionDayVotes":0,"pid":"23","totalVotesPercent":0.0,"nominatorName":{"fi":"Perussuomalaiset","sv":"Sannfinländarna","en":"The Finns Party"},"compareData":{"otherCompareElection":{"votesTotalChange":0,"votesTotalPercentChange":0.0,"votesTotal":0,"votesTotalPercent":0.0},"correspondingCompareElection":{"votesTotalChange":0,"votesTotalPercentChange":0.0,"seatChange":0,"votesTotal":0,"votesTotalPercent":0.0,"seatsTotal":0}},"seats":0,"electionDayVotesPercent":0.0,"nominatorAbbr":{"fi":"PS","sv":"Sannf","en":"FINNS"}},{"advanceVotesPercent":0.0,"name":{"fi":"Suomen Sosialidemokraattinen Puolue","sv":"Finlands Socialdemokratiska Parti","en":"The Finnish Social Democratic Party"},"advanceVotes":0,"npid":2,"totalVotes":0,"spid":4,"abbr":{"fi":"SDP","sv":"SDP","en":"SDP"},"alid":2,"electionDayVotes":0,"pid":"1","totalVotesPercent":0.0,"nominatorName":{"fi":"Suomen Sosialidemokraattinen Puolue","sv":"Finlands Socialdemokratiska Parti","en":"The Finnish Social Democratic Party"},"compareData":{"otherCompareElection":{"votesTotalChange":0,"votesTotalPercentChange":0.0,"votesTotal":0,"votesTotalPercent":0.0},"correspondingCompareElection":{"votesTotalChange":0,"votesTotalPercentChange":0.0,"seatChange":0,"votesTotal":0,"votesTotalPercent":0.0,"seatsTotal":0}},"seats":0,"electionDayVotesPercent":0.0,"nominatorAbbr":{"fi":"SDP","sv":"SDP","en":"SDP"}}],"candidateResults":[{"age":46,"advanceVotesPercent":49.1,"lastname":"Wilson","occupation":"företagare","advanceVotes":79,"npid":6,"totalVotes":92,"spid":7,"abbr":"RKP","municipalCouncilor":true,"muid":322,"alid":6,"firstname":"Daniel","electionDayVotes":13,"pid":"5","finalPosition":0,"electedInformation":"ELECTED","totalVotesPercent":40.9,"nominatorName":{"fi":"Suomen ruotsalainen kansanpuolue","sv":"Svenska folkpartiet i Finland","en":"Swedish People's Party in Finland"},"caid":74,"position":0,"gender":"1","comparisonData":{"totalVotes":130,"votesTotalChange":-38},"edid":3,"comparativeIndex":0.0,"electionDayVotesPercent":20.3,"nominatorAbbr":{"fi":"RKP","sv":"SFP","en":"SPP"}},{"age":34,"advanceVotesPercent":18.0,"lastname":"Liljeqvist","occupation":"vice vd","advanceVotes":29,"npid":6,"totalVotes":58,"spid":7,"abbr":"RKP","municipalCouncilor":true,"muid":322,"alid":6,"firstname":"Wilhelm","electionDayVotes":29,"pid":"5","finalPosition":0,"electedInformation":"ELECTED","totalVotesPercent":25.8,"nominatorName":{"fi":"Suomen ruotsalainen kansanpuolue","sv":"Svenska folkpartiet i Finland","en":"Swedish People's Party in Finland"},"caid":62,"position":0,"gender":"1","comparisonData":{"totalVotes":144,"votesTotalChange":-86},"edid":3,"comparativeIndex":0.0,"electionDayVotesPercent":45.3,"nominatorAbbr":{"fi":"RKP","sv":"SFP","en":"SPP"}},{"age":70,"advanceVotesPercent":6.8,"lastname":"Enestam","occupation":"minister, pensionär","advanceVotes":11,"npid":6,"totalVotes":18,"spid":7,"abbr":"RKP","municipalCouncilor":false,"muid":322,"alid":6,"firstname":"Jan-Erik","electionDayVotes":7,"pid":"5","finalPosition":0,"electedInformation":"ELECTED","totalVotesPercent":8.0,"nominatorName":{"fi":"Suomen ruotsalainen kansanpuolue","sv":"Svenska folkpartiet i Finland","en":"Swedish People's Party in Finland"},"caid":55,"position":0,"gender":"1","comparisonData":{"totalVotes":0,"votesTotalChange":18},"edid":3,"comparativeIndex":0.0,"electionDayVotesPercent":10.9,"nominatorAbbr":{"fi":"RKP","sv":"SFP","en":"SPP"}},{"age":61,"advanceVotesPercent":6.8,"lastname":"Holmström","occupation":"privatföretagare","advanceVotes":11,"npid":6,"totalVotes":14,"spid":7,"abbr":"RKP","municipalCouncilor":false,"muid":322,"alid":6,"firstname":"Birgitta","electionDayVotes":3,"pid":"5","finalPosition":0,"electedInformation":"ON_SUBSTITUTE_PLACE","totalVotesPercent":6.2,"nominatorName":{"fi":"Suomen ruotsalainen kansanpuolue","sv":"Svenska folkpartiet i Finland","en":"Swedish People's Party in Finland"},"caid":60,"position":0,"gender":"2","comparisonData":{"totalVotes":0,"votesTotalChange":14},"edid":3,"comparativeIndex":0.0,"electionDayVotesPercent":4.7,"nominatorAbbr":{"fi":"RKP","sv":"SFP","en":"SPP"}},{"age":42,"advanceVotesPercent":1.9,"lastname":"Guseff","occupation":"sjöbevakare, lärare","advanceVotes":3,"npid":6,"totalVotes":5,"spid":7,"abbr":"RKP","municipalCouncilor":true,"muid":322,"alid":6,"firstname":"Niklas","electionDayVotes":2,"pid":"5","finalPosition":0,"electedInformation":"ELECTED","totalVotesPercent":2.2,"nominatorName":{"fi":"Suomen ruotsalainen kansanpuolue","sv":"Svenska folkpartiet i Finland","en":"Swedish People's Party in Finland"},"caid":58,"position":0,"gender":"1","comparisonData":{"totalVotes":98,"votesTotalChange":-93},"edid":3,"comparativeIndex":0.0,"electionDayVotesPercent":3.1,"nominatorAbbr":{"fi":"RKP","sv":"SFP","en":"SPP"}},{"age":52,"advanceVotesPercent":2.5,"lastname":"Pettersson","occupation":"viulisti, valtiotieteiden yo","advanceVotes":4,"npid":1,"totalVotes":4,"spid":5,"abbr":"VIHR","municipalCouncilor":false,"muid":322,"alid":1,"firstname":"Silja","electionDayVotes":0,"pid":"13","finalPosition":0,"electedInformation":"NOT_ELECTED","totalVotesPercent":1.8,"nominatorName":{"fi":"Vihreä liitto","sv":"Gröna förbundet","en":"Green League"},"caid":8,"position":0,"gender":"2","comparisonData":{"totalVotes":0,"votesTotalChange":4},"edid":3,"comparativeIndex":0.0,"electionDayVotesPercent":0.0,"nominatorAbbr":{"fi":"VIHR","sv":"Gröna","en":"GREEN"}},{"age":63,"advanceVotesPercent":1.2,"lastname":"Hakola-Wass","occupation":"pensionär, eläkeläinen","advanceVotes":2,"npid":4,"totalVotes":4,"spid":6,"abbr":"VAS","municipalCouncilor":false,"muid":322,"alid":4,"firstname":"Kristina","electionDayVotes":2,"pid":"15","finalPosition":0,"electedInformation":"ON_SUBSTITUTE_PLACE","totalVotesPercent":1.8,"nominatorName":{"fi":"Vasemmistoliitto","sv":"Vänsterförbundet","en":"The Left Alliance"},"caid":36,"position":0,"gender":"2","comparisonData":{"totalVotes":0,"votesTotalChange":4},"edid":3,"comparativeIndex":0.0,"electionDayVotesPercent":3.1,"nominatorAbbr":{"fi":"VAS","sv":"VF","en":"LEFT"}},{"age":49,"advanceVotesPercent":1.2,"lastname":"Lang","occupation":"erikoissairaanhoitaja","advanceVotes":2,"npid":1,"totalVotes":3,"spid":5,"abbr":"VIHR","municipalCouncilor":true,"muid":322,"alid":1,"firstname":"Eija","electionDayVotes":1,"pid":"13","finalPosition":0,"electedInformation":"ELECTED","totalVotesPercent":1.3,"nominatorName":{"fi":"Vihreä liitto","sv":"Gröna förbundet","en":"Green League"},"caid":6,"position":0,"gender":"2","comparisonData":{"totalVotes":48,"votesTotalChange":-45},"edid":3,"comparativeIndex":0.0,"electionDayVotesPercent":1.6,"nominatorAbbr":{"fi":"VIHR","sv":"Gröna","en":"GREEN"}},{"age":63,"advanceVotesPercent":1.2,"lastname":"Eggert","occupation":"privatföretagare, låssmed","advanceVotes":2,"npid":6,"totalVotes":3,"spid":7,"abbr":"RKP","municipalCouncilor":false,"muid":322,"alid":6,"firstname":"Stig","electionDayVotes":1,"pid":"5","finalPosition":0,"electedInformation":"ON_SUBSTITUTE_PLACE","totalVotesPercent":1.3,"nominatorName":{"fi":"Suomen ruotsalainen kansanpuolue","sv":"Svenska folkpartiet i Finland","en":"Swedish People's Party in Finland"},"caid":54,"position":0,"gender":"1","comparisonData":{"totalVotes":0,"votesTotalChange":3},"edid":3,"comparativeIndex":0.0,"electionDayVotesPercent":1.6,"nominatorAbbr":{"fi":"RKP","sv":"SFP","en":"SPP"}},{"age":49,"advanceVotesPercent":1.9,"lastname":"Salonen","occupation":"yrittäjä, företagare","advanceVotes":3,"npid":8,"totalVotes":3,"spid":99,"abbr":"Muut","municipalCouncilor":false,"muid":322,"alid":8,"firstname":"Janne","electionDayVotes":0,"pid":"3228","finalPosition":0,"electedInformation":"ELECTED","totalVotesPercent":1.3,"nominatorName":{"fi":"Fri samverkan Gemensam lista, Vapaa Yhteistoiminta Yhteislista","sv":"Fri samverkan Gemensam lista, Vapaa Yhteistoiminta Yhteislista","en":"Fri samverkan Gemensam lista, Vapaa Yhteistoiminta Yhteislista"},"caid":91,"position":0,"gender":"1","comparisonData":{"totalVotes":0,"votesTotalChange":3},"edid":3,"comparativeIndex":0.0,"electionDayVotesPercent":0.0,"nominatorAbbr":{"fi":"FS/VY","sv":"FS/VY","en":"FS/VY"}},{"age":65,"advanceVotesPercent":1.2,"lastname":"Wass","occupation":"pol.mag., valtiot.maist.","advanceVotes":2,"npid":4,"totalVotes":2,"spid":6,"abbr":"VAS","municipalCouncilor":false,"muid":322,"alid":4,"firstname":"Tomy","electionDayVotes":0,"pid":"15","finalPosition":0,"electedInformation":"ELECTED","totalVotesPercent":0.9,"nominatorName":{"fi":"Vasemmistoliitto","sv":"Vänsterförbundet","en":"The Left Alliance"},"caid":41,"position":0,"gender":"1","comparisonData":{"totalVotes":0,"votesTotalChange":2},"edid":3,"comparativeIndex":0.0,"electionDayVotesPercent":0.0,"nominatorAbbr":{"fi":"VAS","sv":"VF","en":"LEFT"}},{"age":61,"advanceVotesPercent":1.2,"lastname":"Lindroos","occupation":"företagare, lantmäteriingenjör","advanceVotes":2,"npid":6,"totalVotes":2,"spid":7,"abbr":"RKP","municipalCouncilor":true,"muid":322,"alid":6,"firstname":"Kristian","electionDayVotes":0,"pid":"5","finalPosition":0,"electedInformation":"ELECTED","totalVotesPercent":0.9,"nominatorName":{"fi":"Suomen ruotsalainen kansanpuolue","sv":"Svenska folkpartiet i Finland","en":"Swedish People's Party in Finland"},"caid":63,"position":0,"gender":"1","comparisonData":{"totalVotes":58,"votesTotalChange":-56},"edid":3,"comparativeIndex":0.0,"electionDayVotesPercent":0.0,"nominatorAbbr":{"fi":"RKP","sv":"SFP","en":"SPP"}},{"age":54,"advanceVotesPercent":1.2,"lastname":"Friman","occupation":"företagare, yrittäjä","advanceVotes":2,"npid":8,"totalVotes":2,"spid":99,"abbr":"Muut","municipalCouncilor":true,"muid":322,"alid":8,"firstname":"Rune","electionDayVotes":0,"pid":"3228","finalPosition":0,"electedInformation":"ELECTED","totalVotesPercent":0.9,"nominatorName":{"fi":"Fri samverkan Gemensam lista, Vapaa Yhteistoiminta Yhteislista","sv":"Fri samverkan Gemensam lista, Vapaa Yhteistoiminta Yhteislista","en":"Fri samverkan Gemensam lista, Vapaa Yhteistoiminta Yhteislista"},"caid":83,"position":0,"gender":"1","comparisonData":{"totalVotes":313,"votesTotalChange":-311},"edid":3,"comparativeIndex":0.0,"electionDayVotesPercent":0.0,"nominatorAbbr":{"fi":"FS/VY","sv":"FS/VY","en":"FS/VY"}},{"age":42,"advanceVotesPercent":0.0,"lastname":"Kaakinen","occupation":"dosentti, yliopistonlehtori","advanceVotes":0,"npid":1,"totalVotes":1,"spid":5,"abbr":"VIHR","municipalCouncilor":false,"muid":322,"alid":1,"firstname":"Johanna","electionDayVotes":1,"pid":"13","finalPosition":0,"electedInformation":"ON_SUBSTITUTE_PLACE","totalVotesPercent":0.4,"nominatorName":{"fi":"Vihreä liitto","sv":"Gröna förbundet","en":"Green League"},"caid":4,"position":0,"gender":"2","comparisonData":{"totalVotes":0,"votesTotalChange":1},"edid":3,"comparativeIndex":0.0,"electionDayVotesPercent":1.6,"nominatorAbbr":{"fi":"VIHR","sv":"Gröna","en":"GREEN"}},{"age":28,"advanceVotesPercent":0.6,"lastname":"Okker","occupation":"merkonomi","advanceVotes":1,"npid":1,"totalVotes":1,"spid":5,"abbr":"VIHR","municipalCouncilor":false,"muid":322,"alid":1,"firstname":"Heidi","electionDayVotes":0,"pid":"13","finalPosition":0,"electedInformation":"NOT_ELECTED","totalVotesPercent":0.4,"nominatorName":{"fi":"Vihreä liitto","sv":"Gröna förbundet","en":"Green League"},"caid":7,"position":0,"gender":"2","comparisonData":{"totalVotes":0,"votesTotalChange":1},"edid":3,"comparativeIndex":0.0,"electionDayVotesPercent":0.0,"nominatorAbbr":{"fi":"VIHR","sv":"Gröna","en":"GREEN"}},{"age":40,"advanceVotesPercent":0.0,"lastname":"Lappalainen","occupation":"sosionomi AMK","advanceVotes":0,"npid":3,"totalVotes":1,"spid":1,"abbr":"KESK","municipalCouncilor":false,"muid":322,"alid":3,"firstname":"Jonna","electionDayVotes":1,"pid":"2","finalPosition":0,"electedInformation":"ON_SUBSTITUTE_PLACE","totalVotesPercent":0.4,"nominatorName":{"fi":"Suomen Keskusta","sv":"Centern i Finland","en":"Centre Party of Finland"},"caid":29,"position":0,"gender":"2","comparisonData":{"totalVotes":0,"votesTotalChange":1},"edid":3,"comparativeIndex":0.0,"electionDayVotesPercent":1.6,"nominatorAbbr":{"fi":"KESK","sv":"C","en":"CENT"}},{"age":65,"advanceVotesPercent":0.6,"lastname":"Antikainen","occupation":"eläkeläinen, pensionär","advanceVotes":1,"npid":4,"totalVotes":1,"spid":6,"abbr":"VAS","municipalCouncilor":true,"muid":322,"alid":4,"firstname":"Esko","electionDayVotes":0,"pid":"15","finalPosition":0,"electedInformation":"ELECTED","totalVotesPercent":0.4,"nominatorName":{"fi":"Vasemmistoliitto","sv":"Vänsterförbundet","en":"The Left Alliance"},"caid":35,"position":0,"gender":"1","comparisonData":{"totalVotes":74,"votesTotalChange":-73},"edid":3,"comparativeIndex":0.0,"electionDayVotesPercent":0.0,"nominatorAbbr":{"fi":"VAS","sv":"VF","en":"LEFT"}},{"age":37,"advanceVotesPercent":0.0,"lastname":"Häggman","occupation":"personlig assistent, henkilökohtainen avustaja","advanceVotes":0,"npid":4,"totalVotes":1,"spid":6,"abbr":"VAS","municipalCouncilor":false,"muid":322,"alid":4,"firstname":"Madelene","electionDayVotes":1,"pid":"15","finalPosition":0,"electedInformation":"ON_SUBSTITUTE_PLACE","totalVotesPercent":0.4,"nominatorName":{"fi":"Vasemmistoliitto","sv":"Vänsterförbundet","en":"The Left Alliance"},"caid":37,"position":0,"gender":"2","comparisonData":{"totalVotes":24,"votesTotalChange":-23},"edid":3,"comparativeIndex":0.0,"electionDayVotesPercent":1.6,"nominatorAbbr":{"fi":"VAS","sv":"VF","en":"LEFT"}},{"age":42,"advanceVotesPercent":0.6,"lastname":"Loukiainen","occupation":"yrittäjä, företagare","advanceVotes":1,"npid":5,"totalVotes":1,"spid":2,"abbr":"KOK","municipalCouncilor":false,"muid":322,"alid":5,"firstname":"Heidi","electionDayVotes":0,"pid":"4","finalPosition":0,"electedInformation":"NOT_ELECTED","totalVotesPercent":0.4,"nominatorName":{"fi":"Kansallinen Kokoomus","sv":"Samlingspartiet","en":"National Coalition Party"},"caid":46,"position":0,"gender":"2","comparisonData":{"totalVotes":15,"votesTotalChange":-14},"edid":3,"comparativeIndex":0.0,"electionDayVotesPercent":0.0,"nominatorAbbr":{"fi":"KOK","sv":"Saml","en":"NCP"}},{"age":72,"advanceVotesPercent":0.6,"lastname":"Pohjavirta","occupation":"eläkeläinen, keksijä","advanceVotes":1,"npid":5,"totalVotes":1,"spid":2,"abbr":"KOK","municipalCouncilor":false,"muid":322,"alid":5,"firstname":"Kalevi","electionDayVotes":0,"pid":"4","finalPosition":0,"electedInformation":"NOT_ELECTED","totalVotesPercent":0.4,"nominatorName":{"fi":"Kansallinen Kokoomus","sv":"Samlingspartiet","en":"National Coalition Party"},"caid":50,"position":0,"gender":"1","comparisonData":{"totalVotes":27,"votesTotalChange":-26},"edid":3,"comparativeIndex":0.0,"electionDayVotesPercent":0.0,"nominatorAbbr":{"fi":"KOK","sv":"Saml","en":"NCP"}},{"age":38,"advanceVotesPercent":0.6,"lastname":"Backman","occupation":"lektor, ekon.mag.","advanceVotes":1,"npid":6,"totalVotes":1,"spid":7,"abbr":"RKP","municipalCouncilor":false,"muid":322,"alid":6,"firstname":"Hanna","electionDayVotes":0,"pid":"5","finalPosition":0,"electedInformation":"ON_SUBSTITUTE_PLACE","totalVotesPercent":0.4,"nominatorName":{"fi":"Suomen ruotsalainen kansanpuolue","sv":"Svenska folkpartiet i Finland","en":"Swedish People's Party in Finland"},"caid":51,"position":0,"gender":"2","comparisonData":{"totalVotes":24,"votesTotalChange":-23},"edid":3,"comparativeIndex":0.0,"electionDayVotesPercent":0.0,"nominatorAbbr":{"fi":"RKP","sv":"SFP","en":"SPP"}},{"age":47,"advanceVotesPercent":0.6,"lastname":"Örtendahl","occupation":"byggingenjör","advanceVotes":1,"npid":6,"totalVotes":1,"spid":7,"abbr":"RKP","municipalCouncilor":false,"muid":322,"alid":6,"firstname":"Patrik","electionDayVotes":0,"pid":"5","finalPosition":0,"electedInformation":"ON_SUBSTITUTE_PLACE","totalVotesPercent":0.4,"nominatorName":{"fi":"Suomen ruotsalainen kansanpuolue","sv":"Svenska folkpartiet i Finland","en":"Swedish People's Party in Finland"},"caid":76,"position":0,"gender":"1","comparisonData":{"totalVotes":0,"votesTotalChange":1},"edid":3,"comparativeIndex":0.0,"electionDayVotesPercent":0.0,"nominatorAbbr":{"fi":"RKP","sv":"SFP","en":"SPP"}},{"age":30,"advanceVotesPercent":0.0,"lastname":"Eggert","occupation":"barn- och familjearbetare, lapsi- ja perhetyöntekijä","advanceVotes":0,"npid":8,"totalVotes":1,"spid":99,"abbr":"Muut","municipalCouncilor":true,"muid":322,"alid":8,"firstname":"Henna","electionDayVotes":1,"pid":"3228","finalPosition":0,"electedInformation":"ON_SUBSTITUTE_PLACE","totalVotesPercent":0.4,"nominatorName":{"fi":"Fri samverkan Gemensam lista, Vapaa Yhteistoiminta Yhteislista","sv":"Fri samverkan Gemensam lista, Vapaa Yhteistoiminta Yhteislista","en":"Fri samverkan Gemensam lista, Vapaa Yhteistoiminta Yhteislista"},"caid":81,"position":0,"gender":"2","comparisonData":{"totalVotes":31,"votesTotalChange":-30},"edid":3,"comparativeIndex":0.0,"electionDayVotesPercent":1.6,"nominatorAbbr":{"fi":"FS/VY","sv":"FS/VY","en":"FS/VY"}},{"age":47,"advanceVotesPercent":0.0,"lastname":"Ek","occupation":"disponent, isännöitsijä","advanceVotes":0,"npid":8,"totalVotes":1,"spid":99,"abbr":"Muut","municipalCouncilor":true,"muid":322,"alid":8,"firstname":"Kristian","electionDayVotes":1,"pid":"3228","finalPosition":0,"electedInformation":"ON_SUBSTITUTE_PLACE","totalVotesPercent":0.4,"nominatorName":{"fi":"Fri samverkan Gemensam lista, Vapaa Yhteistoiminta Yhteislista","sv":"Fri samverkan Gemensam lista, Vapaa Yhteistoiminta Yhteislista","en":"Fri samverkan Gemensam lista, Vapaa Yhteistoiminta Yhteislista"},"caid":82,"position":0,"gender":"1","comparisonData":{"totalVotes":37,"votesTotalChange":-36},"edid":3,"comparativeIndex":0.0,"electionDayVotesPercent":1.6,"nominatorAbbr":{"fi":"FS/VY","sv":"FS/VY","en":"FS/VY"}},{"age":47,"advanceVotesPercent":0.6,"lastname":"Hollsten","occupation":"företagare","advanceVotes":1,"npid":8,"totalVotes":1,"spid":99,"abbr":"Muut","municipalCouncilor":false,"muid":322,"alid":8,"firstname":"Jari","electionDayVotes":0,"pid":"3228","finalPosition":0,"electedInformation":"ELECTED","totalVotesPercent":0.4,"nominatorName":{"fi":"Fri samverkan Gemensam lista, Vapaa Yhteistoiminta Yhteislista","sv":"Fri samverkan Gemensam lista, Vapaa Yhteistoiminta Yhteislista","en":"Fri samverkan Gemensam lista, Vapaa Yhteistoiminta Yhteislista"},"caid":85,"position":0,"gender":"1","comparisonData":{"totalVotes":0,"votesTotalChange":1},"edid":3,"comparativeIndex":0.0,"electionDayVotesPercent":0.0,"nominatorAbbr":{"fi":"FS/VY","sv":"FS/VY","en":"FS/VY"}},{"age":60,"advanceVotesPercent":0.0,"lastname":"Lücke","occupation":"företagare, yrittäjä","advanceVotes":0,"npid":8,"totalVotes":1,"spid":99,"abbr":"Muut","municipalCouncilor":true,"muid":322,"alid":8,"firstname":"Veijo","electionDayVotes":1,"pid":"3228","finalPosition":0,"electedInformation":"ELECTED","totalVotesPercent":0.4,"nominatorName":{"fi":"Fri samverkan Gemensam lista, Vapaa Yhteistoiminta Yhteislista","sv":"Fri samverkan Gemensam lista, Vapaa Yhteistoiminta Yhteislista","en":"Fri samverkan Gemensam lista, Vapaa Yhteistoiminta Yhteislista"},"caid":88,"position":0,"gender":"1","comparisonData":{"totalVotes":88,"votesTotalChange":-87},"edid":3,"comparativeIndex":0.0,"electionDayVotesPercent":1.6,"nominatorAbbr":{"fi":"FS/VY","sv":"FS/VY","en":"FS/VY"}},{"age":45,"advanceVotesPercent":0.6,"lastname":"Manelius","occupation":"församlingsmästare, seurakuntamestari","advanceVotes":1,"npid":8,"totalVotes":1,"spid":99,"abbr":"Muut","municipalCouncilor":false,"muid":322,"alid":8,"firstname":"Maria","electionDayVotes":0,"pid":"3228","finalPosition":0,"electedInformation":"ELECTED","totalVotesPercent":0.4,"nominatorName":{"fi":"Fri samverkan Gemensam lista, Vapaa Yhteistoiminta Yhteislista","sv":"Fri samverkan Gemensam lista, Vapaa Yhteistoiminta Yhteislista","en":"Fri samverkan Gemensam lista, Vapaa Yhteistoiminta Yhteislista"},"caid":89,"position":0,"gender":"2","comparisonData":{"totalVotes":0,"votesTotalChange":1},"edid":3,"comparativeIndex":0.0,"electionDayVotesPercent":0.0,"nominatorAbbr":{"fi":"FS/VY","sv":"FS/VY","en":"FS/VY"}},{"age":66,"advanceVotesPercent":0.6,"lastname":"Nurmi","occupation":"pensionär, eläkeläinen","advanceVotes":1,"npid":8,"totalVotes":1,"spid":99,"abbr":"Muut","municipalCouncilor":false,"muid":322,"alid":8,"firstname":"Markku","electionDayVotes":0,"pid":"3228","finalPosition":0,"electedInformation":"ON_SUBSTITUTE_PLACE","totalVotesPercent":0.4,"nominatorName":{"fi":"Fri samverkan Gemensam lista, Vapaa Yhteistoiminta Yhteislista","sv":"Fri samverkan Gemensam lista, Vapaa Yhteistoiminta Yhteislista","en":"Fri samverkan Gemensam lista, Vapaa Yhteistoiminta Yhteislista"},"caid":90,"position":0,"gender":"1","comparisonData":{"totalVotes":0,"votesTotalChange":1},"edid":3,"comparativeIndex":0.0,"electionDayVotesPercent":0.0,"nominatorAbbr":{"fi":"FS/VY","sv":"FS/VY","en":"FS/VY"}},{"age":50,"advanceVotesPercent":0.0,"lastname":"Andersson","occupation":"myyntipäällikkö, opiskelija","advanceVotes":0,"npid":1,"totalVotes":0,"spid":5,"abbr":"VIHR","municipalCouncilor":false,"muid":322,"alid":1,"firstname":"Kurt","electionDayVotes":0,"pid":"13","finalPosition":0,"electedInformation":"NOT_ELECTED","totalVotesPercent":0.0,"nominatorName":{"fi":"Vihreä liitto","sv":"Gröna förbundet","en":"Green League"},"caid":2,"position":0,"gender":"1","comparisonData":{"totalVotes":0,"votesTotalChange":0},"edid":3,"comparativeIndex":0.0,"electionDayVotesPercent":0.0,"nominatorAbbr":{"fi":"VIHR","sv":"Gröna","en":"GREEN"}},{"age":67,"advanceVotesPercent":0.0,"lastname":"Avellan","occupation":"miljösekreterare, ympäristösihteeri","advanceVotes":0,"npid":1,"totalVotes":0,"spid":5,"abbr":"VIHR","municipalCouncilor":false,"muid":322,"alid":1,"firstname":"Gunilla","electionDayVotes":0,"pid":"13","finalPosition":0,"electedInformation":"ON_SUBSTITUTE_PLACE","totalVotesPercent":0.0,"nominatorName":{"fi":"Vihreä liitto","sv":"Gröna förbundet","en":"Green League"},"caid":3,"position":0,"gender":"2","comparisonData":{"totalVotes":44,"votesTotalChange":-44},"edid":3,"comparativeIndex":0.0,"electionDayVotesPercent":0.0,"nominatorAbbr":{"fi":"VIHR","sv":"Gröna","en":"GREEN"}},{"age":48,"advanceVotesPercent":0.0,"lastname":"Kippilä","occupation":"yrittäjä","advanceVotes":0,"npid":1,"totalVotes":0,"spid":5,"abbr":"VIHR","municipalCouncilor":false,"muid":322,"alid":1,"firstname":"Sari","electionDayVotes":0,"pid":"13","finalPosition":0,"electedInformation":"NOT_ELECTED","totalVotesPercent":0.0,"nominatorName":{"fi":"Vihreä liitto","sv":"Gröna förbundet","en":"Green League"},"caid":5,"position":0,"gender":"2","comparisonData":{"totalVotes":28,"votesTotalChange":-28},"edid":3,"comparativeIndex":0.0,"electionDayVotesPercent":0.0,"nominatorAbbr":{"fi":"VIHR","sv":"Gröna","en":"GREEN"}},{"age":49,"advanceVotesPercent":0.0,"lastname":"Pulliainen","occupation":"siivooja, keittiöapulainen","advanceVotes":0,"npid":1,"totalVotes":0,"spid":5,"abbr":"VIHR","municipalCouncilor":false,"muid":322,"alid":1,"firstname":"Tiina","electionDayVotes":0,"pid":"13","finalPosition":0,"electedInformation":"NOT_ELECTED","totalVotesPercent":0.0,"nominatorName":{"fi":"Vihreä liitto","sv":"Gröna förbundet","en":"Green League"},"caid":9,"position":0,"gender":"2","comparisonData":{"totalVotes":0,"votesTotalChange":0},"edid":3,"comparativeIndex":0.0,"electionDayVotesPercent":0.0,"nominatorAbbr":{"fi":"VIHR","sv":"Gröna","en":"GREEN"}},{"age":54,"advanceVotesPercent":0.0,"lastname":"Räisänen","occupation":"luomuviljelijä","advanceVotes":0,"npid":1,"totalVotes":0,"spid":5,"abbr":"VIHR","municipalCouncilor":false,"muid":322,"alid":1,"firstname":"Lea","electionDayVotes":0,"pid":"13","finalPosition":0,"electedInformation":"NOT_ELECTED","totalVotesPercent":0.0,"nominatorName":{"fi":"Vihreä liitto","sv":"Gröna förbundet","en":"Green League"},"caid":10,"position":0,"gender":"2","comparisonData":{"totalVotes":4,"votesTotalChange":-4},"edid":3,"comparativeIndex":0.0,"electionDayVotesPercent":0.0,"nominatorAbbr":{"fi":"VIHR","sv":"Gröna","en":"GREEN"}},{"age":45,"advanceVotesPercent":0.0,"lastname":"Taivainen","occupation":"","advanceVotes":0,"npid":1,"totalVotes":0,"spid":5,"abbr":"VIHR","municipalCouncilor":false,"muid":322,"alid":1,"firstname":"Anu","electionDayVotes":0,"pid":"13","finalPosition":0,"electedInformation":"NOT_ELECTED","totalVotesPercent":0.0,"nominatorName":{"fi":"Vihreä liitto","sv":"Gröna förbundet","en":"Green League"},"caid":11,"position":0,"gender":"2","comparisonData":{"totalVotes":128,"votesTotalChange":-128},"edid":3,"comparativeIndex":0.0,"electionDayVotesPercent":0.0,"nominatorAbbr":{"fi":"VIHR","sv":"Gröna","en":"GREEN"}},{"age":52,"advanceVotesPercent":0.0,"lastname":"Siitojoki","occupation":"kielenkääntäjä","advanceVotes":0,"npid":1,"totalVotes":0,"spid":5,"abbr":"VIHR","municipalCouncilor":false,"muid":322,"alid":1,"firstname":"Sami","electionDayVotes":0,"pid":"13","finalPosition":0,"electedInformation":"NOT_ELECTED","totalVotesPercent":0.0,"nominatorName":{"fi":"Vihreä liitto","sv":"Gröna förbundet","en":"Green League"},"caid":12,"position":0,"gender":"1","comparisonData":{"totalVotes":3,"votesTotalChange":-3},"edid":3,"comparativeIndex":0.0,"electionDayVotesPercent":0.0,"nominatorAbbr":{"fi":"VIHR","sv":"Gröna","en":"GREEN"}},{"age":29,"advanceVotesPercent":0.0,"lastname":"Sudirikku Hannadige","occupation":"yrittäjä","advanceVotes":0,"npid":1,"totalVotes":0,"spid":5,"abbr":"VIHR","municipalCouncilor":false,"muid":322,"alid":1,"firstname":"Mohanjith","electionDayVotes":0,"pid":"13","finalPosition":0,"electedInformation":"NOT_ELECTED","totalVotesPercent":0.0,"nominatorName":{"fi":"Vihreä liitto","sv":"Gröna förbundet","en":"Green League"},"caid":13,"position":0,"gender":"1","comparisonData":{"totalVotes":0,"votesTotalChange":0},"edid":3,"comparativeIndex":0.0,"electionDayVotesPercent":0.0,"nominatorAbbr":{"fi":"VIHR","sv":"Gröna","en":"GREEN"}},{"age":48,"advanceVotesPercent":0.0,"lastname":"Dannström","occupation":"försäljare","advanceVotes":0,"npid":2,"totalVotes":0,"spid":4,"abbr":"SDP","municipalCouncilor":false,"muid":322,"alid":2,"firstname":"Per","electionDayVotes":0,"pid":"1","finalPosition":0,"electedInformation":"ON_SUBSTITUTE_PLACE","totalVotesPercent":0.0,"nominatorName":{"fi":"Suomen Sosialidemokraattinen Puolue","sv":"Finlands Socialdemokratiska Parti","en":"The Finnish Social Democratic Party"},"caid":14,"position":0,"gender":"1","comparisonData":{"totalVotes":0,"votesTotalChange":0},"edid":3,"comparativeIndex":0.0,"electionDayVotesPercent":0.0,"nominatorAbbr":{"fi":"SDP","sv":"SDP","en":"SDP"}},{"age":46,"advanceVotesPercent":0.0,"lastname":"Forss","occupation":"närvårdare","advanceVotes":0,"npid":2,"totalVotes":0,"spid":4,"abbr":"SDP","municipalCouncilor":false,"muid":322,"alid":2,"firstname":"Roger","electionDayVotes":0,"pid":"1","finalPosition":0,"electedInformation":"ON_SUBSTITUTE_PLACE","totalVotesPercent":0.0,"nominatorName":{"fi":"Suomen Sosialidemokraattinen Puolue","sv":"Finlands Socialdemokratiska Parti","en":"The Finnish Social Democratic Party"},"caid":15,"position":0,"gender":"1","comparisonData":{"totalVotes":0,"votesTotalChange":0},"edid":3,"comparativeIndex":0.0,"electionDayVotesPercent":0.0,"nominatorAbbr":{"fi":"SDP","sv":"SDP","en":"SDP"}},{"age":58,"advanceVotesPercent":0.0,"lastname":"Hellbom","occupation":"sekatyömies","advanceVotes":0,"npid":2,"totalVotes":0,"spid":4,"abbr":"SDP","municipalCouncilor":false,"muid":322,"alid":2,"firstname":"Knut-Mikael","electionDayVotes":0,"pid":"1","finalPosition":0,"electedInformation":"NOT_ELECTED","totalVotesPercent":0.0,"nominatorName":{"fi":"Suomen Sosialidemokraattinen Puolue","sv":"Finlands Socialdemokratiska Parti","en":"The Finnish Social Democratic Party"},"caid":16,"position":0,"gender":"1","comparisonData":{"totalVotes":17,"votesTotalChange":-17},"edid":3,"comparativeIndex":0.0,"electionDayVotesPercent":0.0,"nominatorAbbr":{"fi":"SDP","sv":"SDP","en":"SDP"}},{"age":31,"advanceVotesPercent":0.0,"lastname":"Kulla","occupation":"sjukskötare","advanceVotes":0,"npid":2,"totalVotes":0,"spid":4,"abbr":"SDP","municipalCouncilor":false,"muid":322,"alid":2,"firstname":"Ann-Marie","electionDayVotes":0,"pid":"1","finalPosition":0,"electedInformation":"ELECTED","totalVotesPercent":0.0,"nominatorName":{"fi":"Suomen Sosialidemokraattinen Puolue","sv":"Finlands Socialdemokratiska Parti","en":"The Finnish Social Democratic Party"},"caid":17,"position":0,"gender":"2","comparisonData":{"totalVotes":0,"votesTotalChange":0},"edid":3,"comparativeIndex":0.0,"electionDayVotesPercent":0.0,"nominatorAbbr":{"fi":"SDP","sv":"SDP","en":"SDP"}},{"age":47,"advanceVotesPercent":0.0,"lastname":"Lehtivaara","occupation":"kökschef","advanceVotes":0,"npid":2,"totalVotes":0,"spid":4,"abbr":"SDP","municipalCouncilor":false,"muid":322,"alid":2,"firstname":"Jari","electionDayVotes":0,"pid":"1","finalPosition":0,"electedInformation":"ON_SUBSTITUTE_PLACE","totalVotesPercent":0.0,"nominatorName":{"fi":"Suomen Sosialidemokraattinen Puolue","sv":"Finlands Socialdemokratiska Parti","en":"The Finnish Social Democratic Party"},"caid":18,"position":0,"gender":"1","comparisonData":{"totalVotes":52,"votesTotalChange":-52},"edid":3,"comparativeIndex":0.0,"electionDayVotesPercent":0.0,"nominatorAbbr":{"fi":"SDP","sv":"SDP","en":"SDP"}},{"age":40,"advanceVotesPercent":0.0,"lastname":"Lindblom","occupation":"teknisk fastighetsskötare","advanceVotes":0,"npid":2,"totalVotes":0,"spid":4,"abbr":"SDP","municipalCouncilor":false,"muid":322,"alid":2,"firstname":"Mikael","electionDayVotes":0,"pid":"1","finalPosition":0,"electedInformation":"NOT_ELECTED","totalVotesPercent":0.0,"nominatorName":{"fi":"Suomen Sosialidemokraattinen Puolue","sv":"Finlands Socialdemokratiska Parti","en":"The Finnish Social Democratic Party"},"caid":19,"position":0,"gender":"1","comparisonData":{"totalVotes":0,"votesTotalChange":0},"edid":3,"comparativeIndex":0.0,"electionDayVotesPercent":0.0,"nominatorAbbr":{"fi":"SDP","sv":"SDP","en":"SDP"}},{"age":65,"advanceVotesPercent":0.0,"lastname":"Luhtanen","occupation":"eläkeläinen","advanceVotes":0,"npid":2,"totalVotes":0,"spid":4,"abbr":"SDP","municipalCouncilor":false,"muid":322,"alid":2,"firstname":"Raimo","electionDayVotes":0,"pid":"1","finalPosition":0,"electedInformation":"NOT_ELECTED","totalVotesPercent":0.0,"nominatorName":{"fi":"Suomen Sosialidemokraattinen Puolue","sv":"Finlands Socialdemokratiska Parti","en":"The Finnish Social Democratic Party"},"caid":20,"position":0,"gender":"1","comparisonData":{"totalVotes":0,"votesTotalChange":0},"edid":3,"comparativeIndex":0.0,"electionDayVotesPercent":0.0,"nominatorAbbr":{"fi":"SDP","sv":"SDP","en":"SDP"}},{"age":59,"advanceVotesPercent":0.0,"lastname":"Ström","occupation":"arbetsledare","advanceVotes":0,"npid":2,"totalVotes":0,"spid":4,"abbr":"SDP","municipalCouncilor":false,"muid":322,"alid":2,"firstname":"Börje","electionDayVotes":0,"pid":"1","finalPosition":0,"electedInformation":"NOT_ELECTED","totalVotesPercent":0.0,"nominatorName":{"fi":"Suomen Sosialidemokraattinen Puolue","sv":"Finlands Socialdemokratiska Parti","en":"The Finnish Social Democratic Party"},"caid":21,"position":0,"gender":"1","comparisonData":{"totalVotes":27,"votesTotalChange":-27},"edid":3,"comparativeIndex":0.0,"electionDayVotesPercent":0.0,"nominatorAbbr":{"fi":"SDP","sv":"SDP","en":"SDP"}},{"age":27,"advanceVotesPercent":0.0,"lastname":"Ström","occupation":"brunnsborrare","advanceVotes":0,"npid":2,"totalVotes":0,"spid":4,"abbr":"SDP","municipalCouncilor":false,"muid":322,"alid":2,"firstname":"Rickard","electionDayVotes":0,"pid":"1","finalPosition":0,"electedInformation":"NOT_ELECTED","totalVotesPercent":0.0,"nominatorName":{"fi":"Suomen Sosialidemokraattinen Puolue","sv":"Finlands Socialdemokratiska Parti","en":"The Finnish Social Democratic Party"},"caid":22,"position":0,"gender":"1","comparisonData":{"totalVotes":0,"votesTotalChange":0},"edid":3,"comparativeIndex":0.0,"electionDayVotesPercent":0.0,"nominatorAbbr":{"fi":"SDP","sv":"SDP","en":"SDP"}},{"age":62,"advanceVotesPercent":0.0,"lastname":"Sundqvist","occupation":"pensionär","advanceVotes":0,"npid":2,"totalVotes":0,"spid":4,"abbr":"SDP","municipalCouncilor":true,"muid":322,"alid":2,"firstname":"Johan","electionDayVotes":0,"pid":"1","finalPosition":0,"electedInformation":"ELECTED","totalVotesPercent":0.0,"nominatorName":{"fi":"Suomen Sosialidemokraattinen Puolue","sv":"Finlands Socialdemokratiska Parti","en":"The Finnish Social Democratic Party"},"caid":23,"position":0,"gender":"1","comparisonData":{"totalVotes":88,"votesTotalChange":-88},"edid":3,"comparativeIndex":0.0,"electionDayVotesPercent":0.0,"nominatorAbbr":{"fi":"SDP","sv":"SDP","en":"SDP"}},{"age":60,"advanceVotesPercent":0.0,"lastname":"Vilander","occupation":"elmontör","advanceVotes":0,"npid":2,"totalVotes":0,"spid":4,"abbr":"SDP","municipalCouncilor":true,"muid":322,"alid":2,"firstname":"Bo","electionDayVotes":0,"pid":"1","finalPosition":0,"electedInformation":"ELECTED","totalVotesPercent":0.0,"nominatorName":{"fi":"Suomen Sosialidemokraattinen Puolue","sv":"Finlands Socialdemokratiska Parti","en":"The Finnish Social Democratic Party"},"caid":24,"position":0,"gender":"1","comparisonData":{"totalVotes":63,"votesTotalChange":-63},"edid":3,"comparativeIndex":0.0,"electionDayVotesPercent":0.0,"nominatorAbbr":{"fi":"SDP","sv":"SDP","en":"SDP"}},{"age":49,"advanceVotesPercent":0.0,"lastname":"Franzén","occupation":"jordbrukstekniker, maatalousteknikko","advanceVotes":0,"npid":3,"totalVotes":0,"spid":1,"abbr":"KESK","municipalCouncilor":false,"muid":322,"alid":3,"firstname":"Hans","electionDayVotes":0,"pid":"2","finalPosition":0,"electedInformation":"NOT_ELECTED","totalVotesPercent":0.0,"nominatorName":{"fi":"Suomen Keskusta","sv":"Centern i Finland","en":"Centre Party of Finland"},"caid":25,"position":0,"gender":"1","comparisonData":{"totalVotes":22,"votesTotalChange":-22},"edid":3,"comparativeIndex":0.0,"electionDayVotesPercent":0.0,"nominatorAbbr":{"fi":"KESK","sv":"C","en":"CENT"}},{"age":44,"advanceVotesPercent":0.0,"lastname":"Kaitala","occupation":"maanviljelijä","advanceVotes":0,"npid":3,"totalVotes":0,"spid":1,"abbr":"KESK","municipalCouncilor":false,"muid":322,"alid":3,"firstname":"Harri","electionDayVotes":0,"pid":"2","finalPosition":0,"electedInformation":"ELECTED","totalVotesPercent":0.0,"nominatorName":{"fi":"Suomen Keskusta","sv":"Centern i Finland","en":"Centre Party of Finland"},"caid":26,"position":0,"gender":"1","comparisonData":{"totalVotes":59,"votesTotalChange":-59},"edid":3,"comparativeIndex":0.0,"electionDayVotesPercent":0.0,"nominatorAbbr":{"fi":"KESK","sv":"C","en":"CENT"}},{"age":56,"advanceVotesPercent":0.0,"lastname":"Kallonen","occupation":"maanviljelijä, yrittäjä","advanceVotes":0,"npid":3,"totalVotes":0,"spid":1,"abbr":"KESK","municipalCouncilor":false,"muid":322,"alid":3,"firstname":"Kalevi","electionDayVotes":0,"pid":"2","finalPosition":0,"electedInformation":"ELECTED","totalVotesPercent":0.0,"nominatorName":{"fi":"Suomen Keskusta","sv":"Centern i Finland","en":"Centre Party of Finland"},"caid":27,"position":0,"gender":"1","comparisonData":{"totalVotes":59,"votesTotalChange":-59},"edid":3,"comparativeIndex":0.0,"electionDayVotesPercent":0.0,"nominatorAbbr":{"fi":"KESK","sv":"C","en":"CENT"}},{"age":73,"advanceVotesPercent":0.0,"lastname":"Koivusalo","occupation":"eläkeläinen","advanceVotes":0,"npid":3,"totalVotes":0,"spid":1,"abbr":"KESK","municipalCouncilor":false,"muid":322,"alid":3,"firstname":"Rainer","electionDayVotes":0,"pid":"2","finalPosition":0,"electedInformation":"NOT_ELECTED","totalVotesPercent":0.0,"nominatorName":{"fi":"Suomen Keskusta","sv":"Centern i Finland","en":"Centre Party of Finland"},"caid":28,"position":0,"gender":"1","comparisonData":{"totalVotes":3,"votesTotalChange":-3},"edid":3,"comparativeIndex":0.0,"electionDayVotesPercent":0.0,"nominatorAbbr":{"fi":"KESK","sv":"C","en":"CENT"}},{"age":43,"advanceVotesPercent":0.0,"lastname":"Lehtinen","occupation":"maa- ja metsätalousyrittäjä, projektipäällikkö","advanceVotes":0,"npid":3,"totalVotes":0,"spid":1,"abbr":"KESK","municipalCouncilor":false,"muid":322,"alid":3,"firstname":"Mika","electionDayVotes":0,"pid":"2","finalPosition":0,"electedInformation":"ON_SUBSTITUTE_PLACE","totalVotesPercent":0.0,"nominatorName":{"fi":"Suomen Keskusta","sv":"Centern i Finland","en":"Centre Party of Finland"},"caid":30,"position":0,"gender":"1","comparisonData":{"totalVotes":0,"votesTotalChange":0},"edid":3,"comparativeIndex":0.0,"electionDayVotesPercent":0.0,"nominatorAbbr":{"fi":"KESK","sv":"C","en":"CENT"}},{"age":58,"advanceVotesPercent":0.0,"lastname":"Marjatsalo-Kyllästinen","occupation":"tarjoilija, eläkeläinen","advanceVotes":0,"npid":3,"totalVotes":0,"spid":1,"abbr":"KESK","municipalCouncilor":false,"muid":322,"alid":3,"firstname":"Arja","electionDayVotes":0,"pid":"2","finalPosition":0,"electedInformation":"NOT_ELECTED","totalVotesPercent":0.0,"nominatorName":{"fi":"Suomen Keskusta","sv":"Centern i Finland","en":"Centre Party of Finland"},"caid":31,"position":0,"gender":"2","comparisonData":{"totalVotes":0,"votesTotalChange":0},"edid":3,"comparativeIndex":0.0,"electionDayVotesPercent":0.0,"nominatorAbbr":{"fi":"KESK","sv":"C","en":"CENT"}},{"age":18,"advanceVotesPercent":0.0,"lastname":"Pitkäranta","occupation":"opiskelija","advanceVotes":0,"npid":3,"totalVotes":0,"spid":1,"abbr":"KESK","municipalCouncilor":false,"muid":322,"alid":3,"firstname":"Juho","electionDayVotes":0,"pid":"2","finalPosition":0,"electedInformation":"NOT_ELECTED","totalVotesPercent":0.0,"nominatorName":{"fi":"Suomen Keskusta","sv":"Centern i Finland","en":"Centre Party of Finland"},"caid":32,"position":0,"gender":"1","comparisonData":{"totalVotes":0,"votesTotalChange":0},"edid":3,"comparativeIndex":0.0,"electionDayVotesPercent":0.0,"nominatorAbbr":{"fi":"KESK","sv":"C","en":"CENT"}},{"age":33,"advanceVotesPercent":0.0,"lastname":"Vesalainen","occupation":"ravintolakokki","advanceVotes":0,"npid":3,"totalVotes":0,"spid":1,"abbr":"KESK","municipalCouncilor":false,"muid":322,"alid":3,"firstname":"Olli","electionDayVotes":0,"pid":"2","finalPosition":0,"electedInformation":"NOT_ELECTED","totalVotesPercent":0.0,"nominatorName":{"fi":"Suomen Keskusta","sv":"Centern i Finland","en":"Centre Party of Finland"},"caid":33,"position":0,"gender":"1","comparisonData":{"totalVotes":3,"votesTotalChange":-3},"edid":3,"comparativeIndex":0.0,"electionDayVotesPercent":0.0,"nominatorAbbr":{"fi":"KESK","sv":"C","en":"CENT"}},{"age":33,"advanceVotesPercent":0.0,"lastname":"Virtanen","occupation":"agrologi AMK, yrittäjä","advanceVotes":0,"npid":3,"totalVotes":0,"spid":1,"abbr":"KESK","municipalCouncilor":false,"muid":322,"alid":3,"firstname":"Heikki","electionDayVotes":0,"pid":"2","finalPosition":0,"electedInformation":"NOT_ELECTED","totalVotesPercent":0.0,"nominatorName":{"fi":"Suomen Keskusta","sv":"Centern i Finland","en":"Centre Party of Finland"},"caid":34,"position":0,"gender":"1","comparisonData":{"totalVotes":11,"votesTotalChange":-11},"edid":3,"comparativeIndex":0.0,"electionDayVotesPercent":0.0,"nominatorAbbr":{"fi":"KESK","sv":"C","en":"CENT"}},{"age":74,"advanceVotesPercent":0.0,"lastname":"Palmberg","occupation":"pensionär, författare, eläkeläinen, kirjailija","advanceVotes":0,"npid":4,"totalVotes":0,"spid":6,"abbr":"VAS","municipalCouncilor":false,"muid":322,"alid":4,"firstname":"Mai","electionDayVotes":0,"pid":"15","finalPosition":0,"electedInformation":"NOT_ELECTED","totalVotesPercent":0.0,"nominatorName":{"fi":"Vasemmistoliitto","sv":"Vänsterförbundet","en":"The Left Alliance"},"caid":38,"position":0,"gender":"2","comparisonData":{"totalVotes":9,"votesTotalChange":-9},"edid":3,"comparativeIndex":0.0,"electionDayVotesPercent":0.0,"nominatorAbbr":{"fi":"VAS","sv":"VF","en":"LEFT"}},{"age":68,"advanceVotesPercent":0.0,"lastname":"Pietikäinen","occupation":"eläkeläinen, pensionär","advanceVotes":0,"npid":4,"totalVotes":0,"spid":6,"abbr":"VAS","municipalCouncilor":false,"muid":322,"alid":4,"firstname":"Kauko","electionDayVotes":0,"pid":"15","finalPosition":0,"electedInformation":"NOT_ELECTED","totalVotesPercent":0.0,"nominatorName":{"fi":"Vasemmistoliitto","sv":"Vänsterförbundet","en":"The Left Alliance"},"caid":39,"position":0,"gender":"1","comparisonData":{"totalVotes":18,"votesTotalChange":-18},"edid":3,"comparativeIndex":0.0,"electionDayVotesPercent":0.0,"nominatorAbbr":{"fi":"VAS","sv":"VF","en":"LEFT"}},{"age":59,"advanceVotesPercent":0.0,"lastname":"Toivanen","occupation":"ajaja-asentaja","advanceVotes":0,"npid":4,"totalVotes":0,"spid":6,"abbr":"VAS","municipalCouncilor":false,"muid":322,"alid":4,"firstname":"Jouko","electionDayVotes":0,"pid":"15","finalPosition":0,"electedInformation":"NOT_ELECTED","totalVotesPercent":0.0,"nominatorName":{"fi":"Vasemmistoliitto","sv":"Vänsterförbundet","en":"The Left Alliance"},"caid":40,"position":0,"gender":"1","comparisonData":{"totalVotes":6,"votesTotalChange":-6},"edid":3,"comparativeIndex":0.0,"electionDayVotesPercent":0.0,"nominatorAbbr":{"fi":"VAS","sv":"VF","en":"LEFT"}},{"age":55,"advanceVotesPercent":0.0,"lastname":"Österberg","occupation":"företagare, yrittäjä","advanceVotes":0,"npid":4,"totalVotes":0,"spid":6,"abbr":"VAS","municipalCouncilor":false,"muid":322,"alid":4,"firstname":"Stig","electionDayVotes":0,"pid":"15","finalPosition":0,"electedInformation":"NOT_ELECTED","totalVotesPercent":0.0,"nominatorName":{"fi":"Vasemmistoliitto","sv":"Vänsterförbundet","en":"The Left Alliance"},"caid":42,"position":0,"gender":"1","comparisonData":{"totalVotes":14,"votesTotalChange":-14},"edid":3,"comparativeIndex":0.0,"electionDayVotesPercent":0.0,"nominatorAbbr":{"fi":"VAS","sv":"VF","en":"LEFT"}},{"age":68,"advanceVotesPercent":0.0,"lastname":"Eriksson","occupation":"närvårdare, lähihoitaja","advanceVotes":0,"npid":5,"totalVotes":0,"spid":2,"abbr":"KOK","municipalCouncilor":false,"muid":322,"alid":5,"firstname":"Monica","electionDayVotes":0,"pid":"4","finalPosition":0,"electedInformation":"NOT_ELECTED","totalVotesPercent":0.0,"nominatorName":{"fi":"Kansallinen Kokoomus","sv":"Samlingspartiet","en":"National Coalition Party"},"caid":43,"position":0,"gender":"2","comparisonData":{"totalVotes":0,"votesTotalChange":0},"edid":3,"comparativeIndex":0.0,"electionDayVotesPercent":0.0,"nominatorAbbr":{"fi":"KOK","sv":"Saml","en":"NCP"}},{"age":51,"advanceVotesPercent":0.0,"lastname":"Flinkman","occupation":"AD","advanceVotes":0,"npid":5,"totalVotes":0,"spid":2,"abbr":"KOK","municipalCouncilor":false,"muid":322,"alid":5,"firstname":"Peter","electionDayVotes":0,"pid":"4","finalPosition":0,"electedInformation":"NOT_ELECTED","totalVotesPercent":0.0,"nominatorName":{"fi":"Kansallinen Kokoomus","sv":"Samlingspartiet","en":"National Coalition Party"},"caid":44,"position":0,"gender":"1","comparisonData":{"totalVotes":0,"votesTotalChange":0},"edid":3,"comparativeIndex":0.0,"electionDayVotesPercent":0.0,"nominatorAbbr":{"fi":"KOK","sv":"Saml","en":"NCP"}},{"age":63,"advanceVotesPercent":0.0,"lastname":"Kaita","occupation":"apteekkari, apotekare","advanceVotes":0,"npid":5,"totalVotes":0,"spid":2,"abbr":"KOK","municipalCouncilor":false,"muid":322,"alid":5,"firstname":"Janina","electionDayVotes":0,"pid":"4","finalPosition":0,"electedInformation":"NOT_ELECTED","totalVotesPercent":0.0,"nominatorName":{"fi":"Kansallinen Kokoomus","sv":"Samlingspartiet","en":"National Coalition Party"},"caid":45,"position":0,"gender":"2","comparisonData":{"totalVotes":34,"votesTotalChange":-34},"edid":3,"comparativeIndex":0.0,"electionDayVotesPercent":0.0,"nominatorAbbr":{"fi":"KOK","sv":"Saml","en":"NCP"}},{"age":64,"advanceVotesPercent":0.0,"lastname":"Miikkulainen","occupation":"DI, hallitusammattilainen","advanceVotes":0,"npid":5,"totalVotes":0,"spid":2,"abbr":"KOK","municipalCouncilor":false,"muid":322,"alid":5,"firstname":"Esko","electionDayVotes":0,"pid":"4","finalPosition":0,"electedInformation":"NOT_ELECTED","totalVotesPercent":0.0,"nominatorName":{"fi":"Kansallinen Kokoomus","sv":"Samlingspartiet","en":"National Coalition Party"},"caid":47,"position":0,"gender":"1","comparisonData":{"totalVotes":0,"votesTotalChange":0},"edid":3,"comparativeIndex":0.0,"electionDayVotesPercent":0.0,"nominatorAbbr":{"fi":"KOK","sv":"Saml","en":"NCP"}},{"age":56,"advanceVotesPercent":0.0,"lastname":"Penna","occupation":"eläkeläinen, yrittäjä","advanceVotes":0,"npid":5,"totalVotes":0,"spid":2,"abbr":"KOK","municipalCouncilor":false,"muid":322,"alid":5,"firstname":"Jyrki","electionDayVotes":0,"pid":"4","finalPosition":0,"electedInformation":"NOT_ELECTED","totalVotesPercent":0.0,"nominatorName":{"fi":"Kansallinen Kokoomus","sv":"Samlingspartiet","en":"National Coalition Party"},"caid":48,"position":0,"gender":"1","comparisonData":{"totalVotes":5,"votesTotalChange":-5},"edid":3,"comparativeIndex":0.0,"electionDayVotesPercent":0.0,"nominatorAbbr":{"fi":"KOK","sv":"Saml","en":"NCP"}},{"age":50,"advanceVotesPercent":0.0,"lastname":"Penna","occupation":"yrittäjä, företagare","advanceVotes":0,"npid":5,"totalVotes":0,"spid":2,"abbr":"KOK","municipalCouncilor":false,"muid":322,"alid":5,"firstname":"Mirja","electionDayVotes":0,"pid":"4","finalPosition":0,"electedInformation":"NOT_ELECTED","totalVotesPercent":0.0,"nominatorName":{"fi":"Kansallinen Kokoomus","sv":"Samlingspartiet","en":"National Coalition Party"},"caid":49,"position":0,"gender":"2","comparisonData":{"totalVotes":5,"votesTotalChange":-5},"edid":3,"comparativeIndex":0.0,"electionDayVotesPercent":0.0,"nominatorAbbr":{"fi":"KOK","sv":"Saml","en":"NCP"}},{"age":31,"advanceVotesPercent":0.0,"lastname":"Blomqvist","occupation":"personlig tränare","advanceVotes":0,"npid":6,"totalVotes":0,"spid":7,"abbr":"RKP","municipalCouncilor":false,"muid":322,"alid":6,"firstname":"Jonas","electionDayVotes":0,"pid":"5","finalPosition":0,"electedInformation":"ELECTED","totalVotesPercent":0.0,"nominatorName":{"fi":"Suomen ruotsalainen kansanpuolue","sv":"Svenska folkpartiet i Finland","en":"Swedish People's Party in Finland"},"caid":52,"position":0,"gender":"1","comparisonData":{"totalVotes":0,"votesTotalChange":0},"edid":3,"comparativeIndex":0.0,"electionDayVotesPercent":0.0,"nominatorAbbr":{"fi":"RKP","sv":"SFP","en":"SPP"}},{"age":63,"advanceVotesPercent":0.0,"lastname":"Edmark","occupation":"ordförande, SFP i Kimitoön","advanceVotes":0,"npid":6,"totalVotes":0,"spid":7,"abbr":"RKP","municipalCouncilor":false,"muid":322,"alid":6,"firstname":"Ghita","electionDayVotes":0,"pid":"5","finalPosition":0,"electedInformation":"ON_SUBSTITUTE_PLACE","totalVotesPercent":0.0,"nominatorName":{"fi":"Suomen ruotsalainen kansanpuolue","sv":"Svenska folkpartiet i Finland","en":"Swedish People's Party in Finland"},"caid":53,"position":0,"gender":"2","comparisonData":{"totalVotes":0,"votesTotalChange":0},"edid":3,"comparativeIndex":0.0,"electionDayVotesPercent":0.0,"nominatorAbbr":{"fi":"RKP","sv":"SFP","en":"SPP"}},{"age":46,"advanceVotesPercent":0.0,"lastname":"Fabritius","occupation":"agrolog","advanceVotes":0,"npid":6,"totalVotes":0,"spid":7,"abbr":"RKP","municipalCouncilor":true,"muid":322,"alid":6,"firstname":"Helena","electionDayVotes":0,"pid":"5","finalPosition":0,"electedInformation":"ELECTED","totalVotesPercent":0.0,"nominatorName":{"fi":"Suomen ruotsalainen kansanpuolue","sv":"Svenska folkpartiet i Finland","en":"Swedish People's Party in Finland"},"caid":56,"position":0,"gender":"2","comparisonData":{"totalVotes":77,"votesTotalChange":-77},"edid":3,"comparativeIndex":0.0,"electionDayVotesPercent":0.0,"nominatorAbbr":{"fi":"RKP","sv":"SFP","en":"SPP"}},{"age":42,"advanceVotesPercent":0.0,"lastname":"Granberg","occupation":"närvårdare","advanceVotes":0,"npid":6,"totalVotes":0,"spid":7,"abbr":"RKP","municipalCouncilor":false,"muid":322,"alid":6,"firstname":"Eva-Lotta","electionDayVotes":0,"pid":"5","finalPosition":0,"electedInformation":"ON_SUBSTITUTE_PLACE","totalVotesPercent":0.0,"nominatorName":{"fi":"Suomen ruotsalainen kansanpuolue","sv":"Svenska folkpartiet i Finland","en":"Swedish People's Party in Finland"},"caid":57,"position":0,"gender":"2","comparisonData":{"totalVotes":0,"votesTotalChange":0},"edid":3,"comparativeIndex":0.0,"electionDayVotesPercent":0.0,"nominatorAbbr":{"fi":"RKP","sv":"SFP","en":"SPP"}},{"age":43,"advanceVotesPercent":0.0,"lastname":"Hakalax","occupation":"produktionschef","advanceVotes":0,"npid":6,"totalVotes":0,"spid":7,"abbr":"RKP","municipalCouncilor":false,"muid":322,"alid":6,"firstname":"Roger","electionDayVotes":0,"pid":"5","finalPosition":0,"electedInformation":"ON_SUBSTITUTE_PLACE","totalVotesPercent":0.0,"nominatorName":{"fi":"Suomen ruotsalainen kansanpuolue","sv":"Svenska folkpartiet i Finland","en":"Swedish People's Party in Finland"},"caid":59,"position":0,"gender":"1","comparisonData":{"totalVotes":0,"votesTotalChange":0},"edid":3,"comparativeIndex":0.0,"electionDayVotesPercent":0.0,"nominatorAbbr":{"fi":"RKP","sv":"SFP","en":"SPP"}},{"age":41,"advanceVotesPercent":0.0,"lastname":"Karlsson","occupation":"byråsekreterare, kulturaktiv","advanceVotes":0,"npid":6,"totalVotes":0,"spid":7,"abbr":"RKP","municipalCouncilor":false,"muid":322,"alid":6,"firstname":"Jill","electionDayVotes":0,"pid":"5","finalPosition":0,"electedInformation":"ELECTED","totalVotesPercent":0.0,"nominatorName":{"fi":"Suomen ruotsalainen kansanpuolue","sv":"Svenska folkpartiet i Finland","en":"Swedish People's Party in Finland"},"caid":61,"position":0,"gender":"2","comparisonData":{"totalVotes":0,"votesTotalChange":0},"edid":3,"comparativeIndex":0.0,"electionDayVotesPercent":0.0,"nominatorAbbr":{"fi":"RKP","sv":"SFP","en":"SPP"}},{"age":38,"advanceVotesPercent":0.0,"lastname":"Lindroth","occupation":"logistikchef, lantbrukare","advanceVotes":0,"npid":6,"totalVotes":0,"spid":7,"abbr":"RKP","municipalCouncilor":false,"muid":322,"alid":6,"firstname":"Thomas","electionDayVotes":0,"pid":"5","finalPosition":0,"electedInformation":"ON_SUBSTITUTE_PLACE","totalVotesPercent":0.0,"nominatorName":{"fi":"Suomen ruotsalainen kansanpuolue","sv":"Svenska folkpartiet i Finland","en":"Swedish People's Party in Finland"},"caid":64,"position":0,"gender":"1","comparisonData":{"totalVotes":17,"votesTotalChange":-17},"edid":3,"comparativeIndex":0.0,"electionDayVotesPercent":0.0,"nominatorAbbr":{"fi":"RKP","sv":"SFP","en":"SPP"}},{"age":50,"advanceVotesPercent":0.0,"lastname":"Nordell","occupation":"kartverksingenjör","advanceVotes":0,"npid":6,"totalVotes":0,"spid":7,"abbr":"RKP","municipalCouncilor":false,"muid":322,"alid":6,"firstname":"Anders","electionDayVotes":0,"pid":"5","finalPosition":0,"electedInformation":"ON_SUBSTITUTE_PLACE","totalVotesPercent":0.0,"nominatorName":{"fi":"Suomen ruotsalainen kansanpuolue","sv":"Svenska folkpartiet i Finland","en":"Swedish People's Party in Finland"},"caid":65,"position":0,"gender":"1","comparisonData":{"totalVotes":21,"votesTotalChange":-21},"edid":3,"comparativeIndex":0.0,"electionDayVotesPercent":0.0,"nominatorAbbr":{"fi":"RKP","sv":"SFP","en":"SPP"}},{"age":40,"advanceVotesPercent":0.0,"lastname":"Nordell","occupation":"lärare","advanceVotes":0,"npid":6,"totalVotes":0,"spid":7,"abbr":"RKP","municipalCouncilor":false,"muid":322,"alid":6,"firstname":"Dennis","electionDayVotes":0,"pid":"5","finalPosition":0,"electedInformation":"ON_SUBSTITUTE_PLACE","totalVotesPercent":0.0,"nominatorName":{"fi":"Suomen ruotsalainen kansanpuolue","sv":"Svenska folkpartiet i Finland","en":"Swedish People's Party in Finland"},"caid":66,"position":0,"gender":"1","comparisonData":{"totalVotes":0,"votesTotalChange":0},"edid":3,"comparativeIndex":0.0,"electionDayVotesPercent":0.0,"nominatorAbbr":{"fi":"RKP","sv":"SFP","en":"SPP"}},{"age":18,"advanceVotesPercent":0.0,"lastname":"Nurmi","occupation":"studerande","advanceVotes":0,"npid":6,"totalVotes":0,"spid":7,"abbr":"RKP","municipalCouncilor":false,"muid":322,"alid":6,"firstname":"Jonathan","electionDayVotes":0,"pid":"5","finalPosition":0,"electedInformation":"ON_SUBSTITUTE_PLACE","totalVotesPercent":0.0,"nominatorName":{"fi":"Suomen ruotsalainen kansanpuolue","sv":"Svenska folkpartiet i Finland","en":"Swedish People's Party in Finland"},"caid":67,"position":0,"gender":"1","comparisonData":{"totalVotes":0,"votesTotalChange":0},"edid":3,"comparativeIndex":0.0,"electionDayVotesPercent":0.0,"nominatorAbbr":{"fi":"RKP","sv":"SFP","en":"SPP"}},{"age":21,"advanceVotesPercent":0.0,"lastname":"Oksanen","occupation":"studerande","advanceVotes":0,"npid":6,"totalVotes":0,"spid":7,"abbr":"RKP","municipalCouncilor":false,"muid":322,"alid":6,"firstname":"Jesper","electionDayVotes":0,"pid":"5","finalPosition":0,"electedInformation":"ON_SUBSTITUTE_PLACE","totalVotesPercent":0.0,"nominatorName":{"fi":"Suomen ruotsalainen kansanpuolue","sv":"Svenska folkpartiet i Finland","en":"Swedish People's Party in Finland"},"caid":68,"position":0,"gender":"1","comparisonData":{"totalVotes":0,"votesTotalChange":0},"edid":3,"comparativeIndex":0.0,"electionDayVotesPercent":0.0,"nominatorAbbr":{"fi":"RKP","sv":"SFP","en":"SPP"}},{"age":45,"advanceVotesPercent":0.0,"lastname":"Oksanen","occupation":"generalsekreterare","advanceVotes":0,"npid":6,"totalVotes":0,"spid":7,"abbr":"RKP","municipalCouncilor":true,"muid":322,"alid":6,"firstname":"Michael","electionDayVotes":0,"pid":"5","finalPosition":0,"electedInformation":"ELECTED","totalVotesPercent":0.0,"nominatorName":{"fi":"Suomen ruotsalainen kansanpuolue","sv":"Svenska folkpartiet i Finland","en":"Swedish People's Party in Finland"},"caid":69,"position":0,"gender":"1","comparisonData":{"totalVotes":100,"votesTotalChange":-100},"edid":3,"comparativeIndex":0.0,"electionDayVotesPercent":0.0,"nominatorAbbr":{"fi":"RKP","sv":"SFP","en":"SPP"}},{"age":19,"advanceVotesPercent":0.0,"lastname":"Simola","occupation":"tradenomstuderande","advanceVotes":0,"npid":6,"totalVotes":0,"spid":7,"abbr":"RKP","municipalCouncilor":false,"muid":322,"alid":6,"firstname":"Fredrik","electionDayVotes":0,"pid":"5","finalPosition":0,"electedInformation":"ELECTED","totalVotesPercent":0.0,"nominatorName":{"fi":"Suomen ruotsalainen kansanpuolue","sv":"Svenska folkpartiet i Finland","en":"Swedish People's Party in Finland"},"caid":70,"position":0,"gender":"1","comparisonData":{"totalVotes":0,"votesTotalChange":0},"edid":3,"comparativeIndex":0.0,"electionDayVotesPercent":0.0,"nominatorAbbr":{"fi":"RKP","sv":"SFP","en":"SPP"}},{"age":53,"advanceVotesPercent":0.0,"lastname":"Sjöblom","occupation":"företagare","advanceVotes":0,"npid":6,"totalVotes":0,"spid":7,"abbr":"RKP","municipalCouncilor":false,"muid":322,"alid":6,"firstname":"Patrik","electionDayVotes":0,"pid":"5","finalPosition":0,"electedInformation":"ELECTED","totalVotesPercent":0.0,"nominatorName":{"fi":"Suomen ruotsalainen kansanpuolue","sv":"Svenska folkpartiet i Finland","en":"Swedish People's Party in Finland"},"caid":71,"position":0,"gender":"1","comparisonData":{"totalVotes":0,"votesTotalChange":0},"edid":3,"comparativeIndex":0.0,"electionDayVotesPercent":0.0,"nominatorAbbr":{"fi":"RKP","sv":"SFP","en":"SPP"}},{"age":47,"advanceVotesPercent":0.0,"lastname":"Tilvis","occupation":"lärare","advanceVotes":0,"npid":6,"totalVotes":0,"spid":7,"abbr":"RKP","municipalCouncilor":false,"muid":322,"alid":6,"firstname":"Taina","electionDayVotes":0,"pid":"5","finalPosition":0,"electedInformation":"ON_SUBSTITUTE_PLACE","totalVotesPercent":0.0,"nominatorName":{"fi":"Suomen ruotsalainen kansanpuolue","sv":"Svenska folkpartiet i Finland","en":"Swedish People's Party in Finland"},"caid":72,"position":0,"gender":"2","comparisonData":{"totalVotes":0,"votesTotalChange":0},"edid":3,"comparativeIndex":0.0,"electionDayVotesPercent":0.0,"nominatorAbbr":{"fi":"RKP","sv":"SFP","en":"SPP"}},{"age":60,"advanceVotesPercent":0.0,"lastname":"Wendelin","occupation":"företagare, yrittäjä","advanceVotes":0,"npid":6,"totalVotes":0,"spid":7,"abbr":"RKP","municipalCouncilor":false,"muid":322,"alid":6,"firstname":"Kim","electionDayVotes":0,"pid":"5","finalPosition":0,"electedInformation":"ELECTED","totalVotesPercent":0.0,"nominatorName":{"fi":"Suomen ruotsalainen kansanpuolue","sv":"Svenska folkpartiet i Finland","en":"Swedish People's Party in Finland"},"caid":73,"position":0,"gender":"1","comparisonData":{"totalVotes":40,"votesTotalChange":-40},"edid":3,"comparativeIndex":0.0,"electionDayVotesPercent":0.0,"nominatorAbbr":{"fi":"RKP","sv":"SFP","en":"SPP"}},{"age":65,"advanceVotesPercent":0.0,"lastname":"Wretdal","occupation":"fil.mag.","advanceVotes":0,"npid":6,"totalVotes":0,"spid":7,"abbr":"RKP","municipalCouncilor":true,"muid":322,"alid":6,"firstname":"Inger","electionDayVotes":0,"pid":"5","finalPosition":0,"electedInformation":"ELECTED","totalVotesPercent":0.0,"nominatorName":{"fi":"Suomen ruotsalainen kansanpuolue","sv":"Svenska folkpartiet i Finland","en":"Swedish People's Party in Finland"},"caid":75,"position":0,"gender":"2","comparisonData":{"totalVotes":145,"votesTotalChange":-145},"edid":3,"comparativeIndex":0.0,"electionDayVotesPercent":0.0,"nominatorAbbr":{"fi":"RKP","sv":"SFP","en":"SPP"}},{"age":53,"advanceVotesPercent":0.0,"lastname":"Suomi","occupation":"lähihoitaja","advanceVotes":0,"npid":7,"totalVotes":0,"spid":3,"abbr":"PS","municipalCouncilor":false,"muid":322,"alid":7,"firstname":"Berit","electionDayVotes":0,"pid":"23","finalPosition":0,"electedInformation":"NOT_ELECTED","totalVotesPercent":0.0,"nominatorName":{"fi":"Perussuomalaiset","sv":"Sannfinländarna","en":"The Finns Party"},"caid":77,"position":0,"gender":"2","comparisonData":{"totalVotes":70,"votesTotalChange":-70},"edid":3,"comparativeIndex":0.0,"electionDayVotesPercent":0.0,"nominatorAbbr":{"fi":"PS","sv":"Sannf","en":"FINNS"}},{"age":52,"advanceVotesPercent":0.0,"lastname":"Ahlfors","occupation":"sjökapten, merikapteeni","advanceVotes":0,"npid":8,"totalVotes":0,"spid":99,"abbr":"Muut","municipalCouncilor":false,"muid":322,"alid":8,"firstname":"Stefan","electionDayVotes":0,"pid":"3228","finalPosition":0,"electedInformation":"ON_SUBSTITUTE_PLACE","totalVotesPercent":0.0,"nominatorName":{"fi":"Fri samverkan Gemensam lista, Vapaa Yhteistoiminta Yhteislista","sv":"Fri samverkan Gemensam lista, Vapaa Yhteistoiminta Yhteislista","en":"Fri samverkan Gemensam lista, Vapaa Yhteistoiminta Yhteislista"},"caid":78,"position":0,"gender":"1","comparisonData":{"totalVotes":31,"votesTotalChange":-31},"edid":3,"comparativeIndex":0.0,"electionDayVotesPercent":0.0,"nominatorAbbr":{"fi":"FS/VY","sv":"FS/VY","en":"FS/VY"}},{"age":57,"advanceVotesPercent":0.0,"lastname":"Bodö","occupation":"husförsäljare, talomyyjä","advanceVotes":0,"npid":8,"totalVotes":0,"spid":99,"abbr":"Muut","municipalCouncilor":false,"muid":322,"alid":8,"firstname":"Per-Håkan","electionDayVotes":0,"pid":"3228","finalPosition":0,"electedInformation":"ON_SUBSTITUTE_PLACE","totalVotesPercent":0.0,"nominatorName":{"fi":"Fri samverkan Gemensam lista, Vapaa Yhteistoiminta Yhteislista","sv":"Fri samverkan Gemensam lista, Vapaa Yhteistoiminta Yhteislista","en":"Fri samverkan Gemensam lista, Vapaa Yhteistoiminta Yhteislista"},"caid":79,"position":0,"gender":"1","comparisonData":{"totalVotes":0,"votesTotalChange":0},"edid":3,"comparativeIndex":0.0,"electionDayVotesPercent":0.0,"nominatorAbbr":{"fi":"FS/VY","sv":"FS/VY","en":"FS/VY"}},{"age":63,"advanceVotesPercent":0.0,"lastname":"Byman","occupation":"företagare, yrittäjä","advanceVotes":0,"npid":8,"totalVotes":0,"spid":99,"abbr":"Muut","municipalCouncilor":false,"muid":322,"alid":8,"firstname":"Jyri","electionDayVotes":0,"pid":"3228","finalPosition":0,"electedInformation":"ON_SUBSTITUTE_PLACE","totalVotesPercent":0.0,"nominatorName":{"fi":"Fri samverkan Gemensam lista, Vapaa Yhteistoiminta Yhteislista","sv":"Fri samverkan Gemensam lista, Vapaa Yhteistoiminta Yhteislista","en":"Fri samverkan Gemensam lista, Vapaa Yhteistoiminta Yhteislista"},"caid":80,"position":0,"gender":"1","comparisonData":{"totalVotes":0,"votesTotalChange":0},"edid":3,"comparativeIndex":0.0,"electionDayVotesPercent":0.0,"nominatorAbbr":{"fi":"FS/VY","sv":"FS/VY","en":"FS/VY"}},{"age":54,"advanceVotesPercent":0.0,"lastname":"Gustafsson","occupation":"chaufför, kuljettaja","advanceVotes":0,"npid":8,"totalVotes":0,"spid":99,"abbr":"Muut","municipalCouncilor":false,"muid":322,"alid":8,"firstname":"Hans","electionDayVotes":0,"pid":"3228","finalPosition":0,"electedInformation":"NOT_ELECTED","totalVotesPercent":0.0,"nominatorName":{"fi":"Fri samverkan Gemensam lista, Vapaa Yhteistoiminta Yhteislista","sv":"Fri samverkan Gemensam lista, Vapaa Yhteistoiminta Yhteislista","en":"Fri samverkan Gemensam lista, Vapaa Yhteistoiminta Yhteislista"},"caid":84,"position":0,"gender":"1","comparisonData":{"totalVotes":14,"votesTotalChange":-14},"edid":3,"comparativeIndex":0.0,"electionDayVotesPercent":0.0,"nominatorAbbr":{"fi":"FS/VY","sv":"FS/VY","en":"FS/VY"}},{"age":64,"advanceVotesPercent":0.0,"lastname":"Kinos","occupation":"montör, asentaja","advanceVotes":0,"npid":8,"totalVotes":0,"spid":99,"abbr":"Muut","municipalCouncilor":false,"muid":322,"alid":8,"firstname":"Sven-Erik","electionDayVotes":0,"pid":"3228","finalPosition":0,"electedInformation":"NOT_ELECTED","totalVotesPercent":0.0,"nominatorName":{"fi":"Fri samverkan Gemensam lista, Vapaa Yhteistoiminta Yhteislista","sv":"Fri samverkan Gemensam lista, Vapaa Yhteistoiminta Yhteislista","en":"Fri samverkan Gemensam lista, Vapaa Yhteistoiminta Yhteislista"},"caid":86,"position":0,"gender":"1","comparisonData":{"totalVotes":16,"votesTotalChange":-16},"edid":3,"comparativeIndex":0.0,"electionDayVotesPercent":0.0,"nominatorAbbr":{"fi":"FS/VY","sv":"FS/VY","en":"FS/VY"}},{"age":33,"advanceVotesPercent":0.0,"lastname":"Lindstedt","occupation":"företagare, yrittäjä","advanceVotes":0,"npid":8,"totalVotes":0,"spid":99,"abbr":"Muut","municipalCouncilor":false,"muid":322,"alid":8,"firstname":"Andreas","electionDayVotes":0,"pid":"3228","finalPosition":0,"electedInformation":"NOT_ELECTED","totalVotesPercent":0.0,"nominatorName":{"fi":"Fri samverkan Gemensam lista, Vapaa Yhteistoiminta Yhteislista","sv":"Fri samverkan Gemensam lista, Vapaa Yhteistoiminta Yhteislista","en":"Fri samverkan Gemensam lista, Vapaa Yhteistoiminta Yhteislista"},"caid":87,"position":0,"gender":"1","comparisonData":{"totalVotes":0,"votesTotalChange":0},"edid":3,"comparativeIndex":0.0,"electionDayVotesPercent":0.0,"nominatorAbbr":{"fi":"FS/VY","sv":"FS/VY","en":"FS/VY"}},{"age":53,"advanceVotesPercent":0.0,"lastname":"Sten","occupation":"privatföretagare, taxichaufför","advanceVotes":0,"npid":8,"totalVotes":0,"spid":99,"abbr":"Muut","municipalCouncilor":false,"muid":322,"alid":8,"firstname":"Maria","electionDayVotes":0,"pid":"3228","finalPosition":0,"electedInformation":"NOT_ELECTED","totalVotesPercent":0.0,"nominatorName":{"fi":"Fri samverkan Gemensam lista, Vapaa Yhteistoiminta Yhteislista","sv":"Fri samverkan Gemensam lista, Vapaa Yhteistoiminta Yhteislista","en":"Fri samverkan Gemensam lista, Vapaa Yhteistoiminta Yhteislista"},"caid":92,"position":0,"gender":"2","comparisonData":{"totalVotes":9,"votesTotalChange":-9},"edid":3,"comparativeIndex":0.0,"electionDayVotesPercent":0.0,"nominatorAbbr":{"fi":"FS/VY","sv":"FS/VY","en":"FS/VY"}},{"age":32,"advanceVotesPercent":0.0,"lastname":"Sundell","occupation":"städare, siivooja","advanceVotes":0,"npid":8,"totalVotes":0,"spid":99,"abbr":"Muut","municipalCouncilor":false,"muid":322,"alid":8,"firstname":"Anna","electionDayVotes":0,"pid":"3228","finalPosition":0,"electedInformation":"NOT_ELECTED","totalVotesPercent":0.0,"nominatorName":{"fi":"Fri samverkan Gemensam lista, Vapaa Yhteistoiminta Yhteislista","sv":"Fri samverkan Gemensam lista, Vapaa Yhteistoiminta Yhteislista","en":"Fri samverkan Gemensam lista, Vapaa Yhteistoiminta Yhteislista"},"caid":93,"position":0,"gender":"2","comparisonData":{"totalVotes":0,"votesTotalChange":0},"edid":3,"comparativeIndex":0.0,"electionDayVotesPercent":0.0,"nominatorAbbr":{"fi":"FS/VY","sv":"FS/VY","en":"FS/VY"}},{"age":49,"advanceVotesPercent":0.0,"lastname":"Thomander","occupation":"merimies, sjöman","advanceVotes":0,"npid":8,"totalVotes":0,"spid":99,"abbr":"Muut","municipalCouncilor":false,"muid":322,"alid":8,"firstname":"Roger","electionDayVotes":0,"pid":"3228","finalPosition":0,"electedInformation":"NOT_ELECTED","totalVotesPercent":0.0,"nominatorName":{"fi":"Fri samverkan Gemensam lista, Vapaa Yhteistoiminta Yhteislista","sv":"Fri samverkan Gemensam lista, Vapaa Yhteistoiminta Yhteislista","en":"Fri samverkan Gemensam lista, Vapaa Yhteistoiminta Yhteislista"},"caid":94,"position":0,"gender":"1","comparisonData":{"totalVotes":0,"votesTotalChange":0},"edid":3,"comparativeIndex":0.0,"electionDayVotesPercent":0.0,"nominatorAbbr":{"fi":"FS/VY","sv":"FS/VY","en":"FS/VY"}},{"age":34,"advanceVotesPercent":0.0,"lastname":"Viljanen","occupation":"företagare, montör","advanceVotes":0,"npid":8,"totalVotes":0,"spid":99,"abbr":"Muut","municipalCouncilor":false,"muid":322,"alid":8,"firstname":"Kim","electionDayVotes":0,"pid":"3228","finalPosition":0,"electedInformation":"ELECTED","totalVotesPercent":0.0,"nominatorName":{"fi":"Fri samverkan Gemensam lista, Vapaa Yhteistoiminta Yhteislista","sv":"Fri samverkan Gemensam lista, Vapaa Yhteistoiminta Yhteislista","en":"Fri samverkan Gemensam lista, Vapaa Yhteistoiminta Yhteislista"},"caid":95,"position":0,"gender":"1","comparisonData":{"totalVotes":26,"votesTotalChange":-26},"edid":3,"comparativeIndex":0.0,"electionDayVotesPercent":0.0,"nominatorAbbr":{"fi":"FS/VY","sv":"FS/VY","en":"FS/VY"}}],"municipalityPollingDistricts":[{"name":{"fi":"Taalintehdas","sv":"Dalsbruk"},"calculationStatusPercent":100.0,"joinedArea":false,"muid":322,"totalVotingInFinlandTurnout":71.2,"identification":"001","pdid":"001","eligibleVotersInFinlandTotal":1186,"edid":3,"mergedToPdid":""},{"name":{"fi":"Björkboda-Kulla","sv":"Björkboda-Kulla"},"calculationStatusPercent":100.0,"joinedArea":false,"muid":322,"totalVotingInFinlandTurnout":65.7,"identification":"002","pdid":"002","eligibleVotersInFinlandTotal":1093,"edid":3,"mergedToPdid":""},{"name":{"fi":"Saaristo","sv":"Skärgården"},"calculationStatusPercent":100.0,"joinedArea":false,"muid":322,"totalVotingInFinlandTurnout":75.8,"identification":"003","pdid":"003","eligibleVotersInFinlandTotal":297,"edid":3,"mergedToPdid":""},{"name":{"fi":"Kemiö","sv":"Kimito"},"calculationStatusPercent":100.0,"joinedArea":false,"muid":322,"totalVotingInFinlandTurnout":66.8,"identification":"004","pdid":"004","eligibleVotersInFinlandTotal":2547,"edid":3,"mergedToPdid":""},{"name":{"fi":"Västanfjärd","sv":"Västanfjärd"},"calculationStatusPercent":100.0,"joinedArea":false,"muid":322,"totalVotingInFinlandTurnout":70.9,"identification":"005","pdid":"005","eligibleVotersInFinlandTotal":621,"edid":3,"mergedToPdid":""}],"municipality":{"muid":322,"edid":3,"name":{"fi":"Kemiönsaari","sv":"Kimitoön"}}}