{"version":2,"created":"2017-04-09T17:01:02.432Z","electionDetails":{"electionId":"kv2017","electionDate":"2017-04-09T00:00:00.000Z","electionDataPublishTime":"2017-04-09T17:00:00.000Z","name":{"fi":"Kuntavaalit 2017","sv":"Kommunalval 2017","en":"Elections 2017"},"previousElections":{"correspondingCompareElection":{"electionId":"kv2012","electionDate":"2012-10-28T00:00:00.000Z","name":{"fi":"Kuntavaalit 2012","en":"Municipal elections 2012","sv":"Kommunalval 2012"}},"otherCompareElection":{"electionId":"ev2015","electionDate":"2015-04-19T00:00:00.000Z","name":{"fi":"Eduskuntavaalit 2015","en":"Parliamentary election 2015","sv":"Riksdagsval 2015"}}}},"calculationStatus":{"electionDayVotingTurnout":0.0,"invalidAdvanceVotes":12,"calculationPhase":"INITIAL","invalidElectionDayVotes":0,"approvedAdvanceVotes":965,"advanceVotingTurnout":31.7,"totalVotingTurnoutAbroad":0.0,"name":{"fi":"Outokumpu läntinen","sv":"Outokumpu läntinen"},"calculationStatusPercent":53.9,"advanceVotes":984,"electionDayVotingTurnoutAbroad":0.0,"approvedTotalVotes":965,"totalVotes":0,"muid":309,"totalVotingInFinlandTurnout":0.0,"advanceVotingTurnoutAbroad":0.0,"invalidTotalVotes":12,"totalVotingTurnout":0.0,"electionDayVotes":0,"electionDayVotesInFinland":0,"pdid":"002","totalVotesInFinlandMen":0,"eligibleVotersInFinlandTotal":3108,"calculationStatusPercentElectionDayVotes":0.0,"sourceRecordModificationTime":"20170409194857","otherCompareElection":{"eid":"","eligibleVotersInFinlandTotal":0,"advanceVotingInFinlandTurnout":0.0,"electionDayVotingInFinlandTurnout":0.0,"totalVotingInFinlandTurnout":0.0,"approvedVotesTotal":0,"invalidVotesTotal":0},"correspondingCompareElection":{"eid":"","eligibleVotersInFinlandTotal":0,"advanceVotingInFinlandTurnout":0.0,"electionDayVotingInFinlandTurnout":0.0,"totalVotingInFinlandTurnout":0.0,"approvedVotesTotal":0,"invalidVotesTotal":0,"seats":0},"approvedElectionDayVotes":0,"edid":9,"calculationStatusPercentAdvanceVotes":100.0,"electionDayVotingInFinlandTurnout":0.0,"seats":0,"eligibleVotersTotal":3108,"advanceVotesInFinland":984,"advanceVotingInFinlandTurnout":31.7,"totalVotesInFinland":0},"partyResults":[{"advanceVotesPercent":33.4,"name":{"fi":"Suomen Keskusta","sv":"Centern i Finland","en":"Centre Party of Finland"},"advanceVotes":322,"npid":6,"totalVotes":322,"spid":1,"abbr":{"fi":"KESK","sv":"C","en":"CENT"},"alid":6,"electionDayVotes":0,"pid":"2","totalVotesPercent":33.4,"nominatorName":{"fi":"Suomen Keskusta","sv":"Centern i Finland","en":"Centre Party of Finland"},"compareData":{"otherCompareElection":{"votesTotalChange":0,"votesTotalPercentChange":0.0,"votesTotal":322,"votesTotalPercent":33.4},"correspondingCompareElection":{"votesTotalChange":0,"votesTotalPercentChange":0.0,"seatChange":0,"votesTotal":322,"votesTotalPercent":33.4,"seatsTotal":0}},"seats":0,"electionDayVotesPercent":0.0,"nominatorAbbr":{"fi":"KESK","sv":"C","en":"CENT"}},{"advanceVotesPercent":24.7,"name":{"fi":"Suomen Sosialidemokraattinen Puolue","sv":"Finlands Socialdemokratiska Parti","en":"The Finnish Social Democratic Party"},"advanceVotes":238,"npid":7,"totalVotes":238,"spid":4,"abbr":{"fi":"SDP","sv":"SDP","en":"SDP"},"alid":7,"electionDayVotes":0,"pid":"1","totalVotesPercent":24.7,"nominatorName":{"fi":"Suomen Sosialidemokraattinen Puolue","sv":"Finlands Socialdemokratiska Parti","en":"The Finnish Social Democratic Party"},"compareData":{"otherCompareElection":{"votesTotalChange":0,"votesTotalPercentChange":0.0,"votesTotal":238,"votesTotalPercent":24.7},"correspondingCompareElection":{"votesTotalChange":0,"votesTotalPercentChange":0.0,"seatChange":0,"votesTotal":238,"votesTotalPercent":24.7,"seatsTotal":0}},"seats":0,"electionDayVotesPercent":0.0,"nominatorAbbr":{"fi":"SDP","sv":"SDP","en":"SDP"}},{"advanceVotesPercent":13.6,"name":{"fi":"Perussuomalaiset","sv":"Sannfinländarna","en":"The Finns Party"},"advanceVotes":131,"npid":1,"totalVotes":131,"spid":3,"abbr":{"fi":"PS","sv":"Sannf","en":"FINNS"},"alid":1,"electionDayVotes":0,"pid":"23","totalVotesPercent":13.6,"nominatorName":{"fi":"Perussuomalaiset","sv":"Sannfinländarna","en":"The Finns Party"},"compareData":{"otherCompareElection":{"votesTotalChange":0,"votesTotalPercentChange":0.0,"votesTotal":131,"votesTotalPercent":13.6},"correspondingCompareElection":{"votesTotalChange":0,"votesTotalPercentChange":0.0,"seatChange":0,"votesTotal":131,"votesTotalPercent":13.6,"seatsTotal":0}},"seats":0,"electionDayVotesPercent":0.0,"nominatorAbbr":{"fi":"PS","sv":"Sannf","en":"FINNS"}},{"advanceVotesPercent":13.4,"name":{"fi":"Vasemmistoliitto","sv":"Vänsterförbundet","en":"The Left Alliance"},"advanceVotes":129,"npid":5,"totalVotes":129,"spid":6,"abbr":{"fi":"VAS","sv":"VF","en":"LEFT"},"alid":5,"electionDayVotes":0,"pid":"15","totalVotesPercent":13.4,"nominatorName":{"fi":"Vasemmistoliitto","sv":"Vänsterförbundet","en":"The Left Alliance"},"compareData":{"otherCompareElection":{"votesTotalChange":0,"votesTotalPercentChange":0.0,"votesTotal":129,"votesTotalPercent":13.4},"correspondingCompareElection":{"votesTotalChange":0,"votesTotalPercentChange":0.0,"seatChange":0,"votesTotal":129,"votesTotalPercent":13.4,"seatsTotal":0}},"seats":0,"electionDayVotesPercent":0.0,"nominatorAbbr":{"fi":"VAS","sv":"VF","en":"LEFT"}},{"advanceVotesPercent":8.6,"name":{"fi":"Kansallinen Kokoomus","sv":"Samlingspartiet","en":"National Coalition Party"},"advanceVotes":83,"npid":2,"totalVotes":83,"spid":2,"abbr":{"fi":"KOK","sv":"Saml","en":"NCP"},"alid":2,"electionDayVotes":0,"pid":"4","totalVotesPercent":8.6,"nominatorName":{"fi":"Kansallinen Kokoomus","sv":"Samlingspartiet","en":"National Coalition Party"},"compareData":{"otherCompareElection":{"votesTotalChange":0,"votesTotalPercentChange":0.0,"votesTotal":83,"votesTotalPercent":8.6},"correspondingCompareElection":{"votesTotalChange":0,"votesTotalPercentChange":0.0,"seatChange":0,"votesTotal":83,"votesTotalPercent":8.6,"seatsTotal":0}},"seats":0,"electionDayVotesPercent":0.0,"nominatorAbbr":{"fi":"KOK","sv":"Saml","en":"NCP"}},{"advanceVotesPercent":4.0,"name":{"fi":"Suomen Kristillisdemokraatit (KD)","sv":"Kristdemokraterna i Finland (KD)","en":"Christian Democrats in Finland"},"advanceVotes":39,"npid":4,"totalVotes":39,"spid":8,"abbr":{"fi":"KD","sv":"KD","en":"CD"},"alid":4,"electionDayVotes":0,"pid":"9","totalVotesPercent":4.0,"nominatorName":{"fi":"Suomen Kristillisdemokraatit (KD)","sv":"Kristdemokraterna i Finland (KD)","en":"Christian Democrats in Finland"},"compareData":{"otherCompareElection":{"votesTotalChange":0,"votesTotalPercentChange":0.0,"votesTotal":39,"votesTotalPercent":4.0},"correspondingCompareElection":{"votesTotalChange":0,"votesTotalPercentChange":0.0,"seatChange":0,"votesTotal":39,"votesTotalPercent":4.0,"seatsTotal":0}},"seats":0,"electionDayVotesPercent":0.0,"nominatorAbbr":{"fi":"KD","sv":"KD","en":"CD"}},{"advanceVotesPercent":2.4,"name":{"fi":"Vihreä liitto","sv":"Gröna förbundet","en":"Green League"},"advanceVotes":23,"npid":3,"totalVotes":23,"spid":5,"abbr":{"fi":"VIHR","sv":"Gröna","en":"GREEN"},"alid":3,"electionDayVotes":0,"pid":"13","totalVotesPercent":2.4,"nominatorName":{"fi":"Vihreä liitto","sv":"Gröna förbundet","en":"Green League"},"compareData":{"otherCompareElection":{"votesTotalChange":0,"votesTotalPercentChange":0.0,"votesTotal":23,"votesTotalPercent":2.4},"correspondingCompareElection":{"votesTotalChange":0,"votesTotalPercentChange":0.0,"seatChange":0,"votesTotal":23,"votesTotalPercent":2.4,"seatsTotal":0}},"seats":0,"electionDayVotesPercent":0.0,"nominatorAbbr":{"fi":"VIHR","sv":"Gröna","en":"GREEN"}}],"candidateResults":[{"age":47,"advanceVotesPercent":9.1,"lastname":"Huttunen","occupation":"yrittäjä, metsätalousinsinööri","advanceVotes":88,"npid":6,"totalVotes":88,"spid":1,"abbr":"KESK","municipalCouncilor":true,"muid":309,"alid":6,"firstname":"Hanna","electionDayVotes":0,"pid":"2","finalPosition":0,"electedInformation":"ELECTED","totalVotesPercent":9.1,"nominatorName":{"fi":"Suomen Keskusta","sv":"Centern i Finland","en":"Centre Party of Finland"},"caid":63,"position":0,"gender":"2","comparisonData":{"totalVotes":214,"votesTotalChange":-126},"edid":9,"comparativeIndex":0.0,"electionDayVotesPercent":0.0,"nominatorAbbr":{"fi":"KESK","sv":"C","en":"CENT"}},{"age":28,"advanceVotesPercent":3.5,"lastname":"Antikainen","occupation":"lähihoitaja, sairaanhoitajaopiskelija","advanceVotes":34,"npid":1,"totalVotes":34,"spid":3,"abbr":"PS","municipalCouncilor":true,"muid":309,"alid":1,"firstname":"Sanna","electionDayVotes":0,"pid":"23","finalPosition":0,"electedInformation":"ELECTED","totalVotesPercent":3.5,"nominatorName":{"fi":"Perussuomalaiset","sv":"Sannfinländarna","en":"The Finns Party"},"caid":2,"position":0,"gender":"2","comparisonData":{"totalVotes":67,"votesTotalChange":-33},"edid":9,"comparativeIndex":0.0,"electionDayVotesPercent":0.0,"nominatorAbbr":{"fi":"PS","sv":"Sannf","en":"FINNS"}},{"age":38,"advanceVotesPercent":3.5,"lastname":"Nissinen","occupation":"liikunnanohjaaja, yhteisöpedagogi","advanceVotes":34,"npid":7,"totalVotes":34,"spid":4,"abbr":"SDP","municipalCouncilor":true,"muid":309,"alid":7,"firstname":"Jonna","electionDayVotes":0,"pid":"1","finalPosition":0,"electedInformation":"ELECTED","totalVotesPercent":3.5,"nominatorName":{"fi":"Suomen Sosialidemokraattinen Puolue","sv":"Finlands Socialdemokratiska Parti","en":"The Finnish Social Democratic Party"},"caid":94,"position":0,"gender":"2","comparisonData":{"totalVotes":53,"votesTotalChange":-19},"edid":9,"comparativeIndex":0.0,"electionDayVotesPercent":0.0,"nominatorAbbr":{"fi":"SDP","sv":"SDP","en":"SDP"}},{"age":43,"advanceVotesPercent":3.1,"lastname":"Nygren","occupation":"työllisyyskoordinaattori","advanceVotes":30,"npid":7,"totalVotes":30,"spid":4,"abbr":"SDP","municipalCouncilor":true,"muid":309,"alid":7,"firstname":"Merja","electionDayVotes":0,"pid":"1","finalPosition":0,"electedInformation":"ELECTED","totalVotesPercent":3.1,"nominatorName":{"fi":"Suomen Sosialidemokraattinen Puolue","sv":"Finlands Socialdemokratiska Parti","en":"The Finnish Social Democratic Party"},"caid":95,"position":0,"gender":"2","comparisonData":{"totalVotes":76,"votesTotalChange":-46},"edid":9,"comparativeIndex":0.0,"electionDayVotesPercent":0.0,"nominatorAbbr":{"fi":"SDP","sv":"SDP","en":"SDP"}},{"age":65,"advanceVotesPercent":2.8,"lastname":"Hiltunen","occupation":"insinööri","advanceVotes":27,"npid":6,"totalVotes":27,"spid":1,"abbr":"KESK","municipalCouncilor":false,"muid":309,"alid":6,"firstname":"Ilkka","electionDayVotes":0,"pid":"2","finalPosition":0,"electedInformation":"ELECTED","totalVotesPercent":2.8,"nominatorName":{"fi":"Suomen Keskusta","sv":"Centern i Finland","en":"Centre Party of Finland"},"caid":60,"position":0,"gender":"1","comparisonData":{"totalVotes":0,"votesTotalChange":27},"edid":9,"comparativeIndex":0.0,"electionDayVotesPercent":0.0,"nominatorAbbr":{"fi":"KESK","sv":"C","en":"CENT"}},{"age":70,"advanceVotesPercent":2.8,"lastname":"Jääskeläinen","occupation":"maalari, eläkeläinen","advanceVotes":27,"npid":7,"totalVotes":27,"spid":4,"abbr":"SDP","municipalCouncilor":true,"muid":309,"alid":7,"firstname":"Pentti","electionDayVotes":0,"pid":"1","finalPosition":0,"electedInformation":"ELECTED","totalVotesPercent":2.8,"nominatorName":{"fi":"Suomen Sosialidemokraattinen Puolue","sv":"Finlands Socialdemokratiska Parti","en":"The Finnish Social Democratic Party"},"caid":88,"position":0,"gender":"1","comparisonData":{"totalVotes":59,"votesTotalChange":-32},"edid":9,"comparativeIndex":0.0,"electionDayVotesPercent":0.0,"nominatorAbbr":{"fi":"SDP","sv":"SDP","en":"SDP"}},{"age":19,"advanceVotesPercent":2.7,"lastname":"Mietala","occupation":"ylioppilas","advanceVotes":26,"npid":7,"totalVotes":26,"spid":4,"abbr":"SDP","municipalCouncilor":false,"muid":309,"alid":7,"firstname":"Maija","electionDayVotes":0,"pid":"1","finalPosition":0,"electedInformation":"ELECTED","totalVotesPercent":2.7,"nominatorName":{"fi":"Suomen Sosialidemokraattinen Puolue","sv":"Finlands Socialdemokratiska Parti","en":"The Finnish Social Democratic Party"},"caid":92,"position":0,"gender":"2","comparisonData":{"totalVotes":0,"votesTotalChange":26},"edid":9,"comparativeIndex":0.0,"electionDayVotesPercent":0.0,"nominatorAbbr":{"fi":"SDP","sv":"SDP","en":"SDP"}},{"age":59,"advanceVotesPercent":2.5,"lastname":"Mononen","occupation":"yleinen edunvalvoja","advanceVotes":24,"npid":5,"totalVotes":24,"spid":6,"abbr":"VAS","municipalCouncilor":true,"muid":309,"alid":5,"firstname":"Erkki","electionDayVotes":0,"pid":"15","finalPosition":0,"electedInformation":"ELECTED","totalVotesPercent":2.5,"nominatorName":{"fi":"Vasemmistoliitto","sv":"Vänsterförbundet","en":"The Left Alliance"},"caid":45,"position":0,"gender":"1","comparisonData":{"totalVotes":84,"votesTotalChange":-60},"edid":9,"comparativeIndex":0.0,"electionDayVotesPercent":0.0,"nominatorAbbr":{"fi":"VAS","sv":"VF","en":"LEFT"}},{"age":38,"advanceVotesPercent":2.4,"lastname":"Kanniainen","occupation":"lastentarhanopettaja","advanceVotes":23,"npid":6,"totalVotes":23,"spid":1,"abbr":"KESK","municipalCouncilor":false,"muid":309,"alid":6,"firstname":"Eveliina","electionDayVotes":0,"pid":"2","finalPosition":0,"electedInformation":"ELECTED","totalVotesPercent":2.4,"nominatorName":{"fi":"Suomen Keskusta","sv":"Centern i Finland","en":"Centre Party of Finland"},"caid":66,"position":0,"gender":"2","comparisonData":{"totalVotes":0,"votesTotalChange":23},"edid":9,"comparativeIndex":0.0,"electionDayVotesPercent":0.0,"nominatorAbbr":{"fi":"KESK","sv":"C","en":"CENT"}},{"age":46,"advanceVotesPercent":2.3,"lastname":"Turpeinen","occupation":"kirjanpitäjä, freelancekuvaaja","advanceVotes":22,"npid":1,"totalVotes":22,"spid":3,"abbr":"PS","municipalCouncilor":true,"muid":309,"alid":1,"firstname":"Jari","electionDayVotes":0,"pid":"23","finalPosition":0,"electedInformation":"ELECTED","totalVotesPercent":2.3,"nominatorName":{"fi":"Perussuomalaiset","sv":"Sannfinländarna","en":"The Finns Party"},"caid":14,"position":0,"gender":"1","comparisonData":{"totalVotes":63,"votesTotalChange":-41},"edid":9,"comparativeIndex":0.0,"electionDayVotesPercent":0.0,"nominatorAbbr":{"fi":"PS","sv":"Sannf","en":"FINNS"}},{"age":58,"advanceVotesPercent":2.3,"lastname":"Vartiainen","occupation":"lähihoitaja","advanceVotes":22,"npid":7,"totalVotes":22,"spid":4,"abbr":"SDP","municipalCouncilor":false,"muid":309,"alid":7,"firstname":"Marja-Terttu","electionDayVotes":0,"pid":"1","finalPosition":0,"electedInformation":"ELECTED","totalVotesPercent":2.3,"nominatorName":{"fi":"Suomen Sosialidemokraattinen Puolue","sv":"Finlands Socialdemokratiska Parti","en":"The Finnish Social Democratic Party"},"caid":103,"position":0,"gender":"2","comparisonData":{"totalVotes":0,"votesTotalChange":22},"edid":9,"comparativeIndex":0.0,"electionDayVotesPercent":0.0,"nominatorAbbr":{"fi":"SDP","sv":"SDP","en":"SDP"}},{"age":38,"advanceVotesPercent":2.0,"lastname":"Partanen","occupation":"luokanopettaja","advanceVotes":19,"npid":6,"totalVotes":19,"spid":1,"abbr":"KESK","municipalCouncilor":false,"muid":309,"alid":6,"firstname":"Hanne","electionDayVotes":0,"pid":"2","finalPosition":0,"electedInformation":"ELECTED","totalVotesPercent":2.0,"nominatorName":{"fi":"Suomen Keskusta","sv":"Centern i Finland","en":"Centre Party of Finland"},"caid":75,"position":0,"gender":"2","comparisonData":{"totalVotes":0,"votesTotalChange":19},"edid":9,"comparativeIndex":0.0,"electionDayVotesPercent":0.0,"nominatorAbbr":{"fi":"KESK","sv":"C","en":"CENT"}},{"age":48,"advanceVotesPercent":1.9,"lastname":"Voutilainen","occupation":"yrittäjä","advanceVotes":18,"npid":1,"totalVotes":18,"spid":3,"abbr":"PS","municipalCouncilor":false,"muid":309,"alid":1,"firstname":"Sari","electionDayVotes":0,"pid":"23","finalPosition":0,"electedInformation":"ELECTED","totalVotesPercent":1.9,"nominatorName":{"fi":"Perussuomalaiset","sv":"Sannfinländarna","en":"The Finns Party"},"caid":15,"position":0,"gender":"2","comparisonData":{"totalVotes":39,"votesTotalChange":-21},"edid":9,"comparativeIndex":0.0,"electionDayVotesPercent":0.0,"nominatorAbbr":{"fi":"PS","sv":"Sannf","en":"FINNS"}},{"age":67,"advanceVotesPercent":1.8,"lastname":"Honkavaara","occupation":"lääkäri","advanceVotes":17,"npid":2,"totalVotes":17,"spid":2,"abbr":"KOK","municipalCouncilor":true,"muid":309,"alid":2,"firstname":"Matti","electionDayVotes":0,"pid":"4","finalPosition":0,"electedInformation":"ON_SUBSTITUTE_PLACE","totalVotesPercent":1.8,"nominatorName":{"fi":"Kansallinen Kokoomus","sv":"Samlingspartiet","en":"National Coalition Party"},"caid":16,"position":0,"gender":"1","comparisonData":{"totalVotes":36,"votesTotalChange":-19},"edid":9,"comparativeIndex":0.0,"electionDayVotesPercent":0.0,"nominatorAbbr":{"fi":"KOK","sv":"Saml","en":"NCP"}},{"age":24,"advanceVotesPercent":1.7,"lastname":"Turunen","occupation":"opiskelija","advanceVotes":16,"npid":6,"totalVotes":16,"spid":1,"abbr":"KESK","municipalCouncilor":false,"muid":309,"alid":6,"firstname":"Sini","electionDayVotes":0,"pid":"2","finalPosition":0,"electedInformation":"ON_SUBSTITUTE_PLACE","totalVotesPercent":1.7,"nominatorName":{"fi":"Suomen Keskusta","sv":"Centern i Finland","en":"Centre Party of Finland"},"caid":81,"position":0,"gender":"2","comparisonData":{"totalVotes":0,"votesTotalChange":16},"edid":9,"comparativeIndex":0.0,"electionDayVotesPercent":0.0,"nominatorAbbr":{"fi":"KESK","sv":"C","en":"CENT"}},{"age":28,"advanceVotesPercent":1.6,"lastname":"Kinnunen","occupation":"maa- ja metsätalousyrittäjä, metsänhoitaja","advanceVotes":15,"npid":6,"totalVotes":15,"spid":1,"abbr":"KESK","municipalCouncilor":false,"muid":309,"alid":6,"firstname":"Jyrki-Pekko","electionDayVotes":0,"pid":"2","finalPosition":0,"electedInformation":"ELECTED","totalVotesPercent":1.6,"nominatorName":{"fi":"Suomen Keskusta","sv":"Centern i Finland","en":"Centre Party of Finland"},"caid":68,"position":0,"gender":"1","comparisonData":{"totalVotes":0,"votesTotalChange":15},"edid":9,"comparativeIndex":0.0,"electionDayVotesPercent":0.0,"nominatorAbbr":{"fi":"KESK","sv":"C","en":"CENT"}},{"age":73,"advanceVotesPercent":1.6,"lastname":"Kuokkanen","occupation":"toimitusjohtaja","advanceVotes":15,"npid":6,"totalVotes":15,"spid":1,"abbr":"KESK","municipalCouncilor":true,"muid":309,"alid":6,"firstname":"Tuomo","electionDayVotes":0,"pid":"2","finalPosition":0,"electedInformation":"ELECTED","totalVotesPercent":1.6,"nominatorName":{"fi":"Suomen Keskusta","sv":"Centern i Finland","en":"Centre Party of Finland"},"caid":69,"position":0,"gender":"1","comparisonData":{"totalVotes":51,"votesTotalChange":-36},"edid":9,"comparativeIndex":0.0,"electionDayVotesPercent":0.0,"nominatorAbbr":{"fi":"KESK","sv":"C","en":"CENT"}},{"age":65,"advanceVotesPercent":1.5,"lastname":"Vänskä","occupation":"toimistosihteeri, lastentarhanopettaja","advanceVotes":14,"npid":2,"totalVotes":14,"spid":2,"abbr":"KOK","municipalCouncilor":true,"muid":309,"alid":2,"firstname":"Jukka","electionDayVotes":0,"pid":"4","finalPosition":0,"electedInformation":"ELECTED","totalVotesPercent":1.5,"nominatorName":{"fi":"Kansallinen Kokoomus","sv":"Samlingspartiet","en":"National Coalition Party"},"caid":24,"position":0,"gender":"1","comparisonData":{"totalVotes":63,"votesTotalChange":-49},"edid":9,"comparativeIndex":0.0,"electionDayVotesPercent":0.0,"nominatorAbbr":{"fi":"KOK","sv":"Saml","en":"NCP"}},{"age":67,"advanceVotesPercent":1.5,"lastname":"Kuikka","occupation":"kaupunginvaltuutettu","advanceVotes":14,"npid":3,"totalVotes":14,"spid":5,"abbr":"VIHR","municipalCouncilor":true,"muid":309,"alid":3,"firstname":"Veli Matti","electionDayVotes":0,"pid":"13","finalPosition":0,"electedInformation":"NOT_ELECTED","totalVotesPercent":1.5,"nominatorName":{"fi":"Vihreä liitto","sv":"Gröna förbundet","en":"Green League"},"caid":25,"position":0,"gender":"1","comparisonData":{"totalVotes":137,"votesTotalChange":-123},"edid":9,"comparativeIndex":0.0,"electionDayVotesPercent":0.0,"nominatorAbbr":{"fi":"VIHR","sv":"Gröna","en":"GREEN"}},{"age":60,"advanceVotesPercent":1.5,"lastname":"Alanen","occupation":"sairaanhoitaja","advanceVotes":14,"npid":5,"totalVotes":14,"spid":6,"abbr":"VAS","municipalCouncilor":true,"muid":309,"alid":5,"firstname":"Marja-Liisa","electionDayVotes":0,"pid":"15","finalPosition":0,"electedInformation":"ELECTED","totalVotesPercent":1.5,"nominatorName":{"fi":"Vasemmistoliitto","sv":"Vänsterförbundet","en":"The Left Alliance"},"caid":34,"position":0,"gender":"2","comparisonData":{"totalVotes":23,"votesTotalChange":-9},"edid":9,"comparativeIndex":0.0,"electionDayVotesPercent":0.0,"nominatorAbbr":{"fi":"VAS","sv":"VF","en":"LEFT"}},{"age":43,"advanceVotesPercent":1.5,"lastname":"Tanskanen","occupation":"nuoriso-ohjaaja","advanceVotes":14,"npid":5,"totalVotes":14,"spid":6,"abbr":"VAS","municipalCouncilor":false,"muid":309,"alid":5,"firstname":"Markku","electionDayVotes":0,"pid":"15","finalPosition":0,"electedInformation":"ELECTED","totalVotesPercent":1.5,"nominatorName":{"fi":"Vasemmistoliitto","sv":"Vänsterförbundet","en":"The Left Alliance"},"caid":54,"position":0,"gender":"1","comparisonData":{"totalVotes":0,"votesTotalChange":14},"edid":9,"comparativeIndex":0.0,"electionDayVotesPercent":0.0,"nominatorAbbr":{"fi":"VAS","sv":"VF","en":"LEFT"}},{"age":41,"advanceVotesPercent":1.5,"lastname":"Tuononen","occupation":"yrittäjä","advanceVotes":14,"npid":6,"totalVotes":14,"spid":1,"abbr":"KESK","municipalCouncilor":false,"muid":309,"alid":6,"firstname":"Paula","electionDayVotes":0,"pid":"2","finalPosition":0,"electedInformation":"ELECTED","totalVotesPercent":1.5,"nominatorName":{"fi":"Suomen Keskusta","sv":"Centern i Finland","en":"Centre Party of Finland"},"caid":80,"position":0,"gender":"2","comparisonData":{"totalVotes":0,"votesTotalChange":14},"edid":9,"comparativeIndex":0.0,"electionDayVotesPercent":0.0,"nominatorAbbr":{"fi":"KESK","sv":"C","en":"CENT"}},{"age":40,"advanceVotesPercent":1.3,"lastname":"Pekkanen","occupation":"sairaanhoitaja (AMK)","advanceVotes":13,"npid":6,"totalVotes":13,"spid":1,"abbr":"KESK","municipalCouncilor":true,"muid":309,"alid":6,"firstname":"Niina","electionDayVotes":0,"pid":"2","finalPosition":0,"electedInformation":"ON_SUBSTITUTE_PLACE","totalVotesPercent":1.3,"nominatorName":{"fi":"Suomen Keskusta","sv":"Centern i Finland","en":"Centre Party of Finland"},"caid":76,"position":0,"gender":"2","comparisonData":{"totalVotes":59,"votesTotalChange":-46},"edid":9,"comparativeIndex":0.0,"electionDayVotesPercent":0.0,"nominatorAbbr":{"fi":"KESK","sv":"C","en":"CENT"}},{"age":53,"advanceVotesPercent":1.3,"lastname":"Kolehmainen","occupation":"asiantuntija, sosionomi","advanceVotes":13,"npid":7,"totalVotes":13,"spid":4,"abbr":"SDP","municipalCouncilor":false,"muid":309,"alid":7,"firstname":"Sirkka-Liisa","electionDayVotes":0,"pid":"1","finalPosition":0,"electedInformation":"ELECTED","totalVotesPercent":1.3,"nominatorName":{"fi":"Suomen Sosialidemokraattinen Puolue","sv":"Finlands Socialdemokratiska Parti","en":"The Finnish Social Democratic Party"},"caid":90,"position":0,"gender":"2","comparisonData":{"totalVotes":12,"votesTotalChange":1},"edid":9,"comparativeIndex":0.0,"electionDayVotesPercent":0.0,"nominatorAbbr":{"fi":"SDP","sv":"SDP","en":"SDP"}},{"age":59,"advanceVotesPercent":1.2,"lastname":"Raninen","occupation":"projekti-insinööri, eläkeläinen","advanceVotes":12,"npid":4,"totalVotes":12,"spid":8,"abbr":"KD","municipalCouncilor":true,"muid":309,"alid":4,"firstname":"Veli-Matti","electionDayVotes":0,"pid":"9","finalPosition":0,"electedInformation":"ON_SUBSTITUTE_PLACE","totalVotesPercent":1.2,"nominatorName":{"fi":"Suomen Kristillisdemokraatit (KD)","sv":"Kristdemokraterna i Finland (KD)","en":"Christian Democrats in Finland"},"caid":32,"position":0,"gender":"1","comparisonData":{"totalVotes":86,"votesTotalChange":-74},"edid":9,"comparativeIndex":0.0,"electionDayVotesPercent":0.0,"nominatorAbbr":{"fi":"KD","sv":"KD","en":"CD"}},{"age":64,"advanceVotesPercent":1.2,"lastname":"Lappalainen","occupation":"yrittäjä","advanceVotes":12,"npid":6,"totalVotes":12,"spid":1,"abbr":"KESK","municipalCouncilor":false,"muid":309,"alid":6,"firstname":"Pentti","electionDayVotes":0,"pid":"2","finalPosition":0,"electedInformation":"ON_SUBSTITUTE_PLACE","totalVotesPercent":1.2,"nominatorName":{"fi":"Suomen Keskusta","sv":"Centern i Finland","en":"Centre Party of Finland"},"caid":71,"position":0,"gender":"1","comparisonData":{"totalVotes":35,"votesTotalChange":-23},"edid":9,"comparativeIndex":0.0,"electionDayVotesPercent":0.0,"nominatorAbbr":{"fi":"KESK","sv":"C","en":"CENT"}},{"age":52,"advanceVotesPercent":1.2,"lastname":"Surakka","occupation":"lähihoitaja","advanceVotes":12,"npid":6,"totalVotes":12,"spid":1,"abbr":"KESK","municipalCouncilor":true,"muid":309,"alid":6,"firstname":"Lilja","electionDayVotes":0,"pid":"2","finalPosition":0,"electedInformation":"ELECTED","totalVotesPercent":1.2,"nominatorName":{"fi":"Suomen Keskusta","sv":"Centern i Finland","en":"Centre Party of Finland"},"caid":77,"position":0,"gender":"2","comparisonData":{"totalVotes":39,"votesTotalChange":-27},"edid":9,"comparativeIndex":0.0,"electionDayVotesPercent":0.0,"nominatorAbbr":{"fi":"KESK","sv":"C","en":"CENT"}},{"age":57,"advanceVotesPercent":1.2,"lastname":"Mertanen","occupation":"koneenasentaja","advanceVotes":12,"npid":7,"totalVotes":12,"spid":4,"abbr":"SDP","municipalCouncilor":false,"muid":309,"alid":7,"firstname":"Ilkka","electionDayVotes":0,"pid":"1","finalPosition":0,"electedInformation":"ELECTED","totalVotesPercent":1.2,"nominatorName":{"fi":"Suomen Sosialidemokraattinen Puolue","sv":"Finlands Socialdemokratiska Parti","en":"The Finnish Social Democratic Party"},"caid":93,"position":0,"gender":"1","comparisonData":{"totalVotes":0,"votesTotalChange":12},"edid":9,"comparativeIndex":0.0,"electionDayVotesPercent":0.0,"nominatorAbbr":{"fi":"SDP","sv":"SDP","en":"SDP"}},{"age":34,"advanceVotesPercent":1.2,"lastname":"Aslan","occupation":"yrittäjä","advanceVotes":12,"npid":7,"totalVotes":12,"spid":4,"abbr":"SDP","municipalCouncilor":false,"muid":309,"alid":7,"firstname":"Rakib","electionDayVotes":0,"pid":"1","finalPosition":0,"electedInformation":"ON_SUBSTITUTE_PLACE","totalVotesPercent":1.2,"nominatorName":{"fi":"Suomen Sosialidemokraattinen Puolue","sv":"Finlands Socialdemokratiska Parti","en":"The Finnish Social Democratic Party"},"caid":96,"position":0,"gender":"1","comparisonData":{"totalVotes":0,"votesTotalChange":12},"edid":9,"comparativeIndex":0.0,"electionDayVotesPercent":0.0,"nominatorAbbr":{"fi":"SDP","sv":"SDP","en":"SDP"}},{"age":53,"advanceVotesPercent":1.1,"lastname":"Kokko","occupation":"toiminnanjohtaja","advanceVotes":11,"npid":1,"totalVotes":11,"spid":3,"abbr":"PS","municipalCouncilor":true,"muid":309,"alid":1,"firstname":"Petri","electionDayVotes":0,"pid":"23","finalPosition":0,"electedInformation":"ON_SUBSTITUTE_PLACE","totalVotesPercent":1.1,"nominatorName":{"fi":"Perussuomalaiset","sv":"Sannfinländarna","en":"The Finns Party"},"caid":6,"position":0,"gender":"1","comparisonData":{"totalVotes":101,"votesTotalChange":-90},"edid":9,"comparativeIndex":0.0,"electionDayVotesPercent":0.0,"nominatorAbbr":{"fi":"PS","sv":"Sannf","en":"FINNS"}},{"age":65,"advanceVotesPercent":1.1,"lastname":"Lehikoinen","occupation":"yrittäjä","advanceVotes":11,"npid":1,"totalVotes":11,"spid":3,"abbr":"PS","municipalCouncilor":true,"muid":309,"alid":1,"firstname":"Paavo","electionDayVotes":0,"pid":"23","finalPosition":0,"electedInformation":"ON_SUBSTITUTE_PLACE","totalVotesPercent":1.1,"nominatorName":{"fi":"Perussuomalaiset","sv":"Sannfinländarna","en":"The Finns Party"},"caid":8,"position":0,"gender":"1","comparisonData":{"totalVotes":116,"votesTotalChange":-105},"edid":9,"comparativeIndex":0.0,"electionDayVotesPercent":0.0,"nominatorAbbr":{"fi":"PS","sv":"Sannf","en":"FINNS"}},{"age":63,"advanceVotesPercent":1.1,"lastname":"Komulainen","occupation":"lehtori, eläkeläinen","advanceVotes":11,"npid":2,"totalVotes":11,"spid":2,"abbr":"KOK","municipalCouncilor":false,"muid":309,"alid":2,"firstname":"Martti","electionDayVotes":0,"pid":"4","finalPosition":0,"electedInformation":"NOT_ELECTED","totalVotesPercent":1.1,"nominatorName":{"fi":"Kansallinen Kokoomus","sv":"Samlingspartiet","en":"National Coalition Party"},"caid":18,"position":0,"gender":"1","comparisonData":{"totalVotes":23,"votesTotalChange":-12},"edid":9,"comparativeIndex":0.0,"electionDayVotesPercent":0.0,"nominatorAbbr":{"fi":"KOK","sv":"Saml","en":"NCP"}},{"age":43,"advanceVotesPercent":1.1,"lastname":"Hiltunen","occupation":"kunnossapitoasentaja","advanceVotes":11,"npid":6,"totalVotes":11,"spid":1,"abbr":"KESK","municipalCouncilor":false,"muid":309,"alid":6,"firstname":"Jari","electionDayVotes":0,"pid":"2","finalPosition":0,"electedInformation":"ELECTED","totalVotesPercent":1.1,"nominatorName":{"fi":"Suomen Keskusta","sv":"Centern i Finland","en":"Centre Party of Finland"},"caid":61,"position":0,"gender":"1","comparisonData":{"totalVotes":0,"votesTotalChange":11},"edid":9,"comparativeIndex":0.0,"electionDayVotesPercent":0.0,"nominatorAbbr":{"fi":"KESK","sv":"C","en":"CENT"}},{"age":42,"advanceVotesPercent":1.0,"lastname":"Hartikainen","occupation":"insinööri (YAMK)","advanceVotes":10,"npid":1,"totalVotes":10,"spid":3,"abbr":"PS","municipalCouncilor":false,"muid":309,"alid":1,"firstname":"Petri","electionDayVotes":0,"pid":"23","finalPosition":0,"electedInformation":"ELECTED","totalVotesPercent":1.0,"nominatorName":{"fi":"Perussuomalaiset","sv":"Sannfinländarna","en":"The Finns Party"},"caid":3,"position":0,"gender":"1","comparisonData":{"totalVotes":0,"votesTotalChange":10},"edid":9,"comparativeIndex":0.0,"electionDayVotesPercent":0.0,"nominatorAbbr":{"fi":"PS","sv":"Sannf","en":"FINNS"}},{"age":60,"advanceVotesPercent":1.0,"lastname":"Palander","occupation":"myyjä, yrittäjä","advanceVotes":10,"npid":2,"totalVotes":10,"spid":2,"abbr":"KOK","municipalCouncilor":false,"muid":309,"alid":2,"firstname":"Pirkko","electionDayVotes":0,"pid":"4","finalPosition":0,"electedInformation":"ELECTED","totalVotesPercent":1.0,"nominatorName":{"fi":"Kansallinen Kokoomus","sv":"Samlingspartiet","en":"National Coalition Party"},"caid":20,"position":0,"gender":"2","comparisonData":{"totalVotes":0,"votesTotalChange":10},"edid":9,"comparativeIndex":0.0,"electionDayVotesPercent":0.0,"nominatorAbbr":{"fi":"KOK","sv":"Saml","en":"NCP"}},{"age":43,"advanceVotesPercent":1.0,"lastname":"Nissinen","occupation":"laboratoriomestari","advanceVotes":10,"npid":5,"totalVotes":10,"spid":6,"abbr":"VAS","municipalCouncilor":false,"muid":309,"alid":5,"firstname":"Raine","electionDayVotes":0,"pid":"15","finalPosition":0,"electedInformation":"ELECTED","totalVotesPercent":1.0,"nominatorName":{"fi":"Vasemmistoliitto","sv":"Vänsterförbundet","en":"The Left Alliance"},"caid":47,"position":0,"gender":"1","comparisonData":{"totalVotes":0,"votesTotalChange":10},"edid":9,"comparativeIndex":0.0,"electionDayVotesPercent":0.0,"nominatorAbbr":{"fi":"VAS","sv":"VF","en":"LEFT"}},{"age":32,"advanceVotesPercent":1.0,"lastname":"Voutilainen","occupation":"levyseppähitsaaja","advanceVotes":10,"npid":5,"totalVotes":10,"spid":6,"abbr":"VAS","municipalCouncilor":false,"muid":309,"alid":5,"firstname":"Timo","electionDayVotes":0,"pid":"15","finalPosition":0,"electedInformation":"ON_SUBSTITUTE_PLACE","totalVotesPercent":1.0,"nominatorName":{"fi":"Vasemmistoliitto","sv":"Vänsterförbundet","en":"The Left Alliance"},"caid":55,"position":0,"gender":"1","comparisonData":{"totalVotes":0,"votesTotalChange":10},"edid":9,"comparativeIndex":0.0,"electionDayVotesPercent":0.0,"nominatorAbbr":{"fi":"VAS","sv":"VF","en":"LEFT"}},{"age":71,"advanceVotesPercent":1.0,"lastname":"Rissanen","occupation":"eläkeläinen, YTM","advanceVotes":10,"npid":7,"totalVotes":10,"spid":4,"abbr":"SDP","municipalCouncilor":false,"muid":309,"alid":7,"firstname":"Toivo","electionDayVotes":0,"pid":"1","finalPosition":0,"electedInformation":"ON_SUBSTITUTE_PLACE","totalVotesPercent":1.0,"nominatorName":{"fi":"Suomen Sosialidemokraattinen Puolue","sv":"Finlands Socialdemokratiska Parti","en":"The Finnish Social Democratic Party"},"caid":98,"position":0,"gender":"1","comparisonData":{"totalVotes":18,"votesTotalChange":-8},"edid":9,"comparativeIndex":0.0,"electionDayVotesPercent":0.0,"nominatorAbbr":{"fi":"SDP","sv":"SDP","en":"SDP"}},{"age":66,"advanceVotesPercent":0.9,"lastname":"Kalinen","occupation":"evl evp","advanceVotes":9,"npid":2,"totalVotes":9,"spid":2,"abbr":"KOK","municipalCouncilor":false,"muid":309,"alid":2,"firstname":"Kari","electionDayVotes":0,"pid":"4","finalPosition":0,"electedInformation":"NOT_ELECTED","totalVotesPercent":0.9,"nominatorName":{"fi":"Kansallinen Kokoomus","sv":"Samlingspartiet","en":"National Coalition Party"},"caid":17,"position":0,"gender":"1","comparisonData":{"totalVotes":27,"votesTotalChange":-18},"edid":9,"comparativeIndex":0.0,"electionDayVotesPercent":0.0,"nominatorAbbr":{"fi":"KOK","sv":"Saml","en":"NCP"}},{"age":20,"advanceVotesPercent":0.9,"lastname":"Sandman","occupation":"toimitusjohtaja","advanceVotes":9,"npid":2,"totalVotes":9,"spid":2,"abbr":"KOK","municipalCouncilor":false,"muid":309,"alid":2,"firstname":"Kasimir","electionDayVotes":0,"pid":"4","finalPosition":0,"electedInformation":"ON_SUBSTITUTE_PLACE","totalVotesPercent":0.9,"nominatorName":{"fi":"Kansallinen Kokoomus","sv":"Samlingspartiet","en":"National Coalition Party"},"caid":22,"position":0,"gender":"1","comparisonData":{"totalVotes":0,"votesTotalChange":9},"edid":9,"comparativeIndex":0.0,"electionDayVotesPercent":0.0,"nominatorAbbr":{"fi":"KOK","sv":"Saml","en":"NCP"}},{"age":31,"advanceVotesPercent":0.9,"lastname":"Turpeinen","occupation":"teologian kandidaatti","advanceVotes":9,"npid":3,"totalVotes":9,"spid":5,"abbr":"VIHR","municipalCouncilor":false,"muid":309,"alid":3,"firstname":"Mikko","electionDayVotes":0,"pid":"13","finalPosition":0,"electedInformation":"NOT_ELECTED","totalVotesPercent":0.9,"nominatorName":{"fi":"Vihreä liitto","sv":"Gröna förbundet","en":"Green League"},"caid":26,"position":0,"gender":"1","comparisonData":{"totalVotes":0,"votesTotalChange":9},"edid":9,"comparativeIndex":0.0,"electionDayVotesPercent":0.0,"nominatorAbbr":{"fi":"VIHR","sv":"Gröna","en":"GREEN"}},{"age":61,"advanceVotesPercent":0.9,"lastname":"Partanen","occupation":"päiväkodinjohtaja","advanceVotes":9,"npid":4,"totalVotes":9,"spid":8,"abbr":"KD","municipalCouncilor":false,"muid":309,"alid":4,"firstname":"Anna","electionDayVotes":0,"pid":"9","finalPosition":0,"electedInformation":"ELECTED","totalVotesPercent":0.9,"nominatorName":{"fi":"Suomen Kristillisdemokraatit (KD)","sv":"Kristdemokraterna i Finland (KD)","en":"Christian Democrats in Finland"},"caid":31,"position":0,"gender":"2","comparisonData":{"totalVotes":0,"votesTotalChange":9},"edid":9,"comparativeIndex":0.0,"electionDayVotesPercent":0.0,"nominatorAbbr":{"fi":"KD","sv":"KD","en":"CD"}},{"age":47,"advanceVotesPercent":0.9,"lastname":"Rouvari","occupation":"taksinkuljettaja","advanceVotes":9,"npid":5,"totalVotes":9,"spid":6,"abbr":"VAS","municipalCouncilor":false,"muid":309,"alid":5,"firstname":"Janne","electionDayVotes":0,"pid":"15","finalPosition":0,"electedInformation":"ON_SUBSTITUTE_PLACE","totalVotesPercent":0.9,"nominatorName":{"fi":"Vasemmistoliitto","sv":"Vänsterförbundet","en":"The Left Alliance"},"caid":50,"position":0,"gender":"1","comparisonData":{"totalVotes":13,"votesTotalChange":-4},"edid":9,"comparativeIndex":0.0,"electionDayVotesPercent":0.0,"nominatorAbbr":{"fi":"VAS","sv":"VF","en":"LEFT"}},{"age":41,"advanceVotesPercent":0.9,"lastname":"Kervinen","occupation":"teatteriohjaaja","advanceVotes":9,"npid":6,"totalVotes":9,"spid":1,"abbr":"KESK","municipalCouncilor":false,"muid":309,"alid":6,"firstname":"Tomi","electionDayVotes":0,"pid":"2","finalPosition":0,"electedInformation":"ON_SUBSTITUTE_PLACE","totalVotesPercent":0.9,"nominatorName":{"fi":"Suomen Keskusta","sv":"Centern i Finland","en":"Centre Party of Finland"},"caid":67,"position":0,"gender":"1","comparisonData":{"totalVotes":0,"votesTotalChange":9},"edid":9,"comparativeIndex":0.0,"electionDayVotesPercent":0.0,"nominatorAbbr":{"fi":"KESK","sv":"C","en":"CENT"}},{"age":29,"advanceVotesPercent":0.8,"lastname":"Pussinen","occupation":"yrittäjä","advanceVotes":8,"npid":1,"totalVotes":8,"spid":3,"abbr":"PS","municipalCouncilor":false,"muid":309,"alid":1,"firstname":"Ville-Valtteri","electionDayVotes":0,"pid":"23","finalPosition":0,"electedInformation":"ON_SUBSTITUTE_PLACE","totalVotesPercent":0.8,"nominatorName":{"fi":"Perussuomalaiset","sv":"Sannfinländarna","en":"The Finns Party"},"caid":11,"position":0,"gender":"1","comparisonData":{"totalVotes":0,"votesTotalChange":8},"edid":9,"comparativeIndex":0.0,"electionDayVotesPercent":0.0,"nominatorAbbr":{"fi":"PS","sv":"Sannf","en":"FINNS"}},{"age":39,"advanceVotesPercent":0.8,"lastname":"Jämsä","occupation":"maatalousyrittäjä","advanceVotes":8,"npid":6,"totalVotes":8,"spid":1,"abbr":"KESK","municipalCouncilor":false,"muid":309,"alid":6,"firstname":"Tomi","electionDayVotes":0,"pid":"2","finalPosition":0,"electedInformation":"ON_SUBSTITUTE_PLACE","totalVotesPercent":0.8,"nominatorName":{"fi":"Suomen Keskusta","sv":"Centern i Finland","en":"Centre Party of Finland"},"caid":65,"position":0,"gender":"1","comparisonData":{"totalVotes":16,"votesTotalChange":-8},"edid":9,"comparativeIndex":0.0,"electionDayVotesPercent":0.0,"nominatorAbbr":{"fi":"KESK","sv":"C","en":"CENT"}},{"age":44,"advanceVotesPercent":0.8,"lastname":"Keränen-Mahonen","occupation":"yrittäjä","advanceVotes":8,"npid":7,"totalVotes":8,"spid":4,"abbr":"SDP","municipalCouncilor":false,"muid":309,"alid":7,"firstname":"Kristiina","electionDayVotes":0,"pid":"1","finalPosition":0,"electedInformation":"ON_SUBSTITUTE_PLACE","totalVotesPercent":0.8,"nominatorName":{"fi":"Suomen Sosialidemokraattinen Puolue","sv":"Finlands Socialdemokratiska Parti","en":"The Finnish Social Democratic Party"},"caid":89,"position":0,"gender":"2","comparisonData":{"totalVotes":4,"votesTotalChange":4},"edid":9,"comparativeIndex":0.0,"electionDayVotesPercent":0.0,"nominatorAbbr":{"fi":"SDP","sv":"SDP","en":"SDP"}},{"age":64,"advanceVotesPercent":0.8,"lastname":"Lappalainen","occupation":"kirvesmies","advanceVotes":8,"npid":7,"totalVotes":8,"spid":4,"abbr":"SDP","municipalCouncilor":false,"muid":309,"alid":7,"firstname":"Urpo","electionDayVotes":0,"pid":"1","finalPosition":0,"electedInformation":"ON_SUBSTITUTE_PLACE","totalVotesPercent":0.8,"nominatorName":{"fi":"Suomen Sosialidemokraattinen Puolue","sv":"Finlands Socialdemokratiska Parti","en":"The Finnish Social Democratic Party"},"caid":91,"position":0,"gender":"1","comparisonData":{"totalVotes":5,"votesTotalChange":3},"edid":9,"comparativeIndex":0.0,"electionDayVotesPercent":0.0,"nominatorAbbr":{"fi":"SDP","sv":"SDP","en":"SDP"}},{"age":32,"advanceVotesPercent":0.7,"lastname":"Räsänen","occupation":"datanomi, tradenomiopiskelija","advanceVotes":7,"npid":2,"totalVotes":7,"spid":2,"abbr":"KOK","municipalCouncilor":false,"muid":309,"alid":2,"firstname":"Jenni","electionDayVotes":0,"pid":"4","finalPosition":0,"electedInformation":"NOT_ELECTED","totalVotesPercent":0.7,"nominatorName":{"fi":"Kansallinen Kokoomus","sv":"Samlingspartiet","en":"National Coalition Party"},"caid":21,"position":0,"gender":"2","comparisonData":{"totalVotes":0,"votesTotalChange":7},"edid":9,"comparativeIndex":0.0,"electionDayVotesPercent":0.0,"nominatorAbbr":{"fi":"KOK","sv":"Saml","en":"NCP"}},{"age":44,"advanceVotesPercent":0.7,"lastname":"Koponen","occupation":"asiakaspalvelija, toimistosihteeri","advanceVotes":7,"npid":4,"totalVotes":7,"spid":8,"abbr":"KD","municipalCouncilor":false,"muid":309,"alid":4,"firstname":"Miia-Mari","electionDayVotes":0,"pid":"9","finalPosition":0,"electedInformation":"ON_SUBSTITUTE_PLACE","totalVotesPercent":0.7,"nominatorName":{"fi":"Suomen Kristillisdemokraatit (KD)","sv":"Kristdemokraterna i Finland (KD)","en":"Christian Democrats in Finland"},"caid":30,"position":0,"gender":"2","comparisonData":{"totalVotes":26,"votesTotalChange":-19},"edid":9,"comparativeIndex":0.0,"electionDayVotesPercent":0.0,"nominatorAbbr":{"fi":"KD","sv":"KD","en":"CD"}},{"age":63,"advanceVotesPercent":0.7,"lastname":"Pouhula","occupation":"eläkeläinen","advanceVotes":7,"npid":5,"totalVotes":7,"spid":6,"abbr":"VAS","municipalCouncilor":false,"muid":309,"alid":5,"firstname":"Lasse","electionDayVotes":0,"pid":"15","finalPosition":0,"electedInformation":"ON_SUBSTITUTE_PLACE","totalVotesPercent":0.7,"nominatorName":{"fi":"Vasemmistoliitto","sv":"Vänsterförbundet","en":"The Left Alliance"},"caid":49,"position":0,"gender":"1","comparisonData":{"totalVotes":21,"votesTotalChange":-14},"edid":9,"comparativeIndex":0.0,"electionDayVotesPercent":0.0,"nominatorAbbr":{"fi":"VAS","sv":"VF","en":"LEFT"}},{"age":68,"advanceVotesPercent":0.7,"lastname":"Hiltunen","occupation":"sosionomi","advanceVotes":7,"npid":6,"totalVotes":7,"spid":1,"abbr":"KESK","municipalCouncilor":false,"muid":309,"alid":6,"firstname":"Kirsti","electionDayVotes":0,"pid":"2","finalPosition":0,"electedInformation":"ON_SUBSTITUTE_PLACE","totalVotesPercent":0.7,"nominatorName":{"fi":"Suomen Keskusta","sv":"Centern i Finland","en":"Centre Party of Finland"},"caid":62,"position":0,"gender":"2","comparisonData":{"totalVotes":0,"votesTotalChange":7},"edid":9,"comparativeIndex":0.0,"electionDayVotesPercent":0.0,"nominatorAbbr":{"fi":"KESK","sv":"C","en":"CENT"}},{"age":71,"advanceVotesPercent":0.7,"lastname":"Salmela","occupation":"rakennusmestari, yrittäjä","advanceVotes":7,"npid":7,"totalVotes":7,"spid":4,"abbr":"SDP","municipalCouncilor":false,"muid":309,"alid":7,"firstname":"Antti","electionDayVotes":0,"pid":"1","finalPosition":0,"electedInformation":"ON_SUBSTITUTE_PLACE","totalVotesPercent":0.7,"nominatorName":{"fi":"Suomen Sosialidemokraattinen Puolue","sv":"Finlands Socialdemokratiska Parti","en":"The Finnish Social Democratic Party"},"caid":99,"position":0,"gender":"1","comparisonData":{"totalVotes":23,"votesTotalChange":-16},"edid":9,"comparativeIndex":0.0,"electionDayVotesPercent":0.0,"nominatorAbbr":{"fi":"SDP","sv":"SDP","en":"SDP"}},{"age":50,"advanceVotesPercent":0.7,"lastname":"Timonen","occupation":"merkonomi","advanceVotes":7,"npid":7,"totalVotes":7,"spid":4,"abbr":"SDP","municipalCouncilor":false,"muid":309,"alid":7,"firstname":"Mika","electionDayVotes":0,"pid":"1","finalPosition":0,"electedInformation":"NOT_ELECTED","totalVotesPercent":0.7,"nominatorName":{"fi":"Suomen Sosialidemokraattinen Puolue","sv":"Finlands Socialdemokratiska Parti","en":"The Finnish Social Democratic Party"},"caid":100,"position":0,"gender":"1","comparisonData":{"totalVotes":20,"votesTotalChange":-13},"edid":9,"comparativeIndex":0.0,"electionDayVotesPercent":0.0,"nominatorAbbr":{"fi":"SDP","sv":"SDP","en":"SDP"}},{"age":38,"advanceVotesPercent":0.6,"lastname":"Karttunen","occupation":"eläkeläinen","advanceVotes":6,"npid":4,"totalVotes":6,"spid":8,"abbr":"KD","municipalCouncilor":false,"muid":309,"alid":4,"firstname":"Perttu","electionDayVotes":0,"pid":"9","finalPosition":0,"electedInformation":"NOT_ELECTED","totalVotesPercent":0.6,"nominatorName":{"fi":"Suomen Kristillisdemokraatit (KD)","sv":"Kristdemokraterna i Finland (KD)","en":"Christian Democrats in Finland"},"caid":29,"position":0,"gender":"1","comparisonData":{"totalVotes":13,"votesTotalChange":-7},"edid":9,"comparativeIndex":0.0,"electionDayVotesPercent":0.0,"nominatorAbbr":{"fi":"KD","sv":"KD","en":"CD"}},{"age":51,"advanceVotesPercent":0.6,"lastname":"Hyttinen","occupation":"palveluneuvoja","advanceVotes":6,"npid":5,"totalVotes":6,"spid":6,"abbr":"VAS","municipalCouncilor":false,"muid":309,"alid":5,"firstname":"Riitta","electionDayVotes":0,"pid":"15","finalPosition":0,"electedInformation":"NOT_ELECTED","totalVotesPercent":0.6,"nominatorName":{"fi":"Vasemmistoliitto","sv":"Vänsterförbundet","en":"The Left Alliance"},"caid":38,"position":0,"gender":"2","comparisonData":{"totalVotes":6,"votesTotalChange":0},"edid":9,"comparativeIndex":0.0,"electionDayVotesPercent":0.0,"nominatorAbbr":{"fi":"VAS","sv":"VF","en":"LEFT"}},{"age":52,"advanceVotesPercent":0.6,"lastname":"Riikonen","occupation":"elintarviketyöntekijä, lihanleikkaaja","advanceVotes":6,"npid":7,"totalVotes":6,"spid":4,"abbr":"SDP","municipalCouncilor":false,"muid":309,"alid":7,"firstname":"Kari","electionDayVotes":0,"pid":"1","finalPosition":0,"electedInformation":"NOT_ELECTED","totalVotesPercent":0.6,"nominatorName":{"fi":"Suomen Sosialidemokraattinen Puolue","sv":"Finlands Socialdemokratiska Parti","en":"The Finnish Social Democratic Party"},"caid":97,"position":0,"gender":"1","comparisonData":{"totalVotes":8,"votesTotalChange":-2},"edid":9,"comparativeIndex":0.0,"electionDayVotesPercent":0.0,"nominatorAbbr":{"fi":"SDP","sv":"SDP","en":"SDP"}},{"age":73,"advanceVotesPercent":0.5,"lastname":"Kinnunen","occupation":"eläkeläinen","advanceVotes":5,"npid":1,"totalVotes":5,"spid":3,"abbr":"PS","municipalCouncilor":false,"muid":309,"alid":1,"firstname":"Pentti","electionDayVotes":0,"pid":"23","finalPosition":0,"electedInformation":"ON_SUBSTITUTE_PLACE","totalVotesPercent":0.5,"nominatorName":{"fi":"Perussuomalaiset","sv":"Sannfinländarna","en":"The Finns Party"},"caid":5,"position":0,"gender":"1","comparisonData":{"totalVotes":15,"votesTotalChange":-10},"edid":9,"comparativeIndex":0.0,"electionDayVotesPercent":0.0,"nominatorAbbr":{"fi":"PS","sv":"Sannf","en":"FINNS"}},{"age":39,"advanceVotesPercent":0.5,"lastname":"Kaasinen","occupation":"lähihoitaja","advanceVotes":5,"npid":4,"totalVotes":5,"spid":8,"abbr":"KD","municipalCouncilor":false,"muid":309,"alid":4,"firstname":"Hanna","electionDayVotes":0,"pid":"9","finalPosition":0,"electedInformation":"NOT_ELECTED","totalVotesPercent":0.5,"nominatorName":{"fi":"Suomen Kristillisdemokraatit (KD)","sv":"Kristdemokraterna i Finland (KD)","en":"Christian Democrats in Finland"},"caid":28,"position":0,"gender":"2","comparisonData":{"totalVotes":0,"votesTotalChange":5},"edid":9,"comparativeIndex":0.0,"electionDayVotesPercent":0.0,"nominatorAbbr":{"fi":"KD","sv":"KD","en":"CD"}},{"age":44,"advanceVotesPercent":0.5,"lastname":"Blomberg","occupation":"porari","advanceVotes":5,"npid":5,"totalVotes":5,"spid":6,"abbr":"VAS","municipalCouncilor":true,"muid":309,"alid":5,"firstname":"Marko","electionDayVotes":0,"pid":"15","finalPosition":0,"electedInformation":"NOT_ELECTED","totalVotesPercent":0.5,"nominatorName":{"fi":"Vasemmistoliitto","sv":"Vänsterförbundet","en":"The Left Alliance"},"caid":35,"position":0,"gender":"1","comparisonData":{"totalVotes":23,"votesTotalChange":-18},"edid":9,"comparativeIndex":0.0,"electionDayVotesPercent":0.0,"nominatorAbbr":{"fi":"VAS","sv":"VF","en":"LEFT"}},{"age":30,"advanceVotesPercent":0.5,"lastname":"Korpela","occupation":"lähihoitaja","advanceVotes":5,"npid":5,"totalVotes":5,"spid":6,"abbr":"VAS","municipalCouncilor":false,"muid":309,"alid":5,"firstname":"Veera","electionDayVotes":0,"pid":"15","finalPosition":0,"electedInformation":"NOT_ELECTED","totalVotesPercent":0.5,"nominatorName":{"fi":"Vasemmistoliitto","sv":"Vänsterförbundet","en":"The Left Alliance"},"caid":43,"position":0,"gender":"2","comparisonData":{"totalVotes":11,"votesTotalChange":-6},"edid":9,"comparativeIndex":0.0,"electionDayVotesPercent":0.0,"nominatorAbbr":{"fi":"VAS","sv":"VF","en":"LEFT"}},{"age":42,"advanceVotesPercent":0.5,"lastname":"Laurikainen","occupation":"tanssija","advanceVotes":5,"npid":5,"totalVotes":5,"spid":6,"abbr":"VAS","municipalCouncilor":false,"muid":309,"alid":5,"firstname":"Tomi","electionDayVotes":0,"pid":"15","finalPosition":0,"electedInformation":"NOT_ELECTED","totalVotesPercent":0.5,"nominatorName":{"fi":"Vasemmistoliitto","sv":"Vänsterförbundet","en":"The Left Alliance"},"caid":44,"position":0,"gender":"1","comparisonData":{"totalVotes":8,"votesTotalChange":-3},"edid":9,"comparativeIndex":0.0,"electionDayVotesPercent":0.0,"nominatorAbbr":{"fi":"VAS","sv":"VF","en":"LEFT"}},{"age":47,"advanceVotesPercent":0.5,"lastname":"Aaltonen","occupation":"luomuviljelijä","advanceVotes":5,"npid":6,"totalVotes":5,"spid":1,"abbr":"KESK","municipalCouncilor":false,"muid":309,"alid":6,"firstname":"Mika","electionDayVotes":0,"pid":"2","finalPosition":0,"electedInformation":"ON_SUBSTITUTE_PLACE","totalVotesPercent":0.5,"nominatorName":{"fi":"Suomen Keskusta","sv":"Centern i Finland","en":"Centre Party of Finland"},"caid":59,"position":0,"gender":"1","comparisonData":{"totalVotes":11,"votesTotalChange":-6},"edid":9,"comparativeIndex":0.0,"electionDayVotesPercent":0.0,"nominatorAbbr":{"fi":"KESK","sv":"C","en":"CENT"}},{"age":70,"advanceVotesPercent":0.4,"lastname":"Palander","occupation":"konekorjausmies","advanceVotes":4,"npid":1,"totalVotes":4,"spid":3,"abbr":"PS","municipalCouncilor":false,"muid":309,"alid":1,"firstname":"Lasse","electionDayVotes":0,"pid":"23","finalPosition":0,"electedInformation":"NOT_ELECTED","totalVotesPercent":0.4,"nominatorName":{"fi":"Perussuomalaiset","sv":"Sannfinländarna","en":"The Finns Party"},"caid":9,"position":0,"gender":"1","comparisonData":{"totalVotes":29,"votesTotalChange":-25},"edid":9,"comparativeIndex":0.0,"electionDayVotesPercent":0.0,"nominatorAbbr":{"fi":"PS","sv":"Sannf","en":"FINNS"}},{"age":64,"advanceVotesPercent":0.4,"lastname":"Kuiri","occupation":"lehtori, eläkeläinen","advanceVotes":4,"npid":2,"totalVotes":4,"spid":2,"abbr":"KOK","municipalCouncilor":false,"muid":309,"alid":2,"firstname":"Keijo","electionDayVotes":0,"pid":"4","finalPosition":0,"electedInformation":"NOT_ELECTED","totalVotesPercent":0.4,"nominatorName":{"fi":"Kansallinen Kokoomus","sv":"Samlingspartiet","en":"National Coalition Party"},"caid":19,"position":0,"gender":"1","comparisonData":{"totalVotes":15,"votesTotalChange":-11},"edid":9,"comparativeIndex":0.0,"electionDayVotesPercent":0.0,"nominatorAbbr":{"fi":"KOK","sv":"Saml","en":"NCP"}},{"age":32,"advanceVotesPercent":0.4,"lastname":"Räsänen","occupation":"myyjä","advanceVotes":4,"npid":5,"totalVotes":4,"spid":6,"abbr":"VAS","municipalCouncilor":false,"muid":309,"alid":5,"firstname":"Sanna","electionDayVotes":0,"pid":"15","finalPosition":0,"electedInformation":"NOT_ELECTED","totalVotesPercent":0.4,"nominatorName":{"fi":"Vasemmistoliitto","sv":"Vänsterförbundet","en":"The Left Alliance"},"caid":52,"position":0,"gender":"2","comparisonData":{"totalVotes":0,"votesTotalChange":4},"edid":9,"comparativeIndex":0.0,"electionDayVotesPercent":0.0,"nominatorAbbr":{"fi":"VAS","sv":"VF","en":"LEFT"}},{"age":52,"advanceVotesPercent":0.4,"lastname":"Jämsén","occupation":"yrittäjä","advanceVotes":4,"npid":6,"totalVotes":4,"spid":1,"abbr":"KESK","municipalCouncilor":false,"muid":309,"alid":6,"firstname":"Pauli","electionDayVotes":0,"pid":"2","finalPosition":0,"electedInformation":"NOT_ELECTED","totalVotesPercent":0.4,"nominatorName":{"fi":"Suomen Keskusta","sv":"Centern i Finland","en":"Centre Party of Finland"},"caid":64,"position":0,"gender":"1","comparisonData":{"totalVotes":0,"votesTotalChange":4},"edid":9,"comparativeIndex":0.0,"electionDayVotesPercent":0.0,"nominatorAbbr":{"fi":"KESK","sv":"C","en":"CENT"}},{"age":61,"advanceVotesPercent":0.4,"lastname":"Laukkanen","occupation":"insinööri, opettaja","advanceVotes":4,"npid":6,"totalVotes":4,"spid":1,"abbr":"KESK","municipalCouncilor":false,"muid":309,"alid":6,"firstname":"Heikki","electionDayVotes":0,"pid":"2","finalPosition":0,"electedInformation":"NOT_ELECTED","totalVotesPercent":0.4,"nominatorName":{"fi":"Suomen Keskusta","sv":"Centern i Finland","en":"Centre Party of Finland"},"caid":70,"position":0,"gender":"1","comparisonData":{"totalVotes":55,"votesTotalChange":-51},"edid":9,"comparativeIndex":0.0,"electionDayVotesPercent":0.0,"nominatorAbbr":{"fi":"KESK","sv":"C","en":"CENT"}},{"age":63,"advanceVotesPercent":0.4,"lastname":"Pakarinen","occupation":"toimitusjohtaja, insinööri (YAMK)","advanceVotes":4,"npid":6,"totalVotes":4,"spid":1,"abbr":"KESK","municipalCouncilor":false,"muid":309,"alid":6,"firstname":"Jarmo","electionDayVotes":0,"pid":"2","finalPosition":0,"electedInformation":"ON_SUBSTITUTE_PLACE","totalVotesPercent":0.4,"nominatorName":{"fi":"Suomen Keskusta","sv":"Centern i Finland","en":"Centre Party of Finland"},"caid":73,"position":0,"gender":"1","comparisonData":{"totalVotes":8,"votesTotalChange":-4},"edid":9,"comparativeIndex":0.0,"electionDayVotesPercent":0.0,"nominatorAbbr":{"fi":"KESK","sv":"C","en":"CENT"}},{"age":46,"advanceVotesPercent":0.4,"lastname":"Turunen","occupation":"perhehoitaja","advanceVotes":4,"npid":6,"totalVotes":4,"spid":1,"abbr":"KESK","municipalCouncilor":false,"muid":309,"alid":6,"firstname":"Kati","electionDayVotes":0,"pid":"2","finalPosition":0,"electedInformation":"NOT_ELECTED","totalVotesPercent":0.4,"nominatorName":{"fi":"Suomen Keskusta","sv":"Centern i Finland","en":"Centre Party of Finland"},"caid":82,"position":0,"gender":"2","comparisonData":{"totalVotes":0,"votesTotalChange":4},"edid":9,"comparativeIndex":0.0,"electionDayVotesPercent":0.0,"nominatorAbbr":{"fi":"KESK","sv":"C","en":"CENT"}},{"age":46,"advanceVotesPercent":0.4,"lastname":"Vallius","occupation":"lähihoitaja","advanceVotes":4,"npid":6,"totalVotes":4,"spid":1,"abbr":"KESK","municipalCouncilor":false,"muid":309,"alid":6,"firstname":"Kaisa","electionDayVotes":0,"pid":"2","finalPosition":0,"electedInformation":"NOT_ELECTED","totalVotesPercent":0.4,"nominatorName":{"fi":"Suomen Keskusta","sv":"Centern i Finland","en":"Centre Party of Finland"},"caid":83,"position":0,"gender":"2","comparisonData":{"totalVotes":0,"votesTotalChange":4},"edid":9,"comparativeIndex":0.0,"electionDayVotesPercent":0.0,"nominatorAbbr":{"fi":"KESK","sv":"C","en":"CENT"}},{"age":27,"advanceVotesPercent":0.4,"lastname":"Vuori","occupation":"3D-tuotannon opiskelija","advanceVotes":4,"npid":6,"totalVotes":4,"spid":1,"abbr":"KESK","municipalCouncilor":false,"muid":309,"alid":6,"firstname":"Willhard","electionDayVotes":0,"pid":"2","finalPosition":0,"electedInformation":"NOT_ELECTED","totalVotesPercent":0.4,"nominatorName":{"fi":"Suomen Keskusta","sv":"Centern i Finland","en":"Centre Party of Finland"},"caid":84,"position":0,"gender":"1","comparisonData":{"totalVotes":0,"votesTotalChange":4},"edid":9,"comparativeIndex":0.0,"electionDayVotesPercent":0.0,"nominatorAbbr":{"fi":"KESK","sv":"C","en":"CENT"}},{"age":73,"advanceVotesPercent":0.4,"lastname":"Haapea","occupation":"insinööri, eläkeläinen","advanceVotes":4,"npid":7,"totalVotes":4,"spid":4,"abbr":"SDP","municipalCouncilor":false,"muid":309,"alid":7,"firstname":"Heikki","electionDayVotes":0,"pid":"1","finalPosition":0,"electedInformation":"ON_SUBSTITUTE_PLACE","totalVotesPercent":0.4,"nominatorName":{"fi":"Suomen Sosialidemokraattinen Puolue","sv":"Finlands Socialdemokratiska Parti","en":"The Finnish Social Democratic Party"},"caid":85,"position":0,"gender":"1","comparisonData":{"totalVotes":13,"votesTotalChange":-9},"edid":9,"comparativeIndex":0.0,"electionDayVotesPercent":0.0,"nominatorAbbr":{"fi":"SDP","sv":"SDP","en":"SDP"}},{"age":56,"advanceVotesPercent":0.4,"lastname":"Utriainen","occupation":"hitsaaja","advanceVotes":4,"npid":7,"totalVotes":4,"spid":4,"abbr":"SDP","municipalCouncilor":false,"muid":309,"alid":7,"firstname":"Jari","electionDayVotes":0,"pid":"1","finalPosition":0,"electedInformation":"NOT_ELECTED","totalVotesPercent":0.4,"nominatorName":{"fi":"Suomen Sosialidemokraattinen Puolue","sv":"Finlands Socialdemokratiska Parti","en":"The Finnish Social Democratic Party"},"caid":101,"position":0,"gender":"1","comparisonData":{"totalVotes":0,"votesTotalChange":4},"edid":9,"comparativeIndex":0.0,"electionDayVotesPercent":0.0,"nominatorAbbr":{"fi":"SDP","sv":"SDP","en":"SDP"}},{"age":47,"advanceVotesPercent":0.3,"lastname":"Räsänen","occupation":"vartija","advanceVotes":3,"npid":1,"totalVotes":3,"spid":3,"abbr":"PS","municipalCouncilor":false,"muid":309,"alid":1,"firstname":"Niko","electionDayVotes":0,"pid":"23","finalPosition":0,"electedInformation":"NOT_ELECTED","totalVotesPercent":0.3,"nominatorName":{"fi":"Perussuomalaiset","sv":"Sannfinländarna","en":"The Finns Party"},"caid":13,"position":0,"gender":"1","comparisonData":{"totalVotes":3,"votesTotalChange":0},"edid":9,"comparativeIndex":0.0,"electionDayVotesPercent":0.0,"nominatorAbbr":{"fi":"PS","sv":"Sannf","en":"FINNS"}},{"age":61,"advanceVotesPercent":0.3,"lastname":"Hyttinen","occupation":"kokoonpanohitsaaja","advanceVotes":3,"npid":5,"totalVotes":3,"spid":6,"abbr":"VAS","municipalCouncilor":false,"muid":309,"alid":5,"firstname":"Pentti","electionDayVotes":0,"pid":"15","finalPosition":0,"electedInformation":"NOT_ELECTED","totalVotesPercent":0.3,"nominatorName":{"fi":"Vasemmistoliitto","sv":"Vänsterförbundet","en":"The Left Alliance"},"caid":37,"position":0,"gender":"1","comparisonData":{"totalVotes":8,"votesTotalChange":-5},"edid":9,"comparativeIndex":0.0,"electionDayVotesPercent":0.0,"nominatorAbbr":{"fi":"VAS","sv":"VF","en":"LEFT"}},{"age":45,"advanceVotesPercent":0.3,"lastname":"Vänskä","occupation":"kirjanpitäjä","advanceVotes":3,"npid":5,"totalVotes":3,"spid":6,"abbr":"VAS","municipalCouncilor":false,"muid":309,"alid":5,"firstname":"Heli","electionDayVotes":0,"pid":"15","finalPosition":0,"electedInformation":"NOT_ELECTED","totalVotesPercent":0.3,"nominatorName":{"fi":"Vasemmistoliitto","sv":"Vänsterförbundet","en":"The Left Alliance"},"caid":56,"position":0,"gender":"2","comparisonData":{"totalVotes":8,"votesTotalChange":-5},"edid":9,"comparativeIndex":0.0,"electionDayVotesPercent":0.0,"nominatorAbbr":{"fi":"VAS","sv":"VF","en":"LEFT"}},{"age":63,"advanceVotesPercent":0.3,"lastname":"Nissinen","occupation":"yrittäjä, eläkeläinen","advanceVotes":3,"npid":6,"totalVotes":3,"spid":1,"abbr":"KESK","municipalCouncilor":false,"muid":309,"alid":6,"firstname":"Pirjo","electionDayVotes":0,"pid":"2","finalPosition":0,"electedInformation":"ON_SUBSTITUTE_PLACE","totalVotesPercent":0.3,"nominatorName":{"fi":"Suomen Keskusta","sv":"Centern i Finland","en":"Centre Party of Finland"},"caid":72,"position":0,"gender":"2","comparisonData":{"totalVotes":14,"votesTotalChange":-11},"edid":9,"comparativeIndex":0.0,"electionDayVotesPercent":0.0,"nominatorAbbr":{"fi":"KESK","sv":"C","en":"CENT"}},{"age":54,"advanceVotesPercent":0.3,"lastname":"Helkamäki","occupation":"lähihoitaja, yrittäjä","advanceVotes":3,"npid":7,"totalVotes":3,"spid":4,"abbr":"SDP","municipalCouncilor":false,"muid":309,"alid":7,"firstname":"Merja","electionDayVotes":0,"pid":"1","finalPosition":0,"electedInformation":"NOT_ELECTED","totalVotesPercent":0.3,"nominatorName":{"fi":"Suomen Sosialidemokraattinen Puolue","sv":"Finlands Socialdemokratiska Parti","en":"The Finnish Social Democratic Party"},"caid":86,"position":0,"gender":"2","comparisonData":{"totalVotes":0,"votesTotalChange":3},"edid":9,"comparativeIndex":0.0,"electionDayVotesPercent":0.0,"nominatorAbbr":{"fi":"SDP","sv":"SDP","en":"SDP"}},{"age":55,"advanceVotesPercent":0.3,"lastname":"Westman","occupation":"yleismies","advanceVotes":3,"npid":7,"totalVotes":3,"spid":4,"abbr":"SDP","municipalCouncilor":false,"muid":309,"alid":7,"firstname":"Juhani","electionDayVotes":0,"pid":"1","finalPosition":0,"electedInformation":"NOT_ELECTED","totalVotesPercent":0.3,"nominatorName":{"fi":"Suomen Sosialidemokraattinen Puolue","sv":"Finlands Socialdemokratiska Parti","en":"The Finnish Social Democratic Party"},"caid":102,"position":0,"gender":"1","comparisonData":{"totalVotes":10,"votesTotalChange":-7},"edid":9,"comparativeIndex":0.0,"electionDayVotesPercent":0.0,"nominatorAbbr":{"fi":"SDP","sv":"SDP","en":"SDP"}},{"age":45,"advanceVotesPercent":0.2,"lastname":"Hynönen","occupation":"kirvesmies, teollisuusputkiasentaja","advanceVotes":2,"npid":1,"totalVotes":2,"spid":3,"abbr":"PS","municipalCouncilor":false,"muid":309,"alid":1,"firstname":"Hannu","electionDayVotes":0,"pid":"23","finalPosition":0,"electedInformation":"NOT_ELECTED","totalVotesPercent":0.2,"nominatorName":{"fi":"Perussuomalaiset","sv":"Sannfinländarna","en":"The Finns Party"},"caid":4,"position":0,"gender":"1","comparisonData":{"totalVotes":0,"votesTotalChange":2},"edid":9,"comparativeIndex":0.0,"electionDayVotesPercent":0.0,"nominatorAbbr":{"fi":"PS","sv":"Sannf","en":"FINNS"}},{"age":18,"advanceVotesPercent":0.2,"lastname":"Shemeikka","occupation":"opiskelija","advanceVotes":2,"npid":2,"totalVotes":2,"spid":2,"abbr":"KOK","municipalCouncilor":false,"muid":309,"alid":2,"firstname":"Jessica","electionDayVotes":0,"pid":"4","finalPosition":0,"electedInformation":"NOT_ELECTED","totalVotesPercent":0.2,"nominatorName":{"fi":"Kansallinen Kokoomus","sv":"Samlingspartiet","en":"National Coalition Party"},"caid":23,"position":0,"gender":"2","comparisonData":{"totalVotes":0,"votesTotalChange":2},"edid":9,"comparativeIndex":0.0,"electionDayVotesPercent":0.0,"nominatorAbbr":{"fi":"KOK","sv":"Saml","en":"NCP"}},{"age":63,"advanceVotesPercent":0.2,"lastname":"Försti","occupation":"eläkeläinen","advanceVotes":2,"npid":5,"totalVotes":2,"spid":6,"abbr":"VAS","municipalCouncilor":false,"muid":309,"alid":5,"firstname":"Kari","electionDayVotes":0,"pid":"15","finalPosition":0,"electedInformation":"NOT_ELECTED","totalVotesPercent":0.2,"nominatorName":{"fi":"Vasemmistoliitto","sv":"Vänsterförbundet","en":"The Left Alliance"},"caid":36,"position":0,"gender":"1","comparisonData":{"totalVotes":17,"votesTotalChange":-15},"edid":9,"comparativeIndex":0.0,"electionDayVotesPercent":0.0,"nominatorAbbr":{"fi":"VAS","sv":"VF","en":"LEFT"}},{"age":53,"advanceVotesPercent":0.2,"lastname":"Koistinen","occupation":"hioja","advanceVotes":2,"npid":5,"totalVotes":2,"spid":6,"abbr":"VAS","municipalCouncilor":false,"muid":309,"alid":5,"firstname":"Jukka","electionDayVotes":0,"pid":"15","finalPosition":0,"electedInformation":"NOT_ELECTED","totalVotesPercent":0.2,"nominatorName":{"fi":"Vasemmistoliitto","sv":"Vänsterförbundet","en":"The Left Alliance"},"caid":40,"position":0,"gender":"1","comparisonData":{"totalVotes":0,"votesTotalChange":2},"edid":9,"comparativeIndex":0.0,"electionDayVotesPercent":0.0,"nominatorAbbr":{"fi":"VAS","sv":"VF","en":"LEFT"}},{"age":39,"advanceVotesPercent":0.2,"lastname":"Smolander","occupation":"varastomies","advanceVotes":2,"npid":5,"totalVotes":2,"spid":6,"abbr":"VAS","municipalCouncilor":false,"muid":309,"alid":5,"firstname":"Kari","electionDayVotes":0,"pid":"15","finalPosition":0,"electedInformation":"NOT_ELECTED","totalVotesPercent":0.2,"nominatorName":{"fi":"Vasemmistoliitto","sv":"Vänsterförbundet","en":"The Left Alliance"},"caid":53,"position":0,"gender":"1","comparisonData":{"totalVotes":0,"votesTotalChange":2},"edid":9,"comparativeIndex":0.0,"electionDayVotesPercent":0.0,"nominatorAbbr":{"fi":"VAS","sv":"VF","en":"LEFT"}},{"age":31,"advanceVotesPercent":0.2,"lastname":"Väänänen","occupation":"opiskelija","advanceVotes":2,"npid":5,"totalVotes":2,"spid":6,"abbr":"VAS","municipalCouncilor":false,"muid":309,"alid":5,"firstname":"Anastasia","electionDayVotes":0,"pid":"15","finalPosition":0,"electedInformation":"NOT_ELECTED","totalVotesPercent":0.2,"nominatorName":{"fi":"Vasemmistoliitto","sv":"Vänsterförbundet","en":"The Left Alliance"},"caid":58,"position":0,"gender":"2","comparisonData":{"totalVotes":0,"votesTotalChange":2},"edid":9,"comparativeIndex":0.0,"electionDayVotesPercent":0.0,"nominatorAbbr":{"fi":"VAS","sv":"VF","en":"LEFT"}},{"age":70,"advanceVotesPercent":0.2,"lastname":"Hyvärinen","occupation":"FM, toimittaja","advanceVotes":2,"npid":7,"totalVotes":2,"spid":4,"abbr":"SDP","municipalCouncilor":false,"muid":309,"alid":7,"firstname":"Seppo","electionDayVotes":0,"pid":"1","finalPosition":0,"electedInformation":"ON_SUBSTITUTE_PLACE","totalVotesPercent":0.2,"nominatorName":{"fi":"Suomen Sosialidemokraattinen Puolue","sv":"Finlands Socialdemokratiska Parti","en":"The Finnish Social Democratic Party"},"caid":87,"position":0,"gender":"1","comparisonData":{"totalVotes":7,"votesTotalChange":-5},"edid":9,"comparativeIndex":0.0,"electionDayVotesPercent":0.0,"nominatorAbbr":{"fi":"SDP","sv":"SDP","en":"SDP"}},{"age":79,"advanceVotesPercent":0.1,"lastname":"Kuronen","occupation":"eläkeläinen","advanceVotes":1,"npid":1,"totalVotes":1,"spid":3,"abbr":"PS","municipalCouncilor":false,"muid":309,"alid":1,"firstname":"Osmo","electionDayVotes":0,"pid":"23","finalPosition":0,"electedInformation":"NOT_ELECTED","totalVotesPercent":0.1,"nominatorName":{"fi":"Perussuomalaiset","sv":"Sannfinländarna","en":"The Finns Party"},"caid":7,"position":0,"gender":"1","comparisonData":{"totalVotes":0,"votesTotalChange":1},"edid":9,"comparativeIndex":0.0,"electionDayVotesPercent":0.0,"nominatorAbbr":{"fi":"PS","sv":"Sannf","en":"FINNS"}},{"age":36,"advanceVotesPercent":0.1,"lastname":"Poutiainen","occupation":"ICT-asentaja, tradenomi (AMK)","advanceVotes":1,"npid":1,"totalVotes":1,"spid":3,"abbr":"PS","municipalCouncilor":false,"muid":309,"alid":1,"firstname":"Maija","electionDayVotes":0,"pid":"23","finalPosition":0,"electedInformation":"NOT_ELECTED","totalVotesPercent":0.1,"nominatorName":{"fi":"Perussuomalaiset","sv":"Sannfinländarna","en":"The Finns Party"},"caid":10,"position":0,"gender":"2","comparisonData":{"totalVotes":0,"votesTotalChange":1},"edid":9,"comparativeIndex":0.0,"electionDayVotesPercent":0.0,"nominatorAbbr":{"fi":"PS","sv":"Sannf","en":"FINNS"}},{"age":33,"advanceVotesPercent":0.1,"lastname":"Ratilainen","occupation":"opiskelija","advanceVotes":1,"npid":1,"totalVotes":1,"spid":3,"abbr":"PS","municipalCouncilor":false,"muid":309,"alid":1,"firstname":"Katja","electionDayVotes":0,"pid":"23","finalPosition":0,"electedInformation":"NOT_ELECTED","totalVotesPercent":0.1,"nominatorName":{"fi":"Perussuomalaiset","sv":"Sannfinländarna","en":"The Finns Party"},"caid":12,"position":0,"gender":"2","comparisonData":{"totalVotes":0,"votesTotalChange":1},"edid":9,"comparativeIndex":0.0,"electionDayVotesPercent":0.0,"nominatorAbbr":{"fi":"PS","sv":"Sannf","en":"FINNS"}},{"age":38,"advanceVotesPercent":0.1,"lastname":"Kontkanen","occupation":"CNC-koneistaja","advanceVotes":1,"npid":5,"totalVotes":1,"spid":6,"abbr":"VAS","municipalCouncilor":false,"muid":309,"alid":5,"firstname":"Petri","electionDayVotes":0,"pid":"15","finalPosition":0,"electedInformation":"ON_SUBSTITUTE_PLACE","totalVotesPercent":0.1,"nominatorName":{"fi":"Vasemmistoliitto","sv":"Vänsterförbundet","en":"The Left Alliance"},"caid":42,"position":0,"gender":"1","comparisonData":{"totalVotes":7,"votesTotalChange":-6},"edid":9,"comparativeIndex":0.0,"electionDayVotesPercent":0.0,"nominatorAbbr":{"fi":"VAS","sv":"VF","en":"LEFT"}},{"age":52,"advanceVotesPercent":0.1,"lastname":"Vänskä","occupation":"koneenasentaja","advanceVotes":1,"npid":5,"totalVotes":1,"spid":6,"abbr":"VAS","municipalCouncilor":true,"muid":309,"alid":5,"firstname":"Timo","electionDayVotes":0,"pid":"15","finalPosition":0,"electedInformation":"NOT_ELECTED","totalVotesPercent":0.1,"nominatorName":{"fi":"Vasemmistoliitto","sv":"Vänsterförbundet","en":"The Left Alliance"},"caid":57,"position":0,"gender":"1","comparisonData":{"totalVotes":32,"votesTotalChange":-31},"edid":9,"comparativeIndex":0.0,"electionDayVotesPercent":0.0,"nominatorAbbr":{"fi":"VAS","sv":"VF","en":"LEFT"}},{"age":43,"advanceVotesPercent":0.1,"lastname":"Taimela","occupation":"toiminnanjohtaja","advanceVotes":1,"npid":6,"totalVotes":1,"spid":1,"abbr":"KESK","municipalCouncilor":false,"muid":309,"alid":6,"firstname":"Anne","electionDayVotes":0,"pid":"2","finalPosition":0,"electedInformation":"NOT_ELECTED","totalVotesPercent":0.1,"nominatorName":{"fi":"Suomen Keskusta","sv":"Centern i Finland","en":"Centre Party of Finland"},"caid":78,"position":0,"gender":"2","comparisonData":{"totalVotes":7,"votesTotalChange":-6},"edid":9,"comparativeIndex":0.0,"electionDayVotesPercent":0.0,"nominatorAbbr":{"fi":"KESK","sv":"C","en":"CENT"}},{"age":62,"advanceVotesPercent":0.0,"lastname":"Järveläinen","occupation":"päivähoitaja","advanceVotes":0,"npid":4,"totalVotes":0,"spid":8,"abbr":"KD","municipalCouncilor":false,"muid":309,"alid":4,"firstname":"Tuula","electionDayVotes":0,"pid":"9","finalPosition":0,"electedInformation":"NOT_ELECTED","totalVotesPercent":0.0,"nominatorName":{"fi":"Suomen Kristillisdemokraatit (KD)","sv":"Kristdemokraterna i Finland (KD)","en":"Christian Democrats in Finland"},"caid":27,"position":0,"gender":"2","comparisonData":{"totalVotes":0,"votesTotalChange":0},"edid":9,"comparativeIndex":0.0,"electionDayVotesPercent":0.0,"nominatorAbbr":{"fi":"KD","sv":"KD","en":"CD"}},{"age":49,"advanceVotesPercent":0.0,"lastname":"Sorvari","occupation":"kodinhuoltaja, eläkeläinen","advanceVotes":0,"npid":4,"totalVotes":0,"spid":8,"abbr":"KD","municipalCouncilor":false,"muid":309,"alid":4,"firstname":"Katri","electionDayVotes":0,"pid":"9","finalPosition":0,"electedInformation":"NOT_ELECTED","totalVotesPercent":0.0,"nominatorName":{"fi":"Suomen Kristillisdemokraatit (KD)","sv":"Kristdemokraterna i Finland (KD)","en":"Christian Democrats in Finland"},"caid":33,"position":0,"gender":"2","comparisonData":{"totalVotes":1,"votesTotalChange":-1},"edid":9,"comparativeIndex":0.0,"electionDayVotesPercent":0.0,"nominatorAbbr":{"fi":"KD","sv":"KD","en":"CD"}},{"age":53,"advanceVotesPercent":0.0,"lastname":"Immonen","occupation":"asettaja","advanceVotes":0,"npid":5,"totalVotes":0,"spid":6,"abbr":"VAS","municipalCouncilor":false,"muid":309,"alid":5,"firstname":"Jukka","electionDayVotes":0,"pid":"15","finalPosition":0,"electedInformation":"NOT_ELECTED","totalVotesPercent":0.0,"nominatorName":{"fi":"Vasemmistoliitto","sv":"Vänsterförbundet","en":"The Left Alliance"},"caid":39,"position":0,"gender":"1","comparisonData":{"totalVotes":5,"votesTotalChange":-5},"edid":9,"comparativeIndex":0.0,"electionDayVotesPercent":0.0,"nominatorAbbr":{"fi":"VAS","sv":"VF","en":"LEFT"}},{"age":58,"advanceVotesPercent":0.0,"lastname":"Kontkanen","occupation":"koneistaja","advanceVotes":0,"npid":5,"totalVotes":0,"spid":6,"abbr":"VAS","municipalCouncilor":false,"muid":309,"alid":5,"firstname":"Hannu","electionDayVotes":0,"pid":"15","finalPosition":0,"electedInformation":"NOT_ELECTED","totalVotesPercent":0.0,"nominatorName":{"fi":"Vasemmistoliitto","sv":"Vänsterförbundet","en":"The Left Alliance"},"caid":41,"position":0,"gender":"1","comparisonData":{"totalVotes":17,"votesTotalChange":-17},"edid":9,"comparativeIndex":0.0,"electionDayVotesPercent":0.0,"nominatorAbbr":{"fi":"VAS","sv":"VF","en":"LEFT"}},{"age":54,"advanceVotesPercent":0.0,"lastname":"Nissinen","occupation":"teurastaja, navettamies","advanceVotes":0,"npid":5,"totalVotes":0,"spid":6,"abbr":"VAS","municipalCouncilor":false,"muid":309,"alid":5,"firstname":"Pasi","electionDayVotes":0,"pid":"15","finalPosition":0,"electedInformation":"NOT_ELECTED","totalVotesPercent":0.0,"nominatorName":{"fi":"Vasemmistoliitto","sv":"Vänsterförbundet","en":"The Left Alliance"},"caid":46,"position":0,"gender":"1","comparisonData":{"totalVotes":7,"votesTotalChange":-7},"edid":9,"comparativeIndex":0.0,"electionDayVotesPercent":0.0,"nominatorAbbr":{"fi":"VAS","sv":"VF","en":"LEFT"}},{"age":63,"advanceVotesPercent":0.0,"lastname":"Pirinen","occupation":"keittiötyöntekijä","advanceVotes":0,"npid":5,"totalVotes":0,"spid":6,"abbr":"VAS","municipalCouncilor":false,"muid":309,"alid":5,"firstname":"Valentina","electionDayVotes":0,"pid":"15","finalPosition":0,"electedInformation":"NOT_ELECTED","totalVotesPercent":0.0,"nominatorName":{"fi":"Vasemmistoliitto","sv":"Vänsterförbundet","en":"The Left Alliance"},"caid":48,"position":0,"gender":"2","comparisonData":{"totalVotes":14,"votesTotalChange":-14},"edid":9,"comparativeIndex":0.0,"electionDayVotesPercent":0.0,"nominatorAbbr":{"fi":"VAS","sv":"VF","en":"LEFT"}},{"age":36,"advanceVotesPercent":0.0,"lastname":"Ruokolainen","occupation":"pintakäsittelijä","advanceVotes":0,"npid":5,"totalVotes":0,"spid":6,"abbr":"VAS","municipalCouncilor":false,"muid":309,"alid":5,"firstname":"Jarno","electionDayVotes":0,"pid":"15","finalPosition":0,"electedInformation":"NOT_ELECTED","totalVotesPercent":0.0,"nominatorName":{"fi":"Vasemmistoliitto","sv":"Vänsterförbundet","en":"The Left Alliance"},"caid":51,"position":0,"gender":"1","comparisonData":{"totalVotes":0,"votesTotalChange":0},"edid":9,"comparativeIndex":0.0,"electionDayVotesPercent":0.0,"nominatorAbbr":{"fi":"VAS","sv":"VF","en":"LEFT"}},{"age":63,"advanceVotesPercent":0.0,"lastname":"Parkkonen","occupation":"myyjä","advanceVotes":0,"npid":6,"totalVotes":0,"spid":1,"abbr":"KESK","municipalCouncilor":false,"muid":309,"alid":6,"firstname":"Tapani","electionDayVotes":0,"pid":"2","finalPosition":0,"electedInformation":"NOT_ELECTED","totalVotesPercent":0.0,"nominatorName":{"fi":"Suomen Keskusta","sv":"Centern i Finland","en":"Centre Party of Finland"},"caid":74,"position":0,"gender":"1","comparisonData":{"totalVotes":1,"votesTotalChange":-1},"edid":9,"comparativeIndex":0.0,"electionDayVotesPercent":0.0,"nominatorAbbr":{"fi":"KESK","sv":"C","en":"CENT"}},{"age":19,"advanceVotesPercent":0.0,"lastname":"Taimela","occupation":"siivooja, opiskelija","advanceVotes":0,"npid":6,"totalVotes":0,"spid":1,"abbr":"KESK","municipalCouncilor":false,"muid":309,"alid":6,"firstname":"Tiltu","electionDayVotes":0,"pid":"2","finalPosition":0,"electedInformation":"NOT_ELECTED","totalVotesPercent":0.0,"nominatorName":{"fi":"Suomen Keskusta","sv":"Centern i Finland","en":"Centre Party of Finland"},"caid":79,"position":0,"gender":"2","comparisonData":{"totalVotes":0,"votesTotalChange":0},"edid":9,"comparativeIndex":0.0,"electionDayVotesPercent":0.0,"nominatorAbbr":{"fi":"KESK","sv":"C","en":"CENT"}}],"municipalityPollingDistricts":[{"name":{"fi":"Outokumpu itäinen","sv":"Outokumpu itäinen"},"calculationStatusPercent":51.8,"joinedArea":false,"muid":309,"totalVotingInFinlandTurnout":0.0,"identification":"001","pdid":"001","eligibleVotersInFinlandTotal":2705,"edid":9,"mergedToPdid":""},{"name":{"fi":"Outokumpu läntinen","sv":"Outokumpu läntinen"},"calculationStatusPercent":53.9,"joinedArea":false,"muid":309,"totalVotingInFinlandTurnout":0.0,"identification":"002","pdid":"002","eligibleVotersInFinlandTotal":3108,"edid":9,"mergedToPdid":""}],"municipality":{"muid":309,"edid":9,"name":{"fi":"Outokumpu","sv":"Outokumpu"}}}