{"version":60,"created":"2017-04-09T21:47:52.467Z","electionDetails":{"electionId":"kv2017","electionDate":"2017-04-09T00:00:00.000Z","electionDataPublishTime":"2017-04-09T17:00:00.000Z","name":{"fi":"Kuntavaalit 2017","sv":"Kommunalval 2017","en":"Elections 2017"},"previousElections":{"correspondingCompareElection":{"electionId":"kv2012","electionDate":"2012-10-28T00:00:00.000Z","name":{"fi":"Kuntavaalit 2012","en":"Municipal elections 2012","sv":"Kommunalval 2012"}},"otherCompareElection":{"electionId":"ev2015","electionDate":"2015-04-19T00:00:00.000Z","name":{"fi":"Eduskuntavaalit 2015","en":"Parliamentary election 2015","sv":"Riksdagsval 2015"}}}},"calculationStatus":{"electionDayVotingTurnout":20.7,"invalidAdvanceVotes":7,"calculationPhase":"INITIAL","invalidElectionDayVotes":2,"approvedAdvanceVotes":734,"advanceVotingTurnout":38.7,"totalVotingTurnoutAbroad":0.0,"name":{"fi":"Kirkonkylä","sv":"Kirkonkylä"},"calculationStatusPercent":100.0,"advanceVotes":741,"electionDayVotingTurnoutAbroad":0.0,"approvedTotalVotes":1129,"totalVotes":1138,"muid":498,"totalVotingInFinlandTurnout":59.4,"advanceVotingTurnoutAbroad":0.0,"invalidTotalVotes":9,"totalVotingTurnout":59.4,"electionDayVotes":397,"electionDayVotesInFinland":397,"pdid":"001","totalVotesInFinlandMen":0,"eligibleVotersInFinlandTotal":1915,"calculationStatusPercentElectionDayVotes":100.0,"sourceRecordModificationTime":"20170409210455","otherCompareElection":{"eid":"","eligibleVotersInFinlandTotal":0,"advanceVotingInFinlandTurnout":0.0,"electionDayVotingInFinlandTurnout":0.0,"totalVotingInFinlandTurnout":0.0,"approvedVotesTotal":0,"invalidVotesTotal":0},"correspondingCompareElection":{"eid":"","eligibleVotersInFinlandTotal":0,"advanceVotingInFinlandTurnout":0.0,"electionDayVotingInFinlandTurnout":0.0,"totalVotingInFinlandTurnout":0.0,"approvedVotesTotal":0,"invalidVotesTotal":0,"seats":0},"approvedElectionDayVotes":395,"edid":13,"calculationStatusPercentAdvanceVotes":100.0,"electionDayVotingInFinlandTurnout":20.7,"seats":0,"eligibleVotersTotal":1915,"advanceVotesInFinland":741,"advanceVotingInFinlandTurnout":38.7,"totalVotesInFinland":1138},"partyResults":[{"advanceVotesPercent":38.8,"name":{"fi":"Suomen Keskusta","sv":"Centern i Finland","en":"Centre Party of Finland"},"advanceVotes":285,"npid":2,"totalVotes":436,"spid":1,"abbr":{"fi":"KESK","sv":"C","en":"CENT"},"alid":2,"electionDayVotes":151,"pid":"2","totalVotesPercent":38.6,"nominatorName":{"fi":"Suomen Keskusta","sv":"Centern i Finland","en":"Centre Party of Finland"},"compareData":{"otherCompareElection":{"votesTotalChange":0,"votesTotalPercentChange":0.0,"votesTotal":436,"votesTotalPercent":38.6},"correspondingCompareElection":{"votesTotalChange":0,"votesTotalPercentChange":0.0,"seatChange":0,"votesTotal":436,"votesTotalPercent":38.6,"seatsTotal":0}},"seats":0,"electionDayVotesPercent":38.2,"nominatorAbbr":{"fi":"KESK","sv":"C","en":"CENT"}},{"advanceVotesPercent":18.1,"name":{"fi":"Kansallinen Kokoomus","sv":"Samlingspartiet","en":"National Coalition Party"},"advanceVotes":133,"npid":5,"totalVotes":215,"spid":2,"abbr":{"fi":"KOK","sv":"Saml","en":"NCP"},"alid":5,"electionDayVotes":82,"pid":"4","totalVotesPercent":19.0,"nominatorName":{"fi":"Kansallinen Kokoomus","sv":"Samlingspartiet","en":"National Coalition Party"},"compareData":{"otherCompareElection":{"votesTotalChange":0,"votesTotalPercentChange":0.0,"votesTotal":215,"votesTotalPercent":19.0},"correspondingCompareElection":{"votesTotalChange":0,"votesTotalPercentChange":0.0,"seatChange":0,"votesTotal":215,"votesTotalPercent":19.0,"seatsTotal":0}},"seats":0,"electionDayVotesPercent":20.8,"nominatorAbbr":{"fi":"KOK","sv":"Saml","en":"NCP"}},{"advanceVotesPercent":15.4,"name":{"fi":"Suomen Sosialidemokraattinen Puolue","sv":"Finlands Socialdemokratiska Parti","en":"The Finnish Social Democratic Party"},"advanceVotes":113,"npid":3,"totalVotes":170,"spid":4,"abbr":{"fi":"SDP","sv":"SDP","en":"SDP"},"alid":3,"electionDayVotes":57,"pid":"1","totalVotesPercent":15.1,"nominatorName":{"fi":"Suomen Sosialidemokraattinen Puolue","sv":"Finlands Socialdemokratiska Parti","en":"The Finnish Social Democratic Party"},"compareData":{"otherCompareElection":{"votesTotalChange":0,"votesTotalPercentChange":0.0,"votesTotal":170,"votesTotalPercent":15.1},"correspondingCompareElection":{"votesTotalChange":0,"votesTotalPercentChange":0.0,"seatChange":0,"votesTotal":170,"votesTotalPercent":15.1,"seatsTotal":0}},"seats":0,"electionDayVotesPercent":14.4,"nominatorAbbr":{"fi":"SDP","sv":"SDP","en":"SDP"}},{"advanceVotesPercent":10.4,"name":{"fi":"Vasemmistoliitto","sv":"Vänsterförbundet","en":"The Left Alliance"},"advanceVotes":76,"npid":1,"totalVotes":119,"spid":6,"abbr":{"fi":"VAS","sv":"VF","en":"LEFT"},"alid":1,"electionDayVotes":43,"pid":"15","totalVotesPercent":10.5,"nominatorName":{"fi":"Vasemmistoliitto","sv":"Vänsterförbundet","en":"The Left Alliance"},"compareData":{"otherCompareElection":{"votesTotalChange":0,"votesTotalPercentChange":0.0,"votesTotal":119,"votesTotalPercent":10.5},"correspondingCompareElection":{"votesTotalChange":0,"votesTotalPercentChange":0.0,"seatChange":0,"votesTotal":119,"votesTotalPercent":10.5,"seatsTotal":0}},"seats":0,"electionDayVotesPercent":10.9,"nominatorAbbr":{"fi":"VAS","sv":"VF","en":"LEFT"}},{"advanceVotesPercent":9.1,"name":{"fi":"Suomen Kristillisdemokraatit (KD)","sv":"Kristdemokraterna i Finland (KD)","en":"Christian Democrats in Finland"},"advanceVotes":67,"npid":6,"totalVotes":101,"spid":8,"abbr":{"fi":"KD","sv":"KD","en":"CD"},"alid":5,"electionDayVotes":34,"pid":"9","totalVotesPercent":8.9,"nominatorName":{"fi":"Suomen Kristillisdemokraatit (KD)","sv":"Kristdemokraterna i Finland (KD)","en":"Christian Democrats in Finland"},"compareData":{"otherCompareElection":{"votesTotalChange":0,"votesTotalPercentChange":0.0,"votesTotal":101,"votesTotalPercent":8.9},"correspondingCompareElection":{"votesTotalChange":0,"votesTotalPercentChange":0.0,"seatChange":0,"votesTotal":101,"votesTotalPercent":8.9,"seatsTotal":0}},"seats":0,"electionDayVotesPercent":8.6,"nominatorAbbr":{"fi":"KD","sv":"KD","en":"CD"}},{"advanceVotesPercent":8.2,"name":{"fi":"Perussuomalaiset","sv":"Sannfinländarna","en":"The Finns Party"},"advanceVotes":60,"npid":4,"totalVotes":88,"spid":3,"abbr":{"fi":"PS","sv":"Sannf","en":"FINNS"},"alid":4,"electionDayVotes":28,"pid":"23","totalVotesPercent":7.8,"nominatorName":{"fi":"Perussuomalaiset","sv":"Sannfinländarna","en":"The Finns Party"},"compareData":{"otherCompareElection":{"votesTotalChange":0,"votesTotalPercentChange":0.0,"votesTotal":88,"votesTotalPercent":7.8},"correspondingCompareElection":{"votesTotalChange":0,"votesTotalPercentChange":0.0,"seatChange":0,"votesTotal":88,"votesTotalPercent":7.8,"seatsTotal":0}},"seats":0,"electionDayVotesPercent":7.1,"nominatorAbbr":{"fi":"PS","sv":"Sannf","en":"FINNS"}}],"candidateResults":[{"age":32,"advanceVotesPercent":5.3,"lastname":"Hirsikangas","occupation":"yrittäjä","advanceVotes":39,"npid":5,"totalVotes":77,"spid":2,"abbr":"KOK","municipalCouncilor":false,"muid":498,"alid":5,"firstname":"Petteri","electionDayVotes":38,"pid":"4","finalPosition":0,"electedInformation":"ELECTED","totalVotesPercent":6.8,"nominatorName":{"fi":"Kansallinen Kokoomus","sv":"Samlingspartiet","en":"National Coalition Party"},"caid":31,"position":0,"gender":"1","comparisonData":{"totalVotes":0,"votesTotalChange":77},"edid":13,"comparativeIndex":0.0,"electionDayVotesPercent":9.6,"nominatorAbbr":{"fi":"KOK","sv":"Saml","en":"NCP"}},{"age":40,"advanceVotesPercent":5.6,"lastname":"Keimiöniemi","occupation":"kirjanpitäjä","advanceVotes":41,"npid":2,"totalVotes":67,"spid":1,"abbr":"KESK","municipalCouncilor":true,"muid":498,"alid":2,"firstname":"Anne-Mari","electionDayVotes":26,"pid":"2","finalPosition":0,"electedInformation":"ELECTED","totalVotesPercent":5.9,"nominatorName":{"fi":"Suomen Keskusta","sv":"Centern i Finland","en":"Centre Party of Finland"},"caid":10,"position":0,"gender":"2","comparisonData":{"totalVotes":39,"votesTotalChange":28},"edid":13,"comparativeIndex":0.0,"electionDayVotesPercent":6.6,"nominatorAbbr":{"fi":"KESK","sv":"C","en":"CENT"}},{"age":51,"advanceVotesPercent":5.4,"lastname":"Korhonen","occupation":"yrittäjä","advanceVotes":40,"npid":2,"totalVotes":66,"spid":1,"abbr":"KESK","municipalCouncilor":false,"muid":498,"alid":2,"firstname":"Jukka","electionDayVotes":26,"pid":"2","finalPosition":0,"electedInformation":"ELECTED","totalVotesPercent":5.8,"nominatorName":{"fi":"Suomen Keskusta","sv":"Centern i Finland","en":"Centre Party of Finland"},"caid":11,"position":0,"gender":"1","comparisonData":{"totalVotes":0,"votesTotalChange":66},"edid":13,"comparativeIndex":0.0,"electionDayVotesPercent":6.6,"nominatorAbbr":{"fi":"KESK","sv":"C","en":"CENT"}},{"age":54,"advanceVotesPercent":6.0,"lastname":"Silén","occupation":"röntgenhoitaja","advanceVotes":44,"npid":3,"totalVotes":60,"spid":4,"abbr":"SDP","municipalCouncilor":true,"muid":498,"alid":3,"firstname":"Sakari","electionDayVotes":16,"pid":"1","finalPosition":0,"electedInformation":"ELECTED","totalVotesPercent":5.3,"nominatorName":{"fi":"Suomen Sosialidemokraattinen Puolue","sv":"Finlands Socialdemokratiska Parti","en":"The Finnish Social Democratic Party"},"caid":26,"position":0,"gender":"1","comparisonData":{"totalVotes":21,"votesTotalChange":39},"edid":13,"comparativeIndex":0.0,"electionDayVotesPercent":4.1,"nominatorAbbr":{"fi":"SDP","sv":"SDP","en":"SDP"}},{"age":30,"advanceVotesPercent":4.6,"lastname":"Heikkilä","occupation":"nuoriso-ohjaaja, eräopas","advanceVotes":34,"npid":6,"totalVotes":56,"spid":8,"abbr":"KD","municipalCouncilor":false,"muid":498,"alid":5,"firstname":"Mikael","electionDayVotes":22,"pid":"9","finalPosition":0,"electedInformation":"ELECTED","totalVotesPercent":5.0,"nominatorName":{"fi":"Suomen Kristillisdemokraatit (KD)","sv":"Kristdemokraterna i Finland (KD)","en":"Christian Democrats in Finland"},"caid":37,"position":0,"gender":"1","comparisonData":{"totalVotes":0,"votesTotalChange":56},"edid":13,"comparativeIndex":0.0,"electionDayVotesPercent":5.6,"nominatorAbbr":{"fi":"KD","sv":"KD","en":"CD"}},{"age":69,"advanceVotesPercent":5.3,"lastname":"Reponiemi","occupation":"eläkeläinen","advanceVotes":39,"npid":4,"totalVotes":52,"spid":3,"abbr":"PS","municipalCouncilor":true,"muid":498,"alid":4,"firstname":"Pentti","electionDayVotes":13,"pid":"23","finalPosition":0,"electedInformation":"ELECTED","totalVotesPercent":4.6,"nominatorName":{"fi":"Perussuomalaiset","sv":"Sannfinländarna","en":"The Finns Party"},"caid":28,"position":0,"gender":"1","comparisonData":{"totalVotes":83,"votesTotalChange":-31},"edid":13,"comparativeIndex":0.0,"electionDayVotesPercent":3.3,"nominatorAbbr":{"fi":"PS","sv":"Sannf","en":"FINNS"}},{"age":49,"advanceVotesPercent":2.9,"lastname":"Rauhala","occupation":"porotalousyrittäjä","advanceVotes":21,"npid":2,"totalVotes":46,"spid":1,"abbr":"KESK","municipalCouncilor":true,"muid":498,"alid":2,"firstname":"Markku","electionDayVotes":25,"pid":"2","finalPosition":0,"electedInformation":"ELECTED","totalVotesPercent":4.1,"nominatorName":{"fi":"Suomen Keskusta","sv":"Centern i Finland","en":"Centre Party of Finland"},"caid":15,"position":0,"gender":"1","comparisonData":{"totalVotes":33,"votesTotalChange":13},"edid":13,"comparativeIndex":0.0,"electionDayVotesPercent":6.3,"nominatorAbbr":{"fi":"KESK","sv":"C","en":"CENT"}},{"age":60,"advanceVotesPercent":3.8,"lastname":"Friman","occupation":"sähkötöidenjohtaja","advanceVotes":28,"npid":1,"totalVotes":45,"spid":6,"abbr":"VAS","municipalCouncilor":true,"muid":498,"alid":1,"firstname":"Manu","electionDayVotes":17,"pid":"15","finalPosition":0,"electedInformation":"ELECTED","totalVotesPercent":4.0,"nominatorName":{"fi":"Vasemmistoliitto","sv":"Vänsterförbundet","en":"The Left Alliance"},"caid":2,"position":0,"gender":"1","comparisonData":{"totalVotes":38,"votesTotalChange":7},"edid":13,"comparativeIndex":0.0,"electionDayVotesPercent":4.3,"nominatorAbbr":{"fi":"VAS","sv":"VF","en":"LEFT"}},{"age":27,"advanceVotesPercent":4.5,"lastname":"Roimaa","occupation":"sosionomi, nuorisotyönohjaaja","advanceVotes":33,"npid":6,"totalVotes":45,"spid":8,"abbr":"KD","municipalCouncilor":false,"muid":498,"alid":5,"firstname":"Maria","electionDayVotes":12,"pid":"9","finalPosition":0,"electedInformation":"ELECTED","totalVotesPercent":4.0,"nominatorName":{"fi":"Suomen Kristillisdemokraatit (KD)","sv":"Kristdemokraterna i Finland (KD)","en":"Christian Democrats in Finland"},"caid":36,"position":0,"gender":"2","comparisonData":{"totalVotes":0,"votesTotalChange":45},"edid":13,"comparativeIndex":0.0,"electionDayVotesPercent":3.0,"nominatorAbbr":{"fi":"KD","sv":"KD","en":"CD"}},{"age":52,"advanceVotesPercent":4.2,"lastname":"Huhtamäki","occupation":"rekikoiratuotepäällikkö","advanceVotes":31,"npid":5,"totalVotes":44,"spid":2,"abbr":"KOK","municipalCouncilor":true,"muid":498,"alid":5,"firstname":"Hannaleena","electionDayVotes":13,"pid":"4","finalPosition":0,"electedInformation":"ELECTED","totalVotesPercent":3.9,"nominatorName":{"fi":"Kansallinen Kokoomus","sv":"Samlingspartiet","en":"National Coalition Party"},"caid":32,"position":0,"gender":"2","comparisonData":{"totalVotes":31,"votesTotalChange":13},"edid":13,"comparativeIndex":0.0,"electionDayVotesPercent":3.3,"nominatorAbbr":{"fi":"KOK","sv":"Saml","en":"NCP"}},{"age":46,"advanceVotesPercent":3.7,"lastname":"Brännare","occupation":"poliisi","advanceVotes":27,"npid":5,"totalVotes":43,"spid":2,"abbr":"KOK","municipalCouncilor":true,"muid":498,"alid":5,"firstname":"Mika","electionDayVotes":16,"pid":"4","finalPosition":0,"electedInformation":"ELECTED","totalVotesPercent":3.8,"nominatorName":{"fi":"Kansallinen Kokoomus","sv":"Samlingspartiet","en":"National Coalition Party"},"caid":30,"position":0,"gender":"1","comparisonData":{"totalVotes":46,"votesTotalChange":-3},"edid":13,"comparativeIndex":0.0,"electionDayVotesPercent":4.1,"nominatorAbbr":{"fi":"KOK","sv":"Saml","en":"NCP"}},{"age":34,"advanceVotesPercent":3.3,"lastname":"Jauhojärvi","occupation":"sähköasentaja","advanceVotes":24,"npid":1,"totalVotes":38,"spid":6,"abbr":"VAS","municipalCouncilor":false,"muid":498,"alid":1,"firstname":"Aki","electionDayVotes":14,"pid":"15","finalPosition":0,"electedInformation":"ELECTED","totalVotesPercent":3.4,"nominatorName":{"fi":"Vasemmistoliitto","sv":"Vänsterförbundet","en":"The Left Alliance"},"caid":3,"position":0,"gender":"1","comparisonData":{"totalVotes":0,"votesTotalChange":38},"edid":13,"comparativeIndex":0.0,"electionDayVotesPercent":3.5,"nominatorAbbr":{"fi":"VAS","sv":"VF","en":"LEFT"}},{"age":65,"advanceVotesPercent":3.8,"lastname":"Myllykangas","occupation":"lehtori evp, kunnallisneuvos","advanceVotes":28,"npid":2,"totalVotes":37,"spid":1,"abbr":"KESK","municipalCouncilor":true,"muid":498,"alid":2,"firstname":"Matti","electionDayVotes":9,"pid":"2","finalPosition":0,"electedInformation":"ELECTED","totalVotesPercent":3.3,"nominatorName":{"fi":"Suomen Keskusta","sv":"Centern i Finland","en":"Centre Party of Finland"},"caid":12,"position":0,"gender":"1","comparisonData":{"totalVotes":35,"votesTotalChange":2},"edid":13,"comparativeIndex":0.0,"electionDayVotesPercent":2.3,"nominatorAbbr":{"fi":"KESK","sv":"C","en":"CENT"}},{"age":44,"advanceVotesPercent":3.8,"lastname":"Sinikumpu","occupation":"autonasentaja","advanceVotes":28,"npid":2,"totalVotes":36,"spid":1,"abbr":"KESK","municipalCouncilor":false,"muid":498,"alid":2,"firstname":"Petri","electionDayVotes":8,"pid":"2","finalPosition":0,"electedInformation":"ELECTED","totalVotesPercent":3.2,"nominatorName":{"fi":"Suomen Keskusta","sv":"Centern i Finland","en":"Centre Party of Finland"},"caid":19,"position":0,"gender":"1","comparisonData":{"totalVotes":0,"votesTotalChange":36},"edid":13,"comparativeIndex":0.0,"electionDayVotesPercent":2.0,"nominatorAbbr":{"fi":"KESK","sv":"C","en":"CENT"}},{"age":32,"advanceVotesPercent":2.9,"lastname":"Kumpurinne","occupation":"sekatyömies","advanceVotes":21,"npid":4,"totalVotes":36,"spid":3,"abbr":"PS","municipalCouncilor":false,"muid":498,"alid":4,"firstname":"Taneli","electionDayVotes":15,"pid":"23","finalPosition":0,"electedInformation":"ON_SUBSTITUTE_PLACE","totalVotesPercent":3.2,"nominatorName":{"fi":"Perussuomalaiset","sv":"Sannfinländarna","en":"The Finns Party"},"caid":29,"position":0,"gender":"1","comparisonData":{"totalVotes":0,"votesTotalChange":36},"edid":13,"comparativeIndex":0.0,"electionDayVotesPercent":3.8,"nominatorAbbr":{"fi":"PS","sv":"Sannf","en":"FINNS"}},{"age":37,"advanceVotesPercent":3.1,"lastname":"Pöyskö","occupation":"kalastus- ja eräopas","advanceVotes":23,"npid":2,"totalVotes":35,"spid":1,"abbr":"KESK","municipalCouncilor":false,"muid":498,"alid":2,"firstname":"Heikki","electionDayVotes":12,"pid":"2","finalPosition":0,"electedInformation":"ELECTED","totalVotesPercent":3.1,"nominatorName":{"fi":"Suomen Keskusta","sv":"Centern i Finland","en":"Centre Party of Finland"},"caid":14,"position":0,"gender":"1","comparisonData":{"totalVotes":0,"votesTotalChange":35},"edid":13,"comparativeIndex":0.0,"electionDayVotesPercent":3.0,"nominatorAbbr":{"fi":"KESK","sv":"C","en":"CENT"}},{"age":61,"advanceVotesPercent":3.8,"lastname":"Hietala","occupation":"opistoupseeri, evp","advanceVotes":28,"npid":2,"totalVotes":33,"spid":1,"abbr":"KESK","municipalCouncilor":true,"muid":498,"alid":2,"firstname":"Kosti","electionDayVotes":5,"pid":"2","finalPosition":0,"electedInformation":"ELECTED","totalVotesPercent":2.9,"nominatorName":{"fi":"Suomen Keskusta","sv":"Centern i Finland","en":"Centre Party of Finland"},"caid":8,"position":0,"gender":"1","comparisonData":{"totalVotes":37,"votesTotalChange":-4},"edid":13,"comparativeIndex":0.0,"electionDayVotesPercent":1.3,"nominatorAbbr":{"fi":"KESK","sv":"C","en":"CENT"}},{"age":54,"advanceVotesPercent":3.1,"lastname":"Rauhala","occupation":"kehitysvammaohjaaja","advanceVotes":23,"npid":2,"totalVotes":32,"spid":1,"abbr":"KESK","municipalCouncilor":true,"muid":498,"alid":2,"firstname":"Pirkko M.","electionDayVotes":9,"pid":"2","finalPosition":0,"electedInformation":"ON_SUBSTITUTE_PLACE","totalVotesPercent":2.8,"nominatorName":{"fi":"Suomen Keskusta","sv":"Centern i Finland","en":"Centre Party of Finland"},"caid":16,"position":0,"gender":"2","comparisonData":{"totalVotes":38,"votesTotalChange":-6},"edid":13,"comparativeIndex":0.0,"electionDayVotesPercent":2.3,"nominatorAbbr":{"fi":"KESK","sv":"C","en":"CENT"}},{"age":56,"advanceVotesPercent":3.5,"lastname":"Niemelä","occupation":"opistoupseeri, evp","advanceVotes":26,"npid":5,"totalVotes":32,"spid":2,"abbr":"KOK","municipalCouncilor":true,"muid":498,"alid":5,"firstname":"Juha","electionDayVotes":6,"pid":"4","finalPosition":0,"electedInformation":"ON_SUBSTITUTE_PLACE","totalVotesPercent":2.8,"nominatorName":{"fi":"Kansallinen Kokoomus","sv":"Samlingspartiet","en":"National Coalition Party"},"caid":34,"position":0,"gender":"1","comparisonData":{"totalVotes":61,"votesTotalChange":-29},"edid":13,"comparativeIndex":0.0,"electionDayVotesPercent":1.5,"nominatorAbbr":{"fi":"KOK","sv":"Saml","en":"NCP"}},{"age":67,"advanceVotesPercent":2.5,"lastname":"Kuortti","occupation":"työterveyshoitaja, eläkeläinen","advanceVotes":18,"npid":3,"totalVotes":27,"spid":4,"abbr":"SDP","municipalCouncilor":false,"muid":498,"alid":3,"firstname":"Anneli","electionDayVotes":9,"pid":"1","finalPosition":0,"electedInformation":"ELECTED","totalVotesPercent":2.4,"nominatorName":{"fi":"Suomen Sosialidemokraattinen Puolue","sv":"Finlands Socialdemokratiska Parti","en":"The Finnish Social Democratic Party"},"caid":23,"position":0,"gender":"2","comparisonData":{"totalVotes":0,"votesTotalChange":27},"edid":13,"comparativeIndex":0.0,"electionDayVotesPercent":2.3,"nominatorAbbr":{"fi":"SDP","sv":"SDP","en":"SDP"}},{"age":62,"advanceVotesPercent":2.0,"lastname":"Malila","occupation":"talonmies","advanceVotes":15,"npid":3,"totalVotes":26,"spid":4,"abbr":"SDP","municipalCouncilor":true,"muid":498,"alid":3,"firstname":"Kari","electionDayVotes":11,"pid":"1","finalPosition":0,"electedInformation":"ON_SUBSTITUTE_PLACE","totalVotesPercent":2.3,"nominatorName":{"fi":"Suomen Sosialidemokraattinen Puolue","sv":"Finlands Socialdemokratiska Parti","en":"The Finnish Social Democratic Party"},"caid":24,"position":0,"gender":"1","comparisonData":{"totalVotes":36,"votesTotalChange":-10},"edid":13,"comparativeIndex":0.0,"electionDayVotesPercent":2.8,"nominatorAbbr":{"fi":"SDP","sv":"SDP","en":"SDP"}},{"age":57,"advanceVotesPercent":1.9,"lastname":"Särkijärvi","occupation":"yrittäjä","advanceVotes":14,"npid":3,"totalVotes":25,"spid":4,"abbr":"SDP","municipalCouncilor":true,"muid":498,"alid":3,"firstname":"Juha","electionDayVotes":11,"pid":"1","finalPosition":0,"electedInformation":"ON_SUBSTITUTE_PLACE","totalVotesPercent":2.2,"nominatorName":{"fi":"Suomen Sosialidemokraattinen Puolue","sv":"Finlands Socialdemokratiska Parti","en":"The Finnish Social Democratic Party"},"caid":27,"position":0,"gender":"1","comparisonData":{"totalVotes":25,"votesTotalChange":0},"edid":13,"comparativeIndex":0.0,"electionDayVotesPercent":2.8,"nominatorAbbr":{"fi":"SDP","sv":"SDP","en":"SDP"}},{"age":41,"advanceVotesPercent":2.0,"lastname":"Nykänen","occupation":"testikuljettaja","advanceVotes":15,"npid":2,"totalVotes":24,"spid":1,"abbr":"KESK","municipalCouncilor":false,"muid":498,"alid":2,"firstname":"Anne","electionDayVotes":9,"pid":"2","finalPosition":0,"electedInformation":"ON_SUBSTITUTE_PLACE","totalVotesPercent":2.1,"nominatorName":{"fi":"Suomen Keskusta","sv":"Centern i Finland","en":"Centre Party of Finland"},"caid":13,"position":0,"gender":"2","comparisonData":{"totalVotes":0,"votesTotalChange":24},"edid":13,"comparativeIndex":0.0,"electionDayVotesPercent":2.3,"nominatorAbbr":{"fi":"KESK","sv":"C","en":"CENT"}},{"age":23,"advanceVotesPercent":1.6,"lastname":"Sieppi","occupation":"yhteiskuntatieteiden kandidaatti, opiskelija","advanceVotes":12,"npid":2,"totalVotes":23,"spid":1,"abbr":"KESK","municipalCouncilor":false,"muid":498,"alid":2,"firstname":"Maija","electionDayVotes":11,"pid":"2","finalPosition":0,"electedInformation":"ON_SUBSTITUTE_PLACE","totalVotesPercent":2.0,"nominatorName":{"fi":"Suomen Keskusta","sv":"Centern i Finland","en":"Centre Party of Finland"},"caid":18,"position":0,"gender":"2","comparisonData":{"totalVotes":0,"votesTotalChange":23},"edid":13,"comparativeIndex":0.0,"electionDayVotesPercent":2.8,"nominatorAbbr":{"fi":"KESK","sv":"C","en":"CENT"}},{"age":48,"advanceVotesPercent":1.4,"lastname":"Muotka","occupation":"ympäristösuunnittelilja (amk), siivouspäällikkö","advanceVotes":10,"npid":1,"totalVotes":21,"spid":6,"abbr":"VAS","municipalCouncilor":false,"muid":498,"alid":1,"firstname":"Katja","electionDayVotes":11,"pid":"15","finalPosition":0,"electedInformation":"ON_SUBSTITUTE_PLACE","totalVotesPercent":1.9,"nominatorName":{"fi":"Vasemmistoliitto","sv":"Vänsterförbundet","en":"The Left Alliance"},"caid":4,"position":0,"gender":"2","comparisonData":{"totalVotes":21,"votesTotalChange":0},"edid":13,"comparativeIndex":0.0,"electionDayVotesPercent":2.8,"nominatorAbbr":{"fi":"VAS","sv":"VF","en":"LEFT"}},{"age":46,"advanceVotesPercent":1.5,"lastname":"Regina","occupation":"YTM, sosiaalityöntekijä","advanceVotes":11,"npid":2,"totalVotes":16,"spid":1,"abbr":"KESK","municipalCouncilor":false,"muid":498,"alid":2,"firstname":"Katja","electionDayVotes":5,"pid":"2","finalPosition":0,"electedInformation":"ON_SUBSTITUTE_PLACE","totalVotesPercent":1.4,"nominatorName":{"fi":"Suomen Keskusta","sv":"Centern i Finland","en":"Centre Party of Finland"},"caid":17,"position":0,"gender":"2","comparisonData":{"totalVotes":0,"votesTotalChange":16},"edid":13,"comparativeIndex":0.0,"electionDayVotesPercent":1.3,"nominatorAbbr":{"fi":"KESK","sv":"C","en":"CENT"}},{"age":66,"advanceVotesPercent":1.2,"lastname":"Kangosjärvi","occupation":"eläkeläinen","advanceVotes":9,"npid":2,"totalVotes":15,"spid":1,"abbr":"KESK","municipalCouncilor":false,"muid":498,"alid":2,"firstname":"Ulla-Maija","electionDayVotes":6,"pid":"2","finalPosition":0,"electedInformation":"ON_SUBSTITUTE_PLACE","totalVotesPercent":1.3,"nominatorName":{"fi":"Suomen Keskusta","sv":"Centern i Finland","en":"Centre Party of Finland"},"caid":9,"position":0,"gender":"2","comparisonData":{"totalVotes":13,"votesTotalChange":2},"edid":13,"comparativeIndex":0.0,"electionDayVotesPercent":1.5,"nominatorAbbr":{"fi":"KESK","sv":"C","en":"CENT"}},{"age":35,"advanceVotesPercent":1.9,"lastname":"Holck","occupation":"vesihuoltolaitoksen hoitaja, opiskelija","advanceVotes":14,"npid":3,"totalVotes":14,"spid":4,"abbr":"SDP","municipalCouncilor":false,"muid":498,"alid":3,"firstname":"Aapo","electionDayVotes":0,"pid":"1","finalPosition":0,"electedInformation":"NOT_ELECTED","totalVotesPercent":1.2,"nominatorName":{"fi":"Suomen Sosialidemokraattinen Puolue","sv":"Finlands Socialdemokratiska Parti","en":"The Finnish Social Democratic Party"},"caid":21,"position":0,"gender":"1","comparisonData":{"totalVotes":0,"votesTotalChange":14},"edid":13,"comparativeIndex":0.0,"electionDayVotesPercent":0.0,"nominatorAbbr":{"fi":"SDP","sv":"SDP","en":"SDP"}},{"age":51,"advanceVotesPercent":0.3,"lastname":"Oja","occupation":"muurari","advanceVotes":2,"npid":3,"totalVotes":11,"spid":4,"abbr":"SDP","municipalCouncilor":false,"muid":498,"alid":3,"firstname":"Kari","electionDayVotes":9,"pid":"1","finalPosition":0,"electedInformation":"NOT_ELECTED","totalVotesPercent":1.0,"nominatorName":{"fi":"Suomen Sosialidemokraattinen Puolue","sv":"Finlands Socialdemokratiska Parti","en":"The Finnish Social Democratic Party"},"caid":25,"position":0,"gender":"1","comparisonData":{"totalVotes":0,"votesTotalChange":11},"edid":13,"comparativeIndex":0.0,"electionDayVotesPercent":2.3,"nominatorAbbr":{"fi":"SDP","sv":"SDP","en":"SDP"}},{"age":59,"advanceVotesPercent":0.7,"lastname":"Veisto","occupation":"DI, yrittäjä","advanceVotes":5,"npid":5,"totalVotes":11,"spid":2,"abbr":"KOK","municipalCouncilor":false,"muid":498,"alid":5,"firstname":"Pekka","electionDayVotes":6,"pid":"4","finalPosition":0,"electedInformation":"ON_SUBSTITUTE_PLACE","totalVotesPercent":1.0,"nominatorName":{"fi":"Kansallinen Kokoomus","sv":"Samlingspartiet","en":"National Coalition Party"},"caid":35,"position":0,"gender":"1","comparisonData":{"totalVotes":13,"votesTotalChange":-2},"edid":13,"comparativeIndex":0.0,"electionDayVotesPercent":1.5,"nominatorAbbr":{"fi":"KOK","sv":"Saml","en":"NCP"}},{"age":58,"advanceVotesPercent":1.1,"lastname":"Rauhala","occupation":"sähköasentaja","advanceVotes":8,"npid":1,"totalVotes":8,"spid":6,"abbr":"VAS","municipalCouncilor":false,"muid":498,"alid":1,"firstname":"Voitto","electionDayVotes":0,"pid":"15","finalPosition":0,"electedInformation":"ON_SUBSTITUTE_PLACE","totalVotesPercent":0.7,"nominatorName":{"fi":"Vasemmistoliitto","sv":"Vänsterförbundet","en":"The Left Alliance"},"caid":5,"position":0,"gender":"1","comparisonData":{"totalVotes":0,"votesTotalChange":8},"edid":13,"comparativeIndex":0.0,"electionDayVotesPercent":0.0,"nominatorAbbr":{"fi":"VAS","sv":"VF","en":"LEFT"}},{"age":22,"advanceVotesPercent":0.7,"lastname":"Lehtonen","occupation":"artesaani, yo","advanceVotes":5,"npid":5,"totalVotes":8,"spid":2,"abbr":"KOK","municipalCouncilor":false,"muid":498,"alid":5,"firstname":"Emma","electionDayVotes":3,"pid":"4","finalPosition":0,"electedInformation":"ON_SUBSTITUTE_PLACE","totalVotesPercent":0.7,"nominatorName":{"fi":"Kansallinen Kokoomus","sv":"Samlingspartiet","en":"National Coalition Party"},"caid":33,"position":0,"gender":"2","comparisonData":{"totalVotes":0,"votesTotalChange":8},"edid":13,"comparativeIndex":0.0,"electionDayVotesPercent":0.8,"nominatorAbbr":{"fi":"KOK","sv":"Saml","en":"NCP"}},{"age":67,"advanceVotesPercent":0.8,"lastname":"Tolvanen","occupation":"opettaja, evp","advanceVotes":6,"npid":1,"totalVotes":7,"spid":6,"abbr":"VAS","municipalCouncilor":false,"muid":498,"alid":1,"firstname":"Teuvo","electionDayVotes":1,"pid":"15","finalPosition":0,"electedInformation":"NOT_ELECTED","totalVotesPercent":0.6,"nominatorName":{"fi":"Vasemmistoliitto","sv":"Vänsterförbundet","en":"The Left Alliance"},"caid":6,"position":0,"gender":"1","comparisonData":{"totalVotes":3,"votesTotalChange":4},"edid":13,"comparativeIndex":0.0,"electionDayVotesPercent":0.3,"nominatorAbbr":{"fi":"VAS","sv":"VF","en":"LEFT"}},{"age":28,"advanceVotesPercent":0.8,"lastname":"Alatalo","occupation":"autonasentaja","advanceVotes":6,"npid":2,"totalVotes":6,"spid":1,"abbr":"KESK","municipalCouncilor":false,"muid":498,"alid":2,"firstname":"Anssi","electionDayVotes":0,"pid":"2","finalPosition":0,"electedInformation":"ON_SUBSTITUTE_PLACE","totalVotesPercent":0.5,"nominatorName":{"fi":"Suomen Keskusta","sv":"Centern i Finland","en":"Centre Party of Finland"},"caid":7,"position":0,"gender":"1","comparisonData":{"totalVotes":0,"votesTotalChange":6},"edid":13,"comparativeIndex":0.0,"electionDayVotesPercent":0.0,"nominatorAbbr":{"fi":"KESK","sv":"C","en":"CENT"}},{"age":68,"advanceVotesPercent":0.4,"lastname":"Ahoniemi","occupation":"eläkeläinen, kehitysvammaohjaaja","advanceVotes":3,"npid":3,"totalVotes":4,"spid":4,"abbr":"SDP","municipalCouncilor":false,"muid":498,"alid":3,"firstname":"Ritva-Liisa","electionDayVotes":1,"pid":"1","finalPosition":0,"electedInformation":"NOT_ELECTED","totalVotesPercent":0.4,"nominatorName":{"fi":"Suomen Sosialidemokraattinen Puolue","sv":"Finlands Socialdemokratiska Parti","en":"The Finnish Social Democratic Party"},"caid":20,"position":0,"gender":"2","comparisonData":{"totalVotes":6,"votesTotalChange":-2},"edid":13,"comparativeIndex":0.0,"electionDayVotesPercent":0.3,"nominatorAbbr":{"fi":"SDP","sv":"SDP","en":"SDP"}},{"age":34,"advanceVotesPercent":0.4,"lastname":"Hyöky","occupation":"lähihoitaja","advanceVotes":3,"npid":3,"totalVotes":3,"spid":4,"abbr":"SDP","municipalCouncilor":false,"muid":498,"alid":3,"firstname":"Markus","electionDayVotes":0,"pid":"1","finalPosition":0,"electedInformation":"NOT_ELECTED","totalVotesPercent":0.3,"nominatorName":{"fi":"Suomen Sosialidemokraattinen Puolue","sv":"Finlands Socialdemokratiska Parti","en":"The Finnish Social Democratic Party"},"caid":22,"position":0,"gender":"1","comparisonData":{"totalVotes":0,"votesTotalChange":3},"edid":13,"comparativeIndex":0.0,"electionDayVotesPercent":0.0,"nominatorAbbr":{"fi":"SDP","sv":"SDP","en":"SDP"}}],"municipalityPollingDistricts":[{"name":{"fi":"Kirkonkylä","sv":"Kirkonkylä"},"calculationStatusPercent":100.0,"joinedArea":false,"muid":498,"totalVotingInFinlandTurnout":59.4,"identification":"001","pdid":"001","eligibleVotersInFinlandTotal":1915,"edid":13,"mergedToPdid":""}],"municipality":{"muid":498,"edid":13,"name":{"fi":"Muonio","sv":"Muonio"}}}