{"version":60,"created":"2017-04-09T21:47:28.089Z","electionDetails":{"electionId":"kv2017","electionDate":"2017-04-09T00:00:00.000Z","electionDataPublishTime":"2017-04-09T17:00:00.000Z","name":{"fi":"Kuntavaalit 2017","sv":"Kommunalval 2017","en":"Elections 2017"},"previousElections":{"correspondingCompareElection":{"electionId":"kv2012","electionDate":"2012-10-28T00:00:00.000Z","name":{"fi":"Kuntavaalit 2012","en":"Municipal elections 2012","sv":"Kommunalval 2012"}},"otherCompareElection":{"electionId":"ev2015","electionDate":"2015-04-19T00:00:00.000Z","name":{"fi":"Eduskuntavaalit 2015","en":"Parliamentary election 2015","sv":"Riksdagsval 2015"}}}},"calculationStatus":{"electionDayVotingTurnout":37.4,"invalidAdvanceVotes":2,"calculationPhase":"INITIAL","invalidElectionDayVotes":0,"approvedAdvanceVotes":193,"advanceVotingTurnout":31.3,"totalVotingTurnoutAbroad":0.0,"name":{"fi":"Kirkonkylä","sv":"Kirkonkylä"},"calculationStatusPercent":100.0,"advanceVotes":195,"electionDayVotingTurnoutAbroad":0.0,"approvedTotalVotes":426,"totalVotes":428,"muid":142,"totalVotingInFinlandTurnout":68.7,"advanceVotingTurnoutAbroad":0.0,"invalidTotalVotes":2,"totalVotingTurnout":68.7,"electionDayVotes":233,"electionDayVotesInFinland":233,"pdid":"004","totalVotesInFinlandMen":0,"eligibleVotersInFinlandTotal":623,"calculationStatusPercentElectionDayVotes":100.0,"sourceRecordModificationTime":"20170409205940","otherCompareElection":{"eid":"","eligibleVotersInFinlandTotal":0,"advanceVotingInFinlandTurnout":0.0,"electionDayVotingInFinlandTurnout":0.0,"totalVotingInFinlandTurnout":0.0,"approvedVotesTotal":0,"invalidVotesTotal":0},"correspondingCompareElection":{"eid":"","eligibleVotersInFinlandTotal":0,"advanceVotingInFinlandTurnout":0.0,"electionDayVotingInFinlandTurnout":0.0,"totalVotingInFinlandTurnout":0.0,"approvedVotesTotal":0,"invalidVotesTotal":0,"seats":0},"approvedElectionDayVotes":233,"edid":8,"calculationStatusPercentAdvanceVotes":100.0,"electionDayVotingInFinlandTurnout":37.4,"seats":0,"eligibleVotersTotal":623,"advanceVotesInFinland":195,"advanceVotingInFinlandTurnout":31.3,"totalVotesInFinland":428},"partyResults":[{"advanceVotesPercent":40.4,"name":{"fi":"Suomen Keskusta","sv":"Centern i Finland","en":"Centre Party of Finland"},"advanceVotes":78,"npid":1,"totalVotes":185,"spid":1,"abbr":{"fi":"KESK","sv":"C","en":"CENT"},"alid":1,"electionDayVotes":107,"pid":"2","totalVotesPercent":43.4,"nominatorName":{"fi":"Suomen Keskusta","sv":"Centern i Finland","en":"Centre Party of Finland"},"compareData":{"otherCompareElection":{"votesTotalChange":0,"votesTotalPercentChange":0.0,"votesTotal":185,"votesTotalPercent":43.4},"correspondingCompareElection":{"votesTotalChange":0,"votesTotalPercentChange":0.0,"seatChange":0,"votesTotal":185,"votesTotalPercent":43.4,"seatsTotal":0}},"seats":0,"electionDayVotesPercent":45.9,"nominatorAbbr":{"fi":"KESK","sv":"C","en":"CENT"}},{"advanceVotesPercent":21.2,"name":{"fi":"Kansallinen Kokoomus","sv":"Samlingspartiet","en":"National Coalition Party"},"advanceVotes":41,"npid":5,"totalVotes":78,"spid":2,"abbr":{"fi":"KOK","sv":"Saml","en":"NCP"},"alid":4,"electionDayVotes":37,"pid":"4","totalVotesPercent":18.3,"nominatorName":{"fi":"Kansallinen Kokoomus","sv":"Samlingspartiet","en":"National Coalition Party"},"compareData":{"otherCompareElection":{"votesTotalChange":0,"votesTotalPercentChange":0.0,"votesTotal":78,"votesTotalPercent":18.3},"correspondingCompareElection":{"votesTotalChange":0,"votesTotalPercentChange":0.0,"seatChange":0,"votesTotal":78,"votesTotalPercent":18.3,"seatsTotal":0}},"seats":0,"electionDayVotesPercent":15.9,"nominatorAbbr":{"fi":"KOK","sv":"Saml","en":"NCP"}},{"advanceVotesPercent":16.6,"name":{"fi":"Suomen Sosialidemokraattinen Puolue","sv":"Finlands Socialdemokratiska Parti","en":"The Finnish Social Democratic Party"},"advanceVotes":32,"npid":4,"totalVotes":76,"spid":4,"abbr":{"fi":"SDP","sv":"SDP","en":"SDP"},"alid":3,"electionDayVotes":44,"pid":"1","totalVotesPercent":17.8,"nominatorName":{"fi":"Suomen Sosialidemokraattinen Puolue","sv":"Finlands Socialdemokratiska Parti","en":"The Finnish Social Democratic Party"},"compareData":{"otherCompareElection":{"votesTotalChange":0,"votesTotalPercentChange":0.0,"votesTotal":76,"votesTotalPercent":17.8},"correspondingCompareElection":{"votesTotalChange":0,"votesTotalPercentChange":0.0,"seatChange":0,"votesTotal":76,"votesTotalPercent":17.8,"seatsTotal":0}},"seats":0,"electionDayVotesPercent":18.9,"nominatorAbbr":{"fi":"SDP","sv":"SDP","en":"SDP"}},{"advanceVotesPercent":8.8,"name":{"fi":"Muut ryhmät","sv":"Övriga grupper","en":"Other groups"},"advanceVotes":17,"npid":6,"totalVotes":41,"spid":99,"abbr":{"fi":"Muut","sv":"Övriga","en":"Others"},"alid":5,"electionDayVotes":24,"pid":"1426","totalVotesPercent":9.6,"nominatorName":{"fi":"Iitin Sitoutumattomat ry","sv":"Iitin Sitoutumattomat ry","en":"Iitin Sitoutumattomat ry"},"compareData":{"otherCompareElection":{"votesTotalChange":0,"votesTotalPercentChange":0.0,"votesTotal":41,"votesTotalPercent":9.6},"correspondingCompareElection":{"votesTotalChange":0,"votesTotalPercentChange":0.0,"seatChange":0,"votesTotal":41,"votesTotalPercent":9.6,"seatsTotal":0}},"seats":0,"electionDayVotesPercent":10.3,"nominatorAbbr":{"fi":"Sit.","sv":"Sit.","en":"Sit."}},{"advanceVotesPercent":8.3,"name":{"fi":"Muut ryhmät","sv":"Övriga grupper","en":"Other groups"},"advanceVotes":16,"npid":7,"totalVotes":20,"spid":99,"abbr":{"fi":"Muut","sv":"Övriga","en":"Others"},"alid":6,"electionDayVotes":4,"pid":"1427","totalVotesPercent":4.7,"nominatorName":{"fi":"Iitin Vasen Ryhmä","sv":"Iitin Vasen Ryhmä","en":"Iitin Vasen Ryhmä"},"compareData":{"otherCompareElection":{"votesTotalChange":0,"votesTotalPercentChange":0.0,"votesTotal":20,"votesTotalPercent":4.7},"correspondingCompareElection":{"votesTotalChange":0,"votesTotalPercentChange":0.0,"seatChange":0,"votesTotal":20,"votesTotalPercent":4.7,"seatsTotal":0}},"seats":0,"electionDayVotesPercent":1.7,"nominatorAbbr":{"fi":"VARY","sv":"VARY","en":"VARY"}},{"advanceVotesPercent":3.6,"name":{"fi":"Vihreä liitto","sv":"Gröna förbundet","en":"Green League"},"advanceVotes":7,"npid":3,"totalVotes":19,"spid":5,"abbr":{"fi":"VIHR","sv":"Gröna","en":"GREEN"},"alid":2,"electionDayVotes":12,"pid":"13","totalVotesPercent":4.5,"nominatorName":{"fi":"Vihreä liitto","sv":"Gröna förbundet","en":"Green League"},"compareData":{"otherCompareElection":{"votesTotalChange":0,"votesTotalPercentChange":0.0,"votesTotal":19,"votesTotalPercent":4.5},"correspondingCompareElection":{"votesTotalChange":0,"votesTotalPercentChange":0.0,"seatChange":0,"votesTotal":19,"votesTotalPercent":4.5,"seatsTotal":0}},"seats":0,"electionDayVotesPercent":5.2,"nominatorAbbr":{"fi":"VIHR","sv":"Gröna","en":"GREEN"}},{"advanceVotesPercent":1.0,"name":{"fi":"Suomen Kristillisdemokraatit (KD)","sv":"Kristdemokraterna i Finland (KD)","en":"Christian Democrats in Finland"},"advanceVotes":2,"npid":2,"totalVotes":7,"spid":8,"abbr":{"fi":"KD","sv":"KD","en":"CD"},"alid":1,"electionDayVotes":5,"pid":"9","totalVotesPercent":1.6,"nominatorName":{"fi":"Suomen Kristillisdemokraatit (KD)","sv":"Kristdemokraterna i Finland (KD)","en":"Christian Democrats in Finland"},"compareData":{"otherCompareElection":{"votesTotalChange":0,"votesTotalPercentChange":0.0,"votesTotal":7,"votesTotalPercent":1.6},"correspondingCompareElection":{"votesTotalChange":0,"votesTotalPercentChange":0.0,"seatChange":0,"votesTotal":7,"votesTotalPercent":1.6,"seatsTotal":0}},"seats":0,"electionDayVotesPercent":2.1,"nominatorAbbr":{"fi":"KD","sv":"KD","en":"CD"}}],"candidateResults":[{"age":32,"advanceVotesPercent":5.2,"lastname":"Peltola","occupation":"VTM, koulutuspäällikkö","advanceVotes":10,"npid":1,"totalVotes":32,"spid":1,"abbr":"KESK","municipalCouncilor":true,"muid":142,"alid":1,"firstname":"Anniina","electionDayVotes":22,"pid":"2","finalPosition":0,"electedInformation":"ELECTED","totalVotesPercent":7.5,"nominatorName":{"fi":"Suomen Keskusta","sv":"Centern i Finland","en":"Centre Party of Finland"},"caid":18,"position":0,"gender":"2","comparisonData":{"totalVotes":130,"votesTotalChange":-98},"edid":8,"comparativeIndex":0.0,"electionDayVotesPercent":9.4,"nominatorAbbr":{"fi":"KESK","sv":"C","en":"CENT"}},{"age":60,"advanceVotesPercent":8.3,"lastname":"Yli-Kaitala","occupation":"matkailuyrittäjä","advanceVotes":16,"npid":5,"totalVotes":25,"spid":2,"abbr":"KOK","municipalCouncilor":true,"muid":142,"alid":4,"firstname":"Markku","electionDayVotes":9,"pid":"4","finalPosition":0,"electedInformation":"ELECTED","totalVotesPercent":5.9,"nominatorName":{"fi":"Kansallinen Kokoomus","sv":"Samlingspartiet","en":"National Coalition Party"},"caid":56,"position":0,"gender":"1","comparisonData":{"totalVotes":64,"votesTotalChange":-39},"edid":8,"comparativeIndex":0.0,"electionDayVotesPercent":3.9,"nominatorAbbr":{"fi":"KOK","sv":"Saml","en":"NCP"}},{"age":62,"advanceVotesPercent":5.7,"lastname":"Drockila","occupation":"pääluottamusmies, eläkeläinen","advanceVotes":11,"npid":4,"totalVotes":23,"spid":4,"abbr":"SDP","municipalCouncilor":true,"muid":142,"alid":3,"firstname":"Leif","electionDayVotes":12,"pid":"1","finalPosition":0,"electedInformation":"ELECTED","totalVotesPercent":5.4,"nominatorName":{"fi":"Suomen Sosialidemokraattinen Puolue","sv":"Finlands Socialdemokratiska Parti","en":"The Finnish Social Democratic Party"},"caid":32,"position":0,"gender":"1","comparisonData":{"totalVotes":70,"votesTotalChange":-47},"edid":8,"comparativeIndex":0.0,"electionDayVotesPercent":5.2,"nominatorAbbr":{"fi":"SDP","sv":"SDP","en":"SDP"}},{"age":33,"advanceVotesPercent":4.1,"lastname":"Kare","occupation":"KTM, DI","advanceVotes":8,"npid":5,"totalVotes":23,"spid":2,"abbr":"KOK","municipalCouncilor":true,"muid":142,"alid":4,"firstname":"Terhi","electionDayVotes":15,"pid":"4","finalPosition":0,"electedInformation":"ELECTED","totalVotesPercent":5.4,"nominatorName":{"fi":"Kansallinen Kokoomus","sv":"Samlingspartiet","en":"National Coalition Party"},"caid":50,"position":0,"gender":"2","comparisonData":{"totalVotes":52,"votesTotalChange":-29},"edid":8,"comparativeIndex":0.0,"electionDayVotesPercent":6.4,"nominatorAbbr":{"fi":"KOK","sv":"Saml","en":"NCP"}},{"age":46,"advanceVotesPercent":5.2,"lastname":"Savelainen","occupation":"toimitusjohtaja, yrittäjä","advanceVotes":10,"npid":1,"totalVotes":21,"spid":1,"abbr":"KESK","municipalCouncilor":false,"muid":142,"alid":1,"firstname":"Atte","electionDayVotes":11,"pid":"2","finalPosition":0,"electedInformation":"ELECTED","totalVotesPercent":4.9,"nominatorName":{"fi":"Suomen Keskusta","sv":"Centern i Finland","en":"Centre Party of Finland"},"caid":20,"position":0,"gender":"1","comparisonData":{"totalVotes":0,"votesTotalChange":21},"edid":8,"comparativeIndex":0.0,"electionDayVotesPercent":4.7,"nominatorAbbr":{"fi":"KESK","sv":"C","en":"CENT"}},{"age":53,"advanceVotesPercent":5.7,"lastname":"Koivunen","occupation":"metsätalousyrittäjä, maanrakennustyöntekijä","advanceVotes":11,"npid":1,"totalVotes":20,"spid":1,"abbr":"KESK","municipalCouncilor":true,"muid":142,"alid":1,"firstname":"Pasi","electionDayVotes":9,"pid":"2","finalPosition":0,"electedInformation":"ELECTED","totalVotesPercent":4.7,"nominatorName":{"fi":"Suomen Keskusta","sv":"Centern i Finland","en":"Centre Party of Finland"},"caid":7,"position":0,"gender":"1","comparisonData":{"totalVotes":63,"votesTotalChange":-43},"edid":8,"comparativeIndex":0.0,"electionDayVotesPercent":3.9,"nominatorAbbr":{"fi":"KESK","sv":"C","en":"CENT"}},{"age":57,"advanceVotesPercent":5.2,"lastname":"Mikkola","occupation":"insinööri","advanceVotes":10,"npid":1,"totalVotes":19,"spid":1,"abbr":"KESK","municipalCouncilor":false,"muid":142,"alid":1,"firstname":"Jari","electionDayVotes":9,"pid":"2","finalPosition":0,"electedInformation":"ON_SUBSTITUTE_PLACE","totalVotesPercent":4.5,"nominatorName":{"fi":"Suomen Keskusta","sv":"Centern i Finland","en":"Centre Party of Finland"},"caid":16,"position":0,"gender":"1","comparisonData":{"totalVotes":0,"votesTotalChange":19},"edid":8,"comparativeIndex":0.0,"electionDayVotesPercent":3.9,"nominatorAbbr":{"fi":"KESK","sv":"C","en":"CENT"}},{"age":75,"advanceVotesPercent":7.3,"lastname":"Suhonen","occupation":"merkonomi, kunnanvaltuutettu","advanceVotes":14,"npid":7,"totalVotes":18,"spid":99,"abbr":"Muut","municipalCouncilor":true,"muid":142,"alid":6,"firstname":"Hannu","electionDayVotes":4,"pid":"1427","finalPosition":0,"electedInformation":"ELECTED","totalVotesPercent":4.2,"nominatorName":{"fi":"Iitin Vasen Ryhmä","sv":"Iitin Vasen Ryhmä","en":"Iitin Vasen Ryhmä"},"caid":69,"position":0,"gender":"1","comparisonData":{"totalVotes":104,"votesTotalChange":-86},"edid":8,"comparativeIndex":0.0,"electionDayVotesPercent":1.7,"nominatorAbbr":{"fi":"VARY","sv":"VARY","en":"VARY"}},{"age":49,"advanceVotesPercent":2.1,"lastname":"Hutri","occupation":"kirvesmies, yrittäjä","advanceVotes":4,"npid":6,"totalVotes":15,"spid":99,"abbr":"Muut","municipalCouncilor":false,"muid":142,"alid":5,"firstname":"Heikki","electionDayVotes":11,"pid":"1426","finalPosition":0,"electedInformation":"ELECTED","totalVotesPercent":3.5,"nominatorName":{"fi":"Iitin Sitoutumattomat ry","sv":"Iitin Sitoutumattomat ry","en":"Iitin Sitoutumattomat ry"},"caid":60,"position":0,"gender":"1","comparisonData":{"totalVotes":0,"votesTotalChange":15},"edid":8,"comparativeIndex":0.0,"electionDayVotesPercent":4.7,"nominatorAbbr":{"fi":"Sit.","sv":"Sit.","en":"Sit."}},{"age":69,"advanceVotesPercent":4.1,"lastname":"Pasila","occupation":"kunnallisneuvos, yhdistysaktiivi","advanceVotes":8,"npid":1,"totalVotes":14,"spid":1,"abbr":"KESK","municipalCouncilor":true,"muid":142,"alid":1,"firstname":"Olli","electionDayVotes":6,"pid":"2","finalPosition":0,"electedInformation":"ELECTED","totalVotesPercent":3.3,"nominatorName":{"fi":"Suomen Keskusta","sv":"Centern i Finland","en":"Centre Party of Finland"},"caid":17,"position":0,"gender":"1","comparisonData":{"totalVotes":120,"votesTotalChange":-106},"edid":8,"comparativeIndex":0.0,"electionDayVotesPercent":2.6,"nominatorAbbr":{"fi":"KESK","sv":"C","en":"CENT"}},{"age":66,"advanceVotesPercent":3.6,"lastname":"Kankkunen","occupation":"yrittäjä","advanceVotes":7,"npid":4,"totalVotes":14,"spid":4,"abbr":"SDP","municipalCouncilor":false,"muid":142,"alid":3,"firstname":"Antti","electionDayVotes":7,"pid":"1","finalPosition":0,"electedInformation":"ELECTED","totalVotesPercent":3.3,"nominatorName":{"fi":"Suomen Sosialidemokraattinen Puolue","sv":"Finlands Socialdemokratiska Parti","en":"The Finnish Social Democratic Party"},"caid":35,"position":0,"gender":"1","comparisonData":{"totalVotes":0,"votesTotalChange":14},"edid":8,"comparativeIndex":0.0,"electionDayVotesPercent":3.0,"nominatorAbbr":{"fi":"SDP","sv":"SDP","en":"SDP"}},{"age":42,"advanceVotesPercent":2.1,"lastname":"Lallukka","occupation":"maatalousyrittäjä","advanceVotes":4,"npid":1,"totalVotes":13,"spid":1,"abbr":"KESK","municipalCouncilor":false,"muid":142,"alid":1,"firstname":"Anuriikka","electionDayVotes":9,"pid":"2","finalPosition":0,"electedInformation":"ON_SUBSTITUTE_PLACE","totalVotesPercent":3.1,"nominatorName":{"fi":"Suomen Keskusta","sv":"Centern i Finland","en":"Centre Party of Finland"},"caid":10,"position":0,"gender":"2","comparisonData":{"totalVotes":0,"votesTotalChange":13},"edid":8,"comparativeIndex":0.0,"electionDayVotesPercent":3.9,"nominatorAbbr":{"fi":"KESK","sv":"C","en":"CENT"}},{"age":49,"advanceVotesPercent":2.1,"lastname":"Lonka","occupation":"maatalousyrittäjä, pitopalveluyrittäjä","advanceVotes":4,"npid":1,"totalVotes":13,"spid":1,"abbr":"KESK","municipalCouncilor":true,"muid":142,"alid":1,"firstname":"Merja","electionDayVotes":9,"pid":"2","finalPosition":0,"electedInformation":"ELECTED","totalVotesPercent":3.1,"nominatorName":{"fi":"Suomen Keskusta","sv":"Centern i Finland","en":"Centre Party of Finland"},"caid":12,"position":0,"gender":"2","comparisonData":{"totalVotes":110,"votesTotalChange":-97},"edid":8,"comparativeIndex":0.0,"electionDayVotesPercent":3.9,"nominatorAbbr":{"fi":"KESK","sv":"C","en":"CENT"}},{"age":33,"advanceVotesPercent":2.1,"lastname":"Holmberg","occupation":"vientihuolitsija","advanceVotes":4,"npid":3,"totalVotes":13,"spid":5,"abbr":"VIHR","municipalCouncilor":false,"muid":142,"alid":2,"firstname":"Terhi","electionDayVotes":9,"pid":"13","finalPosition":0,"electedInformation":"NOT_ELECTED","totalVotesPercent":3.1,"nominatorName":{"fi":"Vihreä liitto","sv":"Gröna förbundet","en":"Green League"},"caid":28,"position":0,"gender":"2","comparisonData":{"totalVotes":0,"votesTotalChange":13},"edid":8,"comparativeIndex":0.0,"electionDayVotesPercent":3.9,"nominatorAbbr":{"fi":"VIHR","sv":"Gröna","en":"GREEN"}},{"age":24,"advanceVotesPercent":2.6,"lastname":"Lehtinen","occupation":"yhteiskuntatieteiden kandidaatti","advanceVotes":5,"npid":4,"totalVotes":13,"spid":4,"abbr":"SDP","municipalCouncilor":true,"muid":142,"alid":3,"firstname":"Eemeli","electionDayVotes":8,"pid":"1","finalPosition":0,"electedInformation":"ELECTED","totalVotesPercent":3.1,"nominatorName":{"fi":"Suomen Sosialidemokraattinen Puolue","sv":"Finlands Socialdemokratiska Parti","en":"The Finnish Social Democratic Party"},"caid":37,"position":0,"gender":"1","comparisonData":{"totalVotes":62,"votesTotalChange":-49},"edid":8,"comparativeIndex":0.0,"electionDayVotesPercent":3.4,"nominatorAbbr":{"fi":"SDP","sv":"SDP","en":"SDP"}},{"age":39,"advanceVotesPercent":1.6,"lastname":"Luoma-aho","occupation":"vesitalousasiantuntija, DI","advanceVotes":3,"npid":4,"totalVotes":11,"spid":4,"abbr":"SDP","municipalCouncilor":false,"muid":142,"alid":3,"firstname":"Maria","electionDayVotes":8,"pid":"1","finalPosition":0,"electedInformation":"ELECTED","totalVotesPercent":2.6,"nominatorName":{"fi":"Suomen Sosialidemokraattinen Puolue","sv":"Finlands Socialdemokratiska Parti","en":"The Finnish Social Democratic Party"},"caid":38,"position":0,"gender":"2","comparisonData":{"totalVotes":43,"votesTotalChange":-32},"edid":8,"comparativeIndex":0.0,"electionDayVotesPercent":3.4,"nominatorAbbr":{"fi":"SDP","sv":"SDP","en":"SDP"}},{"age":33,"advanceVotesPercent":1.6,"lastname":"Aalto","occupation":"taksiautoilija","advanceVotes":3,"npid":1,"totalVotes":10,"spid":1,"abbr":"KESK","municipalCouncilor":true,"muid":142,"alid":1,"firstname":"Janne","electionDayVotes":7,"pid":"2","finalPosition":0,"electedInformation":"ELECTED","totalVotesPercent":2.3,"nominatorName":{"fi":"Suomen Keskusta","sv":"Centern i Finland","en":"Centre Party of Finland"},"caid":2,"position":0,"gender":"1","comparisonData":{"totalVotes":93,"votesTotalChange":-83},"edid":8,"comparativeIndex":0.0,"electionDayVotesPercent":3.0,"nominatorAbbr":{"fi":"KESK","sv":"C","en":"CENT"}},{"age":48,"advanceVotesPercent":2.6,"lastname":"Mettälä","occupation":"masinisti","advanceVotes":5,"npid":1,"totalVotes":10,"spid":1,"abbr":"KESK","municipalCouncilor":false,"muid":142,"alid":1,"firstname":"Petri","electionDayVotes":5,"pid":"2","finalPosition":0,"electedInformation":"ELECTED","totalVotesPercent":2.3,"nominatorName":{"fi":"Suomen Keskusta","sv":"Centern i Finland","en":"Centre Party of Finland"},"caid":15,"position":0,"gender":"1","comparisonData":{"totalVotes":38,"votesTotalChange":-28},"edid":8,"comparativeIndex":0.0,"electionDayVotesPercent":2.1,"nominatorAbbr":{"fi":"KESK","sv":"C","en":"CENT"}},{"age":54,"advanceVotesPercent":3.6,"lastname":"Talja","occupation":"insinööri AMK","advanceVotes":7,"npid":6,"totalVotes":9,"spid":99,"abbr":"Muut","municipalCouncilor":false,"muid":142,"alid":5,"firstname":"Arja","electionDayVotes":2,"pid":"1426","finalPosition":0,"electedInformation":"NOT_ELECTED","totalVotesPercent":2.1,"nominatorName":{"fi":"Iitin Sitoutumattomat ry","sv":"Iitin Sitoutumattomat ry","en":"Iitin Sitoutumattomat ry"},"caid":68,"position":0,"gender":"2","comparisonData":{"totalVotes":8,"votesTotalChange":1},"edid":8,"comparativeIndex":0.0,"electionDayVotesPercent":0.9,"nominatorAbbr":{"fi":"Sit.","sv":"Sit.","en":"Sit."}},{"age":33,"advanceVotesPercent":0.5,"lastname":"Tuomala","occupation":"liikunnanohjaaja, Personal Trainer","advanceVotes":1,"npid":1,"totalVotes":7,"spid":1,"abbr":"KESK","municipalCouncilor":true,"muid":142,"alid":1,"firstname":"Riitta","electionDayVotes":6,"pid":"2","finalPosition":0,"electedInformation":"ELECTED","totalVotesPercent":1.6,"nominatorName":{"fi":"Suomen Keskusta","sv":"Centern i Finland","en":"Centre Party of Finland"},"caid":22,"position":0,"gender":"2","comparisonData":{"totalVotes":72,"votesTotalChange":-65},"edid":8,"comparativeIndex":0.0,"electionDayVotesPercent":2.6,"nominatorAbbr":{"fi":"KESK","sv":"C","en":"CENT"}},{"age":63,"advanceVotesPercent":2.1,"lastname":"Alestalo","occupation":"agronomi","advanceVotes":4,"npid":5,"totalVotes":7,"spid":2,"abbr":"KOK","municipalCouncilor":true,"muid":142,"alid":4,"firstname":"Riitta","electionDayVotes":3,"pid":"4","finalPosition":0,"electedInformation":"ELECTED","totalVotesPercent":1.6,"nominatorName":{"fi":"Kansallinen Kokoomus","sv":"Samlingspartiet","en":"National Coalition Party"},"caid":47,"position":0,"gender":"2","comparisonData":{"totalVotes":78,"votesTotalChange":-71},"edid":8,"comparativeIndex":0.0,"electionDayVotesPercent":1.3,"nominatorAbbr":{"fi":"KOK","sv":"Saml","en":"NCP"}},{"age":63,"advanceVotesPercent":1.6,"lastname":"Nordlund","occupation":"eläkeläinen","advanceVotes":3,"npid":5,"totalVotes":7,"spid":2,"abbr":"KOK","municipalCouncilor":false,"muid":142,"alid":4,"firstname":"Jyrki","electionDayVotes":4,"pid":"4","finalPosition":0,"electedInformation":"ELECTED","totalVotesPercent":1.6,"nominatorName":{"fi":"Kansallinen Kokoomus","sv":"Samlingspartiet","en":"National Coalition Party"},"caid":52,"position":0,"gender":"1","comparisonData":{"totalVotes":0,"votesTotalChange":7},"edid":8,"comparativeIndex":0.0,"electionDayVotesPercent":1.7,"nominatorAbbr":{"fi":"KOK","sv":"Saml","en":"NCP"}},{"age":51,"advanceVotesPercent":2.1,"lastname":"Lehtinen","occupation":"maakunta-aktiivi","advanceVotes":4,"npid":1,"totalVotes":6,"spid":1,"abbr":"KESK","municipalCouncilor":true,"muid":142,"alid":1,"firstname":"Seppo","electionDayVotes":2,"pid":"2","finalPosition":0,"electedInformation":"ELECTED","totalVotesPercent":1.4,"nominatorName":{"fi":"Suomen Keskusta","sv":"Centern i Finland","en":"Centre Party of Finland"},"caid":11,"position":0,"gender":"1","comparisonData":{"totalVotes":161,"votesTotalChange":-155},"edid":8,"comparativeIndex":0.0,"electionDayVotesPercent":0.9,"nominatorAbbr":{"fi":"KESK","sv":"C","en":"CENT"}},{"age":46,"advanceVotesPercent":0.5,"lastname":"Porkka","occupation":"sähköteknikko","advanceVotes":1,"npid":2,"totalVotes":6,"spid":8,"abbr":"KD","municipalCouncilor":false,"muid":142,"alid":1,"firstname":"Kari","electionDayVotes":5,"pid":"9","finalPosition":0,"electedInformation":"ON_SUBSTITUTE_PLACE","totalVotesPercent":1.4,"nominatorName":{"fi":"Suomen Kristillisdemokraatit (KD)","sv":"Kristdemokraterna i Finland (KD)","en":"Christian Democrats in Finland"},"caid":25,"position":0,"gender":"1","comparisonData":{"totalVotes":0,"votesTotalChange":6},"edid":8,"comparativeIndex":0.0,"electionDayVotesPercent":2.1,"nominatorAbbr":{"fi":"KD","sv":"KD","en":"CD"}},{"age":57,"advanceVotesPercent":1.6,"lastname":"Hippeläinen","occupation":"metsätalousinsinööri","advanceVotes":3,"npid":3,"totalVotes":6,"spid":5,"abbr":"VIHR","municipalCouncilor":false,"muid":142,"alid":2,"firstname":"Päivi","electionDayVotes":3,"pid":"13","finalPosition":0,"electedInformation":"NOT_ELECTED","totalVotesPercent":1.4,"nominatorName":{"fi":"Vihreä liitto","sv":"Gröna förbundet","en":"Green League"},"caid":27,"position":0,"gender":"2","comparisonData":{"totalVotes":29,"votesTotalChange":-23},"edid":8,"comparativeIndex":0.0,"electionDayVotesPercent":1.3,"nominatorAbbr":{"fi":"VIHR","sv":"Gröna","en":"GREEN"}},{"age":69,"advanceVotesPercent":2.1,"lastname":"Saarelma","occupation":"lääketieteen lisensiaatti","advanceVotes":4,"npid":4,"totalVotes":6,"spid":4,"abbr":"SDP","municipalCouncilor":false,"muid":142,"alid":3,"firstname":"Markku","electionDayVotes":2,"pid":"1","finalPosition":0,"electedInformation":"ELECTED","totalVotesPercent":1.4,"nominatorName":{"fi":"Suomen Sosialidemokraattinen Puolue","sv":"Finlands Socialdemokratiska Parti","en":"The Finnish Social Democratic Party"},"caid":43,"position":0,"gender":"1","comparisonData":{"totalVotes":37,"votesTotalChange":-31},"edid":8,"comparativeIndex":0.0,"electionDayVotesPercent":0.9,"nominatorAbbr":{"fi":"SDP","sv":"SDP","en":"SDP"}},{"age":71,"advanceVotesPercent":1.6,"lastname":"Heinonen","occupation":"SKY-kosmetologi","advanceVotes":3,"npid":1,"totalVotes":5,"spid":1,"abbr":"KESK","municipalCouncilor":true,"muid":142,"alid":1,"firstname":"Sinikka","electionDayVotes":2,"pid":"2","finalPosition":0,"electedInformation":"ELECTED","totalVotesPercent":1.2,"nominatorName":{"fi":"Suomen Keskusta","sv":"Centern i Finland","en":"Centre Party of Finland"},"caid":3,"position":0,"gender":"2","comparisonData":{"totalVotes":58,"votesTotalChange":-53},"edid":8,"comparativeIndex":0.0,"electionDayVotesPercent":0.9,"nominatorAbbr":{"fi":"KESK","sv":"C","en":"CENT"}},{"age":26,"advanceVotesPercent":1.0,"lastname":"Mertakorpi","occupation":"projektikoordinaattori, VTK","advanceVotes":2,"npid":1,"totalVotes":5,"spid":1,"abbr":"KESK","municipalCouncilor":false,"muid":142,"alid":1,"firstname":"Siiri","electionDayVotes":3,"pid":"2","finalPosition":0,"electedInformation":"ELECTED","totalVotesPercent":1.2,"nominatorName":{"fi":"Suomen Keskusta","sv":"Centern i Finland","en":"Centre Party of Finland"},"caid":14,"position":0,"gender":"2","comparisonData":{"totalVotes":0,"votesTotalChange":5},"edid":8,"comparativeIndex":0.0,"electionDayVotesPercent":1.3,"nominatorAbbr":{"fi":"KESK","sv":"C","en":"CENT"}},{"age":66,"advanceVotesPercent":1.6,"lastname":"Taavila","occupation":"pankkineuvoja, eläkeläinen","advanceVotes":3,"npid":5,"totalVotes":5,"spid":2,"abbr":"KOK","municipalCouncilor":false,"muid":142,"alid":4,"firstname":"Eija","electionDayVotes":2,"pid":"4","finalPosition":0,"electedInformation":"ON_SUBSTITUTE_PLACE","totalVotesPercent":1.2,"nominatorName":{"fi":"Kansallinen Kokoomus","sv":"Samlingspartiet","en":"National Coalition Party"},"caid":55,"position":0,"gender":"2","comparisonData":{"totalVotes":0,"votesTotalChange":5},"edid":8,"comparativeIndex":0.0,"electionDayVotesPercent":0.9,"nominatorAbbr":{"fi":"KOK","sv":"Saml","en":"NCP"}},{"age":64,"advanceVotesPercent":2.1,"lastname":"Helineva","occupation":"tilitoimistoyrittäjä","advanceVotes":4,"npid":5,"totalVotes":4,"spid":2,"abbr":"KOK","municipalCouncilor":false,"muid":142,"alid":4,"firstname":"Mirja","electionDayVotes":0,"pid":"4","finalPosition":0,"electedInformation":"ON_SUBSTITUTE_PLACE","totalVotesPercent":0.9,"nominatorName":{"fi":"Kansallinen Kokoomus","sv":"Samlingspartiet","en":"National Coalition Party"},"caid":48,"position":0,"gender":"2","comparisonData":{"totalVotes":0,"votesTotalChange":4},"edid":8,"comparativeIndex":0.0,"electionDayVotesPercent":0.0,"nominatorAbbr":{"fi":"KOK","sv":"Saml","en":"NCP"}},{"age":68,"advanceVotesPercent":1.0,"lastname":"Nikula","occupation":"työteknikko, eläkeläinen","advanceVotes":2,"npid":5,"totalVotes":4,"spid":2,"abbr":"KOK","municipalCouncilor":false,"muid":142,"alid":4,"firstname":"Juha","electionDayVotes":2,"pid":"4","finalPosition":0,"electedInformation":"ON_SUBSTITUTE_PLACE","totalVotesPercent":0.9,"nominatorName":{"fi":"Kansallinen Kokoomus","sv":"Samlingspartiet","en":"National Coalition Party"},"caid":51,"position":0,"gender":"1","comparisonData":{"totalVotes":10,"votesTotalChange":-6},"edid":8,"comparativeIndex":0.0,"electionDayVotesPercent":0.9,"nominatorAbbr":{"fi":"KOK","sv":"Saml","en":"NCP"}},{"age":48,"advanceVotesPercent":0.0,"lastname":"Joukanen","occupation":"tarjoilija","advanceVotes":0,"npid":1,"totalVotes":3,"spid":1,"abbr":"KESK","municipalCouncilor":false,"muid":142,"alid":1,"firstname":"Jukka","electionDayVotes":3,"pid":"2","finalPosition":0,"electedInformation":"ON_SUBSTITUTE_PLACE","totalVotesPercent":0.7,"nominatorName":{"fi":"Suomen Keskusta","sv":"Centern i Finland","en":"Centre Party of Finland"},"caid":6,"position":0,"gender":"1","comparisonData":{"totalVotes":7,"votesTotalChange":-4},"edid":8,"comparativeIndex":0.0,"electionDayVotesPercent":1.3,"nominatorAbbr":{"fi":"KESK","sv":"C","en":"CENT"}},{"age":56,"advanceVotesPercent":1.0,"lastname":"Mertakorpi","occupation":"tuotantopäällikkö. DI","advanceVotes":2,"npid":1,"totalVotes":3,"spid":1,"abbr":"KESK","municipalCouncilor":false,"muid":142,"alid":1,"firstname":"Pekka","electionDayVotes":1,"pid":"2","finalPosition":0,"electedInformation":"ON_SUBSTITUTE_PLACE","totalVotesPercent":0.7,"nominatorName":{"fi":"Suomen Keskusta","sv":"Centern i Finland","en":"Centre Party of Finland"},"caid":13,"position":0,"gender":"1","comparisonData":{"totalVotes":0,"votesTotalChange":3},"edid":8,"comparativeIndex":0.0,"electionDayVotesPercent":0.4,"nominatorAbbr":{"fi":"KESK","sv":"C","en":"CENT"}},{"age":42,"advanceVotesPercent":0.0,"lastname":"Rämä","occupation":"yrittäjä","advanceVotes":0,"npid":4,"totalVotes":3,"spid":4,"abbr":"SDP","municipalCouncilor":false,"muid":142,"alid":3,"firstname":"Kimmo","electionDayVotes":3,"pid":"1","finalPosition":0,"electedInformation":"ON_SUBSTITUTE_PLACE","totalVotesPercent":0.7,"nominatorName":{"fi":"Suomen Sosialidemokraattinen Puolue","sv":"Finlands Socialdemokratiska Parti","en":"The Finnish Social Democratic Party"},"caid":42,"position":0,"gender":"1","comparisonData":{"totalVotes":29,"votesTotalChange":-26},"edid":8,"comparativeIndex":0.0,"electionDayVotesPercent":1.3,"nominatorAbbr":{"fi":"SDP","sv":"SDP","en":"SDP"}},{"age":41,"advanceVotesPercent":1.0,"lastname":"Jaakkola","occupation":"päihde-/psykiatrinen sairaanhoitaja","advanceVotes":2,"npid":6,"totalVotes":3,"spid":99,"abbr":"Muut","municipalCouncilor":false,"muid":142,"alid":5,"firstname":"Taina","electionDayVotes":1,"pid":"1426","finalPosition":0,"electedInformation":"ON_SUBSTITUTE_PLACE","totalVotesPercent":0.7,"nominatorName":{"fi":"Iitin Sitoutumattomat ry","sv":"Iitin Sitoutumattomat ry","en":"Iitin Sitoutumattomat ry"},"caid":61,"position":0,"gender":"2","comparisonData":{"totalVotes":0,"votesTotalChange":3},"edid":8,"comparativeIndex":0.0,"electionDayVotesPercent":0.4,"nominatorAbbr":{"fi":"Sit.","sv":"Sit.","en":"Sit."}},{"age":40,"advanceVotesPercent":0.5,"lastname":"Kytösaho","occupation":"yrittäjä","advanceVotes":1,"npid":6,"totalVotes":3,"spid":99,"abbr":"Muut","municipalCouncilor":false,"muid":142,"alid":5,"firstname":"Maiju","electionDayVotes":2,"pid":"1426","finalPosition":0,"electedInformation":"ON_SUBSTITUTE_PLACE","totalVotesPercent":0.7,"nominatorName":{"fi":"Iitin Sitoutumattomat ry","sv":"Iitin Sitoutumattomat ry","en":"Iitin Sitoutumattomat ry"},"caid":62,"position":0,"gender":"2","comparisonData":{"totalVotes":0,"votesTotalChange":3},"edid":8,"comparativeIndex":0.0,"electionDayVotesPercent":0.9,"nominatorAbbr":{"fi":"Sit.","sv":"Sit.","en":"Sit."}},{"age":55,"advanceVotesPercent":0.0,"lastname":"Saarinen","occupation":"yrittäjä","advanceVotes":0,"npid":6,"totalVotes":3,"spid":99,"abbr":"Muut","municipalCouncilor":false,"muid":142,"alid":5,"firstname":"Kari","electionDayVotes":3,"pid":"1426","finalPosition":0,"electedInformation":"NOT_ELECTED","totalVotesPercent":0.7,"nominatorName":{"fi":"Iitin Sitoutumattomat ry","sv":"Iitin Sitoutumattomat ry","en":"Iitin Sitoutumattomat ry"},"caid":67,"position":0,"gender":"1","comparisonData":{"totalVotes":0,"votesTotalChange":3},"edid":8,"comparativeIndex":0.0,"electionDayVotesPercent":1.3,"nominatorAbbr":{"fi":"Sit.","sv":"Sit.","en":"Sit."}},{"age":51,"advanceVotesPercent":0.5,"lastname":"Ruuskanen","occupation":"erityisasiantuntija, HTM","advanceVotes":1,"npid":5,"totalVotes":2,"spid":2,"abbr":"KOK","municipalCouncilor":false,"muid":142,"alid":4,"firstname":"Satu","electionDayVotes":1,"pid":"4","finalPosition":0,"electedInformation":"NOT_ELECTED","totalVotesPercent":0.5,"nominatorName":{"fi":"Kansallinen Kokoomus","sv":"Samlingspartiet","en":"National Coalition Party"},"caid":54,"position":0,"gender":"2","comparisonData":{"totalVotes":7,"votesTotalChange":-5},"edid":8,"comparativeIndex":0.0,"electionDayVotesPercent":0.4,"nominatorAbbr":{"fi":"KOK","sv":"Saml","en":"NCP"}},{"age":59,"advanceVotesPercent":0.5,"lastname":"Holmberg","occupation":"siivooja","advanceVotes":1,"npid":6,"totalVotes":2,"spid":99,"abbr":"Muut","municipalCouncilor":false,"muid":142,"alid":5,"firstname":"Anne","electionDayVotes":1,"pid":"1426","finalPosition":0,"electedInformation":"NOT_ELECTED","totalVotesPercent":0.5,"nominatorName":{"fi":"Iitin Sitoutumattomat ry","sv":"Iitin Sitoutumattomat ry","en":"Iitin Sitoutumattomat ry"},"caid":59,"position":0,"gender":"2","comparisonData":{"totalVotes":0,"votesTotalChange":2},"edid":8,"comparativeIndex":0.0,"electionDayVotesPercent":0.4,"nominatorAbbr":{"fi":"Sit.","sv":"Sit.","en":"Sit."}},{"age":60,"advanceVotesPercent":0.5,"lastname":"Lavonen","occupation":"metsätalousyrittäjä","advanceVotes":1,"npid":6,"totalVotes":2,"spid":99,"abbr":"Muut","municipalCouncilor":false,"muid":142,"alid":5,"firstname":"Esa","electionDayVotes":1,"pid":"1426","finalPosition":0,"electedInformation":"NOT_ELECTED","totalVotesPercent":0.5,"nominatorName":{"fi":"Iitin Sitoutumattomat ry","sv":"Iitin Sitoutumattomat ry","en":"Iitin Sitoutumattomat ry"},"caid":63,"position":0,"gender":"1","comparisonData":{"totalVotes":0,"votesTotalChange":2},"edid":8,"comparativeIndex":0.0,"electionDayVotesPercent":0.4,"nominatorAbbr":{"fi":"Sit.","sv":"Sit.","en":"Sit."}},{"age":63,"advanceVotesPercent":0.5,"lastname":"Ojala","occupation":"talonmies","advanceVotes":1,"npid":6,"totalVotes":2,"spid":99,"abbr":"Muut","municipalCouncilor":true,"muid":142,"alid":5,"firstname":"Veikko","electionDayVotes":1,"pid":"1426","finalPosition":0,"electedInformation":"ELECTED","totalVotesPercent":0.5,"nominatorName":{"fi":"Iitin Sitoutumattomat ry","sv":"Iitin Sitoutumattomat ry","en":"Iitin Sitoutumattomat ry"},"caid":64,"position":0,"gender":"1","comparisonData":{"totalVotes":53,"votesTotalChange":-51},"edid":8,"comparativeIndex":0.0,"electionDayVotesPercent":0.4,"nominatorAbbr":{"fi":"Sit.","sv":"Sit.","en":"Sit."}},{"age":49,"advanceVotesPercent":1.0,"lastname":"Vahvelainen","occupation":"työmies","advanceVotes":2,"npid":7,"totalVotes":2,"spid":99,"abbr":"Muut","municipalCouncilor":false,"muid":142,"alid":6,"firstname":"Arto","electionDayVotes":0,"pid":"1427","finalPosition":0,"electedInformation":"ON_SUBSTITUTE_PLACE","totalVotesPercent":0.5,"nominatorName":{"fi":"Iitin Vasen Ryhmä","sv":"Iitin Vasen Ryhmä","en":"Iitin Vasen Ryhmä"},"caid":70,"position":0,"gender":"1","comparisonData":{"totalVotes":14,"votesTotalChange":-12},"edid":8,"comparativeIndex":0.0,"electionDayVotesPercent":0.0,"nominatorAbbr":{"fi":"VARY","sv":"VARY","en":"VARY"}},{"age":47,"advanceVotesPercent":0.0,"lastname":"Kokkonen","occupation":"tekniikan ylioppilas, vuokranantaja","advanceVotes":0,"npid":1,"totalVotes":1,"spid":1,"abbr":"KESK","municipalCouncilor":false,"muid":142,"alid":1,"firstname":"Maria","electionDayVotes":1,"pid":"2","finalPosition":0,"electedInformation":"ON_SUBSTITUTE_PLACE","totalVotesPercent":0.2,"nominatorName":{"fi":"Suomen Keskusta","sv":"Centern i Finland","en":"Centre Party of Finland"},"caid":8,"position":0,"gender":"2","comparisonData":{"totalVotes":7,"votesTotalChange":-6},"edid":8,"comparativeIndex":0.0,"electionDayVotesPercent":0.4,"nominatorAbbr":{"fi":"KESK","sv":"C","en":"CENT"}},{"age":49,"advanceVotesPercent":0.0,"lastname":"Räsänen","occupation":"yrittäjä","advanceVotes":0,"npid":1,"totalVotes":1,"spid":1,"abbr":"KESK","municipalCouncilor":false,"muid":142,"alid":1,"firstname":"Vera","electionDayVotes":1,"pid":"2","finalPosition":0,"electedInformation":"ON_SUBSTITUTE_PLACE","totalVotesPercent":0.2,"nominatorName":{"fi":"Suomen Keskusta","sv":"Centern i Finland","en":"Centre Party of Finland"},"caid":19,"position":0,"gender":"2","comparisonData":{"totalVotes":0,"votesTotalChange":1},"edid":8,"comparativeIndex":0.0,"electionDayVotesPercent":0.4,"nominatorAbbr":{"fi":"KESK","sv":"C","en":"CENT"}},{"age":49,"advanceVotesPercent":0.0,"lastname":"Tarula","occupation":"maanviljelijä","advanceVotes":0,"npid":1,"totalVotes":1,"spid":1,"abbr":"KESK","municipalCouncilor":false,"muid":142,"alid":1,"firstname":"Matti","electionDayVotes":1,"pid":"2","finalPosition":0,"electedInformation":"ON_SUBSTITUTE_PLACE","totalVotesPercent":0.2,"nominatorName":{"fi":"Suomen Keskusta","sv":"Centern i Finland","en":"Centre Party of Finland"},"caid":21,"position":0,"gender":"1","comparisonData":{"totalVotes":33,"votesTotalChange":-32},"edid":8,"comparativeIndex":0.0,"electionDayVotesPercent":0.4,"nominatorAbbr":{"fi":"KESK","sv":"C","en":"CENT"}},{"age":65,"advanceVotesPercent":0.5,"lastname":"Väinölä","occupation":"eläkeläinen","advanceVotes":1,"npid":1,"totalVotes":1,"spid":1,"abbr":"KESK","municipalCouncilor":false,"muid":142,"alid":1,"firstname":"Hannu","electionDayVotes":0,"pid":"2","finalPosition":0,"electedInformation":"ON_SUBSTITUTE_PLACE","totalVotesPercent":0.2,"nominatorName":{"fi":"Suomen Keskusta","sv":"Centern i Finland","en":"Centre Party of Finland"},"caid":23,"position":0,"gender":"1","comparisonData":{"totalVotes":0,"votesTotalChange":1},"edid":8,"comparativeIndex":0.0,"electionDayVotesPercent":0.0,"nominatorAbbr":{"fi":"KESK","sv":"C","en":"CENT"}},{"age":65,"advanceVotesPercent":0.5,"lastname":"Viitala","occupation":"yrittäjä","advanceVotes":1,"npid":2,"totalVotes":1,"spid":8,"abbr":"KD","municipalCouncilor":false,"muid":142,"alid":1,"firstname":"Leena","electionDayVotes":0,"pid":"9","finalPosition":0,"electedInformation":"ELECTED","totalVotesPercent":0.2,"nominatorName":{"fi":"Suomen Kristillisdemokraatit (KD)","sv":"Kristdemokraterna i Finland (KD)","en":"Christian Democrats in Finland"},"caid":26,"position":0,"gender":"2","comparisonData":{"totalVotes":43,"votesTotalChange":-42},"edid":8,"comparativeIndex":0.0,"electionDayVotesPercent":0.0,"nominatorAbbr":{"fi":"KD","sv":"KD","en":"CD"}},{"age":49,"advanceVotesPercent":0.0,"lastname":"Dahl","occupation":"myyntiedustaja","advanceVotes":0,"npid":4,"totalVotes":1,"spid":4,"abbr":"SDP","municipalCouncilor":false,"muid":142,"alid":3,"firstname":"Mika","electionDayVotes":1,"pid":"1","finalPosition":0,"electedInformation":"ON_SUBSTITUTE_PLACE","totalVotesPercent":0.2,"nominatorName":{"fi":"Suomen Sosialidemokraattinen Puolue","sv":"Finlands Socialdemokratiska Parti","en":"The Finnish Social Democratic Party"},"caid":31,"position":0,"gender":"1","comparisonData":{"totalVotes":31,"votesTotalChange":-30},"edid":8,"comparativeIndex":0.0,"electionDayVotesPercent":0.4,"nominatorAbbr":{"fi":"SDP","sv":"SDP","en":"SDP"}},{"age":39,"advanceVotesPercent":0.0,"lastname":"Eklund","occupation":"työnjohtaja","advanceVotes":0,"npid":4,"totalVotes":1,"spid":4,"abbr":"SDP","municipalCouncilor":false,"muid":142,"alid":3,"firstname":"Marko","electionDayVotes":1,"pid":"1","finalPosition":0,"electedInformation":"ON_SUBSTITUTE_PLACE","totalVotesPercent":0.2,"nominatorName":{"fi":"Suomen Sosialidemokraattinen Puolue","sv":"Finlands Socialdemokratiska Parti","en":"The Finnish Social Democratic Party"},"caid":33,"position":0,"gender":"1","comparisonData":{"totalVotes":0,"votesTotalChange":1},"edid":8,"comparativeIndex":0.0,"electionDayVotesPercent":0.4,"nominatorAbbr":{"fi":"SDP","sv":"SDP","en":"SDP"}},{"age":40,"advanceVotesPercent":0.5,"lastname":"Kaarlenpoika","occupation":"kunnossapitoasentaja, pääluottamusmies","advanceVotes":1,"npid":4,"totalVotes":1,"spid":4,"abbr":"SDP","municipalCouncilor":false,"muid":142,"alid":3,"firstname":"Marko","electionDayVotes":0,"pid":"1","finalPosition":0,"electedInformation":"ON_SUBSTITUTE_PLACE","totalVotesPercent":0.2,"nominatorName":{"fi":"Suomen Sosialidemokraattinen Puolue","sv":"Finlands Socialdemokratiska Parti","en":"The Finnish Social Democratic Party"},"caid":34,"position":0,"gender":"1","comparisonData":{"totalVotes":0,"votesTotalChange":1},"edid":8,"comparativeIndex":0.0,"electionDayVotesPercent":0.0,"nominatorAbbr":{"fi":"SDP","sv":"SDP","en":"SDP"}},{"age":70,"advanceVotesPercent":0.5,"lastname":"Laaksonen","occupation":"toimistosihteeri, eläkeläinen","advanceVotes":1,"npid":4,"totalVotes":1,"spid":4,"abbr":"SDP","municipalCouncilor":false,"muid":142,"alid":3,"firstname":"Kyllikki","electionDayVotes":0,"pid":"1","finalPosition":0,"electedInformation":"ELECTED","totalVotesPercent":0.2,"nominatorName":{"fi":"Suomen Sosialidemokraattinen Puolue","sv":"Finlands Socialdemokratiska Parti","en":"The Finnish Social Democratic Party"},"caid":36,"position":0,"gender":"2","comparisonData":{"totalVotes":33,"votesTotalChange":-32},"edid":8,"comparativeIndex":0.0,"electionDayVotesPercent":0.0,"nominatorAbbr":{"fi":"SDP","sv":"SDP","en":"SDP"}},{"age":58,"advanceVotesPercent":0.0,"lastname":"Söderholm","occupation":"lähihoitaja","advanceVotes":0,"npid":4,"totalVotes":1,"spid":4,"abbr":"SDP","municipalCouncilor":false,"muid":142,"alid":3,"firstname":"Merja","electionDayVotes":1,"pid":"1","finalPosition":0,"electedInformation":"ELECTED","totalVotesPercent":0.2,"nominatorName":{"fi":"Suomen Sosialidemokraattinen Puolue","sv":"Finlands Socialdemokratiska Parti","en":"The Finnish Social Democratic Party"},"caid":45,"position":0,"gender":"2","comparisonData":{"totalVotes":0,"votesTotalChange":1},"edid":8,"comparativeIndex":0.0,"electionDayVotesPercent":0.4,"nominatorAbbr":{"fi":"SDP","sv":"SDP","en":"SDP"}},{"age":59,"advanceVotesPercent":0.0,"lastname":"Vierumäki","occupation":"luutnantti evp., linja-autonkuljettaja","advanceVotes":0,"npid":4,"totalVotes":1,"spid":4,"abbr":"SDP","municipalCouncilor":false,"muid":142,"alid":3,"firstname":"Juha","electionDayVotes":1,"pid":"1","finalPosition":0,"electedInformation":"ELECTED","totalVotesPercent":0.2,"nominatorName":{"fi":"Suomen Sosialidemokraattinen Puolue","sv":"Finlands Socialdemokratiska Parti","en":"The Finnish Social Democratic Party"},"caid":46,"position":0,"gender":"1","comparisonData":{"totalVotes":32,"votesTotalChange":-31},"edid":8,"comparativeIndex":0.0,"electionDayVotesPercent":0.4,"nominatorAbbr":{"fi":"SDP","sv":"SDP","en":"SDP"}},{"age":47,"advanceVotesPercent":0.0,"lastname":"Holmström","occupation":"tehdaspalvelupäällikkö, mv","advanceVotes":0,"npid":5,"totalVotes":1,"spid":2,"abbr":"KOK","municipalCouncilor":false,"muid":142,"alid":4,"firstname":"Jari","electionDayVotes":1,"pid":"4","finalPosition":0,"electedInformation":"ON_SUBSTITUTE_PLACE","totalVotesPercent":0.2,"nominatorName":{"fi":"Kansallinen Kokoomus","sv":"Samlingspartiet","en":"National Coalition Party"},"caid":49,"position":0,"gender":"1","comparisonData":{"totalVotes":39,"votesTotalChange":-38},"edid":8,"comparativeIndex":0.0,"electionDayVotesPercent":0.4,"nominatorAbbr":{"fi":"KOK","sv":"Saml","en":"NCP"}},{"age":37,"advanceVotesPercent":0.0,"lastname":"Ahonen","occupation":"yrittäjä","advanceVotes":0,"npid":6,"totalVotes":1,"spid":99,"abbr":"Muut","municipalCouncilor":false,"muid":142,"alid":5,"firstname":"Vesa","electionDayVotes":1,"pid":"1426","finalPosition":0,"electedInformation":"NOT_ELECTED","totalVotesPercent":0.2,"nominatorName":{"fi":"Iitin Sitoutumattomat ry","sv":"Iitin Sitoutumattomat ry","en":"Iitin Sitoutumattomat ry"},"caid":58,"position":0,"gender":"1","comparisonData":{"totalVotes":0,"votesTotalChange":1},"edid":8,"comparativeIndex":0.0,"electionDayVotesPercent":0.4,"nominatorAbbr":{"fi":"Sit.","sv":"Sit.","en":"Sit."}},{"age":42,"advanceVotesPercent":0.0,"lastname":"Purho","occupation":"yrittäjä","advanceVotes":0,"npid":6,"totalVotes":1,"spid":99,"abbr":"Muut","municipalCouncilor":false,"muid":142,"alid":5,"firstname":"Matti","electionDayVotes":1,"pid":"1426","finalPosition":0,"electedInformation":"NOT_ELECTED","totalVotesPercent":0.2,"nominatorName":{"fi":"Iitin Sitoutumattomat ry","sv":"Iitin Sitoutumattomat ry","en":"Iitin Sitoutumattomat ry"},"caid":65,"position":0,"gender":"1","comparisonData":{"totalVotes":0,"votesTotalChange":1},"edid":8,"comparativeIndex":0.0,"electionDayVotesPercent":0.4,"nominatorAbbr":{"fi":"Sit.","sv":"Sit.","en":"Sit."}},{"age":64,"advanceVotesPercent":0.0,"lastname":"Holttinen","occupation":"eläkeläinen","advanceVotes":0,"npid":1,"totalVotes":0,"spid":1,"abbr":"KESK","municipalCouncilor":false,"muid":142,"alid":1,"firstname":"Erkki","electionDayVotes":0,"pid":"2","finalPosition":0,"electedInformation":"ON_SUBSTITUTE_PLACE","totalVotesPercent":0.0,"nominatorName":{"fi":"Suomen Keskusta","sv":"Centern i Finland","en":"Centre Party of Finland"},"caid":4,"position":0,"gender":"1","comparisonData":{"totalVotes":23,"votesTotalChange":-23},"edid":8,"comparativeIndex":0.0,"electionDayVotesPercent":0.0,"nominatorAbbr":{"fi":"KESK","sv":"C","en":"CENT"}},{"age":54,"advanceVotesPercent":0.0,"lastname":"Houni","occupation":"paloinsinööri, maanviljelijä","advanceVotes":0,"npid":1,"totalVotes":0,"spid":1,"abbr":"KESK","municipalCouncilor":false,"muid":142,"alid":1,"firstname":"Reijo","electionDayVotes":0,"pid":"2","finalPosition":0,"electedInformation":"ON_SUBSTITUTE_PLACE","totalVotesPercent":0.0,"nominatorName":{"fi":"Suomen Keskusta","sv":"Centern i Finland","en":"Centre Party of Finland"},"caid":5,"position":0,"gender":"1","comparisonData":{"totalVotes":18,"votesTotalChange":-18},"edid":8,"comparativeIndex":0.0,"electionDayVotesPercent":0.0,"nominatorAbbr":{"fi":"KESK","sv":"C","en":"CENT"}},{"age":68,"advanceVotesPercent":0.0,"lastname":"Korpela","occupation":"eläkeläinen","advanceVotes":0,"npid":1,"totalVotes":0,"spid":1,"abbr":"KESK","municipalCouncilor":false,"muid":142,"alid":1,"firstname":"Liisa","electionDayVotes":0,"pid":"2","finalPosition":0,"electedInformation":"NOT_ELECTED","totalVotesPercent":0.0,"nominatorName":{"fi":"Suomen Keskusta","sv":"Centern i Finland","en":"Centre Party of Finland"},"caid":9,"position":0,"gender":"2","comparisonData":{"totalVotes":9,"votesTotalChange":-9},"edid":8,"comparativeIndex":0.0,"electionDayVotesPercent":0.0,"nominatorAbbr":{"fi":"KESK","sv":"C","en":"CENT"}},{"age":40,"advanceVotesPercent":0.0,"lastname":"Väinölä","occupation":"lampuri, agrologi","advanceVotes":0,"npid":1,"totalVotes":0,"spid":1,"abbr":"KESK","municipalCouncilor":false,"muid":142,"alid":1,"firstname":"Päivi","electionDayVotes":0,"pid":"2","finalPosition":0,"electedInformation":"ON_SUBSTITUTE_PLACE","totalVotesPercent":0.0,"nominatorName":{"fi":"Suomen Keskusta","sv":"Centern i Finland","en":"Centre Party of Finland"},"caid":24,"position":0,"gender":"2","comparisonData":{"totalVotes":18,"votesTotalChange":-18},"edid":8,"comparativeIndex":0.0,"electionDayVotesPercent":0.0,"nominatorAbbr":{"fi":"KESK","sv":"C","en":"CENT"}},{"age":49,"advanceVotesPercent":0.0,"lastname":"Sihvonen","occupation":"kehitysvammaistenohjaaja","advanceVotes":0,"npid":3,"totalVotes":0,"spid":5,"abbr":"VIHR","municipalCouncilor":false,"muid":142,"alid":2,"firstname":"Sari","electionDayVotes":0,"pid":"13","finalPosition":0,"electedInformation":"NOT_ELECTED","totalVotesPercent":0.0,"nominatorName":{"fi":"Vihreä liitto","sv":"Gröna förbundet","en":"Green League"},"caid":29,"position":0,"gender":"2","comparisonData":{"totalVotes":0,"votesTotalChange":0},"edid":8,"comparativeIndex":0.0,"electionDayVotesPercent":0.0,"nominatorAbbr":{"fi":"VIHR","sv":"Gröna","en":"GREEN"}},{"age":68,"advanceVotesPercent":0.0,"lastname":"Alatalo","occupation":"toimittaja, eläkeläinen","advanceVotes":0,"npid":4,"totalVotes":0,"spid":4,"abbr":"SDP","municipalCouncilor":false,"muid":142,"alid":3,"firstname":"Liisa","electionDayVotes":0,"pid":"1","finalPosition":0,"electedInformation":"ON_SUBSTITUTE_PLACE","totalVotesPercent":0.0,"nominatorName":{"fi":"Suomen Sosialidemokraattinen Puolue","sv":"Finlands Socialdemokratiska Parti","en":"The Finnish Social Democratic Party"},"caid":30,"position":0,"gender":"2","comparisonData":{"totalVotes":26,"votesTotalChange":-26},"edid":8,"comparativeIndex":0.0,"electionDayVotesPercent":0.0,"nominatorAbbr":{"fi":"SDP","sv":"SDP","en":"SDP"}},{"age":63,"advanceVotesPercent":0.0,"lastname":"Palkinen","occupation":"eläkeläinen","advanceVotes":0,"npid":4,"totalVotes":0,"spid":4,"abbr":"SDP","municipalCouncilor":false,"muid":142,"alid":3,"firstname":"Antti","electionDayVotes":0,"pid":"1","finalPosition":0,"electedInformation":"NOT_ELECTED","totalVotesPercent":0.0,"nominatorName":{"fi":"Suomen Sosialidemokraattinen Puolue","sv":"Finlands Socialdemokratiska Parti","en":"The Finnish Social Democratic Party"},"caid":39,"position":0,"gender":"1","comparisonData":{"totalVotes":0,"votesTotalChange":0},"edid":8,"comparativeIndex":0.0,"electionDayVotesPercent":0.0,"nominatorAbbr":{"fi":"SDP","sv":"SDP","en":"SDP"}},{"age":57,"advanceVotesPercent":0.0,"lastname":"Pohjola","occupation":"verkostosuunnittelija","advanceVotes":0,"npid":4,"totalVotes":0,"spid":4,"abbr":"SDP","municipalCouncilor":false,"muid":142,"alid":3,"firstname":"Markku","electionDayVotes":0,"pid":"1","finalPosition":0,"electedInformation":"ON_SUBSTITUTE_PLACE","totalVotesPercent":0.0,"nominatorName":{"fi":"Suomen Sosialidemokraattinen Puolue","sv":"Finlands Socialdemokratiska Parti","en":"The Finnish Social Democratic Party"},"caid":40,"position":0,"gender":"1","comparisonData":{"totalVotes":0,"votesTotalChange":0},"edid":8,"comparativeIndex":0.0,"electionDayVotesPercent":0.0,"nominatorAbbr":{"fi":"SDP","sv":"SDP","en":"SDP"}},{"age":69,"advanceVotesPercent":0.0,"lastname":"Ruusunen","occupation":"eläkeläinen","advanceVotes":0,"npid":4,"totalVotes":0,"spid":4,"abbr":"SDP","municipalCouncilor":false,"muid":142,"alid":3,"firstname":"Aimo","electionDayVotes":0,"pid":"1","finalPosition":0,"electedInformation":"ON_SUBSTITUTE_PLACE","totalVotesPercent":0.0,"nominatorName":{"fi":"Suomen Sosialidemokraattinen Puolue","sv":"Finlands Socialdemokratiska Parti","en":"The Finnish Social Democratic Party"},"caid":41,"position":0,"gender":"1","comparisonData":{"totalVotes":13,"votesTotalChange":-13},"edid":8,"comparativeIndex":0.0,"electionDayVotesPercent":0.0,"nominatorAbbr":{"fi":"SDP","sv":"SDP","en":"SDP"}},{"age":70,"advanceVotesPercent":0.0,"lastname":"Sundberg","occupation":"eläkeläinen","advanceVotes":0,"npid":4,"totalVotes":0,"spid":4,"abbr":"SDP","municipalCouncilor":false,"muid":142,"alid":3,"firstname":"Esa","electionDayVotes":0,"pid":"1","finalPosition":0,"electedInformation":"ON_SUBSTITUTE_PLACE","totalVotesPercent":0.0,"nominatorName":{"fi":"Suomen Sosialidemokraattinen Puolue","sv":"Finlands Socialdemokratiska Parti","en":"The Finnish Social Democratic Party"},"caid":44,"position":0,"gender":"1","comparisonData":{"totalVotes":18,"votesTotalChange":-18},"edid":8,"comparativeIndex":0.0,"electionDayVotesPercent":0.0,"nominatorAbbr":{"fi":"SDP","sv":"SDP","en":"SDP"}},{"age":64,"advanceVotesPercent":0.0,"lastname":"Reiman","occupation":"eläkeläinen","advanceVotes":0,"npid":5,"totalVotes":0,"spid":2,"abbr":"KOK","municipalCouncilor":false,"muid":142,"alid":4,"firstname":"Annukka","electionDayVotes":0,"pid":"4","finalPosition":0,"electedInformation":"NOT_ELECTED","totalVotesPercent":0.0,"nominatorName":{"fi":"Kansallinen Kokoomus","sv":"Samlingspartiet","en":"National Coalition Party"},"caid":53,"position":0,"gender":"2","comparisonData":{"totalVotes":0,"votesTotalChange":0},"edid":8,"comparativeIndex":0.0,"electionDayVotesPercent":0.0,"nominatorAbbr":{"fi":"KOK","sv":"Saml","en":"NCP"}},{"age":68,"advanceVotesPercent":0.0,"lastname":"Ahonen","occupation":"tiehöylänkuljettaja, eläkeläinen","advanceVotes":0,"npid":6,"totalVotes":0,"spid":99,"abbr":"Muut","municipalCouncilor":false,"muid":142,"alid":5,"firstname":"Esko","electionDayVotes":0,"pid":"1426","finalPosition":0,"electedInformation":"NOT_ELECTED","totalVotesPercent":0.0,"nominatorName":{"fi":"Iitin Sitoutumattomat ry","sv":"Iitin Sitoutumattomat ry","en":"Iitin Sitoutumattomat ry"},"caid":57,"position":0,"gender":"1","comparisonData":{"totalVotes":16,"votesTotalChange":-16},"edid":8,"comparativeIndex":0.0,"electionDayVotesPercent":0.0,"nominatorAbbr":{"fi":"Sit.","sv":"Sit.","en":"Sit."}},{"age":23,"advanceVotesPercent":0.0,"lastname":"Rintala","occupation":"lähihoitaja","advanceVotes":0,"npid":6,"totalVotes":0,"spid":99,"abbr":"Muut","municipalCouncilor":false,"muid":142,"alid":5,"firstname":"Ainokaisa","electionDayVotes":0,"pid":"1426","finalPosition":0,"electedInformation":"NOT_ELECTED","totalVotesPercent":0.0,"nominatorName":{"fi":"Iitin Sitoutumattomat ry","sv":"Iitin Sitoutumattomat ry","en":"Iitin Sitoutumattomat ry"},"caid":66,"position":0,"gender":"2","comparisonData":{"totalVotes":0,"votesTotalChange":0},"edid":8,"comparativeIndex":0.0,"electionDayVotesPercent":0.0,"nominatorAbbr":{"fi":"Sit.","sv":"Sit.","en":"Sit."}}],"municipalityPollingDistricts":[{"name":{"fi":"Kausala 1","sv":"Kausala 1"},"calculationStatusPercent":100.0,"joinedArea":false,"muid":142,"totalVotingInFinlandTurnout":58.5,"identification":"001","pdid":"001","eligibleVotersInFinlandTotal":2004,"edid":8,"mergedToPdid":""},{"name":{"fi":"Kausala 2","sv":"Kausala 2"},"calculationStatusPercent":100.0,"joinedArea":false,"muid":142,"totalVotingInFinlandTurnout":60.2,"identification":"002","pdid":"002","eligibleVotersInFinlandTotal":2036,"edid":8,"mergedToPdid":""},{"name":{"fi":"Etelä-Iitti","sv":"Etelä-Iitti"},"calculationStatusPercent":100.0,"joinedArea":false,"muid":142,"totalVotingInFinlandTurnout":68.6,"identification":"003","pdid":"003","eligibleVotersInFinlandTotal":660,"edid":8,"mergedToPdid":""},{"name":{"fi":"Kirkonkylä","sv":"Kirkonkylä"},"calculationStatusPercent":100.0,"joinedArea":false,"muid":142,"totalVotingInFinlandTurnout":68.7,"identification":"004","pdid":"004","eligibleVotersInFinlandTotal":623,"edid":8,"mergedToPdid":""},{"name":{"fi":"Pohjois-Iitti","sv":"Pohjois-Iitti"},"calculationStatusPercent":100.0,"joinedArea":false,"muid":142,"totalVotingInFinlandTurnout":74.7,"identification":"005","pdid":"005","eligibleVotersInFinlandTotal":344,"edid":8,"mergedToPdid":""}],"municipality":{"muid":142,"edid":8,"name":{"fi":"Iitti","sv":"Iitti"}}}