{"version":60,"created":"2017-04-09T21:47:44.462Z","electionDetails":{"electionId":"kv2017","electionDate":"2017-04-09T00:00:00.000Z","electionDataPublishTime":"2017-04-09T17:00:00.000Z","name":{"fi":"Kuntavaalit 2017","sv":"Kommunalval 2017","en":"Elections 2017"},"previousElections":{"correspondingCompareElection":{"electionId":"kv2012","electionDate":"2012-10-28T00:00:00.000Z","name":{"fi":"Kuntavaalit 2012","en":"Municipal elections 2012","sv":"Kommunalval 2012"}},"otherCompareElection":{"electionId":"ev2015","electionDate":"2015-04-19T00:00:00.000Z","name":{"fi":"Eduskuntavaalit 2015","en":"Parliamentary election 2015","sv":"Riksdagsval 2015"}}}},"calculationStatus":{"electionDayVotingTurnout":41.8,"invalidAdvanceVotes":0,"calculationPhase":"INITIAL","invalidElectionDayVotes":1,"approvedAdvanceVotes":138,"advanceVotingTurnout":30.2,"totalVotingTurnoutAbroad":0.0,"name":{"fi":"Pohjoislahti","sv":"Pohjoislahti"},"calculationStatusPercent":100.0,"advanceVotes":138,"electionDayVotingTurnoutAbroad":0.0,"approvedTotalVotes":328,"totalVotes":329,"muid":249,"totalVotingInFinlandTurnout":72.0,"advanceVotingTurnoutAbroad":0.0,"invalidTotalVotes":1,"totalVotingTurnout":72.0,"electionDayVotes":191,"electionDayVotesInFinland":191,"pdid":"005","totalVotesInFinlandMen":0,"eligibleVotersInFinlandTotal":457,"calculationStatusPercentElectionDayVotes":100.0,"sourceRecordModificationTime":"20170409214333","otherCompareElection":{"eid":"","eligibleVotersInFinlandTotal":0,"advanceVotingInFinlandTurnout":0.0,"electionDayVotingInFinlandTurnout":0.0,"totalVotingInFinlandTurnout":0.0,"approvedVotesTotal":0,"invalidVotesTotal":0},"correspondingCompareElection":{"eid":"","eligibleVotersInFinlandTotal":0,"advanceVotingInFinlandTurnout":0.0,"electionDayVotingInFinlandTurnout":0.0,"totalVotingInFinlandTurnout":0.0,"approvedVotesTotal":0,"invalidVotesTotal":0,"seats":0},"approvedElectionDayVotes":190,"edid":11,"calculationStatusPercentAdvanceVotes":100.0,"electionDayVotingInFinlandTurnout":41.8,"seats":0,"eligibleVotersTotal":457,"advanceVotesInFinland":138,"advanceVotingInFinlandTurnout":30.2,"totalVotesInFinland":329},"partyResults":[{"advanceVotesPercent":34.8,"name":{"fi":"Suomen Keskusta","sv":"Centern i Finland","en":"Centre Party of Finland"},"advanceVotes":48,"npid":1,"totalVotes":89,"spid":1,"abbr":{"fi":"KESK","sv":"C","en":"CENT"},"alid":1,"electionDayVotes":41,"pid":"2","totalVotesPercent":27.1,"nominatorName":{"fi":"Suomen Keskusta","sv":"Centern i Finland","en":"Centre Party of Finland"},"compareData":{"otherCompareElection":{"votesTotalChange":0,"votesTotalPercentChange":0.0,"votesTotal":89,"votesTotalPercent":27.1},"correspondingCompareElection":{"votesTotalChange":0,"votesTotalPercentChange":0.0,"seatChange":0,"votesTotal":89,"votesTotalPercent":27.1,"seatsTotal":0}},"seats":0,"electionDayVotesPercent":21.6,"nominatorAbbr":{"fi":"KESK","sv":"C","en":"CENT"}},{"advanceVotesPercent":13.0,"name":{"fi":"Suomen Sosialidemokraattinen Puolue","sv":"Finlands Socialdemokratiska Parti","en":"The Finnish Social Democratic Party"},"advanceVotes":18,"npid":3,"totalVotes":77,"spid":4,"abbr":{"fi":"SDP","sv":"SDP","en":"SDP"},"alid":3,"electionDayVotes":59,"pid":"1","totalVotesPercent":23.5,"nominatorName":{"fi":"Suomen Sosialidemokraattinen Puolue","sv":"Finlands Socialdemokratiska Parti","en":"The Finnish Social Democratic Party"},"compareData":{"otherCompareElection":{"votesTotalChange":0,"votesTotalPercentChange":0.0,"votesTotal":77,"votesTotalPercent":23.5},"correspondingCompareElection":{"votesTotalChange":0,"votesTotalPercentChange":0.0,"seatChange":0,"votesTotal":77,"votesTotalPercent":23.5,"seatsTotal":0}},"seats":0,"electionDayVotesPercent":31.1,"nominatorAbbr":{"fi":"SDP","sv":"SDP","en":"SDP"}},{"advanceVotesPercent":25.4,"name":{"fi":"Kansallinen Kokoomus","sv":"Samlingspartiet","en":"National Coalition Party"},"advanceVotes":35,"npid":6,"totalVotes":62,"spid":2,"abbr":{"fi":"KOK","sv":"Saml","en":"NCP"},"alid":6,"electionDayVotes":27,"pid":"4","totalVotesPercent":18.9,"nominatorName":{"fi":"Kansallinen Kokoomus","sv":"Samlingspartiet","en":"National Coalition Party"},"compareData":{"otherCompareElection":{"votesTotalChange":0,"votesTotalPercentChange":0.0,"votesTotal":62,"votesTotalPercent":18.9},"correspondingCompareElection":{"votesTotalChange":0,"votesTotalPercentChange":0.0,"seatChange":0,"votesTotal":62,"votesTotalPercent":18.9,"seatsTotal":0}},"seats":0,"electionDayVotesPercent":14.2,"nominatorAbbr":{"fi":"KOK","sv":"Saml","en":"NCP"}},{"advanceVotesPercent":9.4,"name":{"fi":"Perussuomalaiset","sv":"Sannfinländarna","en":"The Finns Party"},"advanceVotes":13,"npid":4,"totalVotes":42,"spid":3,"abbr":{"fi":"PS","sv":"Sannf","en":"FINNS"},"alid":4,"electionDayVotes":29,"pid":"23","totalVotesPercent":12.8,"nominatorName":{"fi":"Perussuomalaiset","sv":"Sannfinländarna","en":"The Finns Party"},"compareData":{"otherCompareElection":{"votesTotalChange":0,"votesTotalPercentChange":0.0,"votesTotal":42,"votesTotalPercent":12.8},"correspondingCompareElection":{"votesTotalChange":0,"votesTotalPercentChange":0.0,"seatChange":0,"votesTotal":42,"votesTotalPercent":12.8,"seatsTotal":0}},"seats":0,"electionDayVotesPercent":15.3,"nominatorAbbr":{"fi":"PS","sv":"Sannf","en":"FINNS"}},{"advanceVotesPercent":12.3,"name":{"fi":"Suomen Kristillisdemokraatit (KD)","sv":"Kristdemokraterna i Finland (KD)","en":"Christian Democrats in Finland"},"advanceVotes":17,"npid":7,"totalVotes":42,"spid":8,"abbr":{"fi":"KD","sv":"KD","en":"CD"},"alid":7,"electionDayVotes":25,"pid":"9","totalVotesPercent":12.8,"nominatorName":{"fi":"Suomen Kristillisdemokraatit (KD)","sv":"Kristdemokraterna i Finland (KD)","en":"Christian Democrats in Finland"},"compareData":{"otherCompareElection":{"votesTotalChange":0,"votesTotalPercentChange":0.0,"votesTotal":42,"votesTotalPercent":12.8},"correspondingCompareElection":{"votesTotalChange":0,"votesTotalPercentChange":0.0,"seatChange":0,"votesTotal":42,"votesTotalPercent":12.8,"seatsTotal":0}},"seats":0,"electionDayVotesPercent":13.2,"nominatorAbbr":{"fi":"KD","sv":"KD","en":"CD"}},{"advanceVotesPercent":4.3,"name":{"fi":"Vasemmistoliitto","sv":"Vänsterförbundet","en":"The Left Alliance"},"advanceVotes":6,"npid":2,"totalVotes":8,"spid":6,"abbr":{"fi":"VAS","sv":"VF","en":"LEFT"},"alid":2,"electionDayVotes":2,"pid":"15","totalVotesPercent":2.4,"nominatorName":{"fi":"Vasemmistoliitto","sv":"Vänsterförbundet","en":"The Left Alliance"},"compareData":{"otherCompareElection":{"votesTotalChange":0,"votesTotalPercentChange":0.0,"votesTotal":8,"votesTotalPercent":2.4},"correspondingCompareElection":{"votesTotalChange":0,"votesTotalPercentChange":0.0,"seatChange":0,"votesTotal":8,"votesTotalPercent":2.4,"seatsTotal":0}},"seats":0,"electionDayVotesPercent":1.1,"nominatorAbbr":{"fi":"VAS","sv":"VF","en":"LEFT"}},{"advanceVotesPercent":0.7,"name":{"fi":"Vihreä liitto","sv":"Gröna förbundet","en":"Green League"},"advanceVotes":1,"npid":5,"totalVotes":7,"spid":5,"abbr":{"fi":"VIHR","sv":"Gröna","en":"GREEN"},"alid":5,"electionDayVotes":6,"pid":"13","totalVotesPercent":2.1,"nominatorName":{"fi":"Vihreä liitto","sv":"Gröna förbundet","en":"Green League"},"compareData":{"otherCompareElection":{"votesTotalChange":0,"votesTotalPercentChange":0.0,"votesTotal":7,"votesTotalPercent":2.1},"correspondingCompareElection":{"votesTotalChange":0,"votesTotalPercentChange":0.0,"seatChange":0,"votesTotal":7,"votesTotalPercent":2.1,"seatsTotal":0}},"seats":0,"electionDayVotesPercent":3.2,"nominatorAbbr":{"fi":"VIHR","sv":"Gröna","en":"GREEN"}},{"advanceVotesPercent":0.0,"name":{"fi":"Muut ryhmät","sv":"Övriga grupper","en":"Other groups"},"advanceVotes":0,"npid":8,"totalVotes":1,"spid":99,"abbr":{"fi":"Muut","sv":"Övriga","en":"Others"},"alid":8,"electionDayVotes":1,"pid":"2498","totalVotesPercent":0.3,"nominatorName":{"fi":"Ryhmien demokratian- sekä vallanvalvonta -yhteislista","sv":"Ryhmien demokratian- sekä vallanvalvonta -yhteislista","en":"Ryhmien demokratian- sekä vallanvalvonta -yhteislista"},"compareData":{"otherCompareElection":{"votesTotalChange":0,"votesTotalPercentChange":0.0,"votesTotal":1,"votesTotalPercent":0.3},"correspondingCompareElection":{"votesTotalChange":0,"votesTotalPercentChange":0.0,"seatChange":0,"votesTotal":1,"votesTotalPercent":0.3,"seatsTotal":0}},"seats":0,"electionDayVotesPercent":0.5,"nominatorAbbr":{"fi":"YL1","sv":"YL1","en":"YL1"}}],"candidateResults":[{"age":53,"advanceVotesPercent":13.8,"lastname":"Santaniemi","occupation":"maanviljelijä, metsätalousinsinööri","advanceVotes":19,"npid":6,"totalVotes":39,"spid":2,"abbr":"KOK","municipalCouncilor":true,"muid":249,"alid":6,"firstname":"Jussi","electionDayVotes":20,"pid":"4","finalPosition":0,"electedInformation":"ELECTED","totalVotesPercent":11.9,"nominatorName":{"fi":"Kansallinen Kokoomus","sv":"Samlingspartiet","en":"National Coalition Party"},"caid":71,"position":0,"gender":"1","comparisonData":{"totalVotes":114,"votesTotalChange":-75},"edid":11,"comparativeIndex":0.0,"electionDayVotesPercent":10.5,"nominatorAbbr":{"fi":"KOK","sv":"Saml","en":"NCP"}},{"age":35,"advanceVotesPercent":0.0,"lastname":"Ruokola","occupation":"sähköasentaja","advanceVotes":0,"npid":3,"totalVotes":24,"spid":4,"abbr":"SDP","municipalCouncilor":false,"muid":249,"alid":3,"firstname":"Marko","electionDayVotes":24,"pid":"1","finalPosition":0,"electedInformation":"ELECTED","totalVotesPercent":7.3,"nominatorName":{"fi":"Suomen Sosialidemokraattinen Puolue","sv":"Finlands Socialdemokratiska Parti","en":"The Finnish Social Democratic Party"},"caid":38,"position":0,"gender":"1","comparisonData":{"totalVotes":0,"votesTotalChange":24},"edid":11,"comparativeIndex":0.0,"electionDayVotesPercent":12.6,"nominatorAbbr":{"fi":"SDP","sv":"SDP","en":"SDP"}},{"age":69,"advanceVotesPercent":9.4,"lastname":"Oinonen","occupation":"sijaispappi","advanceVotes":13,"npid":1,"totalVotes":21,"spid":1,"abbr":"KESK","municipalCouncilor":true,"muid":249,"alid":1,"firstname":"Lauri","electionDayVotes":8,"pid":"2","finalPosition":0,"electedInformation":"ELECTED","totalVotesPercent":6.4,"nominatorName":{"fi":"Suomen Keskusta","sv":"Centern i Finland","en":"Centre Party of Finland"},"caid":14,"position":0,"gender":"1","comparisonData":{"totalVotes":370,"votesTotalChange":-349},"edid":11,"comparativeIndex":0.0,"electionDayVotesPercent":4.2,"nominatorAbbr":{"fi":"KESK","sv":"C","en":"CENT"}},{"age":66,"advanceVotesPercent":5.8,"lastname":"Puro","occupation":"lääkäri","advanceVotes":8,"npid":3,"totalVotes":20,"spid":4,"abbr":"SDP","municipalCouncilor":false,"muid":249,"alid":3,"firstname":"Markku","electionDayVotes":12,"pid":"1","finalPosition":0,"electedInformation":"ELECTED","totalVotesPercent":6.1,"nominatorName":{"fi":"Suomen Sosialidemokraattinen Puolue","sv":"Finlands Socialdemokratiska Parti","en":"The Finnish Social Democratic Party"},"caid":37,"position":0,"gender":"1","comparisonData":{"totalVotes":0,"votesTotalChange":20},"edid":11,"comparativeIndex":0.0,"electionDayVotesPercent":6.3,"nominatorAbbr":{"fi":"SDP","sv":"SDP","en":"SDP"}},{"age":21,"advanceVotesPercent":0.0,"lastname":"Lintula","occupation":"kuorma-auton kuljettaja","advanceVotes":0,"npid":1,"totalVotes":11,"spid":1,"abbr":"KESK","municipalCouncilor":false,"muid":249,"alid":1,"firstname":"Juho","electionDayVotes":11,"pid":"2","finalPosition":0,"electedInformation":"ON_SUBSTITUTE_PLACE","totalVotesPercent":3.4,"nominatorName":{"fi":"Suomen Keskusta","sv":"Centern i Finland","en":"Centre Party of Finland"},"caid":11,"position":0,"gender":"1","comparisonData":{"totalVotes":0,"votesTotalChange":11},"edid":11,"comparativeIndex":0.0,"electionDayVotesPercent":5.8,"nominatorAbbr":{"fi":"KESK","sv":"C","en":"CENT"}},{"age":57,"advanceVotesPercent":4.3,"lastname":"Vesterinen","occupation":"agrologi, myyjä","advanceVotes":6,"npid":1,"totalVotes":11,"spid":1,"abbr":"KESK","municipalCouncilor":false,"muid":249,"alid":1,"firstname":"Kari","electionDayVotes":5,"pid":"2","finalPosition":0,"electedInformation":"ON_SUBSTITUTE_PLACE","totalVotesPercent":3.4,"nominatorName":{"fi":"Suomen Keskusta","sv":"Centern i Finland","en":"Centre Party of Finland"},"caid":20,"position":0,"gender":"1","comparisonData":{"totalVotes":34,"votesTotalChange":-23},"edid":11,"comparativeIndex":0.0,"electionDayVotesPercent":2.6,"nominatorAbbr":{"fi":"KESK","sv":"C","en":"CENT"}},{"age":68,"advanceVotesPercent":2.9,"lastname":"Haapala","occupation":"pastori","advanceVotes":4,"npid":7,"totalVotes":11,"spid":8,"abbr":"KD","municipalCouncilor":true,"muid":249,"alid":7,"firstname":"Onni","electionDayVotes":7,"pid":"9","finalPosition":0,"electedInformation":"ELECTED","totalVotesPercent":3.4,"nominatorName":{"fi":"Suomen Kristillisdemokraatit (KD)","sv":"Kristdemokraterna i Finland (KD)","en":"Christian Democrats in Finland"},"caid":75,"position":0,"gender":"1","comparisonData":{"totalVotes":175,"votesTotalChange":-164},"edid":11,"comparativeIndex":0.0,"electionDayVotesPercent":3.7,"nominatorAbbr":{"fi":"KD","sv":"KD","en":"CD"}},{"age":50,"advanceVotesPercent":5.1,"lastname":"Tuominen","occupation":"toimitusjohtaja","advanceVotes":7,"npid":1,"totalVotes":10,"spid":1,"abbr":"KESK","municipalCouncilor":true,"muid":249,"alid":1,"firstname":"Petri","electionDayVotes":3,"pid":"2","finalPosition":0,"electedInformation":"ELECTED","totalVotesPercent":3.0,"nominatorName":{"fi":"Suomen Keskusta","sv":"Centern i Finland","en":"Centre Party of Finland"},"caid":19,"position":0,"gender":"1","comparisonData":{"totalVotes":162,"votesTotalChange":-152},"edid":11,"comparativeIndex":0.0,"electionDayVotesPercent":1.6,"nominatorAbbr":{"fi":"KESK","sv":"C","en":"CENT"}},{"age":48,"advanceVotesPercent":3.6,"lastname":"Riihimäki","occupation":"rakennusmestari","advanceVotes":5,"npid":4,"totalVotes":10,"spid":3,"abbr":"PS","municipalCouncilor":false,"muid":249,"alid":4,"firstname":"Marko","electionDayVotes":5,"pid":"23","finalPosition":0,"electedInformation":"ELECTED","totalVotesPercent":3.0,"nominatorName":{"fi":"Perussuomalaiset","sv":"Sannfinländarna","en":"The Finns Party"},"caid":55,"position":0,"gender":"1","comparisonData":{"totalVotes":0,"votesTotalChange":10},"edid":11,"comparativeIndex":0.0,"electionDayVotesPercent":2.6,"nominatorAbbr":{"fi":"PS","sv":"Sannf","en":"FINNS"}},{"age":34,"advanceVotesPercent":1.4,"lastname":"Röppänen","occupation":"ensihoitaja","advanceVotes":2,"npid":4,"totalVotes":10,"spid":3,"abbr":"PS","municipalCouncilor":true,"muid":249,"alid":4,"firstname":"Joonas","electionDayVotes":8,"pid":"23","finalPosition":0,"electedInformation":"ELECTED","totalVotesPercent":3.0,"nominatorName":{"fi":"Perussuomalaiset","sv":"Sannfinländarna","en":"The Finns Party"},"caid":56,"position":0,"gender":"1","comparisonData":{"totalVotes":54,"votesTotalChange":-44},"edid":11,"comparativeIndex":0.0,"electionDayVotesPercent":4.2,"nominatorAbbr":{"fi":"PS","sv":"Sannf","en":"FINNS"}},{"age":65,"advanceVotesPercent":4.3,"lastname":"Houhala","occupation":"yrittäjä","advanceVotes":6,"npid":1,"totalVotes":9,"spid":1,"abbr":"KESK","municipalCouncilor":false,"muid":249,"alid":1,"firstname":"Leo","electionDayVotes":3,"pid":"2","finalPosition":0,"electedInformation":"ELECTED","totalVotesPercent":2.7,"nominatorName":{"fi":"Suomen Keskusta","sv":"Centern i Finland","en":"Centre Party of Finland"},"caid":4,"position":0,"gender":"1","comparisonData":{"totalVotes":0,"votesTotalChange":9},"edid":11,"comparativeIndex":0.0,"electionDayVotesPercent":1.6,"nominatorAbbr":{"fi":"KESK","sv":"C","en":"CENT"}},{"age":64,"advanceVotesPercent":5.1,"lastname":"Ryynänen","occupation":"vanhempi konstaapeli","advanceVotes":7,"npid":7,"totalVotes":9,"spid":8,"abbr":"KD","municipalCouncilor":false,"muid":249,"alid":7,"firstname":"Esa","electionDayVotes":2,"pid":"9","finalPosition":0,"electedInformation":"ELECTED","totalVotesPercent":2.7,"nominatorName":{"fi":"Suomen Kristillisdemokraatit (KD)","sv":"Kristdemokraterna i Finland (KD)","en":"Christian Democrats in Finland"},"caid":81,"position":0,"gender":"1","comparisonData":{"totalVotes":0,"votesTotalChange":9},"edid":11,"comparativeIndex":0.0,"electionDayVotesPercent":1.1,"nominatorAbbr":{"fi":"KD","sv":"KD","en":"CD"}},{"age":54,"advanceVotesPercent":2.9,"lastname":"Laurila","occupation":"toimistosihteeri","advanceVotes":4,"npid":3,"totalVotes":8,"spid":4,"abbr":"SDP","municipalCouncilor":true,"muid":249,"alid":3,"firstname":"Leena","electionDayVotes":4,"pid":"1","finalPosition":0,"electedInformation":"ELECTED","totalVotesPercent":2.4,"nominatorName":{"fi":"Suomen Sosialidemokraattinen Puolue","sv":"Finlands Socialdemokratiska Parti","en":"The Finnish Social Democratic Party"},"caid":32,"position":0,"gender":"2","comparisonData":{"totalVotes":170,"votesTotalChange":-162},"edid":11,"comparativeIndex":0.0,"electionDayVotesPercent":2.1,"nominatorAbbr":{"fi":"SDP","sv":"SDP","en":"SDP"}},{"age":54,"advanceVotesPercent":3.6,"lastname":"Kukkamo","occupation":"FM","advanceVotes":5,"npid":1,"totalVotes":7,"spid":1,"abbr":"KESK","municipalCouncilor":true,"muid":249,"alid":1,"firstname":"Helena","electionDayVotes":2,"pid":"2","finalPosition":0,"electedInformation":"ELECTED","totalVotesPercent":2.1,"nominatorName":{"fi":"Suomen Keskusta","sv":"Centern i Finland","en":"Centre Party of Finland"},"caid":9,"position":0,"gender":"2","comparisonData":{"totalVotes":67,"votesTotalChange":-60},"edid":11,"comparativeIndex":0.0,"electionDayVotesPercent":1.1,"nominatorAbbr":{"fi":"KESK","sv":"C","en":"CENT"}},{"age":60,"advanceVotesPercent":2.9,"lastname":"Paappanen","occupation":"toiminnanjohtaja","advanceVotes":4,"npid":6,"totalVotes":7,"spid":2,"abbr":"KOK","municipalCouncilor":true,"muid":249,"alid":6,"firstname":"Tapio","electionDayVotes":3,"pid":"4","finalPosition":0,"electedInformation":"ELECTED","totalVotesPercent":2.1,"nominatorName":{"fi":"Kansallinen Kokoomus","sv":"Samlingspartiet","en":"National Coalition Party"},"caid":68,"position":0,"gender":"1","comparisonData":{"totalVotes":71,"votesTotalChange":-64},"edid":11,"comparativeIndex":0.0,"electionDayVotesPercent":1.6,"nominatorAbbr":{"fi":"KOK","sv":"Saml","en":"NCP"}},{"age":56,"advanceVotesPercent":0.7,"lastname":"Kakkuri","occupation":"puhdistamonhoitaja","advanceVotes":1,"npid":3,"totalVotes":6,"spid":4,"abbr":"SDP","municipalCouncilor":true,"muid":249,"alid":3,"firstname":"Ari","electionDayVotes":5,"pid":"1","finalPosition":0,"electedInformation":"ELECTED","totalVotesPercent":1.8,"nominatorName":{"fi":"Suomen Sosialidemokraattinen Puolue","sv":"Finlands Socialdemokratiska Parti","en":"The Finnish Social Democratic Party"},"caid":27,"position":0,"gender":"1","comparisonData":{"totalVotes":65,"votesTotalChange":-59},"edid":11,"comparativeIndex":0.0,"electionDayVotesPercent":2.6,"nominatorAbbr":{"fi":"SDP","sv":"SDP","en":"SDP"}},{"age":58,"advanceVotesPercent":2.2,"lastname":"Kaijanmäki","occupation":"kirvesmies","advanceVotes":3,"npid":1,"totalVotes":5,"spid":1,"abbr":"KESK","municipalCouncilor":true,"muid":249,"alid":1,"firstname":"Timo","electionDayVotes":2,"pid":"2","finalPosition":0,"electedInformation":"ELECTED","totalVotesPercent":1.5,"nominatorName":{"fi":"Suomen Keskusta","sv":"Centern i Finland","en":"Centre Party of Finland"},"caid":6,"position":0,"gender":"1","comparisonData":{"totalVotes":71,"votesTotalChange":-66},"edid":11,"comparativeIndex":0.0,"electionDayVotesPercent":1.1,"nominatorAbbr":{"fi":"KESK","sv":"C","en":"CENT"}},{"age":70,"advanceVotesPercent":0.7,"lastname":"Heinonen","occupation":"insinööri, eläkeläinen","advanceVotes":1,"npid":4,"totalVotes":5,"spid":3,"abbr":"PS","municipalCouncilor":false,"muid":249,"alid":4,"firstname":"Tuomas","electionDayVotes":4,"pid":"23","finalPosition":0,"electedInformation":"ON_SUBSTITUTE_PLACE","totalVotesPercent":1.5,"nominatorName":{"fi":"Perussuomalaiset","sv":"Sannfinländarna","en":"The Finns Party"},"caid":46,"position":0,"gender":"1","comparisonData":{"totalVotes":55,"votesTotalChange":-50},"edid":11,"comparativeIndex":0.0,"electionDayVotesPercent":2.1,"nominatorAbbr":{"fi":"PS","sv":"Sannf","en":"FINNS"}},{"age":56,"advanceVotesPercent":0.0,"lastname":"Oksanen","occupation":"kunnossapitoasentaja","advanceVotes":0,"npid":4,"totalVotes":5,"spid":3,"abbr":"PS","municipalCouncilor":true,"muid":249,"alid":4,"firstname":"Harri","electionDayVotes":5,"pid":"23","finalPosition":0,"electedInformation":"ELECTED","totalVotesPercent":1.5,"nominatorName":{"fi":"Perussuomalaiset","sv":"Sannfinländarna","en":"The Finns Party"},"caid":49,"position":0,"gender":"1","comparisonData":{"totalVotes":255,"votesTotalChange":-250},"edid":11,"comparativeIndex":0.0,"electionDayVotesPercent":2.6,"nominatorAbbr":{"fi":"PS","sv":"Sannf","en":"FINNS"}},{"age":66,"advanceVotesPercent":0.7,"lastname":"Mikkonen","occupation":"diakoni, sosionomi YAMK","advanceVotes":1,"npid":5,"totalVotes":5,"spid":5,"abbr":"VIHR","municipalCouncilor":false,"muid":249,"alid":5,"firstname":"Unto","electionDayVotes":4,"pid":"13","finalPosition":0,"electedInformation":"ON_SUBSTITUTE_PLACE","totalVotesPercent":1.5,"nominatorName":{"fi":"Vihreä liitto","sv":"Gröna förbundet","en":"Green League"},"caid":57,"position":0,"gender":"1","comparisonData":{"totalVotes":0,"votesTotalChange":5},"edid":11,"comparativeIndex":0.0,"electionDayVotesPercent":2.1,"nominatorAbbr":{"fi":"VIHR","sv":"Gröna","en":"GREEN"}},{"age":56,"advanceVotesPercent":2.9,"lastname":"Jämsä","occupation":"isännöitsijä","advanceVotes":4,"npid":6,"totalVotes":5,"spid":2,"abbr":"KOK","municipalCouncilor":true,"muid":249,"alid":6,"firstname":"Simo","electionDayVotes":1,"pid":"4","finalPosition":0,"electedInformation":"ON_SUBSTITUTE_PLACE","totalVotesPercent":1.5,"nominatorName":{"fi":"Kansallinen Kokoomus","sv":"Samlingspartiet","en":"National Coalition Party"},"caid":63,"position":0,"gender":"1","comparisonData":{"totalVotes":133,"votesTotalChange":-128},"edid":11,"comparativeIndex":0.0,"electionDayVotesPercent":0.5,"nominatorAbbr":{"fi":"KOK","sv":"Saml","en":"NCP"}},{"age":36,"advanceVotesPercent":2.9,"lastname":"Koikkalainen","occupation":"toimitusjohtaja, yrittäjä","advanceVotes":4,"npid":6,"totalVotes":5,"spid":2,"abbr":"KOK","municipalCouncilor":false,"muid":249,"alid":6,"firstname":"Emilia","electionDayVotes":1,"pid":"4","finalPosition":0,"electedInformation":"ELECTED","totalVotesPercent":1.5,"nominatorName":{"fi":"Kansallinen Kokoomus","sv":"Samlingspartiet","en":"National Coalition Party"},"caid":65,"position":0,"gender":"2","comparisonData":{"totalVotes":0,"votesTotalChange":5},"edid":11,"comparativeIndex":0.0,"electionDayVotesPercent":0.5,"nominatorAbbr":{"fi":"KOK","sv":"Saml","en":"NCP"}},{"age":37,"advanceVotesPercent":2.9,"lastname":"Saarinen","occupation":"työntekijä, pääluottamusmies","advanceVotes":4,"npid":2,"totalVotes":4,"spid":6,"abbr":"VAS","municipalCouncilor":false,"muid":249,"alid":2,"firstname":"Ville","electionDayVotes":0,"pid":"15","finalPosition":0,"electedInformation":"ELECTED","totalVotesPercent":1.2,"nominatorName":{"fi":"Vasemmistoliitto","sv":"Vänsterförbundet","en":"The Left Alliance"},"caid":23,"position":0,"gender":"1","comparisonData":{"totalVotes":58,"votesTotalChange":-54},"edid":11,"comparativeIndex":0.0,"electionDayVotesPercent":0.0,"nominatorAbbr":{"fi":"VAS","sv":"VF","en":"LEFT"}},{"age":57,"advanceVotesPercent":0.0,"lastname":"Ahonen","occupation":"osastonhoitaja","advanceVotes":0,"npid":3,"totalVotes":4,"spid":4,"abbr":"SDP","municipalCouncilor":true,"muid":249,"alid":3,"firstname":"Merja","electionDayVotes":4,"pid":"1","finalPosition":0,"electedInformation":"ELECTED","totalVotesPercent":1.2,"nominatorName":{"fi":"Suomen Sosialidemokraattinen Puolue","sv":"Finlands Socialdemokratiska Parti","en":"The Finnish Social Democratic Party"},"caid":24,"position":0,"gender":"2","comparisonData":{"totalVotes":143,"votesTotalChange":-139},"edid":11,"comparativeIndex":0.0,"electionDayVotesPercent":2.1,"nominatorAbbr":{"fi":"SDP","sv":"SDP","en":"SDP"}},{"age":55,"advanceVotesPercent":0.7,"lastname":"Träff","occupation":"sähköasentaja","advanceVotes":1,"npid":3,"totalVotes":4,"spid":4,"abbr":"SDP","municipalCouncilor":true,"muid":249,"alid":3,"firstname":"Henry","electionDayVotes":3,"pid":"1","finalPosition":0,"electedInformation":"ELECTED","totalVotesPercent":1.2,"nominatorName":{"fi":"Suomen Sosialidemokraattinen Puolue","sv":"Finlands Socialdemokratiska Parti","en":"The Finnish Social Democratic Party"},"caid":39,"position":0,"gender":"1","comparisonData":{"totalVotes":179,"votesTotalChange":-175},"edid":11,"comparativeIndex":0.0,"electionDayVotesPercent":1.6,"nominatorAbbr":{"fi":"SDP","sv":"SDP","en":"SDP"}},{"age":46,"advanceVotesPercent":0.7,"lastname":"Järvinen","occupation":"sairaanhoitaja, terveystieteiden opiskelija","advanceVotes":1,"npid":4,"totalVotes":4,"spid":3,"abbr":"PS","municipalCouncilor":false,"muid":249,"alid":4,"firstname":"Virpi","electionDayVotes":3,"pid":"23","finalPosition":0,"electedInformation":"ELECTED","totalVotesPercent":1.2,"nominatorName":{"fi":"Perussuomalaiset","sv":"Sannfinländarna","en":"The Finns Party"},"caid":43,"position":0,"gender":"2","comparisonData":{"totalVotes":0,"votesTotalChange":4},"edid":11,"comparativeIndex":0.0,"electionDayVotesPercent":1.6,"nominatorAbbr":{"fi":"PS","sv":"Sannf","en":"FINNS"}},{"age":60,"advanceVotesPercent":0.0,"lastname":"Annala","occupation":"autoilija","advanceVotes":0,"npid":7,"totalVotes":4,"spid":8,"abbr":"KD","municipalCouncilor":false,"muid":249,"alid":7,"firstname":"Antti","electionDayVotes":4,"pid":"9","finalPosition":0,"electedInformation":"ON_SUBSTITUTE_PLACE","totalVotesPercent":1.2,"nominatorName":{"fi":"Suomen Kristillisdemokraatit (KD)","sv":"Kristdemokraterna i Finland (KD)","en":"Christian Democrats in Finland"},"caid":72,"position":0,"gender":"1","comparisonData":{"totalVotes":35,"votesTotalChange":-31},"edid":11,"comparativeIndex":0.0,"electionDayVotesPercent":2.1,"nominatorAbbr":{"fi":"KD","sv":"KD","en":"CD"}},{"age":69,"advanceVotesPercent":2.2,"lastname":"Koskinen","occupation":"projektijohtaja, insinööri","advanceVotes":3,"npid":7,"totalVotes":4,"spid":8,"abbr":"KD","municipalCouncilor":false,"muid":249,"alid":7,"firstname":"Timo","electionDayVotes":1,"pid":"9","finalPosition":0,"electedInformation":"NOT_ELECTED","totalVotesPercent":1.2,"nominatorName":{"fi":"Suomen Kristillisdemokraatit (KD)","sv":"Kristdemokraterna i Finland (KD)","en":"Christian Democrats in Finland"},"caid":78,"position":0,"gender":"1","comparisonData":{"totalVotes":0,"votesTotalChange":4},"edid":11,"comparativeIndex":0.0,"electionDayVotesPercent":0.5,"nominatorAbbr":{"fi":"KD","sv":"KD","en":"CD"}},{"age":31,"advanceVotesPercent":0.7,"lastname":"Kässi-Jokinen","occupation":"agrologi AMK","advanceVotes":1,"npid":1,"totalVotes":3,"spid":1,"abbr":"KESK","municipalCouncilor":true,"muid":249,"alid":1,"firstname":"Saara","electionDayVotes":2,"pid":"2","finalPosition":0,"electedInformation":"ELECTED","totalVotesPercent":0.9,"nominatorName":{"fi":"Suomen Keskusta","sv":"Centern i Finland","en":"Centre Party of Finland"},"caid":10,"position":0,"gender":"2","comparisonData":{"totalVotes":83,"votesTotalChange":-80},"edid":11,"comparativeIndex":0.0,"electionDayVotesPercent":1.1,"nominatorAbbr":{"fi":"KESK","sv":"C","en":"CENT"}},{"age":53,"advanceVotesPercent":0.0,"lastname":"Riikonen","occupation":"aamu- ja iltapäivätoiminnan ohjaaja","advanceVotes":0,"npid":1,"totalVotes":3,"spid":1,"abbr":"KESK","municipalCouncilor":false,"muid":249,"alid":1,"firstname":"Tuomo","electionDayVotes":3,"pid":"2","finalPosition":0,"electedInformation":"ELECTED","totalVotesPercent":0.9,"nominatorName":{"fi":"Suomen Keskusta","sv":"Centern i Finland","en":"Centre Party of Finland"},"caid":16,"position":0,"gender":"1","comparisonData":{"totalVotes":32,"votesTotalChange":-29},"edid":11,"comparativeIndex":0.0,"electionDayVotesPercent":1.6,"nominatorAbbr":{"fi":"KESK","sv":"C","en":"CENT"}},{"age":40,"advanceVotesPercent":1.4,"lastname":"Hautamäki","occupation":"sitomokoneenhoitaja, osaston luottamusmies","advanceVotes":2,"npid":3,"totalVotes":3,"spid":4,"abbr":"SDP","municipalCouncilor":false,"muid":249,"alid":3,"firstname":"Jari","electionDayVotes":1,"pid":"1","finalPosition":0,"electedInformation":"ELECTED","totalVotesPercent":0.9,"nominatorName":{"fi":"Suomen Sosialidemokraattinen Puolue","sv":"Finlands Socialdemokratiska Parti","en":"The Finnish Social Democratic Party"},"caid":25,"position":0,"gender":"1","comparisonData":{"totalVotes":0,"votesTotalChange":3},"edid":11,"comparativeIndex":0.0,"electionDayVotesPercent":0.5,"nominatorAbbr":{"fi":"SDP","sv":"SDP","en":"SDP"}},{"age":39,"advanceVotesPercent":0.0,"lastname":"Kajosmäki","occupation":"toimistosihteeri","advanceVotes":0,"npid":3,"totalVotes":3,"spid":4,"abbr":"SDP","municipalCouncilor":true,"muid":249,"alid":3,"firstname":"Maija","electionDayVotes":3,"pid":"1","finalPosition":0,"electedInformation":"ELECTED","totalVotesPercent":0.9,"nominatorName":{"fi":"Suomen Sosialidemokraattinen Puolue","sv":"Finlands Socialdemokratiska Parti","en":"The Finnish Social Democratic Party"},"caid":26,"position":0,"gender":"2","comparisonData":{"totalVotes":117,"votesTotalChange":-114},"edid":11,"comparativeIndex":0.0,"electionDayVotesPercent":1.6,"nominatorAbbr":{"fi":"SDP","sv":"SDP","en":"SDP"}},{"age":41,"advanceVotesPercent":0.7,"lastname":"Valkeisenmäki","occupation":"sosiaaliohjaaja, kuntoutuksenohjaaja","advanceVotes":1,"npid":4,"totalVotes":3,"spid":3,"abbr":"PS","municipalCouncilor":false,"muid":249,"alid":4,"firstname":"Sanna","electionDayVotes":2,"pid":"23","finalPosition":0,"electedInformation":"ON_SUBSTITUTE_PLACE","totalVotesPercent":0.9,"nominatorName":{"fi":"Perussuomalaiset","sv":"Sannfinländarna","en":"The Finns Party"},"caid":44,"position":0,"gender":"2","comparisonData":{"totalVotes":0,"votesTotalChange":3},"edid":11,"comparativeIndex":0.0,"electionDayVotesPercent":1.1,"nominatorAbbr":{"fi":"PS","sv":"Sannf","en":"FINNS"}},{"age":64,"advanceVotesPercent":1.4,"lastname":"Kankimäki","occupation":"teknikko, eläkeläinen","advanceVotes":2,"npid":6,"totalVotes":3,"spid":2,"abbr":"KOK","municipalCouncilor":true,"muid":249,"alid":6,"firstname":"Heikki","electionDayVotes":1,"pid":"4","finalPosition":0,"electedInformation":"ELECTED","totalVotesPercent":0.9,"nominatorName":{"fi":"Kansallinen Kokoomus","sv":"Samlingspartiet","en":"National Coalition Party"},"caid":64,"position":0,"gender":"1","comparisonData":{"totalVotes":61,"votesTotalChange":-58},"edid":11,"comparativeIndex":0.0,"electionDayVotesPercent":0.5,"nominatorAbbr":{"fi":"KOK","sv":"Saml","en":"NCP"}},{"age":65,"advanceVotesPercent":0.0,"lastname":"Keskinen","occupation":"metsäasiantuntija","advanceVotes":0,"npid":7,"totalVotes":3,"spid":8,"abbr":"KD","municipalCouncilor":false,"muid":249,"alid":7,"firstname":"Martti","electionDayVotes":3,"pid":"9","finalPosition":0,"electedInformation":"ELECTED","totalVotesPercent":0.9,"nominatorName":{"fi":"Suomen Kristillisdemokraatit (KD)","sv":"Kristdemokraterna i Finland (KD)","en":"Christian Democrats in Finland"},"caid":77,"position":0,"gender":"1","comparisonData":{"totalVotes":0,"votesTotalChange":3},"edid":11,"comparativeIndex":0.0,"electionDayVotesPercent":1.6,"nominatorAbbr":{"fi":"KD","sv":"KD","en":"CD"}},{"age":62,"advanceVotesPercent":1.4,"lastname":"Ryynänen","occupation":"hammaslääketieteen lisensiaatti","advanceVotes":2,"npid":7,"totalVotes":3,"spid":8,"abbr":"KD","municipalCouncilor":false,"muid":249,"alid":7,"firstname":"Riitta","electionDayVotes":1,"pid":"9","finalPosition":0,"electedInformation":"ON_SUBSTITUTE_PLACE","totalVotesPercent":0.9,"nominatorName":{"fi":"Suomen Kristillisdemokraatit (KD)","sv":"Kristdemokraterna i Finland (KD)","en":"Christian Democrats in Finland"},"caid":82,"position":0,"gender":"2","comparisonData":{"totalVotes":0,"votesTotalChange":3},"edid":11,"comparativeIndex":0.0,"electionDayVotesPercent":0.5,"nominatorAbbr":{"fi":"KD","sv":"KD","en":"CD"}},{"age":24,"advanceVotesPercent":1.4,"lastname":"Ala-Keturi","occupation":"opiskelija, psykologian kandidaatti PsK","advanceVotes":2,"npid":1,"totalVotes":2,"spid":1,"abbr":"KESK","municipalCouncilor":false,"muid":249,"alid":1,"firstname":"Terhi","electionDayVotes":0,"pid":"2","finalPosition":0,"electedInformation":"ON_SUBSTITUTE_PLACE","totalVotesPercent":0.6,"nominatorName":{"fi":"Suomen Keskusta","sv":"Centern i Finland","en":"Centre Party of Finland"},"caid":2,"position":0,"gender":"2","comparisonData":{"totalVotes":0,"votesTotalChange":2},"edid":11,"comparativeIndex":0.0,"electionDayVotesPercent":0.0,"nominatorAbbr":{"fi":"KESK","sv":"C","en":"CENT"}},{"age":41,"advanceVotesPercent":0.7,"lastname":"Kanerva","occupation":"lähihoitaja","advanceVotes":1,"npid":1,"totalVotes":2,"spid":1,"abbr":"KESK","municipalCouncilor":false,"muid":249,"alid":1,"firstname":"Katja","electionDayVotes":1,"pid":"2","finalPosition":0,"electedInformation":"ELECTED","totalVotesPercent":0.6,"nominatorName":{"fi":"Suomen Keskusta","sv":"Centern i Finland","en":"Centre Party of Finland"},"caid":7,"position":0,"gender":"2","comparisonData":{"totalVotes":0,"votesTotalChange":2},"edid":11,"comparativeIndex":0.0,"electionDayVotesPercent":0.5,"nominatorAbbr":{"fi":"KESK","sv":"C","en":"CENT"}},{"age":46,"advanceVotesPercent":1.4,"lastname":"Murtomäki","occupation":"maatalousyrittäjä","advanceVotes":2,"npid":1,"totalVotes":2,"spid":1,"abbr":"KESK","municipalCouncilor":false,"muid":249,"alid":1,"firstname":"Esko","electionDayVotes":0,"pid":"2","finalPosition":0,"electedInformation":"ON_SUBSTITUTE_PLACE","totalVotesPercent":0.6,"nominatorName":{"fi":"Suomen Keskusta","sv":"Centern i Finland","en":"Centre Party of Finland"},"caid":12,"position":0,"gender":"1","comparisonData":{"totalVotes":14,"votesTotalChange":-12},"edid":11,"comparativeIndex":0.0,"electionDayVotesPercent":0.0,"nominatorAbbr":{"fi":"KESK","sv":"C","en":"CENT"}},{"age":58,"advanceVotesPercent":1.4,"lastname":"Lehtonen","occupation":"linja-autonkuljettaja, työtön","advanceVotes":2,"npid":2,"totalVotes":2,"spid":6,"abbr":"VAS","municipalCouncilor":false,"muid":249,"alid":2,"firstname":"Liisa","electionDayVotes":0,"pid":"15","finalPosition":0,"electedInformation":"ON_SUBSTITUTE_PLACE","totalVotesPercent":0.6,"nominatorName":{"fi":"Vasemmistoliitto","sv":"Vänsterförbundet","en":"The Left Alliance"},"caid":21,"position":0,"gender":"2","comparisonData":{"totalVotes":0,"votesTotalChange":2},"edid":11,"comparativeIndex":0.0,"electionDayVotesPercent":0.0,"nominatorAbbr":{"fi":"VAS","sv":"VF","en":"LEFT"}},{"age":53,"advanceVotesPercent":0.0,"lastname":"Pylvänäinen","occupation":"kiinteistösihteeri, eläkeläinen","advanceVotes":0,"npid":2,"totalVotes":2,"spid":6,"abbr":"VAS","municipalCouncilor":false,"muid":249,"alid":2,"firstname":"Jaana","electionDayVotes":2,"pid":"15","finalPosition":0,"electedInformation":"ON_SUBSTITUTE_PLACE","totalVotesPercent":0.6,"nominatorName":{"fi":"Vasemmistoliitto","sv":"Vänsterförbundet","en":"The Left Alliance"},"caid":22,"position":0,"gender":"2","comparisonData":{"totalVotes":0,"votesTotalChange":2},"edid":11,"comparativeIndex":0.0,"electionDayVotesPercent":1.1,"nominatorAbbr":{"fi":"VAS","sv":"VF","en":"LEFT"}},{"age":58,"advanceVotesPercent":0.0,"lastname":"Kiiski","occupation":"materiaalityöntekijä","advanceVotes":0,"npid":3,"totalVotes":2,"spid":4,"abbr":"SDP","municipalCouncilor":false,"muid":249,"alid":3,"firstname":"Jukka","electionDayVotes":2,"pid":"1","finalPosition":0,"electedInformation":"ON_SUBSTITUTE_PLACE","totalVotesPercent":0.6,"nominatorName":{"fi":"Suomen Sosialidemokraattinen Puolue","sv":"Finlands Socialdemokratiska Parti","en":"The Finnish Social Democratic Party"},"caid":28,"position":0,"gender":"1","comparisonData":{"totalVotes":28,"votesTotalChange":-26},"edid":11,"comparativeIndex":0.0,"electionDayVotesPercent":1.1,"nominatorAbbr":{"fi":"SDP","sv":"SDP","en":"SDP"}},{"age":66,"advanceVotesPercent":1.4,"lastname":"Viitanen","occupation":"offsetpainaja","advanceVotes":2,"npid":3,"totalVotes":2,"spid":4,"abbr":"SDP","municipalCouncilor":false,"muid":249,"alid":3,"firstname":"Raimo","electionDayVotes":0,"pid":"1","finalPosition":0,"electedInformation":"ON_SUBSTITUTE_PLACE","totalVotesPercent":0.6,"nominatorName":{"fi":"Suomen Sosialidemokraattinen Puolue","sv":"Finlands Socialdemokratiska Parti","en":"The Finnish Social Democratic Party"},"caid":42,"position":0,"gender":"1","comparisonData":{"totalVotes":56,"votesTotalChange":-54},"edid":11,"comparativeIndex":0.0,"electionDayVotesPercent":0.0,"nominatorAbbr":{"fi":"SDP","sv":"SDP","en":"SDP"}},{"age":49,"advanceVotesPercent":0.0,"lastname":"Jyväsjärvi","occupation":"kiinteistönhoitaja","advanceVotes":0,"npid":4,"totalVotes":2,"spid":3,"abbr":"PS","municipalCouncilor":false,"muid":249,"alid":4,"firstname":"Risto","electionDayVotes":2,"pid":"23","finalPosition":0,"electedInformation":"NOT_ELECTED","totalVotesPercent":0.6,"nominatorName":{"fi":"Perussuomalaiset","sv":"Sannfinländarna","en":"The Finns Party"},"caid":47,"position":0,"gender":"1","comparisonData":{"totalVotes":0,"votesTotalChange":2},"edid":11,"comparativeIndex":0.0,"electionDayVotesPercent":1.1,"nominatorAbbr":{"fi":"PS","sv":"Sannf","en":"FINNS"}},{"age":57,"advanceVotesPercent":1.4,"lastname":"Rantanen","occupation":"yrittäjä","advanceVotes":2,"npid":4,"totalVotes":2,"spid":3,"abbr":"PS","municipalCouncilor":false,"muid":249,"alid":4,"firstname":"Hannu","electionDayVotes":0,"pid":"23","finalPosition":0,"electedInformation":"ON_SUBSTITUTE_PLACE","totalVotesPercent":0.6,"nominatorName":{"fi":"Perussuomalaiset","sv":"Sannfinländarna","en":"The Finns Party"},"caid":54,"position":0,"gender":"1","comparisonData":{"totalVotes":0,"votesTotalChange":2},"edid":11,"comparativeIndex":0.0,"electionDayVotesPercent":0.0,"nominatorAbbr":{"fi":"PS","sv":"Sannf","en":"FINNS"}},{"age":72,"advanceVotesPercent":0.7,"lastname":"Länkinen","occupation":"eläkeläinen","advanceVotes":1,"npid":6,"totalVotes":2,"spid":2,"abbr":"KOK","municipalCouncilor":false,"muid":249,"alid":6,"firstname":"Marja","electionDayVotes":1,"pid":"4","finalPosition":0,"electedInformation":"ON_SUBSTITUTE_PLACE","totalVotesPercent":0.6,"nominatorName":{"fi":"Kansallinen Kokoomus","sv":"Samlingspartiet","en":"National Coalition Party"},"caid":66,"position":0,"gender":"2","comparisonData":{"totalVotes":25,"votesTotalChange":-23},"edid":11,"comparativeIndex":0.0,"electionDayVotesPercent":0.5,"nominatorAbbr":{"fi":"KOK","sv":"Saml","en":"NCP"}},{"age":50,"advanceVotesPercent":0.7,"lastname":"Asunmaa","occupation":"sosiaaliohjaaja, hoitaja","advanceVotes":1,"npid":7,"totalVotes":2,"spid":8,"abbr":"KD","municipalCouncilor":true,"muid":249,"alid":7,"firstname":"Kaija","electionDayVotes":1,"pid":"9","finalPosition":0,"electedInformation":"ON_SUBSTITUTE_PLACE","totalVotesPercent":0.6,"nominatorName":{"fi":"Suomen Kristillisdemokraatit (KD)","sv":"Kristdemokraterna i Finland (KD)","en":"Christian Democrats in Finland"},"caid":73,"position":0,"gender":"2","comparisonData":{"totalVotes":75,"votesTotalChange":-73},"edid":11,"comparativeIndex":0.0,"electionDayVotesPercent":0.5,"nominatorAbbr":{"fi":"KD","sv":"KD","en":"CD"}},{"age":59,"advanceVotesPercent":0.0,"lastname":"Hokkanen","occupation":"yrittäjä","advanceVotes":0,"npid":7,"totalVotes":2,"spid":8,"abbr":"KD","municipalCouncilor":false,"muid":249,"alid":7,"firstname":"Alpo","electionDayVotes":2,"pid":"9","finalPosition":0,"electedInformation":"ON_SUBSTITUTE_PLACE","totalVotesPercent":0.6,"nominatorName":{"fi":"Suomen Kristillisdemokraatit (KD)","sv":"Kristdemokraterna i Finland (KD)","en":"Christian Democrats in Finland"},"caid":76,"position":0,"gender":"1","comparisonData":{"totalVotes":0,"votesTotalChange":2},"edid":11,"comparativeIndex":0.0,"electionDayVotesPercent":1.1,"nominatorAbbr":{"fi":"KD","sv":"KD","en":"CD"}},{"age":69,"advanceVotesPercent":0.0,"lastname":"Riihonen","occupation":"agronomi","advanceVotes":0,"npid":7,"totalVotes":2,"spid":8,"abbr":"KD","municipalCouncilor":false,"muid":249,"alid":7,"firstname":"Tuomo","electionDayVotes":2,"pid":"9","finalPosition":0,"electedInformation":"NOT_ELECTED","totalVotesPercent":0.6,"nominatorName":{"fi":"Suomen Kristillisdemokraatit (KD)","sv":"Kristdemokraterna i Finland (KD)","en":"Christian Democrats in Finland"},"caid":80,"position":0,"gender":"1","comparisonData":{"totalVotes":0,"votesTotalChange":2},"edid":11,"comparativeIndex":0.0,"electionDayVotesPercent":1.1,"nominatorAbbr":{"fi":"KD","sv":"KD","en":"CD"}},{"age":41,"advanceVotesPercent":0.0,"lastname":"Simsiö","occupation":"maahanmuuttokoordinaattori","advanceVotes":0,"npid":7,"totalVotes":2,"spid":8,"abbr":"KD","municipalCouncilor":false,"muid":249,"alid":7,"firstname":"Marika","electionDayVotes":2,"pid":"9","finalPosition":0,"electedInformation":"ELECTED","totalVotesPercent":0.6,"nominatorName":{"fi":"Suomen Kristillisdemokraatit (KD)","sv":"Kristdemokraterna i Finland (KD)","en":"Christian Democrats in Finland"},"caid":83,"position":0,"gender":"2","comparisonData":{"totalVotes":0,"votesTotalChange":2},"edid":11,"comparativeIndex":0.0,"electionDayVotesPercent":1.1,"nominatorAbbr":{"fi":"KD","sv":"KD","en":"CD"}},{"age":45,"advanceVotesPercent":0.7,"lastname":"Calis","occupation":"särmääjä","advanceVotes":1,"npid":1,"totalVotes":1,"spid":1,"abbr":"KESK","municipalCouncilor":false,"muid":249,"alid":1,"firstname":"Ali","electionDayVotes":0,"pid":"2","finalPosition":0,"electedInformation":"ON_SUBSTITUTE_PLACE","totalVotesPercent":0.3,"nominatorName":{"fi":"Suomen Keskusta","sv":"Centern i Finland","en":"Centre Party of Finland"},"caid":3,"position":0,"gender":"1","comparisonData":{"totalVotes":0,"votesTotalChange":1},"edid":11,"comparativeIndex":0.0,"electionDayVotesPercent":0.0,"nominatorAbbr":{"fi":"KESK","sv":"C","en":"CENT"}},{"age":57,"advanceVotesPercent":0.0,"lastname":"Huuskola","occupation":"aluepalomestari","advanceVotes":0,"npid":1,"totalVotes":1,"spid":1,"abbr":"KESK","municipalCouncilor":false,"muid":249,"alid":1,"firstname":"Mika","electionDayVotes":1,"pid":"2","finalPosition":0,"electedInformation":"ELECTED","totalVotesPercent":0.3,"nominatorName":{"fi":"Suomen Keskusta","sv":"Centern i Finland","en":"Centre Party of Finland"},"caid":5,"position":0,"gender":"1","comparisonData":{"totalVotes":48,"votesTotalChange":-47},"edid":11,"comparativeIndex":0.0,"electionDayVotesPercent":0.5,"nominatorAbbr":{"fi":"KESK","sv":"C","en":"CENT"}},{"age":34,"advanceVotesPercent":0.7,"lastname":"Paananen","occupation":"metsäasiantuntija, metsätalousinsinööri AMK","advanceVotes":1,"npid":1,"totalVotes":1,"spid":1,"abbr":"KESK","municipalCouncilor":false,"muid":249,"alid":1,"firstname":"Riikka","electionDayVotes":0,"pid":"2","finalPosition":0,"electedInformation":"ELECTED","totalVotesPercent":0.3,"nominatorName":{"fi":"Suomen Keskusta","sv":"Centern i Finland","en":"Centre Party of Finland"},"caid":15,"position":0,"gender":"2","comparisonData":{"totalVotes":0,"votesTotalChange":1},"edid":11,"comparativeIndex":0.0,"electionDayVotesPercent":0.0,"nominatorAbbr":{"fi":"KESK","sv":"C","en":"CENT"}},{"age":50,"advanceVotesPercent":0.0,"lastname":"Nieminen","occupation":"kirjatyöntekijä","advanceVotes":0,"npid":3,"totalVotes":1,"spid":4,"abbr":"SDP","municipalCouncilor":false,"muid":249,"alid":3,"firstname":"Risto","electionDayVotes":1,"pid":"1","finalPosition":0,"electedInformation":"ELECTED","totalVotesPercent":0.3,"nominatorName":{"fi":"Suomen Sosialidemokraattinen Puolue","sv":"Finlands Socialdemokratiska Parti","en":"The Finnish Social Democratic Party"},"caid":33,"position":0,"gender":"1","comparisonData":{"totalVotes":0,"votesTotalChange":1},"edid":11,"comparativeIndex":0.0,"electionDayVotesPercent":0.5,"nominatorAbbr":{"fi":"SDP","sv":"SDP","en":"SDP"}},{"age":60,"advanceVotesPercent":0.7,"lastname":"Heinonen","occupation":"eläkeläinen, varastomestari","advanceVotes":1,"npid":4,"totalVotes":1,"spid":3,"abbr":"PS","municipalCouncilor":true,"muid":249,"alid":4,"firstname":"Petri","electionDayVotes":0,"pid":"23","finalPosition":0,"electedInformation":"NOT_ELECTED","totalVotesPercent":0.3,"nominatorName":{"fi":"Perussuomalaiset","sv":"Sannfinländarna","en":"The Finns Party"},"caid":45,"position":0,"gender":"1","comparisonData":{"totalVotes":64,"votesTotalChange":-63},"edid":11,"comparativeIndex":0.0,"electionDayVotesPercent":0.0,"nominatorAbbr":{"fi":"PS","sv":"Sannf","en":"FINNS"}},{"age":30,"advanceVotesPercent":0.0,"lastname":"Nelimarkka","occupation":"myyjä","advanceVotes":0,"npid":5,"totalVotes":1,"spid":5,"abbr":"VIHR","municipalCouncilor":false,"muid":249,"alid":5,"firstname":"Hanna","electionDayVotes":1,"pid":"13","finalPosition":0,"electedInformation":"ON_SUBSTITUTE_PLACE","totalVotesPercent":0.3,"nominatorName":{"fi":"Vihreä liitto","sv":"Gröna förbundet","en":"Green League"},"caid":58,"position":0,"gender":"2","comparisonData":{"totalVotes":0,"votesTotalChange":1},"edid":11,"comparativeIndex":0.0,"electionDayVotesPercent":0.5,"nominatorAbbr":{"fi":"VIHR","sv":"Gröna","en":"GREEN"}},{"age":65,"advanceVotesPercent":0.0,"lastname":"Vehmasaho","occupation":"betonilaborantti, eläkeläinen","advanceVotes":0,"npid":5,"totalVotes":1,"spid":5,"abbr":"VIHR","municipalCouncilor":false,"muid":249,"alid":5,"firstname":"Reijo","electionDayVotes":1,"pid":"13","finalPosition":0,"electedInformation":"NOT_ELECTED","totalVotesPercent":0.3,"nominatorName":{"fi":"Vihreä liitto","sv":"Gröna förbundet","en":"Green League"},"caid":59,"position":0,"gender":"1","comparisonData":{"totalVotes":18,"votesTotalChange":-17},"edid":11,"comparativeIndex":0.0,"electionDayVotesPercent":0.5,"nominatorAbbr":{"fi":"VIHR","sv":"Gröna","en":"GREEN"}},{"age":73,"advanceVotesPercent":0.7,"lastname":"Palmén","occupation":"piiripäällikkö","advanceVotes":1,"npid":6,"totalVotes":1,"spid":2,"abbr":"KOK","municipalCouncilor":false,"muid":249,"alid":6,"firstname":"Esa","electionDayVotes":0,"pid":"4","finalPosition":0,"electedInformation":"NOT_ELECTED","totalVotesPercent":0.3,"nominatorName":{"fi":"Kansallinen Kokoomus","sv":"Samlingspartiet","en":"National Coalition Party"},"caid":69,"position":0,"gender":"1","comparisonData":{"totalVotes":0,"votesTotalChange":1},"edid":11,"comparativeIndex":0.0,"electionDayVotesPercent":0.0,"nominatorAbbr":{"fi":"KOK","sv":"Saml","en":"NCP"}},{"age":26,"advanceVotesPercent":0.0,"lastname":"Koskela","occupation":"yrittäjä","advanceVotes":0,"npid":8,"totalVotes":1,"spid":99,"abbr":"Muut","municipalCouncilor":false,"muid":249,"alid":8,"firstname":"Anton","electionDayVotes":1,"pid":"2498","finalPosition":0,"electedInformation":"NOT_ELECTED","totalVotesPercent":0.3,"nominatorName":{"fi":"Ryhmien demokratian- sekä vallanvalvonta -yhteislista","sv":"Ryhmien demokratian- sekä vallanvalvonta -yhteislista","en":"Ryhmien demokratian- sekä vallanvalvonta -yhteislista"},"caid":86,"position":0,"gender":"1","comparisonData":{"totalVotes":0,"votesTotalChange":1},"edid":11,"comparativeIndex":0.0,"electionDayVotesPercent":0.5,"nominatorAbbr":{"fi":"YL1","sv":"YL1","en":"YL1"}},{"age":50,"advanceVotesPercent":0.0,"lastname":"Kanerva-Murtomäki","occupation":"keittäjä, ravintolakokki","advanceVotes":0,"npid":1,"totalVotes":0,"spid":1,"abbr":"KESK","municipalCouncilor":false,"muid":249,"alid":1,"firstname":"Marjut","electionDayVotes":0,"pid":"2","finalPosition":0,"electedInformation":"ON_SUBSTITUTE_PLACE","totalVotesPercent":0.0,"nominatorName":{"fi":"Suomen Keskusta","sv":"Centern i Finland","en":"Centre Party of Finland"},"caid":8,"position":0,"gender":"2","comparisonData":{"totalVotes":0,"votesTotalChange":0},"edid":11,"comparativeIndex":0.0,"electionDayVotesPercent":0.0,"nominatorAbbr":{"fi":"KESK","sv":"C","en":"CENT"}},{"age":48,"advanceVotesPercent":0.0,"lastname":"Nissinen","occupation":"kirjatyöntekijä","advanceVotes":0,"npid":1,"totalVotes":0,"spid":1,"abbr":"KESK","municipalCouncilor":true,"muid":249,"alid":1,"firstname":"Mika","electionDayVotes":0,"pid":"2","finalPosition":0,"electedInformation":"ON_SUBSTITUTE_PLACE","totalVotesPercent":0.0,"nominatorName":{"fi":"Suomen Keskusta","sv":"Centern i Finland","en":"Centre Party of Finland"},"caid":13,"position":0,"gender":"1","comparisonData":{"totalVotes":84,"votesTotalChange":-84},"edid":11,"comparativeIndex":0.0,"electionDayVotesPercent":0.0,"nominatorAbbr":{"fi":"KESK","sv":"C","en":"CENT"}},{"age":51,"advanceVotesPercent":0.0,"lastname":"Rusila","occupation":"lähihoitaja","advanceVotes":0,"npid":1,"totalVotes":0,"spid":1,"abbr":"KESK","municipalCouncilor":false,"muid":249,"alid":1,"firstname":"Riitta","electionDayVotes":0,"pid":"2","finalPosition":0,"electedInformation":"ON_SUBSTITUTE_PLACE","totalVotesPercent":0.0,"nominatorName":{"fi":"Suomen Keskusta","sv":"Centern i Finland","en":"Centre Party of Finland"},"caid":17,"position":0,"gender":"2","comparisonData":{"totalVotes":0,"votesTotalChange":0},"edid":11,"comparativeIndex":0.0,"electionDayVotesPercent":0.0,"nominatorAbbr":{"fi":"KESK","sv":"C","en":"CENT"}},{"age":64,"advanceVotesPercent":0.0,"lastname":"Sipponen","occupation":"hoitaja, eläkeläinen","advanceVotes":0,"npid":1,"totalVotes":0,"spid":1,"abbr":"KESK","municipalCouncilor":true,"muid":249,"alid":1,"firstname":"Hellevi","electionDayVotes":0,"pid":"2","finalPosition":0,"electedInformation":"ON_SUBSTITUTE_PLACE","totalVotesPercent":0.0,"nominatorName":{"fi":"Suomen Keskusta","sv":"Centern i Finland","en":"Centre Party of Finland"},"caid":18,"position":0,"gender":"2","comparisonData":{"totalVotes":93,"votesTotalChange":-93},"edid":11,"comparativeIndex":0.0,"electionDayVotesPercent":0.0,"nominatorAbbr":{"fi":"KESK","sv":"C","en":"CENT"}},{"age":41,"advanceVotesPercent":0.0,"lastname":"Kovanen","occupation":"paperityöntekijä","advanceVotes":0,"npid":3,"totalVotes":0,"spid":4,"abbr":"SDP","municipalCouncilor":false,"muid":249,"alid":3,"firstname":"Pasi","electionDayVotes":0,"pid":"1","finalPosition":0,"electedInformation":"ELECTED","totalVotesPercent":0.0,"nominatorName":{"fi":"Suomen Sosialidemokraattinen Puolue","sv":"Finlands Socialdemokratiska Parti","en":"The Finnish Social Democratic Party"},"caid":29,"position":0,"gender":"1","comparisonData":{"totalVotes":0,"votesTotalChange":0},"edid":11,"comparativeIndex":0.0,"electionDayVotesPercent":0.0,"nominatorAbbr":{"fi":"SDP","sv":"SDP","en":"SDP"}},{"age":68,"advanceVotesPercent":0.0,"lastname":"Kuusela","occupation":"eläkeläinen","advanceVotes":0,"npid":3,"totalVotes":0,"spid":4,"abbr":"SDP","municipalCouncilor":false,"muid":249,"alid":3,"firstname":"Maaret","electionDayVotes":0,"pid":"1","finalPosition":0,"electedInformation":"ON_SUBSTITUTE_PLACE","totalVotesPercent":0.0,"nominatorName":{"fi":"Suomen Sosialidemokraattinen Puolue","sv":"Finlands Socialdemokratiska Parti","en":"The Finnish Social Democratic Party"},"caid":30,"position":0,"gender":"2","comparisonData":{"totalVotes":25,"votesTotalChange":-25},"edid":11,"comparativeIndex":0.0,"electionDayVotesPercent":0.0,"nominatorAbbr":{"fi":"SDP","sv":"SDP","en":"SDP"}},{"age":41,"advanceVotesPercent":0.0,"lastname":"Kyllästinen","occupation":"kiinteistönhoitaja","advanceVotes":0,"npid":3,"totalVotes":0,"spid":4,"abbr":"SDP","municipalCouncilor":false,"muid":249,"alid":3,"firstname":"Tuomo","electionDayVotes":0,"pid":"1","finalPosition":0,"electedInformation":"ON_SUBSTITUTE_PLACE","totalVotesPercent":0.0,"nominatorName":{"fi":"Suomen Sosialidemokraattinen Puolue","sv":"Finlands Socialdemokratiska Parti","en":"The Finnish Social Democratic Party"},"caid":31,"position":0,"gender":"1","comparisonData":{"totalVotes":0,"votesTotalChange":0},"edid":11,"comparativeIndex":0.0,"electionDayVotesPercent":0.0,"nominatorAbbr":{"fi":"SDP","sv":"SDP","en":"SDP"}},{"age":38,"advanceVotesPercent":0.0,"lastname":"Paananen","occupation":"siivooja, yrittäjä","advanceVotes":0,"npid":3,"totalVotes":0,"spid":4,"abbr":"SDP","municipalCouncilor":false,"muid":249,"alid":3,"firstname":"Hanne","electionDayVotes":0,"pid":"1","finalPosition":0,"electedInformation":"ON_SUBSTITUTE_PLACE","totalVotesPercent":0.0,"nominatorName":{"fi":"Suomen Sosialidemokraattinen Puolue","sv":"Finlands Socialdemokratiska Parti","en":"The Finnish Social Democratic Party"},"caid":34,"position":0,"gender":"2","comparisonData":{"totalVotes":0,"votesTotalChange":0},"edid":11,"comparativeIndex":0.0,"electionDayVotesPercent":0.0,"nominatorAbbr":{"fi":"SDP","sv":"SDP","en":"SDP"}},{"age":42,"advanceVotesPercent":0.0,"lastname":"Pessinen","occupation":"ruokahuollon esimies","advanceVotes":0,"npid":3,"totalVotes":0,"spid":4,"abbr":"SDP","municipalCouncilor":false,"muid":249,"alid":3,"firstname":"Minna","electionDayVotes":0,"pid":"1","finalPosition":0,"electedInformation":"ELECTED","totalVotesPercent":0.0,"nominatorName":{"fi":"Suomen Sosialidemokraattinen Puolue","sv":"Finlands Socialdemokratiska Parti","en":"The Finnish Social Democratic Party"},"caid":35,"position":0,"gender":"2","comparisonData":{"totalVotes":0,"votesTotalChange":0},"edid":11,"comparativeIndex":0.0,"electionDayVotesPercent":0.0,"nominatorAbbr":{"fi":"SDP","sv":"SDP","en":"SDP"}},{"age":65,"advanceVotesPercent":0.0,"lastname":"Piesala","occupation":"taksinkuljettaja","advanceVotes":0,"npid":3,"totalVotes":0,"spid":4,"abbr":"SDP","municipalCouncilor":false,"muid":249,"alid":3,"firstname":"Timo","electionDayVotes":0,"pid":"1","finalPosition":0,"electedInformation":"ON_SUBSTITUTE_PLACE","totalVotesPercent":0.0,"nominatorName":{"fi":"Suomen Sosialidemokraattinen Puolue","sv":"Finlands Socialdemokratiska Parti","en":"The Finnish Social Democratic Party"},"caid":36,"position":0,"gender":"1","comparisonData":{"totalVotes":51,"votesTotalChange":-51},"edid":11,"comparativeIndex":0.0,"electionDayVotesPercent":0.0,"nominatorAbbr":{"fi":"SDP","sv":"SDP","en":"SDP"}},{"age":45,"advanceVotesPercent":0.0,"lastname":"Turunen","occupation":"huoltoteknikko","advanceVotes":0,"npid":3,"totalVotes":0,"spid":4,"abbr":"SDP","municipalCouncilor":false,"muid":249,"alid":3,"firstname":"Ola","electionDayVotes":0,"pid":"1","finalPosition":0,"electedInformation":"ON_SUBSTITUTE_PLACE","totalVotesPercent":0.0,"nominatorName":{"fi":"Suomen Sosialidemokraattinen Puolue","sv":"Finlands Socialdemokratiska Parti","en":"The Finnish Social Democratic Party"},"caid":40,"position":0,"gender":"1","comparisonData":{"totalVotes":16,"votesTotalChange":-16},"edid":11,"comparativeIndex":0.0,"electionDayVotesPercent":0.0,"nominatorAbbr":{"fi":"SDP","sv":"SDP","en":"SDP"}},{"age":65,"advanceVotesPercent":0.0,"lastname":"Uusoksa","occupation":"lähihoitaja","advanceVotes":0,"npid":3,"totalVotes":0,"spid":4,"abbr":"SDP","municipalCouncilor":false,"muid":249,"alid":3,"firstname":"Aila","electionDayVotes":0,"pid":"1","finalPosition":0,"electedInformation":"ON_SUBSTITUTE_PLACE","totalVotesPercent":0.0,"nominatorName":{"fi":"Suomen Sosialidemokraattinen Puolue","sv":"Finlands Socialdemokratiska Parti","en":"The Finnish Social Democratic Party"},"caid":41,"position":0,"gender":"2","comparisonData":{"totalVotes":8,"votesTotalChange":-8},"edid":11,"comparativeIndex":0.0,"electionDayVotesPercent":0.0,"nominatorAbbr":{"fi":"SDP","sv":"SDP","en":"SDP"}},{"age":69,"advanceVotesPercent":0.0,"lastname":"Kyngäs","occupation":"eläkeläinen, maatalouslomittaja","advanceVotes":0,"npid":4,"totalVotes":0,"spid":3,"abbr":"PS","municipalCouncilor":false,"muid":249,"alid":4,"firstname":"Ismo","electionDayVotes":0,"pid":"23","finalPosition":0,"electedInformation":"NOT_ELECTED","totalVotesPercent":0.0,"nominatorName":{"fi":"Perussuomalaiset","sv":"Sannfinländarna","en":"The Finns Party"},"caid":48,"position":0,"gender":"1","comparisonData":{"totalVotes":17,"votesTotalChange":-17},"edid":11,"comparativeIndex":0.0,"electionDayVotesPercent":0.0,"nominatorAbbr":{"fi":"PS","sv":"Sannf","en":"FINNS"}},{"age":65,"advanceVotesPercent":0.0,"lastname":"Pohjola","occupation":"yksityisyrittäjä, eläkeläinen","advanceVotes":0,"npid":4,"totalVotes":0,"spid":3,"abbr":"PS","municipalCouncilor":false,"muid":249,"alid":4,"firstname":"Olavi","electionDayVotes":0,"pid":"23","finalPosition":0,"electedInformation":"ON_SUBSTITUTE_PLACE","totalVotesPercent":0.0,"nominatorName":{"fi":"Perussuomalaiset","sv":"Sannfinländarna","en":"The Finns Party"},"caid":50,"position":0,"gender":"1","comparisonData":{"totalVotes":35,"votesTotalChange":-35},"edid":11,"comparativeIndex":0.0,"electionDayVotesPercent":0.0,"nominatorAbbr":{"fi":"PS","sv":"Sannf","en":"FINNS"}},{"age":71,"advanceVotesPercent":0.0,"lastname":"Pohjonen","occupation":"eläkeläinen, ylipostimies","advanceVotes":0,"npid":4,"totalVotes":0,"spid":3,"abbr":"PS","municipalCouncilor":true,"muid":249,"alid":4,"firstname":"Antero","electionDayVotes":0,"pid":"23","finalPosition":0,"electedInformation":"NOT_ELECTED","totalVotesPercent":0.0,"nominatorName":{"fi":"Perussuomalaiset","sv":"Sannfinländarna","en":"The Finns Party"},"caid":51,"position":0,"gender":"1","comparisonData":{"totalVotes":77,"votesTotalChange":-77},"edid":11,"comparativeIndex":0.0,"electionDayVotesPercent":0.0,"nominatorAbbr":{"fi":"PS","sv":"Sannf","en":"FINNS"}},{"age":50,"advanceVotesPercent":0.0,"lastname":"Pohjonen","occupation":"hitsaaja, rakennusmies","advanceVotes":0,"npid":4,"totalVotes":0,"spid":3,"abbr":"PS","municipalCouncilor":false,"muid":249,"alid":4,"firstname":"Ari","electionDayVotes":0,"pid":"23","finalPosition":0,"electedInformation":"NOT_ELECTED","totalVotesPercent":0.0,"nominatorName":{"fi":"Perussuomalaiset","sv":"Sannfinländarna","en":"The Finns Party"},"caid":52,"position":0,"gender":"1","comparisonData":{"totalVotes":11,"votesTotalChange":-11},"edid":11,"comparativeIndex":0.0,"electionDayVotesPercent":0.0,"nominatorAbbr":{"fi":"PS","sv":"Sannf","en":"FINNS"}},{"age":64,"advanceVotesPercent":0.0,"lastname":"Rapo","occupation":"opistoupseeri, kapteeni evp","advanceVotes":0,"npid":4,"totalVotes":0,"spid":3,"abbr":"PS","municipalCouncilor":false,"muid":249,"alid":4,"firstname":"Markku","electionDayVotes":0,"pid":"23","finalPosition":0,"electedInformation":"NOT_ELECTED","totalVotesPercent":0.0,"nominatorName":{"fi":"Perussuomalaiset","sv":"Sannfinländarna","en":"The Finns Party"},"caid":53,"position":0,"gender":"1","comparisonData":{"totalVotes":33,"votesTotalChange":-33},"edid":11,"comparativeIndex":0.0,"electionDayVotesPercent":0.0,"nominatorAbbr":{"fi":"PS","sv":"Sannf","en":"FINNS"}},{"age":33,"advanceVotesPercent":0.0,"lastname":"Ylikauppila","occupation":"yrittäjä","advanceVotes":0,"npid":5,"totalVotes":0,"spid":5,"abbr":"VIHR","municipalCouncilor":false,"muid":249,"alid":5,"firstname":"Pekka","electionDayVotes":0,"pid":"13","finalPosition":0,"electedInformation":"ELECTED","totalVotesPercent":0.0,"nominatorName":{"fi":"Vihreä liitto","sv":"Gröna förbundet","en":"Green League"},"caid":60,"position":0,"gender":"1","comparisonData":{"totalVotes":0,"votesTotalChange":0},"edid":11,"comparativeIndex":0.0,"electionDayVotesPercent":0.0,"nominatorAbbr":{"fi":"VIHR","sv":"Gröna","en":"GREEN"}},{"age":64,"advanceVotesPercent":0.0,"lastname":"Junnonen","occupation":"eläkeläinen","advanceVotes":0,"npid":6,"totalVotes":0,"spid":2,"abbr":"KOK","municipalCouncilor":false,"muid":249,"alid":6,"firstname":"Tuire","electionDayVotes":0,"pid":"4","finalPosition":0,"electedInformation":"NOT_ELECTED","totalVotesPercent":0.0,"nominatorName":{"fi":"Kansallinen Kokoomus","sv":"Samlingspartiet","en":"National Coalition Party"},"caid":61,"position":0,"gender":"2","comparisonData":{"totalVotes":0,"votesTotalChange":0},"edid":11,"comparativeIndex":0.0,"electionDayVotesPercent":0.0,"nominatorAbbr":{"fi":"KOK","sv":"Saml","en":"NCP"}},{"age":19,"advanceVotesPercent":0.0,"lastname":"Jämsä","occupation":"opiskelija","advanceVotes":0,"npid":6,"totalVotes":0,"spid":2,"abbr":"KOK","municipalCouncilor":false,"muid":249,"alid":6,"firstname":"Matleena","electionDayVotes":0,"pid":"4","finalPosition":0,"electedInformation":"ON_SUBSTITUTE_PLACE","totalVotesPercent":0.0,"nominatorName":{"fi":"Kansallinen Kokoomus","sv":"Samlingspartiet","en":"National Coalition Party"},"caid":62,"position":0,"gender":"2","comparisonData":{"totalVotes":0,"votesTotalChange":0},"edid":11,"comparativeIndex":0.0,"electionDayVotesPercent":0.0,"nominatorAbbr":{"fi":"KOK","sv":"Saml","en":"NCP"}},{"age":53,"advanceVotesPercent":0.0,"lastname":"Mörsky","occupation":"teollisuustoimihenkilö, liiketaloustradenomi","advanceVotes":0,"npid":6,"totalVotes":0,"spid":2,"abbr":"KOK","municipalCouncilor":false,"muid":249,"alid":6,"firstname":"Janne","electionDayVotes":0,"pid":"4","finalPosition":0,"electedInformation":"ON_SUBSTITUTE_PLACE","totalVotesPercent":0.0,"nominatorName":{"fi":"Kansallinen Kokoomus","sv":"Samlingspartiet","en":"National Coalition Party"},"caid":67,"position":0,"gender":"1","comparisonData":{"totalVotes":0,"votesTotalChange":0},"edid":11,"comparativeIndex":0.0,"electionDayVotesPercent":0.0,"nominatorAbbr":{"fi":"KOK","sv":"Saml","en":"NCP"}},{"age":58,"advanceVotesPercent":0.0,"lastname":"Rusila","occupation":"huoltomyyjä","advanceVotes":0,"npid":6,"totalVotes":0,"spid":2,"abbr":"KOK","municipalCouncilor":false,"muid":249,"alid":6,"firstname":"Keijo","electionDayVotes":0,"pid":"4","finalPosition":0,"electedInformation":"NOT_ELECTED","totalVotesPercent":0.0,"nominatorName":{"fi":"Kansallinen Kokoomus","sv":"Samlingspartiet","en":"National Coalition Party"},"caid":70,"position":0,"gender":"1","comparisonData":{"totalVotes":14,"votesTotalChange":-14},"edid":11,"comparativeIndex":0.0,"electionDayVotesPercent":0.0,"nominatorAbbr":{"fi":"KOK","sv":"Saml","en":"NCP"}},{"age":26,"advanceVotesPercent":0.0,"lastname":"Ekqvist","occupation":"kokki, vartija","advanceVotes":0,"npid":7,"totalVotes":0,"spid":8,"abbr":"KD","municipalCouncilor":false,"muid":249,"alid":7,"firstname":"Niko","electionDayVotes":0,"pid":"9","finalPosition":0,"electedInformation":"NOT_ELECTED","totalVotesPercent":0.0,"nominatorName":{"fi":"Suomen Kristillisdemokraatit (KD)","sv":"Kristdemokraterna i Finland (KD)","en":"Christian Democrats in Finland"},"caid":74,"position":0,"gender":"1","comparisonData":{"totalVotes":0,"votesTotalChange":0},"edid":11,"comparativeIndex":0.0,"electionDayVotesPercent":0.0,"nominatorAbbr":{"fi":"KD","sv":"KD","en":"CD"}},{"age":38,"advanceVotesPercent":0.0,"lastname":"Nuotio","occupation":"kenttätyöntekijä","advanceVotes":0,"npid":7,"totalVotes":0,"spid":8,"abbr":"KD","municipalCouncilor":false,"muid":249,"alid":7,"firstname":"Mia-Mari","electionDayVotes":0,"pid":"9","finalPosition":0,"electedInformation":"NOT_ELECTED","totalVotesPercent":0.0,"nominatorName":{"fi":"Suomen Kristillisdemokraatit (KD)","sv":"Kristdemokraterna i Finland (KD)","en":"Christian Democrats in Finland"},"caid":79,"position":0,"gender":"2","comparisonData":{"totalVotes":0,"votesTotalChange":0},"edid":11,"comparativeIndex":0.0,"electionDayVotesPercent":0.0,"nominatorAbbr":{"fi":"KD","sv":"KD","en":"CD"}},{"age":64,"advanceVotesPercent":0.0,"lastname":"Kotimäki","occupation":"kemisti, kirjoittaja-puhuja","advanceVotes":0,"npid":8,"totalVotes":0,"spid":99,"abbr":"Muut","municipalCouncilor":true,"muid":249,"alid":8,"firstname":"Ilari","electionDayVotes":0,"pid":"2498","finalPosition":0,"electedInformation":"NOT_ELECTED","totalVotesPercent":0.0,"nominatorName":{"fi":"Ryhmien demokratian- sekä vallanvalvonta -yhteislista","sv":"Ryhmien demokratian- sekä vallanvalvonta -yhteislista","en":"Ryhmien demokratian- sekä vallanvalvonta -yhteislista"},"caid":84,"position":0,"gender":"1","comparisonData":{"totalVotes":103,"votesTotalChange":-103},"edid":11,"comparativeIndex":0.0,"electionDayVotesPercent":0.0,"nominatorAbbr":{"fi":"YL1","sv":"YL1","en":"YL1"}},{"age":48,"advanceVotesPercent":0.0,"lastname":"Lampinen","occupation":"ammattikalastaja, yrittäjä","advanceVotes":0,"npid":8,"totalVotes":0,"spid":99,"abbr":"Muut","municipalCouncilor":false,"muid":249,"alid":8,"firstname":"Seppo","electionDayVotes":0,"pid":"2498","finalPosition":0,"electedInformation":"NOT_ELECTED","totalVotesPercent":0.0,"nominatorName":{"fi":"Ryhmien demokratian- sekä vallanvalvonta -yhteislista","sv":"Ryhmien demokratian- sekä vallanvalvonta -yhteislista","en":"Ryhmien demokratian- sekä vallanvalvonta -yhteislista"},"caid":85,"position":0,"gender":"1","comparisonData":{"totalVotes":61,"votesTotalChange":-61},"edid":11,"comparativeIndex":0.0,"electionDayVotesPercent":0.0,"nominatorAbbr":{"fi":"YL1","sv":"YL1","en":"YL1"}}],"municipalityPollingDistricts":[{"name":{"fi":"Keskustan läntinen","sv":"Keskustan läntinen"},"calculationStatusPercent":100.0,"joinedArea":false,"muid":249,"totalVotingInFinlandTurnout":57.0,"identification":"001","pdid":"001","eligibleVotersInFinlandTotal":3716,"edid":11,"mergedToPdid":""},{"name":{"fi":"Keskustan itäinen","sv":"Keskustan itäinen"},"calculationStatusPercent":100.0,"joinedArea":false,"muid":249,"totalVotingInFinlandTurnout":63.7,"identification":"002","pdid":"002","eligibleVotersInFinlandTotal":2620,"edid":11,"mergedToPdid":""},{"name":{"fi":"Haapamäki","sv":"Haapamäki"},"calculationStatusPercent":100.0,"joinedArea":false,"muid":249,"totalVotingInFinlandTurnout":58.3,"identification":"003","pdid":"003","eligibleVotersInFinlandTotal":1018,"edid":11,"mergedToPdid":""},{"name":{"fi":"Pihlajavesi","sv":"Pihlajavesi"},"calculationStatusPercent":100.0,"joinedArea":false,"muid":249,"totalVotingInFinlandTurnout":67.8,"identification":"004","pdid":"004","eligibleVotersInFinlandTotal":447,"edid":11,"mergedToPdid":""},{"name":{"fi":"Pohjoislahti","sv":"Pohjoislahti"},"calculationStatusPercent":100.0,"joinedArea":false,"muid":249,"totalVotingInFinlandTurnout":72.0,"identification":"005","pdid":"005","eligibleVotersInFinlandTotal":457,"edid":11,"mergedToPdid":""}],"municipality":{"muid":249,"edid":11,"name":{"fi":"Keuruu","sv":"Keuruu"}}}