{"version":40,"created":"2017-04-09T20:07:54.152Z","electionDetails":{"electionId":"kv2017","electionDate":"2017-04-09T00:00:00.000Z","electionDataPublishTime":"2017-04-09T17:00:00.000Z","name":{"fi":"Kuntavaalit 2017","sv":"Kommunalval 2017","en":"Elections 2017"},"previousElections":{"correspondingCompareElection":{"electionId":"kv2012","electionDate":"2012-10-28T00:00:00.000Z","name":{"fi":"Kuntavaalit 2012","en":"Municipal elections 2012","sv":"Kommunalval 2012"}},"otherCompareElection":{"electionId":"ev2015","electionDate":"2015-04-19T00:00:00.000Z","name":{"fi":"Eduskuntavaalit 2015","en":"Parliamentary election 2015","sv":"Riksdagsval 2015"}}}},"calculationStatus":{"electionDayVotingTurnout":47.7,"invalidAdvanceVotes":0,"calculationPhase":"INITIAL","invalidElectionDayVotes":5,"approvedAdvanceVotes":0,"advanceVotingTurnout":17.4,"totalVotingTurnoutAbroad":0.0,"name":{"fi":"Långåminne","sv":"Långåminne"},"calculationStatusPercent":100.0,"advanceVotes":38,"electionDayVotingTurnoutAbroad":0.0,"approvedTotalVotes":137,"totalVotes":142,"muid":475,"totalVotingInFinlandTurnout":65.1,"advanceVotingTurnoutAbroad":0.0,"invalidTotalVotes":5,"totalVotingTurnout":65.1,"electionDayVotes":104,"electionDayVotesInFinland":104,"pdid":"004","totalVotesInFinlandMen":0,"eligibleVotersInFinlandTotal":218,"calculationStatusPercentElectionDayVotes":100.0,"sourceRecordModificationTime":"20170409204630","otherCompareElection":{"eid":"","eligibleVotersInFinlandTotal":0,"advanceVotingInFinlandTurnout":0.0,"electionDayVotingInFinlandTurnout":0.0,"totalVotingInFinlandTurnout":0.0,"approvedVotesTotal":0,"invalidVotesTotal":0},"correspondingCompareElection":{"eid":"","eligibleVotersInFinlandTotal":0,"advanceVotingInFinlandTurnout":0.0,"electionDayVotingInFinlandTurnout":0.0,"totalVotingInFinlandTurnout":0.0,"approvedVotesTotal":0,"invalidVotesTotal":0,"seats":0},"approvedElectionDayVotes":137,"edid":10,"calculationStatusPercentAdvanceVotes":100.0,"electionDayVotingInFinlandTurnout":47.7,"seats":0,"eligibleVotersTotal":218,"advanceVotesInFinland":38,"advanceVotingInFinlandTurnout":17.4,"totalVotesInFinland":142},"partyResults":[{"advanceVotesPercent":0.0,"name":{"fi":"Suomen ruotsalainen kansanpuolue","sv":"Svenska folkpartiet i Finland","en":"Swedish People's Party in Finland"},"advanceVotes":0,"npid":3,"totalVotes":99,"spid":7,"abbr":{"fi":"RKP","sv":"SFP","en":"SPP"},"alid":3,"electionDayVotes":99,"pid":"5","totalVotesPercent":72.3,"nominatorName":{"fi":"Suomen ruotsalainen kansanpuolue","sv":"Svenska folkpartiet i Finland","en":"Swedish People's Party in Finland"},"compareData":{"otherCompareElection":{"votesTotalChange":0,"votesTotalPercentChange":0.0,"votesTotal":99,"votesTotalPercent":72.3},"correspondingCompareElection":{"votesTotalChange":0,"votesTotalPercentChange":0.0,"seatChange":0,"votesTotal":99,"votesTotalPercent":72.3,"seatsTotal":0}},"seats":0,"electionDayVotesPercent":72.3,"nominatorAbbr":{"fi":"RKP","sv":"SFP","en":"SPP"}},{"advanceVotesPercent":0.0,"name":{"fi":"Suomen Sosialidemokraattinen Puolue","sv":"Finlands Socialdemokratiska Parti","en":"The Finnish Social Democratic Party"},"advanceVotes":0,"npid":2,"totalVotes":23,"spid":4,"abbr":{"fi":"SDP","sv":"SDP","en":"SDP"},"alid":2,"electionDayVotes":23,"pid":"1","totalVotesPercent":16.8,"nominatorName":{"fi":"Suomen Sosialidemokraattinen Puolue","sv":"Finlands Socialdemokratiska Parti","en":"The Finnish Social Democratic Party"},"compareData":{"otherCompareElection":{"votesTotalChange":0,"votesTotalPercentChange":0.0,"votesTotal":23,"votesTotalPercent":16.8},"correspondingCompareElection":{"votesTotalChange":0,"votesTotalPercentChange":0.0,"seatChange":0,"votesTotal":23,"votesTotalPercent":16.8,"seatsTotal":0}},"seats":0,"electionDayVotesPercent":16.8,"nominatorAbbr":{"fi":"SDP","sv":"SDP","en":"SDP"}},{"advanceVotesPercent":0.0,"name":{"fi":"Suomen Kristillisdemokraatit (KD)","sv":"Kristdemokraterna i Finland (KD)","en":"Christian Democrats in Finland"},"advanceVotes":0,"npid":1,"totalVotes":9,"spid":8,"abbr":{"fi":"KD","sv":"KD","en":"CD"},"alid":1,"electionDayVotes":9,"pid":"9","totalVotesPercent":6.6,"nominatorName":{"fi":"Suomen Kristillisdemokraatit (KD)","sv":"Kristdemokraterna i Finland (KD)","en":"Christian Democrats in Finland"},"compareData":{"otherCompareElection":{"votesTotalChange":0,"votesTotalPercentChange":0.0,"votesTotal":9,"votesTotalPercent":6.6},"correspondingCompareElection":{"votesTotalChange":0,"votesTotalPercentChange":0.0,"seatChange":0,"votesTotal":9,"votesTotalPercent":6.6,"seatsTotal":0}},"seats":0,"electionDayVotesPercent":6.6,"nominatorAbbr":{"fi":"KD","sv":"KD","en":"CD"}},{"advanceVotesPercent":0.0,"name":{"fi":"Perussuomalaiset","sv":"Sannfinländarna","en":"The Finns Party"},"advanceVotes":0,"npid":5,"totalVotes":6,"spid":3,"abbr":{"fi":"PS","sv":"Sannf","en":"FINNS"},"alid":5,"electionDayVotes":6,"pid":"23","totalVotesPercent":4.4,"nominatorName":{"fi":"Perussuomalaiset","sv":"Sannfinländarna","en":"The Finns Party"},"compareData":{"otherCompareElection":{"votesTotalChange":0,"votesTotalPercentChange":0.0,"votesTotal":6,"votesTotalPercent":4.4},"correspondingCompareElection":{"votesTotalChange":0,"votesTotalPercentChange":0.0,"seatChange":0,"votesTotal":6,"votesTotalPercent":4.4,"seatsTotal":0}},"seats":0,"electionDayVotesPercent":4.4,"nominatorAbbr":{"fi":"PS","sv":"Sannf","en":"FINNS"}},{"advanceVotesPercent":0.0,"name":{"fi":"Kansallinen Kokoomus","sv":"Samlingspartiet","en":"National Coalition Party"},"advanceVotes":0,"npid":4,"totalVotes":0,"spid":2,"abbr":{"fi":"KOK","sv":"Saml","en":"NCP"},"alid":4,"electionDayVotes":0,"pid":"4","totalVotesPercent":0.0,"nominatorName":{"fi":"Kansallinen Kokoomus","sv":"Samlingspartiet","en":"National Coalition Party"},"compareData":{"otherCompareElection":{"votesTotalChange":0,"votesTotalPercentChange":0.0,"votesTotal":0,"votesTotalPercent":0.0},"correspondingCompareElection":{"votesTotalChange":0,"votesTotalPercentChange":0.0,"seatChange":0,"votesTotal":0,"votesTotalPercent":0.0,"seatsTotal":0}},"seats":0,"electionDayVotesPercent":0.0,"nominatorAbbr":{"fi":"KOK","sv":"Saml","en":"NCP"}}],"candidateResults":[{"age":68,"advanceVotesPercent":0.0,"lastname":"Rajala","occupation":"pensionär, jordbrukare, eläkeläinen, maanviljelijä","advanceVotes":0,"npid":3,"totalVotes":45,"spid":7,"abbr":"RKP","municipalCouncilor":true,"muid":475,"alid":3,"firstname":"Pentti","electionDayVotes":45,"pid":"5","finalPosition":0,"electedInformation":"ELECTED","totalVotesPercent":32.8,"nominatorName":{"fi":"Suomen ruotsalainen kansanpuolue","sv":"Svenska folkpartiet i Finland","en":"Swedish People's Party in Finland"},"caid":55,"position":0,"gender":"1","comparisonData":{"totalVotes":78,"votesTotalChange":-33},"edid":10,"comparativeIndex":0.0,"electionDayVotesPercent":32.8,"nominatorAbbr":{"fi":"RKP","sv":"SFP","en":"SPP"}},{"age":45,"advanceVotesPercent":0.0,"lastname":"Bengs-Lattunen","occupation":"försäljningsassistent","advanceVotes":0,"npid":3,"totalVotes":28,"spid":7,"abbr":"RKP","municipalCouncilor":true,"muid":475,"alid":3,"firstname":"Carola","electionDayVotes":28,"pid":"5","finalPosition":0,"electedInformation":"ELECTED","totalVotesPercent":20.4,"nominatorName":{"fi":"Suomen ruotsalainen kansanpuolue","sv":"Svenska folkpartiet i Finland","en":"Swedish People's Party in Finland"},"caid":39,"position":0,"gender":"2","comparisonData":{"totalVotes":43,"votesTotalChange":-15},"edid":10,"comparativeIndex":0.0,"electionDayVotesPercent":20.4,"nominatorAbbr":{"fi":"RKP","sv":"SFP","en":"SPP"}},{"age":69,"advanceVotesPercent":0.0,"lastname":"Bogren","occupation":"pensionär","advanceVotes":0,"npid":2,"totalVotes":8,"spid":4,"abbr":"SDP","municipalCouncilor":true,"muid":475,"alid":2,"firstname":"Christer","electionDayVotes":8,"pid":"1","finalPosition":0,"electedInformation":"ELECTED","totalVotesPercent":5.8,"nominatorName":{"fi":"Suomen Sosialidemokraattinen Puolue","sv":"Finlands Socialdemokratiska Parti","en":"The Finnish Social Democratic Party"},"caid":9,"position":0,"gender":"1","comparisonData":{"totalVotes":141,"votesTotalChange":-133},"edid":10,"comparativeIndex":0.0,"electionDayVotesPercent":5.8,"nominatorAbbr":{"fi":"SDP","sv":"SDP","en":"SDP"}},{"age":72,"advanceVotesPercent":0.0,"lastname":"Uthardt","occupation":"pol.dr","advanceVotes":0,"npid":3,"totalVotes":6,"spid":7,"abbr":"RKP","municipalCouncilor":true,"muid":475,"alid":3,"firstname":"Lorenz","electionDayVotes":6,"pid":"5","finalPosition":0,"electedInformation":"ELECTED","totalVotesPercent":4.4,"nominatorName":{"fi":"Suomen ruotsalainen kansanpuolue","sv":"Svenska folkpartiet i Finland","en":"Swedish People's Party in Finland"},"caid":62,"position":0,"gender":"1","comparisonData":{"totalVotes":153,"votesTotalChange":-147},"edid":10,"comparativeIndex":0.0,"electionDayVotesPercent":4.4,"nominatorAbbr":{"fi":"RKP","sv":"SFP","en":"SPP"}},{"age":41,"advanceVotesPercent":0.0,"lastname":"Sjöstrand","occupation":"närvårdare","advanceVotes":0,"npid":2,"totalVotes":5,"spid":4,"abbr":"SDP","municipalCouncilor":false,"muid":475,"alid":2,"firstname":"Ann-Louise","electionDayVotes":5,"pid":"1","finalPosition":0,"electedInformation":"ON_SUBSTITUTE_PLACE","totalVotesPercent":3.6,"nominatorName":{"fi":"Suomen Sosialidemokraattinen Puolue","sv":"Finlands Socialdemokratiska Parti","en":"The Finnish Social Democratic Party"},"caid":25,"position":0,"gender":"2","comparisonData":{"totalVotes":0,"votesTotalChange":5},"edid":10,"comparativeIndex":0.0,"electionDayVotesPercent":3.6,"nominatorAbbr":{"fi":"SDP","sv":"SDP","en":"SDP"}},{"age":42,"advanceVotesPercent":0.0,"lastname":"Appel","occupation":"polis, kommunikationschef","advanceVotes":0,"npid":3,"totalVotes":5,"spid":7,"abbr":"RKP","municipalCouncilor":false,"muid":475,"alid":3,"firstname":"Mikael","electionDayVotes":5,"pid":"5","finalPosition":0,"electedInformation":"ELECTED","totalVotesPercent":3.6,"nominatorName":{"fi":"Suomen ruotsalainen kansanpuolue","sv":"Svenska folkpartiet i Finland","en":"Swedish People's Party in Finland"},"caid":37,"position":0,"gender":"1","comparisonData":{"totalVotes":0,"votesTotalChange":5},"edid":10,"comparativeIndex":0.0,"electionDayVotesPercent":3.6,"nominatorAbbr":{"fi":"RKP","sv":"SFP","en":"SPP"}},{"age":36,"advanceVotesPercent":0.0,"lastname":"Ekström","occupation":"egenföretagare","advanceVotes":0,"npid":1,"totalVotes":3,"spid":8,"abbr":"KD","municipalCouncilor":false,"muid":475,"alid":1,"firstname":"Anders","electionDayVotes":3,"pid":"9","finalPosition":0,"electedInformation":"NOT_ELECTED","totalVotesPercent":2.2,"nominatorName":{"fi":"Suomen Kristillisdemokraatit (KD)","sv":"Kristdemokraterna i Finland (KD)","en":"Christian Democrats in Finland"},"caid":3,"position":0,"gender":"1","comparisonData":{"totalVotes":0,"votesTotalChange":3},"edid":10,"comparativeIndex":0.0,"electionDayVotesPercent":2.2,"nominatorAbbr":{"fi":"KD","sv":"KD","en":"CD"}},{"age":29,"advanceVotesPercent":0.0,"lastname":"Mäkelä","occupation":"smyckesdesigner, korumuotoilija","advanceVotes":0,"npid":1,"totalVotes":3,"spid":8,"abbr":"KD","municipalCouncilor":false,"muid":475,"alid":1,"firstname":"Nadja","electionDayVotes":3,"pid":"9","finalPosition":0,"electedInformation":"NOT_ELECTED","totalVotesPercent":2.2,"nominatorName":{"fi":"Suomen Kristillisdemokraatit (KD)","sv":"Kristdemokraterna i Finland (KD)","en":"Christian Democrats in Finland"},"caid":5,"position":0,"gender":"2","comparisonData":{"totalVotes":0,"votesTotalChange":3},"edid":10,"comparativeIndex":0.0,"electionDayVotesPercent":2.2,"nominatorAbbr":{"fi":"KD","sv":"KD","en":"CD"}},{"age":38,"advanceVotesPercent":0.0,"lastname":"Donner","occupation":"agrolog YH","advanceVotes":0,"npid":2,"totalVotes":3,"spid":4,"abbr":"SDP","municipalCouncilor":true,"muid":475,"alid":2,"firstname":"Tove","electionDayVotes":3,"pid":"1","finalPosition":0,"electedInformation":"ELECTED","totalVotesPercent":2.2,"nominatorName":{"fi":"Suomen Sosialidemokraattinen Puolue","sv":"Finlands Socialdemokratiska Parti","en":"The Finnish Social Democratic Party"},"caid":11,"position":0,"gender":"2","comparisonData":{"totalVotes":47,"votesTotalChange":-44},"edid":10,"comparativeIndex":0.0,"electionDayVotesPercent":2.2,"nominatorAbbr":{"fi":"SDP","sv":"SDP","en":"SDP"}},{"age":33,"advanceVotesPercent":0.0,"lastname":"West","occupation":"sjukskötare, hälsovårdare","advanceVotes":0,"npid":3,"totalVotes":3,"spid":7,"abbr":"RKP","municipalCouncilor":false,"muid":475,"alid":3,"firstname":"Mia","electionDayVotes":3,"pid":"5","finalPosition":0,"electedInformation":"ELECTED","totalVotesPercent":2.2,"nominatorName":{"fi":"Suomen ruotsalainen kansanpuolue","sv":"Svenska folkpartiet i Finland","en":"Swedish People's Party in Finland"},"caid":64,"position":0,"gender":"2","comparisonData":{"totalVotes":0,"votesTotalChange":3},"edid":10,"comparativeIndex":0.0,"electionDayVotesPercent":2.2,"nominatorAbbr":{"fi":"RKP","sv":"SFP","en":"SPP"}},{"age":38,"advanceVotesPercent":0.0,"lastname":"Sivula","occupation":"ravintolatyöntekijä","advanceVotes":0,"npid":5,"totalVotes":3,"spid":3,"abbr":"PS","municipalCouncilor":false,"muid":475,"alid":5,"firstname":"Johanna","electionDayVotes":3,"pid":"23","finalPosition":0,"electedInformation":"NOT_ELECTED","totalVotesPercent":2.2,"nominatorName":{"fi":"Perussuomalaiset","sv":"Sannfinländarna","en":"The Finns Party"},"caid":68,"position":0,"gender":"2","comparisonData":{"totalVotes":0,"votesTotalChange":3},"edid":10,"comparativeIndex":0.0,"electionDayVotesPercent":2.2,"nominatorAbbr":{"fi":"PS","sv":"Sannf","en":"FINNS"}},{"age":50,"advanceVotesPercent":0.0,"lastname":"Tast","occupation":"speciallärare, erityisopettaja","advanceVotes":0,"npid":1,"totalVotes":2,"spid":8,"abbr":"KD","municipalCouncilor":true,"muid":475,"alid":1,"firstname":"Leif","electionDayVotes":2,"pid":"9","finalPosition":0,"electedInformation":"NOT_ELECTED","totalVotesPercent":1.5,"nominatorName":{"fi":"Suomen Kristillisdemokraatit (KD)","sv":"Kristdemokraterna i Finland (KD)","en":"Christian Democrats in Finland"},"caid":2,"position":0,"gender":"1","comparisonData":{"totalVotes":73,"votesTotalChange":-71},"edid":10,"comparativeIndex":0.0,"electionDayVotesPercent":1.5,"nominatorAbbr":{"fi":"KD","sv":"KD","en":"CD"}},{"age":39,"advanceVotesPercent":0.0,"lastname":"Ahlholm","occupation":"kock","advanceVotes":0,"npid":2,"totalVotes":2,"spid":4,"abbr":"SDP","municipalCouncilor":false,"muid":475,"alid":2,"firstname":"Annette","electionDayVotes":2,"pid":"1","finalPosition":0,"electedInformation":"NOT_ELECTED","totalVotesPercent":1.5,"nominatorName":{"fi":"Suomen Sosialidemokraattinen Puolue","sv":"Finlands Socialdemokratiska Parti","en":"The Finnish Social Democratic Party"},"caid":6,"position":0,"gender":"2","comparisonData":{"totalVotes":0,"votesTotalChange":2},"edid":10,"comparativeIndex":0.0,"electionDayVotesPercent":1.5,"nominatorAbbr":{"fi":"SDP","sv":"SDP","en":"SDP"}},{"age":40,"advanceVotesPercent":0.0,"lastname":"Malm","occupation":"divisionschef","advanceVotes":0,"npid":3,"totalVotes":2,"spid":7,"abbr":"RKP","municipalCouncilor":false,"muid":475,"alid":3,"firstname":"Stefan","electionDayVotes":2,"pid":"5","finalPosition":0,"electedInformation":"ELECTED","totalVotesPercent":1.5,"nominatorName":{"fi":"Suomen ruotsalainen kansanpuolue","sv":"Svenska folkpartiet i Finland","en":"Swedish People's Party in Finland"},"caid":53,"position":0,"gender":"1","comparisonData":{"totalVotes":0,"votesTotalChange":2},"edid":10,"comparativeIndex":0.0,"electionDayVotesPercent":1.5,"nominatorAbbr":{"fi":"RKP","sv":"SFP","en":"SPP"}},{"age":41,"advanceVotesPercent":0.0,"lastname":"Rönnqvist","occupation":"verksamhetsledare","advanceVotes":0,"npid":3,"totalVotes":2,"spid":7,"abbr":"RKP","municipalCouncilor":false,"muid":475,"alid":3,"firstname":"Jonas","electionDayVotes":2,"pid":"5","finalPosition":0,"electedInformation":"ELECTED","totalVotesPercent":1.5,"nominatorName":{"fi":"Suomen ruotsalainen kansanpuolue","sv":"Svenska folkpartiet i Finland","en":"Swedish People's Party in Finland"},"caid":56,"position":0,"gender":"1","comparisonData":{"totalVotes":28,"votesTotalChange":-26},"edid":10,"comparativeIndex":0.0,"electionDayVotesPercent":1.5,"nominatorAbbr":{"fi":"RKP","sv":"SFP","en":"SPP"}},{"age":30,"advanceVotesPercent":0.0,"lastname":"Korpi","occupation":"kuorma-autonkuljettaja","advanceVotes":0,"npid":5,"totalVotes":2,"spid":3,"abbr":"PS","municipalCouncilor":false,"muid":475,"alid":5,"firstname":"Marko","electionDayVotes":2,"pid":"23","finalPosition":0,"electedInformation":"NOT_ELECTED","totalVotesPercent":1.5,"nominatorName":{"fi":"Perussuomalaiset","sv":"Sannfinländarna","en":"The Finns Party"},"caid":67,"position":0,"gender":"1","comparisonData":{"totalVotes":0,"votesTotalChange":2},"edid":10,"comparativeIndex":0.0,"electionDayVotesPercent":1.5,"nominatorAbbr":{"fi":"PS","sv":"Sannf","en":"FINNS"}},{"age":30,"advanceVotesPercent":0.0,"lastname":"Granholm","occupation":"bilplåtslagare, stödperson","advanceVotes":0,"npid":1,"totalVotes":1,"spid":8,"abbr":"KD","municipalCouncilor":false,"muid":475,"alid":1,"firstname":"Ronny","electionDayVotes":1,"pid":"9","finalPosition":0,"electedInformation":"NOT_ELECTED","totalVotesPercent":0.7,"nominatorName":{"fi":"Suomen Kristillisdemokraatit (KD)","sv":"Kristdemokraterna i Finland (KD)","en":"Christian Democrats in Finland"},"caid":4,"position":0,"gender":"1","comparisonData":{"totalVotes":24,"votesTotalChange":-23},"edid":10,"comparativeIndex":0.0,"electionDayVotesPercent":0.7,"nominatorAbbr":{"fi":"KD","sv":"KD","en":"CD"}},{"age":46,"advanceVotesPercent":0.0,"lastname":"Berts","occupation":"kock","advanceVotes":0,"npid":2,"totalVotes":1,"spid":4,"abbr":"SDP","municipalCouncilor":false,"muid":475,"alid":2,"firstname":"Johan","electionDayVotes":1,"pid":"1","finalPosition":0,"electedInformation":"ON_SUBSTITUTE_PLACE","totalVotesPercent":0.7,"nominatorName":{"fi":"Suomen Sosialidemokraattinen Puolue","sv":"Finlands Socialdemokratiska Parti","en":"The Finnish Social Democratic Party"},"caid":8,"position":0,"gender":"1","comparisonData":{"totalVotes":0,"votesTotalChange":1},"edid":10,"comparativeIndex":0.0,"electionDayVotesPercent":0.7,"nominatorAbbr":{"fi":"SDP","sv":"SDP","en":"SDP"}},{"age":25,"advanceVotesPercent":0.0,"lastname":"Finne","occupation":"studerande","advanceVotes":0,"npid":2,"totalVotes":1,"spid":4,"abbr":"SDP","municipalCouncilor":false,"muid":475,"alid":2,"firstname":"Joakim","electionDayVotes":1,"pid":"1","finalPosition":0,"electedInformation":"NOT_ELECTED","totalVotesPercent":0.7,"nominatorName":{"fi":"Suomen Sosialidemokraattinen Puolue","sv":"Finlands Socialdemokratiska Parti","en":"The Finnish Social Democratic Party"},"caid":12,"position":0,"gender":"1","comparisonData":{"totalVotes":0,"votesTotalChange":1},"edid":10,"comparativeIndex":0.0,"electionDayVotesPercent":0.7,"nominatorAbbr":{"fi":"SDP","sv":"SDP","en":"SDP"}},{"age":61,"advanceVotesPercent":0.0,"lastname":"Köse","occupation":"undersköterska","advanceVotes":0,"npid":2,"totalVotes":1,"spid":4,"abbr":"SDP","municipalCouncilor":false,"muid":475,"alid":2,"firstname":"Maynie","electionDayVotes":1,"pid":"1","finalPosition":0,"electedInformation":"NOT_ELECTED","totalVotesPercent":0.7,"nominatorName":{"fi":"Suomen Sosialidemokraattinen Puolue","sv":"Finlands Socialdemokratiska Parti","en":"The Finnish Social Democratic Party"},"caid":16,"position":0,"gender":"2","comparisonData":{"totalVotes":0,"votesTotalChange":1},"edid":10,"comparativeIndex":0.0,"electionDayVotesPercent":0.7,"nominatorAbbr":{"fi":"SDP","sv":"SDP","en":"SDP"}},{"age":43,"advanceVotesPercent":0.0,"lastname":"Sipic","occupation":"fastighetsskötare","advanceVotes":0,"npid":2,"totalVotes":1,"spid":4,"abbr":"SDP","municipalCouncilor":false,"muid":475,"alid":2,"firstname":"Elmedin","electionDayVotes":1,"pid":"1","finalPosition":0,"electedInformation":"ELECTED","totalVotesPercent":0.7,"nominatorName":{"fi":"Suomen Sosialidemokraattinen Puolue","sv":"Finlands Socialdemokratiska Parti","en":"The Finnish Social Democratic Party"},"caid":24,"position":0,"gender":"1","comparisonData":{"totalVotes":0,"votesTotalChange":1},"edid":10,"comparativeIndex":0.0,"electionDayVotesPercent":0.7,"nominatorAbbr":{"fi":"SDP","sv":"SDP","en":"SDP"}},{"age":70,"advanceVotesPercent":0.0,"lastname":"Svenns","occupation":"pensionär","advanceVotes":0,"npid":2,"totalVotes":1,"spid":4,"abbr":"SDP","municipalCouncilor":false,"muid":475,"alid":2,"firstname":"Margareta","electionDayVotes":1,"pid":"1","finalPosition":0,"electedInformation":"NOT_ELECTED","totalVotesPercent":0.7,"nominatorName":{"fi":"Suomen Sosialidemokraattinen Puolue","sv":"Finlands Socialdemokratiska Parti","en":"The Finnish Social Democratic Party"},"caid":29,"position":0,"gender":"2","comparisonData":{"totalVotes":21,"votesTotalChange":-20},"edid":10,"comparativeIndex":0.0,"electionDayVotesPercent":0.7,"nominatorAbbr":{"fi":"SDP","sv":"SDP","en":"SDP"}},{"age":35,"advanceVotesPercent":0.0,"lastname":"Backas","occupation":"hälsovårdare, sexualrådgivare","advanceVotes":0,"npid":3,"totalVotes":1,"spid":7,"abbr":"RKP","municipalCouncilor":false,"muid":475,"alid":3,"firstname":"Teresa","electionDayVotes":1,"pid":"5","finalPosition":0,"electedInformation":"ON_SUBSTITUTE_PLACE","totalVotesPercent":0.7,"nominatorName":{"fi":"Suomen ruotsalainen kansanpuolue","sv":"Svenska folkpartiet i Finland","en":"Swedish People's Party in Finland"},"caid":38,"position":0,"gender":"2","comparisonData":{"totalVotes":17,"votesTotalChange":-16},"edid":10,"comparativeIndex":0.0,"electionDayVotesPercent":0.7,"nominatorAbbr":{"fi":"RKP","sv":"SFP","en":"SPP"}},{"age":25,"advanceVotesPercent":0.0,"lastname":"Bergqvist","occupation":"jord- och skogsbrukare","advanceVotes":0,"npid":3,"totalVotes":1,"spid":7,"abbr":"RKP","municipalCouncilor":false,"muid":475,"alid":3,"firstname":"Johan","electionDayVotes":1,"pid":"5","finalPosition":0,"electedInformation":"ELECTED","totalVotesPercent":0.7,"nominatorName":{"fi":"Suomen ruotsalainen kansanpuolue","sv":"Svenska folkpartiet i Finland","en":"Swedish People's Party in Finland"},"caid":40,"position":0,"gender":"1","comparisonData":{"totalVotes":0,"votesTotalChange":1},"edid":10,"comparativeIndex":0.0,"electionDayVotesPercent":0.7,"nominatorAbbr":{"fi":"RKP","sv":"SFP","en":"SPP"}},{"age":69,"advanceVotesPercent":0.0,"lastname":"Brolund","occupation":"pensionerad sjukskötare","advanceVotes":0,"npid":3,"totalVotes":1,"spid":7,"abbr":"RKP","municipalCouncilor":true,"muid":475,"alid":3,"firstname":"Lili-Ann","electionDayVotes":1,"pid":"5","finalPosition":0,"electedInformation":"ON_SUBSTITUTE_PLACE","totalVotesPercent":0.7,"nominatorName":{"fi":"Suomen ruotsalainen kansanpuolue","sv":"Svenska folkpartiet i Finland","en":"Swedish People's Party in Finland"},"caid":43,"position":0,"gender":"2","comparisonData":{"totalVotes":45,"votesTotalChange":-44},"edid":10,"comparativeIndex":0.0,"electionDayVotesPercent":0.7,"nominatorAbbr":{"fi":"RKP","sv":"SFP","en":"SPP"}},{"age":43,"advanceVotesPercent":0.0,"lastname":"Forsberg","occupation":"ekon.mag.","advanceVotes":0,"npid":3,"totalVotes":1,"spid":7,"abbr":"RKP","municipalCouncilor":false,"muid":475,"alid":3,"firstname":"Malin","electionDayVotes":1,"pid":"5","finalPosition":0,"electedInformation":"ON_SUBSTITUTE_PLACE","totalVotesPercent":0.7,"nominatorName":{"fi":"Suomen ruotsalainen kansanpuolue","sv":"Svenska folkpartiet i Finland","en":"Swedish People's Party in Finland"},"caid":47,"position":0,"gender":"2","comparisonData":{"totalVotes":28,"votesTotalChange":-27},"edid":10,"comparativeIndex":0.0,"electionDayVotesPercent":0.7,"nominatorAbbr":{"fi":"RKP","sv":"SFP","en":"SPP"}},{"age":23,"advanceVotesPercent":0.0,"lastname":"Gästgivars","occupation":"yrkeshögskolestuderande","advanceVotes":0,"npid":3,"totalVotes":1,"spid":7,"abbr":"RKP","municipalCouncilor":false,"muid":475,"alid":3,"firstname":"Kim","electionDayVotes":1,"pid":"5","finalPosition":0,"electedInformation":"ON_SUBSTITUTE_PLACE","totalVotesPercent":0.7,"nominatorName":{"fi":"Suomen ruotsalainen kansanpuolue","sv":"Svenska folkpartiet i Finland","en":"Swedish People's Party in Finland"},"caid":48,"position":0,"gender":"1","comparisonData":{"totalVotes":0,"votesTotalChange":1},"edid":10,"comparativeIndex":0.0,"electionDayVotesPercent":0.7,"nominatorAbbr":{"fi":"RKP","sv":"SFP","en":"SPP"}},{"age":66,"advanceVotesPercent":0.0,"lastname":"Knip","occupation":"diplomingenjör","advanceVotes":0,"npid":3,"totalVotes":1,"spid":7,"abbr":"RKP","municipalCouncilor":true,"muid":475,"alid":3,"firstname":"Håkan","electionDayVotes":1,"pid":"5","finalPosition":0,"electedInformation":"ELECTED","totalVotesPercent":0.7,"nominatorName":{"fi":"Suomen ruotsalainen kansanpuolue","sv":"Svenska folkpartiet i Finland","en":"Swedish People's Party in Finland"},"caid":52,"position":0,"gender":"1","comparisonData":{"totalVotes":120,"votesTotalChange":-119},"edid":10,"comparativeIndex":0.0,"electionDayVotesPercent":0.7,"nominatorAbbr":{"fi":"RKP","sv":"SFP","en":"SPP"}},{"age":71,"advanceVotesPercent":0.0,"lastname":"Nygård","occupation":"pensionär, språklärare","advanceVotes":0,"npid":3,"totalVotes":1,"spid":7,"abbr":"RKP","municipalCouncilor":true,"muid":475,"alid":3,"firstname":"Christina","electionDayVotes":1,"pid":"5","finalPosition":0,"electedInformation":"ELECTED","totalVotesPercent":0.7,"nominatorName":{"fi":"Suomen ruotsalainen kansanpuolue","sv":"Svenska folkpartiet i Finland","en":"Swedish People's Party in Finland"},"caid":54,"position":0,"gender":"2","comparisonData":{"totalVotes":81,"votesTotalChange":-80},"edid":10,"comparativeIndex":0.0,"electionDayVotesPercent":0.7,"nominatorAbbr":{"fi":"RKP","sv":"SFP","en":"SPP"}},{"age":40,"advanceVotesPercent":0.0,"lastname":"Söderholm","occupation":"vik. bokförare, kanslist","advanceVotes":0,"npid":3,"totalVotes":1,"spid":7,"abbr":"RKP","municipalCouncilor":false,"muid":475,"alid":3,"firstname":"Minna","electionDayVotes":1,"pid":"5","finalPosition":0,"electedInformation":"ELECTED","totalVotesPercent":0.7,"nominatorName":{"fi":"Suomen ruotsalainen kansanpuolue","sv":"Svenska folkpartiet i Finland","en":"Swedish People's Party in Finland"},"caid":61,"position":0,"gender":"2","comparisonData":{"totalVotes":0,"votesTotalChange":1},"edid":10,"comparativeIndex":0.0,"electionDayVotesPercent":0.7,"nominatorAbbr":{"fi":"RKP","sv":"SFP","en":"SPP"}},{"age":19,"advanceVotesPercent":0.0,"lastname":"Norrman","occupation":"opiskelija","advanceVotes":0,"npid":5,"totalVotes":1,"spid":3,"abbr":"PS","municipalCouncilor":false,"muid":475,"alid":5,"firstname":"Niki","electionDayVotes":1,"pid":"23","finalPosition":0,"electedInformation":"NOT_ELECTED","totalVotesPercent":0.7,"nominatorName":{"fi":"Perussuomalaiset","sv":"Sannfinländarna","en":"The Finns Party"},"caid":70,"position":0,"gender":"1","comparisonData":{"totalVotes":0,"votesTotalChange":1},"edid":10,"comparativeIndex":0.0,"electionDayVotesPercent":0.7,"nominatorAbbr":{"fi":"PS","sv":"Sannf","en":"FINNS"}},{"age":57,"advanceVotesPercent":0.0,"lastname":"Aspegren-Törnroos","occupation":"vårdare","advanceVotes":0,"npid":2,"totalVotes":0,"spid":4,"abbr":"SDP","municipalCouncilor":false,"muid":475,"alid":2,"firstname":"Anna-Lena","electionDayVotes":0,"pid":"1","finalPosition":0,"electedInformation":"NOT_ELECTED","totalVotesPercent":0.0,"nominatorName":{"fi":"Suomen Sosialidemokraattinen Puolue","sv":"Finlands Socialdemokratiska Parti","en":"The Finnish Social Democratic Party"},"caid":7,"position":0,"gender":"2","comparisonData":{"totalVotes":14,"votesTotalChange":-14},"edid":10,"comparativeIndex":0.0,"electionDayVotesPercent":0.0,"nominatorAbbr":{"fi":"SDP","sv":"SDP","en":"SDP"}},{"age":43,"advanceVotesPercent":0.0,"lastname":"Brevik","occupation":"sjukskötare","advanceVotes":0,"npid":2,"totalVotes":0,"spid":4,"abbr":"SDP","municipalCouncilor":false,"muid":475,"alid":2,"firstname":"Nina","electionDayVotes":0,"pid":"1","finalPosition":0,"electedInformation":"ON_SUBSTITUTE_PLACE","totalVotesPercent":0.0,"nominatorName":{"fi":"Suomen Sosialidemokraattinen Puolue","sv":"Finlands Socialdemokratiska Parti","en":"The Finnish Social Democratic Party"},"caid":10,"position":0,"gender":"2","comparisonData":{"totalVotes":0,"votesTotalChange":0},"edid":10,"comparativeIndex":0.0,"electionDayVotesPercent":0.0,"nominatorAbbr":{"fi":"SDP","sv":"SDP","en":"SDP"}},{"age":54,"advanceVotesPercent":0.0,"lastname":"Herrgård","occupation":"barnskötare, närvårdare","advanceVotes":0,"npid":2,"totalVotes":0,"spid":4,"abbr":"SDP","municipalCouncilor":false,"muid":475,"alid":2,"firstname":"Anne","electionDayVotes":0,"pid":"1","finalPosition":0,"electedInformation":"ON_SUBSTITUTE_PLACE","totalVotesPercent":0.0,"nominatorName":{"fi":"Suomen Sosialidemokraattinen Puolue","sv":"Finlands Socialdemokratiska Parti","en":"The Finnish Social Democratic Party"},"caid":13,"position":0,"gender":"2","comparisonData":{"totalVotes":35,"votesTotalChange":-35},"edid":10,"comparativeIndex":0.0,"electionDayVotesPercent":0.0,"nominatorAbbr":{"fi":"SDP","sv":"SDP","en":"SDP"}},{"age":61,"advanceVotesPercent":0.0,"lastname":"Högback","occupation":"kaptl ia., egenföretagare","advanceVotes":0,"npid":2,"totalVotes":0,"spid":4,"abbr":"SDP","municipalCouncilor":false,"muid":475,"alid":2,"firstname":"Volter","electionDayVotes":0,"pid":"1","finalPosition":0,"electedInformation":"NOT_ELECTED","totalVotesPercent":0.0,"nominatorName":{"fi":"Suomen Sosialidemokraattinen Puolue","sv":"Finlands Socialdemokratiska Parti","en":"The Finnish Social Democratic Party"},"caid":14,"position":0,"gender":"1","comparisonData":{"totalVotes":0,"votesTotalChange":0},"edid":10,"comparativeIndex":0.0,"electionDayVotesPercent":0.0,"nominatorAbbr":{"fi":"SDP","sv":"SDP","en":"SDP"}},{"age":63,"advanceVotesPercent":0.0,"lastname":"Ilmarinen","occupation":"arbetsledare","advanceVotes":0,"npid":2,"totalVotes":0,"spid":4,"abbr":"SDP","municipalCouncilor":false,"muid":475,"alid":2,"firstname":"Kari","electionDayVotes":0,"pid":"1","finalPosition":0,"electedInformation":"NOT_ELECTED","totalVotesPercent":0.0,"nominatorName":{"fi":"Suomen Sosialidemokraattinen Puolue","sv":"Finlands Socialdemokratiska Parti","en":"The Finnish Social Democratic Party"},"caid":15,"position":0,"gender":"1","comparisonData":{"totalVotes":14,"votesTotalChange":-14},"edid":10,"comparativeIndex":0.0,"electionDayVotesPercent":0.0,"nominatorAbbr":{"fi":"SDP","sv":"SDP","en":"SDP"}},{"age":54,"advanceVotesPercent":0.0,"lastname":"Ljungkvist","occupation":"närvårdare","advanceVotes":0,"npid":2,"totalVotes":0,"spid":4,"abbr":"SDP","municipalCouncilor":true,"muid":475,"alid":2,"firstname":"Britt-Mari","electionDayVotes":0,"pid":"1","finalPosition":0,"electedInformation":"NOT_ELECTED","totalVotesPercent":0.0,"nominatorName":{"fi":"Suomen Sosialidemokraattinen Puolue","sv":"Finlands Socialdemokratiska Parti","en":"The Finnish Social Democratic Party"},"caid":17,"position":0,"gender":"2","comparisonData":{"totalVotes":40,"votesTotalChange":-40},"edid":10,"comparativeIndex":0.0,"electionDayVotesPercent":0.0,"nominatorAbbr":{"fi":"SDP","sv":"SDP","en":"SDP"}},{"age":30,"advanceVotesPercent":0.0,"lastname":"Nygård","occupation":"fastighetsskötare","advanceVotes":0,"npid":2,"totalVotes":0,"spid":4,"abbr":"SDP","municipalCouncilor":false,"muid":475,"alid":2,"firstname":"Dennis","electionDayVotes":0,"pid":"1","finalPosition":0,"electedInformation":"ON_SUBSTITUTE_PLACE","totalVotesPercent":0.0,"nominatorName":{"fi":"Suomen Sosialidemokraattinen Puolue","sv":"Finlands Socialdemokratiska Parti","en":"The Finnish Social Democratic Party"},"caid":18,"position":0,"gender":"1","comparisonData":{"totalVotes":0,"votesTotalChange":0},"edid":10,"comparativeIndex":0.0,"electionDayVotesPercent":0.0,"nominatorAbbr":{"fi":"SDP","sv":"SDP","en":"SDP"}},{"age":39,"advanceVotesPercent":0.0,"lastname":"Nyman","occupation":"kontorist","advanceVotes":0,"npid":2,"totalVotes":0,"spid":4,"abbr":"SDP","municipalCouncilor":false,"muid":475,"alid":2,"firstname":"Thea","electionDayVotes":0,"pid":"1","finalPosition":0,"electedInformation":"NOT_ELECTED","totalVotesPercent":0.0,"nominatorName":{"fi":"Suomen Sosialidemokraattinen Puolue","sv":"Finlands Socialdemokratiska Parti","en":"The Finnish Social Democratic Party"},"caid":19,"position":0,"gender":"2","comparisonData":{"totalVotes":0,"votesTotalChange":0},"edid":10,"comparativeIndex":0.0,"electionDayVotesPercent":0.0,"nominatorAbbr":{"fi":"SDP","sv":"SDP","en":"SDP"}},{"age":20,"advanceVotesPercent":0.0,"lastname":"Nyroos","occupation":"studerande, närvårdare","advanceVotes":0,"npid":2,"totalVotes":0,"spid":4,"abbr":"SDP","municipalCouncilor":false,"muid":475,"alid":2,"firstname":"Alexandra","electionDayVotes":0,"pid":"1","finalPosition":0,"electedInformation":"NOT_ELECTED","totalVotesPercent":0.0,"nominatorName":{"fi":"Suomen Sosialidemokraattinen Puolue","sv":"Finlands Socialdemokratiska Parti","en":"The Finnish Social Democratic Party"},"caid":20,"position":0,"gender":"2","comparisonData":{"totalVotes":0,"votesTotalChange":0},"edid":10,"comparativeIndex":0.0,"electionDayVotesPercent":0.0,"nominatorAbbr":{"fi":"SDP","sv":"SDP","en":"SDP"}},{"age":49,"advanceVotesPercent":0.0,"lastname":"Nyroos","occupation":"brandförman","advanceVotes":0,"npid":2,"totalVotes":0,"spid":4,"abbr":"SDP","municipalCouncilor":false,"muid":475,"alid":2,"firstname":"Alf","electionDayVotes":0,"pid":"1","finalPosition":0,"electedInformation":"NOT_ELECTED","totalVotesPercent":0.0,"nominatorName":{"fi":"Suomen Sosialidemokraattinen Puolue","sv":"Finlands Socialdemokratiska Parti","en":"The Finnish Social Democratic Party"},"caid":21,"position":0,"gender":"1","comparisonData":{"totalVotes":8,"votesTotalChange":-8},"edid":10,"comparativeIndex":0.0,"electionDayVotesPercent":0.0,"nominatorAbbr":{"fi":"SDP","sv":"SDP","en":"SDP"}},{"age":48,"advanceVotesPercent":0.0,"lastname":"Nyroos","occupation":"regionombudsman","advanceVotes":0,"npid":2,"totalVotes":0,"spid":4,"abbr":"SDP","municipalCouncilor":false,"muid":475,"alid":2,"firstname":"Margot","electionDayVotes":0,"pid":"1","finalPosition":0,"electedInformation":"NOT_ELECTED","totalVotesPercent":0.0,"nominatorName":{"fi":"Suomen Sosialidemokraattinen Puolue","sv":"Finlands Socialdemokratiska Parti","en":"The Finnish Social Democratic Party"},"caid":22,"position":0,"gender":"2","comparisonData":{"totalVotes":10,"votesTotalChange":-10},"edid":10,"comparativeIndex":0.0,"electionDayVotesPercent":0.0,"nominatorAbbr":{"fi":"SDP","sv":"SDP","en":"SDP"}},{"age":42,"advanceVotesPercent":0.0,"lastname":"Omanovic","occupation":"datanom, laminerare","advanceVotes":0,"npid":2,"totalVotes":0,"spid":4,"abbr":"SDP","municipalCouncilor":false,"muid":475,"alid":2,"firstname":"Senad","electionDayVotes":0,"pid":"1","finalPosition":0,"electedInformation":"NOT_ELECTED","totalVotesPercent":0.0,"nominatorName":{"fi":"Suomen Sosialidemokraattinen Puolue","sv":"Finlands Socialdemokratiska Parti","en":"The Finnish Social Democratic Party"},"caid":23,"position":0,"gender":"1","comparisonData":{"totalVotes":29,"votesTotalChange":-29},"edid":10,"comparativeIndex":0.0,"electionDayVotesPercent":0.0,"nominatorAbbr":{"fi":"SDP","sv":"SDP","en":"SDP"}},{"age":51,"advanceVotesPercent":0.0,"lastname":"Stormblad","occupation":"förstavårdare","advanceVotes":0,"npid":2,"totalVotes":0,"spid":4,"abbr":"SDP","municipalCouncilor":true,"muid":475,"alid":2,"firstname":"Bertil","electionDayVotes":0,"pid":"1","finalPosition":0,"electedInformation":"ELECTED","totalVotesPercent":0.0,"nominatorName":{"fi":"Suomen Sosialidemokraattinen Puolue","sv":"Finlands Socialdemokratiska Parti","en":"The Finnish Social Democratic Party"},"caid":26,"position":0,"gender":"1","comparisonData":{"totalVotes":65,"votesTotalChange":-65},"edid":10,"comparativeIndex":0.0,"electionDayVotesPercent":0.0,"nominatorAbbr":{"fi":"SDP","sv":"SDP","en":"SDP"}},{"age":66,"advanceVotesPercent":0.0,"lastname":"Strandberg","occupation":"företagare, pensionär","advanceVotes":0,"npid":2,"totalVotes":0,"spid":4,"abbr":"SDP","municipalCouncilor":false,"muid":475,"alid":2,"firstname":"Richard","electionDayVotes":0,"pid":"1","finalPosition":0,"electedInformation":"NOT_ELECTED","totalVotesPercent":0.0,"nominatorName":{"fi":"Suomen Sosialidemokraattinen Puolue","sv":"Finlands Socialdemokratiska Parti","en":"The Finnish Social Democratic Party"},"caid":27,"position":0,"gender":"1","comparisonData":{"totalVotes":17,"votesTotalChange":-17},"edid":10,"comparativeIndex":0.0,"electionDayVotesPercent":0.0,"nominatorAbbr":{"fi":"SDP","sv":"SDP","en":"SDP"}},{"age":58,"advanceVotesPercent":0.0,"lastname":"Sundman","occupation":"inköpssekr., huvudförtroendeman","advanceVotes":0,"npid":2,"totalVotes":0,"spid":4,"abbr":"SDP","municipalCouncilor":false,"muid":475,"alid":2,"firstname":"Lea","electionDayVotes":0,"pid":"1","finalPosition":0,"electedInformation":"NOT_ELECTED","totalVotesPercent":0.0,"nominatorName":{"fi":"Suomen Sosialidemokraattinen Puolue","sv":"Finlands Socialdemokratiska Parti","en":"The Finnish Social Democratic Party"},"caid":28,"position":0,"gender":"2","comparisonData":{"totalVotes":3,"votesTotalChange":-3},"edid":10,"comparativeIndex":0.0,"electionDayVotesPercent":0.0,"nominatorAbbr":{"fi":"SDP","sv":"SDP","en":"SDP"}},{"age":55,"advanceVotesPercent":0.0,"lastname":"Söderholm","occupation":"barnskötare","advanceVotes":0,"npid":2,"totalVotes":0,"spid":4,"abbr":"SDP","municipalCouncilor":true,"muid":475,"alid":2,"firstname":"Britt-Mari","electionDayVotes":0,"pid":"1","finalPosition":0,"electedInformation":"ELECTED","totalVotesPercent":0.0,"nominatorName":{"fi":"Suomen Sosialidemokraattinen Puolue","sv":"Finlands Socialdemokratiska Parti","en":"The Finnish Social Democratic Party"},"caid":30,"position":0,"gender":"2","comparisonData":{"totalVotes":97,"votesTotalChange":-97},"edid":10,"comparativeIndex":0.0,"electionDayVotesPercent":0.0,"nominatorAbbr":{"fi":"SDP","sv":"SDP","en":"SDP"}},{"age":43,"advanceVotesPercent":0.0,"lastname":"Söderholm","occupation":"ytbehandlare","advanceVotes":0,"npid":2,"totalVotes":0,"spid":4,"abbr":"SDP","municipalCouncilor":false,"muid":475,"alid":2,"firstname":"Johnny","electionDayVotes":0,"pid":"1","finalPosition":0,"electedInformation":"ON_SUBSTITUTE_PLACE","totalVotesPercent":0.0,"nominatorName":{"fi":"Suomen Sosialidemokraattinen Puolue","sv":"Finlands Socialdemokratiska Parti","en":"The Finnish Social Democratic Party"},"caid":31,"position":0,"gender":"1","comparisonData":{"totalVotes":15,"votesTotalChange":-15},"edid":10,"comparativeIndex":0.0,"electionDayVotesPercent":0.0,"nominatorAbbr":{"fi":"SDP","sv":"SDP","en":"SDP"}},{"age":32,"advanceVotesPercent":0.0,"lastname":"Turtonen","occupation":"psykolog, psykoterapistuderande","advanceVotes":0,"npid":2,"totalVotes":0,"spid":4,"abbr":"SDP","municipalCouncilor":false,"muid":475,"alid":2,"firstname":"Mira","electionDayVotes":0,"pid":"1","finalPosition":0,"electedInformation":"ELECTED","totalVotesPercent":0.0,"nominatorName":{"fi":"Suomen Sosialidemokraattinen Puolue","sv":"Finlands Socialdemokratiska Parti","en":"The Finnish Social Democratic Party"},"caid":32,"position":0,"gender":"2","comparisonData":{"totalVotes":0,"votesTotalChange":0},"edid":10,"comparativeIndex":0.0,"electionDayVotesPercent":0.0,"nominatorAbbr":{"fi":"SDP","sv":"SDP","en":"SDP"}},{"age":34,"advanceVotesPercent":0.0,"lastname":"Uotinen","occupation":"egenföretagare","advanceVotes":0,"npid":2,"totalVotes":0,"spid":4,"abbr":"SDP","municipalCouncilor":true,"muid":475,"alid":2,"firstname":"Tommi","electionDayVotes":0,"pid":"1","finalPosition":0,"electedInformation":"NOT_ELECTED","totalVotesPercent":0.0,"nominatorName":{"fi":"Suomen Sosialidemokraattinen Puolue","sv":"Finlands Socialdemokratiska Parti","en":"The Finnish Social Democratic Party"},"caid":33,"position":0,"gender":"1","comparisonData":{"totalVotes":42,"votesTotalChange":-42},"edid":10,"comparativeIndex":0.0,"electionDayVotesPercent":0.0,"nominatorAbbr":{"fi":"SDP","sv":"SDP","en":"SDP"}},{"age":54,"advanceVotesPercent":0.0,"lastname":"Wahlroos","occupation":"fastighetsskötare, biolog","advanceVotes":0,"npid":2,"totalVotes":0,"spid":4,"abbr":"SDP","municipalCouncilor":false,"muid":475,"alid":2,"firstname":"Ann-Marie","electionDayVotes":0,"pid":"1","finalPosition":0,"electedInformation":"NOT_ELECTED","totalVotesPercent":0.0,"nominatorName":{"fi":"Suomen Sosialidemokraattinen Puolue","sv":"Finlands Socialdemokratiska Parti","en":"The Finnish Social Democratic Party"},"caid":34,"position":0,"gender":"2","comparisonData":{"totalVotes":4,"votesTotalChange":-4},"edid":10,"comparativeIndex":0.0,"electionDayVotesPercent":0.0,"nominatorAbbr":{"fi":"SDP","sv":"SDP","en":"SDP"}},{"age":43,"advanceVotesPercent":0.0,"lastname":"Westerback","occupation":"sjukskötare","advanceVotes":0,"npid":2,"totalVotes":0,"spid":4,"abbr":"SDP","municipalCouncilor":false,"muid":475,"alid":2,"firstname":"Maria","electionDayVotes":0,"pid":"1","finalPosition":0,"electedInformation":"NOT_ELECTED","totalVotesPercent":0.0,"nominatorName":{"fi":"Suomen Sosialidemokraattinen Puolue","sv":"Finlands Socialdemokratiska Parti","en":"The Finnish Social Democratic Party"},"caid":35,"position":0,"gender":"2","comparisonData":{"totalVotes":0,"votesTotalChange":0},"edid":10,"comparativeIndex":0.0,"electionDayVotesPercent":0.0,"nominatorAbbr":{"fi":"SDP","sv":"SDP","en":"SDP"}},{"age":39,"advanceVotesPercent":0.0,"lastname":"Åkerman","occupation":"redovisningsmerkonom","advanceVotes":0,"npid":2,"totalVotes":0,"spid":4,"abbr":"SDP","municipalCouncilor":false,"muid":475,"alid":2,"firstname":"Kim","electionDayVotes":0,"pid":"1","finalPosition":0,"electedInformation":"NOT_ELECTED","totalVotesPercent":0.0,"nominatorName":{"fi":"Suomen Sosialidemokraattinen Puolue","sv":"Finlands Socialdemokratiska Parti","en":"The Finnish Social Democratic Party"},"caid":36,"position":0,"gender":"1","comparisonData":{"totalVotes":0,"votesTotalChange":0},"edid":10,"comparativeIndex":0.0,"electionDayVotesPercent":0.0,"nominatorAbbr":{"fi":"SDP","sv":"SDP","en":"SDP"}},{"age":24,"advanceVotesPercent":0.0,"lastname":"Bjurs","occupation":"controller","advanceVotes":0,"npid":3,"totalVotes":0,"spid":7,"abbr":"RKP","municipalCouncilor":false,"muid":475,"alid":3,"firstname":"Elin","electionDayVotes":0,"pid":"5","finalPosition":0,"electedInformation":"ELECTED","totalVotesPercent":0.0,"nominatorName":{"fi":"Suomen ruotsalainen kansanpuolue","sv":"Svenska folkpartiet i Finland","en":"Swedish People's Party in Finland"},"caid":41,"position":0,"gender":"2","comparisonData":{"totalVotes":0,"votesTotalChange":0},"edid":10,"comparativeIndex":0.0,"electionDayVotesPercent":0.0,"nominatorAbbr":{"fi":"RKP","sv":"SFP","en":"SPP"}},{"age":57,"advanceVotesPercent":0.0,"lastname":"Björkholm","occupation":"ekon.mag.","advanceVotes":0,"npid":3,"totalVotes":0,"spid":7,"abbr":"RKP","municipalCouncilor":true,"muid":475,"alid":3,"firstname":"Bernt","electionDayVotes":0,"pid":"5","finalPosition":0,"electedInformation":"ELECTED","totalVotesPercent":0.0,"nominatorName":{"fi":"Suomen ruotsalainen kansanpuolue","sv":"Svenska folkpartiet i Finland","en":"Swedish People's Party in Finland"},"caid":42,"position":0,"gender":"1","comparisonData":{"totalVotes":119,"votesTotalChange":-119},"edid":10,"comparativeIndex":0.0,"electionDayVotesPercent":0.0,"nominatorAbbr":{"fi":"RKP","sv":"SFP","en":"SPP"}},{"age":30,"advanceVotesPercent":0.0,"lastname":"Bäckman","occupation":"pol.mag., socialarbetare","advanceVotes":0,"npid":3,"totalVotes":0,"spid":7,"abbr":"RKP","municipalCouncilor":false,"muid":475,"alid":3,"firstname":"Irene","electionDayVotes":0,"pid":"5","finalPosition":0,"electedInformation":"ON_SUBSTITUTE_PLACE","totalVotesPercent":0.0,"nominatorName":{"fi":"Suomen ruotsalainen kansanpuolue","sv":"Svenska folkpartiet i Finland","en":"Swedish People's Party in Finland"},"caid":44,"position":0,"gender":"2","comparisonData":{"totalVotes":0,"votesTotalChange":0},"edid":10,"comparativeIndex":0.0,"electionDayVotesPercent":0.0,"nominatorAbbr":{"fi":"RKP","sv":"SFP","en":"SPP"}},{"age":62,"advanceVotesPercent":0.0,"lastname":"Bäck-Sjökvist","occupation":"pensionerad lärare","advanceVotes":0,"npid":3,"totalVotes":0,"spid":7,"abbr":"RKP","municipalCouncilor":false,"muid":475,"alid":3,"firstname":"Iris","electionDayVotes":0,"pid":"5","finalPosition":0,"electedInformation":"ELECTED","totalVotesPercent":0.0,"nominatorName":{"fi":"Suomen ruotsalainen kansanpuolue","sv":"Svenska folkpartiet i Finland","en":"Swedish People's Party in Finland"},"caid":45,"position":0,"gender":"2","comparisonData":{"totalVotes":0,"votesTotalChange":0},"edid":10,"comparativeIndex":0.0,"electionDayVotesPercent":0.0,"nominatorAbbr":{"fi":"RKP","sv":"SFP","en":"SPP"}},{"age":19,"advanceVotesPercent":0.0,"lastname":"Elezovic´","occupation":"studerande","advanceVotes":0,"npid":3,"totalVotes":0,"spid":7,"abbr":"RKP","municipalCouncilor":false,"muid":475,"alid":3,"firstname":"Amina","electionDayVotes":0,"pid":"5","finalPosition":0,"electedInformation":"ON_SUBSTITUTE_PLACE","totalVotesPercent":0.0,"nominatorName":{"fi":"Suomen ruotsalainen kansanpuolue","sv":"Svenska folkpartiet i Finland","en":"Swedish People's Party in Finland"},"caid":46,"position":0,"gender":"2","comparisonData":{"totalVotes":0,"votesTotalChange":0},"edid":10,"comparativeIndex":0.0,"electionDayVotesPercent":0.0,"nominatorAbbr":{"fi":"RKP","sv":"SFP","en":"SPP"}},{"age":58,"advanceVotesPercent":0.0,"lastname":"Hamberg","occupation":"skogsbruksingenjör","advanceVotes":0,"npid":3,"totalVotes":0,"spid":7,"abbr":"RKP","municipalCouncilor":false,"muid":475,"alid":3,"firstname":"Karl","electionDayVotes":0,"pid":"5","finalPosition":0,"electedInformation":"ON_SUBSTITUTE_PLACE","totalVotesPercent":0.0,"nominatorName":{"fi":"Suomen ruotsalainen kansanpuolue","sv":"Svenska folkpartiet i Finland","en":"Swedish People's Party in Finland"},"caid":49,"position":0,"gender":"1","comparisonData":{"totalVotes":7,"votesTotalChange":-7},"edid":10,"comparativeIndex":0.0,"electionDayVotesPercent":0.0,"nominatorAbbr":{"fi":"RKP","sv":"SFP","en":"SPP"}},{"age":43,"advanceVotesPercent":0.0,"lastname":"Holmlund","occupation":"företagare","advanceVotes":0,"npid":3,"totalVotes":0,"spid":7,"abbr":"RKP","municipalCouncilor":false,"muid":475,"alid":3,"firstname":"Krister","electionDayVotes":0,"pid":"5","finalPosition":0,"electedInformation":"ELECTED","totalVotesPercent":0.0,"nominatorName":{"fi":"Suomen ruotsalainen kansanpuolue","sv":"Svenska folkpartiet i Finland","en":"Swedish People's Party in Finland"},"caid":50,"position":0,"gender":"1","comparisonData":{"totalVotes":0,"votesTotalChange":0},"edid":10,"comparativeIndex":0.0,"electionDayVotesPercent":0.0,"nominatorAbbr":{"fi":"RKP","sv":"SFP","en":"SPP"}},{"age":63,"advanceVotesPercent":0.0,"lastname":"Klockars","occupation":"pensionär, farledsinspektör","advanceVotes":0,"npid":3,"totalVotes":0,"spid":7,"abbr":"RKP","municipalCouncilor":false,"muid":475,"alid":3,"firstname":"Eirik","electionDayVotes":0,"pid":"5","finalPosition":0,"electedInformation":"ELECTED","totalVotesPercent":0.0,"nominatorName":{"fi":"Suomen ruotsalainen kansanpuolue","sv":"Svenska folkpartiet i Finland","en":"Swedish People's Party in Finland"},"caid":51,"position":0,"gender":"1","comparisonData":{"totalVotes":0,"votesTotalChange":0},"edid":10,"comparativeIndex":0.0,"electionDayVotesPercent":0.0,"nominatorAbbr":{"fi":"RKP","sv":"SFP","en":"SPP"}},{"age":45,"advanceVotesPercent":0.0,"lastname":"Skinnar","occupation":"tullöverinspektör, pol.mag.","advanceVotes":0,"npid":3,"totalVotes":0,"spid":7,"abbr":"RKP","municipalCouncilor":true,"muid":475,"alid":3,"firstname":"Sture","electionDayVotes":0,"pid":"5","finalPosition":0,"electedInformation":"ELECTED","totalVotesPercent":0.0,"nominatorName":{"fi":"Suomen ruotsalainen kansanpuolue","sv":"Svenska folkpartiet i Finland","en":"Swedish People's Party in Finland"},"caid":57,"position":0,"gender":"1","comparisonData":{"totalVotes":87,"votesTotalChange":-87},"edid":10,"comparativeIndex":0.0,"electionDayVotesPercent":0.0,"nominatorAbbr":{"fi":"RKP","sv":"SFP","en":"SPP"}},{"age":61,"advanceVotesPercent":0.0,"lastname":"Storbacka","occupation":"byråsekreterare","advanceVotes":0,"npid":3,"totalVotes":0,"spid":7,"abbr":"RKP","municipalCouncilor":true,"muid":475,"alid":3,"firstname":"Folke","electionDayVotes":0,"pid":"5","finalPosition":0,"electedInformation":"ELECTED","totalVotesPercent":0.0,"nominatorName":{"fi":"Suomen ruotsalainen kansanpuolue","sv":"Svenska folkpartiet i Finland","en":"Swedish People's Party in Finland"},"caid":58,"position":0,"gender":"1","comparisonData":{"totalVotes":108,"votesTotalChange":-108},"edid":10,"comparativeIndex":0.0,"electionDayVotesPercent":0.0,"nominatorAbbr":{"fi":"RKP","sv":"SFP","en":"SPP"}},{"age":50,"advanceVotesPercent":0.0,"lastname":"Ståhl","occupation":"storhushållsföreståndare","advanceVotes":0,"npid":3,"totalVotes":0,"spid":7,"abbr":"RKP","municipalCouncilor":false,"muid":475,"alid":3,"firstname":"Ann-Helene","electionDayVotes":0,"pid":"5","finalPosition":0,"electedInformation":"ELECTED","totalVotesPercent":0.0,"nominatorName":{"fi":"Suomen ruotsalainen kansanpuolue","sv":"Svenska folkpartiet i Finland","en":"Swedish People's Party in Finland"},"caid":59,"position":0,"gender":"2","comparisonData":{"totalVotes":0,"votesTotalChange":0},"edid":10,"comparativeIndex":0.0,"electionDayVotesPercent":0.0,"nominatorAbbr":{"fi":"RKP","sv":"SFP","en":"SPP"}},{"age":62,"advanceVotesPercent":0.0,"lastname":"Syrén","occupation":"lantbruksföretagare","advanceVotes":0,"npid":3,"totalVotes":0,"spid":7,"abbr":"RKP","municipalCouncilor":true,"muid":475,"alid":3,"firstname":"Rolf","electionDayVotes":0,"pid":"5","finalPosition":0,"electedInformation":"ELECTED","totalVotesPercent":0.0,"nominatorName":{"fi":"Suomen ruotsalainen kansanpuolue","sv":"Svenska folkpartiet i Finland","en":"Swedish People's Party in Finland"},"caid":60,"position":0,"gender":"1","comparisonData":{"totalVotes":71,"votesTotalChange":-71},"edid":10,"comparativeIndex":0.0,"electionDayVotesPercent":0.0,"nominatorAbbr":{"fi":"RKP","sv":"SFP","en":"SPP"}},{"age":53,"advanceVotesPercent":0.0,"lastname":"West","occupation":"journalist","advanceVotes":0,"npid":3,"totalVotes":0,"spid":7,"abbr":"RKP","municipalCouncilor":false,"muid":475,"alid":3,"firstname":"Markus","electionDayVotes":0,"pid":"5","finalPosition":0,"electedInformation":"ELECTED","totalVotesPercent":0.0,"nominatorName":{"fi":"Suomen ruotsalainen kansanpuolue","sv":"Svenska folkpartiet i Finland","en":"Swedish People's Party in Finland"},"caid":63,"position":0,"gender":"1","comparisonData":{"totalVotes":0,"votesTotalChange":0},"edid":10,"comparativeIndex":0.0,"electionDayVotesPercent":0.0,"nominatorAbbr":{"fi":"RKP","sv":"SFP","en":"SPP"}},{"age":50,"advanceVotesPercent":0.0,"lastname":"Dannbom","occupation":"pensionär","advanceVotes":0,"npid":4,"totalVotes":0,"spid":2,"abbr":"KOK","municipalCouncilor":false,"muid":475,"alid":4,"firstname":"Ursula","electionDayVotes":0,"pid":"4","finalPosition":0,"electedInformation":"NOT_ELECTED","totalVotesPercent":0.0,"nominatorName":{"fi":"Kansallinen Kokoomus","sv":"Samlingspartiet","en":"National Coalition Party"},"caid":65,"position":0,"gender":"2","comparisonData":{"totalVotes":0,"votesTotalChange":0},"edid":10,"comparativeIndex":0.0,"electionDayVotesPercent":0.0,"nominatorAbbr":{"fi":"KOK","sv":"Saml","en":"NCP"}},{"age":25,"advanceVotesPercent":0.0,"lastname":"Peltola","occupation":"koneenasentaja","advanceVotes":0,"npid":5,"totalVotes":0,"spid":3,"abbr":"PS","municipalCouncilor":false,"muid":475,"alid":5,"firstname":"Joonas","electionDayVotes":0,"pid":"23","finalPosition":0,"electedInformation":"NOT_ELECTED","totalVotesPercent":0.0,"nominatorName":{"fi":"Perussuomalaiset","sv":"Sannfinländarna","en":"The Finns Party"},"caid":66,"position":0,"gender":"1","comparisonData":{"totalVotes":0,"votesTotalChange":0},"edid":10,"comparativeIndex":0.0,"electionDayVotesPercent":0.0,"nominatorAbbr":{"fi":"PS","sv":"Sannf","en":"FINNS"}},{"age":59,"advanceVotesPercent":0.0,"lastname":"Peltola","occupation":"alikonemestari","advanceVotes":0,"npid":5,"totalVotes":0,"spid":3,"abbr":"PS","municipalCouncilor":false,"muid":475,"alid":5,"firstname":"Sakari","electionDayVotes":0,"pid":"23","finalPosition":0,"electedInformation":"NOT_ELECTED","totalVotesPercent":0.0,"nominatorName":{"fi":"Perussuomalaiset","sv":"Sannfinländarna","en":"The Finns Party"},"caid":69,"position":0,"gender":"1","comparisonData":{"totalVotes":13,"votesTotalChange":-13},"edid":10,"comparativeIndex":0.0,"electionDayVotesPercent":0.0,"nominatorAbbr":{"fi":"PS","sv":"Sannf","en":"FINNS"}}],"municipalityPollingDistricts":[{"name":{"fi":"Bergö","sv":"Bergö"},"calculationStatusPercent":100.0,"joinedArea":false,"muid":475,"totalVotingInFinlandTurnout":69.6,"identification":"001","pdid":"001","eligibleVotersInFinlandTotal":401,"edid":10,"mergedToPdid":""},{"name":{"fi":"Yttermalax","sv":"Yttermalax"},"calculationStatusPercent":100.0,"joinedArea":false,"muid":475,"totalVotingInFinlandTurnout":70.0,"identification":"002","pdid":"002","eligibleVotersInFinlandTotal":1552,"edid":10,"mergedToPdid":""},{"name":{"fi":"Övermalax","sv":"Övermalax"},"calculationStatusPercent":100.0,"joinedArea":false,"muid":475,"totalVotingInFinlandTurnout":74.9,"identification":"003","pdid":"003","eligibleVotersInFinlandTotal":1305,"edid":10,"mergedToPdid":""},{"name":{"fi":"Långåminne","sv":"Långåminne"},"calculationStatusPercent":100.0,"joinedArea":true,"muid":475,"totalVotingInFinlandTurnout":65.1,"identification":"004","pdid":"004","eligibleVotersInFinlandTotal":218,"edid":10,"mergedToPdid":""},{"name":{"fi":"Petolahti-Nyby","sv":"Petalax-Nyby"},"calculationStatusPercent":100.0,"joinedArea":false,"muid":475,"totalVotingInFinlandTurnout":72.9,"identification":"005","pdid":"005","eligibleVotersInFinlandTotal":859,"edid":10,"mergedToPdid":""},{"name":{"fi":"Pohjois-Pirttikylä","sv":"Norra Pörtom"},"calculationStatusPercent":100.0,"joinedArea":true,"muid":475,"totalVotingInFinlandTurnout":69.9,"identification":"006","pdid":"006","eligibleVotersInFinlandTotal":146,"edid":10,"mergedToPdid":""}],"municipality":{"muid":475,"edid":10,"name":{"fi":"Maalahti","sv":"Malax"}}}