{"version":60,"created":"2017-04-09T21:47:52.230Z","electionDetails":{"electionId":"kv2017","electionDate":"2017-04-09T00:00:00.000Z","electionDataPublishTime":"2017-04-09T17:00:00.000Z","name":{"fi":"Kuntavaalit 2017","sv":"Kommunalval 2017","en":"Elections 2017"},"previousElections":{"correspondingCompareElection":{"electionId":"kv2012","electionDate":"2012-10-28T00:00:00.000Z","name":{"fi":"Kuntavaalit 2012","en":"Municipal elections 2012","sv":"Kommunalval 2012"}},"otherCompareElection":{"electionId":"ev2015","electionDate":"2015-04-19T00:00:00.000Z","name":{"fi":"Eduskuntavaalit 2015","en":"Parliamentary election 2015","sv":"Riksdagsval 2015"}}}},"calculationStatus":{"electionDayVotingTurnout":35.2,"invalidAdvanceVotes":1,"calculationPhase":"INITIAL","invalidElectionDayVotes":0,"approvedAdvanceVotes":108,"advanceVotingTurnout":38.3,"totalVotingTurnoutAbroad":0.0,"name":{"fi":"Läntinen","sv":"Läntinen"},"calculationStatusPercent":100.0,"advanceVotes":110,"electionDayVotingTurnoutAbroad":0.0,"approvedTotalVotes":209,"totalVotes":211,"muid":261,"totalVotingInFinlandTurnout":73.5,"advanceVotingTurnoutAbroad":0.0,"invalidTotalVotes":1,"totalVotingTurnout":73.5,"electionDayVotes":101,"electionDayVotesInFinland":101,"pdid":"006","totalVotesInFinlandMen":0,"eligibleVotersInFinlandTotal":287,"calculationStatusPercentElectionDayVotes":100.0,"sourceRecordModificationTime":"20170409213639","otherCompareElection":{"eid":"","eligibleVotersInFinlandTotal":0,"advanceVotingInFinlandTurnout":0.0,"electionDayVotingInFinlandTurnout":0.0,"totalVotingInFinlandTurnout":0.0,"approvedVotesTotal":0,"invalidVotesTotal":0},"correspondingCompareElection":{"eid":"","eligibleVotersInFinlandTotal":0,"advanceVotingInFinlandTurnout":0.0,"electionDayVotingInFinlandTurnout":0.0,"totalVotingInFinlandTurnout":0.0,"approvedVotesTotal":0,"invalidVotesTotal":0,"seats":0},"approvedElectionDayVotes":101,"edid":13,"calculationStatusPercentAdvanceVotes":100.0,"electionDayVotingInFinlandTurnout":35.2,"seats":0,"eligibleVotersTotal":287,"advanceVotesInFinland":110,"advanceVotingInFinlandTurnout":38.3,"totalVotesInFinland":211},"partyResults":[{"advanceVotesPercent":34.3,"name":{"fi":"Muut ryhmät","sv":"Övriga grupper","en":"Other groups"},"advanceVotes":37,"npid":9,"totalVotes":61,"spid":99,"abbr":{"fi":"Muut","sv":"Övriga","en":"Others"},"alid":8,"electionDayVotes":24,"pid":"2619","totalVotesPercent":29.2,"nominatorName":{"fi":"Oikeudenmukainen Kittilä","sv":"Oikeudenmukainen Kittilä","en":"Oikeudenmukainen Kittilä"},"compareData":{"otherCompareElection":{"votesTotalChange":0,"votesTotalPercentChange":0.0,"votesTotal":61,"votesTotalPercent":29.2},"correspondingCompareElection":{"votesTotalChange":0,"votesTotalPercentChange":0.0,"seatChange":0,"votesTotal":61,"votesTotalPercent":29.2,"seatsTotal":0}},"seats":0,"electionDayVotesPercent":23.8,"nominatorAbbr":{"fi":"OMK","sv":"OMK","en":"OMK"}},{"advanceVotesPercent":26.9,"name":{"fi":"Suomen Keskusta","sv":"Centern i Finland","en":"Centre Party of Finland"},"advanceVotes":29,"npid":5,"totalVotes":59,"spid":1,"abbr":{"fi":"KESK","sv":"C","en":"CENT"},"alid":5,"electionDayVotes":30,"pid":"2","totalVotesPercent":28.2,"nominatorName":{"fi":"Suomen Keskusta","sv":"Centern i Finland","en":"Centre Party of Finland"},"compareData":{"otherCompareElection":{"votesTotalChange":0,"votesTotalPercentChange":0.0,"votesTotal":59,"votesTotalPercent":28.2},"correspondingCompareElection":{"votesTotalChange":0,"votesTotalPercentChange":0.0,"seatChange":0,"votesTotal":59,"votesTotalPercent":28.2,"seatsTotal":0}},"seats":0,"electionDayVotesPercent":29.7,"nominatorAbbr":{"fi":"KESK","sv":"C","en":"CENT"}},{"advanceVotesPercent":9.3,"name":{"fi":"Vihreä liitto","sv":"Gröna förbundet","en":"Green League"},"advanceVotes":10,"npid":3,"totalVotes":28,"spid":5,"abbr":{"fi":"VIHR","sv":"Gröna","en":"GREEN"},"alid":3,"electionDayVotes":18,"pid":"13","totalVotesPercent":13.4,"nominatorName":{"fi":"Vihreä liitto","sv":"Gröna förbundet","en":"Green League"},"compareData":{"otherCompareElection":{"votesTotalChange":0,"votesTotalPercentChange":0.0,"votesTotal":28,"votesTotalPercent":13.4},"correspondingCompareElection":{"votesTotalChange":0,"votesTotalPercentChange":0.0,"seatChange":0,"votesTotal":28,"votesTotalPercent":13.4,"seatsTotal":0}},"seats":0,"electionDayVotesPercent":17.8,"nominatorAbbr":{"fi":"VIHR","sv":"Gröna","en":"GREEN"}},{"advanceVotesPercent":13.9,"name":{"fi":"Vasemmistoliitto","sv":"Vänsterförbundet","en":"The Left Alliance"},"advanceVotes":15,"npid":2,"totalVotes":27,"spid":6,"abbr":{"fi":"VAS","sv":"VF","en":"LEFT"},"alid":2,"electionDayVotes":12,"pid":"15","totalVotesPercent":12.9,"nominatorName":{"fi":"Vasemmistoliitto","sv":"Vänsterförbundet","en":"The Left Alliance"},"compareData":{"otherCompareElection":{"votesTotalChange":0,"votesTotalPercentChange":0.0,"votesTotal":27,"votesTotalPercent":12.9},"correspondingCompareElection":{"votesTotalChange":0,"votesTotalPercentChange":0.0,"seatChange":0,"votesTotal":27,"votesTotalPercent":12.9,"seatsTotal":0}},"seats":0,"electionDayVotesPercent":11.9,"nominatorAbbr":{"fi":"VAS","sv":"VF","en":"LEFT"}},{"advanceVotesPercent":7.4,"name":{"fi":"Perussuomalaiset","sv":"Sannfinländarna","en":"The Finns Party"},"advanceVotes":8,"npid":7,"totalVotes":23,"spid":3,"abbr":{"fi":"PS","sv":"Sannf","en":"FINNS"},"alid":6,"electionDayVotes":15,"pid":"23","totalVotesPercent":11.0,"nominatorName":{"fi":"Perussuomalaiset","sv":"Sannfinländarna","en":"The Finns Party"},"compareData":{"otherCompareElection":{"votesTotalChange":0,"votesTotalPercentChange":0.0,"votesTotal":23,"votesTotalPercent":11.0},"correspondingCompareElection":{"votesTotalChange":0,"votesTotalPercentChange":0.0,"seatChange":0,"votesTotal":23,"votesTotalPercent":11.0,"seatsTotal":0}},"seats":0,"electionDayVotesPercent":14.9,"nominatorAbbr":{"fi":"PS","sv":"Sannf","en":"FINNS"}},{"advanceVotesPercent":3.7,"name":{"fi":"Suomen Kristillisdemokraatit (KD)","sv":"Kristdemokraterna i Finland (KD)","en":"Christian Democrats in Finland"},"advanceVotes":4,"npid":6,"totalVotes":4,"spid":8,"abbr":{"fi":"KD","sv":"KD","en":"CD"},"alid":5,"electionDayVotes":0,"pid":"9","totalVotesPercent":1.9,"nominatorName":{"fi":"Suomen Kristillisdemokraatit (KD)","sv":"Kristdemokraterna i Finland (KD)","en":"Christian Democrats in Finland"},"compareData":{"otherCompareElection":{"votesTotalChange":0,"votesTotalPercentChange":0.0,"votesTotal":4,"votesTotalPercent":1.9},"correspondingCompareElection":{"votesTotalChange":0,"votesTotalPercentChange":0.0,"seatChange":0,"votesTotal":4,"votesTotalPercent":1.9,"seatsTotal":0}},"seats":0,"electionDayVotesPercent":0.0,"nominatorAbbr":{"fi":"KD","sv":"KD","en":"CD"}},{"advanceVotesPercent":1.9,"name":{"fi":"Muut ryhmät","sv":"Övriga grupper","en":"Other groups"},"advanceVotes":2,"npid":8,"totalVotes":4,"spid":99,"abbr":{"fi":"Muut","sv":"Övriga","en":"Others"},"alid":7,"electionDayVotes":2,"pid":"2618","totalVotesPercent":1.9,"nominatorName":{"fi":"Kuntalaislista","sv":"Kuntalaislista","en":"Kuntalaislista"},"compareData":{"otherCompareElection":{"votesTotalChange":0,"votesTotalPercentChange":0.0,"votesTotal":4,"votesTotalPercent":1.9},"correspondingCompareElection":{"votesTotalChange":0,"votesTotalPercentChange":0.0,"seatChange":0,"votesTotal":4,"votesTotalPercent":1.9,"seatsTotal":0}},"seats":0,"electionDayVotesPercent":2.0,"nominatorAbbr":{"fi":"KL","sv":"KL","en":"KL"}},{"advanceVotesPercent":1.9,"name":{"fi":"Kansallinen Kokoomus","sv":"Samlingspartiet","en":"National Coalition Party"},"advanceVotes":2,"npid":4,"totalVotes":2,"spid":2,"abbr":{"fi":"KOK","sv":"Saml","en":"NCP"},"alid":4,"electionDayVotes":0,"pid":"4","totalVotesPercent":1.0,"nominatorName":{"fi":"Kansallinen Kokoomus","sv":"Samlingspartiet","en":"National Coalition Party"},"compareData":{"otherCompareElection":{"votesTotalChange":0,"votesTotalPercentChange":0.0,"votesTotal":2,"votesTotalPercent":1.0},"correspondingCompareElection":{"votesTotalChange":0,"votesTotalPercentChange":0.0,"seatChange":0,"votesTotal":2,"votesTotalPercent":1.0,"seatsTotal":0}},"seats":0,"electionDayVotesPercent":0.0,"nominatorAbbr":{"fi":"KOK","sv":"Saml","en":"NCP"}},{"advanceVotesPercent":0.9,"name":{"fi":"Suomen Sosialidemokraattinen Puolue","sv":"Finlands Socialdemokratiska Parti","en":"The Finnish Social Democratic Party"},"advanceVotes":1,"npid":1,"totalVotes":1,"spid":4,"abbr":{"fi":"SDP","sv":"SDP","en":"SDP"},"alid":1,"electionDayVotes":0,"pid":"1","totalVotesPercent":0.5,"nominatorName":{"fi":"Suomen Sosialidemokraattinen Puolue","sv":"Finlands Socialdemokratiska Parti","en":"The Finnish Social Democratic Party"},"compareData":{"otherCompareElection":{"votesTotalChange":0,"votesTotalPercentChange":0.0,"votesTotal":1,"votesTotalPercent":0.5},"correspondingCompareElection":{"votesTotalChange":0,"votesTotalPercentChange":0.0,"seatChange":0,"votesTotal":1,"votesTotalPercent":0.5,"seatsTotal":0}},"seats":0,"electionDayVotesPercent":0.0,"nominatorAbbr":{"fi":"SDP","sv":"SDP","en":"SDP"}}],"candidateResults":[{"age":62,"advanceVotesPercent":27.8,"lastname":"Yritys","occupation":"oikeusnotaari, kunnallisneuvos","advanceVotes":30,"npid":9,"totalVotes":51,"spid":99,"abbr":"Muut","municipalCouncilor":true,"muid":261,"alid":8,"firstname":"Inkeri","electionDayVotes":21,"pid":"2619","finalPosition":0,"electedInformation":"ELECTED","totalVotesPercent":24.4,"nominatorName":{"fi":"Oikeudenmukainen Kittilä","sv":"Oikeudenmukainen Kittilä","en":"Oikeudenmukainen Kittilä"},"caid":83,"position":0,"gender":"2","comparisonData":{"totalVotes":84,"votesTotalChange":-33},"edid":13,"comparativeIndex":0.0,"electionDayVotesPercent":20.8,"nominatorAbbr":{"fi":"OMK","sv":"OMK","en":"OMK"}},{"age":48,"advanceVotesPercent":9.3,"lastname":"Huilaja","occupation":"YTM, koulukuraattori","advanceVotes":10,"npid":3,"totalVotes":28,"spid":5,"abbr":"VIHR","municipalCouncilor":false,"muid":261,"alid":3,"firstname":"Tiina","electionDayVotes":18,"pid":"13","finalPosition":0,"electedInformation":"ELECTED","totalVotesPercent":13.4,"nominatorName":{"fi":"Vihreä liitto","sv":"Gröna förbundet","en":"Green League"},"caid":21,"position":0,"gender":"2","comparisonData":{"totalVotes":0,"votesTotalChange":28},"edid":13,"comparativeIndex":0.0,"electionDayVotesPercent":17.8,"nominatorAbbr":{"fi":"VIHR","sv":"Gröna","en":"GREEN"}},{"age":41,"advanceVotesPercent":2.8,"lastname":"Kantola","occupation":"myymälävastaava","advanceVotes":3,"npid":5,"totalVotes":10,"spid":1,"abbr":"KESK","municipalCouncilor":true,"muid":261,"alid":5,"firstname":"Susanna","electionDayVotes":7,"pid":"2","finalPosition":0,"electedInformation":"ELECTED","totalVotesPercent":4.8,"nominatorName":{"fi":"Suomen Keskusta","sv":"Centern i Finland","en":"Centre Party of Finland"},"caid":36,"position":0,"gender":"2","comparisonData":{"totalVotes":68,"votesTotalChange":-58},"edid":13,"comparativeIndex":0.0,"electionDayVotesPercent":6.9,"nominatorAbbr":{"fi":"KESK","sv":"C","en":"CENT"}},{"age":43,"advanceVotesPercent":2.8,"lastname":"Saarela","occupation":"proviisori","advanceVotes":3,"npid":5,"totalVotes":8,"spid":1,"abbr":"KESK","municipalCouncilor":true,"muid":261,"alid":5,"firstname":"Mikko","electionDayVotes":5,"pid":"2","finalPosition":0,"electedInformation":"ELECTED","totalVotesPercent":3.8,"nominatorName":{"fi":"Suomen Keskusta","sv":"Centern i Finland","en":"Centre Party of Finland"},"caid":49,"position":0,"gender":"1","comparisonData":{"totalVotes":47,"votesTotalChange":-39},"edid":13,"comparativeIndex":0.0,"electionDayVotesPercent":5.0,"nominatorAbbr":{"fi":"KESK","sv":"C","en":"CENT"}},{"age":37,"advanceVotesPercent":1.9,"lastname":"Pekkala","occupation":"rakennusinsinööri","advanceVotes":2,"npid":7,"totalVotes":8,"spid":3,"abbr":"PS","municipalCouncilor":false,"muid":261,"alid":6,"firstname":"Antti","electionDayVotes":6,"pid":"23","finalPosition":0,"electedInformation":"ON_SUBSTITUTE_PLACE","totalVotesPercent":3.8,"nominatorName":{"fi":"Perussuomalaiset","sv":"Sannfinländarna","en":"The Finns Party"},"caid":65,"position":0,"gender":"1","comparisonData":{"totalVotes":0,"votesTotalChange":8},"edid":13,"comparativeIndex":0.0,"electionDayVotesPercent":5.9,"nominatorAbbr":{"fi":"PS","sv":"Sannf","en":"FINNS"}},{"age":54,"advanceVotesPercent":2.8,"lastname":"Nevalainen","occupation":"toimistovirkailija","advanceVotes":3,"npid":2,"totalVotes":7,"spid":6,"abbr":"VAS","municipalCouncilor":true,"muid":261,"alid":2,"firstname":"Paula","electionDayVotes":4,"pid":"15","finalPosition":0,"electedInformation":"ELECTED","totalVotesPercent":3.3,"nominatorName":{"fi":"Vasemmistoliitto","sv":"Vänsterförbundet","en":"The Left Alliance"},"caid":14,"position":0,"gender":"2","comparisonData":{"totalVotes":55,"votesTotalChange":-48},"edid":13,"comparativeIndex":0.0,"electionDayVotesPercent":4.0,"nominatorAbbr":{"fi":"VAS","sv":"VF","en":"LEFT"}},{"age":56,"advanceVotesPercent":4.6,"lastname":"Holck","occupation":"poromies,metsuri","advanceVotes":5,"npid":5,"totalVotes":7,"spid":1,"abbr":"KESK","municipalCouncilor":true,"muid":261,"alid":5,"firstname":"Eino","electionDayVotes":2,"pid":"2","finalPosition":0,"electedInformation":"ELECTED","totalVotesPercent":3.3,"nominatorName":{"fi":"Suomen Keskusta","sv":"Centern i Finland","en":"Centre Party of Finland"},"caid":32,"position":0,"gender":"1","comparisonData":{"totalVotes":71,"votesTotalChange":-64},"edid":13,"comparativeIndex":0.0,"electionDayVotesPercent":2.0,"nominatorAbbr":{"fi":"KESK","sv":"C","en":"CENT"}},{"age":64,"advanceVotesPercent":2.8,"lastname":"Salmi","occupation":"eläkeläinen, poliisi","advanceVotes":3,"npid":5,"totalVotes":7,"spid":1,"abbr":"KESK","municipalCouncilor":true,"muid":261,"alid":5,"firstname":"Jukka","electionDayVotes":4,"pid":"2","finalPosition":0,"electedInformation":"ELECTED","totalVotesPercent":3.3,"nominatorName":{"fi":"Suomen Keskusta","sv":"Centern i Finland","en":"Centre Party of Finland"},"caid":50,"position":0,"gender":"1","comparisonData":{"totalVotes":54,"votesTotalChange":-47},"edid":13,"comparativeIndex":0.0,"electionDayVotesPercent":4.0,"nominatorAbbr":{"fi":"KESK","sv":"C","en":"CENT"}},{"age":58,"advanceVotesPercent":3.7,"lastname":"Nevalainen","occupation":"poromies","advanceVotes":4,"npid":2,"totalVotes":6,"spid":6,"abbr":"VAS","municipalCouncilor":false,"muid":261,"alid":2,"firstname":"Aki","electionDayVotes":2,"pid":"15","finalPosition":0,"electedInformation":"ELECTED","totalVotesPercent":2.9,"nominatorName":{"fi":"Vasemmistoliitto","sv":"Vänsterförbundet","en":"The Left Alliance"},"caid":13,"position":0,"gender":"1","comparisonData":{"totalVotes":32,"votesTotalChange":-26},"edid":13,"comparativeIndex":0.0,"electionDayVotesPercent":2.0,"nominatorAbbr":{"fi":"VAS","sv":"VF","en":"LEFT"}},{"age":59,"advanceVotesPercent":3.7,"lastname":"Rantajääskö","occupation":"nuohous- ja ilmastointialan yrittäjä","advanceVotes":4,"npid":5,"totalVotes":6,"spid":1,"abbr":"KESK","municipalCouncilor":true,"muid":261,"alid":5,"firstname":"Tapani","electionDayVotes":2,"pid":"2","finalPosition":0,"electedInformation":"ELECTED","totalVotesPercent":2.9,"nominatorName":{"fi":"Suomen Keskusta","sv":"Centern i Finland","en":"Centre Party of Finland"},"caid":48,"position":0,"gender":"1","comparisonData":{"totalVotes":89,"votesTotalChange":-83},"edid":13,"comparativeIndex":0.0,"electionDayVotesPercent":2.0,"nominatorAbbr":{"fi":"KESK","sv":"C","en":"CENT"}},{"age":19,"advanceVotesPercent":1.9,"lastname":"Kinisjärvi","occupation":"opiskelija","advanceVotes":2,"npid":2,"totalVotes":5,"spid":6,"abbr":"VAS","municipalCouncilor":false,"muid":261,"alid":2,"firstname":"Jere","electionDayVotes":3,"pid":"15","finalPosition":0,"electedInformation":"NOT_ELECTED","totalVotesPercent":2.4,"nominatorName":{"fi":"Vasemmistoliitto","sv":"Vänsterförbundet","en":"The Left Alliance"},"caid":10,"position":0,"gender":"1","comparisonData":{"totalVotes":0,"votesTotalChange":5},"edid":13,"comparativeIndex":0.0,"electionDayVotesPercent":3.0,"nominatorAbbr":{"fi":"VAS","sv":"VF","en":"LEFT"}},{"age":41,"advanceVotesPercent":2.8,"lastname":"Toivanen","occupation":"yleinen edunvalvoja","advanceVotes":3,"npid":2,"totalVotes":5,"spid":6,"abbr":"VAS","municipalCouncilor":false,"muid":261,"alid":2,"firstname":"Marita","electionDayVotes":2,"pid":"15","finalPosition":0,"electedInformation":"ELECTED","totalVotesPercent":2.4,"nominatorName":{"fi":"Vasemmistoliitto","sv":"Vänsterförbundet","en":"The Left Alliance"},"caid":16,"position":0,"gender":"2","comparisonData":{"totalVotes":0,"votesTotalChange":5},"edid":13,"comparativeIndex":0.0,"electionDayVotesPercent":2.0,"nominatorAbbr":{"fi":"VAS","sv":"VF","en":"LEFT"}},{"age":51,"advanceVotesPercent":0.9,"lastname":"Rajala","occupation":"turvallisuuspäällikkö","advanceVotes":1,"npid":5,"totalVotes":5,"spid":1,"abbr":"KESK","municipalCouncilor":false,"muid":261,"alid":5,"firstname":"Pekka","electionDayVotes":4,"pid":"2","finalPosition":0,"electedInformation":"ELECTED","totalVotesPercent":2.4,"nominatorName":{"fi":"Suomen Keskusta","sv":"Centern i Finland","en":"Centre Party of Finland"},"caid":47,"position":0,"gender":"1","comparisonData":{"totalVotes":40,"votesTotalChange":-35},"edid":13,"comparativeIndex":0.0,"electionDayVotesPercent":4.0,"nominatorAbbr":{"fi":"KESK","sv":"C","en":"CENT"}},{"age":56,"advanceVotesPercent":3.7,"lastname":"Korva","occupation":"erikoissairaanhoitaja, kehitysvammahoitaja","advanceVotes":4,"npid":5,"totalVotes":4,"spid":1,"abbr":"KESK","municipalCouncilor":true,"muid":261,"alid":5,"firstname":"Merja","electionDayVotes":0,"pid":"2","finalPosition":0,"electedInformation":"ELECTED","totalVotesPercent":1.9,"nominatorName":{"fi":"Suomen Keskusta","sv":"Centern i Finland","en":"Centre Party of Finland"},"caid":38,"position":0,"gender":"2","comparisonData":{"totalVotes":58,"votesTotalChange":-54},"edid":13,"comparativeIndex":0.0,"electionDayVotesPercent":0.0,"nominatorAbbr":{"fi":"KESK","sv":"C","en":"CENT"}},{"age":63,"advanceVotesPercent":3.7,"lastname":"Palosaari","occupation":"yrittäjä","advanceVotes":4,"npid":6,"totalVotes":4,"spid":8,"abbr":"KD","municipalCouncilor":false,"muid":261,"alid":5,"firstname":"Raija","electionDayVotes":0,"pid":"9","finalPosition":0,"electedInformation":"ELECTED","totalVotesPercent":1.9,"nominatorName":{"fi":"Suomen Kristillisdemokraatit (KD)","sv":"Kristdemokraterna i Finland (KD)","en":"Christian Democrats in Finland"},"caid":52,"position":0,"gender":"2","comparisonData":{"totalVotes":0,"votesTotalChange":4},"edid":13,"comparativeIndex":0.0,"electionDayVotesPercent":0.0,"nominatorAbbr":{"fi":"KD","sv":"KD","en":"CD"}},{"age":37,"advanceVotesPercent":0.9,"lastname":"Kenttälä","occupation":"yrittäjä","advanceVotes":1,"npid":7,"totalVotes":4,"spid":3,"abbr":"PS","municipalCouncilor":false,"muid":261,"alid":6,"firstname":"Toni","electionDayVotes":3,"pid":"23","finalPosition":0,"electedInformation":"ELECTED","totalVotesPercent":1.9,"nominatorName":{"fi":"Perussuomalaiset","sv":"Sannfinländarna","en":"The Finns Party"},"caid":57,"position":0,"gender":"1","comparisonData":{"totalVotes":0,"votesTotalChange":4},"edid":13,"comparativeIndex":0.0,"electionDayVotesPercent":3.0,"nominatorAbbr":{"fi":"PS","sv":"Sannf","en":"FINNS"}},{"age":58,"advanceVotesPercent":2.8,"lastname":"Linnala","occupation":"perushoitaja, artesaani","advanceVotes":3,"npid":9,"totalVotes":4,"spid":99,"abbr":"Muut","municipalCouncilor":false,"muid":261,"alid":8,"firstname":"Maija-Leena","electionDayVotes":1,"pid":"2619","finalPosition":0,"electedInformation":"ELECTED","totalVotesPercent":1.9,"nominatorName":{"fi":"Oikeudenmukainen Kittilä","sv":"Oikeudenmukainen Kittilä","en":"Oikeudenmukainen Kittilä"},"caid":77,"position":0,"gender":"2","comparisonData":{"totalVotes":0,"votesTotalChange":4},"edid":13,"comparativeIndex":0.0,"electionDayVotesPercent":1.0,"nominatorAbbr":{"fi":"OMK","sv":"OMK","en":"OMK"}},{"age":49,"advanceVotesPercent":0.0,"lastname":"Kivisaari","occupation":"toimitusjohtaja","advanceVotes":0,"npid":5,"totalVotes":3,"spid":1,"abbr":"KESK","municipalCouncilor":false,"muid":261,"alid":5,"firstname":"Yrjötapio","electionDayVotes":3,"pid":"2","finalPosition":0,"electedInformation":"ELECTED","totalVotesPercent":1.4,"nominatorName":{"fi":"Suomen Keskusta","sv":"Centern i Finland","en":"Centre Party of Finland"},"caid":37,"position":0,"gender":"1","comparisonData":{"totalVotes":72,"votesTotalChange":-69},"edid":13,"comparativeIndex":0.0,"electionDayVotesPercent":3.0,"nominatorAbbr":{"fi":"KESK","sv":"C","en":"CENT"}},{"age":67,"advanceVotesPercent":2.8,"lastname":"Mäkitalo","occupation":"toimitusjohtaja, talousneuvos","advanceVotes":3,"npid":5,"totalVotes":3,"spid":1,"abbr":"KESK","municipalCouncilor":true,"muid":261,"alid":5,"firstname":"Markku","electionDayVotes":0,"pid":"2","finalPosition":0,"electedInformation":"ON_SUBSTITUTE_PLACE","totalVotesPercent":1.4,"nominatorName":{"fi":"Suomen Keskusta","sv":"Centern i Finland","en":"Centre Party of Finland"},"caid":41,"position":0,"gender":"1","comparisonData":{"totalVotes":64,"votesTotalChange":-61},"edid":13,"comparativeIndex":0.0,"electionDayVotesPercent":0.0,"nominatorAbbr":{"fi":"KESK","sv":"C","en":"CENT"}},{"age":39,"advanceVotesPercent":0.0,"lastname":"Ala","occupation":"tekninen myyjä","advanceVotes":0,"npid":7,"totalVotes":3,"spid":3,"abbr":"PS","municipalCouncilor":false,"muid":261,"alid":6,"firstname":"Kimmo","electionDayVotes":3,"pid":"23","finalPosition":0,"electedInformation":"ON_SUBSTITUTE_PLACE","totalVotesPercent":1.4,"nominatorName":{"fi":"Perussuomalaiset","sv":"Sannfinländarna","en":"The Finns Party"},"caid":53,"position":0,"gender":"1","comparisonData":{"totalVotes":0,"votesTotalChange":3},"edid":13,"comparativeIndex":0.0,"electionDayVotesPercent":3.0,"nominatorAbbr":{"fi":"PS","sv":"Sannf","en":"FINNS"}},{"age":65,"advanceVotesPercent":1.9,"lastname":"Häkkinen","occupation":"eläkeläinen","advanceVotes":2,"npid":7,"totalVotes":3,"spid":3,"abbr":"PS","municipalCouncilor":false,"muid":261,"alid":6,"firstname":"Kyösti","electionDayVotes":1,"pid":"23","finalPosition":0,"electedInformation":"NOT_ELECTED","totalVotesPercent":1.4,"nominatorName":{"fi":"Perussuomalaiset","sv":"Sannfinländarna","en":"The Finns Party"},"caid":56,"position":0,"gender":"1","comparisonData":{"totalVotes":0,"votesTotalChange":3},"edid":13,"comparativeIndex":0.0,"electionDayVotesPercent":1.0,"nominatorAbbr":{"fi":"PS","sv":"Sannf","en":"FINNS"}},{"age":51,"advanceVotesPercent":2.8,"lastname":"Kangas","occupation":"insinööri AMK","advanceVotes":3,"npid":9,"totalVotes":3,"spid":99,"abbr":"Muut","municipalCouncilor":false,"muid":261,"alid":8,"firstname":"Pentti","electionDayVotes":0,"pid":"2619","finalPosition":0,"electedInformation":"ELECTED","totalVotesPercent":1.4,"nominatorName":{"fi":"Oikeudenmukainen Kittilä","sv":"Oikeudenmukainen Kittilä","en":"Oikeudenmukainen Kittilä"},"caid":75,"position":0,"gender":"1","comparisonData":{"totalVotes":0,"votesTotalChange":3},"edid":13,"comparativeIndex":0.0,"electionDayVotesPercent":0.0,"nominatorAbbr":{"fi":"OMK","sv":"OMK","en":"OMK"}},{"age":57,"advanceVotesPercent":0.9,"lastname":"Kenttälä","occupation":"luontovalvoja, alueluottamusmies","advanceVotes":1,"npid":2,"totalVotes":2,"spid":6,"abbr":"VAS","municipalCouncilor":false,"muid":261,"alid":2,"firstname":"Pekka","electionDayVotes":1,"pid":"15","finalPosition":0,"electedInformation":"ON_SUBSTITUTE_PLACE","totalVotesPercent":1.0,"nominatorName":{"fi":"Vasemmistoliitto","sv":"Vänsterförbundet","en":"The Left Alliance"},"caid":9,"position":0,"gender":"1","comparisonData":{"totalVotes":0,"votesTotalChange":2},"edid":13,"comparativeIndex":0.0,"electionDayVotesPercent":1.0,"nominatorAbbr":{"fi":"VAS","sv":"VF","en":"LEFT"}},{"age":37,"advanceVotesPercent":0.0,"lastname":"Jokela","occupation":"rajavartija","advanceVotes":0,"npid":5,"totalVotes":2,"spid":1,"abbr":"KESK","municipalCouncilor":false,"muid":261,"alid":5,"firstname":"Ville","electionDayVotes":2,"pid":"2","finalPosition":0,"electedInformation":"ON_SUBSTITUTE_PLACE","totalVotesPercent":1.0,"nominatorName":{"fi":"Suomen Keskusta","sv":"Centern i Finland","en":"Centre Party of Finland"},"caid":34,"position":0,"gender":"1","comparisonData":{"totalVotes":41,"votesTotalChange":-39},"edid":13,"comparativeIndex":0.0,"electionDayVotesPercent":2.0,"nominatorAbbr":{"fi":"KESK","sv":"C","en":"CENT"}},{"age":58,"advanceVotesPercent":0.9,"lastname":"Junnola","occupation":"lennonvarmennusteknikko","advanceVotes":1,"npid":5,"totalVotes":2,"spid":1,"abbr":"KESK","municipalCouncilor":false,"muid":261,"alid":5,"firstname":"Veli-Matti","electionDayVotes":1,"pid":"2","finalPosition":0,"electedInformation":"ON_SUBSTITUTE_PLACE","totalVotesPercent":1.0,"nominatorName":{"fi":"Suomen Keskusta","sv":"Centern i Finland","en":"Centre Party of Finland"},"caid":35,"position":0,"gender":"1","comparisonData":{"totalVotes":44,"votesTotalChange":-42},"edid":13,"comparativeIndex":0.0,"electionDayVotesPercent":1.0,"nominatorAbbr":{"fi":"KESK","sv":"C","en":"CENT"}},{"age":69,"advanceVotesPercent":1.9,"lastname":"Nikka","occupation":"sairaanhoitaja","advanceVotes":2,"npid":7,"totalVotes":2,"spid":3,"abbr":"PS","municipalCouncilor":true,"muid":261,"alid":6,"firstname":"Milja","electionDayVotes":0,"pid":"23","finalPosition":0,"electedInformation":"ELECTED","totalVotesPercent":1.0,"nominatorName":{"fi":"Perussuomalaiset","sv":"Sannfinländarna","en":"The Finns Party"},"caid":64,"position":0,"gender":"2","comparisonData":{"totalVotes":95,"votesTotalChange":-93},"edid":13,"comparativeIndex":0.0,"electionDayVotesPercent":0.0,"nominatorAbbr":{"fi":"PS","sv":"Sannf","en":"FINNS"}},{"age":64,"advanceVotesPercent":0.0,"lastname":"Salonen","occupation":"sähköteknikko","advanceVotes":0,"npid":7,"totalVotes":2,"spid":3,"abbr":"PS","municipalCouncilor":true,"muid":261,"alid":6,"firstname":"Tarmo","electionDayVotes":2,"pid":"23","finalPosition":0,"electedInformation":"ELECTED","totalVotesPercent":1.0,"nominatorName":{"fi":"Perussuomalaiset","sv":"Sannfinländarna","en":"The Finns Party"},"caid":68,"position":0,"gender":"1","comparisonData":{"totalVotes":257,"votesTotalChange":-255},"edid":13,"comparativeIndex":0.0,"electionDayVotesPercent":2.0,"nominatorAbbr":{"fi":"PS","sv":"Sannf","en":"FINNS"}},{"age":60,"advanceVotesPercent":0.9,"lastname":"Lepola","occupation":"metsätalousyrittäjä","advanceVotes":1,"npid":8,"totalVotes":2,"spid":99,"abbr":"Muut","municipalCouncilor":false,"muid":261,"alid":7,"firstname":"Sauli","electionDayVotes":1,"pid":"2618","finalPosition":0,"electedInformation":"ON_SUBSTITUTE_PLACE","totalVotesPercent":1.0,"nominatorName":{"fi":"Kuntalaislista","sv":"Kuntalaislista","en":"Kuntalaislista"},"caid":72,"position":0,"gender":"1","comparisonData":{"totalVotes":42,"votesTotalChange":-40},"edid":13,"comparativeIndex":0.0,"electionDayVotesPercent":1.0,"nominatorAbbr":{"fi":"KL","sv":"KL","en":"KL"}},{"age":67,"advanceVotesPercent":0.9,"lastname":"Toivola","occupation":"eläkeläinen","advanceVotes":1,"npid":1,"totalVotes":1,"spid":4,"abbr":"SDP","municipalCouncilor":false,"muid":261,"alid":1,"firstname":"Ritva","electionDayVotes":0,"pid":"1","finalPosition":0,"electedInformation":"NOT_ELECTED","totalVotesPercent":0.5,"nominatorName":{"fi":"Suomen Sosialidemokraattinen Puolue","sv":"Finlands Socialdemokratiska Parti","en":"The Finnish Social Democratic Party"},"caid":5,"position":0,"gender":"2","comparisonData":{"totalVotes":49,"votesTotalChange":-48},"edid":13,"comparativeIndex":0.0,"electionDayVotesPercent":0.0,"nominatorAbbr":{"fi":"SDP","sv":"SDP","en":"SDP"}},{"age":67,"advanceVotesPercent":0.9,"lastname":"Vuomajärvi","occupation":"eläkeläinen","advanceVotes":1,"npid":2,"totalVotes":1,"spid":6,"abbr":"VAS","municipalCouncilor":false,"muid":261,"alid":2,"firstname":"Liisa","electionDayVotes":0,"pid":"15","finalPosition":0,"electedInformation":"NOT_ELECTED","totalVotesPercent":0.5,"nominatorName":{"fi":"Vasemmistoliitto","sv":"Vänsterförbundet","en":"The Left Alliance"},"caid":19,"position":0,"gender":"2","comparisonData":{"totalVotes":0,"votesTotalChange":1},"edid":13,"comparativeIndex":0.0,"electionDayVotesPercent":0.0,"nominatorAbbr":{"fi":"VAS","sv":"VF","en":"LEFT"}},{"age":34,"advanceVotesPercent":0.9,"lastname":"Ylisuvanto","occupation":"kokki, kääntäjä","advanceVotes":1,"npid":2,"totalVotes":1,"spid":6,"abbr":"VAS","municipalCouncilor":false,"muid":261,"alid":2,"firstname":"Jukka","electionDayVotes":0,"pid":"15","finalPosition":0,"electedInformation":"ON_SUBSTITUTE_PLACE","totalVotesPercent":0.5,"nominatorName":{"fi":"Vasemmistoliitto","sv":"Vänsterförbundet","en":"The Left Alliance"},"caid":20,"position":0,"gender":"1","comparisonData":{"totalVotes":6,"votesTotalChange":-5},"edid":13,"comparativeIndex":0.0,"electionDayVotesPercent":0.0,"nominatorAbbr":{"fi":"VAS","sv":"VF","en":"LEFT"}},{"age":35,"advanceVotesPercent":0.9,"lastname":"Jääskö","occupation":"nuorisotyöntekijä","advanceVotes":1,"npid":4,"totalVotes":1,"spid":2,"abbr":"KOK","municipalCouncilor":false,"muid":261,"alid":4,"firstname":"Tuomas","electionDayVotes":0,"pid":"4","finalPosition":0,"electedInformation":"ON_SUBSTITUTE_PLACE","totalVotesPercent":0.5,"nominatorName":{"fi":"Kansallinen Kokoomus","sv":"Samlingspartiet","en":"National Coalition Party"},"caid":22,"position":0,"gender":"1","comparisonData":{"totalVotes":23,"votesTotalChange":-22},"edid":13,"comparativeIndex":0.0,"electionDayVotesPercent":0.0,"nominatorAbbr":{"fi":"KOK","sv":"Saml","en":"NCP"}},{"age":52,"advanceVotesPercent":0.9,"lastname":"Mikkonen","occupation":"röntgenhoitaja","advanceVotes":1,"npid":4,"totalVotes":1,"spid":2,"abbr":"KOK","municipalCouncilor":false,"muid":261,"alid":4,"firstname":"Maire","electionDayVotes":0,"pid":"4","finalPosition":0,"electedInformation":"NOT_ELECTED","totalVotesPercent":0.5,"nominatorName":{"fi":"Kansallinen Kokoomus","sv":"Samlingspartiet","en":"National Coalition Party"},"caid":26,"position":0,"gender":"2","comparisonData":{"totalVotes":0,"votesTotalChange":1},"edid":13,"comparativeIndex":0.0,"electionDayVotesPercent":0.0,"nominatorAbbr":{"fi":"KOK","sv":"Saml","en":"NCP"}},{"age":41,"advanceVotesPercent":0.9,"lastname":"Kuusela","occupation":"yrittäjä","advanceVotes":1,"npid":5,"totalVotes":1,"spid":1,"abbr":"KESK","municipalCouncilor":true,"muid":261,"alid":5,"firstname":"Mika","electionDayVotes":0,"pid":"2","finalPosition":0,"electedInformation":"ON_SUBSTITUTE_PLACE","totalVotesPercent":0.5,"nominatorName":{"fi":"Suomen Keskusta","sv":"Centern i Finland","en":"Centre Party of Finland"},"caid":39,"position":0,"gender":"1","comparisonData":{"totalVotes":49,"votesTotalChange":-48},"edid":13,"comparativeIndex":0.0,"electionDayVotesPercent":0.0,"nominatorAbbr":{"fi":"KESK","sv":"C","en":"CENT"}},{"age":62,"advanceVotesPercent":0.9,"lastname":"Mäntymaa","occupation":"arkkitehti","advanceVotes":1,"npid":5,"totalVotes":1,"spid":1,"abbr":"KESK","municipalCouncilor":true,"muid":261,"alid":5,"firstname":"Vuokko","electionDayVotes":0,"pid":"2","finalPosition":0,"electedInformation":"ELECTED","totalVotesPercent":0.5,"nominatorName":{"fi":"Suomen Keskusta","sv":"Centern i Finland","en":"Centre Party of Finland"},"caid":42,"position":0,"gender":"2","comparisonData":{"totalVotes":52,"votesTotalChange":-51},"edid":13,"comparativeIndex":0.0,"electionDayVotesPercent":0.0,"nominatorAbbr":{"fi":"KESK","sv":"C","en":"CENT"}},{"age":63,"advanceVotesPercent":0.9,"lastname":"Majava","occupation":"lähihoitaja","advanceVotes":1,"npid":7,"totalVotes":1,"spid":3,"abbr":"PS","municipalCouncilor":false,"muid":261,"alid":6,"firstname":"Ulla","electionDayVotes":0,"pid":"23","finalPosition":0,"electedInformation":"NOT_ELECTED","totalVotesPercent":0.5,"nominatorName":{"fi":"Perussuomalaiset","sv":"Sannfinländarna","en":"The Finns Party"},"caid":62,"position":0,"gender":"2","comparisonData":{"totalVotes":0,"votesTotalChange":1},"edid":13,"comparativeIndex":0.0,"electionDayVotesPercent":0.0,"nominatorAbbr":{"fi":"PS","sv":"Sannf","en":"FINNS"}},{"age":25,"advanceVotesPercent":0.9,"lastname":"Erkkilä","occupation":"YTK, opiskelija","advanceVotes":1,"npid":8,"totalVotes":1,"spid":99,"abbr":"Muut","municipalCouncilor":true,"muid":261,"alid":7,"firstname":"Akseli","electionDayVotes":0,"pid":"2618","finalPosition":0,"electedInformation":"ELECTED","totalVotesPercent":0.5,"nominatorName":{"fi":"Kuntalaislista","sv":"Kuntalaislista","en":"Kuntalaislista"},"caid":70,"position":0,"gender":"1","comparisonData":{"totalVotes":163,"votesTotalChange":-162},"edid":13,"comparativeIndex":0.0,"electionDayVotesPercent":0.0,"nominatorAbbr":{"fi":"KL","sv":"KL","en":"KL"}},{"age":35,"advanceVotesPercent":0.0,"lastname":"Lompolo","occupation":"turvallisuusvalvoja, järjestyksenvalvoja","advanceVotes":0,"npid":8,"totalVotes":1,"spid":99,"abbr":"Muut","municipalCouncilor":false,"muid":261,"alid":7,"firstname":"Mikko","electionDayVotes":1,"pid":"2618","finalPosition":0,"electedInformation":"ON_SUBSTITUTE_PLACE","totalVotesPercent":0.5,"nominatorName":{"fi":"Kuntalaislista","sv":"Kuntalaislista","en":"Kuntalaislista"},"caid":73,"position":0,"gender":"1","comparisonData":{"totalVotes":0,"votesTotalChange":1},"edid":13,"comparativeIndex":0.0,"electionDayVotesPercent":1.0,"nominatorAbbr":{"fi":"KL","sv":"KL","en":"KL"}},{"age":35,"advanceVotesPercent":0.0,"lastname":"Kurt","occupation":"koulunkäynninohjaaja","advanceVotes":0,"npid":9,"totalVotes":1,"spid":99,"abbr":"Muut","municipalCouncilor":false,"muid":261,"alid":8,"firstname":"Heli","electionDayVotes":1,"pid":"2619","finalPosition":0,"electedInformation":"ON_SUBSTITUTE_PLACE","totalVotesPercent":0.5,"nominatorName":{"fi":"Oikeudenmukainen Kittilä","sv":"Oikeudenmukainen Kittilä","en":"Oikeudenmukainen Kittilä"},"caid":76,"position":0,"gender":"2","comparisonData":{"totalVotes":20,"votesTotalChange":-19},"edid":13,"comparativeIndex":0.0,"electionDayVotesPercent":1.0,"nominatorAbbr":{"fi":"OMK","sv":"OMK","en":"OMK"}},{"age":64,"advanceVotesPercent":0.9,"lastname":"Mertaniemi","occupation":"eläkeläinen, fil.maisteri","advanceVotes":1,"npid":9,"totalVotes":1,"spid":99,"abbr":"Muut","municipalCouncilor":false,"muid":261,"alid":8,"firstname":"Tuula","electionDayVotes":0,"pid":"2619","finalPosition":0,"electedInformation":"ELECTED","totalVotesPercent":0.5,"nominatorName":{"fi":"Oikeudenmukainen Kittilä","sv":"Oikeudenmukainen Kittilä","en":"Oikeudenmukainen Kittilä"},"caid":78,"position":0,"gender":"2","comparisonData":{"totalVotes":0,"votesTotalChange":1},"edid":13,"comparativeIndex":0.0,"electionDayVotesPercent":0.0,"nominatorAbbr":{"fi":"OMK","sv":"OMK","en":"OMK"}},{"age":48,"advanceVotesPercent":0.0,"lastname":"Vanhatalo","occupation":"pääkirjanpitäjä","advanceVotes":0,"npid":9,"totalVotes":1,"spid":99,"abbr":"Muut","municipalCouncilor":false,"muid":261,"alid":8,"firstname":"Leena","electionDayVotes":1,"pid":"2619","finalPosition":0,"electedInformation":"ELECTED","totalVotesPercent":0.5,"nominatorName":{"fi":"Oikeudenmukainen Kittilä","sv":"Oikeudenmukainen Kittilä","en":"Oikeudenmukainen Kittilä"},"caid":81,"position":0,"gender":"2","comparisonData":{"totalVotes":0,"votesTotalChange":1},"edid":13,"comparativeIndex":0.0,"electionDayVotesPercent":1.0,"nominatorAbbr":{"fi":"OMK","sv":"OMK","en":"OMK"}},{"age":50,"advanceVotesPercent":0.0,"lastname":"Hettula","occupation":"myyjä","advanceVotes":0,"npid":1,"totalVotes":0,"spid":4,"abbr":"SDP","municipalCouncilor":false,"muid":261,"alid":1,"firstname":"Arto","electionDayVotes":0,"pid":"1","finalPosition":0,"electedInformation":"ON_SUBSTITUTE_PLACE","totalVotesPercent":0.0,"nominatorName":{"fi":"Suomen Sosialidemokraattinen Puolue","sv":"Finlands Socialdemokratiska Parti","en":"The Finnish Social Democratic Party"},"caid":2,"position":0,"gender":"1","comparisonData":{"totalVotes":37,"votesTotalChange":-37},"edid":13,"comparativeIndex":0.0,"electionDayVotesPercent":0.0,"nominatorAbbr":{"fi":"SDP","sv":"SDP","en":"SDP"}},{"age":68,"advanceVotesPercent":0.0,"lastname":"Kautto","occupation":"sahayrittäjä, eläkeläinen","advanceVotes":0,"npid":1,"totalVotes":0,"spid":4,"abbr":"SDP","municipalCouncilor":false,"muid":261,"alid":1,"firstname":"Sakari","electionDayVotes":0,"pid":"1","finalPosition":0,"electedInformation":"ELECTED","totalVotesPercent":0.0,"nominatorName":{"fi":"Suomen Sosialidemokraattinen Puolue","sv":"Finlands Socialdemokratiska Parti","en":"The Finnish Social Democratic Party"},"caid":3,"position":0,"gender":"1","comparisonData":{"totalVotes":0,"votesTotalChange":0},"edid":13,"comparativeIndex":0.0,"electionDayVotesPercent":0.0,"nominatorAbbr":{"fi":"SDP","sv":"SDP","en":"SDP"}},{"age":58,"advanceVotesPercent":0.0,"lastname":"Moksi","occupation":"lähihoitaja","advanceVotes":0,"npid":1,"totalVotes":0,"spid":4,"abbr":"SDP","municipalCouncilor":false,"muid":261,"alid":1,"firstname":"Aila","electionDayVotes":0,"pid":"1","finalPosition":0,"electedInformation":"ON_SUBSTITUTE_PLACE","totalVotesPercent":0.0,"nominatorName":{"fi":"Suomen Sosialidemokraattinen Puolue","sv":"Finlands Socialdemokratiska Parti","en":"The Finnish Social Democratic Party"},"caid":4,"position":0,"gender":"2","comparisonData":{"totalVotes":0,"votesTotalChange":0},"edid":13,"comparativeIndex":0.0,"electionDayVotesPercent":0.0,"nominatorAbbr":{"fi":"SDP","sv":"SDP","en":"SDP"}},{"age":35,"advanceVotesPercent":0.0,"lastname":"Aikio","occupation":"kaivinkoneen kuljettaja, taksinkuljettaja","advanceVotes":0,"npid":2,"totalVotes":0,"spid":6,"abbr":"VAS","municipalCouncilor":false,"muid":261,"alid":2,"firstname":"Hannu","electionDayVotes":0,"pid":"15","finalPosition":0,"electedInformation":"NOT_ELECTED","totalVotesPercent":0.0,"nominatorName":{"fi":"Vasemmistoliitto","sv":"Vänsterförbundet","en":"The Left Alliance"},"caid":6,"position":0,"gender":"1","comparisonData":{"totalVotes":0,"votesTotalChange":0},"edid":13,"comparativeIndex":0.0,"electionDayVotesPercent":0.0,"nominatorAbbr":{"fi":"VAS","sv":"VF","en":"LEFT"}},{"age":62,"advanceVotesPercent":0.0,"lastname":"Fagerholm","occupation":"asiakaspalveluhenkilö","advanceVotes":0,"npid":2,"totalVotes":0,"spid":6,"abbr":"VAS","municipalCouncilor":true,"muid":261,"alid":2,"firstname":"Raili","electionDayVotes":0,"pid":"15","finalPosition":0,"electedInformation":"ELECTED","totalVotesPercent":0.0,"nominatorName":{"fi":"Vasemmistoliitto","sv":"Vänsterförbundet","en":"The Left Alliance"},"caid":7,"position":0,"gender":"2","comparisonData":{"totalVotes":64,"votesTotalChange":-64},"edid":13,"comparativeIndex":0.0,"electionDayVotesPercent":0.0,"nominatorAbbr":{"fi":"VAS","sv":"VF","en":"LEFT"}},{"age":56,"advanceVotesPercent":0.0,"lastname":"Jussila","occupation":"kaivosmies","advanceVotes":0,"npid":2,"totalVotes":0,"spid":6,"abbr":"VAS","municipalCouncilor":false,"muid":261,"alid":2,"firstname":"Asko","electionDayVotes":0,"pid":"15","finalPosition":0,"electedInformation":"NOT_ELECTED","totalVotesPercent":0.0,"nominatorName":{"fi":"Vasemmistoliitto","sv":"Vänsterförbundet","en":"The Left Alliance"},"caid":8,"position":0,"gender":"1","comparisonData":{"totalVotes":0,"votesTotalChange":0},"edid":13,"comparativeIndex":0.0,"electionDayVotesPercent":0.0,"nominatorAbbr":{"fi":"VAS","sv":"VF","en":"LEFT"}},{"age":18,"advanceVotesPercent":0.0,"lastname":"Kyrö","occupation":"opiskelija","advanceVotes":0,"npid":2,"totalVotes":0,"spid":6,"abbr":"VAS","municipalCouncilor":false,"muid":261,"alid":2,"firstname":"Saku","electionDayVotes":0,"pid":"15","finalPosition":0,"electedInformation":"NOT_ELECTED","totalVotesPercent":0.0,"nominatorName":{"fi":"Vasemmistoliitto","sv":"Vänsterförbundet","en":"The Left Alliance"},"caid":11,"position":0,"gender":"1","comparisonData":{"totalVotes":0,"votesTotalChange":0},"edid":13,"comparativeIndex":0.0,"electionDayVotesPercent":0.0,"nominatorAbbr":{"fi":"VAS","sv":"VF","en":"LEFT"}},{"age":69,"advanceVotesPercent":0.0,"lastname":"Molkoselkä","occupation":"eläkeläinen","advanceVotes":0,"npid":2,"totalVotes":0,"spid":6,"abbr":"VAS","municipalCouncilor":false,"muid":261,"alid":2,"firstname":"Vilho","electionDayVotes":0,"pid":"15","finalPosition":0,"electedInformation":"ON_SUBSTITUTE_PLACE","totalVotesPercent":0.0,"nominatorName":{"fi":"Vasemmistoliitto","sv":"Vänsterförbundet","en":"The Left Alliance"},"caid":12,"position":0,"gender":"1","comparisonData":{"totalVotes":34,"votesTotalChange":-34},"edid":13,"comparativeIndex":0.0,"electionDayVotesPercent":0.0,"nominatorAbbr":{"fi":"VAS","sv":"VF","en":"LEFT"}},{"age":66,"advanceVotesPercent":0.0,"lastname":"Rauhala","occupation":"eläkeläinen","advanceVotes":0,"npid":2,"totalVotes":0,"spid":6,"abbr":"VAS","municipalCouncilor":false,"muid":261,"alid":2,"firstname":"Esa","electionDayVotes":0,"pid":"15","finalPosition":0,"electedInformation":"ON_SUBSTITUTE_PLACE","totalVotesPercent":0.0,"nominatorName":{"fi":"Vasemmistoliitto","sv":"Vänsterförbundet","en":"The Left Alliance"},"caid":15,"position":0,"gender":"1","comparisonData":{"totalVotes":0,"votesTotalChange":0},"edid":13,"comparativeIndex":0.0,"electionDayVotesPercent":0.0,"nominatorAbbr":{"fi":"VAS","sv":"VF","en":"LEFT"}},{"age":51,"advanceVotesPercent":0.0,"lastname":"Uusisalmi","occupation":"metalliyrittäjä","advanceVotes":0,"npid":2,"totalVotes":0,"spid":6,"abbr":"VAS","municipalCouncilor":false,"muid":261,"alid":2,"firstname":"Atte","electionDayVotes":0,"pid":"15","finalPosition":0,"electedInformation":"NOT_ELECTED","totalVotesPercent":0.0,"nominatorName":{"fi":"Vasemmistoliitto","sv":"Vänsterförbundet","en":"The Left Alliance"},"caid":17,"position":0,"gender":"1","comparisonData":{"totalVotes":6,"votesTotalChange":-6},"edid":13,"comparativeIndex":0.0,"electionDayVotesPercent":0.0,"nominatorAbbr":{"fi":"VAS","sv":"VF","en":"LEFT"}},{"age":24,"advanceVotesPercent":0.0,"lastname":"Vuolli","occupation":"insinööri","advanceVotes":0,"npid":2,"totalVotes":0,"spid":6,"abbr":"VAS","municipalCouncilor":false,"muid":261,"alid":2,"firstname":"Oula","electionDayVotes":0,"pid":"15","finalPosition":0,"electedInformation":"NOT_ELECTED","totalVotesPercent":0.0,"nominatorName":{"fi":"Vasemmistoliitto","sv":"Vänsterförbundet","en":"The Left Alliance"},"caid":18,"position":0,"gender":"1","comparisonData":{"totalVotes":0,"votesTotalChange":0},"edid":13,"comparativeIndex":0.0,"electionDayVotesPercent":0.0,"nominatorAbbr":{"fi":"VAS","sv":"VF","en":"LEFT"}},{"age":64,"advanceVotesPercent":0.0,"lastname":"Kallio","occupation":"eläkeläinen","advanceVotes":0,"npid":4,"totalVotes":0,"spid":2,"abbr":"KOK","municipalCouncilor":false,"muid":261,"alid":4,"firstname":"Jukka","electionDayVotes":0,"pid":"4","finalPosition":0,"electedInformation":"NOT_ELECTED","totalVotesPercent":0.0,"nominatorName":{"fi":"Kansallinen Kokoomus","sv":"Samlingspartiet","en":"National Coalition Party"},"caid":23,"position":0,"gender":"1","comparisonData":{"totalVotes":0,"votesTotalChange":0},"edid":13,"comparativeIndex":0.0,"electionDayVotesPercent":0.0,"nominatorAbbr":{"fi":"KOK","sv":"Saml","en":"NCP"}},{"age":18,"advanceVotesPercent":0.0,"lastname":"Kiuttu","occupation":"matkailupalvelujen tuottaja","advanceVotes":0,"npid":4,"totalVotes":0,"spid":2,"abbr":"KOK","municipalCouncilor":false,"muid":261,"alid":4,"firstname":"Tiina","electionDayVotes":0,"pid":"4","finalPosition":0,"electedInformation":"NOT_ELECTED","totalVotesPercent":0.0,"nominatorName":{"fi":"Kansallinen Kokoomus","sv":"Samlingspartiet","en":"National Coalition Party"},"caid":24,"position":0,"gender":"2","comparisonData":{"totalVotes":0,"votesTotalChange":0},"edid":13,"comparativeIndex":0.0,"electionDayVotesPercent":0.0,"nominatorAbbr":{"fi":"KOK","sv":"Saml","en":"NCP"}},{"age":35,"advanceVotesPercent":0.0,"lastname":"Kurttila","occupation":"eräopas","advanceVotes":0,"npid":4,"totalVotes":0,"spid":2,"abbr":"KOK","municipalCouncilor":false,"muid":261,"alid":4,"firstname":"Matti","electionDayVotes":0,"pid":"4","finalPosition":0,"electedInformation":"NOT_ELECTED","totalVotesPercent":0.0,"nominatorName":{"fi":"Kansallinen Kokoomus","sv":"Samlingspartiet","en":"National Coalition Party"},"caid":25,"position":0,"gender":"1","comparisonData":{"totalVotes":0,"votesTotalChange":0},"edid":13,"comparativeIndex":0.0,"electionDayVotesPercent":0.0,"nominatorAbbr":{"fi":"KOK","sv":"Saml","en":"NCP"}},{"age":33,"advanceVotesPercent":0.0,"lastname":"Poti","occupation":"johtava hoitaja","advanceVotes":0,"npid":4,"totalVotes":0,"spid":2,"abbr":"KOK","municipalCouncilor":false,"muid":261,"alid":4,"firstname":"Jukka","electionDayVotes":0,"pid":"4","finalPosition":0,"electedInformation":"ELECTED","totalVotesPercent":0.0,"nominatorName":{"fi":"Kansallinen Kokoomus","sv":"Samlingspartiet","en":"National Coalition Party"},"caid":27,"position":0,"gender":"1","comparisonData":{"totalVotes":0,"votesTotalChange":0},"edid":13,"comparativeIndex":0.0,"electionDayVotesPercent":0.0,"nominatorAbbr":{"fi":"KOK","sv":"Saml","en":"NCP"}},{"age":52,"advanceVotesPercent":0.0,"lastname":"Rantanen","occupation":"yrittäjä","advanceVotes":0,"npid":4,"totalVotes":0,"spid":2,"abbr":"KOK","municipalCouncilor":false,"muid":261,"alid":4,"firstname":"Jorma","electionDayVotes":0,"pid":"4","finalPosition":0,"electedInformation":"NOT_ELECTED","totalVotesPercent":0.0,"nominatorName":{"fi":"Kansallinen Kokoomus","sv":"Samlingspartiet","en":"National Coalition Party"},"caid":28,"position":0,"gender":"1","comparisonData":{"totalVotes":33,"votesTotalChange":-33},"edid":13,"comparativeIndex":0.0,"electionDayVotesPercent":0.0,"nominatorAbbr":{"fi":"KOK","sv":"Saml","en":"NCP"}},{"age":32,"advanceVotesPercent":0.0,"lastname":"Sieppi","occupation":"automaatioinsinööri AMK","advanceVotes":0,"npid":4,"totalVotes":0,"spid":2,"abbr":"KOK","municipalCouncilor":false,"muid":261,"alid":4,"firstname":"Taru","electionDayVotes":0,"pid":"4","finalPosition":0,"electedInformation":"ON_SUBSTITUTE_PLACE","totalVotesPercent":0.0,"nominatorName":{"fi":"Kansallinen Kokoomus","sv":"Samlingspartiet","en":"National Coalition Party"},"caid":29,"position":0,"gender":"2","comparisonData":{"totalVotes":0,"votesTotalChange":0},"edid":13,"comparativeIndex":0.0,"electionDayVotesPercent":0.0,"nominatorAbbr":{"fi":"KOK","sv":"Saml","en":"NCP"}},{"age":24,"advanceVotesPercent":0.0,"lastname":"Alatalo","occupation":"poromies","advanceVotes":0,"npid":5,"totalVotes":0,"spid":1,"abbr":"KESK","municipalCouncilor":false,"muid":261,"alid":5,"firstname":"Eetu","electionDayVotes":0,"pid":"2","finalPosition":0,"electedInformation":"ON_SUBSTITUTE_PLACE","totalVotesPercent":0.0,"nominatorName":{"fi":"Suomen Keskusta","sv":"Centern i Finland","en":"Centre Party of Finland"},"caid":30,"position":0,"gender":"1","comparisonData":{"totalVotes":0,"votesTotalChange":0},"edid":13,"comparativeIndex":0.0,"electionDayVotesPercent":0.0,"nominatorAbbr":{"fi":"KESK","sv":"C","en":"CENT"}},{"age":56,"advanceVotesPercent":0.0,"lastname":"Hangasvaara","occupation":"laitoshuoltaja","advanceVotes":0,"npid":5,"totalVotes":0,"spid":1,"abbr":"KESK","municipalCouncilor":false,"muid":261,"alid":5,"firstname":"Sirkka","electionDayVotes":0,"pid":"2","finalPosition":0,"electedInformation":"ON_SUBSTITUTE_PLACE","totalVotesPercent":0.0,"nominatorName":{"fi":"Suomen Keskusta","sv":"Centern i Finland","en":"Centre Party of Finland"},"caid":31,"position":0,"gender":"2","comparisonData":{"totalVotes":29,"votesTotalChange":-29},"edid":13,"comparativeIndex":0.0,"electionDayVotesPercent":0.0,"nominatorAbbr":{"fi":"KESK","sv":"C","en":"CENT"}},{"age":66,"advanceVotesPercent":0.0,"lastname":"Jauhojärvi","occupation":"eläkeläinen, lastenhoitaja","advanceVotes":0,"npid":5,"totalVotes":0,"spid":1,"abbr":"KESK","municipalCouncilor":false,"muid":261,"alid":5,"firstname":"Pirkko","electionDayVotes":0,"pid":"2","finalPosition":0,"electedInformation":"NOT_ELECTED","totalVotesPercent":0.0,"nominatorName":{"fi":"Suomen Keskusta","sv":"Centern i Finland","en":"Centre Party of Finland"},"caid":33,"position":0,"gender":"2","comparisonData":{"totalVotes":38,"votesTotalChange":-38},"edid":13,"comparativeIndex":0.0,"electionDayVotesPercent":0.0,"nominatorAbbr":{"fi":"KESK","sv":"C","en":"CENT"}},{"age":58,"advanceVotesPercent":0.0,"lastname":"Marttila","occupation":"toimistotyöntekijä, insinööri","advanceVotes":0,"npid":5,"totalVotes":0,"spid":1,"abbr":"KESK","municipalCouncilor":false,"muid":261,"alid":5,"firstname":"Outi","electionDayVotes":0,"pid":"2","finalPosition":0,"electedInformation":"ON_SUBSTITUTE_PLACE","totalVotesPercent":0.0,"nominatorName":{"fi":"Suomen Keskusta","sv":"Centern i Finland","en":"Centre Party of Finland"},"caid":40,"position":0,"gender":"2","comparisonData":{"totalVotes":43,"votesTotalChange":-43},"edid":13,"comparativeIndex":0.0,"electionDayVotesPercent":0.0,"nominatorAbbr":{"fi":"KESK","sv":"C","en":"CENT"}},{"age":65,"advanceVotesPercent":0.0,"lastname":"Nilivaara","occupation":"hoitoapulainen","advanceVotes":0,"npid":5,"totalVotes":0,"spid":1,"abbr":"KESK","municipalCouncilor":false,"muid":261,"alid":5,"firstname":"Anna-Liisa","electionDayVotes":0,"pid":"2","finalPosition":0,"electedInformation":"NOT_ELECTED","totalVotesPercent":0.0,"nominatorName":{"fi":"Suomen Keskusta","sv":"Centern i Finland","en":"Centre Party of Finland"},"caid":43,"position":0,"gender":"2","comparisonData":{"totalVotes":6,"votesTotalChange":-6},"edid":13,"comparativeIndex":0.0,"electionDayVotesPercent":0.0,"nominatorAbbr":{"fi":"KESK","sv":"C","en":"CENT"}},{"age":51,"advanceVotesPercent":0.0,"lastname":"Niskanen","occupation":"sosionomi AMK","advanceVotes":0,"npid":5,"totalVotes":0,"spid":1,"abbr":"KESK","municipalCouncilor":false,"muid":261,"alid":5,"firstname":"Maarit","electionDayVotes":0,"pid":"2","finalPosition":0,"electedInformation":"ON_SUBSTITUTE_PLACE","totalVotesPercent":0.0,"nominatorName":{"fi":"Suomen Keskusta","sv":"Centern i Finland","en":"Centre Party of Finland"},"caid":44,"position":0,"gender":"2","comparisonData":{"totalVotes":0,"votesTotalChange":0},"edid":13,"comparativeIndex":0.0,"electionDayVotesPercent":0.0,"nominatorAbbr":{"fi":"KESK","sv":"C","en":"CENT"}},{"age":68,"advanceVotesPercent":0.0,"lastname":"Pudas","occupation":"asiakassihteeri, eläkeläinen","advanceVotes":0,"npid":5,"totalVotes":0,"spid":1,"abbr":"KESK","municipalCouncilor":false,"muid":261,"alid":5,"firstname":"Anna-Liisa","electionDayVotes":0,"pid":"2","finalPosition":0,"electedInformation":"NOT_ELECTED","totalVotesPercent":0.0,"nominatorName":{"fi":"Suomen Keskusta","sv":"Centern i Finland","en":"Centre Party of Finland"},"caid":45,"position":0,"gender":"2","comparisonData":{"totalVotes":20,"votesTotalChange":-20},"edid":13,"comparativeIndex":0.0,"electionDayVotesPercent":0.0,"nominatorAbbr":{"fi":"KESK","sv":"C","en":"CENT"}},{"age":55,"advanceVotesPercent":0.0,"lastname":"Pääkkölä","occupation":"yrittäjä","advanceVotes":0,"npid":5,"totalVotes":0,"spid":1,"abbr":"KESK","municipalCouncilor":false,"muid":261,"alid":5,"firstname":"Matti","electionDayVotes":0,"pid":"2","finalPosition":0,"electedInformation":"ON_SUBSTITUTE_PLACE","totalVotesPercent":0.0,"nominatorName":{"fi":"Suomen Keskusta","sv":"Centern i Finland","en":"Centre Party of Finland"},"caid":46,"position":0,"gender":"1","comparisonData":{"totalVotes":0,"votesTotalChange":0},"edid":13,"comparativeIndex":0.0,"electionDayVotesPercent":0.0,"nominatorAbbr":{"fi":"KESK","sv":"C","en":"CENT"}},{"age":51,"advanceVotesPercent":0.0,"lastname":"Toivola","occupation":"poromies, yrittäjä","advanceVotes":0,"npid":5,"totalVotes":0,"spid":1,"abbr":"KESK","municipalCouncilor":false,"muid":261,"alid":5,"firstname":"Juha","electionDayVotes":0,"pid":"2","finalPosition":0,"electedInformation":"ON_SUBSTITUTE_PLACE","totalVotesPercent":0.0,"nominatorName":{"fi":"Suomen Keskusta","sv":"Centern i Finland","en":"Centre Party of Finland"},"caid":51,"position":0,"gender":"1","comparisonData":{"totalVotes":30,"votesTotalChange":-30},"edid":13,"comparativeIndex":0.0,"electionDayVotesPercent":0.0,"nominatorAbbr":{"fi":"KESK","sv":"C","en":"CENT"}},{"age":69,"advanceVotesPercent":0.0,"lastname":"Autti","occupation":"yrittäjä","advanceVotes":0,"npid":7,"totalVotes":0,"spid":3,"abbr":"PS","municipalCouncilor":false,"muid":261,"alid":6,"firstname":"Annikki","electionDayVotes":0,"pid":"23","finalPosition":0,"electedInformation":"NOT_ELECTED","totalVotesPercent":0.0,"nominatorName":{"fi":"Perussuomalaiset","sv":"Sannfinländarna","en":"The Finns Party"},"caid":54,"position":0,"gender":"2","comparisonData":{"totalVotes":0,"votesTotalChange":0},"edid":13,"comparativeIndex":0.0,"electionDayVotesPercent":0.0,"nominatorAbbr":{"fi":"PS","sv":"Sannf","en":"FINNS"}},{"age":70,"advanceVotesPercent":0.0,"lastname":"Heikkinen","occupation":"autonkuljettaja, eläkeläinen","advanceVotes":0,"npid":7,"totalVotes":0,"spid":3,"abbr":"PS","municipalCouncilor":false,"muid":261,"alid":6,"firstname":"Terho","electionDayVotes":0,"pid":"23","finalPosition":0,"electedInformation":"NOT_ELECTED","totalVotesPercent":0.0,"nominatorName":{"fi":"Perussuomalaiset","sv":"Sannfinländarna","en":"The Finns Party"},"caid":55,"position":0,"gender":"1","comparisonData":{"totalVotes":9,"votesTotalChange":-9},"edid":13,"comparativeIndex":0.0,"electionDayVotesPercent":0.0,"nominatorAbbr":{"fi":"PS","sv":"Sannf","en":"FINNS"}},{"age":42,"advanceVotesPercent":0.0,"lastname":"Kujala","occupation":"rakennusmies","advanceVotes":0,"npid":7,"totalVotes":0,"spid":3,"abbr":"PS","municipalCouncilor":false,"muid":261,"alid":6,"firstname":"Jani","electionDayVotes":0,"pid":"23","finalPosition":0,"electedInformation":"NOT_ELECTED","totalVotesPercent":0.0,"nominatorName":{"fi":"Perussuomalaiset","sv":"Sannfinländarna","en":"The Finns Party"},"caid":58,"position":0,"gender":"1","comparisonData":{"totalVotes":0,"votesTotalChange":0},"edid":13,"comparativeIndex":0.0,"electionDayVotesPercent":0.0,"nominatorAbbr":{"fi":"PS","sv":"Sannf","en":"FINNS"}},{"age":30,"advanceVotesPercent":0.0,"lastname":"Kärki","occupation":"merkonomi","advanceVotes":0,"npid":7,"totalVotes":0,"spid":3,"abbr":"PS","municipalCouncilor":false,"muid":261,"alid":6,"firstname":"Anniina","electionDayVotes":0,"pid":"23","finalPosition":0,"electedInformation":"NOT_ELECTED","totalVotesPercent":0.0,"nominatorName":{"fi":"Perussuomalaiset","sv":"Sannfinländarna","en":"The Finns Party"},"caid":59,"position":0,"gender":"2","comparisonData":{"totalVotes":0,"votesTotalChange":0},"edid":13,"comparativeIndex":0.0,"electionDayVotesPercent":0.0,"nominatorAbbr":{"fi":"PS","sv":"Sannf","en":"FINNS"}},{"age":30,"advanceVotesPercent":0.0,"lastname":"Körkkö","occupation":"yrittäjä","advanceVotes":0,"npid":7,"totalVotes":0,"spid":3,"abbr":"PS","municipalCouncilor":false,"muid":261,"alid":6,"firstname":"Tuomo","electionDayVotes":0,"pid":"23","finalPosition":0,"electedInformation":"NOT_ELECTED","totalVotesPercent":0.0,"nominatorName":{"fi":"Perussuomalaiset","sv":"Sannfinländarna","en":"The Finns Party"},"caid":60,"position":0,"gender":"1","comparisonData":{"totalVotes":0,"votesTotalChange":0},"edid":13,"comparativeIndex":0.0,"electionDayVotesPercent":0.0,"nominatorAbbr":{"fi":"PS","sv":"Sannf","en":"FINNS"}},{"age":51,"advanceVotesPercent":0.0,"lastname":"Lehtonen","occupation":"merkonomi","advanceVotes":0,"npid":7,"totalVotes":0,"spid":3,"abbr":"PS","municipalCouncilor":false,"muid":261,"alid":6,"firstname":"Minna","electionDayVotes":0,"pid":"23","finalPosition":0,"electedInformation":"NOT_ELECTED","totalVotesPercent":0.0,"nominatorName":{"fi":"Perussuomalaiset","sv":"Sannfinländarna","en":"The Finns Party"},"caid":61,"position":0,"gender":"2","comparisonData":{"totalVotes":0,"votesTotalChange":0},"edid":13,"comparativeIndex":0.0,"electionDayVotesPercent":0.0,"nominatorAbbr":{"fi":"PS","sv":"Sannf","en":"FINNS"}},{"age":36,"advanceVotesPercent":0.0,"lastname":"Mäkitalo","occupation":"raskaskoneasentaja, poromies","advanceVotes":0,"npid":7,"totalVotes":0,"spid":3,"abbr":"PS","municipalCouncilor":false,"muid":261,"alid":6,"firstname":"Jussi","electionDayVotes":0,"pid":"23","finalPosition":0,"electedInformation":"ON_SUBSTITUTE_PLACE","totalVotesPercent":0.0,"nominatorName":{"fi":"Perussuomalaiset","sv":"Sannfinländarna","en":"The Finns Party"},"caid":63,"position":0,"gender":"1","comparisonData":{"totalVotes":0,"votesTotalChange":0},"edid":13,"comparativeIndex":0.0,"electionDayVotesPercent":0.0,"nominatorAbbr":{"fi":"PS","sv":"Sannf","en":"FINNS"}},{"age":71,"advanceVotesPercent":0.0,"lastname":"Piiroinen","occupation":"eläkeläinen","advanceVotes":0,"npid":7,"totalVotes":0,"spid":3,"abbr":"PS","municipalCouncilor":false,"muid":261,"alid":6,"firstname":"Teuvo","electionDayVotes":0,"pid":"23","finalPosition":0,"electedInformation":"NOT_ELECTED","totalVotesPercent":0.0,"nominatorName":{"fi":"Perussuomalaiset","sv":"Sannfinländarna","en":"The Finns Party"},"caid":66,"position":0,"gender":"1","comparisonData":{"totalVotes":0,"votesTotalChange":0},"edid":13,"comparativeIndex":0.0,"electionDayVotesPercent":0.0,"nominatorAbbr":{"fi":"PS","sv":"Sannf","en":"FINNS"}},{"age":50,"advanceVotesPercent":0.0,"lastname":"Riskilä","occupation":"taksinkuljettaja","advanceVotes":0,"npid":7,"totalVotes":0,"spid":3,"abbr":"PS","municipalCouncilor":false,"muid":261,"alid":6,"firstname":"Marko","electionDayVotes":0,"pid":"23","finalPosition":0,"electedInformation":"NOT_ELECTED","totalVotesPercent":0.0,"nominatorName":{"fi":"Perussuomalaiset","sv":"Sannfinländarna","en":"The Finns Party"},"caid":67,"position":0,"gender":"1","comparisonData":{"totalVotes":36,"votesTotalChange":-36},"edid":13,"comparativeIndex":0.0,"electionDayVotesPercent":0.0,"nominatorAbbr":{"fi":"PS","sv":"Sannf","en":"FINNS"}},{"age":67,"advanceVotesPercent":0.0,"lastname":"Siitonen","occupation":"yrittäjä","advanceVotes":0,"npid":7,"totalVotes":0,"spid":3,"abbr":"PS","municipalCouncilor":true,"muid":261,"alid":6,"firstname":"Veikko","electionDayVotes":0,"pid":"23","finalPosition":0,"electedInformation":"NOT_ELECTED","totalVotesPercent":0.0,"nominatorName":{"fi":"Perussuomalaiset","sv":"Sannfinländarna","en":"The Finns Party"},"caid":69,"position":0,"gender":"1","comparisonData":{"totalVotes":32,"votesTotalChange":-32},"edid":13,"comparativeIndex":0.0,"electionDayVotesPercent":0.0,"nominatorAbbr":{"fi":"PS","sv":"Sannf","en":"FINNS"}},{"age":29,"advanceVotesPercent":0.0,"lastname":"Kääriäinen","occupation":"toimittaja, historian yo","advanceVotes":0,"npid":8,"totalVotes":0,"spid":99,"abbr":"Muut","municipalCouncilor":false,"muid":261,"alid":7,"firstname":"Tuomas","electionDayVotes":0,"pid":"2618","finalPosition":0,"electedInformation":"NOT_ELECTED","totalVotesPercent":0.0,"nominatorName":{"fi":"Kuntalaislista","sv":"Kuntalaislista","en":"Kuntalaislista"},"caid":71,"position":0,"gender":"1","comparisonData":{"totalVotes":0,"votesTotalChange":0},"edid":13,"comparativeIndex":0.0,"electionDayVotesPercent":0.0,"nominatorAbbr":{"fi":"KL","sv":"KL","en":"KL"}},{"age":32,"advanceVotesPercent":0.0,"lastname":"Niva","occupation":"linja-autonkuljettaja, merkonomi","advanceVotes":0,"npid":8,"totalVotes":0,"spid":99,"abbr":"Muut","municipalCouncilor":true,"muid":261,"alid":7,"firstname":"Jukka","electionDayVotes":0,"pid":"2618","finalPosition":0,"electedInformation":"NOT_ELECTED","totalVotesPercent":0.0,"nominatorName":{"fi":"Kuntalaislista","sv":"Kuntalaislista","en":"Kuntalaislista"},"caid":74,"position":0,"gender":"1","comparisonData":{"totalVotes":44,"votesTotalChange":-44},"edid":13,"comparativeIndex":0.0,"electionDayVotesPercent":0.0,"nominatorAbbr":{"fi":"KL","sv":"KL","en":"KL"}},{"age":54,"advanceVotesPercent":0.0,"lastname":"Ovaskainen","occupation":"tutkimusmestari, yrittäjä","advanceVotes":0,"npid":9,"totalVotes":0,"spid":99,"abbr":"Muut","municipalCouncilor":false,"muid":261,"alid":8,"firstname":"Ahti","electionDayVotes":0,"pid":"2619","finalPosition":0,"electedInformation":"ELECTED","totalVotesPercent":0.0,"nominatorName":{"fi":"Oikeudenmukainen Kittilä","sv":"Oikeudenmukainen Kittilä","en":"Oikeudenmukainen Kittilä"},"caid":79,"position":0,"gender":"1","comparisonData":{"totalVotes":12,"votesTotalChange":-12},"edid":13,"comparativeIndex":0.0,"electionDayVotesPercent":0.0,"nominatorAbbr":{"fi":"OMK","sv":"OMK","en":"OMK"}},{"age":70,"advanceVotesPercent":0.0,"lastname":"Vaara","occupation":"eläkeläinen","advanceVotes":0,"npid":9,"totalVotes":0,"spid":99,"abbr":"Muut","municipalCouncilor":false,"muid":261,"alid":8,"firstname":"Yrjö","electionDayVotes":0,"pid":"2619","finalPosition":0,"electedInformation":"ON_SUBSTITUTE_PLACE","totalVotesPercent":0.0,"nominatorName":{"fi":"Oikeudenmukainen Kittilä","sv":"Oikeudenmukainen Kittilä","en":"Oikeudenmukainen Kittilä"},"caid":80,"position":0,"gender":"1","comparisonData":{"totalVotes":17,"votesTotalChange":-17},"edid":13,"comparativeIndex":0.0,"electionDayVotesPercent":0.0,"nominatorAbbr":{"fi":"OMK","sv":"OMK","en":"OMK"}},{"age":62,"advanceVotesPercent":0.0,"lastname":"Ylläsjärvi","occupation":"eläkeläinen, erityisopettaja","advanceVotes":0,"npid":9,"totalVotes":0,"spid":99,"abbr":"Muut","municipalCouncilor":false,"muid":261,"alid":8,"firstname":"Esa","electionDayVotes":0,"pid":"2619","finalPosition":0,"electedInformation":"ON_SUBSTITUTE_PLACE","totalVotesPercent":0.0,"nominatorName":{"fi":"Oikeudenmukainen Kittilä","sv":"Oikeudenmukainen Kittilä","en":"Oikeudenmukainen Kittilä"},"caid":82,"position":0,"gender":"1","comparisonData":{"totalVotes":33,"votesTotalChange":-33},"edid":13,"comparativeIndex":0.0,"electionDayVotesPercent":0.0,"nominatorAbbr":{"fi":"OMK","sv":"OMK","en":"OMK"}}],"municipalityPollingDistricts":[{"name":{"fi":"Pohjoinen I","sv":"Pohjoinen I"},"calculationStatusPercent":100.0,"joinedArea":false,"muid":261,"totalVotingInFinlandTurnout":58.6,"identification":"001","pdid":"001","eligibleVotersInFinlandTotal":1412,"edid":13,"mergedToPdid":""},{"name":{"fi":"Pohjoinen II","sv":"Pohjoinen II"},"calculationStatusPercent":0.0,"joinedArea":true,"muid":261,"totalVotingInFinlandTurnout":64.3,"identification":"002","pdid":"002","eligibleVotersInFinlandTotal":98,"edid":13,"mergedToPdid":"005"},{"name":{"fi":"Eteläinen I","sv":"Eteläinen I"},"calculationStatusPercent":0.0,"joinedArea":true,"muid":261,"totalVotingInFinlandTurnout":76.9,"identification":"003","pdid":"003","eligibleVotersInFinlandTotal":121,"edid":13,"mergedToPdid":"008"},{"name":{"fi":"Eteläinen II","sv":"Eteläinen II"},"calculationStatusPercent":100.0,"joinedArea":false,"muid":261,"totalVotingInFinlandTurnout":68.3,"identification":"004","pdid":"004","eligibleVotersInFinlandTotal":287,"edid":13,"mergedToPdid":""},{"name":{"fi":"Itäinen + Pohjoinen II","sv":"Itäinen + Pohjoinen II"},"calculationStatusPercent":100.0,"joinedArea":true,"muid":261,"totalVotingInFinlandTurnout":68.9,"identification":"005, 002","pdid":"005","eligibleVotersInFinlandTotal":151,"edid":13,"mergedToPdid":""},{"name":{"fi":"Läntinen","sv":"Läntinen"},"calculationStatusPercent":100.0,"joinedArea":false,"muid":261,"totalVotingInFinlandTurnout":73.5,"identification":"006","pdid":"006","eligibleVotersInFinlandTotal":287,"edid":13,"mergedToPdid":""},{"name":{"fi":"Kirkonkylä","sv":"Kirkonkylä"},"calculationStatusPercent":100.0,"joinedArea":false,"muid":261,"totalVotingInFinlandTurnout":59.4,"identification":"007","pdid":"007","eligibleVotersInFinlandTotal":2710,"edid":13,"mergedToPdid":""},{"name":{"fi":"Kallo + Eteläinen I","sv":"Kallo + Eteläinen I"},"calculationStatusPercent":100.0,"joinedArea":true,"muid":261,"totalVotingInFinlandTurnout":64.9,"identification":"008, 003","pdid":"008","eligibleVotersInFinlandTotal":134,"edid":13,"mergedToPdid":""}],"municipality":{"muid":261,"edid":13,"name":{"fi":"Kittilä","sv":"Kittilä"}}}