{"version":70,"created":"2017-04-09T22:37:45.694Z","electionDetails":{"electionId":"kv2017","electionDate":"2017-04-09T00:00:00.000Z","electionDataPublishTime":"2017-04-09T17:00:00.000Z","name":{"fi":"Kuntavaalit 2017","sv":"Kommunalval 2017","en":"Elections 2017"},"previousElections":{"correspondingCompareElection":{"electionId":"kv2012","electionDate":"2012-10-28T00:00:00.000Z","name":{"fi":"Kuntavaalit 2012","en":"Municipal elections 2012","sv":"Kommunalval 2012"}},"otherCompareElection":{"electionId":"ev2015","electionDate":"2015-04-19T00:00:00.000Z","name":{"fi":"Eduskuntavaalit 2015","en":"Parliamentary election 2015","sv":"Riksdagsval 2015"}}}},"calculationStatus":{"electionDayVotingTurnout":46.8,"invalidAdvanceVotes":0,"calculationPhase":"INITIAL","invalidElectionDayVotes":7,"approvedAdvanceVotes":361,"advanceVotingTurnout":23.3,"totalVotingTurnoutAbroad":0.0,"name":{"fi":"Yttermalax","sv":"Yttermalax"},"calculationStatusPercent":100.0,"advanceVotes":361,"electionDayVotingTurnoutAbroad":0.0,"approvedTotalVotes":1080,"totalVotes":1087,"muid":475,"totalVotingInFinlandTurnout":70.0,"advanceVotingTurnoutAbroad":0.0,"invalidTotalVotes":7,"totalVotingTurnout":70.0,"electionDayVotes":726,"electionDayVotesInFinland":726,"pdid":"002","totalVotesInFinlandMen":0,"eligibleVotersInFinlandTotal":1552,"calculationStatusPercentElectionDayVotes":100.0,"sourceRecordModificationTime":"20170409210857","otherCompareElection":{"eid":"","eligibleVotersInFinlandTotal":0,"advanceVotingInFinlandTurnout":0.0,"electionDayVotingInFinlandTurnout":0.0,"totalVotingInFinlandTurnout":0.0,"approvedVotesTotal":0,"invalidVotesTotal":0},"correspondingCompareElection":{"eid":"","eligibleVotersInFinlandTotal":0,"advanceVotingInFinlandTurnout":0.0,"electionDayVotingInFinlandTurnout":0.0,"totalVotingInFinlandTurnout":0.0,"approvedVotesTotal":0,"invalidVotesTotal":0,"seats":0},"approvedElectionDayVotes":719,"edid":10,"calculationStatusPercentAdvanceVotes":100.0,"electionDayVotingInFinlandTurnout":46.8,"seats":0,"eligibleVotersTotal":1552,"advanceVotesInFinland":361,"advanceVotingInFinlandTurnout":23.3,"totalVotesInFinland":1087},"partyResults":[{"advanceVotesPercent":64.5,"name":{"fi":"Suomen ruotsalainen kansanpuolue","sv":"Svenska folkpartiet i Finland","en":"Swedish People's Party in Finland"},"advanceVotes":233,"npid":3,"totalVotes":728,"spid":7,"abbr":{"fi":"RKP","sv":"SFP","en":"SPP"},"alid":3,"electionDayVotes":495,"pid":"5","totalVotesPercent":67.4,"nominatorName":{"fi":"Suomen ruotsalainen kansanpuolue","sv":"Svenska folkpartiet i Finland","en":"Swedish People's Party in Finland"},"compareData":{"otherCompareElection":{"votesTotalChange":0,"votesTotalPercentChange":0.0,"votesTotal":728,"votesTotalPercent":67.4},"correspondingCompareElection":{"votesTotalChange":0,"votesTotalPercentChange":0.0,"seatChange":0,"votesTotal":728,"votesTotalPercent":67.4,"seatsTotal":0}},"seats":0,"electionDayVotesPercent":68.8,"nominatorAbbr":{"fi":"RKP","sv":"SFP","en":"SPP"}},{"advanceVotesPercent":28.3,"name":{"fi":"Suomen Sosialidemokraattinen Puolue","sv":"Finlands Socialdemokratiska Parti","en":"The Finnish Social Democratic Party"},"advanceVotes":102,"npid":2,"totalVotes":282,"spid":4,"abbr":{"fi":"SDP","sv":"SDP","en":"SDP"},"alid":2,"electionDayVotes":180,"pid":"1","totalVotesPercent":26.1,"nominatorName":{"fi":"Suomen Sosialidemokraattinen Puolue","sv":"Finlands Socialdemokratiska Parti","en":"The Finnish Social Democratic Party"},"compareData":{"otherCompareElection":{"votesTotalChange":0,"votesTotalPercentChange":0.0,"votesTotal":282,"votesTotalPercent":26.1},"correspondingCompareElection":{"votesTotalChange":0,"votesTotalPercentChange":0.0,"seatChange":0,"votesTotal":282,"votesTotalPercent":26.1,"seatsTotal":0}},"seats":0,"electionDayVotesPercent":25.0,"nominatorAbbr":{"fi":"SDP","sv":"SDP","en":"SDP"}},{"advanceVotesPercent":5.3,"name":{"fi":"Suomen Kristillisdemokraatit (KD)","sv":"Kristdemokraterna i Finland (KD)","en":"Christian Democrats in Finland"},"advanceVotes":19,"npid":1,"totalVotes":58,"spid":8,"abbr":{"fi":"KD","sv":"KD","en":"CD"},"alid":1,"electionDayVotes":39,"pid":"9","totalVotesPercent":5.4,"nominatorName":{"fi":"Suomen Kristillisdemokraatit (KD)","sv":"Kristdemokraterna i Finland (KD)","en":"Christian Democrats in Finland"},"compareData":{"otherCompareElection":{"votesTotalChange":0,"votesTotalPercentChange":0.0,"votesTotal":58,"votesTotalPercent":5.4},"correspondingCompareElection":{"votesTotalChange":0,"votesTotalPercentChange":0.0,"seatChange":0,"votesTotal":58,"votesTotalPercent":5.4,"seatsTotal":0}},"seats":0,"electionDayVotesPercent":5.4,"nominatorAbbr":{"fi":"KD","sv":"KD","en":"CD"}},{"advanceVotesPercent":1.1,"name":{"fi":"Perussuomalaiset","sv":"Sannfinländarna","en":"The Finns Party"},"advanceVotes":4,"npid":5,"totalVotes":9,"spid":3,"abbr":{"fi":"PS","sv":"Sannf","en":"FINNS"},"alid":5,"electionDayVotes":5,"pid":"23","totalVotesPercent":0.8,"nominatorName":{"fi":"Perussuomalaiset","sv":"Sannfinländarna","en":"The Finns Party"},"compareData":{"otherCompareElection":{"votesTotalChange":0,"votesTotalPercentChange":0.0,"votesTotal":9,"votesTotalPercent":0.8},"correspondingCompareElection":{"votesTotalChange":0,"votesTotalPercentChange":0.0,"seatChange":0,"votesTotal":9,"votesTotalPercent":0.8,"seatsTotal":0}},"seats":0,"electionDayVotesPercent":0.7,"nominatorAbbr":{"fi":"PS","sv":"Sannf","en":"FINNS"}},{"advanceVotesPercent":0.8,"name":{"fi":"Kansallinen Kokoomus","sv":"Samlingspartiet","en":"National Coalition Party"},"advanceVotes":3,"npid":4,"totalVotes":3,"spid":2,"abbr":{"fi":"KOK","sv":"Saml","en":"NCP"},"alid":4,"electionDayVotes":0,"pid":"4","totalVotesPercent":0.3,"nominatorName":{"fi":"Kansallinen Kokoomus","sv":"Samlingspartiet","en":"National Coalition Party"},"compareData":{"otherCompareElection":{"votesTotalChange":0,"votesTotalPercentChange":0.0,"votesTotal":3,"votesTotalPercent":0.3},"correspondingCompareElection":{"votesTotalChange":0,"votesTotalPercentChange":0.0,"seatChange":0,"votesTotal":3,"votesTotalPercent":0.3,"seatsTotal":0}},"seats":0,"electionDayVotesPercent":0.0,"nominatorAbbr":{"fi":"KOK","sv":"Saml","en":"NCP"}}],"candidateResults":[{"age":42,"advanceVotesPercent":8.6,"lastname":"Appel","occupation":"polis, kommunikationschef","advanceVotes":31,"npid":3,"totalVotes":156,"spid":7,"abbr":"RKP","municipalCouncilor":false,"muid":475,"alid":3,"firstname":"Mikael","electionDayVotes":125,"pid":"5","finalPosition":0,"electedInformation":"ELECTED","totalVotesPercent":14.4,"nominatorName":{"fi":"Suomen ruotsalainen kansanpuolue","sv":"Svenska folkpartiet i Finland","en":"Swedish People's Party in Finland"},"caid":37,"position":0,"gender":"1","comparisonData":{"totalVotes":0,"votesTotalChange":156},"edid":10,"comparativeIndex":0.0,"electionDayVotesPercent":17.4,"nominatorAbbr":{"fi":"RKP","sv":"SFP","en":"SPP"}},{"age":61,"advanceVotesPercent":10.8,"lastname":"Storbacka","occupation":"byråsekreterare","advanceVotes":39,"npid":3,"totalVotes":86,"spid":7,"abbr":"RKP","municipalCouncilor":true,"muid":475,"alid":3,"firstname":"Folke","electionDayVotes":47,"pid":"5","finalPosition":0,"electedInformation":"ELECTED","totalVotesPercent":8.0,"nominatorName":{"fi":"Suomen ruotsalainen kansanpuolue","sv":"Svenska folkpartiet i Finland","en":"Swedish People's Party in Finland"},"caid":58,"position":0,"gender":"1","comparisonData":{"totalVotes":108,"votesTotalChange":-22},"edid":10,"comparativeIndex":0.0,"electionDayVotesPercent":6.5,"nominatorAbbr":{"fi":"RKP","sv":"SFP","en":"SPP"}},{"age":40,"advanceVotesPercent":6.4,"lastname":"Malm","occupation":"divisionschef","advanceVotes":23,"npid":3,"totalVotes":75,"spid":7,"abbr":"RKP","municipalCouncilor":false,"muid":475,"alid":3,"firstname":"Stefan","electionDayVotes":52,"pid":"5","finalPosition":0,"electedInformation":"ELECTED","totalVotesPercent":6.9,"nominatorName":{"fi":"Suomen ruotsalainen kansanpuolue","sv":"Svenska folkpartiet i Finland","en":"Swedish People's Party in Finland"},"caid":53,"position":0,"gender":"1","comparisonData":{"totalVotes":0,"votesTotalChange":75},"edid":10,"comparativeIndex":0.0,"electionDayVotesPercent":7.2,"nominatorAbbr":{"fi":"RKP","sv":"SFP","en":"SPP"}},{"age":72,"advanceVotesPercent":8.3,"lastname":"Uthardt","occupation":"pol.dr","advanceVotes":30,"npid":3,"totalVotes":58,"spid":7,"abbr":"RKP","municipalCouncilor":true,"muid":475,"alid":3,"firstname":"Lorenz","electionDayVotes":28,"pid":"5","finalPosition":0,"electedInformation":"ELECTED","totalVotesPercent":5.4,"nominatorName":{"fi":"Suomen ruotsalainen kansanpuolue","sv":"Svenska folkpartiet i Finland","en":"Swedish People's Party in Finland"},"caid":62,"position":0,"gender":"1","comparisonData":{"totalVotes":153,"votesTotalChange":-95},"edid":10,"comparativeIndex":0.0,"electionDayVotesPercent":3.9,"nominatorAbbr":{"fi":"RKP","sv":"SFP","en":"SPP"}},{"age":71,"advanceVotesPercent":4.7,"lastname":"Nygård","occupation":"pensionär, språklärare","advanceVotes":17,"npid":3,"totalVotes":52,"spid":7,"abbr":"RKP","municipalCouncilor":true,"muid":475,"alid":3,"firstname":"Christina","electionDayVotes":35,"pid":"5","finalPosition":0,"electedInformation":"ELECTED","totalVotesPercent":4.8,"nominatorName":{"fi":"Suomen ruotsalainen kansanpuolue","sv":"Svenska folkpartiet i Finland","en":"Swedish People's Party in Finland"},"caid":54,"position":0,"gender":"2","comparisonData":{"totalVotes":81,"votesTotalChange":-29},"edid":10,"comparativeIndex":0.0,"electionDayVotesPercent":4.9,"nominatorAbbr":{"fi":"RKP","sv":"SFP","en":"SPP"}},{"age":40,"advanceVotesPercent":5.0,"lastname":"Söderholm","occupation":"vik. bokförare, kanslist","advanceVotes":18,"npid":3,"totalVotes":52,"spid":7,"abbr":"RKP","municipalCouncilor":false,"muid":475,"alid":3,"firstname":"Minna","electionDayVotes":34,"pid":"5","finalPosition":0,"electedInformation":"ELECTED","totalVotesPercent":4.8,"nominatorName":{"fi":"Suomen ruotsalainen kansanpuolue","sv":"Svenska folkpartiet i Finland","en":"Swedish People's Party in Finland"},"caid":61,"position":0,"gender":"2","comparisonData":{"totalVotes":0,"votesTotalChange":52},"edid":10,"comparativeIndex":0.0,"electionDayVotesPercent":4.7,"nominatorAbbr":{"fi":"RKP","sv":"SFP","en":"SPP"}},{"age":43,"advanceVotesPercent":6.6,"lastname":"Sipic","occupation":"fastighetsskötare","advanceVotes":24,"npid":2,"totalVotes":39,"spid":4,"abbr":"SDP","municipalCouncilor":false,"muid":475,"alid":2,"firstname":"Elmedin","electionDayVotes":15,"pid":"1","finalPosition":0,"electedInformation":"ELECTED","totalVotesPercent":3.6,"nominatorName":{"fi":"Suomen Sosialidemokraattinen Puolue","sv":"Finlands Socialdemokratiska Parti","en":"The Finnish Social Democratic Party"},"caid":24,"position":0,"gender":"1","comparisonData":{"totalVotes":0,"votesTotalChange":39},"edid":10,"comparativeIndex":0.0,"electionDayVotesPercent":2.1,"nominatorAbbr":{"fi":"SDP","sv":"SDP","en":"SDP"}},{"age":50,"advanceVotesPercent":3.9,"lastname":"Tast","occupation":"speciallärare, erityisopettaja","advanceVotes":14,"npid":1,"totalVotes":36,"spid":8,"abbr":"KD","municipalCouncilor":true,"muid":475,"alid":1,"firstname":"Leif","electionDayVotes":22,"pid":"9","finalPosition":0,"electedInformation":"NOT_ELECTED","totalVotesPercent":3.3,"nominatorName":{"fi":"Suomen Kristillisdemokraatit (KD)","sv":"Kristdemokraterna i Finland (KD)","en":"Christian Democrats in Finland"},"caid":2,"position":0,"gender":"1","comparisonData":{"totalVotes":73,"votesTotalChange":-37},"edid":10,"comparativeIndex":0.0,"electionDayVotesPercent":3.1,"nominatorAbbr":{"fi":"KD","sv":"KD","en":"CD"}},{"age":41,"advanceVotesPercent":0.8,"lastname":"Rönnqvist","occupation":"verksamhetsledare","advanceVotes":3,"npid":3,"totalVotes":32,"spid":7,"abbr":"RKP","municipalCouncilor":false,"muid":475,"alid":3,"firstname":"Jonas","electionDayVotes":29,"pid":"5","finalPosition":0,"electedInformation":"ELECTED","totalVotesPercent":3.0,"nominatorName":{"fi":"Suomen ruotsalainen kansanpuolue","sv":"Svenska folkpartiet i Finland","en":"Swedish People's Party in Finland"},"caid":56,"position":0,"gender":"1","comparisonData":{"totalVotes":28,"votesTotalChange":4},"edid":10,"comparativeIndex":0.0,"electionDayVotesPercent":4.0,"nominatorAbbr":{"fi":"RKP","sv":"SFP","en":"SPP"}},{"age":69,"advanceVotesPercent":3.3,"lastname":"Bogren","occupation":"pensionär","advanceVotes":12,"npid":2,"totalVotes":29,"spid":4,"abbr":"SDP","municipalCouncilor":true,"muid":475,"alid":2,"firstname":"Christer","electionDayVotes":17,"pid":"1","finalPosition":0,"electedInformation":"ELECTED","totalVotesPercent":2.7,"nominatorName":{"fi":"Suomen Sosialidemokraattinen Puolue","sv":"Finlands Socialdemokratiska Parti","en":"The Finnish Social Democratic Party"},"caid":9,"position":0,"gender":"1","comparisonData":{"totalVotes":141,"votesTotalChange":-112},"edid":10,"comparativeIndex":0.0,"electionDayVotesPercent":2.4,"nominatorAbbr":{"fi":"SDP","sv":"SDP","en":"SDP"}},{"age":32,"advanceVotesPercent":1.7,"lastname":"Turtonen","occupation":"psykolog, psykoterapistuderande","advanceVotes":6,"npid":2,"totalVotes":27,"spid":4,"abbr":"SDP","municipalCouncilor":false,"muid":475,"alid":2,"firstname":"Mira","electionDayVotes":21,"pid":"1","finalPosition":0,"electedInformation":"ELECTED","totalVotesPercent":2.5,"nominatorName":{"fi":"Suomen Sosialidemokraattinen Puolue","sv":"Finlands Socialdemokratiska Parti","en":"The Finnish Social Democratic Party"},"caid":32,"position":0,"gender":"2","comparisonData":{"totalVotes":0,"votesTotalChange":27},"edid":10,"comparativeIndex":0.0,"electionDayVotesPercent":2.9,"nominatorAbbr":{"fi":"SDP","sv":"SDP","en":"SDP"}},{"age":43,"advanceVotesPercent":3.0,"lastname":"Brevik","occupation":"sjukskötare","advanceVotes":11,"npid":2,"totalVotes":24,"spid":4,"abbr":"SDP","municipalCouncilor":false,"muid":475,"alid":2,"firstname":"Nina","electionDayVotes":13,"pid":"1","finalPosition":0,"electedInformation":"ON_SUBSTITUTE_PLACE","totalVotesPercent":2.2,"nominatorName":{"fi":"Suomen Sosialidemokraattinen Puolue","sv":"Finlands Socialdemokratiska Parti","en":"The Finnish Social Democratic Party"},"caid":10,"position":0,"gender":"2","comparisonData":{"totalVotes":0,"votesTotalChange":24},"edid":10,"comparativeIndex":0.0,"electionDayVotesPercent":1.8,"nominatorAbbr":{"fi":"SDP","sv":"SDP","en":"SDP"}},{"age":41,"advanceVotesPercent":3.0,"lastname":"Sjöstrand","occupation":"närvårdare","advanceVotes":11,"npid":2,"totalVotes":24,"spid":4,"abbr":"SDP","municipalCouncilor":false,"muid":475,"alid":2,"firstname":"Ann-Louise","electionDayVotes":13,"pid":"1","finalPosition":0,"electedInformation":"ON_SUBSTITUTE_PLACE","totalVotesPercent":2.2,"nominatorName":{"fi":"Suomen Sosialidemokraattinen Puolue","sv":"Finlands Socialdemokratiska Parti","en":"The Finnish Social Democratic Party"},"caid":25,"position":0,"gender":"2","comparisonData":{"totalVotes":0,"votesTotalChange":24},"edid":10,"comparativeIndex":0.0,"electionDayVotesPercent":1.8,"nominatorAbbr":{"fi":"SDP","sv":"SDP","en":"SDP"}},{"age":46,"advanceVotesPercent":1.1,"lastname":"Berts","occupation":"kock","advanceVotes":4,"npid":2,"totalVotes":23,"spid":4,"abbr":"SDP","municipalCouncilor":false,"muid":475,"alid":2,"firstname":"Johan","electionDayVotes":19,"pid":"1","finalPosition":0,"electedInformation":"ON_SUBSTITUTE_PLACE","totalVotesPercent":2.1,"nominatorName":{"fi":"Suomen Sosialidemokraattinen Puolue","sv":"Finlands Socialdemokratiska Parti","en":"The Finnish Social Democratic Party"},"caid":8,"position":0,"gender":"1","comparisonData":{"totalVotes":0,"votesTotalChange":23},"edid":10,"comparativeIndex":0.0,"electionDayVotesPercent":2.6,"nominatorAbbr":{"fi":"SDP","sv":"SDP","en":"SDP"}},{"age":69,"advanceVotesPercent":3.9,"lastname":"Brolund","occupation":"pensionerad sjukskötare","advanceVotes":14,"npid":3,"totalVotes":23,"spid":7,"abbr":"RKP","municipalCouncilor":true,"muid":475,"alid":3,"firstname":"Lili-Ann","electionDayVotes":9,"pid":"5","finalPosition":0,"electedInformation":"ON_SUBSTITUTE_PLACE","totalVotesPercent":2.1,"nominatorName":{"fi":"Suomen ruotsalainen kansanpuolue","sv":"Svenska folkpartiet i Finland","en":"Swedish People's Party in Finland"},"caid":43,"position":0,"gender":"2","comparisonData":{"totalVotes":45,"votesTotalChange":-22},"edid":10,"comparativeIndex":0.0,"electionDayVotesPercent":1.3,"nominatorAbbr":{"fi":"RKP","sv":"SFP","en":"SPP"}},{"age":30,"advanceVotesPercent":1.7,"lastname":"Bäckman","occupation":"pol.mag., socialarbetare","advanceVotes":6,"npid":3,"totalVotes":22,"spid":7,"abbr":"RKP","municipalCouncilor":false,"muid":475,"alid":3,"firstname":"Irene","electionDayVotes":16,"pid":"5","finalPosition":0,"electedInformation":"ON_SUBSTITUTE_PLACE","totalVotesPercent":2.0,"nominatorName":{"fi":"Suomen ruotsalainen kansanpuolue","sv":"Svenska folkpartiet i Finland","en":"Swedish People's Party in Finland"},"caid":44,"position":0,"gender":"2","comparisonData":{"totalVotes":0,"votesTotalChange":22},"edid":10,"comparativeIndex":0.0,"electionDayVotesPercent":2.2,"nominatorAbbr":{"fi":"RKP","sv":"SFP","en":"SPP"}},{"age":43,"advanceVotesPercent":1.9,"lastname":"Forsberg","occupation":"ekon.mag.","advanceVotes":7,"npid":3,"totalVotes":18,"spid":7,"abbr":"RKP","municipalCouncilor":false,"muid":475,"alid":3,"firstname":"Malin","electionDayVotes":11,"pid":"5","finalPosition":0,"electedInformation":"ON_SUBSTITUTE_PLACE","totalVotesPercent":1.7,"nominatorName":{"fi":"Suomen ruotsalainen kansanpuolue","sv":"Svenska folkpartiet i Finland","en":"Swedish People's Party in Finland"},"caid":47,"position":0,"gender":"2","comparisonData":{"totalVotes":28,"votesTotalChange":-10},"edid":10,"comparativeIndex":0.0,"electionDayVotesPercent":1.5,"nominatorAbbr":{"fi":"RKP","sv":"SFP","en":"SPP"}},{"age":54,"advanceVotesPercent":1.1,"lastname":"Herrgård","occupation":"barnskötare, närvårdare","advanceVotes":4,"npid":2,"totalVotes":17,"spid":4,"abbr":"SDP","municipalCouncilor":false,"muid":475,"alid":2,"firstname":"Anne","electionDayVotes":13,"pid":"1","finalPosition":0,"electedInformation":"ON_SUBSTITUTE_PLACE","totalVotesPercent":1.6,"nominatorName":{"fi":"Suomen Sosialidemokraattinen Puolue","sv":"Finlands Socialdemokratiska Parti","en":"The Finnish Social Democratic Party"},"caid":13,"position":0,"gender":"2","comparisonData":{"totalVotes":35,"votesTotalChange":-18},"edid":10,"comparativeIndex":0.0,"electionDayVotesPercent":1.8,"nominatorAbbr":{"fi":"SDP","sv":"SDP","en":"SDP"}},{"age":33,"advanceVotesPercent":1.7,"lastname":"West","occupation":"sjukskötare, hälsovårdare","advanceVotes":6,"npid":3,"totalVotes":17,"spid":7,"abbr":"RKP","municipalCouncilor":false,"muid":475,"alid":3,"firstname":"Mia","electionDayVotes":11,"pid":"5","finalPosition":0,"electedInformation":"ELECTED","totalVotesPercent":1.6,"nominatorName":{"fi":"Suomen ruotsalainen kansanpuolue","sv":"Svenska folkpartiet i Finland","en":"Swedish People's Party in Finland"},"caid":64,"position":0,"gender":"2","comparisonData":{"totalVotes":0,"votesTotalChange":17},"edid":10,"comparativeIndex":0.0,"electionDayVotesPercent":1.5,"nominatorAbbr":{"fi":"RKP","sv":"SFP","en":"SPP"}},{"age":45,"advanceVotesPercent":1.4,"lastname":"Bengs-Lattunen","occupation":"försäljningsassistent","advanceVotes":5,"npid":3,"totalVotes":16,"spid":7,"abbr":"RKP","municipalCouncilor":true,"muid":475,"alid":3,"firstname":"Carola","electionDayVotes":11,"pid":"5","finalPosition":0,"electedInformation":"ELECTED","totalVotesPercent":1.5,"nominatorName":{"fi":"Suomen ruotsalainen kansanpuolue","sv":"Svenska folkpartiet i Finland","en":"Swedish People's Party in Finland"},"caid":39,"position":0,"gender":"2","comparisonData":{"totalVotes":43,"votesTotalChange":-27},"edid":10,"comparativeIndex":0.0,"electionDayVotesPercent":1.5,"nominatorAbbr":{"fi":"RKP","sv":"SFP","en":"SPP"}},{"age":19,"advanceVotesPercent":1.1,"lastname":"Elezovic´","occupation":"studerande","advanceVotes":4,"npid":3,"totalVotes":16,"spid":7,"abbr":"RKP","municipalCouncilor":false,"muid":475,"alid":3,"firstname":"Amina","electionDayVotes":12,"pid":"5","finalPosition":0,"electedInformation":"ON_SUBSTITUTE_PLACE","totalVotesPercent":1.5,"nominatorName":{"fi":"Suomen ruotsalainen kansanpuolue","sv":"Svenska folkpartiet i Finland","en":"Swedish People's Party in Finland"},"caid":46,"position":0,"gender":"2","comparisonData":{"totalVotes":0,"votesTotalChange":16},"edid":10,"comparativeIndex":0.0,"electionDayVotesPercent":1.7,"nominatorAbbr":{"fi":"RKP","sv":"SFP","en":"SPP"}},{"age":51,"advanceVotesPercent":0.6,"lastname":"Stormblad","occupation":"förstavårdare","advanceVotes":2,"npid":2,"totalVotes":15,"spid":4,"abbr":"SDP","municipalCouncilor":true,"muid":475,"alid":2,"firstname":"Bertil","electionDayVotes":13,"pid":"1","finalPosition":0,"electedInformation":"ELECTED","totalVotesPercent":1.4,"nominatorName":{"fi":"Suomen Sosialidemokraattinen Puolue","sv":"Finlands Socialdemokratiska Parti","en":"The Finnish Social Democratic Party"},"caid":26,"position":0,"gender":"1","comparisonData":{"totalVotes":65,"votesTotalChange":-50},"edid":10,"comparativeIndex":0.0,"electionDayVotesPercent":1.8,"nominatorAbbr":{"fi":"SDP","sv":"SDP","en":"SDP"}},{"age":25,"advanceVotesPercent":0.8,"lastname":"Bergqvist","occupation":"jord- och skogsbrukare","advanceVotes":3,"npid":3,"totalVotes":14,"spid":7,"abbr":"RKP","municipalCouncilor":false,"muid":475,"alid":3,"firstname":"Johan","electionDayVotes":11,"pid":"5","finalPosition":0,"electedInformation":"ELECTED","totalVotesPercent":1.3,"nominatorName":{"fi":"Suomen ruotsalainen kansanpuolue","sv":"Svenska folkpartiet i Finland","en":"Swedish People's Party in Finland"},"caid":40,"position":0,"gender":"1","comparisonData":{"totalVotes":0,"votesTotalChange":14},"edid":10,"comparativeIndex":0.0,"electionDayVotesPercent":1.5,"nominatorAbbr":{"fi":"RKP","sv":"SFP","en":"SPP"}},{"age":42,"advanceVotesPercent":0.0,"lastname":"Omanovic","occupation":"datanom, laminerare","advanceVotes":0,"npid":2,"totalVotes":12,"spid":4,"abbr":"SDP","municipalCouncilor":false,"muid":475,"alid":2,"firstname":"Senad","electionDayVotes":12,"pid":"1","finalPosition":0,"electedInformation":"NOT_ELECTED","totalVotesPercent":1.1,"nominatorName":{"fi":"Suomen Sosialidemokraattinen Puolue","sv":"Finlands Socialdemokratiska Parti","en":"The Finnish Social Democratic Party"},"caid":23,"position":0,"gender":"1","comparisonData":{"totalVotes":29,"votesTotalChange":-17},"edid":10,"comparativeIndex":0.0,"electionDayVotesPercent":1.7,"nominatorAbbr":{"fi":"SDP","sv":"SDP","en":"SDP"}},{"age":68,"advanceVotesPercent":1.7,"lastname":"Rajala","occupation":"pensionär, jordbrukare, eläkeläinen, maanviljelijä","advanceVotes":6,"npid":3,"totalVotes":12,"spid":7,"abbr":"RKP","municipalCouncilor":true,"muid":475,"alid":3,"firstname":"Pentti","electionDayVotes":6,"pid":"5","finalPosition":0,"electedInformation":"ELECTED","totalVotesPercent":1.1,"nominatorName":{"fi":"Suomen ruotsalainen kansanpuolue","sv":"Svenska folkpartiet i Finland","en":"Swedish People's Party in Finland"},"caid":55,"position":0,"gender":"1","comparisonData":{"totalVotes":78,"votesTotalChange":-66},"edid":10,"comparativeIndex":0.0,"electionDayVotesPercent":0.8,"nominatorAbbr":{"fi":"RKP","sv":"SFP","en":"SPP"}},{"age":30,"advanceVotesPercent":1.7,"lastname":"Nygård","occupation":"fastighetsskötare","advanceVotes":6,"npid":2,"totalVotes":11,"spid":4,"abbr":"SDP","municipalCouncilor":false,"muid":475,"alid":2,"firstname":"Dennis","electionDayVotes":5,"pid":"1","finalPosition":0,"electedInformation":"ON_SUBSTITUTE_PLACE","totalVotesPercent":1.0,"nominatorName":{"fi":"Suomen Sosialidemokraattinen Puolue","sv":"Finlands Socialdemokratiska Parti","en":"The Finnish Social Democratic Party"},"caid":18,"position":0,"gender":"1","comparisonData":{"totalVotes":0,"votesTotalChange":11},"edid":10,"comparativeIndex":0.0,"electionDayVotesPercent":0.7,"nominatorAbbr":{"fi":"SDP","sv":"SDP","en":"SDP"}},{"age":35,"advanceVotesPercent":0.6,"lastname":"Backas","occupation":"hälsovårdare, sexualrådgivare","advanceVotes":2,"npid":3,"totalVotes":11,"spid":7,"abbr":"RKP","municipalCouncilor":false,"muid":475,"alid":3,"firstname":"Teresa","electionDayVotes":9,"pid":"5","finalPosition":0,"electedInformation":"ON_SUBSTITUTE_PLACE","totalVotesPercent":1.0,"nominatorName":{"fi":"Suomen ruotsalainen kansanpuolue","sv":"Svenska folkpartiet i Finland","en":"Swedish People's Party in Finland"},"caid":38,"position":0,"gender":"2","comparisonData":{"totalVotes":17,"votesTotalChange":-6},"edid":10,"comparativeIndex":0.0,"electionDayVotesPercent":1.3,"nominatorAbbr":{"fi":"RKP","sv":"SFP","en":"SPP"}},{"age":50,"advanceVotesPercent":0.0,"lastname":"Ståhl","occupation":"storhushållsföreståndare","advanceVotes":0,"npid":3,"totalVotes":11,"spid":7,"abbr":"RKP","municipalCouncilor":false,"muid":475,"alid":3,"firstname":"Ann-Helene","electionDayVotes":11,"pid":"5","finalPosition":0,"electedInformation":"ELECTED","totalVotesPercent":1.0,"nominatorName":{"fi":"Suomen ruotsalainen kansanpuolue","sv":"Svenska folkpartiet i Finland","en":"Swedish People's Party in Finland"},"caid":59,"position":0,"gender":"2","comparisonData":{"totalVotes":0,"votesTotalChange":11},"edid":10,"comparativeIndex":0.0,"electionDayVotesPercent":1.5,"nominatorAbbr":{"fi":"RKP","sv":"SFP","en":"SPP"}},{"age":43,"advanceVotesPercent":0.8,"lastname":"Söderholm","occupation":"ytbehandlare","advanceVotes":3,"npid":2,"totalVotes":10,"spid":4,"abbr":"SDP","municipalCouncilor":false,"muid":475,"alid":2,"firstname":"Johnny","electionDayVotes":7,"pid":"1","finalPosition":0,"electedInformation":"ON_SUBSTITUTE_PLACE","totalVotesPercent":0.9,"nominatorName":{"fi":"Suomen Sosialidemokraattinen Puolue","sv":"Finlands Socialdemokratiska Parti","en":"The Finnish Social Democratic Party"},"caid":31,"position":0,"gender":"1","comparisonData":{"totalVotes":15,"votesTotalChange":-5},"edid":10,"comparativeIndex":0.0,"electionDayVotesPercent":1.0,"nominatorAbbr":{"fi":"SDP","sv":"SDP","en":"SDP"}},{"age":36,"advanceVotesPercent":0.6,"lastname":"Ekström","occupation":"egenföretagare","advanceVotes":2,"npid":1,"totalVotes":9,"spid":8,"abbr":"KD","municipalCouncilor":false,"muid":475,"alid":1,"firstname":"Anders","electionDayVotes":7,"pid":"9","finalPosition":0,"electedInformation":"NOT_ELECTED","totalVotesPercent":0.8,"nominatorName":{"fi":"Suomen Kristillisdemokraatit (KD)","sv":"Kristdemokraterna i Finland (KD)","en":"Christian Democrats in Finland"},"caid":3,"position":0,"gender":"1","comparisonData":{"totalVotes":0,"votesTotalChange":9},"edid":10,"comparativeIndex":0.0,"electionDayVotesPercent":1.0,"nominatorAbbr":{"fi":"KD","sv":"KD","en":"CD"}},{"age":54,"advanceVotesPercent":1.1,"lastname":"Ljungkvist","occupation":"närvårdare","advanceVotes":4,"npid":2,"totalVotes":9,"spid":4,"abbr":"SDP","municipalCouncilor":true,"muid":475,"alid":2,"firstname":"Britt-Mari","electionDayVotes":5,"pid":"1","finalPosition":0,"electedInformation":"NOT_ELECTED","totalVotesPercent":0.8,"nominatorName":{"fi":"Suomen Sosialidemokraattinen Puolue","sv":"Finlands Socialdemokratiska Parti","en":"The Finnish Social Democratic Party"},"caid":17,"position":0,"gender":"2","comparisonData":{"totalVotes":40,"votesTotalChange":-31},"edid":10,"comparativeIndex":0.0,"electionDayVotesPercent":0.7,"nominatorAbbr":{"fi":"SDP","sv":"SDP","en":"SDP"}},{"age":58,"advanceVotesPercent":0.8,"lastname":"Hamberg","occupation":"skogsbruksingenjör","advanceVotes":3,"npid":3,"totalVotes":9,"spid":7,"abbr":"RKP","municipalCouncilor":false,"muid":475,"alid":3,"firstname":"Karl","electionDayVotes":6,"pid":"5","finalPosition":0,"electedInformation":"ON_SUBSTITUTE_PLACE","totalVotesPercent":0.8,"nominatorName":{"fi":"Suomen ruotsalainen kansanpuolue","sv":"Svenska folkpartiet i Finland","en":"Swedish People's Party in Finland"},"caid":49,"position":0,"gender":"1","comparisonData":{"totalVotes":7,"votesTotalChange":2},"edid":10,"comparativeIndex":0.0,"electionDayVotesPercent":0.8,"nominatorAbbr":{"fi":"RKP","sv":"SFP","en":"SPP"}},{"age":63,"advanceVotesPercent":0.8,"lastname":"Klockars","occupation":"pensionär, farledsinspektör","advanceVotes":3,"npid":3,"totalVotes":9,"spid":7,"abbr":"RKP","municipalCouncilor":false,"muid":475,"alid":3,"firstname":"Eirik","electionDayVotes":6,"pid":"5","finalPosition":0,"electedInformation":"ELECTED","totalVotesPercent":0.8,"nominatorName":{"fi":"Suomen ruotsalainen kansanpuolue","sv":"Svenska folkpartiet i Finland","en":"Swedish People's Party in Finland"},"caid":51,"position":0,"gender":"1","comparisonData":{"totalVotes":0,"votesTotalChange":9},"edid":10,"comparativeIndex":0.0,"electionDayVotesPercent":0.8,"nominatorAbbr":{"fi":"RKP","sv":"SFP","en":"SPP"}},{"age":66,"advanceVotesPercent":1.4,"lastname":"Knip","occupation":"diplomingenjör","advanceVotes":5,"npid":3,"totalVotes":9,"spid":7,"abbr":"RKP","municipalCouncilor":true,"muid":475,"alid":3,"firstname":"Håkan","electionDayVotes":4,"pid":"5","finalPosition":0,"electedInformation":"ELECTED","totalVotesPercent":0.8,"nominatorName":{"fi":"Suomen ruotsalainen kansanpuolue","sv":"Svenska folkpartiet i Finland","en":"Swedish People's Party in Finland"},"caid":52,"position":0,"gender":"1","comparisonData":{"totalVotes":120,"votesTotalChange":-111},"edid":10,"comparativeIndex":0.0,"electionDayVotesPercent":0.6,"nominatorAbbr":{"fi":"RKP","sv":"SFP","en":"SPP"}},{"age":29,"advanceVotesPercent":0.8,"lastname":"Mäkelä","occupation":"smyckesdesigner, korumuotoilija","advanceVotes":3,"npid":1,"totalVotes":8,"spid":8,"abbr":"KD","municipalCouncilor":false,"muid":475,"alid":1,"firstname":"Nadja","electionDayVotes":5,"pid":"9","finalPosition":0,"electedInformation":"NOT_ELECTED","totalVotesPercent":0.7,"nominatorName":{"fi":"Suomen Kristillisdemokraatit (KD)","sv":"Kristdemokraterna i Finland (KD)","en":"Christian Democrats in Finland"},"caid":5,"position":0,"gender":"2","comparisonData":{"totalVotes":0,"votesTotalChange":8},"edid":10,"comparativeIndex":0.0,"electionDayVotesPercent":0.7,"nominatorAbbr":{"fi":"KD","sv":"KD","en":"CD"}},{"age":49,"advanceVotesPercent":0.6,"lastname":"Nyroos","occupation":"brandförman","advanceVotes":2,"npid":2,"totalVotes":8,"spid":4,"abbr":"SDP","municipalCouncilor":false,"muid":475,"alid":2,"firstname":"Alf","electionDayVotes":6,"pid":"1","finalPosition":0,"electedInformation":"NOT_ELECTED","totalVotesPercent":0.7,"nominatorName":{"fi":"Suomen Sosialidemokraattinen Puolue","sv":"Finlands Socialdemokratiska Parti","en":"The Finnish Social Democratic Party"},"caid":21,"position":0,"gender":"1","comparisonData":{"totalVotes":8,"votesTotalChange":0},"edid":10,"comparativeIndex":0.0,"electionDayVotesPercent":0.8,"nominatorAbbr":{"fi":"SDP","sv":"SDP","en":"SDP"}},{"age":62,"advanceVotesPercent":0.0,"lastname":"Syrén","occupation":"lantbruksföretagare","advanceVotes":0,"npid":3,"totalVotes":8,"spid":7,"abbr":"RKP","municipalCouncilor":true,"muid":475,"alid":3,"firstname":"Rolf","electionDayVotes":8,"pid":"5","finalPosition":0,"electedInformation":"ELECTED","totalVotesPercent":0.7,"nominatorName":{"fi":"Suomen ruotsalainen kansanpuolue","sv":"Svenska folkpartiet i Finland","en":"Swedish People's Party in Finland"},"caid":60,"position":0,"gender":"1","comparisonData":{"totalVotes":71,"votesTotalChange":-63},"edid":10,"comparativeIndex":0.0,"electionDayVotesPercent":1.1,"nominatorAbbr":{"fi":"RKP","sv":"SFP","en":"SPP"}},{"age":38,"advanceVotesPercent":0.8,"lastname":"Donner","occupation":"agrolog YH","advanceVotes":3,"npid":2,"totalVotes":7,"spid":4,"abbr":"SDP","municipalCouncilor":true,"muid":475,"alid":2,"firstname":"Tove","electionDayVotes":4,"pid":"1","finalPosition":0,"electedInformation":"ELECTED","totalVotesPercent":0.6,"nominatorName":{"fi":"Suomen Sosialidemokraattinen Puolue","sv":"Finlands Socialdemokratiska Parti","en":"The Finnish Social Democratic Party"},"caid":11,"position":0,"gender":"2","comparisonData":{"totalVotes":47,"votesTotalChange":-40},"edid":10,"comparativeIndex":0.0,"electionDayVotesPercent":0.6,"nominatorAbbr":{"fi":"SDP","sv":"SDP","en":"SDP"}},{"age":30,"advanceVotesPercent":0.0,"lastname":"Granholm","occupation":"bilplåtslagare, stödperson","advanceVotes":0,"npid":1,"totalVotes":5,"spid":8,"abbr":"KD","municipalCouncilor":false,"muid":475,"alid":1,"firstname":"Ronny","electionDayVotes":5,"pid":"9","finalPosition":0,"electedInformation":"NOT_ELECTED","totalVotesPercent":0.5,"nominatorName":{"fi":"Suomen Kristillisdemokraatit (KD)","sv":"Kristdemokraterna i Finland (KD)","en":"Christian Democrats in Finland"},"caid":4,"position":0,"gender":"1","comparisonData":{"totalVotes":24,"votesTotalChange":-19},"edid":10,"comparativeIndex":0.0,"electionDayVotesPercent":0.7,"nominatorAbbr":{"fi":"KD","sv":"KD","en":"CD"}},{"age":20,"advanceVotesPercent":0.6,"lastname":"Nyroos","occupation":"studerande, närvårdare","advanceVotes":2,"npid":2,"totalVotes":5,"spid":4,"abbr":"SDP","municipalCouncilor":false,"muid":475,"alid":2,"firstname":"Alexandra","electionDayVotes":3,"pid":"1","finalPosition":0,"electedInformation":"NOT_ELECTED","totalVotesPercent":0.5,"nominatorName":{"fi":"Suomen Sosialidemokraattinen Puolue","sv":"Finlands Socialdemokratiska Parti","en":"The Finnish Social Democratic Party"},"caid":20,"position":0,"gender":"2","comparisonData":{"totalVotes":0,"votesTotalChange":5},"edid":10,"comparativeIndex":0.0,"electionDayVotesPercent":0.4,"nominatorAbbr":{"fi":"SDP","sv":"SDP","en":"SDP"}},{"age":57,"advanceVotesPercent":0.6,"lastname":"Björkholm","occupation":"ekon.mag.","advanceVotes":2,"npid":3,"totalVotes":5,"spid":7,"abbr":"RKP","municipalCouncilor":true,"muid":475,"alid":3,"firstname":"Bernt","electionDayVotes":3,"pid":"5","finalPosition":0,"electedInformation":"ELECTED","totalVotesPercent":0.5,"nominatorName":{"fi":"Suomen ruotsalainen kansanpuolue","sv":"Svenska folkpartiet i Finland","en":"Swedish People's Party in Finland"},"caid":42,"position":0,"gender":"1","comparisonData":{"totalVotes":119,"votesTotalChange":-114},"edid":10,"comparativeIndex":0.0,"electionDayVotesPercent":0.4,"nominatorAbbr":{"fi":"RKP","sv":"SFP","en":"SPP"}},{"age":45,"advanceVotesPercent":0.3,"lastname":"Skinnar","occupation":"tullöverinspektör, pol.mag.","advanceVotes":1,"npid":3,"totalVotes":4,"spid":7,"abbr":"RKP","municipalCouncilor":true,"muid":475,"alid":3,"firstname":"Sture","electionDayVotes":3,"pid":"5","finalPosition":0,"electedInformation":"ELECTED","totalVotesPercent":0.4,"nominatorName":{"fi":"Suomen ruotsalainen kansanpuolue","sv":"Svenska folkpartiet i Finland","en":"Swedish People's Party in Finland"},"caid":57,"position":0,"gender":"1","comparisonData":{"totalVotes":87,"votesTotalChange":-83},"edid":10,"comparativeIndex":0.0,"electionDayVotesPercent":0.4,"nominatorAbbr":{"fi":"RKP","sv":"SFP","en":"SPP"}},{"age":53,"advanceVotesPercent":0.3,"lastname":"West","occupation":"journalist","advanceVotes":1,"npid":3,"totalVotes":4,"spid":7,"abbr":"RKP","municipalCouncilor":false,"muid":475,"alid":3,"firstname":"Markus","electionDayVotes":3,"pid":"5","finalPosition":0,"electedInformation":"ELECTED","totalVotesPercent":0.4,"nominatorName":{"fi":"Suomen ruotsalainen kansanpuolue","sv":"Svenska folkpartiet i Finland","en":"Swedish People's Party in Finland"},"caid":63,"position":0,"gender":"1","comparisonData":{"totalVotes":0,"votesTotalChange":4},"edid":10,"comparativeIndex":0.0,"electionDayVotesPercent":0.4,"nominatorAbbr":{"fi":"RKP","sv":"SFP","en":"SPP"}},{"age":30,"advanceVotesPercent":0.6,"lastname":"Korpi","occupation":"kuorma-autonkuljettaja","advanceVotes":2,"npid":5,"totalVotes":4,"spid":3,"abbr":"PS","municipalCouncilor":false,"muid":475,"alid":5,"firstname":"Marko","electionDayVotes":2,"pid":"23","finalPosition":0,"electedInformation":"NOT_ELECTED","totalVotesPercent":0.4,"nominatorName":{"fi":"Perussuomalaiset","sv":"Sannfinländarna","en":"The Finns Party"},"caid":67,"position":0,"gender":"1","comparisonData":{"totalVotes":0,"votesTotalChange":4},"edid":10,"comparativeIndex":0.0,"electionDayVotesPercent":0.3,"nominatorAbbr":{"fi":"PS","sv":"Sannf","en":"FINNS"}},{"age":39,"advanceVotesPercent":0.3,"lastname":"Ahlholm","occupation":"kock","advanceVotes":1,"npid":2,"totalVotes":3,"spid":4,"abbr":"SDP","municipalCouncilor":false,"muid":475,"alid":2,"firstname":"Annette","electionDayVotes":2,"pid":"1","finalPosition":0,"electedInformation":"NOT_ELECTED","totalVotesPercent":0.3,"nominatorName":{"fi":"Suomen Sosialidemokraattinen Puolue","sv":"Finlands Socialdemokratiska Parti","en":"The Finnish Social Democratic Party"},"caid":6,"position":0,"gender":"2","comparisonData":{"totalVotes":0,"votesTotalChange":3},"edid":10,"comparativeIndex":0.0,"electionDayVotesPercent":0.3,"nominatorAbbr":{"fi":"SDP","sv":"SDP","en":"SDP"}},{"age":39,"advanceVotesPercent":0.3,"lastname":"Nyman","occupation":"kontorist","advanceVotes":1,"npid":2,"totalVotes":3,"spid":4,"abbr":"SDP","municipalCouncilor":false,"muid":475,"alid":2,"firstname":"Thea","electionDayVotes":2,"pid":"1","finalPosition":0,"electedInformation":"NOT_ELECTED","totalVotesPercent":0.3,"nominatorName":{"fi":"Suomen Sosialidemokraattinen Puolue","sv":"Finlands Socialdemokratiska Parti","en":"The Finnish Social Democratic Party"},"caid":19,"position":0,"gender":"2","comparisonData":{"totalVotes":0,"votesTotalChange":3},"edid":10,"comparativeIndex":0.0,"electionDayVotesPercent":0.3,"nominatorAbbr":{"fi":"SDP","sv":"SDP","en":"SDP"}},{"age":62,"advanceVotesPercent":0.6,"lastname":"Bäck-Sjökvist","occupation":"pensionerad lärare","advanceVotes":2,"npid":3,"totalVotes":3,"spid":7,"abbr":"RKP","municipalCouncilor":false,"muid":475,"alid":3,"firstname":"Iris","electionDayVotes":1,"pid":"5","finalPosition":0,"electedInformation":"ELECTED","totalVotesPercent":0.3,"nominatorName":{"fi":"Suomen ruotsalainen kansanpuolue","sv":"Svenska folkpartiet i Finland","en":"Swedish People's Party in Finland"},"caid":45,"position":0,"gender":"2","comparisonData":{"totalVotes":0,"votesTotalChange":3},"edid":10,"comparativeIndex":0.0,"electionDayVotesPercent":0.1,"nominatorAbbr":{"fi":"RKP","sv":"SFP","en":"SPP"}},{"age":50,"advanceVotesPercent":0.8,"lastname":"Dannbom","occupation":"pensionär","advanceVotes":3,"npid":4,"totalVotes":3,"spid":2,"abbr":"KOK","municipalCouncilor":false,"muid":475,"alid":4,"firstname":"Ursula","electionDayVotes":0,"pid":"4","finalPosition":0,"electedInformation":"NOT_ELECTED","totalVotesPercent":0.3,"nominatorName":{"fi":"Kansallinen Kokoomus","sv":"Samlingspartiet","en":"National Coalition Party"},"caid":65,"position":0,"gender":"2","comparisonData":{"totalVotes":0,"votesTotalChange":3},"edid":10,"comparativeIndex":0.0,"electionDayVotesPercent":0.0,"nominatorAbbr":{"fi":"KOK","sv":"Saml","en":"NCP"}},{"age":57,"advanceVotesPercent":0.0,"lastname":"Aspegren-Törnroos","occupation":"vårdare","advanceVotes":0,"npid":2,"totalVotes":2,"spid":4,"abbr":"SDP","municipalCouncilor":false,"muid":475,"alid":2,"firstname":"Anna-Lena","electionDayVotes":2,"pid":"1","finalPosition":0,"electedInformation":"NOT_ELECTED","totalVotesPercent":0.2,"nominatorName":{"fi":"Suomen Sosialidemokraattinen Puolue","sv":"Finlands Socialdemokratiska Parti","en":"The Finnish Social Democratic Party"},"caid":7,"position":0,"gender":"2","comparisonData":{"totalVotes":14,"votesTotalChange":-12},"edid":10,"comparativeIndex":0.0,"electionDayVotesPercent":0.3,"nominatorAbbr":{"fi":"SDP","sv":"SDP","en":"SDP"}},{"age":48,"advanceVotesPercent":0.6,"lastname":"Nyroos","occupation":"regionombudsman","advanceVotes":2,"npid":2,"totalVotes":2,"spid":4,"abbr":"SDP","municipalCouncilor":false,"muid":475,"alid":2,"firstname":"Margot","electionDayVotes":0,"pid":"1","finalPosition":0,"electedInformation":"NOT_ELECTED","totalVotesPercent":0.2,"nominatorName":{"fi":"Suomen Sosialidemokraattinen Puolue","sv":"Finlands Socialdemokratiska Parti","en":"The Finnish Social Democratic Party"},"caid":22,"position":0,"gender":"2","comparisonData":{"totalVotes":10,"votesTotalChange":-8},"edid":10,"comparativeIndex":0.0,"electionDayVotesPercent":0.0,"nominatorAbbr":{"fi":"SDP","sv":"SDP","en":"SDP"}},{"age":58,"advanceVotesPercent":0.0,"lastname":"Sundman","occupation":"inköpssekr., huvudförtroendeman","advanceVotes":0,"npid":2,"totalVotes":2,"spid":4,"abbr":"SDP","municipalCouncilor":false,"muid":475,"alid":2,"firstname":"Lea","electionDayVotes":2,"pid":"1","finalPosition":0,"electedInformation":"NOT_ELECTED","totalVotesPercent":0.2,"nominatorName":{"fi":"Suomen Sosialidemokraattinen Puolue","sv":"Finlands Socialdemokratiska Parti","en":"The Finnish Social Democratic Party"},"caid":28,"position":0,"gender":"2","comparisonData":{"totalVotes":3,"votesTotalChange":-1},"edid":10,"comparativeIndex":0.0,"electionDayVotesPercent":0.3,"nominatorAbbr":{"fi":"SDP","sv":"SDP","en":"SDP"}},{"age":70,"advanceVotesPercent":0.3,"lastname":"Svenns","occupation":"pensionär","advanceVotes":1,"npid":2,"totalVotes":2,"spid":4,"abbr":"SDP","municipalCouncilor":false,"muid":475,"alid":2,"firstname":"Margareta","electionDayVotes":1,"pid":"1","finalPosition":0,"electedInformation":"NOT_ELECTED","totalVotesPercent":0.2,"nominatorName":{"fi":"Suomen Sosialidemokraattinen Puolue","sv":"Finlands Socialdemokratiska Parti","en":"The Finnish Social Democratic Party"},"caid":29,"position":0,"gender":"2","comparisonData":{"totalVotes":21,"votesTotalChange":-19},"edid":10,"comparativeIndex":0.0,"electionDayVotesPercent":0.1,"nominatorAbbr":{"fi":"SDP","sv":"SDP","en":"SDP"}},{"age":43,"advanceVotesPercent":0.0,"lastname":"Westerback","occupation":"sjukskötare","advanceVotes":0,"npid":2,"totalVotes":2,"spid":4,"abbr":"SDP","municipalCouncilor":false,"muid":475,"alid":2,"firstname":"Maria","electionDayVotes":2,"pid":"1","finalPosition":0,"electedInformation":"NOT_ELECTED","totalVotesPercent":0.2,"nominatorName":{"fi":"Suomen Sosialidemokraattinen Puolue","sv":"Finlands Socialdemokratiska Parti","en":"The Finnish Social Democratic Party"},"caid":35,"position":0,"gender":"2","comparisonData":{"totalVotes":0,"votesTotalChange":2},"edid":10,"comparativeIndex":0.0,"electionDayVotesPercent":0.3,"nominatorAbbr":{"fi":"SDP","sv":"SDP","en":"SDP"}},{"age":24,"advanceVotesPercent":0.3,"lastname":"Bjurs","occupation":"controller","advanceVotes":1,"npid":3,"totalVotes":2,"spid":7,"abbr":"RKP","municipalCouncilor":false,"muid":475,"alid":3,"firstname":"Elin","electionDayVotes":1,"pid":"5","finalPosition":0,"electedInformation":"ELECTED","totalVotesPercent":0.2,"nominatorName":{"fi":"Suomen ruotsalainen kansanpuolue","sv":"Svenska folkpartiet i Finland","en":"Swedish People's Party in Finland"},"caid":41,"position":0,"gender":"2","comparisonData":{"totalVotes":0,"votesTotalChange":2},"edid":10,"comparativeIndex":0.0,"electionDayVotesPercent":0.1,"nominatorAbbr":{"fi":"RKP","sv":"SFP","en":"SPP"}},{"age":23,"advanceVotesPercent":0.3,"lastname":"Gästgivars","occupation":"yrkeshögskolestuderande","advanceVotes":1,"npid":3,"totalVotes":2,"spid":7,"abbr":"RKP","municipalCouncilor":false,"muid":475,"alid":3,"firstname":"Kim","electionDayVotes":1,"pid":"5","finalPosition":0,"electedInformation":"ON_SUBSTITUTE_PLACE","totalVotesPercent":0.2,"nominatorName":{"fi":"Suomen ruotsalainen kansanpuolue","sv":"Svenska folkpartiet i Finland","en":"Swedish People's Party in Finland"},"caid":48,"position":0,"gender":"1","comparisonData":{"totalVotes":0,"votesTotalChange":2},"edid":10,"comparativeIndex":0.0,"electionDayVotesPercent":0.1,"nominatorAbbr":{"fi":"RKP","sv":"SFP","en":"SPP"}},{"age":43,"advanceVotesPercent":0.0,"lastname":"Holmlund","occupation":"företagare","advanceVotes":0,"npid":3,"totalVotes":2,"spid":7,"abbr":"RKP","municipalCouncilor":false,"muid":475,"alid":3,"firstname":"Krister","electionDayVotes":2,"pid":"5","finalPosition":0,"electedInformation":"ELECTED","totalVotesPercent":0.2,"nominatorName":{"fi":"Suomen ruotsalainen kansanpuolue","sv":"Svenska folkpartiet i Finland","en":"Swedish People's Party in Finland"},"caid":50,"position":0,"gender":"1","comparisonData":{"totalVotes":0,"votesTotalChange":2},"edid":10,"comparativeIndex":0.0,"electionDayVotesPercent":0.3,"nominatorAbbr":{"fi":"RKP","sv":"SFP","en":"SPP"}},{"age":38,"advanceVotesPercent":0.3,"lastname":"Sivula","occupation":"ravintolatyöntekijä","advanceVotes":1,"npid":5,"totalVotes":2,"spid":3,"abbr":"PS","municipalCouncilor":false,"muid":475,"alid":5,"firstname":"Johanna","electionDayVotes":1,"pid":"23","finalPosition":0,"electedInformation":"NOT_ELECTED","totalVotesPercent":0.2,"nominatorName":{"fi":"Perussuomalaiset","sv":"Sannfinländarna","en":"The Finns Party"},"caid":68,"position":0,"gender":"2","comparisonData":{"totalVotes":0,"votesTotalChange":2},"edid":10,"comparativeIndex":0.0,"electionDayVotesPercent":0.1,"nominatorAbbr":{"fi":"PS","sv":"Sannf","en":"FINNS"}},{"age":19,"advanceVotesPercent":0.3,"lastname":"Norrman","occupation":"opiskelija","advanceVotes":1,"npid":5,"totalVotes":2,"spid":3,"abbr":"PS","municipalCouncilor":false,"muid":475,"alid":5,"firstname":"Niki","electionDayVotes":1,"pid":"23","finalPosition":0,"electedInformation":"NOT_ELECTED","totalVotesPercent":0.2,"nominatorName":{"fi":"Perussuomalaiset","sv":"Sannfinländarna","en":"The Finns Party"},"caid":70,"position":0,"gender":"1","comparisonData":{"totalVotes":0,"votesTotalChange":2},"edid":10,"comparativeIndex":0.0,"electionDayVotesPercent":0.1,"nominatorAbbr":{"fi":"PS","sv":"Sannf","en":"FINNS"}},{"age":25,"advanceVotesPercent":0.0,"lastname":"Finne","occupation":"studerande","advanceVotes":0,"npid":2,"totalVotes":1,"spid":4,"abbr":"SDP","municipalCouncilor":false,"muid":475,"alid":2,"firstname":"Joakim","electionDayVotes":1,"pid":"1","finalPosition":0,"electedInformation":"NOT_ELECTED","totalVotesPercent":0.1,"nominatorName":{"fi":"Suomen Sosialidemokraattinen Puolue","sv":"Finlands Socialdemokratiska Parti","en":"The Finnish Social Democratic Party"},"caid":12,"position":0,"gender":"1","comparisonData":{"totalVotes":0,"votesTotalChange":1},"edid":10,"comparativeIndex":0.0,"electionDayVotesPercent":0.1,"nominatorAbbr":{"fi":"SDP","sv":"SDP","en":"SDP"}},{"age":63,"advanceVotesPercent":0.3,"lastname":"Ilmarinen","occupation":"arbetsledare","advanceVotes":1,"npid":2,"totalVotes":1,"spid":4,"abbr":"SDP","municipalCouncilor":false,"muid":475,"alid":2,"firstname":"Kari","electionDayVotes":0,"pid":"1","finalPosition":0,"electedInformation":"NOT_ELECTED","totalVotesPercent":0.1,"nominatorName":{"fi":"Suomen Sosialidemokraattinen Puolue","sv":"Finlands Socialdemokratiska Parti","en":"The Finnish Social Democratic Party"},"caid":15,"position":0,"gender":"1","comparisonData":{"totalVotes":14,"votesTotalChange":-13},"edid":10,"comparativeIndex":0.0,"electionDayVotesPercent":0.0,"nominatorAbbr":{"fi":"SDP","sv":"SDP","en":"SDP"}},{"age":66,"advanceVotesPercent":0.0,"lastname":"Strandberg","occupation":"företagare, pensionär","advanceVotes":0,"npid":2,"totalVotes":1,"spid":4,"abbr":"SDP","municipalCouncilor":false,"muid":475,"alid":2,"firstname":"Richard","electionDayVotes":1,"pid":"1","finalPosition":0,"electedInformation":"NOT_ELECTED","totalVotesPercent":0.1,"nominatorName":{"fi":"Suomen Sosialidemokraattinen Puolue","sv":"Finlands Socialdemokratiska Parti","en":"The Finnish Social Democratic Party"},"caid":27,"position":0,"gender":"1","comparisonData":{"totalVotes":17,"votesTotalChange":-16},"edid":10,"comparativeIndex":0.0,"electionDayVotesPercent":0.1,"nominatorAbbr":{"fi":"SDP","sv":"SDP","en":"SDP"}},{"age":55,"advanceVotesPercent":0.3,"lastname":"Söderholm","occupation":"barnskötare","advanceVotes":1,"npid":2,"totalVotes":1,"spid":4,"abbr":"SDP","municipalCouncilor":true,"muid":475,"alid":2,"firstname":"Britt-Mari","electionDayVotes":0,"pid":"1","finalPosition":0,"electedInformation":"ELECTED","totalVotesPercent":0.1,"nominatorName":{"fi":"Suomen Sosialidemokraattinen Puolue","sv":"Finlands Socialdemokratiska Parti","en":"The Finnish Social Democratic Party"},"caid":30,"position":0,"gender":"2","comparisonData":{"totalVotes":97,"votesTotalChange":-96},"edid":10,"comparativeIndex":0.0,"electionDayVotesPercent":0.0,"nominatorAbbr":{"fi":"SDP","sv":"SDP","en":"SDP"}},{"age":34,"advanceVotesPercent":0.0,"lastname":"Uotinen","occupation":"egenföretagare","advanceVotes":0,"npid":2,"totalVotes":1,"spid":4,"abbr":"SDP","municipalCouncilor":true,"muid":475,"alid":2,"firstname":"Tommi","electionDayVotes":1,"pid":"1","finalPosition":0,"electedInformation":"NOT_ELECTED","totalVotesPercent":0.1,"nominatorName":{"fi":"Suomen Sosialidemokraattinen Puolue","sv":"Finlands Socialdemokratiska Parti","en":"The Finnish Social Democratic Party"},"caid":33,"position":0,"gender":"1","comparisonData":{"totalVotes":42,"votesTotalChange":-41},"edid":10,"comparativeIndex":0.0,"electionDayVotesPercent":0.1,"nominatorAbbr":{"fi":"SDP","sv":"SDP","en":"SDP"}},{"age":54,"advanceVotesPercent":0.3,"lastname":"Wahlroos","occupation":"fastighetsskötare, biolog","advanceVotes":1,"npid":2,"totalVotes":1,"spid":4,"abbr":"SDP","municipalCouncilor":false,"muid":475,"alid":2,"firstname":"Ann-Marie","electionDayVotes":0,"pid":"1","finalPosition":0,"electedInformation":"NOT_ELECTED","totalVotesPercent":0.1,"nominatorName":{"fi":"Suomen Sosialidemokraattinen Puolue","sv":"Finlands Socialdemokratiska Parti","en":"The Finnish Social Democratic Party"},"caid":34,"position":0,"gender":"2","comparisonData":{"totalVotes":4,"votesTotalChange":-3},"edid":10,"comparativeIndex":0.0,"electionDayVotesPercent":0.0,"nominatorAbbr":{"fi":"SDP","sv":"SDP","en":"SDP"}},{"age":59,"advanceVotesPercent":0.0,"lastname":"Peltola","occupation":"alikonemestari","advanceVotes":0,"npid":5,"totalVotes":1,"spid":3,"abbr":"PS","municipalCouncilor":false,"muid":475,"alid":5,"firstname":"Sakari","electionDayVotes":1,"pid":"23","finalPosition":0,"electedInformation":"NOT_ELECTED","totalVotesPercent":0.1,"nominatorName":{"fi":"Perussuomalaiset","sv":"Sannfinländarna","en":"The Finns Party"},"caid":69,"position":0,"gender":"1","comparisonData":{"totalVotes":13,"votesTotalChange":-12},"edid":10,"comparativeIndex":0.0,"electionDayVotesPercent":0.1,"nominatorAbbr":{"fi":"PS","sv":"Sannf","en":"FINNS"}},{"age":61,"advanceVotesPercent":0.0,"lastname":"Högback","occupation":"kaptl ia., egenföretagare","advanceVotes":0,"npid":2,"totalVotes":0,"spid":4,"abbr":"SDP","municipalCouncilor":false,"muid":475,"alid":2,"firstname":"Volter","electionDayVotes":0,"pid":"1","finalPosition":0,"electedInformation":"NOT_ELECTED","totalVotesPercent":0.0,"nominatorName":{"fi":"Suomen Sosialidemokraattinen Puolue","sv":"Finlands Socialdemokratiska Parti","en":"The Finnish Social Democratic Party"},"caid":14,"position":0,"gender":"1","comparisonData":{"totalVotes":0,"votesTotalChange":0},"edid":10,"comparativeIndex":0.0,"electionDayVotesPercent":0.0,"nominatorAbbr":{"fi":"SDP","sv":"SDP","en":"SDP"}},{"age":61,"advanceVotesPercent":0.0,"lastname":"Köse","occupation":"undersköterska","advanceVotes":0,"npid":2,"totalVotes":0,"spid":4,"abbr":"SDP","municipalCouncilor":false,"muid":475,"alid":2,"firstname":"Maynie","electionDayVotes":0,"pid":"1","finalPosition":0,"electedInformation":"NOT_ELECTED","totalVotesPercent":0.0,"nominatorName":{"fi":"Suomen Sosialidemokraattinen Puolue","sv":"Finlands Socialdemokratiska Parti","en":"The Finnish Social Democratic Party"},"caid":16,"position":0,"gender":"2","comparisonData":{"totalVotes":0,"votesTotalChange":0},"edid":10,"comparativeIndex":0.0,"electionDayVotesPercent":0.0,"nominatorAbbr":{"fi":"SDP","sv":"SDP","en":"SDP"}},{"age":39,"advanceVotesPercent":0.0,"lastname":"Åkerman","occupation":"redovisningsmerkonom","advanceVotes":0,"npid":2,"totalVotes":0,"spid":4,"abbr":"SDP","municipalCouncilor":false,"muid":475,"alid":2,"firstname":"Kim","electionDayVotes":0,"pid":"1","finalPosition":0,"electedInformation":"NOT_ELECTED","totalVotesPercent":0.0,"nominatorName":{"fi":"Suomen Sosialidemokraattinen Puolue","sv":"Finlands Socialdemokratiska Parti","en":"The Finnish Social Democratic Party"},"caid":36,"position":0,"gender":"1","comparisonData":{"totalVotes":0,"votesTotalChange":0},"edid":10,"comparativeIndex":0.0,"electionDayVotesPercent":0.0,"nominatorAbbr":{"fi":"SDP","sv":"SDP","en":"SDP"}},{"age":25,"advanceVotesPercent":0.0,"lastname":"Peltola","occupation":"koneenasentaja","advanceVotes":0,"npid":5,"totalVotes":0,"spid":3,"abbr":"PS","municipalCouncilor":false,"muid":475,"alid":5,"firstname":"Joonas","electionDayVotes":0,"pid":"23","finalPosition":0,"electedInformation":"NOT_ELECTED","totalVotesPercent":0.0,"nominatorName":{"fi":"Perussuomalaiset","sv":"Sannfinländarna","en":"The Finns Party"},"caid":66,"position":0,"gender":"1","comparisonData":{"totalVotes":0,"votesTotalChange":0},"edid":10,"comparativeIndex":0.0,"electionDayVotesPercent":0.0,"nominatorAbbr":{"fi":"PS","sv":"Sannf","en":"FINNS"}}],"municipalityPollingDistricts":[{"name":{"fi":"Bergö","sv":"Bergö"},"calculationStatusPercent":100.0,"joinedArea":false,"muid":475,"totalVotingInFinlandTurnout":69.6,"identification":"001","pdid":"001","eligibleVotersInFinlandTotal":401,"edid":10,"mergedToPdid":""},{"name":{"fi":"Yttermalax","sv":"Yttermalax"},"calculationStatusPercent":100.0,"joinedArea":false,"muid":475,"totalVotingInFinlandTurnout":70.0,"identification":"002","pdid":"002","eligibleVotersInFinlandTotal":1552,"edid":10,"mergedToPdid":""},{"name":{"fi":"Övermalax","sv":"Övermalax"},"calculationStatusPercent":100.0,"joinedArea":false,"muid":475,"totalVotingInFinlandTurnout":74.9,"identification":"003","pdid":"003","eligibleVotersInFinlandTotal":1305,"edid":10,"mergedToPdid":""},{"name":{"fi":"Långåminne","sv":"Långåminne"},"calculationStatusPercent":100.0,"joinedArea":true,"muid":475,"totalVotingInFinlandTurnout":65.1,"identification":"004","pdid":"004","eligibleVotersInFinlandTotal":218,"edid":10,"mergedToPdid":""},{"name":{"fi":"Petolahti-Nyby","sv":"Petalax-Nyby"},"calculationStatusPercent":100.0,"joinedArea":false,"muid":475,"totalVotingInFinlandTurnout":72.9,"identification":"005","pdid":"005","eligibleVotersInFinlandTotal":859,"edid":10,"mergedToPdid":""},{"name":{"fi":"Pohjois-Pirttikylä","sv":"Norra Pörtom"},"calculationStatusPercent":100.0,"joinedArea":true,"muid":475,"totalVotingInFinlandTurnout":69.9,"identification":"006","pdid":"006","eligibleVotersInFinlandTotal":146,"edid":10,"mergedToPdid":""}],"municipality":{"muid":475,"edid":10,"name":{"fi":"Maalahti","sv":"Malax"}}}