{"version":20,"created":"2017-04-09T18:27:44.612Z","electionDetails":{"electionId":"kv2017","electionDate":"2017-04-09T00:00:00.000Z","electionDataPublishTime":"2017-04-09T17:00:00.000Z","name":{"fi":"Kuntavaalit 2017","sv":"Kommunalval 2017","en":"Elections 2017"},"previousElections":{"correspondingCompareElection":{"electionId":"kv2012","electionDate":"2012-10-28T00:00:00.000Z","name":{"fi":"Kuntavaalit 2012","en":"Municipal elections 2012","sv":"Kommunalval 2012"}},"otherCompareElection":{"electionId":"ev2015","electionDate":"2015-04-19T00:00:00.000Z","name":{"fi":"Eduskuntavaalit 2015","en":"Parliamentary election 2015","sv":"Riksdagsval 2015"}}}},"calculationStatus":{"electionDayVotingTurnout":35.6,"invalidAdvanceVotes":3,"calculationPhase":"INITIAL","invalidElectionDayVotes":2,"approvedAdvanceVotes":558,"advanceVotingTurnout":33.0,"totalVotingTurnoutAbroad":0.0,"name":{"fi":"Kirkonkylä","sv":"Kirkonkylä"},"calculationStatusPercent":100.0,"advanceVotes":561,"electionDayVotingTurnoutAbroad":0.0,"approvedTotalVotes":1160,"totalVotes":1165,"muid":403,"totalVotingInFinlandTurnout":68.6,"advanceVotingTurnoutAbroad":0.0,"invalidTotalVotes":5,"totalVotingTurnout":68.6,"electionDayVotes":604,"electionDayVotesInFinland":604,"pdid":"020","totalVotesInFinlandMen":0,"eligibleVotersInFinlandTotal":1699,"calculationStatusPercentElectionDayVotes":100.0,"sourceRecordModificationTime":"20170409210613","otherCompareElection":{"eid":"","eligibleVotersInFinlandTotal":0,"advanceVotingInFinlandTurnout":0.0,"electionDayVotingInFinlandTurnout":0.0,"totalVotingInFinlandTurnout":0.0,"approvedVotesTotal":0,"invalidVotesTotal":0},"correspondingCompareElection":{"eid":"","eligibleVotersInFinlandTotal":0,"advanceVotingInFinlandTurnout":0.0,"electionDayVotingInFinlandTurnout":0.0,"totalVotingInFinlandTurnout":0.0,"approvedVotesTotal":0,"invalidVotesTotal":0,"seats":0},"approvedElectionDayVotes":602,"edid":10,"calculationStatusPercentAdvanceVotes":100.0,"electionDayVotingInFinlandTurnout":35.6,"seats":0,"eligibleVotersTotal":1699,"advanceVotesInFinland":561,"advanceVotingInFinlandTurnout":33.0,"totalVotesInFinland":1165},"partyResults":[{"advanceVotesPercent":58.4,"name":{"fi":"Suomen Keskusta","sv":"Centern i Finland","en":"Centre Party of Finland"},"advanceVotes":326,"npid":5,"totalVotes":674,"spid":1,"abbr":{"fi":"KESK","sv":"C","en":"CENT"},"alid":5,"electionDayVotes":348,"pid":"2","totalVotesPercent":58.1,"nominatorName":{"fi":"Suomen Keskusta","sv":"Centern i Finland","en":"Centre Party of Finland"},"compareData":{"otherCompareElection":{"votesTotalChange":0,"votesTotalPercentChange":0.0,"votesTotal":674,"votesTotalPercent":58.1},"correspondingCompareElection":{"votesTotalChange":0,"votesTotalPercentChange":0.0,"seatChange":0,"votesTotal":674,"votesTotalPercent":58.1,"seatsTotal":0}},"seats":0,"electionDayVotesPercent":57.8,"nominatorAbbr":{"fi":"KESK","sv":"C","en":"CENT"}},{"advanceVotesPercent":14.2,"name":{"fi":"Suomen Kristillisdemokraatit (KD)","sv":"Kristdemokraterna i Finland (KD)","en":"Christian Democrats in Finland"},"advanceVotes":79,"npid":2,"totalVotes":151,"spid":8,"abbr":{"fi":"KD","sv":"KD","en":"CD"},"alid":2,"electionDayVotes":72,"pid":"9","totalVotesPercent":13.0,"nominatorName":{"fi":"Suomen Kristillisdemokraatit (KD)","sv":"Kristdemokraterna i Finland (KD)","en":"Christian Democrats in Finland"},"compareData":{"otherCompareElection":{"votesTotalChange":0,"votesTotalPercentChange":0.0,"votesTotal":151,"votesTotalPercent":13.0},"correspondingCompareElection":{"votesTotalChange":0,"votesTotalPercentChange":0.0,"seatChange":0,"votesTotal":151,"votesTotalPercent":13.0,"seatsTotal":0}},"seats":0,"electionDayVotesPercent":12.0,"nominatorAbbr":{"fi":"KD","sv":"KD","en":"CD"}},{"advanceVotesPercent":9.7,"name":{"fi":"Suomen Sosialidemokraattinen Puolue","sv":"Finlands Socialdemokratiska Parti","en":"The Finnish Social Democratic Party"},"advanceVotes":54,"npid":1,"totalVotes":123,"spid":4,"abbr":{"fi":"SDP","sv":"SDP","en":"SDP"},"alid":1,"electionDayVotes":69,"pid":"1","totalVotesPercent":10.6,"nominatorName":{"fi":"Suomen Sosialidemokraattinen Puolue","sv":"Finlands Socialdemokratiska Parti","en":"The Finnish Social Democratic Party"},"compareData":{"otherCompareElection":{"votesTotalChange":0,"votesTotalPercentChange":0.0,"votesTotal":123,"votesTotalPercent":10.6},"correspondingCompareElection":{"votesTotalChange":0,"votesTotalPercentChange":0.0,"seatChange":0,"votesTotal":123,"votesTotalPercent":10.6,"seatsTotal":0}},"seats":0,"electionDayVotesPercent":11.5,"nominatorAbbr":{"fi":"SDP","sv":"SDP","en":"SDP"}},{"advanceVotesPercent":7.3,"name":{"fi":"Perussuomalaiset","sv":"Sannfinländarna","en":"The Finns Party"},"advanceVotes":41,"npid":4,"totalVotes":120,"spid":3,"abbr":{"fi":"PS","sv":"Sannf","en":"FINNS"},"alid":4,"electionDayVotes":79,"pid":"23","totalVotesPercent":10.3,"nominatorName":{"fi":"Perussuomalaiset","sv":"Sannfinländarna","en":"The Finns Party"},"compareData":{"otherCompareElection":{"votesTotalChange":0,"votesTotalPercentChange":0.0,"votesTotal":120,"votesTotalPercent":10.3},"correspondingCompareElection":{"votesTotalChange":0,"votesTotalPercentChange":0.0,"seatChange":0,"votesTotal":120,"votesTotalPercent":10.3,"seatsTotal":0}},"seats":0,"electionDayVotesPercent":13.1,"nominatorAbbr":{"fi":"PS","sv":"Sannf","en":"FINNS"}},{"advanceVotesPercent":10.4,"name":{"fi":"Kansallinen Kokoomus","sv":"Samlingspartiet","en":"National Coalition Party"},"advanceVotes":58,"npid":3,"totalVotes":92,"spid":2,"abbr":{"fi":"KOK","sv":"Saml","en":"NCP"},"alid":3,"electionDayVotes":34,"pid":"4","totalVotesPercent":7.9,"nominatorName":{"fi":"Kansallinen Kokoomus","sv":"Samlingspartiet","en":"National Coalition Party"},"compareData":{"otherCompareElection":{"votesTotalChange":0,"votesTotalPercentChange":0.0,"votesTotal":92,"votesTotalPercent":7.9},"correspondingCompareElection":{"votesTotalChange":0,"votesTotalPercentChange":0.0,"seatChange":0,"votesTotal":92,"votesTotalPercent":7.9,"seatsTotal":0}},"seats":0,"electionDayVotesPercent":5.6,"nominatorAbbr":{"fi":"KOK","sv":"Saml","en":"NCP"}}],"candidateResults":[{"age":70,"advanceVotesPercent":9.3,"lastname":"Leväniemi","occupation":"hallintotieteiden maisteri","advanceVotes":52,"npid":5,"totalVotes":85,"spid":1,"abbr":"KESK","municipalCouncilor":false,"muid":403,"alid":5,"firstname":"Esko","electionDayVotes":33,"pid":"2","finalPosition":0,"electedInformation":"ELECTED","totalVotesPercent":7.3,"nominatorName":{"fi":"Suomen Keskusta","sv":"Centern i Finland","en":"Centre Party of Finland"},"caid":36,"position":0,"gender":"1","comparisonData":{"totalVotes":0,"votesTotalChange":85},"edid":10,"comparativeIndex":0.0,"electionDayVotesPercent":5.5,"nominatorAbbr":{"fi":"KESK","sv":"C","en":"CENT"}},{"age":47,"advanceVotesPercent":6.6,"lastname":"Luoma","occupation":"yrittäjä","advanceVotes":37,"npid":2,"totalVotes":73,"spid":8,"abbr":"KD","municipalCouncilor":false,"muid":403,"alid":2,"firstname":"Vesa","electionDayVotes":36,"pid":"9","finalPosition":0,"electedInformation":"ELECTED","totalVotesPercent":6.3,"nominatorName":{"fi":"Suomen Kristillisdemokraatit (KD)","sv":"Kristdemokraterna i Finland (KD)","en":"Christian Democrats in Finland"},"caid":8,"position":0,"gender":"1","comparisonData":{"totalVotes":0,"votesTotalChange":73},"edid":10,"comparativeIndex":0.0,"electionDayVotesPercent":6.0,"nominatorAbbr":{"fi":"KD","sv":"KD","en":"CD"}},{"age":57,"advanceVotesPercent":4.3,"lastname":"Hernesniemi","occupation":"maanviljelijä","advanceVotes":24,"npid":5,"totalVotes":54,"spid":1,"abbr":"KESK","municipalCouncilor":true,"muid":403,"alid":5,"firstname":"Jari","electionDayVotes":30,"pid":"2","finalPosition":0,"electedInformation":"ELECTED","totalVotesPercent":4.7,"nominatorName":{"fi":"Suomen Keskusta","sv":"Centern i Finland","en":"Centre Party of Finland"},"caid":28,"position":0,"gender":"1","comparisonData":{"totalVotes":77,"votesTotalChange":-23},"edid":10,"comparativeIndex":0.0,"electionDayVotesPercent":5.0,"nominatorAbbr":{"fi":"KESK","sv":"C","en":"CENT"}},{"age":45,"advanceVotesPercent":3.4,"lastname":"Viitala","occupation":"myyjä","advanceVotes":19,"npid":1,"totalVotes":52,"spid":4,"abbr":"SDP","municipalCouncilor":false,"muid":403,"alid":1,"firstname":"Maarit","electionDayVotes":33,"pid":"1","finalPosition":0,"electedInformation":"ELECTED","totalVotesPercent":4.5,"nominatorName":{"fi":"Suomen Sosialidemokraattinen Puolue","sv":"Finlands Socialdemokratiska Parti","en":"The Finnish Social Democratic Party"},"caid":4,"position":0,"gender":"2","comparisonData":{"totalVotes":0,"votesTotalChange":52},"edid":10,"comparativeIndex":0.0,"electionDayVotesPercent":5.5,"nominatorAbbr":{"fi":"SDP","sv":"SDP","en":"SDP"}},{"age":54,"advanceVotesPercent":4.7,"lastname":"Löytömäki","occupation":"luokanopettaja","advanceVotes":26,"npid":5,"totalVotes":46,"spid":1,"abbr":"KESK","municipalCouncilor":true,"muid":403,"alid":5,"firstname":"Elina","electionDayVotes":20,"pid":"2","finalPosition":0,"electedInformation":"ELECTED","totalVotesPercent":4.0,"nominatorName":{"fi":"Suomen Keskusta","sv":"Centern i Finland","en":"Centre Party of Finland"},"caid":37,"position":0,"gender":"2","comparisonData":{"totalVotes":58,"votesTotalChange":-12},"edid":10,"comparativeIndex":0.0,"electionDayVotesPercent":3.3,"nominatorAbbr":{"fi":"KESK","sv":"C","en":"CENT"}},{"age":64,"advanceVotesPercent":5.2,"lastname":"Angervisto","occupation":"yrittäjä","advanceVotes":29,"npid":3,"totalVotes":43,"spid":2,"abbr":"KOK","municipalCouncilor":true,"muid":403,"alid":3,"firstname":"Raimo","electionDayVotes":14,"pid":"4","finalPosition":0,"electedInformation":"ELECTED","totalVotesPercent":3.7,"nominatorName":{"fi":"Kansallinen Kokoomus","sv":"Samlingspartiet","en":"National Coalition Party"},"caid":12,"position":0,"gender":"1","comparisonData":{"totalVotes":37,"votesTotalChange":6},"edid":10,"comparativeIndex":0.0,"electionDayVotesPercent":2.3,"nominatorAbbr":{"fi":"KOK","sv":"Saml","en":"NCP"}},{"age":59,"advanceVotesPercent":3.9,"lastname":"Kuoppala","occupation":"vesilaitoksen toimitusjohtaja","advanceVotes":22,"npid":5,"totalVotes":43,"spid":1,"abbr":"KESK","municipalCouncilor":true,"muid":403,"alid":5,"firstname":"Hannu","electionDayVotes":21,"pid":"2","finalPosition":0,"electedInformation":"ELECTED","totalVotesPercent":3.7,"nominatorName":{"fi":"Suomen Keskusta","sv":"Centern i Finland","en":"Centre Party of Finland"},"caid":33,"position":0,"gender":"1","comparisonData":{"totalVotes":53,"votesTotalChange":-10},"edid":10,"comparativeIndex":0.0,"electionDayVotesPercent":3.5,"nominatorAbbr":{"fi":"KESK","sv":"C","en":"CENT"}},{"age":32,"advanceVotesPercent":2.0,"lastname":"Väkeväinen","occupation":"huoltomies","advanceVotes":11,"npid":5,"totalVotes":43,"spid":1,"abbr":"KESK","municipalCouncilor":true,"muid":403,"alid":5,"firstname":"Ville","electionDayVotes":32,"pid":"2","finalPosition":0,"electedInformation":"ELECTED","totalVotesPercent":3.7,"nominatorName":{"fi":"Suomen Keskusta","sv":"Centern i Finland","en":"Centre Party of Finland"},"caid":50,"position":0,"gender":"1","comparisonData":{"totalVotes":50,"votesTotalChange":-7},"edid":10,"comparativeIndex":0.0,"electionDayVotesPercent":5.3,"nominatorAbbr":{"fi":"KESK","sv":"C","en":"CENT"}},{"age":68,"advanceVotesPercent":5.6,"lastname":"Laasanen","occupation":"yht.tri","advanceVotes":31,"npid":5,"totalVotes":41,"spid":1,"abbr":"KESK","municipalCouncilor":false,"muid":403,"alid":5,"firstname":"Juhani","electionDayVotes":10,"pid":"2","finalPosition":0,"electedInformation":"ELECTED","totalVotesPercent":3.5,"nominatorName":{"fi":"Suomen Keskusta","sv":"Centern i Finland","en":"Centre Party of Finland"},"caid":34,"position":0,"gender":"1","comparisonData":{"totalVotes":0,"votesTotalChange":41},"edid":10,"comparativeIndex":0.0,"electionDayVotesPercent":1.7,"nominatorAbbr":{"fi":"KESK","sv":"C","en":"CENT"}},{"age":32,"advanceVotesPercent":3.8,"lastname":"Savola","occupation":"lähihoitaja","advanceVotes":21,"npid":1,"totalVotes":39,"spid":4,"abbr":"SDP","municipalCouncilor":true,"muid":403,"alid":1,"firstname":"Sami","electionDayVotes":18,"pid":"1","finalPosition":0,"electedInformation":"ON_SUBSTITUTE_PLACE","totalVotesPercent":3.4,"nominatorName":{"fi":"Suomen Sosialidemokraattinen Puolue","sv":"Finlands Socialdemokratiska Parti","en":"The Finnish Social Democratic Party"},"caid":3,"position":0,"gender":"1","comparisonData":{"totalVotes":56,"votesTotalChange":-17},"edid":10,"comparativeIndex":0.0,"electionDayVotesPercent":3.0,"nominatorAbbr":{"fi":"SDP","sv":"SDP","en":"SDP"}},{"age":47,"advanceVotesPercent":3.0,"lastname":"Savola","occupation":"lastentarhaopettaja","advanceVotes":17,"npid":5,"totalVotes":37,"spid":1,"abbr":"KESK","municipalCouncilor":false,"muid":403,"alid":5,"firstname":"Johanna","electionDayVotes":20,"pid":"2","finalPosition":0,"electedInformation":"ELECTED","totalVotesPercent":3.2,"nominatorName":{"fi":"Suomen Keskusta","sv":"Centern i Finland","en":"Centre Party of Finland"},"caid":47,"position":0,"gender":"2","comparisonData":{"totalVotes":0,"votesTotalChange":37},"edid":10,"comparativeIndex":0.0,"electionDayVotesPercent":3.3,"nominatorAbbr":{"fi":"KESK","sv":"C","en":"CENT"}},{"age":43,"advanceVotesPercent":2.7,"lastname":"Turpeinen","occupation":"opettaja","advanceVotes":15,"npid":5,"totalVotes":35,"spid":1,"abbr":"KESK","municipalCouncilor":false,"muid":403,"alid":5,"firstname":"Antti","electionDayVotes":20,"pid":"2","finalPosition":0,"electedInformation":"ELECTED","totalVotesPercent":3.0,"nominatorName":{"fi":"Suomen Keskusta","sv":"Centern i Finland","en":"Centre Party of Finland"},"caid":48,"position":0,"gender":"1","comparisonData":{"totalVotes":0,"votesTotalChange":35},"edid":10,"comparativeIndex":0.0,"electionDayVotesPercent":3.3,"nominatorAbbr":{"fi":"KESK","sv":"C","en":"CENT"}},{"age":45,"advanceVotesPercent":1.1,"lastname":"Ala-aho","occupation":"sosionomi (AMK), palveluyksikön johtaja","advanceVotes":6,"npid":5,"totalVotes":33,"spid":1,"abbr":"KESK","municipalCouncilor":true,"muid":403,"alid":5,"firstname":"Ville","electionDayVotes":27,"pid":"2","finalPosition":0,"electedInformation":"ELECTED","totalVotesPercent":2.8,"nominatorName":{"fi":"Suomen Keskusta","sv":"Centern i Finland","en":"Centre Party of Finland"},"caid":26,"position":0,"gender":"1","comparisonData":{"totalVotes":53,"votesTotalChange":-20},"edid":10,"comparativeIndex":0.0,"electionDayVotesPercent":4.5,"nominatorAbbr":{"fi":"KESK","sv":"C","en":"CENT"}},{"age":37,"advanceVotesPercent":1.6,"lastname":"Juttuniemi","occupation":"yrittäjä","advanceVotes":9,"npid":4,"totalVotes":32,"spid":3,"abbr":"PS","municipalCouncilor":false,"muid":403,"alid":4,"firstname":"Aku-Matti","electionDayVotes":23,"pid":"23","finalPosition":0,"electedInformation":"ELECTED","totalVotesPercent":2.8,"nominatorName":{"fi":"Perussuomalaiset","sv":"Sannfinländarna","en":"The Finns Party"},"caid":18,"position":0,"gender":"1","comparisonData":{"totalVotes":0,"votesTotalChange":32},"edid":10,"comparativeIndex":0.0,"electionDayVotesPercent":3.8,"nominatorAbbr":{"fi":"PS","sv":"Sannf","en":"FINNS"}},{"age":33,"advanceVotesPercent":1.8,"lastname":"Hernesniemi","occupation":"kirjanpitäjä","advanceVotes":10,"npid":5,"totalVotes":32,"spid":1,"abbr":"KESK","municipalCouncilor":false,"muid":403,"alid":5,"firstname":"Mari","electionDayVotes":22,"pid":"2","finalPosition":0,"electedInformation":"ELECTED","totalVotesPercent":2.8,"nominatorName":{"fi":"Suomen Keskusta","sv":"Centern i Finland","en":"Centre Party of Finland"},"caid":29,"position":0,"gender":"2","comparisonData":{"totalVotes":0,"votesTotalChange":32},"edid":10,"comparativeIndex":0.0,"electionDayVotesPercent":3.7,"nominatorAbbr":{"fi":"KESK","sv":"C","en":"CENT"}},{"age":56,"advanceVotesPercent":2.3,"lastname":"Ollila","occupation":"yrittäjä","advanceVotes":13,"npid":5,"totalVotes":32,"spid":1,"abbr":"KESK","municipalCouncilor":true,"muid":403,"alid":5,"firstname":"Jari","electionDayVotes":19,"pid":"2","finalPosition":0,"electedInformation":"ON_SUBSTITUTE_PLACE","totalVotesPercent":2.8,"nominatorName":{"fi":"Suomen Keskusta","sv":"Centern i Finland","en":"Centre Party of Finland"},"caid":42,"position":0,"gender":"1","comparisonData":{"totalVotes":57,"votesTotalChange":-25},"edid":10,"comparativeIndex":0.0,"electionDayVotesPercent":3.2,"nominatorAbbr":{"fi":"KESK","sv":"C","en":"CENT"}},{"age":50,"advanceVotesPercent":3.2,"lastname":"Viita-aho-Tohni","occupation":"yrittäjä","advanceVotes":18,"npid":2,"totalVotes":30,"spid":8,"abbr":"KD","municipalCouncilor":true,"muid":403,"alid":2,"firstname":"Maria","electionDayVotes":12,"pid":"9","finalPosition":0,"electedInformation":"ELECTED","totalVotesPercent":2.6,"nominatorName":{"fi":"Suomen Kristillisdemokraatit (KD)","sv":"Kristdemokraterna i Finland (KD)","en":"Christian Democrats in Finland"},"caid":11,"position":0,"gender":"2","comparisonData":{"totalVotes":58,"votesTotalChange":-28},"edid":10,"comparativeIndex":0.0,"electionDayVotesPercent":2.0,"nominatorAbbr":{"fi":"KD","sv":"KD","en":"CD"}},{"age":21,"advanceVotesPercent":1.3,"lastname":"Korpela","occupation":"opiskelija","advanceVotes":7,"npid":5,"totalVotes":27,"spid":1,"abbr":"KESK","municipalCouncilor":false,"muid":403,"alid":5,"firstname":"Juho","electionDayVotes":20,"pid":"2","finalPosition":0,"electedInformation":"ELECTED","totalVotesPercent":2.3,"nominatorName":{"fi":"Suomen Keskusta","sv":"Centern i Finland","en":"Centre Party of Finland"},"caid":32,"position":0,"gender":"1","comparisonData":{"totalVotes":0,"votesTotalChange":27},"edid":10,"comparativeIndex":0.0,"electionDayVotesPercent":3.3,"nominatorAbbr":{"fi":"KESK","sv":"C","en":"CENT"}},{"age":60,"advanceVotesPercent":2.5,"lastname":"Övermark","occupation":"ylipalomies","advanceVotes":14,"npid":5,"totalVotes":26,"spid":1,"abbr":"KESK","municipalCouncilor":false,"muid":403,"alid":5,"firstname":"Hannu","electionDayVotes":12,"pid":"2","finalPosition":0,"electedInformation":"ON_SUBSTITUTE_PLACE","totalVotesPercent":2.2,"nominatorName":{"fi":"Suomen Keskusta","sv":"Centern i Finland","en":"Centre Party of Finland"},"caid":51,"position":0,"gender":"1","comparisonData":{"totalVotes":29,"votesTotalChange":-3},"edid":10,"comparativeIndex":0.0,"electionDayVotesPercent":2.0,"nominatorAbbr":{"fi":"KESK","sv":"C","en":"CENT"}},{"age":57,"advanceVotesPercent":1.8,"lastname":"Keskinen","occupation":"kirvesmies","advanceVotes":10,"npid":1,"totalVotes":25,"spid":4,"abbr":"SDP","municipalCouncilor":false,"muid":403,"alid":1,"firstname":"Pekka","electionDayVotes":15,"pid":"1","finalPosition":0,"electedInformation":"ON_SUBSTITUTE_PLACE","totalVotesPercent":2.2,"nominatorName":{"fi":"Suomen Sosialidemokraattinen Puolue","sv":"Finlands Socialdemokratiska Parti","en":"The Finnish Social Democratic Party"},"caid":2,"position":0,"gender":"1","comparisonData":{"totalVotes":20,"votesTotalChange":5},"edid":10,"comparativeIndex":0.0,"electionDayVotesPercent":2.5,"nominatorAbbr":{"fi":"SDP","sv":"SDP","en":"SDP"}},{"age":70,"advanceVotesPercent":2.5,"lastname":"Autio","occupation":"diakoni, eläkeläinen","advanceVotes":14,"npid":5,"totalVotes":23,"spid":1,"abbr":"KESK","municipalCouncilor":false,"muid":403,"alid":5,"firstname":"Seija","electionDayVotes":9,"pid":"2","finalPosition":0,"electedInformation":"ON_SUBSTITUTE_PLACE","totalVotesPercent":2.0,"nominatorName":{"fi":"Suomen Keskusta","sv":"Centern i Finland","en":"Centre Party of Finland"},"caid":27,"position":0,"gender":"2","comparisonData":{"totalVotes":22,"votesTotalChange":1},"edid":10,"comparativeIndex":0.0,"electionDayVotesPercent":1.5,"nominatorAbbr":{"fi":"KESK","sv":"C","en":"CENT"}},{"age":27,"advanceVotesPercent":1.1,"lastname":"Annola","occupation":"automekaanikko","advanceVotes":6,"npid":4,"totalVotes":20,"spid":3,"abbr":"PS","municipalCouncilor":false,"muid":403,"alid":4,"firstname":"Eetu","electionDayVotes":14,"pid":"23","finalPosition":0,"electedInformation":"ON_SUBSTITUTE_PLACE","totalVotesPercent":1.7,"nominatorName":{"fi":"Perussuomalaiset","sv":"Sannfinländarna","en":"The Finns Party"},"caid":16,"position":0,"gender":"1","comparisonData":{"totalVotes":0,"votesTotalChange":20},"edid":10,"comparativeIndex":0.0,"electionDayVotesPercent":2.3,"nominatorAbbr":{"fi":"PS","sv":"Sannf","en":"FINNS"}},{"age":35,"advanceVotesPercent":1.3,"lastname":"Savola","occupation":"insinööri, huoltopäällikkö","advanceVotes":7,"npid":5,"totalVotes":19,"spid":1,"abbr":"KESK","municipalCouncilor":false,"muid":403,"alid":5,"firstname":"Jarkko","electionDayVotes":12,"pid":"2","finalPosition":0,"electedInformation":"ELECTED","totalVotesPercent":1.6,"nominatorName":{"fi":"Suomen Keskusta","sv":"Centern i Finland","en":"Centre Party of Finland"},"caid":46,"position":0,"gender":"1","comparisonData":{"totalVotes":0,"votesTotalChange":19},"edid":10,"comparativeIndex":0.0,"electionDayVotesPercent":2.0,"nominatorAbbr":{"fi":"KESK","sv":"C","en":"CENT"}},{"age":49,"advanceVotesPercent":2.0,"lastname":"Heijari","occupation":"talouspäällikkö","advanceVotes":11,"npid":3,"totalVotes":18,"spid":2,"abbr":"KOK","municipalCouncilor":false,"muid":403,"alid":3,"firstname":"Mari","electionDayVotes":7,"pid":"4","finalPosition":0,"electedInformation":"ON_SUBSTITUTE_PLACE","totalVotesPercent":1.6,"nominatorName":{"fi":"Kansallinen Kokoomus","sv":"Samlingspartiet","en":"National Coalition Party"},"caid":13,"position":0,"gender":"2","comparisonData":{"totalVotes":10,"votesTotalChange":8},"edid":10,"comparativeIndex":0.0,"electionDayVotesPercent":1.2,"nominatorAbbr":{"fi":"KOK","sv":"Saml","en":"NCP"}},{"age":70,"advanceVotesPercent":2.2,"lastname":"Nyyssölä","occupation":"yrittäjä, eläkeläinen","advanceVotes":12,"npid":3,"totalVotes":18,"spid":2,"abbr":"KOK","municipalCouncilor":false,"muid":403,"alid":3,"firstname":"Jorma","electionDayVotes":6,"pid":"4","finalPosition":0,"electedInformation":"ON_SUBSTITUTE_PLACE","totalVotesPercent":1.6,"nominatorName":{"fi":"Kansallinen Kokoomus","sv":"Samlingspartiet","en":"National Coalition Party"},"caid":14,"position":0,"gender":"1","comparisonData":{"totalVotes":27,"votesTotalChange":-9},"edid":10,"comparativeIndex":0.0,"electionDayVotesPercent":1.0,"nominatorAbbr":{"fi":"KOK","sv":"Saml","en":"NCP"}},{"age":29,"advanceVotesPercent":2.0,"lastname":"Ketola","occupation":"yrittäjä","advanceVotes":11,"npid":5,"totalVotes":18,"spid":1,"abbr":"KESK","municipalCouncilor":false,"muid":403,"alid":5,"firstname":"Minna","electionDayVotes":7,"pid":"2","finalPosition":0,"electedInformation":"ON_SUBSTITUTE_PLACE","totalVotesPercent":1.6,"nominatorName":{"fi":"Suomen Keskusta","sv":"Centern i Finland","en":"Centre Party of Finland"},"caid":30,"position":0,"gender":"2","comparisonData":{"totalVotes":0,"votesTotalChange":18},"edid":10,"comparativeIndex":0.0,"electionDayVotesPercent":1.2,"nominatorAbbr":{"fi":"KESK","sv":"C","en":"CENT"}},{"age":62,"advanceVotesPercent":1.8,"lastname":"Mustikkamaa","occupation":"maanviljelijä, eläkeläinen","advanceVotes":10,"npid":2,"totalVotes":15,"spid":8,"abbr":"KD","municipalCouncilor":false,"muid":403,"alid":2,"firstname":"Erkki","electionDayVotes":5,"pid":"9","finalPosition":0,"electedInformation":"ON_SUBSTITUTE_PLACE","totalVotesPercent":1.3,"nominatorName":{"fi":"Suomen Kristillisdemokraatit (KD)","sv":"Kristdemokraterna i Finland (KD)","en":"Christian Democrats in Finland"},"caid":9,"position":0,"gender":"1","comparisonData":{"totalVotes":21,"votesTotalChange":-6},"edid":10,"comparativeIndex":0.0,"electionDayVotesPercent":0.8,"nominatorAbbr":{"fi":"KD","sv":"KD","en":"CD"}},{"age":74,"advanceVotesPercent":1.3,"lastname":"Keto","occupation":"palopäällikkö, eläkeläinen","advanceVotes":7,"npid":4,"totalVotes":15,"spid":3,"abbr":"PS","municipalCouncilor":true,"muid":403,"alid":4,"firstname":"Reijo","electionDayVotes":8,"pid":"23","finalPosition":0,"electedInformation":"ON_SUBSTITUTE_PLACE","totalVotesPercent":1.3,"nominatorName":{"fi":"Perussuomalaiset","sv":"Sannfinländarna","en":"The Finns Party"},"caid":22,"position":0,"gender":"1","comparisonData":{"totalVotes":33,"votesTotalChange":-18},"edid":10,"comparativeIndex":0.0,"electionDayVotesPercent":1.3,"nominatorAbbr":{"fi":"PS","sv":"Sannf","en":"FINNS"}},{"age":71,"advanceVotesPercent":0.5,"lastname":"Kangastie","occupation":"maalari, yrittäjä","advanceVotes":3,"npid":4,"totalVotes":14,"spid":3,"abbr":"PS","municipalCouncilor":false,"muid":403,"alid":4,"firstname":"Arvi","electionDayVotes":11,"pid":"23","finalPosition":0,"electedInformation":"NOT_ELECTED","totalVotesPercent":1.2,"nominatorName":{"fi":"Perussuomalaiset","sv":"Sannfinländarna","en":"The Finns Party"},"caid":19,"position":0,"gender":"1","comparisonData":{"totalVotes":19,"votesTotalChange":-5},"edid":10,"comparativeIndex":0.0,"electionDayVotesPercent":1.8,"nominatorAbbr":{"fi":"PS","sv":"Sannf","en":"FINNS"}},{"age":68,"advanceVotesPercent":1.3,"lastname":"Savela","occupation":"maanviljelijä","advanceVotes":7,"npid":5,"totalVotes":14,"spid":1,"abbr":"KESK","municipalCouncilor":false,"muid":403,"alid":5,"firstname":"Erkki","electionDayVotes":7,"pid":"2","finalPosition":0,"electedInformation":"ON_SUBSTITUTE_PLACE","totalVotesPercent":1.2,"nominatorName":{"fi":"Suomen Keskusta","sv":"Centern i Finland","en":"Centre Party of Finland"},"caid":45,"position":0,"gender":"1","comparisonData":{"totalVotes":0,"votesTotalChange":14},"edid":10,"comparativeIndex":0.0,"electionDayVotesPercent":1.2,"nominatorAbbr":{"fi":"KESK","sv":"C","en":"CENT"}},{"age":66,"advanceVotesPercent":0.9,"lastname":"Järvinen","occupation":"kodinhoitaja, eläkeläinen","advanceVotes":5,"npid":2,"totalVotes":13,"spid":8,"abbr":"KD","municipalCouncilor":false,"muid":403,"alid":2,"firstname":"Marita","electionDayVotes":8,"pid":"9","finalPosition":0,"electedInformation":"ON_SUBSTITUTE_PLACE","totalVotesPercent":1.1,"nominatorName":{"fi":"Suomen Kristillisdemokraatit (KD)","sv":"Kristdemokraterna i Finland (KD)","en":"Christian Democrats in Finland"},"caid":7,"position":0,"gender":"2","comparisonData":{"totalVotes":0,"votesTotalChange":13},"edid":10,"comparativeIndex":0.0,"electionDayVotesPercent":1.3,"nominatorAbbr":{"fi":"KD","sv":"KD","en":"CD"}},{"age":32,"advanceVotesPercent":1.1,"lastname":"Rannila","occupation":"ohjelmistoarkkitehti","advanceVotes":6,"npid":3,"totalVotes":13,"spid":2,"abbr":"KOK","municipalCouncilor":false,"muid":403,"alid":3,"firstname":"Joni","electionDayVotes":7,"pid":"4","finalPosition":0,"electedInformation":"NOT_ELECTED","totalVotesPercent":1.1,"nominatorName":{"fi":"Kansallinen Kokoomus","sv":"Samlingspartiet","en":"National Coalition Party"},"caid":15,"position":0,"gender":"1","comparisonData":{"totalVotes":29,"votesTotalChange":-16},"edid":10,"comparativeIndex":0.0,"electionDayVotesPercent":1.2,"nominatorAbbr":{"fi":"KOK","sv":"Saml","en":"NCP"}},{"age":58,"advanceVotesPercent":2.0,"lastname":"Nyyssölä","occupation":"sairaalahuoltaja","advanceVotes":11,"npid":5,"totalVotes":13,"spid":1,"abbr":"KESK","municipalCouncilor":false,"muid":403,"alid":5,"firstname":"Riitta","electionDayVotes":2,"pid":"2","finalPosition":0,"electedInformation":"ON_SUBSTITUTE_PLACE","totalVotesPercent":1.1,"nominatorName":{"fi":"Suomen Keskusta","sv":"Centern i Finland","en":"Centre Party of Finland"},"caid":40,"position":0,"gender":"2","comparisonData":{"totalVotes":22,"votesTotalChange":-9},"edid":10,"comparativeIndex":0.0,"electionDayVotesPercent":0.3,"nominatorAbbr":{"fi":"KESK","sv":"C","en":"CENT"}},{"age":25,"advanceVotesPercent":0.2,"lastname":"Oksa","occupation":"yrittäjä","advanceVotes":1,"npid":5,"totalVotes":13,"spid":1,"abbr":"KESK","municipalCouncilor":false,"muid":403,"alid":5,"firstname":"Jyrki","electionDayVotes":12,"pid":"2","finalPosition":0,"electedInformation":"ON_SUBSTITUTE_PLACE","totalVotesPercent":1.1,"nominatorName":{"fi":"Suomen Keskusta","sv":"Centern i Finland","en":"Centre Party of Finland"},"caid":41,"position":0,"gender":"1","comparisonData":{"totalVotes":0,"votesTotalChange":13},"edid":10,"comparativeIndex":0.0,"electionDayVotesPercent":2.0,"nominatorAbbr":{"fi":"KESK","sv":"C","en":"CENT"}},{"age":52,"advanceVotesPercent":1.3,"lastname":"Orava","occupation":"terveyskeskuslääkäri","advanceVotes":7,"npid":5,"totalVotes":13,"spid":1,"abbr":"KESK","municipalCouncilor":false,"muid":403,"alid":5,"firstname":"Tuomo","electionDayVotes":6,"pid":"2","finalPosition":0,"electedInformation":"ON_SUBSTITUTE_PLACE","totalVotesPercent":1.1,"nominatorName":{"fi":"Suomen Keskusta","sv":"Centern i Finland","en":"Centre Party of Finland"},"caid":43,"position":0,"gender":"1","comparisonData":{"totalVotes":0,"votesTotalChange":13},"edid":10,"comparativeIndex":0.0,"electionDayVotesPercent":1.0,"nominatorAbbr":{"fi":"KESK","sv":"C","en":"CENT"}},{"age":64,"advanceVotesPercent":0.9,"lastname":"Finnilä","occupation":"liikkeenharjoittaja","advanceVotes":5,"npid":2,"totalVotes":11,"spid":8,"abbr":"KD","municipalCouncilor":false,"muid":403,"alid":2,"firstname":"Kaarlo","electionDayVotes":6,"pid":"9","finalPosition":0,"electedInformation":"NOT_ELECTED","totalVotesPercent":0.9,"nominatorName":{"fi":"Suomen Kristillisdemokraatit (KD)","sv":"Kristdemokraterna i Finland (KD)","en":"Christian Democrats in Finland"},"caid":6,"position":0,"gender":"1","comparisonData":{"totalVotes":0,"votesTotalChange":11},"edid":10,"comparativeIndex":0.0,"electionDayVotesPercent":1.0,"nominatorAbbr":{"fi":"KD","sv":"KD","en":"CD"}},{"age":66,"advanceVotesPercent":0.9,"lastname":"Etelämäki","occupation":"yrittäjä","advanceVotes":5,"npid":4,"totalVotes":11,"spid":3,"abbr":"PS","municipalCouncilor":false,"muid":403,"alid":4,"firstname":"Matti","electionDayVotes":6,"pid":"23","finalPosition":0,"electedInformation":"NOT_ELECTED","totalVotesPercent":0.9,"nominatorName":{"fi":"Perussuomalaiset","sv":"Sannfinländarna","en":"The Finns Party"},"caid":17,"position":0,"gender":"1","comparisonData":{"totalVotes":0,"votesTotalChange":11},"edid":10,"comparativeIndex":0.0,"electionDayVotesPercent":1.0,"nominatorAbbr":{"fi":"PS","sv":"Sannf","en":"FINNS"}},{"age":35,"advanceVotesPercent":0.2,"lastname":"Keski-Kujala","occupation":"lähihoitaja","advanceVotes":1,"npid":4,"totalVotes":11,"spid":3,"abbr":"PS","municipalCouncilor":false,"muid":403,"alid":4,"firstname":"Tuire","electionDayVotes":10,"pid":"23","finalPosition":0,"electedInformation":"NOT_ELECTED","totalVotesPercent":0.9,"nominatorName":{"fi":"Perussuomalaiset","sv":"Sannfinländarna","en":"The Finns Party"},"caid":20,"position":0,"gender":"2","comparisonData":{"totalVotes":0,"votesTotalChange":11},"edid":10,"comparativeIndex":0.0,"electionDayVotesPercent":1.7,"nominatorAbbr":{"fi":"PS","sv":"Sannf","en":"FINNS"}},{"age":57,"advanceVotesPercent":1.4,"lastname":"Ahola","occupation":"maatalousyrittäjä","advanceVotes":8,"npid":5,"totalVotes":10,"spid":1,"abbr":"KESK","municipalCouncilor":true,"muid":403,"alid":5,"firstname":"Maarit","electionDayVotes":2,"pid":"2","finalPosition":0,"electedInformation":"ELECTED","totalVotesPercent":0.9,"nominatorName":{"fi":"Suomen Keskusta","sv":"Centern i Finland","en":"Centre Party of Finland"},"caid":25,"position":0,"gender":"2","comparisonData":{"totalVotes":61,"votesTotalChange":-51},"edid":10,"comparativeIndex":0.0,"electionDayVotesPercent":0.3,"nominatorAbbr":{"fi":"KESK","sv":"C","en":"CENT"}},{"age":70,"advanceVotesPercent":0.7,"lastname":"Savola","occupation":"eläkeläinen","advanceVotes":4,"npid":2,"totalVotes":9,"spid":8,"abbr":"KD","municipalCouncilor":false,"muid":403,"alid":2,"firstname":"Reino","electionDayVotes":5,"pid":"9","finalPosition":0,"electedInformation":"NOT_ELECTED","totalVotesPercent":0.8,"nominatorName":{"fi":"Suomen Kristillisdemokraatit (KD)","sv":"Kristdemokraterna i Finland (KD)","en":"Christian Democrats in Finland"},"caid":10,"position":0,"gender":"1","comparisonData":{"totalVotes":19,"votesTotalChange":-10},"edid":10,"comparativeIndex":0.0,"electionDayVotesPercent":0.8,"nominatorAbbr":{"fi":"KD","sv":"KD","en":"CD"}},{"age":81,"advanceVotesPercent":1.3,"lastname":"Keski-Vinkka","occupation":"eläkeläinen","advanceVotes":7,"npid":4,"totalVotes":8,"spid":3,"abbr":"PS","municipalCouncilor":true,"muid":403,"alid":4,"firstname":"Seppo","electionDayVotes":1,"pid":"23","finalPosition":0,"electedInformation":"ELECTED","totalVotesPercent":0.7,"nominatorName":{"fi":"Perussuomalaiset","sv":"Sannfinländarna","en":"The Finns Party"},"caid":21,"position":0,"gender":"1","comparisonData":{"totalVotes":60,"votesTotalChange":-52},"edid":10,"comparativeIndex":0.0,"electionDayVotesPercent":0.2,"nominatorAbbr":{"fi":"PS","sv":"Sannf","en":"FINNS"}},{"age":26,"advanceVotesPercent":0.7,"lastname":"Virtanen","occupation":"lähihoitaja","advanceVotes":4,"npid":1,"totalVotes":7,"spid":4,"abbr":"SDP","municipalCouncilor":false,"muid":403,"alid":1,"firstname":"Tiina","electionDayVotes":3,"pid":"1","finalPosition":0,"electedInformation":"NOT_ELECTED","totalVotesPercent":0.6,"nominatorName":{"fi":"Suomen Sosialidemokraattinen Puolue","sv":"Finlands Socialdemokratiska Parti","en":"The Finnish Social Democratic Party"},"caid":5,"position":0,"gender":"2","comparisonData":{"totalVotes":23,"votesTotalChange":-16},"edid":10,"comparativeIndex":0.0,"electionDayVotesPercent":0.5,"nominatorAbbr":{"fi":"SDP","sv":"SDP","en":"SDP"}},{"age":39,"advanceVotesPercent":0.4,"lastname":"Lintu","occupation":"yhdistelmäajoneuvonkuljettaja","advanceVotes":2,"npid":4,"totalVotes":7,"spid":3,"abbr":"PS","municipalCouncilor":false,"muid":403,"alid":4,"firstname":"Timo","electionDayVotes":5,"pid":"23","finalPosition":0,"electedInformation":"NOT_ELECTED","totalVotesPercent":0.6,"nominatorName":{"fi":"Perussuomalaiset","sv":"Sannfinländarna","en":"The Finns Party"},"caid":24,"position":0,"gender":"1","comparisonData":{"totalVotes":0,"votesTotalChange":7},"edid":10,"comparativeIndex":0.0,"electionDayVotesPercent":0.8,"nominatorAbbr":{"fi":"PS","sv":"Sannf","en":"FINNS"}},{"age":72,"advanceVotesPercent":0.5,"lastname":"Lehtola","occupation":"eläkeläinen","advanceVotes":3,"npid":5,"totalVotes":5,"spid":1,"abbr":"KESK","municipalCouncilor":false,"muid":403,"alid":5,"firstname":"Arja","electionDayVotes":2,"pid":"2","finalPosition":0,"electedInformation":"ON_SUBSTITUTE_PLACE","totalVotesPercent":0.4,"nominatorName":{"fi":"Suomen Keskusta","sv":"Centern i Finland","en":"Centre Party of Finland"},"caid":35,"position":0,"gender":"2","comparisonData":{"totalVotes":0,"votesTotalChange":5},"edid":10,"comparativeIndex":0.0,"electionDayVotesPercent":0.3,"nominatorAbbr":{"fi":"KESK","sv":"C","en":"CENT"}},{"age":56,"advanceVotesPercent":0.7,"lastname":"Viinamäki","occupation":"ammatillinen opettaja","advanceVotes":4,"npid":5,"totalVotes":5,"spid":1,"abbr":"KESK","municipalCouncilor":false,"muid":403,"alid":5,"firstname":"Tuija","electionDayVotes":1,"pid":"2","finalPosition":0,"electedInformation":"ON_SUBSTITUTE_PLACE","totalVotesPercent":0.4,"nominatorName":{"fi":"Suomen Keskusta","sv":"Centern i Finland","en":"Centre Party of Finland"},"caid":49,"position":0,"gender":"2","comparisonData":{"totalVotes":0,"votesTotalChange":5},"edid":10,"comparativeIndex":0.0,"electionDayVotesPercent":0.2,"nominatorAbbr":{"fi":"KESK","sv":"C","en":"CENT"}},{"age":28,"advanceVotesPercent":0.5,"lastname":"Koivunen","occupation":"proviisori","advanceVotes":3,"npid":5,"totalVotes":4,"spid":1,"abbr":"KESK","municipalCouncilor":false,"muid":403,"alid":5,"firstname":"Elina","electionDayVotes":1,"pid":"2","finalPosition":0,"electedInformation":"ON_SUBSTITUTE_PLACE","totalVotesPercent":0.3,"nominatorName":{"fi":"Suomen Keskusta","sv":"Centern i Finland","en":"Centre Party of Finland"},"caid":31,"position":0,"gender":"2","comparisonData":{"totalVotes":0,"votesTotalChange":4},"edid":10,"comparativeIndex":0.0,"electionDayVotesPercent":0.2,"nominatorAbbr":{"fi":"KESK","sv":"C","en":"CENT"}},{"age":79,"advanceVotesPercent":0.2,"lastname":"Kivioja","occupation":"laitosapulainen, eläkeläinen","advanceVotes":1,"npid":4,"totalVotes":2,"spid":3,"abbr":"PS","municipalCouncilor":false,"muid":403,"alid":4,"firstname":"Pirkko","electionDayVotes":1,"pid":"23","finalPosition":0,"electedInformation":"NOT_ELECTED","totalVotesPercent":0.2,"nominatorName":{"fi":"Perussuomalaiset","sv":"Sannfinländarna","en":"The Finns Party"},"caid":23,"position":0,"gender":"2","comparisonData":{"totalVotes":5,"votesTotalChange":-3},"edid":10,"comparativeIndex":0.0,"electionDayVotesPercent":0.2,"nominatorAbbr":{"fi":"PS","sv":"Sannf","en":"FINNS"}},{"age":31,"advanceVotesPercent":0.2,"lastname":"Niemelä","occupation":"kokki","advanceVotes":1,"npid":5,"totalVotes":2,"spid":1,"abbr":"KESK","municipalCouncilor":false,"muid":403,"alid":5,"firstname":"Mirka","electionDayVotes":1,"pid":"2","finalPosition":0,"electedInformation":"NOT_ELECTED","totalVotesPercent":0.2,"nominatorName":{"fi":"Suomen Keskusta","sv":"Centern i Finland","en":"Centre Party of Finland"},"caid":39,"position":0,"gender":"2","comparisonData":{"totalVotes":0,"votesTotalChange":2},"edid":10,"comparativeIndex":0.0,"electionDayVotesPercent":0.2,"nominatorAbbr":{"fi":"KESK","sv":"C","en":"CENT"}},{"age":70,"advanceVotesPercent":0.2,"lastname":"Mäkitarkka","occupation":"maanviljelijä, eläkeläinen","advanceVotes":1,"npid":5,"totalVotes":1,"spid":1,"abbr":"KESK","municipalCouncilor":true,"muid":403,"alid":5,"firstname":"Ahti","electionDayVotes":0,"pid":"2","finalPosition":0,"electedInformation":"ON_SUBSTITUTE_PLACE","totalVotesPercent":0.1,"nominatorName":{"fi":"Suomen Keskusta","sv":"Centern i Finland","en":"Centre Party of Finland"},"caid":38,"position":0,"gender":"1","comparisonData":{"totalVotes":56,"votesTotalChange":-55},"edid":10,"comparativeIndex":0.0,"electionDayVotesPercent":0.0,"nominatorAbbr":{"fi":"KESK","sv":"C","en":"CENT"}},{"age":65,"advanceVotesPercent":0.0,"lastname":"Rantakangas","occupation":"eläkeläinen","advanceVotes":0,"npid":5,"totalVotes":0,"spid":1,"abbr":"KESK","municipalCouncilor":false,"muid":403,"alid":5,"firstname":"Tuula","electionDayVotes":0,"pid":"2","finalPosition":0,"electedInformation":"ON_SUBSTITUTE_PLACE","totalVotesPercent":0.0,"nominatorName":{"fi":"Suomen Keskusta","sv":"Centern i Finland","en":"Centre Party of Finland"},"caid":44,"position":0,"gender":"2","comparisonData":{"totalVotes":0,"votesTotalChange":0},"edid":10,"comparativeIndex":0.0,"electionDayVotesPercent":0.0,"nominatorAbbr":{"fi":"KESK","sv":"C","en":"CENT"}}],"municipalityPollingDistricts":[{"name":{"fi":"Itäkylä","sv":"Itäkylä"},"calculationStatusPercent":100.0,"joinedArea":false,"muid":403,"totalVotingInFinlandTurnout":67.9,"identification":"010","pdid":"010","eligibleVotersInFinlandTotal":468,"edid":10,"mergedToPdid":""},{"name":{"fi":"Kirkonkylä","sv":"Kirkonkylä"},"calculationStatusPercent":100.0,"joinedArea":false,"muid":403,"totalVotingInFinlandTurnout":68.6,"identification":"020","pdid":"020","eligibleVotersInFinlandTotal":1699,"edid":10,"mergedToPdid":""},{"name":{"fi":"Savonkylä","sv":"Savonkylä"},"calculationStatusPercent":100.0,"joinedArea":false,"muid":403,"totalVotingInFinlandTurnout":66.7,"identification":"030","pdid":"030","eligibleVotersInFinlandTotal":456,"edid":10,"mergedToPdid":""}],"municipality":{"muid":403,"edid":10,"name":{"fi":"Lappajärvi","sv":"Lappajärvi"}}}