{"version":50,"created":"2017-04-09T20:57:39.983Z","electionDetails":{"electionId":"kv2017","electionDate":"2017-04-09T00:00:00.000Z","electionDataPublishTime":"2017-04-09T17:00:00.000Z","name":{"fi":"Kuntavaalit 2017","sv":"Kommunalval 2017","en":"Elections 2017"},"previousElections":{"correspondingCompareElection":{"electionId":"kv2012","electionDate":"2012-10-28T00:00:00.000Z","name":{"fi":"Kuntavaalit 2012","en":"Municipal elections 2012","sv":"Kommunalval 2012"}},"otherCompareElection":{"electionId":"ev2015","electionDate":"2015-04-19T00:00:00.000Z","name":{"fi":"Eduskuntavaalit 2015","en":"Parliamentary election 2015","sv":"Riksdagsval 2015"}}}},"calculationStatus":{"electionDayVotingTurnout":27.0,"invalidAdvanceVotes":4,"calculationPhase":"INITIAL","invalidElectionDayVotes":3,"approvedAdvanceVotes":761,"advanceVotingTurnout":30.0,"totalVotingTurnoutAbroad":0.0,"name":{"fi":"Kirkonkylä","sv":"Kirkonkylä"},"calculationStatusPercent":100.0,"advanceVotes":765,"electionDayVotingTurnoutAbroad":0.0,"approvedTotalVotes":1446,"totalVotes":1453,"muid":139,"totalVotingInFinlandTurnout":57.1,"advanceVotingTurnoutAbroad":0.0,"invalidTotalVotes":7,"totalVotingTurnout":57.1,"electionDayVotes":688,"electionDayVotesInFinland":688,"pdid":"001","totalVotesInFinlandMen":0,"eligibleVotersInFinlandTotal":2546,"calculationStatusPercentElectionDayVotes":100.0,"sourceRecordModificationTime":"20170409222228","otherCompareElection":{"eid":"","eligibleVotersInFinlandTotal":0,"advanceVotingInFinlandTurnout":0.0,"electionDayVotingInFinlandTurnout":0.0,"totalVotingInFinlandTurnout":0.0,"approvedVotesTotal":0,"invalidVotesTotal":0},"correspondingCompareElection":{"eid":"","eligibleVotersInFinlandTotal":0,"advanceVotingInFinlandTurnout":0.0,"electionDayVotingInFinlandTurnout":0.0,"totalVotingInFinlandTurnout":0.0,"approvedVotesTotal":0,"invalidVotesTotal":0,"seats":0},"approvedElectionDayVotes":685,"edid":12,"calculationStatusPercentAdvanceVotes":100.0,"electionDayVotingInFinlandTurnout":27.0,"seats":0,"eligibleVotersTotal":2546,"advanceVotesInFinland":765,"advanceVotingInFinlandTurnout":30.0,"totalVotesInFinland":1453},"partyResults":[{"advanceVotesPercent":34.7,"name":{"fi":"Suomen Keskusta","sv":"Centern i Finland","en":"Centre Party of Finland"},"advanceVotes":264,"npid":4,"totalVotes":538,"spid":1,"abbr":{"fi":"KESK","sv":"C","en":"CENT"},"alid":4,"electionDayVotes":274,"pid":"2","totalVotesPercent":37.2,"nominatorName":{"fi":"Suomen Keskusta","sv":"Centern i Finland","en":"Centre Party of Finland"},"compareData":{"otherCompareElection":{"votesTotalChange":0,"votesTotalPercentChange":0.0,"votesTotal":538,"votesTotalPercent":37.2},"correspondingCompareElection":{"votesTotalChange":0,"votesTotalPercentChange":0.0,"seatChange":0,"votesTotal":538,"votesTotalPercent":37.2,"seatsTotal":0}},"seats":0,"electionDayVotesPercent":40.0,"nominatorAbbr":{"fi":"KESK","sv":"C","en":"CENT"}},{"advanceVotesPercent":25.9,"name":{"fi":"Vasemmistoliitto","sv":"Vänsterförbundet","en":"The Left Alliance"},"advanceVotes":197,"npid":1,"totalVotes":305,"spid":6,"abbr":{"fi":"VAS","sv":"VF","en":"LEFT"},"alid":1,"electionDayVotes":108,"pid":"15","totalVotesPercent":21.1,"nominatorName":{"fi":"Vasemmistoliitto","sv":"Vänsterförbundet","en":"The Left Alliance"},"compareData":{"otherCompareElection":{"votesTotalChange":0,"votesTotalPercentChange":0.0,"votesTotal":305,"votesTotalPercent":21.1},"correspondingCompareElection":{"votesTotalChange":0,"votesTotalPercentChange":0.0,"seatChange":0,"votesTotal":305,"votesTotalPercent":21.1,"seatsTotal":0}},"seats":0,"electionDayVotesPercent":15.8,"nominatorAbbr":{"fi":"VAS","sv":"VF","en":"LEFT"}},{"advanceVotesPercent":14.7,"name":{"fi":"Kansallinen Kokoomus","sv":"Samlingspartiet","en":"National Coalition Party"},"advanceVotes":112,"npid":6,"totalVotes":235,"spid":2,"abbr":{"fi":"KOK","sv":"Saml","en":"NCP"},"alid":6,"electionDayVotes":123,"pid":"4","totalVotesPercent":16.3,"nominatorName":{"fi":"Kansallinen Kokoomus","sv":"Samlingspartiet","en":"National Coalition Party"},"compareData":{"otherCompareElection":{"votesTotalChange":0,"votesTotalPercentChange":0.0,"votesTotal":235,"votesTotalPercent":16.3},"correspondingCompareElection":{"votesTotalChange":0,"votesTotalPercentChange":0.0,"seatChange":0,"votesTotal":235,"votesTotalPercent":16.3,"seatsTotal":0}},"seats":0,"electionDayVotesPercent":18.0,"nominatorAbbr":{"fi":"KOK","sv":"Saml","en":"NCP"}},{"advanceVotesPercent":11.8,"name":{"fi":"Suomen Sosialidemokraattinen Puolue","sv":"Finlands Socialdemokratiska Parti","en":"The Finnish Social Democratic Party"},"advanceVotes":90,"npid":3,"totalVotes":148,"spid":4,"abbr":{"fi":"SDP","sv":"SDP","en":"SDP"},"alid":3,"electionDayVotes":58,"pid":"1","totalVotesPercent":10.2,"nominatorName":{"fi":"Suomen Sosialidemokraattinen Puolue","sv":"Finlands Socialdemokratiska Parti","en":"The Finnish Social Democratic Party"},"compareData":{"otherCompareElection":{"votesTotalChange":0,"votesTotalPercentChange":0.0,"votesTotal":148,"votesTotalPercent":10.2},"correspondingCompareElection":{"votesTotalChange":0,"votesTotalPercentChange":0.0,"seatChange":0,"votesTotal":148,"votesTotalPercent":10.2,"seatsTotal":0}},"seats":0,"electionDayVotesPercent":8.5,"nominatorAbbr":{"fi":"SDP","sv":"SDP","en":"SDP"}},{"advanceVotesPercent":8.1,"name":{"fi":"Vihreä liitto","sv":"Gröna förbundet","en":"Green League"},"advanceVotes":62,"npid":5,"totalVotes":147,"spid":5,"abbr":{"fi":"VIHR","sv":"Gröna","en":"GREEN"},"alid":5,"electionDayVotes":85,"pid":"13","totalVotesPercent":10.2,"nominatorName":{"fi":"Vihreä liitto","sv":"Gröna förbundet","en":"Green League"},"compareData":{"otherCompareElection":{"votesTotalChange":0,"votesTotalPercentChange":0.0,"votesTotal":147,"votesTotalPercent":10.2},"correspondingCompareElection":{"votesTotalChange":0,"votesTotalPercentChange":0.0,"seatChange":0,"votesTotal":147,"votesTotalPercent":10.2,"seatsTotal":0}},"seats":0,"electionDayVotesPercent":12.4,"nominatorAbbr":{"fi":"VIHR","sv":"Gröna","en":"GREEN"}},{"advanceVotesPercent":4.7,"name":{"fi":"Perussuomalaiset","sv":"Sannfinländarna","en":"The Finns Party"},"advanceVotes":36,"npid":2,"totalVotes":73,"spid":3,"abbr":{"fi":"PS","sv":"Sannf","en":"FINNS"},"alid":2,"electionDayVotes":37,"pid":"23","totalVotesPercent":5.0,"nominatorName":{"fi":"Perussuomalaiset","sv":"Sannfinländarna","en":"The Finns Party"},"compareData":{"otherCompareElection":{"votesTotalChange":0,"votesTotalPercentChange":0.0,"votesTotal":73,"votesTotalPercent":5.0},"correspondingCompareElection":{"votesTotalChange":0,"votesTotalPercentChange":0.0,"seatChange":0,"votesTotal":73,"votesTotalPercent":5.0,"seatsTotal":0}},"seats":0,"electionDayVotesPercent":5.4,"nominatorAbbr":{"fi":"PS","sv":"Sannf","en":"FINNS"}}],"candidateResults":[{"age":37,"advanceVotesPercent":5.0,"lastname":"Tuomela","occupation":"ekonomi, rakennusinsinööri","advanceVotes":38,"npid":4,"totalVotes":83,"spid":1,"abbr":"KESK","municipalCouncilor":true,"muid":139,"alid":4,"firstname":"Johannes","electionDayVotes":45,"pid":"2","finalPosition":0,"electedInformation":"ELECTED","totalVotesPercent":5.7,"nominatorName":{"fi":"Suomen Keskusta","sv":"Centern i Finland","en":"Centre Party of Finland"},"caid":69,"position":0,"gender":"1","comparisonData":{"totalVotes":187,"votesTotalChange":-104},"edid":12,"comparativeIndex":0.0,"electionDayVotesPercent":6.6,"nominatorAbbr":{"fi":"KESK","sv":"C","en":"CENT"}},{"age":48,"advanceVotesPercent":3.4,"lastname":"Jokela","occupation":"rehtori, luokanopettaja","advanceVotes":26,"npid":4,"totalVotes":58,"spid":1,"abbr":"KESK","municipalCouncilor":false,"muid":139,"alid":4,"firstname":"Jari-Jukka","electionDayVotes":32,"pid":"2","finalPosition":0,"electedInformation":"ELECTED","totalVotesPercent":4.0,"nominatorName":{"fi":"Suomen Keskusta","sv":"Centern i Finland","en":"Centre Party of Finland"},"caid":45,"position":0,"gender":"1","comparisonData":{"totalVotes":0,"votesTotalChange":58},"edid":12,"comparativeIndex":0.0,"electionDayVotesPercent":4.7,"nominatorAbbr":{"fi":"KESK","sv":"C","en":"CENT"}},{"age":31,"advanceVotesPercent":1.6,"lastname":"Kurttila","occupation":"luokanopettaja","advanceVotes":12,"npid":6,"totalVotes":56,"spid":2,"abbr":"KOK","municipalCouncilor":false,"muid":139,"alid":6,"firstname":"Jussi","electionDayVotes":44,"pid":"4","finalPosition":0,"electedInformation":"ELECTED","totalVotesPercent":3.9,"nominatorName":{"fi":"Kansallinen Kokoomus","sv":"Samlingspartiet","en":"National Coalition Party"},"caid":84,"position":0,"gender":"1","comparisonData":{"totalVotes":0,"votesTotalChange":56},"edid":12,"comparativeIndex":0.0,"electionDayVotesPercent":6.4,"nominatorAbbr":{"fi":"KOK","sv":"Saml","en":"NCP"}},{"age":55,"advanceVotesPercent":2.2,"lastname":"Paakkola","occupation":"yrittäjä, maanviljelijä","advanceVotes":17,"npid":4,"totalVotes":49,"spid":1,"abbr":"KESK","municipalCouncilor":true,"muid":139,"alid":4,"firstname":"Veli","electionDayVotes":32,"pid":"2","finalPosition":0,"electedInformation":"ELECTED","totalVotesPercent":3.4,"nominatorName":{"fi":"Suomen Keskusta","sv":"Centern i Finland","en":"Centre Party of Finland"},"caid":58,"position":0,"gender":"1","comparisonData":{"totalVotes":102,"votesTotalChange":-53},"edid":12,"comparativeIndex":0.0,"electionDayVotesPercent":4.7,"nominatorAbbr":{"fi":"KESK","sv":"C","en":"CENT"}},{"age":47,"advanceVotesPercent":3.5,"lastname":"Tervonen","occupation":"autokatsastaja","advanceVotes":27,"npid":6,"totalVotes":44,"spid":2,"abbr":"KOK","municipalCouncilor":true,"muid":139,"alid":6,"firstname":"Petri","electionDayVotes":17,"pid":"4","finalPosition":0,"electedInformation":"ELECTED","totalVotesPercent":3.0,"nominatorName":{"fi":"Kansallinen Kokoomus","sv":"Samlingspartiet","en":"National Coalition Party"},"caid":91,"position":0,"gender":"1","comparisonData":{"totalVotes":105,"votesTotalChange":-61},"edid":12,"comparativeIndex":0.0,"electionDayVotesPercent":2.5,"nominatorAbbr":{"fi":"KOK","sv":"Saml","en":"NCP"}},{"age":45,"advanceVotesPercent":2.2,"lastname":"Tiiro","occupation":"ohjaaja/sosionomi AMK","advanceVotes":17,"npid":1,"totalVotes":41,"spid":6,"abbr":"VAS","municipalCouncilor":true,"muid":139,"alid":1,"firstname":"Leena-Maija","electionDayVotes":24,"pid":"15","finalPosition":0,"electedInformation":"ELECTED","totalVotesPercent":2.8,"nominatorName":{"fi":"Vasemmistoliitto","sv":"Vänsterförbundet","en":"The Left Alliance"},"caid":17,"position":0,"gender":"2","comparisonData":{"totalVotes":73,"votesTotalChange":-32},"edid":12,"comparativeIndex":0.0,"electionDayVotesPercent":3.5,"nominatorAbbr":{"fi":"VAS","sv":"VF","en":"LEFT"}},{"age":61,"advanceVotesPercent":3.4,"lastname":"Liedes","occupation":"lehtori","advanceVotes":26,"npid":1,"totalVotes":39,"spid":6,"abbr":"VAS","municipalCouncilor":true,"muid":139,"alid":1,"firstname":"Teijo","electionDayVotes":13,"pid":"15","finalPosition":0,"electedInformation":"ELECTED","totalVotesPercent":2.7,"nominatorName":{"fi":"Vasemmistoliitto","sv":"Vänsterförbundet","en":"The Left Alliance"},"caid":13,"position":0,"gender":"1","comparisonData":{"totalVotes":81,"votesTotalChange":-42},"edid":12,"comparativeIndex":0.0,"electionDayVotesPercent":1.9,"nominatorAbbr":{"fi":"VAS","sv":"VF","en":"LEFT"}},{"age":57,"advanceVotesPercent":3.8,"lastname":"Säkkinen","occupation":"aluetoimitsija","advanceVotes":29,"npid":3,"totalVotes":39,"spid":4,"abbr":"SDP","municipalCouncilor":true,"muid":139,"alid":3,"firstname":"Risto","electionDayVotes":10,"pid":"1","finalPosition":0,"electedInformation":"ELECTED","totalVotesPercent":2.7,"nominatorName":{"fi":"Suomen Sosialidemokraattinen Puolue","sv":"Finlands Socialdemokratiska Parti","en":"The Finnish Social Democratic Party"},"caid":36,"position":0,"gender":"1","comparisonData":{"totalVotes":51,"votesTotalChange":-12},"edid":12,"comparativeIndex":0.0,"electionDayVotesPercent":1.5,"nominatorAbbr":{"fi":"SDP","sv":"SDP","en":"SDP"}},{"age":54,"advanceVotesPercent":2.4,"lastname":"Vuononvirta","occupation":"terveystieteen tohtori, kuntoutuksen palveluesimies","advanceVotes":18,"npid":5,"totalVotes":39,"spid":5,"abbr":"VIHR","municipalCouncilor":true,"muid":139,"alid":5,"firstname":"Tiina","electionDayVotes":21,"pid":"13","finalPosition":0,"electedInformation":"ELECTED","totalVotesPercent":2.7,"nominatorName":{"fi":"Vihreä liitto","sv":"Gröna förbundet","en":"Green League"},"caid":81,"position":0,"gender":"2","comparisonData":{"totalVotes":67,"votesTotalChange":-28},"edid":12,"comparativeIndex":0.0,"electionDayVotesPercent":3.1,"nominatorAbbr":{"fi":"VIHR","sv":"Gröna","en":"GREEN"}},{"age":55,"advanceVotesPercent":2.1,"lastname":"Haapaniemi","occupation":"ICT-suunnittelija","advanceVotes":16,"npid":5,"totalVotes":36,"spid":5,"abbr":"VIHR","municipalCouncilor":false,"muid":139,"alid":5,"firstname":"Heli-Hannele","electionDayVotes":20,"pid":"13","finalPosition":0,"electedInformation":"ELECTED","totalVotesPercent":2.5,"nominatorName":{"fi":"Vihreä liitto","sv":"Gröna förbundet","en":"Green League"},"caid":72,"position":0,"gender":"2","comparisonData":{"totalVotes":0,"votesTotalChange":36},"edid":12,"comparativeIndex":0.0,"electionDayVotesPercent":2.9,"nominatorAbbr":{"fi":"VIHR","sv":"Gröna","en":"GREEN"}},{"age":45,"advanceVotesPercent":2.4,"lastname":"Lauri","occupation":"maanrakennusmies","advanceVotes":18,"npid":6,"totalVotes":35,"spid":2,"abbr":"KOK","municipalCouncilor":false,"muid":139,"alid":6,"firstname":"Jarmo","electionDayVotes":17,"pid":"4","finalPosition":0,"electedInformation":"ELECTED","totalVotesPercent":2.4,"nominatorName":{"fi":"Kansallinen Kokoomus","sv":"Samlingspartiet","en":"National Coalition Party"},"caid":85,"position":0,"gender":"1","comparisonData":{"totalVotes":56,"votesTotalChange":-21},"edid":12,"comparativeIndex":0.0,"electionDayVotesPercent":2.5,"nominatorAbbr":{"fi":"KOK","sv":"Saml","en":"NCP"}},{"age":66,"advanceVotesPercent":2.8,"lastname":"Autio","occupation":"kirjastonjohtaja/eläkeläinen","advanceVotes":21,"npid":1,"totalVotes":34,"spid":6,"abbr":"VAS","municipalCouncilor":false,"muid":139,"alid":1,"firstname":"Aini","electionDayVotes":13,"pid":"15","finalPosition":0,"electedInformation":"ELECTED","totalVotesPercent":2.4,"nominatorName":{"fi":"Vasemmistoliitto","sv":"Vänsterförbundet","en":"The Left Alliance"},"caid":2,"position":0,"gender":"2","comparisonData":{"totalVotes":0,"votesTotalChange":34},"edid":12,"comparativeIndex":0.0,"electionDayVotesPercent":1.9,"nominatorAbbr":{"fi":"VAS","sv":"VF","en":"LEFT"}},{"age":45,"advanceVotesPercent":2.1,"lastname":"Hast","occupation":"rakennus-/pääluottamusmies","advanceVotes":16,"npid":1,"totalVotes":33,"spid":6,"abbr":"VAS","municipalCouncilor":true,"muid":139,"alid":1,"firstname":"Mika","electionDayVotes":17,"pid":"15","finalPosition":0,"electedInformation":"ELECTED","totalVotesPercent":2.3,"nominatorName":{"fi":"Vasemmistoliitto","sv":"Vänsterförbundet","en":"The Left Alliance"},"caid":5,"position":0,"gender":"1","comparisonData":{"totalVotes":80,"votesTotalChange":-47},"edid":12,"comparativeIndex":0.0,"electionDayVotesPercent":2.5,"nominatorAbbr":{"fi":"VAS","sv":"VF","en":"LEFT"}},{"age":54,"advanceVotesPercent":2.8,"lastname":"Pakonen","occupation":"maanviljelijä/yrittäjä","advanceVotes":21,"npid":4,"totalVotes":32,"spid":1,"abbr":"KESK","municipalCouncilor":true,"muid":139,"alid":4,"firstname":"Ilkka","electionDayVotes":11,"pid":"2","finalPosition":0,"electedInformation":"ELECTED","totalVotesPercent":2.2,"nominatorName":{"fi":"Suomen Keskusta","sv":"Centern i Finland","en":"Centre Party of Finland"},"caid":59,"position":0,"gender":"1","comparisonData":{"totalVotes":95,"votesTotalChange":-63},"edid":12,"comparativeIndex":0.0,"electionDayVotesPercent":1.6,"nominatorAbbr":{"fi":"KESK","sv":"C","en":"CENT"}},{"age":59,"advanceVotesPercent":2.9,"lastname":"Keltamäki","occupation":"eläkeläinen","advanceVotes":22,"npid":1,"totalVotes":30,"spid":6,"abbr":"VAS","municipalCouncilor":true,"muid":139,"alid":1,"firstname":"Sauli","electionDayVotes":8,"pid":"15","finalPosition":0,"electedInformation":"ELECTED","totalVotesPercent":2.1,"nominatorName":{"fi":"Vasemmistoliitto","sv":"Vänsterförbundet","en":"The Left Alliance"},"caid":11,"position":0,"gender":"1","comparisonData":{"totalVotes":75,"votesTotalChange":-45},"edid":12,"comparativeIndex":0.0,"electionDayVotesPercent":1.2,"nominatorAbbr":{"fi":"VAS","sv":"VF","en":"LEFT"}},{"age":48,"advanceVotesPercent":1.3,"lastname":"Kaleva","occupation":"suuhygienisti, hammashoitaja","advanceVotes":10,"npid":4,"totalVotes":30,"spid":1,"abbr":"KESK","municipalCouncilor":true,"muid":139,"alid":4,"firstname":"Oili","electionDayVotes":20,"pid":"2","finalPosition":0,"electedInformation":"ELECTED","totalVotesPercent":2.1,"nominatorName":{"fi":"Suomen Keskusta","sv":"Centern i Finland","en":"Centre Party of Finland"},"caid":51,"position":0,"gender":"2","comparisonData":{"totalVotes":102,"votesTotalChange":-72},"edid":12,"comparativeIndex":0.0,"electionDayVotesPercent":2.9,"nominatorAbbr":{"fi":"KESK","sv":"C","en":"CENT"}},{"age":62,"advanceVotesPercent":2.8,"lastname":"Alaraasakka","occupation":"metsätalousinsinööri","advanceVotes":21,"npid":4,"totalVotes":28,"spid":1,"abbr":"KESK","municipalCouncilor":true,"muid":139,"alid":4,"firstname":"Eero","electionDayVotes":7,"pid":"2","finalPosition":0,"electedInformation":"ELECTED","totalVotesPercent":1.9,"nominatorName":{"fi":"Suomen Keskusta","sv":"Centern i Finland","en":"Centre Party of Finland"},"caid":40,"position":0,"gender":"1","comparisonData":{"totalVotes":77,"votesTotalChange":-49},"edid":12,"comparativeIndex":0.0,"electionDayVotesPercent":1.0,"nominatorAbbr":{"fi":"KESK","sv":"C","en":"CENT"}},{"age":69,"advanceVotesPercent":2.6,"lastname":"Huovinen","occupation":"FM, eläkeläinen","advanceVotes":20,"npid":1,"totalVotes":27,"spid":6,"abbr":"VAS","municipalCouncilor":true,"muid":139,"alid":1,"firstname":"Pertti","electionDayVotes":7,"pid":"15","finalPosition":0,"electedInformation":"ELECTED","totalVotesPercent":1.9,"nominatorName":{"fi":"Vasemmistoliitto","sv":"Vänsterförbundet","en":"The Left Alliance"},"caid":6,"position":0,"gender":"1","comparisonData":{"totalVotes":93,"votesTotalChange":-66},"edid":12,"comparativeIndex":0.0,"electionDayVotesPercent":1.0,"nominatorAbbr":{"fi":"VAS","sv":"VF","en":"LEFT"}},{"age":64,"advanceVotesPercent":1.4,"lastname":"Hekkala","occupation":"kiinteistönhoitaja","advanceVotes":11,"npid":4,"totalVotes":27,"spid":1,"abbr":"KESK","municipalCouncilor":true,"muid":139,"alid":4,"firstname":"Hannes","electionDayVotes":16,"pid":"2","finalPosition":0,"electedInformation":"ELECTED","totalVotesPercent":1.9,"nominatorName":{"fi":"Suomen Keskusta","sv":"Centern i Finland","en":"Centre Party of Finland"},"caid":41,"position":0,"gender":"1","comparisonData":{"totalVotes":43,"votesTotalChange":-16},"edid":12,"comparativeIndex":0.0,"electionDayVotesPercent":2.3,"nominatorAbbr":{"fi":"KESK","sv":"C","en":"CENT"}},{"age":40,"advanceVotesPercent":1.8,"lastname":"Mäenkoski","occupation":"kotiäiti","advanceVotes":14,"npid":2,"totalVotes":25,"spid":3,"abbr":"PS","municipalCouncilor":true,"muid":139,"alid":2,"firstname":"Anu","electionDayVotes":11,"pid":"23","finalPosition":0,"electedInformation":"ELECTED","totalVotesPercent":1.7,"nominatorName":{"fi":"Perussuomalaiset","sv":"Sannfinländarna","en":"The Finns Party"},"caid":21,"position":0,"gender":"2","comparisonData":{"totalVotes":66,"votesTotalChange":-41},"edid":12,"comparativeIndex":0.0,"electionDayVotesPercent":1.6,"nominatorAbbr":{"fi":"PS","sv":"Sannf","en":"FINNS"}},{"age":29,"advanceVotesPercent":1.1,"lastname":"Malo","occupation":"poramestari","advanceVotes":8,"npid":3,"totalVotes":23,"spid":4,"abbr":"SDP","municipalCouncilor":false,"muid":139,"alid":3,"firstname":"Juho","electionDayVotes":15,"pid":"1","finalPosition":0,"electedInformation":"ELECTED","totalVotesPercent":1.6,"nominatorName":{"fi":"Suomen Sosialidemokraattinen Puolue","sv":"Finlands Socialdemokratiska Parti","en":"The Finnish Social Democratic Party"},"caid":30,"position":0,"gender":"1","comparisonData":{"totalVotes":0,"votesTotalChange":23},"edid":12,"comparativeIndex":0.0,"electionDayVotesPercent":2.2,"nominatorAbbr":{"fi":"SDP","sv":"SDP","en":"SDP"}},{"age":66,"advanceVotesPercent":2.0,"lastname":"Fäldt","occupation":"yrittäjä/eläkeläinen","advanceVotes":15,"npid":1,"totalVotes":22,"spid":6,"abbr":"VAS","municipalCouncilor":false,"muid":139,"alid":1,"firstname":"Eila","electionDayVotes":7,"pid":"15","finalPosition":0,"electedInformation":"ON_SUBSTITUTE_PLACE","totalVotesPercent":1.5,"nominatorName":{"fi":"Vasemmistoliitto","sv":"Vänsterförbundet","en":"The Left Alliance"},"caid":3,"position":0,"gender":"2","comparisonData":{"totalVotes":0,"votesTotalChange":22},"edid":12,"comparativeIndex":0.0,"electionDayVotesPercent":1.0,"nominatorAbbr":{"fi":"VAS","sv":"VF","en":"LEFT"}},{"age":70,"advanceVotesPercent":2.2,"lastname":"Kalliorinne","occupation":"eläkeläinen","advanceVotes":17,"npid":1,"totalVotes":22,"spid":6,"abbr":"VAS","municipalCouncilor":true,"muid":139,"alid":1,"firstname":"Hilkka","electionDayVotes":5,"pid":"15","finalPosition":0,"electedInformation":"ELECTED","totalVotesPercent":1.5,"nominatorName":{"fi":"Vasemmistoliitto","sv":"Vänsterförbundet","en":"The Left Alliance"},"caid":10,"position":0,"gender":"2","comparisonData":{"totalVotes":89,"votesTotalChange":-67},"edid":12,"comparativeIndex":0.0,"electionDayVotesPercent":0.7,"nominatorAbbr":{"fi":"VAS","sv":"VF","en":"LEFT"}},{"age":36,"advanceVotesPercent":1.1,"lastname":"Södö","occupation":"lähihoitaja","advanceVotes":8,"npid":4,"totalVotes":22,"spid":1,"abbr":"KESK","municipalCouncilor":false,"muid":139,"alid":4,"firstname":"Kati","electionDayVotes":14,"pid":"2","finalPosition":0,"electedInformation":"ELECTED","totalVotesPercent":1.5,"nominatorName":{"fi":"Suomen Keskusta","sv":"Centern i Finland","en":"Centre Party of Finland"},"caid":68,"position":0,"gender":"2","comparisonData":{"totalVotes":0,"votesTotalChange":22},"edid":12,"comparativeIndex":0.0,"electionDayVotesPercent":2.0,"nominatorAbbr":{"fi":"KESK","sv":"C","en":"CENT"}},{"age":56,"advanceVotesPercent":0.9,"lastname":"Vilkuna","occupation":"FM, kehittäjäopettaja","advanceVotes":7,"npid":5,"totalVotes":20,"spid":5,"abbr":"VIHR","municipalCouncilor":false,"muid":139,"alid":5,"firstname":"Jussi","electionDayVotes":13,"pid":"13","finalPosition":0,"electedInformation":"NOT_ELECTED","totalVotesPercent":1.4,"nominatorName":{"fi":"Vihreä liitto","sv":"Gröna förbundet","en":"Green League"},"caid":80,"position":0,"gender":"1","comparisonData":{"totalVotes":81,"votesTotalChange":-61},"edid":12,"comparativeIndex":0.0,"electionDayVotesPercent":1.9,"nominatorAbbr":{"fi":"VIHR","sv":"Gröna","en":"GREEN"}},{"age":59,"advanceVotesPercent":1.1,"lastname":"Koskela","occupation":"asianajaja","advanceVotes":8,"npid":6,"totalVotes":20,"spid":2,"abbr":"KOK","municipalCouncilor":false,"muid":139,"alid":6,"firstname":"Markku","electionDayVotes":12,"pid":"4","finalPosition":0,"electedInformation":"ON_SUBSTITUTE_PLACE","totalVotesPercent":1.4,"nominatorName":{"fi":"Kansallinen Kokoomus","sv":"Samlingspartiet","en":"National Coalition Party"},"caid":83,"position":0,"gender":"1","comparisonData":{"totalVotes":0,"votesTotalChange":20},"edid":12,"comparativeIndex":0.0,"electionDayVotesPercent":1.8,"nominatorAbbr":{"fi":"KOK","sv":"Saml","en":"NCP"}},{"age":29,"advanceVotesPercent":0.8,"lastname":"Tauriainen","occupation":"valokuvaaja","advanceVotes":6,"npid":6,"totalVotes":19,"spid":2,"abbr":"KOK","municipalCouncilor":false,"muid":139,"alid":6,"firstname":"Juho","electionDayVotes":13,"pid":"4","finalPosition":0,"electedInformation":"ELECTED","totalVotesPercent":1.3,"nominatorName":{"fi":"Kansallinen Kokoomus","sv":"Samlingspartiet","en":"National Coalition Party"},"caid":90,"position":0,"gender":"1","comparisonData":{"totalVotes":18,"votesTotalChange":1},"edid":12,"comparativeIndex":0.0,"electionDayVotesPercent":1.9,"nominatorAbbr":{"fi":"KOK","sv":"Saml","en":"NCP"}},{"age":30,"advanceVotesPercent":1.8,"lastname":"Jakku-Hiivala","occupation":"kokki","advanceVotes":14,"npid":1,"totalVotes":17,"spid":6,"abbr":"VAS","municipalCouncilor":false,"muid":139,"alid":1,"firstname":"Johanna","electionDayVotes":3,"pid":"15","finalPosition":0,"electedInformation":"ON_SUBSTITUTE_PLACE","totalVotesPercent":1.2,"nominatorName":{"fi":"Vasemmistoliitto","sv":"Vänsterförbundet","en":"The Left Alliance"},"caid":7,"position":0,"gender":"2","comparisonData":{"totalVotes":0,"votesTotalChange":17},"edid":12,"comparativeIndex":0.0,"electionDayVotesPercent":0.4,"nominatorAbbr":{"fi":"VAS","sv":"VF","en":"LEFT"}},{"age":52,"advanceVotesPercent":1.6,"lastname":"Jyrkäs","occupation":"lähihoitaja, merkonomi","advanceVotes":12,"npid":4,"totalVotes":17,"spid":1,"abbr":"KESK","municipalCouncilor":false,"muid":139,"alid":4,"firstname":"Mervi","electionDayVotes":5,"pid":"2","finalPosition":0,"electedInformation":"ON_SUBSTITUTE_PLACE","totalVotesPercent":1.2,"nominatorName":{"fi":"Suomen Keskusta","sv":"Centern i Finland","en":"Centre Party of Finland"},"caid":49,"position":0,"gender":"2","comparisonData":{"totalVotes":0,"votesTotalChange":17},"edid":12,"comparativeIndex":0.0,"electionDayVotesPercent":0.7,"nominatorAbbr":{"fi":"KESK","sv":"C","en":"CENT"}},{"age":63,"advanceVotesPercent":0.9,"lastname":"Paaso","occupation":"kasvatustieteen tohtori, koulutuspäällikkö","advanceVotes":7,"npid":5,"totalVotes":17,"spid":5,"abbr":"VIHR","municipalCouncilor":true,"muid":139,"alid":5,"firstname":"Aila","electionDayVotes":10,"pid":"13","finalPosition":0,"electedInformation":"ON_SUBSTITUTE_PLACE","totalVotesPercent":1.2,"nominatorName":{"fi":"Vihreä liitto","sv":"Gröna förbundet","en":"Green League"},"caid":75,"position":0,"gender":"2","comparisonData":{"totalVotes":78,"votesTotalChange":-61},"edid":12,"comparativeIndex":0.0,"electionDayVotesPercent":1.5,"nominatorAbbr":{"fi":"VIHR","sv":"Gröna","en":"GREEN"}},{"age":43,"advanceVotesPercent":1.6,"lastname":"Mäenpää","occupation":"varatoimitusjohtaja","advanceVotes":12,"npid":6,"totalVotes":17,"spid":2,"abbr":"KOK","municipalCouncilor":true,"muid":139,"alid":6,"firstname":"Petteri","electionDayVotes":5,"pid":"4","finalPosition":0,"electedInformation":"ON_SUBSTITUTE_PLACE","totalVotesPercent":1.2,"nominatorName":{"fi":"Kansallinen Kokoomus","sv":"Samlingspartiet","en":"National Coalition Party"},"caid":87,"position":0,"gender":"1","comparisonData":{"totalVotes":49,"votesTotalChange":-32},"edid":12,"comparativeIndex":0.0,"electionDayVotesPercent":0.7,"nominatorAbbr":{"fi":"KOK","sv":"Saml","en":"NCP"}},{"age":43,"advanceVotesPercent":1.1,"lastname":"Mäenkoski","occupation":"proviisori","advanceVotes":8,"npid":2,"totalVotes":16,"spid":3,"abbr":"PS","municipalCouncilor":false,"muid":139,"alid":2,"firstname":"Petri","electionDayVotes":8,"pid":"23","finalPosition":0,"electedInformation":"ON_SUBSTITUTE_PLACE","totalVotesPercent":1.1,"nominatorName":{"fi":"Perussuomalaiset","sv":"Sannfinländarna","en":"The Finns Party"},"caid":19,"position":0,"gender":"1","comparisonData":{"totalVotes":51,"votesTotalChange":-35},"edid":12,"comparativeIndex":0.0,"electionDayVotesPercent":1.2,"nominatorAbbr":{"fi":"PS","sv":"Sannf","en":"FINNS"}},{"age":39,"advanceVotesPercent":0.7,"lastname":"Kallio","occupation":"yrittäjä","advanceVotes":5,"npid":3,"totalVotes":16,"spid":4,"abbr":"SDP","municipalCouncilor":false,"muid":139,"alid":3,"firstname":"Juha","electionDayVotes":11,"pid":"1","finalPosition":0,"electedInformation":"NOT_ELECTED","totalVotesPercent":1.1,"nominatorName":{"fi":"Suomen Sosialidemokraattinen Puolue","sv":"Finlands Socialdemokratiska Parti","en":"The Finnish Social Democratic Party"},"caid":28,"position":0,"gender":"1","comparisonData":{"totalVotes":0,"votesTotalChange":16},"edid":12,"comparativeIndex":0.0,"electionDayVotesPercent":1.6,"nominatorAbbr":{"fi":"SDP","sv":"SDP","en":"SDP"}},{"age":71,"advanceVotesPercent":1.7,"lastname":"Puolakka","occupation":"luokanopettaja, eläkkeellä","advanceVotes":13,"npid":4,"totalVotes":16,"spid":1,"abbr":"KESK","municipalCouncilor":false,"muid":139,"alid":4,"firstname":"Pentti","electionDayVotes":3,"pid":"2","finalPosition":0,"electedInformation":"ON_SUBSTITUTE_PLACE","totalVotesPercent":1.1,"nominatorName":{"fi":"Suomen Keskusta","sv":"Centern i Finland","en":"Centre Party of Finland"},"caid":62,"position":0,"gender":"1","comparisonData":{"totalVotes":14,"votesTotalChange":2},"edid":12,"comparativeIndex":0.0,"electionDayVotesPercent":0.4,"nominatorAbbr":{"fi":"KESK","sv":"C","en":"CENT"}},{"age":64,"advanceVotesPercent":1.4,"lastname":"Keltamäki","occupation":"yksityisyrittäjä","advanceVotes":11,"npid":3,"totalVotes":15,"spid":4,"abbr":"SDP","municipalCouncilor":false,"muid":139,"alid":3,"firstname":"Seppo","electionDayVotes":4,"pid":"1","finalPosition":0,"electedInformation":"ON_SUBSTITUTE_PLACE","totalVotesPercent":1.0,"nominatorName":{"fi":"Suomen Sosialidemokraattinen Puolue","sv":"Finlands Socialdemokratiska Parti","en":"The Finnish Social Democratic Party"},"caid":29,"position":0,"gender":"1","comparisonData":{"totalVotes":25,"votesTotalChange":-10},"edid":12,"comparativeIndex":0.0,"electionDayVotesPercent":0.6,"nominatorAbbr":{"fi":"SDP","sv":"SDP","en":"SDP"}},{"age":18,"advanceVotesPercent":0.9,"lastname":"Alamäki","occupation":"opiskelija, nuorisovaltuutettu","advanceVotes":7,"npid":4,"totalVotes":15,"spid":1,"abbr":"KESK","municipalCouncilor":false,"muid":139,"alid":4,"firstname":"Saara","electionDayVotes":8,"pid":"2","finalPosition":0,"electedInformation":"ON_SUBSTITUTE_PLACE","totalVotesPercent":1.0,"nominatorName":{"fi":"Suomen Keskusta","sv":"Centern i Finland","en":"Centre Party of Finland"},"caid":38,"position":0,"gender":"2","comparisonData":{"totalVotes":0,"votesTotalChange":15},"edid":12,"comparativeIndex":0.0,"electionDayVotesPercent":1.2,"nominatorAbbr":{"fi":"KESK","sv":"C","en":"CENT"}},{"age":63,"advanceVotesPercent":1.2,"lastname":"Alaraasakka","occupation":"LTO, esiopettaja","advanceVotes":9,"npid":4,"totalVotes":14,"spid":1,"abbr":"KESK","municipalCouncilor":false,"muid":139,"alid":4,"firstname":"Aili-Marja","electionDayVotes":5,"pid":"2","finalPosition":0,"electedInformation":"ON_SUBSTITUTE_PLACE","totalVotesPercent":1.0,"nominatorName":{"fi":"Suomen Keskusta","sv":"Centern i Finland","en":"Centre Party of Finland"},"caid":39,"position":0,"gender":"2","comparisonData":{"totalVotes":33,"votesTotalChange":-19},"edid":12,"comparativeIndex":0.0,"electionDayVotesPercent":0.7,"nominatorAbbr":{"fi":"KESK","sv":"C","en":"CENT"}},{"age":54,"advanceVotesPercent":1.6,"lastname":"Häkkilä","occupation":"yrittäjä","advanceVotes":12,"npid":4,"totalVotes":14,"spid":1,"abbr":"KESK","municipalCouncilor":false,"muid":139,"alid":4,"firstname":"Taina","electionDayVotes":2,"pid":"2","finalPosition":0,"electedInformation":"ELECTED","totalVotesPercent":1.0,"nominatorName":{"fi":"Suomen Keskusta","sv":"Centern i Finland","en":"Centre Party of Finland"},"caid":42,"position":0,"gender":"2","comparisonData":{"totalVotes":0,"votesTotalChange":14},"edid":12,"comparativeIndex":0.0,"electionDayVotesPercent":0.3,"nominatorAbbr":{"fi":"KESK","sv":"C","en":"CENT"}},{"age":45,"advanceVotesPercent":1.3,"lastname":"Ojala","occupation":"sairaalahuoltaja/työsuojeluvaltuutettu","advanceVotes":10,"npid":3,"totalVotes":13,"spid":4,"abbr":"SDP","municipalCouncilor":false,"muid":139,"alid":3,"firstname":"Anne","electionDayVotes":3,"pid":"1","finalPosition":0,"electedInformation":"NOT_ELECTED","totalVotesPercent":0.9,"nominatorName":{"fi":"Suomen Sosialidemokraattinen Puolue","sv":"Finlands Socialdemokratiska Parti","en":"The Finnish Social Democratic Party"},"caid":32,"position":0,"gender":"2","comparisonData":{"totalVotes":0,"votesTotalChange":13},"edid":12,"comparativeIndex":0.0,"electionDayVotesPercent":0.4,"nominatorAbbr":{"fi":"SDP","sv":"SDP","en":"SDP"}},{"age":18,"advanceVotesPercent":0.5,"lastname":"Paakki","occupation":"opiskelija","advanceVotes":4,"npid":4,"totalVotes":13,"spid":1,"abbr":"KESK","municipalCouncilor":false,"muid":139,"alid":4,"firstname":"Valtteri","electionDayVotes":9,"pid":"2","finalPosition":0,"electedInformation":"ON_SUBSTITUTE_PLACE","totalVotesPercent":0.9,"nominatorName":{"fi":"Suomen Keskusta","sv":"Centern i Finland","en":"Centre Party of Finland"},"caid":57,"position":0,"gender":"1","comparisonData":{"totalVotes":0,"votesTotalChange":13},"edid":12,"comparativeIndex":0.0,"electionDayVotesPercent":1.3,"nominatorAbbr":{"fi":"KESK","sv":"C","en":"CENT"}},{"age":61,"advanceVotesPercent":1.2,"lastname":"Pietikäinen","occupation":"projektipäällikkö","advanceVotes":9,"npid":6,"totalVotes":13,"spid":2,"abbr":"KOK","municipalCouncilor":false,"muid":139,"alid":6,"firstname":"Jukka","electionDayVotes":4,"pid":"4","finalPosition":0,"electedInformation":"ON_SUBSTITUTE_PLACE","totalVotesPercent":0.9,"nominatorName":{"fi":"Kansallinen Kokoomus","sv":"Samlingspartiet","en":"National Coalition Party"},"caid":89,"position":0,"gender":"1","comparisonData":{"totalVotes":0,"votesTotalChange":13},"edid":12,"comparativeIndex":0.0,"electionDayVotesPercent":0.6,"nominatorAbbr":{"fi":"KOK","sv":"Saml","en":"NCP"}},{"age":68,"advanceVotesPercent":1.4,"lastname":"Teppo","occupation":"suunnittelija/eläkeläinen","advanceVotes":11,"npid":1,"totalVotes":12,"spid":6,"abbr":"VAS","municipalCouncilor":false,"muid":139,"alid":1,"firstname":"Tapani","electionDayVotes":1,"pid":"15","finalPosition":0,"electedInformation":"ON_SUBSTITUTE_PLACE","totalVotesPercent":0.8,"nominatorName":{"fi":"Vasemmistoliitto","sv":"Vänsterförbundet","en":"The Left Alliance"},"caid":16,"position":0,"gender":"1","comparisonData":{"totalVotes":36,"votesTotalChange":-24},"edid":12,"comparativeIndex":0.0,"electionDayVotesPercent":0.1,"nominatorAbbr":{"fi":"VAS","sv":"VF","en":"LEFT"}},{"age":32,"advanceVotesPercent":0.3,"lastname":"Hyvönen","occupation":"metsäkoneenkuljettaja","advanceVotes":2,"npid":2,"totalVotes":12,"spid":3,"abbr":"PS","municipalCouncilor":false,"muid":139,"alid":2,"firstname":"Petri","electionDayVotes":10,"pid":"23","finalPosition":0,"electedInformation":"ON_SUBSTITUTE_PLACE","totalVotesPercent":0.8,"nominatorName":{"fi":"Perussuomalaiset","sv":"Sannfinländarna","en":"The Finns Party"},"caid":25,"position":0,"gender":"1","comparisonData":{"totalVotes":0,"votesTotalChange":12},"edid":12,"comparativeIndex":0.0,"electionDayVotesPercent":1.5,"nominatorAbbr":{"fi":"PS","sv":"Sannf","en":"FINNS"}},{"age":33,"advanceVotesPercent":0.7,"lastname":"Nikkinen","occupation":"rakennusmestari","advanceVotes":5,"npid":3,"totalVotes":12,"spid":4,"abbr":"SDP","municipalCouncilor":false,"muid":139,"alid":3,"firstname":"Ville","electionDayVotes":7,"pid":"1","finalPosition":0,"electedInformation":"ON_SUBSTITUTE_PLACE","totalVotesPercent":0.8,"nominatorName":{"fi":"Suomen Sosialidemokraattinen Puolue","sv":"Finlands Socialdemokratiska Parti","en":"The Finnish Social Democratic Party"},"caid":31,"position":0,"gender":"1","comparisonData":{"totalVotes":16,"votesTotalChange":-4},"edid":12,"comparativeIndex":0.0,"electionDayVotesPercent":1.0,"nominatorAbbr":{"fi":"SDP","sv":"SDP","en":"SDP"}},{"age":72,"advanceVotesPercent":1.3,"lastname":"Viinamäki","occupation":"eläkeläinen","advanceVotes":10,"npid":3,"totalVotes":12,"spid":4,"abbr":"SDP","municipalCouncilor":false,"muid":139,"alid":3,"firstname":"Pekka","electionDayVotes":2,"pid":"1","finalPosition":0,"electedInformation":"NOT_ELECTED","totalVotesPercent":0.8,"nominatorName":{"fi":"Suomen Sosialidemokraattinen Puolue","sv":"Finlands Socialdemokratiska Parti","en":"The Finnish Social Democratic Party"},"caid":37,"position":0,"gender":"1","comparisonData":{"totalVotes":11,"votesTotalChange":1},"edid":12,"comparativeIndex":0.0,"electionDayVotesPercent":0.3,"nominatorAbbr":{"fi":"SDP","sv":"SDP","en":"SDP"}},{"age":52,"advanceVotesPercent":0.5,"lastname":"Häyrynen","occupation":"yrittäjä","advanceVotes":4,"npid":4,"totalVotes":12,"spid":1,"abbr":"KESK","municipalCouncilor":false,"muid":139,"alid":4,"firstname":"Ahti","electionDayVotes":8,"pid":"2","finalPosition":0,"electedInformation":"ELECTED","totalVotesPercent":0.8,"nominatorName":{"fi":"Suomen Keskusta","sv":"Centern i Finland","en":"Centre Party of Finland"},"caid":43,"position":0,"gender":"1","comparisonData":{"totalVotes":0,"votesTotalChange":12},"edid":12,"comparativeIndex":0.0,"electionDayVotesPercent":1.2,"nominatorAbbr":{"fi":"KESK","sv":"C","en":"CENT"}},{"age":62,"advanceVotesPercent":0.7,"lastname":"Rissanen","occupation":"liikunnanohjaaja, raittiussihteeri","advanceVotes":5,"npid":5,"totalVotes":12,"spid":5,"abbr":"VIHR","municipalCouncilor":false,"muid":139,"alid":5,"firstname":"Matti-Tapio","electionDayVotes":7,"pid":"13","finalPosition":0,"electedInformation":"ON_SUBSTITUTE_PLACE","totalVotesPercent":0.8,"nominatorName":{"fi":"Vihreä liitto","sv":"Gröna förbundet","en":"Green League"},"caid":76,"position":0,"gender":"1","comparisonData":{"totalVotes":64,"votesTotalChange":-52},"edid":12,"comparativeIndex":0.0,"electionDayVotesPercent":1.0,"nominatorAbbr":{"fi":"VIHR","sv":"Gröna","en":"GREEN"}},{"age":69,"advanceVotesPercent":0.9,"lastname":"Soini","occupation":"rehtori, eläkeläinen","advanceVotes":7,"npid":4,"totalVotes":11,"spid":1,"abbr":"KESK","municipalCouncilor":false,"muid":139,"alid":4,"firstname":"Pentti","electionDayVotes":4,"pid":"2","finalPosition":0,"electedInformation":"ON_SUBSTITUTE_PLACE","totalVotesPercent":0.8,"nominatorName":{"fi":"Suomen Keskusta","sv":"Centern i Finland","en":"Centre Party of Finland"},"caid":67,"position":0,"gender":"1","comparisonData":{"totalVotes":30,"votesTotalChange":-19},"edid":12,"comparativeIndex":0.0,"electionDayVotesPercent":0.6,"nominatorAbbr":{"fi":"KESK","sv":"C","en":"CENT"}},{"age":38,"advanceVotesPercent":0.9,"lastname":"Valaja","occupation":"sairaanhoitaja","advanceVotes":7,"npid":4,"totalVotes":11,"spid":1,"abbr":"KESK","municipalCouncilor":false,"muid":139,"alid":4,"firstname":"Sanna","electionDayVotes":4,"pid":"2","finalPosition":0,"electedInformation":"ELECTED","totalVotesPercent":0.8,"nominatorName":{"fi":"Suomen Keskusta","sv":"Centern i Finland","en":"Centre Party of Finland"},"caid":71,"position":0,"gender":"2","comparisonData":{"totalVotes":0,"votesTotalChange":11},"edid":12,"comparativeIndex":0.0,"electionDayVotesPercent":0.6,"nominatorAbbr":{"fi":"KESK","sv":"C","en":"CENT"}},{"age":72,"advanceVotesPercent":1.2,"lastname":"Maalismaa","occupation":"eläkeläinen","advanceVotes":9,"npid":6,"totalVotes":11,"spid":2,"abbr":"KOK","municipalCouncilor":false,"muid":139,"alid":6,"firstname":"Maila","electionDayVotes":2,"pid":"4","finalPosition":0,"electedInformation":"NOT_ELECTED","totalVotesPercent":0.8,"nominatorName":{"fi":"Kansallinen Kokoomus","sv":"Samlingspartiet","en":"National Coalition Party"},"caid":86,"position":0,"gender":"2","comparisonData":{"totalVotes":28,"votesTotalChange":-17},"edid":12,"comparativeIndex":0.0,"electionDayVotesPercent":0.3,"nominatorAbbr":{"fi":"KOK","sv":"Saml","en":"NCP"}},{"age":68,"advanceVotesPercent":0.8,"lastname":"Halonen","occupation":"eläkeläinen","advanceVotes":6,"npid":1,"totalVotes":10,"spid":6,"abbr":"VAS","municipalCouncilor":false,"muid":139,"alid":1,"firstname":"Maria-Liisa","electionDayVotes":4,"pid":"15","finalPosition":0,"electedInformation":"ON_SUBSTITUTE_PLACE","totalVotesPercent":0.7,"nominatorName":{"fi":"Vasemmistoliitto","sv":"Vänsterförbundet","en":"The Left Alliance"},"caid":4,"position":0,"gender":"2","comparisonData":{"totalVotes":35,"votesTotalChange":-25},"edid":12,"comparativeIndex":0.0,"electionDayVotesPercent":0.6,"nominatorAbbr":{"fi":"VAS","sv":"VF","en":"LEFT"}},{"age":62,"advanceVotesPercent":0.4,"lastname":"Orajärvi","occupation":"ent. liikkeenharjoittaja","advanceVotes":3,"npid":4,"totalVotes":10,"spid":1,"abbr":"KESK","municipalCouncilor":false,"muid":139,"alid":4,"firstname":"Taisto","electionDayVotes":7,"pid":"2","finalPosition":0,"electedInformation":"ON_SUBSTITUTE_PLACE","totalVotesPercent":0.7,"nominatorName":{"fi":"Suomen Keskusta","sv":"Centern i Finland","en":"Centre Party of Finland"},"caid":56,"position":0,"gender":"1","comparisonData":{"totalVotes":22,"votesTotalChange":-12},"edid":12,"comparativeIndex":0.0,"electionDayVotesPercent":1.0,"nominatorAbbr":{"fi":"KESK","sv":"C","en":"CENT"}},{"age":40,"advanceVotesPercent":0.3,"lastname":"Kehus","occupation":"paperiprosessinhoitaja/laborantti","advanceVotes":2,"npid":4,"totalVotes":9,"spid":1,"abbr":"KESK","municipalCouncilor":true,"muid":139,"alid":4,"firstname":"Reijo","electionDayVotes":7,"pid":"2","finalPosition":0,"electedInformation":"ELECTED","totalVotesPercent":0.6,"nominatorName":{"fi":"Suomen Keskusta","sv":"Centern i Finland","en":"Centre Party of Finland"},"caid":52,"position":0,"gender":"1","comparisonData":{"totalVotes":57,"votesTotalChange":-48},"edid":12,"comparativeIndex":0.0,"electionDayVotesPercent":1.0,"nominatorAbbr":{"fi":"KESK","sv":"C","en":"CENT"}},{"age":30,"advanceVotesPercent":0.4,"lastname":"Ruonala","occupation":"oikeustieteen yo","advanceVotes":3,"npid":4,"totalVotes":9,"spid":1,"abbr":"KESK","municipalCouncilor":true,"muid":139,"alid":4,"firstname":"Riikka","electionDayVotes":6,"pid":"2","finalPosition":0,"electedInformation":"ELECTED","totalVotesPercent":0.6,"nominatorName":{"fi":"Suomen Keskusta","sv":"Centern i Finland","en":"Centre Party of Finland"},"caid":65,"position":0,"gender":"2","comparisonData":{"totalVotes":127,"votesTotalChange":-118},"edid":12,"comparativeIndex":0.0,"electionDayVotesPercent":0.9,"nominatorAbbr":{"fi":"KESK","sv":"C","en":"CENT"}},{"age":54,"advanceVotesPercent":0.8,"lastname":"Höyhtyä","occupation":"maanviljelijä","advanceVotes":6,"npid":4,"totalVotes":8,"spid":1,"abbr":"KESK","municipalCouncilor":true,"muid":139,"alid":4,"firstname":"Jaakko","electionDayVotes":2,"pid":"2","finalPosition":0,"electedInformation":"ELECTED","totalVotesPercent":0.6,"nominatorName":{"fi":"Suomen Keskusta","sv":"Centern i Finland","en":"Centre Party of Finland"},"caid":44,"position":0,"gender":"1","comparisonData":{"totalVotes":99,"votesTotalChange":-91},"edid":12,"comparativeIndex":0.0,"electionDayVotesPercent":0.3,"nominatorAbbr":{"fi":"KESK","sv":"C","en":"CENT"}},{"age":56,"advanceVotesPercent":0.1,"lastname":"Rautakoski","occupation":"lehtori","advanceVotes":1,"npid":4,"totalVotes":8,"spid":1,"abbr":"KESK","municipalCouncilor":false,"muid":139,"alid":4,"firstname":"Ari","electionDayVotes":7,"pid":"2","finalPosition":0,"electedInformation":"ON_SUBSTITUTE_PLACE","totalVotesPercent":0.6,"nominatorName":{"fi":"Suomen Keskusta","sv":"Centern i Finland","en":"Centre Party of Finland"},"caid":64,"position":0,"gender":"1","comparisonData":{"totalVotes":18,"votesTotalChange":-10},"edid":12,"comparativeIndex":0.0,"electionDayVotesPercent":1.0,"nominatorAbbr":{"fi":"KESK","sv":"C","en":"CENT"}},{"age":70,"advanceVotesPercent":0.9,"lastname":"Turtinen","occupation":"eläkeläinen, kapt evp","advanceVotes":7,"npid":4,"totalVotes":8,"spid":1,"abbr":"KESK","municipalCouncilor":false,"muid":139,"alid":4,"firstname":"Matti","electionDayVotes":1,"pid":"2","finalPosition":0,"electedInformation":"ON_SUBSTITUTE_PLACE","totalVotesPercent":0.6,"nominatorName":{"fi":"Suomen Keskusta","sv":"Centern i Finland","en":"Centre Party of Finland"},"caid":70,"position":0,"gender":"1","comparisonData":{"totalVotes":0,"votesTotalChange":8},"edid":12,"comparativeIndex":0.0,"electionDayVotesPercent":0.1,"nominatorAbbr":{"fi":"KESK","sv":"C","en":"CENT"}},{"age":49,"advanceVotesPercent":0.5,"lastname":"Koivisto","occupation":"levyseppä-hitsaaja","advanceVotes":4,"npid":5,"totalVotes":8,"spid":5,"abbr":"VIHR","municipalCouncilor":false,"muid":139,"alid":5,"firstname":"Mika","electionDayVotes":4,"pid":"13","finalPosition":0,"electedInformation":"NOT_ELECTED","totalVotesPercent":0.6,"nominatorName":{"fi":"Vihreä liitto","sv":"Gröna förbundet","en":"Green League"},"caid":74,"position":0,"gender":"1","comparisonData":{"totalVotes":45,"votesTotalChange":-37},"edid":12,"comparativeIndex":0.0,"electionDayVotesPercent":0.6,"nominatorAbbr":{"fi":"VIHR","sv":"Gröna","en":"GREEN"}},{"age":62,"advanceVotesPercent":0.3,"lastname":"Turtinen","occupation":"yrittäjä","advanceVotes":2,"npid":6,"totalVotes":8,"spid":2,"abbr":"KOK","municipalCouncilor":false,"muid":139,"alid":6,"firstname":"Anna","electionDayVotes":6,"pid":"4","finalPosition":0,"electedInformation":"NOT_ELECTED","totalVotesPercent":0.6,"nominatorName":{"fi":"Kansallinen Kokoomus","sv":"Samlingspartiet","en":"National Coalition Party"},"caid":92,"position":0,"gender":"2","comparisonData":{"totalVotes":10,"votesTotalChange":-2},"edid":12,"comparativeIndex":0.0,"electionDayVotesPercent":0.9,"nominatorAbbr":{"fi":"KOK","sv":"Saml","en":"NCP"}},{"age":64,"advanceVotesPercent":0.5,"lastname":"Turtinen","occupation":"puhdistuspalvelutyöntekijä","advanceVotes":4,"npid":1,"totalVotes":7,"spid":6,"abbr":"VAS","municipalCouncilor":false,"muid":139,"alid":1,"firstname":"Maire","electionDayVotes":3,"pid":"15","finalPosition":0,"electedInformation":"ON_SUBSTITUTE_PLACE","totalVotesPercent":0.5,"nominatorName":{"fi":"Vasemmistoliitto","sv":"Vänsterförbundet","en":"The Left Alliance"},"caid":18,"position":0,"gender":"2","comparisonData":{"totalVotes":11,"votesTotalChange":-4},"edid":12,"comparativeIndex":0.0,"electionDayVotesPercent":0.4,"nominatorAbbr":{"fi":"VAS","sv":"VF","en":"LEFT"}},{"age":56,"advanceVotesPercent":0.5,"lastname":"Jämsä","occupation":"klinikkasihteeri","advanceVotes":4,"npid":4,"totalVotes":7,"spid":1,"abbr":"KESK","municipalCouncilor":false,"muid":139,"alid":4,"firstname":"Meeri","electionDayVotes":3,"pid":"2","finalPosition":0,"electedInformation":"ON_SUBSTITUTE_PLACE","totalVotesPercent":0.5,"nominatorName":{"fi":"Suomen Keskusta","sv":"Centern i Finland","en":"Centre Party of Finland"},"caid":50,"position":0,"gender":"2","comparisonData":{"totalVotes":0,"votesTotalChange":7},"edid":12,"comparativeIndex":0.0,"electionDayVotesPercent":0.4,"nominatorAbbr":{"fi":"KESK","sv":"C","en":"CENT"}},{"age":52,"advanceVotesPercent":0.3,"lastname":"Sanaksenaho","occupation":"metsänhoitaja","advanceVotes":2,"npid":4,"totalVotes":7,"spid":1,"abbr":"KESK","municipalCouncilor":true,"muid":139,"alid":4,"firstname":"Harri","electionDayVotes":5,"pid":"2","finalPosition":0,"electedInformation":"ELECTED","totalVotesPercent":0.5,"nominatorName":{"fi":"Suomen Keskusta","sv":"Centern i Finland","en":"Centre Party of Finland"},"caid":66,"position":0,"gender":"1","comparisonData":{"totalVotes":123,"votesTotalChange":-116},"edid":12,"comparativeIndex":0.0,"electionDayVotesPercent":0.7,"nominatorAbbr":{"fi":"KESK","sv":"C","en":"CENT"}},{"age":53,"advanceVotesPercent":0.5,"lastname":"Jeronen","occupation":"yrityksen pankkineuvoja","advanceVotes":4,"npid":6,"totalVotes":7,"spid":2,"abbr":"KOK","municipalCouncilor":false,"muid":139,"alid":6,"firstname":"Merja","electionDayVotes":3,"pid":"4","finalPosition":0,"electedInformation":"ON_SUBSTITUTE_PLACE","totalVotesPercent":0.5,"nominatorName":{"fi":"Kansallinen Kokoomus","sv":"Samlingspartiet","en":"National Coalition Party"},"caid":82,"position":0,"gender":"2","comparisonData":{"totalVotes":12,"votesTotalChange":-5},"edid":12,"comparativeIndex":0.0,"electionDayVotesPercent":0.4,"nominatorAbbr":{"fi":"KOK","sv":"Saml","en":"NCP"}},{"age":38,"advanceVotesPercent":0.5,"lastname":"Paaso-Rantala","occupation":"lähihoitaja","advanceVotes":4,"npid":2,"totalVotes":6,"spid":3,"abbr":"PS","municipalCouncilor":false,"muid":139,"alid":2,"firstname":"Anne","electionDayVotes":2,"pid":"23","finalPosition":0,"electedInformation":"NOT_ELECTED","totalVotesPercent":0.4,"nominatorName":{"fi":"Perussuomalaiset","sv":"Sannfinländarna","en":"The Finns Party"},"caid":22,"position":0,"gender":"2","comparisonData":{"totalVotes":0,"votesTotalChange":6},"edid":12,"comparativeIndex":0.0,"electionDayVotesPercent":0.3,"nominatorAbbr":{"fi":"PS","sv":"Sannf","en":"FINNS"}},{"age":77,"advanceVotesPercent":0.3,"lastname":"Matila","occupation":"eläkeläinen","advanceVotes":2,"npid":2,"totalVotes":6,"spid":3,"abbr":"PS","municipalCouncilor":false,"muid":139,"alid":2,"firstname":"Pentti","electionDayVotes":4,"pid":"23","finalPosition":0,"electedInformation":"NOT_ELECTED","totalVotesPercent":0.4,"nominatorName":{"fi":"Perussuomalaiset","sv":"Sannfinländarna","en":"The Finns Party"},"caid":26,"position":0,"gender":"1","comparisonData":{"totalVotes":28,"votesTotalChange":-22},"edid":12,"comparativeIndex":0.0,"electionDayVotesPercent":0.6,"nominatorAbbr":{"fi":"PS","sv":"Sannf","en":"FINNS"}},{"age":50,"advanceVotesPercent":0.8,"lastname":"Paaso","occupation":"pääluottamusmies","advanceVotes":6,"npid":3,"totalVotes":6,"spid":4,"abbr":"SDP","municipalCouncilor":false,"muid":139,"alid":3,"firstname":"Atte","electionDayVotes":0,"pid":"1","finalPosition":0,"electedInformation":"NOT_ELECTED","totalVotesPercent":0.4,"nominatorName":{"fi":"Suomen Sosialidemokraattinen Puolue","sv":"Finlands Socialdemokratiska Parti","en":"The Finnish Social Democratic Party"},"caid":33,"position":0,"gender":"1","comparisonData":{"totalVotes":0,"votesTotalChange":6},"edid":12,"comparativeIndex":0.0,"electionDayVotesPercent":0.0,"nominatorAbbr":{"fi":"SDP","sv":"SDP","en":"SDP"}},{"age":55,"advanceVotesPercent":0.4,"lastname":"Simula","occupation":"kuorma-auton kuljettaja","advanceVotes":3,"npid":3,"totalVotes":6,"spid":4,"abbr":"SDP","municipalCouncilor":false,"muid":139,"alid":3,"firstname":"Kari","electionDayVotes":3,"pid":"1","finalPosition":0,"electedInformation":"NOT_ELECTED","totalVotesPercent":0.4,"nominatorName":{"fi":"Suomen Sosialidemokraattinen Puolue","sv":"Finlands Socialdemokratiska Parti","en":"The Finnish Social Democratic Party"},"caid":35,"position":0,"gender":"1","comparisonData":{"totalVotes":0,"votesTotalChange":6},"edid":12,"comparativeIndex":0.0,"electionDayVotesPercent":0.4,"nominatorAbbr":{"fi":"SDP","sv":"SDP","en":"SDP"}},{"age":31,"advanceVotesPercent":0.0,"lastname":"Jesiöjärvi","occupation":"kotiäiti, energiahoitaja","advanceVotes":0,"npid":5,"totalVotes":6,"spid":5,"abbr":"VIHR","municipalCouncilor":false,"muid":139,"alid":5,"firstname":"Riia","electionDayVotes":6,"pid":"13","finalPosition":0,"electedInformation":"NOT_ELECTED","totalVotesPercent":0.4,"nominatorName":{"fi":"Vihreä liitto","sv":"Gröna förbundet","en":"Green League"},"caid":73,"position":0,"gender":"2","comparisonData":{"totalVotes":0,"votesTotalChange":6},"edid":12,"comparativeIndex":0.0,"electionDayVotesPercent":0.9,"nominatorAbbr":{"fi":"VIHR","sv":"Gröna","en":"GREEN"}},{"age":56,"advanceVotesPercent":0.4,"lastname":"Sergejeff","occupation":"yrittäjä, eläkeläinen","advanceVotes":3,"npid":5,"totalVotes":6,"spid":5,"abbr":"VIHR","municipalCouncilor":false,"muid":139,"alid":5,"firstname":"Sisko","electionDayVotes":3,"pid":"13","finalPosition":0,"electedInformation":"NOT_ELECTED","totalVotesPercent":0.4,"nominatorName":{"fi":"Vihreä liitto","sv":"Gröna förbundet","en":"Green League"},"caid":78,"position":0,"gender":"2","comparisonData":{"totalVotes":0,"votesTotalChange":6},"edid":12,"comparativeIndex":0.0,"electionDayVotesPercent":0.4,"nominatorAbbr":{"fi":"VIHR","sv":"Gröna","en":"GREEN"}},{"age":58,"advanceVotesPercent":0.5,"lastname":"Kakko","occupation":"eläkeläinen","advanceVotes":4,"npid":2,"totalVotes":5,"spid":3,"abbr":"PS","municipalCouncilor":false,"muid":139,"alid":2,"firstname":"Jaska","electionDayVotes":1,"pid":"23","finalPosition":0,"electedInformation":"NOT_ELECTED","totalVotesPercent":0.3,"nominatorName":{"fi":"Perussuomalaiset","sv":"Sannfinländarna","en":"The Finns Party"},"caid":20,"position":0,"gender":"1","comparisonData":{"totalVotes":0,"votesTotalChange":5},"edid":12,"comparativeIndex":0.0,"electionDayVotesPercent":0.1,"nominatorAbbr":{"fi":"PS","sv":"Sannf","en":"FINNS"}},{"age":66,"advanceVotesPercent":0.7,"lastname":"Ojutkangas","occupation":"varatuomari","advanceVotes":5,"npid":6,"totalVotes":5,"spid":2,"abbr":"KOK","municipalCouncilor":false,"muid":139,"alid":6,"firstname":"Teijo","electionDayVotes":0,"pid":"4","finalPosition":0,"electedInformation":"NOT_ELECTED","totalVotesPercent":0.3,"nominatorName":{"fi":"Kansallinen Kokoomus","sv":"Samlingspartiet","en":"National Coalition Party"},"caid":88,"position":0,"gender":"1","comparisonData":{"totalVotes":0,"votesTotalChange":5},"edid":12,"comparativeIndex":0.0,"electionDayVotesPercent":0.0,"nominatorAbbr":{"fi":"KOK","sv":"Saml","en":"NCP"}},{"age":64,"advanceVotesPercent":0.4,"lastname":"Liimatta","occupation":"rakennustyöläinen/eläkeläinen","advanceVotes":3,"npid":1,"totalVotes":4,"spid":6,"abbr":"VAS","municipalCouncilor":false,"muid":139,"alid":1,"firstname":"Marja-Leena","electionDayVotes":1,"pid":"15","finalPosition":0,"electedInformation":"ON_SUBSTITUTE_PLACE","totalVotesPercent":0.3,"nominatorName":{"fi":"Vasemmistoliitto","sv":"Vänsterförbundet","en":"The Left Alliance"},"caid":14,"position":0,"gender":"2","comparisonData":{"totalVotes":6,"votesTotalChange":-2},"edid":12,"comparativeIndex":0.0,"electionDayVotesPercent":0.1,"nominatorAbbr":{"fi":"VAS","sv":"VF","en":"LEFT"}},{"age":55,"advanceVotesPercent":0.3,"lastname":"Räinä","occupation":"asentaja","advanceVotes":2,"npid":3,"totalVotes":4,"spid":4,"abbr":"SDP","municipalCouncilor":false,"muid":139,"alid":3,"firstname":"Juha","electionDayVotes":2,"pid":"1","finalPosition":0,"electedInformation":"NOT_ELECTED","totalVotesPercent":0.3,"nominatorName":{"fi":"Suomen Sosialidemokraattinen Puolue","sv":"Finlands Socialdemokratiska Parti","en":"The Finnish Social Democratic Party"},"caid":34,"position":0,"gender":"1","comparisonData":{"totalVotes":6,"votesTotalChange":-2},"edid":12,"comparativeIndex":0.0,"electionDayVotesPercent":0.3,"nominatorAbbr":{"fi":"SDP","sv":"SDP","en":"SDP"}},{"age":50,"advanceVotesPercent":0.1,"lastname":"Kiviniemi","occupation":"vastaava työnjohtaja","advanceVotes":1,"npid":4,"totalVotes":4,"spid":1,"abbr":"KESK","municipalCouncilor":false,"muid":139,"alid":4,"firstname":"Seppo","electionDayVotes":3,"pid":"2","finalPosition":0,"electedInformation":"ON_SUBSTITUTE_PLACE","totalVotesPercent":0.3,"nominatorName":{"fi":"Suomen Keskusta","sv":"Centern i Finland","en":"Centre Party of Finland"},"caid":53,"position":0,"gender":"1","comparisonData":{"totalVotes":21,"votesTotalChange":-17},"edid":12,"comparativeIndex":0.0,"electionDayVotesPercent":0.4,"nominatorAbbr":{"fi":"KESK","sv":"C","en":"CENT"}},{"age":67,"advanceVotesPercent":0.1,"lastname":"Kaarre","occupation":"eläkeläinen","advanceVotes":1,"npid":1,"totalVotes":3,"spid":6,"abbr":"VAS","municipalCouncilor":false,"muid":139,"alid":1,"firstname":"Martti","electionDayVotes":2,"pid":"15","finalPosition":0,"electedInformation":"ELECTED","totalVotesPercent":0.2,"nominatorName":{"fi":"Vasemmistoliitto","sv":"Vänsterförbundet","en":"The Left Alliance"},"caid":9,"position":0,"gender":"1","comparisonData":{"totalVotes":36,"votesTotalChange":-33},"edid":12,"comparativeIndex":0.0,"electionDayVotesPercent":0.3,"nominatorAbbr":{"fi":"VAS","sv":"VF","en":"LEFT"}},{"age":45,"advanceVotesPercent":0.3,"lastname":"Niemi","occupation":"kartoittaja","advanceVotes":2,"npid":2,"totalVotes":3,"spid":3,"abbr":"PS","municipalCouncilor":false,"muid":139,"alid":2,"firstname":"Pasi","electionDayVotes":1,"pid":"23","finalPosition":0,"electedInformation":"NOT_ELECTED","totalVotesPercent":0.2,"nominatorName":{"fi":"Perussuomalaiset","sv":"Sannfinländarna","en":"The Finns Party"},"caid":23,"position":0,"gender":"1","comparisonData":{"totalVotes":0,"votesTotalChange":3},"edid":12,"comparativeIndex":0.0,"electionDayVotesPercent":0.1,"nominatorAbbr":{"fi":"PS","sv":"Sannf","en":"FINNS"}},{"age":55,"advanceVotesPercent":0.3,"lastname":"Jokela","occupation":"autonkuljettaja","advanceVotes":2,"npid":4,"totalVotes":3,"spid":1,"abbr":"KESK","municipalCouncilor":false,"muid":139,"alid":4,"firstname":"Pentti","electionDayVotes":1,"pid":"2","finalPosition":0,"electedInformation":"ELECTED","totalVotesPercent":0.2,"nominatorName":{"fi":"Suomen Keskusta","sv":"Centern i Finland","en":"Centre Party of Finland"},"caid":46,"position":0,"gender":"1","comparisonData":{"totalVotes":0,"votesTotalChange":3},"edid":12,"comparativeIndex":0.0,"electionDayVotesPercent":0.1,"nominatorAbbr":{"fi":"KESK","sv":"C","en":"CENT"}},{"age":65,"advanceVotesPercent":0.3,"lastname":"Koskela","occupation":"lehtori, eläkeläinen","advanceVotes":2,"npid":4,"totalVotes":3,"spid":1,"abbr":"KESK","municipalCouncilor":false,"muid":139,"alid":4,"firstname":"Pekka","electionDayVotes":1,"pid":"2","finalPosition":0,"electedInformation":"ELECTED","totalVotesPercent":0.2,"nominatorName":{"fi":"Suomen Keskusta","sv":"Centern i Finland","en":"Centre Party of Finland"},"caid":54,"position":0,"gender":"1","comparisonData":{"totalVotes":18,"votesTotalChange":-15},"edid":12,"comparativeIndex":0.0,"electionDayVotesPercent":0.1,"nominatorAbbr":{"fi":"KESK","sv":"C","en":"CENT"}},{"age":18,"advanceVotesPercent":0.0,"lastname":"Pyörälä","occupation":"opiskelija","advanceVotes":0,"npid":4,"totalVotes":3,"spid":1,"abbr":"KESK","municipalCouncilor":false,"muid":139,"alid":4,"firstname":"Juuso","electionDayVotes":3,"pid":"2","finalPosition":0,"electedInformation":"ON_SUBSTITUTE_PLACE","totalVotesPercent":0.2,"nominatorName":{"fi":"Suomen Keskusta","sv":"Centern i Finland","en":"Centre Party of Finland"},"caid":63,"position":0,"gender":"1","comparisonData":{"totalVotes":0,"votesTotalChange":3},"edid":12,"comparativeIndex":0.0,"electionDayVotesPercent":0.4,"nominatorAbbr":{"fi":"KESK","sv":"C","en":"CENT"}},{"age":61,"advanceVotesPercent":0.3,"lastname":"Sandgren","occupation":"rakennusmestari","advanceVotes":2,"npid":5,"totalVotes":3,"spid":5,"abbr":"VIHR","municipalCouncilor":false,"muid":139,"alid":5,"firstname":"Harri","electionDayVotes":1,"pid":"13","finalPosition":0,"electedInformation":"NOT_ELECTED","totalVotesPercent":0.2,"nominatorName":{"fi":"Vihreä liitto","sv":"Gröna förbundet","en":"Green League"},"caid":77,"position":0,"gender":"1","comparisonData":{"totalVotes":5,"votesTotalChange":-2},"edid":12,"comparativeIndex":0.0,"electionDayVotesPercent":0.1,"nominatorAbbr":{"fi":"VIHR","sv":"Gröna","en":"GREEN"}},{"age":38,"advanceVotesPercent":0.3,"lastname":"Juopperi","occupation":"kirvesmies","advanceVotes":2,"npid":1,"totalVotes":2,"spid":6,"abbr":"VAS","municipalCouncilor":false,"muid":139,"alid":1,"firstname":"Kimmo","electionDayVotes":0,"pid":"15","finalPosition":0,"electedInformation":"ON_SUBSTITUTE_PLACE","totalVotesPercent":0.1,"nominatorName":{"fi":"Vasemmistoliitto","sv":"Vänsterförbundet","en":"The Left Alliance"},"caid":8,"position":0,"gender":"1","comparisonData":{"totalVotes":0,"votesTotalChange":2},"edid":12,"comparativeIndex":0.0,"electionDayVotesPercent":0.0,"nominatorAbbr":{"fi":"VAS","sv":"VF","en":"LEFT"}},{"age":47,"advanceVotesPercent":0.3,"lastname":"Pietilä","occupation":"prosessinhoitaja","advanceVotes":2,"npid":1,"totalVotes":2,"spid":6,"abbr":"VAS","municipalCouncilor":false,"muid":139,"alid":1,"firstname":"Mikael","electionDayVotes":0,"pid":"15","finalPosition":0,"electedInformation":"ON_SUBSTITUTE_PLACE","totalVotesPercent":0.1,"nominatorName":{"fi":"Vasemmistoliitto","sv":"Vänsterförbundet","en":"The Left Alliance"},"caid":15,"position":0,"gender":"1","comparisonData":{"totalVotes":0,"votesTotalChange":2},"edid":12,"comparativeIndex":0.0,"electionDayVotesPercent":0.0,"nominatorAbbr":{"fi":"VAS","sv":"VF","en":"LEFT"}},{"age":72,"advanceVotesPercent":0.1,"lastname":"Honkanen","occupation":"eläkeläinen","advanceVotes":1,"npid":3,"totalVotes":2,"spid":4,"abbr":"SDP","municipalCouncilor":false,"muid":139,"alid":3,"firstname":"Lauri","electionDayVotes":1,"pid":"1","finalPosition":0,"electedInformation":"NOT_ELECTED","totalVotesPercent":0.1,"nominatorName":{"fi":"Suomen Sosialidemokraattinen Puolue","sv":"Finlands Socialdemokratiska Parti","en":"The Finnish Social Democratic Party"},"caid":27,"position":0,"gender":"1","comparisonData":{"totalVotes":7,"votesTotalChange":-5},"edid":12,"comparativeIndex":0.0,"electionDayVotesPercent":0.1,"nominatorAbbr":{"fi":"SDP","sv":"SDP","en":"SDP"}},{"age":56,"advanceVotesPercent":0.1,"lastname":"Kuha","occupation":"yrittäjä","advanceVotes":1,"npid":4,"totalVotes":2,"spid":1,"abbr":"KESK","municipalCouncilor":false,"muid":139,"alid":4,"firstname":"Veera","electionDayVotes":1,"pid":"2","finalPosition":0,"electedInformation":"ON_SUBSTITUTE_PLACE","totalVotesPercent":0.1,"nominatorName":{"fi":"Suomen Keskusta","sv":"Centern i Finland","en":"Centre Party of Finland"},"caid":55,"position":0,"gender":"2","comparisonData":{"totalVotes":38,"votesTotalChange":-36},"edid":12,"comparativeIndex":0.0,"electionDayVotesPercent":0.1,"nominatorAbbr":{"fi":"KESK","sv":"C","en":"CENT"}},{"age":34,"advanceVotesPercent":0.3,"lastname":"Piri","occupation":"palveluvastaava","advanceVotes":2,"npid":4,"totalVotes":2,"spid":1,"abbr":"KESK","municipalCouncilor":false,"muid":139,"alid":4,"firstname":"Kirsimaria","electionDayVotes":0,"pid":"2","finalPosition":0,"electedInformation":"ON_SUBSTITUTE_PLACE","totalVotesPercent":0.1,"nominatorName":{"fi":"Suomen Keskusta","sv":"Centern i Finland","en":"Centre Party of Finland"},"caid":60,"position":0,"gender":"2","comparisonData":{"totalVotes":0,"votesTotalChange":2},"edid":12,"comparativeIndex":0.0,"electionDayVotesPercent":0.0,"nominatorAbbr":{"fi":"KESK","sv":"C","en":"CENT"}},{"age":51,"advanceVotesPercent":0.0,"lastname":"Junes","occupation":"rakennesuunnittelija","advanceVotes":0,"npid":4,"totalVotes":1,"spid":1,"abbr":"KESK","municipalCouncilor":false,"muid":139,"alid":4,"firstname":"Arto","electionDayVotes":1,"pid":"2","finalPosition":0,"electedInformation":"ON_SUBSTITUTE_PLACE","totalVotesPercent":0.1,"nominatorName":{"fi":"Suomen Keskusta","sv":"Centern i Finland","en":"Centre Party of Finland"},"caid":47,"position":0,"gender":"1","comparisonData":{"totalVotes":14,"votesTotalChange":-13},"edid":12,"comparativeIndex":0.0,"electionDayVotesPercent":0.1,"nominatorAbbr":{"fi":"KESK","sv":"C","en":"CENT"}},{"age":67,"advanceVotesPercent":0.1,"lastname":"Jyrkkä","occupation":"eläkeläinen","advanceVotes":1,"npid":4,"totalVotes":1,"spid":1,"abbr":"KESK","municipalCouncilor":true,"muid":139,"alid":4,"firstname":"Tellervo","electionDayVotes":0,"pid":"2","finalPosition":0,"electedInformation":"ON_SUBSTITUTE_PLACE","totalVotesPercent":0.1,"nominatorName":{"fi":"Suomen Keskusta","sv":"Centern i Finland","en":"Centre Party of Finland"},"caid":48,"position":0,"gender":"2","comparisonData":{"totalVotes":66,"votesTotalChange":-65},"edid":12,"comparativeIndex":0.0,"electionDayVotesPercent":0.0,"nominatorAbbr":{"fi":"KESK","sv":"C","en":"CENT"}},{"age":35,"advanceVotesPercent":0.0,"lastname":"Pivelin","occupation":"FM, opettaja","advanceVotes":0,"npid":4,"totalVotes":1,"spid":1,"abbr":"KESK","municipalCouncilor":false,"muid":139,"alid":4,"firstname":"Paula","electionDayVotes":1,"pid":"2","finalPosition":0,"electedInformation":"ON_SUBSTITUTE_PLACE","totalVotesPercent":0.1,"nominatorName":{"fi":"Suomen Keskusta","sv":"Centern i Finland","en":"Centre Party of Finland"},"caid":61,"position":0,"gender":"2","comparisonData":{"totalVotes":0,"votesTotalChange":1},"edid":12,"comparativeIndex":0.0,"electionDayVotesPercent":0.1,"nominatorAbbr":{"fi":"KESK","sv":"C","en":"CENT"}},{"age":63,"advanceVotesPercent":0.0,"lastname":"Kivelä","occupation":"sahuri","advanceVotes":0,"npid":1,"totalVotes":0,"spid":6,"abbr":"VAS","municipalCouncilor":false,"muid":139,"alid":1,"firstname":"Tauno","electionDayVotes":0,"pid":"15","finalPosition":0,"electedInformation":"ELECTED","totalVotesPercent":0.0,"nominatorName":{"fi":"Vasemmistoliitto","sv":"Vänsterförbundet","en":"The Left Alliance"},"caid":12,"position":0,"gender":"1","comparisonData":{"totalVotes":39,"votesTotalChange":-39},"edid":12,"comparativeIndex":0.0,"electionDayVotesPercent":0.0,"nominatorAbbr":{"fi":"VAS","sv":"VF","en":"LEFT"}},{"age":65,"advanceVotesPercent":0.0,"lastname":"Mäenkoski","occupation":"eläkeläinen","advanceVotes":0,"npid":2,"totalVotes":0,"spid":3,"abbr":"PS","municipalCouncilor":false,"muid":139,"alid":2,"firstname":"Pekka","electionDayVotes":0,"pid":"23","finalPosition":0,"electedInformation":"NOT_ELECTED","totalVotesPercent":0.0,"nominatorName":{"fi":"Perussuomalaiset","sv":"Sannfinländarna","en":"The Finns Party"},"caid":24,"position":0,"gender":"1","comparisonData":{"totalVotes":0,"votesTotalChange":0},"edid":12,"comparativeIndex":0.0,"electionDayVotesPercent":0.0,"nominatorAbbr":{"fi":"PS","sv":"Sannf","en":"FINNS"}},{"age":53,"advanceVotesPercent":0.0,"lastname":"Tahiri","occupation":"kahvilatyöntekijä","advanceVotes":0,"npid":5,"totalVotes":0,"spid":5,"abbr":"VIHR","municipalCouncilor":false,"muid":139,"alid":5,"firstname":"Xhavid","electionDayVotes":0,"pid":"13","finalPosition":0,"electedInformation":"NOT_ELECTED","totalVotesPercent":0.0,"nominatorName":{"fi":"Vihreä liitto","sv":"Gröna förbundet","en":"Green League"},"caid":79,"position":0,"gender":"1","comparisonData":{"totalVotes":5,"votesTotalChange":-5},"edid":12,"comparativeIndex":0.0,"electionDayVotesPercent":0.0,"nominatorAbbr":{"fi":"VIHR","sv":"Gröna","en":"GREEN"}}],"municipalityPollingDistricts":[{"name":{"fi":"Kirkonkylä","sv":"Kirkonkylä"},"calculationStatusPercent":100.0,"joinedArea":false,"muid":139,"totalVotingInFinlandTurnout":57.1,"identification":"001","pdid":"001","eligibleVotersInFinlandTotal":2546,"edid":12,"mergedToPdid":""},{"name":{"fi":"Alaranta","sv":"Alaranta"},"calculationStatusPercent":100.0,"joinedArea":false,"muid":139,"totalVotingInFinlandTurnout":59.5,"identification":"002","pdid":"002","eligibleVotersInFinlandTotal":866,"edid":12,"mergedToPdid":""},{"name":{"fi":"Ojakylä","sv":"Ojakylä"},"calculationStatusPercent":100.0,"joinedArea":false,"muid":139,"totalVotingInFinlandTurnout":61.0,"identification":"003","pdid":"003","eligibleVotersInFinlandTotal":405,"edid":12,"mergedToPdid":""},{"name":{"fi":"Yliranta","sv":"Yliranta"},"calculationStatusPercent":100.0,"joinedArea":false,"muid":139,"totalVotingInFinlandTurnout":64.2,"identification":"004","pdid":"004","eligibleVotersInFinlandTotal":674,"edid":12,"mergedToPdid":""},{"name":{"fi":"Pohjois-Ii","sv":"Pohjois-Ii"},"calculationStatusPercent":100.0,"joinedArea":false,"muid":139,"totalVotingInFinlandTurnout":68.3,"identification":"005","pdid":"005","eligibleVotersInFinlandTotal":681,"edid":12,"mergedToPdid":""},{"name":{"fi":"Olhava","sv":"Olhava"},"calculationStatusPercent":100.0,"joinedArea":false,"muid":139,"totalVotingInFinlandTurnout":61.0,"identification":"006","pdid":"006","eligibleVotersInFinlandTotal":439,"edid":12,"mergedToPdid":""},{"name":{"fi":"Kuivaniemen kirkonkylä","sv":"Kuivaniemen kirkonkylä"},"calculationStatusPercent":100.0,"joinedArea":false,"muid":139,"totalVotingInFinlandTurnout":60.4,"identification":"007","pdid":"007","eligibleVotersInFinlandTotal":1007,"edid":12,"mergedToPdid":""},{"name":{"fi":"Jokikylä","sv":"Jokikylä"},"calculationStatusPercent":100.0,"joinedArea":true,"muid":139,"totalVotingInFinlandTurnout":71.1,"identification":"008","pdid":"008","eligibleVotersInFinlandTotal":187,"edid":12,"mergedToPdid":""},{"name":{"fi":"Oijärvi","sv":"Oijärvi"},"calculationStatusPercent":100.0,"joinedArea":true,"muid":139,"totalVotingInFinlandTurnout":65.0,"identification":"009","pdid":"009","eligibleVotersInFinlandTotal":180,"edid":12,"mergedToPdid":""}],"municipality":{"muid":139,"edid":12,"name":{"fi":"Ii","sv":"Ii"}}}