{"version":70,"created":"2017-04-09T22:37:19.445Z","electionDetails":{"electionId":"kv2017","electionDate":"2017-04-09T00:00:00.000Z","electionDataPublishTime":"2017-04-09T17:00:00.000Z","name":{"fi":"Kuntavaalit 2017","sv":"Kommunalval 2017","en":"Elections 2017"},"previousElections":{"correspondingCompareElection":{"electionId":"kv2012","electionDate":"2012-10-28T00:00:00.000Z","name":{"fi":"Kuntavaalit 2012","en":"Municipal elections 2012","sv":"Kommunalval 2012"}},"otherCompareElection":{"electionId":"ev2015","electionDate":"2015-04-19T00:00:00.000Z","name":{"fi":"Eduskuntavaalit 2015","en":"Parliamentary election 2015","sv":"Riksdagsval 2015"}}}},"calculationStatus":{"electionDayVotingTurnout":30.3,"invalidAdvanceVotes":13,"calculationPhase":"INITIAL","invalidElectionDayVotes":6,"approvedAdvanceVotes":1396,"advanceVotingTurnout":31.8,"totalVotingTurnoutAbroad":0.0,"name":{"fi":"Nakkilan kunta","sv":"Nakkilan kunta"},"calculationStatusPercent":100.0,"advanceVotes":1409,"electionDayVotingTurnoutAbroad":0.0,"approvedTotalVotes":2692,"totalVotes":2751,"muid":531,"totalVotingInFinlandTurnout":62.2,"advanceVotingTurnoutAbroad":0.0,"invalidTotalVotes":19,"totalVotingTurnout":62.2,"electionDayVotes":1342,"electionDayVotesInFinland":1342,"pdid":"001","totalVotesInFinlandMen":0,"eligibleVotersInFinlandTotal":4426,"calculationStatusPercentElectionDayVotes":100.0,"sourceRecordModificationTime":"20170409211825","otherCompareElection":{"eid":"","eligibleVotersInFinlandTotal":0,"advanceVotingInFinlandTurnout":0.0,"electionDayVotingInFinlandTurnout":0.0,"totalVotingInFinlandTurnout":0.0,"approvedVotesTotal":0,"invalidVotesTotal":0},"correspondingCompareElection":{"eid":"","eligibleVotersInFinlandTotal":0,"advanceVotingInFinlandTurnout":0.0,"electionDayVotingInFinlandTurnout":0.0,"totalVotingInFinlandTurnout":0.0,"approvedVotesTotal":0,"invalidVotesTotal":0,"seats":0},"approvedElectionDayVotes":1296,"edid":4,"calculationStatusPercentAdvanceVotes":100.0,"electionDayVotingInFinlandTurnout":30.3,"seats":0,"eligibleVotersTotal":4426,"advanceVotesInFinland":1409,"advanceVotingInFinlandTurnout":31.8,"totalVotesInFinland":2751},"partyResults":[{"advanceVotesPercent":30.3,"name":{"fi":"Suomen Keskusta","sv":"Centern i Finland","en":"Centre Party of Finland"},"advanceVotes":423,"npid":4,"totalVotes":722,"spid":1,"abbr":{"fi":"KESK","sv":"C","en":"CENT"},"alid":4,"electionDayVotes":299,"pid":"2","totalVotesPercent":26.8,"nominatorName":{"fi":"Suomen Keskusta","sv":"Centern i Finland","en":"Centre Party of Finland"},"compareData":{"otherCompareElection":{"votesTotalChange":0,"votesTotalPercentChange":0.0,"votesTotal":722,"votesTotalPercent":26.8},"correspondingCompareElection":{"votesTotalChange":0,"votesTotalPercentChange":0.0,"seatChange":0,"votesTotal":722,"votesTotalPercent":26.8,"seatsTotal":0}},"seats":0,"electionDayVotesPercent":23.1,"nominatorAbbr":{"fi":"KESK","sv":"C","en":"CENT"}},{"advanceVotesPercent":18.9,"name":{"fi":"Kansallinen Kokoomus","sv":"Samlingspartiet","en":"National Coalition Party"},"advanceVotes":264,"npid":3,"totalVotes":563,"spid":2,"abbr":{"fi":"KOK","sv":"Saml","en":"NCP"},"alid":3,"electionDayVotes":299,"pid":"4","totalVotesPercent":20.9,"nominatorName":{"fi":"Kansallinen Kokoomus","sv":"Samlingspartiet","en":"National Coalition Party"},"compareData":{"otherCompareElection":{"votesTotalChange":0,"votesTotalPercentChange":0.0,"votesTotal":563,"votesTotalPercent":20.9},"correspondingCompareElection":{"votesTotalChange":0,"votesTotalPercentChange":0.0,"seatChange":0,"votesTotal":563,"votesTotalPercent":20.9,"seatsTotal":0}},"seats":0,"electionDayVotesPercent":23.1,"nominatorAbbr":{"fi":"KOK","sv":"Saml","en":"NCP"}},{"advanceVotesPercent":17.1,"name":{"fi":"Vasemmistoliitto","sv":"Vänsterförbundet","en":"The Left Alliance"},"advanceVotes":239,"npid":1,"totalVotes":530,"spid":6,"abbr":{"fi":"VAS","sv":"VF","en":"LEFT"},"alid":1,"electionDayVotes":291,"pid":"15","totalVotesPercent":19.7,"nominatorName":{"fi":"Vasemmistoliitto","sv":"Vänsterförbundet","en":"The Left Alliance"},"compareData":{"otherCompareElection":{"votesTotalChange":0,"votesTotalPercentChange":0.0,"votesTotal":530,"votesTotalPercent":19.7},"correspondingCompareElection":{"votesTotalChange":0,"votesTotalPercentChange":0.0,"seatChange":0,"votesTotal":530,"votesTotalPercent":19.7,"seatsTotal":0}},"seats":0,"electionDayVotesPercent":22.5,"nominatorAbbr":{"fi":"VAS","sv":"VF","en":"LEFT"}},{"advanceVotesPercent":17.4,"name":{"fi":"Suomen Sosialidemokraattinen Puolue","sv":"Finlands Socialdemokratiska Parti","en":"The Finnish Social Democratic Party"},"advanceVotes":243,"npid":2,"totalVotes":468,"spid":4,"abbr":{"fi":"SDP","sv":"SDP","en":"SDP"},"alid":2,"electionDayVotes":225,"pid":"1","totalVotesPercent":17.4,"nominatorName":{"fi":"Suomen Sosialidemokraattinen Puolue","sv":"Finlands Socialdemokratiska Parti","en":"The Finnish Social Democratic Party"},"compareData":{"otherCompareElection":{"votesTotalChange":0,"votesTotalPercentChange":0.0,"votesTotal":468,"votesTotalPercent":17.4},"correspondingCompareElection":{"votesTotalChange":0,"votesTotalPercentChange":0.0,"seatChange":0,"votesTotal":468,"votesTotalPercent":17.4,"seatsTotal":0}},"seats":0,"electionDayVotesPercent":17.4,"nominatorAbbr":{"fi":"SDP","sv":"SDP","en":"SDP"}},{"advanceVotesPercent":14.0,"name":{"fi":"Perussuomalaiset","sv":"Sannfinländarna","en":"The Finns Party"},"advanceVotes":195,"npid":6,"totalVotes":373,"spid":3,"abbr":{"fi":"PS","sv":"Sannf","en":"FINNS"},"alid":5,"electionDayVotes":178,"pid":"23","totalVotesPercent":13.9,"nominatorName":{"fi":"Perussuomalaiset","sv":"Sannfinländarna","en":"The Finns Party"},"compareData":{"otherCompareElection":{"votesTotalChange":0,"votesTotalPercentChange":0.0,"votesTotal":373,"votesTotalPercent":13.9},"correspondingCompareElection":{"votesTotalChange":0,"votesTotalPercentChange":0.0,"seatChange":0,"votesTotal":373,"votesTotalPercent":13.9,"seatsTotal":0}},"seats":0,"electionDayVotesPercent":13.7,"nominatorAbbr":{"fi":"PS","sv":"Sannf","en":"FINNS"}},{"advanceVotesPercent":2.3,"name":{"fi":"Suomen Kristillisdemokraatit (KD)","sv":"Kristdemokraterna i Finland (KD)","en":"Christian Democrats in Finland"},"advanceVotes":32,"npid":5,"totalVotes":36,"spid":8,"abbr":{"fi":"KD","sv":"KD","en":"CD"},"alid":4,"electionDayVotes":4,"pid":"9","totalVotesPercent":1.3,"nominatorName":{"fi":"Suomen Kristillisdemokraatit (KD)","sv":"Kristdemokraterna i Finland (KD)","en":"Christian Democrats in Finland"},"compareData":{"otherCompareElection":{"votesTotalChange":0,"votesTotalPercentChange":0.0,"votesTotal":36,"votesTotalPercent":1.3},"correspondingCompareElection":{"votesTotalChange":0,"votesTotalPercentChange":0.0,"seatChange":0,"votesTotal":36,"votesTotalPercent":1.3,"seatsTotal":0}},"seats":0,"electionDayVotesPercent":0.3,"nominatorAbbr":{"fi":"KD","sv":"KD","en":"CD"}}],"candidateResults":[{"age":57,"advanceVotesPercent":6.9,"lastname":"Myllykoski","occupation":"kansanedustaja","advanceVotes":96,"npid":1,"totalVotes":202,"spid":6,"abbr":"VAS","municipalCouncilor":true,"muid":531,"alid":1,"firstname":"Jari","electionDayVotes":106,"pid":"15","finalPosition":0,"electedInformation":"ELECTED","totalVotesPercent":7.5,"nominatorName":{"fi":"Vasemmistoliitto","sv":"Vänsterförbundet","en":"The Left Alliance"},"caid":9,"position":0,"gender":"1","comparisonData":{"totalVotes":129,"votesTotalChange":73},"edid":4,"comparativeIndex":0.0,"electionDayVotesPercent":8.2,"nominatorAbbr":{"fi":"VAS","sv":"VF","en":"LEFT"}},{"age":54,"advanceVotesPercent":5.4,"lastname":"Lukka","occupation":"sairaanhoitaja-diakonissa","advanceVotes":76,"npid":2,"totalVotes":143,"spid":4,"abbr":"SDP","municipalCouncilor":true,"muid":531,"alid":2,"firstname":"Heli","electionDayVotes":67,"pid":"1","finalPosition":0,"electedInformation":"ELECTED","totalVotesPercent":5.3,"nominatorName":{"fi":"Suomen Sosialidemokraattinen Puolue","sv":"Finlands Socialdemokratiska Parti","en":"The Finnish Social Democratic Party"},"caid":24,"position":0,"gender":"2","comparisonData":{"totalVotes":138,"votesTotalChange":5},"edid":4,"comparativeIndex":0.0,"electionDayVotesPercent":5.2,"nominatorAbbr":{"fi":"SDP","sv":"SDP","en":"SDP"}},{"age":68,"advanceVotesPercent":3.9,"lastname":"Virtanen","occupation":"yrittäjä, reportteri","advanceVotes":54,"npid":6,"totalVotes":88,"spid":3,"abbr":"PS","municipalCouncilor":true,"muid":531,"alid":5,"firstname":"Jarmo","electionDayVotes":34,"pid":"23","finalPosition":0,"electedInformation":"ELECTED","totalVotesPercent":3.3,"nominatorName":{"fi":"Perussuomalaiset","sv":"Sannfinländarna","en":"The Finns Party"},"caid":86,"position":0,"gender":"1","comparisonData":{"totalVotes":83,"votesTotalChange":5},"edid":4,"comparativeIndex":0.0,"electionDayVotesPercent":2.6,"nominatorAbbr":{"fi":"PS","sv":"Sannf","en":"FINNS"}},{"age":74,"advanceVotesPercent":4.7,"lastname":"Mäkilä","occupation":"rehtori, eläkeläinen","advanceVotes":65,"npid":3,"totalVotes":84,"spid":2,"abbr":"KOK","municipalCouncilor":true,"muid":531,"alid":3,"firstname":"Keijo","electionDayVotes":19,"pid":"4","finalPosition":0,"electedInformation":"ELECTED","totalVotesPercent":3.1,"nominatorName":{"fi":"Kansallinen Kokoomus","sv":"Samlingspartiet","en":"National Coalition Party"},"caid":43,"position":0,"gender":"1","comparisonData":{"totalVotes":100,"votesTotalChange":-16},"edid":4,"comparativeIndex":0.0,"electionDayVotesPercent":1.5,"nominatorAbbr":{"fi":"KOK","sv":"Saml","en":"NCP"}},{"age":70,"advanceVotesPercent":3.9,"lastname":"Myllymaa","occupation":"suunnitteluagrologi, maanviljelijä","advanceVotes":54,"npid":4,"totalVotes":82,"spid":1,"abbr":"KESK","municipalCouncilor":true,"muid":531,"alid":4,"firstname":"Ilmo","electionDayVotes":28,"pid":"2","finalPosition":0,"electedInformation":"ELECTED","totalVotesPercent":3.0,"nominatorName":{"fi":"Suomen Keskusta","sv":"Centern i Finland","en":"Centre Party of Finland"},"caid":60,"position":0,"gender":"1","comparisonData":{"totalVotes":90,"votesTotalChange":-8},"edid":4,"comparativeIndex":0.0,"electionDayVotesPercent":2.2,"nominatorAbbr":{"fi":"KESK","sv":"C","en":"CENT"}},{"age":30,"advanceVotesPercent":1.7,"lastname":"Rantala","occupation":"prosessityöntekijä","advanceVotes":24,"npid":1,"totalVotes":77,"spid":6,"abbr":"VAS","municipalCouncilor":false,"muid":531,"alid":1,"firstname":"Eero","electionDayVotes":53,"pid":"15","finalPosition":0,"electedInformation":"ELECTED","totalVotesPercent":2.9,"nominatorName":{"fi":"Vasemmistoliitto","sv":"Vänsterförbundet","en":"The Left Alliance"},"caid":12,"position":0,"gender":"1","comparisonData":{"totalVotes":0,"votesTotalChange":77},"edid":4,"comparativeIndex":0.0,"electionDayVotesPercent":4.1,"nominatorAbbr":{"fi":"VAS","sv":"VF","en":"LEFT"}},{"age":45,"advanceVotesPercent":2.6,"lastname":"Nieminen","occupation":"toiminnanjohtaja","advanceVotes":36,"npid":6,"totalVotes":66,"spid":3,"abbr":"PS","municipalCouncilor":true,"muid":531,"alid":5,"firstname":"Marko","electionDayVotes":30,"pid":"23","finalPosition":0,"electedInformation":"ELECTED","totalVotesPercent":2.5,"nominatorName":{"fi":"Perussuomalaiset","sv":"Sannfinländarna","en":"The Finns Party"},"caid":84,"position":0,"gender":"1","comparisonData":{"totalVotes":114,"votesTotalChange":-48},"edid":4,"comparativeIndex":0.0,"electionDayVotesPercent":2.3,"nominatorAbbr":{"fi":"PS","sv":"Sannf","en":"FINNS"}},{"age":67,"advanceVotesPercent":3.1,"lastname":"Heinänen","occupation":"eläkeläinen, yrittäjä","advanceVotes":43,"npid":6,"totalVotes":64,"spid":3,"abbr":"PS","municipalCouncilor":false,"muid":531,"alid":5,"firstname":"Pentti","electionDayVotes":21,"pid":"23","finalPosition":0,"electedInformation":"ELECTED","totalVotesPercent":2.4,"nominatorName":{"fi":"Perussuomalaiset","sv":"Sannfinländarna","en":"The Finns Party"},"caid":80,"position":0,"gender":"1","comparisonData":{"totalVotes":0,"votesTotalChange":64},"edid":4,"comparativeIndex":0.0,"electionDayVotesPercent":1.6,"nominatorAbbr":{"fi":"PS","sv":"Sannf","en":"FINNS"}},{"age":66,"advanceVotesPercent":3.3,"lastname":"Sallinen","occupation":"varatuomari","advanceVotes":46,"npid":2,"totalVotes":62,"spid":4,"abbr":"SDP","municipalCouncilor":true,"muid":531,"alid":2,"firstname":"Erik","electionDayVotes":16,"pid":"1","finalPosition":0,"electedInformation":"ELECTED","totalVotesPercent":2.3,"nominatorName":{"fi":"Suomen Sosialidemokraattinen Puolue","sv":"Finlands Socialdemokratiska Parti","en":"The Finnish Social Democratic Party"},"caid":25,"position":0,"gender":"1","comparisonData":{"totalVotes":29,"votesTotalChange":33},"edid":4,"comparativeIndex":0.0,"electionDayVotesPercent":1.2,"nominatorAbbr":{"fi":"SDP","sv":"SDP","en":"SDP"}},{"age":50,"advanceVotesPercent":2.6,"lastname":"Aalto","occupation":"seurapalvelujohtaja, KM","advanceVotes":36,"npid":3,"totalVotes":62,"spid":2,"abbr":"KOK","municipalCouncilor":true,"muid":531,"alid":3,"firstname":"Harri","electionDayVotes":26,"pid":"4","finalPosition":0,"electedInformation":"ELECTED","totalVotesPercent":2.3,"nominatorName":{"fi":"Kansallinen Kokoomus","sv":"Samlingspartiet","en":"National Coalition Party"},"caid":30,"position":0,"gender":"1","comparisonData":{"totalVotes":69,"votesTotalChange":-7},"edid":4,"comparativeIndex":0.0,"electionDayVotesPercent":2.0,"nominatorAbbr":{"fi":"KOK","sv":"Saml","en":"NCP"}},{"age":51,"advanceVotesPercent":1.6,"lastname":"Kalliokorpi","occupation":"koneenhoitaja","advanceVotes":23,"npid":6,"totalVotes":59,"spid":3,"abbr":"PS","municipalCouncilor":true,"muid":531,"alid":5,"firstname":"Sari","electionDayVotes":36,"pid":"23","finalPosition":0,"electedInformation":"ELECTED","totalVotesPercent":2.2,"nominatorName":{"fi":"Perussuomalaiset","sv":"Sannfinländarna","en":"The Finns Party"},"caid":81,"position":0,"gender":"2","comparisonData":{"totalVotes":55,"votesTotalChange":4},"edid":4,"comparativeIndex":0.0,"electionDayVotesPercent":2.8,"nominatorAbbr":{"fi":"PS","sv":"Sannf","en":"FINNS"}},{"age":33,"advanceVotesPercent":2.5,"lastname":"Lintikko","occupation":"puutarhuri","advanceVotes":35,"npid":4,"totalVotes":58,"spid":1,"abbr":"KESK","municipalCouncilor":false,"muid":531,"alid":4,"firstname":"Martti","electionDayVotes":23,"pid":"2","finalPosition":0,"electedInformation":"ELECTED","totalVotesPercent":2.2,"nominatorName":{"fi":"Suomen Keskusta","sv":"Centern i Finland","en":"Centre Party of Finland"},"caid":57,"position":0,"gender":"1","comparisonData":{"totalVotes":31,"votesTotalChange":27},"edid":4,"comparativeIndex":0.0,"electionDayVotesPercent":1.8,"nominatorAbbr":{"fi":"KESK","sv":"C","en":"CENT"}},{"age":36,"advanceVotesPercent":1.3,"lastname":"Naski","occupation":"opettaja, FM","advanceVotes":18,"npid":3,"totalVotes":52,"spid":2,"abbr":"KOK","municipalCouncilor":false,"muid":531,"alid":3,"firstname":"Mervi","electionDayVotes":34,"pid":"4","finalPosition":0,"electedInformation":"ELECTED","totalVotesPercent":1.9,"nominatorName":{"fi":"Kansallinen Kokoomus","sv":"Samlingspartiet","en":"National Coalition Party"},"caid":44,"position":0,"gender":"2","comparisonData":{"totalVotes":11,"votesTotalChange":41},"edid":4,"comparativeIndex":0.0,"electionDayVotesPercent":2.6,"nominatorAbbr":{"fi":"KOK","sv":"Saml","en":"NCP"}},{"age":50,"advanceVotesPercent":1.9,"lastname":"Tarmo","occupation":"kokki, varavastaava","advanceVotes":26,"npid":4,"totalVotes":52,"spid":1,"abbr":"KESK","municipalCouncilor":false,"muid":531,"alid":4,"firstname":"Eija","electionDayVotes":26,"pid":"2","finalPosition":0,"electedInformation":"ELECTED","totalVotesPercent":1.9,"nominatorName":{"fi":"Suomen Keskusta","sv":"Centern i Finland","en":"Centre Party of Finland"},"caid":73,"position":0,"gender":"2","comparisonData":{"totalVotes":0,"votesTotalChange":52},"edid":4,"comparativeIndex":0.0,"electionDayVotesPercent":2.0,"nominatorAbbr":{"fi":"KESK","sv":"C","en":"CENT"}},{"age":54,"advanceVotesPercent":1.4,"lastname":"Viinamäki","occupation":"psykiatrinen sairaanhoitaja","advanceVotes":20,"npid":2,"totalVotes":51,"spid":4,"abbr":"SDP","municipalCouncilor":false,"muid":531,"alid":2,"firstname":"Anne-Mari","electionDayVotes":31,"pid":"1","finalPosition":0,"electedInformation":"ELECTED","totalVotesPercent":1.9,"nominatorName":{"fi":"Suomen Sosialidemokraattinen Puolue","sv":"Finlands Socialdemokratiska Parti","en":"The Finnish Social Democratic Party"},"caid":29,"position":0,"gender":"2","comparisonData":{"totalVotes":0,"votesTotalChange":51},"edid":4,"comparativeIndex":0.0,"electionDayVotesPercent":2.4,"nominatorAbbr":{"fi":"SDP","sv":"SDP","en":"SDP"}},{"age":34,"advanceVotesPercent":1.9,"lastname":"Ahosmäki","occupation":"sovittelun ohjaaja","advanceVotes":27,"npid":1,"totalVotes":47,"spid":6,"abbr":"VAS","municipalCouncilor":false,"muid":531,"alid":1,"firstname":"Anu","electionDayVotes":20,"pid":"15","finalPosition":0,"electedInformation":"ELECTED","totalVotesPercent":1.7,"nominatorName":{"fi":"Vasemmistoliitto","sv":"Vänsterförbundet","en":"The Left Alliance"},"caid":2,"position":0,"gender":"2","comparisonData":{"totalVotes":0,"votesTotalChange":47},"edid":4,"comparativeIndex":0.0,"electionDayVotesPercent":1.5,"nominatorAbbr":{"fi":"VAS","sv":"VF","en":"LEFT"}},{"age":62,"advanceVotesPercent":1.6,"lastname":"Ahola","occupation":"myyntipäällikkö","advanceVotes":22,"npid":3,"totalVotes":45,"spid":2,"abbr":"KOK","municipalCouncilor":true,"muid":531,"alid":3,"firstname":"Kelpo","electionDayVotes":23,"pid":"4","finalPosition":0,"electedInformation":"ELECTED","totalVotesPercent":1.7,"nominatorName":{"fi":"Kansallinen Kokoomus","sv":"Samlingspartiet","en":"National Coalition Party"},"caid":31,"position":0,"gender":"1","comparisonData":{"totalVotes":42,"votesTotalChange":3},"edid":4,"comparativeIndex":0.0,"electionDayVotesPercent":1.8,"nominatorAbbr":{"fi":"KOK","sv":"Saml","en":"NCP"}},{"age":29,"advanceVotesPercent":1.4,"lastname":"Unkuri","occupation":"matemaattisten aineiden opettaja, DI","advanceVotes":19,"npid":3,"totalVotes":45,"spid":2,"abbr":"KOK","municipalCouncilor":false,"muid":531,"alid":3,"firstname":"Annaleena","electionDayVotes":26,"pid":"4","finalPosition":0,"electedInformation":"ELECTED","totalVotesPercent":1.7,"nominatorName":{"fi":"Kansallinen Kokoomus","sv":"Samlingspartiet","en":"National Coalition Party"},"caid":48,"position":0,"gender":"2","comparisonData":{"totalVotes":0,"votesTotalChange":45},"edid":4,"comparativeIndex":0.0,"electionDayVotesPercent":2.0,"nominatorAbbr":{"fi":"KOK","sv":"Saml","en":"NCP"}},{"age":64,"advanceVotesPercent":1.8,"lastname":"Tuliniemi","occupation":"teknikko, teollisuusyrittäjä","advanceVotes":25,"npid":4,"totalVotes":45,"spid":1,"abbr":"KESK","municipalCouncilor":true,"muid":531,"alid":4,"firstname":"Kauko","electionDayVotes":20,"pid":"2","finalPosition":0,"electedInformation":"ELECTED","totalVotesPercent":1.7,"nominatorName":{"fi":"Suomen Keskusta","sv":"Centern i Finland","en":"Centre Party of Finland"},"caid":74,"position":0,"gender":"1","comparisonData":{"totalVotes":40,"votesTotalChange":5},"edid":4,"comparativeIndex":0.0,"electionDayVotesPercent":1.5,"nominatorAbbr":{"fi":"KESK","sv":"C","en":"CENT"}},{"age":66,"advanceVotesPercent":1.9,"lastname":"Pöysti","occupation":"autoilija, eläkeläinen","advanceVotes":26,"npid":4,"totalVotes":43,"spid":1,"abbr":"KESK","municipalCouncilor":true,"muid":531,"alid":4,"firstname":"Martti","electionDayVotes":17,"pid":"2","finalPosition":0,"electedInformation":"ELECTED","totalVotesPercent":1.6,"nominatorName":{"fi":"Suomen Keskusta","sv":"Centern i Finland","en":"Centre Party of Finland"},"caid":67,"position":0,"gender":"1","comparisonData":{"totalVotes":71,"votesTotalChange":-28},"edid":4,"comparativeIndex":0.0,"electionDayVotesPercent":1.3,"nominatorAbbr":{"fi":"KESK","sv":"C","en":"CENT"}},{"age":71,"advanceVotesPercent":2.1,"lastname":"Riikonen","occupation":"yrittäjä","advanceVotes":29,"npid":4,"totalVotes":43,"spid":1,"abbr":"KESK","municipalCouncilor":false,"muid":531,"alid":4,"firstname":"Maria","electionDayVotes":14,"pid":"2","finalPosition":0,"electedInformation":"ELECTED","totalVotesPercent":1.6,"nominatorName":{"fi":"Suomen Keskusta","sv":"Centern i Finland","en":"Centre Party of Finland"},"caid":68,"position":0,"gender":"2","comparisonData":{"totalVotes":0,"votesTotalChange":43},"edid":4,"comparativeIndex":0.0,"electionDayVotesPercent":1.1,"nominatorAbbr":{"fi":"KESK","sv":"C","en":"CENT"}},{"age":54,"advanceVotesPercent":1.9,"lastname":"Suomalainen","occupation":"yrittäjä","advanceVotes":26,"npid":4,"totalVotes":41,"spid":1,"abbr":"KESK","municipalCouncilor":false,"muid":531,"alid":4,"firstname":"Ola","electionDayVotes":15,"pid":"2","finalPosition":0,"electedInformation":"ELECTED","totalVotesPercent":1.5,"nominatorName":{"fi":"Suomen Keskusta","sv":"Centern i Finland","en":"Centre Party of Finland"},"caid":72,"position":0,"gender":"1","comparisonData":{"totalVotes":0,"votesTotalChange":41},"edid":4,"comparativeIndex":0.0,"electionDayVotesPercent":1.2,"nominatorAbbr":{"fi":"KESK","sv":"C","en":"CENT"}},{"age":77,"advanceVotesPercent":1.5,"lastname":"Viinamäki","occupation":"eläkeläinen, etuuslaskija","advanceVotes":21,"npid":1,"totalVotes":37,"spid":6,"abbr":"VAS","municipalCouncilor":true,"muid":531,"alid":1,"firstname":"Terttu","electionDayVotes":16,"pid":"15","finalPosition":0,"electedInformation":"ELECTED","totalVotesPercent":1.4,"nominatorName":{"fi":"Vasemmistoliitto","sv":"Vänsterförbundet","en":"The Left Alliance"},"caid":15,"position":0,"gender":"2","comparisonData":{"totalVotes":38,"votesTotalChange":-1},"edid":4,"comparativeIndex":0.0,"electionDayVotesPercent":1.2,"nominatorAbbr":{"fi":"VAS","sv":"VF","en":"LEFT"}},{"age":59,"advanceVotesPercent":1.3,"lastname":"von Frenckell","occupation":"kätilö, agrologi","advanceVotes":18,"npid":3,"totalVotes":37,"spid":2,"abbr":"KOK","municipalCouncilor":true,"muid":531,"alid":3,"firstname":"Asta","electionDayVotes":19,"pid":"4","finalPosition":0,"electedInformation":"ELECTED","totalVotesPercent":1.4,"nominatorName":{"fi":"Kansallinen Kokoomus","sv":"Samlingspartiet","en":"National Coalition Party"},"caid":34,"position":0,"gender":"2","comparisonData":{"totalVotes":44,"votesTotalChange":-7},"edid":4,"comparativeIndex":0.0,"electionDayVotesPercent":1.5,"nominatorAbbr":{"fi":"KOK","sv":"Saml","en":"NCP"}},{"age":20,"advanceVotesPercent":1.4,"lastname":"Hakala","occupation":"ylioppilas","advanceVotes":19,"npid":4,"totalVotes":37,"spid":1,"abbr":"KESK","municipalCouncilor":false,"muid":531,"alid":4,"firstname":"Vilho","electionDayVotes":18,"pid":"2","finalPosition":0,"electedInformation":"ELECTED","totalVotesPercent":1.4,"nominatorName":{"fi":"Suomen Keskusta","sv":"Centern i Finland","en":"Centre Party of Finland"},"caid":49,"position":0,"gender":"1","comparisonData":{"totalVotes":0,"votesTotalChange":37},"edid":4,"comparativeIndex":0.0,"electionDayVotesPercent":1.4,"nominatorAbbr":{"fi":"KESK","sv":"C","en":"CENT"}},{"age":62,"advanceVotesPercent":2.3,"lastname":"Vepsäläinen","occupation":"lähihoitaja","advanceVotes":32,"npid":5,"totalVotes":36,"spid":8,"abbr":"KD","municipalCouncilor":false,"muid":531,"alid":4,"firstname":"Tuula","electionDayVotes":4,"pid":"9","finalPosition":0,"electedInformation":"ON_SUBSTITUTE_PLACE","totalVotesPercent":1.3,"nominatorName":{"fi":"Suomen Kristillisdemokraatit (KD)","sv":"Kristdemokraterna i Finland (KD)","en":"Christian Democrats in Finland"},"caid":77,"position":0,"gender":"2","comparisonData":{"totalVotes":59,"votesTotalChange":-23},"edid":4,"comparativeIndex":0.0,"electionDayVotesPercent":0.3,"nominatorAbbr":{"fi":"KD","sv":"KD","en":"CD"}},{"age":38,"advanceVotesPercent":0.6,"lastname":"Salo","occupation":"yrittäjä","advanceVotes":8,"npid":2,"totalVotes":34,"spid":4,"abbr":"SDP","municipalCouncilor":true,"muid":531,"alid":2,"firstname":"Rami","electionDayVotes":26,"pid":"1","finalPosition":0,"electedInformation":"ELECTED","totalVotesPercent":1.3,"nominatorName":{"fi":"Suomen Sosialidemokraattinen Puolue","sv":"Finlands Socialdemokratiska Parti","en":"The Finnish Social Democratic Party"},"caid":26,"position":0,"gender":"1","comparisonData":{"totalVotes":43,"votesTotalChange":-9},"edid":4,"comparativeIndex":0.0,"electionDayVotesPercent":2.0,"nominatorAbbr":{"fi":"SDP","sv":"SDP","en":"SDP"}},{"age":49,"advanceVotesPercent":1.4,"lastname":"Lankinen","occupation":"palvelusihteeri","advanceVotes":19,"npid":4,"totalVotes":32,"spid":1,"abbr":"KESK","municipalCouncilor":false,"muid":531,"alid":4,"firstname":"Satu","electionDayVotes":13,"pid":"2","finalPosition":0,"electedInformation":"ON_SUBSTITUTE_PLACE","totalVotesPercent":1.2,"nominatorName":{"fi":"Suomen Keskusta","sv":"Centern i Finland","en":"Centre Party of Finland"},"caid":55,"position":0,"gender":"2","comparisonData":{"totalVotes":28,"votesTotalChange":4},"edid":4,"comparativeIndex":0.0,"electionDayVotesPercent":1.0,"nominatorAbbr":{"fi":"KESK","sv":"C","en":"CENT"}},{"age":42,"advanceVotesPercent":1.4,"lastname":"Isoniemi","occupation":"yrittäjä","advanceVotes":19,"npid":2,"totalVotes":31,"spid":4,"abbr":"SDP","municipalCouncilor":false,"muid":531,"alid":2,"firstname":"Mika","electionDayVotes":12,"pid":"1","finalPosition":0,"electedInformation":"ELECTED","totalVotesPercent":1.2,"nominatorName":{"fi":"Suomen Sosialidemokraattinen Puolue","sv":"Finlands Socialdemokratiska Parti","en":"The Finnish Social Democratic Party"},"caid":16,"position":0,"gender":"1","comparisonData":{"totalVotes":13,"votesTotalChange":18},"edid":4,"comparativeIndex":0.0,"electionDayVotesPercent":0.9,"nominatorAbbr":{"fi":"SDP","sv":"SDP","en":"SDP"}},{"age":47,"advanceVotesPercent":0.6,"lastname":"Vettenranta","occupation":"sairaanhoitaja","advanceVotes":9,"npid":2,"totalVotes":31,"spid":4,"abbr":"SDP","municipalCouncilor":true,"muid":531,"alid":2,"firstname":"Marko","electionDayVotes":22,"pid":"1","finalPosition":0,"electedInformation":"ON_SUBSTITUTE_PLACE","totalVotesPercent":1.2,"nominatorName":{"fi":"Suomen Sosialidemokraattinen Puolue","sv":"Finlands Socialdemokratiska Parti","en":"The Finnish Social Democratic Party"},"caid":28,"position":0,"gender":"1","comparisonData":{"totalVotes":41,"votesTotalChange":-10},"edid":4,"comparativeIndex":0.0,"electionDayVotesPercent":1.7,"nominatorAbbr":{"fi":"SDP","sv":"SDP","en":"SDP"}},{"age":47,"advanceVotesPercent":0.9,"lastname":"Koski","occupation":"rehtori","advanceVotes":13,"npid":4,"totalVotes":30,"spid":1,"abbr":"KESK","municipalCouncilor":false,"muid":531,"alid":4,"firstname":"Jari","electionDayVotes":17,"pid":"2","finalPosition":0,"electedInformation":"ON_SUBSTITUTE_PLACE","totalVotesPercent":1.1,"nominatorName":{"fi":"Suomen Keskusta","sv":"Centern i Finland","en":"Centre Party of Finland"},"caid":54,"position":0,"gender":"1","comparisonData":{"totalVotes":20,"votesTotalChange":10},"edid":4,"comparativeIndex":0.0,"electionDayVotesPercent":1.3,"nominatorAbbr":{"fi":"KESK","sv":"C","en":"CENT"}},{"age":55,"advanceVotesPercent":1.2,"lastname":"Viinamäki","occupation":"hitsaaja","advanceVotes":17,"npid":1,"totalVotes":29,"spid":6,"abbr":"VAS","municipalCouncilor":false,"muid":531,"alid":1,"firstname":"Mervi","electionDayVotes":12,"pid":"15","finalPosition":0,"electedInformation":"ELECTED","totalVotesPercent":1.1,"nominatorName":{"fi":"Vasemmistoliitto","sv":"Vänsterförbundet","en":"The Left Alliance"},"caid":14,"position":0,"gender":"2","comparisonData":{"totalVotes":0,"votesTotalChange":29},"edid":4,"comparativeIndex":0.0,"electionDayVotesPercent":0.9,"nominatorAbbr":{"fi":"VAS","sv":"VF","en":"LEFT"}},{"age":38,"advanceVotesPercent":1.4,"lastname":"Hakanen","occupation":"sosionomi AMK","advanceVotes":20,"npid":3,"totalVotes":29,"spid":2,"abbr":"KOK","municipalCouncilor":false,"muid":531,"alid":3,"firstname":"Anne","electionDayVotes":9,"pid":"4","finalPosition":0,"electedInformation":"ON_SUBSTITUTE_PLACE","totalVotesPercent":1.1,"nominatorName":{"fi":"Kansallinen Kokoomus","sv":"Samlingspartiet","en":"National Coalition Party"},"caid":35,"position":0,"gender":"2","comparisonData":{"totalVotes":14,"votesTotalChange":15},"edid":4,"comparativeIndex":0.0,"electionDayVotesPercent":0.7,"nominatorAbbr":{"fi":"KOK","sv":"Saml","en":"NCP"}},{"age":25,"advanceVotesPercent":0.4,"lastname":"Holmi","occupation":"kuraattori, sosionomi AMK","advanceVotes":5,"npid":3,"totalVotes":29,"spid":2,"abbr":"KOK","municipalCouncilor":false,"muid":531,"alid":3,"firstname":"Andreas","electionDayVotes":24,"pid":"4","finalPosition":0,"electedInformation":"ON_SUBSTITUTE_PLACE","totalVotesPercent":1.1,"nominatorName":{"fi":"Kansallinen Kokoomus","sv":"Samlingspartiet","en":"National Coalition Party"},"caid":37,"position":0,"gender":"1","comparisonData":{"totalVotes":23,"votesTotalChange":6},"edid":4,"comparativeIndex":0.0,"electionDayVotesPercent":1.9,"nominatorAbbr":{"fi":"KOK","sv":"Saml","en":"NCP"}},{"age":40,"advanceVotesPercent":0.6,"lastname":"Pentikäinen","occupation":"sairaanhoitaja","advanceVotes":8,"npid":3,"totalVotes":29,"spid":2,"abbr":"KOK","municipalCouncilor":false,"muid":531,"alid":3,"firstname":"Niina","electionDayVotes":21,"pid":"4","finalPosition":0,"electedInformation":"ON_SUBSTITUTE_PLACE","totalVotesPercent":1.1,"nominatorName":{"fi":"Kansallinen Kokoomus","sv":"Samlingspartiet","en":"National Coalition Party"},"caid":47,"position":0,"gender":"2","comparisonData":{"totalVotes":24,"votesTotalChange":5},"edid":4,"comparativeIndex":0.0,"electionDayVotesPercent":1.6,"nominatorAbbr":{"fi":"KOK","sv":"Saml","en":"NCP"}},{"age":39,"advanceVotesPercent":1.3,"lastname":"Robeva-Krasteva","occupation":"lääkäri","advanceVotes":18,"npid":4,"totalVotes":28,"spid":1,"abbr":"KESK","municipalCouncilor":false,"muid":531,"alid":4,"firstname":"Olivera","electionDayVotes":10,"pid":"2","finalPosition":0,"electedInformation":"ON_SUBSTITUTE_PLACE","totalVotesPercent":1.0,"nominatorName":{"fi":"Suomen Keskusta","sv":"Centern i Finland","en":"Centre Party of Finland"},"caid":69,"position":0,"gender":"2","comparisonData":{"totalVotes":0,"votesTotalChange":28},"edid":4,"comparativeIndex":0.0,"electionDayVotesPercent":0.8,"nominatorAbbr":{"fi":"KESK","sv":"C","en":"CENT"}},{"age":41,"advanceVotesPercent":0.9,"lastname":"Ahosmäki","occupation":"palomies","advanceVotes":12,"npid":6,"totalVotes":28,"spid":3,"abbr":"PS","municipalCouncilor":false,"muid":531,"alid":5,"firstname":"Jarno","electionDayVotes":16,"pid":"23","finalPosition":0,"electedInformation":"ON_SUBSTITUTE_PLACE","totalVotesPercent":1.0,"nominatorName":{"fi":"Perussuomalaiset","sv":"Sannfinländarna","en":"The Finns Party"},"caid":78,"position":0,"gender":"1","comparisonData":{"totalVotes":0,"votesTotalChange":28},"edid":4,"comparativeIndex":0.0,"electionDayVotesPercent":1.2,"nominatorAbbr":{"fi":"PS","sv":"Sannf","en":"FINNS"}},{"age":54,"advanceVotesPercent":1.0,"lastname":"Lukka","occupation":"sairaanhoitaja","advanceVotes":14,"npid":2,"totalVotes":27,"spid":4,"abbr":"SDP","municipalCouncilor":false,"muid":531,"alid":2,"firstname":"Ari","electionDayVotes":13,"pid":"1","finalPosition":0,"electedInformation":"ON_SUBSTITUTE_PLACE","totalVotesPercent":1.0,"nominatorName":{"fi":"Suomen Sosialidemokraattinen Puolue","sv":"Finlands Socialdemokratiska Parti","en":"The Finnish Social Democratic Party"},"caid":23,"position":0,"gender":"1","comparisonData":{"totalVotes":0,"votesTotalChange":27},"edid":4,"comparativeIndex":0.0,"electionDayVotesPercent":1.0,"nominatorAbbr":{"fi":"SDP","sv":"SDP","en":"SDP"}},{"age":80,"advanceVotesPercent":1.2,"lastname":"Heikkilä","occupation":"eläkeläinen","advanceVotes":17,"npid":4,"totalVotes":27,"spid":1,"abbr":"KESK","municipalCouncilor":true,"muid":531,"alid":4,"firstname":"Hannu","electionDayVotes":10,"pid":"2","finalPosition":0,"electedInformation":"ON_SUBSTITUTE_PLACE","totalVotesPercent":1.0,"nominatorName":{"fi":"Suomen Keskusta","sv":"Centern i Finland","en":"Centre Party of Finland"},"caid":51,"position":0,"gender":"1","comparisonData":{"totalVotes":42,"votesTotalChange":-15},"edid":4,"comparativeIndex":0.0,"electionDayVotesPercent":0.8,"nominatorAbbr":{"fi":"KESK","sv":"C","en":"CENT"}},{"age":56,"advanceVotesPercent":1.0,"lastname":"Sulonen","occupation":"metsuri","advanceVotes":14,"npid":1,"totalVotes":26,"spid":6,"abbr":"VAS","municipalCouncilor":false,"muid":531,"alid":1,"firstname":"Kari","electionDayVotes":12,"pid":"15","finalPosition":0,"electedInformation":"ELECTED","totalVotesPercent":1.0,"nominatorName":{"fi":"Vasemmistoliitto","sv":"Vänsterförbundet","en":"The Left Alliance"},"caid":13,"position":0,"gender":"1","comparisonData":{"totalVotes":53,"votesTotalChange":-27},"edid":4,"comparativeIndex":0.0,"electionDayVotesPercent":0.9,"nominatorAbbr":{"fi":"VAS","sv":"VF","en":"LEFT"}},{"age":53,"advanceVotesPercent":0.6,"lastname":"Nurminen","occupation":"toimitusjohtaja","advanceVotes":9,"npid":3,"totalVotes":26,"spid":2,"abbr":"KOK","municipalCouncilor":false,"muid":531,"alid":3,"firstname":"Petri","electionDayVotes":17,"pid":"4","finalPosition":0,"electedInformation":"ON_SUBSTITUTE_PLACE","totalVotesPercent":1.0,"nominatorName":{"fi":"Kansallinen Kokoomus","sv":"Samlingspartiet","en":"National Coalition Party"},"caid":45,"position":0,"gender":"1","comparisonData":{"totalVotes":15,"votesTotalChange":11},"edid":4,"comparativeIndex":0.0,"electionDayVotesPercent":1.3,"nominatorAbbr":{"fi":"KOK","sv":"Saml","en":"NCP"}},{"age":59,"advanceVotesPercent":0.8,"lastname":"Mikola","occupation":"datanomi","advanceVotes":11,"npid":6,"totalVotes":26,"spid":3,"abbr":"PS","municipalCouncilor":false,"muid":531,"alid":5,"firstname":"Virpi","electionDayVotes":15,"pid":"23","finalPosition":0,"electedInformation":"ON_SUBSTITUTE_PLACE","totalVotesPercent":1.0,"nominatorName":{"fi":"Perussuomalaiset","sv":"Sannfinländarna","en":"The Finns Party"},"caid":83,"position":0,"gender":"2","comparisonData":{"totalVotes":20,"votesTotalChange":6},"edid":4,"comparativeIndex":0.0,"electionDayVotesPercent":1.2,"nominatorAbbr":{"fi":"PS","sv":"Sannf","en":"FINNS"}},{"age":43,"advanceVotesPercent":0.7,"lastname":"Sipilä","occupation":"metallimies, maanviljelijä","advanceVotes":10,"npid":4,"totalVotes":25,"spid":1,"abbr":"KESK","municipalCouncilor":false,"muid":531,"alid":4,"firstname":"Mika","electionDayVotes":15,"pid":"2","finalPosition":0,"electedInformation":"ON_SUBSTITUTE_PLACE","totalVotesPercent":0.9,"nominatorName":{"fi":"Suomen Keskusta","sv":"Centern i Finland","en":"Centre Party of Finland"},"caid":70,"position":0,"gender":"1","comparisonData":{"totalVotes":25,"votesTotalChange":0},"edid":4,"comparativeIndex":0.0,"electionDayVotesPercent":1.2,"nominatorAbbr":{"fi":"KESK","sv":"C","en":"CENT"}},{"age":41,"advanceVotesPercent":0.5,"lastname":"Haasanen","occupation":"työturvallisuusinsinööri","advanceVotes":7,"npid":1,"totalVotes":22,"spid":6,"abbr":"VAS","municipalCouncilor":false,"muid":531,"alid":1,"firstname":"Jarkko","electionDayVotes":15,"pid":"15","finalPosition":0,"electedInformation":"ON_SUBSTITUTE_PLACE","totalVotesPercent":0.8,"nominatorName":{"fi":"Vasemmistoliitto","sv":"Vänsterförbundet","en":"The Left Alliance"},"caid":4,"position":0,"gender":"1","comparisonData":{"totalVotes":14,"votesTotalChange":8},"edid":4,"comparativeIndex":0.0,"electionDayVotesPercent":1.2,"nominatorAbbr":{"fi":"VAS","sv":"VF","en":"LEFT"}},{"age":31,"advanceVotesPercent":0.5,"lastname":"Dahlroos","occupation":"kehityspäällikkö, DI","advanceVotes":7,"npid":3,"totalVotes":22,"spid":2,"abbr":"KOK","municipalCouncilor":false,"muid":531,"alid":3,"firstname":"Tommi","electionDayVotes":15,"pid":"4","finalPosition":0,"electedInformation":"ON_SUBSTITUTE_PLACE","totalVotesPercent":0.8,"nominatorName":{"fi":"Kansallinen Kokoomus","sv":"Samlingspartiet","en":"National Coalition Party"},"caid":33,"position":0,"gender":"1","comparisonData":{"totalVotes":0,"votesTotalChange":22},"edid":4,"comparativeIndex":0.0,"electionDayVotesPercent":1.2,"nominatorAbbr":{"fi":"KOK","sv":"Saml","en":"NCP"}},{"age":48,"advanceVotesPercent":1.1,"lastname":"Ukkonen","occupation":"sahatyöntekijä, pääluottamusmies","advanceVotes":15,"npid":4,"totalVotes":22,"spid":1,"abbr":"KESK","municipalCouncilor":false,"muid":531,"alid":4,"firstname":"Risto","electionDayVotes":7,"pid":"2","finalPosition":0,"electedInformation":"ON_SUBSTITUTE_PLACE","totalVotesPercent":0.8,"nominatorName":{"fi":"Suomen Keskusta","sv":"Centern i Finland","en":"Centre Party of Finland"},"caid":75,"position":0,"gender":"1","comparisonData":{"totalVotes":10,"votesTotalChange":12},"edid":4,"comparativeIndex":0.0,"electionDayVotesPercent":0.5,"nominatorAbbr":{"fi":"KESK","sv":"C","en":"CENT"}},{"age":46,"advanceVotesPercent":1.3,"lastname":"Lehmuskallio","occupation":"puhtaushuoltaja","advanceVotes":18,"npid":2,"totalVotes":21,"spid":4,"abbr":"SDP","municipalCouncilor":false,"muid":531,"alid":2,"firstname":"Maria","electionDayVotes":3,"pid":"1","finalPosition":0,"electedInformation":"ON_SUBSTITUTE_PLACE","totalVotesPercent":0.8,"nominatorName":{"fi":"Suomen Sosialidemokraattinen Puolue","sv":"Finlands Socialdemokratiska Parti","en":"The Finnish Social Democratic Party"},"caid":22,"position":0,"gender":"2","comparisonData":{"totalVotes":19,"votesTotalChange":2},"edid":4,"comparativeIndex":0.0,"electionDayVotesPercent":0.2,"nominatorAbbr":{"fi":"SDP","sv":"SDP","en":"SDP"}},{"age":60,"advanceVotesPercent":0.5,"lastname":"Parkkali","occupation":"sähköasentaja","advanceVotes":7,"npid":4,"totalVotes":21,"spid":1,"abbr":"KESK","municipalCouncilor":false,"muid":531,"alid":4,"firstname":"Urpo","electionDayVotes":14,"pid":"2","finalPosition":0,"electedInformation":"ON_SUBSTITUTE_PLACE","totalVotesPercent":0.8,"nominatorName":{"fi":"Suomen Keskusta","sv":"Centern i Finland","en":"Centre Party of Finland"},"caid":65,"position":0,"gender":"1","comparisonData":{"totalVotes":17,"votesTotalChange":4},"edid":4,"comparativeIndex":0.0,"electionDayVotesPercent":1.1,"nominatorAbbr":{"fi":"KESK","sv":"C","en":"CENT"}},{"age":51,"advanceVotesPercent":0.9,"lastname":"Perkkola","occupation":"lähihoitaja","advanceVotes":13,"npid":4,"totalVotes":21,"spid":1,"abbr":"KESK","municipalCouncilor":false,"muid":531,"alid":4,"firstname":"Heli","electionDayVotes":8,"pid":"2","finalPosition":0,"electedInformation":"NOT_ELECTED","totalVotesPercent":0.8,"nominatorName":{"fi":"Suomen Keskusta","sv":"Centern i Finland","en":"Centre Party of Finland"},"caid":66,"position":0,"gender":"2","comparisonData":{"totalVotes":5,"votesTotalChange":16},"edid":4,"comparativeIndex":0.0,"electionDayVotesPercent":0.6,"nominatorAbbr":{"fi":"KESK","sv":"C","en":"CENT"}},{"age":58,"advanceVotesPercent":0.9,"lastname":"Ketola","occupation":"yrittäjä, eläkeläinen","advanceVotes":12,"npid":3,"totalVotes":20,"spid":2,"abbr":"KOK","municipalCouncilor":true,"muid":531,"alid":3,"firstname":"Markus","electionDayVotes":8,"pid":"4","finalPosition":0,"electedInformation":"ON_SUBSTITUTE_PLACE","totalVotesPercent":0.7,"nominatorName":{"fi":"Kansallinen Kokoomus","sv":"Samlingspartiet","en":"National Coalition Party"},"caid":39,"position":0,"gender":"1","comparisonData":{"totalVotes":38,"votesTotalChange":-18},"edid":4,"comparativeIndex":0.0,"electionDayVotesPercent":0.6,"nominatorAbbr":{"fi":"KOK","sv":"Saml","en":"NCP"}},{"age":71,"advanceVotesPercent":0.9,"lastname":"Hintsala","occupation":"rakennusmies, eläkeläinen","advanceVotes":12,"npid":4,"totalVotes":20,"spid":1,"abbr":"KESK","municipalCouncilor":true,"muid":531,"alid":4,"firstname":"Aarne","electionDayVotes":8,"pid":"2","finalPosition":0,"electedInformation":"NOT_ELECTED","totalVotesPercent":0.7,"nominatorName":{"fi":"Suomen Keskusta","sv":"Centern i Finland","en":"Centre Party of Finland"},"caid":52,"position":0,"gender":"1","comparisonData":{"totalVotes":34,"votesTotalChange":-14},"edid":4,"comparativeIndex":0.0,"electionDayVotesPercent":0.6,"nominatorAbbr":{"fi":"KESK","sv":"C","en":"CENT"}},{"age":60,"advanceVotesPercent":0.7,"lastname":"Kankeri","occupation":"puuseppä","advanceVotes":10,"npid":2,"totalVotes":19,"spid":4,"abbr":"SDP","municipalCouncilor":false,"muid":531,"alid":2,"firstname":"Kari-Pekka","electionDayVotes":9,"pid":"1","finalPosition":0,"electedInformation":"ON_SUBSTITUTE_PLACE","totalVotesPercent":0.7,"nominatorName":{"fi":"Suomen Sosialidemokraattinen Puolue","sv":"Finlands Socialdemokratiska Parti","en":"The Finnish Social Democratic Party"},"caid":18,"position":0,"gender":"1","comparisonData":{"totalVotes":16,"votesTotalChange":3},"edid":4,"comparativeIndex":0.0,"electionDayVotesPercent":0.7,"nominatorAbbr":{"fi":"SDP","sv":"SDP","en":"SDP"}},{"age":44,"advanceVotesPercent":0.4,"lastname":"Hohtari","occupation":"yrittäjä","advanceVotes":5,"npid":3,"totalVotes":19,"spid":2,"abbr":"KOK","municipalCouncilor":false,"muid":531,"alid":3,"firstname":"Jarkko","electionDayVotes":14,"pid":"4","finalPosition":0,"electedInformation":"NOT_ELECTED","totalVotesPercent":0.7,"nominatorName":{"fi":"Kansallinen Kokoomus","sv":"Samlingspartiet","en":"National Coalition Party"},"caid":36,"position":0,"gender":"1","comparisonData":{"totalVotes":0,"votesTotalChange":19},"edid":4,"comparativeIndex":0.0,"electionDayVotesPercent":1.1,"nominatorAbbr":{"fi":"KOK","sv":"Saml","en":"NCP"}},{"age":40,"advanceVotesPercent":0.5,"lastname":"Erkkilä","occupation":"lähihoitaja/kehitysvammahoitaja","advanceVotes":7,"npid":1,"totalVotes":18,"spid":6,"abbr":"VAS","municipalCouncilor":false,"muid":531,"alid":1,"firstname":"Mervi","electionDayVotes":11,"pid":"15","finalPosition":0,"electedInformation":"ON_SUBSTITUTE_PLACE","totalVotesPercent":0.7,"nominatorName":{"fi":"Vasemmistoliitto","sv":"Vänsterförbundet","en":"The Left Alliance"},"caid":3,"position":0,"gender":"2","comparisonData":{"totalVotes":9,"votesTotalChange":9},"edid":4,"comparativeIndex":0.0,"electionDayVotesPercent":0.8,"nominatorAbbr":{"fi":"VAS","sv":"VF","en":"LEFT"}},{"age":59,"advanceVotesPercent":0.4,"lastname":"Myllykoski","occupation":"asiantuntija","advanceVotes":6,"npid":1,"totalVotes":18,"spid":6,"abbr":"VAS","municipalCouncilor":false,"muid":531,"alid":1,"firstname":"Päivi","electionDayVotes":12,"pid":"15","finalPosition":0,"electedInformation":"ON_SUBSTITUTE_PLACE","totalVotesPercent":0.7,"nominatorName":{"fi":"Vasemmistoliitto","sv":"Vänsterförbundet","en":"The Left Alliance"},"caid":10,"position":0,"gender":"2","comparisonData":{"totalVotes":0,"votesTotalChange":18},"edid":4,"comparativeIndex":0.0,"electionDayVotesPercent":0.9,"nominatorAbbr":{"fi":"VAS","sv":"VF","en":"LEFT"}},{"age":34,"advanceVotesPercent":0.5,"lastname":"Eklund","occupation":"kirvesmies, työnjohtaja","advanceVotes":7,"npid":6,"totalVotes":18,"spid":3,"abbr":"PS","municipalCouncilor":false,"muid":531,"alid":5,"firstname":"Jarno","electionDayVotes":11,"pid":"23","finalPosition":0,"electedInformation":"ON_SUBSTITUTE_PLACE","totalVotesPercent":0.7,"nominatorName":{"fi":"Perussuomalaiset","sv":"Sannfinländarna","en":"The Finns Party"},"caid":79,"position":0,"gender":"1","comparisonData":{"totalVotes":0,"votesTotalChange":18},"edid":4,"comparativeIndex":0.0,"electionDayVotesPercent":0.8,"nominatorAbbr":{"fi":"PS","sv":"Sannf","en":"FINNS"}},{"age":23,"advanceVotesPercent":0.4,"lastname":"Virtanen","occupation":"opiskelija","advanceVotes":6,"npid":6,"totalVotes":17,"spid":3,"abbr":"PS","municipalCouncilor":false,"muid":531,"alid":5,"firstname":"Jarkko","electionDayVotes":11,"pid":"23","finalPosition":0,"electedInformation":"ON_SUBSTITUTE_PLACE","totalVotesPercent":0.6,"nominatorName":{"fi":"Perussuomalaiset","sv":"Sannfinländarna","en":"The Finns Party"},"caid":85,"position":0,"gender":"1","comparisonData":{"totalVotes":15,"votesTotalChange":2},"edid":4,"comparativeIndex":0.0,"electionDayVotesPercent":0.8,"nominatorAbbr":{"fi":"PS","sv":"Sannf","en":"FINNS"}},{"age":58,"advanceVotesPercent":0.4,"lastname":"Laine","occupation":"hitsaaja","advanceVotes":5,"npid":1,"totalVotes":15,"spid":6,"abbr":"VAS","municipalCouncilor":false,"muid":531,"alid":1,"firstname":"Olli-Pekka","electionDayVotes":10,"pid":"15","finalPosition":0,"electedInformation":"ON_SUBSTITUTE_PLACE","totalVotesPercent":0.6,"nominatorName":{"fi":"Vasemmistoliitto","sv":"Vänsterförbundet","en":"The Left Alliance"},"caid":8,"position":0,"gender":"1","comparisonData":{"totalVotes":11,"votesTotalChange":4},"edid":4,"comparativeIndex":0.0,"electionDayVotesPercent":0.8,"nominatorAbbr":{"fi":"VAS","sv":"VF","en":"LEFT"}},{"age":23,"advanceVotesPercent":0.3,"lastname":"Knihti","occupation":"yrittäjä","advanceVotes":4,"npid":3,"totalVotes":15,"spid":2,"abbr":"KOK","municipalCouncilor":false,"muid":531,"alid":3,"firstname":"Heikki","electionDayVotes":11,"pid":"4","finalPosition":0,"electedInformation":"NOT_ELECTED","totalVotesPercent":0.6,"nominatorName":{"fi":"Kansallinen Kokoomus","sv":"Samlingspartiet","en":"National Coalition Party"},"caid":40,"position":0,"gender":"1","comparisonData":{"totalVotes":18,"votesTotalChange":-3},"edid":4,"comparativeIndex":0.0,"electionDayVotesPercent":0.8,"nominatorAbbr":{"fi":"KOK","sv":"Saml","en":"NCP"}},{"age":59,"advanceVotesPercent":0.4,"lastname":"Nummelin","occupation":"osastonhoitaja, YAMK-fysioterapeutti","advanceVotes":5,"npid":4,"totalVotes":15,"spid":1,"abbr":"KESK","municipalCouncilor":false,"muid":531,"alid":4,"firstname":"Arja","electionDayVotes":10,"pid":"2","finalPosition":0,"electedInformation":"NOT_ELECTED","totalVotesPercent":0.6,"nominatorName":{"fi":"Suomen Keskusta","sv":"Centern i Finland","en":"Centre Party of Finland"},"caid":64,"position":0,"gender":"2","comparisonData":{"totalVotes":18,"votesTotalChange":-3},"edid":4,"comparativeIndex":0.0,"electionDayVotesPercent":0.8,"nominatorAbbr":{"fi":"KESK","sv":"C","en":"CENT"}},{"age":36,"advanceVotesPercent":0.4,"lastname":"Kilkku","occupation":"lähihoitaja","advanceVotes":6,"npid":2,"totalVotes":14,"spid":4,"abbr":"SDP","municipalCouncilor":false,"muid":531,"alid":2,"firstname":"Vesa","electionDayVotes":8,"pid":"1","finalPosition":0,"electedInformation":"ON_SUBSTITUTE_PLACE","totalVotesPercent":0.5,"nominatorName":{"fi":"Suomen Sosialidemokraattinen Puolue","sv":"Finlands Socialdemokratiska Parti","en":"The Finnish Social Democratic Party"},"caid":19,"position":0,"gender":"1","comparisonData":{"totalVotes":20,"votesTotalChange":-6},"edid":4,"comparativeIndex":0.0,"electionDayVotesPercent":0.6,"nominatorAbbr":{"fi":"SDP","sv":"SDP","en":"SDP"}},{"age":19,"advanceVotesPercent":0.4,"lastname":"Hakanen","occupation":"opiskelija","advanceVotes":5,"npid":4,"totalVotes":14,"spid":1,"abbr":"KESK","municipalCouncilor":false,"muid":531,"alid":4,"firstname":"Toivo","electionDayVotes":9,"pid":"2","finalPosition":0,"electedInformation":"NOT_ELECTED","totalVotesPercent":0.5,"nominatorName":{"fi":"Suomen Keskusta","sv":"Centern i Finland","en":"Centre Party of Finland"},"caid":50,"position":0,"gender":"1","comparisonData":{"totalVotes":0,"votesTotalChange":14},"edid":4,"comparativeIndex":0.0,"electionDayVotesPercent":0.7,"nominatorAbbr":{"fi":"KESK","sv":"C","en":"CENT"}},{"age":69,"advanceVotesPercent":0.6,"lastname":"Laine","occupation":"eläkeläinen","advanceVotes":8,"npid":1,"totalVotes":13,"spid":6,"abbr":"VAS","municipalCouncilor":false,"muid":531,"alid":1,"firstname":"Mikko","electionDayVotes":5,"pid":"15","finalPosition":0,"electedInformation":"ON_SUBSTITUTE_PLACE","totalVotesPercent":0.5,"nominatorName":{"fi":"Vasemmistoliitto","sv":"Vänsterförbundet","en":"The Left Alliance"},"caid":7,"position":0,"gender":"1","comparisonData":{"totalVotes":0,"votesTotalChange":13},"edid":4,"comparativeIndex":0.0,"electionDayVotesPercent":0.4,"nominatorAbbr":{"fi":"VAS","sv":"VF","en":"LEFT"}},{"age":57,"advanceVotesPercent":0.4,"lastname":"Joutsenlahti","occupation":"lähihoitaja","advanceVotes":5,"npid":2,"totalVotes":13,"spid":4,"abbr":"SDP","municipalCouncilor":false,"muid":531,"alid":2,"firstname":"Jukka","electionDayVotes":8,"pid":"1","finalPosition":0,"electedInformation":"NOT_ELECTED","totalVotesPercent":0.5,"nominatorName":{"fi":"Suomen Sosialidemokraattinen Puolue","sv":"Finlands Socialdemokratiska Parti","en":"The Finnish Social Democratic Party"},"caid":17,"position":0,"gender":"1","comparisonData":{"totalVotes":13,"votesTotalChange":0},"edid":4,"comparativeIndex":0.0,"electionDayVotesPercent":0.6,"nominatorAbbr":{"fi":"SDP","sv":"SDP","en":"SDP"}},{"age":57,"advanceVotesPercent":0.3,"lastname":"Kari-Saarinen","occupation":"kuntoutusohjaaja, kirjoitustulkki","advanceVotes":4,"npid":3,"totalVotes":13,"spid":2,"abbr":"KOK","municipalCouncilor":false,"muid":531,"alid":3,"firstname":"Tiina","electionDayVotes":9,"pid":"4","finalPosition":0,"electedInformation":"NOT_ELECTED","totalVotesPercent":0.5,"nominatorName":{"fi":"Kansallinen Kokoomus","sv":"Samlingspartiet","en":"National Coalition Party"},"caid":38,"position":0,"gender":"2","comparisonData":{"totalVotes":0,"votesTotalChange":13},"edid":4,"comparativeIndex":0.0,"electionDayVotesPercent":0.7,"nominatorAbbr":{"fi":"KOK","sv":"Saml","en":"NCP"}},{"age":49,"advanceVotesPercent":0.5,"lastname":"Laine","occupation":"perhepäivähoitaja, varhaiskasvatuksen lm","advanceVotes":7,"npid":3,"totalVotes":13,"spid":2,"abbr":"KOK","municipalCouncilor":false,"muid":531,"alid":3,"firstname":"Jaana","electionDayVotes":6,"pid":"4","finalPosition":0,"electedInformation":"NOT_ELECTED","totalVotesPercent":0.5,"nominatorName":{"fi":"Kansallinen Kokoomus","sv":"Samlingspartiet","en":"National Coalition Party"},"caid":42,"position":0,"gender":"2","comparisonData":{"totalVotes":0,"votesTotalChange":13},"edid":4,"comparativeIndex":0.0,"electionDayVotesPercent":0.5,"nominatorAbbr":{"fi":"KOK","sv":"Saml","en":"NCP"}},{"age":31,"advanceVotesPercent":0.3,"lastname":"Nurmi","occupation":"opiskelija","advanceVotes":4,"npid":1,"totalVotes":12,"spid":6,"abbr":"VAS","municipalCouncilor":false,"muid":531,"alid":1,"firstname":"Ville","electionDayVotes":8,"pid":"15","finalPosition":0,"electedInformation":"ON_SUBSTITUTE_PLACE","totalVotesPercent":0.4,"nominatorName":{"fi":"Vasemmistoliitto","sv":"Vänsterförbundet","en":"The Left Alliance"},"caid":11,"position":0,"gender":"1","comparisonData":{"totalVotes":0,"votesTotalChange":12},"edid":4,"comparativeIndex":0.0,"electionDayVotesPercent":0.6,"nominatorAbbr":{"fi":"VAS","sv":"VF","en":"LEFT"}},{"age":70,"advanceVotesPercent":0.6,"lastname":"Lasonen","occupation":"eläkeläinen, emäntä","advanceVotes":9,"npid":4,"totalVotes":12,"spid":1,"abbr":"KESK","municipalCouncilor":false,"muid":531,"alid":4,"firstname":"Soile","electionDayVotes":3,"pid":"2","finalPosition":0,"electedInformation":"NOT_ELECTED","totalVotesPercent":0.4,"nominatorName":{"fi":"Suomen Keskusta","sv":"Centern i Finland","en":"Centre Party of Finland"},"caid":56,"position":0,"gender":"2","comparisonData":{"totalVotes":18,"votesTotalChange":-6},"edid":4,"comparativeIndex":0.0,"electionDayVotesPercent":0.2,"nominatorAbbr":{"fi":"KESK","sv":"C","en":"CENT"}},{"age":34,"advanceVotesPercent":0.1,"lastname":"Johima","occupation":"prosessinhoitaja","advanceVotes":1,"npid":1,"totalVotes":11,"spid":6,"abbr":"VAS","municipalCouncilor":false,"muid":531,"alid":1,"firstname":"Urho","electionDayVotes":10,"pid":"15","finalPosition":0,"electedInformation":"NOT_ELECTED","totalVotesPercent":0.4,"nominatorName":{"fi":"Vasemmistoliitto","sv":"Vänsterförbundet","en":"The Left Alliance"},"caid":5,"position":0,"gender":"1","comparisonData":{"totalVotes":11,"votesTotalChange":0},"edid":4,"comparativeIndex":0.0,"electionDayVotesPercent":0.8,"nominatorAbbr":{"fi":"VAS","sv":"VF","en":"LEFT"}},{"age":41,"advanceVotesPercent":0.2,"lastname":"Aro","occupation":"yrittäjä","advanceVotes":3,"npid":3,"totalVotes":11,"spid":2,"abbr":"KOK","municipalCouncilor":false,"muid":531,"alid":3,"firstname":"Sami","electionDayVotes":8,"pid":"4","finalPosition":0,"electedInformation":"NOT_ELECTED","totalVotesPercent":0.4,"nominatorName":{"fi":"Kansallinen Kokoomus","sv":"Samlingspartiet","en":"National Coalition Party"},"caid":32,"position":0,"gender":"1","comparisonData":{"totalVotes":0,"votesTotalChange":11},"edid":4,"comparativeIndex":0.0,"electionDayVotesPercent":0.6,"nominatorAbbr":{"fi":"KOK","sv":"Saml","en":"NCP"}},{"age":37,"advanceVotesPercent":0.6,"lastname":"Mäkilä","occupation":"levyseppähitsaaja","advanceVotes":9,"npid":4,"totalVotes":11,"spid":1,"abbr":"KESK","municipalCouncilor":false,"muid":531,"alid":4,"firstname":"Lauri","electionDayVotes":2,"pid":"2","finalPosition":0,"electedInformation":"NOT_ELECTED","totalVotesPercent":0.4,"nominatorName":{"fi":"Suomen Keskusta","sv":"Centern i Finland","en":"Centre Party of Finland"},"caid":61,"position":0,"gender":"1","comparisonData":{"totalVotes":18,"votesTotalChange":-7},"edid":4,"comparativeIndex":0.0,"electionDayVotesPercent":0.2,"nominatorAbbr":{"fi":"KESK","sv":"C","en":"CENT"}},{"age":55,"advanceVotesPercent":0.4,"lastname":"Matomäki","occupation":"pianonsoitonopettaja","advanceVotes":6,"npid":4,"totalVotes":10,"spid":1,"abbr":"KESK","municipalCouncilor":false,"muid":531,"alid":4,"firstname":"Merja","electionDayVotes":4,"pid":"2","finalPosition":0,"electedInformation":"NOT_ELECTED","totalVotesPercent":0.4,"nominatorName":{"fi":"Suomen Keskusta","sv":"Centern i Finland","en":"Centre Party of Finland"},"caid":58,"position":0,"gender":"2","comparisonData":{"totalVotes":7,"votesTotalChange":3},"edid":4,"comparativeIndex":0.0,"electionDayVotesPercent":0.3,"nominatorAbbr":{"fi":"KESK","sv":"C","en":"CENT"}},{"age":40,"advanceVotesPercent":0.3,"lastname":"Laine","occupation":"asiakaspalvelija","advanceVotes":4,"npid":2,"totalVotes":9,"spid":4,"abbr":"SDP","municipalCouncilor":false,"muid":531,"alid":2,"firstname":"Jarkko","electionDayVotes":5,"pid":"1","finalPosition":0,"electedInformation":"NOT_ELECTED","totalVotesPercent":0.3,"nominatorName":{"fi":"Suomen Sosialidemokraattinen Puolue","sv":"Finlands Socialdemokratiska Parti","en":"The Finnish Social Democratic Party"},"caid":21,"position":0,"gender":"1","comparisonData":{"totalVotes":11,"votesTotalChange":-2},"edid":4,"comparativeIndex":0.0,"electionDayVotesPercent":0.4,"nominatorAbbr":{"fi":"SDP","sv":"SDP","en":"SDP"}},{"age":34,"advanceVotesPercent":0.4,"lastname":"Karvonen","occupation":"maanviljelijä, koneenkuljettaja","advanceVotes":5,"npid":4,"totalVotes":9,"spid":1,"abbr":"KESK","municipalCouncilor":false,"muid":531,"alid":4,"firstname":"Mikko","electionDayVotes":4,"pid":"2","finalPosition":0,"electedInformation":"NOT_ELECTED","totalVotesPercent":0.3,"nominatorName":{"fi":"Suomen Keskusta","sv":"Centern i Finland","en":"Centre Party of Finland"},"caid":53,"position":0,"gender":"1","comparisonData":{"totalVotes":10,"votesTotalChange":-1},"edid":4,"comparativeIndex":0.0,"electionDayVotesPercent":0.3,"nominatorAbbr":{"fi":"KESK","sv":"C","en":"CENT"}},{"age":45,"advanceVotesPercent":0.1,"lastname":"Koivula","occupation":"luokanopettaja","advanceVotes":2,"npid":3,"totalVotes":8,"spid":2,"abbr":"KOK","municipalCouncilor":false,"muid":531,"alid":3,"firstname":"Juha","electionDayVotes":6,"pid":"4","finalPosition":0,"electedInformation":"NOT_ELECTED","totalVotesPercent":0.3,"nominatorName":{"fi":"Kansallinen Kokoomus","sv":"Samlingspartiet","en":"National Coalition Party"},"caid":41,"position":0,"gender":"1","comparisonData":{"totalVotes":11,"votesTotalChange":-3},"edid":4,"comparativeIndex":0.0,"electionDayVotesPercent":0.5,"nominatorAbbr":{"fi":"KOK","sv":"Saml","en":"NCP"}},{"age":55,"advanceVotesPercent":0.3,"lastname":"Kim","occupation":"diplomi-insinööri","advanceVotes":4,"npid":2,"totalVotes":7,"spid":4,"abbr":"SDP","municipalCouncilor":false,"muid":531,"alid":2,"firstname":"Su Ran","electionDayVotes":3,"pid":"1","finalPosition":0,"electedInformation":"NOT_ELECTED","totalVotesPercent":0.3,"nominatorName":{"fi":"Suomen Sosialidemokraattinen Puolue","sv":"Finlands Socialdemokratiska Parti","en":"The Finnish Social Democratic Party"},"caid":20,"position":0,"gender":"2","comparisonData":{"totalVotes":8,"votesTotalChange":-1},"edid":4,"comparativeIndex":0.0,"electionDayVotesPercent":0.2,"nominatorAbbr":{"fi":"SDP","sv":"SDP","en":"SDP"}},{"age":39,"advanceVotesPercent":0.5,"lastname":"Männistö","occupation":"työkyvyttömyyseläkeläinen","advanceVotes":7,"npid":4,"totalVotes":7,"spid":1,"abbr":"KESK","municipalCouncilor":false,"muid":531,"alid":4,"firstname":"Juha","electionDayVotes":0,"pid":"2","finalPosition":0,"electedInformation":"NOT_ELECTED","totalVotesPercent":0.3,"nominatorName":{"fi":"Suomen Keskusta","sv":"Centern i Finland","en":"Centre Party of Finland"},"caid":62,"position":0,"gender":"1","comparisonData":{"totalVotes":0,"votesTotalChange":7},"edid":4,"comparativeIndex":0.0,"electionDayVotesPercent":0.0,"nominatorAbbr":{"fi":"KESK","sv":"C","en":"CENT"}},{"age":59,"advanceVotesPercent":0.2,"lastname":"Ketonen","occupation":"perhehoitaja","advanceVotes":3,"npid":6,"totalVotes":7,"spid":3,"abbr":"PS","municipalCouncilor":false,"muid":531,"alid":5,"firstname":"Pirjo","electionDayVotes":4,"pid":"23","finalPosition":0,"electedInformation":"NOT_ELECTED","totalVotesPercent":0.3,"nominatorName":{"fi":"Perussuomalaiset","sv":"Sannfinländarna","en":"The Finns Party"},"caid":82,"position":0,"gender":"2","comparisonData":{"totalVotes":0,"votesTotalChange":7},"edid":4,"comparativeIndex":0.0,"electionDayVotesPercent":0.3,"nominatorAbbr":{"fi":"PS","sv":"Sannf","en":"FINNS"}},{"age":45,"advanceVotesPercent":0.3,"lastname":"Södergård","occupation":"ajoneuvoasentaja","advanceVotes":4,"npid":2,"totalVotes":6,"spid":4,"abbr":"SDP","municipalCouncilor":false,"muid":531,"alid":2,"firstname":"Jouni","electionDayVotes":2,"pid":"1","finalPosition":0,"electedInformation":"NOT_ELECTED","totalVotesPercent":0.2,"nominatorName":{"fi":"Suomen Sosialidemokraattinen Puolue","sv":"Finlands Socialdemokratiska Parti","en":"The Finnish Social Democratic Party"},"caid":27,"position":0,"gender":"1","comparisonData":{"totalVotes":0,"votesTotalChange":6},"edid":4,"comparativeIndex":0.0,"electionDayVotesPercent":0.2,"nominatorAbbr":{"fi":"SDP","sv":"SDP","en":"SDP"}},{"age":70,"advanceVotesPercent":0.2,"lastname":"Männistö","occupation":"seurakuntamestari","advanceVotes":3,"npid":4,"totalVotes":6,"spid":1,"abbr":"KESK","municipalCouncilor":false,"muid":531,"alid":4,"firstname":"Timo","electionDayVotes":3,"pid":"2","finalPosition":0,"electedInformation":"NOT_ELECTED","totalVotesPercent":0.2,"nominatorName":{"fi":"Suomen Keskusta","sv":"Centern i Finland","en":"Centre Party of Finland"},"caid":63,"position":0,"gender":"1","comparisonData":{"totalVotes":0,"votesTotalChange":6},"edid":4,"comparativeIndex":0.0,"electionDayVotesPercent":0.2,"nominatorAbbr":{"fi":"KESK","sv":"C","en":"CENT"}},{"age":41,"advanceVotesPercent":0.0,"lastname":"Pajunoja","occupation":"kuntosalivastaava","advanceVotes":0,"npid":3,"totalVotes":4,"spid":2,"abbr":"KOK","municipalCouncilor":false,"muid":531,"alid":3,"firstname":"Jaana","electionDayVotes":4,"pid":"4","finalPosition":0,"electedInformation":"NOT_ELECTED","totalVotesPercent":0.1,"nominatorName":{"fi":"Kansallinen Kokoomus","sv":"Samlingspartiet","en":"National Coalition Party"},"caid":46,"position":0,"gender":"2","comparisonData":{"totalVotes":0,"votesTotalChange":4},"edid":4,"comparativeIndex":0.0,"electionDayVotesPercent":0.3,"nominatorAbbr":{"fi":"KOK","sv":"Saml","en":"NCP"}},{"age":33,"advanceVotesPercent":0.2,"lastname":"Meskanen","occupation":"koulunkäynninohjaaja","advanceVotes":3,"npid":4,"totalVotes":4,"spid":1,"abbr":"KESK","municipalCouncilor":false,"muid":531,"alid":4,"firstname":"Laura","electionDayVotes":1,"pid":"2","finalPosition":0,"electedInformation":"NOT_ELECTED","totalVotesPercent":0.1,"nominatorName":{"fi":"Suomen Keskusta","sv":"Centern i Finland","en":"Centre Party of Finland"},"caid":59,"position":0,"gender":"2","comparisonData":{"totalVotes":0,"votesTotalChange":4},"edid":4,"comparativeIndex":0.0,"electionDayVotesPercent":0.1,"nominatorAbbr":{"fi":"KESK","sv":"C","en":"CENT"}},{"age":55,"advanceVotesPercent":0.3,"lastname":"Ylitalo","occupation":"sairaanhoitaja, varapääluottamusmies","advanceVotes":4,"npid":4,"totalVotes":4,"spid":1,"abbr":"KESK","municipalCouncilor":false,"muid":531,"alid":4,"firstname":"Marja-Leena","electionDayVotes":0,"pid":"2","finalPosition":0,"electedInformation":"NOT_ELECTED","totalVotesPercent":0.1,"nominatorName":{"fi":"Suomen Keskusta","sv":"Centern i Finland","en":"Centre Party of Finland"},"caid":76,"position":0,"gender":"2","comparisonData":{"totalVotes":4,"votesTotalChange":0},"edid":4,"comparativeIndex":0.0,"electionDayVotesPercent":0.0,"nominatorAbbr":{"fi":"KESK","sv":"C","en":"CENT"}},{"age":55,"advanceVotesPercent":0.1,"lastname":"Lahdenperä","occupation":"käyttömies","advanceVotes":2,"npid":1,"totalVotes":3,"spid":6,"abbr":"VAS","municipalCouncilor":false,"muid":531,"alid":1,"firstname":"Reijo","electionDayVotes":1,"pid":"15","finalPosition":0,"electedInformation":"NOT_ELECTED","totalVotesPercent":0.1,"nominatorName":{"fi":"Vasemmistoliitto","sv":"Vänsterförbundet","en":"The Left Alliance"},"caid":6,"position":0,"gender":"1","comparisonData":{"totalVotes":4,"votesTotalChange":-1},"edid":4,"comparativeIndex":0.0,"electionDayVotesPercent":0.1,"nominatorAbbr":{"fi":"VAS","sv":"VF","en":"LEFT"}},{"age":20,"advanceVotesPercent":0.2,"lastname":"Sulonen","occupation":"kokki","advanceVotes":3,"npid":4,"totalVotes":3,"spid":1,"abbr":"KESK","municipalCouncilor":false,"muid":531,"alid":4,"firstname":"Carita","electionDayVotes":0,"pid":"2","finalPosition":0,"electedInformation":"NOT_ELECTED","totalVotesPercent":0.1,"nominatorName":{"fi":"Suomen Keskusta","sv":"Centern i Finland","en":"Centre Party of Finland"},"caid":71,"position":0,"gender":"2","comparisonData":{"totalVotes":0,"votesTotalChange":3},"edid":4,"comparativeIndex":0.0,"electionDayVotesPercent":0.0,"nominatorAbbr":{"fi":"KESK","sv":"C","en":"CENT"}}],"municipalityPollingDistricts":[{"name":{"fi":"Nakkilan kunta","sv":"Nakkilan kunta"},"calculationStatusPercent":100.0,"joinedArea":false,"muid":531,"totalVotingInFinlandTurnout":62.2,"identification":"001","pdid":"001","eligibleVotersInFinlandTotal":4426,"edid":4,"mergedToPdid":""}],"municipality":{"muid":531,"edid":4,"name":{"fi":"Nakkila","sv":"Nakkila"}}}