{"version":20,"created":"2017-04-09T18:27:57.324Z","electionDetails":{"electionId":"kv2017","electionDate":"2017-04-09T00:00:00.000Z","electionDataPublishTime":"2017-04-09T17:00:00.000Z","name":{"fi":"Kuntavaalit 2017","sv":"Kommunalval 2017","en":"Elections 2017"},"previousElections":{"correspondingCompareElection":{"electionId":"kv2012","electionDate":"2012-10-28T00:00:00.000Z","name":{"fi":"Kuntavaalit 2012","en":"Municipal elections 2012","sv":"Kommunalval 2012"}},"otherCompareElection":{"electionId":"ev2015","electionDate":"2015-04-19T00:00:00.000Z","name":{"fi":"Eduskuntavaalit 2015","en":"Parliamentary election 2015","sv":"Riksdagsval 2015"}}}},"calculationStatus":{"electionDayVotingTurnout":16.2,"invalidAdvanceVotes":3,"calculationPhase":"INITIAL","invalidElectionDayVotes":1,"approvedAdvanceVotes":256,"advanceVotingTurnout":44.7,"totalVotingTurnoutAbroad":0.0,"name":{"fi":"Ruhtinansalmi","sv":"Ruhtinansalmi"},"calculationStatusPercent":100.0,"advanceVotes":259,"electionDayVotingTurnoutAbroad":0.0,"approvedTotalVotes":349,"totalVotes":353,"muid":777,"totalVotingInFinlandTurnout":60.9,"advanceVotingTurnoutAbroad":0.0,"invalidTotalVotes":4,"totalVotingTurnout":60.9,"electionDayVotes":94,"electionDayVotesInFinland":94,"pdid":"003","totalVotesInFinlandMen":0,"eligibleVotersInFinlandTotal":580,"calculationStatusPercentElectionDayVotes":100.0,"sourceRecordModificationTime":"20170409203151","otherCompareElection":{"eid":"","eligibleVotersInFinlandTotal":0,"advanceVotingInFinlandTurnout":0.0,"electionDayVotingInFinlandTurnout":0.0,"totalVotingInFinlandTurnout":0.0,"approvedVotesTotal":0,"invalidVotesTotal":0},"correspondingCompareElection":{"eid":"","eligibleVotersInFinlandTotal":0,"advanceVotingInFinlandTurnout":0.0,"electionDayVotingInFinlandTurnout":0.0,"totalVotingInFinlandTurnout":0.0,"approvedVotesTotal":0,"invalidVotesTotal":0,"seats":0},"approvedElectionDayVotes":93,"edid":12,"calculationStatusPercentAdvanceVotes":100.0,"electionDayVotingInFinlandTurnout":16.2,"seats":0,"eligibleVotersTotal":580,"advanceVotesInFinland":259,"advanceVotingInFinlandTurnout":44.7,"totalVotesInFinland":353},"partyResults":[{"advanceVotesPercent":71.5,"name":{"fi":"Suomen Keskusta","sv":"Centern i Finland","en":"Centre Party of Finland"},"advanceVotes":183,"npid":4,"totalVotes":256,"spid":1,"abbr":{"fi":"KESK","sv":"C","en":"CENT"},"alid":4,"electionDayVotes":73,"pid":"2","totalVotesPercent":73.4,"nominatorName":{"fi":"Suomen Keskusta","sv":"Centern i Finland","en":"Centre Party of Finland"},"compareData":{"otherCompareElection":{"votesTotalChange":0,"votesTotalPercentChange":0.0,"votesTotal":256,"votesTotalPercent":73.4},"correspondingCompareElection":{"votesTotalChange":0,"votesTotalPercentChange":0.0,"seatChange":0,"votesTotal":256,"votesTotalPercent":73.4,"seatsTotal":0}},"seats":0,"electionDayVotesPercent":78.5,"nominatorAbbr":{"fi":"KESK","sv":"C","en":"CENT"}},{"advanceVotesPercent":20.7,"name":{"fi":"Vasemmistoliitto","sv":"Vänsterförbundet","en":"The Left Alliance"},"advanceVotes":53,"npid":5,"totalVotes":63,"spid":6,"abbr":{"fi":"VAS","sv":"VF","en":"LEFT"},"alid":5,"electionDayVotes":10,"pid":"15","totalVotesPercent":18.1,"nominatorName":{"fi":"Vasemmistoliitto","sv":"Vänsterförbundet","en":"The Left Alliance"},"compareData":{"otherCompareElection":{"votesTotalChange":0,"votesTotalPercentChange":0.0,"votesTotal":63,"votesTotalPercent":18.1},"correspondingCompareElection":{"votesTotalChange":0,"votesTotalPercentChange":0.0,"seatChange":0,"votesTotal":63,"votesTotalPercent":18.1,"seatsTotal":0}},"seats":0,"electionDayVotesPercent":10.8,"nominatorAbbr":{"fi":"VAS","sv":"VF","en":"LEFT"}},{"advanceVotesPercent":4.7,"name":{"fi":"Perussuomalaiset","sv":"Sannfinländarna","en":"The Finns Party"},"advanceVotes":12,"npid":2,"totalVotes":16,"spid":3,"abbr":{"fi":"PS","sv":"Sannf","en":"FINNS"},"alid":2,"electionDayVotes":4,"pid":"23","totalVotesPercent":4.6,"nominatorName":{"fi":"Perussuomalaiset","sv":"Sannfinländarna","en":"The Finns Party"},"compareData":{"otherCompareElection":{"votesTotalChange":0,"votesTotalPercentChange":0.0,"votesTotal":16,"votesTotalPercent":4.6},"correspondingCompareElection":{"votesTotalChange":0,"votesTotalPercentChange":0.0,"seatChange":0,"votesTotal":16,"votesTotalPercent":4.6,"seatsTotal":0}},"seats":0,"electionDayVotesPercent":4.3,"nominatorAbbr":{"fi":"PS","sv":"Sannf","en":"FINNS"}},{"advanceVotesPercent":0.8,"name":{"fi":"Kansallinen Kokoomus","sv":"Samlingspartiet","en":"National Coalition Party"},"advanceVotes":2,"npid":6,"totalVotes":8,"spid":2,"abbr":{"fi":"KOK","sv":"Saml","en":"NCP"},"alid":6,"electionDayVotes":6,"pid":"4","totalVotesPercent":2.3,"nominatorName":{"fi":"Kansallinen Kokoomus","sv":"Samlingspartiet","en":"National Coalition Party"},"compareData":{"otherCompareElection":{"votesTotalChange":0,"votesTotalPercentChange":0.0,"votesTotal":8,"votesTotalPercent":2.3},"correspondingCompareElection":{"votesTotalChange":0,"votesTotalPercentChange":0.0,"seatChange":0,"votesTotal":8,"votesTotalPercent":2.3,"seatsTotal":0}},"seats":0,"electionDayVotesPercent":6.5,"nominatorAbbr":{"fi":"KOK","sv":"Saml","en":"NCP"}},{"advanceVotesPercent":1.2,"name":{"fi":"Vihreä liitto","sv":"Gröna förbundet","en":"Green League"},"advanceVotes":3,"npid":1,"totalVotes":3,"spid":5,"abbr":{"fi":"VIHR","sv":"Gröna","en":"GREEN"},"alid":1,"electionDayVotes":0,"pid":"13","totalVotesPercent":0.9,"nominatorName":{"fi":"Vihreä liitto","sv":"Gröna förbundet","en":"Green League"},"compareData":{"otherCompareElection":{"votesTotalChange":0,"votesTotalPercentChange":0.0,"votesTotal":3,"votesTotalPercent":0.9},"correspondingCompareElection":{"votesTotalChange":0,"votesTotalPercentChange":0.0,"seatChange":0,"votesTotal":3,"votesTotalPercent":0.9,"seatsTotal":0}},"seats":0,"electionDayVotesPercent":0.0,"nominatorAbbr":{"fi":"VIHR","sv":"Gröna","en":"GREEN"}},{"advanceVotesPercent":1.2,"name":{"fi":"Suomen Kristillisdemokraatit (KD)","sv":"Kristdemokraterna i Finland (KD)","en":"Christian Democrats in Finland"},"advanceVotes":3,"npid":3,"totalVotes":3,"spid":8,"abbr":{"fi":"KD","sv":"KD","en":"CD"},"alid":3,"electionDayVotes":0,"pid":"9","totalVotesPercent":0.9,"nominatorName":{"fi":"Suomen Kristillisdemokraatit (KD)","sv":"Kristdemokraterna i Finland (KD)","en":"Christian Democrats in Finland"},"compareData":{"otherCompareElection":{"votesTotalChange":0,"votesTotalPercentChange":0.0,"votesTotal":3,"votesTotalPercent":0.9},"correspondingCompareElection":{"votesTotalChange":0,"votesTotalPercentChange":0.0,"seatChange":0,"votesTotal":3,"votesTotalPercent":0.9,"seatsTotal":0}},"seats":0,"electionDayVotesPercent":0.0,"nominatorAbbr":{"fi":"KD","sv":"KD","en":"CD"}}],"candidateResults":[{"age":57,"advanceVotesPercent":9.4,"lastname":"Kela","occupation":"monitoimikoneenkuljettaja","advanceVotes":24,"npid":4,"totalVotes":46,"spid":1,"abbr":"KESK","municipalCouncilor":true,"muid":777,"alid":4,"firstname":"Jouko","electionDayVotes":22,"pid":"2","finalPosition":0,"electedInformation":"ELECTED","totalVotesPercent":13.2,"nominatorName":{"fi":"Suomen Keskusta","sv":"Centern i Finland","en":"Centre Party of Finland"},"caid":24,"position":0,"gender":"1","comparisonData":{"totalVotes":77,"votesTotalChange":-31},"edid":12,"comparativeIndex":0.0,"electionDayVotesPercent":23.7,"nominatorAbbr":{"fi":"KESK","sv":"C","en":"CENT"}},{"age":34,"advanceVotesPercent":10.2,"lastname":"Seppänen","occupation":"kokki","advanceVotes":26,"npid":4,"totalVotes":43,"spid":1,"abbr":"KESK","municipalCouncilor":true,"muid":777,"alid":4,"firstname":"Jonna","electionDayVotes":17,"pid":"2","finalPosition":0,"electedInformation":"ELECTED","totalVotesPercent":12.3,"nominatorName":{"fi":"Suomen Keskusta","sv":"Centern i Finland","en":"Centre Party of Finland"},"caid":45,"position":0,"gender":"2","comparisonData":{"totalVotes":46,"votesTotalChange":-3},"edid":12,"comparativeIndex":0.0,"electionDayVotesPercent":18.3,"nominatorAbbr":{"fi":"KESK","sv":"C","en":"CENT"}},{"age":56,"advanceVotesPercent":10.9,"lastname":"Väisänen","occupation":"eläkeläinen, matkailuyrittäjä","advanceVotes":28,"npid":4,"totalVotes":41,"spid":1,"abbr":"KESK","municipalCouncilor":false,"muid":777,"alid":4,"firstname":"Ari","electionDayVotes":13,"pid":"2","finalPosition":0,"electedInformation":"ELECTED","totalVotesPercent":11.7,"nominatorName":{"fi":"Suomen Keskusta","sv":"Centern i Finland","en":"Centre Party of Finland"},"caid":49,"position":0,"gender":"1","comparisonData":{"totalVotes":39,"votesTotalChange":2},"edid":12,"comparativeIndex":0.0,"electionDayVotesPercent":14.0,"nominatorAbbr":{"fi":"KESK","sv":"C","en":"CENT"}},{"age":66,"advanceVotesPercent":10.9,"lastname":"Nyman","occupation":"teknikko, eläkeläinen","advanceVotes":28,"npid":4,"totalVotes":31,"spid":1,"abbr":"KESK","municipalCouncilor":false,"muid":777,"alid":4,"firstname":"Seppo","electionDayVotes":3,"pid":"2","finalPosition":0,"electedInformation":"ON_SUBSTITUTE_PLACE","totalVotesPercent":8.9,"nominatorName":{"fi":"Suomen Keskusta","sv":"Centern i Finland","en":"Centre Party of Finland"},"caid":39,"position":0,"gender":"1","comparisonData":{"totalVotes":0,"votesTotalChange":31},"edid":12,"comparativeIndex":0.0,"electionDayVotesPercent":3.2,"nominatorAbbr":{"fi":"KESK","sv":"C","en":"CENT"}},{"age":69,"advanceVotesPercent":4.3,"lastname":"Seppänen","occupation":"metsuri, eläkeläinen","advanceVotes":11,"npid":5,"totalVotes":13,"spid":6,"abbr":"VAS","municipalCouncilor":true,"muid":777,"alid":5,"firstname":"Martti","electionDayVotes":2,"pid":"15","finalPosition":0,"electedInformation":"ELECTED","totalVotesPercent":3.7,"nominatorName":{"fi":"Vasemmistoliitto","sv":"Vänsterförbundet","en":"The Left Alliance"},"caid":75,"position":0,"gender":"1","comparisonData":{"totalVotes":58,"votesTotalChange":-45},"edid":12,"comparativeIndex":0.0,"electionDayVotesPercent":2.2,"nominatorAbbr":{"fi":"VAS","sv":"VF","en":"LEFT"}},{"age":62,"advanceVotesPercent":3.9,"lastname":"Heikkinen","occupation":"rahoituspäällikkö","advanceVotes":10,"npid":4,"totalVotes":12,"spid":1,"abbr":"KESK","municipalCouncilor":false,"muid":777,"alid":4,"firstname":"Tuula","electionDayVotes":2,"pid":"2","finalPosition":0,"electedInformation":"ELECTED","totalVotesPercent":3.4,"nominatorName":{"fi":"Suomen Keskusta","sv":"Centern i Finland","en":"Centre Party of Finland"},"caid":14,"position":0,"gender":"2","comparisonData":{"totalVotes":0,"votesTotalChange":12},"edid":12,"comparativeIndex":0.0,"electionDayVotesPercent":2.2,"nominatorAbbr":{"fi":"KESK","sv":"C","en":"CENT"}},{"age":64,"advanceVotesPercent":4.3,"lastname":"Puurunen","occupation":"rajavartija evp.","advanceVotes":11,"npid":5,"totalVotes":12,"spid":6,"abbr":"VAS","municipalCouncilor":true,"muid":777,"alid":5,"firstname":"Yrjö","electionDayVotes":1,"pid":"15","finalPosition":0,"electedInformation":"ON_SUBSTITUTE_PLACE","totalVotesPercent":3.4,"nominatorName":{"fi":"Vasemmistoliitto","sv":"Vänsterförbundet","en":"The Left Alliance"},"caid":71,"position":0,"gender":"1","comparisonData":{"totalVotes":174,"votesTotalChange":-162},"edid":12,"comparativeIndex":0.0,"electionDayVotesPercent":1.1,"nominatorAbbr":{"fi":"VAS","sv":"VF","en":"LEFT"}},{"age":40,"advanceVotesPercent":2.7,"lastname":"Kyllönen","occupation":"europarlamentaarikko","advanceVotes":7,"npid":5,"totalVotes":9,"spid":6,"abbr":"VAS","municipalCouncilor":true,"muid":777,"alid":5,"firstname":"Merja","electionDayVotes":2,"pid":"15","finalPosition":0,"electedInformation":"ELECTED","totalVotesPercent":2.6,"nominatorName":{"fi":"Vasemmistoliitto","sv":"Vänsterförbundet","en":"The Left Alliance"},"caid":62,"position":0,"gender":"2","comparisonData":{"totalVotes":236,"votesTotalChange":-227},"edid":12,"comparativeIndex":0.0,"electionDayVotesPercent":2.2,"nominatorAbbr":{"fi":"VAS","sv":"VF","en":"LEFT"}},{"age":44,"advanceVotesPercent":3.1,"lastname":"Pihlajamaa","occupation":"yrittäjä","advanceVotes":8,"npid":2,"totalVotes":8,"spid":3,"abbr":"PS","municipalCouncilor":false,"muid":777,"alid":2,"firstname":"Sami","electionDayVotes":0,"pid":"23","finalPosition":0,"electedInformation":"ELECTED","totalVotesPercent":2.3,"nominatorName":{"fi":"Perussuomalaiset","sv":"Sannfinländarna","en":"The Finns Party"},"caid":5,"position":0,"gender":"1","comparisonData":{"totalVotes":0,"votesTotalChange":8},"edid":12,"comparativeIndex":0.0,"electionDayVotesPercent":0.0,"nominatorAbbr":{"fi":"PS","sv":"Sannf","en":"FINNS"}},{"age":56,"advanceVotesPercent":3.1,"lastname":"Korvuo","occupation":"maanviljelijä, agrologi AMK","advanceVotes":8,"npid":4,"totalVotes":8,"spid":1,"abbr":"KESK","municipalCouncilor":true,"muid":777,"alid":4,"firstname":"Markku","electionDayVotes":0,"pid":"2","finalPosition":0,"electedInformation":"ELECTED","totalVotesPercent":2.3,"nominatorName":{"fi":"Suomen Keskusta","sv":"Centern i Finland","en":"Centre Party of Finland"},"caid":31,"position":0,"gender":"1","comparisonData":{"totalVotes":46,"votesTotalChange":-38},"edid":12,"comparativeIndex":0.0,"electionDayVotesPercent":0.0,"nominatorAbbr":{"fi":"KESK","sv":"C","en":"CENT"}},{"age":53,"advanceVotesPercent":2.7,"lastname":"Tauriainen","occupation":"metsätalousinsinööri","advanceVotes":7,"npid":4,"totalVotes":8,"spid":1,"abbr":"KESK","municipalCouncilor":false,"muid":777,"alid":4,"firstname":"Ilmari","electionDayVotes":1,"pid":"2","finalPosition":0,"electedInformation":"ON_SUBSTITUTE_PLACE","totalVotesPercent":2.3,"nominatorName":{"fi":"Suomen Keskusta","sv":"Centern i Finland","en":"Centre Party of Finland"},"caid":46,"position":0,"gender":"1","comparisonData":{"totalVotes":35,"votesTotalChange":-27},"edid":12,"comparativeIndex":0.0,"electionDayVotesPercent":1.1,"nominatorAbbr":{"fi":"KESK","sv":"C","en":"CENT"}},{"age":70,"advanceVotesPercent":2.7,"lastname":"Holappa","occupation":"terveydenhoitaja, eläkeläinen","advanceVotes":7,"npid":5,"totalVotes":7,"spid":6,"abbr":"VAS","municipalCouncilor":true,"muid":777,"alid":5,"firstname":"Marja-Liisa","electionDayVotes":0,"pid":"15","finalPosition":0,"electedInformation":"ELECTED","totalVotesPercent":2.0,"nominatorName":{"fi":"Vasemmistoliitto","sv":"Vänsterförbundet","en":"The Left Alliance"},"caid":54,"position":0,"gender":"2","comparisonData":{"totalVotes":92,"votesTotalChange":-85},"edid":12,"comparativeIndex":0.0,"electionDayVotesPercent":0.0,"nominatorAbbr":{"fi":"VAS","sv":"VF","en":"LEFT"}},{"age":75,"advanceVotesPercent":0.8,"lastname":"Heikkinen","occupation":"eläkeläinen","advanceVotes":2,"npid":2,"totalVotes":6,"spid":3,"abbr":"PS","municipalCouncilor":true,"muid":777,"alid":2,"firstname":"Pentti","electionDayVotes":4,"pid":"23","finalPosition":0,"electedInformation":"ON_SUBSTITUTE_PLACE","totalVotesPercent":1.7,"nominatorName":{"fi":"Perussuomalaiset","sv":"Sannfinländarna","en":"The Finns Party"},"caid":4,"position":0,"gender":"1","comparisonData":{"totalVotes":59,"votesTotalChange":-53},"edid":12,"comparativeIndex":0.0,"electionDayVotesPercent":4.3,"nominatorAbbr":{"fi":"PS","sv":"Sannf","en":"FINNS"}},{"age":64,"advanceVotesPercent":2.0,"lastname":"Moilanen","occupation":"vartija","advanceVotes":5,"npid":4,"totalVotes":6,"spid":1,"abbr":"KESK","municipalCouncilor":true,"muid":777,"alid":4,"firstname":"Pentti","electionDayVotes":1,"pid":"2","finalPosition":0,"electedInformation":"ELECTED","totalVotesPercent":1.7,"nominatorName":{"fi":"Suomen Keskusta","sv":"Centern i Finland","en":"Centre Party of Finland"},"caid":36,"position":0,"gender":"1","comparisonData":{"totalVotes":107,"votesTotalChange":-101},"edid":12,"comparativeIndex":0.0,"electionDayVotesPercent":1.1,"nominatorAbbr":{"fi":"KESK","sv":"C","en":"CENT"}},{"age":67,"advanceVotesPercent":2.3,"lastname":"Räisänen","occupation":"vaihetyöntekijä","advanceVotes":6,"npid":4,"totalVotes":6,"spid":1,"abbr":"KESK","municipalCouncilor":false,"muid":777,"alid":4,"firstname":"Eila","electionDayVotes":0,"pid":"2","finalPosition":0,"electedInformation":"NOT_ELECTED","totalVotesPercent":1.7,"nominatorName":{"fi":"Suomen Keskusta","sv":"Centern i Finland","en":"Centre Party of Finland"},"caid":44,"position":0,"gender":"2","comparisonData":{"totalVotes":10,"votesTotalChange":-4},"edid":12,"comparativeIndex":0.0,"electionDayVotesPercent":0.0,"nominatorAbbr":{"fi":"KESK","sv":"C","en":"CENT"}},{"age":59,"advanceVotesPercent":2.0,"lastname":"Oikarinen","occupation":"kirvesmies","advanceVotes":5,"npid":4,"totalVotes":5,"spid":1,"abbr":"KESK","municipalCouncilor":false,"muid":777,"alid":4,"firstname":"Erkki","electionDayVotes":0,"pid":"2","finalPosition":0,"electedInformation":"NOT_ELECTED","totalVotesPercent":1.4,"nominatorName":{"fi":"Suomen Keskusta","sv":"Centern i Finland","en":"Centre Party of Finland"},"caid":40,"position":0,"gender":"1","comparisonData":{"totalVotes":37,"votesTotalChange":-32},"edid":12,"comparativeIndex":0.0,"electionDayVotesPercent":0.0,"nominatorAbbr":{"fi":"KESK","sv":"C","en":"CENT"}},{"age":70,"advanceVotesPercent":1.6,"lastname":"Pulkka","occupation":"eläkeläinen","advanceVotes":4,"npid":4,"totalVotes":5,"spid":1,"abbr":"KESK","municipalCouncilor":false,"muid":777,"alid":4,"firstname":"Jarmo","electionDayVotes":1,"pid":"2","finalPosition":0,"electedInformation":"ON_SUBSTITUTE_PLACE","totalVotesPercent":1.4,"nominatorName":{"fi":"Suomen Keskusta","sv":"Centern i Finland","en":"Centre Party of Finland"},"caid":41,"position":0,"gender":"1","comparisonData":{"totalVotes":28,"votesTotalChange":-23},"edid":12,"comparativeIndex":0.0,"electionDayVotesPercent":1.1,"nominatorAbbr":{"fi":"KESK","sv":"C","en":"CENT"}},{"age":36,"advanceVotesPercent":1.6,"lastname":"Romppainen","occupation":"muusikko, pajamestari","advanceVotes":4,"npid":4,"totalVotes":5,"spid":1,"abbr":"KESK","municipalCouncilor":false,"muid":777,"alid":4,"firstname":"Tatu","electionDayVotes":1,"pid":"2","finalPosition":0,"electedInformation":"ON_SUBSTITUTE_PLACE","totalVotesPercent":1.4,"nominatorName":{"fi":"Suomen Keskusta","sv":"Centern i Finland","en":"Centre Party of Finland"},"caid":43,"position":0,"gender":"1","comparisonData":{"totalVotes":31,"votesTotalChange":-26},"edid":12,"comparativeIndex":0.0,"electionDayVotesPercent":1.1,"nominatorAbbr":{"fi":"KESK","sv":"C","en":"CENT"}},{"age":56,"advanceVotesPercent":1.2,"lastname":"Helttunen","occupation":"kansanterveyshoitaja, suunnittelija","advanceVotes":3,"npid":4,"totalVotes":4,"spid":1,"abbr":"KESK","municipalCouncilor":true,"muid":777,"alid":4,"firstname":"Erja","electionDayVotes":1,"pid":"2","finalPosition":0,"electedInformation":"ELECTED","totalVotesPercent":1.1,"nominatorName":{"fi":"Suomen Keskusta","sv":"Centern i Finland","en":"Centre Party of Finland"},"caid":17,"position":0,"gender":"2","comparisonData":{"totalVotes":88,"votesTotalChange":-84},"edid":12,"comparativeIndex":0.0,"electionDayVotesPercent":1.1,"nominatorAbbr":{"fi":"KESK","sv":"C","en":"CENT"}},{"age":71,"advanceVotesPercent":1.6,"lastname":"Hiltunen","occupation":"rakennusmestari","advanceVotes":4,"npid":4,"totalVotes":4,"spid":1,"abbr":"KESK","municipalCouncilor":false,"muid":777,"alid":4,"firstname":"Pentti","electionDayVotes":0,"pid":"2","finalPosition":0,"electedInformation":"NOT_ELECTED","totalVotesPercent":1.1,"nominatorName":{"fi":"Suomen Keskusta","sv":"Centern i Finland","en":"Centre Party of Finland"},"caid":18,"position":0,"gender":"1","comparisonData":{"totalVotes":0,"votesTotalChange":4},"edid":12,"comparativeIndex":0.0,"electionDayVotesPercent":0.0,"nominatorAbbr":{"fi":"KESK","sv":"C","en":"CENT"}},{"age":47,"advanceVotesPercent":0.8,"lastname":"Kemppainen","occupation":"sairaanhoitaja, ryhmäanalyytikko","advanceVotes":2,"npid":4,"totalVotes":4,"spid":1,"abbr":"KESK","municipalCouncilor":true,"muid":777,"alid":4,"firstname":"Tuovi","electionDayVotes":2,"pid":"2","finalPosition":0,"electedInformation":"ELECTED","totalVotesPercent":1.1,"nominatorName":{"fi":"Suomen Keskusta","sv":"Centern i Finland","en":"Centre Party of Finland"},"caid":27,"position":0,"gender":"2","comparisonData":{"totalVotes":46,"votesTotalChange":-42},"edid":12,"comparativeIndex":0.0,"electionDayVotesPercent":2.2,"nominatorAbbr":{"fi":"KESK","sv":"C","en":"CENT"}},{"age":37,"advanceVotesPercent":0.8,"lastname":"Kettunen","occupation":"myyntipäällikkö","advanceVotes":2,"npid":4,"totalVotes":4,"spid":1,"abbr":"KESK","municipalCouncilor":true,"muid":777,"alid":4,"firstname":"Riitta","electionDayVotes":2,"pid":"2","finalPosition":0,"electedInformation":"ELECTED","totalVotesPercent":1.1,"nominatorName":{"fi":"Suomen Keskusta","sv":"Centern i Finland","en":"Centre Party of Finland"},"caid":28,"position":0,"gender":"2","comparisonData":{"totalVotes":83,"votesTotalChange":-79},"edid":12,"comparativeIndex":0.0,"electionDayVotesPercent":2.2,"nominatorAbbr":{"fi":"KESK","sv":"C","en":"CENT"}},{"age":70,"advanceVotesPercent":0.8,"lastname":"Tolonen","occupation":"eläkeläinen, mv","advanceVotes":2,"npid":4,"totalVotes":4,"spid":1,"abbr":"KESK","municipalCouncilor":false,"muid":777,"alid":4,"firstname":"Martti","electionDayVotes":2,"pid":"2","finalPosition":0,"electedInformation":"ON_SUBSTITUTE_PLACE","totalVotesPercent":1.1,"nominatorName":{"fi":"Suomen Keskusta","sv":"Centern i Finland","en":"Centre Party of Finland"},"caid":47,"position":0,"gender":"1","comparisonData":{"totalVotes":43,"votesTotalChange":-39},"edid":12,"comparativeIndex":0.0,"electionDayVotesPercent":2.2,"nominatorAbbr":{"fi":"KESK","sv":"C","en":"CENT"}},{"age":62,"advanceVotesPercent":1.6,"lastname":"Heikkinen","occupation":"opettaja","advanceVotes":4,"npid":5,"totalVotes":4,"spid":6,"abbr":"VAS","municipalCouncilor":false,"muid":777,"alid":5,"firstname":"Svetlana","electionDayVotes":0,"pid":"15","finalPosition":0,"electedInformation":"ON_SUBSTITUTE_PLACE","totalVotesPercent":1.1,"nominatorName":{"fi":"Vasemmistoliitto","sv":"Vänsterförbundet","en":"The Left Alliance"},"caid":52,"position":0,"gender":"2","comparisonData":{"totalVotes":35,"votesTotalChange":-31},"edid":12,"comparativeIndex":0.0,"electionDayVotesPercent":0.0,"nominatorAbbr":{"fi":"VAS","sv":"VF","en":"LEFT"}},{"age":44,"advanceVotesPercent":1.2,"lastname":"Laatikainen","occupation":"tuotantopäällikkö","advanceVotes":3,"npid":5,"totalVotes":4,"spid":6,"abbr":"VAS","municipalCouncilor":true,"muid":777,"alid":5,"firstname":"Janne","electionDayVotes":1,"pid":"15","finalPosition":0,"electedInformation":"ELECTED","totalVotesPercent":1.1,"nominatorName":{"fi":"Vasemmistoliitto","sv":"Vänsterförbundet","en":"The Left Alliance"},"caid":64,"position":0,"gender":"1","comparisonData":{"totalVotes":54,"votesTotalChange":-50},"edid":12,"comparativeIndex":0.0,"electionDayVotesPercent":1.1,"nominatorAbbr":{"fi":"VAS","sv":"VF","en":"LEFT"}},{"age":58,"advanceVotesPercent":0.0,"lastname":"Pyykkönen","occupation":"toimitusjohtaja","advanceVotes":0,"npid":6,"totalVotes":4,"spid":2,"abbr":"KOK","municipalCouncilor":false,"muid":777,"alid":6,"firstname":"Tuomas","electionDayVotes":4,"pid":"4","finalPosition":0,"electedInformation":"ELECTED","totalVotesPercent":1.1,"nominatorName":{"fi":"Kansallinen Kokoomus","sv":"Samlingspartiet","en":"National Coalition Party"},"caid":84,"position":0,"gender":"1","comparisonData":{"totalVotes":0,"votesTotalChange":4},"edid":12,"comparativeIndex":0.0,"electionDayVotesPercent":4.3,"nominatorAbbr":{"fi":"KOK","sv":"Saml","en":"NCP"}},{"age":67,"advanceVotesPercent":1.2,"lastname":"Seppänen","occupation":"kirjailija","advanceVotes":3,"npid":3,"totalVotes":3,"spid":8,"abbr":"KD","municipalCouncilor":false,"muid":777,"alid":3,"firstname":"Eero","electionDayVotes":0,"pid":"9","finalPosition":0,"electedInformation":"NOT_ELECTED","totalVotesPercent":0.9,"nominatorName":{"fi":"Suomen Kristillisdemokraatit (KD)","sv":"Kristdemokraterna i Finland (KD)","en":"Christian Democrats in Finland"},"caid":8,"position":0,"gender":"1","comparisonData":{"totalVotes":11,"votesTotalChange":-8},"edid":12,"comparativeIndex":0.0,"electionDayVotesPercent":0.0,"nominatorAbbr":{"fi":"KD","sv":"KD","en":"CD"}},{"age":66,"advanceVotesPercent":1.2,"lastname":"Mulari","occupation":"JHTT-tilintarkastaja, talousjohtaja eläkkeellä","advanceVotes":3,"npid":4,"totalVotes":3,"spid":1,"abbr":"KESK","municipalCouncilor":false,"muid":777,"alid":4,"firstname":"Matti","electionDayVotes":0,"pid":"2","finalPosition":0,"electedInformation":"ELECTED","totalVotesPercent":0.9,"nominatorName":{"fi":"Suomen Keskusta","sv":"Centern i Finland","en":"Centre Party of Finland"},"caid":38,"position":0,"gender":"1","comparisonData":{"totalVotes":0,"votesTotalChange":3},"edid":12,"comparativeIndex":0.0,"electionDayVotesPercent":0.0,"nominatorAbbr":{"fi":"KESK","sv":"C","en":"CENT"}},{"age":55,"advanceVotesPercent":0.8,"lastname":"Tolonen","occupation":"maatalousyrittäjä, agrologi","advanceVotes":2,"npid":4,"totalVotes":3,"spid":1,"abbr":"KESK","municipalCouncilor":false,"muid":777,"alid":4,"firstname":"Mikko","electionDayVotes":1,"pid":"2","finalPosition":0,"electedInformation":"ON_SUBSTITUTE_PLACE","totalVotesPercent":0.9,"nominatorName":{"fi":"Suomen Keskusta","sv":"Centern i Finland","en":"Centre Party of Finland"},"caid":48,"position":0,"gender":"1","comparisonData":{"totalVotes":16,"votesTotalChange":-13},"edid":12,"comparativeIndex":0.0,"electionDayVotesPercent":1.1,"nominatorAbbr":{"fi":"KESK","sv":"C","en":"CENT"}},{"age":65,"advanceVotesPercent":1.2,"lastname":"Huttu-Juntunen","occupation":"sosiaalineuvos, YTM","advanceVotes":3,"npid":5,"totalVotes":3,"spid":6,"abbr":"VAS","municipalCouncilor":false,"muid":777,"alid":5,"firstname":"Terttu","electionDayVotes":0,"pid":"15","finalPosition":0,"electedInformation":"ELECTED","totalVotesPercent":0.9,"nominatorName":{"fi":"Vasemmistoliitto","sv":"Vänsterförbundet","en":"The Left Alliance"},"caid":56,"position":0,"gender":"2","comparisonData":{"totalVotes":36,"votesTotalChange":-33},"edid":12,"comparativeIndex":0.0,"electionDayVotesPercent":0.0,"nominatorAbbr":{"fi":"VAS","sv":"VF","en":"LEFT"}},{"age":46,"advanceVotesPercent":0.8,"lastname":"Autere","occupation":"yrittäjä, opiskelija","advanceVotes":2,"npid":1,"totalVotes":2,"spid":5,"abbr":"VIHR","municipalCouncilor":false,"muid":777,"alid":1,"firstname":"Janne","electionDayVotes":0,"pid":"13","finalPosition":0,"electedInformation":"NOT_ELECTED","totalVotesPercent":0.6,"nominatorName":{"fi":"Vihreä liitto","sv":"Gröna förbundet","en":"Green League"},"caid":2,"position":0,"gender":"1","comparisonData":{"totalVotes":0,"votesTotalChange":2},"edid":12,"comparativeIndex":0.0,"electionDayVotesPercent":0.0,"nominatorAbbr":{"fi":"VIHR","sv":"Gröna","en":"GREEN"}},{"age":72,"advanceVotesPercent":0.4,"lastname":"Jokelainen-Keränen","occupation":"terveystieteiden opettaja","advanceVotes":1,"npid":4,"totalVotes":2,"spid":1,"abbr":"KESK","municipalCouncilor":false,"muid":777,"alid":4,"firstname":"Eila","electionDayVotes":1,"pid":"2","finalPosition":0,"electedInformation":"ELECTED","totalVotesPercent":0.6,"nominatorName":{"fi":"Suomen Keskusta","sv":"Centern i Finland","en":"Centre Party of Finland"},"caid":21,"position":0,"gender":"2","comparisonData":{"totalVotes":34,"votesTotalChange":-32},"edid":12,"comparativeIndex":0.0,"electionDayVotesPercent":1.1,"nominatorAbbr":{"fi":"KESK","sv":"C","en":"CENT"}},{"age":33,"advanceVotesPercent":0.4,"lastname":"Juntunen","occupation":"tradenomi, pankkitoimihenkilö","advanceVotes":1,"npid":4,"totalVotes":2,"spid":1,"abbr":"KESK","municipalCouncilor":false,"muid":777,"alid":4,"firstname":"Heidi","electionDayVotes":1,"pid":"2","finalPosition":0,"electedInformation":"ELECTED","totalVotesPercent":0.6,"nominatorName":{"fi":"Suomen Keskusta","sv":"Centern i Finland","en":"Centre Party of Finland"},"caid":22,"position":0,"gender":"2","comparisonData":{"totalVotes":0,"votesTotalChange":2},"edid":12,"comparativeIndex":0.0,"electionDayVotesPercent":1.1,"nominatorAbbr":{"fi":"KESK","sv":"C","en":"CENT"}},{"age":58,"advanceVotesPercent":0.8,"lastname":"Korja-Schepel","occupation":"työpalvelukeskuksen johtaja","advanceVotes":2,"npid":4,"totalVotes":2,"spid":1,"abbr":"KESK","municipalCouncilor":false,"muid":777,"alid":4,"firstname":"Päivi","electionDayVotes":0,"pid":"2","finalPosition":0,"electedInformation":"ON_SUBSTITUTE_PLACE","totalVotesPercent":0.6,"nominatorName":{"fi":"Suomen Keskusta","sv":"Centern i Finland","en":"Centre Party of Finland"},"caid":30,"position":0,"gender":"2","comparisonData":{"totalVotes":0,"votesTotalChange":2},"edid":12,"comparativeIndex":0.0,"electionDayVotesPercent":0.0,"nominatorAbbr":{"fi":"KESK","sv":"C","en":"CENT"}},{"age":43,"advanceVotesPercent":0.8,"lastname":"Kähkönen","occupation":"yrittäjä","advanceVotes":2,"npid":4,"totalVotes":2,"spid":1,"abbr":"KESK","municipalCouncilor":false,"muid":777,"alid":4,"firstname":"Pirjo","electionDayVotes":0,"pid":"2","finalPosition":0,"electedInformation":"ON_SUBSTITUTE_PLACE","totalVotesPercent":0.6,"nominatorName":{"fi":"Suomen Keskusta","sv":"Centern i Finland","en":"Centre Party of Finland"},"caid":32,"position":0,"gender":"2","comparisonData":{"totalVotes":0,"votesTotalChange":2},"edid":12,"comparativeIndex":0.0,"electionDayVotesPercent":0.0,"nominatorAbbr":{"fi":"KESK","sv":"C","en":"CENT"}},{"age":69,"advanceVotesPercent":0.4,"lastname":"Juntunen","occupation":"hoitoapulainen, eläkeläinen","advanceVotes":1,"npid":5,"totalVotes":2,"spid":6,"abbr":"VAS","municipalCouncilor":true,"muid":777,"alid":5,"firstname":"Aune","electionDayVotes":1,"pid":"15","finalPosition":0,"electedInformation":"ELECTED","totalVotesPercent":0.6,"nominatorName":{"fi":"Vasemmistoliitto","sv":"Vänsterförbundet","en":"The Left Alliance"},"caid":57,"position":0,"gender":"2","comparisonData":{"totalVotes":58,"votesTotalChange":-56},"edid":12,"comparativeIndex":0.0,"electionDayVotesPercent":1.1,"nominatorAbbr":{"fi":"VAS","sv":"VF","en":"LEFT"}},{"age":81,"advanceVotesPercent":0.8,"lastname":"Moilanen","occupation":"rakentaja, eläkeläinen","advanceVotes":2,"npid":5,"totalVotes":2,"spid":6,"abbr":"VAS","municipalCouncilor":false,"muid":777,"alid":5,"firstname":"Antti","electionDayVotes":0,"pid":"15","finalPosition":0,"electedInformation":"NOT_ELECTED","totalVotesPercent":0.6,"nominatorName":{"fi":"Vasemmistoliitto","sv":"Vänsterförbundet","en":"The Left Alliance"},"caid":67,"position":0,"gender":"1","comparisonData":{"totalVotes":43,"votesTotalChange":-41},"edid":12,"comparativeIndex":0.0,"electionDayVotesPercent":0.0,"nominatorAbbr":{"fi":"VAS","sv":"VF","en":"LEFT"}},{"age":19,"advanceVotesPercent":0.4,"lastname":"Mäkeläinen","occupation":"opiskelija","advanceVotes":1,"npid":5,"totalVotes":2,"spid":6,"abbr":"VAS","municipalCouncilor":false,"muid":777,"alid":5,"firstname":"Riitu","electionDayVotes":1,"pid":"15","finalPosition":0,"electedInformation":"NOT_ELECTED","totalVotesPercent":0.6,"nominatorName":{"fi":"Vasemmistoliitto","sv":"Vänsterförbundet","en":"The Left Alliance"},"caid":69,"position":0,"gender":"2","comparisonData":{"totalVotes":0,"votesTotalChange":2},"edid":12,"comparativeIndex":0.0,"electionDayVotesPercent":1.1,"nominatorAbbr":{"fi":"VAS","sv":"VF","en":"LEFT"}},{"age":63,"advanceVotesPercent":0.4,"lastname":"Kela","occupation":"maaseudun kehittäjä","advanceVotes":1,"npid":1,"totalVotes":1,"spid":5,"abbr":"VIHR","municipalCouncilor":false,"muid":777,"alid":1,"firstname":"Juhani","electionDayVotes":0,"pid":"13","finalPosition":0,"electedInformation":"NOT_ELECTED","totalVotesPercent":0.3,"nominatorName":{"fi":"Vihreä liitto","sv":"Gröna förbundet","en":"Green League"},"caid":3,"position":0,"gender":"1","comparisonData":{"totalVotes":26,"votesTotalChange":-25},"edid":12,"comparativeIndex":0.0,"electionDayVotesPercent":0.0,"nominatorAbbr":{"fi":"VIHR","sv":"Gröna","en":"GREEN"}},{"age":36,"advanceVotesPercent":0.4,"lastname":"Pyykkönen","occupation":"rakennusinsinööri","advanceVotes":1,"npid":2,"totalVotes":1,"spid":3,"abbr":"PS","municipalCouncilor":false,"muid":777,"alid":2,"firstname":"Olli-Pekka","electionDayVotes":0,"pid":"23","finalPosition":0,"electedInformation":"ON_SUBSTITUTE_PLACE","totalVotesPercent":0.3,"nominatorName":{"fi":"Perussuomalaiset","sv":"Sannfinländarna","en":"The Finns Party"},"caid":6,"position":0,"gender":"1","comparisonData":{"totalVotes":0,"votesTotalChange":1},"edid":12,"comparativeIndex":0.0,"electionDayVotesPercent":0.0,"nominatorAbbr":{"fi":"PS","sv":"Sannf","en":"FINNS"}},{"age":47,"advanceVotesPercent":0.4,"lastname":"Viinikainen","occupation":"yrittäjä","advanceVotes":1,"npid":2,"totalVotes":1,"spid":3,"abbr":"PS","municipalCouncilor":false,"muid":777,"alid":2,"firstname":"Pasi","electionDayVotes":0,"pid":"23","finalPosition":0,"electedInformation":"NOT_ELECTED","totalVotesPercent":0.3,"nominatorName":{"fi":"Perussuomalaiset","sv":"Sannfinländarna","en":"The Finns Party"},"caid":7,"position":0,"gender":"1","comparisonData":{"totalVotes":37,"votesTotalChange":-36},"edid":12,"comparativeIndex":0.0,"electionDayVotesPercent":0.0,"nominatorAbbr":{"fi":"PS","sv":"Sannf","en":"FINNS"}},{"age":33,"advanceVotesPercent":0.4,"lastname":"Heikkinen","occupation":"myyntipäällikkö","advanceVotes":1,"npid":4,"totalVotes":1,"spid":1,"abbr":"KESK","municipalCouncilor":false,"muid":777,"alid":4,"firstname":"Miia","electionDayVotes":0,"pid":"2","finalPosition":0,"electedInformation":"ON_SUBSTITUTE_PLACE","totalVotesPercent":0.3,"nominatorName":{"fi":"Suomen Keskusta","sv":"Centern i Finland","en":"Centre Party of Finland"},"caid":11,"position":0,"gender":"2","comparisonData":{"totalVotes":0,"votesTotalChange":1},"edid":12,"comparativeIndex":0.0,"electionDayVotesPercent":0.0,"nominatorAbbr":{"fi":"KESK","sv":"C","en":"CENT"}},{"age":65,"advanceVotesPercent":0.4,"lastname":"Heikkinen","occupation":"eläkeläinen","advanceVotes":1,"npid":4,"totalVotes":1,"spid":1,"abbr":"KESK","municipalCouncilor":false,"muid":777,"alid":4,"firstname":"Vuokko","electionDayVotes":0,"pid":"2","finalPosition":0,"electedInformation":"NOT_ELECTED","totalVotesPercent":0.3,"nominatorName":{"fi":"Suomen Keskusta","sv":"Centern i Finland","en":"Centre Party of Finland"},"caid":16,"position":0,"gender":"2","comparisonData":{"totalVotes":6,"votesTotalChange":-5},"edid":12,"comparativeIndex":0.0,"electionDayVotesPercent":0.0,"nominatorAbbr":{"fi":"KESK","sv":"C","en":"CENT"}},{"age":57,"advanceVotesPercent":0.0,"lastname":"Kaartinen","occupation":"omaishoitaja, maatalouslomittaja","advanceVotes":0,"npid":4,"totalVotes":1,"spid":1,"abbr":"KESK","municipalCouncilor":false,"muid":777,"alid":4,"firstname":"Jarmo","electionDayVotes":1,"pid":"2","finalPosition":0,"electedInformation":"ON_SUBSTITUTE_PLACE","totalVotesPercent":0.3,"nominatorName":{"fi":"Suomen Keskusta","sv":"Centern i Finland","en":"Centre Party of Finland"},"caid":23,"position":0,"gender":"1","comparisonData":{"totalVotes":0,"votesTotalChange":1},"edid":12,"comparativeIndex":0.0,"electionDayVotesPercent":1.1,"nominatorAbbr":{"fi":"KESK","sv":"C","en":"CENT"}},{"age":64,"advanceVotesPercent":0.4,"lastname":"Kemppainen","occupation":"suntio","advanceVotes":1,"npid":4,"totalVotes":1,"spid":1,"abbr":"KESK","municipalCouncilor":false,"muid":777,"alid":4,"firstname":"Lauri","electionDayVotes":0,"pid":"2","finalPosition":0,"electedInformation":"ON_SUBSTITUTE_PLACE","totalVotesPercent":0.3,"nominatorName":{"fi":"Suomen Keskusta","sv":"Centern i Finland","en":"Centre Party of Finland"},"caid":25,"position":0,"gender":"1","comparisonData":{"totalVotes":0,"votesTotalChange":1},"edid":12,"comparativeIndex":0.0,"electionDayVotesPercent":0.0,"nominatorAbbr":{"fi":"KESK","sv":"C","en":"CENT"}},{"age":69,"advanceVotesPercent":0.4,"lastname":"Makkonen","occupation":"maanviljelijä","advanceVotes":1,"npid":4,"totalVotes":1,"spid":1,"abbr":"KESK","municipalCouncilor":false,"muid":777,"alid":4,"firstname":"Leena","electionDayVotes":0,"pid":"2","finalPosition":0,"electedInformation":"ON_SUBSTITUTE_PLACE","totalVotesPercent":0.3,"nominatorName":{"fi":"Suomen Keskusta","sv":"Centern i Finland","en":"Centre Party of Finland"},"caid":33,"position":0,"gender":"2","comparisonData":{"totalVotes":30,"votesTotalChange":-29},"edid":12,"comparativeIndex":0.0,"electionDayVotesPercent":0.0,"nominatorAbbr":{"fi":"KESK","sv":"C","en":"CENT"}},{"age":71,"advanceVotesPercent":0.0,"lastname":"Moilanen","occupation":"linja-auto- ja matkatoimistoyrittäjä","advanceVotes":0,"npid":4,"totalVotes":1,"spid":1,"abbr":"KESK","municipalCouncilor":false,"muid":777,"alid":4,"firstname":"Eero","electionDayVotes":1,"pid":"2","finalPosition":0,"electedInformation":"NOT_ELECTED","totalVotesPercent":0.3,"nominatorName":{"fi":"Suomen Keskusta","sv":"Centern i Finland","en":"Centre Party of Finland"},"caid":35,"position":0,"gender":"1","comparisonData":{"totalVotes":13,"votesTotalChange":-12},"edid":12,"comparativeIndex":0.0,"electionDayVotesPercent":1.1,"nominatorAbbr":{"fi":"KESK","sv":"C","en":"CENT"}},{"age":66,"advanceVotesPercent":0.4,"lastname":"Holappa","occupation":"kiinteistönhoitaja KTJ, eläkkeellä","advanceVotes":1,"npid":5,"totalVotes":1,"spid":6,"abbr":"VAS","municipalCouncilor":true,"muid":777,"alid":5,"firstname":"Veijo","electionDayVotes":0,"pid":"15","finalPosition":0,"electedInformation":"ELECTED","totalVotesPercent":0.3,"nominatorName":{"fi":"Vasemmistoliitto","sv":"Vänsterförbundet","en":"The Left Alliance"},"caid":55,"position":0,"gender":"1","comparisonData":{"totalVotes":66,"votesTotalChange":-65},"edid":12,"comparativeIndex":0.0,"electionDayVotesPercent":0.0,"nominatorAbbr":{"fi":"VAS","sv":"VF","en":"LEFT"}},{"age":33,"advanceVotesPercent":0.0,"lastname":"Kinnunen","occupation":"optinen myyjä","advanceVotes":0,"npid":5,"totalVotes":1,"spid":6,"abbr":"VAS","municipalCouncilor":false,"muid":777,"alid":5,"firstname":"Jonna","electionDayVotes":1,"pid":"15","finalPosition":0,"electedInformation":"ON_SUBSTITUTE_PLACE","totalVotesPercent":0.3,"nominatorName":{"fi":"Vasemmistoliitto","sv":"Vänsterförbundet","en":"The Left Alliance"},"caid":60,"position":0,"gender":"2","comparisonData":{"totalVotes":0,"votesTotalChange":1},"edid":12,"comparativeIndex":0.0,"electionDayVotesPercent":1.1,"nominatorAbbr":{"fi":"VAS","sv":"VF","en":"LEFT"}},{"age":57,"advanceVotesPercent":0.4,"lastname":"Matero","occupation":"sosiaaliohjaaja, sairaanhoitaja","advanceVotes":1,"npid":5,"totalVotes":1,"spid":6,"abbr":"VAS","municipalCouncilor":false,"muid":777,"alid":5,"firstname":"Taina","electionDayVotes":0,"pid":"15","finalPosition":0,"electedInformation":"ELECTED","totalVotesPercent":0.3,"nominatorName":{"fi":"Vasemmistoliitto","sv":"Vänsterförbundet","en":"The Left Alliance"},"caid":66,"position":0,"gender":"2","comparisonData":{"totalVotes":41,"votesTotalChange":-40},"edid":12,"comparativeIndex":0.0,"electionDayVotesPercent":0.0,"nominatorAbbr":{"fi":"VAS","sv":"VF","en":"LEFT"}},{"age":43,"advanceVotesPercent":0.0,"lastname":"Saastamoinen","occupation":"palveluesimies, omaishoitaja","advanceVotes":0,"npid":5,"totalVotes":1,"spid":6,"abbr":"VAS","municipalCouncilor":false,"muid":777,"alid":5,"firstname":"Minna","electionDayVotes":1,"pid":"15","finalPosition":0,"electedInformation":"ELECTED","totalVotesPercent":0.3,"nominatorName":{"fi":"Vasemmistoliitto","sv":"Vänsterförbundet","en":"The Left Alliance"},"caid":72,"position":0,"gender":"2","comparisonData":{"totalVotes":0,"votesTotalChange":1},"edid":12,"comparativeIndex":0.0,"electionDayVotesPercent":1.1,"nominatorAbbr":{"fi":"VAS","sv":"VF","en":"LEFT"}},{"age":53,"advanceVotesPercent":0.4,"lastname":"Seppänen","occupation":"metsuri","advanceVotes":1,"npid":5,"totalVotes":1,"spid":6,"abbr":"VAS","municipalCouncilor":false,"muid":777,"alid":5,"firstname":"Jukka","electionDayVotes":0,"pid":"15","finalPosition":0,"electedInformation":"ELECTED","totalVotesPercent":0.3,"nominatorName":{"fi":"Vasemmistoliitto","sv":"Vänsterförbundet","en":"The Left Alliance"},"caid":74,"position":0,"gender":"1","comparisonData":{"totalVotes":0,"votesTotalChange":1},"edid":12,"comparativeIndex":0.0,"electionDayVotesPercent":0.0,"nominatorAbbr":{"fi":"VAS","sv":"VF","en":"LEFT"}},{"age":59,"advanceVotesPercent":0.4,"lastname":"Alanko","occupation":"luokanopettaja","advanceVotes":1,"npid":6,"totalVotes":1,"spid":2,"abbr":"KOK","municipalCouncilor":true,"muid":777,"alid":6,"firstname":"Jukka-Pekka","electionDayVotes":0,"pid":"4","finalPosition":0,"electedInformation":"ELECTED","totalVotesPercent":0.3,"nominatorName":{"fi":"Kansallinen Kokoomus","sv":"Samlingspartiet","en":"National Coalition Party"},"caid":77,"position":0,"gender":"1","comparisonData":{"totalVotes":56,"votesTotalChange":-55},"edid":12,"comparativeIndex":0.0,"electionDayVotesPercent":0.0,"nominatorAbbr":{"fi":"KOK","sv":"Saml","en":"NCP"}},{"age":52,"advanceVotesPercent":0.0,"lastname":"Nilkku","occupation":"lehtori","advanceVotes":0,"npid":6,"totalVotes":1,"spid":2,"abbr":"KOK","municipalCouncilor":false,"muid":777,"alid":6,"firstname":"Heikki","electionDayVotes":1,"pid":"4","finalPosition":0,"electedInformation":"ON_SUBSTITUTE_PLACE","totalVotesPercent":0.3,"nominatorName":{"fi":"Kansallinen Kokoomus","sv":"Samlingspartiet","en":"National Coalition Party"},"caid":82,"position":0,"gender":"1","comparisonData":{"totalVotes":50,"votesTotalChange":-49},"edid":12,"comparativeIndex":0.0,"electionDayVotesPercent":1.1,"nominatorAbbr":{"fi":"KOK","sv":"Saml","en":"NCP"}},{"age":64,"advanceVotesPercent":0.4,"lastname":"Pakarinen","occupation":"hammaslääkäri","advanceVotes":1,"npid":6,"totalVotes":1,"spid":2,"abbr":"KOK","municipalCouncilor":false,"muid":777,"alid":6,"firstname":"Ahti","electionDayVotes":0,"pid":"4","finalPosition":0,"electedInformation":"ELECTED","totalVotesPercent":0.3,"nominatorName":{"fi":"Kansallinen Kokoomus","sv":"Samlingspartiet","en":"National Coalition Party"},"caid":83,"position":0,"gender":"1","comparisonData":{"totalVotes":0,"votesTotalChange":1},"edid":12,"comparativeIndex":0.0,"electionDayVotesPercent":0.0,"nominatorAbbr":{"fi":"KOK","sv":"Saml","en":"NCP"}},{"age":34,"advanceVotesPercent":0.0,"lastname":"Vasunta","occupation":"controller","advanceVotes":0,"npid":6,"totalVotes":1,"spid":2,"abbr":"KOK","municipalCouncilor":false,"muid":777,"alid":6,"firstname":"Elina","electionDayVotes":1,"pid":"4","finalPosition":0,"electedInformation":"NOT_ELECTED","totalVotesPercent":0.3,"nominatorName":{"fi":"Kansallinen Kokoomus","sv":"Samlingspartiet","en":"National Coalition Party"},"caid":85,"position":0,"gender":"2","comparisonData":{"totalVotes":0,"votesTotalChange":1},"edid":12,"comparativeIndex":0.0,"electionDayVotesPercent":1.1,"nominatorAbbr":{"fi":"KOK","sv":"Saml","en":"NCP"}},{"age":67,"advanceVotesPercent":0.0,"lastname":"Heikkinen","occupation":"perushoitaja, eläkeläinen","advanceVotes":0,"npid":4,"totalVotes":0,"spid":1,"abbr":"KESK","municipalCouncilor":false,"muid":777,"alid":4,"firstname":"Arja","electionDayVotes":0,"pid":"2","finalPosition":0,"electedInformation":"ON_SUBSTITUTE_PLACE","totalVotesPercent":0.0,"nominatorName":{"fi":"Suomen Keskusta","sv":"Centern i Finland","en":"Centre Party of Finland"},"caid":9,"position":0,"gender":"2","comparisonData":{"totalVotes":28,"votesTotalChange":-28},"edid":12,"comparativeIndex":0.0,"electionDayVotesPercent":0.0,"nominatorAbbr":{"fi":"KESK","sv":"C","en":"CENT"}},{"age":53,"advanceVotesPercent":0.0,"lastname":"Heikkinen","occupation":"luokanopettaja","advanceVotes":0,"npid":4,"totalVotes":0,"spid":1,"abbr":"KESK","municipalCouncilor":true,"muid":777,"alid":4,"firstname":"Juha","electionDayVotes":0,"pid":"2","finalPosition":0,"electedInformation":"ELECTED","totalVotesPercent":0.0,"nominatorName":{"fi":"Suomen Keskusta","sv":"Centern i Finland","en":"Centre Party of Finland"},"caid":10,"position":0,"gender":"1","comparisonData":{"totalVotes":70,"votesTotalChange":-70},"edid":12,"comparativeIndex":0.0,"electionDayVotesPercent":0.0,"nominatorAbbr":{"fi":"KESK","sv":"C","en":"CENT"}},{"age":71,"advanceVotesPercent":0.0,"lastname":"Heikkinen","occupation":"metsuri, eläkeläinen","advanceVotes":0,"npid":4,"totalVotes":0,"spid":1,"abbr":"KESK","municipalCouncilor":false,"muid":777,"alid":4,"firstname":"Paavo","electionDayVotes":0,"pid":"2","finalPosition":0,"electedInformation":"NOT_ELECTED","totalVotesPercent":0.0,"nominatorName":{"fi":"Suomen Keskusta","sv":"Centern i Finland","en":"Centre Party of Finland"},"caid":12,"position":0,"gender":"1","comparisonData":{"totalVotes":10,"votesTotalChange":-10},"edid":12,"comparativeIndex":0.0,"electionDayVotesPercent":0.0,"nominatorAbbr":{"fi":"KESK","sv":"C","en":"CENT"}},{"age":56,"advanceVotesPercent":0.0,"lastname":"Heikkinen","occupation":"erityisluokanopettaja","advanceVotes":0,"npid":4,"totalVotes":0,"spid":1,"abbr":"KESK","municipalCouncilor":true,"muid":777,"alid":4,"firstname":"Pirjo","electionDayVotes":0,"pid":"2","finalPosition":0,"electedInformation":"ELECTED","totalVotesPercent":0.0,"nominatorName":{"fi":"Suomen Keskusta","sv":"Centern i Finland","en":"Centre Party of Finland"},"caid":13,"position":0,"gender":"2","comparisonData":{"totalVotes":60,"votesTotalChange":-60},"edid":12,"comparativeIndex":0.0,"electionDayVotesPercent":0.0,"nominatorAbbr":{"fi":"KESK","sv":"C","en":"CENT"}},{"age":51,"advanceVotesPercent":0.0,"lastname":"Heikkinen","occupation":"teknikko, monialatoimija","advanceVotes":0,"npid":4,"totalVotes":0,"spid":1,"abbr":"KESK","municipalCouncilor":false,"muid":777,"alid":4,"firstname":"Vesa","electionDayVotes":0,"pid":"2","finalPosition":0,"electedInformation":"ELECTED","totalVotesPercent":0.0,"nominatorName":{"fi":"Suomen Keskusta","sv":"Centern i Finland","en":"Centre Party of Finland"},"caid":15,"position":0,"gender":"1","comparisonData":{"totalVotes":0,"votesTotalChange":0},"edid":12,"comparativeIndex":0.0,"electionDayVotesPercent":0.0,"nominatorAbbr":{"fi":"KESK","sv":"C","en":"CENT"}},{"age":38,"advanceVotesPercent":0.0,"lastname":"Holappa","occupation":"lähihoitaja","advanceVotes":0,"npid":4,"totalVotes":0,"spid":1,"abbr":"KESK","municipalCouncilor":false,"muid":777,"alid":4,"firstname":"Johanna","electionDayVotes":0,"pid":"2","finalPosition":0,"electedInformation":"NOT_ELECTED","totalVotesPercent":0.0,"nominatorName":{"fi":"Suomen Keskusta","sv":"Centern i Finland","en":"Centre Party of Finland"},"caid":19,"position":0,"gender":"2","comparisonData":{"totalVotes":0,"votesTotalChange":0},"edid":12,"comparativeIndex":0.0,"electionDayVotesPercent":0.0,"nominatorAbbr":{"fi":"KESK","sv":"C","en":"CENT"}},{"age":58,"advanceVotesPercent":0.0,"lastname":"Härkönen","occupation":"ensihoitaja","advanceVotes":0,"npid":4,"totalVotes":0,"spid":1,"abbr":"KESK","municipalCouncilor":true,"muid":777,"alid":4,"firstname":"Raimo","electionDayVotes":0,"pid":"2","finalPosition":0,"electedInformation":"ELECTED","totalVotesPercent":0.0,"nominatorName":{"fi":"Suomen Keskusta","sv":"Centern i Finland","en":"Centre Party of Finland"},"caid":20,"position":0,"gender":"1","comparisonData":{"totalVotes":97,"votesTotalChange":-97},"edid":12,"comparativeIndex":0.0,"electionDayVotesPercent":0.0,"nominatorAbbr":{"fi":"KESK","sv":"C","en":"CENT"}},{"age":67,"advanceVotesPercent":0.0,"lastname":"Kemppainen","occupation":"metsätalousteknikko","advanceVotes":0,"npid":4,"totalVotes":0,"spid":1,"abbr":"KESK","municipalCouncilor":true,"muid":777,"alid":4,"firstname":"Pertti","electionDayVotes":0,"pid":"2","finalPosition":0,"electedInformation":"ON_SUBSTITUTE_PLACE","totalVotesPercent":0.0,"nominatorName":{"fi":"Suomen Keskusta","sv":"Centern i Finland","en":"Centre Party of Finland"},"caid":26,"position":0,"gender":"1","comparisonData":{"totalVotes":46,"votesTotalChange":-46},"edid":12,"comparativeIndex":0.0,"electionDayVotesPercent":0.0,"nominatorAbbr":{"fi":"KESK","sv":"C","en":"CENT"}},{"age":51,"advanceVotesPercent":0.0,"lastname":"Kinnunen","occupation":"päiväkotiapulainen","advanceVotes":0,"npid":4,"totalVotes":0,"spid":1,"abbr":"KESK","municipalCouncilor":false,"muid":777,"alid":4,"firstname":"Niina","electionDayVotes":0,"pid":"2","finalPosition":0,"electedInformation":"ON_SUBSTITUTE_PLACE","totalVotesPercent":0.0,"nominatorName":{"fi":"Suomen Keskusta","sv":"Centern i Finland","en":"Centre Party of Finland"},"caid":29,"position":0,"gender":"2","comparisonData":{"totalVotes":15,"votesTotalChange":-15},"edid":12,"comparativeIndex":0.0,"electionDayVotesPercent":0.0,"nominatorAbbr":{"fi":"KESK","sv":"C","en":"CENT"}},{"age":44,"advanceVotesPercent":0.0,"lastname":"Manninen","occupation":"rahoitusneuvoja","advanceVotes":0,"npid":4,"totalVotes":0,"spid":1,"abbr":"KESK","municipalCouncilor":false,"muid":777,"alid":4,"firstname":"Kirsi","electionDayVotes":0,"pid":"2","finalPosition":0,"electedInformation":"ON_SUBSTITUTE_PLACE","totalVotesPercent":0.0,"nominatorName":{"fi":"Suomen Keskusta","sv":"Centern i Finland","en":"Centre Party of Finland"},"caid":34,"position":0,"gender":"2","comparisonData":{"totalVotes":12,"votesTotalChange":-12},"edid":12,"comparativeIndex":0.0,"electionDayVotesPercent":0.0,"nominatorAbbr":{"fi":"KESK","sv":"C","en":"CENT"}},{"age":59,"advanceVotesPercent":0.0,"lastname":"Mulari","occupation":"yrittäjä","advanceVotes":0,"npid":4,"totalVotes":0,"spid":1,"abbr":"KESK","municipalCouncilor":true,"muid":777,"alid":4,"firstname":"Keijo","electionDayVotes":0,"pid":"2","finalPosition":0,"electedInformation":"ELECTED","totalVotesPercent":0.0,"nominatorName":{"fi":"Suomen Keskusta","sv":"Centern i Finland","en":"Centre Party of Finland"},"caid":37,"position":0,"gender":"1","comparisonData":{"totalVotes":103,"votesTotalChange":-103},"edid":12,"comparativeIndex":0.0,"electionDayVotesPercent":0.0,"nominatorAbbr":{"fi":"KESK","sv":"C","en":"CENT"}},{"age":61,"advanceVotesPercent":0.0,"lastname":"Pyykkönen","occupation":"yrittäjä, eläkeläinen","advanceVotes":0,"npid":4,"totalVotes":0,"spid":1,"abbr":"KESK","municipalCouncilor":true,"muid":777,"alid":4,"firstname":"Reijo","electionDayVotes":0,"pid":"2","finalPosition":0,"electedInformation":"ON_SUBSTITUTE_PLACE","totalVotesPercent":0.0,"nominatorName":{"fi":"Suomen Keskusta","sv":"Centern i Finland","en":"Centre Party of Finland"},"caid":42,"position":0,"gender":"1","comparisonData":{"totalVotes":64,"votesTotalChange":-64},"edid":12,"comparativeIndex":0.0,"electionDayVotesPercent":0.0,"nominatorAbbr":{"fi":"KESK","sv":"C","en":"CENT"}},{"age":50,"advanceVotesPercent":0.0,"lastname":"Heikkinen","occupation":"tuotetyöntekijä","advanceVotes":0,"npid":5,"totalVotes":0,"spid":6,"abbr":"VAS","municipalCouncilor":false,"muid":777,"alid":5,"firstname":"Arto","electionDayVotes":0,"pid":"15","finalPosition":0,"electedInformation":"ON_SUBSTITUTE_PLACE","totalVotesPercent":0.0,"nominatorName":{"fi":"Vasemmistoliitto","sv":"Vänsterförbundet","en":"The Left Alliance"},"caid":50,"position":0,"gender":"1","comparisonData":{"totalVotes":0,"votesTotalChange":0},"edid":12,"comparativeIndex":0.0,"electionDayVotesPercent":0.0,"nominatorAbbr":{"fi":"VAS","sv":"VF","en":"LEFT"}},{"age":70,"advanceVotesPercent":0.0,"lastname":"Heikkinen","occupation":"metsuri, eläkeläinen","advanceVotes":0,"npid":5,"totalVotes":0,"spid":6,"abbr":"VAS","municipalCouncilor":false,"muid":777,"alid":5,"firstname":"Esko","electionDayVotes":0,"pid":"15","finalPosition":0,"electedInformation":"ON_SUBSTITUTE_PLACE","totalVotesPercent":0.0,"nominatorName":{"fi":"Vasemmistoliitto","sv":"Vänsterförbundet","en":"The Left Alliance"},"caid":51,"position":0,"gender":"1","comparisonData":{"totalVotes":0,"votesTotalChange":0},"edid":12,"comparativeIndex":0.0,"electionDayVotesPercent":0.0,"nominatorAbbr":{"fi":"VAS","sv":"VF","en":"LEFT"}},{"age":72,"advanceVotesPercent":0.0,"lastname":"Heikkinen","occupation":"linja-autonkuljettaja","advanceVotes":0,"npid":5,"totalVotes":0,"spid":6,"abbr":"VAS","municipalCouncilor":false,"muid":777,"alid":5,"firstname":"Tauno","electionDayVotes":0,"pid":"15","finalPosition":0,"electedInformation":"NOT_ELECTED","totalVotesPercent":0.0,"nominatorName":{"fi":"Vasemmistoliitto","sv":"Vänsterförbundet","en":"The Left Alliance"},"caid":53,"position":0,"gender":"1","comparisonData":{"totalVotes":2,"votesTotalChange":-2},"edid":12,"comparativeIndex":0.0,"electionDayVotesPercent":0.0,"nominatorAbbr":{"fi":"VAS","sv":"VF","en":"LEFT"}},{"age":72,"advanceVotesPercent":0.0,"lastname":"Karhapää","occupation":"eläkeläinen","advanceVotes":0,"npid":5,"totalVotes":0,"spid":6,"abbr":"VAS","municipalCouncilor":false,"muid":777,"alid":5,"firstname":"Pertti","electionDayVotes":0,"pid":"15","finalPosition":0,"electedInformation":"NOT_ELECTED","totalVotesPercent":0.0,"nominatorName":{"fi":"Vasemmistoliitto","sv":"Vänsterförbundet","en":"The Left Alliance"},"caid":58,"position":0,"gender":"1","comparisonData":{"totalVotes":11,"votesTotalChange":-11},"edid":12,"comparativeIndex":0.0,"electionDayVotesPercent":0.0,"nominatorAbbr":{"fi":"VAS","sv":"VF","en":"LEFT"}},{"age":19,"advanceVotesPercent":0.0,"lastname":"Khaikovitch","occupation":"yo","advanceVotes":0,"npid":5,"totalVotes":0,"spid":6,"abbr":"VAS","municipalCouncilor":false,"muid":777,"alid":5,"firstname":"Iivari","electionDayVotes":0,"pid":"15","finalPosition":0,"electedInformation":"ON_SUBSTITUTE_PLACE","totalVotesPercent":0.0,"nominatorName":{"fi":"Vasemmistoliitto","sv":"Vänsterförbundet","en":"The Left Alliance"},"caid":59,"position":0,"gender":"1","comparisonData":{"totalVotes":0,"votesTotalChange":0},"edid":12,"comparativeIndex":0.0,"electionDayVotesPercent":0.0,"nominatorAbbr":{"fi":"VAS","sv":"VF","en":"LEFT"}},{"age":41,"advanceVotesPercent":0.0,"lastname":"Kinnunen","occupation":"ympäristö- ja rakennustekniikan insinööri","advanceVotes":0,"npid":5,"totalVotes":0,"spid":6,"abbr":"VAS","municipalCouncilor":true,"muid":777,"alid":5,"firstname":"Niina","electionDayVotes":0,"pid":"15","finalPosition":0,"electedInformation":"ON_SUBSTITUTE_PLACE","totalVotesPercent":0.0,"nominatorName":{"fi":"Vasemmistoliitto","sv":"Vänsterförbundet","en":"The Left Alliance"},"caid":61,"position":0,"gender":"2","comparisonData":{"totalVotes":48,"votesTotalChange":-48},"edid":12,"comparativeIndex":0.0,"electionDayVotesPercent":0.0,"nominatorAbbr":{"fi":"VAS","sv":"VF","en":"LEFT"}},{"age":53,"advanceVotesPercent":0.0,"lastname":"Kyllönen","occupation":"vaihetyöntekijä","advanceVotes":0,"npid":5,"totalVotes":0,"spid":6,"abbr":"VAS","municipalCouncilor":false,"muid":777,"alid":5,"firstname":"Riitta","electionDayVotes":0,"pid":"15","finalPosition":0,"electedInformation":"ON_SUBSTITUTE_PLACE","totalVotesPercent":0.0,"nominatorName":{"fi":"Vasemmistoliitto","sv":"Vänsterförbundet","en":"The Left Alliance"},"caid":63,"position":0,"gender":"2","comparisonData":{"totalVotes":19,"votesTotalChange":-19},"edid":12,"comparativeIndex":0.0,"electionDayVotesPercent":0.0,"nominatorAbbr":{"fi":"VAS","sv":"VF","en":"LEFT"}},{"age":71,"advanceVotesPercent":0.0,"lastname":"Laukkanen","occupation":"sähköasentaja","advanceVotes":0,"npid":5,"totalVotes":0,"spid":6,"abbr":"VAS","municipalCouncilor":false,"muid":777,"alid":5,"firstname":"Matti","electionDayVotes":0,"pid":"15","finalPosition":0,"electedInformation":"NOT_ELECTED","totalVotesPercent":0.0,"nominatorName":{"fi":"Vasemmistoliitto","sv":"Vänsterförbundet","en":"The Left Alliance"},"caid":65,"position":0,"gender":"1","comparisonData":{"totalVotes":7,"votesTotalChange":-7},"edid":12,"comparativeIndex":0.0,"electionDayVotesPercent":0.0,"nominatorAbbr":{"fi":"VAS","sv":"VF","en":"LEFT"}},{"age":26,"advanceVotesPercent":0.0,"lastname":"Moilanen","occupation":"sairaanhoitaja","advanceVotes":0,"npid":5,"totalVotes":0,"spid":6,"abbr":"VAS","municipalCouncilor":false,"muid":777,"alid":5,"firstname":"Ville","electionDayVotes":0,"pid":"15","finalPosition":0,"electedInformation":"ON_SUBSTITUTE_PLACE","totalVotesPercent":0.0,"nominatorName":{"fi":"Vasemmistoliitto","sv":"Vänsterförbundet","en":"The Left Alliance"},"caid":68,"position":0,"gender":"1","comparisonData":{"totalVotes":0,"votesTotalChange":0},"edid":12,"comparativeIndex":0.0,"electionDayVotesPercent":0.0,"nominatorAbbr":{"fi":"VAS","sv":"VF","en":"LEFT"}},{"age":60,"advanceVotesPercent":0.0,"lastname":"Nurmi","occupation":"vastaava pakolaisohjaaja","advanceVotes":0,"npid":5,"totalVotes":0,"spid":6,"abbr":"VAS","municipalCouncilor":true,"muid":777,"alid":5,"firstname":"Maarit","electionDayVotes":0,"pid":"15","finalPosition":0,"electedInformation":"NOT_ELECTED","totalVotesPercent":0.0,"nominatorName":{"fi":"Vasemmistoliitto","sv":"Vänsterförbundet","en":"The Left Alliance"},"caid":70,"position":0,"gender":"2","comparisonData":{"totalVotes":59,"votesTotalChange":-59},"edid":12,"comparativeIndex":0.0,"electionDayVotesPercent":0.0,"nominatorAbbr":{"fi":"VAS","sv":"VF","en":"LEFT"}},{"age":71,"advanceVotesPercent":0.0,"lastname":"Schroderus","occupation":"yrittäjä, eläkeläinen","advanceVotes":0,"npid":5,"totalVotes":0,"spid":6,"abbr":"VAS","municipalCouncilor":false,"muid":777,"alid":5,"firstname":"Eeva","electionDayVotes":0,"pid":"15","finalPosition":0,"electedInformation":"NOT_ELECTED","totalVotesPercent":0.0,"nominatorName":{"fi":"Vasemmistoliitto","sv":"Vänsterförbundet","en":"The Left Alliance"},"caid":73,"position":0,"gender":"2","comparisonData":{"totalVotes":17,"votesTotalChange":-17},"edid":12,"comparativeIndex":0.0,"electionDayVotesPercent":0.0,"nominatorAbbr":{"fi":"VAS","sv":"VF","en":"LEFT"}},{"age":58,"advanceVotesPercent":0.0,"lastname":"Seppänen","occupation":"palvelusihteeri","advanceVotes":0,"npid":5,"totalVotes":0,"spid":6,"abbr":"VAS","municipalCouncilor":true,"muid":777,"alid":5,"firstname":"Merja-Liisa","electionDayVotes":0,"pid":"15","finalPosition":0,"electedInformation":"ON_SUBSTITUTE_PLACE","totalVotesPercent":0.0,"nominatorName":{"fi":"Vasemmistoliitto","sv":"Vänsterförbundet","en":"The Left Alliance"},"caid":76,"position":0,"gender":"2","comparisonData":{"totalVotes":60,"votesTotalChange":-60},"edid":12,"comparativeIndex":0.0,"electionDayVotesPercent":0.0,"nominatorAbbr":{"fi":"VAS","sv":"VF","en":"LEFT"}},{"age":55,"advanceVotesPercent":0.0,"lastname":"Kivijärvi","occupation":"merkonomi","advanceVotes":0,"npid":6,"totalVotes":0,"spid":2,"abbr":"KOK","municipalCouncilor":false,"muid":777,"alid":6,"firstname":"Asta","electionDayVotes":0,"pid":"4","finalPosition":0,"electedInformation":"NOT_ELECTED","totalVotesPercent":0.0,"nominatorName":{"fi":"Kansallinen Kokoomus","sv":"Samlingspartiet","en":"National Coalition Party"},"caid":78,"position":0,"gender":"2","comparisonData":{"totalVotes":7,"votesTotalChange":-7},"edid":12,"comparativeIndex":0.0,"electionDayVotesPercent":0.0,"nominatorAbbr":{"fi":"KOK","sv":"Saml","en":"NCP"}},{"age":60,"advanceVotesPercent":0.0,"lastname":"Koivumäki","occupation":"karjatalousteknikko, eläkeläinen","advanceVotes":0,"npid":6,"totalVotes":0,"spid":2,"abbr":"KOK","municipalCouncilor":false,"muid":777,"alid":6,"firstname":"Markku","electionDayVotes":0,"pid":"4","finalPosition":0,"electedInformation":"NOT_ELECTED","totalVotesPercent":0.0,"nominatorName":{"fi":"Kansallinen Kokoomus","sv":"Samlingspartiet","en":"National Coalition Party"},"caid":79,"position":0,"gender":"1","comparisonData":{"totalVotes":6,"votesTotalChange":-6},"edid":12,"comparativeIndex":0.0,"electionDayVotesPercent":0.0,"nominatorAbbr":{"fi":"KOK","sv":"Saml","en":"NCP"}},{"age":47,"advanceVotesPercent":0.0,"lastname":"Laine","occupation":"pelastaja, lähihoitaja","advanceVotes":0,"npid":6,"totalVotes":0,"spid":2,"abbr":"KOK","municipalCouncilor":false,"muid":777,"alid":6,"firstname":"Kimmo","electionDayVotes":0,"pid":"4","finalPosition":0,"electedInformation":"ON_SUBSTITUTE_PLACE","totalVotesPercent":0.0,"nominatorName":{"fi":"Kansallinen Kokoomus","sv":"Samlingspartiet","en":"National Coalition Party"},"caid":80,"position":0,"gender":"1","comparisonData":{"totalVotes":41,"votesTotalChange":-41},"edid":12,"comparativeIndex":0.0,"electionDayVotesPercent":0.0,"nominatorAbbr":{"fi":"KOK","sv":"Saml","en":"NCP"}},{"age":70,"advanceVotesPercent":0.0,"lastname":"Mulari","occupation":"mekaanikko, eläkeläinen","advanceVotes":0,"npid":6,"totalVotes":0,"spid":2,"abbr":"KOK","municipalCouncilor":false,"muid":777,"alid":6,"firstname":"Jorma","electionDayVotes":0,"pid":"4","finalPosition":0,"electedInformation":"NOT_ELECTED","totalVotesPercent":0.0,"nominatorName":{"fi":"Kansallinen Kokoomus","sv":"Samlingspartiet","en":"National Coalition Party"},"caid":81,"position":0,"gender":"1","comparisonData":{"totalVotes":4,"votesTotalChange":-4},"edid":12,"comparativeIndex":0.0,"electionDayVotesPercent":0.0,"nominatorAbbr":{"fi":"KOK","sv":"Saml","en":"NCP"}},{"age":67,"advanceVotesPercent":0.0,"lastname":"Viinikkala","occupation":"erityisluokanopettaja, eläkeläinen","advanceVotes":0,"npid":6,"totalVotes":0,"spid":2,"abbr":"KOK","municipalCouncilor":false,"muid":777,"alid":6,"firstname":"Aila","electionDayVotes":0,"pid":"4","finalPosition":0,"electedInformation":"ON_SUBSTITUTE_PLACE","totalVotesPercent":0.0,"nominatorName":{"fi":"Kansallinen Kokoomus","sv":"Samlingspartiet","en":"National Coalition Party"},"caid":86,"position":0,"gender":"2","comparisonData":{"totalVotes":21,"votesTotalChange":-21},"edid":12,"comparativeIndex":0.0,"electionDayVotesPercent":0.0,"nominatorAbbr":{"fi":"KOK","sv":"Saml","en":"NCP"}}],"municipalityPollingDistricts":[{"name":{"fi":"Kirkonkylä","sv":"Kirkonkylä"},"calculationStatusPercent":100.0,"joinedArea":false,"muid":777,"totalVotingInFinlandTurnout":55.6,"identification":"001","pdid":"001","eligibleVotersInFinlandTotal":1467,"edid":12,"mergedToPdid":""},{"name":{"fi":"Niva","sv":"Niva"},"calculationStatusPercent":100.0,"joinedArea":false,"muid":777,"totalVotingInFinlandTurnout":50.0,"identification":"002","pdid":"002","eligibleVotersInFinlandTotal":414,"edid":12,"mergedToPdid":""},{"name":{"fi":"Ruhtinansalmi","sv":"Ruhtinansalmi"},"calculationStatusPercent":100.0,"joinedArea":false,"muid":777,"totalVotingInFinlandTurnout":60.9,"identification":"003","pdid":"003","eligibleVotersInFinlandTotal":580,"edid":12,"mergedToPdid":""},{"name":{"fi":"Ruukki","sv":"Ruukki"},"calculationStatusPercent":100.0,"joinedArea":false,"muid":777,"totalVotingInFinlandTurnout":51.9,"identification":"004","pdid":"004","eligibleVotersInFinlandTotal":1790,"edid":12,"mergedToPdid":""},{"name":{"fi":"Tervakangas","sv":"Tervakangas"},"calculationStatusPercent":100.0,"joinedArea":false,"muid":777,"totalVotingInFinlandTurnout":53.0,"identification":"005","pdid":"005","eligibleVotersInFinlandTotal":1486,"edid":12,"mergedToPdid":""},{"name":{"fi":"Ämmänsaari","sv":"Ämmänsaari"},"calculationStatusPercent":100.0,"joinedArea":false,"muid":777,"totalVotingInFinlandTurnout":53.4,"identification":"006","pdid":"006","eligibleVotersInFinlandTotal":1271,"edid":12,"mergedToPdid":""}],"municipality":{"muid":777,"edid":12,"name":{"fi":"Suomussalmi","sv":"Suomussalmi"}}}