{"version":57,"created":"2017-04-09T21:32:23.307Z","electionDetails":{"electionId":"kv2017","electionDate":"2017-04-09T00:00:00.000Z","electionDataPublishTime":"2017-04-09T17:00:00.000Z","name":{"fi":"Kuntavaalit 2017","sv":"Kommunalval 2017","en":"Elections 2017"},"previousElections":{"correspondingCompareElection":{"electionId":"kv2012","electionDate":"2012-10-28T00:00:00.000Z","name":{"fi":"Kuntavaalit 2012","en":"Municipal elections 2012","sv":"Kommunalval 2012"}},"otherCompareElection":{"electionId":"ev2015","electionDate":"2015-04-19T00:00:00.000Z","name":{"fi":"Eduskuntavaalit 2015","en":"Parliamentary election 2015","sv":"Riksdagsval 2015"}}}},"calculationStatus":{"electionDayVotingTurnout":32.5,"invalidAdvanceVotes":2,"calculationPhase":"INITIAL","invalidElectionDayVotes":5,"approvedAdvanceVotes":731,"advanceVotingTurnout":31.5,"totalVotingTurnoutAbroad":0.0,"name":{"fi":"Pohjoinen","sv":"Pohjoinen"},"calculationStatusPercent":100.0,"advanceVotes":733,"electionDayVotingTurnoutAbroad":0.0,"approvedTotalVotes":1482,"totalVotes":1489,"muid":79,"totalVotingInFinlandTurnout":64.0,"advanceVotingTurnoutAbroad":0.0,"invalidTotalVotes":7,"totalVotingTurnout":64.0,"electionDayVotes":756,"electionDayVotesInFinland":756,"pdid":"002","totalVotesInFinlandMen":0,"eligibleVotersInFinlandTotal":2328,"calculationStatusPercentElectionDayVotes":100.0,"sourceRecordModificationTime":"20170409212355","otherCompareElection":{"eid":"","eligibleVotersInFinlandTotal":0,"advanceVotingInFinlandTurnout":0.0,"electionDayVotingInFinlandTurnout":0.0,"totalVotingInFinlandTurnout":0.0,"approvedVotesTotal":0,"invalidVotesTotal":0},"correspondingCompareElection":{"eid":"","eligibleVotersInFinlandTotal":0,"advanceVotingInFinlandTurnout":0.0,"electionDayVotingInFinlandTurnout":0.0,"totalVotingInFinlandTurnout":0.0,"approvedVotesTotal":0,"invalidVotesTotal":0,"seats":0},"approvedElectionDayVotes":751,"edid":4,"calculationStatusPercentAdvanceVotes":100.0,"electionDayVotingInFinlandTurnout":32.5,"seats":0,"eligibleVotersTotal":2328,"advanceVotesInFinland":733,"advanceVotingInFinlandTurnout":31.5,"totalVotesInFinland":1489},"partyResults":[{"advanceVotesPercent":41.6,"name":{"fi":"Suomen Sosialidemokraattinen Puolue","sv":"Finlands Socialdemokratiska Parti","en":"The Finnish Social Democratic Party"},"advanceVotes":304,"npid":3,"totalVotes":641,"spid":4,"abbr":{"fi":"SDP","sv":"SDP","en":"SDP"},"alid":3,"electionDayVotes":337,"pid":"1","totalVotesPercent":43.3,"nominatorName":{"fi":"Suomen Sosialidemokraattinen Puolue","sv":"Finlands Socialdemokratiska Parti","en":"The Finnish Social Democratic Party"},"compareData":{"otherCompareElection":{"votesTotalChange":0,"votesTotalPercentChange":0.0,"votesTotal":641,"votesTotalPercent":43.3},"correspondingCompareElection":{"votesTotalChange":0,"votesTotalPercentChange":0.0,"seatChange":0,"votesTotal":641,"votesTotalPercent":43.3,"seatsTotal":0}},"seats":0,"electionDayVotesPercent":44.9,"nominatorAbbr":{"fi":"SDP","sv":"SDP","en":"SDP"}},{"advanceVotesPercent":25.3,"name":{"fi":"Kansallinen Kokoomus","sv":"Samlingspartiet","en":"National Coalition Party"},"advanceVotes":185,"npid":7,"totalVotes":335,"spid":2,"abbr":{"fi":"KOK","sv":"Saml","en":"NCP"},"alid":7,"electionDayVotes":150,"pid":"4","totalVotesPercent":22.6,"nominatorName":{"fi":"Kansallinen Kokoomus","sv":"Samlingspartiet","en":"National Coalition Party"},"compareData":{"otherCompareElection":{"votesTotalChange":0,"votesTotalPercentChange":0.0,"votesTotal":335,"votesTotalPercent":22.6},"correspondingCompareElection":{"votesTotalChange":0,"votesTotalPercentChange":0.0,"seatChange":0,"votesTotal":335,"votesTotalPercent":22.6,"seatsTotal":0}},"seats":0,"electionDayVotesPercent":20.0,"nominatorAbbr":{"fi":"KOK","sv":"Saml","en":"NCP"}},{"advanceVotesPercent":15.9,"name":{"fi":"Vasemmistoliitto","sv":"Vänsterförbundet","en":"The Left Alliance"},"advanceVotes":116,"npid":1,"totalVotes":242,"spid":6,"abbr":{"fi":"VAS","sv":"VF","en":"LEFT"},"alid":1,"electionDayVotes":126,"pid":"15","totalVotesPercent":16.3,"nominatorName":{"fi":"Vasemmistoliitto","sv":"Vänsterförbundet","en":"The Left Alliance"},"compareData":{"otherCompareElection":{"votesTotalChange":0,"votesTotalPercentChange":0.0,"votesTotal":242,"votesTotalPercent":16.3},"correspondingCompareElection":{"votesTotalChange":0,"votesTotalPercentChange":0.0,"seatChange":0,"votesTotal":242,"votesTotalPercent":16.3,"seatsTotal":0}},"seats":0,"electionDayVotesPercent":16.8,"nominatorAbbr":{"fi":"VAS","sv":"VF","en":"LEFT"}},{"advanceVotesPercent":5.9,"name":{"fi":"Suomen Kristillisdemokraatit (KD)","sv":"Kristdemokraterna i Finland (KD)","en":"Christian Democrats in Finland"},"advanceVotes":43,"npid":6,"totalVotes":78,"spid":8,"abbr":{"fi":"KD","sv":"KD","en":"CD"},"alid":6,"electionDayVotes":35,"pid":"9","totalVotesPercent":5.3,"nominatorName":{"fi":"Suomen Kristillisdemokraatit (KD)","sv":"Kristdemokraterna i Finland (KD)","en":"Christian Democrats in Finland"},"compareData":{"otherCompareElection":{"votesTotalChange":0,"votesTotalPercentChange":0.0,"votesTotal":78,"votesTotalPercent":5.3},"correspondingCompareElection":{"votesTotalChange":0,"votesTotalPercentChange":0.0,"seatChange":0,"votesTotal":78,"votesTotalPercent":5.3,"seatsTotal":0}},"seats":0,"electionDayVotesPercent":4.7,"nominatorAbbr":{"fi":"KD","sv":"KD","en":"CD"}},{"advanceVotesPercent":5.1,"name":{"fi":"Suomen Keskusta","sv":"Centern i Finland","en":"Centre Party of Finland"},"advanceVotes":37,"npid":2,"totalVotes":70,"spid":1,"abbr":{"fi":"KESK","sv":"C","en":"CENT"},"alid":2,"electionDayVotes":33,"pid":"2","totalVotesPercent":4.7,"nominatorName":{"fi":"Suomen Keskusta","sv":"Centern i Finland","en":"Centre Party of Finland"},"compareData":{"otherCompareElection":{"votesTotalChange":0,"votesTotalPercentChange":0.0,"votesTotal":70,"votesTotalPercent":4.7},"correspondingCompareElection":{"votesTotalChange":0,"votesTotalPercentChange":0.0,"seatChange":0,"votesTotal":70,"votesTotalPercent":4.7,"seatsTotal":0}},"seats":0,"electionDayVotesPercent":4.4,"nominatorAbbr":{"fi":"KESK","sv":"C","en":"CENT"}},{"advanceVotesPercent":4.4,"name":{"fi":"Perussuomalaiset","sv":"Sannfinländarna","en":"The Finns Party"},"advanceVotes":32,"npid":4,"totalVotes":70,"spid":3,"abbr":{"fi":"PS","sv":"Sannf","en":"FINNS"},"alid":4,"electionDayVotes":38,"pid":"23","totalVotesPercent":4.7,"nominatorName":{"fi":"Perussuomalaiset","sv":"Sannfinländarna","en":"The Finns Party"},"compareData":{"otherCompareElection":{"votesTotalChange":0,"votesTotalPercentChange":0.0,"votesTotal":70,"votesTotalPercent":4.7},"correspondingCompareElection":{"votesTotalChange":0,"votesTotalPercentChange":0.0,"seatChange":0,"votesTotal":70,"votesTotalPercent":4.7,"seatsTotal":0}},"seats":0,"electionDayVotesPercent":5.1,"nominatorAbbr":{"fi":"PS","sv":"Sannf","en":"FINNS"}},{"advanceVotesPercent":1.9,"name":{"fi":"Vihreä liitto","sv":"Gröna förbundet","en":"Green League"},"advanceVotes":14,"npid":5,"totalVotes":46,"spid":5,"abbr":{"fi":"VIHR","sv":"Gröna","en":"GREEN"},"alid":5,"electionDayVotes":32,"pid":"13","totalVotesPercent":3.1,"nominatorName":{"fi":"Vihreä liitto","sv":"Gröna förbundet","en":"Green League"},"compareData":{"otherCompareElection":{"votesTotalChange":0,"votesTotalPercentChange":0.0,"votesTotal":46,"votesTotalPercent":3.1},"correspondingCompareElection":{"votesTotalChange":0,"votesTotalPercentChange":0.0,"seatChange":0,"votesTotal":46,"votesTotalPercent":3.1,"seatsTotal":0}},"seats":0,"electionDayVotesPercent":4.3,"nominatorAbbr":{"fi":"VIHR","sv":"Gröna","en":"GREEN"}}],"candidateResults":[{"age":62,"advanceVotesPercent":5.7,"lastname":"Nummikari","occupation":"sähköasentaja","advanceVotes":42,"npid":3,"totalVotes":74,"spid":4,"abbr":"SDP","municipalCouncilor":true,"muid":79,"alid":3,"firstname":"Reijo","electionDayVotes":32,"pid":"1","finalPosition":0,"electedInformation":"ELECTED","totalVotesPercent":5.0,"nominatorName":{"fi":"Suomen Sosialidemokraattinen Puolue","sv":"Finlands Socialdemokratiska Parti","en":"The Finnish Social Democratic Party"},"caid":33,"position":0,"gender":"1","comparisonData":{"totalVotes":96,"votesTotalChange":-22},"edid":4,"comparativeIndex":0.0,"electionDayVotesPercent":4.3,"nominatorAbbr":{"fi":"SDP","sv":"SDP","en":"SDP"}},{"age":57,"advanceVotesPercent":5.6,"lastname":"Tuomela","occupation":"osastonhoitaja","advanceVotes":41,"npid":3,"totalVotes":56,"spid":4,"abbr":"SDP","municipalCouncilor":true,"muid":79,"alid":3,"firstname":"Pirjo-Riitta","electionDayVotes":15,"pid":"1","finalPosition":0,"electedInformation":"ELECTED","totalVotesPercent":3.8,"nominatorName":{"fi":"Suomen Sosialidemokraattinen Puolue","sv":"Finlands Socialdemokratiska Parti","en":"The Finnish Social Democratic Party"},"caid":51,"position":0,"gender":"2","comparisonData":{"totalVotes":156,"votesTotalChange":-100},"edid":4,"comparativeIndex":0.0,"electionDayVotesPercent":2.0,"nominatorAbbr":{"fi":"SDP","sv":"SDP","en":"SDP"}},{"age":35,"advanceVotesPercent":3.1,"lastname":"Tuomi","occupation":"sosiaaliohjaaja, diakoniatyöntekijä","advanceVotes":23,"npid":1,"totalVotes":53,"spid":6,"abbr":"VAS","municipalCouncilor":true,"muid":79,"alid":1,"firstname":"Jenni","electionDayVotes":30,"pid":"15","finalPosition":0,"electedInformation":"ELECTED","totalVotesPercent":3.6,"nominatorName":{"fi":"Vasemmistoliitto","sv":"Vänsterförbundet","en":"The Left Alliance"},"caid":14,"position":0,"gender":"2","comparisonData":{"totalVotes":97,"votesTotalChange":-44},"edid":4,"comparativeIndex":0.0,"electionDayVotesPercent":4.0,"nominatorAbbr":{"fi":"VAS","sv":"VF","en":"LEFT"}},{"age":63,"advanceVotesPercent":3.3,"lastname":"Salomäki","occupation":"sairaanhoitaja, työn ohjaaja","advanceVotes":24,"npid":3,"totalVotes":53,"spid":4,"abbr":"SDP","municipalCouncilor":true,"muid":79,"alid":3,"firstname":"Lassi","electionDayVotes":29,"pid":"1","finalPosition":0,"electedInformation":"ELECTED","totalVotesPercent":3.6,"nominatorName":{"fi":"Suomen Sosialidemokraattinen Puolue","sv":"Finlands Socialdemokratiska Parti","en":"The Finnish Social Democratic Party"},"caid":43,"position":0,"gender":"1","comparisonData":{"totalVotes":122,"votesTotalChange":-69},"edid":4,"comparativeIndex":0.0,"electionDayVotesPercent":3.9,"nominatorAbbr":{"fi":"SDP","sv":"SDP","en":"SDP"}},{"age":63,"advanceVotesPercent":3.6,"lastname":"Henttinen","occupation":"yrittäjä","advanceVotes":26,"npid":1,"totalVotes":49,"spid":6,"abbr":"VAS","municipalCouncilor":true,"muid":79,"alid":1,"firstname":"Kari","electionDayVotes":23,"pid":"15","finalPosition":0,"electedInformation":"ELECTED","totalVotesPercent":3.3,"nominatorName":{"fi":"Vasemmistoliitto","sv":"Vänsterförbundet","en":"The Left Alliance"},"caid":2,"position":0,"gender":"1","comparisonData":{"totalVotes":56,"votesTotalChange":-7},"edid":4,"comparativeIndex":0.0,"electionDayVotesPercent":3.1,"nominatorAbbr":{"fi":"VAS","sv":"VF","en":"LEFT"}},{"age":58,"advanceVotesPercent":2.1,"lastname":"Luotola","occupation":"yrittäjä","advanceVotes":15,"npid":3,"totalVotes":48,"spid":4,"abbr":"SDP","municipalCouncilor":true,"muid":79,"alid":3,"firstname":"Teuvo","electionDayVotes":33,"pid":"1","finalPosition":0,"electedInformation":"ELECTED","totalVotesPercent":3.2,"nominatorName":{"fi":"Suomen Sosialidemokraattinen Puolue","sv":"Finlands Socialdemokratiska Parti","en":"The Finnish Social Democratic Party"},"caid":30,"position":0,"gender":"1","comparisonData":{"totalVotes":48,"votesTotalChange":0},"edid":4,"comparativeIndex":0.0,"electionDayVotesPercent":4.4,"nominatorAbbr":{"fi":"SDP","sv":"SDP","en":"SDP"}},{"age":70,"advanceVotesPercent":5.1,"lastname":"Paavilainen","occupation":"asemapäällikkö","advanceVotes":37,"npid":7,"totalVotes":48,"spid":2,"abbr":"KOK","municipalCouncilor":true,"muid":79,"alid":7,"firstname":"Mauri","electionDayVotes":11,"pid":"4","finalPosition":0,"electedInformation":"ELECTED","totalVotesPercent":3.2,"nominatorName":{"fi":"Kansallinen Kokoomus","sv":"Samlingspartiet","en":"National Coalition Party"},"caid":78,"position":0,"gender":"1","comparisonData":{"totalVotes":114,"votesTotalChange":-66},"edid":4,"comparativeIndex":0.0,"electionDayVotesPercent":1.5,"nominatorAbbr":{"fi":"KOK","sv":"Saml","en":"NCP"}},{"age":62,"advanceVotesPercent":4.8,"lastname":"Juvela","occupation":"erikoishammaslääkäri","advanceVotes":35,"npid":7,"totalVotes":47,"spid":2,"abbr":"KOK","municipalCouncilor":true,"muid":79,"alid":7,"firstname":"Maaria","electionDayVotes":12,"pid":"4","finalPosition":0,"electedInformation":"ELECTED","totalVotesPercent":3.2,"nominatorName":{"fi":"Kansallinen Kokoomus","sv":"Samlingspartiet","en":"National Coalition Party"},"caid":72,"position":0,"gender":"2","comparisonData":{"totalVotes":114,"votesTotalChange":-67},"edid":4,"comparativeIndex":0.0,"electionDayVotesPercent":1.6,"nominatorAbbr":{"fi":"KOK","sv":"Saml","en":"NCP"}},{"age":56,"advanceVotesPercent":3.0,"lastname":"Hakala","occupation":"yrittäjä / parturi","advanceVotes":22,"npid":6,"totalVotes":43,"spid":8,"abbr":"KD","municipalCouncilor":true,"muid":79,"alid":6,"firstname":"Niina","electionDayVotes":21,"pid":"9","finalPosition":0,"electedInformation":"ELECTED","totalVotesPercent":2.9,"nominatorName":{"fi":"Suomen Kristillisdemokraatit (KD)","sv":"Kristdemokraterna i Finland (KD)","en":"Christian Democrats in Finland"},"caid":64,"position":0,"gender":"2","comparisonData":{"totalVotes":41,"votesTotalChange":2},"edid":4,"comparativeIndex":0.0,"electionDayVotesPercent":2.8,"nominatorAbbr":{"fi":"KD","sv":"KD","en":"CD"}},{"age":33,"advanceVotesPercent":1.8,"lastname":"Kuusisto-Länsineva","occupation":"yrittäjä, VTM","advanceVotes":13,"npid":3,"totalVotes":40,"spid":4,"abbr":"SDP","municipalCouncilor":false,"muid":79,"alid":3,"firstname":"Maija","electionDayVotes":27,"pid":"1","finalPosition":0,"electedInformation":"ELECTED","totalVotesPercent":2.7,"nominatorName":{"fi":"Suomen Sosialidemokraattinen Puolue","sv":"Finlands Socialdemokratiska Parti","en":"The Finnish Social Democratic Party"},"caid":27,"position":0,"gender":"2","comparisonData":{"totalVotes":0,"votesTotalChange":40},"edid":4,"comparativeIndex":0.0,"electionDayVotesPercent":3.6,"nominatorAbbr":{"fi":"SDP","sv":"SDP","en":"SDP"}},{"age":60,"advanceVotesPercent":2.9,"lastname":"Virtanen","occupation":"pankkineuvoja","advanceVotes":21,"npid":2,"totalVotes":38,"spid":1,"abbr":"KESK","municipalCouncilor":true,"muid":79,"alid":2,"firstname":"Pirjo","electionDayVotes":17,"pid":"2","finalPosition":0,"electedInformation":"ELECTED","totalVotesPercent":2.6,"nominatorName":{"fi":"Suomen Keskusta","sv":"Centern i Finland","en":"Centre Party of Finland"},"caid":18,"position":0,"gender":"2","comparisonData":{"totalVotes":70,"votesTotalChange":-32},"edid":4,"comparativeIndex":0.0,"electionDayVotesPercent":2.3,"nominatorAbbr":{"fi":"KESK","sv":"C","en":"CENT"}},{"age":45,"advanceVotesPercent":1.6,"lastname":"Mäkinen","occupation":"prosessihoitaja, pääluottamusmies","advanceVotes":12,"npid":1,"totalVotes":31,"spid":6,"abbr":"VAS","municipalCouncilor":false,"muid":79,"alid":1,"firstname":"Kimmo","electionDayVotes":19,"pid":"15","finalPosition":0,"electedInformation":"ELECTED","totalVotesPercent":2.1,"nominatorName":{"fi":"Vasemmistoliitto","sv":"Vänsterförbundet","en":"The Left Alliance"},"caid":10,"position":0,"gender":"1","comparisonData":{"totalVotes":0,"votesTotalChange":31},"edid":4,"comparativeIndex":0.0,"electionDayVotesPercent":2.5,"nominatorAbbr":{"fi":"VAS","sv":"VF","en":"LEFT"}},{"age":48,"advanceVotesPercent":1.5,"lastname":"Hakala","occupation":"vapaa-aikasihteeri","advanceVotes":11,"npid":3,"totalVotes":31,"spid":4,"abbr":"SDP","municipalCouncilor":false,"muid":79,"alid":3,"firstname":"Vesa","electionDayVotes":20,"pid":"1","finalPosition":0,"electedInformation":"ELECTED","totalVotesPercent":2.1,"nominatorName":{"fi":"Suomen Sosialidemokraattinen Puolue","sv":"Finlands Socialdemokratiska Parti","en":"The Finnish Social Democratic Party"},"caid":22,"position":0,"gender":"1","comparisonData":{"totalVotes":0,"votesTotalChange":31},"edid":4,"comparativeIndex":0.0,"electionDayVotesPercent":2.7,"nominatorAbbr":{"fi":"SDP","sv":"SDP","en":"SDP"}},{"age":32,"advanceVotesPercent":2.3,"lastname":"Mäkinen","occupation":"lähihoitaja","advanceVotes":17,"npid":4,"totalVotes":31,"spid":3,"abbr":"PS","municipalCouncilor":true,"muid":79,"alid":4,"firstname":"Markus","electionDayVotes":14,"pid":"23","finalPosition":0,"electedInformation":"ELECTED","totalVotesPercent":2.1,"nominatorName":{"fi":"Perussuomalaiset","sv":"Sannfinländarna","en":"The Finns Party"},"caid":56,"position":0,"gender":"1","comparisonData":{"totalVotes":66,"votesTotalChange":-35},"edid":4,"comparativeIndex":0.0,"electionDayVotesPercent":1.9,"nominatorAbbr":{"fi":"PS","sv":"Sannf","en":"FINNS"}},{"age":35,"advanceVotesPercent":1.0,"lastname":"Holmi","occupation":"opettaja","advanceVotes":7,"npid":7,"totalVotes":31,"spid":2,"abbr":"KOK","municipalCouncilor":false,"muid":79,"alid":7,"firstname":"Jussi","electionDayVotes":24,"pid":"4","finalPosition":0,"electedInformation":"ELECTED","totalVotesPercent":2.1,"nominatorName":{"fi":"Kansallinen Kokoomus","sv":"Samlingspartiet","en":"National Coalition Party"},"caid":70,"position":0,"gender":"1","comparisonData":{"totalVotes":29,"votesTotalChange":2},"edid":4,"comparativeIndex":0.0,"electionDayVotesPercent":3.2,"nominatorAbbr":{"fi":"KOK","sv":"Saml","en":"NCP"}},{"age":44,"advanceVotesPercent":2.1,"lastname":"Paavisto","occupation":"kunnossapitopäällikkö","advanceVotes":15,"npid":3,"totalVotes":30,"spid":4,"abbr":"SDP","municipalCouncilor":false,"muid":79,"alid":3,"firstname":"Iiris","electionDayVotes":15,"pid":"1","finalPosition":0,"electedInformation":"ELECTED","totalVotesPercent":2.0,"nominatorName":{"fi":"Suomen Sosialidemokraattinen Puolue","sv":"Finlands Socialdemokratiska Parti","en":"The Finnish Social Democratic Party"},"caid":36,"position":0,"gender":"2","comparisonData":{"totalVotes":34,"votesTotalChange":-4},"edid":4,"comparativeIndex":0.0,"electionDayVotesPercent":2.0,"nominatorAbbr":{"fi":"SDP","sv":"SDP","en":"SDP"}},{"age":50,"advanceVotesPercent":1.6,"lastname":"Lukka","occupation":"peruskoulun ja lukion rehtori","advanceVotes":12,"npid":3,"totalVotes":29,"spid":4,"abbr":"SDP","municipalCouncilor":true,"muid":79,"alid":3,"firstname":"Sari","electionDayVotes":17,"pid":"1","finalPosition":0,"electedInformation":"ELECTED","totalVotesPercent":2.0,"nominatorName":{"fi":"Suomen Sosialidemokraattinen Puolue","sv":"Finlands Socialdemokratiska Parti","en":"The Finnish Social Democratic Party"},"caid":29,"position":0,"gender":"2","comparisonData":{"totalVotes":53,"votesTotalChange":-24},"edid":4,"comparativeIndex":0.0,"electionDayVotesPercent":2.3,"nominatorAbbr":{"fi":"SDP","sv":"SDP","en":"SDP"}},{"age":32,"advanceVotesPercent":1.0,"lastname":"Paavilainen","occupation":"työhön valmentaja","advanceVotes":7,"npid":3,"totalVotes":29,"spid":4,"abbr":"SDP","municipalCouncilor":false,"muid":79,"alid":3,"firstname":"Anne","electionDayVotes":22,"pid":"1","finalPosition":0,"electedInformation":"ELECTED","totalVotesPercent":2.0,"nominatorName":{"fi":"Suomen Sosialidemokraattinen Puolue","sv":"Finlands Socialdemokratiska Parti","en":"The Finnish Social Democratic Party"},"caid":35,"position":0,"gender":"2","comparisonData":{"totalVotes":0,"votesTotalChange":29},"edid":4,"comparativeIndex":0.0,"electionDayVotesPercent":2.9,"nominatorAbbr":{"fi":"SDP","sv":"SDP","en":"SDP"}},{"age":42,"advanceVotesPercent":0.8,"lastname":"Siikavirta","occupation":"taidekasvattaja, lasten ja nuorten erityisohjaaja","advanceVotes":6,"npid":5,"totalVotes":28,"spid":5,"abbr":"VIHR","municipalCouncilor":false,"muid":79,"alid":5,"firstname":"Marjo","electionDayVotes":22,"pid":"13","finalPosition":0,"electedInformation":"ON_SUBSTITUTE_PLACE","totalVotesPercent":1.9,"nominatorName":{"fi":"Vihreä liitto","sv":"Gröna förbundet","en":"Green League"},"caid":62,"position":0,"gender":"2","comparisonData":{"totalVotes":0,"votesTotalChange":28},"edid":4,"comparativeIndex":0.0,"electionDayVotesPercent":2.9,"nominatorAbbr":{"fi":"VIHR","sv":"Gröna","en":"GREEN"}},{"age":49,"advanceVotesPercent":1.6,"lastname":"Kauramäki","occupation":"valimomies, sulaton varaluottamusmies","advanceVotes":12,"npid":3,"totalVotes":26,"spid":4,"abbr":"SDP","municipalCouncilor":false,"muid":79,"alid":3,"firstname":"Kai","electionDayVotes":14,"pid":"1","finalPosition":0,"electedInformation":"ELECTED","totalVotesPercent":1.8,"nominatorName":{"fi":"Suomen Sosialidemokraattinen Puolue","sv":"Finlands Socialdemokratiska Parti","en":"The Finnish Social Democratic Party"},"caid":25,"position":0,"gender":"1","comparisonData":{"totalVotes":0,"votesTotalChange":26},"edid":4,"comparativeIndex":0.0,"electionDayVotesPercent":1.9,"nominatorAbbr":{"fi":"SDP","sv":"SDP","en":"SDP"}},{"age":53,"advanceVotesPercent":1.2,"lastname":"Keinonen","occupation":"työmies","advanceVotes":9,"npid":1,"totalVotes":25,"spid":6,"abbr":"VAS","municipalCouncilor":true,"muid":79,"alid":1,"firstname":"Tapio","electionDayVotes":16,"pid":"15","finalPosition":0,"electedInformation":"ELECTED","totalVotesPercent":1.7,"nominatorName":{"fi":"Vasemmistoliitto","sv":"Vänsterförbundet","en":"The Left Alliance"},"caid":4,"position":0,"gender":"1","comparisonData":{"totalVotes":70,"votesTotalChange":-45},"edid":4,"comparativeIndex":0.0,"electionDayVotesPercent":2.1,"nominatorAbbr":{"fi":"VAS","sv":"VF","en":"LEFT"}},{"age":38,"advanceVotesPercent":1.1,"lastname":"Nevanpää","occupation":"tuotannonsuunnittelija","advanceVotes":8,"npid":4,"totalVotes":24,"spid":3,"abbr":"PS","municipalCouncilor":false,"muid":79,"alid":4,"firstname":"Riku","electionDayVotes":16,"pid":"23","finalPosition":0,"electedInformation":"ON_SUBSTITUTE_PLACE","totalVotesPercent":1.6,"nominatorName":{"fi":"Perussuomalaiset","sv":"Sannfinländarna","en":"The Finns Party"},"caid":58,"position":0,"gender":"1","comparisonData":{"totalVotes":64,"votesTotalChange":-40},"edid":4,"comparativeIndex":0.0,"electionDayVotesPercent":2.1,"nominatorAbbr":{"fi":"PS","sv":"Sannf","en":"FINNS"}},{"age":69,"advanceVotesPercent":2.2,"lastname":"Rimmistö","occupation":"insinööri","advanceVotes":16,"npid":7,"totalVotes":24,"spid":2,"abbr":"KOK","municipalCouncilor":true,"muid":79,"alid":7,"firstname":"Jukka","electionDayVotes":8,"pid":"4","finalPosition":0,"electedInformation":"ELECTED","totalVotesPercent":1.6,"nominatorName":{"fi":"Kansallinen Kokoomus","sv":"Samlingspartiet","en":"National Coalition Party"},"caid":83,"position":0,"gender":"1","comparisonData":{"totalVotes":36,"votesTotalChange":-12},"edid":4,"comparativeIndex":0.0,"electionDayVotesPercent":1.1,"nominatorAbbr":{"fi":"KOK","sv":"Saml","en":"NCP"}},{"age":48,"advanceVotesPercent":1.4,"lastname":"Uotila","occupation":"maanviljelijä, röntgenhoitaja","advanceVotes":10,"npid":7,"totalVotes":24,"spid":2,"abbr":"KOK","municipalCouncilor":true,"muid":79,"alid":7,"firstname":"Jarmo","electionDayVotes":14,"pid":"4","finalPosition":0,"electedInformation":"ELECTED","totalVotesPercent":1.6,"nominatorName":{"fi":"Kansallinen Kokoomus","sv":"Samlingspartiet","en":"National Coalition Party"},"caid":87,"position":0,"gender":"1","comparisonData":{"totalVotes":43,"votesTotalChange":-19},"edid":4,"comparativeIndex":0.0,"electionDayVotesPercent":1.9,"nominatorAbbr":{"fi":"KOK","sv":"Saml","en":"NCP"}},{"age":62,"advanceVotesPercent":1.1,"lastname":"Ketola","occupation":"sairaanhoitaja","advanceVotes":8,"npid":3,"totalVotes":23,"spid":4,"abbr":"SDP","municipalCouncilor":true,"muid":79,"alid":3,"firstname":"Tuija","electionDayVotes":15,"pid":"1","finalPosition":0,"electedInformation":"ELECTED","totalVotesPercent":1.6,"nominatorName":{"fi":"Suomen Sosialidemokraattinen Puolue","sv":"Finlands Socialdemokratiska Parti","en":"The Finnish Social Democratic Party"},"caid":26,"position":0,"gender":"2","comparisonData":{"totalVotes":68,"votesTotalChange":-45},"edid":4,"comparativeIndex":0.0,"electionDayVotesPercent":2.0,"nominatorAbbr":{"fi":"SDP","sv":"SDP","en":"SDP"}},{"age":36,"advanceVotesPercent":1.5,"lastname":"Peltonen","occupation":"myymäläpäällikkö","advanceVotes":11,"npid":7,"totalVotes":22,"spid":2,"abbr":"KOK","municipalCouncilor":false,"muid":79,"alid":7,"firstname":"Jarno","electionDayVotes":11,"pid":"4","finalPosition":0,"electedInformation":"ON_SUBSTITUTE_PLACE","totalVotesPercent":1.5,"nominatorName":{"fi":"Kansallinen Kokoomus","sv":"Samlingspartiet","en":"National Coalition Party"},"caid":79,"position":0,"gender":"1","comparisonData":{"totalVotes":27,"votesTotalChange":-5},"edid":4,"comparativeIndex":0.0,"electionDayVotesPercent":1.5,"nominatorAbbr":{"fi":"KOK","sv":"Saml","en":"NCP"}},{"age":68,"advanceVotesPercent":1.8,"lastname":"Mäkinen","occupation":"ompelija, eläkeläinen","advanceVotes":13,"npid":1,"totalVotes":21,"spid":6,"abbr":"VAS","municipalCouncilor":false,"muid":79,"alid":1,"firstname":"Leila","electionDayVotes":8,"pid":"15","finalPosition":0,"electedInformation":"ON_SUBSTITUTE_PLACE","totalVotesPercent":1.4,"nominatorName":{"fi":"Vasemmistoliitto","sv":"Vänsterförbundet","en":"The Left Alliance"},"caid":11,"position":0,"gender":"2","comparisonData":{"totalVotes":43,"votesTotalChange":-22},"edid":4,"comparativeIndex":0.0,"electionDayVotesPercent":1.1,"nominatorAbbr":{"fi":"VAS","sv":"VF","en":"LEFT"}},{"age":35,"advanceVotesPercent":1.8,"lastname":"Jaakkola","occupation":"parturi-kampaaja","advanceVotes":13,"npid":7,"totalVotes":21,"spid":2,"abbr":"KOK","municipalCouncilor":false,"muid":79,"alid":7,"firstname":"Maarit","electionDayVotes":8,"pid":"4","finalPosition":0,"electedInformation":"ON_SUBSTITUTE_PLACE","totalVotesPercent":1.4,"nominatorName":{"fi":"Kansallinen Kokoomus","sv":"Samlingspartiet","en":"National Coalition Party"},"caid":71,"position":0,"gender":"2","comparisonData":{"totalVotes":32,"votesTotalChange":-11},"edid":4,"comparativeIndex":0.0,"electionDayVotesPercent":1.1,"nominatorAbbr":{"fi":"KOK","sv":"Saml","en":"NCP"}},{"age":63,"advanceVotesPercent":1.9,"lastname":"Jortikka","occupation":"toto-koordinaattori","advanceVotes":14,"npid":1,"totalVotes":20,"spid":6,"abbr":"VAS","municipalCouncilor":false,"muid":79,"alid":1,"firstname":"Pekka","electionDayVotes":6,"pid":"15","finalPosition":0,"electedInformation":"ON_SUBSTITUTE_PLACE","totalVotesPercent":1.3,"nominatorName":{"fi":"Vasemmistoliitto","sv":"Vänsterförbundet","en":"The Left Alliance"},"caid":3,"position":0,"gender":"1","comparisonData":{"totalVotes":18,"votesTotalChange":2},"edid":4,"comparativeIndex":0.0,"electionDayVotesPercent":0.8,"nominatorAbbr":{"fi":"VAS","sv":"VF","en":"LEFT"}},{"age":46,"advanceVotesPercent":1.8,"lastname":"Ollila","occupation":"lähihoitaja","advanceVotes":13,"npid":7,"totalVotes":19,"spid":2,"abbr":"KOK","municipalCouncilor":true,"muid":79,"alid":7,"firstname":"Hanna","electionDayVotes":6,"pid":"4","finalPosition":0,"electedInformation":"ON_SUBSTITUTE_PLACE","totalVotesPercent":1.3,"nominatorName":{"fi":"Kansallinen Kokoomus","sv":"Samlingspartiet","en":"National Coalition Party"},"caid":77,"position":0,"gender":"2","comparisonData":{"totalVotes":35,"votesTotalChange":-16},"edid":4,"comparativeIndex":0.0,"electionDayVotesPercent":0.8,"nominatorAbbr":{"fi":"KOK","sv":"Saml","en":"NCP"}},{"age":52,"advanceVotesPercent":1.4,"lastname":"Kause","occupation":"sosionomi, ylempi AMK, ammatillinen opettaja","advanceVotes":10,"npid":2,"totalVotes":18,"spid":1,"abbr":"KESK","municipalCouncilor":false,"muid":79,"alid":2,"firstname":"Birgitta","electionDayVotes":8,"pid":"2","finalPosition":0,"electedInformation":"ON_SUBSTITUTE_PLACE","totalVotesPercent":1.2,"nominatorName":{"fi":"Suomen Keskusta","sv":"Centern i Finland","en":"Centre Party of Finland"},"caid":17,"position":0,"gender":"2","comparisonData":{"totalVotes":0,"votesTotalChange":18},"edid":4,"comparativeIndex":0.0,"electionDayVotesPercent":1.1,"nominatorAbbr":{"fi":"KESK","sv":"C","en":"CENT"}},{"age":49,"advanceVotesPercent":1.4,"lastname":"Eloranta","occupation":"TtM, liikunnan ja terveystiedon lehtori","advanceVotes":10,"npid":3,"totalVotes":18,"spid":4,"abbr":"SDP","municipalCouncilor":false,"muid":79,"alid":3,"firstname":"Ilpo","electionDayVotes":8,"pid":"1","finalPosition":0,"electedInformation":"ON_SUBSTITUTE_PLACE","totalVotesPercent":1.2,"nominatorName":{"fi":"Suomen Sosialidemokraattinen Puolue","sv":"Finlands Socialdemokratiska Parti","en":"The Finnish Social Democratic Party"},"caid":20,"position":0,"gender":"1","comparisonData":{"totalVotes":48,"votesTotalChange":-30},"edid":4,"comparativeIndex":0.0,"electionDayVotesPercent":1.1,"nominatorAbbr":{"fi":"SDP","sv":"SDP","en":"SDP"}},{"age":51,"advanceVotesPercent":1.1,"lastname":"Flinkman","occupation":"museotoimenjohtaja","advanceVotes":8,"npid":5,"totalVotes":18,"spid":5,"abbr":"VIHR","municipalCouncilor":false,"muid":79,"alid":5,"firstname":"Henry","electionDayVotes":10,"pid":"13","finalPosition":0,"electedInformation":"ELECTED","totalVotesPercent":1.2,"nominatorName":{"fi":"Vihreä liitto","sv":"Gröna förbundet","en":"Green League"},"caid":61,"position":0,"gender":"1","comparisonData":{"totalVotes":0,"votesTotalChange":18},"edid":4,"comparativeIndex":0.0,"electionDayVotesPercent":1.3,"nominatorAbbr":{"fi":"VIHR","sv":"Gröna","en":"GREEN"}},{"age":57,"advanceVotesPercent":1.1,"lastname":"Pohjala","occupation":"agrologi, maatalousyrittäjä","advanceVotes":8,"npid":7,"totalVotes":18,"spid":2,"abbr":"KOK","municipalCouncilor":false,"muid":79,"alid":7,"firstname":"Heikki","electionDayVotes":10,"pid":"4","finalPosition":0,"electedInformation":"ELECTED","totalVotesPercent":1.2,"nominatorName":{"fi":"Kansallinen Kokoomus","sv":"Samlingspartiet","en":"National Coalition Party"},"caid":80,"position":0,"gender":"1","comparisonData":{"totalVotes":33,"votesTotalChange":-15},"edid":4,"comparativeIndex":0.0,"electionDayVotesPercent":1.3,"nominatorAbbr":{"fi":"KOK","sv":"Saml","en":"NCP"}},{"age":58,"advanceVotesPercent":1.1,"lastname":"Kortelainen","occupation":"aluetoimitsija","advanceVotes":8,"npid":1,"totalVotes":16,"spid":6,"abbr":"VAS","municipalCouncilor":false,"muid":79,"alid":1,"firstname":"Outi","electionDayVotes":8,"pid":"15","finalPosition":0,"electedInformation":"ON_SUBSTITUTE_PLACE","totalVotesPercent":1.1,"nominatorName":{"fi":"Vasemmistoliitto","sv":"Vänsterförbundet","en":"The Left Alliance"},"caid":5,"position":0,"gender":"2","comparisonData":{"totalVotes":32,"votesTotalChange":-16},"edid":4,"comparativeIndex":0.0,"electionDayVotesPercent":1.1,"nominatorAbbr":{"fi":"VAS","sv":"VF","en":"LEFT"}},{"age":53,"advanceVotesPercent":0.7,"lastname":"Ryhänen","occupation":"koneasentaja, työsuojeluvaltuutettu","advanceVotes":5,"npid":3,"totalVotes":16,"spid":4,"abbr":"SDP","municipalCouncilor":false,"muid":79,"alid":3,"firstname":"Vesa","electionDayVotes":11,"pid":"1","finalPosition":0,"electedInformation":"ON_SUBSTITUTE_PLACE","totalVotesPercent":1.1,"nominatorName":{"fi":"Suomen Sosialidemokraattinen Puolue","sv":"Finlands Socialdemokratiska Parti","en":"The Finnish Social Democratic Party"},"caid":41,"position":0,"gender":"1","comparisonData":{"totalVotes":0,"votesTotalChange":16},"edid":4,"comparativeIndex":0.0,"electionDayVotesPercent":1.5,"nominatorAbbr":{"fi":"SDP","sv":"SDP","en":"SDP"}},{"age":65,"advanceVotesPercent":1.6,"lastname":"Tiitinen","occupation":"kuntayhtymän johtaja, eläkeläinen","advanceVotes":12,"npid":3,"totalVotes":16,"spid":4,"abbr":"SDP","municipalCouncilor":false,"muid":79,"alid":3,"firstname":"Juhani","electionDayVotes":4,"pid":"1","finalPosition":0,"electedInformation":"ON_SUBSTITUTE_PLACE","totalVotesPercent":1.1,"nominatorName":{"fi":"Suomen Sosialidemokraattinen Puolue","sv":"Finlands Socialdemokratiska Parti","en":"The Finnish Social Democratic Party"},"caid":49,"position":0,"gender":"1","comparisonData":{"totalVotes":0,"votesTotalChange":16},"edid":4,"comparativeIndex":0.0,"electionDayVotesPercent":0.5,"nominatorAbbr":{"fi":"SDP","sv":"SDP","en":"SDP"}},{"age":33,"advanceVotesPercent":1.0,"lastname":"Tuominen","occupation":"kätilö, terveydenhoitaja","advanceVotes":7,"npid":7,"totalVotes":16,"spid":2,"abbr":"KOK","municipalCouncilor":false,"muid":79,"alid":7,"firstname":"Sirja","electionDayVotes":9,"pid":"4","finalPosition":0,"electedInformation":"NOT_ELECTED","totalVotesPercent":1.1,"nominatorName":{"fi":"Kansallinen Kokoomus","sv":"Samlingspartiet","en":"National Coalition Party"},"caid":86,"position":0,"gender":"2","comparisonData":{"totalVotes":0,"votesTotalChange":16},"edid":4,"comparativeIndex":0.0,"electionDayVotesPercent":1.2,"nominatorAbbr":{"fi":"KOK","sv":"Saml","en":"NCP"}},{"age":67,"advanceVotesPercent":1.2,"lastname":"Rauta","occupation":"kunnallisneuvos, ay-toimitsija","advanceVotes":9,"npid":3,"totalVotes":15,"spid":4,"abbr":"SDP","municipalCouncilor":true,"muid":79,"alid":3,"firstname":"Markku","electionDayVotes":6,"pid":"1","finalPosition":0,"electedInformation":"ELECTED","totalVotesPercent":1.0,"nominatorName":{"fi":"Suomen Sosialidemokraattinen Puolue","sv":"Finlands Socialdemokratiska Parti","en":"The Finnish Social Democratic Party"},"caid":39,"position":0,"gender":"1","comparisonData":{"totalVotes":91,"votesTotalChange":-76},"edid":4,"comparativeIndex":0.0,"electionDayVotesPercent":0.8,"nominatorAbbr":{"fi":"SDP","sv":"SDP","en":"SDP"}},{"age":28,"advanceVotesPercent":0.8,"lastname":"Holmi","occupation":"opiskelija, ohjaaja","advanceVotes":6,"npid":2,"totalVotes":14,"spid":1,"abbr":"KESK","municipalCouncilor":false,"muid":79,"alid":2,"firstname":"Tuomas","electionDayVotes":8,"pid":"2","finalPosition":0,"electedInformation":"ON_SUBSTITUTE_PLACE","totalVotesPercent":0.9,"nominatorName":{"fi":"Suomen Keskusta","sv":"Centern i Finland","en":"Centre Party of Finland"},"caid":16,"position":0,"gender":"1","comparisonData":{"totalVotes":28,"votesTotalChange":-14},"edid":4,"comparativeIndex":0.0,"electionDayVotesPercent":1.1,"nominatorAbbr":{"fi":"KESK","sv":"C","en":"CENT"}},{"age":33,"advanceVotesPercent":1.1,"lastname":"Nurmi","occupation":"lähihoitaja","advanceVotes":8,"npid":3,"totalVotes":12,"spid":4,"abbr":"SDP","municipalCouncilor":false,"muid":79,"alid":3,"firstname":"Pia","electionDayVotes":4,"pid":"1","finalPosition":0,"electedInformation":"ON_SUBSTITUTE_PLACE","totalVotesPercent":0.8,"nominatorName":{"fi":"Suomen Sosialidemokraattinen Puolue","sv":"Finlands Socialdemokratiska Parti","en":"The Finnish Social Democratic Party"},"caid":34,"position":0,"gender":"2","comparisonData":{"totalVotes":0,"votesTotalChange":12},"edid":4,"comparativeIndex":0.0,"electionDayVotesPercent":0.5,"nominatorAbbr":{"fi":"SDP","sv":"SDP","en":"SDP"}},{"age":44,"advanceVotesPercent":0.1,"lastname":"Marttila","occupation":"prosessi-insinööri","advanceVotes":1,"npid":7,"totalVotes":12,"spid":2,"abbr":"KOK","municipalCouncilor":false,"muid":79,"alid":7,"firstname":"Maria","electionDayVotes":11,"pid":"4","finalPosition":0,"electedInformation":"NOT_ELECTED","totalVotesPercent":0.8,"nominatorName":{"fi":"Kansallinen Kokoomus","sv":"Samlingspartiet","en":"National Coalition Party"},"caid":75,"position":0,"gender":"2","comparisonData":{"totalVotes":17,"votesTotalChange":-5},"edid":4,"comparativeIndex":0.0,"electionDayVotesPercent":1.5,"nominatorAbbr":{"fi":"KOK","sv":"Saml","en":"NCP"}},{"age":51,"advanceVotesPercent":0.4,"lastname":"Riento","occupation":"koulutuspäällikkö, turvallisuuspäällikkö","advanceVotes":3,"npid":7,"totalVotes":12,"spid":2,"abbr":"KOK","municipalCouncilor":false,"muid":79,"alid":7,"firstname":"Petri","electionDayVotes":9,"pid":"4","finalPosition":0,"electedInformation":"ON_SUBSTITUTE_PLACE","totalVotesPercent":0.8,"nominatorName":{"fi":"Kansallinen Kokoomus","sv":"Samlingspartiet","en":"National Coalition Party"},"caid":82,"position":0,"gender":"1","comparisonData":{"totalVotes":0,"votesTotalChange":12},"edid":4,"comparativeIndex":0.0,"electionDayVotesPercent":1.2,"nominatorAbbr":{"fi":"KOK","sv":"Saml","en":"NCP"}},{"age":51,"advanceVotesPercent":0.3,"lastname":"Mäntynen","occupation":"varastonhoitaja","advanceVotes":2,"npid":3,"totalVotes":11,"spid":4,"abbr":"SDP","municipalCouncilor":false,"muid":79,"alid":3,"firstname":"Kaj-Mikko","electionDayVotes":9,"pid":"1","finalPosition":0,"electedInformation":"ON_SUBSTITUTE_PLACE","totalVotesPercent":0.7,"nominatorName":{"fi":"Suomen Sosialidemokraattinen Puolue","sv":"Finlands Socialdemokratiska Parti","en":"The Finnish Social Democratic Party"},"caid":32,"position":0,"gender":"1","comparisonData":{"totalVotes":22,"votesTotalChange":-11},"edid":4,"comparativeIndex":0.0,"electionDayVotesPercent":1.2,"nominatorAbbr":{"fi":"SDP","sv":"SDP","en":"SDP"}},{"age":68,"advanceVotesPercent":0.7,"lastname":"Rosendahl","occupation":"kaupunginsihteeri, emeritus","advanceVotes":5,"npid":3,"totalVotes":11,"spid":4,"abbr":"SDP","municipalCouncilor":true,"muid":79,"alid":3,"firstname":"Tapio","electionDayVotes":6,"pid":"1","finalPosition":0,"electedInformation":"ON_SUBSTITUTE_PLACE","totalVotesPercent":0.7,"nominatorName":{"fi":"Suomen Sosialidemokraattinen Puolue","sv":"Finlands Socialdemokratiska Parti","en":"The Finnish Social Democratic Party"},"caid":40,"position":0,"gender":"1","comparisonData":{"totalVotes":69,"votesTotalChange":-58},"edid":4,"comparativeIndex":0.0,"electionDayVotesPercent":0.8,"nominatorAbbr":{"fi":"SDP","sv":"SDP","en":"SDP"}},{"age":45,"advanceVotesPercent":0.5,"lastname":"Siitonen","occupation":"talonrakentaja","advanceVotes":4,"npid":3,"totalVotes":11,"spid":4,"abbr":"SDP","municipalCouncilor":false,"muid":79,"alid":3,"firstname":"Petri","electionDayVotes":7,"pid":"1","finalPosition":0,"electedInformation":"ON_SUBSTITUTE_PLACE","totalVotesPercent":0.7,"nominatorName":{"fi":"Suomen Sosialidemokraattinen Puolue","sv":"Finlands Socialdemokratiska Parti","en":"The Finnish Social Democratic Party"},"caid":48,"position":0,"gender":"1","comparisonData":{"totalVotes":0,"votesTotalChange":11},"edid":4,"comparativeIndex":0.0,"electionDayVotesPercent":0.9,"nominatorAbbr":{"fi":"SDP","sv":"SDP","en":"SDP"}},{"age":64,"advanceVotesPercent":0.8,"lastname":"Holmi","occupation":"tutkimus- ja kehitysteknikko, eläkeläinen","advanceVotes":6,"npid":6,"totalVotes":11,"spid":8,"abbr":"KD","municipalCouncilor":false,"muid":79,"alid":6,"firstname":"Johannes","electionDayVotes":5,"pid":"9","finalPosition":0,"electedInformation":"ON_SUBSTITUTE_PLACE","totalVotesPercent":0.7,"nominatorName":{"fi":"Suomen Kristillisdemokraatit (KD)","sv":"Kristdemokraterna i Finland (KD)","en":"Christian Democrats in Finland"},"caid":65,"position":0,"gender":"1","comparisonData":{"totalVotes":40,"votesTotalChange":-29},"edid":4,"comparativeIndex":0.0,"electionDayVotesPercent":0.7,"nominatorAbbr":{"fi":"KD","sv":"KD","en":"CD"}},{"age":50,"advanceVotesPercent":1.0,"lastname":"Marila","occupation":"psykologi, yrittäjä","advanceVotes":7,"npid":7,"totalVotes":11,"spid":2,"abbr":"KOK","municipalCouncilor":false,"muid":79,"alid":7,"firstname":"Susanna","electionDayVotes":4,"pid":"4","finalPosition":0,"electedInformation":"NOT_ELECTED","totalVotesPercent":0.7,"nominatorName":{"fi":"Kansallinen Kokoomus","sv":"Samlingspartiet","en":"National Coalition Party"},"caid":74,"position":0,"gender":"2","comparisonData":{"totalVotes":26,"votesTotalChange":-15},"edid":4,"comparativeIndex":0.0,"electionDayVotesPercent":0.5,"nominatorAbbr":{"fi":"KOK","sv":"Saml","en":"NCP"}},{"age":37,"advanceVotesPercent":1.0,"lastname":"Hall","occupation":"tradenomi","advanceVotes":7,"npid":6,"totalVotes":10,"spid":8,"abbr":"KD","municipalCouncilor":false,"muid":79,"alid":6,"firstname":"Maija","electionDayVotes":3,"pid":"9","finalPosition":0,"electedInformation":"ON_SUBSTITUTE_PLACE","totalVotesPercent":0.7,"nominatorName":{"fi":"Suomen Kristillisdemokraatit (KD)","sv":"Kristdemokraterna i Finland (KD)","en":"Christian Democrats in Finland"},"caid":63,"position":0,"gender":"2","comparisonData":{"totalVotes":0,"votesTotalChange":10},"edid":4,"comparativeIndex":0.0,"electionDayVotesPercent":0.4,"nominatorAbbr":{"fi":"KD","sv":"KD","en":"CD"}},{"age":68,"advanceVotesPercent":1.1,"lastname":"Lajunen","occupation":"huoltoasentaja, eläkeläinen","advanceVotes":8,"npid":3,"totalVotes":9,"spid":4,"abbr":"SDP","municipalCouncilor":false,"muid":79,"alid":3,"firstname":"Tapio","electionDayVotes":1,"pid":"1","finalPosition":0,"electedInformation":"ON_SUBSTITUTE_PLACE","totalVotesPercent":0.6,"nominatorName":{"fi":"Suomen Sosialidemokraattinen Puolue","sv":"Finlands Socialdemokratiska Parti","en":"The Finnish Social Democratic Party"},"caid":28,"position":0,"gender":"1","comparisonData":{"totalVotes":0,"votesTotalChange":9},"edid":4,"comparativeIndex":0.0,"electionDayVotesPercent":0.1,"nominatorAbbr":{"fi":"SDP","sv":"SDP","en":"SDP"}},{"age":62,"advanceVotesPercent":0.7,"lastname":"Vuohijoki","occupation":"teknikko","advanceVotes":5,"npid":3,"totalVotes":9,"spid":4,"abbr":"SDP","municipalCouncilor":false,"muid":79,"alid":3,"firstname":"Mikko","electionDayVotes":4,"pid":"1","finalPosition":0,"electedInformation":"ELECTED","totalVotesPercent":0.6,"nominatorName":{"fi":"Suomen Sosialidemokraattinen Puolue","sv":"Finlands Socialdemokratiska Parti","en":"The Finnish Social Democratic Party"},"caid":55,"position":0,"gender":"1","comparisonData":{"totalVotes":42,"votesTotalChange":-33},"edid":4,"comparativeIndex":0.0,"electionDayVotesPercent":0.5,"nominatorAbbr":{"fi":"SDP","sv":"SDP","en":"SDP"}},{"age":43,"advanceVotesPercent":0.7,"lastname":"Turkki","occupation":"IT-asentaja","advanceVotes":5,"npid":4,"totalVotes":9,"spid":3,"abbr":"PS","municipalCouncilor":true,"muid":79,"alid":4,"firstname":"Pasi","electionDayVotes":4,"pid":"23","finalPosition":0,"electedInformation":"NOT_ELECTED","totalVotesPercent":0.6,"nominatorName":{"fi":"Perussuomalaiset","sv":"Sannfinländarna","en":"The Finns Party"},"caid":60,"position":0,"gender":"1","comparisonData":{"totalVotes":80,"votesTotalChange":-71},"edid":4,"comparativeIndex":0.0,"electionDayVotesPercent":0.5,"nominatorAbbr":{"fi":"PS","sv":"Sannf","en":"FINNS"}},{"age":39,"advanceVotesPercent":0.4,"lastname":"Norrkniivilä","occupation":"laskuttaja","advanceVotes":3,"npid":7,"totalVotes":9,"spid":2,"abbr":"KOK","municipalCouncilor":false,"muid":79,"alid":7,"firstname":"Johanna","electionDayVotes":6,"pid":"4","finalPosition":0,"electedInformation":"ON_SUBSTITUTE_PLACE","totalVotesPercent":0.6,"nominatorName":{"fi":"Kansallinen Kokoomus","sv":"Samlingspartiet","en":"National Coalition Party"},"caid":76,"position":0,"gender":"2","comparisonData":{"totalVotes":0,"votesTotalChange":9},"edid":4,"comparativeIndex":0.0,"electionDayVotesPercent":0.8,"nominatorAbbr":{"fi":"KOK","sv":"Saml","en":"NCP"}},{"age":64,"advanceVotesPercent":0.5,"lastname":"Kuula","occupation":"eläkeläinen, yrittäjä","advanceVotes":4,"npid":1,"totalVotes":8,"spid":6,"abbr":"VAS","municipalCouncilor":false,"muid":79,"alid":1,"firstname":"Seija","electionDayVotes":4,"pid":"15","finalPosition":0,"electedInformation":"ON_SUBSTITUTE_PLACE","totalVotesPercent":0.5,"nominatorName":{"fi":"Vasemmistoliitto","sv":"Vänsterförbundet","en":"The Left Alliance"},"caid":7,"position":0,"gender":"2","comparisonData":{"totalVotes":23,"votesTotalChange":-15},"edid":4,"comparativeIndex":0.0,"electionDayVotesPercent":0.5,"nominatorAbbr":{"fi":"VAS","sv":"VF","en":"LEFT"}},{"age":45,"advanceVotesPercent":0.1,"lastname":"Tikka","occupation":"ajoneuvonkuljettaja","advanceVotes":1,"npid":3,"totalVotes":8,"spid":4,"abbr":"SDP","municipalCouncilor":false,"muid":79,"alid":3,"firstname":"Sami","electionDayVotes":7,"pid":"1","finalPosition":0,"electedInformation":"NOT_ELECTED","totalVotesPercent":0.5,"nominatorName":{"fi":"Suomen Sosialidemokraattinen Puolue","sv":"Finlands Socialdemokratiska Parti","en":"The Finnish Social Democratic Party"},"caid":50,"position":0,"gender":"1","comparisonData":{"totalVotes":9,"votesTotalChange":-1},"edid":4,"comparativeIndex":0.0,"electionDayVotesPercent":0.9,"nominatorAbbr":{"fi":"SDP","sv":"SDP","en":"SDP"}},{"age":74,"advanceVotesPercent":0.8,"lastname":"Luomanen","occupation":"filosofian maisteri","advanceVotes":6,"npid":7,"totalVotes":8,"spid":2,"abbr":"KOK","municipalCouncilor":false,"muid":79,"alid":7,"firstname":"Liisa","electionDayVotes":2,"pid":"4","finalPosition":0,"electedInformation":"ON_SUBSTITUTE_PLACE","totalVotesPercent":0.5,"nominatorName":{"fi":"Kansallinen Kokoomus","sv":"Samlingspartiet","en":"National Coalition Party"},"caid":73,"position":0,"gender":"2","comparisonData":{"totalVotes":0,"votesTotalChange":8},"edid":4,"comparativeIndex":0.0,"electionDayVotesPercent":0.3,"nominatorAbbr":{"fi":"KOK","sv":"Saml","en":"NCP"}},{"age":63,"advanceVotesPercent":0.7,"lastname":"Huppunen","occupation":"automaatioasentaja, eläkeläinen","advanceVotes":5,"npid":3,"totalVotes":7,"spid":4,"abbr":"SDP","municipalCouncilor":false,"muid":79,"alid":3,"firstname":"Olli-Pekka","electionDayVotes":2,"pid":"1","finalPosition":0,"electedInformation":"ON_SUBSTITUTE_PLACE","totalVotesPercent":0.5,"nominatorName":{"fi":"Suomen Sosialidemokraattinen Puolue","sv":"Finlands Socialdemokratiska Parti","en":"The Finnish Social Democratic Party"},"caid":24,"position":0,"gender":"1","comparisonData":{"totalVotes":0,"votesTotalChange":7},"edid":4,"comparativeIndex":0.0,"electionDayVotesPercent":0.3,"nominatorAbbr":{"fi":"SDP","sv":"SDP","en":"SDP"}},{"age":55,"advanceVotesPercent":0.4,"lastname":"Salonen","occupation":"ATK-vastaava, eläkeläinen","advanceVotes":3,"npid":3,"totalVotes":7,"spid":4,"abbr":"SDP","municipalCouncilor":false,"muid":79,"alid":3,"firstname":"Kari","electionDayVotes":4,"pid":"1","finalPosition":0,"electedInformation":"ON_SUBSTITUTE_PLACE","totalVotesPercent":0.5,"nominatorName":{"fi":"Suomen Sosialidemokraattinen Puolue","sv":"Finlands Socialdemokratiska Parti","en":"The Finnish Social Democratic Party"},"caid":45,"position":0,"gender":"1","comparisonData":{"totalVotes":0,"votesTotalChange":7},"edid":4,"comparativeIndex":0.0,"electionDayVotesPercent":0.5,"nominatorAbbr":{"fi":"SDP","sv":"SDP","en":"SDP"}},{"age":43,"advanceVotesPercent":0.5,"lastname":"Juvonen","occupation":"kirkon nuorisotyönohjaaja, eläkeläinen","advanceVotes":4,"npid":6,"totalVotes":7,"spid":8,"abbr":"KD","municipalCouncilor":false,"muid":79,"alid":6,"firstname":"Tuulevi","electionDayVotes":3,"pid":"9","finalPosition":0,"electedInformation":"NOT_ELECTED","totalVotesPercent":0.5,"nominatorName":{"fi":"Suomen Kristillisdemokraatit (KD)","sv":"Kristdemokraterna i Finland (KD)","en":"Christian Democrats in Finland"},"caid":66,"position":0,"gender":"2","comparisonData":{"totalVotes":20,"votesTotalChange":-13},"edid":4,"comparativeIndex":0.0,"electionDayVotesPercent":0.4,"nominatorAbbr":{"fi":"KD","sv":"KD","en":"CD"}},{"age":72,"advanceVotesPercent":0.7,"lastname":"Saarinen","occupation":"insinöörimajuri","advanceVotes":5,"npid":7,"totalVotes":7,"spid":2,"abbr":"KOK","municipalCouncilor":false,"muid":79,"alid":7,"firstname":"Pekka","electionDayVotes":2,"pid":"4","finalPosition":0,"electedInformation":"NOT_ELECTED","totalVotesPercent":0.5,"nominatorName":{"fi":"Kansallinen Kokoomus","sv":"Samlingspartiet","en":"National Coalition Party"},"caid":84,"position":0,"gender":"1","comparisonData":{"totalVotes":11,"votesTotalChange":-4},"edid":4,"comparativeIndex":0.0,"electionDayVotesPercent":0.3,"nominatorAbbr":{"fi":"KOK","sv":"Saml","en":"NCP"}},{"age":52,"advanceVotesPercent":0.5,"lastname":"Elo","occupation":"myyjä","advanceVotes":4,"npid":3,"totalVotes":6,"spid":4,"abbr":"SDP","municipalCouncilor":false,"muid":79,"alid":3,"firstname":"Anne","electionDayVotes":2,"pid":"1","finalPosition":0,"electedInformation":"ON_SUBSTITUTE_PLACE","totalVotesPercent":0.4,"nominatorName":{"fi":"Suomen Sosialidemokraattinen Puolue","sv":"Finlands Socialdemokratiska Parti","en":"The Finnish Social Democratic Party"},"caid":19,"position":0,"gender":"2","comparisonData":{"totalVotes":12,"votesTotalChange":-6},"edid":4,"comparativeIndex":0.0,"electionDayVotesPercent":0.3,"nominatorAbbr":{"fi":"SDP","sv":"SDP","en":"SDP"}},{"age":28,"advanceVotesPercent":0.5,"lastname":"Peltonen","occupation":"automaatioasentaja","advanceVotes":4,"npid":3,"totalVotes":6,"spid":4,"abbr":"SDP","municipalCouncilor":false,"muid":79,"alid":3,"firstname":"Matti","electionDayVotes":2,"pid":"1","finalPosition":0,"electedInformation":"NOT_ELECTED","totalVotesPercent":0.4,"nominatorName":{"fi":"Suomen Sosialidemokraattinen Puolue","sv":"Finlands Socialdemokratiska Parti","en":"The Finnish Social Democratic Party"},"caid":37,"position":0,"gender":"1","comparisonData":{"totalVotes":0,"votesTotalChange":6},"edid":4,"comparativeIndex":0.0,"electionDayVotesPercent":0.3,"nominatorAbbr":{"fi":"SDP","sv":"SDP","en":"SDP"}},{"age":39,"advanceVotesPercent":0.3,"lastname":"Uimonen","occupation":"palomestari","advanceVotes":2,"npid":3,"totalVotes":6,"spid":4,"abbr":"SDP","municipalCouncilor":false,"muid":79,"alid":3,"firstname":"Ari","electionDayVotes":4,"pid":"1","finalPosition":0,"electedInformation":"NOT_ELECTED","totalVotesPercent":0.4,"nominatorName":{"fi":"Suomen Sosialidemokraattinen Puolue","sv":"Finlands Socialdemokratiska Parti","en":"The Finnish Social Democratic Party"},"caid":52,"position":0,"gender":"1","comparisonData":{"totalVotes":0,"votesTotalChange":6},"edid":4,"comparativeIndex":0.0,"electionDayVotesPercent":0.5,"nominatorAbbr":{"fi":"SDP","sv":"SDP","en":"SDP"}},{"age":67,"advanceVotesPercent":0.7,"lastname":"Vajavaara","occupation":"nosturinkuljettaja, eläkeläinen","advanceVotes":5,"npid":3,"totalVotes":6,"spid":4,"abbr":"SDP","municipalCouncilor":false,"muid":79,"alid":3,"firstname":"Tarmo","electionDayVotes":1,"pid":"1","finalPosition":0,"electedInformation":"NOT_ELECTED","totalVotesPercent":0.4,"nominatorName":{"fi":"Suomen Sosialidemokraattinen Puolue","sv":"Finlands Socialdemokratiska Parti","en":"The Finnish Social Democratic Party"},"caid":54,"position":0,"gender":"1","comparisonData":{"totalVotes":9,"votesTotalChange":-3},"edid":4,"comparativeIndex":0.0,"electionDayVotesPercent":0.1,"nominatorAbbr":{"fi":"SDP","sv":"SDP","en":"SDP"}},{"age":57,"advanceVotesPercent":0.4,"lastname":"Röntynen","occupation":"eläkeläinen","advanceVotes":3,"npid":6,"totalVotes":6,"spid":8,"abbr":"KD","municipalCouncilor":false,"muid":79,"alid":6,"firstname":"Teppo","electionDayVotes":3,"pid":"9","finalPosition":0,"electedInformation":"NOT_ELECTED","totalVotesPercent":0.4,"nominatorName":{"fi":"Suomen Kristillisdemokraatit (KD)","sv":"Kristdemokraterna i Finland (KD)","en":"Christian Democrats in Finland"},"caid":68,"position":0,"gender":"1","comparisonData":{"totalVotes":0,"votesTotalChange":6},"edid":4,"comparativeIndex":0.0,"electionDayVotesPercent":0.4,"nominatorAbbr":{"fi":"KD","sv":"KD","en":"CD"}},{"age":58,"advanceVotesPercent":0.0,"lastname":"Lindholm","occupation":"laitoshuoltaja, avustaja","advanceVotes":0,"npid":1,"totalVotes":5,"spid":6,"abbr":"VAS","municipalCouncilor":false,"muid":79,"alid":1,"firstname":"Päivi","electionDayVotes":5,"pid":"15","finalPosition":0,"electedInformation":"NOT_ELECTED","totalVotesPercent":0.3,"nominatorName":{"fi":"Vasemmistoliitto","sv":"Vänsterförbundet","en":"The Left Alliance"},"caid":9,"position":0,"gender":"2","comparisonData":{"totalVotes":0,"votesTotalChange":5},"edid":4,"comparativeIndex":0.0,"electionDayVotesPercent":0.7,"nominatorAbbr":{"fi":"VAS","sv":"VF","en":"LEFT"}},{"age":18,"advanceVotesPercent":0.3,"lastname":"Vuorenalanen","occupation":"lvi-asentaja","advanceVotes":2,"npid":1,"totalVotes":5,"spid":6,"abbr":"VAS","municipalCouncilor":false,"muid":79,"alid":1,"firstname":"Aaron","electionDayVotes":3,"pid":"15","finalPosition":0,"electedInformation":"NOT_ELECTED","totalVotesPercent":0.3,"nominatorName":{"fi":"Vasemmistoliitto","sv":"Vänsterförbundet","en":"The Left Alliance"},"caid":15,"position":0,"gender":"1","comparisonData":{"totalVotes":0,"votesTotalChange":5},"edid":4,"comparativeIndex":0.0,"electionDayVotesPercent":0.4,"nominatorAbbr":{"fi":"VAS","sv":"VF","en":"LEFT"}},{"age":62,"advanceVotesPercent":0.3,"lastname":"Pulkkinen","occupation":"kehitysteknikko","advanceVotes":2,"npid":3,"totalVotes":5,"spid":4,"abbr":"SDP","municipalCouncilor":false,"muid":79,"alid":3,"firstname":"Erkki","electionDayVotes":3,"pid":"1","finalPosition":0,"electedInformation":"NOT_ELECTED","totalVotesPercent":0.3,"nominatorName":{"fi":"Suomen Sosialidemokraattinen Puolue","sv":"Finlands Socialdemokratiska Parti","en":"The Finnish Social Democratic Party"},"caid":38,"position":0,"gender":"1","comparisonData":{"totalVotes":9,"votesTotalChange":-4},"edid":4,"comparativeIndex":0.0,"electionDayVotesPercent":0.4,"nominatorAbbr":{"fi":"SDP","sv":"SDP","en":"SDP"}},{"age":47,"advanceVotesPercent":0.3,"lastname":"Saarinen","occupation":"sairaanhoitaja, AMK","advanceVotes":2,"npid":3,"totalVotes":5,"spid":4,"abbr":"SDP","municipalCouncilor":false,"muid":79,"alid":3,"firstname":"Kirsi","electionDayVotes":3,"pid":"1","finalPosition":0,"electedInformation":"ON_SUBSTITUTE_PLACE","totalVotesPercent":0.3,"nominatorName":{"fi":"Suomen Sosialidemokraattinen Puolue","sv":"Finlands Socialdemokratiska Parti","en":"The Finnish Social Democratic Party"},"caid":42,"position":0,"gender":"2","comparisonData":{"totalVotes":0,"votesTotalChange":5},"edid":4,"comparativeIndex":0.0,"electionDayVotesPercent":0.4,"nominatorAbbr":{"fi":"SDP","sv":"SDP","en":"SDP"}},{"age":54,"advanceVotesPercent":0.3,"lastname":"Puskala","occupation":"ohjaaja","advanceVotes":2,"npid":4,"totalVotes":5,"spid":3,"abbr":"PS","municipalCouncilor":false,"muid":79,"alid":4,"firstname":"Asko","electionDayVotes":3,"pid":"23","finalPosition":0,"electedInformation":"ON_SUBSTITUTE_PLACE","totalVotesPercent":0.3,"nominatorName":{"fi":"Perussuomalaiset","sv":"Sannfinländarna","en":"The Finns Party"},"caid":59,"position":0,"gender":"1","comparisonData":{"totalVotes":0,"votesTotalChange":5},"edid":4,"comparativeIndex":0.0,"electionDayVotesPercent":0.4,"nominatorAbbr":{"fi":"PS","sv":"Sannf","en":"FINNS"}},{"age":62,"advanceVotesPercent":0.4,"lastname":"Salminen","occupation":"kirvesmies","advanceVotes":3,"npid":1,"totalVotes":4,"spid":6,"abbr":"VAS","municipalCouncilor":false,"muid":79,"alid":1,"firstname":"Asko","electionDayVotes":1,"pid":"15","finalPosition":0,"electedInformation":"NOT_ELECTED","totalVotesPercent":0.3,"nominatorName":{"fi":"Vasemmistoliitto","sv":"Vänsterförbundet","en":"The Left Alliance"},"caid":13,"position":0,"gender":"1","comparisonData":{"totalVotes":8,"votesTotalChange":-4},"edid":4,"comparativeIndex":0.0,"electionDayVotesPercent":0.1,"nominatorAbbr":{"fi":"VAS","sv":"VF","en":"LEFT"}},{"age":64,"advanceVotesPercent":0.1,"lastname":"Haapala","occupation":"tarkastaja","advanceVotes":1,"npid":3,"totalVotes":4,"spid":4,"abbr":"SDP","municipalCouncilor":false,"muid":79,"alid":3,"firstname":"Heikki","electionDayVotes":3,"pid":"1","finalPosition":0,"electedInformation":"ON_SUBSTITUTE_PLACE","totalVotesPercent":0.3,"nominatorName":{"fi":"Suomen Sosialidemokraattinen Puolue","sv":"Finlands Socialdemokratiska Parti","en":"The Finnish Social Democratic Party"},"caid":21,"position":0,"gender":"1","comparisonData":{"totalVotes":17,"votesTotalChange":-13},"edid":4,"comparativeIndex":0.0,"electionDayVotesPercent":0.4,"nominatorAbbr":{"fi":"SDP","sv":"SDP","en":"SDP"}},{"age":65,"advanceVotesPercent":0.4,"lastname":"Vajavaara","occupation":"sairaanhoitaja, eläkeläinen","advanceVotes":3,"npid":3,"totalVotes":4,"spid":4,"abbr":"SDP","municipalCouncilor":false,"muid":79,"alid":3,"firstname":"Eija","electionDayVotes":1,"pid":"1","finalPosition":0,"electedInformation":"NOT_ELECTED","totalVotesPercent":0.3,"nominatorName":{"fi":"Suomen Sosialidemokraattinen Puolue","sv":"Finlands Socialdemokratiska Parti","en":"The Finnish Social Democratic Party"},"caid":53,"position":0,"gender":"2","comparisonData":{"totalVotes":13,"votesTotalChange":-9},"edid":4,"comparativeIndex":0.0,"electionDayVotesPercent":0.1,"nominatorAbbr":{"fi":"SDP","sv":"SDP","en":"SDP"}},{"age":68,"advanceVotesPercent":0.3,"lastname":"Heinola","occupation":"insinööri","advanceVotes":2,"npid":7,"totalVotes":4,"spid":2,"abbr":"KOK","municipalCouncilor":false,"muid":79,"alid":7,"firstname":"Mikko","electionDayVotes":2,"pid":"4","finalPosition":0,"electedInformation":"NOT_ELECTED","totalVotesPercent":0.3,"nominatorName":{"fi":"Kansallinen Kokoomus","sv":"Samlingspartiet","en":"National Coalition Party"},"caid":69,"position":0,"gender":"1","comparisonData":{"totalVotes":25,"votesTotalChange":-21},"edid":4,"comparativeIndex":0.0,"electionDayVotesPercent":0.3,"nominatorAbbr":{"fi":"KOK","sv":"Saml","en":"NCP"}},{"age":71,"advanceVotesPercent":0.3,"lastname":"Lavonen","occupation":"sahuri","advanceVotes":2,"npid":1,"totalVotes":3,"spid":6,"abbr":"VAS","municipalCouncilor":false,"muid":79,"alid":1,"firstname":"Kari","electionDayVotes":1,"pid":"15","finalPosition":0,"electedInformation":"NOT_ELECTED","totalVotesPercent":0.2,"nominatorName":{"fi":"Vasemmistoliitto","sv":"Vänsterförbundet","en":"The Left Alliance"},"caid":8,"position":0,"gender":"1","comparisonData":{"totalVotes":19,"votesTotalChange":-16},"edid":4,"comparativeIndex":0.0,"electionDayVotesPercent":0.1,"nominatorAbbr":{"fi":"VAS","sv":"VF","en":"LEFT"}},{"age":66,"advanceVotesPercent":0.3,"lastname":"Hohtari","occupation":"mielenterveyshoitaja, eläkeläinen","advanceVotes":2,"npid":3,"totalVotes":3,"spid":4,"abbr":"SDP","municipalCouncilor":false,"muid":79,"alid":3,"firstname":"Marjatta","electionDayVotes":1,"pid":"1","finalPosition":0,"electedInformation":"NOT_ELECTED","totalVotesPercent":0.2,"nominatorName":{"fi":"Suomen Sosialidemokraattinen Puolue","sv":"Finlands Socialdemokratiska Parti","en":"The Finnish Social Democratic Party"},"caid":23,"position":0,"gender":"2","comparisonData":{"totalVotes":24,"votesTotalChange":-21},"edid":4,"comparativeIndex":0.0,"electionDayVotesPercent":0.1,"nominatorAbbr":{"fi":"SDP","sv":"SDP","en":"SDP"}},{"age":25,"advanceVotesPercent":0.0,"lastname":"Manninen","occupation":"merkonomi","advanceVotes":0,"npid":3,"totalVotes":3,"spid":4,"abbr":"SDP","municipalCouncilor":false,"muid":79,"alid":3,"firstname":"Taru","electionDayVotes":3,"pid":"1","finalPosition":0,"electedInformation":"NOT_ELECTED","totalVotesPercent":0.2,"nominatorName":{"fi":"Suomen Sosialidemokraattinen Puolue","sv":"Finlands Socialdemokratiska Parti","en":"The Finnish Social Democratic Party"},"caid":31,"position":0,"gender":"2","comparisonData":{"totalVotes":0,"votesTotalChange":3},"edid":4,"comparativeIndex":0.0,"electionDayVotesPercent":0.4,"nominatorAbbr":{"fi":"SDP","sv":"SDP","en":"SDP"}},{"age":53,"advanceVotesPercent":0.1,"lastname":"Siirto","occupation":"sairaanhoitaja","advanceVotes":1,"npid":3,"totalVotes":3,"spid":4,"abbr":"SDP","municipalCouncilor":false,"muid":79,"alid":3,"firstname":"Tuula","electionDayVotes":2,"pid":"1","finalPosition":0,"electedInformation":"NOT_ELECTED","totalVotesPercent":0.2,"nominatorName":{"fi":"Suomen Sosialidemokraattinen Puolue","sv":"Finlands Socialdemokratiska Parti","en":"The Finnish Social Democratic Party"},"caid":47,"position":0,"gender":"2","comparisonData":{"totalVotes":6,"votesTotalChange":-3},"edid":4,"comparativeIndex":0.0,"electionDayVotesPercent":0.3,"nominatorAbbr":{"fi":"SDP","sv":"SDP","en":"SDP"}},{"age":55,"advanceVotesPercent":0.0,"lastname":"Kortelainen","occupation":"kartoittaja","advanceVotes":0,"npid":1,"totalVotes":2,"spid":6,"abbr":"VAS","municipalCouncilor":false,"muid":79,"alid":1,"firstname":"Tero","electionDayVotes":2,"pid":"15","finalPosition":0,"electedInformation":"NOT_ELECTED","totalVotesPercent":0.1,"nominatorName":{"fi":"Vasemmistoliitto","sv":"Vänsterförbundet","en":"The Left Alliance"},"caid":6,"position":0,"gender":"1","comparisonData":{"totalVotes":12,"votesTotalChange":-10},"edid":4,"comparativeIndex":0.0,"electionDayVotesPercent":0.3,"nominatorAbbr":{"fi":"VAS","sv":"VF","en":"LEFT"}},{"age":73,"advanceVotesPercent":0.1,"lastname":"Salonen","occupation":"kenttämestari, eläkeläinen","advanceVotes":1,"npid":3,"totalVotes":1,"spid":4,"abbr":"SDP","municipalCouncilor":false,"muid":79,"alid":3,"firstname":"Paavo","electionDayVotes":0,"pid":"1","finalPosition":0,"electedInformation":"NOT_ELECTED","totalVotesPercent":0.1,"nominatorName":{"fi":"Suomen Sosialidemokraattinen Puolue","sv":"Finlands Socialdemokratiska Parti","en":"The Finnish Social Democratic Party"},"caid":46,"position":0,"gender":"1","comparisonData":{"totalVotes":15,"votesTotalChange":-14},"edid":4,"comparativeIndex":0.0,"electionDayVotesPercent":0.0,"nominatorAbbr":{"fi":"SDP","sv":"SDP","en":"SDP"}},{"age":18,"advanceVotesPercent":0.0,"lastname":"Mäkipää","occupation":"opiskelija","advanceVotes":0,"npid":4,"totalVotes":1,"spid":3,"abbr":"PS","municipalCouncilor":false,"muid":79,"alid":4,"firstname":"Jani","electionDayVotes":1,"pid":"23","finalPosition":0,"electedInformation":"NOT_ELECTED","totalVotesPercent":0.1,"nominatorName":{"fi":"Perussuomalaiset","sv":"Sannfinländarna","en":"The Finns Party"},"caid":57,"position":0,"gender":"1","comparisonData":{"totalVotes":0,"votesTotalChange":1},"edid":4,"comparativeIndex":0.0,"electionDayVotesPercent":0.1,"nominatorAbbr":{"fi":"PS","sv":"Sannf","en":"FINNS"}},{"age":54,"advanceVotesPercent":0.1,"lastname":"Nieminen","occupation":"kunnossapitoasentaja","advanceVotes":1,"npid":6,"totalVotes":1,"spid":8,"abbr":"KD","municipalCouncilor":false,"muid":79,"alid":6,"firstname":"Raimo","electionDayVotes":0,"pid":"9","finalPosition":0,"electedInformation":"NOT_ELECTED","totalVotesPercent":0.1,"nominatorName":{"fi":"Suomen Kristillisdemokraatit (KD)","sv":"Kristdemokraterna i Finland (KD)","en":"Christian Democrats in Finland"},"caid":67,"position":0,"gender":"1","comparisonData":{"totalVotes":0,"votesTotalChange":1},"edid":4,"comparativeIndex":0.0,"electionDayVotesPercent":0.0,"nominatorAbbr":{"fi":"KD","sv":"KD","en":"CD"}},{"age":75,"advanceVotesPercent":0.0,"lastname":"Rantala","occupation":"yrittäjä","advanceVotes":0,"npid":7,"totalVotes":1,"spid":2,"abbr":"KOK","municipalCouncilor":false,"muid":79,"alid":7,"firstname":"Liisa","electionDayVotes":1,"pid":"4","finalPosition":0,"electedInformation":"NOT_ELECTED","totalVotesPercent":0.1,"nominatorName":{"fi":"Kansallinen Kokoomus","sv":"Samlingspartiet","en":"National Coalition Party"},"caid":81,"position":0,"gender":"2","comparisonData":{"totalVotes":3,"votesTotalChange":-2},"edid":4,"comparativeIndex":0.0,"electionDayVotesPercent":0.1,"nominatorAbbr":{"fi":"KOK","sv":"Saml","en":"NCP"}},{"age":63,"advanceVotesPercent":0.1,"lastname":"Telenius","occupation":"valtiotieteiden lisensiaatti","advanceVotes":1,"npid":7,"totalVotes":1,"spid":2,"abbr":"KOK","municipalCouncilor":false,"muid":79,"alid":7,"firstname":"Seppo","electionDayVotes":0,"pid":"4","finalPosition":0,"electedInformation":"NOT_ELECTED","totalVotesPercent":0.1,"nominatorName":{"fi":"Kansallinen Kokoomus","sv":"Samlingspartiet","en":"National Coalition Party"},"caid":85,"position":0,"gender":"1","comparisonData":{"totalVotes":3,"votesTotalChange":-2},"edid":4,"comparativeIndex":0.0,"electionDayVotesPercent":0.0,"nominatorAbbr":{"fi":"KOK","sv":"Saml","en":"NCP"}},{"age":66,"advanceVotesPercent":0.0,"lastname":"Mäkinen","occupation":"eläkeläinen","advanceVotes":0,"npid":1,"totalVotes":0,"spid":6,"abbr":"VAS","municipalCouncilor":false,"muid":79,"alid":1,"firstname":"Seppo","electionDayVotes":0,"pid":"15","finalPosition":0,"electedInformation":"NOT_ELECTED","totalVotesPercent":0.0,"nominatorName":{"fi":"Vasemmistoliitto","sv":"Vänsterförbundet","en":"The Left Alliance"},"caid":12,"position":0,"gender":"1","comparisonData":{"totalVotes":4,"votesTotalChange":-4},"edid":4,"comparativeIndex":0.0,"electionDayVotesPercent":0.0,"nominatorAbbr":{"fi":"VAS","sv":"VF","en":"LEFT"}},{"age":58,"advanceVotesPercent":0.0,"lastname":"Salomäki","occupation":"mallinvalmistaja","advanceVotes":0,"npid":3,"totalVotes":0,"spid":4,"abbr":"SDP","municipalCouncilor":false,"muid":79,"alid":3,"firstname":"Matti","electionDayVotes":0,"pid":"1","finalPosition":0,"electedInformation":"NOT_ELECTED","totalVotesPercent":0.0,"nominatorName":{"fi":"Suomen Sosialidemokraattinen Puolue","sv":"Finlands Socialdemokratiska Parti","en":"The Finnish Social Democratic Party"},"caid":44,"position":0,"gender":"1","comparisonData":{"totalVotes":9,"votesTotalChange":-9},"edid":4,"comparativeIndex":0.0,"electionDayVotesPercent":0.0,"nominatorAbbr":{"fi":"SDP","sv":"SDP","en":"SDP"}}],"municipalityPollingDistricts":[{"name":{"fi":"Eteläinen","sv":"Eteläinen"},"calculationStatusPercent":100.0,"joinedArea":false,"muid":79,"totalVotingInFinlandTurnout":52.4,"identification":"001","pdid":"001","eligibleVotersInFinlandTotal":3622,"edid":4,"mergedToPdid":""},{"name":{"fi":"Pohjoinen","sv":"Pohjoinen"},"calculationStatusPercent":100.0,"joinedArea":false,"muid":79,"totalVotingInFinlandTurnout":64.0,"identification":"002","pdid":"002","eligibleVotersInFinlandTotal":2328,"edid":4,"mergedToPdid":""}],"municipality":{"muid":79,"edid":4,"name":{"fi":"Harjavalta","sv":"Harjavalta"}}}