{"version":76,"created":"2017-04-09T23:07:26.265Z","electionDetails":{"electionId":"kv2017","electionDate":"2017-04-09T00:00:00.000Z","electionDataPublishTime":"2017-04-09T17:00:00.000Z","name":{"fi":"Kuntavaalit 2017","sv":"Kommunalval 2017","en":"Elections 2017"},"previousElections":{"correspondingCompareElection":{"electionId":"kv2012","electionDate":"2012-10-28T00:00:00.000Z","name":{"fi":"Kuntavaalit 2012","en":"Municipal elections 2012","sv":"Kommunalval 2012"}},"otherCompareElection":{"electionId":"ev2015","electionDate":"2015-04-19T00:00:00.000Z","name":{"fi":"Eduskuntavaalit 2015","en":"Parliamentary election 2015","sv":"Riksdagsval 2015"}}}},"calculationStatus":{"electionDayVotingTurnout":41.9,"invalidAdvanceVotes":2,"calculationPhase":"INITIAL","invalidElectionDayVotes":4,"approvedAdvanceVotes":335,"advanceVotingTurnout":18.1,"totalVotingTurnoutAbroad":0.0,"name":{"fi":"Ryttylä","sv":"Ryttylä"},"calculationStatusPercent":100.0,"advanceVotes":337,"electionDayVotingTurnoutAbroad":0.0,"approvedTotalVotes":1110,"totalVotes":1116,"muid":86,"totalVotingInFinlandTurnout":60.0,"advanceVotingTurnoutAbroad":0.0,"invalidTotalVotes":6,"totalVotingTurnout":60.0,"electionDayVotes":779,"electionDayVotesInFinland":779,"pdid":"004","totalVotesInFinlandMen":0,"eligibleVotersInFinlandTotal":1860,"calculationStatusPercentElectionDayVotes":100.0,"sourceRecordModificationTime":"20170409205803","otherCompareElection":{"eid":"","eligibleVotersInFinlandTotal":0,"advanceVotingInFinlandTurnout":0.0,"electionDayVotingInFinlandTurnout":0.0,"totalVotingInFinlandTurnout":0.0,"approvedVotesTotal":0,"invalidVotesTotal":0},"correspondingCompareElection":{"eid":"","eligibleVotersInFinlandTotal":0,"advanceVotingInFinlandTurnout":0.0,"electionDayVotingInFinlandTurnout":0.0,"totalVotingInFinlandTurnout":0.0,"approvedVotesTotal":0,"invalidVotesTotal":0,"seats":0},"approvedElectionDayVotes":775,"edid":6,"calculationStatusPercentAdvanceVotes":100.0,"electionDayVotingInFinlandTurnout":41.9,"seats":0,"eligibleVotersTotal":1860,"advanceVotesInFinland":337,"advanceVotingInFinlandTurnout":18.1,"totalVotesInFinland":1116},"partyResults":[{"advanceVotesPercent":24.8,"name":{"fi":"Vasemmistoliitto","sv":"Vänsterförbundet","en":"The Left Alliance"},"advanceVotes":83,"npid":3,"totalVotes":220,"spid":6,"abbr":{"fi":"VAS","sv":"VF","en":"LEFT"},"alid":3,"electionDayVotes":137,"pid":"15","totalVotesPercent":19.8,"nominatorName":{"fi":"Vasemmistoliitto","sv":"Vänsterförbundet","en":"The Left Alliance"},"compareData":{"otherCompareElection":{"votesTotalChange":0,"votesTotalPercentChange":0.0,"votesTotal":220,"votesTotalPercent":19.8},"correspondingCompareElection":{"votesTotalChange":0,"votesTotalPercentChange":0.0,"seatChange":0,"votesTotal":220,"votesTotalPercent":19.8,"seatsTotal":0}},"seats":0,"electionDayVotesPercent":17.7,"nominatorAbbr":{"fi":"VAS","sv":"VF","en":"LEFT"}},{"advanceVotesPercent":20.3,"name":{"fi":"Suomen Keskusta","sv":"Centern i Finland","en":"Centre Party of Finland"},"advanceVotes":68,"npid":6,"totalVotes":218,"spid":1,"abbr":{"fi":"KESK","sv":"C","en":"CENT"},"alid":6,"electionDayVotes":150,"pid":"2","totalVotesPercent":19.6,"nominatorName":{"fi":"Suomen Keskusta","sv":"Centern i Finland","en":"Centre Party of Finland"},"compareData":{"otherCompareElection":{"votesTotalChange":0,"votesTotalPercentChange":0.0,"votesTotal":218,"votesTotalPercent":19.6},"correspondingCompareElection":{"votesTotalChange":0,"votesTotalPercentChange":0.0,"seatChange":0,"votesTotal":218,"votesTotalPercent":19.6,"seatsTotal":0}},"seats":0,"electionDayVotesPercent":19.4,"nominatorAbbr":{"fi":"KESK","sv":"C","en":"CENT"}},{"advanceVotesPercent":17.6,"name":{"fi":"Kansallinen Kokoomus","sv":"Samlingspartiet","en":"National Coalition Party"},"advanceVotes":59,"npid":7,"totalVotes":177,"spid":2,"abbr":{"fi":"KOK","sv":"Saml","en":"NCP"},"alid":7,"electionDayVotes":118,"pid":"4","totalVotesPercent":15.9,"nominatorName":{"fi":"Kansallinen Kokoomus","sv":"Samlingspartiet","en":"National Coalition Party"},"compareData":{"otherCompareElection":{"votesTotalChange":0,"votesTotalPercentChange":0.0,"votesTotal":177,"votesTotalPercent":15.9},"correspondingCompareElection":{"votesTotalChange":0,"votesTotalPercentChange":0.0,"seatChange":0,"votesTotal":177,"votesTotalPercent":15.9,"seatsTotal":0}},"seats":0,"electionDayVotesPercent":15.2,"nominatorAbbr":{"fi":"KOK","sv":"Saml","en":"NCP"}},{"advanceVotesPercent":6.0,"name":{"fi":"Perussuomalaiset","sv":"Sannfinländarna","en":"The Finns Party"},"advanceVotes":20,"npid":4,"totalVotes":139,"spid":3,"abbr":{"fi":"PS","sv":"Sannf","en":"FINNS"},"alid":4,"electionDayVotes":119,"pid":"23","totalVotesPercent":12.5,"nominatorName":{"fi":"Perussuomalaiset","sv":"Sannfinländarna","en":"The Finns Party"},"compareData":{"otherCompareElection":{"votesTotalChange":0,"votesTotalPercentChange":0.0,"votesTotal":139,"votesTotalPercent":12.5},"correspondingCompareElection":{"votesTotalChange":0,"votesTotalPercentChange":0.0,"seatChange":0,"votesTotal":139,"votesTotalPercent":12.5,"seatsTotal":0}},"seats":0,"electionDayVotesPercent":15.4,"nominatorAbbr":{"fi":"PS","sv":"Sannf","en":"FINNS"}},{"advanceVotesPercent":9.9,"name":{"fi":"Suomen Sosialidemokraattinen Puolue","sv":"Finlands Socialdemokratiska Parti","en":"The Finnish Social Democratic Party"},"advanceVotes":33,"npid":2,"totalVotes":137,"spid":4,"abbr":{"fi":"SDP","sv":"SDP","en":"SDP"},"alid":2,"electionDayVotes":104,"pid":"1","totalVotesPercent":12.3,"nominatorName":{"fi":"Suomen Sosialidemokraattinen Puolue","sv":"Finlands Socialdemokratiska Parti","en":"The Finnish Social Democratic Party"},"compareData":{"otherCompareElection":{"votesTotalChange":0,"votesTotalPercentChange":0.0,"votesTotal":137,"votesTotalPercent":12.3},"correspondingCompareElection":{"votesTotalChange":0,"votesTotalPercentChange":0.0,"seatChange":0,"votesTotal":137,"votesTotalPercent":12.3,"seatsTotal":0}},"seats":0,"electionDayVotesPercent":13.4,"nominatorAbbr":{"fi":"SDP","sv":"SDP","en":"SDP"}},{"advanceVotesPercent":8.4,"name":{"fi":"Vihreä liitto","sv":"Gröna förbundet","en":"Green League"},"advanceVotes":28,"npid":5,"totalVotes":114,"spid":5,"abbr":{"fi":"VIHR","sv":"Gröna","en":"GREEN"},"alid":5,"electionDayVotes":86,"pid":"13","totalVotesPercent":10.3,"nominatorName":{"fi":"Vihreä liitto","sv":"Gröna förbundet","en":"Green League"},"compareData":{"otherCompareElection":{"votesTotalChange":0,"votesTotalPercentChange":0.0,"votesTotal":114,"votesTotalPercent":10.3},"correspondingCompareElection":{"votesTotalChange":0,"votesTotalPercentChange":0.0,"seatChange":0,"votesTotal":114,"votesTotalPercent":10.3,"seatsTotal":0}},"seats":0,"electionDayVotesPercent":11.1,"nominatorAbbr":{"fi":"VIHR","sv":"Gröna","en":"GREEN"}},{"advanceVotesPercent":13.1,"name":{"fi":"Suomen Kristillisdemokraatit (KD)","sv":"Kristdemokraterna i Finland (KD)","en":"Christian Democrats in Finland"},"advanceVotes":44,"npid":1,"totalVotes":105,"spid":8,"abbr":{"fi":"KD","sv":"KD","en":"CD"},"alid":1,"electionDayVotes":61,"pid":"9","totalVotesPercent":9.5,"nominatorName":{"fi":"Suomen Kristillisdemokraatit (KD)","sv":"Kristdemokraterna i Finland (KD)","en":"Christian Democrats in Finland"},"compareData":{"otherCompareElection":{"votesTotalChange":0,"votesTotalPercentChange":0.0,"votesTotal":105,"votesTotalPercent":9.5},"correspondingCompareElection":{"votesTotalChange":0,"votesTotalPercentChange":0.0,"seatChange":0,"votesTotal":105,"votesTotalPercent":9.5,"seatsTotal":0}},"seats":0,"electionDayVotesPercent":7.9,"nominatorAbbr":{"fi":"KD","sv":"KD","en":"CD"}}],"candidateResults":[{"age":69,"advanceVotesPercent":12.8,"lastname":"Pokkinen","occupation":"eläkeläinen","advanceVotes":43,"npid":3,"totalVotes":117,"spid":6,"abbr":"VAS","municipalCouncilor":true,"muid":86,"alid":3,"firstname":"Erkki","electionDayVotes":74,"pid":"15","finalPosition":0,"electedInformation":"ELECTED","totalVotesPercent":10.5,"nominatorName":{"fi":"Vasemmistoliitto","sv":"Vänsterförbundet","en":"The Left Alliance"},"caid":29,"position":0,"gender":"1","comparisonData":{"totalVotes":98,"votesTotalChange":19},"edid":6,"comparativeIndex":0.0,"electionDayVotesPercent":9.5,"nominatorAbbr":{"fi":"VAS","sv":"VF","en":"LEFT"}},{"age":49,"advanceVotesPercent":7.2,"lastname":"Laine","occupation":"toimintaterapeutti, asumisohjaaja","advanceVotes":24,"npid":5,"totalVotes":100,"spid":5,"abbr":"VIHR","municipalCouncilor":true,"muid":86,"alid":5,"firstname":"Auli","electionDayVotes":76,"pid":"13","finalPosition":0,"electedInformation":"ELECTED","totalVotesPercent":9.0,"nominatorName":{"fi":"Vihreä liitto","sv":"Gröna förbundet","en":"Green League"},"caid":39,"position":0,"gender":"2","comparisonData":{"totalVotes":129,"votesTotalChange":-29},"edid":6,"comparativeIndex":0.0,"electionDayVotesPercent":9.8,"nominatorAbbr":{"fi":"VIHR","sv":"Gröna","en":"GREEN"}},{"age":60,"advanceVotesPercent":3.0,"lastname":"Ratilainen","occupation":"eläkeläinen","advanceVotes":10,"npid":4,"totalVotes":96,"spid":3,"abbr":"PS","municipalCouncilor":true,"muid":86,"alid":4,"firstname":"Timo","electionDayVotes":86,"pid":"23","finalPosition":0,"electedInformation":"ELECTED","totalVotesPercent":8.6,"nominatorName":{"fi":"Perussuomalaiset","sv":"Sannfinländarna","en":"The Finns Party"},"caid":34,"position":0,"gender":"1","comparisonData":{"totalVotes":147,"votesTotalChange":-51},"edid":6,"comparativeIndex":0.0,"electionDayVotesPercent":11.1,"nominatorAbbr":{"fi":"PS","sv":"Sannf","en":"FINNS"}},{"age":39,"advanceVotesPercent":2.4,"lastname":"Pulli","occupation":"kasvatustieteiden maisteri","advanceVotes":8,"npid":6,"totalVotes":57,"spid":1,"abbr":"KESK","municipalCouncilor":true,"muid":86,"alid":6,"firstname":"Auli","electionDayVotes":49,"pid":"2","finalPosition":0,"electedInformation":"ELECTED","totalVotesPercent":5.1,"nominatorName":{"fi":"Suomen Keskusta","sv":"Centern i Finland","en":"Centre Party of Finland"},"caid":55,"position":0,"gender":"2","comparisonData":{"totalVotes":40,"votesTotalChange":17},"edid":6,"comparativeIndex":0.0,"electionDayVotesPercent":6.3,"nominatorAbbr":{"fi":"KESK","sv":"C","en":"CENT"}},{"age":64,"advanceVotesPercent":5.7,"lastname":"Kaitainen","occupation":"pastori TM, eläkeläinen","advanceVotes":19,"npid":1,"totalVotes":46,"spid":8,"abbr":"KD","municipalCouncilor":true,"muid":86,"alid":1,"firstname":"Tapani","electionDayVotes":27,"pid":"9","finalPosition":0,"electedInformation":"ELECTED","totalVotesPercent":4.1,"nominatorName":{"fi":"Suomen Kristillisdemokraatit (KD)","sv":"Kristdemokraterna i Finland (KD)","en":"Christian Democrats in Finland"},"caid":5,"position":0,"gender":"1","comparisonData":{"totalVotes":75,"votesTotalChange":-29},"edid":6,"comparativeIndex":0.0,"electionDayVotesPercent":3.5,"nominatorAbbr":{"fi":"KD","sv":"KD","en":"CD"}},{"age":57,"advanceVotesPercent":3.0,"lastname":"Ollila","occupation":"lähihoitaja","advanceVotes":10,"npid":2,"totalVotes":39,"spid":4,"abbr":"SDP","municipalCouncilor":false,"muid":86,"alid":2,"firstname":"Maaret","electionDayVotes":29,"pid":"1","finalPosition":0,"electedInformation":"ELECTED","totalVotesPercent":3.5,"nominatorName":{"fi":"Suomen Sosialidemokraattinen Puolue","sv":"Finlands Socialdemokratiska Parti","en":"The Finnish Social Democratic Party"},"caid":15,"position":0,"gender":"2","comparisonData":{"totalVotes":33,"votesTotalChange":6},"edid":6,"comparativeIndex":0.0,"electionDayVotesPercent":3.7,"nominatorAbbr":{"fi":"SDP","sv":"SDP","en":"SDP"}},{"age":69,"advanceVotesPercent":3.0,"lastname":"Niinioja","occupation":"valtiotieteen maisteri","advanceVotes":10,"npid":3,"totalVotes":32,"spid":6,"abbr":"VAS","municipalCouncilor":false,"muid":86,"alid":3,"firstname":"Eeva-Liisa","electionDayVotes":22,"pid":"15","finalPosition":0,"electedInformation":"ON_SUBSTITUTE_PLACE","totalVotesPercent":2.9,"nominatorName":{"fi":"Vasemmistoliitto","sv":"Vänsterförbundet","en":"The Left Alliance"},"caid":28,"position":0,"gender":"2","comparisonData":{"totalVotes":22,"votesTotalChange":10},"edid":6,"comparativeIndex":0.0,"electionDayVotesPercent":2.8,"nominatorAbbr":{"fi":"VAS","sv":"VF","en":"LEFT"}},{"age":52,"advanceVotesPercent":3.6,"lastname":"Roivas-Korhonen","occupation":"lähihoitaja","advanceVotes":12,"npid":3,"totalVotes":29,"spid":6,"abbr":"VAS","municipalCouncilor":true,"muid":86,"alid":3,"firstname":"Soile","electionDayVotes":17,"pid":"15","finalPosition":0,"electedInformation":"ELECTED","totalVotesPercent":2.6,"nominatorName":{"fi":"Vasemmistoliitto","sv":"Vänsterförbundet","en":"The Left Alliance"},"caid":30,"position":0,"gender":"2","comparisonData":{"totalVotes":37,"votesTotalChange":-8},"edid":6,"comparativeIndex":0.0,"electionDayVotesPercent":2.2,"nominatorAbbr":{"fi":"VAS","sv":"VF","en":"LEFT"}},{"age":49,"advanceVotesPercent":3.3,"lastname":"Juuri","occupation":"luokanopettaja","advanceVotes":11,"npid":3,"totalVotes":28,"spid":6,"abbr":"VAS","municipalCouncilor":true,"muid":86,"alid":3,"firstname":"Anu","electionDayVotes":17,"pid":"15","finalPosition":0,"electedInformation":"ELECTED","totalVotesPercent":2.5,"nominatorName":{"fi":"Vasemmistoliitto","sv":"Vänsterförbundet","en":"The Left Alliance"},"caid":26,"position":0,"gender":"2","comparisonData":{"totalVotes":70,"votesTotalChange":-42},"edid":6,"comparativeIndex":0.0,"electionDayVotesPercent":2.2,"nominatorAbbr":{"fi":"VAS","sv":"VF","en":"LEFT"}},{"age":65,"advanceVotesPercent":4.2,"lastname":"Brotherus","occupation":"KTM, yrittäjä","advanceVotes":14,"npid":7,"totalVotes":27,"spid":2,"abbr":"KOK","municipalCouncilor":true,"muid":86,"alid":7,"firstname":"Ilkka","electionDayVotes":13,"pid":"4","finalPosition":0,"electedInformation":"ELECTED","totalVotesPercent":2.4,"nominatorName":{"fi":"Kansallinen Kokoomus","sv":"Samlingspartiet","en":"National Coalition Party"},"caid":66,"position":0,"gender":"1","comparisonData":{"totalVotes":167,"votesTotalChange":-140},"edid":6,"comparativeIndex":0.0,"electionDayVotesPercent":1.7,"nominatorAbbr":{"fi":"KOK","sv":"Saml","en":"NCP"}},{"age":49,"advanceVotesPercent":3.9,"lastname":"Pyrä","occupation":"asentaja","advanceVotes":13,"npid":6,"totalVotes":26,"spid":1,"abbr":"KESK","municipalCouncilor":true,"muid":86,"alid":6,"firstname":"Markku","electionDayVotes":13,"pid":"2","finalPosition":0,"electedInformation":"ON_SUBSTITUTE_PLACE","totalVotesPercent":2.3,"nominatorName":{"fi":"Suomen Keskusta","sv":"Centern i Finland","en":"Centre Party of Finland"},"caid":56,"position":0,"gender":"1","comparisonData":{"totalVotes":73,"votesTotalChange":-47},"edid":6,"comparativeIndex":0.0,"electionDayVotesPercent":1.7,"nominatorAbbr":{"fi":"KESK","sv":"C","en":"CENT"}},{"age":34,"advanceVotesPercent":1.8,"lastname":"Hallikainen","occupation":"rakennustarvikemyyjä, turvallisuusvalvoja","advanceVotes":6,"npid":7,"totalVotes":25,"spid":2,"abbr":"KOK","municipalCouncilor":false,"muid":86,"alid":7,"firstname":"Simo","electionDayVotes":19,"pid":"4","finalPosition":0,"electedInformation":"ON_SUBSTITUTE_PLACE","totalVotesPercent":2.3,"nominatorName":{"fi":"Kansallinen Kokoomus","sv":"Samlingspartiet","en":"National Coalition Party"},"caid":67,"position":0,"gender":"1","comparisonData":{"totalVotes":0,"votesTotalChange":25},"edid":6,"comparativeIndex":0.0,"electionDayVotesPercent":2.5,"nominatorAbbr":{"fi":"KOK","sv":"Saml","en":"NCP"}},{"age":34,"advanceVotesPercent":3.0,"lastname":"Järvinen","occupation":"toimitussihteeri, av-mediasihteeri","advanceVotes":10,"npid":1,"totalVotes":24,"spid":8,"abbr":"KD","municipalCouncilor":false,"muid":86,"alid":1,"firstname":"Mika","electionDayVotes":14,"pid":"9","finalPosition":0,"electedInformation":"ON_SUBSTITUTE_PLACE","totalVotesPercent":2.2,"nominatorName":{"fi":"Suomen Kristillisdemokraatit (KD)","sv":"Kristdemokraterna i Finland (KD)","en":"Christian Democrats in Finland"},"caid":4,"position":0,"gender":"1","comparisonData":{"totalVotes":0,"votesTotalChange":24},"edid":6,"comparativeIndex":0.0,"electionDayVotesPercent":1.8,"nominatorAbbr":{"fi":"KD","sv":"KD","en":"CD"}},{"age":37,"advanceVotesPercent":0.3,"lastname":"Rantanen","occupation":"pääluottamusmies, lataaja","advanceVotes":1,"npid":2,"totalVotes":23,"spid":4,"abbr":"SDP","municipalCouncilor":false,"muid":86,"alid":2,"firstname":"Jussi","electionDayVotes":22,"pid":"1","finalPosition":0,"electedInformation":"ELECTED","totalVotesPercent":2.1,"nominatorName":{"fi":"Suomen Sosialidemokraattinen Puolue","sv":"Finlands Socialdemokratiska Parti","en":"The Finnish Social Democratic Party"},"caid":19,"position":0,"gender":"1","comparisonData":{"totalVotes":0,"votesTotalChange":23},"edid":6,"comparativeIndex":0.0,"electionDayVotesPercent":2.8,"nominatorAbbr":{"fi":"SDP","sv":"SDP","en":"SDP"}},{"age":51,"advanceVotesPercent":2.7,"lastname":"Hietanen","occupation":"sairaanhoitaja, yrittäjä","advanceVotes":9,"npid":6,"totalVotes":21,"spid":1,"abbr":"KESK","municipalCouncilor":true,"muid":86,"alid":6,"firstname":"Satu","electionDayVotes":12,"pid":"2","finalPosition":0,"electedInformation":"ELECTED","totalVotesPercent":1.9,"nominatorName":{"fi":"Suomen Keskusta","sv":"Centern i Finland","en":"Centre Party of Finland"},"caid":42,"position":0,"gender":"2","comparisonData":{"totalVotes":118,"votesTotalChange":-97},"edid":6,"comparativeIndex":0.0,"electionDayVotesPercent":1.5,"nominatorAbbr":{"fi":"KESK","sv":"C","en":"CENT"}},{"age":50,"advanceVotesPercent":3.0,"lastname":"Ristavaara","occupation":"valtiotieteiden maisteri, johtava sosiaalityöntekijä","advanceVotes":10,"npid":6,"totalVotes":18,"spid":1,"abbr":"KESK","municipalCouncilor":true,"muid":86,"alid":6,"firstname":"Heini","electionDayVotes":8,"pid":"2","finalPosition":0,"electedInformation":"ELECTED","totalVotesPercent":1.6,"nominatorName":{"fi":"Suomen Keskusta","sv":"Centern i Finland","en":"Centre Party of Finland"},"caid":57,"position":0,"gender":"2","comparisonData":{"totalVotes":77,"votesTotalChange":-59},"edid":6,"comparativeIndex":0.0,"electionDayVotesPercent":1.0,"nominatorAbbr":{"fi":"KESK","sv":"C","en":"CENT"}},{"age":19,"advanceVotesPercent":2.1,"lastname":"Hedman","occupation":"opiskelija","advanceVotes":7,"npid":7,"totalVotes":18,"spid":2,"abbr":"KOK","municipalCouncilor":false,"muid":86,"alid":7,"firstname":"Mikael","electionDayVotes":11,"pid":"4","finalPosition":0,"electedInformation":"ON_SUBSTITUTE_PLACE","totalVotesPercent":1.6,"nominatorName":{"fi":"Kansallinen Kokoomus","sv":"Samlingspartiet","en":"National Coalition Party"},"caid":68,"position":0,"gender":"1","comparisonData":{"totalVotes":0,"votesTotalChange":18},"edid":6,"comparativeIndex":0.0,"electionDayVotesPercent":1.4,"nominatorAbbr":{"fi":"KOK","sv":"Saml","en":"NCP"}},{"age":58,"advanceVotesPercent":1.2,"lastname":"Reunanen","occupation":"merkonomi, kuljetuspäällikkö","advanceVotes":4,"npid":4,"totalVotes":17,"spid":3,"abbr":"PS","municipalCouncilor":false,"muid":86,"alid":4,"firstname":"Kai","electionDayVotes":13,"pid":"23","finalPosition":0,"electedInformation":"NOT_ELECTED","totalVotesPercent":1.5,"nominatorName":{"fi":"Perussuomalaiset","sv":"Sannfinländarna","en":"The Finns Party"},"caid":35,"position":0,"gender":"1","comparisonData":{"totalVotes":42,"votesTotalChange":-25},"edid":6,"comparativeIndex":0.0,"electionDayVotesPercent":1.7,"nominatorAbbr":{"fi":"PS","sv":"Sannf","en":"FINNS"}},{"age":25,"advanceVotesPercent":0.6,"lastname":"Laine","occupation":"yrittäjä","advanceVotes":2,"npid":7,"totalVotes":17,"spid":2,"abbr":"KOK","municipalCouncilor":false,"muid":86,"alid":7,"firstname":"Jyri","electionDayVotes":15,"pid":"4","finalPosition":0,"electedInformation":"ELECTED","totalVotesPercent":1.5,"nominatorName":{"fi":"Kansallinen Kokoomus","sv":"Samlingspartiet","en":"National Coalition Party"},"caid":75,"position":0,"gender":"1","comparisonData":{"totalVotes":30,"votesTotalChange":-13},"edid":6,"comparativeIndex":0.0,"electionDayVotesPercent":1.9,"nominatorAbbr":{"fi":"KOK","sv":"Saml","en":"NCP"}},{"age":34,"advanceVotesPercent":1.8,"lastname":"Pesula","occupation":"logistiikkapäällikkö","advanceVotes":6,"npid":6,"totalVotes":16,"spid":1,"abbr":"KESK","municipalCouncilor":false,"muid":86,"alid":6,"firstname":"Sanna-Kaisa","electionDayVotes":10,"pid":"2","finalPosition":0,"electedInformation":"ELECTED","totalVotesPercent":1.4,"nominatorName":{"fi":"Suomen Keskusta","sv":"Centern i Finland","en":"Centre Party of Finland"},"caid":54,"position":0,"gender":"2","comparisonData":{"totalVotes":0,"votesTotalChange":16},"edid":6,"comparativeIndex":0.0,"electionDayVotesPercent":1.3,"nominatorAbbr":{"fi":"KESK","sv":"C","en":"CENT"}},{"age":75,"advanceVotesPercent":2.7,"lastname":"Pihkala","occupation":"sairaanhoitaja, eläkeläinen","advanceVotes":9,"npid":1,"totalVotes":15,"spid":8,"abbr":"KD","municipalCouncilor":false,"muid":86,"alid":1,"firstname":"Lea","electionDayVotes":6,"pid":"9","finalPosition":0,"electedInformation":"NOT_ELECTED","totalVotesPercent":1.4,"nominatorName":{"fi":"Suomen Kristillisdemokraatit (KD)","sv":"Kristdemokraterna i Finland (KD)","en":"Christian Democrats in Finland"},"caid":6,"position":0,"gender":"2","comparisonData":{"totalVotes":0,"votesTotalChange":15},"edid":6,"comparativeIndex":0.0,"electionDayVotesPercent":0.8,"nominatorAbbr":{"fi":"KD","sv":"KD","en":"CD"}},{"age":59,"advanceVotesPercent":2.1,"lastname":"Masalin","occupation":"kirvesmies, työsuojeluvaltuutettu","advanceVotes":7,"npid":2,"totalVotes":14,"spid":4,"abbr":"SDP","municipalCouncilor":true,"muid":86,"alid":2,"firstname":"Kari","electionDayVotes":7,"pid":"1","finalPosition":0,"electedInformation":"ELECTED","totalVotesPercent":1.3,"nominatorName":{"fi":"Suomen Sosialidemokraattinen Puolue","sv":"Finlands Socialdemokratiska Parti","en":"The Finnish Social Democratic Party"},"caid":12,"position":0,"gender":"1","comparisonData":{"totalVotes":128,"votesTotalChange":-114},"edid":6,"comparativeIndex":0.0,"electionDayVotesPercent":0.9,"nominatorAbbr":{"fi":"SDP","sv":"SDP","en":"SDP"}},{"age":50,"advanceVotesPercent":0.3,"lastname":"Kankkunen","occupation":"koneteknikko, tekninen asiantuntija","advanceVotes":1,"npid":6,"totalVotes":14,"spid":1,"abbr":"KESK","municipalCouncilor":false,"muid":86,"alid":6,"firstname":"Pertti","electionDayVotes":13,"pid":"2","finalPosition":0,"electedInformation":"NOT_ELECTED","totalVotesPercent":1.3,"nominatorName":{"fi":"Suomen Keskusta","sv":"Centern i Finland","en":"Centre Party of Finland"},"caid":45,"position":0,"gender":"1","comparisonData":{"totalVotes":0,"votesTotalChange":14},"edid":6,"comparativeIndex":0.0,"electionDayVotesPercent":1.7,"nominatorAbbr":{"fi":"KESK","sv":"C","en":"CENT"}},{"age":34,"advanceVotesPercent":1.5,"lastname":"Stråhle","occupation":"konsultti, filosofian maisteri","advanceVotes":5,"npid":7,"totalVotes":14,"spid":2,"abbr":"KOK","municipalCouncilor":false,"muid":86,"alid":7,"firstname":"Jarkko","electionDayVotes":9,"pid":"4","finalPosition":0,"electedInformation":"ELECTED","totalVotesPercent":1.3,"nominatorName":{"fi":"Kansallinen Kokoomus","sv":"Samlingspartiet","en":"National Coalition Party"},"caid":82,"position":0,"gender":"1","comparisonData":{"totalVotes":0,"votesTotalChange":14},"edid":6,"comparativeIndex":0.0,"electionDayVotesPercent":1.2,"nominatorAbbr":{"fi":"KOK","sv":"Saml","en":"NCP"}},{"age":33,"advanceVotesPercent":0.9,"lastname":"Nummela","occupation":"personal trainer, yrittäjä","advanceVotes":3,"npid":2,"totalVotes":12,"spid":4,"abbr":"SDP","municipalCouncilor":false,"muid":86,"alid":2,"firstname":"Mimmu","electionDayVotes":9,"pid":"1","finalPosition":0,"electedInformation":"ELECTED","totalVotesPercent":1.1,"nominatorName":{"fi":"Suomen Sosialidemokraattinen Puolue","sv":"Finlands Socialdemokratiska Parti","en":"The Finnish Social Democratic Party"},"caid":14,"position":0,"gender":"2","comparisonData":{"totalVotes":0,"votesTotalChange":12},"edid":6,"comparativeIndex":0.0,"electionDayVotesPercent":1.2,"nominatorAbbr":{"fi":"SDP","sv":"SDP","en":"SDP"}},{"age":41,"advanceVotesPercent":0.6,"lastname":"Pottonen","occupation":"psykologi","advanceVotes":2,"npid":2,"totalVotes":12,"spid":4,"abbr":"SDP","municipalCouncilor":true,"muid":86,"alid":2,"firstname":"Päivi","electionDayVotes":10,"pid":"1","finalPosition":0,"electedInformation":"ELECTED","totalVotesPercent":1.1,"nominatorName":{"fi":"Suomen Sosialidemokraattinen Puolue","sv":"Finlands Socialdemokratiska Parti","en":"The Finnish Social Democratic Party"},"caid":16,"position":0,"gender":"2","comparisonData":{"totalVotes":47,"votesTotalChange":-35},"edid":6,"comparativeIndex":0.0,"electionDayVotesPercent":1.3,"nominatorAbbr":{"fi":"SDP","sv":"SDP","en":"SDP"}},{"age":54,"advanceVotesPercent":0.9,"lastname":"Jaakkola","occupation":"metsänhoitaja, maatalous- ja metsätieteiden maisteri","advanceVotes":3,"npid":6,"totalVotes":12,"spid":1,"abbr":"KESK","municipalCouncilor":true,"muid":86,"alid":6,"firstname":"Simo","electionDayVotes":9,"pid":"2","finalPosition":0,"electedInformation":"ELECTED","totalVotesPercent":1.1,"nominatorName":{"fi":"Suomen Keskusta","sv":"Centern i Finland","en":"Centre Party of Finland"},"caid":43,"position":0,"gender":"1","comparisonData":{"totalVotes":41,"votesTotalChange":-29},"edid":6,"comparativeIndex":0.0,"electionDayVotesPercent":1.2,"nominatorAbbr":{"fi":"KESK","sv":"C","en":"CENT"}},{"age":49,"advanceVotesPercent":1.2,"lastname":"Liski","occupation":"yrittäjä, ylempi kiinteistönvälittäjä YKV","advanceVotes":4,"npid":6,"totalVotes":12,"spid":1,"abbr":"KESK","municipalCouncilor":false,"muid":86,"alid":6,"firstname":"Kaisa","electionDayVotes":8,"pid":"2","finalPosition":0,"electedInformation":"ELECTED","totalVotesPercent":1.1,"nominatorName":{"fi":"Suomen Keskusta","sv":"Centern i Finland","en":"Centre Party of Finland"},"caid":49,"position":0,"gender":"2","comparisonData":{"totalVotes":0,"votesTotalChange":12},"edid":6,"comparativeIndex":0.0,"electionDayVotesPercent":1.0,"nominatorAbbr":{"fi":"KESK","sv":"C","en":"CENT"}},{"age":53,"advanceVotesPercent":0.3,"lastname":"Orava","occupation":"edustaja","advanceVotes":1,"npid":7,"totalVotes":12,"spid":2,"abbr":"KOK","municipalCouncilor":false,"muid":86,"alid":7,"firstname":"Päivi","electionDayVotes":11,"pid":"4","finalPosition":0,"electedInformation":"NOT_ELECTED","totalVotesPercent":1.1,"nominatorName":{"fi":"Kansallinen Kokoomus","sv":"Samlingspartiet","en":"National Coalition Party"},"caid":78,"position":0,"gender":"2","comparisonData":{"totalVotes":0,"votesTotalChange":12},"edid":6,"comparativeIndex":0.0,"electionDayVotesPercent":1.4,"nominatorAbbr":{"fi":"KOK","sv":"Saml","en":"NCP"}},{"age":52,"advanceVotesPercent":1.2,"lastname":"Kelzenberg","occupation":"eläkeläinen, tekninen suunnittelija","advanceVotes":4,"npid":5,"totalVotes":11,"spid":5,"abbr":"VIHR","municipalCouncilor":false,"muid":86,"alid":5,"firstname":"Norbert","electionDayVotes":7,"pid":"13","finalPosition":0,"electedInformation":"ON_SUBSTITUTE_PLACE","totalVotesPercent":1.0,"nominatorName":{"fi":"Vihreä liitto","sv":"Gröna förbundet","en":"Green League"},"caid":38,"position":0,"gender":"1","comparisonData":{"totalVotes":0,"votesTotalChange":11},"edid":6,"comparativeIndex":0.0,"electionDayVotesPercent":0.9,"nominatorAbbr":{"fi":"VIHR","sv":"Gröna","en":"GREEN"}},{"age":49,"advanceVotesPercent":0.6,"lastname":"Helenius","occupation":"muusikko","advanceVotes":2,"npid":1,"totalVotes":10,"spid":8,"abbr":"KD","municipalCouncilor":false,"muid":86,"alid":1,"firstname":"Harri","electionDayVotes":8,"pid":"9","finalPosition":0,"electedInformation":"ON_SUBSTITUTE_PLACE","totalVotesPercent":0.9,"nominatorName":{"fi":"Suomen Kristillisdemokraatit (KD)","sv":"Kristdemokraterna i Finland (KD)","en":"Christian Democrats in Finland"},"caid":2,"position":0,"gender":"1","comparisonData":{"totalVotes":0,"votesTotalChange":10},"edid":6,"comparativeIndex":0.0,"electionDayVotesPercent":1.0,"nominatorAbbr":{"fi":"KD","sv":"KD","en":"CD"}},{"age":73,"advanceVotesPercent":2.4,"lastname":"Kaartinen","occupation":"rakennusarkkitehti, marjanviljelijä","advanceVotes":8,"npid":7,"totalVotes":10,"spid":2,"abbr":"KOK","municipalCouncilor":false,"muid":86,"alid":7,"firstname":"Matti","electionDayVotes":2,"pid":"4","finalPosition":0,"electedInformation":"NOT_ELECTED","totalVotesPercent":0.9,"nominatorName":{"fi":"Kansallinen Kokoomus","sv":"Samlingspartiet","en":"National Coalition Party"},"caid":71,"position":0,"gender":"1","comparisonData":{"totalVotes":0,"votesTotalChange":10},"edid":6,"comparativeIndex":0.0,"electionDayVotesPercent":0.3,"nominatorAbbr":{"fi":"KOK","sv":"Saml","en":"NCP"}},{"age":38,"advanceVotesPercent":0.9,"lastname":"Arovuori","occupation":"tutkimusjohtaja, MMT","advanceVotes":3,"npid":7,"totalVotes":9,"spid":2,"abbr":"KOK","municipalCouncilor":true,"muid":86,"alid":7,"firstname":"Kyösti","electionDayVotes":6,"pid":"4","finalPosition":0,"electedInformation":"ELECTED","totalVotesPercent":0.8,"nominatorName":{"fi":"Kansallinen Kokoomus","sv":"Samlingspartiet","en":"National Coalition Party"},"caid":65,"position":0,"gender":"1","comparisonData":{"totalVotes":73,"votesTotalChange":-64},"edid":6,"comparativeIndex":0.0,"electionDayVotesPercent":0.8,"nominatorAbbr":{"fi":"KOK","sv":"Saml","en":"NCP"}},{"age":70,"advanceVotesPercent":0.9,"lastname":"Heinonen","occupation":"markkinointisihteeri, eläkkeellä","advanceVotes":3,"npid":7,"totalVotes":9,"spid":2,"abbr":"KOK","municipalCouncilor":false,"muid":86,"alid":7,"firstname":"Eeva","electionDayVotes":6,"pid":"4","finalPosition":0,"electedInformation":"ON_SUBSTITUTE_PLACE","totalVotesPercent":0.8,"nominatorName":{"fi":"Kansallinen Kokoomus","sv":"Samlingspartiet","en":"National Coalition Party"},"caid":69,"position":0,"gender":"2","comparisonData":{"totalVotes":0,"votesTotalChange":9},"edid":6,"comparativeIndex":0.0,"electionDayVotesPercent":0.8,"nominatorAbbr":{"fi":"KOK","sv":"Saml","en":"NCP"}},{"age":59,"advanceVotesPercent":0.9,"lastname":"Nieminen","occupation":"keittäjä","advanceVotes":3,"npid":3,"totalVotes":8,"spid":6,"abbr":"VAS","municipalCouncilor":false,"muid":86,"alid":3,"firstname":"Päivi","electionDayVotes":5,"pid":"15","finalPosition":0,"electedInformation":"NOT_ELECTED","totalVotesPercent":0.7,"nominatorName":{"fi":"Vasemmistoliitto","sv":"Vänsterförbundet","en":"The Left Alliance"},"caid":27,"position":0,"gender":"2","comparisonData":{"totalVotes":0,"votesTotalChange":8},"edid":6,"comparativeIndex":0.0,"electionDayVotesPercent":0.6,"nominatorAbbr":{"fi":"VAS","sv":"VF","en":"LEFT"}},{"age":42,"advanceVotesPercent":0.3,"lastname":"Määttä","occupation":"metsätalousinsinööri (amk), yksityisyrittäjä","advanceVotes":1,"npid":4,"totalVotes":8,"spid":3,"abbr":"PS","municipalCouncilor":false,"muid":86,"alid":4,"firstname":"Petri","electionDayVotes":7,"pid":"23","finalPosition":0,"electedInformation":"ELECTED","totalVotesPercent":0.7,"nominatorName":{"fi":"Perussuomalaiset","sv":"Sannfinländarna","en":"The Finns Party"},"caid":33,"position":0,"gender":"1","comparisonData":{"totalVotes":0,"votesTotalChange":8},"edid":6,"comparativeIndex":0.0,"electionDayVotesPercent":0.9,"nominatorAbbr":{"fi":"PS","sv":"Sannf","en":"FINNS"}},{"age":59,"advanceVotesPercent":0.9,"lastname":"Jurvanen","occupation":"vapaaehtoistyöntekijä","advanceVotes":3,"npid":1,"totalVotes":7,"spid":8,"abbr":"KD","municipalCouncilor":false,"muid":86,"alid":1,"firstname":"Ulla","electionDayVotes":4,"pid":"9","finalPosition":0,"electedInformation":"NOT_ELECTED","totalVotesPercent":0.6,"nominatorName":{"fi":"Suomen Kristillisdemokraatit (KD)","sv":"Kristdemokraterna i Finland (KD)","en":"Christian Democrats in Finland"},"caid":3,"position":0,"gender":"2","comparisonData":{"totalVotes":0,"votesTotalChange":7},"edid":6,"comparativeIndex":0.0,"electionDayVotesPercent":0.5,"nominatorAbbr":{"fi":"KD","sv":"KD","en":"CD"}},{"age":53,"advanceVotesPercent":0.9,"lastname":"Mäkinen","occupation":"työnjohtaja / voimalinja-asentaja","advanceVotes":3,"npid":2,"totalVotes":7,"spid":4,"abbr":"SDP","municipalCouncilor":true,"muid":86,"alid":2,"firstname":"Jari","electionDayVotes":4,"pid":"1","finalPosition":0,"electedInformation":"ELECTED","totalVotesPercent":0.6,"nominatorName":{"fi":"Suomen Sosialidemokraattinen Puolue","sv":"Finlands Socialdemokratiska Parti","en":"The Finnish Social Democratic Party"},"caid":13,"position":0,"gender":"1","comparisonData":{"totalVotes":106,"votesTotalChange":-99},"edid":6,"comparativeIndex":0.0,"electionDayVotesPercent":0.5,"nominatorAbbr":{"fi":"SDP","sv":"SDP","en":"SDP"}},{"age":50,"advanceVotesPercent":0.3,"lastname":"Kohonen","occupation":"rakennusmestari, vastaava mestari","advanceVotes":1,"npid":4,"totalVotes":7,"spid":3,"abbr":"PS","municipalCouncilor":false,"muid":86,"alid":4,"firstname":"Timo","electionDayVotes":6,"pid":"23","finalPosition":0,"electedInformation":"ON_SUBSTITUTE_PLACE","totalVotesPercent":0.6,"nominatorName":{"fi":"Perussuomalaiset","sv":"Sannfinländarna","en":"The Finns Party"},"caid":31,"position":0,"gender":"1","comparisonData":{"totalVotes":0,"votesTotalChange":7},"edid":6,"comparativeIndex":0.0,"electionDayVotesPercent":0.8,"nominatorAbbr":{"fi":"PS","sv":"Sannf","en":"FINNS"}},{"age":67,"advanceVotesPercent":1.2,"lastname":"Kulonen","occupation":"eläkeläinen, laadunvalvoja","advanceVotes":4,"npid":4,"totalVotes":7,"spid":3,"abbr":"PS","municipalCouncilor":true,"muid":86,"alid":4,"firstname":"Timo","electionDayVotes":3,"pid":"23","finalPosition":0,"electedInformation":"NOT_ELECTED","totalVotesPercent":0.6,"nominatorName":{"fi":"Perussuomalaiset","sv":"Sannfinländarna","en":"The Finns Party"},"caid":32,"position":0,"gender":"1","comparisonData":{"totalVotes":69,"votesTotalChange":-62},"edid":6,"comparativeIndex":0.0,"electionDayVotesPercent":0.4,"nominatorAbbr":{"fi":"PS","sv":"Sannf","en":"FINNS"}},{"age":66,"advanceVotesPercent":0.6,"lastname":"Kosenius","occupation":"yrittäjä, teknikko","advanceVotes":2,"npid":7,"totalVotes":7,"spid":2,"abbr":"KOK","municipalCouncilor":false,"muid":86,"alid":7,"firstname":"Jari","electionDayVotes":5,"pid":"4","finalPosition":0,"electedInformation":"ON_SUBSTITUTE_PLACE","totalVotesPercent":0.6,"nominatorName":{"fi":"Kansallinen Kokoomus","sv":"Samlingspartiet","en":"National Coalition Party"},"caid":72,"position":0,"gender":"1","comparisonData":{"totalVotes":0,"votesTotalChange":7},"edid":6,"comparativeIndex":0.0,"electionDayVotesPercent":0.6,"nominatorAbbr":{"fi":"KOK","sv":"Saml","en":"NCP"}},{"age":53,"advanceVotesPercent":0.3,"lastname":"Tiippana","occupation":"korvausneuvoja","advanceVotes":1,"npid":7,"totalVotes":7,"spid":2,"abbr":"KOK","municipalCouncilor":true,"muid":86,"alid":7,"firstname":"Risto","electionDayVotes":6,"pid":"4","finalPosition":0,"electedInformation":"ELECTED","totalVotesPercent":0.6,"nominatorName":{"fi":"Kansallinen Kokoomus","sv":"Samlingspartiet","en":"National Coalition Party"},"caid":83,"position":0,"gender":"1","comparisonData":{"totalVotes":86,"votesTotalChange":-79},"edid":6,"comparativeIndex":0.0,"electionDayVotesPercent":0.8,"nominatorAbbr":{"fi":"KOK","sv":"Saml","en":"NCP"}},{"age":72,"advanceVotesPercent":0.9,"lastname":"Hirvenoja","occupation":"postinjakaja, eläkeläinen","advanceVotes":3,"npid":2,"totalVotes":6,"spid":4,"abbr":"SDP","municipalCouncilor":false,"muid":86,"alid":2,"firstname":"Liisa","electionDayVotes":3,"pid":"1","finalPosition":0,"electedInformation":"ON_SUBSTITUTE_PLACE","totalVotesPercent":0.5,"nominatorName":{"fi":"Suomen Sosialidemokraattinen Puolue","sv":"Finlands Socialdemokratiska Parti","en":"The Finnish Social Democratic Party"},"caid":9,"position":0,"gender":"2","comparisonData":{"totalVotes":31,"votesTotalChange":-25},"edid":6,"comparativeIndex":0.0,"electionDayVotesPercent":0.4,"nominatorAbbr":{"fi":"SDP","sv":"SDP","en":"SDP"}},{"age":25,"advanceVotesPercent":0.3,"lastname":"Lokinperä","occupation":"yrittäjä","advanceVotes":1,"npid":6,"totalVotes":6,"spid":1,"abbr":"KESK","municipalCouncilor":false,"muid":86,"alid":6,"firstname":"Olli","electionDayVotes":5,"pid":"2","finalPosition":0,"electedInformation":"ELECTED","totalVotesPercent":0.5,"nominatorName":{"fi":"Suomen Keskusta","sv":"Centern i Finland","en":"Centre Party of Finland"},"caid":50,"position":0,"gender":"1","comparisonData":{"totalVotes":0,"votesTotalChange":6},"edid":6,"comparativeIndex":0.0,"electionDayVotesPercent":0.6,"nominatorAbbr":{"fi":"KESK","sv":"C","en":"CENT"}},{"age":34,"advanceVotesPercent":0.9,"lastname":"Myyrä","occupation":"sosionomi (AMK), lastentarhanopettaja","advanceVotes":3,"npid":6,"totalVotes":6,"spid":1,"abbr":"KESK","municipalCouncilor":true,"muid":86,"alid":6,"firstname":"Minna","electionDayVotes":3,"pid":"2","finalPosition":0,"electedInformation":"ON_SUBSTITUTE_PLACE","totalVotesPercent":0.5,"nominatorName":{"fi":"Suomen Keskusta","sv":"Centern i Finland","en":"Centre Party of Finland"},"caid":53,"position":0,"gender":"2","comparisonData":{"totalVotes":39,"votesTotalChange":-33},"edid":6,"comparativeIndex":0.0,"electionDayVotesPercent":0.4,"nominatorAbbr":{"fi":"KESK","sv":"C","en":"CENT"}},{"age":38,"advanceVotesPercent":0.0,"lastname":"Arola","occupation":"varatuomari","advanceVotes":0,"npid":7,"totalVotes":6,"spid":2,"abbr":"KOK","municipalCouncilor":true,"muid":86,"alid":7,"firstname":"Mikko","electionDayVotes":6,"pid":"4","finalPosition":0,"electedInformation":"ON_SUBSTITUTE_PLACE","totalVotesPercent":0.5,"nominatorName":{"fi":"Kansallinen Kokoomus","sv":"Samlingspartiet","en":"National Coalition Party"},"caid":64,"position":0,"gender":"1","comparisonData":{"totalVotes":51,"votesTotalChange":-45},"edid":6,"comparativeIndex":0.0,"electionDayVotesPercent":0.8,"nominatorAbbr":{"fi":"KOK","sv":"Saml","en":"NCP"}},{"age":48,"advanceVotesPercent":0.3,"lastname":"Pyyhtiä","occupation":"TKE-insinööri","advanceVotes":1,"npid":2,"totalVotes":5,"spid":4,"abbr":"SDP","municipalCouncilor":true,"muid":86,"alid":2,"firstname":"Risto","electionDayVotes":4,"pid":"1","finalPosition":0,"electedInformation":"ON_SUBSTITUTE_PLACE","totalVotesPercent":0.5,"nominatorName":{"fi":"Suomen Sosialidemokraattinen Puolue","sv":"Finlands Socialdemokratiska Parti","en":"The Finnish Social Democratic Party"},"caid":18,"position":0,"gender":"1","comparisonData":{"totalVotes":51,"votesTotalChange":-46},"edid":6,"comparativeIndex":0.0,"electionDayVotesPercent":0.5,"nominatorAbbr":{"fi":"SDP","sv":"SDP","en":"SDP"}},{"age":57,"advanceVotesPercent":0.0,"lastname":"Vainio","occupation":"pääluottamusmies","advanceVotes":0,"npid":2,"totalVotes":5,"spid":4,"abbr":"SDP","municipalCouncilor":false,"muid":86,"alid":2,"firstname":"Harry","electionDayVotes":5,"pid":"1","finalPosition":0,"electedInformation":"NOT_ELECTED","totalVotesPercent":0.5,"nominatorName":{"fi":"Suomen Sosialidemokraattinen Puolue","sv":"Finlands Socialdemokratiska Parti","en":"The Finnish Social Democratic Party"},"caid":23,"position":0,"gender":"1","comparisonData":{"totalVotes":4,"votesTotalChange":1},"edid":6,"comparativeIndex":0.0,"electionDayVotesPercent":0.6,"nominatorAbbr":{"fi":"SDP","sv":"SDP","en":"SDP"}},{"age":38,"advanceVotesPercent":0.0,"lastname":"Kerola","occupation":"yksilöohjaaja","advanceVotes":0,"npid":6,"totalVotes":5,"spid":1,"abbr":"KESK","municipalCouncilor":false,"muid":86,"alid":6,"firstname":"Juuso","electionDayVotes":5,"pid":"2","finalPosition":0,"electedInformation":"ON_SUBSTITUTE_PLACE","totalVotesPercent":0.5,"nominatorName":{"fi":"Suomen Keskusta","sv":"Centern i Finland","en":"Centre Party of Finland"},"caid":47,"position":0,"gender":"1","comparisonData":{"totalVotes":0,"votesTotalChange":5},"edid":6,"comparativeIndex":0.0,"electionDayVotesPercent":0.6,"nominatorAbbr":{"fi":"KESK","sv":"C","en":"CENT"}},{"age":47,"advanceVotesPercent":0.0,"lastname":"Salminen","occupation":"tietoliikenneasentaja","advanceVotes":0,"npid":4,"totalVotes":4,"spid":3,"abbr":"PS","municipalCouncilor":false,"muid":86,"alid":4,"firstname":"Kari","electionDayVotes":4,"pid":"23","finalPosition":0,"electedInformation":"ON_SUBSTITUTE_PLACE","totalVotesPercent":0.4,"nominatorName":{"fi":"Perussuomalaiset","sv":"Sannfinländarna","en":"The Finns Party"},"caid":36,"position":0,"gender":"1","comparisonData":{"totalVotes":0,"votesTotalChange":4},"edid":6,"comparativeIndex":0.0,"electionDayVotesPercent":0.5,"nominatorAbbr":{"fi":"PS","sv":"Sannf","en":"FINNS"}},{"age":61,"advanceVotesPercent":0.9,"lastname":"Silván","occupation":"yrittäjä, hallintotieteiden yo","advanceVotes":3,"npid":6,"totalVotes":4,"spid":1,"abbr":"KESK","municipalCouncilor":true,"muid":86,"alid":6,"firstname":"Timo","electionDayVotes":1,"pid":"2","finalPosition":0,"electedInformation":"ELECTED","totalVotesPercent":0.4,"nominatorName":{"fi":"Suomen Keskusta","sv":"Centern i Finland","en":"Centre Party of Finland"},"caid":58,"position":0,"gender":"1","comparisonData":{"totalVotes":101,"votesTotalChange":-97},"edid":6,"comparativeIndex":0.0,"electionDayVotesPercent":0.1,"nominatorAbbr":{"fi":"KESK","sv":"C","en":"CENT"}},{"age":51,"advanceVotesPercent":0.6,"lastname":"Vehmas","occupation":"eläkeläinen","advanceVotes":2,"npid":6,"totalVotes":4,"spid":1,"abbr":"KESK","municipalCouncilor":false,"muid":86,"alid":6,"firstname":"Ari","electionDayVotes":2,"pid":"2","finalPosition":0,"electedInformation":"NOT_ELECTED","totalVotesPercent":0.4,"nominatorName":{"fi":"Suomen Keskusta","sv":"Centern i Finland","en":"Centre Party of Finland"},"caid":60,"position":0,"gender":"1","comparisonData":{"totalVotes":0,"votesTotalChange":4},"edid":6,"comparativeIndex":0.0,"electionDayVotesPercent":0.3,"nominatorAbbr":{"fi":"KESK","sv":"C","en":"CENT"}},{"age":66,"advanceVotesPercent":0.3,"lastname":"Rantala","occupation":"sairaanhoitaja","advanceVotes":1,"npid":1,"totalVotes":3,"spid":8,"abbr":"KD","municipalCouncilor":false,"muid":86,"alid":1,"firstname":"Ulla","electionDayVotes":2,"pid":"9","finalPosition":0,"electedInformation":"NOT_ELECTED","totalVotesPercent":0.3,"nominatorName":{"fi":"Suomen Kristillisdemokraatit (KD)","sv":"Kristdemokraterna i Finland (KD)","en":"Christian Democrats in Finland"},"caid":7,"position":0,"gender":"2","comparisonData":{"totalVotes":0,"votesTotalChange":3},"edid":6,"comparativeIndex":0.0,"electionDayVotesPercent":0.3,"nominatorAbbr":{"fi":"KD","sv":"KD","en":"CD"}},{"age":53,"advanceVotesPercent":0.6,"lastname":"Heiskanen","occupation":"sosionomi","advanceVotes":2,"npid":2,"totalVotes":3,"spid":4,"abbr":"SDP","municipalCouncilor":false,"muid":86,"alid":2,"firstname":"Jaana","electionDayVotes":1,"pid":"1","finalPosition":0,"electedInformation":"ON_SUBSTITUTE_PLACE","totalVotesPercent":0.3,"nominatorName":{"fi":"Suomen Sosialidemokraattinen Puolue","sv":"Finlands Socialdemokratiska Parti","en":"The Finnish Social Democratic Party"},"caid":8,"position":0,"gender":"2","comparisonData":{"totalVotes":0,"votesTotalChange":3},"edid":6,"comparativeIndex":0.0,"electionDayVotesPercent":0.1,"nominatorAbbr":{"fi":"SDP","sv":"SDP","en":"SDP"}},{"age":46,"advanceVotesPercent":0.0,"lastname":"Puranen","occupation":"artesaani, tradenomi","advanceVotes":0,"npid":2,"totalVotes":3,"spid":4,"abbr":"SDP","municipalCouncilor":false,"muid":86,"alid":2,"firstname":"Marjo","electionDayVotes":3,"pid":"1","finalPosition":0,"electedInformation":"NOT_ELECTED","totalVotesPercent":0.3,"nominatorName":{"fi":"Suomen Sosialidemokraattinen Puolue","sv":"Finlands Socialdemokratiska Parti","en":"The Finnish Social Democratic Party"},"caid":17,"position":0,"gender":"2","comparisonData":{"totalVotes":0,"votesTotalChange":3},"edid":6,"comparativeIndex":0.0,"electionDayVotesPercent":0.4,"nominatorAbbr":{"fi":"SDP","sv":"SDP","en":"SDP"}},{"age":39,"advanceVotesPercent":0.0,"lastname":"Saarholm","occupation":"opiskelija","advanceVotes":0,"npid":2,"totalVotes":3,"spid":4,"abbr":"SDP","municipalCouncilor":false,"muid":86,"alid":2,"firstname":"Jaana","electionDayVotes":3,"pid":"1","finalPosition":0,"electedInformation":"NOT_ELECTED","totalVotesPercent":0.3,"nominatorName":{"fi":"Suomen Sosialidemokraattinen Puolue","sv":"Finlands Socialdemokratiska Parti","en":"The Finnish Social Democratic Party"},"caid":20,"position":0,"gender":"2","comparisonData":{"totalVotes":17,"votesTotalChange":-14},"edid":6,"comparativeIndex":0.0,"electionDayVotesPercent":0.4,"nominatorAbbr":{"fi":"SDP","sv":"SDP","en":"SDP"}},{"age":44,"advanceVotesPercent":0.6,"lastname":"du Jardin","occupation":"linja-autonkuljettaja","advanceVotes":2,"npid":3,"totalVotes":3,"spid":6,"abbr":"VAS","municipalCouncilor":false,"muid":86,"alid":3,"firstname":"Rene","electionDayVotes":1,"pid":"15","finalPosition":0,"electedInformation":"ON_SUBSTITUTE_PLACE","totalVotesPercent":0.3,"nominatorName":{"fi":"Vasemmistoliitto","sv":"Vänsterförbundet","en":"The Left Alliance"},"caid":24,"position":0,"gender":"1","comparisonData":{"totalVotes":0,"votesTotalChange":3},"edid":6,"comparativeIndex":0.0,"electionDayVotesPercent":0.1,"nominatorAbbr":{"fi":"VAS","sv":"VF","en":"LEFT"}},{"age":47,"advanceVotesPercent":0.6,"lastname":"Helle-Wlodarczyk","occupation":"yrittäjä, taidekonservaattori","advanceVotes":2,"npid":3,"totalVotes":3,"spid":6,"abbr":"VAS","municipalCouncilor":false,"muid":86,"alid":3,"firstname":"Liisa","electionDayVotes":1,"pid":"15","finalPosition":0,"electedInformation":"ON_SUBSTITUTE_PLACE","totalVotesPercent":0.3,"nominatorName":{"fi":"Vasemmistoliitto","sv":"Vänsterförbundet","en":"The Left Alliance"},"caid":25,"position":0,"gender":"2","comparisonData":{"totalVotes":0,"votesTotalChange":3},"edid":6,"comparativeIndex":0.0,"electionDayVotesPercent":0.1,"nominatorAbbr":{"fi":"VAS","sv":"VF","en":"LEFT"}},{"age":59,"advanceVotesPercent":0.0,"lastname":"Hyvönen","occupation":"yo-merkonomi","advanceVotes":0,"npid":5,"totalVotes":3,"spid":5,"abbr":"VIHR","municipalCouncilor":false,"muid":86,"alid":5,"firstname":"Anne","electionDayVotes":3,"pid":"13","finalPosition":0,"electedInformation":"ON_SUBSTITUTE_PLACE","totalVotesPercent":0.3,"nominatorName":{"fi":"Vihreä liitto","sv":"Gröna förbundet","en":"Green League"},"caid":37,"position":0,"gender":"2","comparisonData":{"totalVotes":0,"votesTotalChange":3},"edid":6,"comparativeIndex":0.0,"electionDayVotesPercent":0.4,"nominatorAbbr":{"fi":"VIHR","sv":"Gröna","en":"GREEN"}},{"age":48,"advanceVotesPercent":0.3,"lastname":"Jussila","occupation":"maaseutuyrittäjä","advanceVotes":1,"npid":6,"totalVotes":3,"spid":1,"abbr":"KESK","municipalCouncilor":false,"muid":86,"alid":6,"firstname":"Timo","electionDayVotes":2,"pid":"2","finalPosition":0,"electedInformation":"ON_SUBSTITUTE_PLACE","totalVotesPercent":0.3,"nominatorName":{"fi":"Suomen Keskusta","sv":"Centern i Finland","en":"Centre Party of Finland"},"caid":44,"position":0,"gender":"1","comparisonData":{"totalVotes":26,"votesTotalChange":-23},"edid":6,"comparativeIndex":0.0,"electionDayVotesPercent":0.3,"nominatorAbbr":{"fi":"KESK","sv":"C","en":"CENT"}},{"age":51,"advanceVotesPercent":0.0,"lastname":"Miettunen","occupation":"sairaanhoitaja, kasvatustieteiden maisteri","advanceVotes":0,"npid":6,"totalVotes":3,"spid":1,"abbr":"KESK","municipalCouncilor":true,"muid":86,"alid":6,"firstname":"Outi","electionDayVotes":3,"pid":"2","finalPosition":0,"electedInformation":"ON_SUBSTITUTE_PLACE","totalVotesPercent":0.3,"nominatorName":{"fi":"Suomen Keskusta","sv":"Centern i Finland","en":"Centre Party of Finland"},"caid":52,"position":0,"gender":"2","comparisonData":{"totalVotes":42,"votesTotalChange":-39},"edid":6,"comparativeIndex":0.0,"electionDayVotesPercent":0.4,"nominatorAbbr":{"fi":"KESK","sv":"C","en":"CENT"}},{"age":21,"advanceVotesPercent":0.6,"lastname":"Aropaltio","occupation":"historian ylioppilas","advanceVotes":2,"npid":6,"totalVotes":3,"spid":1,"abbr":"KESK","municipalCouncilor":false,"muid":86,"alid":6,"firstname":"Tapio","electionDayVotes":1,"pid":"2","finalPosition":0,"electedInformation":"NOT_ELECTED","totalVotesPercent":0.3,"nominatorName":{"fi":"Suomen Keskusta","sv":"Centern i Finland","en":"Centre Party of Finland"},"caid":62,"position":0,"gender":"1","comparisonData":{"totalVotes":0,"votesTotalChange":3},"edid":6,"comparativeIndex":0.0,"electionDayVotesPercent":0.1,"nominatorAbbr":{"fi":"KESK","sv":"C","en":"CENT"}},{"age":36,"advanceVotesPercent":0.0,"lastname":"Laitinen","occupation":"johtava rakennustarkastaja","advanceVotes":0,"npid":7,"totalVotes":3,"spid":2,"abbr":"KOK","municipalCouncilor":false,"muid":86,"alid":7,"firstname":"Pekka","electionDayVotes":3,"pid":"4","finalPosition":0,"electedInformation":"ELECTED","totalVotesPercent":0.3,"nominatorName":{"fi":"Kansallinen Kokoomus","sv":"Samlingspartiet","en":"National Coalition Party"},"caid":76,"position":0,"gender":"1","comparisonData":{"totalVotes":0,"votesTotalChange":3},"edid":6,"comparativeIndex":0.0,"electionDayVotesPercent":0.4,"nominatorAbbr":{"fi":"KOK","sv":"Saml","en":"NCP"}},{"age":48,"advanceVotesPercent":0.0,"lastname":"Ruottu","occupation":"myyntiedustaja, yrittäjä","advanceVotes":0,"npid":7,"totalVotes":3,"spid":2,"abbr":"KOK","municipalCouncilor":true,"muid":86,"alid":7,"firstname":"Marko","electionDayVotes":3,"pid":"4","finalPosition":0,"electedInformation":"ELECTED","totalVotesPercent":0.3,"nominatorName":{"fi":"Kansallinen Kokoomus","sv":"Samlingspartiet","en":"National Coalition Party"},"caid":81,"position":0,"gender":"1","comparisonData":{"totalVotes":68,"votesTotalChange":-65},"edid":6,"comparativeIndex":0.0,"electionDayVotesPercent":0.4,"nominatorAbbr":{"fi":"KOK","sv":"Saml","en":"NCP"}},{"age":35,"advanceVotesPercent":0.0,"lastname":"Jokinen","occupation":"yrittäjä","advanceVotes":0,"npid":2,"totalVotes":2,"spid":4,"abbr":"SDP","municipalCouncilor":false,"muid":86,"alid":2,"firstname":"Kati","electionDayVotes":2,"pid":"1","finalPosition":0,"electedInformation":"ON_SUBSTITUTE_PLACE","totalVotesPercent":0.2,"nominatorName":{"fi":"Suomen Sosialidemokraattinen Puolue","sv":"Finlands Socialdemokratiska Parti","en":"The Finnish Social Democratic Party"},"caid":10,"position":0,"gender":"2","comparisonData":{"totalVotes":0,"votesTotalChange":2},"edid":6,"comparativeIndex":0.0,"electionDayVotesPercent":0.3,"nominatorAbbr":{"fi":"SDP","sv":"SDP","en":"SDP"}},{"age":37,"advanceVotesPercent":0.3,"lastname":"Suikkari","occupation":"työnjohtaja","advanceVotes":1,"npid":2,"totalVotes":2,"spid":4,"abbr":"SDP","municipalCouncilor":true,"muid":86,"alid":2,"firstname":"Mika","electionDayVotes":1,"pid":"1","finalPosition":0,"electedInformation":"ON_SUBSTITUTE_PLACE","totalVotesPercent":0.2,"nominatorName":{"fi":"Suomen Sosialidemokraattinen Puolue","sv":"Finlands Socialdemokratiska Parti","en":"The Finnish Social Democratic Party"},"caid":22,"position":0,"gender":"1","comparisonData":{"totalVotes":75,"votesTotalChange":-73},"edid":6,"comparativeIndex":0.0,"electionDayVotesPercent":0.1,"nominatorAbbr":{"fi":"SDP","sv":"SDP","en":"SDP"}},{"age":33,"advanceVotesPercent":0.0,"lastname":"Leman","occupation":"myyntineuvottelija","advanceVotes":0,"npid":6,"totalVotes":2,"spid":1,"abbr":"KESK","municipalCouncilor":false,"muid":86,"alid":6,"firstname":"Miia-Maria","electionDayVotes":2,"pid":"2","finalPosition":0,"electedInformation":"ON_SUBSTITUTE_PLACE","totalVotesPercent":0.2,"nominatorName":{"fi":"Suomen Keskusta","sv":"Centern i Finland","en":"Centre Party of Finland"},"caid":48,"position":0,"gender":"2","comparisonData":{"totalVotes":0,"votesTotalChange":2},"edid":6,"comparativeIndex":0.0,"electionDayVotesPercent":0.3,"nominatorAbbr":{"fi":"KESK","sv":"C","en":"CENT"}},{"age":34,"advanceVotesPercent":0.3,"lastname":"Arkonsuo","occupation":"perhehoitaja, kosmetologi","advanceVotes":1,"npid":7,"totalVotes":2,"spid":2,"abbr":"KOK","municipalCouncilor":false,"muid":86,"alid":7,"firstname":"Piia","electionDayVotes":1,"pid":"4","finalPosition":0,"electedInformation":"ON_SUBSTITUTE_PLACE","totalVotesPercent":0.2,"nominatorName":{"fi":"Kansallinen Kokoomus","sv":"Samlingspartiet","en":"National Coalition Party"},"caid":63,"position":0,"gender":"2","comparisonData":{"totalVotes":0,"votesTotalChange":2},"edid":6,"comparativeIndex":0.0,"electionDayVotesPercent":0.1,"nominatorAbbr":{"fi":"KOK","sv":"Saml","en":"NCP"}},{"age":49,"advanceVotesPercent":0.6,"lastname":"Kylmälä","occupation":"asiakaspalvelija, toimistosihteeri","advanceVotes":2,"npid":7,"totalVotes":2,"spid":2,"abbr":"KOK","municipalCouncilor":false,"muid":86,"alid":7,"firstname":"Tarja","electionDayVotes":0,"pid":"4","finalPosition":0,"electedInformation":"NOT_ELECTED","totalVotesPercent":0.2,"nominatorName":{"fi":"Kansallinen Kokoomus","sv":"Samlingspartiet","en":"National Coalition Party"},"caid":73,"position":0,"gender":"2","comparisonData":{"totalVotes":0,"votesTotalChange":2},"edid":6,"comparativeIndex":0.0,"electionDayVotesPercent":0.0,"nominatorAbbr":{"fi":"KOK","sv":"Saml","en":"NCP"}},{"age":50,"advanceVotesPercent":0.6,"lastname":"Laakso-Piki","occupation":"emäntä","advanceVotes":2,"npid":7,"totalVotes":2,"spid":2,"abbr":"KOK","municipalCouncilor":false,"muid":86,"alid":7,"firstname":"Päivikki","electionDayVotes":0,"pid":"4","finalPosition":0,"electedInformation":"NOT_ELECTED","totalVotesPercent":0.2,"nominatorName":{"fi":"Kansallinen Kokoomus","sv":"Samlingspartiet","en":"National Coalition Party"},"caid":74,"position":0,"gender":"2","comparisonData":{"totalVotes":19,"votesTotalChange":-17},"edid":6,"comparativeIndex":0.0,"electionDayVotesPercent":0.0,"nominatorAbbr":{"fi":"KOK","sv":"Saml","en":"NCP"}},{"age":44,"advanceVotesPercent":0.3,"lastname":"Riihelä","occupation":"maaseutuyrittäjä","advanceVotes":1,"npid":7,"totalVotes":2,"spid":2,"abbr":"KOK","municipalCouncilor":false,"muid":86,"alid":7,"firstname":"Rauno","electionDayVotes":1,"pid":"4","finalPosition":0,"electedInformation":"ON_SUBSTITUTE_PLACE","totalVotesPercent":0.2,"nominatorName":{"fi":"Kansallinen Kokoomus","sv":"Samlingspartiet","en":"National Coalition Party"},"caid":80,"position":0,"gender":"1","comparisonData":{"totalVotes":0,"votesTotalChange":2},"edid":6,"comparativeIndex":0.0,"electionDayVotesPercent":0.1,"nominatorAbbr":{"fi":"KOK","sv":"Saml","en":"NCP"}},{"age":41,"advanceVotesPercent":0.0,"lastname":"Kujanpää","occupation":"kunnossapitäjä","advanceVotes":0,"npid":2,"totalVotes":1,"spid":4,"abbr":"SDP","municipalCouncilor":false,"muid":86,"alid":2,"firstname":"Esa","electionDayVotes":1,"pid":"1","finalPosition":0,"electedInformation":"ON_SUBSTITUTE_PLACE","totalVotesPercent":0.1,"nominatorName":{"fi":"Suomen Sosialidemokraattinen Puolue","sv":"Finlands Socialdemokratiska Parti","en":"The Finnish Social Democratic Party"},"caid":11,"position":0,"gender":"1","comparisonData":{"totalVotes":0,"votesTotalChange":1},"edid":6,"comparativeIndex":0.0,"electionDayVotesPercent":0.1,"nominatorAbbr":{"fi":"SDP","sv":"SDP","en":"SDP"}},{"age":67,"advanceVotesPercent":0.0,"lastname":"Heikkinen","occupation":"eläkeläinen","advanceVotes":0,"npid":6,"totalVotes":1,"spid":1,"abbr":"KESK","municipalCouncilor":false,"muid":86,"alid":6,"firstname":"Tapio","electionDayVotes":1,"pid":"2","finalPosition":0,"electedInformation":"NOT_ELECTED","totalVotesPercent":0.1,"nominatorName":{"fi":"Suomen Keskusta","sv":"Centern i Finland","en":"Centre Party of Finland"},"caid":40,"position":0,"gender":"1","comparisonData":{"totalVotes":13,"votesTotalChange":-12},"edid":6,"comparativeIndex":0.0,"electionDayVotesPercent":0.1,"nominatorAbbr":{"fi":"KESK","sv":"C","en":"CENT"}},{"age":49,"advanceVotesPercent":0.3,"lastname":"Hietanen","occupation":"kiinteistönhoitaja, yrittäjä","advanceVotes":1,"npid":6,"totalVotes":1,"spid":1,"abbr":"KESK","municipalCouncilor":false,"muid":86,"alid":6,"firstname":"Marko","electionDayVotes":0,"pid":"2","finalPosition":0,"electedInformation":"NOT_ELECTED","totalVotesPercent":0.1,"nominatorName":{"fi":"Suomen Keskusta","sv":"Centern i Finland","en":"Centre Party of Finland"},"caid":41,"position":0,"gender":"1","comparisonData":{"totalVotes":0,"votesTotalChange":1},"edid":6,"comparativeIndex":0.0,"electionDayVotesPercent":0.0,"nominatorAbbr":{"fi":"KESK","sv":"C","en":"CENT"}},{"age":51,"advanceVotesPercent":0.0,"lastname":"Kemppainen","occupation":"rakennusalan yrittäjä","advanceVotes":0,"npid":6,"totalVotes":1,"spid":1,"abbr":"KESK","municipalCouncilor":false,"muid":86,"alid":6,"firstname":"Jarmo","electionDayVotes":1,"pid":"2","finalPosition":0,"electedInformation":"ON_SUBSTITUTE_PLACE","totalVotesPercent":0.1,"nominatorName":{"fi":"Suomen Keskusta","sv":"Centern i Finland","en":"Centre Party of Finland"},"caid":46,"position":0,"gender":"1","comparisonData":{"totalVotes":0,"votesTotalChange":1},"edid":6,"comparativeIndex":0.0,"electionDayVotesPercent":0.1,"nominatorAbbr":{"fi":"KESK","sv":"C","en":"CENT"}},{"age":31,"advanceVotesPercent":0.0,"lastname":"Malin","occupation":"perhepäivähoitaja, yrittäjä","advanceVotes":0,"npid":6,"totalVotes":1,"spid":1,"abbr":"KESK","municipalCouncilor":false,"muid":86,"alid":6,"firstname":"Kaisa","electionDayVotes":1,"pid":"2","finalPosition":0,"electedInformation":"ON_SUBSTITUTE_PLACE","totalVotesPercent":0.1,"nominatorName":{"fi":"Suomen Keskusta","sv":"Centern i Finland","en":"Centre Party of Finland"},"caid":51,"position":0,"gender":"2","comparisonData":{"totalVotes":0,"votesTotalChange":1},"edid":6,"comparativeIndex":0.0,"electionDayVotesPercent":0.1,"nominatorAbbr":{"fi":"KESK","sv":"C","en":"CENT"}},{"age":42,"advanceVotesPercent":0.0,"lastname":"Tonteri","occupation":"maanviljelijä, asiantuntija","advanceVotes":0,"npid":6,"totalVotes":1,"spid":1,"abbr":"KESK","municipalCouncilor":false,"muid":86,"alid":6,"firstname":"Mika","electionDayVotes":1,"pid":"2","finalPosition":0,"electedInformation":"ELECTED","totalVotesPercent":0.1,"nominatorName":{"fi":"Suomen Keskusta","sv":"Centern i Finland","en":"Centre Party of Finland"},"caid":59,"position":0,"gender":"1","comparisonData":{"totalVotes":0,"votesTotalChange":1},"edid":6,"comparativeIndex":0.0,"electionDayVotesPercent":0.1,"nominatorAbbr":{"fi":"KESK","sv":"C","en":"CENT"}},{"age":47,"advanceVotesPercent":0.3,"lastname":"Ågren","occupation":"työvalmentaja","advanceVotes":1,"npid":6,"totalVotes":1,"spid":1,"abbr":"KESK","municipalCouncilor":false,"muid":86,"alid":6,"firstname":"Mika","electionDayVotes":0,"pid":"2","finalPosition":0,"electedInformation":"ON_SUBSTITUTE_PLACE","totalVotesPercent":0.1,"nominatorName":{"fi":"Suomen Keskusta","sv":"Centern i Finland","en":"Centre Party of Finland"},"caid":61,"position":0,"gender":"1","comparisonData":{"totalVotes":26,"votesTotalChange":-25},"edid":6,"comparativeIndex":0.0,"electionDayVotesPercent":0.0,"nominatorAbbr":{"fi":"KESK","sv":"C","en":"CENT"}},{"age":18,"advanceVotesPercent":0.0,"lastname":"Lehtiniemi","occupation":"opiskelija","advanceVotes":0,"npid":7,"totalVotes":1,"spid":2,"abbr":"KOK","municipalCouncilor":false,"muid":86,"alid":7,"firstname":"Oskari","electionDayVotes":1,"pid":"4","finalPosition":0,"electedInformation":"NOT_ELECTED","totalVotesPercent":0.1,"nominatorName":{"fi":"Kansallinen Kokoomus","sv":"Samlingspartiet","en":"National Coalition Party"},"caid":77,"position":0,"gender":"1","comparisonData":{"totalVotes":0,"votesTotalChange":1},"edid":6,"comparativeIndex":0.0,"electionDayVotesPercent":0.1,"nominatorAbbr":{"fi":"KOK","sv":"Saml","en":"NCP"}},{"age":48,"advanceVotesPercent":0.3,"lastname":"Pakkanen","occupation":"opiskelija, sosionomi AMK","advanceVotes":1,"npid":7,"totalVotes":1,"spid":2,"abbr":"KOK","municipalCouncilor":false,"muid":86,"alid":7,"firstname":"Marjaana","electionDayVotes":0,"pid":"4","finalPosition":0,"electedInformation":"NOT_ELECTED","totalVotesPercent":0.1,"nominatorName":{"fi":"Kansallinen Kokoomus","sv":"Samlingspartiet","en":"National Coalition Party"},"caid":79,"position":0,"gender":"2","comparisonData":{"totalVotes":0,"votesTotalChange":1},"edid":6,"comparativeIndex":0.0,"electionDayVotesPercent":0.0,"nominatorAbbr":{"fi":"KOK","sv":"Saml","en":"NCP"}},{"age":59,"advanceVotesPercent":0.0,"lastname":"Sartesuo","occupation":"perintäasiantuntija","advanceVotes":0,"npid":2,"totalVotes":0,"spid":4,"abbr":"SDP","municipalCouncilor":false,"muid":86,"alid":2,"firstname":"Merja","electionDayVotes":0,"pid":"1","finalPosition":0,"electedInformation":"NOT_ELECTED","totalVotesPercent":0.0,"nominatorName":{"fi":"Suomen Sosialidemokraattinen Puolue","sv":"Finlands Socialdemokratiska Parti","en":"The Finnish Social Democratic Party"},"caid":21,"position":0,"gender":"2","comparisonData":{"totalVotes":21,"votesTotalChange":-21},"edid":6,"comparativeIndex":0.0,"electionDayVotesPercent":0.0,"nominatorAbbr":{"fi":"SDP","sv":"SDP","en":"SDP"}},{"age":63,"advanceVotesPercent":0.0,"lastname":"Jokinen","occupation":"talousjohtaja","advanceVotes":0,"npid":7,"totalVotes":0,"spid":2,"abbr":"KOK","municipalCouncilor":false,"muid":86,"alid":7,"firstname":"Päivi","electionDayVotes":0,"pid":"4","finalPosition":0,"electedInformation":"NOT_ELECTED","totalVotesPercent":0.0,"nominatorName":{"fi":"Kansallinen Kokoomus","sv":"Samlingspartiet","en":"National Coalition Party"},"caid":70,"position":0,"gender":"2","comparisonData":{"totalVotes":0,"votesTotalChange":0},"edid":6,"comparativeIndex":0.0,"electionDayVotesPercent":0.0,"nominatorAbbr":{"fi":"KOK","sv":"Saml","en":"NCP"}}],"municipalityPollingDistricts":[{"name":{"fi":"Hikiä","sv":"Hikiä"},"calculationStatusPercent":100.0,"joinedArea":false,"muid":86,"totalVotingInFinlandTurnout":59.8,"identification":"001","pdid":"001","eligibleVotersInFinlandTotal":1621,"edid":6,"mergedToPdid":""},{"name":{"fi":"Monni","sv":"Monni"},"calculationStatusPercent":100.0,"joinedArea":false,"muid":86,"totalVotingInFinlandTurnout":52.5,"identification":"002","pdid":"002","eligibleVotersInFinlandTotal":867,"edid":6,"mergedToPdid":""},{"name":{"fi":"Oitti","sv":"Oitti"},"calculationStatusPercent":100.0,"joinedArea":false,"muid":86,"totalVotingInFinlandTurnout":57.7,"identification":"003","pdid":"003","eligibleVotersInFinlandTotal":2298,"edid":6,"mergedToPdid":""},{"name":{"fi":"Ryttylä","sv":"Ryttylä"},"calculationStatusPercent":100.0,"joinedArea":false,"muid":86,"totalVotingInFinlandTurnout":60.0,"identification":"004","pdid":"004","eligibleVotersInFinlandTotal":1860,"edid":6,"mergedToPdid":""}],"municipality":{"muid":86,"edid":6,"name":{"fi":"Hausjärvi","sv":"Hausjärvi"}}}