{"version":40,"created":"2017-04-09T20:07:24.102Z","electionDetails":{"electionId":"kv2017","electionDate":"2017-04-09T00:00:00.000Z","electionDataPublishTime":"2017-04-09T17:00:00.000Z","name":{"fi":"Kuntavaalit 2017","sv":"Kommunalval 2017","en":"Elections 2017"},"previousElections":{"correspondingCompareElection":{"electionId":"kv2012","electionDate":"2012-10-28T00:00:00.000Z","name":{"fi":"Kuntavaalit 2012","en":"Municipal elections 2012","sv":"Kommunalval 2012"}},"otherCompareElection":{"electionId":"ev2015","electionDate":"2015-04-19T00:00:00.000Z","name":{"fi":"Eduskuntavaalit 2015","en":"Parliamentary election 2015","sv":"Riksdagsval 2015"}}}},"calculationStatus":{"electionDayVotingTurnout":34.5,"invalidAdvanceVotes":1,"calculationPhase":"INITIAL","invalidElectionDayVotes":4,"approvedAdvanceVotes":324,"advanceVotingTurnout":40.2,"totalVotingTurnoutAbroad":0.0,"name":{"fi":"Kustavi","sv":"Kustavi"},"calculationStatusPercent":100.0,"advanceVotes":325,"electionDayVotingTurnoutAbroad":0.0,"approvedTotalVotes":599,"totalVotes":604,"muid":304,"totalVotingInFinlandTurnout":74.8,"advanceVotingTurnoutAbroad":0.0,"invalidTotalVotes":5,"totalVotingTurnout":74.8,"electionDayVotes":279,"electionDayVotesInFinland":279,"pdid":"001","totalVotesInFinlandMen":0,"eligibleVotersInFinlandTotal":808,"calculationStatusPercentElectionDayVotes":100.0,"sourceRecordModificationTime":"20170409204013","otherCompareElection":{"eid":"","eligibleVotersInFinlandTotal":0,"advanceVotingInFinlandTurnout":0.0,"electionDayVotingInFinlandTurnout":0.0,"totalVotingInFinlandTurnout":0.0,"approvedVotesTotal":0,"invalidVotesTotal":0},"correspondingCompareElection":{"eid":"","eligibleVotersInFinlandTotal":0,"advanceVotingInFinlandTurnout":0.0,"electionDayVotingInFinlandTurnout":0.0,"totalVotingInFinlandTurnout":0.0,"approvedVotesTotal":0,"invalidVotesTotal":0,"seats":0},"approvedElectionDayVotes":275,"edid":3,"calculationStatusPercentAdvanceVotes":100.0,"electionDayVotingInFinlandTurnout":34.5,"seats":0,"eligibleVotersTotal":808,"advanceVotesInFinland":325,"advanceVotingInFinlandTurnout":40.2,"totalVotesInFinland":604},"partyResults":[{"advanceVotesPercent":44.1,"name":{"fi":"Kansallinen Kokoomus","sv":"Samlingspartiet","en":"National Coalition Party"},"advanceVotes":143,"npid":4,"totalVotes":254,"spid":2,"abbr":{"fi":"KOK","sv":"Saml","en":"NCP"},"alid":4,"electionDayVotes":111,"pid":"4","totalVotesPercent":42.4,"nominatorName":{"fi":"Kansallinen Kokoomus","sv":"Samlingspartiet","en":"National Coalition Party"},"compareData":{"otherCompareElection":{"votesTotalChange":0,"votesTotalPercentChange":0.0,"votesTotal":254,"votesTotalPercent":42.4},"correspondingCompareElection":{"votesTotalChange":0,"votesTotalPercentChange":0.0,"seatChange":0,"votesTotal":254,"votesTotalPercent":42.4,"seatsTotal":0}},"seats":0,"electionDayVotesPercent":40.4,"nominatorAbbr":{"fi":"KOK","sv":"Saml","en":"NCP"}},{"advanceVotesPercent":29.6,"name":{"fi":"Suomen Keskusta","sv":"Centern i Finland","en":"Centre Party of Finland"},"advanceVotes":96,"npid":3,"totalVotes":187,"spid":1,"abbr":{"fi":"KESK","sv":"C","en":"CENT"},"alid":3,"electionDayVotes":91,"pid":"2","totalVotesPercent":31.2,"nominatorName":{"fi":"Suomen Keskusta","sv":"Centern i Finland","en":"Centre Party of Finland"},"compareData":{"otherCompareElection":{"votesTotalChange":0,"votesTotalPercentChange":0.0,"votesTotal":187,"votesTotalPercent":31.2},"correspondingCompareElection":{"votesTotalChange":0,"votesTotalPercentChange":0.0,"seatChange":0,"votesTotal":187,"votesTotalPercent":31.2,"seatsTotal":0}},"seats":0,"electionDayVotesPercent":33.1,"nominatorAbbr":{"fi":"KESK","sv":"C","en":"CENT"}},{"advanceVotesPercent":22.5,"name":{"fi":"Suomen Sosialidemokraattinen Puolue","sv":"Finlands Socialdemokratiska Parti","en":"The Finnish Social Democratic Party"},"advanceVotes":73,"npid":2,"totalVotes":137,"spid":4,"abbr":{"fi":"SDP","sv":"SDP","en":"SDP"},"alid":2,"electionDayVotes":64,"pid":"1","totalVotesPercent":22.9,"nominatorName":{"fi":"Suomen Sosialidemokraattinen Puolue","sv":"Finlands Socialdemokratiska Parti","en":"The Finnish Social Democratic Party"},"compareData":{"otherCompareElection":{"votesTotalChange":0,"votesTotalPercentChange":0.0,"votesTotal":137,"votesTotalPercent":22.9},"correspondingCompareElection":{"votesTotalChange":0,"votesTotalPercentChange":0.0,"seatChange":0,"votesTotal":137,"votesTotalPercent":22.9,"seatsTotal":0}},"seats":0,"electionDayVotesPercent":23.3,"nominatorAbbr":{"fi":"SDP","sv":"SDP","en":"SDP"}},{"advanceVotesPercent":3.7,"name":{"fi":"Perussuomalaiset","sv":"Sannfinländarna","en":"The Finns Party"},"advanceVotes":12,"npid":1,"totalVotes":21,"spid":3,"abbr":{"fi":"PS","sv":"Sannf","en":"FINNS"},"alid":1,"electionDayVotes":9,"pid":"23","totalVotesPercent":3.5,"nominatorName":{"fi":"Perussuomalaiset","sv":"Sannfinländarna","en":"The Finns Party"},"compareData":{"otherCompareElection":{"votesTotalChange":0,"votesTotalPercentChange":0.0,"votesTotal":21,"votesTotalPercent":3.5},"correspondingCompareElection":{"votesTotalChange":0,"votesTotalPercentChange":0.0,"seatChange":0,"votesTotal":21,"votesTotalPercent":3.5,"seatsTotal":0}},"seats":0,"electionDayVotesPercent":3.3,"nominatorAbbr":{"fi":"PS","sv":"Sannf","en":"FINNS"}}],"candidateResults":[{"age":42,"advanceVotesPercent":7.4,"lastname":"Ääritalo","occupation":"Laikankäsittelijä, maanviljelijä","advanceVotes":24,"npid":4,"totalVotes":47,"spid":2,"abbr":"KOK","municipalCouncilor":true,"muid":304,"alid":4,"firstname":"Antti","electionDayVotes":23,"pid":"4","finalPosition":0,"electedInformation":"ELECTED","totalVotesPercent":7.8,"nominatorName":{"fi":"Kansallinen Kokoomus","sv":"Samlingspartiet","en":"National Coalition Party"},"caid":36,"position":0,"gender":"1","comparisonData":{"totalVotes":42,"votesTotalChange":5},"edid":3,"comparativeIndex":0.0,"electionDayVotesPercent":8.4,"nominatorAbbr":{"fi":"KOK","sv":"Saml","en":"NCP"}},{"age":60,"advanceVotesPercent":8.3,"lastname":"Koskinen","occupation":"Erikoissairaanhoitaja","advanceVotes":27,"npid":2,"totalVotes":44,"spid":4,"abbr":"SDP","municipalCouncilor":true,"muid":304,"alid":2,"firstname":"Sirpa","electionDayVotes":17,"pid":"1","finalPosition":0,"electedInformation":"ELECTED","totalVotesPercent":7.3,"nominatorName":{"fi":"Suomen Sosialidemokraattinen Puolue","sv":"Finlands Socialdemokratiska Parti","en":"The Finnish Social Democratic Party"},"caid":4,"position":0,"gender":"2","comparisonData":{"totalVotes":35,"votesTotalChange":9},"edid":3,"comparativeIndex":0.0,"electionDayVotesPercent":6.2,"nominatorAbbr":{"fi":"SDP","sv":"SDP","en":"SDP"}},{"age":66,"advanceVotesPercent":8.6,"lastname":"Järvelä","occupation":"Ruokapalveluesimies, eläkeläinen","advanceVotes":28,"npid":4,"totalVotes":36,"spid":2,"abbr":"KOK","municipalCouncilor":false,"muid":304,"alid":4,"firstname":"Mirja","electionDayVotes":8,"pid":"4","finalPosition":0,"electedInformation":"ELECTED","totalVotesPercent":6.0,"nominatorName":{"fi":"Kansallinen Kokoomus","sv":"Samlingspartiet","en":"National Coalition Party"},"caid":28,"position":0,"gender":"2","comparisonData":{"totalVotes":0,"votesTotalChange":36},"edid":3,"comparativeIndex":0.0,"electionDayVotesPercent":2.9,"nominatorAbbr":{"fi":"KOK","sv":"Saml","en":"NCP"}},{"age":52,"advanceVotesPercent":5.2,"lastname":"Lindroth","occupation":"Toimitusjohtaja","advanceVotes":17,"npid":4,"totalVotes":32,"spid":2,"abbr":"KOK","municipalCouncilor":false,"muid":304,"alid":4,"firstname":"Kirsi","electionDayVotes":15,"pid":"4","finalPosition":0,"electedInformation":"ELECTED","totalVotesPercent":5.3,"nominatorName":{"fi":"Kansallinen Kokoomus","sv":"Samlingspartiet","en":"National Coalition Party"},"caid":31,"position":0,"gender":"2","comparisonData":{"totalVotes":0,"votesTotalChange":32},"edid":3,"comparativeIndex":0.0,"electionDayVotesPercent":5.5,"nominatorAbbr":{"fi":"KOK","sv":"Saml","en":"NCP"}},{"age":40,"advanceVotesPercent":5.2,"lastname":"Jalonen","occupation":"Upseeri","advanceVotes":17,"npid":4,"totalVotes":32,"spid":2,"abbr":"KOK","municipalCouncilor":false,"muid":304,"alid":4,"firstname":"Sami","electionDayVotes":15,"pid":"4","finalPosition":0,"electedInformation":"ELECTED","totalVotesPercent":5.3,"nominatorName":{"fi":"Kansallinen Kokoomus","sv":"Samlingspartiet","en":"National Coalition Party"},"caid":32,"position":0,"gender":"1","comparisonData":{"totalVotes":0,"votesTotalChange":32},"edid":3,"comparativeIndex":0.0,"electionDayVotesPercent":5.5,"nominatorAbbr":{"fi":"KOK","sv":"Saml","en":"NCP"}},{"age":42,"advanceVotesPercent":5.6,"lastname":"Latokartano","occupation":"Maatalousyrittäjä","advanceVotes":18,"npid":4,"totalVotes":30,"spid":2,"abbr":"KOK","municipalCouncilor":true,"muid":304,"alid":4,"firstname":"Sami","electionDayVotes":12,"pid":"4","finalPosition":0,"electedInformation":"ELECTED","totalVotesPercent":5.0,"nominatorName":{"fi":"Kansallinen Kokoomus","sv":"Samlingspartiet","en":"National Coalition Party"},"caid":29,"position":0,"gender":"1","comparisonData":{"totalVotes":20,"votesTotalChange":10},"edid":3,"comparativeIndex":0.0,"electionDayVotesPercent":4.4,"nominatorAbbr":{"fi":"KOK","sv":"Saml","en":"NCP"}},{"age":64,"advanceVotesPercent":3.7,"lastname":"Mäntynen","occupation":"Metsäasiantuntija","advanceVotes":12,"npid":3,"totalVotes":29,"spid":1,"abbr":"KESK","municipalCouncilor":true,"muid":304,"alid":3,"firstname":"Jarmo","electionDayVotes":17,"pid":"2","finalPosition":0,"electedInformation":"ELECTED","totalVotesPercent":4.8,"nominatorName":{"fi":"Suomen Keskusta","sv":"Centern i Finland","en":"Centre Party of Finland"},"caid":20,"position":0,"gender":"1","comparisonData":{"totalVotes":37,"votesTotalChange":-8},"edid":3,"comparativeIndex":0.0,"electionDayVotesPercent":6.2,"nominatorAbbr":{"fi":"KESK","sv":"C","en":"CENT"}},{"age":56,"advanceVotesPercent":4.0,"lastname":"Urpo","occupation":"Yrittäjä","advanceVotes":13,"npid":2,"totalVotes":28,"spid":4,"abbr":"SDP","municipalCouncilor":false,"muid":304,"alid":2,"firstname":"Timo","electionDayVotes":15,"pid":"1","finalPosition":0,"electedInformation":"ELECTED","totalVotesPercent":4.7,"nominatorName":{"fi":"Suomen Sosialidemokraattinen Puolue","sv":"Finlands Socialdemokratiska Parti","en":"The Finnish Social Democratic Party"},"caid":9,"position":0,"gender":"1","comparisonData":{"totalVotes":13,"votesTotalChange":15},"edid":3,"comparativeIndex":0.0,"electionDayVotesPercent":5.5,"nominatorAbbr":{"fi":"SDP","sv":"SDP","en":"SDP"}},{"age":60,"advanceVotesPercent":4.9,"lastname":"Skyten-Suominen","occupation":"Yrittäjä","advanceVotes":16,"npid":4,"totalVotes":27,"spid":2,"abbr":"KOK","municipalCouncilor":true,"muid":304,"alid":4,"firstname":"Irja","electionDayVotes":11,"pid":"4","finalPosition":0,"electedInformation":"ELECTED","totalVotesPercent":4.5,"nominatorName":{"fi":"Kansallinen Kokoomus","sv":"Samlingspartiet","en":"National Coalition Party"},"caid":34,"position":0,"gender":"2","comparisonData":{"totalVotes":31,"votesTotalChange":-4},"edid":3,"comparativeIndex":0.0,"electionDayVotesPercent":4.0,"nominatorAbbr":{"fi":"KOK","sv":"Saml","en":"NCP"}},{"age":56,"advanceVotesPercent":4.0,"lastname":"Nieminen","occupation":"Sis-kir. erikoissairaanhoitaja","advanceVotes":13,"npid":2,"totalVotes":23,"spid":4,"abbr":"SDP","municipalCouncilor":true,"muid":304,"alid":2,"firstname":"Tarja","electionDayVotes":10,"pid":"1","finalPosition":0,"electedInformation":"ELECTED","totalVotesPercent":3.8,"nominatorName":{"fi":"Suomen Sosialidemokraattinen Puolue","sv":"Finlands Socialdemokratiska Parti","en":"The Finnish Social Democratic Party"},"caid":6,"position":0,"gender":"2","comparisonData":{"totalVotes":27,"votesTotalChange":-4},"edid":3,"comparativeIndex":0.0,"electionDayVotesPercent":3.6,"nominatorAbbr":{"fi":"SDP","sv":"SDP","en":"SDP"}},{"age":32,"advanceVotesPercent":3.1,"lastname":"Nummela","occupation":"Myyjä, yrittäjä","advanceVotes":10,"npid":3,"totalVotes":22,"spid":1,"abbr":"KESK","municipalCouncilor":true,"muid":304,"alid":3,"firstname":"Laura","electionDayVotes":12,"pid":"2","finalPosition":0,"electedInformation":"ELECTED","totalVotesPercent":3.7,"nominatorName":{"fi":"Suomen Keskusta","sv":"Centern i Finland","en":"Centre Party of Finland"},"caid":22,"position":0,"gender":"2","comparisonData":{"totalVotes":12,"votesTotalChange":10},"edid":3,"comparativeIndex":0.0,"electionDayVotesPercent":4.4,"nominatorAbbr":{"fi":"KESK","sv":"C","en":"CENT"}},{"age":47,"advanceVotesPercent":3.7,"lastname":"Nieminen","occupation":"Kalastaja","advanceVotes":12,"npid":1,"totalVotes":21,"spid":3,"abbr":"PS","municipalCouncilor":false,"muid":304,"alid":1,"firstname":"Anita","electionDayVotes":9,"pid":"23","finalPosition":0,"electedInformation":"NOT_ELECTED","totalVotesPercent":3.5,"nominatorName":{"fi":"Perussuomalaiset","sv":"Sannfinländarna","en":"The Finns Party"},"caid":2,"position":0,"gender":"2","comparisonData":{"totalVotes":0,"votesTotalChange":21},"edid":3,"comparativeIndex":0.0,"electionDayVotesPercent":3.3,"nominatorAbbr":{"fi":"PS","sv":"Sannf","en":"FINNS"}},{"age":60,"advanceVotesPercent":4.0,"lastname":"Nummela","occupation":"Maatalousyrittäjä","advanceVotes":13,"npid":3,"totalVotes":21,"spid":1,"abbr":"KESK","municipalCouncilor":false,"muid":304,"alid":3,"firstname":"Antti","electionDayVotes":8,"pid":"2","finalPosition":0,"electedInformation":"ELECTED","totalVotesPercent":3.5,"nominatorName":{"fi":"Suomen Keskusta","sv":"Centern i Finland","en":"Centre Party of Finland"},"caid":21,"position":0,"gender":"1","comparisonData":{"totalVotes":0,"votesTotalChange":21},"edid":3,"comparativeIndex":0.0,"electionDayVotesPercent":2.9,"nominatorAbbr":{"fi":"KESK","sv":"C","en":"CENT"}},{"age":61,"advanceVotesPercent":4.0,"lastname":"Herhi","occupation":"Toimitusjohtaja","advanceVotes":13,"npid":4,"totalVotes":20,"spid":2,"abbr":"KOK","municipalCouncilor":true,"muid":304,"alid":4,"firstname":"Kari","electionDayVotes":7,"pid":"4","finalPosition":0,"electedInformation":"ELECTED","totalVotesPercent":3.3,"nominatorName":{"fi":"Kansallinen Kokoomus","sv":"Samlingspartiet","en":"National Coalition Party"},"caid":27,"position":0,"gender":"1","comparisonData":{"totalVotes":38,"votesTotalChange":-18},"edid":3,"comparativeIndex":0.0,"electionDayVotesPercent":2.5,"nominatorAbbr":{"fi":"KOK","sv":"Saml","en":"NCP"}},{"age":51,"advanceVotesPercent":3.1,"lastname":"Lehtinen","occupation":"Maatalousyrittäjä","advanceVotes":10,"npid":3,"totalVotes":18,"spid":1,"abbr":"KESK","municipalCouncilor":true,"muid":304,"alid":3,"firstname":"Jukka","electionDayVotes":8,"pid":"2","finalPosition":0,"electedInformation":"ELECTED","totalVotesPercent":3.0,"nominatorName":{"fi":"Suomen Keskusta","sv":"Centern i Finland","en":"Centre Party of Finland"},"caid":18,"position":0,"gender":"1","comparisonData":{"totalVotes":12,"votesTotalChange":6},"edid":3,"comparativeIndex":0.0,"electionDayVotesPercent":2.9,"nominatorAbbr":{"fi":"KESK","sv":"C","en":"CENT"}},{"age":47,"advanceVotesPercent":1.9,"lastname":"Siusluoto","occupation":"Maatalousyrittäjä","advanceVotes":6,"npid":3,"totalVotes":17,"spid":1,"abbr":"KESK","municipalCouncilor":true,"muid":304,"alid":3,"firstname":"Mika","electionDayVotes":11,"pid":"2","finalPosition":0,"electedInformation":"ELECTED","totalVotesPercent":2.8,"nominatorName":{"fi":"Suomen Keskusta","sv":"Centern i Finland","en":"Centre Party of Finland"},"caid":24,"position":0,"gender":"1","comparisonData":{"totalVotes":22,"votesTotalChange":-5},"edid":3,"comparativeIndex":0.0,"electionDayVotesPercent":4.0,"nominatorAbbr":{"fi":"KESK","sv":"C","en":"CENT"}},{"age":71,"advanceVotesPercent":2.2,"lastname":"Laine","occupation":"Maanviljelijä","advanceVotes":7,"npid":3,"totalVotes":12,"spid":1,"abbr":"KESK","municipalCouncilor":false,"muid":304,"alid":3,"firstname":"Marjut","electionDayVotes":5,"pid":"2","finalPosition":0,"electedInformation":"ON_SUBSTITUTE_PLACE","totalVotesPercent":2.0,"nominatorName":{"fi":"Suomen Keskusta","sv":"Centern i Finland","en":"Centre Party of Finland"},"caid":17,"position":0,"gender":"2","comparisonData":{"totalVotes":10,"votesTotalChange":2},"edid":3,"comparativeIndex":0.0,"electionDayVotesPercent":1.8,"nominatorAbbr":{"fi":"KESK","sv":"C","en":"CENT"}},{"age":30,"advanceVotesPercent":1.2,"lastname":"Kallio","occupation":"Lähihoitaja","advanceVotes":4,"npid":2,"totalVotes":11,"spid":4,"abbr":"SDP","municipalCouncilor":false,"muid":304,"alid":2,"firstname":"Jonna","electionDayVotes":7,"pid":"1","finalPosition":0,"electedInformation":"ON_SUBSTITUTE_PLACE","totalVotesPercent":1.8,"nominatorName":{"fi":"Suomen Sosialidemokraattinen Puolue","sv":"Finlands Socialdemokratiska Parti","en":"The Finnish Social Democratic Party"},"caid":3,"position":0,"gender":"2","comparisonData":{"totalVotes":8,"votesTotalChange":3},"edid":3,"comparativeIndex":0.0,"electionDayVotesPercent":2.5,"nominatorAbbr":{"fi":"SDP","sv":"SDP","en":"SDP"}},{"age":28,"advanceVotesPercent":1.9,"lastname":"Nieminen","occupation":"Kokki","advanceVotes":6,"npid":2,"totalVotes":11,"spid":4,"abbr":"SDP","municipalCouncilor":false,"muid":304,"alid":2,"firstname":"Kai","electionDayVotes":5,"pid":"1","finalPosition":0,"electedInformation":"ON_SUBSTITUTE_PLACE","totalVotesPercent":1.8,"nominatorName":{"fi":"Suomen Sosialidemokraattinen Puolue","sv":"Finlands Socialdemokratiska Parti","en":"The Finnish Social Democratic Party"},"caid":5,"position":0,"gender":"1","comparisonData":{"totalVotes":10,"votesTotalChange":1},"edid":3,"comparativeIndex":0.0,"electionDayVotesPercent":1.8,"nominatorAbbr":{"fi":"SDP","sv":"SDP","en":"SDP"}},{"age":51,"advanceVotesPercent":0.6,"lastname":"Ylönen","occupation":"Asianajaja","advanceVotes":2,"npid":4,"totalVotes":11,"spid":2,"abbr":"KOK","municipalCouncilor":false,"muid":304,"alid":4,"firstname":"Hannu","electionDayVotes":9,"pid":"4","finalPosition":0,"electedInformation":"ON_SUBSTITUTE_PLACE","totalVotesPercent":1.8,"nominatorName":{"fi":"Kansallinen Kokoomus","sv":"Samlingspartiet","en":"National Coalition Party"},"caid":35,"position":0,"gender":"1","comparisonData":{"totalVotes":0,"votesTotalChange":11},"edid":3,"comparativeIndex":0.0,"electionDayVotesPercent":3.3,"nominatorAbbr":{"fi":"KOK","sv":"Saml","en":"NCP"}},{"age":40,"advanceVotesPercent":2.2,"lastname":"Lehtonen","occupation":"Lähihoitaja","advanceVotes":7,"npid":3,"totalVotes":10,"spid":1,"abbr":"KESK","municipalCouncilor":false,"muid":304,"alid":3,"firstname":"Mia","electionDayVotes":3,"pid":"2","finalPosition":0,"electedInformation":"ON_SUBSTITUTE_PLACE","totalVotesPercent":1.7,"nominatorName":{"fi":"Suomen Keskusta","sv":"Centern i Finland","en":"Centre Party of Finland"},"caid":19,"position":0,"gender":"2","comparisonData":{"totalVotes":0,"votesTotalChange":10},"edid":3,"comparativeIndex":0.0,"electionDayVotesPercent":1.1,"nominatorAbbr":{"fi":"KESK","sv":"C","en":"CENT"}},{"age":68,"advanceVotesPercent":2.2,"lastname":"Riihimäki","occupation":"Konsultti","advanceVotes":7,"npid":3,"totalVotes":10,"spid":1,"abbr":"KESK","municipalCouncilor":true,"muid":304,"alid":3,"firstname":"Markku","electionDayVotes":3,"pid":"2","finalPosition":0,"electedInformation":"ON_SUBSTITUTE_PLACE","totalVotesPercent":1.7,"nominatorName":{"fi":"Suomen Keskusta","sv":"Centern i Finland","en":"Centre Party of Finland"},"caid":23,"position":0,"gender":"1","comparisonData":{"totalVotes":19,"votesTotalChange":-9},"edid":3,"comparativeIndex":0.0,"electionDayVotesPercent":1.1,"nominatorAbbr":{"fi":"KESK","sv":"C","en":"CENT"}},{"age":39,"advanceVotesPercent":0.9,"lastname":"Ucke","occupation":"Hitsaaja, elintarviketyöläinen","advanceVotes":3,"npid":2,"totalVotes":9,"spid":4,"abbr":"SDP","municipalCouncilor":false,"muid":304,"alid":2,"firstname":"Silvi","electionDayVotes":6,"pid":"1","finalPosition":0,"electedInformation":"ON_SUBSTITUTE_PLACE","totalVotesPercent":1.5,"nominatorName":{"fi":"Suomen Sosialidemokraattinen Puolue","sv":"Finlands Socialdemokratiska Parti","en":"The Finnish Social Democratic Party"},"caid":8,"position":0,"gender":"2","comparisonData":{"totalVotes":0,"votesTotalChange":9},"edid":3,"comparativeIndex":0.0,"electionDayVotesPercent":2.2,"nominatorAbbr":{"fi":"SDP","sv":"SDP","en":"SDP"}},{"age":58,"advanceVotesPercent":1.5,"lastname":"Kotijärvi","occupation":"Seurakuntamestari, puutarhuri","advanceVotes":5,"npid":3,"totalVotes":9,"spid":1,"abbr":"KESK","municipalCouncilor":false,"muid":304,"alid":3,"firstname":"Arto","electionDayVotes":4,"pid":"2","finalPosition":0,"electedInformation":"ON_SUBSTITUTE_PLACE","totalVotesPercent":1.5,"nominatorName":{"fi":"Suomen Keskusta","sv":"Centern i Finland","en":"Centre Party of Finland"},"caid":13,"position":0,"gender":"1","comparisonData":{"totalVotes":7,"votesTotalChange":2},"edid":3,"comparativeIndex":0.0,"electionDayVotesPercent":1.5,"nominatorAbbr":{"fi":"KESK","sv":"C","en":"CENT"}},{"age":52,"advanceVotesPercent":1.2,"lastname":"Uotila","occupation":"Yrittäjä","advanceVotes":4,"npid":3,"totalVotes":9,"spid":1,"abbr":"KESK","municipalCouncilor":false,"muid":304,"alid":3,"firstname":"Tiina","electionDayVotes":5,"pid":"2","finalPosition":0,"electedInformation":"ON_SUBSTITUTE_PLACE","totalVotesPercent":1.5,"nominatorName":{"fi":"Suomen Keskusta","sv":"Centern i Finland","en":"Centre Party of Finland"},"caid":25,"position":0,"gender":"2","comparisonData":{"totalVotes":7,"votesTotalChange":2},"edid":3,"comparativeIndex":0.0,"electionDayVotesPercent":1.8,"nominatorAbbr":{"fi":"KESK","sv":"C","en":"CENT"}},{"age":42,"advanceVotesPercent":1.2,"lastname":"Koskinen","occupation":"Puheterapeutti, FM","advanceVotes":4,"npid":3,"totalVotes":8,"spid":1,"abbr":"KESK","municipalCouncilor":false,"muid":304,"alid":3,"firstname":"Susanna","electionDayVotes":4,"pid":"2","finalPosition":0,"electedInformation":"NOT_ELECTED","totalVotesPercent":1.3,"nominatorName":{"fi":"Suomen Keskusta","sv":"Centern i Finland","en":"Centre Party of Finland"},"caid":12,"position":0,"gender":"2","comparisonData":{"totalVotes":9,"votesTotalChange":-1},"edid":3,"comparativeIndex":0.0,"electionDayVotesPercent":1.5,"nominatorAbbr":{"fi":"KESK","sv":"C","en":"CENT"}},{"age":20,"advanceVotesPercent":0.9,"lastname":"Kulmala","occupation":"Yrittäjä","advanceVotes":3,"npid":3,"totalVotes":8,"spid":1,"abbr":"KESK","municipalCouncilor":false,"muid":304,"alid":3,"firstname":"Niko","electionDayVotes":5,"pid":"2","finalPosition":0,"electedInformation":"NOT_ELECTED","totalVotesPercent":1.3,"nominatorName":{"fi":"Suomen Keskusta","sv":"Centern i Finland","en":"Centre Party of Finland"},"caid":14,"position":0,"gender":"1","comparisonData":{"totalVotes":0,"votesTotalChange":8},"edid":3,"comparativeIndex":0.0,"electionDayVotesPercent":1.8,"nominatorAbbr":{"fi":"KESK","sv":"C","en":"CENT"}},{"age":42,"advanceVotesPercent":0.6,"lastname":"Englund","occupation":"Aluepäällikkö","advanceVotes":2,"npid":4,"totalVotes":7,"spid":2,"abbr":"KOK","municipalCouncilor":false,"muid":304,"alid":4,"firstname":"Satu","electionDayVotes":5,"pid":"4","finalPosition":0,"electedInformation":"ON_SUBSTITUTE_PLACE","totalVotesPercent":1.2,"nominatorName":{"fi":"Kansallinen Kokoomus","sv":"Samlingspartiet","en":"National Coalition Party"},"caid":26,"position":0,"gender":"2","comparisonData":{"totalVotes":0,"votesTotalChange":7},"edid":3,"comparativeIndex":0.0,"electionDayVotesPercent":1.8,"nominatorAbbr":{"fi":"KOK","sv":"Saml","en":"NCP"}},{"age":61,"advanceVotesPercent":0.9,"lastname":"Vinnikainen","occupation":"Sähköasentaja","advanceVotes":3,"npid":2,"totalVotes":6,"spid":4,"abbr":"SDP","municipalCouncilor":false,"muid":304,"alid":2,"firstname":"Markku","electionDayVotes":3,"pid":"1","finalPosition":0,"electedInformation":"NOT_ELECTED","totalVotesPercent":1.0,"nominatorName":{"fi":"Suomen Sosialidemokraattinen Puolue","sv":"Finlands Socialdemokratiska Parti","en":"The Finnish Social Democratic Party"},"caid":10,"position":0,"gender":"1","comparisonData":{"totalVotes":0,"votesTotalChange":6},"edid":3,"comparativeIndex":0.0,"electionDayVotesPercent":1.1,"nominatorAbbr":{"fi":"SDP","sv":"SDP","en":"SDP"}},{"age":49,"advanceVotesPercent":0.9,"lastname":"Kulmala","occupation":"Kulttuurituottaja","advanceVotes":3,"npid":3,"totalVotes":6,"spid":1,"abbr":"KESK","municipalCouncilor":true,"muid":304,"alid":3,"firstname":"Viktoria","electionDayVotes":3,"pid":"2","finalPosition":0,"electedInformation":"NOT_ELECTED","totalVotesPercent":1.0,"nominatorName":{"fi":"Suomen Keskusta","sv":"Centern i Finland","en":"Centre Party of Finland"},"caid":15,"position":0,"gender":"2","comparisonData":{"totalVotes":12,"votesTotalChange":-6},"edid":3,"comparativeIndex":0.0,"electionDayVotesPercent":1.1,"nominatorAbbr":{"fi":"KESK","sv":"C","en":"CENT"}},{"age":68,"advanceVotesPercent":1.2,"lastname":"Lehtikallio","occupation":"Eläkeläinen","advanceVotes":4,"npid":4,"totalVotes":6,"spid":2,"abbr":"KOK","municipalCouncilor":false,"muid":304,"alid":4,"firstname":"Marja","electionDayVotes":2,"pid":"4","finalPosition":0,"electedInformation":"ON_SUBSTITUTE_PLACE","totalVotesPercent":1.0,"nominatorName":{"fi":"Kansallinen Kokoomus","sv":"Samlingspartiet","en":"National Coalition Party"},"caid":30,"position":0,"gender":"2","comparisonData":{"totalVotes":2,"votesTotalChange":4},"edid":3,"comparativeIndex":0.0,"electionDayVotesPercent":0.7,"nominatorAbbr":{"fi":"KOK","sv":"Saml","en":"NCP"}},{"age":39,"advanceVotesPercent":0.6,"lastname":"Sandroos","occupation":"Yrittäjä","advanceVotes":2,"npid":4,"totalVotes":6,"spid":2,"abbr":"KOK","municipalCouncilor":false,"muid":304,"alid":4,"firstname":"Tuomas","electionDayVotes":4,"pid":"4","finalPosition":0,"electedInformation":"ON_SUBSTITUTE_PLACE","totalVotesPercent":1.0,"nominatorName":{"fi":"Kansallinen Kokoomus","sv":"Samlingspartiet","en":"National Coalition Party"},"caid":33,"position":0,"gender":"1","comparisonData":{"totalVotes":0,"votesTotalChange":6},"edid":3,"comparativeIndex":0.0,"electionDayVotesPercent":1.5,"nominatorAbbr":{"fi":"KOK","sv":"Saml","en":"NCP"}},{"age":53,"advanceVotesPercent":1.2,"lastname":"Summe","occupation":"Kokki","advanceVotes":4,"npid":2,"totalVotes":5,"spid":4,"abbr":"SDP","municipalCouncilor":false,"muid":304,"alid":2,"firstname":"Pia","electionDayVotes":1,"pid":"1","finalPosition":0,"electedInformation":"NOT_ELECTED","totalVotesPercent":0.8,"nominatorName":{"fi":"Suomen Sosialidemokraattinen Puolue","sv":"Finlands Socialdemokratiska Parti","en":"The Finnish Social Democratic Party"},"caid":7,"position":0,"gender":"2","comparisonData":{"totalVotes":0,"votesTotalChange":5},"edid":3,"comparativeIndex":0.0,"electionDayVotesPercent":0.4,"nominatorAbbr":{"fi":"SDP","sv":"SDP","en":"SDP"}},{"age":67,"advanceVotesPercent":0.6,"lastname":"Jussari","occupation":"Virastomestari","advanceVotes":2,"npid":3,"totalVotes":4,"spid":1,"abbr":"KESK","municipalCouncilor":false,"muid":304,"alid":3,"firstname":"Heikki","electionDayVotes":2,"pid":"2","finalPosition":0,"electedInformation":"NOT_ELECTED","totalVotesPercent":0.7,"nominatorName":{"fi":"Suomen Keskusta","sv":"Centern i Finland","en":"Centre Party of Finland"},"caid":11,"position":0,"gender":"1","comparisonData":{"totalVotes":2,"votesTotalChange":2},"edid":3,"comparativeIndex":0.0,"electionDayVotesPercent":0.7,"nominatorAbbr":{"fi":"KESK","sv":"C","en":"CENT"}},{"age":58,"advanceVotesPercent":0.9,"lastname":"Lagerström","occupation":"Rakennusteknikko","advanceVotes":3,"npid":3,"totalVotes":4,"spid":1,"abbr":"KESK","municipalCouncilor":false,"muid":304,"alid":3,"firstname":"Ari","electionDayVotes":1,"pid":"2","finalPosition":0,"electedInformation":"NOT_ELECTED","totalVotesPercent":0.7,"nominatorName":{"fi":"Suomen Keskusta","sv":"Centern i Finland","en":"Centre Party of Finland"},"caid":16,"position":0,"gender":"1","comparisonData":{"totalVotes":5,"votesTotalChange":-1},"edid":3,"comparativeIndex":0.0,"electionDayVotesPercent":0.4,"nominatorAbbr":{"fi":"KESK","sv":"C","en":"CENT"}}],"municipalityPollingDistricts":[{"name":{"fi":"Kustavi","sv":"Kustavi"},"calculationStatusPercent":100.0,"joinedArea":false,"muid":304,"totalVotingInFinlandTurnout":74.8,"identification":"001","pdid":"001","eligibleVotersInFinlandTotal":808,"edid":3,"mergedToPdid":""}],"municipality":{"muid":304,"edid":3,"name":{"fi":"Kustavi","sv":"Gustavs"}}}