{"version":57,"created":"2017-04-09T21:32:25.230Z","electionDetails":{"electionId":"kv2017","electionDate":"2017-04-09T00:00:00.000Z","electionDataPublishTime":"2017-04-09T17:00:00.000Z","name":{"fi":"Kuntavaalit 2017","sv":"Kommunalval 2017","en":"Elections 2017"},"previousElections":{"correspondingCompareElection":{"electionId":"kv2012","electionDate":"2012-10-28T00:00:00.000Z","name":{"fi":"Kuntavaalit 2012","en":"Municipal elections 2012","sv":"Kommunalval 2012"}},"otherCompareElection":{"electionId":"ev2015","electionDate":"2015-04-19T00:00:00.000Z","name":{"fi":"Eduskuntavaalit 2015","en":"Parliamentary election 2015","sv":"Riksdagsval 2015"}}}},"calculationStatus":{"electionDayVotingTurnout":30.1,"invalidAdvanceVotes":13,"calculationPhase":"INITIAL","invalidElectionDayVotes":1,"approvedAdvanceVotes":346,"advanceVotingTurnout":28.7,"totalVotingTurnoutAbroad":0.0,"name":{"fi":"Nihattula","sv":"Nihattula"},"calculationStatusPercent":100.0,"advanceVotes":359,"electionDayVotingTurnoutAbroad":0.0,"approvedTotalVotes":722,"totalVotes":736,"muid":82,"totalVotingInFinlandTurnout":58.8,"advanceVotingTurnoutAbroad":0.0,"invalidTotalVotes":14,"totalVotingTurnout":58.8,"electionDayVotes":377,"electionDayVotesInFinland":377,"pdid":"001","totalVotesInFinlandMen":0,"eligibleVotersInFinlandTotal":1251,"calculationStatusPercentElectionDayVotes":100.0,"sourceRecordModificationTime":"20170409215300","otherCompareElection":{"eid":"","eligibleVotersInFinlandTotal":0,"advanceVotingInFinlandTurnout":0.0,"electionDayVotingInFinlandTurnout":0.0,"totalVotingInFinlandTurnout":0.0,"approvedVotesTotal":0,"invalidVotesTotal":0},"correspondingCompareElection":{"eid":"","eligibleVotersInFinlandTotal":0,"advanceVotingInFinlandTurnout":0.0,"electionDayVotingInFinlandTurnout":0.0,"totalVotingInFinlandTurnout":0.0,"approvedVotesTotal":0,"invalidVotesTotal":0,"seats":0},"approvedElectionDayVotes":376,"edid":6,"calculationStatusPercentAdvanceVotes":100.0,"electionDayVotingInFinlandTurnout":30.1,"seats":0,"eligibleVotersTotal":1251,"advanceVotesInFinland":359,"advanceVotingInFinlandTurnout":28.7,"totalVotesInFinland":736},"partyResults":[{"advanceVotesPercent":30.1,"name":{"fi":"Suomen Keskusta","sv":"Centern i Finland","en":"Centre Party of Finland"},"advanceVotes":104,"npid":4,"totalVotes":209,"spid":1,"abbr":{"fi":"KESK","sv":"C","en":"CENT"},"alid":4,"electionDayVotes":105,"pid":"2","totalVotesPercent":28.9,"nominatorName":{"fi":"Suomen Keskusta","sv":"Centern i Finland","en":"Centre Party of Finland"},"compareData":{"otherCompareElection":{"votesTotalChange":0,"votesTotalPercentChange":0.0,"votesTotal":209,"votesTotalPercent":28.9},"correspondingCompareElection":{"votesTotalChange":0,"votesTotalPercentChange":0.0,"seatChange":0,"votesTotal":209,"votesTotalPercent":28.9,"seatsTotal":0}},"seats":0,"electionDayVotesPercent":27.9,"nominatorAbbr":{"fi":"KESK","sv":"C","en":"CENT"}},{"advanceVotesPercent":23.7,"name":{"fi":"Kansallinen Kokoomus","sv":"Samlingspartiet","en":"National Coalition Party"},"advanceVotes":82,"npid":7,"totalVotes":178,"spid":2,"abbr":{"fi":"KOK","sv":"Saml","en":"NCP"},"alid":6,"electionDayVotes":96,"pid":"4","totalVotesPercent":24.7,"nominatorName":{"fi":"Kansallinen Kokoomus","sv":"Samlingspartiet","en":"National Coalition Party"},"compareData":{"otherCompareElection":{"votesTotalChange":0,"votesTotalPercentChange":0.0,"votesTotal":178,"votesTotalPercent":24.7},"correspondingCompareElection":{"votesTotalChange":0,"votesTotalPercentChange":0.0,"seatChange":0,"votesTotal":178,"votesTotalPercent":24.7,"seatsTotal":0}},"seats":0,"electionDayVotesPercent":25.5,"nominatorAbbr":{"fi":"KOK","sv":"Saml","en":"NCP"}},{"advanceVotesPercent":21.4,"name":{"fi":"Suomen Sosialidemokraattinen Puolue","sv":"Finlands Socialdemokratiska Parti","en":"The Finnish Social Democratic Party"},"advanceVotes":74,"npid":6,"totalVotes":140,"spid":4,"abbr":{"fi":"SDP","sv":"SDP","en":"SDP"},"alid":5,"electionDayVotes":66,"pid":"1","totalVotesPercent":19.4,"nominatorName":{"fi":"Suomen Sosialidemokraattinen Puolue","sv":"Finlands Socialdemokratiska Parti","en":"The Finnish Social Democratic Party"},"compareData":{"otherCompareElection":{"votesTotalChange":0,"votesTotalPercentChange":0.0,"votesTotal":140,"votesTotalPercent":19.4},"correspondingCompareElection":{"votesTotalChange":0,"votesTotalPercentChange":0.0,"seatChange":0,"votesTotal":140,"votesTotalPercent":19.4,"seatsTotal":0}},"seats":0,"electionDayVotesPercent":17.6,"nominatorAbbr":{"fi":"SDP","sv":"SDP","en":"SDP"}},{"advanceVotesPercent":9.2,"name":{"fi":"Perussuomalaiset","sv":"Sannfinländarna","en":"The Finns Party"},"advanceVotes":32,"npid":3,"totalVotes":73,"spid":3,"abbr":{"fi":"PS","sv":"Sannf","en":"FINNS"},"alid":3,"electionDayVotes":41,"pid":"23","totalVotesPercent":10.1,"nominatorName":{"fi":"Perussuomalaiset","sv":"Sannfinländarna","en":"The Finns Party"},"compareData":{"otherCompareElection":{"votesTotalChange":0,"votesTotalPercentChange":0.0,"votesTotal":73,"votesTotalPercent":10.1},"correspondingCompareElection":{"votesTotalChange":0,"votesTotalPercentChange":0.0,"seatChange":0,"votesTotal":73,"votesTotalPercent":10.1,"seatsTotal":0}},"seats":0,"electionDayVotesPercent":10.9,"nominatorAbbr":{"fi":"PS","sv":"Sannf","en":"FINNS"}},{"advanceVotesPercent":6.6,"name":{"fi":"Vihreä liitto","sv":"Gröna förbundet","en":"Green League"},"advanceVotes":23,"npid":1,"totalVotes":50,"spid":5,"abbr":{"fi":"VIHR","sv":"Gröna","en":"GREEN"},"alid":1,"electionDayVotes":27,"pid":"13","totalVotesPercent":6.9,"nominatorName":{"fi":"Vihreä liitto","sv":"Gröna förbundet","en":"Green League"},"compareData":{"otherCompareElection":{"votesTotalChange":0,"votesTotalPercentChange":0.0,"votesTotal":50,"votesTotalPercent":6.9},"correspondingCompareElection":{"votesTotalChange":0,"votesTotalPercentChange":0.0,"seatChange":0,"votesTotal":50,"votesTotalPercent":6.9,"seatsTotal":0}},"seats":0,"electionDayVotesPercent":7.2,"nominatorAbbr":{"fi":"VIHR","sv":"Gröna","en":"GREEN"}},{"advanceVotesPercent":5.5,"name":{"fi":"Vasemmistoliitto","sv":"Vänsterförbundet","en":"The Left Alliance"},"advanceVotes":19,"npid":2,"totalVotes":48,"spid":6,"abbr":{"fi":"VAS","sv":"VF","en":"LEFT"},"alid":2,"electionDayVotes":29,"pid":"15","totalVotesPercent":6.6,"nominatorName":{"fi":"Vasemmistoliitto","sv":"Vänsterförbundet","en":"The Left Alliance"},"compareData":{"otherCompareElection":{"votesTotalChange":0,"votesTotalPercentChange":0.0,"votesTotal":48,"votesTotalPercent":6.6},"correspondingCompareElection":{"votesTotalChange":0,"votesTotalPercentChange":0.0,"seatChange":0,"votesTotal":48,"votesTotalPercent":6.6,"seatsTotal":0}},"seats":0,"electionDayVotesPercent":7.7,"nominatorAbbr":{"fi":"VAS","sv":"VF","en":"LEFT"}},{"advanceVotesPercent":3.5,"name":{"fi":"Suomen Kristillisdemokraatit (KD)","sv":"Kristdemokraterna i Finland (KD)","en":"Christian Democrats in Finland"},"advanceVotes":12,"npid":5,"totalVotes":24,"spid":8,"abbr":{"fi":"KD","sv":"KD","en":"CD"},"alid":4,"electionDayVotes":12,"pid":"9","totalVotesPercent":3.3,"nominatorName":{"fi":"Suomen Kristillisdemokraatit (KD)","sv":"Kristdemokraterna i Finland (KD)","en":"Christian Democrats in Finland"},"compareData":{"otherCompareElection":{"votesTotalChange":0,"votesTotalPercentChange":0.0,"votesTotal":24,"votesTotalPercent":3.3},"correspondingCompareElection":{"votesTotalChange":0,"votesTotalPercentChange":0.0,"seatChange":0,"votesTotal":24,"votesTotalPercent":3.3,"seatsTotal":0}},"seats":0,"electionDayVotesPercent":3.2,"nominatorAbbr":{"fi":"KD","sv":"KD","en":"CD"}}],"candidateResults":[{"age":61,"advanceVotesPercent":4.3,"lastname":"Kopra","occupation":"opettaja","advanceVotes":15,"npid":4,"totalVotes":48,"spid":1,"abbr":"KESK","municipalCouncilor":false,"muid":82,"alid":4,"firstname":"Seppo","electionDayVotes":33,"pid":"2","finalPosition":0,"electedInformation":"ELECTED","totalVotesPercent":6.6,"nominatorName":{"fi":"Suomen Keskusta","sv":"Centern i Finland","en":"Centre Party of Finland"},"caid":25,"position":0,"gender":"1","comparisonData":{"totalVotes":0,"votesTotalChange":48},"edid":6,"comparativeIndex":0.0,"electionDayVotesPercent":8.8,"nominatorAbbr":{"fi":"KESK","sv":"C","en":"CENT"}},{"age":53,"advanceVotesPercent":5.2,"lastname":"Lindeman","occupation":"taksikuski","advanceVotes":18,"npid":6,"totalVotes":42,"spid":4,"abbr":"SDP","municipalCouncilor":true,"muid":82,"alid":5,"firstname":"Aarre","electionDayVotes":24,"pid":"1","finalPosition":0,"electedInformation":"ELECTED","totalVotesPercent":5.8,"nominatorName":{"fi":"Suomen Sosialidemokraattinen Puolue","sv":"Finlands Socialdemokratiska Parti","en":"The Finnish Social Democratic Party"},"caid":59,"position":0,"gender":"1","comparisonData":{"totalVotes":228,"votesTotalChange":-186},"edid":6,"comparativeIndex":0.0,"electionDayVotesPercent":6.4,"nominatorAbbr":{"fi":"SDP","sv":"SDP","en":"SDP"}},{"age":69,"advanceVotesPercent":3.8,"lastname":"Pietilä","occupation":"maanviljelijä","advanceVotes":13,"npid":4,"totalVotes":28,"spid":1,"abbr":"KESK","municipalCouncilor":true,"muid":82,"alid":4,"firstname":"Pentti","electionDayVotes":15,"pid":"2","finalPosition":0,"electedInformation":"ELECTED","totalVotesPercent":3.9,"nominatorName":{"fi":"Suomen Keskusta","sv":"Centern i Finland","en":"Centre Party of Finland"},"caid":35,"position":0,"gender":"1","comparisonData":{"totalVotes":181,"votesTotalChange":-153},"edid":6,"comparativeIndex":0.0,"electionDayVotesPercent":4.0,"nominatorAbbr":{"fi":"KESK","sv":"C","en":"CENT"}},{"age":72,"advanceVotesPercent":4.6,"lastname":"Puotila","occupation":"agronomi","advanceVotes":16,"npid":7,"totalVotes":25,"spid":2,"abbr":"KOK","municipalCouncilor":true,"muid":82,"alid":6,"firstname":"Matti","electionDayVotes":9,"pid":"4","finalPosition":0,"electedInformation":"ELECTED","totalVotesPercent":3.5,"nominatorName":{"fi":"Kansallinen Kokoomus","sv":"Samlingspartiet","en":"National Coalition Party"},"caid":82,"position":0,"gender":"1","comparisonData":{"totalVotes":79,"votesTotalChange":-54},"edid":6,"comparativeIndex":0.0,"electionDayVotesPercent":2.4,"nominatorAbbr":{"fi":"KOK","sv":"Saml","en":"NCP"}},{"age":52,"advanceVotesPercent":3.5,"lastname":"Sarusto","occupation":"tarkastaja","advanceVotes":12,"npid":3,"totalVotes":24,"spid":3,"abbr":"PS","municipalCouncilor":true,"muid":82,"alid":3,"firstname":"Ari","electionDayVotes":12,"pid":"23","finalPosition":0,"electedInformation":"ELECTED","totalVotesPercent":3.3,"nominatorName":{"fi":"Perussuomalaiset","sv":"Sannfinländarna","en":"The Finns Party"},"caid":16,"position":0,"gender":"1","comparisonData":{"totalVotes":44,"votesTotalChange":-20},"edid":6,"comparativeIndex":0.0,"electionDayVotesPercent":3.2,"nominatorAbbr":{"fi":"PS","sv":"Sannf","en":"FINNS"}},{"age":49,"advanceVotesPercent":2.9,"lastname":"Monto","occupation":"DI","advanceVotes":10,"npid":1,"totalVotes":22,"spid":5,"abbr":"VIHR","municipalCouncilor":true,"muid":82,"alid":1,"firstname":"Mari","electionDayVotes":12,"pid":"13","finalPosition":0,"electedInformation":"ELECTED","totalVotesPercent":3.0,"nominatorName":{"fi":"Vihreä liitto","sv":"Gröna förbundet","en":"Green League"},"caid":3,"position":0,"gender":"2","comparisonData":{"totalVotes":75,"votesTotalChange":-53},"edid":6,"comparativeIndex":0.0,"electionDayVotesPercent":3.2,"nominatorAbbr":{"fi":"VIHR","sv":"Gröna","en":"GREEN"}},{"age":73,"advanceVotesPercent":3.8,"lastname":"Söderlund","occupation":"oikeustieteen tohtori, hallintotieteiden maisteri","advanceVotes":13,"npid":3,"totalVotes":22,"spid":3,"abbr":"PS","municipalCouncilor":true,"muid":82,"alid":3,"firstname":"Seppo","electionDayVotes":9,"pid":"23","finalPosition":0,"electedInformation":"ELECTED","totalVotesPercent":3.0,"nominatorName":{"fi":"Perussuomalaiset","sv":"Sannfinländarna","en":"The Finns Party"},"caid":17,"position":0,"gender":"1","comparisonData":{"totalVotes":79,"votesTotalChange":-57},"edid":6,"comparativeIndex":0.0,"electionDayVotesPercent":2.4,"nominatorAbbr":{"fi":"PS","sv":"Sannf","en":"FINNS"}},{"age":51,"advanceVotesPercent":2.6,"lastname":"Herranen","occupation":"yrittäjä","advanceVotes":9,"npid":7,"totalVotes":20,"spid":2,"abbr":"KOK","municipalCouncilor":false,"muid":82,"alid":6,"firstname":"Pete","electionDayVotes":11,"pid":"4","finalPosition":0,"electedInformation":"ELECTED","totalVotesPercent":2.8,"nominatorName":{"fi":"Kansallinen Kokoomus","sv":"Samlingspartiet","en":"National Coalition Party"},"caid":69,"position":0,"gender":"1","comparisonData":{"totalVotes":55,"votesTotalChange":-35},"edid":6,"comparativeIndex":0.0,"electionDayVotesPercent":2.9,"nominatorAbbr":{"fi":"KOK","sv":"Saml","en":"NCP"}},{"age":54,"advanceVotesPercent":1.7,"lastname":"Lokinperä","occupation":"kasvatustieteiden maisteri, apulaisjohtaja","advanceVotes":6,"npid":4,"totalVotes":19,"spid":1,"abbr":"KESK","municipalCouncilor":true,"muid":82,"alid":4,"firstname":"Pirkko","electionDayVotes":13,"pid":"2","finalPosition":0,"electedInformation":"ELECTED","totalVotesPercent":2.6,"nominatorName":{"fi":"Suomen Keskusta","sv":"Centern i Finland","en":"Centre Party of Finland"},"caid":30,"position":0,"gender":"2","comparisonData":{"totalVotes":52,"votesTotalChange":-33},"edid":6,"comparativeIndex":0.0,"electionDayVotesPercent":3.5,"nominatorAbbr":{"fi":"KESK","sv":"C","en":"CENT"}},{"age":61,"advanceVotesPercent":4.3,"lastname":"Mäenpää","occupation":"sairaanhoitaja","advanceVotes":15,"npid":6,"totalVotes":18,"spid":4,"abbr":"SDP","municipalCouncilor":true,"muid":82,"alid":5,"firstname":"Tuula","electionDayVotes":3,"pid":"1","finalPosition":0,"electedInformation":"ELECTED","totalVotesPercent":2.5,"nominatorName":{"fi":"Suomen Sosialidemokraattinen Puolue","sv":"Finlands Socialdemokratiska Parti","en":"The Finnish Social Democratic Party"},"caid":62,"position":0,"gender":"2","comparisonData":{"totalVotes":88,"votesTotalChange":-70},"edid":6,"comparativeIndex":0.0,"electionDayVotesPercent":0.8,"nominatorAbbr":{"fi":"SDP","sv":"SDP","en":"SDP"}},{"age":52,"advanceVotesPercent":2.3,"lastname":"Huhta","occupation":"puutarhuri","advanceVotes":8,"npid":7,"totalVotes":18,"spid":2,"abbr":"KOK","municipalCouncilor":false,"muid":82,"alid":6,"firstname":"Erkki","electionDayVotes":10,"pid":"4","finalPosition":0,"electedInformation":"ON_SUBSTITUTE_PLACE","totalVotesPercent":2.5,"nominatorName":{"fi":"Kansallinen Kokoomus","sv":"Samlingspartiet","en":"National Coalition Party"},"caid":71,"position":0,"gender":"1","comparisonData":{"totalVotes":0,"votesTotalChange":18},"edid":6,"comparativeIndex":0.0,"electionDayVotesPercent":2.7,"nominatorAbbr":{"fi":"KOK","sv":"Saml","en":"NCP"}},{"age":36,"advanceVotesPercent":1.7,"lastname":"Jokinen","occupation":"lähihoitaja","advanceVotes":6,"npid":2,"totalVotes":16,"spid":6,"abbr":"VAS","municipalCouncilor":false,"muid":82,"alid":2,"firstname":"Hanna","electionDayVotes":10,"pid":"15","finalPosition":0,"electedInformation":"ELECTED","totalVotesPercent":2.2,"nominatorName":{"fi":"Vasemmistoliitto","sv":"Vänsterförbundet","en":"The Left Alliance"},"caid":8,"position":0,"gender":"2","comparisonData":{"totalVotes":0,"votesTotalChange":16},"edid":6,"comparativeIndex":0.0,"electionDayVotesPercent":2.7,"nominatorAbbr":{"fi":"VAS","sv":"VF","en":"LEFT"}},{"age":50,"advanceVotesPercent":2.9,"lastname":"Ojala","occupation":"puutarhuri","advanceVotes":10,"npid":4,"totalVotes":16,"spid":1,"abbr":"KESK","municipalCouncilor":false,"muid":82,"alid":4,"firstname":"Sirkka-Liisa","electionDayVotes":6,"pid":"2","finalPosition":0,"electedInformation":"ON_SUBSTITUTE_PLACE","totalVotesPercent":2.2,"nominatorName":{"fi":"Suomen Keskusta","sv":"Centern i Finland","en":"Centre Party of Finland"},"caid":32,"position":0,"gender":"2","comparisonData":{"totalVotes":0,"votesTotalChange":16},"edid":6,"comparativeIndex":0.0,"electionDayVotesPercent":1.6,"nominatorAbbr":{"fi":"KESK","sv":"C","en":"CENT"}},{"age":36,"advanceVotesPercent":2.3,"lastname":"Viitanen","occupation":"ensihoitaja","advanceVotes":8,"npid":6,"totalVotes":15,"spid":4,"abbr":"SDP","municipalCouncilor":true,"muid":82,"alid":5,"firstname":"Ville","electionDayVotes":7,"pid":"1","finalPosition":0,"electedInformation":"ELECTED","totalVotesPercent":2.1,"nominatorName":{"fi":"Suomen Sosialidemokraattinen Puolue","sv":"Finlands Socialdemokratiska Parti","en":"The Finnish Social Democratic Party"},"caid":65,"position":0,"gender":"1","comparisonData":{"totalVotes":49,"votesTotalChange":-34},"edid":6,"comparativeIndex":0.0,"electionDayVotesPercent":1.9,"nominatorAbbr":{"fi":"SDP","sv":"SDP","en":"SDP"}},{"age":60,"advanceVotesPercent":2.3,"lastname":"Nordenswan","occupation":"rakennusarkkitehti","advanceVotes":8,"npid":4,"totalVotes":14,"spid":1,"abbr":"KESK","municipalCouncilor":true,"muid":82,"alid":4,"firstname":"Kaj","electionDayVotes":6,"pid":"2","finalPosition":0,"electedInformation":"ELECTED","totalVotesPercent":1.9,"nominatorName":{"fi":"Suomen Keskusta","sv":"Centern i Finland","en":"Centre Party of Finland"},"caid":31,"position":0,"gender":"1","comparisonData":{"totalVotes":107,"votesTotalChange":-93},"edid":6,"comparativeIndex":0.0,"electionDayVotesPercent":1.6,"nominatorAbbr":{"fi":"KESK","sv":"C","en":"CENT"}},{"age":45,"advanceVotesPercent":0.3,"lastname":"Kattelus","occupation":"yrittäjä","advanceVotes":1,"npid":7,"totalVotes":14,"spid":2,"abbr":"KOK","municipalCouncilor":true,"muid":82,"alid":6,"firstname":"Jiri","electionDayVotes":13,"pid":"4","finalPosition":0,"electedInformation":"ELECTED","totalVotesPercent":1.9,"nominatorName":{"fi":"Kansallinen Kokoomus","sv":"Samlingspartiet","en":"National Coalition Party"},"caid":75,"position":0,"gender":"1","comparisonData":{"totalVotes":59,"votesTotalChange":-45},"edid":6,"comparativeIndex":0.0,"electionDayVotesPercent":3.5,"nominatorAbbr":{"fi":"KOK","sv":"Saml","en":"NCP"}},{"age":70,"advanceVotesPercent":3.2,"lastname":"Hämäläinen","occupation":"yrittäjä","advanceVotes":11,"npid":6,"totalVotes":13,"spid":4,"abbr":"SDP","municipalCouncilor":true,"muid":82,"alid":5,"firstname":"Matti","electionDayVotes":2,"pid":"1","finalPosition":0,"electedInformation":"ELECTED","totalVotesPercent":1.8,"nominatorName":{"fi":"Suomen Sosialidemokraattinen Puolue","sv":"Finlands Socialdemokratiska Parti","en":"The Finnish Social Democratic Party"},"caid":54,"position":0,"gender":"1","comparisonData":{"totalVotes":51,"votesTotalChange":-38},"edid":6,"comparativeIndex":0.0,"electionDayVotesPercent":0.5,"nominatorAbbr":{"fi":"SDP","sv":"SDP","en":"SDP"}},{"age":45,"advanceVotesPercent":1.2,"lastname":"Laine","occupation":"kalusteasentaja","advanceVotes":4,"npid":6,"totalVotes":13,"spid":4,"abbr":"SDP","municipalCouncilor":true,"muid":82,"alid":5,"firstname":"Jussi","electionDayVotes":9,"pid":"1","finalPosition":0,"electedInformation":"ELECTED","totalVotesPercent":1.8,"nominatorName":{"fi":"Suomen Sosialidemokraattinen Puolue","sv":"Finlands Socialdemokratiska Parti","en":"The Finnish Social Democratic Party"},"caid":56,"position":0,"gender":"1","comparisonData":{"totalVotes":54,"votesTotalChange":-41},"edid":6,"comparativeIndex":0.0,"electionDayVotesPercent":2.4,"nominatorAbbr":{"fi":"SDP","sv":"SDP","en":"SDP"}},{"age":70,"advanceVotesPercent":2.0,"lastname":"Ventola","occupation":"MMM, konsultti","advanceVotes":7,"npid":7,"totalVotes":12,"spid":2,"abbr":"KOK","municipalCouncilor":true,"muid":82,"alid":6,"firstname":"Kari","electionDayVotes":5,"pid":"4","finalPosition":0,"electedInformation":"ELECTED","totalVotesPercent":1.7,"nominatorName":{"fi":"Kansallinen Kokoomus","sv":"Samlingspartiet","en":"National Coalition Party"},"caid":87,"position":0,"gender":"1","comparisonData":{"totalVotes":116,"votesTotalChange":-104},"edid":6,"comparativeIndex":0.0,"electionDayVotesPercent":1.3,"nominatorAbbr":{"fi":"KOK","sv":"Saml","en":"NCP"}},{"age":61,"advanceVotesPercent":2.3,"lastname":"Yli-Pirilä","occupation":"yrittäjä, psykoterapeutti","advanceVotes":8,"npid":7,"totalVotes":12,"spid":2,"abbr":"KOK","municipalCouncilor":true,"muid":82,"alid":6,"firstname":"Pia","electionDayVotes":4,"pid":"4","finalPosition":0,"electedInformation":"ELECTED","totalVotesPercent":1.7,"nominatorName":{"fi":"Kansallinen Kokoomus","sv":"Samlingspartiet","en":"National Coalition Party"},"caid":88,"position":0,"gender":"2","comparisonData":{"totalVotes":101,"votesTotalChange":-89},"edid":6,"comparativeIndex":0.0,"electionDayVotesPercent":1.1,"nominatorAbbr":{"fi":"KOK","sv":"Saml","en":"NCP"}},{"age":36,"advanceVotesPercent":1.4,"lastname":"Sabel","occupation":"diplomi-insinööri, mat. aineiden lehtori","advanceVotes":5,"npid":1,"totalVotes":11,"spid":5,"abbr":"VIHR","municipalCouncilor":false,"muid":82,"alid":1,"firstname":"Mikko","electionDayVotes":6,"pid":"13","finalPosition":0,"electedInformation":"ELECTED","totalVotesPercent":1.5,"nominatorName":{"fi":"Vihreä liitto","sv":"Gröna förbundet","en":"Green League"},"caid":5,"position":0,"gender":"1","comparisonData":{"totalVotes":0,"votesTotalChange":11},"edid":6,"comparativeIndex":0.0,"electionDayVotesPercent":1.6,"nominatorAbbr":{"fi":"VIHR","sv":"Gröna","en":"GREEN"}},{"age":57,"advanceVotesPercent":2.0,"lastname":"Koskinen","occupation":"puutarhuri","advanceVotes":7,"npid":2,"totalVotes":11,"spid":6,"abbr":"VAS","municipalCouncilor":false,"muid":82,"alid":2,"firstname":"Timo","electionDayVotes":4,"pid":"15","finalPosition":0,"electedInformation":"ON_SUBSTITUTE_PLACE","totalVotesPercent":1.5,"nominatorName":{"fi":"Vasemmistoliitto","sv":"Vänsterförbundet","en":"The Left Alliance"},"caid":10,"position":0,"gender":"1","comparisonData":{"totalVotes":50,"votesTotalChange":-39},"edid":6,"comparativeIndex":0.0,"electionDayVotesPercent":1.1,"nominatorAbbr":{"fi":"VAS","sv":"VF","en":"LEFT"}},{"age":60,"advanceVotesPercent":1.7,"lastname":"Suominen","occupation":"maatalousyrittäjä","advanceVotes":6,"npid":4,"totalVotes":11,"spid":1,"abbr":"KESK","municipalCouncilor":false,"muid":82,"alid":4,"firstname":"Jaakko","electionDayVotes":5,"pid":"2","finalPosition":0,"electedInformation":"ON_SUBSTITUTE_PLACE","totalVotesPercent":1.5,"nominatorName":{"fi":"Suomen Keskusta","sv":"Centern i Finland","en":"Centre Party of Finland"},"caid":40,"position":0,"gender":"1","comparisonData":{"totalVotes":21,"votesTotalChange":-10},"edid":6,"comparativeIndex":0.0,"electionDayVotesPercent":1.3,"nominatorAbbr":{"fi":"KESK","sv":"C","en":"CENT"}},{"age":53,"advanceVotesPercent":1.7,"lastname":"Joutsenlahti","occupation":"taideprojektipäällikkö, musiikin maisteri","advanceVotes":6,"npid":1,"totalVotes":10,"spid":5,"abbr":"VIHR","municipalCouncilor":false,"muid":82,"alid":1,"firstname":"Riitta-Liisa","electionDayVotes":4,"pid":"13","finalPosition":0,"electedInformation":"ON_SUBSTITUTE_PLACE","totalVotesPercent":1.4,"nominatorName":{"fi":"Vihreä liitto","sv":"Gröna förbundet","en":"Green League"},"caid":2,"position":0,"gender":"2","comparisonData":{"totalVotes":0,"votesTotalChange":10},"edid":6,"comparativeIndex":0.0,"electionDayVotesPercent":1.1,"nominatorAbbr":{"fi":"VIHR","sv":"Gröna","en":"GREEN"}},{"age":52,"advanceVotesPercent":0.9,"lastname":"Kauppi","occupation":"koulutussihteeri","advanceVotes":3,"npid":3,"totalVotes":10,"spid":3,"abbr":"PS","municipalCouncilor":false,"muid":82,"alid":3,"firstname":"Kirsi","electionDayVotes":7,"pid":"23","finalPosition":0,"electedInformation":"ON_SUBSTITUTE_PLACE","totalVotesPercent":1.4,"nominatorName":{"fi":"Perussuomalaiset","sv":"Sannfinländarna","en":"The Finns Party"},"caid":13,"position":0,"gender":"2","comparisonData":{"totalVotes":0,"votesTotalChange":10},"edid":6,"comparativeIndex":0.0,"electionDayVotesPercent":1.9,"nominatorAbbr":{"fi":"PS","sv":"Sannf","en":"FINNS"}},{"age":53,"advanceVotesPercent":2.0,"lastname":"Kujanpää","occupation":"toimistosihteeri","advanceVotes":7,"npid":4,"totalVotes":10,"spid":1,"abbr":"KESK","municipalCouncilor":false,"muid":82,"alid":4,"firstname":"Sari","electionDayVotes":3,"pid":"2","finalPosition":0,"electedInformation":"ON_SUBSTITUTE_PLACE","totalVotesPercent":1.4,"nominatorName":{"fi":"Suomen Keskusta","sv":"Centern i Finland","en":"Centre Party of Finland"},"caid":27,"position":0,"gender":"2","comparisonData":{"totalVotes":22,"votesTotalChange":-12},"edid":6,"comparativeIndex":0.0,"electionDayVotesPercent":0.8,"nominatorAbbr":{"fi":"KESK","sv":"C","en":"CENT"}},{"age":29,"advanceVotesPercent":0.9,"lastname":"Oikari","occupation":"luokanopettaja, kotiäiti","advanceVotes":3,"npid":5,"totalVotes":10,"spid":8,"abbr":"KD","municipalCouncilor":false,"muid":82,"alid":4,"firstname":"Elise","electionDayVotes":7,"pid":"9","finalPosition":0,"electedInformation":"ELECTED","totalVotesPercent":1.4,"nominatorName":{"fi":"Suomen Kristillisdemokraatit (KD)","sv":"Kristdemokraterna i Finland (KD)","en":"Christian Democrats in Finland"},"caid":50,"position":0,"gender":"2","comparisonData":{"totalVotes":0,"votesTotalChange":10},"edid":6,"comparativeIndex":0.0,"electionDayVotesPercent":1.9,"nominatorAbbr":{"fi":"KD","sv":"KD","en":"CD"}},{"age":43,"advanceVotesPercent":2.0,"lastname":"Hämäläinen","occupation":"työsuojeluvaltuutettu","advanceVotes":7,"npid":6,"totalVotes":10,"spid":4,"abbr":"SDP","municipalCouncilor":false,"muid":82,"alid":5,"firstname":"Antti","electionDayVotes":3,"pid":"1","finalPosition":0,"electedInformation":"ELECTED","totalVotesPercent":1.4,"nominatorName":{"fi":"Suomen Sosialidemokraattinen Puolue","sv":"Finlands Socialdemokratiska Parti","en":"The Finnish Social Democratic Party"},"caid":53,"position":0,"gender":"1","comparisonData":{"totalVotes":0,"votesTotalChange":10},"edid":6,"comparativeIndex":0.0,"electionDayVotesPercent":0.8,"nominatorAbbr":{"fi":"SDP","sv":"SDP","en":"SDP"}},{"age":63,"advanceVotesPercent":1.4,"lastname":"Hallenberg","occupation":"insinööri","advanceVotes":5,"npid":7,"totalVotes":10,"spid":2,"abbr":"KOK","municipalCouncilor":false,"muid":82,"alid":6,"firstname":"Reijo","electionDayVotes":5,"pid":"4","finalPosition":0,"electedInformation":"ELECTED","totalVotesPercent":1.4,"nominatorName":{"fi":"Kansallinen Kokoomus","sv":"Samlingspartiet","en":"National Coalition Party"},"caid":68,"position":0,"gender":"1","comparisonData":{"totalVotes":0,"votesTotalChange":10},"edid":6,"comparativeIndex":0.0,"electionDayVotesPercent":1.3,"nominatorAbbr":{"fi":"KOK","sv":"Saml","en":"NCP"}},{"age":56,"advanceVotesPercent":1.4,"lastname":"Lindstedt","occupation":"komisario","advanceVotes":5,"npid":7,"totalVotes":10,"spid":2,"abbr":"KOK","municipalCouncilor":false,"muid":82,"alid":6,"firstname":"Tarja","electionDayVotes":5,"pid":"4","finalPosition":0,"electedInformation":"ELECTED","totalVotesPercent":1.4,"nominatorName":{"fi":"Kansallinen Kokoomus","sv":"Samlingspartiet","en":"National Coalition Party"},"caid":77,"position":0,"gender":"2","comparisonData":{"totalVotes":0,"votesTotalChange":10},"edid":6,"comparativeIndex":0.0,"electionDayVotesPercent":1.3,"nominatorAbbr":{"fi":"KOK","sv":"Saml","en":"NCP"}},{"age":34,"advanceVotesPercent":0.9,"lastname":"Kautio","occupation":"valmennus- ja kehityspäällikkö","advanceVotes":3,"npid":2,"totalVotes":9,"spid":6,"abbr":"VAS","municipalCouncilor":false,"muid":82,"alid":2,"firstname":"Kimmo","electionDayVotes":6,"pid":"15","finalPosition":0,"electedInformation":"ON_SUBSTITUTE_PLACE","totalVotesPercent":1.2,"nominatorName":{"fi":"Vasemmistoliitto","sv":"Vänsterförbundet","en":"The Left Alliance"},"caid":9,"position":0,"gender":"1","comparisonData":{"totalVotes":19,"votesTotalChange":-10},"edid":6,"comparativeIndex":0.0,"electionDayVotesPercent":1.6,"nominatorAbbr":{"fi":"VAS","sv":"VF","en":"LEFT"}},{"age":33,"advanceVotesPercent":0.6,"lastname":"Nieminen","occupation":"opettaja, tutkijakoulutettava","advanceVotes":2,"npid":2,"totalVotes":9,"spid":6,"abbr":"VAS","municipalCouncilor":false,"muid":82,"alid":2,"firstname":"Tuomas","electionDayVotes":7,"pid":"15","finalPosition":0,"electedInformation":"ELECTED","totalVotesPercent":1.2,"nominatorName":{"fi":"Vasemmistoliitto","sv":"Vänsterförbundet","en":"The Left Alliance"},"caid":11,"position":0,"gender":"1","comparisonData":{"totalVotes":0,"votesTotalChange":9},"edid":6,"comparativeIndex":0.0,"electionDayVotesPercent":1.9,"nominatorAbbr":{"fi":"VAS","sv":"VF","en":"LEFT"}},{"age":45,"advanceVotesPercent":2.0,"lastname":"Salonen","occupation":"ohjaaja","advanceVotes":7,"npid":4,"totalVotes":8,"spid":1,"abbr":"KESK","municipalCouncilor":false,"muid":82,"alid":4,"firstname":"Juhani","electionDayVotes":1,"pid":"2","finalPosition":0,"electedInformation":"ON_SUBSTITUTE_PLACE","totalVotesPercent":1.1,"nominatorName":{"fi":"Suomen Keskusta","sv":"Centern i Finland","en":"Centre Party of Finland"},"caid":38,"position":0,"gender":"1","comparisonData":{"totalVotes":28,"votesTotalChange":-20},"edid":6,"comparativeIndex":0.0,"electionDayVotesPercent":0.3,"nominatorAbbr":{"fi":"KESK","sv":"C","en":"CENT"}},{"age":49,"advanceVotesPercent":1.7,"lastname":"Aitola","occupation":"sairaanhoitaja, palvelupäällikkö","advanceVotes":6,"npid":5,"totalVotes":8,"spid":8,"abbr":"KD","municipalCouncilor":false,"muid":82,"alid":4,"firstname":"Nina","electionDayVotes":2,"pid":"9","finalPosition":0,"electedInformation":"ELECTED","totalVotesPercent":1.1,"nominatorName":{"fi":"Suomen Kristillisdemokraatit (KD)","sv":"Kristdemokraterna i Finland (KD)","en":"Christian Democrats in Finland"},"caid":45,"position":0,"gender":"2","comparisonData":{"totalVotes":38,"votesTotalChange":-30},"edid":6,"comparativeIndex":0.0,"electionDayVotesPercent":0.5,"nominatorAbbr":{"fi":"KD","sv":"KD","en":"CD"}},{"age":47,"advanceVotesPercent":0.9,"lastname":"Holopainen","occupation":"supply chain manager","advanceVotes":3,"npid":7,"totalVotes":8,"spid":2,"abbr":"KOK","municipalCouncilor":false,"muid":82,"alid":6,"firstname":"Harri","electionDayVotes":5,"pid":"4","finalPosition":0,"electedInformation":"ON_SUBSTITUTE_PLACE","totalVotesPercent":1.1,"nominatorName":{"fi":"Kansallinen Kokoomus","sv":"Samlingspartiet","en":"National Coalition Party"},"caid":70,"position":0,"gender":"1","comparisonData":{"totalVotes":34,"votesTotalChange":-26},"edid":6,"comparativeIndex":0.0,"electionDayVotesPercent":1.3,"nominatorAbbr":{"fi":"KOK","sv":"Saml","en":"NCP"}},{"age":37,"advanceVotesPercent":0.6,"lastname":"Saarinen","occupation":"kotiäiti","advanceVotes":2,"npid":1,"totalVotes":7,"spid":5,"abbr":"VIHR","municipalCouncilor":false,"muid":82,"alid":1,"firstname":"Mirka","electionDayVotes":5,"pid":"13","finalPosition":0,"electedInformation":"ELECTED","totalVotesPercent":1.0,"nominatorName":{"fi":"Vihreä liitto","sv":"Gröna förbundet","en":"Green League"},"caid":4,"position":0,"gender":"2","comparisonData":{"totalVotes":0,"votesTotalChange":7},"edid":6,"comparativeIndex":0.0,"electionDayVotesPercent":1.3,"nominatorAbbr":{"fi":"VIHR","sv":"Gröna","en":"GREEN"}},{"age":39,"advanceVotesPercent":0.6,"lastname":"Salvisto","occupation":"maaseutuyrittäjä","advanceVotes":2,"npid":4,"totalVotes":7,"spid":1,"abbr":"KESK","municipalCouncilor":false,"muid":82,"alid":4,"firstname":"Teemu","electionDayVotes":5,"pid":"2","finalPosition":0,"electedInformation":"ELECTED","totalVotesPercent":1.0,"nominatorName":{"fi":"Suomen Keskusta","sv":"Centern i Finland","en":"Centre Party of Finland"},"caid":39,"position":0,"gender":"1","comparisonData":{"totalVotes":0,"votesTotalChange":7},"edid":6,"comparativeIndex":0.0,"electionDayVotesPercent":1.3,"nominatorAbbr":{"fi":"KESK","sv":"C","en":"CENT"}},{"age":55,"advanceVotesPercent":1.4,"lastname":"Sainio","occupation":"reskontranhoitaja","advanceVotes":5,"npid":6,"totalVotes":7,"spid":4,"abbr":"SDP","municipalCouncilor":false,"muid":82,"alid":5,"firstname":"Seija","electionDayVotes":2,"pid":"1","finalPosition":0,"electedInformation":"ON_SUBSTITUTE_PLACE","totalVotesPercent":1.0,"nominatorName":{"fi":"Suomen Sosialidemokraattinen Puolue","sv":"Finlands Socialdemokratiska Parti","en":"The Finnish Social Democratic Party"},"caid":64,"position":0,"gender":"2","comparisonData":{"totalVotes":3,"votesTotalChange":4},"edid":6,"comparativeIndex":0.0,"electionDayVotesPercent":0.5,"nominatorAbbr":{"fi":"SDP","sv":"SDP","en":"SDP"}},{"age":72,"advanceVotesPercent":1.2,"lastname":"Pänkäläinen","occupation":"merkonomi","advanceVotes":4,"npid":7,"totalVotes":7,"spid":2,"abbr":"KOK","municipalCouncilor":true,"muid":82,"alid":6,"firstname":"Erkki","electionDayVotes":3,"pid":"4","finalPosition":0,"electedInformation":"ELECTED","totalVotesPercent":1.0,"nominatorName":{"fi":"Kansallinen Kokoomus","sv":"Samlingspartiet","en":"National Coalition Party"},"caid":83,"position":0,"gender":"1","comparisonData":{"totalVotes":110,"votesTotalChange":-103},"edid":6,"comparativeIndex":0.0,"electionDayVotesPercent":0.8,"nominatorAbbr":{"fi":"KOK","sv":"Saml","en":"NCP"}},{"age":38,"advanceVotesPercent":1.2,"lastname":"Rantalainen","occupation":"sosionomi (amk), lastentarhanopettaja","advanceVotes":4,"npid":7,"totalVotes":7,"spid":2,"abbr":"KOK","municipalCouncilor":false,"muid":82,"alid":6,"firstname":"Elisa","electionDayVotes":3,"pid":"4","finalPosition":0,"electedInformation":"ON_SUBSTITUTE_PLACE","totalVotesPercent":1.0,"nominatorName":{"fi":"Kansallinen Kokoomus","sv":"Samlingspartiet","en":"National Coalition Party"},"caid":84,"position":0,"gender":"2","comparisonData":{"totalVotes":0,"votesTotalChange":7},"edid":6,"comparativeIndex":0.0,"electionDayVotesPercent":0.8,"nominatorAbbr":{"fi":"KOK","sv":"Saml","en":"NCP"}},{"age":53,"advanceVotesPercent":0.9,"lastname":"Laine","occupation":"yrittäjä","advanceVotes":3,"npid":3,"totalVotes":6,"spid":3,"abbr":"PS","municipalCouncilor":false,"muid":82,"alid":3,"firstname":"Jaana","electionDayVotes":3,"pid":"23","finalPosition":0,"electedInformation":"ON_SUBSTITUTE_PLACE","totalVotesPercent":0.8,"nominatorName":{"fi":"Perussuomalaiset","sv":"Sannfinländarna","en":"The Finns Party"},"caid":14,"position":0,"gender":"2","comparisonData":{"totalVotes":43,"votesTotalChange":-37},"edid":6,"comparativeIndex":0.0,"electionDayVotesPercent":0.8,"nominatorAbbr":{"fi":"PS","sv":"Sannf","en":"FINNS"}},{"age":46,"advanceVotesPercent":0.0,"lastname":"Laukkanen","occupation":"varaosamyyjä","advanceVotes":0,"npid":3,"totalVotes":6,"spid":3,"abbr":"PS","municipalCouncilor":false,"muid":82,"alid":3,"firstname":"Jari","electionDayVotes":6,"pid":"23","finalPosition":0,"electedInformation":"NOT_ELECTED","totalVotesPercent":0.8,"nominatorName":{"fi":"Perussuomalaiset","sv":"Sannfinländarna","en":"The Finns Party"},"caid":19,"position":0,"gender":"1","comparisonData":{"totalVotes":53,"votesTotalChange":-47},"edid":6,"comparativeIndex":0.0,"electionDayVotesPercent":1.6,"nominatorAbbr":{"fi":"PS","sv":"Sannf","en":"FINNS"}},{"age":21,"advanceVotesPercent":1.2,"lastname":"Hämäläinen","occupation":"tekniikan ylioppilas","advanceVotes":4,"npid":4,"totalVotes":6,"spid":1,"abbr":"KESK","municipalCouncilor":false,"muid":82,"alid":4,"firstname":"Lauri","electionDayVotes":2,"pid":"2","finalPosition":0,"electedInformation":"ON_SUBSTITUTE_PLACE","totalVotesPercent":0.8,"nominatorName":{"fi":"Suomen Keskusta","sv":"Centern i Finland","en":"Centre Party of Finland"},"caid":21,"position":0,"gender":"1","comparisonData":{"totalVotes":0,"votesTotalChange":6},"edid":6,"comparativeIndex":0.0,"electionDayVotesPercent":0.5,"nominatorAbbr":{"fi":"KESK","sv":"C","en":"CENT"}},{"age":49,"advanceVotesPercent":1.4,"lastname":"Höök","occupation":"rakennusalan yrittäjä","advanceVotes":5,"npid":4,"totalVotes":6,"spid":1,"abbr":"KESK","municipalCouncilor":false,"muid":82,"alid":4,"firstname":"Sari","electionDayVotes":1,"pid":"2","finalPosition":0,"electedInformation":"NOT_ELECTED","totalVotesPercent":0.8,"nominatorName":{"fi":"Suomen Keskusta","sv":"Centern i Finland","en":"Centre Party of Finland"},"caid":22,"position":0,"gender":"2","comparisonData":{"totalVotes":10,"votesTotalChange":-4},"edid":6,"comparativeIndex":0.0,"electionDayVotesPercent":0.3,"nominatorAbbr":{"fi":"KESK","sv":"C","en":"CENT"}},{"age":52,"advanceVotesPercent":0.6,"lastname":"Lehtoranta","occupation":"myymäläpäällikkö","advanceVotes":2,"npid":4,"totalVotes":6,"spid":1,"abbr":"KESK","municipalCouncilor":false,"muid":82,"alid":4,"firstname":"Jori","electionDayVotes":4,"pid":"2","finalPosition":0,"electedInformation":"NOT_ELECTED","totalVotesPercent":0.8,"nominatorName":{"fi":"Suomen Keskusta","sv":"Centern i Finland","en":"Centre Party of Finland"},"caid":29,"position":0,"gender":"1","comparisonData":{"totalVotes":0,"votesTotalChange":6},"edid":6,"comparativeIndex":0.0,"electionDayVotesPercent":1.1,"nominatorAbbr":{"fi":"KESK","sv":"C","en":"CENT"}},{"age":53,"advanceVotesPercent":1.4,"lastname":"Viitala","occupation":"sairaanhoitaja-diakonissa","advanceVotes":5,"npid":4,"totalVotes":6,"spid":1,"abbr":"KESK","municipalCouncilor":true,"muid":82,"alid":4,"firstname":"Ritva","electionDayVotes":1,"pid":"2","finalPosition":0,"electedInformation":"ELECTED","totalVotesPercent":0.8,"nominatorName":{"fi":"Suomen Keskusta","sv":"Centern i Finland","en":"Centre Party of Finland"},"caid":41,"position":0,"gender":"2","comparisonData":{"totalVotes":81,"votesTotalChange":-75},"edid":6,"comparativeIndex":0.0,"electionDayVotesPercent":0.3,"nominatorAbbr":{"fi":"KESK","sv":"C","en":"CENT"}},{"age":48,"advanceVotesPercent":0.6,"lastname":"Virtanen","occupation":"postityöntekijä","advanceVotes":2,"npid":4,"totalVotes":6,"spid":1,"abbr":"KESK","municipalCouncilor":true,"muid":82,"alid":4,"firstname":"Kari","electionDayVotes":4,"pid":"2","finalPosition":0,"electedInformation":"ON_SUBSTITUTE_PLACE","totalVotesPercent":0.8,"nominatorName":{"fi":"Suomen Keskusta","sv":"Centern i Finland","en":"Centre Party of Finland"},"caid":42,"position":0,"gender":"1","comparisonData":{"totalVotes":44,"votesTotalChange":-38},"edid":6,"comparativeIndex":0.0,"electionDayVotesPercent":1.1,"nominatorAbbr":{"fi":"KESK","sv":"C","en":"CENT"}},{"age":44,"advanceVotesPercent":0.3,"lastname":"Myllymäki","occupation":"yrittäjä","advanceVotes":1,"npid":6,"totalVotes":6,"spid":4,"abbr":"SDP","municipalCouncilor":true,"muid":82,"alid":5,"firstname":"Ville","electionDayVotes":5,"pid":"1","finalPosition":0,"electedInformation":"ON_SUBSTITUTE_PLACE","totalVotesPercent":0.8,"nominatorName":{"fi":"Suomen Sosialidemokraattinen Puolue","sv":"Finlands Socialdemokratiska Parti","en":"The Finnish Social Democratic Party"},"caid":61,"position":0,"gender":"1","comparisonData":{"totalVotes":65,"votesTotalChange":-59},"edid":6,"comparativeIndex":0.0,"electionDayVotesPercent":1.3,"nominatorAbbr":{"fi":"SDP","sv":"SDP","en":"SDP"}},{"age":28,"advanceVotesPercent":0.9,"lastname":"Dahlgrén","occupation":"hammaslaborantti","advanceVotes":3,"npid":7,"totalVotes":6,"spid":2,"abbr":"KOK","municipalCouncilor":false,"muid":82,"alid":6,"firstname":"Noora","electionDayVotes":3,"pid":"4","finalPosition":0,"electedInformation":"ON_SUBSTITUTE_PLACE","totalVotesPercent":0.8,"nominatorName":{"fi":"Kansallinen Kokoomus","sv":"Samlingspartiet","en":"National Coalition Party"},"caid":67,"position":0,"gender":"2","comparisonData":{"totalVotes":0,"votesTotalChange":6},"edid":6,"comparativeIndex":0.0,"electionDayVotesPercent":0.8,"nominatorAbbr":{"fi":"KOK","sv":"Saml","en":"NCP"}},{"age":38,"advanceVotesPercent":0.6,"lastname":"Rantsi","occupation":"johtava liikunnanohjaaja, liikunnanohjaaja (yamk)","advanceVotes":2,"npid":7,"totalVotes":6,"spid":2,"abbr":"KOK","municipalCouncilor":false,"muid":82,"alid":6,"firstname":"Markus","electionDayVotes":4,"pid":"4","finalPosition":0,"electedInformation":"ELECTED","totalVotesPercent":0.8,"nominatorName":{"fi":"Kansallinen Kokoomus","sv":"Samlingspartiet","en":"National Coalition Party"},"caid":85,"position":0,"gender":"1","comparisonData":{"totalVotes":30,"votesTotalChange":-24},"edid":6,"comparativeIndex":0.0,"electionDayVotesPercent":1.1,"nominatorAbbr":{"fi":"KOK","sv":"Saml","en":"NCP"}},{"age":60,"advanceVotesPercent":0.9,"lastname":"Koskinen","occupation":"eläkeläinen","advanceVotes":3,"npid":4,"totalVotes":5,"spid":1,"abbr":"KESK","municipalCouncilor":false,"muid":82,"alid":4,"firstname":"Yrjö","electionDayVotes":2,"pid":"2","finalPosition":0,"electedInformation":"NOT_ELECTED","totalVotesPercent":0.7,"nominatorName":{"fi":"Suomen Keskusta","sv":"Centern i Finland","en":"Centre Party of Finland"},"caid":26,"position":0,"gender":"1","comparisonData":{"totalVotes":14,"votesTotalChange":-9},"edid":6,"comparativeIndex":0.0,"electionDayVotesPercent":0.5,"nominatorAbbr":{"fi":"KESK","sv":"C","en":"CENT"}},{"age":46,"advanceVotesPercent":0.3,"lastname":"Vahlman","occupation":"lähihoitaja, mielenterveyshoitaja","advanceVotes":1,"npid":6,"totalVotes":5,"spid":4,"abbr":"SDP","municipalCouncilor":true,"muid":82,"alid":5,"firstname":"Mikko","electionDayVotes":4,"pid":"1","finalPosition":0,"electedInformation":"ELECTED","totalVotesPercent":0.7,"nominatorName":{"fi":"Suomen Sosialidemokraattinen Puolue","sv":"Finlands Socialdemokratiska Parti","en":"The Finnish Social Democratic Party"},"caid":66,"position":0,"gender":"1","comparisonData":{"totalVotes":83,"votesTotalChange":-78},"edid":6,"comparativeIndex":0.0,"electionDayVotesPercent":1.1,"nominatorAbbr":{"fi":"SDP","sv":"SDP","en":"SDP"}},{"age":53,"advanceVotesPercent":0.0,"lastname":"Kalliomäki","occupation":"toimitusjohtaja, manageri","advanceVotes":0,"npid":7,"totalVotes":5,"spid":2,"abbr":"KOK","municipalCouncilor":false,"muid":82,"alid":6,"firstname":"Ville","electionDayVotes":5,"pid":"4","finalPosition":0,"electedInformation":"ON_SUBSTITUTE_PLACE","totalVotesPercent":0.7,"nominatorName":{"fi":"Kansallinen Kokoomus","sv":"Samlingspartiet","en":"National Coalition Party"},"caid":72,"position":0,"gender":"1","comparisonData":{"totalVotes":0,"votesTotalChange":5},"edid":6,"comparativeIndex":0.0,"electionDayVotesPercent":1.3,"nominatorAbbr":{"fi":"KOK","sv":"Saml","en":"NCP"}},{"age":42,"advanceVotesPercent":0.3,"lastname":"Mikkola","occupation":"assistentti","advanceVotes":1,"npid":7,"totalVotes":5,"spid":2,"abbr":"KOK","municipalCouncilor":false,"muid":82,"alid":6,"firstname":"Tiina","electionDayVotes":4,"pid":"4","finalPosition":0,"electedInformation":"ON_SUBSTITUTE_PLACE","totalVotesPercent":0.7,"nominatorName":{"fi":"Kansallinen Kokoomus","sv":"Samlingspartiet","en":"National Coalition Party"},"caid":78,"position":0,"gender":"2","comparisonData":{"totalVotes":0,"votesTotalChange":5},"edid":6,"comparativeIndex":0.0,"electionDayVotesPercent":1.1,"nominatorAbbr":{"fi":"KOK","sv":"Saml","en":"NCP"}},{"age":35,"advanceVotesPercent":0.9,"lastname":"Järvenpää","occupation":"maatalousyrittäjä","advanceVotes":3,"npid":4,"totalVotes":4,"spid":1,"abbr":"KESK","municipalCouncilor":false,"muid":82,"alid":4,"firstname":"Antti","electionDayVotes":1,"pid":"2","finalPosition":0,"electedInformation":"ON_SUBSTITUTE_PLACE","totalVotesPercent":0.6,"nominatorName":{"fi":"Suomen Keskusta","sv":"Centern i Finland","en":"Centre Party of Finland"},"caid":23,"position":0,"gender":"1","comparisonData":{"totalVotes":12,"votesTotalChange":-8},"edid":6,"comparativeIndex":0.0,"electionDayVotesPercent":0.3,"nominatorAbbr":{"fi":"KESK","sv":"C","en":"CENT"}},{"age":38,"advanceVotesPercent":0.3,"lastname":"Mononen","occupation":"hitsari","advanceVotes":1,"npid":6,"totalVotes":4,"spid":4,"abbr":"SDP","municipalCouncilor":false,"muid":82,"alid":5,"firstname":"Petteri","electionDayVotes":3,"pid":"1","finalPosition":0,"electedInformation":"ON_SUBSTITUTE_PLACE","totalVotesPercent":0.6,"nominatorName":{"fi":"Suomen Sosialidemokraattinen Puolue","sv":"Finlands Socialdemokratiska Parti","en":"The Finnish Social Democratic Party"},"caid":60,"position":0,"gender":"1","comparisonData":{"totalVotes":14,"votesTotalChange":-10},"edid":6,"comparativeIndex":0.0,"electionDayVotesPercent":0.8,"nominatorAbbr":{"fi":"SDP","sv":"SDP","en":"SDP"}},{"age":20,"advanceVotesPercent":0.3,"lastname":"Laine","occupation":"liiketalouden opiskelija","advanceVotes":1,"npid":3,"totalVotes":3,"spid":3,"abbr":"PS","municipalCouncilor":false,"muid":82,"alid":3,"firstname":"Joni","electionDayVotes":2,"pid":"23","finalPosition":0,"electedInformation":"NOT_ELECTED","totalVotesPercent":0.4,"nominatorName":{"fi":"Perussuomalaiset","sv":"Sannfinländarna","en":"The Finns Party"},"caid":15,"position":0,"gender":"1","comparisonData":{"totalVotes":0,"votesTotalChange":3},"edid":6,"comparativeIndex":0.0,"electionDayVotesPercent":0.5,"nominatorAbbr":{"fi":"PS","sv":"Sannf","en":"FINNS"}},{"age":52,"advanceVotesPercent":0.6,"lastname":"Hyyrynen","occupation":"maanrakentaja","advanceVotes":2,"npid":4,"totalVotes":3,"spid":1,"abbr":"KESK","municipalCouncilor":false,"muid":82,"alid":4,"firstname":"Mikko","electionDayVotes":1,"pid":"2","finalPosition":0,"electedInformation":"ON_SUBSTITUTE_PLACE","totalVotesPercent":0.4,"nominatorName":{"fi":"Suomen Keskusta","sv":"Centern i Finland","en":"Centre Party of Finland"},"caid":20,"position":0,"gender":"1","comparisonData":{"totalVotes":0,"votesTotalChange":3},"edid":6,"comparativeIndex":0.0,"electionDayVotesPercent":0.3,"nominatorAbbr":{"fi":"KESK","sv":"C","en":"CENT"}},{"age":58,"advanceVotesPercent":0.3,"lastname":"Miettinen","occupation":"lehtori","advanceVotes":1,"npid":5,"totalVotes":3,"spid":8,"abbr":"KD","municipalCouncilor":true,"muid":82,"alid":4,"firstname":"Heimo","electionDayVotes":2,"pid":"9","finalPosition":0,"electedInformation":"ELECTED","totalVotesPercent":0.4,"nominatorName":{"fi":"Suomen Kristillisdemokraatit (KD)","sv":"Kristdemokraterna i Finland (KD)","en":"Christian Democrats in Finland"},"caid":49,"position":0,"gender":"1","comparisonData":{"totalVotes":46,"votesTotalChange":-43},"edid":6,"comparativeIndex":0.0,"electionDayVotesPercent":0.5,"nominatorAbbr":{"fi":"KD","sv":"KD","en":"CD"}},{"age":69,"advanceVotesPercent":0.6,"lastname":"Perkiö","occupation":"suurtalouden emäntä, eläkeläinen","advanceVotes":2,"npid":6,"totalVotes":3,"spid":4,"abbr":"SDP","municipalCouncilor":false,"muid":82,"alid":5,"firstname":"Marjatta","electionDayVotes":1,"pid":"1","finalPosition":0,"electedInformation":"ELECTED","totalVotesPercent":0.4,"nominatorName":{"fi":"Suomen Sosialidemokraattinen Puolue","sv":"Finlands Socialdemokratiska Parti","en":"The Finnish Social Democratic Party"},"caid":63,"position":0,"gender":"2","comparisonData":{"totalVotes":34,"votesTotalChange":-31},"edid":6,"comparativeIndex":0.0,"electionDayVotesPercent":0.3,"nominatorAbbr":{"fi":"SDP","sv":"SDP","en":"SDP"}},{"age":64,"advanceVotesPercent":0.3,"lastname":"Kaskela","occupation":"markkinointipäällikkö, sotilasmestari evp","advanceVotes":1,"npid":7,"totalVotes":3,"spid":2,"abbr":"KOK","municipalCouncilor":true,"muid":82,"alid":6,"firstname":"Hannu","electionDayVotes":2,"pid":"4","finalPosition":0,"electedInformation":"ON_SUBSTITUTE_PLACE","totalVotesPercent":0.4,"nominatorName":{"fi":"Kansallinen Kokoomus","sv":"Samlingspartiet","en":"National Coalition Party"},"caid":74,"position":0,"gender":"1","comparisonData":{"totalVotes":46,"votesTotalChange":-43},"edid":6,"comparativeIndex":0.0,"electionDayVotesPercent":0.5,"nominatorAbbr":{"fi":"KOK","sv":"Saml","en":"NCP"}},{"age":53,"advanceVotesPercent":0.9,"lastname":"Lammia","occupation":"koneasentaja","advanceVotes":3,"npid":7,"totalVotes":3,"spid":2,"abbr":"KOK","municipalCouncilor":false,"muid":82,"alid":6,"firstname":"Kari","electionDayVotes":0,"pid":"4","finalPosition":0,"electedInformation":"NOT_ELECTED","totalVotesPercent":0.4,"nominatorName":{"fi":"Kansallinen Kokoomus","sv":"Samlingspartiet","en":"National Coalition Party"},"caid":76,"position":0,"gender":"1","comparisonData":{"totalVotes":17,"votesTotalChange":-14},"edid":6,"comparativeIndex":0.0,"electionDayVotesPercent":0.0,"nominatorAbbr":{"fi":"KOK","sv":"Saml","en":"NCP"}},{"age":42,"advanceVotesPercent":0.0,"lastname":"Ojala","occupation":"järjestösihteeri","advanceVotes":0,"npid":7,"totalVotes":3,"spid":2,"abbr":"KOK","municipalCouncilor":false,"muid":82,"alid":6,"firstname":"Pia","electionDayVotes":3,"pid":"4","finalPosition":0,"electedInformation":"ON_SUBSTITUTE_PLACE","totalVotesPercent":0.4,"nominatorName":{"fi":"Kansallinen Kokoomus","sv":"Samlingspartiet","en":"National Coalition Party"},"caid":80,"position":0,"gender":"2","comparisonData":{"totalVotes":0,"votesTotalChange":3},"edid":6,"comparativeIndex":0.0,"electionDayVotesPercent":0.8,"nominatorAbbr":{"fi":"KOK","sv":"Saml","en":"NCP"}},{"age":61,"advanceVotesPercent":0.0,"lastname":"Hurme","occupation":"vapaaehtoistyöntekijä","advanceVotes":0,"npid":2,"totalVotes":2,"spid":6,"abbr":"VAS","municipalCouncilor":false,"muid":82,"alid":2,"firstname":"Arja","electionDayVotes":2,"pid":"15","finalPosition":0,"electedInformation":"NOT_ELECTED","totalVotesPercent":0.3,"nominatorName":{"fi":"Vasemmistoliitto","sv":"Vänsterförbundet","en":"The Left Alliance"},"caid":6,"position":0,"gender":"2","comparisonData":{"totalVotes":42,"votesTotalChange":-40},"edid":6,"comparativeIndex":0.0,"electionDayVotesPercent":0.5,"nominatorAbbr":{"fi":"VAS","sv":"VF","en":"LEFT"}},{"age":27,"advanceVotesPercent":0.0,"lastname":"Inna","occupation":"johtaja","advanceVotes":0,"npid":3,"totalVotes":2,"spid":3,"abbr":"PS","municipalCouncilor":false,"muid":82,"alid":3,"firstname":"Robert","electionDayVotes":2,"pid":"23","finalPosition":0,"electedInformation":"NOT_ELECTED","totalVotesPercent":0.3,"nominatorName":{"fi":"Perussuomalaiset","sv":"Sannfinländarna","en":"The Finns Party"},"caid":12,"position":0,"gender":"1","comparisonData":{"totalVotes":0,"votesTotalChange":2},"edid":6,"comparativeIndex":0.0,"electionDayVotesPercent":0.5,"nominatorAbbr":{"fi":"PS","sv":"Sannf","en":"FINNS"}},{"age":68,"advanceVotesPercent":0.6,"lastname":"Laine","occupation":"toimittaja","advanceVotes":2,"npid":4,"totalVotes":2,"spid":1,"abbr":"KESK","municipalCouncilor":false,"muid":82,"alid":4,"firstname":"Pekka","electionDayVotes":0,"pid":"2","finalPosition":0,"electedInformation":"NOT_ELECTED","totalVotesPercent":0.3,"nominatorName":{"fi":"Suomen Keskusta","sv":"Centern i Finland","en":"Centre Party of Finland"},"caid":28,"position":0,"gender":"1","comparisonData":{"totalVotes":23,"votesTotalChange":-21},"edid":6,"comparativeIndex":0.0,"electionDayVotesPercent":0.0,"nominatorAbbr":{"fi":"KESK","sv":"C","en":"CENT"}},{"age":72,"advanceVotesPercent":0.6,"lastname":"Heporauta","occupation":"nuorisotyönohjaaja, eläkeläinen","advanceVotes":2,"npid":5,"totalVotes":2,"spid":8,"abbr":"KD","municipalCouncilor":false,"muid":82,"alid":4,"firstname":"Jatta","electionDayVotes":0,"pid":"9","finalPosition":0,"electedInformation":"NOT_ELECTED","totalVotesPercent":0.3,"nominatorName":{"fi":"Suomen Kristillisdemokraatit (KD)","sv":"Kristdemokraterna i Finland (KD)","en":"Christian Democrats in Finland"},"caid":46,"position":0,"gender":"2","comparisonData":{"totalVotes":0,"votesTotalChange":2},"edid":6,"comparativeIndex":0.0,"electionDayVotesPercent":0.0,"nominatorAbbr":{"fi":"KD","sv":"KD","en":"CD"}},{"age":36,"advanceVotesPercent":0.0,"lastname":"Leino","occupation":"koneistaja","advanceVotes":0,"npid":6,"totalVotes":2,"spid":4,"abbr":"SDP","municipalCouncilor":false,"muid":82,"alid":5,"firstname":"Tapio","electionDayVotes":2,"pid":"1","finalPosition":0,"electedInformation":"ON_SUBSTITUTE_PLACE","totalVotesPercent":0.3,"nominatorName":{"fi":"Suomen Sosialidemokraattinen Puolue","sv":"Finlands Socialdemokratiska Parti","en":"The Finnish Social Democratic Party"},"caid":57,"position":0,"gender":"1","comparisonData":{"totalVotes":17,"votesTotalChange":-15},"edid":6,"comparativeIndex":0.0,"electionDayVotesPercent":0.5,"nominatorAbbr":{"fi":"SDP","sv":"SDP","en":"SDP"}},{"age":60,"advanceVotesPercent":0.6,"lastname":"Nykänen","occupation":"kasvatustieteen lisenssiaatti, kouluttaja","advanceVotes":2,"npid":7,"totalVotes":2,"spid":2,"abbr":"KOK","municipalCouncilor":false,"muid":82,"alid":6,"firstname":"Arto","electionDayVotes":0,"pid":"4","finalPosition":0,"electedInformation":"ON_SUBSTITUTE_PLACE","totalVotesPercent":0.3,"nominatorName":{"fi":"Kansallinen Kokoomus","sv":"Samlingspartiet","en":"National Coalition Party"},"caid":79,"position":0,"gender":"1","comparisonData":{"totalVotes":0,"votesTotalChange":2},"edid":6,"comparativeIndex":0.0,"electionDayVotesPercent":0.0,"nominatorAbbr":{"fi":"KOK","sv":"Saml","en":"NCP"}},{"age":71,"advanceVotesPercent":0.3,"lastname":"Hänninen","occupation":"työkaluvalmistaja, eläkeläinen","advanceVotes":1,"npid":2,"totalVotes":1,"spid":6,"abbr":"VAS","municipalCouncilor":false,"muid":82,"alid":2,"firstname":"Kauko","electionDayVotes":0,"pid":"15","finalPosition":0,"electedInformation":"NOT_ELECTED","totalVotesPercent":0.1,"nominatorName":{"fi":"Vasemmistoliitto","sv":"Vänsterförbundet","en":"The Left Alliance"},"caid":7,"position":0,"gender":"1","comparisonData":{"totalVotes":13,"votesTotalChange":-12},"edid":6,"comparativeIndex":0.0,"electionDayVotesPercent":0.0,"nominatorAbbr":{"fi":"VAS","sv":"VF","en":"LEFT"}},{"age":68,"advanceVotesPercent":0.0,"lastname":"Järvinen","occupation":"lähihoitaja, eläkeläinen","advanceVotes":0,"npid":4,"totalVotes":1,"spid":1,"abbr":"KESK","municipalCouncilor":false,"muid":82,"alid":4,"firstname":"Niina","electionDayVotes":1,"pid":"2","finalPosition":0,"electedInformation":"NOT_ELECTED","totalVotesPercent":0.1,"nominatorName":{"fi":"Suomen Keskusta","sv":"Centern i Finland","en":"Centre Party of Finland"},"caid":24,"position":0,"gender":"2","comparisonData":{"totalVotes":16,"votesTotalChange":-15},"edid":6,"comparativeIndex":0.0,"electionDayVotesPercent":0.3,"nominatorAbbr":{"fi":"KESK","sv":"C","en":"CENT"}},{"age":69,"advanceVotesPercent":0.0,"lastname":"Passila","occupation":"toimitusjohtaja","advanceVotes":0,"npid":4,"totalVotes":1,"spid":1,"abbr":"KESK","municipalCouncilor":false,"muid":82,"alid":4,"firstname":"Aulis","electionDayVotes":1,"pid":"2","finalPosition":0,"electedInformation":"NOT_ELECTED","totalVotesPercent":0.1,"nominatorName":{"fi":"Suomen Keskusta","sv":"Centern i Finland","en":"Centre Party of Finland"},"caid":34,"position":0,"gender":"1","comparisonData":{"totalVotes":12,"votesTotalChange":-11},"edid":6,"comparativeIndex":0.0,"electionDayVotesPercent":0.3,"nominatorAbbr":{"fi":"KESK","sv":"C","en":"CENT"}},{"age":70,"advanceVotesPercent":0.3,"lastname":"Ylinen","occupation":"maanviljelijä, eläkeläinen","advanceVotes":1,"npid":4,"totalVotes":1,"spid":1,"abbr":"KESK","municipalCouncilor":false,"muid":82,"alid":4,"firstname":"Heikki","electionDayVotes":0,"pid":"2","finalPosition":0,"electedInformation":"NOT_ELECTED","totalVotesPercent":0.1,"nominatorName":{"fi":"Suomen Keskusta","sv":"Centern i Finland","en":"Centre Party of Finland"},"caid":43,"position":0,"gender":"1","comparisonData":{"totalVotes":6,"votesTotalChange":-5},"edid":6,"comparativeIndex":0.0,"electionDayVotesPercent":0.0,"nominatorAbbr":{"fi":"KESK","sv":"C","en":"CENT"}},{"age":61,"advanceVotesPercent":0.3,"lastname":"Yrjölä","occupation":"yo-merkonomi","advanceVotes":1,"npid":4,"totalVotes":1,"spid":1,"abbr":"KESK","municipalCouncilor":false,"muid":82,"alid":4,"firstname":"Erkki","electionDayVotes":0,"pid":"2","finalPosition":0,"electedInformation":"NOT_ELECTED","totalVotesPercent":0.1,"nominatorName":{"fi":"Suomen Keskusta","sv":"Centern i Finland","en":"Centre Party of Finland"},"caid":44,"position":0,"gender":"1","comparisonData":{"totalVotes":0,"votesTotalChange":1},"edid":6,"comparativeIndex":0.0,"electionDayVotesPercent":0.0,"nominatorAbbr":{"fi":"KESK","sv":"C","en":"CENT"}},{"age":36,"advanceVotesPercent":0.0,"lastname":"Sassali","occupation":"muusikko","advanceVotes":0,"npid":5,"totalVotes":1,"spid":8,"abbr":"KD","municipalCouncilor":false,"muid":82,"alid":4,"firstname":"Matias","electionDayVotes":1,"pid":"9","finalPosition":0,"electedInformation":"NOT_ELECTED","totalVotesPercent":0.1,"nominatorName":{"fi":"Suomen Kristillisdemokraatit (KD)","sv":"Kristdemokraterna i Finland (KD)","en":"Christian Democrats in Finland"},"caid":51,"position":0,"gender":"1","comparisonData":{"totalVotes":0,"votesTotalChange":1},"edid":6,"comparativeIndex":0.0,"electionDayVotesPercent":0.3,"nominatorAbbr":{"fi":"KD","sv":"KD","en":"CD"}},{"age":49,"advanceVotesPercent":0.0,"lastname":"Kolehmainen","occupation":"meijeristi, elintarviketyöteknikko","advanceVotes":0,"npid":6,"totalVotes":1,"spid":4,"abbr":"SDP","municipalCouncilor":false,"muid":82,"alid":5,"firstname":"Jukka","electionDayVotes":1,"pid":"1","finalPosition":0,"electedInformation":"ON_SUBSTITUTE_PLACE","totalVotesPercent":0.1,"nominatorName":{"fi":"Suomen Sosialidemokraattinen Puolue","sv":"Finlands Socialdemokratiska Parti","en":"The Finnish Social Democratic Party"},"caid":55,"position":0,"gender":"1","comparisonData":{"totalVotes":7,"votesTotalChange":-6},"edid":6,"comparativeIndex":0.0,"electionDayVotesPercent":0.3,"nominatorAbbr":{"fi":"SDP","sv":"SDP","en":"SDP"}},{"age":42,"advanceVotesPercent":0.3,"lastname":"Lilja","occupation":"yrittäjä","advanceVotes":1,"npid":6,"totalVotes":1,"spid":4,"abbr":"SDP","municipalCouncilor":false,"muid":82,"alid":5,"firstname":"Lasse","electionDayVotes":0,"pid":"1","finalPosition":0,"electedInformation":"ELECTED","totalVotesPercent":0.1,"nominatorName":{"fi":"Suomen Sosialidemokraattinen Puolue","sv":"Finlands Socialdemokratiska Parti","en":"The Finnish Social Democratic Party"},"caid":58,"position":0,"gender":"1","comparisonData":{"totalVotes":38,"votesTotalChange":-37},"edid":6,"comparativeIndex":0.0,"electionDayVotesPercent":0.0,"nominatorAbbr":{"fi":"SDP","sv":"SDP","en":"SDP"}},{"age":34,"advanceVotesPercent":0.0,"lastname":"Kamppinen","occupation":"diplomi-insinööri, project engineer","advanceVotes":0,"npid":7,"totalVotes":1,"spid":2,"abbr":"KOK","municipalCouncilor":false,"muid":82,"alid":6,"firstname":"Kari","electionDayVotes":1,"pid":"4","finalPosition":0,"electedInformation":"ON_SUBSTITUTE_PLACE","totalVotesPercent":0.1,"nominatorName":{"fi":"Kansallinen Kokoomus","sv":"Samlingspartiet","en":"National Coalition Party"},"caid":73,"position":0,"gender":"1","comparisonData":{"totalVotes":11,"votesTotalChange":-10},"edid":6,"comparativeIndex":0.0,"electionDayVotesPercent":0.3,"nominatorAbbr":{"fi":"KOK","sv":"Saml","en":"NCP"}},{"age":44,"advanceVotesPercent":0.0,"lastname":"Pelkonen","occupation":"RIAMK, MTI","advanceVotes":0,"npid":7,"totalVotes":1,"spid":2,"abbr":"KOK","municipalCouncilor":false,"muid":82,"alid":6,"firstname":"Matti","electionDayVotes":1,"pid":"4","finalPosition":0,"electedInformation":"ELECTED","totalVotesPercent":0.1,"nominatorName":{"fi":"Kansallinen Kokoomus","sv":"Samlingspartiet","en":"National Coalition Party"},"caid":81,"position":0,"gender":"1","comparisonData":{"totalVotes":36,"votesTotalChange":-35},"edid":6,"comparativeIndex":0.0,"electionDayVotesPercent":0.3,"nominatorAbbr":{"fi":"KOK","sv":"Saml","en":"NCP"}},{"age":79,"advanceVotesPercent":0.0,"lastname":"Pitkänen","occupation":"eläkeläinen","advanceVotes":0,"npid":3,"totalVotes":0,"spid":3,"abbr":"PS","municipalCouncilor":false,"muid":82,"alid":3,"firstname":"Pentti","electionDayVotes":0,"pid":"23","finalPosition":0,"electedInformation":"NOT_ELECTED","totalVotesPercent":0.0,"nominatorName":{"fi":"Perussuomalaiset","sv":"Sannfinländarna","en":"The Finns Party"},"caid":18,"position":0,"gender":"1","comparisonData":{"totalVotes":24,"votesTotalChange":-24},"edid":6,"comparativeIndex":0.0,"electionDayVotesPercent":0.0,"nominatorAbbr":{"fi":"PS","sv":"Sannf","en":"FINNS"}},{"age":57,"advanceVotesPercent":0.0,"lastname":"Ollikainen","occupation":"projektipäällikkö, rakennusmestari","advanceVotes":0,"npid":4,"totalVotes":0,"spid":1,"abbr":"KESK","municipalCouncilor":false,"muid":82,"alid":4,"firstname":"Arto","electionDayVotes":0,"pid":"2","finalPosition":0,"electedInformation":"ON_SUBSTITUTE_PLACE","totalVotesPercent":0.0,"nominatorName":{"fi":"Suomen Keskusta","sv":"Centern i Finland","en":"Centre Party of Finland"},"caid":33,"position":0,"gender":"1","comparisonData":{"totalVotes":16,"votesTotalChange":-16},"edid":6,"comparativeIndex":0.0,"electionDayVotesPercent":0.0,"nominatorAbbr":{"fi":"KESK","sv":"C","en":"CENT"}},{"age":43,"advanceVotesPercent":0.0,"lastname":"Rajala","occupation":"isännöitsijä","advanceVotes":0,"npid":4,"totalVotes":0,"spid":1,"abbr":"KESK","municipalCouncilor":false,"muid":82,"alid":4,"firstname":"Satu","electionDayVotes":0,"pid":"2","finalPosition":0,"electedInformation":"NOT_ELECTED","totalVotesPercent":0.0,"nominatorName":{"fi":"Suomen Keskusta","sv":"Centern i Finland","en":"Centre Party of Finland"},"caid":36,"position":0,"gender":"2","comparisonData":{"totalVotes":0,"votesTotalChange":0},"edid":6,"comparativeIndex":0.0,"electionDayVotesPercent":0.0,"nominatorAbbr":{"fi":"KESK","sv":"C","en":"CENT"}},{"age":71,"advanceVotesPercent":0.0,"lastname":"Rautanen","occupation":"filosofian maisteri","advanceVotes":0,"npid":4,"totalVotes":0,"spid":1,"abbr":"KESK","municipalCouncilor":false,"muid":82,"alid":4,"firstname":"Sini","electionDayVotes":0,"pid":"2","finalPosition":0,"electedInformation":"NOT_ELECTED","totalVotesPercent":0.0,"nominatorName":{"fi":"Suomen Keskusta","sv":"Centern i Finland","en":"Centre Party of Finland"},"caid":37,"position":0,"gender":"2","comparisonData":{"totalVotes":6,"votesTotalChange":-6},"edid":6,"comparativeIndex":0.0,"electionDayVotesPercent":0.0,"nominatorAbbr":{"fi":"KESK","sv":"C","en":"CENT"}},{"age":36,"advanceVotesPercent":0.0,"lastname":"Kinnunen","occupation":"maanmittausinsinööri, DI","advanceVotes":0,"npid":5,"totalVotes":0,"spid":8,"abbr":"KD","municipalCouncilor":false,"muid":82,"alid":4,"firstname":"Janne-Ville","electionDayVotes":0,"pid":"9","finalPosition":0,"electedInformation":"NOT_ELECTED","totalVotesPercent":0.0,"nominatorName":{"fi":"Suomen Kristillisdemokraatit (KD)","sv":"Kristdemokraterna i Finland (KD)","en":"Christian Democrats in Finland"},"caid":47,"position":0,"gender":"1","comparisonData":{"totalVotes":9,"votesTotalChange":-9},"edid":6,"comparativeIndex":0.0,"electionDayVotesPercent":0.0,"nominatorAbbr":{"fi":"KD","sv":"KD","en":"CD"}},{"age":47,"advanceVotesPercent":0.0,"lastname":"Koponen","occupation":"opistoupseeri, yliluutnantti","advanceVotes":0,"npid":5,"totalVotes":0,"spid":8,"abbr":"KD","municipalCouncilor":false,"muid":82,"alid":4,"firstname":"Timo","electionDayVotes":0,"pid":"9","finalPosition":0,"electedInformation":"NOT_ELECTED","totalVotesPercent":0.0,"nominatorName":{"fi":"Suomen Kristillisdemokraatit (KD)","sv":"Kristdemokraterna i Finland (KD)","en":"Christian Democrats in Finland"},"caid":48,"position":0,"gender":"1","comparisonData":{"totalVotes":0,"votesTotalChange":0},"edid":6,"comparativeIndex":0.0,"electionDayVotesPercent":0.0,"nominatorAbbr":{"fi":"KD","sv":"KD","en":"CD"}},{"age":37,"advanceVotesPercent":0.0,"lastname":"Uusikylä","occupation":"lähihoitaja, sairaanhoitajaopiskelija","advanceVotes":0,"npid":5,"totalVotes":0,"spid":8,"abbr":"KD","municipalCouncilor":false,"muid":82,"alid":4,"firstname":"Sissi","electionDayVotes":0,"pid":"9","finalPosition":0,"electedInformation":"NOT_ELECTED","totalVotesPercent":0.0,"nominatorName":{"fi":"Suomen Kristillisdemokraatit (KD)","sv":"Kristdemokraterna i Finland (KD)","en":"Christian Democrats in Finland"},"caid":52,"position":0,"gender":"2","comparisonData":{"totalVotes":0,"votesTotalChange":0},"edid":6,"comparativeIndex":0.0,"electionDayVotesPercent":0.0,"nominatorAbbr":{"fi":"KD","sv":"KD","en":"CD"}},{"age":31,"advanceVotesPercent":0.0,"lastname":"Sillanpää","occupation":"sähköasentaja","advanceVotes":0,"npid":7,"totalVotes":0,"spid":2,"abbr":"KOK","municipalCouncilor":false,"muid":82,"alid":6,"firstname":"Jonne","electionDayVotes":0,"pid":"4","finalPosition":0,"electedInformation":"NOT_ELECTED","totalVotesPercent":0.0,"nominatorName":{"fi":"Kansallinen Kokoomus","sv":"Samlingspartiet","en":"National Coalition Party"},"caid":86,"position":0,"gender":"1","comparisonData":{"totalVotes":0,"votesTotalChange":0},"edid":6,"comparativeIndex":0.0,"electionDayVotesPercent":0.0,"nominatorAbbr":{"fi":"KOK","sv":"Saml","en":"NCP"}}],"municipalityPollingDistricts":[{"name":{"fi":"Nihattula","sv":"Nihattula"},"calculationStatusPercent":100.0,"joinedArea":false,"muid":82,"totalVotingInFinlandTurnout":58.8,"identification":"001","pdid":"001","eligibleVotersInFinlandTotal":1251,"edid":6,"mergedToPdid":""},{"name":{"fi":"Hurttala","sv":"Hurttala"},"calculationStatusPercent":100.0,"joinedArea":false,"muid":82,"totalVotingInFinlandTurnout":59.5,"identification":"002","pdid":"002","eligibleVotersInFinlandTotal":1863,"edid":6,"mergedToPdid":""},{"name":{"fi":"Parola","sv":"Parola"},"calculationStatusPercent":100.0,"joinedArea":false,"muid":82,"totalVotingInFinlandTurnout":61.1,"identification":"003","pdid":"003","eligibleVotersInFinlandTotal":2178,"edid":6,"mergedToPdid":""},{"name":{"fi":"Rahkoila","sv":"Rahkoila"},"calculationStatusPercent":100.0,"joinedArea":false,"muid":82,"totalVotingInFinlandTurnout":63.8,"identification":"004","pdid":"004","eligibleVotersInFinlandTotal":2232,"edid":6,"mergedToPdid":""}],"municipality":{"muid":82,"edid":6,"name":{"fi":"Hattula","sv":"Hattula"}}}