{"version":70,"created":"2017-04-09T22:37:53.122Z","electionDetails":{"electionId":"kv2017","electionDate":"2017-04-09T00:00:00.000Z","electionDataPublishTime":"2017-04-09T17:00:00.000Z","name":{"fi":"Kuntavaalit 2017","sv":"Kommunalval 2017","en":"Elections 2017"},"previousElections":{"correspondingCompareElection":{"electionId":"kv2012","electionDate":"2012-10-28T00:00:00.000Z","name":{"fi":"Kuntavaalit 2012","en":"Municipal elections 2012","sv":"Kommunalval 2012"}},"otherCompareElection":{"electionId":"ev2015","electionDate":"2015-04-19T00:00:00.000Z","name":{"fi":"Eduskuntavaalit 2015","en":"Parliamentary election 2015","sv":"Riksdagsval 2015"}}}},"calculationStatus":{"electionDayVotingTurnout":30.9,"invalidAdvanceVotes":13,"calculationPhase":"INITIAL","invalidElectionDayVotes":7,"approvedAdvanceVotes":1330,"advanceVotingTurnout":31.0,"totalVotingTurnoutAbroad":0.0,"name":{"fi":"Kirkonkylä","sv":"Kirkonkylä"},"calculationStatusPercent":100.0,"advanceVotes":1343,"electionDayVotingTurnoutAbroad":0.0,"approvedTotalVotes":2663,"totalVotes":2683,"muid":425,"totalVotingInFinlandTurnout":61.9,"advanceVotingTurnoutAbroad":0.0,"invalidTotalVotes":20,"totalVotingTurnout":61.9,"electionDayVotes":1340,"electionDayVotesInFinland":1340,"pdid":"001","totalVotesInFinlandMen":0,"eligibleVotersInFinlandTotal":4336,"calculationStatusPercentElectionDayVotes":100.0,"sourceRecordModificationTime":"20170409214140","otherCompareElection":{"eid":"","eligibleVotersInFinlandTotal":0,"advanceVotingInFinlandTurnout":0.0,"electionDayVotingInFinlandTurnout":0.0,"totalVotingInFinlandTurnout":0.0,"approvedVotesTotal":0,"invalidVotesTotal":0},"correspondingCompareElection":{"eid":"","eligibleVotersInFinlandTotal":0,"advanceVotingInFinlandTurnout":0.0,"electionDayVotingInFinlandTurnout":0.0,"totalVotingInFinlandTurnout":0.0,"approvedVotesTotal":0,"invalidVotesTotal":0,"seats":0},"approvedElectionDayVotes":1333,"edid":12,"calculationStatusPercentAdvanceVotes":100.0,"electionDayVotingInFinlandTurnout":30.9,"seats":0,"eligibleVotersTotal":4336,"advanceVotesInFinland":1343,"advanceVotingInFinlandTurnout":31.0,"totalVotesInFinland":2683},"partyResults":[{"advanceVotesPercent":53.9,"name":{"fi":"Suomen Keskusta","sv":"Centern i Finland","en":"Centre Party of Finland"},"advanceVotes":717,"npid":4,"totalVotes":1396,"spid":1,"abbr":{"fi":"KESK","sv":"C","en":"CENT"},"alid":4,"electionDayVotes":679,"pid":"2","totalVotesPercent":52.4,"nominatorName":{"fi":"Suomen Keskusta","sv":"Centern i Finland","en":"Centre Party of Finland"},"compareData":{"otherCompareElection":{"votesTotalChange":0,"votesTotalPercentChange":0.0,"votesTotal":1396,"votesTotalPercent":52.4},"correspondingCompareElection":{"votesTotalChange":0,"votesTotalPercentChange":0.0,"seatChange":0,"votesTotal":1396,"votesTotalPercent":52.4,"seatsTotal":0}},"seats":0,"electionDayVotesPercent":50.9,"nominatorAbbr":{"fi":"KESK","sv":"C","en":"CENT"}},{"advanceVotesPercent":11.9,"name":{"fi":"Vasemmistoliitto","sv":"Vänsterförbundet","en":"The Left Alliance"},"advanceVotes":158,"npid":5,"totalVotes":285,"spid":6,"abbr":{"fi":"VAS","sv":"VF","en":"LEFT"},"alid":5,"electionDayVotes":127,"pid":"15","totalVotesPercent":10.7,"nominatorName":{"fi":"Vasemmistoliitto","sv":"Vänsterförbundet","en":"The Left Alliance"},"compareData":{"otherCompareElection":{"votesTotalChange":0,"votesTotalPercentChange":0.0,"votesTotal":285,"votesTotalPercent":10.7},"correspondingCompareElection":{"votesTotalChange":0,"votesTotalPercentChange":0.0,"seatChange":0,"votesTotal":285,"votesTotalPercent":10.7,"seatsTotal":0}},"seats":0,"electionDayVotesPercent":9.5,"nominatorAbbr":{"fi":"VAS","sv":"VF","en":"LEFT"}},{"advanceVotesPercent":8.9,"name":{"fi":"Perussuomalaiset","sv":"Sannfinländarna","en":"The Finns Party"},"advanceVotes":118,"npid":3,"totalVotes":281,"spid":3,"abbr":{"fi":"PS","sv":"Sannf","en":"FINNS"},"alid":3,"electionDayVotes":163,"pid":"23","totalVotesPercent":10.6,"nominatorName":{"fi":"Perussuomalaiset","sv":"Sannfinländarna","en":"The Finns Party"},"compareData":{"otherCompareElection":{"votesTotalChange":0,"votesTotalPercentChange":0.0,"votesTotal":281,"votesTotalPercent":10.6},"correspondingCompareElection":{"votesTotalChange":0,"votesTotalPercentChange":0.0,"seatChange":0,"votesTotal":281,"votesTotalPercent":10.6,"seatsTotal":0}},"seats":0,"electionDayVotesPercent":12.2,"nominatorAbbr":{"fi":"PS","sv":"Sannf","en":"FINNS"}},{"advanceVotesPercent":7.7,"name":{"fi":"Kansallinen Kokoomus","sv":"Samlingspartiet","en":"National Coalition Party"},"advanceVotes":103,"npid":7,"totalVotes":226,"spid":2,"abbr":{"fi":"KOK","sv":"Saml","en":"NCP"},"alid":6,"electionDayVotes":123,"pid":"4","totalVotesPercent":8.5,"nominatorName":{"fi":"Kansallinen Kokoomus","sv":"Samlingspartiet","en":"National Coalition Party"},"compareData":{"otherCompareElection":{"votesTotalChange":0,"votesTotalPercentChange":0.0,"votesTotal":226,"votesTotalPercent":8.5},"correspondingCompareElection":{"votesTotalChange":0,"votesTotalPercentChange":0.0,"seatChange":0,"votesTotal":226,"votesTotalPercent":8.5,"seatsTotal":0}},"seats":0,"electionDayVotesPercent":9.2,"nominatorAbbr":{"fi":"KOK","sv":"Saml","en":"NCP"}},{"advanceVotesPercent":8.9,"name":{"fi":"Suomen Sosialidemokraattinen Puolue","sv":"Finlands Socialdemokratiska Parti","en":"The Finnish Social Democratic Party"},"advanceVotes":119,"npid":2,"totalVotes":225,"spid":4,"abbr":{"fi":"SDP","sv":"SDP","en":"SDP"},"alid":2,"electionDayVotes":106,"pid":"1","totalVotesPercent":8.4,"nominatorName":{"fi":"Suomen Sosialidemokraattinen Puolue","sv":"Finlands Socialdemokratiska Parti","en":"The Finnish Social Democratic Party"},"compareData":{"otherCompareElection":{"votesTotalChange":0,"votesTotalPercentChange":0.0,"votesTotal":225,"votesTotalPercent":8.4},"correspondingCompareElection":{"votesTotalChange":0,"votesTotalPercentChange":0.0,"seatChange":0,"votesTotal":225,"votesTotalPercent":8.4,"seatsTotal":0}},"seats":0,"electionDayVotesPercent":8.0,"nominatorAbbr":{"fi":"SDP","sv":"SDP","en":"SDP"}},{"advanceVotesPercent":6.5,"name":{"fi":"Vihreä liitto","sv":"Gröna förbundet","en":"Green League"},"advanceVotes":87,"npid":1,"totalVotes":198,"spid":5,"abbr":{"fi":"VIHR","sv":"Gröna","en":"GREEN"},"alid":1,"electionDayVotes":111,"pid":"13","totalVotesPercent":7.4,"nominatorName":{"fi":"Vihreä liitto","sv":"Gröna förbundet","en":"Green League"},"compareData":{"otherCompareElection":{"votesTotalChange":0,"votesTotalPercentChange":0.0,"votesTotal":198,"votesTotalPercent":7.4},"correspondingCompareElection":{"votesTotalChange":0,"votesTotalPercentChange":0.0,"seatChange":0,"votesTotal":198,"votesTotalPercent":7.4,"seatsTotal":0}},"seats":0,"electionDayVotesPercent":8.3,"nominatorAbbr":{"fi":"VIHR","sv":"Gröna","en":"GREEN"}},{"advanceVotesPercent":2.1,"name":{"fi":"Suomen Kristillisdemokraatit (KD)","sv":"Kristdemokraterna i Finland (KD)","en":"Christian Democrats in Finland"},"advanceVotes":28,"npid":6,"totalVotes":52,"spid":8,"abbr":{"fi":"KD","sv":"KD","en":"CD"},"alid":6,"electionDayVotes":24,"pid":"9","totalVotesPercent":2.0,"nominatorName":{"fi":"Suomen Kristillisdemokraatit (KD)","sv":"Kristdemokraterna i Finland (KD)","en":"Christian Democrats in Finland"},"compareData":{"otherCompareElection":{"votesTotalChange":0,"votesTotalPercentChange":0.0,"votesTotal":52,"votesTotalPercent":2.0},"correspondingCompareElection":{"votesTotalChange":0,"votesTotalPercentChange":0.0,"seatChange":0,"votesTotal":52,"votesTotalPercent":2.0,"seatsTotal":0}},"seats":0,"electionDayVotesPercent":1.8,"nominatorAbbr":{"fi":"KD","sv":"KD","en":"CD"}}],"candidateResults":[{"age":30,"advanceVotesPercent":5.9,"lastname":"Tahkola","occupation":"luokanopettaja, opinto-ohjaaja","advanceVotes":79,"npid":4,"totalVotes":202,"spid":1,"abbr":"KESK","municipalCouncilor":false,"muid":425,"alid":4,"firstname":"Antti","electionDayVotes":123,"pid":"2","finalPosition":0,"electedInformation":"ELECTED","totalVotesPercent":7.6,"nominatorName":{"fi":"Suomen Keskusta","sv":"Centern i Finland","en":"Centre Party of Finland"},"caid":44,"position":0,"gender":"1","comparisonData":{"totalVotes":0,"votesTotalChange":202},"edid":12,"comparativeIndex":0.0,"electionDayVotesPercent":9.2,"nominatorAbbr":{"fi":"KESK","sv":"C","en":"CENT"}},{"age":36,"advanceVotesPercent":3.2,"lastname":"Okkonen","occupation":"myyntipäällikkö","advanceVotes":43,"npid":3,"totalVotes":108,"spid":3,"abbr":"PS","municipalCouncilor":false,"muid":425,"alid":3,"firstname":"Tuomas","electionDayVotes":65,"pid":"23","finalPosition":0,"electedInformation":"ELECTED","totalVotesPercent":4.1,"nominatorName":{"fi":"Perussuomalaiset","sv":"Sannfinländarna","en":"The Finns Party"},"caid":18,"position":0,"gender":"1","comparisonData":{"totalVotes":37,"votesTotalChange":71},"edid":12,"comparativeIndex":0.0,"electionDayVotesPercent":4.9,"nominatorAbbr":{"fi":"PS","sv":"Sannf","en":"FINNS"}},{"age":60,"advanceVotesPercent":5.3,"lastname":"Kylmänen","occupation":"lääkäri, palvelupäällikkö","advanceVotes":71,"npid":4,"totalVotes":101,"spid":1,"abbr":"KESK","municipalCouncilor":true,"muid":425,"alid":4,"firstname":"Liisa","electionDayVotes":30,"pid":"2","finalPosition":0,"electedInformation":"ELECTED","totalVotesPercent":3.8,"nominatorName":{"fi":"Suomen Keskusta","sv":"Centern i Finland","en":"Centre Party of Finland"},"caid":33,"position":0,"gender":"2","comparisonData":{"totalVotes":92,"votesTotalChange":9},"edid":12,"comparativeIndex":0.0,"electionDayVotesPercent":2.3,"nominatorAbbr":{"fi":"KESK","sv":"C","en":"CENT"}},{"age":47,"advanceVotesPercent":3.5,"lastname":"Laukkanen","occupation":"yrittäjä","advanceVotes":47,"npid":3,"totalVotes":99,"spid":3,"abbr":"PS","municipalCouncilor":true,"muid":425,"alid":3,"firstname":"Asko","electionDayVotes":52,"pid":"23","finalPosition":0,"electedInformation":"ELECTED","totalVotesPercent":3.7,"nominatorName":{"fi":"Perussuomalaiset","sv":"Sannfinländarna","en":"The Finns Party"},"caid":17,"position":0,"gender":"1","comparisonData":{"totalVotes":207,"votesTotalChange":-108},"edid":12,"comparativeIndex":0.0,"electionDayVotesPercent":3.9,"nominatorAbbr":{"fi":"PS","sv":"Sannf","en":"FINNS"}},{"age":40,"advanceVotesPercent":2.6,"lastname":"Pakaslahti","occupation":"maanviljelijä, liikuntatieteiden maisteri","advanceVotes":35,"npid":4,"totalVotes":97,"spid":1,"abbr":"KESK","municipalCouncilor":true,"muid":425,"alid":4,"firstname":"Juho","electionDayVotes":62,"pid":"2","finalPosition":0,"electedInformation":"ELECTED","totalVotesPercent":3.6,"nominatorName":{"fi":"Suomen Keskusta","sv":"Centern i Finland","en":"Centre Party of Finland"},"caid":41,"position":0,"gender":"1","comparisonData":{"totalVotes":52,"votesTotalChange":45},"edid":12,"comparativeIndex":0.0,"electionDayVotesPercent":4.7,"nominatorAbbr":{"fi":"KESK","sv":"C","en":"CENT"}},{"age":71,"advanceVotesPercent":3.8,"lastname":"Lipsonen","occupation":"emeritus talousjohtaja","advanceVotes":50,"npid":4,"totalVotes":71,"spid":1,"abbr":"KESK","municipalCouncilor":true,"muid":425,"alid":4,"firstname":"Terho","electionDayVotes":21,"pid":"2","finalPosition":0,"electedInformation":"ELECTED","totalVotesPercent":2.7,"nominatorName":{"fi":"Suomen Keskusta","sv":"Centern i Finland","en":"Centre Party of Finland"},"caid":36,"position":0,"gender":"1","comparisonData":{"totalVotes":64,"votesTotalChange":7},"edid":12,"comparativeIndex":0.0,"electionDayVotesPercent":1.6,"nominatorAbbr":{"fi":"KESK","sv":"C","en":"CENT"}},{"age":39,"advanceVotesPercent":2.4,"lastname":"Ylikulju","occupation":"ylikonstaapeli","advanceVotes":32,"npid":4,"totalVotes":70,"spid":1,"abbr":"KESK","municipalCouncilor":false,"muid":425,"alid":4,"firstname":"Sauli","electionDayVotes":38,"pid":"2","finalPosition":0,"electedInformation":"ELECTED","totalVotesPercent":2.6,"nominatorName":{"fi":"Suomen Keskusta","sv":"Centern i Finland","en":"Centre Party of Finland"},"caid":50,"position":0,"gender":"1","comparisonData":{"totalVotes":0,"votesTotalChange":70},"edid":12,"comparativeIndex":0.0,"electionDayVotesPercent":2.9,"nominatorAbbr":{"fi":"KESK","sv":"C","en":"CENT"}},{"age":42,"advanceVotesPercent":2.7,"lastname":"Haataja","occupation":"toimistonhoitaja, työsuojeluvaltuutettu","advanceVotes":36,"npid":5,"totalVotes":70,"spid":6,"abbr":"VAS","municipalCouncilor":false,"muid":425,"alid":5,"firstname":"Heidi","electionDayVotes":34,"pid":"15","finalPosition":0,"electedInformation":"ELECTED","totalVotesPercent":2.6,"nominatorName":{"fi":"Vasemmistoliitto","sv":"Vänsterförbundet","en":"The Left Alliance"},"caid":53,"position":0,"gender":"2","comparisonData":{"totalVotes":0,"votesTotalChange":70},"edid":12,"comparativeIndex":0.0,"electionDayVotesPercent":2.6,"nominatorAbbr":{"fi":"VAS","sv":"VF","en":"LEFT"}},{"age":41,"advanceVotesPercent":2.2,"lastname":"Nissinen","occupation":"erityisluokanopettaja","advanceVotes":29,"npid":7,"totalVotes":67,"spid":2,"abbr":"KOK","municipalCouncilor":false,"muid":425,"alid":6,"firstname":"Mikko","electionDayVotes":38,"pid":"4","finalPosition":0,"electedInformation":"ELECTED","totalVotesPercent":2.5,"nominatorName":{"fi":"Kansallinen Kokoomus","sv":"Samlingspartiet","en":"National Coalition Party"},"caid":64,"position":0,"gender":"1","comparisonData":{"totalVotes":42,"votesTotalChange":25},"edid":12,"comparativeIndex":0.0,"electionDayVotesPercent":2.9,"nominatorAbbr":{"fi":"KOK","sv":"Saml","en":"NCP"}},{"age":40,"advanceVotesPercent":2.3,"lastname":"Tissari","occupation":"insinööri AMK","advanceVotes":30,"npid":4,"totalVotes":65,"spid":1,"abbr":"KESK","municipalCouncilor":true,"muid":425,"alid":4,"firstname":"Sami","electionDayVotes":35,"pid":"2","finalPosition":0,"electedInformation":"ELECTED","totalVotesPercent":2.4,"nominatorName":{"fi":"Suomen Keskusta","sv":"Centern i Finland","en":"Centre Party of Finland"},"caid":45,"position":0,"gender":"1","comparisonData":{"totalVotes":62,"votesTotalChange":3},"edid":12,"comparativeIndex":0.0,"electionDayVotesPercent":2.6,"nominatorAbbr":{"fi":"KESK","sv":"C","en":"CENT"}},{"age":59,"advanceVotesPercent":3.0,"lastname":"Ylönen","occupation":"yrittäjä","advanceVotes":40,"npid":4,"totalVotes":62,"spid":1,"abbr":"KESK","municipalCouncilor":true,"muid":425,"alid":4,"firstname":"Kari","electionDayVotes":22,"pid":"2","finalPosition":0,"electedInformation":"ELECTED","totalVotesPercent":2.3,"nominatorName":{"fi":"Suomen Keskusta","sv":"Centern i Finland","en":"Centre Party of Finland"},"caid":51,"position":0,"gender":"1","comparisonData":{"totalVotes":67,"votesTotalChange":-5},"edid":12,"comparativeIndex":0.0,"electionDayVotesPercent":1.7,"nominatorAbbr":{"fi":"KESK","sv":"C","en":"CENT"}},{"age":65,"advanceVotesPercent":2.9,"lastname":"Laurikkala","occupation":"yrittäjä","advanceVotes":39,"npid":4,"totalVotes":60,"spid":1,"abbr":"KESK","municipalCouncilor":true,"muid":425,"alid":4,"firstname":"Paula","electionDayVotes":21,"pid":"2","finalPosition":0,"electedInformation":"ELECTED","totalVotesPercent":2.3,"nominatorName":{"fi":"Suomen Keskusta","sv":"Centern i Finland","en":"Centre Party of Finland"},"caid":34,"position":0,"gender":"2","comparisonData":{"totalVotes":74,"votesTotalChange":-14},"edid":12,"comparativeIndex":0.0,"electionDayVotesPercent":1.6,"nominatorAbbr":{"fi":"KESK","sv":"C","en":"CENT"}},{"age":51,"advanceVotesPercent":1.5,"lastname":"Nevala","occupation":"asiakaspäällikkö, optikko","advanceVotes":20,"npid":4,"totalVotes":57,"spid":1,"abbr":"KESK","municipalCouncilor":true,"muid":425,"alid":4,"firstname":"Kalevi","electionDayVotes":37,"pid":"2","finalPosition":0,"electedInformation":"ELECTED","totalVotesPercent":2.1,"nominatorName":{"fi":"Suomen Keskusta","sv":"Centern i Finland","en":"Centre Party of Finland"},"caid":38,"position":0,"gender":"1","comparisonData":{"totalVotes":87,"votesTotalChange":-30},"edid":12,"comparativeIndex":0.0,"electionDayVotesPercent":2.8,"nominatorAbbr":{"fi":"KESK","sv":"C","en":"CENT"}},{"age":47,"advanceVotesPercent":2.2,"lastname":"Viljas","occupation":"sairaanhoitaja","advanceVotes":29,"npid":4,"totalVotes":57,"spid":1,"abbr":"KESK","municipalCouncilor":true,"muid":425,"alid":4,"firstname":"Mari","electionDayVotes":28,"pid":"2","finalPosition":0,"electedInformation":"ELECTED","totalVotesPercent":2.1,"nominatorName":{"fi":"Suomen Keskusta","sv":"Centern i Finland","en":"Centre Party of Finland"},"caid":47,"position":0,"gender":"2","comparisonData":{"totalVotes":84,"votesTotalChange":-27},"edid":12,"comparativeIndex":0.0,"electionDayVotesPercent":2.1,"nominatorAbbr":{"fi":"KESK","sv":"C","en":"CENT"}},{"age":55,"advanceVotesPercent":2.6,"lastname":"Koskela","occupation":"maatalousyrittäjä","advanceVotes":34,"npid":4,"totalVotes":54,"spid":1,"abbr":"KESK","municipalCouncilor":false,"muid":425,"alid":4,"firstname":"Tapio","electionDayVotes":20,"pid":"2","finalPosition":0,"electedInformation":"ELECTED","totalVotesPercent":2.0,"nominatorName":{"fi":"Suomen Keskusta","sv":"Centern i Finland","en":"Centre Party of Finland"},"caid":31,"position":0,"gender":"1","comparisonData":{"totalVotes":0,"votesTotalChange":54},"edid":12,"comparativeIndex":0.0,"electionDayVotesPercent":1.5,"nominatorAbbr":{"fi":"KESK","sv":"C","en":"CENT"}},{"age":37,"advanceVotesPercent":1.6,"lastname":"Ruotsalainen","occupation":"t&k-johtaja","advanceVotes":21,"npid":7,"totalVotes":54,"spid":2,"abbr":"KOK","municipalCouncilor":false,"muid":425,"alid":6,"firstname":"Kristian","electionDayVotes":33,"pid":"4","finalPosition":0,"electedInformation":"ELECTED","totalVotesPercent":2.0,"nominatorName":{"fi":"Kansallinen Kokoomus","sv":"Samlingspartiet","en":"National Coalition Party"},"caid":68,"position":0,"gender":"1","comparisonData":{"totalVotes":0,"votesTotalChange":54},"edid":12,"comparativeIndex":0.0,"electionDayVotesPercent":2.5,"nominatorAbbr":{"fi":"KOK","sv":"Saml","en":"NCP"}},{"age":46,"advanceVotesPercent":1.8,"lastname":"Heikkinen","occupation":"FM, lehtori","advanceVotes":24,"npid":1,"totalVotes":53,"spid":5,"abbr":"VIHR","municipalCouncilor":true,"muid":425,"alid":1,"firstname":"Marjo","electionDayVotes":29,"pid":"13","finalPosition":0,"electedInformation":"ELECTED","totalVotesPercent":2.0,"nominatorName":{"fi":"Vihreä liitto","sv":"Gröna förbundet","en":"Green League"},"caid":2,"position":0,"gender":"2","comparisonData":{"totalVotes":63,"votesTotalChange":-10},"edid":12,"comparativeIndex":0.0,"electionDayVotesPercent":2.2,"nominatorAbbr":{"fi":"VIHR","sv":"Gröna","en":"GREEN"}},{"age":64,"advanceVotesPercent":2.2,"lastname":"Porkka","occupation":"ryhmäavustaja, luottamusmies","advanceVotes":29,"npid":5,"totalVotes":53,"spid":6,"abbr":"VAS","municipalCouncilor":true,"muid":425,"alid":5,"firstname":"Arja","electionDayVotes":24,"pid":"15","finalPosition":0,"electedInformation":"ELECTED","totalVotesPercent":2.0,"nominatorName":{"fi":"Vasemmistoliitto","sv":"Vänsterförbundet","en":"The Left Alliance"},"caid":60,"position":0,"gender":"2","comparisonData":{"totalVotes":34,"votesTotalChange":19},"edid":12,"comparativeIndex":0.0,"electionDayVotesPercent":1.8,"nominatorAbbr":{"fi":"VAS","sv":"VF","en":"LEFT"}},{"age":43,"advanceVotesPercent":2.1,"lastname":"Martinmäki","occupation":"insinööri","advanceVotes":28,"npid":6,"totalVotes":52,"spid":8,"abbr":"KD","municipalCouncilor":false,"muid":425,"alid":6,"firstname":"Mika","electionDayVotes":24,"pid":"9","finalPosition":0,"electedInformation":"ELECTED","totalVotesPercent":2.0,"nominatorName":{"fi":"Suomen Kristillisdemokraatit (KD)","sv":"Kristdemokraterna i Finland (KD)","en":"Christian Democrats in Finland"},"caid":62,"position":0,"gender":"1","comparisonData":{"totalVotes":0,"votesTotalChange":52},"edid":12,"comparativeIndex":0.0,"electionDayVotesPercent":1.8,"nominatorAbbr":{"fi":"KD","sv":"KD","en":"CD"}},{"age":51,"advanceVotesPercent":1.6,"lastname":"Ahola","occupation":"maaseutuyrittäjä","advanceVotes":21,"npid":4,"totalVotes":51,"spid":1,"abbr":"KESK","municipalCouncilor":false,"muid":425,"alid":4,"firstname":"Jarmo","electionDayVotes":30,"pid":"2","finalPosition":0,"electedInformation":"ELECTED","totalVotesPercent":1.9,"nominatorName":{"fi":"Suomen Keskusta","sv":"Centern i Finland","en":"Centre Party of Finland"},"caid":23,"position":0,"gender":"1","comparisonData":{"totalVotes":0,"votesTotalChange":51},"edid":12,"comparativeIndex":0.0,"electionDayVotesPercent":2.3,"nominatorAbbr":{"fi":"KESK","sv":"C","en":"CENT"}},{"age":44,"advanceVotesPercent":2.0,"lastname":"Inkeroinen","occupation":"paloesimies","advanceVotes":27,"npid":2,"totalVotes":50,"spid":4,"abbr":"SDP","municipalCouncilor":true,"muid":425,"alid":2,"firstname":"Pasi","electionDayVotes":23,"pid":"1","finalPosition":0,"electedInformation":"ELECTED","totalVotesPercent":1.9,"nominatorName":{"fi":"Suomen Sosialidemokraattinen Puolue","sv":"Finlands Socialdemokratiska Parti","en":"The Finnish Social Democratic Party"},"caid":7,"position":0,"gender":"1","comparisonData":{"totalVotes":42,"votesTotalChange":8},"edid":12,"comparativeIndex":0.0,"electionDayVotesPercent":1.7,"nominatorAbbr":{"fi":"SDP","sv":"SDP","en":"SDP"}},{"age":39,"advanceVotesPercent":1.4,"lastname":"Viinamäki","occupation":"asiakirjahallinnon asiantuntija","advanceVotes":18,"npid":2,"totalVotes":50,"spid":4,"abbr":"SDP","municipalCouncilor":false,"muid":425,"alid":2,"firstname":"Mari","electionDayVotes":32,"pid":"1","finalPosition":0,"electedInformation":"ELECTED","totalVotesPercent":1.9,"nominatorName":{"fi":"Suomen Sosialidemokraattinen Puolue","sv":"Finlands Socialdemokratiska Parti","en":"The Finnish Social Democratic Party"},"caid":15,"position":0,"gender":"2","comparisonData":{"totalVotes":0,"votesTotalChange":50},"edid":12,"comparativeIndex":0.0,"electionDayVotesPercent":2.4,"nominatorAbbr":{"fi":"SDP","sv":"SDP","en":"SDP"}},{"age":35,"advanceVotesPercent":1.7,"lastname":"Matkaselkä","occupation":"tradenomi AMK, vanhustyön opiskelija","advanceVotes":23,"npid":1,"totalVotes":46,"spid":5,"abbr":"VIHR","municipalCouncilor":false,"muid":425,"alid":1,"firstname":"Heidi","electionDayVotes":23,"pid":"13","finalPosition":0,"electedInformation":"ELECTED","totalVotesPercent":1.7,"nominatorName":{"fi":"Vihreä liitto","sv":"Gröna förbundet","en":"Green League"},"caid":5,"position":0,"gender":"2","comparisonData":{"totalVotes":62,"votesTotalChange":-16},"edid":12,"comparativeIndex":0.0,"electionDayVotesPercent":1.7,"nominatorAbbr":{"fi":"VIHR","sv":"Gröna","en":"GREEN"}},{"age":45,"advanceVotesPercent":1.1,"lastname":"Kangas-Siira","occupation":"FM, aineenopettaja","advanceVotes":15,"npid":1,"totalVotes":45,"spid":5,"abbr":"VIHR","municipalCouncilor":false,"muid":425,"alid":1,"firstname":"Monika","electionDayVotes":30,"pid":"13","finalPosition":0,"electedInformation":"ELECTED","totalVotesPercent":1.7,"nominatorName":{"fi":"Vihreä liitto","sv":"Gröna förbundet","en":"Green League"},"caid":4,"position":0,"gender":"2","comparisonData":{"totalVotes":31,"votesTotalChange":14},"edid":12,"comparativeIndex":0.0,"electionDayVotesPercent":2.3,"nominatorAbbr":{"fi":"VIHR","sv":"Gröna","en":"GREEN"}},{"age":46,"advanceVotesPercent":1.6,"lastname":"Kylmänen","occupation":"yrittäjä","advanceVotes":21,"npid":4,"totalVotes":45,"spid":1,"abbr":"KESK","municipalCouncilor":true,"muid":425,"alid":4,"firstname":"Heikki","electionDayVotes":24,"pid":"2","finalPosition":0,"electedInformation":"ELECTED","totalVotesPercent":1.7,"nominatorName":{"fi":"Suomen Keskusta","sv":"Centern i Finland","en":"Centre Party of Finland"},"caid":32,"position":0,"gender":"1","comparisonData":{"totalVotes":91,"votesTotalChange":-46},"edid":12,"comparativeIndex":0.0,"electionDayVotesPercent":1.8,"nominatorAbbr":{"fi":"KESK","sv":"C","en":"CENT"}},{"age":37,"advanceVotesPercent":1.9,"lastname":"Leskinen","occupation":"DI, MBA, laatupäällikkö","advanceVotes":25,"npid":7,"totalVotes":44,"spid":2,"abbr":"KOK","municipalCouncilor":true,"muid":425,"alid":6,"firstname":"Hanna","electionDayVotes":19,"pid":"4","finalPosition":0,"electedInformation":"ELECTED","totalVotesPercent":1.7,"nominatorName":{"fi":"Kansallinen Kokoomus","sv":"Samlingspartiet","en":"National Coalition Party"},"caid":63,"position":0,"gender":"2","comparisonData":{"totalVotes":58,"votesTotalChange":-14},"edid":12,"comparativeIndex":0.0,"electionDayVotesPercent":1.4,"nominatorAbbr":{"fi":"KOK","sv":"Saml","en":"NCP"}},{"age":63,"advanceVotesPercent":2.3,"lastname":"Paavola","occupation":"lähihoitaja","advanceVotes":31,"npid":4,"totalVotes":42,"spid":1,"abbr":"KESK","municipalCouncilor":false,"muid":425,"alid":4,"firstname":"Eila","electionDayVotes":11,"pid":"2","finalPosition":0,"electedInformation":"ELECTED","totalVotesPercent":1.6,"nominatorName":{"fi":"Suomen Keskusta","sv":"Centern i Finland","en":"Centre Party of Finland"},"caid":40,"position":0,"gender":"2","comparisonData":{"totalVotes":40,"votesTotalChange":2},"edid":12,"comparativeIndex":0.0,"electionDayVotesPercent":0.8,"nominatorAbbr":{"fi":"KESK","sv":"C","en":"CENT"}},{"age":55,"advanceVotesPercent":1.3,"lastname":"Heikkinen","occupation":"Dipl.ins., lehtori","advanceVotes":17,"npid":1,"totalVotes":40,"spid":5,"abbr":"VIHR","municipalCouncilor":false,"muid":425,"alid":1,"firstname":"Timo","electionDayVotes":23,"pid":"13","finalPosition":0,"electedInformation":"ON_SUBSTITUTE_PLACE","totalVotesPercent":1.5,"nominatorName":{"fi":"Vihreä liitto","sv":"Gröna förbundet","en":"Green League"},"caid":3,"position":0,"gender":"1","comparisonData":{"totalVotes":26,"votesTotalChange":14},"edid":12,"comparativeIndex":0.0,"electionDayVotesPercent":1.7,"nominatorAbbr":{"fi":"VIHR","sv":"Gröna","en":"GREEN"}},{"age":63,"advanceVotesPercent":1.9,"lastname":"Luukinen","occupation":"lähihoitaja, eläkeläinen","advanceVotes":25,"npid":5,"totalVotes":40,"spid":6,"abbr":"VAS","municipalCouncilor":true,"muid":425,"alid":5,"firstname":"Pirjo","electionDayVotes":15,"pid":"15","finalPosition":0,"electedInformation":"ON_SUBSTITUTE_PLACE","totalVotesPercent":1.5,"nominatorName":{"fi":"Vasemmistoliitto","sv":"Vänsterförbundet","en":"The Left Alliance"},"caid":57,"position":0,"gender":"2","comparisonData":{"totalVotes":40,"votesTotalChange":0},"edid":12,"comparativeIndex":0.0,"electionDayVotesPercent":1.1,"nominatorAbbr":{"fi":"VAS","sv":"VF","en":"LEFT"}},{"age":26,"advanceVotesPercent":1.1,"lastname":"Hietamäki","occupation":"kirjanpitäjä","advanceVotes":15,"npid":4,"totalVotes":39,"spid":1,"abbr":"KESK","municipalCouncilor":false,"muid":425,"alid":4,"firstname":"Sara","electionDayVotes":24,"pid":"2","finalPosition":0,"electedInformation":"ELECTED","totalVotesPercent":1.5,"nominatorName":{"fi":"Suomen Keskusta","sv":"Centern i Finland","en":"Centre Party of Finland"},"caid":28,"position":0,"gender":"2","comparisonData":{"totalVotes":0,"votesTotalChange":39},"edid":12,"comparativeIndex":0.0,"electionDayVotesPercent":1.8,"nominatorAbbr":{"fi":"KESK","sv":"C","en":"CENT"}},{"age":37,"advanceVotesPercent":1.7,"lastname":"Lunki","occupation":"yrittäjä","advanceVotes":22,"npid":2,"totalVotes":38,"spid":4,"abbr":"SDP","municipalCouncilor":true,"muid":425,"alid":2,"firstname":"Pasi","electionDayVotes":16,"pid":"1","finalPosition":0,"electedInformation":"ON_SUBSTITUTE_PLACE","totalVotesPercent":1.4,"nominatorName":{"fi":"Suomen Sosialidemokraattinen Puolue","sv":"Finlands Socialdemokratiska Parti","en":"The Finnish Social Democratic Party"},"caid":8,"position":0,"gender":"1","comparisonData":{"totalVotes":48,"votesTotalChange":-10},"edid":12,"comparativeIndex":0.0,"electionDayVotesPercent":1.2,"nominatorAbbr":{"fi":"SDP","sv":"SDP","en":"SDP"}},{"age":33,"advanceVotesPercent":1.4,"lastname":"Nurkkala","occupation":"yritysasiantuntija","advanceVotes":19,"npid":4,"totalVotes":37,"spid":1,"abbr":"KESK","municipalCouncilor":false,"muid":425,"alid":4,"firstname":"Olli","electionDayVotes":18,"pid":"2","finalPosition":0,"electedInformation":"ELECTED","totalVotesPercent":1.4,"nominatorName":{"fi":"Suomen Keskusta","sv":"Centern i Finland","en":"Centre Party of Finland"},"caid":39,"position":0,"gender":"1","comparisonData":{"totalVotes":0,"votesTotalChange":37},"edid":12,"comparativeIndex":0.0,"electionDayVotesPercent":1.4,"nominatorAbbr":{"fi":"KESK","sv":"C","en":"CENT"}},{"age":43,"advanceVotesPercent":1.6,"lastname":"Tuomala","occupation":"huoltopäällikkö","advanceVotes":21,"npid":5,"totalVotes":35,"spid":6,"abbr":"VAS","municipalCouncilor":false,"muid":425,"alid":5,"firstname":"Tuomo","electionDayVotes":14,"pid":"15","finalPosition":0,"electedInformation":"ON_SUBSTITUTE_PLACE","totalVotesPercent":1.3,"nominatorName":{"fi":"Vasemmistoliitto","sv":"Vänsterförbundet","en":"The Left Alliance"},"caid":61,"position":0,"gender":"1","comparisonData":{"totalVotes":44,"votesTotalChange":-9},"edid":12,"comparativeIndex":0.0,"electionDayVotesPercent":1.1,"nominatorAbbr":{"fi":"VAS","sv":"VF","en":"LEFT"}},{"age":44,"advanceVotesPercent":1.6,"lastname":"Väliheikki","occupation":"yrittäjä","advanceVotes":21,"npid":4,"totalVotes":34,"spid":1,"abbr":"KESK","municipalCouncilor":false,"muid":425,"alid":4,"firstname":"Jan","electionDayVotes":13,"pid":"2","finalPosition":0,"electedInformation":"ON_SUBSTITUTE_PLACE","totalVotesPercent":1.3,"nominatorName":{"fi":"Suomen Keskusta","sv":"Centern i Finland","en":"Centre Party of Finland"},"caid":49,"position":0,"gender":"1","comparisonData":{"totalVotes":0,"votesTotalChange":34},"edid":12,"comparativeIndex":0.0,"electionDayVotesPercent":1.0,"nominatorAbbr":{"fi":"KESK","sv":"C","en":"CENT"}},{"age":27,"advanceVotesPercent":1.4,"lastname":"Harjuhahto","occupation":"lähihoitaja, luottamusmies","advanceVotes":18,"npid":5,"totalVotes":32,"spid":6,"abbr":"VAS","municipalCouncilor":false,"muid":425,"alid":5,"firstname":"Joni","electionDayVotes":14,"pid":"15","finalPosition":0,"electedInformation":"ON_SUBSTITUTE_PLACE","totalVotesPercent":1.2,"nominatorName":{"fi":"Vasemmistoliitto","sv":"Vänsterförbundet","en":"The Left Alliance"},"caid":54,"position":0,"gender":"1","comparisonData":{"totalVotes":0,"votesTotalChange":32},"edid":12,"comparativeIndex":0.0,"electionDayVotesPercent":1.1,"nominatorAbbr":{"fi":"VAS","sv":"VF","en":"LEFT"}},{"age":49,"advanceVotesPercent":1.2,"lastname":"Kojo","occupation":"maatalousyrittäjä","advanceVotes":16,"npid":4,"totalVotes":31,"spid":1,"abbr":"KESK","municipalCouncilor":false,"muid":425,"alid":4,"firstname":"Esa","electionDayVotes":15,"pid":"2","finalPosition":0,"electedInformation":"ELECTED","totalVotesPercent":1.2,"nominatorName":{"fi":"Suomen Keskusta","sv":"Centern i Finland","en":"Centre Party of Finland"},"caid":30,"position":0,"gender":"1","comparisonData":{"totalVotes":27,"votesTotalChange":4},"edid":12,"comparativeIndex":0.0,"electionDayVotesPercent":1.1,"nominatorAbbr":{"fi":"KESK","sv":"C","en":"CENT"}},{"age":50,"advanceVotesPercent":1.3,"lastname":"Sangi","occupation":"agrologi, maatalousyrittäjä","advanceVotes":17,"npid":4,"totalVotes":30,"spid":1,"abbr":"KESK","municipalCouncilor":true,"muid":425,"alid":4,"firstname":"Leea","electionDayVotes":13,"pid":"2","finalPosition":0,"electedInformation":"ON_SUBSTITUTE_PLACE","totalVotesPercent":1.1,"nominatorName":{"fi":"Suomen Keskusta","sv":"Centern i Finland","en":"Centre Party of Finland"},"caid":42,"position":0,"gender":"2","comparisonData":{"totalVotes":48,"votesTotalChange":-18},"edid":12,"comparativeIndex":0.0,"electionDayVotesPercent":1.0,"nominatorAbbr":{"fi":"KESK","sv":"C","en":"CENT"}},{"age":40,"advanceVotesPercent":0.8,"lastname":"Rantanen","occupation":"raudoittaja","advanceVotes":11,"npid":3,"totalVotes":29,"spid":3,"abbr":"PS","municipalCouncilor":false,"muid":425,"alid":3,"firstname":"Kimmo","electionDayVotes":18,"pid":"23","finalPosition":0,"electedInformation":"ELECTED","totalVotesPercent":1.1,"nominatorName":{"fi":"Perussuomalaiset","sv":"Sannfinländarna","en":"The Finns Party"},"caid":21,"position":0,"gender":"1","comparisonData":{"totalVotes":0,"votesTotalChange":29},"edid":12,"comparativeIndex":0.0,"electionDayVotesPercent":1.4,"nominatorAbbr":{"fi":"PS","sv":"Sannf","en":"FINNS"}},{"age":40,"advanceVotesPercent":1.2,"lastname":"Mustakangas","occupation":"toiminnanjohtaja, ekonomi","advanceVotes":16,"npid":2,"totalVotes":28,"spid":4,"abbr":"SDP","municipalCouncilor":false,"muid":425,"alid":2,"firstname":"Terhi","electionDayVotes":12,"pid":"1","finalPosition":0,"electedInformation":"ON_SUBSTITUTE_PLACE","totalVotesPercent":1.1,"nominatorName":{"fi":"Suomen Sosialidemokraattinen Puolue","sv":"Finlands Socialdemokratiska Parti","en":"The Finnish Social Democratic Party"},"caid":9,"position":0,"gender":"2","comparisonData":{"totalVotes":37,"votesTotalChange":-9},"edid":12,"comparativeIndex":0.0,"electionDayVotesPercent":0.9,"nominatorAbbr":{"fi":"SDP","sv":"SDP","en":"SDP"}},{"age":47,"advanceVotesPercent":1.2,"lastname":"Ansamaa","occupation":"sairaanhoitaja, diakoni","advanceVotes":16,"npid":4,"totalVotes":28,"spid":1,"abbr":"KESK","municipalCouncilor":false,"muid":425,"alid":4,"firstname":"Arja","electionDayVotes":12,"pid":"2","finalPosition":0,"electedInformation":"ON_SUBSTITUTE_PLACE","totalVotesPercent":1.1,"nominatorName":{"fi":"Suomen Keskusta","sv":"Centern i Finland","en":"Centre Party of Finland"},"caid":26,"position":0,"gender":"2","comparisonData":{"totalVotes":0,"votesTotalChange":28},"edid":12,"comparativeIndex":0.0,"electionDayVotesPercent":0.9,"nominatorAbbr":{"fi":"KESK","sv":"C","en":"CENT"}},{"age":44,"advanceVotesPercent":0.7,"lastname":"Ahola","occupation":"yrittäjä, rakennusinsinööri","advanceVotes":9,"npid":4,"totalVotes":27,"spid":1,"abbr":"KESK","municipalCouncilor":true,"muid":425,"alid":4,"firstname":"Tuomas","electionDayVotes":18,"pid":"2","finalPosition":0,"electedInformation":"ELECTED","totalVotesPercent":1.0,"nominatorName":{"fi":"Suomen Keskusta","sv":"Centern i Finland","en":"Centre Party of Finland"},"caid":24,"position":0,"gender":"1","comparisonData":{"totalVotes":59,"votesTotalChange":-32},"edid":12,"comparativeIndex":0.0,"electionDayVotesPercent":1.4,"nominatorAbbr":{"fi":"KESK","sv":"C","en":"CENT"}},{"age":57,"advanceVotesPercent":1.4,"lastname":"Väätäjä","occupation":"toimistosihteeri, luottamusmies","advanceVotes":18,"npid":2,"totalVotes":26,"spid":4,"abbr":"SDP","municipalCouncilor":false,"muid":425,"alid":2,"firstname":"Ulla","electionDayVotes":8,"pid":"1","finalPosition":0,"electedInformation":"NOT_ELECTED","totalVotesPercent":1.0,"nominatorName":{"fi":"Suomen Sosialidemokraattinen Puolue","sv":"Finlands Socialdemokratiska Parti","en":"The Finnish Social Democratic Party"},"caid":14,"position":0,"gender":"2","comparisonData":{"totalVotes":0,"votesTotalChange":26},"edid":12,"comparativeIndex":0.0,"electionDayVotesPercent":0.6,"nominatorAbbr":{"fi":"SDP","sv":"SDP","en":"SDP"}},{"age":48,"advanceVotesPercent":0.7,"lastname":"Lehto","occupation":"kätilö, terveydenhoitaja","advanceVotes":9,"npid":4,"totalVotes":25,"spid":1,"abbr":"KESK","municipalCouncilor":false,"muid":425,"alid":4,"firstname":"Leena","electionDayVotes":16,"pid":"2","finalPosition":0,"electedInformation":"ELECTED","totalVotesPercent":0.9,"nominatorName":{"fi":"Suomen Keskusta","sv":"Centern i Finland","en":"Centre Party of Finland"},"caid":35,"position":0,"gender":"2","comparisonData":{"totalVotes":0,"votesTotalChange":25},"edid":12,"comparativeIndex":0.0,"electionDayVotesPercent":1.2,"nominatorAbbr":{"fi":"KESK","sv":"C","en":"CENT"}},{"age":32,"advanceVotesPercent":0.8,"lastname":"Raitio","occupation":"ravintolavastaava","advanceVotes":11,"npid":7,"totalVotes":24,"spid":2,"abbr":"KOK","municipalCouncilor":false,"muid":425,"alid":6,"firstname":"Juuso","electionDayVotes":13,"pid":"4","finalPosition":0,"electedInformation":"ON_SUBSTITUTE_PLACE","totalVotesPercent":0.9,"nominatorName":{"fi":"Kansallinen Kokoomus","sv":"Samlingspartiet","en":"National Coalition Party"},"caid":67,"position":0,"gender":"1","comparisonData":{"totalVotes":0,"votesTotalChange":24},"edid":12,"comparativeIndex":0.0,"electionDayVotesPercent":1.0,"nominatorAbbr":{"fi":"KOK","sv":"Saml","en":"NCP"}},{"age":43,"advanceVotesPercent":0.2,"lastname":"Pernu","occupation":"yrittäjä","advanceVotes":3,"npid":3,"totalVotes":23,"spid":3,"abbr":"PS","municipalCouncilor":false,"muid":425,"alid":3,"firstname":"Marko","electionDayVotes":20,"pid":"23","finalPosition":0,"electedInformation":"ELECTED","totalVotesPercent":0.9,"nominatorName":{"fi":"Perussuomalaiset","sv":"Sannfinländarna","en":"The Finns Party"},"caid":19,"position":0,"gender":"1","comparisonData":{"totalVotes":12,"votesTotalChange":11},"edid":12,"comparativeIndex":0.0,"electionDayVotesPercent":1.5,"nominatorAbbr":{"fi":"PS","sv":"Sannf","en":"FINNS"}},{"age":54,"advanceVotesPercent":0.7,"lastname":"Heikkinen","occupation":"cnc-sorvaaja, pääluottamusmies","advanceVotes":9,"npid":5,"totalVotes":23,"spid":6,"abbr":"VAS","municipalCouncilor":false,"muid":425,"alid":5,"firstname":"Eero","electionDayVotes":14,"pid":"15","finalPosition":0,"electedInformation":"ELECTED","totalVotesPercent":0.9,"nominatorName":{"fi":"Vasemmistoliitto","sv":"Vänsterförbundet","en":"The Left Alliance"},"caid":55,"position":0,"gender":"1","comparisonData":{"totalVotes":27,"votesTotalChange":-4},"edid":12,"comparativeIndex":0.0,"electionDayVotesPercent":1.1,"nominatorAbbr":{"fi":"VAS","sv":"VF","en":"LEFT"}},{"age":49,"advanceVotesPercent":1.1,"lastname":"Kiljo-Pietilä","occupation":"yrittäjä","advanceVotes":15,"npid":4,"totalVotes":20,"spid":1,"abbr":"KESK","municipalCouncilor":true,"muid":425,"alid":4,"firstname":"Anne","electionDayVotes":5,"pid":"2","finalPosition":0,"electedInformation":"ON_SUBSTITUTE_PLACE","totalVotesPercent":0.8,"nominatorName":{"fi":"Suomen Keskusta","sv":"Centern i Finland","en":"Centre Party of Finland"},"caid":29,"position":0,"gender":"2","comparisonData":{"totalVotes":46,"votesTotalChange":-26},"edid":12,"comparativeIndex":0.0,"electionDayVotesPercent":0.4,"nominatorAbbr":{"fi":"KESK","sv":"C","en":"CENT"}},{"age":67,"advanceVotesPercent":1.1,"lastname":"Vuokila","occupation":"erikoissairaanhoitaja, eläkkeellä","advanceVotes":15,"npid":4,"totalVotes":20,"spid":1,"abbr":"KESK","municipalCouncilor":true,"muid":425,"alid":4,"firstname":"Mirja-Liisa","electionDayVotes":5,"pid":"2","finalPosition":0,"electedInformation":"ON_SUBSTITUTE_PLACE","totalVotesPercent":0.8,"nominatorName":{"fi":"Suomen Keskusta","sv":"Centern i Finland","en":"Centre Party of Finland"},"caid":48,"position":0,"gender":"2","comparisonData":{"totalVotes":43,"votesTotalChange":-23},"edid":12,"comparativeIndex":0.0,"electionDayVotesPercent":0.4,"nominatorAbbr":{"fi":"KESK","sv":"C","en":"CENT"}},{"age":39,"advanceVotesPercent":0.7,"lastname":"Malkamäki","occupation":"kirjapainoyrittäjä, insinööri AMK","advanceVotes":9,"npid":4,"totalVotes":19,"spid":1,"abbr":"KESK","municipalCouncilor":false,"muid":425,"alid":4,"firstname":"Marko","electionDayVotes":10,"pid":"2","finalPosition":0,"electedInformation":"ON_SUBSTITUTE_PLACE","totalVotesPercent":0.7,"nominatorName":{"fi":"Suomen Keskusta","sv":"Centern i Finland","en":"Centre Party of Finland"},"caid":37,"position":0,"gender":"1","comparisonData":{"totalVotes":0,"votesTotalChange":19},"edid":12,"comparativeIndex":0.0,"electionDayVotesPercent":0.8,"nominatorAbbr":{"fi":"KESK","sv":"C","en":"CENT"}},{"age":36,"advanceVotesPercent":0.3,"lastname":"Talvitie","occupation":"KTM, yrittäjä","advanceVotes":4,"npid":7,"totalVotes":19,"spid":2,"abbr":"KOK","municipalCouncilor":false,"muid":425,"alid":6,"firstname":"Petri","electionDayVotes":15,"pid":"4","finalPosition":0,"electedInformation":"ON_SUBSTITUTE_PLACE","totalVotesPercent":0.7,"nominatorName":{"fi":"Kansallinen Kokoomus","sv":"Samlingspartiet","en":"National Coalition Party"},"caid":69,"position":0,"gender":"1","comparisonData":{"totalVotes":0,"votesTotalChange":19},"edid":12,"comparativeIndex":0.0,"electionDayVotesPercent":1.1,"nominatorAbbr":{"fi":"KOK","sv":"Saml","en":"NCP"}},{"age":29,"advanceVotesPercent":0.6,"lastname":"Syri","occupation":"rakennustekniikan insinööri AMK","advanceVotes":8,"npid":4,"totalVotes":18,"spid":1,"abbr":"KESK","municipalCouncilor":false,"muid":425,"alid":4,"firstname":"Silja","electionDayVotes":10,"pid":"2","finalPosition":0,"electedInformation":"ON_SUBSTITUTE_PLACE","totalVotesPercent":0.7,"nominatorName":{"fi":"Suomen Keskusta","sv":"Centern i Finland","en":"Centre Party of Finland"},"caid":43,"position":0,"gender":"2","comparisonData":{"totalVotes":0,"votesTotalChange":18},"edid":12,"comparativeIndex":0.0,"electionDayVotesPercent":0.8,"nominatorAbbr":{"fi":"KESK","sv":"C","en":"CENT"}},{"age":46,"advanceVotesPercent":0.9,"lastname":"Paavola","occupation":"laboratoriomestari","advanceVotes":12,"npid":7,"totalVotes":15,"spid":2,"abbr":"KOK","municipalCouncilor":false,"muid":425,"alid":6,"firstname":"Antti","electionDayVotes":3,"pid":"4","finalPosition":0,"electedInformation":"ON_SUBSTITUTE_PLACE","totalVotesPercent":0.6,"nominatorName":{"fi":"Kansallinen Kokoomus","sv":"Samlingspartiet","en":"National Coalition Party"},"caid":66,"position":0,"gender":"1","comparisonData":{"totalVotes":16,"votesTotalChange":-1},"edid":12,"comparativeIndex":0.0,"electionDayVotesPercent":0.2,"nominatorAbbr":{"fi":"KOK","sv":"Saml","en":"NCP"}},{"age":42,"advanceVotesPercent":0.6,"lastname":"Parkkinen","occupation":"insinööri AMK, päiväkotiapulainen","advanceVotes":8,"npid":1,"totalVotes":14,"spid":5,"abbr":"VIHR","municipalCouncilor":false,"muid":425,"alid":1,"firstname":"Taina","electionDayVotes":6,"pid":"13","finalPosition":0,"electedInformation":"ON_SUBSTITUTE_PLACE","totalVotesPercent":0.5,"nominatorName":{"fi":"Vihreä liitto","sv":"Gröna förbundet","en":"Green League"},"caid":6,"position":0,"gender":"2","comparisonData":{"totalVotes":0,"votesTotalChange":14},"edid":12,"comparativeIndex":0.0,"electionDayVotesPercent":0.5,"nominatorAbbr":{"fi":"VIHR","sv":"Gröna","en":"GREEN"}},{"age":75,"advanceVotesPercent":0.7,"lastname":"Niskanen","occupation":"eläkeläinen","advanceVotes":9,"npid":2,"totalVotes":14,"spid":4,"abbr":"SDP","municipalCouncilor":false,"muid":425,"alid":2,"firstname":"Marjatta","electionDayVotes":5,"pid":"1","finalPosition":0,"electedInformation":"NOT_ELECTED","totalVotesPercent":0.5,"nominatorName":{"fi":"Suomen Sosialidemokraattinen Puolue","sv":"Finlands Socialdemokratiska Parti","en":"The Finnish Social Democratic Party"},"caid":10,"position":0,"gender":"2","comparisonData":{"totalVotes":0,"votesTotalChange":14},"edid":12,"comparativeIndex":0.0,"electionDayVotesPercent":0.4,"nominatorAbbr":{"fi":"SDP","sv":"SDP","en":"SDP"}},{"age":40,"advanceVotesPercent":0.5,"lastname":"Aikio","occupation":"yrittäjä","advanceVotes":7,"npid":4,"totalVotes":14,"spid":1,"abbr":"KESK","municipalCouncilor":false,"muid":425,"alid":4,"firstname":"Satu","electionDayVotes":7,"pid":"2","finalPosition":0,"electedInformation":"ON_SUBSTITUTE_PLACE","totalVotesPercent":0.5,"nominatorName":{"fi":"Suomen Keskusta","sv":"Centern i Finland","en":"Centre Party of Finland"},"caid":25,"position":0,"gender":"2","comparisonData":{"totalVotes":0,"votesTotalChange":14},"edid":12,"comparativeIndex":0.0,"electionDayVotesPercent":0.5,"nominatorAbbr":{"fi":"KESK","sv":"C","en":"CENT"}},{"age":46,"advanceVotesPercent":0.5,"lastname":"Leinonen","occupation":"putkiasentaja","advanceVotes":7,"npid":5,"totalVotes":14,"spid":6,"abbr":"VAS","municipalCouncilor":false,"muid":425,"alid":5,"firstname":"Tommi","electionDayVotes":7,"pid":"15","finalPosition":0,"electedInformation":"NOT_ELECTED","totalVotesPercent":0.5,"nominatorName":{"fi":"Vasemmistoliitto","sv":"Vänsterförbundet","en":"The Left Alliance"},"caid":56,"position":0,"gender":"1","comparisonData":{"totalVotes":10,"votesTotalChange":4},"edid":12,"comparativeIndex":0.0,"electionDayVotesPercent":0.5,"nominatorAbbr":{"fi":"VAS","sv":"VF","en":"LEFT"}},{"age":59,"advanceVotesPercent":0.5,"lastname":"Anttila","occupation":"operatiivinen johtaja/COO","advanceVotes":7,"npid":4,"totalVotes":13,"spid":1,"abbr":"KESK","municipalCouncilor":false,"muid":425,"alid":4,"firstname":"Juha","electionDayVotes":6,"pid":"2","finalPosition":0,"electedInformation":"ON_SUBSTITUTE_PLACE","totalVotesPercent":0.5,"nominatorName":{"fi":"Suomen Keskusta","sv":"Centern i Finland","en":"Centre Party of Finland"},"caid":27,"position":0,"gender":"1","comparisonData":{"totalVotes":0,"votesTotalChange":13},"edid":12,"comparativeIndex":0.0,"electionDayVotesPercent":0.5,"nominatorAbbr":{"fi":"KESK","sv":"C","en":"CENT"}},{"age":49,"advanceVotesPercent":0.7,"lastname":"Muyima","occupation":"lastenhoitaja","advanceVotes":9,"npid":5,"totalVotes":13,"spid":6,"abbr":"VAS","municipalCouncilor":false,"muid":425,"alid":5,"firstname":"Asta","electionDayVotes":4,"pid":"15","finalPosition":0,"electedInformation":"NOT_ELECTED","totalVotesPercent":0.5,"nominatorName":{"fi":"Vasemmistoliitto","sv":"Vänsterförbundet","en":"The Left Alliance"},"caid":59,"position":0,"gender":"2","comparisonData":{"totalVotes":0,"votesTotalChange":13},"edid":12,"comparativeIndex":0.0,"electionDayVotesPercent":0.3,"nominatorAbbr":{"fi":"VAS","sv":"VF","en":"LEFT"}},{"age":50,"advanceVotesPercent":0.4,"lastname":"Niskanen","occupation":"henkilökohtainen avustaja","advanceVotes":5,"npid":2,"totalVotes":11,"spid":4,"abbr":"SDP","municipalCouncilor":false,"muid":425,"alid":2,"firstname":"Martti","electionDayVotes":6,"pid":"1","finalPosition":0,"electedInformation":"NOT_ELECTED","totalVotesPercent":0.4,"nominatorName":{"fi":"Suomen Sosialidemokraattinen Puolue","sv":"Finlands Socialdemokratiska Parti","en":"The Finnish Social Democratic Party"},"caid":11,"position":0,"gender":"1","comparisonData":{"totalVotes":10,"votesTotalChange":1},"edid":12,"comparativeIndex":0.0,"electionDayVotesPercent":0.5,"nominatorAbbr":{"fi":"SDP","sv":"SDP","en":"SDP"}},{"age":52,"advanceVotesPercent":0.5,"lastname":"Laitinen","occupation":"isännöitsijä","advanceVotes":6,"npid":3,"totalVotes":9,"spid":3,"abbr":"PS","municipalCouncilor":false,"muid":425,"alid":3,"firstname":"Ritva","electionDayVotes":3,"pid":"23","finalPosition":0,"electedInformation":"ON_SUBSTITUTE_PLACE","totalVotesPercent":0.3,"nominatorName":{"fi":"Perussuomalaiset","sv":"Sannfinländarna","en":"The Finns Party"},"caid":16,"position":0,"gender":"2","comparisonData":{"totalVotes":0,"votesTotalChange":9},"edid":12,"comparativeIndex":0.0,"electionDayVotesPercent":0.2,"nominatorAbbr":{"fi":"PS","sv":"Sannf","en":"FINNS"}},{"age":32,"advanceVotesPercent":0.4,"lastname":"Pinnonen","occupation":"puuseppä, yhdistelmäajoneuvonkuljettaja","advanceVotes":5,"npid":3,"totalVotes":9,"spid":3,"abbr":"PS","municipalCouncilor":false,"muid":425,"alid":3,"firstname":"Margus","electionDayVotes":4,"pid":"23","finalPosition":0,"electedInformation":"ON_SUBSTITUTE_PLACE","totalVotesPercent":0.3,"nominatorName":{"fi":"Perussuomalaiset","sv":"Sannfinländarna","en":"The Finns Party"},"caid":20,"position":0,"gender":"1","comparisonData":{"totalVotes":0,"votesTotalChange":9},"edid":12,"comparativeIndex":0.0,"electionDayVotesPercent":0.3,"nominatorAbbr":{"fi":"PS","sv":"Sannf","en":"FINNS"}},{"age":23,"advanceVotesPercent":0.2,"lastname":"Verkasalo","occupation":"lampuri, opiskelija","advanceVotes":2,"npid":4,"totalVotes":7,"spid":1,"abbr":"KESK","municipalCouncilor":false,"muid":425,"alid":4,"firstname":"Hanna","electionDayVotes":5,"pid":"2","finalPosition":0,"electedInformation":"ON_SUBSTITUTE_PLACE","totalVotesPercent":0.3,"nominatorName":{"fi":"Suomen Keskusta","sv":"Centern i Finland","en":"Centre Party of Finland"},"caid":46,"position":0,"gender":"2","comparisonData":{"totalVotes":0,"votesTotalChange":7},"edid":12,"comparativeIndex":0.0,"electionDayVotesPercent":0.4,"nominatorAbbr":{"fi":"KESK","sv":"C","en":"CENT"}},{"age":65,"advanceVotesPercent":0.2,"lastname":"Ristolainen","occupation":"eläkeläinen","advanceVotes":3,"npid":2,"totalVotes":5,"spid":4,"abbr":"SDP","municipalCouncilor":false,"muid":425,"alid":2,"firstname":"Martti","electionDayVotes":2,"pid":"1","finalPosition":0,"electedInformation":"NOT_ELECTED","totalVotesPercent":0.2,"nominatorName":{"fi":"Suomen Sosialidemokraattinen Puolue","sv":"Finlands Socialdemokratiska Parti","en":"The Finnish Social Democratic Party"},"caid":13,"position":0,"gender":"1","comparisonData":{"totalVotes":0,"votesTotalChange":5},"edid":12,"comparativeIndex":0.0,"electionDayVotesPercent":0.2,"nominatorAbbr":{"fi":"SDP","sv":"SDP","en":"SDP"}},{"age":18,"advanceVotesPercent":0.2,"lastname":"Tenhunen","occupation":"opiskelija","advanceVotes":3,"npid":3,"totalVotes":4,"spid":3,"abbr":"PS","municipalCouncilor":false,"muid":425,"alid":3,"firstname":"Tommi","electionDayVotes":1,"pid":"23","finalPosition":0,"electedInformation":"ON_SUBSTITUTE_PLACE","totalVotesPercent":0.2,"nominatorName":{"fi":"Perussuomalaiset","sv":"Sannfinländarna","en":"The Finns Party"},"caid":22,"position":0,"gender":"1","comparisonData":{"totalVotes":0,"votesTotalChange":4},"edid":12,"comparativeIndex":0.0,"electionDayVotesPercent":0.1,"nominatorAbbr":{"fi":"PS","sv":"Sannf","en":"FINNS"}},{"age":66,"advanceVotesPercent":0.1,"lastname":"Pahnila","occupation":"eläkeläinen, uimaopettaja","advanceVotes":1,"npid":2,"totalVotes":3,"spid":4,"abbr":"SDP","municipalCouncilor":false,"muid":425,"alid":2,"firstname":"Väinö","electionDayVotes":2,"pid":"1","finalPosition":0,"electedInformation":"NOT_ELECTED","totalVotesPercent":0.1,"nominatorName":{"fi":"Suomen Sosialidemokraattinen Puolue","sv":"Finlands Socialdemokratiska Parti","en":"The Finnish Social Democratic Party"},"caid":12,"position":0,"gender":"1","comparisonData":{"totalVotes":18,"votesTotalChange":-15},"edid":12,"comparativeIndex":0.0,"electionDayVotesPercent":0.2,"nominatorAbbr":{"fi":"SDP","sv":"SDP","en":"SDP"}},{"age":41,"advanceVotesPercent":0.2,"lastname":"Mehtälä","occupation":"aluetoimitsija","advanceVotes":3,"npid":5,"totalVotes":3,"spid":6,"abbr":"VAS","municipalCouncilor":false,"muid":425,"alid":5,"firstname":"Jari","electionDayVotes":0,"pid":"15","finalPosition":0,"electedInformation":"NOT_ELECTED","totalVotesPercent":0.1,"nominatorName":{"fi":"Vasemmistoliitto","sv":"Vänsterförbundet","en":"The Left Alliance"},"caid":58,"position":0,"gender":"1","comparisonData":{"totalVotes":8,"votesTotalChange":-5},"edid":12,"comparativeIndex":0.0,"electionDayVotesPercent":0.0,"nominatorAbbr":{"fi":"VAS","sv":"VF","en":"LEFT"}},{"age":41,"advanceVotesPercent":0.1,"lastname":"Paananen","occupation":"johtava konsultti","advanceVotes":1,"npid":7,"totalVotes":3,"spid":2,"abbr":"KOK","municipalCouncilor":false,"muid":425,"alid":6,"firstname":"Petteri","electionDayVotes":2,"pid":"4","finalPosition":0,"electedInformation":"ON_SUBSTITUTE_PLACE","totalVotesPercent":0.1,"nominatorName":{"fi":"Kansallinen Kokoomus","sv":"Samlingspartiet","en":"National Coalition Party"},"caid":65,"position":0,"gender":"1","comparisonData":{"totalVotes":21,"votesTotalChange":-18},"edid":12,"comparativeIndex":0.0,"electionDayVotesPercent":0.2,"nominatorAbbr":{"fi":"KOK","sv":"Saml","en":"NCP"}},{"age":35,"advanceVotesPercent":0.1,"lastname":"Aakko","occupation":"nuoriso-ohjaaja","advanceVotes":1,"npid":5,"totalVotes":2,"spid":6,"abbr":"VAS","municipalCouncilor":false,"muid":425,"alid":5,"firstname":"Tanja","electionDayVotes":1,"pid":"15","finalPosition":0,"electedInformation":"NOT_ELECTED","totalVotesPercent":0.1,"nominatorName":{"fi":"Vasemmistoliitto","sv":"Vänsterförbundet","en":"The Left Alliance"},"caid":52,"position":0,"gender":"2","comparisonData":{"totalVotes":0,"votesTotalChange":2},"edid":12,"comparativeIndex":0.0,"electionDayVotesPercent":0.1,"nominatorAbbr":{"fi":"VAS","sv":"VF","en":"LEFT"}}],"municipalityPollingDistricts":[{"name":{"fi":"Kirkonkylä","sv":"Kirkonkylä"},"calculationStatusPercent":100.0,"joinedArea":false,"muid":425,"totalVotingInFinlandTurnout":61.9,"identification":"001","pdid":"001","eligibleVotersInFinlandTotal":4336,"edid":12,"mergedToPdid":""},{"name":{"fi":"Tupos","sv":"Tupos"},"calculationStatusPercent":100.0,"joinedArea":false,"muid":425,"totalVotingInFinlandTurnout":61.4,"identification":"002","pdid":"002","eligibleVotersInFinlandTotal":1713,"edid":12,"mergedToPdid":""}],"municipality":{"muid":425,"edid":12,"name":{"fi":"Liminka","sv":"Limingo"}}}