{"version":2,"created":"2017-04-09T17:01:22.254Z","electionDetails":{"electionId":"kv2017","electionDate":"2017-04-09T00:00:00.000Z","electionDataPublishTime":"2017-04-09T17:00:00.000Z","name":{"fi":"Kuntavaalit 2017","sv":"Kommunalval 2017","en":"Elections 2017"},"previousElections":{"correspondingCompareElection":{"electionId":"kv2012","electionDate":"2012-10-28T00:00:00.000Z","name":{"fi":"Kuntavaalit 2012","en":"Municipal elections 2012","sv":"Kommunalval 2012"}},"otherCompareElection":{"electionId":"ev2015","electionDate":"2015-04-19T00:00:00.000Z","name":{"fi":"Eduskuntavaalit 2015","en":"Parliamentary election 2015","sv":"Riksdagsval 2015"}}}},"calculationStatus":{"electionDayVotingTurnout":0.0,"invalidAdvanceVotes":1,"calculationPhase":"INITIAL","invalidElectionDayVotes":0,"approvedAdvanceVotes":57,"advanceVotingTurnout":28.2,"totalVotingTurnoutAbroad":0.0,"name":{"fi":"Jurmu","sv":"Jurmu"},"calculationStatusPercent":48.7,"advanceVotes":58,"electionDayVotingTurnoutAbroad":0.0,"approvedTotalVotes":57,"totalVotes":0,"muid":832,"totalVotingInFinlandTurnout":0.0,"advanceVotingTurnoutAbroad":0.0,"invalidTotalVotes":1,"totalVotingTurnout":0.0,"electionDayVotes":0,"electionDayVotesInFinland":0,"pdid":"002","totalVotesInFinlandMen":0,"eligibleVotersInFinlandTotal":206,"calculationStatusPercentElectionDayVotes":0.0,"sourceRecordModificationTime":"20170409160222","otherCompareElection":{"eid":"","eligibleVotersInFinlandTotal":0,"advanceVotingInFinlandTurnout":0.0,"electionDayVotingInFinlandTurnout":0.0,"totalVotingInFinlandTurnout":0.0,"approvedVotesTotal":0,"invalidVotesTotal":0},"correspondingCompareElection":{"eid":"","eligibleVotersInFinlandTotal":0,"advanceVotingInFinlandTurnout":0.0,"electionDayVotingInFinlandTurnout":0.0,"totalVotingInFinlandTurnout":0.0,"approvedVotesTotal":0,"invalidVotesTotal":0,"seats":0},"approvedElectionDayVotes":0,"edid":12,"calculationStatusPercentAdvanceVotes":100.0,"electionDayVotingInFinlandTurnout":0.0,"seats":0,"eligibleVotersTotal":206,"advanceVotesInFinland":58,"advanceVotingInFinlandTurnout":28.2,"totalVotesInFinland":0},"partyResults":[{"advanceVotesPercent":42.1,"name":{"fi":"Suomen Keskusta","sv":"Centern i Finland","en":"Centre Party of Finland"},"advanceVotes":24,"npid":1,"totalVotes":24,"spid":1,"abbr":{"fi":"KESK","sv":"C","en":"CENT"},"alid":1,"electionDayVotes":0,"pid":"2","totalVotesPercent":42.1,"nominatorName":{"fi":"Suomen Keskusta","sv":"Centern i Finland","en":"Centre Party of Finland"},"compareData":{"otherCompareElection":{"votesTotalChange":0,"votesTotalPercentChange":0.0,"votesTotal":24,"votesTotalPercent":42.1},"correspondingCompareElection":{"votesTotalChange":0,"votesTotalPercentChange":0.0,"seatChange":0,"votesTotal":24,"votesTotalPercent":42.1,"seatsTotal":0}},"seats":0,"electionDayVotesPercent":0.0,"nominatorAbbr":{"fi":"KESK","sv":"C","en":"CENT"}},{"advanceVotesPercent":22.8,"name":{"fi":"Suomen Sosialidemokraattinen Puolue","sv":"Finlands Socialdemokratiska Parti","en":"The Finnish Social Democratic Party"},"advanceVotes":13,"npid":3,"totalVotes":13,"spid":4,"abbr":{"fi":"SDP","sv":"SDP","en":"SDP"},"alid":3,"electionDayVotes":0,"pid":"1","totalVotesPercent":22.8,"nominatorName":{"fi":"Suomen Sosialidemokraattinen Puolue","sv":"Finlands Socialdemokratiska Parti","en":"The Finnish Social Democratic Party"},"compareData":{"otherCompareElection":{"votesTotalChange":0,"votesTotalPercentChange":0.0,"votesTotal":13,"votesTotalPercent":22.8},"correspondingCompareElection":{"votesTotalChange":0,"votesTotalPercentChange":0.0,"seatChange":0,"votesTotal":13,"votesTotalPercent":22.8,"seatsTotal":0}},"seats":0,"electionDayVotesPercent":0.0,"nominatorAbbr":{"fi":"SDP","sv":"SDP","en":"SDP"}},{"advanceVotesPercent":19.3,"name":{"fi":"Muut ryhmät","sv":"Övriga grupper","en":"Other groups"},"advanceVotes":11,"npid":6,"totalVotes":11,"spid":99,"abbr":{"fi":"Muut","sv":"Övriga","en":"Others"},"alid":6,"electionDayVotes":0,"pid":"8326","totalVotesPercent":19.3,"nominatorName":{"fi":"Taivalkosken Sitoutumattomat -yhteislista","sv":"Taivalkosken Sitoutumattomat -yhteislista","en":"Taivalkosken Sitoutumattomat -yhteislista"},"compareData":{"otherCompareElection":{"votesTotalChange":0,"votesTotalPercentChange":0.0,"votesTotal":11,"votesTotalPercent":19.3},"correspondingCompareElection":{"votesTotalChange":0,"votesTotalPercentChange":0.0,"seatChange":0,"votesTotal":11,"votesTotalPercent":19.3,"seatsTotal":0}},"seats":0,"electionDayVotesPercent":0.0,"nominatorAbbr":{"fi":"TkenSi","sv":"TkenSi","en":"TkenSi"}},{"advanceVotesPercent":14.0,"name":{"fi":"Perussuomalaiset","sv":"Sannfinländarna","en":"The Finns Party"},"advanceVotes":8,"npid":2,"totalVotes":8,"spid":3,"abbr":{"fi":"PS","sv":"Sannf","en":"FINNS"},"alid":2,"electionDayVotes":0,"pid":"23","totalVotesPercent":14.0,"nominatorName":{"fi":"Perussuomalaiset","sv":"Sannfinländarna","en":"The Finns Party"},"compareData":{"otherCompareElection":{"votesTotalChange":0,"votesTotalPercentChange":0.0,"votesTotal":8,"votesTotalPercent":14.0},"correspondingCompareElection":{"votesTotalChange":0,"votesTotalPercentChange":0.0,"seatChange":0,"votesTotal":8,"votesTotalPercent":14.0,"seatsTotal":0}},"seats":0,"electionDayVotesPercent":0.0,"nominatorAbbr":{"fi":"PS","sv":"Sannf","en":"FINNS"}},{"advanceVotesPercent":1.8,"name":{"fi":"Vasemmistoliitto","sv":"Vänsterförbundet","en":"The Left Alliance"},"advanceVotes":1,"npid":5,"totalVotes":1,"spid":6,"abbr":{"fi":"VAS","sv":"VF","en":"LEFT"},"alid":5,"electionDayVotes":0,"pid":"15","totalVotesPercent":1.8,"nominatorName":{"fi":"Vasemmistoliitto","sv":"Vänsterförbundet","en":"The Left Alliance"},"compareData":{"otherCompareElection":{"votesTotalChange":0,"votesTotalPercentChange":0.0,"votesTotal":1,"votesTotalPercent":1.8},"correspondingCompareElection":{"votesTotalChange":0,"votesTotalPercentChange":0.0,"seatChange":0,"votesTotal":1,"votesTotalPercent":1.8,"seatsTotal":0}},"seats":0,"electionDayVotesPercent":0.0,"nominatorAbbr":{"fi":"VAS","sv":"VF","en":"LEFT"}},{"advanceVotesPercent":0.0,"name":{"fi":"Vihreä liitto","sv":"Gröna förbundet","en":"Green League"},"advanceVotes":0,"npid":4,"totalVotes":0,"spid":5,"abbr":{"fi":"VIHR","sv":"Gröna","en":"GREEN"},"alid":4,"electionDayVotes":0,"pid":"13","totalVotesPercent":0.0,"nominatorName":{"fi":"Vihreä liitto","sv":"Gröna förbundet","en":"Green League"},"compareData":{"otherCompareElection":{"votesTotalChange":0,"votesTotalPercentChange":0.0,"votesTotal":0,"votesTotalPercent":0.0},"correspondingCompareElection":{"votesTotalChange":0,"votesTotalPercentChange":0.0,"seatChange":0,"votesTotal":0,"votesTotalPercent":0.0,"seatsTotal":0}},"seats":0,"electionDayVotesPercent":0.0,"nominatorAbbr":{"fi":"VIHR","sv":"Gröna","en":"GREEN"}}],"candidateResults":[{"age":73,"advanceVotesPercent":10.5,"lastname":"Parkkila","occupation":"Eläkeläinen","advanceVotes":6,"npid":3,"totalVotes":6,"spid":4,"abbr":"SDP","municipalCouncilor":true,"muid":832,"alid":3,"firstname":"Pertti","electionDayVotes":0,"pid":"1","finalPosition":0,"electedInformation":"ON_SUBSTITUTE_PLACE","totalVotesPercent":10.5,"nominatorName":{"fi":"Suomen Sosialidemokraattinen Puolue","sv":"Finlands Socialdemokratiska Parti","en":"The Finnish Social Democratic Party"},"caid":47,"position":0,"gender":"1","comparisonData":{"totalVotes":23,"votesTotalChange":-17},"edid":12,"comparativeIndex":0.0,"electionDayVotesPercent":0.0,"nominatorAbbr":{"fi":"SDP","sv":"SDP","en":"SDP"}},{"age":24,"advanceVotesPercent":8.8,"lastname":"Karjalainen","occupation":"Luokanopettaja","advanceVotes":5,"npid":1,"totalVotes":5,"spid":1,"abbr":"KESK","municipalCouncilor":true,"muid":832,"alid":1,"firstname":"Harri","electionDayVotes":0,"pid":"2","finalPosition":0,"electedInformation":"ELECTED","totalVotesPercent":8.8,"nominatorName":{"fi":"Suomen Keskusta","sv":"Centern i Finland","en":"Centre Party of Finland"},"caid":8,"position":0,"gender":"1","comparisonData":{"totalVotes":50,"votesTotalChange":-45},"edid":12,"comparativeIndex":0.0,"electionDayVotesPercent":0.0,"nominatorAbbr":{"fi":"KESK","sv":"C","en":"CENT"}},{"age":42,"advanceVotesPercent":8.8,"lastname":"Parviainen","occupation":"Lähihoitaja, seksuaalineuvoja","advanceVotes":5,"npid":1,"totalVotes":5,"spid":1,"abbr":"KESK","municipalCouncilor":false,"muid":832,"alid":1,"firstname":"Lilja","electionDayVotes":0,"pid":"2","finalPosition":0,"electedInformation":"ON_SUBSTITUTE_PLACE","totalVotesPercent":8.8,"nominatorName":{"fi":"Suomen Keskusta","sv":"Centern i Finland","en":"Centre Party of Finland"},"caid":20,"position":0,"gender":"2","comparisonData":{"totalVotes":0,"votesTotalChange":5},"edid":12,"comparativeIndex":0.0,"electionDayVotesPercent":0.0,"nominatorAbbr":{"fi":"KESK","sv":"C","en":"CENT"}},{"age":25,"advanceVotesPercent":7.0,"lastname":"Väätäjä","occupation":"Kasvatustieteiden kandidaatti","advanceVotes":4,"npid":1,"totalVotes":4,"spid":1,"abbr":"KESK","municipalCouncilor":false,"muid":832,"alid":1,"firstname":"Janne","electionDayVotes":0,"pid":"2","finalPosition":0,"electedInformation":"ON_SUBSTITUTE_PLACE","totalVotesPercent":7.0,"nominatorName":{"fi":"Suomen Keskusta","sv":"Centern i Finland","en":"Centre Party of Finland"},"caid":30,"position":0,"gender":"1","comparisonData":{"totalVotes":0,"votesTotalChange":4},"edid":12,"comparativeIndex":0.0,"electionDayVotesPercent":0.0,"nominatorAbbr":{"fi":"KESK","sv":"C","en":"CENT"}},{"age":61,"advanceVotesPercent":7.0,"lastname":"Hietala","occupation":"Terveydenhoitaja","advanceVotes":4,"npid":3,"totalVotes":4,"spid":4,"abbr":"SDP","municipalCouncilor":true,"muid":832,"alid":3,"firstname":"Heli","electionDayVotes":0,"pid":"1","finalPosition":0,"electedInformation":"ELECTED","totalVotesPercent":7.0,"nominatorName":{"fi":"Suomen Sosialidemokraattinen Puolue","sv":"Finlands Socialdemokratiska Parti","en":"The Finnish Social Democratic Party"},"caid":39,"position":0,"gender":"2","comparisonData":{"totalVotes":153,"votesTotalChange":-149},"edid":12,"comparativeIndex":0.0,"electionDayVotesPercent":0.0,"nominatorAbbr":{"fi":"SDP","sv":"SDP","en":"SDP"}},{"age":41,"advanceVotesPercent":7.0,"lastname":"Turpeinen","occupation":"Autonkuljettaja","advanceVotes":4,"npid":6,"totalVotes":4,"spid":99,"abbr":"Muut","municipalCouncilor":true,"muid":832,"alid":6,"firstname":"Jouko Petteri","electionDayVotes":0,"pid":"8326","finalPosition":0,"electedInformation":"ON_SUBSTITUTE_PLACE","totalVotesPercent":7.0,"nominatorName":{"fi":"Taivalkosken Sitoutumattomat -yhteislista","sv":"Taivalkosken Sitoutumattomat -yhteislista","en":"Taivalkosken Sitoutumattomat -yhteislista"},"caid":62,"position":0,"gender":"1","comparisonData":{"totalVotes":116,"votesTotalChange":-112},"edid":12,"comparativeIndex":0.0,"electionDayVotesPercent":0.0,"nominatorAbbr":{"fi":"TkenSi","sv":"TkenSi","en":"TkenSi"}},{"age":51,"advanceVotesPercent":5.3,"lastname":"Puolakanaho","occupation":"Levyseppä-hitsaaja","advanceVotes":3,"npid":2,"totalVotes":3,"spid":3,"abbr":"PS","municipalCouncilor":true,"muid":832,"alid":2,"firstname":"Raimo Johannes","electionDayVotes":0,"pid":"23","finalPosition":0,"electedInformation":"ON_SUBSTITUTE_PLACE","totalVotesPercent":5.3,"nominatorName":{"fi":"Perussuomalaiset","sv":"Sannfinländarna","en":"The Finns Party"},"caid":36,"position":0,"gender":"1","comparisonData":{"totalVotes":65,"votesTotalChange":-62},"edid":12,"comparativeIndex":0.0,"electionDayVotesPercent":0.0,"nominatorAbbr":{"fi":"PS","sv":"Sannf","en":"FINNS"}},{"age":51,"advanceVotesPercent":5.3,"lastname":"Kivimäki","occupation":"Yrittäjä","advanceVotes":3,"npid":6,"totalVotes":3,"spid":99,"abbr":"Muut","municipalCouncilor":false,"muid":832,"alid":6,"firstname":"Pasi Rainer","electionDayVotes":0,"pid":"8326","finalPosition":0,"electedInformation":"ELECTED","totalVotesPercent":5.3,"nominatorName":{"fi":"Taivalkosken Sitoutumattomat -yhteislista","sv":"Taivalkosken Sitoutumattomat -yhteislista","en":"Taivalkosken Sitoutumattomat -yhteislista"},"caid":58,"position":0,"gender":"1","comparisonData":{"totalVotes":0,"votesTotalChange":3},"edid":12,"comparativeIndex":0.0,"electionDayVotesPercent":0.0,"nominatorAbbr":{"fi":"TkenSi","sv":"TkenSi","en":"TkenSi"}},{"age":66,"advanceVotesPercent":3.5,"lastname":"Keränen","occupation":"Kansanedustaja","advanceVotes":2,"npid":1,"totalVotes":2,"spid":1,"abbr":"KESK","municipalCouncilor":true,"muid":832,"alid":1,"firstname":"Niilo","electionDayVotes":0,"pid":"2","finalPosition":0,"electedInformation":"ELECTED","totalVotesPercent":3.5,"nominatorName":{"fi":"Suomen Keskusta","sv":"Centern i Finland","en":"Centre Party of Finland"},"caid":10,"position":0,"gender":"1","comparisonData":{"totalVotes":78,"votesTotalChange":-76},"edid":12,"comparativeIndex":0.0,"electionDayVotesPercent":0.0,"nominatorAbbr":{"fi":"KESK","sv":"C","en":"CENT"}},{"age":57,"advanceVotesPercent":3.5,"lastname":"Paloniemi","occupation":"Metsäneuvoja","advanceVotes":2,"npid":1,"totalVotes":2,"spid":1,"abbr":"KESK","municipalCouncilor":true,"muid":832,"alid":1,"firstname":"Markku","electionDayVotes":0,"pid":"2","finalPosition":0,"electedInformation":"ELECTED","totalVotesPercent":3.5,"nominatorName":{"fi":"Suomen Keskusta","sv":"Centern i Finland","en":"Centre Party of Finland"},"caid":19,"position":0,"gender":"1","comparisonData":{"totalVotes":56,"votesTotalChange":-54},"edid":12,"comparativeIndex":0.0,"electionDayVotesPercent":0.0,"nominatorAbbr":{"fi":"KESK","sv":"C","en":"CENT"}},{"age":65,"advanceVotesPercent":3.5,"lastname":"Nevanperä","occupation":"Myyntiedustaja/eläkeläinen","advanceVotes":2,"npid":2,"totalVotes":2,"spid":3,"abbr":"PS","municipalCouncilor":true,"muid":832,"alid":2,"firstname":"Ahti Antero","electionDayVotes":0,"pid":"23","finalPosition":0,"electedInformation":"ELECTED","totalVotesPercent":3.5,"nominatorName":{"fi":"Perussuomalaiset","sv":"Sannfinländarna","en":"The Finns Party"},"caid":34,"position":0,"gender":"1","comparisonData":{"totalVotes":93,"votesTotalChange":-91},"edid":12,"comparativeIndex":0.0,"electionDayVotesPercent":0.0,"nominatorAbbr":{"fi":"PS","sv":"Sannf","en":"FINNS"}},{"age":42,"advanceVotesPercent":3.5,"lastname":"Tiihonen","occupation":"Myyjä/opiskelija","advanceVotes":2,"npid":2,"totalVotes":2,"spid":3,"abbr":"PS","municipalCouncilor":false,"muid":832,"alid":2,"firstname":"Outi Hannele","electionDayVotes":0,"pid":"23","finalPosition":0,"electedInformation":"NOT_ELECTED","totalVotesPercent":3.5,"nominatorName":{"fi":"Perussuomalaiset","sv":"Sannfinländarna","en":"The Finns Party"},"caid":37,"position":0,"gender":"2","comparisonData":{"totalVotes":0,"votesTotalChange":2},"edid":12,"comparativeIndex":0.0,"electionDayVotesPercent":0.0,"nominatorAbbr":{"fi":"PS","sv":"Sannf","en":"FINNS"}},{"age":51,"advanceVotesPercent":1.8,"lastname":"Heikkala","occupation":"Maatalousyrittäjä","advanceVotes":1,"npid":1,"totalVotes":1,"spid":1,"abbr":"KESK","municipalCouncilor":true,"muid":832,"alid":1,"firstname":"Vesa","electionDayVotes":0,"pid":"2","finalPosition":0,"electedInformation":"NOT_ELECTED","totalVotesPercent":1.8,"nominatorName":{"fi":"Suomen Keskusta","sv":"Centern i Finland","en":"Centre Party of Finland"},"caid":3,"position":0,"gender":"1","comparisonData":{"totalVotes":41,"votesTotalChange":-40},"edid":12,"comparativeIndex":0.0,"electionDayVotesPercent":0.0,"nominatorAbbr":{"fi":"KESK","sv":"C","en":"CENT"}},{"age":45,"advanceVotesPercent":1.8,"lastname":"Kuukasjärvi","occupation":"Yrittäjä","advanceVotes":1,"npid":1,"totalVotes":1,"spid":1,"abbr":"KESK","municipalCouncilor":true,"muid":832,"alid":1,"firstname":"Juha","electionDayVotes":0,"pid":"2","finalPosition":0,"electedInformation":"ELECTED","totalVotesPercent":1.8,"nominatorName":{"fi":"Suomen Keskusta","sv":"Centern i Finland","en":"Centre Party of Finland"},"caid":14,"position":0,"gender":"1","comparisonData":{"totalVotes":44,"votesTotalChange":-43},"edid":12,"comparativeIndex":0.0,"electionDayVotesPercent":0.0,"nominatorAbbr":{"fi":"KESK","sv":"C","en":"CENT"}},{"age":49,"advanceVotesPercent":1.8,"lastname":"Ronkainen","occupation":"Sotilas evp., eläkeläinen","advanceVotes":1,"npid":1,"totalVotes":1,"spid":1,"abbr":"KESK","municipalCouncilor":false,"muid":832,"alid":1,"firstname":"Pertti","electionDayVotes":0,"pid":"2","finalPosition":0,"electedInformation":"ELECTED","totalVotesPercent":1.8,"nominatorName":{"fi":"Suomen Keskusta","sv":"Centern i Finland","en":"Centre Party of Finland"},"caid":22,"position":0,"gender":"1","comparisonData":{"totalVotes":0,"votesTotalChange":1},"edid":12,"comparativeIndex":0.0,"electionDayVotesPercent":0.0,"nominatorAbbr":{"fi":"KESK","sv":"C","en":"CENT"}},{"age":59,"advanceVotesPercent":1.8,"lastname":"Tauriainen","occupation":"Myyjä","advanceVotes":1,"npid":1,"totalVotes":1,"spid":1,"abbr":"KESK","municipalCouncilor":false,"muid":832,"alid":1,"firstname":"Irene","electionDayVotes":0,"pid":"2","finalPosition":0,"electedInformation":"ON_SUBSTITUTE_PLACE","totalVotesPercent":1.8,"nominatorName":{"fi":"Suomen Keskusta","sv":"Centern i Finland","en":"Centre Party of Finland"},"caid":24,"position":0,"gender":"2","comparisonData":{"totalVotes":31,"votesTotalChange":-30},"edid":12,"comparativeIndex":0.0,"electionDayVotesPercent":0.0,"nominatorAbbr":{"fi":"KESK","sv":"C","en":"CENT"}},{"age":62,"advanceVotesPercent":1.8,"lastname":"Udd","occupation":"Eläkeläinen","advanceVotes":1,"npid":1,"totalVotes":1,"spid":1,"abbr":"KESK","municipalCouncilor":false,"muid":832,"alid":1,"firstname":"Kari","electionDayVotes":0,"pid":"2","finalPosition":0,"electedInformation":"ON_SUBSTITUTE_PLACE","totalVotesPercent":1.8,"nominatorName":{"fi":"Suomen Keskusta","sv":"Centern i Finland","en":"Centre Party of Finland"},"caid":28,"position":0,"gender":"1","comparisonData":{"totalVotes":0,"votesTotalChange":1},"edid":12,"comparativeIndex":0.0,"electionDayVotesPercent":0.0,"nominatorAbbr":{"fi":"KESK","sv":"C","en":"CENT"}},{"age":64,"advanceVotesPercent":1.8,"lastname":"Virkkunen","occupation":"Maaseutuyrittäjä","advanceVotes":1,"npid":1,"totalVotes":1,"spid":1,"abbr":"KESK","municipalCouncilor":true,"muid":832,"alid":1,"firstname":"Juha","electionDayVotes":0,"pid":"2","finalPosition":0,"electedInformation":"ELECTED","totalVotesPercent":1.8,"nominatorName":{"fi":"Suomen Keskusta","sv":"Centern i Finland","en":"Centre Party of Finland"},"caid":29,"position":0,"gender":"1","comparisonData":{"totalVotes":48,"votesTotalChange":-47},"edid":12,"comparativeIndex":0.0,"electionDayVotesPercent":0.0,"nominatorAbbr":{"fi":"KESK","sv":"C","en":"CENT"}},{"age":83,"advanceVotesPercent":1.8,"lastname":"Pitkänen","occupation":"Eläkeläinen","advanceVotes":1,"npid":2,"totalVotes":1,"spid":3,"abbr":"PS","municipalCouncilor":false,"muid":832,"alid":2,"firstname":"Eino Antero","electionDayVotes":0,"pid":"23","finalPosition":0,"electedInformation":"NOT_ELECTED","totalVotesPercent":1.8,"nominatorName":{"fi":"Perussuomalaiset","sv":"Sannfinländarna","en":"The Finns Party"},"caid":35,"position":0,"gender":"1","comparisonData":{"totalVotes":17,"votesTotalChange":-16},"edid":12,"comparativeIndex":0.0,"electionDayVotesPercent":0.0,"nominatorAbbr":{"fi":"PS","sv":"Sannf","en":"FINNS"}},{"age":56,"advanceVotesPercent":1.8,"lastname":"Jakkila-Parkkinen","occupation":"Fysioterapeutti","advanceVotes":1,"npid":3,"totalVotes":1,"spid":4,"abbr":"SDP","municipalCouncilor":false,"muid":832,"alid":3,"firstname":"Tiina","electionDayVotes":0,"pid":"1","finalPosition":0,"electedInformation":"ELECTED","totalVotesPercent":1.8,"nominatorName":{"fi":"Suomen Sosialidemokraattinen Puolue","sv":"Finlands Socialdemokratiska Parti","en":"The Finnish Social Democratic Party"},"caid":40,"position":0,"gender":"2","comparisonData":{"totalVotes":0,"votesTotalChange":1},"edid":12,"comparativeIndex":0.0,"electionDayVotesPercent":0.0,"nominatorAbbr":{"fi":"SDP","sv":"SDP","en":"SDP"}},{"age":70,"advanceVotesPercent":1.8,"lastname":"Jurmu","occupation":"Konekorjaaja, eläkkeellä","advanceVotes":1,"npid":3,"totalVotes":1,"spid":4,"abbr":"SDP","municipalCouncilor":false,"muid":832,"alid":3,"firstname":"Paavo Johannes","electionDayVotes":0,"pid":"1","finalPosition":0,"electedInformation":"NOT_ELECTED","totalVotesPercent":1.8,"nominatorName":{"fi":"Suomen Sosialidemokraattinen Puolue","sv":"Finlands Socialdemokratiska Parti","en":"The Finnish Social Democratic Party"},"caid":41,"position":0,"gender":"1","comparisonData":{"totalVotes":18,"votesTotalChange":-17},"edid":12,"comparativeIndex":0.0,"electionDayVotesPercent":0.0,"nominatorAbbr":{"fi":"SDP","sv":"SDP","en":"SDP"}},{"age":63,"advanceVotesPercent":1.8,"lastname":"Kumpumäki","occupation":"Hautauspalvelutyöntekijä","advanceVotes":1,"npid":3,"totalVotes":1,"spid":4,"abbr":"SDP","municipalCouncilor":false,"muid":832,"alid":3,"firstname":"Kauko","electionDayVotes":0,"pid":"1","finalPosition":0,"electedInformation":"ELECTED","totalVotesPercent":1.8,"nominatorName":{"fi":"Suomen Sosialidemokraattinen Puolue","sv":"Finlands Socialdemokratiska Parti","en":"The Finnish Social Democratic Party"},"caid":44,"position":0,"gender":"1","comparisonData":{"totalVotes":0,"votesTotalChange":1},"edid":12,"comparativeIndex":0.0,"electionDayVotesPercent":0.0,"nominatorAbbr":{"fi":"SDP","sv":"SDP","en":"SDP"}},{"age":66,"advanceVotesPercent":1.8,"lastname":"Buller","occupation":"Ent. pääjohtaja","advanceVotes":1,"npid":5,"totalVotes":1,"spid":6,"abbr":"VAS","municipalCouncilor":false,"muid":832,"alid":5,"firstname":"Osmo","electionDayVotes":0,"pid":"15","finalPosition":0,"electedInformation":"ELECTED","totalVotesPercent":1.8,"nominatorName":{"fi":"Vasemmistoliitto","sv":"Vänsterförbundet","en":"The Left Alliance"},"caid":54,"position":0,"gender":"1","comparisonData":{"totalVotes":0,"votesTotalChange":1},"edid":12,"comparativeIndex":0.0,"electionDayVotesPercent":0.0,"nominatorAbbr":{"fi":"VAS","sv":"VF","en":"LEFT"}},{"age":37,"advanceVotesPercent":1.8,"lastname":"Keränen","occupation":"Opiskelija, koulunkäyntiavustaja","advanceVotes":1,"npid":6,"totalVotes":1,"spid":99,"abbr":"Muut","municipalCouncilor":false,"muid":832,"alid":6,"firstname":"Terhi","electionDayVotes":0,"pid":"8326","finalPosition":0,"electedInformation":"ON_SUBSTITUTE_PLACE","totalVotesPercent":1.8,"nominatorName":{"fi":"Taivalkosken Sitoutumattomat -yhteislista","sv":"Taivalkosken Sitoutumattomat -yhteislista","en":"Taivalkosken Sitoutumattomat -yhteislista"},"caid":57,"position":0,"gender":"2","comparisonData":{"totalVotes":0,"votesTotalChange":1},"edid":12,"comparativeIndex":0.0,"electionDayVotesPercent":0.0,"nominatorAbbr":{"fi":"TkenSi","sv":"TkenSi","en":"TkenSi"}},{"age":53,"advanceVotesPercent":1.8,"lastname":"Savolainen","occupation":"Opettaja","advanceVotes":1,"npid":6,"totalVotes":1,"spid":99,"abbr":"Muut","municipalCouncilor":true,"muid":832,"alid":6,"firstname":"Pekka","electionDayVotes":0,"pid":"8326","finalPosition":0,"electedInformation":"NOT_ELECTED","totalVotesPercent":1.8,"nominatorName":{"fi":"Taivalkosken Sitoutumattomat -yhteislista","sv":"Taivalkosken Sitoutumattomat -yhteislista","en":"Taivalkosken Sitoutumattomat -yhteislista"},"caid":61,"position":0,"gender":"1","comparisonData":{"totalVotes":61,"votesTotalChange":-60},"edid":12,"comparativeIndex":0.0,"electionDayVotesPercent":0.0,"nominatorAbbr":{"fi":"TkenSi","sv":"TkenSi","en":"TkenSi"}},{"age":48,"advanceVotesPercent":1.8,"lastname":"Tyni","occupation":"Agrologi, maaseutuasiamies","advanceVotes":1,"npid":6,"totalVotes":1,"spid":99,"abbr":"Muut","municipalCouncilor":true,"muid":832,"alid":6,"firstname":"Kauko","electionDayVotes":0,"pid":"8326","finalPosition":0,"electedInformation":"ELECTED","totalVotesPercent":1.8,"nominatorName":{"fi":"Taivalkosken Sitoutumattomat -yhteislista","sv":"Taivalkosken Sitoutumattomat -yhteislista","en":"Taivalkosken Sitoutumattomat -yhteislista"},"caid":63,"position":0,"gender":"1","comparisonData":{"totalVotes":42,"votesTotalChange":-41},"edid":12,"comparativeIndex":0.0,"electionDayVotesPercent":0.0,"nominatorAbbr":{"fi":"TkenSi","sv":"TkenSi","en":"TkenSi"}},{"age":48,"advanceVotesPercent":1.8,"lastname":"Vääräniemi","occupation":"Sosionomi (AMK), vastaanottokeskuksen johtaja","advanceVotes":1,"npid":6,"totalVotes":1,"spid":99,"abbr":"Muut","municipalCouncilor":false,"muid":832,"alid":6,"firstname":"Sanna Katariina","electionDayVotes":0,"pid":"8326","finalPosition":0,"electedInformation":"ELECTED","totalVotesPercent":1.8,"nominatorName":{"fi":"Taivalkosken Sitoutumattomat -yhteislista","sv":"Taivalkosken Sitoutumattomat -yhteislista","en":"Taivalkosken Sitoutumattomat -yhteislista"},"caid":64,"position":0,"gender":"2","comparisonData":{"totalVotes":0,"votesTotalChange":1},"edid":12,"comparativeIndex":0.0,"electionDayVotesPercent":0.0,"nominatorAbbr":{"fi":"TkenSi","sv":"TkenSi","en":"TkenSi"}},{"age":60,"advanceVotesPercent":0.0,"lastname":"Ervasti","occupation":"Sähköteknikko, yrittäjä","advanceVotes":0,"npid":1,"totalVotes":0,"spid":1,"abbr":"KESK","municipalCouncilor":true,"muid":832,"alid":1,"firstname":"Hannu","electionDayVotes":0,"pid":"2","finalPosition":0,"electedInformation":"ON_SUBSTITUTE_PLACE","totalVotesPercent":0.0,"nominatorName":{"fi":"Suomen Keskusta","sv":"Centern i Finland","en":"Centre Party of Finland"},"caid":2,"position":0,"gender":"1","comparisonData":{"totalVotes":45,"votesTotalChange":-45},"edid":12,"comparativeIndex":0.0,"electionDayVotesPercent":0.0,"nominatorAbbr":{"fi":"KESK","sv":"C","en":"CENT"}},{"age":44,"advanceVotesPercent":0.0,"lastname":"Hietala","occupation":"Lehtori, insinööri (AMK)","advanceVotes":0,"npid":1,"totalVotes":0,"spid":1,"abbr":"KESK","municipalCouncilor":false,"muid":832,"alid":1,"firstname":"Janne","electionDayVotes":0,"pid":"2","finalPosition":0,"electedInformation":"ON_SUBSTITUTE_PLACE","totalVotesPercent":0.0,"nominatorName":{"fi":"Suomen Keskusta","sv":"Centern i Finland","en":"Centre Party of Finland"},"caid":4,"position":0,"gender":"1","comparisonData":{"totalVotes":12,"votesTotalChange":-12},"edid":12,"comparativeIndex":0.0,"electionDayVotesPercent":0.0,"nominatorAbbr":{"fi":"KESK","sv":"C","en":"CENT"}},{"age":65,"advanceVotesPercent":0.0,"lastname":"Horsma","occupation":"Rajavartija evp., kirjailija","advanceVotes":0,"npid":1,"totalVotes":0,"spid":1,"abbr":"KESK","municipalCouncilor":true,"muid":832,"alid":1,"firstname":"Tuomo","electionDayVotes":0,"pid":"2","finalPosition":0,"electedInformation":"ELECTED","totalVotesPercent":0.0,"nominatorName":{"fi":"Suomen Keskusta","sv":"Centern i Finland","en":"Centre Party of Finland"},"caid":5,"position":0,"gender":"1","comparisonData":{"totalVotes":41,"votesTotalChange":-41},"edid":12,"comparativeIndex":0.0,"electionDayVotesPercent":0.0,"nominatorAbbr":{"fi":"KESK","sv":"C","en":"CENT"}},{"age":60,"advanceVotesPercent":0.0,"lastname":"Ihme","occupation":"KM","advanceVotes":0,"npid":1,"totalVotes":0,"spid":1,"abbr":"KESK","municipalCouncilor":false,"muid":832,"alid":1,"firstname":"Maaret","electionDayVotes":0,"pid":"2","finalPosition":0,"electedInformation":"ELECTED","totalVotesPercent":0.0,"nominatorName":{"fi":"Suomen Keskusta","sv":"Centern i Finland","en":"Centre Party of Finland"},"caid":6,"position":0,"gender":"2","comparisonData":{"totalVotes":29,"votesTotalChange":-29},"edid":12,"comparativeIndex":0.0,"electionDayVotesPercent":0.0,"nominatorAbbr":{"fi":"KESK","sv":"C","en":"CENT"}},{"age":79,"advanceVotesPercent":0.0,"lastname":"Jaakkola","occupation":"Eläkeläinen, rakennusmestari","advanceVotes":0,"npid":1,"totalVotes":0,"spid":1,"abbr":"KESK","municipalCouncilor":false,"muid":832,"alid":1,"firstname":"Veikko","electionDayVotes":0,"pid":"2","finalPosition":0,"electedInformation":"ON_SUBSTITUTE_PLACE","totalVotesPercent":0.0,"nominatorName":{"fi":"Suomen Keskusta","sv":"Centern i Finland","en":"Centre Party of Finland"},"caid":7,"position":0,"gender":"1","comparisonData":{"totalVotes":0,"votesTotalChange":0},"edid":12,"comparativeIndex":0.0,"electionDayVotesPercent":0.0,"nominatorAbbr":{"fi":"KESK","sv":"C","en":"CENT"}},{"age":24,"advanceVotesPercent":0.0,"lastname":"Keränen","occupation":"Maatalouslomittaja","advanceVotes":0,"npid":1,"totalVotes":0,"spid":1,"abbr":"KESK","municipalCouncilor":false,"muid":832,"alid":1,"firstname":"Jenni","electionDayVotes":0,"pid":"2","finalPosition":0,"electedInformation":"NOT_ELECTED","totalVotesPercent":0.0,"nominatorName":{"fi":"Suomen Keskusta","sv":"Centern i Finland","en":"Centre Party of Finland"},"caid":9,"position":0,"gender":"2","comparisonData":{"totalVotes":0,"votesTotalChange":0},"edid":12,"comparativeIndex":0.0,"electionDayVotesPercent":0.0,"nominatorAbbr":{"fi":"KESK","sv":"C","en":"CENT"}},{"age":51,"advanceVotesPercent":0.0,"lastname":"Keränen","occupation":"Isännöitsijä","advanceVotes":0,"npid":1,"totalVotes":0,"spid":1,"abbr":"KESK","municipalCouncilor":false,"muid":832,"alid":1,"firstname":"Oiva","electionDayVotes":0,"pid":"2","finalPosition":0,"electedInformation":"ON_SUBSTITUTE_PLACE","totalVotesPercent":0.0,"nominatorName":{"fi":"Suomen Keskusta","sv":"Centern i Finland","en":"Centre Party of Finland"},"caid":11,"position":0,"gender":"1","comparisonData":{"totalVotes":0,"votesTotalChange":0},"edid":12,"comparativeIndex":0.0,"electionDayVotesPercent":0.0,"nominatorAbbr":{"fi":"KESK","sv":"C","en":"CENT"}},{"age":20,"advanceVotesPercent":0.0,"lastname":"Keränen","occupation":"Ylioppilas","advanceVotes":0,"npid":1,"totalVotes":0,"spid":1,"abbr":"KESK","municipalCouncilor":false,"muid":832,"alid":1,"firstname":"Simo","electionDayVotes":0,"pid":"2","finalPosition":0,"electedInformation":"NOT_ELECTED","totalVotesPercent":0.0,"nominatorName":{"fi":"Suomen Keskusta","sv":"Centern i Finland","en":"Centre Party of Finland"},"caid":12,"position":0,"gender":"1","comparisonData":{"totalVotes":0,"votesTotalChange":0},"edid":12,"comparativeIndex":0.0,"electionDayVotesPercent":0.0,"nominatorAbbr":{"fi":"KESK","sv":"C","en":"CENT"}},{"age":32,"advanceVotesPercent":0.0,"lastname":"Kesti","occupation":"Perheenäiti","advanceVotes":0,"npid":1,"totalVotes":0,"spid":1,"abbr":"KESK","municipalCouncilor":false,"muid":832,"alid":1,"firstname":"Sari","electionDayVotes":0,"pid":"2","finalPosition":0,"electedInformation":"ON_SUBSTITUTE_PLACE","totalVotesPercent":0.0,"nominatorName":{"fi":"Suomen Keskusta","sv":"Centern i Finland","en":"Centre Party of Finland"},"caid":13,"position":0,"gender":"2","comparisonData":{"totalVotes":35,"votesTotalChange":-35},"edid":12,"comparativeIndex":0.0,"electionDayVotesPercent":0.0,"nominatorAbbr":{"fi":"KESK","sv":"C","en":"CENT"}},{"age":43,"advanceVotesPercent":0.0,"lastname":"Käsmä","occupation":"Perhetyöntekijä","advanceVotes":0,"npid":1,"totalVotes":0,"spid":1,"abbr":"KESK","municipalCouncilor":false,"muid":832,"alid":1,"firstname":"Susanna","electionDayVotes":0,"pid":"2","finalPosition":0,"electedInformation":"NOT_ELECTED","totalVotesPercent":0.0,"nominatorName":{"fi":"Suomen Keskusta","sv":"Centern i Finland","en":"Centre Party of Finland"},"caid":15,"position":0,"gender":"2","comparisonData":{"totalVotes":34,"votesTotalChange":-34},"edid":12,"comparativeIndex":0.0,"electionDayVotesPercent":0.0,"nominatorAbbr":{"fi":"KESK","sv":"C","en":"CENT"}},{"age":27,"advanceVotesPercent":0.0,"lastname":"Latvajärvi","occupation":"Kotiäiti","advanceVotes":0,"npid":1,"totalVotes":0,"spid":1,"abbr":"KESK","municipalCouncilor":false,"muid":832,"alid":1,"firstname":"Tiia","electionDayVotes":0,"pid":"2","finalPosition":0,"electedInformation":"NOT_ELECTED","totalVotesPercent":0.0,"nominatorName":{"fi":"Suomen Keskusta","sv":"Centern i Finland","en":"Centre Party of Finland"},"caid":16,"position":0,"gender":"2","comparisonData":{"totalVotes":0,"votesTotalChange":0},"edid":12,"comparativeIndex":0.0,"electionDayVotesPercent":0.0,"nominatorAbbr":{"fi":"KESK","sv":"C","en":"CENT"}},{"age":47,"advanceVotesPercent":0.0,"lastname":"Lohilahti","occupation":"Palveluneuvoja","advanceVotes":0,"npid":1,"totalVotes":0,"spid":1,"abbr":"KESK","municipalCouncilor":false,"muid":832,"alid":1,"firstname":"Pirjo","electionDayVotes":0,"pid":"2","finalPosition":0,"electedInformation":"NOT_ELECTED","totalVotesPercent":0.0,"nominatorName":{"fi":"Suomen Keskusta","sv":"Centern i Finland","en":"Centre Party of Finland"},"caid":17,"position":0,"gender":"2","comparisonData":{"totalVotes":7,"votesTotalChange":-7},"edid":12,"comparativeIndex":0.0,"electionDayVotesPercent":0.0,"nominatorAbbr":{"fi":"KESK","sv":"C","en":"CENT"}},{"age":26,"advanceVotesPercent":0.0,"lastname":"Manninen","occupation":"Yhteisöpedagogi","advanceVotes":0,"npid":1,"totalVotes":0,"spid":1,"abbr":"KESK","municipalCouncilor":false,"muid":832,"alid":1,"firstname":"Enni","electionDayVotes":0,"pid":"2","finalPosition":0,"electedInformation":"NOT_ELECTED","totalVotesPercent":0.0,"nominatorName":{"fi":"Suomen Keskusta","sv":"Centern i Finland","en":"Centre Party of Finland"},"caid":18,"position":0,"gender":"2","comparisonData":{"totalVotes":0,"votesTotalChange":0},"edid":12,"comparativeIndex":0.0,"electionDayVotesPercent":0.0,"nominatorAbbr":{"fi":"KESK","sv":"C","en":"CENT"}},{"age":67,"advanceVotesPercent":0.0,"lastname":"Pulkkanen","occupation":"Sairaanhoitaja, eläkeläinen","advanceVotes":0,"npid":1,"totalVotes":0,"spid":1,"abbr":"KESK","municipalCouncilor":true,"muid":832,"alid":1,"firstname":"Anneli","electionDayVotes":0,"pid":"2","finalPosition":0,"electedInformation":"ELECTED","totalVotesPercent":0.0,"nominatorName":{"fi":"Suomen Keskusta","sv":"Centern i Finland","en":"Centre Party of Finland"},"caid":21,"position":0,"gender":"2","comparisonData":{"totalVotes":59,"votesTotalChange":-59},"edid":12,"comparativeIndex":0.0,"electionDayVotesPercent":0.0,"nominatorAbbr":{"fi":"KESK","sv":"C","en":"CENT"}},{"age":49,"advanceVotesPercent":0.0,"lastname":"Taivalkoski","occupation":"Kotiäiti","advanceVotes":0,"npid":1,"totalVotes":0,"spid":1,"abbr":"KESK","municipalCouncilor":false,"muid":832,"alid":1,"firstname":"Maria","electionDayVotes":0,"pid":"2","finalPosition":0,"electedInformation":"ON_SUBSTITUTE_PLACE","totalVotesPercent":0.0,"nominatorName":{"fi":"Suomen Keskusta","sv":"Centern i Finland","en":"Centre Party of Finland"},"caid":23,"position":0,"gender":"2","comparisonData":{"totalVotes":12,"votesTotalChange":-12},"edid":12,"comparativeIndex":0.0,"electionDayVotesPercent":0.0,"nominatorAbbr":{"fi":"KESK","sv":"C","en":"CENT"}},{"age":71,"advanceVotesPercent":0.0,"lastname":"Turpeinen","occupation":"Eläkeläinen","advanceVotes":0,"npid":1,"totalVotes":0,"spid":1,"abbr":"KESK","municipalCouncilor":false,"muid":832,"alid":1,"firstname":"Aune","electionDayVotes":0,"pid":"2","finalPosition":0,"electedInformation":"ELECTED","totalVotesPercent":0.0,"nominatorName":{"fi":"Suomen Keskusta","sv":"Centern i Finland","en":"Centre Party of Finland"},"caid":25,"position":0,"gender":"2","comparisonData":{"totalVotes":0,"votesTotalChange":0},"edid":12,"comparativeIndex":0.0,"electionDayVotesPercent":0.0,"nominatorAbbr":{"fi":"KESK","sv":"C","en":"CENT"}},{"age":60,"advanceVotesPercent":0.0,"lastname":"Turpeinen","occupation":"Ylirajavartija evp., eläkeläinen","advanceVotes":0,"npid":1,"totalVotes":0,"spid":1,"abbr":"KESK","municipalCouncilor":true,"muid":832,"alid":1,"firstname":"Vesa","electionDayVotes":0,"pid":"2","finalPosition":0,"electedInformation":"ELECTED","totalVotesPercent":0.0,"nominatorName":{"fi":"Suomen Keskusta","sv":"Centern i Finland","en":"Centre Party of Finland"},"caid":26,"position":0,"gender":"1","comparisonData":{"totalVotes":54,"votesTotalChange":-54},"edid":12,"comparativeIndex":0.0,"electionDayVotesPercent":0.0,"nominatorAbbr":{"fi":"KESK","sv":"C","en":"CENT"}},{"age":43,"advanceVotesPercent":0.0,"lastname":"Tyni","occupation":"Palveluneuvoja","advanceVotes":0,"npid":1,"totalVotes":0,"spid":1,"abbr":"KESK","municipalCouncilor":false,"muid":832,"alid":1,"firstname":"Liisa","electionDayVotes":0,"pid":"2","finalPosition":0,"electedInformation":"ON_SUBSTITUTE_PLACE","totalVotesPercent":0.0,"nominatorName":{"fi":"Suomen Keskusta","sv":"Centern i Finland","en":"Centre Party of Finland"},"caid":27,"position":0,"gender":"2","comparisonData":{"totalVotes":27,"votesTotalChange":-27},"edid":12,"comparativeIndex":0.0,"electionDayVotesPercent":0.0,"nominatorAbbr":{"fi":"KESK","sv":"C","en":"CENT"}},{"age":46,"advanceVotesPercent":0.0,"lastname":"Heinikoski","occupation":"Yrittäjä","advanceVotes":0,"npid":2,"totalVotes":0,"spid":3,"abbr":"PS","municipalCouncilor":false,"muid":832,"alid":2,"firstname":"Risto Uolevi","electionDayVotes":0,"pid":"23","finalPosition":0,"electedInformation":"NOT_ELECTED","totalVotesPercent":0.0,"nominatorName":{"fi":"Perussuomalaiset","sv":"Sannfinländarna","en":"The Finns Party"},"caid":31,"position":0,"gender":"1","comparisonData":{"totalVotes":0,"votesTotalChange":0},"edid":12,"comparativeIndex":0.0,"electionDayVotesPercent":0.0,"nominatorAbbr":{"fi":"PS","sv":"Sannf","en":"FINNS"}},{"age":64,"advanceVotesPercent":0.0,"lastname":"Hokki","occupation":"Keittiöapulainen/henkilökohtainen avustaja","advanceVotes":0,"npid":2,"totalVotes":0,"spid":3,"abbr":"PS","municipalCouncilor":false,"muid":832,"alid":2,"firstname":"Kirsti Irmeli","electionDayVotes":0,"pid":"23","finalPosition":0,"electedInformation":"NOT_ELECTED","totalVotesPercent":0.0,"nominatorName":{"fi":"Perussuomalaiset","sv":"Sannfinländarna","en":"The Finns Party"},"caid":32,"position":0,"gender":"2","comparisonData":{"totalVotes":0,"votesTotalChange":0},"edid":12,"comparativeIndex":0.0,"electionDayVotesPercent":0.0,"nominatorAbbr":{"fi":"PS","sv":"Sannf","en":"FINNS"}},{"age":57,"advanceVotesPercent":0.0,"lastname":"Huttu","occupation":"Eläkeläinen","advanceVotes":0,"npid":2,"totalVotes":0,"spid":3,"abbr":"PS","municipalCouncilor":true,"muid":832,"alid":2,"firstname":"Hannu","electionDayVotes":0,"pid":"23","finalPosition":0,"electedInformation":"ON_SUBSTITUTE_PLACE","totalVotesPercent":0.0,"nominatorName":{"fi":"Perussuomalaiset","sv":"Sannfinländarna","en":"The Finns Party"},"caid":33,"position":0,"gender":"1","comparisonData":{"totalVotes":26,"votesTotalChange":-26},"edid":12,"comparativeIndex":0.0,"electionDayVotesPercent":0.0,"nominatorAbbr":{"fi":"PS","sv":"Sannf","en":"FINNS"}},{"age":47,"advanceVotesPercent":0.0,"lastname":"Heikkala","occupation":"Yrittäjä","advanceVotes":0,"npid":3,"totalVotes":0,"spid":4,"abbr":"SDP","municipalCouncilor":true,"muid":832,"alid":3,"firstname":"Jari","electionDayVotes":0,"pid":"1","finalPosition":0,"electedInformation":"NOT_ELECTED","totalVotesPercent":0.0,"nominatorName":{"fi":"Suomen Sosialidemokraattinen Puolue","sv":"Finlands Socialdemokratiska Parti","en":"The Finnish Social Democratic Party"},"caid":38,"position":0,"gender":"1","comparisonData":{"totalVotes":20,"votesTotalChange":-20},"edid":12,"comparativeIndex":0.0,"electionDayVotesPercent":0.0,"nominatorAbbr":{"fi":"SDP","sv":"SDP","en":"SDP"}},{"age":53,"advanceVotesPercent":0.0,"lastname":"Jurmu","occupation":"Sosionomi (AMK)","advanceVotes":0,"npid":3,"totalVotes":0,"spid":4,"abbr":"SDP","municipalCouncilor":false,"muid":832,"alid":3,"firstname":"Pirkko Agnes","electionDayVotes":0,"pid":"1","finalPosition":0,"electedInformation":"ON_SUBSTITUTE_PLACE","totalVotesPercent":0.0,"nominatorName":{"fi":"Suomen Sosialidemokraattinen Puolue","sv":"Finlands Socialdemokratiska Parti","en":"The Finnish Social Democratic Party"},"caid":42,"position":0,"gender":"2","comparisonData":{"totalVotes":0,"votesTotalChange":0},"edid":12,"comparativeIndex":0.0,"electionDayVotesPercent":0.0,"nominatorAbbr":{"fi":"SDP","sv":"SDP","en":"SDP"}},{"age":66,"advanceVotesPercent":0.0,"lastname":"Kortetjärvi","occupation":"Eläkeläinen","advanceVotes":0,"npid":3,"totalVotes":0,"spid":4,"abbr":"SDP","municipalCouncilor":true,"muid":832,"alid":3,"firstname":"Urpo Einari","electionDayVotes":0,"pid":"1","finalPosition":0,"electedInformation":"ELECTED","totalVotesPercent":0.0,"nominatorName":{"fi":"Suomen Sosialidemokraattinen Puolue","sv":"Finlands Socialdemokratiska Parti","en":"The Finnish Social Democratic Party"},"caid":43,"position":0,"gender":"1","comparisonData":{"totalVotes":45,"votesTotalChange":-45},"edid":12,"comparativeIndex":0.0,"electionDayVotesPercent":0.0,"nominatorAbbr":{"fi":"SDP","sv":"SDP","en":"SDP"}},{"age":66,"advanceVotesPercent":0.0,"lastname":"Lehtoniemi","occupation":"Autonkuljettaja","advanceVotes":0,"npid":3,"totalVotes":0,"spid":4,"abbr":"SDP","municipalCouncilor":false,"muid":832,"alid":3,"firstname":"Lauri","electionDayVotes":0,"pid":"1","finalPosition":0,"electedInformation":"NOT_ELECTED","totalVotesPercent":0.0,"nominatorName":{"fi":"Suomen Sosialidemokraattinen Puolue","sv":"Finlands Socialdemokratiska Parti","en":"The Finnish Social Democratic Party"},"caid":45,"position":0,"gender":"1","comparisonData":{"totalVotes":7,"votesTotalChange":-7},"edid":12,"comparativeIndex":0.0,"electionDayVotesPercent":0.0,"nominatorAbbr":{"fi":"SDP","sv":"SDP","en":"SDP"}},{"age":67,"advanceVotesPercent":0.0,"lastname":"Lämsä","occupation":"Lähihoitaja/eläkeläinen","advanceVotes":0,"npid":3,"totalVotes":0,"spid":4,"abbr":"SDP","municipalCouncilor":true,"muid":832,"alid":3,"firstname":"Kerttu","electionDayVotes":0,"pid":"1","finalPosition":0,"electedInformation":"ELECTED","totalVotesPercent":0.0,"nominatorName":{"fi":"Suomen Sosialidemokraattinen Puolue","sv":"Finlands Socialdemokratiska Parti","en":"The Finnish Social Democratic Party"},"caid":46,"position":0,"gender":"2","comparisonData":{"totalVotes":31,"votesTotalChange":-31},"edid":12,"comparativeIndex":0.0,"electionDayVotesPercent":0.0,"nominatorAbbr":{"fi":"SDP","sv":"SDP","en":"SDP"}},{"age":50,"advanceVotesPercent":0.0,"lastname":"Pauna","occupation":"Toimistosihteeri, omaishoitaja","advanceVotes":0,"npid":3,"totalVotes":0,"spid":4,"abbr":"SDP","municipalCouncilor":false,"muid":832,"alid":3,"firstname":"Sirpa","electionDayVotes":0,"pid":"1","finalPosition":0,"electedInformation":"ON_SUBSTITUTE_PLACE","totalVotesPercent":0.0,"nominatorName":{"fi":"Suomen Sosialidemokraattinen Puolue","sv":"Finlands Socialdemokratiska Parti","en":"The Finnish Social Democratic Party"},"caid":48,"position":0,"gender":"2","comparisonData":{"totalVotes":0,"votesTotalChange":0},"edid":12,"comparativeIndex":0.0,"electionDayVotesPercent":0.0,"nominatorAbbr":{"fi":"SDP","sv":"SDP","en":"SDP"}},{"age":57,"advanceVotesPercent":0.0,"lastname":"Polojärvi","occupation":"Lähihoitaja","advanceVotes":0,"npid":3,"totalVotes":0,"spid":4,"abbr":"SDP","municipalCouncilor":false,"muid":832,"alid":3,"firstname":"Salme","electionDayVotes":0,"pid":"1","finalPosition":0,"electedInformation":"ON_SUBSTITUTE_PLACE","totalVotesPercent":0.0,"nominatorName":{"fi":"Suomen Sosialidemokraattinen Puolue","sv":"Finlands Socialdemokratiska Parti","en":"The Finnish Social Democratic Party"},"caid":49,"position":0,"gender":"2","comparisonData":{"totalVotes":12,"votesTotalChange":-12},"edid":12,"comparativeIndex":0.0,"electionDayVotesPercent":0.0,"nominatorAbbr":{"fi":"SDP","sv":"SDP","en":"SDP"}},{"age":71,"advanceVotesPercent":0.0,"lastname":"Pyttynen","occupation":"Eläkeläinen","advanceVotes":0,"npid":3,"totalVotes":0,"spid":4,"abbr":"SDP","municipalCouncilor":false,"muid":832,"alid":3,"firstname":"Kalervo Juhani","electionDayVotes":0,"pid":"1","finalPosition":0,"electedInformation":"ON_SUBSTITUTE_PLACE","totalVotesPercent":0.0,"nominatorName":{"fi":"Suomen Sosialidemokraattinen Puolue","sv":"Finlands Socialdemokratiska Parti","en":"The Finnish Social Democratic Party"},"caid":50,"position":0,"gender":"1","comparisonData":{"totalVotes":0,"votesTotalChange":0},"edid":12,"comparativeIndex":0.0,"electionDayVotesPercent":0.0,"nominatorAbbr":{"fi":"SDP","sv":"SDP","en":"SDP"}},{"age":60,"advanceVotesPercent":0.0,"lastname":"Tauriainen","occupation":"Eläkeläinen/kirvesmies","advanceVotes":0,"npid":3,"totalVotes":0,"spid":4,"abbr":"SDP","municipalCouncilor":true,"muid":832,"alid":3,"firstname":"Aimo","electionDayVotes":0,"pid":"1","finalPosition":0,"electedInformation":"ELECTED","totalVotesPercent":0.0,"nominatorName":{"fi":"Suomen Sosialidemokraattinen Puolue","sv":"Finlands Socialdemokratiska Parti","en":"The Finnish Social Democratic Party"},"caid":51,"position":0,"gender":"1","comparisonData":{"totalVotes":44,"votesTotalChange":-44},"edid":12,"comparativeIndex":0.0,"electionDayVotesPercent":0.0,"nominatorAbbr":{"fi":"SDP","sv":"SDP","en":"SDP"}},{"age":36,"advanceVotesPercent":0.0,"lastname":"Vähäkuopus","occupation":"Lähihoitaja","advanceVotes":0,"npid":3,"totalVotes":0,"spid":4,"abbr":"SDP","municipalCouncilor":false,"muid":832,"alid":3,"firstname":"Outi","electionDayVotes":0,"pid":"1","finalPosition":0,"electedInformation":"ON_SUBSTITUTE_PLACE","totalVotesPercent":0.0,"nominatorName":{"fi":"Suomen Sosialidemokraattinen Puolue","sv":"Finlands Socialdemokratiska Parti","en":"The Finnish Social Democratic Party"},"caid":52,"position":0,"gender":"2","comparisonData":{"totalVotes":0,"votesTotalChange":0},"edid":12,"comparativeIndex":0.0,"electionDayVotesPercent":0.0,"nominatorAbbr":{"fi":"SDP","sv":"SDP","en":"SDP"}},{"age":62,"advanceVotesPercent":0.0,"lastname":"Tyni","occupation":"Merkonomi, eläkeläinen","advanceVotes":0,"npid":4,"totalVotes":0,"spid":5,"abbr":"VIHR","municipalCouncilor":false,"muid":832,"alid":4,"firstname":"Ossi Ensio","electionDayVotes":0,"pid":"13","finalPosition":0,"electedInformation":"NOT_ELECTED","totalVotesPercent":0.0,"nominatorName":{"fi":"Vihreä liitto","sv":"Gröna förbundet","en":"Green League"},"caid":53,"position":0,"gender":"1","comparisonData":{"totalVotes":0,"votesTotalChange":0},"edid":12,"comparativeIndex":0.0,"electionDayVotesPercent":0.0,"nominatorAbbr":{"fi":"VIHR","sv":"Gröna","en":"GREEN"}},{"age":69,"advanceVotesPercent":0.0,"lastname":"Haukivaara","occupation":"Maanviljelijä, eläkeläinen","advanceVotes":0,"npid":6,"totalVotes":0,"spid":99,"abbr":"Muut","municipalCouncilor":true,"muid":832,"alid":6,"firstname":"Pentti","electionDayVotes":0,"pid":"8326","finalPosition":0,"electedInformation":"ELECTED","totalVotesPercent":0.0,"nominatorName":{"fi":"Taivalkosken Sitoutumattomat -yhteislista","sv":"Taivalkosken Sitoutumattomat -yhteislista","en":"Taivalkosken Sitoutumattomat -yhteislista"},"caid":55,"position":0,"gender":"1","comparisonData":{"totalVotes":59,"votesTotalChange":-59},"edid":12,"comparativeIndex":0.0,"electionDayVotesPercent":0.0,"nominatorAbbr":{"fi":"TkenSi","sv":"TkenSi","en":"TkenSi"}},{"age":44,"advanceVotesPercent":0.0,"lastname":"Kehusmaa","occupation":"Palveluohjaaja","advanceVotes":0,"npid":6,"totalVotes":0,"spid":99,"abbr":"Muut","municipalCouncilor":false,"muid":832,"alid":6,"firstname":"Juha","electionDayVotes":0,"pid":"8326","finalPosition":0,"electedInformation":"ON_SUBSTITUTE_PLACE","totalVotesPercent":0.0,"nominatorName":{"fi":"Taivalkosken Sitoutumattomat -yhteislista","sv":"Taivalkosken Sitoutumattomat -yhteislista","en":"Taivalkosken Sitoutumattomat -yhteislista"},"caid":56,"position":0,"gender":"1","comparisonData":{"totalVotes":0,"votesTotalChange":0},"edid":12,"comparativeIndex":0.0,"electionDayVotesPercent":0.0,"nominatorAbbr":{"fi":"TkenSi","sv":"TkenSi","en":"TkenSi"}},{"age":69,"advanceVotesPercent":0.0,"lastname":"Käsmä","occupation":"Metsätalousteknikko, eläkeläinen","advanceVotes":0,"npid":6,"totalVotes":0,"spid":99,"abbr":"Muut","municipalCouncilor":true,"muid":832,"alid":6,"firstname":"Pekka Juhani","electionDayVotes":0,"pid":"8326","finalPosition":0,"electedInformation":"ON_SUBSTITUTE_PLACE","totalVotesPercent":0.0,"nominatorName":{"fi":"Taivalkosken Sitoutumattomat -yhteislista","sv":"Taivalkosken Sitoutumattomat -yhteislista","en":"Taivalkosken Sitoutumattomat -yhteislista"},"caid":59,"position":0,"gender":"1","comparisonData":{"totalVotes":69,"votesTotalChange":-69},"edid":12,"comparativeIndex":0.0,"electionDayVotesPercent":0.0,"nominatorAbbr":{"fi":"TkenSi","sv":"TkenSi","en":"TkenSi"}},{"age":36,"advanceVotesPercent":0.0,"lastname":"Majava","occupation":"Työntekijä","advanceVotes":0,"npid":6,"totalVotes":0,"spid":99,"abbr":"Muut","municipalCouncilor":false,"muid":832,"alid":6,"firstname":"Juha","electionDayVotes":0,"pid":"8326","finalPosition":0,"electedInformation":"NOT_ELECTED","totalVotesPercent":0.0,"nominatorName":{"fi":"Taivalkosken Sitoutumattomat -yhteislista","sv":"Taivalkosken Sitoutumattomat -yhteislista","en":"Taivalkosken Sitoutumattomat -yhteislista"},"caid":60,"position":0,"gender":"1","comparisonData":{"totalVotes":0,"votesTotalChange":0},"edid":12,"comparativeIndex":0.0,"electionDayVotesPercent":0.0,"nominatorAbbr":{"fi":"TkenSi","sv":"TkenSi","en":"TkenSi"}}],"municipalityPollingDistricts":[{"name":{"fi":"Huttu","sv":"Huttu"},"calculationStatusPercent":52.7,"joinedArea":false,"muid":832,"totalVotingInFinlandTurnout":0.0,"identification":"001","pdid":"001","eligibleVotersInFinlandTotal":408,"edid":12,"mergedToPdid":""},{"name":{"fi":"Jurmu","sv":"Jurmu"},"calculationStatusPercent":48.7,"joinedArea":false,"muid":832,"totalVotingInFinlandTurnout":0.0,"identification":"002","pdid":"002","eligibleVotersInFinlandTotal":206,"edid":12,"mergedToPdid":""},{"name":{"fi":"Kirkonkylä eteläinen","sv":"Kirkonkylä eteläinen"},"calculationStatusPercent":62.6,"joinedArea":false,"muid":832,"totalVotingInFinlandTurnout":0.0,"identification":"003","pdid":"003","eligibleVotersInFinlandTotal":1059,"edid":12,"mergedToPdid":""},{"name":{"fi":"Kirkonkylä pohjoinen","sv":"Kirkonkylä pohjoinen"},"calculationStatusPercent":61.0,"joinedArea":false,"muid":832,"totalVotingInFinlandTurnout":0.0,"identification":"004","pdid":"004","eligibleVotersInFinlandTotal":1449,"edid":12,"mergedToPdid":""},{"name":{"fi":"Metsäkylä","sv":"Metsäkylä"},"calculationStatusPercent":53.3,"joinedArea":false,"muid":832,"totalVotingInFinlandTurnout":0.0,"identification":"005","pdid":"005","eligibleVotersInFinlandTotal":204,"edid":12,"mergedToPdid":""}],"municipality":{"muid":832,"edid":12,"name":{"fi":"Taivalkoski","sv":"Taivalkoski"}}}