{"version":2,"created":"2017-04-09T17:01:12.465Z","electionDetails":{"electionId":"kv2017","electionDate":"2017-04-09T00:00:00.000Z","electionDataPublishTime":"2017-04-09T17:00:00.000Z","name":{"fi":"Kuntavaalit 2017","sv":"Kommunalval 2017","en":"Elections 2017"},"previousElections":{"correspondingCompareElection":{"electionId":"kv2012","electionDate":"2012-10-28T00:00:00.000Z","name":{"fi":"Kuntavaalit 2012","en":"Municipal elections 2012","sv":"Kommunalval 2012"}},"otherCompareElection":{"electionId":"ev2015","electionDate":"2015-04-19T00:00:00.000Z","name":{"fi":"Eduskuntavaalit 2015","en":"Parliamentary election 2015","sv":"Riksdagsval 2015"}}}},"calculationStatus":{"electionDayVotingTurnout":0.0,"invalidAdvanceVotes":0,"calculationPhase":"INITIAL","invalidElectionDayVotes":0,"approvedAdvanceVotes":243,"advanceVotingTurnout":24.3,"totalVotingTurnoutAbroad":0.0,"name":{"fi":"Holm","sv":"Holm"},"calculationStatusPercent":41.6,"advanceVotes":243,"electionDayVotingTurnoutAbroad":0.0,"approvedTotalVotes":243,"totalVotes":0,"muid":440,"totalVotingInFinlandTurnout":0.0,"advanceVotingTurnoutAbroad":0.0,"invalidTotalVotes":0,"totalVotingTurnout":0.0,"electionDayVotes":0,"electionDayVotesInFinland":0,"pdid":"002","totalVotesInFinlandMen":0,"eligibleVotersInFinlandTotal":1001,"calculationStatusPercentElectionDayVotes":0.0,"sourceRecordModificationTime":"20170409184031","otherCompareElection":{"eid":"","eligibleVotersInFinlandTotal":0,"advanceVotingInFinlandTurnout":0.0,"electionDayVotingInFinlandTurnout":0.0,"totalVotingInFinlandTurnout":0.0,"approvedVotesTotal":0,"invalidVotesTotal":0},"correspondingCompareElection":{"eid":"","eligibleVotersInFinlandTotal":0,"advanceVotingInFinlandTurnout":0.0,"electionDayVotingInFinlandTurnout":0.0,"totalVotingInFinlandTurnout":0.0,"approvedVotesTotal":0,"invalidVotesTotal":0,"seats":0},"approvedElectionDayVotes":0,"edid":10,"calculationStatusPercentAdvanceVotes":100.0,"electionDayVotingInFinlandTurnout":0.0,"seats":0,"eligibleVotersTotal":1001,"advanceVotesInFinland":243,"advanceVotingInFinlandTurnout":24.3,"totalVotesInFinland":0},"partyResults":[{"advanceVotesPercent":53.1,"name":{"fi":"Suomen ruotsalainen kansanpuolue","sv":"Svenska folkpartiet i Finland","en":"Swedish People's Party in Finland"},"advanceVotes":129,"npid":4,"totalVotes":129,"spid":7,"abbr":{"fi":"RKP","sv":"SFP","en":"SPP"},"alid":4,"electionDayVotes":0,"pid":"5","totalVotesPercent":53.1,"nominatorName":{"fi":"Suomen ruotsalainen kansanpuolue","sv":"Svenska folkpartiet i Finland","en":"Swedish People's Party in Finland"},"compareData":{"otherCompareElection":{"votesTotalChange":0,"votesTotalPercentChange":0.0,"votesTotal":129,"votesTotalPercent":53.1},"correspondingCompareElection":{"votesTotalChange":0,"votesTotalPercentChange":0.0,"seatChange":0,"votesTotal":129,"votesTotalPercent":53.1,"seatsTotal":0}},"seats":0,"electionDayVotesPercent":0.0,"nominatorAbbr":{"fi":"RKP","sv":"SFP","en":"SPP"}},{"advanceVotesPercent":23.9,"name":{"fi":"Suomen Sosialidemokraattinen Puolue","sv":"Finlands Socialdemokratiska Parti","en":"The Finnish Social Democratic Party"},"advanceVotes":58,"npid":1,"totalVotes":58,"spid":4,"abbr":{"fi":"SDP","sv":"SDP","en":"SDP"},"alid":1,"electionDayVotes":0,"pid":"1","totalVotesPercent":23.9,"nominatorName":{"fi":"Suomen Sosialidemokraattinen Puolue","sv":"Finlands Socialdemokratiska Parti","en":"The Finnish Social Democratic Party"},"compareData":{"otherCompareElection":{"votesTotalChange":0,"votesTotalPercentChange":0.0,"votesTotal":58,"votesTotalPercent":23.9},"correspondingCompareElection":{"votesTotalChange":0,"votesTotalPercentChange":0.0,"seatChange":0,"votesTotal":58,"votesTotalPercent":23.9,"seatsTotal":0}},"seats":0,"electionDayVotesPercent":0.0,"nominatorAbbr":{"fi":"SDP","sv":"SDP","en":"SDP"}},{"advanceVotesPercent":21.8,"name":{"fi":"Suomen Kristillisdemokraatit (KD)","sv":"Kristdemokraterna i Finland (KD)","en":"Christian Democrats in Finland"},"advanceVotes":53,"npid":2,"totalVotes":53,"spid":8,"abbr":{"fi":"KD","sv":"KD","en":"CD"},"alid":2,"electionDayVotes":0,"pid":"9","totalVotesPercent":21.8,"nominatorName":{"fi":"Suomen Kristillisdemokraatit (KD)","sv":"Kristdemokraterna i Finland (KD)","en":"Christian Democrats in Finland"},"compareData":{"otherCompareElection":{"votesTotalChange":0,"votesTotalPercentChange":0.0,"votesTotal":53,"votesTotalPercent":21.8},"correspondingCompareElection":{"votesTotalChange":0,"votesTotalPercentChange":0.0,"seatChange":0,"votesTotal":53,"votesTotalPercent":21.8,"seatsTotal":0}},"seats":0,"electionDayVotesPercent":0.0,"nominatorAbbr":{"fi":"KD","sv":"KD","en":"CD"}},{"advanceVotesPercent":1.2,"name":{"fi":"Suomen Keskusta","sv":"Centern i Finland","en":"Centre Party of Finland"},"advanceVotes":3,"npid":3,"totalVotes":3,"spid":1,"abbr":{"fi":"KESK","sv":"C","en":"CENT"},"alid":3,"electionDayVotes":0,"pid":"2","totalVotesPercent":1.2,"nominatorName":{"fi":"Suomen Keskusta","sv":"Centern i Finland","en":"Centre Party of Finland"},"compareData":{"otherCompareElection":{"votesTotalChange":0,"votesTotalPercentChange":0.0,"votesTotal":3,"votesTotalPercent":1.2},"correspondingCompareElection":{"votesTotalChange":0,"votesTotalPercentChange":0.0,"seatChange":0,"votesTotal":3,"votesTotalPercent":1.2,"seatsTotal":0}},"seats":0,"electionDayVotesPercent":0.0,"nominatorAbbr":{"fi":"KESK","sv":"C","en":"CENT"}}],"candidateResults":[{"age":51,"advanceVotesPercent":9.5,"lastname":"Sundqvist","occupation":"ingenjör","advanceVotes":23,"npid":4,"totalVotes":23,"spid":7,"abbr":"RKP","municipalCouncilor":false,"muid":440,"alid":4,"firstname":"Mats-Helge","electionDayVotes":0,"pid":"5","finalPosition":0,"electedInformation":"ELECTED","totalVotesPercent":9.5,"nominatorName":{"fi":"Suomen ruotsalainen kansanpuolue","sv":"Svenska folkpartiet i Finland","en":"Swedish People's Party in Finland"},"caid":77,"position":0,"gender":"1","comparisonData":{"totalVotes":0,"votesTotalChange":23},"edid":10,"comparativeIndex":0.0,"electionDayVotesPercent":0.0,"nominatorAbbr":{"fi":"RKP","sv":"SFP","en":"SPP"}},{"age":51,"advanceVotesPercent":8.6,"lastname":"Stenman","occupation":"VD","advanceVotes":21,"npid":4,"totalVotes":21,"spid":7,"abbr":"RKP","municipalCouncilor":true,"muid":440,"alid":4,"firstname":"Ulf","electionDayVotes":0,"pid":"5","finalPosition":0,"electedInformation":"ELECTED","totalVotesPercent":8.6,"nominatorName":{"fi":"Suomen ruotsalainen kansanpuolue","sv":"Svenska folkpartiet i Finland","en":"Swedish People's Party in Finland"},"caid":76,"position":0,"gender":"1","comparisonData":{"totalVotes":172,"votesTotalChange":-151},"edid":10,"comparativeIndex":0.0,"electionDayVotesPercent":0.0,"nominatorAbbr":{"fi":"RKP","sv":"SFP","en":"SPP"}},{"age":62,"advanceVotesPercent":7.0,"lastname":"Sämskar","occupation":"pensionerad skolsekreterare","advanceVotes":17,"npid":4,"totalVotes":17,"spid":7,"abbr":"RKP","municipalCouncilor":true,"muid":440,"alid":4,"firstname":"Marlene","electionDayVotes":0,"pid":"5","finalPosition":0,"electedInformation":"ELECTED","totalVotesPercent":7.0,"nominatorName":{"fi":"Suomen ruotsalainen kansanpuolue","sv":"Svenska folkpartiet i Finland","en":"Swedish People's Party in Finland"},"caid":80,"position":0,"gender":"2","comparisonData":{"totalVotes":65,"votesTotalChange":-48},"edid":10,"comparativeIndex":0.0,"electionDayVotesPercent":0.0,"nominatorAbbr":{"fi":"RKP","sv":"SFP","en":"SPP"}},{"age":55,"advanceVotesPercent":5.3,"lastname":"Bobacka","occupation":"byggmästare, företagare","advanceVotes":13,"npid":1,"totalVotes":13,"spid":4,"abbr":"SDP","municipalCouncilor":true,"muid":440,"alid":1,"firstname":"Sten","electionDayVotes":0,"pid":"1","finalPosition":0,"electedInformation":"ELECTED","totalVotesPercent":5.3,"nominatorName":{"fi":"Suomen Sosialidemokraattinen Puolue","sv":"Finlands Socialdemokratiska Parti","en":"The Finnish Social Democratic Party"},"caid":4,"position":0,"gender":"1","comparisonData":{"totalVotes":50,"votesTotalChange":-37},"edid":10,"comparativeIndex":0.0,"electionDayVotesPercent":0.0,"nominatorAbbr":{"fi":"SDP","sv":"SDP","en":"SDP"}},{"age":64,"advanceVotesPercent":4.9,"lastname":"Bredbacka","occupation":"pensionerad brandman","advanceVotes":12,"npid":1,"totalVotes":12,"spid":4,"abbr":"SDP","municipalCouncilor":true,"muid":440,"alid":1,"firstname":"Bernhard","electionDayVotes":0,"pid":"1","finalPosition":0,"electedInformation":"ELECTED","totalVotesPercent":4.9,"nominatorName":{"fi":"Suomen Sosialidemokraattinen Puolue","sv":"Finlands Socialdemokratiska Parti","en":"The Finnish Social Democratic Party"},"caid":5,"position":0,"gender":"1","comparisonData":{"totalVotes":101,"votesTotalChange":-89},"edid":10,"comparativeIndex":0.0,"electionDayVotesPercent":0.0,"nominatorAbbr":{"fi":"SDP","sv":"SDP","en":"SDP"}},{"age":55,"advanceVotesPercent":4.5,"lastname":"Östman","occupation":"kansanedustaja, riksdagsledamot","advanceVotes":11,"npid":2,"totalVotes":11,"spid":8,"abbr":"KD","municipalCouncilor":false,"muid":440,"alid":2,"firstname":"Peter","electionDayVotes":0,"pid":"9","finalPosition":0,"electedInformation":"ELECTED","totalVotesPercent":4.5,"nominatorName":{"fi":"Suomen Kristillisdemokraatit (KD)","sv":"Kristdemokraterna i Finland (KD)","en":"Christian Democrats in Finland"},"caid":50,"position":0,"gender":"1","comparisonData":{"totalVotes":246,"votesTotalChange":-235},"edid":10,"comparativeIndex":0.0,"electionDayVotesPercent":0.0,"nominatorAbbr":{"fi":"KD","sv":"KD","en":"CD"}},{"age":51,"advanceVotesPercent":4.1,"lastname":"Mattsson","occupation":"lärare","advanceVotes":10,"npid":4,"totalVotes":10,"spid":7,"abbr":"RKP","municipalCouncilor":false,"muid":440,"alid":4,"firstname":"Roland","electionDayVotes":0,"pid":"5","finalPosition":0,"electedInformation":"ELECTED","totalVotesPercent":4.1,"nominatorName":{"fi":"Suomen ruotsalainen kansanpuolue","sv":"Svenska folkpartiet i Finland","en":"Swedish People's Party in Finland"},"caid":65,"position":0,"gender":"1","comparisonData":{"totalVotes":0,"votesTotalChange":10},"edid":10,"comparativeIndex":0.0,"electionDayVotesPercent":0.0,"nominatorAbbr":{"fi":"RKP","sv":"SFP","en":"SPP"}},{"age":48,"advanceVotesPercent":3.3,"lastname":"Kotanen","occupation":"enhetschef","advanceVotes":8,"npid":1,"totalVotes":8,"spid":4,"abbr":"SDP","municipalCouncilor":true,"muid":440,"alid":1,"firstname":"Pia","electionDayVotes":0,"pid":"1","finalPosition":0,"electedInformation":"ELECTED","totalVotesPercent":3.3,"nominatorName":{"fi":"Suomen Sosialidemokraattinen Puolue","sv":"Finlands Socialdemokratiska Parti","en":"The Finnish Social Democratic Party"},"caid":8,"position":0,"gender":"2","comparisonData":{"totalVotes":71,"votesTotalChange":-63},"edid":10,"comparativeIndex":0.0,"electionDayVotesPercent":0.0,"nominatorAbbr":{"fi":"SDP","sv":"SDP","en":"SDP"}},{"age":39,"advanceVotesPercent":3.3,"lastname":"Björkman","occupation":"VD","advanceVotes":8,"npid":4,"totalVotes":8,"spid":7,"abbr":"RKP","municipalCouncilor":true,"muid":440,"alid":4,"firstname":"Åsa","electionDayVotes":0,"pid":"5","finalPosition":0,"electedInformation":"ELECTED","totalVotesPercent":3.3,"nominatorName":{"fi":"Suomen ruotsalainen kansanpuolue","sv":"Svenska folkpartiet i Finland","en":"Swedish People's Party in Finland"},"caid":55,"position":0,"gender":"2","comparisonData":{"totalVotes":33,"votesTotalChange":-25},"edid":10,"comparativeIndex":0.0,"electionDayVotesPercent":0.0,"nominatorAbbr":{"fi":"RKP","sv":"SFP","en":"SPP"}},{"age":59,"advanceVotesPercent":2.9,"lastname":"Lassila","occupation":"timlärare, diplomkorrespondent","advanceVotes":7,"npid":2,"totalVotes":7,"spid":8,"abbr":"KD","municipalCouncilor":true,"muid":440,"alid":2,"firstname":"Carola","electionDayVotes":0,"pid":"9","finalPosition":0,"electedInformation":"ELECTED","totalVotesPercent":2.9,"nominatorName":{"fi":"Suomen Kristillisdemokraatit (KD)","sv":"Kristdemokraterna i Finland (KD)","en":"Christian Democrats in Finland"},"caid":31,"position":0,"gender":"2","comparisonData":{"totalVotes":53,"votesTotalChange":-46},"edid":10,"comparativeIndex":0.0,"electionDayVotesPercent":0.0,"nominatorAbbr":{"fi":"KD","sv":"KD","en":"CD"}},{"age":22,"advanceVotesPercent":2.9,"lastname":"Stenman","occupation":"lärarstuderande","advanceVotes":7,"npid":4,"totalVotes":7,"spid":7,"abbr":"RKP","municipalCouncilor":false,"muid":440,"alid":4,"firstname":"Carl-Wilhelm","electionDayVotes":0,"pid":"5","finalPosition":0,"electedInformation":"ELECTED","totalVotesPercent":2.9,"nominatorName":{"fi":"Suomen ruotsalainen kansanpuolue","sv":"Svenska folkpartiet i Finland","en":"Swedish People's Party in Finland"},"caid":75,"position":0,"gender":"1","comparisonData":{"totalVotes":0,"votesTotalChange":7},"edid":10,"comparativeIndex":0.0,"electionDayVotesPercent":0.0,"nominatorAbbr":{"fi":"RKP","sv":"SFP","en":"SPP"}},{"age":56,"advanceVotesPercent":2.5,"lastname":"Nynäs","occupation":"agrolog","advanceVotes":6,"npid":4,"totalVotes":6,"spid":7,"abbr":"RKP","municipalCouncilor":true,"muid":440,"alid":4,"firstname":"Karita","electionDayVotes":0,"pid":"5","finalPosition":0,"electedInformation":"ELECTED","totalVotesPercent":2.5,"nominatorName":{"fi":"Suomen ruotsalainen kansanpuolue","sv":"Svenska folkpartiet i Finland","en":"Swedish People's Party in Finland"},"caid":67,"position":0,"gender":"2","comparisonData":{"totalVotes":35,"votesTotalChange":-29},"edid":10,"comparativeIndex":0.0,"electionDayVotesPercent":0.0,"nominatorAbbr":{"fi":"RKP","sv":"SFP","en":"SPP"}},{"age":34,"advanceVotesPercent":2.1,"lastname":"Kronqvist","occupation":"byggnadsarbetare, byggnadsingenjör","advanceVotes":5,"npid":1,"totalVotes":5,"spid":4,"abbr":"SDP","municipalCouncilor":false,"muid":440,"alid":1,"firstname":"Andreas","electionDayVotes":0,"pid":"1","finalPosition":0,"electedInformation":"ON_SUBSTITUTE_PLACE","totalVotesPercent":2.1,"nominatorName":{"fi":"Suomen Sosialidemokraattinen Puolue","sv":"Finlands Socialdemokratiska Parti","en":"The Finnish Social Democratic Party"},"caid":9,"position":0,"gender":"1","comparisonData":{"totalVotes":0,"votesTotalChange":5},"edid":10,"comparativeIndex":0.0,"electionDayVotesPercent":0.0,"nominatorAbbr":{"fi":"SDP","sv":"SDP","en":"SDP"}},{"age":33,"advanceVotesPercent":2.1,"lastname":"Thylin","occupation":"ingenjör, arbetsledare","advanceVotes":5,"npid":2,"totalVotes":5,"spid":8,"abbr":"KD","municipalCouncilor":false,"muid":440,"alid":2,"firstname":"Kim","electionDayVotes":0,"pid":"9","finalPosition":0,"electedInformation":"ON_SUBSTITUTE_PLACE","totalVotesPercent":2.1,"nominatorName":{"fi":"Suomen Kristillisdemokraatit (KD)","sv":"Kristdemokraterna i Finland (KD)","en":"Christian Democrats in Finland"},"caid":43,"position":0,"gender":"1","comparisonData":{"totalVotes":0,"votesTotalChange":5},"edid":10,"comparativeIndex":0.0,"electionDayVotesPercent":0.0,"nominatorAbbr":{"fi":"KD","sv":"KD","en":"CD"}},{"age":41,"advanceVotesPercent":2.1,"lastname":"Tyni","occupation":"ungdomsarbetsledare","advanceVotes":5,"npid":2,"totalVotes":5,"spid":8,"abbr":"KD","municipalCouncilor":false,"muid":440,"alid":2,"firstname":"Heidi","electionDayVotes":0,"pid":"9","finalPosition":0,"electedInformation":"ON_SUBSTITUTE_PLACE","totalVotesPercent":2.1,"nominatorName":{"fi":"Suomen Kristillisdemokraatit (KD)","sv":"Kristdemokraterna i Finland (KD)","en":"Christian Democrats in Finland"},"caid":45,"position":0,"gender":"2","comparisonData":{"totalVotes":0,"votesTotalChange":5},"edid":10,"comparativeIndex":0.0,"electionDayVotesPercent":0.0,"nominatorAbbr":{"fi":"KD","sv":"KD","en":"CD"}},{"age":47,"advanceVotesPercent":2.1,"lastname":"Kozic","occupation":"fastighetsskötare","advanceVotes":5,"npid":4,"totalVotes":5,"spid":7,"abbr":"RKP","municipalCouncilor":false,"muid":440,"alid":4,"firstname":"Hajrudin","electionDayVotes":0,"pid":"5","finalPosition":0,"electedInformation":"ON_SUBSTITUTE_PLACE","totalVotesPercent":2.1,"nominatorName":{"fi":"Suomen ruotsalainen kansanpuolue","sv":"Svenska folkpartiet i Finland","en":"Swedish People's Party in Finland"},"caid":62,"position":0,"gender":"1","comparisonData":{"totalVotes":15,"votesTotalChange":-10},"edid":10,"comparativeIndex":0.0,"electionDayVotesPercent":0.0,"nominatorAbbr":{"fi":"RKP","sv":"SFP","en":"SPP"}},{"age":41,"advanceVotesPercent":2.1,"lastname":"Lindell","occupation":"fysioterapeut","advanceVotes":5,"npid":4,"totalVotes":5,"spid":7,"abbr":"RKP","municipalCouncilor":false,"muid":440,"alid":4,"firstname":"Niklas","electionDayVotes":0,"pid":"5","finalPosition":0,"electedInformation":"ON_SUBSTITUTE_PLACE","totalVotesPercent":2.1,"nominatorName":{"fi":"Suomen ruotsalainen kansanpuolue","sv":"Svenska folkpartiet i Finland","en":"Swedish People's Party in Finland"},"caid":64,"position":0,"gender":"1","comparisonData":{"totalVotes":0,"votesTotalChange":5},"edid":10,"comparativeIndex":0.0,"electionDayVotesPercent":0.0,"nominatorAbbr":{"fi":"RKP","sv":"SFP","en":"SPP"}},{"age":44,"advanceVotesPercent":1.6,"lastname":"Wikström","occupation":"försäljare","advanceVotes":4,"npid":1,"totalVotes":4,"spid":4,"abbr":"SDP","municipalCouncilor":false,"muid":440,"alid":1,"firstname":"Hannele","electionDayVotes":0,"pid":"1","finalPosition":0,"electedInformation":"ON_SUBSTITUTE_PLACE","totalVotesPercent":1.6,"nominatorName":{"fi":"Suomen Sosialidemokraattinen Puolue","sv":"Finlands Socialdemokratiska Parti","en":"The Finnish Social Democratic Party"},"caid":15,"position":0,"gender":"2","comparisonData":{"totalVotes":15,"votesTotalChange":-11},"edid":10,"comparativeIndex":0.0,"electionDayVotesPercent":0.0,"nominatorAbbr":{"fi":"SDP","sv":"SDP","en":"SDP"}},{"age":35,"advanceVotesPercent":1.6,"lastname":"Björkskog","occupation":"lagerarbetare","advanceVotes":4,"npid":2,"totalVotes":4,"spid":8,"abbr":"KD","municipalCouncilor":false,"muid":440,"alid":2,"firstname":"Björn Mocki","electionDayVotes":0,"pid":"9","finalPosition":0,"electedInformation":"ON_SUBSTITUTE_PLACE","totalVotesPercent":1.6,"nominatorName":{"fi":"Suomen Kristillisdemokraatit (KD)","sv":"Kristdemokraterna i Finland (KD)","en":"Christian Democrats in Finland"},"caid":16,"position":0,"gender":"1","comparisonData":{"totalVotes":0,"votesTotalChange":4},"edid":10,"comparativeIndex":0.0,"electionDayVotesPercent":0.0,"nominatorAbbr":{"fi":"KD","sv":"KD","en":"CD"}},{"age":29,"advanceVotesPercent":1.6,"lastname":"Nybäck","occupation":"ekonom, försäljningschef","advanceVotes":4,"npid":2,"totalVotes":4,"spid":8,"abbr":"KD","municipalCouncilor":false,"muid":440,"alid":2,"firstname":"Jakob","electionDayVotes":0,"pid":"9","finalPosition":0,"electedInformation":"NOT_ELECTED","totalVotesPercent":1.6,"nominatorName":{"fi":"Suomen Kristillisdemokraatit (KD)","sv":"Kristdemokraterna i Finland (KD)","en":"Christian Democrats in Finland"},"caid":35,"position":0,"gender":"1","comparisonData":{"totalVotes":0,"votesTotalChange":4},"edid":10,"comparativeIndex":0.0,"electionDayVotesPercent":0.0,"nominatorAbbr":{"fi":"KD","sv":"KD","en":"CD"}},{"age":28,"advanceVotesPercent":1.2,"lastname":"Palmunen","occupation":"linjemontör","advanceVotes":3,"npid":1,"totalVotes":3,"spid":4,"abbr":"SDP","municipalCouncilor":false,"muid":440,"alid":1,"firstname":"Daniel","electionDayVotes":0,"pid":"1","finalPosition":0,"electedInformation":"NOT_ELECTED","totalVotesPercent":1.2,"nominatorName":{"fi":"Suomen Sosialidemokraattinen Puolue","sv":"Finlands Socialdemokratiska Parti","en":"The Finnish Social Democratic Party"},"caid":12,"position":0,"gender":"1","comparisonData":{"totalVotes":0,"votesTotalChange":3},"edid":10,"comparativeIndex":0.0,"electionDayVotesPercent":0.0,"nominatorAbbr":{"fi":"SDP","sv":"SDP","en":"SDP"}},{"age":34,"advanceVotesPercent":1.2,"lastname":"Riska","occupation":"teamleader","advanceVotes":3,"npid":1,"totalVotes":3,"spid":4,"abbr":"SDP","municipalCouncilor":false,"muid":440,"alid":1,"firstname":"Jonas","electionDayVotes":0,"pid":"1","finalPosition":0,"electedInformation":"ON_SUBSTITUTE_PLACE","totalVotesPercent":1.2,"nominatorName":{"fi":"Suomen Sosialidemokraattinen Puolue","sv":"Finlands Socialdemokratiska Parti","en":"The Finnish Social Democratic Party"},"caid":13,"position":0,"gender":"1","comparisonData":{"totalVotes":0,"votesTotalChange":3},"edid":10,"comparativeIndex":0.0,"electionDayVotesPercent":0.0,"nominatorAbbr":{"fi":"SDP","sv":"SDP","en":"SDP"}},{"age":40,"advanceVotesPercent":1.2,"lastname":"Östman","occupation":"svetsare","advanceVotes":3,"npid":2,"totalVotes":3,"spid":8,"abbr":"KD","municipalCouncilor":false,"muid":440,"alid":2,"firstname":"Sören","electionDayVotes":0,"pid":"9","finalPosition":0,"electedInformation":"NOT_ELECTED","totalVotesPercent":1.2,"nominatorName":{"fi":"Suomen Kristillisdemokraatit (KD)","sv":"Kristdemokraterna i Finland (KD)","en":"Christian Democrats in Finland"},"caid":51,"position":0,"gender":"1","comparisonData":{"totalVotes":30,"votesTotalChange":-27},"edid":10,"comparativeIndex":0.0,"electionDayVotesPercent":0.0,"nominatorAbbr":{"fi":"KD","sv":"KD","en":"CD"}},{"age":58,"advanceVotesPercent":1.2,"lastname":"Sandström","occupation":"primärskötare","advanceVotes":3,"npid":4,"totalVotes":3,"spid":7,"abbr":"RKP","municipalCouncilor":false,"muid":440,"alid":4,"firstname":"Anette","electionDayVotes":0,"pid":"5","finalPosition":0,"electedInformation":"ON_SUBSTITUTE_PLACE","totalVotesPercent":1.2,"nominatorName":{"fi":"Suomen ruotsalainen kansanpuolue","sv":"Svenska folkpartiet i Finland","en":"Swedish People's Party in Finland"},"caid":71,"position":0,"gender":"2","comparisonData":{"totalVotes":29,"votesTotalChange":-26},"edid":10,"comparativeIndex":0.0,"electionDayVotesPercent":0.0,"nominatorAbbr":{"fi":"RKP","sv":"SFP","en":"SPP"}},{"age":57,"advanceVotesPercent":1.2,"lastname":"Sandvik","occupation":"förskollärare","advanceVotes":3,"npid":4,"totalVotes":3,"spid":7,"abbr":"RKP","municipalCouncilor":false,"muid":440,"alid":4,"firstname":"Agneta","electionDayVotes":0,"pid":"5","finalPosition":0,"electedInformation":"ON_SUBSTITUTE_PLACE","totalVotesPercent":1.2,"nominatorName":{"fi":"Suomen ruotsalainen kansanpuolue","sv":"Svenska folkpartiet i Finland","en":"Swedish People's Party in Finland"},"caid":72,"position":0,"gender":"2","comparisonData":{"totalVotes":0,"votesTotalChange":3},"edid":10,"comparativeIndex":0.0,"electionDayVotesPercent":0.0,"nominatorAbbr":{"fi":"RKP","sv":"SFP","en":"SPP"}},{"age":36,"advanceVotesPercent":0.8,"lastname":"Edén","occupation":"klasslärare","advanceVotes":2,"npid":1,"totalVotes":2,"spid":4,"abbr":"SDP","municipalCouncilor":false,"muid":440,"alid":1,"firstname":"Heidi","electionDayVotes":0,"pid":"1","finalPosition":0,"electedInformation":"ON_SUBSTITUTE_PLACE","totalVotesPercent":0.8,"nominatorName":{"fi":"Suomen Sosialidemokraattinen Puolue","sv":"Finlands Socialdemokratiska Parti","en":"The Finnish Social Democratic Party"},"caid":6,"position":0,"gender":"2","comparisonData":{"totalVotes":0,"votesTotalChange":2},"edid":10,"comparativeIndex":0.0,"electionDayVotesPercent":0.0,"nominatorAbbr":{"fi":"SDP","sv":"SDP","en":"SDP"}},{"age":60,"advanceVotesPercent":0.8,"lastname":"Enbär","occupation":"handledare, närvårdare","advanceVotes":2,"npid":1,"totalVotes":2,"spid":4,"abbr":"SDP","municipalCouncilor":false,"muid":440,"alid":1,"firstname":"Anders","electionDayVotes":0,"pid":"1","finalPosition":0,"electedInformation":"ELECTED","totalVotesPercent":0.8,"nominatorName":{"fi":"Suomen Sosialidemokraattinen Puolue","sv":"Finlands Socialdemokratiska Parti","en":"The Finnish Social Democratic Party"},"caid":7,"position":0,"gender":"1","comparisonData":{"totalVotes":20,"votesTotalChange":-18},"edid":10,"comparativeIndex":0.0,"electionDayVotesPercent":0.0,"nominatorAbbr":{"fi":"SDP","sv":"SDP","en":"SDP"}},{"age":33,"advanceVotesPercent":0.8,"lastname":"Lind","occupation":"båtbyggare","advanceVotes":2,"npid":1,"totalVotes":2,"spid":4,"abbr":"SDP","municipalCouncilor":false,"muid":440,"alid":1,"firstname":"Lena-Maria","electionDayVotes":0,"pid":"1","finalPosition":0,"electedInformation":"NOT_ELECTED","totalVotesPercent":0.8,"nominatorName":{"fi":"Suomen Sosialidemokraattinen Puolue","sv":"Finlands Socialdemokratiska Parti","en":"The Finnish Social Democratic Party"},"caid":10,"position":0,"gender":"2","comparisonData":{"totalVotes":0,"votesTotalChange":2},"edid":10,"comparativeIndex":0.0,"electionDayVotesPercent":0.0,"nominatorAbbr":{"fi":"SDP","sv":"SDP","en":"SDP"}},{"age":44,"advanceVotesPercent":0.8,"lastname":"Vikström","occupation":"linjemontör, markplanerare","advanceVotes":2,"npid":1,"totalVotes":2,"spid":4,"abbr":"SDP","municipalCouncilor":false,"muid":440,"alid":1,"firstname":"Glenn","electionDayVotes":0,"pid":"1","finalPosition":0,"electedInformation":"ON_SUBSTITUTE_PLACE","totalVotesPercent":0.8,"nominatorName":{"fi":"Suomen Sosialidemokraattinen Puolue","sv":"Finlands Socialdemokratiska Parti","en":"The Finnish Social Democratic Party"},"caid":14,"position":0,"gender":"1","comparisonData":{"totalVotes":18,"votesTotalChange":-16},"edid":10,"comparativeIndex":0.0,"electionDayVotesPercent":0.0,"nominatorAbbr":{"fi":"SDP","sv":"SDP","en":"SDP"}},{"age":24,"advanceVotesPercent":0.8,"lastname":"Eklund","occupation":"sjukskötare","advanceVotes":2,"npid":2,"totalVotes":2,"spid":8,"abbr":"KD","municipalCouncilor":false,"muid":440,"alid":2,"firstname":"Evamaria","electionDayVotes":0,"pid":"9","finalPosition":0,"electedInformation":"ELECTED","totalVotesPercent":0.8,"nominatorName":{"fi":"Suomen Kristillisdemokraatit (KD)","sv":"Kristdemokraterna i Finland (KD)","en":"Christian Democrats in Finland"},"caid":21,"position":0,"gender":"2","comparisonData":{"totalVotes":0,"votesTotalChange":2},"edid":10,"comparativeIndex":0.0,"electionDayVotesPercent":0.0,"nominatorAbbr":{"fi":"KD","sv":"KD","en":"CD"}},{"age":30,"advanceVotesPercent":0.8,"lastname":"Grankulla","occupation":"skiftesledare","advanceVotes":2,"npid":2,"totalVotes":2,"spid":8,"abbr":"KD","municipalCouncilor":false,"muid":440,"alid":2,"firstname":"Alf","electionDayVotes":0,"pid":"9","finalPosition":0,"electedInformation":"NOT_ELECTED","totalVotesPercent":0.8,"nominatorName":{"fi":"Suomen Kristillisdemokraatit (KD)","sv":"Kristdemokraterna i Finland (KD)","en":"Christian Democrats in Finland"},"caid":26,"position":0,"gender":"1","comparisonData":{"totalVotes":0,"votesTotalChange":2},"edid":10,"comparativeIndex":0.0,"electionDayVotesPercent":0.0,"nominatorAbbr":{"fi":"KD","sv":"KD","en":"CD"}},{"age":38,"advanceVotesPercent":0.8,"lastname":"Hjulfors","occupation":"rektor","advanceVotes":2,"npid":2,"totalVotes":2,"spid":8,"abbr":"KD","municipalCouncilor":true,"muid":440,"alid":2,"firstname":"Andreas","electionDayVotes":0,"pid":"9","finalPosition":0,"electedInformation":"ELECTED","totalVotesPercent":0.8,"nominatorName":{"fi":"Suomen Kristillisdemokraatit (KD)","sv":"Kristdemokraterna i Finland (KD)","en":"Christian Democrats in Finland"},"caid":28,"position":0,"gender":"1","comparisonData":{"totalVotes":43,"votesTotalChange":-41},"edid":10,"comparativeIndex":0.0,"electionDayVotesPercent":0.0,"nominatorAbbr":{"fi":"KD","sv":"KD","en":"CD"}},{"age":47,"advanceVotesPercent":0.8,"lastname":"Khaing","occupation":"arbetare","advanceVotes":2,"npid":2,"totalVotes":2,"spid":8,"abbr":"KD","municipalCouncilor":false,"muid":440,"alid":2,"firstname":"Min","electionDayVotes":0,"pid":"9","finalPosition":0,"electedInformation":"NOT_ELECTED","totalVotesPercent":0.8,"nominatorName":{"fi":"Suomen Kristillisdemokraatit (KD)","sv":"Kristdemokraterna i Finland (KD)","en":"Christian Democrats in Finland"},"caid":33,"position":0,"gender":"1","comparisonData":{"totalVotes":0,"votesTotalChange":2},"edid":10,"comparativeIndex":0.0,"electionDayVotesPercent":0.0,"nominatorAbbr":{"fi":"KD","sv":"KD","en":"CD"}},{"age":25,"advanceVotesPercent":0.8,"lastname":"Svenlin","occupation":"företagare","advanceVotes":2,"npid":2,"totalVotes":2,"spid":8,"abbr":"KD","municipalCouncilor":true,"muid":440,"alid":2,"firstname":"Daniel","electionDayVotes":0,"pid":"9","finalPosition":0,"electedInformation":"ELECTED","totalVotesPercent":0.8,"nominatorName":{"fi":"Suomen Kristillisdemokraatit (KD)","sv":"Kristdemokraterna i Finland (KD)","en":"Christian Democrats in Finland"},"caid":42,"position":0,"gender":"1","comparisonData":{"totalVotes":107,"votesTotalChange":-105},"edid":10,"comparativeIndex":0.0,"electionDayVotesPercent":0.0,"nominatorAbbr":{"fi":"KD","sv":"KD","en":"CD"}},{"age":46,"advanceVotesPercent":0.8,"lastname":"Ingram","occupation":"IT-chef, IT-päällikkö","advanceVotes":2,"npid":3,"totalVotes":2,"spid":1,"abbr":"KESK","municipalCouncilor":false,"muid":440,"alid":3,"firstname":"Minna","electionDayVotes":0,"pid":"2","finalPosition":0,"electedInformation":"NOT_ELECTED","totalVotesPercent":0.8,"nominatorName":{"fi":"Suomen Keskusta","sv":"Centern i Finland","en":"Centre Party of Finland"},"caid":52,"position":0,"gender":"2","comparisonData":{"totalVotes":20,"votesTotalChange":-18},"edid":10,"comparativeIndex":0.0,"electionDayVotesPercent":0.0,"nominatorAbbr":{"fi":"KESK","sv":"C","en":"CENT"}},{"age":37,"advanceVotesPercent":0.8,"lastname":"Björkskog","occupation":"bokförare, teamledare","advanceVotes":2,"npid":4,"totalVotes":2,"spid":7,"abbr":"RKP","municipalCouncilor":false,"muid":440,"alid":4,"firstname":"Anna","electionDayVotes":0,"pid":"5","finalPosition":0,"electedInformation":"ELECTED","totalVotesPercent":0.8,"nominatorName":{"fi":"Suomen ruotsalainen kansanpuolue","sv":"Svenska folkpartiet i Finland","en":"Swedish People's Party in Finland"},"caid":56,"position":0,"gender":"2","comparisonData":{"totalVotes":0,"votesTotalChange":2},"edid":10,"comparativeIndex":0.0,"electionDayVotesPercent":0.0,"nominatorAbbr":{"fi":"RKP","sv":"SFP","en":"SPP"}},{"age":27,"advanceVotesPercent":0.8,"lastname":"Käldström","occupation":"företagare","advanceVotes":2,"npid":4,"totalVotes":2,"spid":7,"abbr":"RKP","municipalCouncilor":false,"muid":440,"alid":4,"firstname":"Patrik","electionDayVotes":0,"pid":"5","finalPosition":0,"electedInformation":"NOT_ELECTED","totalVotesPercent":0.8,"nominatorName":{"fi":"Suomen ruotsalainen kansanpuolue","sv":"Svenska folkpartiet i Finland","en":"Swedish People's Party in Finland"},"caid":63,"position":0,"gender":"1","comparisonData":{"totalVotes":0,"votesTotalChange":2},"edid":10,"comparativeIndex":0.0,"electionDayVotesPercent":0.0,"nominatorAbbr":{"fi":"RKP","sv":"SFP","en":"SPP"}},{"age":51,"advanceVotesPercent":0.8,"lastname":"Palo","occupation":"hälsovårdare","advanceVotes":2,"npid":4,"totalVotes":2,"spid":7,"abbr":"RKP","municipalCouncilor":false,"muid":440,"alid":4,"firstname":"Katarina","electionDayVotes":0,"pid":"5","finalPosition":0,"electedInformation":"ELECTED","totalVotesPercent":0.8,"nominatorName":{"fi":"Suomen ruotsalainen kansanpuolue","sv":"Svenska folkpartiet i Finland","en":"Swedish People's Party in Finland"},"caid":68,"position":0,"gender":"2","comparisonData":{"totalVotes":0,"votesTotalChange":2},"edid":10,"comparativeIndex":0.0,"electionDayVotesPercent":0.0,"nominatorAbbr":{"fi":"RKP","sv":"SFP","en":"SPP"}},{"age":67,"advanceVotesPercent":0.8,"lastname":"Svenfelt","occupation":"pensionär","advanceVotes":2,"npid":4,"totalVotes":2,"spid":7,"abbr":"RKP","municipalCouncilor":true,"muid":440,"alid":4,"firstname":"Leif","electionDayVotes":0,"pid":"5","finalPosition":0,"electedInformation":"ELECTED","totalVotesPercent":0.8,"nominatorName":{"fi":"Suomen ruotsalainen kansanpuolue","sv":"Svenska folkpartiet i Finland","en":"Swedish People's Party in Finland"},"caid":74,"position":0,"gender":"1","comparisonData":{"totalVotes":48,"votesTotalChange":-46},"edid":10,"comparativeIndex":0.0,"electionDayVotesPercent":0.0,"nominatorAbbr":{"fi":"RKP","sv":"SFP","en":"SPP"}},{"age":53,"advanceVotesPercent":0.8,"lastname":"Söderlund","occupation":"verkstadschef","advanceVotes":2,"npid":4,"totalVotes":2,"spid":7,"abbr":"RKP","municipalCouncilor":false,"muid":440,"alid":4,"firstname":"Joakim","electionDayVotes":0,"pid":"5","finalPosition":0,"electedInformation":"NOT_ELECTED","totalVotesPercent":0.8,"nominatorName":{"fi":"Suomen ruotsalainen kansanpuolue","sv":"Svenska folkpartiet i Finland","en":"Swedish People's Party in Finland"},"caid":81,"position":0,"gender":"1","comparisonData":{"totalVotes":0,"votesTotalChange":2},"edid":10,"comparativeIndex":0.0,"electionDayVotesPercent":0.0,"nominatorAbbr":{"fi":"RKP","sv":"SFP","en":"SPP"}},{"age":60,"advanceVotesPercent":0.8,"lastname":"Wicklen","occupation":"ekonom","advanceVotes":2,"npid":4,"totalVotes":2,"spid":7,"abbr":"RKP","municipalCouncilor":false,"muid":440,"alid":4,"firstname":"Stefan","electionDayVotes":0,"pid":"5","finalPosition":0,"electedInformation":"ON_SUBSTITUTE_PLACE","totalVotesPercent":0.8,"nominatorName":{"fi":"Suomen ruotsalainen kansanpuolue","sv":"Svenska folkpartiet i Finland","en":"Swedish People's Party in Finland"},"caid":82,"position":0,"gender":"1","comparisonData":{"totalVotes":17,"votesTotalChange":-15},"edid":10,"comparativeIndex":0.0,"electionDayVotesPercent":0.0,"nominatorAbbr":{"fi":"RKP","sv":"SFP","en":"SPP"}},{"age":49,"advanceVotesPercent":0.8,"lastname":"Vikström","occupation":"fastighetstekniker","advanceVotes":2,"npid":4,"totalVotes":2,"spid":7,"abbr":"RKP","municipalCouncilor":false,"muid":440,"alid":4,"firstname":"Sören","electionDayVotes":0,"pid":"5","finalPosition":0,"electedInformation":"ON_SUBSTITUTE_PLACE","totalVotesPercent":0.8,"nominatorName":{"fi":"Suomen ruotsalainen kansanpuolue","sv":"Svenska folkpartiet i Finland","en":"Swedish People's Party in Finland"},"caid":84,"position":0,"gender":"1","comparisonData":{"totalVotes":17,"votesTotalChange":-15},"edid":10,"comparativeIndex":0.0,"electionDayVotesPercent":0.0,"nominatorAbbr":{"fi":"RKP","sv":"SFP","en":"SPP"}},{"age":34,"advanceVotesPercent":0.4,"lastname":"Bjonbäck","occupation":"bokförare","advanceVotes":1,"npid":1,"totalVotes":1,"spid":4,"abbr":"SDP","municipalCouncilor":false,"muid":440,"alid":1,"firstname":"Camilla","electionDayVotes":0,"pid":"1","finalPosition":0,"electedInformation":"NOT_ELECTED","totalVotesPercent":0.4,"nominatorName":{"fi":"Suomen Sosialidemokraattinen Puolue","sv":"Finlands Socialdemokratiska Parti","en":"The Finnish Social Democratic Party"},"caid":2,"position":0,"gender":"2","comparisonData":{"totalVotes":11,"votesTotalChange":-10},"edid":10,"comparativeIndex":0.0,"electionDayVotesPercent":0.0,"nominatorAbbr":{"fi":"SDP","sv":"SDP","en":"SDP"}},{"age":37,"advanceVotesPercent":0.4,"lastname":"Björkskog","occupation":"lärare","advanceVotes":1,"npid":1,"totalVotes":1,"spid":4,"abbr":"SDP","municipalCouncilor":false,"muid":440,"alid":1,"firstname":"Marie","electionDayVotes":0,"pid":"1","finalPosition":0,"electedInformation":"ELECTED","totalVotesPercent":0.4,"nominatorName":{"fi":"Suomen Sosialidemokraattinen Puolue","sv":"Finlands Socialdemokratiska Parti","en":"The Finnish Social Democratic Party"},"caid":3,"position":0,"gender":"2","comparisonData":{"totalVotes":0,"votesTotalChange":1},"edid":10,"comparativeIndex":0.0,"electionDayVotesPercent":0.0,"nominatorAbbr":{"fi":"SDP","sv":"SDP","en":"SDP"}},{"age":56,"advanceVotesPercent":0.4,"lastname":"Byggmästar","occupation":"sjukskötare","advanceVotes":1,"npid":2,"totalVotes":1,"spid":8,"abbr":"KD","municipalCouncilor":false,"muid":440,"alid":2,"firstname":"Gunnevi","electionDayVotes":0,"pid":"9","finalPosition":0,"electedInformation":"ON_SUBSTITUTE_PLACE","totalVotesPercent":0.4,"nominatorName":{"fi":"Suomen Kristillisdemokraatit (KD)","sv":"Kristdemokraterna i Finland (KD)","en":"Christian Democrats in Finland"},"caid":20,"position":0,"gender":"2","comparisonData":{"totalVotes":15,"votesTotalChange":-14},"edid":10,"comparativeIndex":0.0,"electionDayVotesPercent":0.0,"nominatorAbbr":{"fi":"KD","sv":"KD","en":"CD"}},{"age":52,"advanceVotesPercent":0.4,"lastname":"Rahja","occupation":"kanslist","advanceVotes":1,"npid":2,"totalVotes":1,"spid":8,"abbr":"KD","municipalCouncilor":true,"muid":440,"alid":2,"firstname":"Marianne","electionDayVotes":0,"pid":"9","finalPosition":0,"electedInformation":"ELECTED","totalVotesPercent":0.4,"nominatorName":{"fi":"Suomen Kristillisdemokraatit (KD)","sv":"Kristdemokraterna i Finland (KD)","en":"Christian Democrats in Finland"},"caid":38,"position":0,"gender":"2","comparisonData":{"totalVotes":35,"votesTotalChange":-34},"edid":10,"comparativeIndex":0.0,"electionDayVotesPercent":0.0,"nominatorAbbr":{"fi":"KD","sv":"KD","en":"CD"}},{"age":39,"advanceVotesPercent":0.4,"lastname":"Snellman","occupation":"lärare","advanceVotes":1,"npid":2,"totalVotes":1,"spid":8,"abbr":"KD","municipalCouncilor":false,"muid":440,"alid":2,"firstname":"Anna-Lena","electionDayVotes":0,"pid":"9","finalPosition":0,"electedInformation":"ELECTED","totalVotesPercent":0.4,"nominatorName":{"fi":"Suomen Kristillisdemokraatit (KD)","sv":"Kristdemokraterna i Finland (KD)","en":"Christian Democrats in Finland"},"caid":39,"position":0,"gender":"2","comparisonData":{"totalVotes":0,"votesTotalChange":1},"edid":10,"comparativeIndex":0.0,"electionDayVotesPercent":0.0,"nominatorAbbr":{"fi":"KD","sv":"KD","en":"CD"}},{"age":25,"advanceVotesPercent":0.4,"lastname":"Åkerlund","occupation":"studerande","advanceVotes":1,"npid":2,"totalVotes":1,"spid":8,"abbr":"KD","municipalCouncilor":false,"muid":440,"alid":2,"firstname":"Matilda","electionDayVotes":0,"pid":"9","finalPosition":0,"electedInformation":"NOT_ELECTED","totalVotesPercent":0.4,"nominatorName":{"fi":"Suomen Kristillisdemokraatit (KD)","sv":"Kristdemokraterna i Finland (KD)","en":"Christian Democrats in Finland"},"caid":49,"position":0,"gender":"2","comparisonData":{"totalVotes":0,"votesTotalChange":1},"edid":10,"comparativeIndex":0.0,"electionDayVotesPercent":0.0,"nominatorAbbr":{"fi":"KD","sv":"KD","en":"CD"}},{"age":46,"advanceVotesPercent":0.4,"lastname":"Ingram","occupation":"kommunikationskonsult, redaktör","advanceVotes":1,"npid":3,"totalVotes":1,"spid":1,"abbr":"KESK","municipalCouncilor":false,"muid":440,"alid":3,"firstname":"Darren","electionDayVotes":0,"pid":"2","finalPosition":0,"electedInformation":"NOT_ELECTED","totalVotesPercent":0.4,"nominatorName":{"fi":"Suomen Keskusta","sv":"Centern i Finland","en":"Centre Party of Finland"},"caid":53,"position":0,"gender":"1","comparisonData":{"totalVotes":5,"votesTotalChange":-4},"edid":10,"comparativeIndex":0.0,"electionDayVotesPercent":0.0,"nominatorAbbr":{"fi":"KESK","sv":"C","en":"CENT"}},{"age":53,"advanceVotesPercent":0.4,"lastname":"Barkar","occupation":"lärare, projektkoordinator","advanceVotes":1,"npid":4,"totalVotes":1,"spid":7,"abbr":"RKP","municipalCouncilor":false,"muid":440,"alid":4,"firstname":"Katarina","electionDayVotes":0,"pid":"5","finalPosition":0,"electedInformation":"ON_SUBSTITUTE_PLACE","totalVotesPercent":0.4,"nominatorName":{"fi":"Suomen ruotsalainen kansanpuolue","sv":"Svenska folkpartiet i Finland","en":"Swedish People's Party in Finland"},"caid":54,"position":0,"gender":"2","comparisonData":{"totalVotes":13,"votesTotalChange":-12},"edid":10,"comparativeIndex":0.0,"electionDayVotesPercent":0.0,"nominatorAbbr":{"fi":"RKP","sv":"SFP","en":"SPP"}},{"age":59,"advanceVotesPercent":0.4,"lastname":"Brännbacka","occupation":"fastighetsskötare","advanceVotes":1,"npid":4,"totalVotes":1,"spid":7,"abbr":"RKP","municipalCouncilor":true,"muid":440,"alid":4,"firstname":"Sigvald","electionDayVotes":0,"pid":"5","finalPosition":0,"electedInformation":"ELECTED","totalVotesPercent":0.4,"nominatorName":{"fi":"Suomen ruotsalainen kansanpuolue","sv":"Svenska folkpartiet i Finland","en":"Swedish People's Party in Finland"},"caid":58,"position":0,"gender":"1","comparisonData":{"totalVotes":37,"votesTotalChange":-36},"edid":10,"comparativeIndex":0.0,"electionDayVotesPercent":0.0,"nominatorAbbr":{"fi":"RKP","sv":"SFP","en":"SPP"}},{"age":25,"advanceVotesPercent":0.4,"lastname":"Kecklund","occupation":"ingenjör","advanceVotes":1,"npid":4,"totalVotes":1,"spid":7,"abbr":"RKP","municipalCouncilor":false,"muid":440,"alid":4,"firstname":"Ida","electionDayVotes":0,"pid":"5","finalPosition":0,"electedInformation":"ON_SUBSTITUTE_PLACE","totalVotesPercent":0.4,"nominatorName":{"fi":"Suomen ruotsalainen kansanpuolue","sv":"Svenska folkpartiet i Finland","en":"Swedish People's Party in Finland"},"caid":61,"position":0,"gender":"2","comparisonData":{"totalVotes":0,"votesTotalChange":1},"edid":10,"comparativeIndex":0.0,"electionDayVotesPercent":0.0,"nominatorAbbr":{"fi":"RKP","sv":"SFP","en":"SPP"}},{"age":39,"advanceVotesPercent":0.4,"lastname":"Nynäs","occupation":"företagare, ventilationsmontör","advanceVotes":1,"npid":4,"totalVotes":1,"spid":7,"abbr":"RKP","municipalCouncilor":false,"muid":440,"alid":4,"firstname":"Johnny","electionDayVotes":0,"pid":"5","finalPosition":0,"electedInformation":"ON_SUBSTITUTE_PLACE","totalVotesPercent":0.4,"nominatorName":{"fi":"Suomen ruotsalainen kansanpuolue","sv":"Svenska folkpartiet i Finland","en":"Swedish People's Party in Finland"},"caid":66,"position":0,"gender":"1","comparisonData":{"totalVotes":19,"votesTotalChange":-18},"edid":10,"comparativeIndex":0.0,"electionDayVotesPercent":0.0,"nominatorAbbr":{"fi":"RKP","sv":"SFP","en":"SPP"}},{"age":51,"advanceVotesPercent":0.4,"lastname":"Sundqvist","occupation":"barnskötare","advanceVotes":1,"npid":4,"totalVotes":1,"spid":7,"abbr":"RKP","municipalCouncilor":false,"muid":440,"alid":4,"firstname":"Saga","electionDayVotes":0,"pid":"5","finalPosition":0,"electedInformation":"ON_SUBSTITUTE_PLACE","totalVotesPercent":0.4,"nominatorName":{"fi":"Suomen ruotsalainen kansanpuolue","sv":"Svenska folkpartiet i Finland","en":"Swedish People's Party in Finland"},"caid":78,"position":0,"gender":"2","comparisonData":{"totalVotes":0,"votesTotalChange":1},"edid":10,"comparativeIndex":0.0,"electionDayVotesPercent":0.0,"nominatorAbbr":{"fi":"RKP","sv":"SFP","en":"SPP"}},{"age":41,"advanceVotesPercent":0.4,"lastname":"Svenlin","occupation":"arbetsledare","advanceVotes":1,"npid":4,"totalVotes":1,"spid":7,"abbr":"RKP","municipalCouncilor":false,"muid":440,"alid":4,"firstname":"Markus","electionDayVotes":0,"pid":"5","finalPosition":0,"electedInformation":"ELECTED","totalVotesPercent":0.4,"nominatorName":{"fi":"Suomen ruotsalainen kansanpuolue","sv":"Svenska folkpartiet i Finland","en":"Swedish People's Party in Finland"},"caid":79,"position":0,"gender":"1","comparisonData":{"totalVotes":0,"votesTotalChange":1},"edid":10,"comparativeIndex":0.0,"electionDayVotesPercent":0.0,"nominatorAbbr":{"fi":"RKP","sv":"SFP","en":"SPP"}},{"age":42,"advanceVotesPercent":0.4,"lastname":"Östman","occupation":"jordbrukare","advanceVotes":1,"npid":4,"totalVotes":1,"spid":7,"abbr":"RKP","municipalCouncilor":false,"muid":440,"alid":4,"firstname":"Anders","electionDayVotes":0,"pid":"5","finalPosition":0,"electedInformation":"NOT_ELECTED","totalVotesPercent":0.4,"nominatorName":{"fi":"Suomen ruotsalainen kansanpuolue","sv":"Svenska folkpartiet i Finland","en":"Swedish People's Party in Finland"},"caid":85,"position":0,"gender":"1","comparisonData":{"totalVotes":22,"votesTotalChange":-21},"edid":10,"comparativeIndex":0.0,"electionDayVotesPercent":0.0,"nominatorAbbr":{"fi":"RKP","sv":"SFP","en":"SPP"}},{"age":19,"advanceVotesPercent":0.0,"lastname":"Lindström","occupation":"rörmontör","advanceVotes":0,"npid":1,"totalVotes":0,"spid":4,"abbr":"SDP","municipalCouncilor":false,"muid":440,"alid":1,"firstname":"Fred","electionDayVotes":0,"pid":"1","finalPosition":0,"electedInformation":"NOT_ELECTED","totalVotesPercent":0.0,"nominatorName":{"fi":"Suomen Sosialidemokraattinen Puolue","sv":"Finlands Socialdemokratiska Parti","en":"The Finnish Social Democratic Party"},"caid":11,"position":0,"gender":"1","comparisonData":{"totalVotes":0,"votesTotalChange":0},"edid":10,"comparativeIndex":0.0,"electionDayVotesPercent":0.0,"nominatorAbbr":{"fi":"SDP","sv":"SDP","en":"SDP"}},{"age":42,"advanceVotesPercent":0.0,"lastname":"Björkskog","occupation":"arbetsledare","advanceVotes":0,"npid":2,"totalVotes":0,"spid":8,"abbr":"KD","municipalCouncilor":false,"muid":440,"alid":2,"firstname":"Erik","electionDayVotes":0,"pid":"9","finalPosition":0,"electedInformation":"NOT_ELECTED","totalVotesPercent":0.0,"nominatorName":{"fi":"Suomen Kristillisdemokraatit (KD)","sv":"Kristdemokraterna i Finland (KD)","en":"Christian Democrats in Finland"},"caid":17,"position":0,"gender":"1","comparisonData":{"totalVotes":20,"votesTotalChange":-20},"edid":10,"comparativeIndex":0.0,"electionDayVotesPercent":0.0,"nominatorAbbr":{"fi":"KD","sv":"KD","en":"CD"}},{"age":39,"advanceVotesPercent":0.0,"lastname":"Björkström","occupation":"elevassistent","advanceVotes":0,"npid":2,"totalVotes":0,"spid":8,"abbr":"KD","municipalCouncilor":true,"muid":440,"alid":2,"firstname":"Marita","electionDayVotes":0,"pid":"9","finalPosition":0,"electedInformation":"NOT_ELECTED","totalVotesPercent":0.0,"nominatorName":{"fi":"Suomen Kristillisdemokraatit (KD)","sv":"Kristdemokraterna i Finland (KD)","en":"Christian Democrats in Finland"},"caid":18,"position":0,"gender":"2","comparisonData":{"totalVotes":45,"votesTotalChange":-45},"edid":10,"comparativeIndex":0.0,"electionDayVotesPercent":0.0,"nominatorAbbr":{"fi":"KD","sv":"KD","en":"CD"}},{"age":30,"advanceVotesPercent":0.0,"lastname":"Byggmästar","occupation":"arbetsledare","advanceVotes":0,"npid":2,"totalVotes":0,"spid":8,"abbr":"KD","municipalCouncilor":false,"muid":440,"alid":2,"firstname":"Christoffer","electionDayVotes":0,"pid":"9","finalPosition":0,"electedInformation":"NOT_ELECTED","totalVotesPercent":0.0,"nominatorName":{"fi":"Suomen Kristillisdemokraatit (KD)","sv":"Kristdemokraterna i Finland (KD)","en":"Christian Democrats in Finland"},"caid":19,"position":0,"gender":"1","comparisonData":{"totalVotes":0,"votesTotalChange":0},"edid":10,"comparativeIndex":0.0,"electionDayVotesPercent":0.0,"nominatorAbbr":{"fi":"KD","sv":"KD","en":"CD"}},{"age":26,"advanceVotesPercent":0.0,"lastname":"Enkvist","occupation":"privatföretagare","advanceVotes":0,"npid":2,"totalVotes":0,"spid":8,"abbr":"KD","municipalCouncilor":false,"muid":440,"alid":2,"firstname":"Ben","electionDayVotes":0,"pid":"9","finalPosition":0,"electedInformation":"ELECTED","totalVotesPercent":0.0,"nominatorName":{"fi":"Suomen Kristillisdemokraatit (KD)","sv":"Kristdemokraterna i Finland (KD)","en":"Christian Democrats in Finland"},"caid":22,"position":0,"gender":"1","comparisonData":{"totalVotes":0,"votesTotalChange":0},"edid":10,"comparativeIndex":0.0,"electionDayVotesPercent":0.0,"nominatorAbbr":{"fi":"KD","sv":"KD","en":"CD"}},{"age":23,"advanceVotesPercent":0.0,"lastname":"Enkvist","occupation":"polis","advanceVotes":0,"npid":2,"totalVotes":0,"spid":8,"abbr":"KD","municipalCouncilor":false,"muid":440,"alid":2,"firstname":"Anders","electionDayVotes":0,"pid":"9","finalPosition":0,"electedInformation":"NOT_ELECTED","totalVotesPercent":0.0,"nominatorName":{"fi":"Suomen Kristillisdemokraatit (KD)","sv":"Kristdemokraterna i Finland (KD)","en":"Christian Democrats in Finland"},"caid":23,"position":0,"gender":"1","comparisonData":{"totalVotes":0,"votesTotalChange":0},"edid":10,"comparativeIndex":0.0,"electionDayVotesPercent":0.0,"nominatorAbbr":{"fi":"KD","sv":"KD","en":"CD"}},{"age":37,"advanceVotesPercent":0.0,"lastname":"Granholm","occupation":"barnledare, närvårdare","advanceVotes":0,"npid":2,"totalVotes":0,"spid":8,"abbr":"KD","municipalCouncilor":false,"muid":440,"alid":2,"firstname":"Görel","electionDayVotes":0,"pid":"9","finalPosition":0,"electedInformation":"ON_SUBSTITUTE_PLACE","totalVotesPercent":0.0,"nominatorName":{"fi":"Suomen Kristillisdemokraatit (KD)","sv":"Kristdemokraterna i Finland (KD)","en":"Christian Democrats in Finland"},"caid":24,"position":0,"gender":"2","comparisonData":{"totalVotes":0,"votesTotalChange":0},"edid":10,"comparativeIndex":0.0,"electionDayVotesPercent":0.0,"nominatorAbbr":{"fi":"KD","sv":"KD","en":"CD"}},{"age":34,"advanceVotesPercent":0.0,"lastname":"Granholm","occupation":"företagare","advanceVotes":0,"npid":2,"totalVotes":0,"spid":8,"abbr":"KD","municipalCouncilor":false,"muid":440,"alid":2,"firstname":"Tommy","electionDayVotes":0,"pid":"9","finalPosition":0,"electedInformation":"NOT_ELECTED","totalVotesPercent":0.0,"nominatorName":{"fi":"Suomen Kristillisdemokraatit (KD)","sv":"Kristdemokraterna i Finland (KD)","en":"Christian Democrats in Finland"},"caid":25,"position":0,"gender":"1","comparisonData":{"totalVotes":0,"votesTotalChange":0},"edid":10,"comparativeIndex":0.0,"electionDayVotesPercent":0.0,"nominatorAbbr":{"fi":"KD","sv":"KD","en":"CD"}},{"age":48,"advanceVotesPercent":0.0,"lastname":"Grankulla","occupation":"distriktssekreterare","advanceVotes":0,"npid":2,"totalVotes":0,"spid":8,"abbr":"KD","municipalCouncilor":true,"muid":440,"alid":2,"firstname":"Ann-Sofie","electionDayVotes":0,"pid":"9","finalPosition":0,"electedInformation":"ELECTED","totalVotesPercent":0.0,"nominatorName":{"fi":"Suomen Kristillisdemokraatit (KD)","sv":"Kristdemokraterna i Finland (KD)","en":"Christian Democrats in Finland"},"caid":27,"position":0,"gender":"2","comparisonData":{"totalVotes":81,"votesTotalChange":-81},"edid":10,"comparativeIndex":0.0,"electionDayVotesPercent":0.0,"nominatorAbbr":{"fi":"KD","sv":"KD","en":"CD"}},{"age":22,"advanceVotesPercent":0.0,"lastname":"Hjulfors","occupation":"närvårdare","advanceVotes":0,"npid":2,"totalVotes":0,"spid":8,"abbr":"KD","municipalCouncilor":false,"muid":440,"alid":2,"firstname":"Emilia","electionDayVotes":0,"pid":"9","finalPosition":0,"electedInformation":"NOT_ELECTED","totalVotesPercent":0.0,"nominatorName":{"fi":"Suomen Kristillisdemokraatit (KD)","sv":"Kristdemokraterna i Finland (KD)","en":"Christian Democrats in Finland"},"caid":29,"position":0,"gender":"2","comparisonData":{"totalVotes":0,"votesTotalChange":0},"edid":10,"comparativeIndex":0.0,"electionDayVotesPercent":0.0,"nominatorAbbr":{"fi":"KD","sv":"KD","en":"CD"}},{"age":33,"advanceVotesPercent":0.0,"lastname":"Keränen","occupation":"linjemontör, linja-asentaja","advanceVotes":0,"npid":2,"totalVotes":0,"spid":8,"abbr":"KD","municipalCouncilor":false,"muid":440,"alid":2,"firstname":"Tuomas","electionDayVotes":0,"pid":"9","finalPosition":0,"electedInformation":"NOT_ELECTED","totalVotesPercent":0.0,"nominatorName":{"fi":"Suomen Kristillisdemokraatit (KD)","sv":"Kristdemokraterna i Finland (KD)","en":"Christian Democrats in Finland"},"caid":30,"position":0,"gender":"1","comparisonData":{"totalVotes":0,"votesTotalChange":0},"edid":10,"comparativeIndex":0.0,"electionDayVotesPercent":0.0,"nominatorAbbr":{"fi":"KD","sv":"KD","en":"CD"}},{"age":37,"advanceVotesPercent":0.0,"lastname":"Löfs-Grankulla","occupation":"närvårdare","advanceVotes":0,"npid":2,"totalVotes":0,"spid":8,"abbr":"KD","municipalCouncilor":false,"muid":440,"alid":2,"firstname":"Pernilla","electionDayVotes":0,"pid":"9","finalPosition":0,"electedInformation":"NOT_ELECTED","totalVotesPercent":0.0,"nominatorName":{"fi":"Suomen Kristillisdemokraatit (KD)","sv":"Kristdemokraterna i Finland (KD)","en":"Christian Democrats in Finland"},"caid":32,"position":0,"gender":"2","comparisonData":{"totalVotes":27,"votesTotalChange":-27},"edid":10,"comparativeIndex":0.0,"electionDayVotesPercent":0.0,"nominatorAbbr":{"fi":"KD","sv":"KD","en":"CD"}},{"age":43,"advanceVotesPercent":0.0,"lastname":"Nilsen","occupation":"yrittäjä, opettaja","advanceVotes":0,"npid":2,"totalVotes":0,"spid":8,"abbr":"KD","municipalCouncilor":false,"muid":440,"alid":2,"firstname":"Anne","electionDayVotes":0,"pid":"9","finalPosition":0,"electedInformation":"NOT_ELECTED","totalVotesPercent":0.0,"nominatorName":{"fi":"Suomen Kristillisdemokraatit (KD)","sv":"Kristdemokraterna i Finland (KD)","en":"Christian Democrats in Finland"},"caid":34,"position":0,"gender":"2","comparisonData":{"totalVotes":0,"votesTotalChange":0},"edid":10,"comparativeIndex":0.0,"electionDayVotesPercent":0.0,"nominatorAbbr":{"fi":"KD","sv":"KD","en":"CD"}},{"age":53,"advanceVotesPercent":0.0,"lastname":"Nyman","occupation":"företagare, försäljningschef","advanceVotes":0,"npid":2,"totalVotes":0,"spid":8,"abbr":"KD","municipalCouncilor":false,"muid":440,"alid":2,"firstname":"Stefan","electionDayVotes":0,"pid":"9","finalPosition":0,"electedInformation":"NOT_ELECTED","totalVotesPercent":0.0,"nominatorName":{"fi":"Suomen Kristillisdemokraatit (KD)","sv":"Kristdemokraterna i Finland (KD)","en":"Christian Democrats in Finland"},"caid":36,"position":0,"gender":"1","comparisonData":{"totalVotes":0,"votesTotalChange":0},"edid":10,"comparativeIndex":0.0,"electionDayVotesPercent":0.0,"nominatorAbbr":{"fi":"KD","sv":"KD","en":"CD"}},{"age":22,"advanceVotesPercent":0.0,"lastname":"Olsen","occupation":"båtbyggare","advanceVotes":0,"npid":2,"totalVotes":0,"spid":8,"abbr":"KD","municipalCouncilor":false,"muid":440,"alid":2,"firstname":"Dan-Erik","electionDayVotes":0,"pid":"9","finalPosition":0,"electedInformation":"NOT_ELECTED","totalVotesPercent":0.0,"nominatorName":{"fi":"Suomen Kristillisdemokraatit (KD)","sv":"Kristdemokraterna i Finland (KD)","en":"Christian Democrats in Finland"},"caid":37,"position":0,"gender":"1","comparisonData":{"totalVotes":0,"votesTotalChange":0},"edid":10,"comparativeIndex":0.0,"electionDayVotesPercent":0.0,"nominatorAbbr":{"fi":"KD","sv":"KD","en":"CD"}},{"age":34,"advanceVotesPercent":0.0,"lastname":"Sundelin","occupation":"metallarbetare","advanceVotes":0,"npid":2,"totalVotes":0,"spid":8,"abbr":"KD","municipalCouncilor":false,"muid":440,"alid":2,"firstname":"Robin","electionDayVotes":0,"pid":"9","finalPosition":0,"electedInformation":"ON_SUBSTITUTE_PLACE","totalVotesPercent":0.0,"nominatorName":{"fi":"Suomen Kristillisdemokraatit (KD)","sv":"Kristdemokraterna i Finland (KD)","en":"Christian Democrats in Finland"},"caid":40,"position":0,"gender":"1","comparisonData":{"totalVotes":0,"votesTotalChange":0},"edid":10,"comparativeIndex":0.0,"electionDayVotesPercent":0.0,"nominatorAbbr":{"fi":"KD","sv":"KD","en":"CD"}},{"age":62,"advanceVotesPercent":0.0,"lastname":"Svenfelt","occupation":"båtbyggare","advanceVotes":0,"npid":2,"totalVotes":0,"spid":8,"abbr":"KD","municipalCouncilor":true,"muid":440,"alid":2,"firstname":"Mikael","electionDayVotes":0,"pid":"9","finalPosition":0,"electedInformation":"ON_SUBSTITUTE_PLACE","totalVotesPercent":0.0,"nominatorName":{"fi":"Suomen Kristillisdemokraatit (KD)","sv":"Kristdemokraterna i Finland (KD)","en":"Christian Democrats in Finland"},"caid":41,"position":0,"gender":"1","comparisonData":{"totalVotes":48,"votesTotalChange":-48},"edid":10,"comparativeIndex":0.0,"electionDayVotesPercent":0.0,"nominatorAbbr":{"fi":"KD","sv":"KD","en":"CD"}},{"age":45,"advanceVotesPercent":0.0,"lastname":"Tupeli","occupation":"konditionsskötare, trädgårdsmästare","advanceVotes":0,"npid":2,"totalVotes":0,"spid":8,"abbr":"KD","municipalCouncilor":false,"muid":440,"alid":2,"firstname":"Sonja","electionDayVotes":0,"pid":"9","finalPosition":0,"electedInformation":"NOT_ELECTED","totalVotesPercent":0.0,"nominatorName":{"fi":"Suomen Kristillisdemokraatit (KD)","sv":"Kristdemokraterna i Finland (KD)","en":"Christian Democrats in Finland"},"caid":44,"position":0,"gender":"2","comparisonData":{"totalVotes":0,"votesTotalChange":0},"edid":10,"comparativeIndex":0.0,"electionDayVotesPercent":0.0,"nominatorAbbr":{"fi":"KD","sv":"KD","en":"CD"}},{"age":57,"advanceVotesPercent":0.0,"lastname":"Törnqvist","occupation":"merkonom, kontorist","advanceVotes":0,"npid":2,"totalVotes":0,"spid":8,"abbr":"KD","municipalCouncilor":false,"muid":440,"alid":2,"firstname":"Bernice","electionDayVotes":0,"pid":"9","finalPosition":0,"electedInformation":"ON_SUBSTITUTE_PLACE","totalVotesPercent":0.0,"nominatorName":{"fi":"Suomen Kristillisdemokraatit (KD)","sv":"Kristdemokraterna i Finland (KD)","en":"Christian Democrats in Finland"},"caid":46,"position":0,"gender":"2","comparisonData":{"totalVotes":0,"votesTotalChange":0},"edid":10,"comparativeIndex":0.0,"electionDayVotesPercent":0.0,"nominatorAbbr":{"fi":"KD","sv":"KD","en":"CD"}},{"age":68,"advanceVotesPercent":0.0,"lastname":"Töyrä","occupation":"pensionär","advanceVotes":0,"npid":2,"totalVotes":0,"spid":8,"abbr":"KD","municipalCouncilor":false,"muid":440,"alid":2,"firstname":"Lennart","electionDayVotes":0,"pid":"9","finalPosition":0,"electedInformation":"NOT_ELECTED","totalVotesPercent":0.0,"nominatorName":{"fi":"Suomen Kristillisdemokraatit (KD)","sv":"Kristdemokraterna i Finland (KD)","en":"Christian Democrats in Finland"},"caid":47,"position":0,"gender":"1","comparisonData":{"totalVotes":27,"votesTotalChange":-27},"edid":10,"comparativeIndex":0.0,"electionDayVotesPercent":0.0,"nominatorAbbr":{"fi":"KD","sv":"KD","en":"CD"}},{"age":26,"advanceVotesPercent":0.0,"lastname":"Verkasalo","occupation":"expeditionsarbetare","advanceVotes":0,"npid":2,"totalVotes":0,"spid":8,"abbr":"KD","municipalCouncilor":false,"muid":440,"alid":2,"firstname":"Samuel","electionDayVotes":0,"pid":"9","finalPosition":0,"electedInformation":"ON_SUBSTITUTE_PLACE","totalVotesPercent":0.0,"nominatorName":{"fi":"Suomen Kristillisdemokraatit (KD)","sv":"Kristdemokraterna i Finland (KD)","en":"Christian Democrats in Finland"},"caid":48,"position":0,"gender":"1","comparisonData":{"totalVotes":0,"votesTotalChange":0},"edid":10,"comparativeIndex":0.0,"electionDayVotesPercent":0.0,"nominatorAbbr":{"fi":"KD","sv":"KD","en":"CD"}},{"age":39,"advanceVotesPercent":0.0,"lastname":"Björkskog","occupation":"sjukskötare","advanceVotes":0,"npid":4,"totalVotes":0,"spid":7,"abbr":"RKP","municipalCouncilor":false,"muid":440,"alid":4,"firstname":"Johanna","electionDayVotes":0,"pid":"5","finalPosition":0,"electedInformation":"ELECTED","totalVotesPercent":0.0,"nominatorName":{"fi":"Suomen ruotsalainen kansanpuolue","sv":"Svenska folkpartiet i Finland","en":"Swedish People's Party in Finland"},"caid":57,"position":0,"gender":"2","comparisonData":{"totalVotes":0,"votesTotalChange":0},"edid":10,"comparativeIndex":0.0,"electionDayVotesPercent":0.0,"nominatorAbbr":{"fi":"RKP","sv":"SFP","en":"SPP"}},{"age":35,"advanceVotesPercent":0.0,"lastname":"Ena","occupation":"företagare, receptionist","advanceVotes":0,"npid":4,"totalVotes":0,"spid":7,"abbr":"RKP","municipalCouncilor":false,"muid":440,"alid":4,"firstname":"Jonas","electionDayVotes":0,"pid":"5","finalPosition":0,"electedInformation":"ON_SUBSTITUTE_PLACE","totalVotesPercent":0.0,"nominatorName":{"fi":"Suomen ruotsalainen kansanpuolue","sv":"Svenska folkpartiet i Finland","en":"Swedish People's Party in Finland"},"caid":59,"position":0,"gender":"1","comparisonData":{"totalVotes":13,"votesTotalChange":-13},"edid":10,"comparativeIndex":0.0,"electionDayVotesPercent":0.0,"nominatorAbbr":{"fi":"RKP","sv":"SFP","en":"SPP"}},{"age":21,"advanceVotesPercent":0.0,"lastname":"Fagerholm","occupation":"ekonomistuderande","advanceVotes":0,"npid":4,"totalVotes":0,"spid":7,"abbr":"RKP","municipalCouncilor":false,"muid":440,"alid":4,"firstname":"Morgan","electionDayVotes":0,"pid":"5","finalPosition":0,"electedInformation":"ON_SUBSTITUTE_PLACE","totalVotesPercent":0.0,"nominatorName":{"fi":"Suomen ruotsalainen kansanpuolue","sv":"Svenska folkpartiet i Finland","en":"Swedish People's Party in Finland"},"caid":60,"position":0,"gender":"1","comparisonData":{"totalVotes":0,"votesTotalChange":0},"edid":10,"comparativeIndex":0.0,"electionDayVotesPercent":0.0,"nominatorAbbr":{"fi":"RKP","sv":"SFP","en":"SPP"}},{"age":51,"advanceVotesPercent":0.0,"lastname":"Peltola","occupation":"speditionschef","advanceVotes":0,"npid":4,"totalVotes":0,"spid":7,"abbr":"RKP","municipalCouncilor":false,"muid":440,"alid":4,"firstname":"Vesa","electionDayVotes":0,"pid":"5","finalPosition":0,"electedInformation":"NOT_ELECTED","totalVotesPercent":0.0,"nominatorName":{"fi":"Suomen ruotsalainen kansanpuolue","sv":"Svenska folkpartiet i Finland","en":"Swedish People's Party in Finland"},"caid":69,"position":0,"gender":"1","comparisonData":{"totalVotes":22,"votesTotalChange":-22},"edid":10,"comparativeIndex":0.0,"electionDayVotesPercent":0.0,"nominatorAbbr":{"fi":"RKP","sv":"SFP","en":"SPP"}},{"age":58,"advanceVotesPercent":0.0,"lastname":"Ray","occupation":"försäljare","advanceVotes":0,"npid":4,"totalVotes":0,"spid":7,"abbr":"RKP","municipalCouncilor":false,"muid":440,"alid":4,"firstname":"Jan","electionDayVotes":0,"pid":"5","finalPosition":0,"electedInformation":"NOT_ELECTED","totalVotesPercent":0.0,"nominatorName":{"fi":"Suomen ruotsalainen kansanpuolue","sv":"Svenska folkpartiet i Finland","en":"Swedish People's Party in Finland"},"caid":70,"position":0,"gender":"1","comparisonData":{"totalVotes":0,"votesTotalChange":0},"edid":10,"comparativeIndex":0.0,"electionDayVotesPercent":0.0,"nominatorAbbr":{"fi":"RKP","sv":"SFP","en":"SPP"}},{"age":29,"advanceVotesPercent":0.0,"lastname":"Sjöström","occupation":"systemingenjör","advanceVotes":0,"npid":4,"totalVotes":0,"spid":7,"abbr":"RKP","municipalCouncilor":false,"muid":440,"alid":4,"firstname":"Annika","electionDayVotes":0,"pid":"5","finalPosition":0,"electedInformation":"ON_SUBSTITUTE_PLACE","totalVotesPercent":0.0,"nominatorName":{"fi":"Suomen ruotsalainen kansanpuolue","sv":"Svenska folkpartiet i Finland","en":"Swedish People's Party in Finland"},"caid":73,"position":0,"gender":"2","comparisonData":{"totalVotes":0,"votesTotalChange":0},"edid":10,"comparativeIndex":0.0,"electionDayVotesPercent":0.0,"nominatorAbbr":{"fi":"RKP","sv":"SFP","en":"SPP"}},{"age":31,"advanceVotesPercent":0.0,"lastname":"Vikström","occupation":"jordbrukare","advanceVotes":0,"npid":4,"totalVotes":0,"spid":7,"abbr":"RKP","municipalCouncilor":false,"muid":440,"alid":4,"firstname":"Henrik","electionDayVotes":0,"pid":"5","finalPosition":0,"electedInformation":"NOT_ELECTED","totalVotesPercent":0.0,"nominatorName":{"fi":"Suomen ruotsalainen kansanpuolue","sv":"Svenska folkpartiet i Finland","en":"Swedish People's Party in Finland"},"caid":83,"position":0,"gender":"1","comparisonData":{"totalVotes":0,"votesTotalChange":0},"edid":10,"comparativeIndex":0.0,"electionDayVotesPercent":0.0,"nominatorAbbr":{"fi":"RKP","sv":"SFP","en":"SPP"}}],"municipalityPollingDistricts":[{"name":{"fi":"Risö","sv":"Risö"},"calculationStatusPercent":32.0,"joinedArea":false,"muid":440,"totalVotingInFinlandTurnout":0.0,"identification":"001","pdid":"001","eligibleVotersInFinlandTotal":1163,"edid":10,"mergedToPdid":""},{"name":{"fi":"Holm","sv":"Holm"},"calculationStatusPercent":41.6,"joinedArea":false,"muid":440,"totalVotingInFinlandTurnout":0.0,"identification":"002","pdid":"002","eligibleVotersInFinlandTotal":1001,"edid":10,"mergedToPdid":""},{"name":{"fi":"Eugmo","sv":"Eugmo"},"calculationStatusPercent":33.3,"joinedArea":false,"muid":440,"totalVotingInFinlandTurnout":0.0,"identification":"003","pdid":"003","eligibleVotersInFinlandTotal":579,"edid":10,"mergedToPdid":""},{"name":{"fi":"Bosund","sv":"Bosund"},"calculationStatusPercent":28.7,"joinedArea":false,"muid":440,"totalVotingInFinlandTurnout":0.0,"identification":"004","pdid":"004","eligibleVotersInFinlandTotal":660,"edid":10,"mergedToPdid":""}],"municipality":{"muid":440,"edid":10,"name":{"fi":"Luoto","sv":"Larsmo"}}}