{"version":60,"created":"2017-04-09T21:47:23.519Z","electionDetails":{"electionId":"kv2017","electionDate":"2017-04-09T00:00:00.000Z","electionDataPublishTime":"2017-04-09T17:00:00.000Z","name":{"fi":"Kuntavaalit 2017","sv":"Kommunalval 2017","en":"Elections 2017"},"previousElections":{"correspondingCompareElection":{"electionId":"kv2012","electionDate":"2012-10-28T00:00:00.000Z","name":{"fi":"Kuntavaalit 2012","en":"Municipal elections 2012","sv":"Kommunalval 2012"}},"otherCompareElection":{"electionId":"ev2015","electionDate":"2015-04-19T00:00:00.000Z","name":{"fi":"Eduskuntavaalit 2015","en":"Parliamentary election 2015","sv":"Riksdagsval 2015"}}}},"calculationStatus":{"electionDayVotingTurnout":24.6,"invalidAdvanceVotes":6,"calculationPhase":"INITIAL","invalidElectionDayVotes":2,"approvedAdvanceVotes":675,"advanceVotingTurnout":35.3,"totalVotingTurnoutAbroad":0.0,"name":{"fi":"Keskustan eteläinen","sv":"Keskustan eteläinen"},"calculationStatusPercent":100.0,"advanceVotes":681,"electionDayVotingTurnoutAbroad":0.0,"approvedTotalVotes":1147,"totalVotes":1155,"muid":562,"totalVotingInFinlandTurnout":59.9,"advanceVotingTurnoutAbroad":0.0,"invalidTotalVotes":8,"totalVotingTurnout":59.9,"electionDayVotes":474,"electionDayVotesInFinland":474,"pdid":"004","totalVotesInFinlandMen":0,"eligibleVotersInFinlandTotal":1929,"calculationStatusPercentElectionDayVotes":100.0,"sourceRecordModificationTime":"20170409211543","otherCompareElection":{"eid":"","eligibleVotersInFinlandTotal":0,"advanceVotingInFinlandTurnout":0.0,"electionDayVotingInFinlandTurnout":0.0,"totalVotingInFinlandTurnout":0.0,"approvedVotesTotal":0,"invalidVotesTotal":0},"correspondingCompareElection":{"eid":"","eligibleVotersInFinlandTotal":0,"advanceVotingInFinlandTurnout":0.0,"electionDayVotingInFinlandTurnout":0.0,"totalVotingInFinlandTurnout":0.0,"approvedVotesTotal":0,"invalidVotesTotal":0,"seats":0},"approvedElectionDayVotes":472,"edid":7,"calculationStatusPercentAdvanceVotes":100.0,"electionDayVotingInFinlandTurnout":24.6,"seats":0,"eligibleVotersTotal":1929,"advanceVotesInFinland":681,"advanceVotingInFinlandTurnout":35.3,"totalVotesInFinland":1155},"partyResults":[{"advanceVotesPercent":33.0,"name":{"fi":"Suomen Sosialidemokraattinen Puolue","sv":"Finlands Socialdemokratiska Parti","en":"The Finnish Social Democratic Party"},"advanceVotes":223,"npid":6,"totalVotes":360,"spid":4,"abbr":{"fi":"SDP","sv":"SDP","en":"SDP"},"alid":6,"electionDayVotes":137,"pid":"1","totalVotesPercent":31.4,"nominatorName":{"fi":"Suomen Sosialidemokraattinen Puolue","sv":"Finlands Socialdemokratiska Parti","en":"The Finnish Social Democratic Party"},"compareData":{"otherCompareElection":{"votesTotalChange":0,"votesTotalPercentChange":0.0,"votesTotal":360,"votesTotalPercent":31.4},"correspondingCompareElection":{"votesTotalChange":0,"votesTotalPercentChange":0.0,"seatChange":0,"votesTotal":360,"votesTotalPercent":31.4,"seatsTotal":0}},"seats":0,"electionDayVotesPercent":29.0,"nominatorAbbr":{"fi":"SDP","sv":"SDP","en":"SDP"}},{"advanceVotesPercent":26.5,"name":{"fi":"Kansallinen Kokoomus","sv":"Samlingspartiet","en":"National Coalition Party"},"advanceVotes":179,"npid":1,"totalVotes":341,"spid":2,"abbr":{"fi":"KOK","sv":"Saml","en":"NCP"},"alid":1,"electionDayVotes":162,"pid":"4","totalVotesPercent":29.7,"nominatorName":{"fi":"Kansallinen Kokoomus","sv":"Samlingspartiet","en":"National Coalition Party"},"compareData":{"otherCompareElection":{"votesTotalChange":0,"votesTotalPercentChange":0.0,"votesTotal":341,"votesTotalPercent":29.7},"correspondingCompareElection":{"votesTotalChange":0,"votesTotalPercentChange":0.0,"seatChange":0,"votesTotal":341,"votesTotalPercent":29.7,"seatsTotal":0}},"seats":0,"electionDayVotesPercent":34.3,"nominatorAbbr":{"fi":"KOK","sv":"Saml","en":"NCP"}},{"advanceVotesPercent":13.6,"name":{"fi":"Suomen Keskusta","sv":"Centern i Finland","en":"Centre Party of Finland"},"advanceVotes":92,"npid":4,"totalVotes":159,"spid":1,"abbr":{"fi":"KESK","sv":"C","en":"CENT"},"alid":4,"electionDayVotes":67,"pid":"2","totalVotesPercent":13.9,"nominatorName":{"fi":"Suomen Keskusta","sv":"Centern i Finland","en":"Centre Party of Finland"},"compareData":{"otherCompareElection":{"votesTotalChange":0,"votesTotalPercentChange":0.0,"votesTotal":159,"votesTotalPercent":13.9},"correspondingCompareElection":{"votesTotalChange":0,"votesTotalPercentChange":0.0,"seatChange":0,"votesTotal":159,"votesTotalPercent":13.9,"seatsTotal":0}},"seats":0,"electionDayVotesPercent":14.2,"nominatorAbbr":{"fi":"KESK","sv":"C","en":"CENT"}},{"advanceVotesPercent":11.1,"name":{"fi":"Vasemmistoliitto","sv":"Vänsterförbundet","en":"The Left Alliance"},"advanceVotes":75,"npid":7,"totalVotes":118,"spid":6,"abbr":{"fi":"VAS","sv":"VF","en":"LEFT"},"alid":7,"electionDayVotes":43,"pid":"15","totalVotesPercent":10.3,"nominatorName":{"fi":"Vasemmistoliitto","sv":"Vänsterförbundet","en":"The Left Alliance"},"compareData":{"otherCompareElection":{"votesTotalChange":0,"votesTotalPercentChange":0.0,"votesTotal":118,"votesTotalPercent":10.3},"correspondingCompareElection":{"votesTotalChange":0,"votesTotalPercentChange":0.0,"seatChange":0,"votesTotal":118,"votesTotalPercent":10.3,"seatsTotal":0}},"seats":0,"electionDayVotesPercent":9.1,"nominatorAbbr":{"fi":"VAS","sv":"VF","en":"LEFT"}},{"advanceVotesPercent":5.0,"name":{"fi":"Perussuomalaiset","sv":"Sannfinländarna","en":"The Finns Party"},"advanceVotes":34,"npid":2,"totalVotes":62,"spid":3,"abbr":{"fi":"PS","sv":"Sannf","en":"FINNS"},"alid":2,"electionDayVotes":28,"pid":"23","totalVotesPercent":5.4,"nominatorName":{"fi":"Perussuomalaiset","sv":"Sannfinländarna","en":"The Finns Party"},"compareData":{"otherCompareElection":{"votesTotalChange":0,"votesTotalPercentChange":0.0,"votesTotal":62,"votesTotalPercent":5.4},"correspondingCompareElection":{"votesTotalChange":0,"votesTotalPercentChange":0.0,"seatChange":0,"votesTotal":62,"votesTotalPercent":5.4,"seatsTotal":0}},"seats":0,"electionDayVotesPercent":5.9,"nominatorAbbr":{"fi":"PS","sv":"Sannf","en":"FINNS"}},{"advanceVotesPercent":6.5,"name":{"fi":"Suomen Kristillisdemokraatit (KD)","sv":"Kristdemokraterna i Finland (KD)","en":"Christian Democrats in Finland"},"advanceVotes":44,"npid":5,"totalVotes":60,"spid":8,"abbr":{"fi":"KD","sv":"KD","en":"CD"},"alid":5,"electionDayVotes":16,"pid":"9","totalVotesPercent":5.2,"nominatorName":{"fi":"Suomen Kristillisdemokraatit (KD)","sv":"Kristdemokraterna i Finland (KD)","en":"Christian Democrats in Finland"},"compareData":{"otherCompareElection":{"votesTotalChange":0,"votesTotalPercentChange":0.0,"votesTotal":60,"votesTotalPercent":5.2},"correspondingCompareElection":{"votesTotalChange":0,"votesTotalPercentChange":0.0,"seatChange":0,"votesTotal":60,"votesTotalPercent":5.2,"seatsTotal":0}},"seats":0,"electionDayVotesPercent":3.4,"nominatorAbbr":{"fi":"KD","sv":"KD","en":"CD"}},{"advanceVotesPercent":4.1,"name":{"fi":"Vihreä liitto","sv":"Gröna förbundet","en":"Green League"},"advanceVotes":28,"npid":3,"totalVotes":47,"spid":5,"abbr":{"fi":"VIHR","sv":"Gröna","en":"GREEN"},"alid":3,"electionDayVotes":19,"pid":"13","totalVotesPercent":4.1,"nominatorName":{"fi":"Vihreä liitto","sv":"Gröna förbundet","en":"Green League"},"compareData":{"otherCompareElection":{"votesTotalChange":0,"votesTotalPercentChange":0.0,"votesTotal":47,"votesTotalPercent":4.1},"correspondingCompareElection":{"votesTotalChange":0,"votesTotalPercentChange":0.0,"seatChange":0,"votesTotal":47,"votesTotalPercent":4.1,"seatsTotal":0}},"seats":0,"electionDayVotesPercent":4.0,"nominatorAbbr":{"fi":"VIHR","sv":"Gröna","en":"GREEN"}}],"candidateResults":[{"age":38,"advanceVotesPercent":5.5,"lastname":"Viljanen","occupation":"yrittäjä, työfysioterapeutti","advanceVotes":37,"npid":1,"totalVotes":75,"spid":2,"abbr":"KOK","municipalCouncilor":true,"muid":562,"alid":1,"firstname":"Jussi","electionDayVotes":38,"pid":"4","finalPosition":0,"electedInformation":"ELECTED","totalVotesPercent":6.5,"nominatorName":{"fi":"Kansallinen Kokoomus","sv":"Samlingspartiet","en":"National Coalition Party"},"caid":29,"position":0,"gender":"1","comparisonData":{"totalVotes":283,"votesTotalChange":-208},"edid":7,"comparativeIndex":0.0,"electionDayVotesPercent":8.1,"nominatorAbbr":{"fi":"KOK","sv":"Saml","en":"NCP"}},{"age":49,"advanceVotesPercent":4.3,"lastname":"Lahtinen","occupation":"sairaanhoitaja","advanceVotes":29,"npid":6,"totalVotes":48,"spid":4,"abbr":"SDP","municipalCouncilor":true,"muid":562,"alid":6,"firstname":"Nina","electionDayVotes":19,"pid":"1","finalPosition":0,"electedInformation":"ELECTED","totalVotesPercent":4.2,"nominatorName":{"fi":"Suomen Sosialidemokraattinen Puolue","sv":"Finlands Socialdemokratiska Parti","en":"The Finnish Social Democratic Party"},"caid":85,"position":0,"gender":"2","comparisonData":{"totalVotes":96,"votesTotalChange":-48},"edid":7,"comparativeIndex":0.0,"electionDayVotesPercent":4.0,"nominatorAbbr":{"fi":"SDP","sv":"SDP","en":"SDP"}},{"age":73,"advanceVotesPercent":4.1,"lastname":"Jokinen","occupation":"kartoittaja, eläkeläinen","advanceVotes":28,"npid":1,"totalVotes":38,"spid":2,"abbr":"KOK","municipalCouncilor":true,"muid":562,"alid":1,"firstname":"Kaarina","electionDayVotes":10,"pid":"4","finalPosition":0,"electedInformation":"ELECTED","totalVotesPercent":3.3,"nominatorName":{"fi":"Kansallinen Kokoomus","sv":"Samlingspartiet","en":"National Coalition Party"},"caid":9,"position":0,"gender":"2","comparisonData":{"totalVotes":98,"votesTotalChange":-60},"edid":7,"comparativeIndex":0.0,"electionDayVotesPercent":2.1,"nominatorAbbr":{"fi":"KOK","sv":"Saml","en":"NCP"}},{"age":62,"advanceVotesPercent":3.9,"lastname":"Kallio","occupation":"kiinteistönvälittäjä, LKV","advanceVotes":26,"npid":6,"totalVotes":36,"spid":4,"abbr":"SDP","municipalCouncilor":true,"muid":562,"alid":6,"firstname":"Markku","electionDayVotes":10,"pid":"1","finalPosition":0,"electedInformation":"ELECTED","totalVotesPercent":3.1,"nominatorName":{"fi":"Suomen Sosialidemokraattinen Puolue","sv":"Finlands Socialdemokratiska Parti","en":"The Finnish Social Democratic Party"},"caid":82,"position":0,"gender":"1","comparisonData":{"totalVotes":93,"votesTotalChange":-57},"edid":7,"comparativeIndex":0.0,"electionDayVotesPercent":2.1,"nominatorAbbr":{"fi":"SDP","sv":"SDP","en":"SDP"}},{"age":67,"advanceVotesPercent":3.1,"lastname":"Jakara","occupation":"kunnallisneuvos, sosionomi","advanceVotes":21,"npid":6,"totalVotes":31,"spid":4,"abbr":"SDP","municipalCouncilor":true,"muid":562,"alid":6,"firstname":"Riitta","electionDayVotes":10,"pid":"1","finalPosition":0,"electedInformation":"ELECTED","totalVotesPercent":2.7,"nominatorName":{"fi":"Suomen Sosialidemokraattinen Puolue","sv":"Finlands Socialdemokratiska Parti","en":"The Finnish Social Democratic Party"},"caid":79,"position":0,"gender":"2","comparisonData":{"totalVotes":105,"votesTotalChange":-74},"edid":7,"comparativeIndex":0.0,"electionDayVotesPercent":2.1,"nominatorAbbr":{"fi":"SDP","sv":"SDP","en":"SDP"}},{"age":25,"advanceVotesPercent":2.1,"lastname":"Kymäläinen","occupation":"koulunkäynnin ohjaaja","advanceVotes":14,"npid":6,"totalVotes":28,"spid":4,"abbr":"SDP","municipalCouncilor":true,"muid":562,"alid":6,"firstname":"Anna","electionDayVotes":14,"pid":"1","finalPosition":0,"electedInformation":"ELECTED","totalVotesPercent":2.4,"nominatorName":{"fi":"Suomen Sosialidemokraattinen Puolue","sv":"Finlands Socialdemokratiska Parti","en":"The Finnish Social Democratic Party"},"caid":84,"position":0,"gender":"2","comparisonData":{"totalVotes":67,"votesTotalChange":-39},"edid":7,"comparativeIndex":0.0,"electionDayVotesPercent":3.0,"nominatorAbbr":{"fi":"SDP","sv":"SDP","en":"SDP"}},{"age":67,"advanceVotesPercent":3.0,"lastname":"Saario","occupation":"erikoisröntgenhoitaja, eläkeläinen","advanceVotes":20,"npid":6,"totalVotes":28,"spid":4,"abbr":"SDP","municipalCouncilor":false,"muid":562,"alid":6,"firstname":"Matti","electionDayVotes":8,"pid":"1","finalPosition":0,"electedInformation":"ON_SUBSTITUTE_PLACE","totalVotesPercent":2.4,"nominatorName":{"fi":"Suomen Sosialidemokraattinen Puolue","sv":"Finlands Socialdemokratiska Parti","en":"The Finnish Social Democratic Party"},"caid":99,"position":0,"gender":"1","comparisonData":{"totalVotes":0,"votesTotalChange":28},"edid":7,"comparativeIndex":0.0,"electionDayVotesPercent":1.7,"nominatorAbbr":{"fi":"SDP","sv":"SDP","en":"SDP"}},{"age":30,"advanceVotesPercent":1.2,"lastname":"Kahilaniemi","occupation":"KTM/FM, ryhmäpäällikkö","advanceVotes":8,"npid":1,"totalVotes":27,"spid":2,"abbr":"KOK","municipalCouncilor":true,"muid":562,"alid":1,"firstname":"Sini","electionDayVotes":19,"pid":"4","finalPosition":0,"electedInformation":"ELECTED","totalVotesPercent":2.4,"nominatorName":{"fi":"Kansallinen Kokoomus","sv":"Samlingspartiet","en":"National Coalition Party"},"caid":11,"position":0,"gender":"2","comparisonData":{"totalVotes":65,"votesTotalChange":-38},"edid":7,"comparativeIndex":0.0,"electionDayVotesPercent":4.0,"nominatorAbbr":{"fi":"KOK","sv":"Saml","en":"NCP"}},{"age":41,"advanceVotesPercent":2.4,"lastname":"Kymäläinen","occupation":"pääluottamusmies, työsuojeluvaltuutettu","advanceVotes":16,"npid":2,"totalVotes":27,"spid":3,"abbr":"PS","municipalCouncilor":false,"muid":562,"alid":2,"firstname":"Sami","electionDayVotes":11,"pid":"23","finalPosition":0,"electedInformation":"ELECTED","totalVotesPercent":2.4,"nominatorName":{"fi":"Perussuomalaiset","sv":"Sannfinländarna","en":"The Finns Party"},"caid":33,"position":0,"gender":"1","comparisonData":{"totalVotes":0,"votesTotalChange":27},"edid":7,"comparativeIndex":0.0,"electionDayVotesPercent":2.3,"nominatorAbbr":{"fi":"PS","sv":"Sannf","en":"FINNS"}},{"age":59,"advanceVotesPercent":3.1,"lastname":"Hjerppe","occupation":"rovasti","advanceVotes":21,"npid":6,"totalVotes":27,"spid":4,"abbr":"SDP","municipalCouncilor":true,"muid":562,"alid":6,"firstname":"Ilkka","electionDayVotes":6,"pid":"1","finalPosition":0,"electedInformation":"ELECTED","totalVotesPercent":2.4,"nominatorName":{"fi":"Suomen Sosialidemokraattinen Puolue","sv":"Finlands Socialdemokratiska Parti","en":"The Finnish Social Democratic Party"},"caid":77,"position":0,"gender":"1","comparisonData":{"totalVotes":96,"votesTotalChange":-69},"edid":7,"comparativeIndex":0.0,"electionDayVotesPercent":1.3,"nominatorAbbr":{"fi":"SDP","sv":"SDP","en":"SDP"}},{"age":45,"advanceVotesPercent":1.9,"lastname":"Jakara","occupation":"asiantuntija rekrytointipalvelut, HM","advanceVotes":13,"npid":6,"totalVotes":26,"spid":4,"abbr":"SDP","municipalCouncilor":false,"muid":562,"alid":6,"firstname":"Heidi","electionDayVotes":13,"pid":"1","finalPosition":0,"electedInformation":"ELECTED","totalVotesPercent":2.3,"nominatorName":{"fi":"Suomen Sosialidemokraattinen Puolue","sv":"Finlands Socialdemokratiska Parti","en":"The Finnish Social Democratic Party"},"caid":78,"position":0,"gender":"2","comparisonData":{"totalVotes":60,"votesTotalChange":-34},"edid":7,"comparativeIndex":0.0,"electionDayVotesPercent":2.8,"nominatorAbbr":{"fi":"SDP","sv":"SDP","en":"SDP"}},{"age":65,"advanceVotesPercent":2.2,"lastname":"Kahelin","occupation":"kehityspäällikkö","advanceVotes":15,"npid":7,"totalVotes":26,"spid":6,"abbr":"VAS","municipalCouncilor":true,"muid":562,"alid":7,"firstname":"Reijo","electionDayVotes":11,"pid":"15","finalPosition":0,"electedInformation":"ELECTED","totalVotesPercent":2.3,"nominatorName":{"fi":"Vasemmistoliitto","sv":"Vänsterförbundet","en":"The Left Alliance"},"caid":111,"position":0,"gender":"1","comparisonData":{"totalVotes":55,"votesTotalChange":-29},"edid":7,"comparativeIndex":0.0,"electionDayVotesPercent":2.3,"nominatorAbbr":{"fi":"VAS","sv":"VF","en":"LEFT"}},{"age":47,"advanceVotesPercent":2.7,"lastname":"Löytty-Rissanen","occupation":"opettaja, kasvatustieteiden maisteri","advanceVotes":18,"npid":4,"totalVotes":25,"spid":1,"abbr":"KESK","municipalCouncilor":false,"muid":562,"alid":4,"firstname":"Minna","electionDayVotes":7,"pid":"2","finalPosition":0,"electedInformation":"ELECTED","totalVotesPercent":2.2,"nominatorName":{"fi":"Suomen Keskusta","sv":"Centern i Finland","en":"Centre Party of Finland"},"caid":53,"position":0,"gender":"2","comparisonData":{"totalVotes":0,"votesTotalChange":25},"edid":7,"comparativeIndex":0.0,"electionDayVotesPercent":1.5,"nominatorAbbr":{"fi":"KESK","sv":"C","en":"CENT"}},{"age":62,"advanceVotesPercent":2.2,"lastname":"Eronen","occupation":"lehtori, KTM","advanceVotes":15,"npid":1,"totalVotes":24,"spid":2,"abbr":"KOK","municipalCouncilor":false,"muid":562,"alid":1,"firstname":"Ulla","electionDayVotes":9,"pid":"4","finalPosition":0,"electedInformation":"ELECTED","totalVotesPercent":2.1,"nominatorName":{"fi":"Kansallinen Kokoomus","sv":"Samlingspartiet","en":"National Coalition Party"},"caid":4,"position":0,"gender":"2","comparisonData":{"totalVotes":0,"votesTotalChange":24},"edid":7,"comparativeIndex":0.0,"electionDayVotesPercent":1.9,"nominatorAbbr":{"fi":"KOK","sv":"Saml","en":"NCP"}},{"age":34,"advanceVotesPercent":0.7,"lastname":"Sikala","occupation":"vanhempi konstaapeli, yrittäjä","advanceVotes":5,"npid":1,"totalVotes":23,"spid":2,"abbr":"KOK","municipalCouncilor":false,"muid":562,"alid":1,"firstname":"Touko","electionDayVotes":18,"pid":"4","finalPosition":0,"electedInformation":"ELECTED","totalVotesPercent":2.0,"nominatorName":{"fi":"Kansallinen Kokoomus","sv":"Samlingspartiet","en":"National Coalition Party"},"caid":21,"position":0,"gender":"1","comparisonData":{"totalVotes":0,"votesTotalChange":23},"edid":7,"comparativeIndex":0.0,"electionDayVotesPercent":3.8,"nominatorAbbr":{"fi":"KOK","sv":"Saml","en":"NCP"}},{"age":38,"advanceVotesPercent":1.5,"lastname":"Suhonen","occupation":"taloussihteeri","advanceVotes":10,"npid":6,"totalVotes":23,"spid":4,"abbr":"SDP","municipalCouncilor":false,"muid":562,"alid":6,"firstname":"Eliisa","electionDayVotes":13,"pid":"1","finalPosition":0,"electedInformation":"ELECTED","totalVotesPercent":2.0,"nominatorName":{"fi":"Suomen Sosialidemokraattinen Puolue","sv":"Finlands Socialdemokratiska Parti","en":"The Finnish Social Democratic Party"},"caid":100,"position":0,"gender":"2","comparisonData":{"totalVotes":0,"votesTotalChange":23},"edid":7,"comparativeIndex":0.0,"electionDayVotesPercent":2.8,"nominatorAbbr":{"fi":"SDP","sv":"SDP","en":"SDP"}},{"age":36,"advanceVotesPercent":1.2,"lastname":"Ketola","occupation":"yrittäjä","advanceVotes":8,"npid":1,"totalVotes":20,"spid":2,"abbr":"KOK","municipalCouncilor":true,"muid":562,"alid":1,"firstname":"Jussi","electionDayVotes":12,"pid":"4","finalPosition":0,"electedInformation":"ELECTED","totalVotesPercent":1.7,"nominatorName":{"fi":"Kansallinen Kokoomus","sv":"Samlingspartiet","en":"National Coalition Party"},"caid":13,"position":0,"gender":"1","comparisonData":{"totalVotes":138,"votesTotalChange":-118},"edid":7,"comparativeIndex":0.0,"electionDayVotesPercent":2.5,"nominatorAbbr":{"fi":"KOK","sv":"Saml","en":"NCP"}},{"age":41,"advanceVotesPercent":0.7,"lastname":"Talasniemi","occupation":"DI, tuotepäällikkö","advanceVotes":5,"npid":4,"totalVotes":19,"spid":1,"abbr":"KESK","municipalCouncilor":false,"muid":562,"alid":4,"firstname":"Jari","electionDayVotes":14,"pid":"2","finalPosition":0,"electedInformation":"ON_SUBSTITUTE_PLACE","totalVotesPercent":1.7,"nominatorName":{"fi":"Suomen Keskusta","sv":"Centern i Finland","en":"Centre Party of Finland"},"caid":61,"position":0,"gender":"1","comparisonData":{"totalVotes":44,"votesTotalChange":-25},"edid":7,"comparativeIndex":0.0,"electionDayVotesPercent":3.0,"nominatorAbbr":{"fi":"KESK","sv":"C","en":"CENT"}},{"age":49,"advanceVotesPercent":1.6,"lastname":"Ingraeus","occupation":"suntio","advanceVotes":11,"npid":1,"totalVotes":18,"spid":2,"abbr":"KOK","municipalCouncilor":false,"muid":562,"alid":1,"firstname":"Henry","electionDayVotes":7,"pid":"4","finalPosition":0,"electedInformation":"ON_SUBSTITUTE_PLACE","totalVotesPercent":1.6,"nominatorName":{"fi":"Kansallinen Kokoomus","sv":"Samlingspartiet","en":"National Coalition Party"},"caid":8,"position":0,"gender":"1","comparisonData":{"totalVotes":0,"votesTotalChange":18},"edid":7,"comparativeIndex":0.0,"electionDayVotesPercent":1.5,"nominatorAbbr":{"fi":"KOK","sv":"Saml","en":"NCP"}},{"age":36,"advanceVotesPercent":2.1,"lastname":"Mäkinen","occupation":"TM, uskonnonopettaja","advanceVotes":14,"npid":5,"totalVotes":18,"spid":8,"abbr":"KD","municipalCouncilor":false,"muid":562,"alid":5,"firstname":"Kirsi","electionDayVotes":4,"pid":"9","finalPosition":0,"electedInformation":"ELECTED","totalVotesPercent":1.6,"nominatorName":{"fi":"Suomen Kristillisdemokraatit (KD)","sv":"Kristdemokraterna i Finland (KD)","en":"Christian Democrats in Finland"},"caid":72,"position":0,"gender":"2","comparisonData":{"totalVotes":56,"votesTotalChange":-38},"edid":7,"comparativeIndex":0.0,"electionDayVotesPercent":0.8,"nominatorAbbr":{"fi":"KD","sv":"KD","en":"CD"}},{"age":52,"advanceVotesPercent":1.3,"lastname":"Mäkinen-Aakula","occupation":"koordinaattori, maatalousyrittäjä","advanceVotes":9,"npid":4,"totalVotes":17,"spid":1,"abbr":"KESK","municipalCouncilor":true,"muid":562,"alid":4,"firstname":"Marjo","electionDayVotes":8,"pid":"2","finalPosition":0,"electedInformation":"ELECTED","totalVotesPercent":1.5,"nominatorName":{"fi":"Suomen Keskusta","sv":"Centern i Finland","en":"Centre Party of Finland"},"caid":54,"position":0,"gender":"2","comparisonData":{"totalVotes":147,"votesTotalChange":-130},"edid":7,"comparativeIndex":0.0,"electionDayVotesPercent":1.7,"nominatorAbbr":{"fi":"KESK","sv":"C","en":"CENT"}},{"age":49,"advanceVotesPercent":1.5,"lastname":"Vihusaari","occupation":"työnjohtaja","advanceVotes":10,"npid":1,"totalVotes":16,"spid":2,"abbr":"KOK","municipalCouncilor":false,"muid":562,"alid":1,"firstname":"Kimmo","electionDayVotes":6,"pid":"4","finalPosition":0,"electedInformation":"ELECTED","totalVotesPercent":1.4,"nominatorName":{"fi":"Kansallinen Kokoomus","sv":"Samlingspartiet","en":"National Coalition Party"},"caid":28,"position":0,"gender":"1","comparisonData":{"totalVotes":45,"votesTotalChange":-29},"edid":7,"comparativeIndex":0.0,"electionDayVotesPercent":1.3,"nominatorAbbr":{"fi":"KOK","sv":"Saml","en":"NCP"}},{"age":47,"advanceVotesPercent":1.6,"lastname":"Lind","occupation":"lastenhoitaja, luottamusmies","advanceVotes":11,"npid":7,"totalVotes":16,"spid":6,"abbr":"VAS","municipalCouncilor":false,"muid":562,"alid":7,"firstname":"Mari","electionDayVotes":5,"pid":"15","finalPosition":0,"electedInformation":"ON_SUBSTITUTE_PLACE","totalVotesPercent":1.4,"nominatorName":{"fi":"Vasemmistoliitto","sv":"Vänsterförbundet","en":"The Left Alliance"},"caid":115,"position":0,"gender":"2","comparisonData":{"totalVotes":0,"votesTotalChange":16},"edid":7,"comparativeIndex":0.0,"electionDayVotesPercent":1.1,"nominatorAbbr":{"fi":"VAS","sv":"VF","en":"LEFT"}},{"age":38,"advanceVotesPercent":1.5,"lastname":"Hannila","occupation":"nuorten starttivalmentaja","advanceVotes":10,"npid":7,"totalVotes":15,"spid":6,"abbr":"VAS","municipalCouncilor":false,"muid":562,"alid":7,"firstname":"Markus","electionDayVotes":5,"pid":"15","finalPosition":0,"electedInformation":"ON_SUBSTITUTE_PLACE","totalVotesPercent":1.3,"nominatorName":{"fi":"Vasemmistoliitto","sv":"Vänsterförbundet","en":"The Left Alliance"},"caid":107,"position":0,"gender":"1","comparisonData":{"totalVotes":0,"votesTotalChange":15},"edid":7,"comparativeIndex":0.0,"electionDayVotesPercent":1.1,"nominatorAbbr":{"fi":"VAS","sv":"VF","en":"LEFT"}},{"age":49,"advanceVotesPercent":1.5,"lastname":"Simontaival","occupation":"hallintotieteiden maisteri, toimialajohtaja","advanceVotes":10,"npid":1,"totalVotes":14,"spid":2,"abbr":"KOK","municipalCouncilor":true,"muid":562,"alid":1,"firstname":"Sari","electionDayVotes":4,"pid":"4","finalPosition":0,"electedInformation":"ON_SUBSTITUTE_PLACE","totalVotesPercent":1.2,"nominatorName":{"fi":"Kansallinen Kokoomus","sv":"Samlingspartiet","en":"National Coalition Party"},"caid":22,"position":0,"gender":"2","comparisonData":{"totalVotes":61,"votesTotalChange":-47},"edid":7,"comparativeIndex":0.0,"electionDayVotesPercent":0.8,"nominatorAbbr":{"fi":"KOK","sv":"Saml","en":"NCP"}},{"age":68,"advanceVotesPercent":1.5,"lastname":"Tuomaala","occupation":"ylikomisario, eläkkeellä","advanceVotes":10,"npid":4,"totalVotes":14,"spid":1,"abbr":"KESK","municipalCouncilor":false,"muid":562,"alid":4,"firstname":"Jyrki","electionDayVotes":4,"pid":"2","finalPosition":0,"electedInformation":"ON_SUBSTITUTE_PLACE","totalVotesPercent":1.2,"nominatorName":{"fi":"Suomen Keskusta","sv":"Centern i Finland","en":"Centre Party of Finland"},"caid":64,"position":0,"gender":"1","comparisonData":{"totalVotes":0,"votesTotalChange":14},"edid":7,"comparativeIndex":0.0,"electionDayVotesPercent":0.8,"nominatorAbbr":{"fi":"KESK","sv":"C","en":"CENT"}},{"age":52,"advanceVotesPercent":1.3,"lastname":"Järvenpää","occupation":"kiinteistönhoitaja","advanceVotes":9,"npid":6,"totalVotes":14,"spid":4,"abbr":"SDP","municipalCouncilor":false,"muid":562,"alid":6,"firstname":"Jari","electionDayVotes":5,"pid":"1","finalPosition":0,"electedInformation":"ELECTED","totalVotesPercent":1.2,"nominatorName":{"fi":"Suomen Sosialidemokraattinen Puolue","sv":"Finlands Socialdemokratiska Parti","en":"The Finnish Social Democratic Party"},"caid":80,"position":0,"gender":"1","comparisonData":{"totalVotes":0,"votesTotalChange":14},"edid":7,"comparativeIndex":0.0,"electionDayVotesPercent":1.1,"nominatorAbbr":{"fi":"SDP","sv":"SDP","en":"SDP"}},{"age":38,"advanceVotesPercent":0.9,"lastname":"Saxholm","occupation":"hierojayrittäjä","advanceVotes":6,"npid":7,"totalVotes":14,"spid":6,"abbr":"VAS","municipalCouncilor":false,"muid":562,"alid":7,"firstname":"Jenni","electionDayVotes":8,"pid":"15","finalPosition":0,"electedInformation":"ON_SUBSTITUTE_PLACE","totalVotesPercent":1.2,"nominatorName":{"fi":"Vasemmistoliitto","sv":"Vänsterförbundet","en":"The Left Alliance"},"caid":118,"position":0,"gender":"2","comparisonData":{"totalVotes":0,"votesTotalChange":14},"edid":7,"comparativeIndex":0.0,"electionDayVotesPercent":1.7,"nominatorAbbr":{"fi":"VAS","sv":"VF","en":"LEFT"}},{"age":59,"advanceVotesPercent":1.0,"lastname":"Linkopuu","occupation":"yhteyspäällikkö","advanceVotes":7,"npid":2,"totalVotes":13,"spid":3,"abbr":"PS","municipalCouncilor":false,"muid":562,"alid":2,"firstname":"Kai","electionDayVotes":6,"pid":"23","finalPosition":0,"electedInformation":"ELECTED","totalVotesPercent":1.1,"nominatorName":{"fi":"Perussuomalaiset","sv":"Sannfinländarna","en":"The Finns Party"},"caid":35,"position":0,"gender":"1","comparisonData":{"totalVotes":0,"votesTotalChange":13},"edid":7,"comparativeIndex":0.0,"electionDayVotesPercent":1.3,"nominatorAbbr":{"fi":"PS","sv":"Sannf","en":"FINNS"}},{"age":30,"advanceVotesPercent":1.2,"lastname":"Saarinen","occupation":"terveydenhoitaja AMK","advanceVotes":8,"npid":3,"totalVotes":13,"spid":5,"abbr":"VIHR","municipalCouncilor":false,"muid":562,"alid":3,"firstname":"Miia","electionDayVotes":5,"pid":"13","finalPosition":0,"electedInformation":"ELECTED","totalVotesPercent":1.1,"nominatorName":{"fi":"Vihreä liitto","sv":"Gröna förbundet","en":"Green League"},"caid":46,"position":0,"gender":"2","comparisonData":{"totalVotes":0,"votesTotalChange":13},"edid":7,"comparativeIndex":0.0,"electionDayVotesPercent":1.1,"nominatorAbbr":{"fi":"VIHR","sv":"Gröna","en":"GREEN"}},{"age":31,"advanceVotesPercent":0.7,"lastname":"Ripatti","occupation":"lentoasematyöntekijä, pääluottamusmies","advanceVotes":5,"npid":6,"totalVotes":13,"spid":4,"abbr":"SDP","municipalCouncilor":false,"muid":562,"alid":6,"firstname":"Simo","electionDayVotes":8,"pid":"1","finalPosition":0,"electedInformation":"ON_SUBSTITUTE_PLACE","totalVotesPercent":1.1,"nominatorName":{"fi":"Suomen Sosialidemokraattinen Puolue","sv":"Finlands Socialdemokratiska Parti","en":"The Finnish Social Democratic Party"},"caid":97,"position":0,"gender":"1","comparisonData":{"totalVotes":0,"votesTotalChange":13},"edid":7,"comparativeIndex":0.0,"electionDayVotesPercent":1.7,"nominatorAbbr":{"fi":"SDP","sv":"SDP","en":"SDP"}},{"age":60,"advanceVotesPercent":1.5,"lastname":"Kahelin","occupation":"suuhygienisti","advanceVotes":10,"npid":7,"totalVotes":13,"spid":6,"abbr":"VAS","municipalCouncilor":true,"muid":562,"alid":7,"firstname":"Anne","electionDayVotes":3,"pid":"15","finalPosition":0,"electedInformation":"ELECTED","totalVotesPercent":1.1,"nominatorName":{"fi":"Vasemmistoliitto","sv":"Vänsterförbundet","en":"The Left Alliance"},"caid":110,"position":0,"gender":"2","comparisonData":{"totalVotes":64,"votesTotalChange":-51},"edid":7,"comparativeIndex":0.0,"electionDayVotesPercent":0.6,"nominatorAbbr":{"fi":"VAS","sv":"VF","en":"LEFT"}},{"age":46,"advanceVotesPercent":1.6,"lastname":"Aitolahti","occupation":"tutkimuskoordinaattori","advanceVotes":11,"npid":4,"totalVotes":12,"spid":1,"abbr":"KESK","municipalCouncilor":true,"muid":562,"alid":4,"firstname":"Annamari","electionDayVotes":1,"pid":"2","finalPosition":0,"electedInformation":"ON_SUBSTITUTE_PLACE","totalVotesPercent":1.0,"nominatorName":{"fi":"Suomen Keskusta","sv":"Centern i Finland","en":"Centre Party of Finland"},"caid":48,"position":0,"gender":"2","comparisonData":{"totalVotes":91,"votesTotalChange":-79},"edid":7,"comparativeIndex":0.0,"electionDayVotesPercent":0.2,"nominatorAbbr":{"fi":"KESK","sv":"C","en":"CENT"}},{"age":60,"advanceVotesPercent":0.6,"lastname":"Tuhkanen","occupation":"maanviljelijä, ammattiaineopettaja","advanceVotes":4,"npid":4,"totalVotes":12,"spid":1,"abbr":"KESK","municipalCouncilor":true,"muid":562,"alid":4,"firstname":"Pekka","electionDayVotes":8,"pid":"2","finalPosition":0,"electedInformation":"ELECTED","totalVotesPercent":1.0,"nominatorName":{"fi":"Suomen Keskusta","sv":"Centern i Finland","en":"Centre Party of Finland"},"caid":63,"position":0,"gender":"1","comparisonData":{"totalVotes":64,"votesTotalChange":-52},"edid":7,"comparativeIndex":0.0,"electionDayVotesPercent":1.7,"nominatorAbbr":{"fi":"KESK","sv":"C","en":"CENT"}},{"age":70,"advanceVotesPercent":0.6,"lastname":"Uotila","occupation":"freelancetoimittaja","advanceVotes":4,"npid":4,"totalVotes":11,"spid":1,"abbr":"KESK","municipalCouncilor":true,"muid":562,"alid":4,"firstname":"Kalle","electionDayVotes":7,"pid":"2","finalPosition":0,"electedInformation":"ON_SUBSTITUTE_PLACE","totalVotesPercent":1.0,"nominatorName":{"fi":"Suomen Keskusta","sv":"Centern i Finland","en":"Centre Party of Finland"},"caid":65,"position":0,"gender":"1","comparisonData":{"totalVotes":96,"votesTotalChange":-85},"edid":7,"comparativeIndex":0.0,"electionDayVotesPercent":1.5,"nominatorAbbr":{"fi":"KESK","sv":"C","en":"CENT"}},{"age":69,"advanceVotesPercent":1.2,"lastname":"Reini","occupation":"vastaava palvelukeskusohjaaja","advanceVotes":8,"npid":6,"totalVotes":11,"spid":4,"abbr":"SDP","municipalCouncilor":true,"muid":562,"alid":6,"firstname":"Ulla","electionDayVotes":3,"pid":"1","finalPosition":0,"electedInformation":"ON_SUBSTITUTE_PLACE","totalVotesPercent":1.0,"nominatorName":{"fi":"Suomen Sosialidemokraattinen Puolue","sv":"Finlands Socialdemokratiska Parti","en":"The Finnish Social Democratic Party"},"caid":96,"position":0,"gender":"2","comparisonData":{"totalVotes":63,"votesTotalChange":-52},"edid":7,"comparativeIndex":0.0,"electionDayVotesPercent":0.6,"nominatorAbbr":{"fi":"SDP","sv":"SDP","en":"SDP"}},{"age":68,"advanceVotesPercent":1.0,"lastname":"Viskari","occupation":"maanviljelijä, metsuri","advanceVotes":7,"npid":6,"totalVotes":11,"spid":4,"abbr":"SDP","municipalCouncilor":true,"muid":562,"alid":6,"firstname":"Tarmo","electionDayVotes":4,"pid":"1","finalPosition":0,"electedInformation":"ELECTED","totalVotesPercent":1.0,"nominatorName":{"fi":"Suomen Sosialidemokraattinen Puolue","sv":"Finlands Socialdemokratiska Parti","en":"The Finnish Social Democratic Party"},"caid":102,"position":0,"gender":"1","comparisonData":{"totalVotes":61,"votesTotalChange":-50},"edid":7,"comparativeIndex":0.0,"electionDayVotesPercent":0.8,"nominatorAbbr":{"fi":"SDP","sv":"SDP","en":"SDP"}},{"age":62,"advanceVotesPercent":0.9,"lastname":"Koskela","occupation":"psykoterapeutti","advanceVotes":6,"npid":7,"totalVotes":11,"spid":6,"abbr":"VAS","municipalCouncilor":true,"muid":562,"alid":7,"firstname":"Irma","electionDayVotes":5,"pid":"15","finalPosition":0,"electedInformation":"ELECTED","totalVotesPercent":1.0,"nominatorName":{"fi":"Vasemmistoliitto","sv":"Vänsterförbundet","en":"The Left Alliance"},"caid":113,"position":0,"gender":"2","comparisonData":{"totalVotes":83,"votesTotalChange":-72},"edid":7,"comparativeIndex":0.0,"electionDayVotesPercent":1.1,"nominatorAbbr":{"fi":"VAS","sv":"VF","en":"LEFT"}},{"age":49,"advanceVotesPercent":0.9,"lastname":"Koskela","occupation":"jakeluasiantuntija","advanceVotes":6,"npid":3,"totalVotes":10,"spid":5,"abbr":"VIHR","municipalCouncilor":false,"muid":562,"alid":3,"firstname":"Minna","electionDayVotes":4,"pid":"13","finalPosition":0,"electedInformation":"ON_SUBSTITUTE_PLACE","totalVotesPercent":0.9,"nominatorName":{"fi":"Vihreä liitto","sv":"Gröna förbundet","en":"Green League"},"caid":40,"position":0,"gender":"2","comparisonData":{"totalVotes":0,"votesTotalChange":10},"edid":7,"comparativeIndex":0.0,"electionDayVotesPercent":0.8,"nominatorAbbr":{"fi":"VIHR","sv":"Gröna","en":"GREEN"}},{"age":66,"advanceVotesPercent":0.6,"lastname":"Korolainen","occupation":"projektityöntekijä, eläkeläinen","advanceVotes":4,"npid":2,"totalVotes":9,"spid":3,"abbr":"PS","municipalCouncilor":false,"muid":562,"alid":2,"firstname":"Ulla","electionDayVotes":5,"pid":"23","finalPosition":0,"electedInformation":"ON_SUBSTITUTE_PLACE","totalVotesPercent":0.8,"nominatorName":{"fi":"Perussuomalaiset","sv":"Sannfinländarna","en":"The Finns Party"},"caid":32,"position":0,"gender":"2","comparisonData":{"totalVotes":0,"votesTotalChange":9},"edid":7,"comparativeIndex":0.0,"electionDayVotesPercent":1.1,"nominatorAbbr":{"fi":"PS","sv":"Sannf","en":"FINNS"}},{"age":41,"advanceVotesPercent":1.0,"lastname":"Siponen","occupation":"luokanopettaja","advanceVotes":7,"npid":5,"totalVotes":9,"spid":8,"abbr":"KD","municipalCouncilor":false,"muid":562,"alid":5,"firstname":"Ulpu","electionDayVotes":2,"pid":"9","finalPosition":0,"electedInformation":"ON_SUBSTITUTE_PLACE","totalVotesPercent":0.8,"nominatorName":{"fi":"Suomen Kristillisdemokraatit (KD)","sv":"Kristdemokraterna i Finland (KD)","en":"Christian Democrats in Finland"},"caid":74,"position":0,"gender":"2","comparisonData":{"totalVotes":0,"votesTotalChange":9},"edid":7,"comparativeIndex":0.0,"electionDayVotesPercent":0.4,"nominatorAbbr":{"fi":"KD","sv":"KD","en":"CD"}},{"age":61,"advanceVotesPercent":0.6,"lastname":"Luttinen","occupation":"talouspäällikkö","advanceVotes":4,"npid":6,"totalVotes":9,"spid":4,"abbr":"SDP","municipalCouncilor":false,"muid":562,"alid":6,"firstname":"Jukka","electionDayVotes":5,"pid":"1","finalPosition":0,"electedInformation":"NOT_ELECTED","totalVotesPercent":0.8,"nominatorName":{"fi":"Suomen Sosialidemokraattinen Puolue","sv":"Finlands Socialdemokratiska Parti","en":"The Finnish Social Democratic Party"},"caid":91,"position":0,"gender":"1","comparisonData":{"totalVotes":0,"votesTotalChange":9},"edid":7,"comparativeIndex":0.0,"electionDayVotesPercent":1.1,"nominatorAbbr":{"fi":"SDP","sv":"SDP","en":"SDP"}},{"age":29,"advanceVotesPercent":0.3,"lastname":"Soini","occupation":"yrittäjä","advanceVotes":2,"npid":1,"totalVotes":8,"spid":2,"abbr":"KOK","municipalCouncilor":false,"muid":562,"alid":1,"firstname":"Samuel","electionDayVotes":6,"pid":"4","finalPosition":0,"electedInformation":"ON_SUBSTITUTE_PLACE","totalVotesPercent":0.7,"nominatorName":{"fi":"Kansallinen Kokoomus","sv":"Samlingspartiet","en":"National Coalition Party"},"caid":23,"position":0,"gender":"1","comparisonData":{"totalVotes":0,"votesTotalChange":8},"edid":7,"comparativeIndex":0.0,"electionDayVotesPercent":1.3,"nominatorAbbr":{"fi":"KOK","sv":"Saml","en":"NCP"}},{"age":59,"advanceVotesPercent":0.7,"lastname":"Talvio","occupation":"emäntä","advanceVotes":5,"npid":1,"totalVotes":8,"spid":2,"abbr":"KOK","municipalCouncilor":false,"muid":562,"alid":1,"firstname":"Elina","electionDayVotes":3,"pid":"4","finalPosition":0,"electedInformation":"ON_SUBSTITUTE_PLACE","totalVotesPercent":0.7,"nominatorName":{"fi":"Kansallinen Kokoomus","sv":"Samlingspartiet","en":"National Coalition Party"},"caid":25,"position":0,"gender":"2","comparisonData":{"totalVotes":29,"votesTotalChange":-21},"edid":7,"comparativeIndex":0.0,"electionDayVotesPercent":0.6,"nominatorAbbr":{"fi":"KOK","sv":"Saml","en":"NCP"}},{"age":22,"advanceVotesPercent":0.7,"lastname":"Ahola","occupation":"merkonomi, opiskelija","advanceVotes":5,"npid":3,"totalVotes":8,"spid":5,"abbr":"VIHR","municipalCouncilor":false,"muid":562,"alid":3,"firstname":"Sami","electionDayVotes":3,"pid":"13","finalPosition":0,"electedInformation":"NOT_ELECTED","totalVotesPercent":0.7,"nominatorName":{"fi":"Vihreä liitto","sv":"Gröna förbundet","en":"Green League"},"caid":39,"position":0,"gender":"1","comparisonData":{"totalVotes":0,"votesTotalChange":8},"edid":7,"comparativeIndex":0.0,"electionDayVotesPercent":0.6,"nominatorAbbr":{"fi":"VIHR","sv":"Gröna","en":"GREEN"}},{"age":19,"advanceVotesPercent":0.9,"lastname":"Aakula","occupation":"ylioppilas","advanceVotes":6,"npid":4,"totalVotes":8,"spid":1,"abbr":"KESK","municipalCouncilor":false,"muid":562,"alid":4,"firstname":"Eveliina","electionDayVotes":2,"pid":"2","finalPosition":0,"electedInformation":"ON_SUBSTITUTE_PLACE","totalVotesPercent":0.7,"nominatorName":{"fi":"Suomen Keskusta","sv":"Centern i Finland","en":"Centre Party of Finland"},"caid":47,"position":0,"gender":"2","comparisonData":{"totalVotes":0,"votesTotalChange":8},"edid":7,"comparativeIndex":0.0,"electionDayVotesPercent":0.4,"nominatorAbbr":{"fi":"KESK","sv":"C","en":"CENT"}},{"age":53,"advanceVotesPercent":0.9,"lastname":"Koppanen","occupation":"maanviljelijä","advanceVotes":6,"npid":4,"totalVotes":8,"spid":1,"abbr":"KESK","municipalCouncilor":true,"muid":562,"alid":4,"firstname":"Matti","electionDayVotes":2,"pid":"2","finalPosition":0,"electedInformation":"ELECTED","totalVotesPercent":0.7,"nominatorName":{"fi":"Suomen Keskusta","sv":"Centern i Finland","en":"Centre Party of Finland"},"caid":52,"position":0,"gender":"1","comparisonData":{"totalVotes":95,"votesTotalChange":-87},"edid":7,"comparativeIndex":0.0,"electionDayVotesPercent":0.4,"nominatorAbbr":{"fi":"KESK","sv":"C","en":"CENT"}},{"age":65,"advanceVotesPercent":0.7,"lastname":"Lähteenmäki","occupation":"maanviljelijä","advanceVotes":5,"npid":5,"totalVotes":8,"spid":8,"abbr":"KD","municipalCouncilor":true,"muid":562,"alid":5,"firstname":"Heikki","electionDayVotes":3,"pid":"9","finalPosition":0,"electedInformation":"ON_SUBSTITUTE_PLACE","totalVotesPercent":0.7,"nominatorName":{"fi":"Suomen Kristillisdemokraatit (KD)","sv":"Kristdemokraterna i Finland (KD)","en":"Christian Democrats in Finland"},"caid":71,"position":0,"gender":"1","comparisonData":{"totalVotes":62,"votesTotalChange":-54},"edid":7,"comparativeIndex":0.0,"electionDayVotesPercent":0.6,"nominatorAbbr":{"fi":"KD","sv":"KD","en":"CD"}},{"age":73,"advanceVotesPercent":0.9,"lastname":"Vuori","occupation":"vakuutusvirkailija, eläkeläinen","advanceVotes":6,"npid":6,"totalVotes":8,"spid":4,"abbr":"SDP","municipalCouncilor":false,"muid":562,"alid":6,"firstname":"Raija","electionDayVotes":2,"pid":"1","finalPosition":0,"electedInformation":"ON_SUBSTITUTE_PLACE","totalVotesPercent":0.7,"nominatorName":{"fi":"Suomen Sosialidemokraattinen Puolue","sv":"Finlands Socialdemokratiska Parti","en":"The Finnish Social Democratic Party"},"caid":103,"position":0,"gender":"2","comparisonData":{"totalVotes":0,"votesTotalChange":8},"edid":7,"comparativeIndex":0.0,"electionDayVotesPercent":0.4,"nominatorAbbr":{"fi":"SDP","sv":"SDP","en":"SDP"}},{"age":66,"advanceVotesPercent":1.0,"lastname":"Ahava","occupation":"varhaiskasvatuksen johtaja, eläkeläinen","advanceVotes":7,"npid":1,"totalVotes":7,"spid":2,"abbr":"KOK","municipalCouncilor":false,"muid":562,"alid":1,"firstname":"Asta","electionDayVotes":0,"pid":"4","finalPosition":0,"electedInformation":"ON_SUBSTITUTE_PLACE","totalVotesPercent":0.6,"nominatorName":{"fi":"Kansallinen Kokoomus","sv":"Samlingspartiet","en":"National Coalition Party"},"caid":2,"position":0,"gender":"2","comparisonData":{"totalVotes":0,"votesTotalChange":7},"edid":7,"comparativeIndex":0.0,"electionDayVotesPercent":0.0,"nominatorAbbr":{"fi":"KOK","sv":"Saml","en":"NCP"}},{"age":54,"advanceVotesPercent":0.3,"lastname":"Haikka","occupation":"maatalousyrittäjä","advanceVotes":2,"npid":1,"totalVotes":7,"spid":2,"abbr":"KOK","municipalCouncilor":true,"muid":562,"alid":1,"firstname":"Juha","electionDayVotes":5,"pid":"4","finalPosition":0,"electedInformation":"ELECTED","totalVotesPercent":0.6,"nominatorName":{"fi":"Kansallinen Kokoomus","sv":"Samlingspartiet","en":"National Coalition Party"},"caid":5,"position":0,"gender":"1","comparisonData":{"totalVotes":53,"votesTotalChange":-46},"edid":7,"comparativeIndex":0.0,"electionDayVotesPercent":1.1,"nominatorAbbr":{"fi":"KOK","sv":"Saml","en":"NCP"}},{"age":27,"advanceVotesPercent":0.4,"lastname":"Ojanen","occupation":"maatalousyrittäjä","advanceVotes":3,"npid":1,"totalVotes":7,"spid":2,"abbr":"KOK","municipalCouncilor":true,"muid":562,"alid":1,"firstname":"Jere","electionDayVotes":4,"pid":"4","finalPosition":0,"electedInformation":"ELECTED","totalVotesPercent":0.6,"nominatorName":{"fi":"Kansallinen Kokoomus","sv":"Samlingspartiet","en":"National Coalition Party"},"caid":20,"position":0,"gender":"1","comparisonData":{"totalVotes":66,"votesTotalChange":-59},"edid":7,"comparativeIndex":0.0,"electionDayVotesPercent":0.8,"nominatorAbbr":{"fi":"KOK","sv":"Saml","en":"NCP"}},{"age":20,"advanceVotesPercent":0.3,"lastname":"Toukola","occupation":"opiskelija, tekn.yo","advanceVotes":2,"npid":1,"totalVotes":7,"spid":2,"abbr":"KOK","municipalCouncilor":false,"muid":562,"alid":1,"firstname":"Sebastian","electionDayVotes":5,"pid":"4","finalPosition":0,"electedInformation":"ON_SUBSTITUTE_PLACE","totalVotesPercent":0.6,"nominatorName":{"fi":"Kansallinen Kokoomus","sv":"Samlingspartiet","en":"National Coalition Party"},"caid":26,"position":0,"gender":"1","comparisonData":{"totalVotes":0,"votesTotalChange":7},"edid":7,"comparativeIndex":0.0,"electionDayVotesPercent":1.1,"nominatorAbbr":{"fi":"KOK","sv":"Saml","en":"NCP"}},{"age":46,"advanceVotesPercent":0.4,"lastname":"Latomäki","occupation":"ostaja ja vientimyyjä","advanceVotes":3,"npid":2,"totalVotes":7,"spid":3,"abbr":"PS","municipalCouncilor":false,"muid":562,"alid":2,"firstname":"Jari","electionDayVotes":4,"pid":"23","finalPosition":0,"electedInformation":"ON_SUBSTITUTE_PLACE","totalVotesPercent":0.6,"nominatorName":{"fi":"Perussuomalaiset","sv":"Sannfinländarna","en":"The Finns Party"},"caid":34,"position":0,"gender":"1","comparisonData":{"totalVotes":0,"votesTotalChange":7},"edid":7,"comparativeIndex":0.0,"electionDayVotesPercent":0.8,"nominatorAbbr":{"fi":"PS","sv":"Sannf","en":"FINNS"}},{"age":29,"advanceVotesPercent":0.6,"lastname":"Kallio","occupation":"toimistotyöntekijä","advanceVotes":4,"npid":6,"totalVotes":7,"spid":4,"abbr":"SDP","municipalCouncilor":false,"muid":562,"alid":6,"firstname":"Jyrki","electionDayVotes":3,"pid":"1","finalPosition":0,"electedInformation":"ON_SUBSTITUTE_PLACE","totalVotesPercent":0.6,"nominatorName":{"fi":"Suomen Sosialidemokraattinen Puolue","sv":"Finlands Socialdemokratiska Parti","en":"The Finnish Social Democratic Party"},"caid":81,"position":0,"gender":"1","comparisonData":{"totalVotes":0,"votesTotalChange":7},"edid":7,"comparativeIndex":0.0,"electionDayVotesPercent":0.6,"nominatorAbbr":{"fi":"SDP","sv":"SDP","en":"SDP"}},{"age":23,"advanceVotesPercent":0.7,"lastname":"Lehtonen","occupation":"opiskelija, kotiäiti","advanceVotes":5,"npid":6,"totalVotes":7,"spid":4,"abbr":"SDP","municipalCouncilor":false,"muid":562,"alid":6,"firstname":"Lauriina","electionDayVotes":2,"pid":"1","finalPosition":0,"electedInformation":"ON_SUBSTITUTE_PLACE","totalVotesPercent":0.6,"nominatorName":{"fi":"Suomen Sosialidemokraattinen Puolue","sv":"Finlands Socialdemokratiska Parti","en":"The Finnish Social Democratic Party"},"caid":87,"position":0,"gender":"2","comparisonData":{"totalVotes":25,"votesTotalChange":-18},"edid":7,"comparativeIndex":0.0,"electionDayVotesPercent":0.4,"nominatorAbbr":{"fi":"SDP","sv":"SDP","en":"SDP"}},{"age":76,"advanceVotesPercent":0.6,"lastname":"Salomaa","occupation":"aluepäällikkö, eläkkeellä","advanceVotes":4,"npid":4,"totalVotes":6,"spid":1,"abbr":"KESK","municipalCouncilor":true,"muid":562,"alid":4,"firstname":"Heikki","electionDayVotes":2,"pid":"2","finalPosition":0,"electedInformation":"ELECTED","totalVotesPercent":0.5,"nominatorName":{"fi":"Suomen Keskusta","sv":"Centern i Finland","en":"Centre Party of Finland"},"caid":58,"position":0,"gender":"1","comparisonData":{"totalVotes":81,"votesTotalChange":-75},"edid":7,"comparativeIndex":0.0,"electionDayVotesPercent":0.4,"nominatorAbbr":{"fi":"KESK","sv":"C","en":"CENT"}},{"age":67,"advanceVotesPercent":0.4,"lastname":"Toivo","occupation":"sosiaalityöntekijä","advanceVotes":3,"npid":4,"totalVotes":6,"spid":1,"abbr":"KESK","municipalCouncilor":false,"muid":562,"alid":4,"firstname":"Inkeri","electionDayVotes":3,"pid":"2","finalPosition":0,"electedInformation":"NOT_ELECTED","totalVotesPercent":0.5,"nominatorName":{"fi":"Suomen Keskusta","sv":"Centern i Finland","en":"Centre Party of Finland"},"caid":62,"position":0,"gender":"2","comparisonData":{"totalVotes":26,"votesTotalChange":-20},"edid":7,"comparativeIndex":0.0,"electionDayVotesPercent":0.6,"nominatorAbbr":{"fi":"KESK","sv":"C","en":"CENT"}},{"age":81,"advanceVotesPercent":0.6,"lastname":"Alava","occupation":"nuoriso-ohjaaja, kanttori","advanceVotes":4,"npid":5,"totalVotes":6,"spid":8,"abbr":"KD","municipalCouncilor":false,"muid":562,"alid":5,"firstname":"Arvo","electionDayVotes":2,"pid":"9","finalPosition":0,"electedInformation":"NOT_ELECTED","totalVotesPercent":0.5,"nominatorName":{"fi":"Suomen Kristillisdemokraatit (KD)","sv":"Kristdemokraterna i Finland (KD)","en":"Christian Democrats in Finland"},"caid":66,"position":0,"gender":"1","comparisonData":{"totalVotes":8,"votesTotalChange":-2},"edid":7,"comparativeIndex":0.0,"electionDayVotesPercent":0.4,"nominatorAbbr":{"fi":"KD","sv":"KD","en":"CD"}},{"age":47,"advanceVotesPercent":0.7,"lastname":"Laurikainen","occupation":"kirvesmies","advanceVotes":5,"npid":7,"totalVotes":6,"spid":6,"abbr":"VAS","municipalCouncilor":false,"muid":562,"alid":7,"firstname":"Tero","electionDayVotes":1,"pid":"15","finalPosition":0,"electedInformation":"NOT_ELECTED","totalVotesPercent":0.5,"nominatorName":{"fi":"Vasemmistoliitto","sv":"Vänsterförbundet","en":"The Left Alliance"},"caid":114,"position":0,"gender":"1","comparisonData":{"totalVotes":0,"votesTotalChange":6},"edid":7,"comparativeIndex":0.0,"electionDayVotesPercent":0.2,"nominatorAbbr":{"fi":"VAS","sv":"VF","en":"LEFT"}},{"age":73,"advanceVotesPercent":0.6,"lastname":"Ala-Mutka","occupation":"talousjohtaja, eläkeläinen","advanceVotes":4,"npid":1,"totalVotes":5,"spid":2,"abbr":"KOK","municipalCouncilor":false,"muid":562,"alid":1,"firstname":"Yrjö","electionDayVotes":1,"pid":"4","finalPosition":0,"electedInformation":"NOT_ELECTED","totalVotesPercent":0.4,"nominatorName":{"fi":"Kansallinen Kokoomus","sv":"Samlingspartiet","en":"National Coalition Party"},"caid":3,"position":0,"gender":"1","comparisonData":{"totalVotes":17,"votesTotalChange":-12},"edid":7,"comparativeIndex":0.0,"electionDayVotesPercent":0.2,"nominatorAbbr":{"fi":"KOK","sv":"Saml","en":"NCP"}},{"age":45,"advanceVotesPercent":0.6,"lastname":"Joutsela","occupation":"maatalousyrittäjä","advanceVotes":4,"npid":1,"totalVotes":5,"spid":2,"abbr":"KOK","municipalCouncilor":false,"muid":562,"alid":1,"firstname":"Sami","electionDayVotes":1,"pid":"4","finalPosition":0,"electedInformation":"ON_SUBSTITUTE_PLACE","totalVotesPercent":0.4,"nominatorName":{"fi":"Kansallinen Kokoomus","sv":"Samlingspartiet","en":"National Coalition Party"},"caid":10,"position":0,"gender":"1","comparisonData":{"totalVotes":0,"votesTotalChange":5},"edid":7,"comparativeIndex":0.0,"electionDayVotesPercent":0.2,"nominatorAbbr":{"fi":"KOK","sv":"Saml","en":"NCP"}},{"age":42,"advanceVotesPercent":0.4,"lastname":"Mäntymäki","occupation":"yrittäjä","advanceVotes":3,"npid":1,"totalVotes":5,"spid":2,"abbr":"KOK","municipalCouncilor":false,"muid":562,"alid":1,"firstname":"Minna","electionDayVotes":2,"pid":"4","finalPosition":0,"electedInformation":"NOT_ELECTED","totalVotesPercent":0.4,"nominatorName":{"fi":"Kansallinen Kokoomus","sv":"Samlingspartiet","en":"National Coalition Party"},"caid":17,"position":0,"gender":"2","comparisonData":{"totalVotes":0,"votesTotalChange":5},"edid":7,"comparativeIndex":0.0,"electionDayVotesPercent":0.4,"nominatorAbbr":{"fi":"KOK","sv":"Saml","en":"NCP"}},{"age":69,"advanceVotesPercent":0.6,"lastname":"Vuorinen","occupation":"matematiikan lehtori, FL","advanceVotes":4,"npid":1,"totalVotes":5,"spid":2,"abbr":"KOK","municipalCouncilor":false,"muid":562,"alid":1,"firstname":"Anna-Maija","electionDayVotes":1,"pid":"4","finalPosition":0,"electedInformation":"NOT_ELECTED","totalVotesPercent":0.4,"nominatorName":{"fi":"Kansallinen Kokoomus","sv":"Samlingspartiet","en":"National Coalition Party"},"caid":30,"position":0,"gender":"2","comparisonData":{"totalVotes":0,"votesTotalChange":5},"edid":7,"comparativeIndex":0.0,"electionDayVotesPercent":0.2,"nominatorAbbr":{"fi":"KOK","sv":"Saml","en":"NCP"}},{"age":69,"advanceVotesPercent":0.7,"lastname":"Juntumaa","occupation":"rovasti","advanceVotes":5,"npid":5,"totalVotes":5,"spid":8,"abbr":"KD","municipalCouncilor":false,"muid":562,"alid":5,"firstname":"Soili","electionDayVotes":0,"pid":"9","finalPosition":0,"electedInformation":"NOT_ELECTED","totalVotesPercent":0.4,"nominatorName":{"fi":"Suomen Kristillisdemokraatit (KD)","sv":"Kristdemokraterna i Finland (KD)","en":"Christian Democrats in Finland"},"caid":70,"position":0,"gender":"2","comparisonData":{"totalVotes":0,"votesTotalChange":5},"edid":7,"comparativeIndex":0.0,"electionDayVotesPercent":0.0,"nominatorAbbr":{"fi":"KD","sv":"KD","en":"CD"}},{"age":39,"advanceVotesPercent":0.6,"lastname":"Mäkelä","occupation":"sairaanhoitaja, luottamusmies","advanceVotes":4,"npid":6,"totalVotes":5,"spid":4,"abbr":"SDP","municipalCouncilor":false,"muid":562,"alid":6,"firstname":"Kimmo","electionDayVotes":1,"pid":"1","finalPosition":0,"electedInformation":"NOT_ELECTED","totalVotesPercent":0.4,"nominatorName":{"fi":"Suomen Sosialidemokraattinen Puolue","sv":"Finlands Socialdemokratiska Parti","en":"The Finnish Social Democratic Party"},"caid":93,"position":0,"gender":"1","comparisonData":{"totalVotes":0,"votesTotalChange":5},"edid":7,"comparativeIndex":0.0,"electionDayVotesPercent":0.2,"nominatorAbbr":{"fi":"SDP","sv":"SDP","en":"SDP"}},{"age":52,"advanceVotesPercent":0.4,"lastname":"Mäki","occupation":"myymäläpäällikkö","advanceVotes":3,"npid":6,"totalVotes":5,"spid":4,"abbr":"SDP","municipalCouncilor":false,"muid":562,"alid":6,"firstname":"Jukka","electionDayVotes":2,"pid":"1","finalPosition":0,"electedInformation":"ON_SUBSTITUTE_PLACE","totalVotesPercent":0.4,"nominatorName":{"fi":"Suomen Sosialidemokraattinen Puolue","sv":"Finlands Socialdemokratiska Parti","en":"The Finnish Social Democratic Party"},"caid":94,"position":0,"gender":"1","comparisonData":{"totalVotes":18,"votesTotalChange":-13},"edid":7,"comparativeIndex":0.0,"electionDayVotesPercent":0.4,"nominatorAbbr":{"fi":"SDP","sv":"SDP","en":"SDP"}},{"age":36,"advanceVotesPercent":0.4,"lastname":"Hellekoski","occupation":"mainostoimistoyrittäjä","advanceVotes":3,"npid":7,"totalVotes":5,"spid":6,"abbr":"VAS","municipalCouncilor":false,"muid":562,"alid":7,"firstname":"Sanna","electionDayVotes":2,"pid":"15","finalPosition":0,"electedInformation":"NOT_ELECTED","totalVotesPercent":0.4,"nominatorName":{"fi":"Vasemmistoliitto","sv":"Vänsterförbundet","en":"The Left Alliance"},"caid":108,"position":0,"gender":"2","comparisonData":{"totalVotes":20,"votesTotalChange":-15},"edid":7,"comparativeIndex":0.0,"electionDayVotesPercent":0.4,"nominatorAbbr":{"fi":"VAS","sv":"VF","en":"LEFT"}},{"age":52,"advanceVotesPercent":0.3,"lastname":"Nurmi","occupation":"diplomi-insinööri","advanceVotes":2,"npid":1,"totalVotes":4,"spid":2,"abbr":"KOK","municipalCouncilor":false,"muid":562,"alid":1,"firstname":"Ari-Pekka","electionDayVotes":2,"pid":"4","finalPosition":0,"electedInformation":"NOT_ELECTED","totalVotesPercent":0.3,"nominatorName":{"fi":"Kansallinen Kokoomus","sv":"Samlingspartiet","en":"National Coalition Party"},"caid":19,"position":0,"gender":"1","comparisonData":{"totalVotes":0,"votesTotalChange":4},"edid":7,"comparativeIndex":0.0,"electionDayVotesPercent":0.4,"nominatorAbbr":{"fi":"KOK","sv":"Saml","en":"NCP"}},{"age":61,"advanceVotesPercent":0.3,"lastname":"Rantanen","occupation":"tulkki, eläkeläinen","advanceVotes":2,"npid":2,"totalVotes":4,"spid":3,"abbr":"PS","municipalCouncilor":false,"muid":562,"alid":2,"firstname":"Maria","electionDayVotes":2,"pid":"23","finalPosition":0,"electedInformation":"NOT_ELECTED","totalVotesPercent":0.3,"nominatorName":{"fi":"Perussuomalaiset","sv":"Sannfinländarna","en":"The Finns Party"},"caid":36,"position":0,"gender":"2","comparisonData":{"totalVotes":36,"votesTotalChange":-32},"edid":7,"comparativeIndex":0.0,"electionDayVotesPercent":0.4,"nominatorAbbr":{"fi":"PS","sv":"Sannf","en":"FINNS"}},{"age":39,"advanceVotesPercent":0.3,"lastname":"Mikkola","occupation":"maskeeraaja, markkinointiassistentti","advanceVotes":2,"npid":3,"totalVotes":4,"spid":5,"abbr":"VIHR","municipalCouncilor":false,"muid":562,"alid":3,"firstname":"Liisa","electionDayVotes":2,"pid":"13","finalPosition":0,"electedInformation":"NOT_ELECTED","totalVotesPercent":0.3,"nominatorName":{"fi":"Vihreä liitto","sv":"Gröna förbundet","en":"Green League"},"caid":42,"position":0,"gender":"2","comparisonData":{"totalVotes":0,"votesTotalChange":4},"edid":7,"comparativeIndex":0.0,"electionDayVotesPercent":0.4,"nominatorAbbr":{"fi":"VIHR","sv":"Gröna","en":"GREEN"}},{"age":53,"advanceVotesPercent":0.3,"lastname":"Muikku-Ahonen","occupation":"kouluttaja, yrittäjä","advanceVotes":2,"npid":3,"totalVotes":4,"spid":5,"abbr":"VIHR","municipalCouncilor":false,"muid":562,"alid":3,"firstname":"Mervi","electionDayVotes":2,"pid":"13","finalPosition":0,"electedInformation":"NOT_ELECTED","totalVotesPercent":0.3,"nominatorName":{"fi":"Vihreä liitto","sv":"Gröna förbundet","en":"Green League"},"caid":43,"position":0,"gender":"2","comparisonData":{"totalVotes":0,"votesTotalChange":4},"edid":7,"comparativeIndex":0.0,"electionDayVotesPercent":0.4,"nominatorAbbr":{"fi":"VIHR","sv":"Gröna","en":"GREEN"}},{"age":52,"advanceVotesPercent":0.3,"lastname":"Sistonen","occupation":"yrittäjä","advanceVotes":2,"npid":4,"totalVotes":4,"spid":1,"abbr":"KESK","municipalCouncilor":true,"muid":562,"alid":4,"firstname":"Sami","electionDayVotes":2,"pid":"2","finalPosition":0,"electedInformation":"NOT_ELECTED","totalVotesPercent":0.3,"nominatorName":{"fi":"Suomen Keskusta","sv":"Centern i Finland","en":"Centre Party of Finland"},"caid":60,"position":0,"gender":"1","comparisonData":{"totalVotes":70,"votesTotalChange":-66},"edid":7,"comparativeIndex":0.0,"electionDayVotesPercent":0.4,"nominatorAbbr":{"fi":"KESK","sv":"C","en":"CENT"}},{"age":43,"advanceVotesPercent":0.0,"lastname":"Niskanen","occupation":"lähihoitaja","advanceVotes":0,"npid":5,"totalVotes":4,"spid":8,"abbr":"KD","municipalCouncilor":false,"muid":562,"alid":5,"firstname":"Milja","electionDayVotes":4,"pid":"9","finalPosition":0,"electedInformation":"NOT_ELECTED","totalVotesPercent":0.3,"nominatorName":{"fi":"Suomen Kristillisdemokraatit (KD)","sv":"Kristdemokraterna i Finland (KD)","en":"Christian Democrats in Finland"},"caid":73,"position":0,"gender":"2","comparisonData":{"totalVotes":0,"votesTotalChange":4},"edid":7,"comparativeIndex":0.0,"electionDayVotesPercent":0.8,"nominatorAbbr":{"fi":"KD","sv":"KD","en":"CD"}},{"age":50,"advanceVotesPercent":0.4,"lastname":"Kukkonen","occupation":"keittiötoiminnan ohjaaja","advanceVotes":3,"npid":6,"totalVotes":4,"spid":4,"abbr":"SDP","municipalCouncilor":false,"muid":562,"alid":6,"firstname":"Anu","electionDayVotes":1,"pid":"1","finalPosition":0,"electedInformation":"NOT_ELECTED","totalVotesPercent":0.3,"nominatorName":{"fi":"Suomen Sosialidemokraattinen Puolue","sv":"Finlands Socialdemokratiska Parti","en":"The Finnish Social Democratic Party"},"caid":83,"position":0,"gender":"2","comparisonData":{"totalVotes":29,"votesTotalChange":-25},"edid":7,"comparativeIndex":0.0,"electionDayVotesPercent":0.2,"nominatorAbbr":{"fi":"SDP","sv":"SDP","en":"SDP"}},{"age":60,"advanceVotesPercent":0.3,"lastname":"Leppänen","occupation":"myyjä","advanceVotes":2,"npid":6,"totalVotes":4,"spid":4,"abbr":"SDP","municipalCouncilor":false,"muid":562,"alid":6,"firstname":"Tiina","electionDayVotes":2,"pid":"1","finalPosition":0,"electedInformation":"ON_SUBSTITUTE_PLACE","totalVotesPercent":0.3,"nominatorName":{"fi":"Suomen Sosialidemokraattinen Puolue","sv":"Finlands Socialdemokratiska Parti","en":"The Finnish Social Democratic Party"},"caid":89,"position":0,"gender":"2","comparisonData":{"totalVotes":24,"votesTotalChange":-20},"edid":7,"comparativeIndex":0.0,"electionDayVotesPercent":0.4,"nominatorAbbr":{"fi":"SDP","sv":"SDP","en":"SDP"}},{"age":34,"advanceVotesPercent":0.6,"lastname":"Joki","occupation":"muotoilija","advanceVotes":4,"npid":7,"totalVotes":4,"spid":6,"abbr":"VAS","municipalCouncilor":false,"muid":562,"alid":7,"firstname":"Kati","electionDayVotes":0,"pid":"15","finalPosition":0,"electedInformation":"NOT_ELECTED","totalVotesPercent":0.3,"nominatorName":{"fi":"Vasemmistoliitto","sv":"Vänsterförbundet","en":"The Left Alliance"},"caid":109,"position":0,"gender":"2","comparisonData":{"totalVotes":0,"votesTotalChange":4},"edid":7,"comparativeIndex":0.0,"electionDayVotesPercent":0.0,"nominatorAbbr":{"fi":"VAS","sv":"VF","en":"LEFT"}},{"age":43,"advanceVotesPercent":0.1,"lastname":"Hakio","occupation":"vanginvartija, perhehoitaja","advanceVotes":1,"npid":1,"totalVotes":3,"spid":2,"abbr":"KOK","municipalCouncilor":false,"muid":562,"alid":1,"firstname":"Krista","electionDayVotes":2,"pid":"4","finalPosition":0,"electedInformation":"ON_SUBSTITUTE_PLACE","totalVotesPercent":0.3,"nominatorName":{"fi":"Kansallinen Kokoomus","sv":"Samlingspartiet","en":"National Coalition Party"},"caid":6,"position":0,"gender":"2","comparisonData":{"totalVotes":0,"votesTotalChange":3},"edid":7,"comparativeIndex":0.0,"electionDayVotesPercent":0.4,"nominatorAbbr":{"fi":"KOK","sv":"Saml","en":"NCP"}},{"age":52,"advanceVotesPercent":0.3,"lastname":"Nevala","occupation":"yrittäjä","advanceVotes":2,"npid":1,"totalVotes":3,"spid":2,"abbr":"KOK","municipalCouncilor":true,"muid":562,"alid":1,"firstname":"Hannu","electionDayVotes":1,"pid":"4","finalPosition":0,"electedInformation":"NOT_ELECTED","totalVotesPercent":0.3,"nominatorName":{"fi":"Kansallinen Kokoomus","sv":"Samlingspartiet","en":"National Coalition Party"},"caid":18,"position":0,"gender":"1","comparisonData":{"totalVotes":127,"votesTotalChange":-124},"edid":7,"comparativeIndex":0.0,"electionDayVotesPercent":0.2,"nominatorAbbr":{"fi":"KOK","sv":"Saml","en":"NCP"}},{"age":44,"advanceVotesPercent":0.0,"lastname":"Syrjänen","occupation":"autonkuljettaja","advanceVotes":0,"npid":1,"totalVotes":3,"spid":2,"abbr":"KOK","municipalCouncilor":false,"muid":562,"alid":1,"firstname":"Heikki","electionDayVotes":3,"pid":"4","finalPosition":0,"electedInformation":"NOT_ELECTED","totalVotesPercent":0.3,"nominatorName":{"fi":"Kansallinen Kokoomus","sv":"Samlingspartiet","en":"National Coalition Party"},"caid":24,"position":0,"gender":"1","comparisonData":{"totalVotes":0,"votesTotalChange":3},"edid":7,"comparativeIndex":0.0,"electionDayVotesPercent":0.6,"nominatorAbbr":{"fi":"KOK","sv":"Saml","en":"NCP"}},{"age":54,"advanceVotesPercent":0.1,"lastname":"Aarnio","occupation":"hallintoasiainsihteeri","advanceVotes":1,"npid":3,"totalVotes":3,"spid":5,"abbr":"VIHR","municipalCouncilor":false,"muid":562,"alid":3,"firstname":"Katri","electionDayVotes":2,"pid":"13","finalPosition":0,"electedInformation":"NOT_ELECTED","totalVotesPercent":0.3,"nominatorName":{"fi":"Vihreä liitto","sv":"Gröna förbundet","en":"Green League"},"caid":38,"position":0,"gender":"2","comparisonData":{"totalVotes":0,"votesTotalChange":3},"edid":7,"comparativeIndex":0.0,"electionDayVotesPercent":0.4,"nominatorAbbr":{"fi":"VIHR","sv":"Gröna","en":"GREEN"}},{"age":58,"advanceVotesPercent":0.4,"lastname":"Peltoniemi","occupation":"koneinsinööri, työtön","advanceVotes":3,"npid":3,"totalVotes":3,"spid":5,"abbr":"VIHR","municipalCouncilor":false,"muid":562,"alid":3,"firstname":"Timo","electionDayVotes":0,"pid":"13","finalPosition":0,"electedInformation":"ON_SUBSTITUTE_PLACE","totalVotesPercent":0.3,"nominatorName":{"fi":"Vihreä liitto","sv":"Gröna förbundet","en":"Green League"},"caid":44,"position":0,"gender":"1","comparisonData":{"totalVotes":0,"votesTotalChange":3},"edid":7,"comparativeIndex":0.0,"electionDayVotesPercent":0.0,"nominatorAbbr":{"fi":"VIHR","sv":"Gröna","en":"GREEN"}},{"age":62,"advanceVotesPercent":0.3,"lastname":"Henttonen","occupation":"talousjohtaja","advanceVotes":2,"npid":4,"totalVotes":3,"spid":1,"abbr":"KESK","municipalCouncilor":false,"muid":562,"alid":4,"firstname":"Ritva","electionDayVotes":1,"pid":"2","finalPosition":0,"electedInformation":"NOT_ELECTED","totalVotesPercent":0.3,"nominatorName":{"fi":"Suomen Keskusta","sv":"Centern i Finland","en":"Centre Party of Finland"},"caid":50,"position":0,"gender":"2","comparisonData":{"totalVotes":0,"votesTotalChange":3},"edid":7,"comparativeIndex":0.0,"electionDayVotesPercent":0.2,"nominatorAbbr":{"fi":"KESK","sv":"C","en":"CENT"}},{"age":54,"advanceVotesPercent":0.4,"lastname":"Koppanen","occupation":"emäntä","advanceVotes":3,"npid":4,"totalVotes":3,"spid":1,"abbr":"KESK","municipalCouncilor":false,"muid":562,"alid":4,"firstname":"Elina","electionDayVotes":0,"pid":"2","finalPosition":0,"electedInformation":"ON_SUBSTITUTE_PLACE","totalVotesPercent":0.3,"nominatorName":{"fi":"Suomen Keskusta","sv":"Centern i Finland","en":"Centre Party of Finland"},"caid":51,"position":0,"gender":"2","comparisonData":{"totalVotes":0,"votesTotalChange":3},"edid":7,"comparativeIndex":0.0,"electionDayVotesPercent":0.0,"nominatorAbbr":{"fi":"KESK","sv":"C","en":"CENT"}},{"age":57,"advanceVotesPercent":0.1,"lastname":"Raita-aho","occupation":"maatalousyrittäjä","advanceVotes":1,"npid":4,"totalVotes":3,"spid":1,"abbr":"KESK","municipalCouncilor":false,"muid":562,"alid":4,"firstname":"Timo","electionDayVotes":2,"pid":"2","finalPosition":0,"electedInformation":"ELECTED","totalVotesPercent":0.3,"nominatorName":{"fi":"Suomen Keskusta","sv":"Centern i Finland","en":"Centre Party of Finland"},"caid":56,"position":0,"gender":"1","comparisonData":{"totalVotes":0,"votesTotalChange":3},"edid":7,"comparativeIndex":0.0,"electionDayVotesPercent":0.4,"nominatorAbbr":{"fi":"KESK","sv":"C","en":"CENT"}},{"age":42,"advanceVotesPercent":0.3,"lastname":"Salonen","occupation":"lähihoitaja, vammaistyö","advanceVotes":2,"npid":4,"totalVotes":3,"spid":1,"abbr":"KESK","municipalCouncilor":false,"muid":562,"alid":4,"firstname":"Virpi","electionDayVotes":1,"pid":"2","finalPosition":0,"electedInformation":"NOT_ELECTED","totalVotesPercent":0.3,"nominatorName":{"fi":"Suomen Keskusta","sv":"Centern i Finland","en":"Centre Party of Finland"},"caid":59,"position":0,"gender":"2","comparisonData":{"totalVotes":0,"votesTotalChange":3},"edid":7,"comparativeIndex":0.0,"electionDayVotesPercent":0.2,"nominatorAbbr":{"fi":"KESK","sv":"C","en":"CENT"}},{"age":66,"advanceVotesPercent":0.4,"lastname":"Heinisuo","occupation":"maanviljelijä","advanceVotes":3,"npid":5,"totalVotes":3,"spid":8,"abbr":"KD","municipalCouncilor":false,"muid":562,"alid":5,"firstname":"Veli-Pekka","electionDayVotes":0,"pid":"9","finalPosition":0,"electedInformation":"NOT_ELECTED","totalVotesPercent":0.3,"nominatorName":{"fi":"Suomen Kristillisdemokraatit (KD)","sv":"Kristdemokraterna i Finland (KD)","en":"Christian Democrats in Finland"},"caid":67,"position":0,"gender":"1","comparisonData":{"totalVotes":13,"votesTotalChange":-10},"edid":7,"comparativeIndex":0.0,"electionDayVotesPercent":0.0,"nominatorAbbr":{"fi":"KD","sv":"KD","en":"CD"}},{"age":68,"advanceVotesPercent":0.3,"lastname":"Hernesniemi","occupation":"yrittäjä, eläkeläinen","advanceVotes":2,"npid":5,"totalVotes":3,"spid":8,"abbr":"KD","municipalCouncilor":false,"muid":562,"alid":5,"firstname":"Matti","electionDayVotes":1,"pid":"9","finalPosition":0,"electedInformation":"NOT_ELECTED","totalVotesPercent":0.3,"nominatorName":{"fi":"Suomen Kristillisdemokraatit (KD)","sv":"Kristdemokraterna i Finland (KD)","en":"Christian Democrats in Finland"},"caid":68,"position":0,"gender":"1","comparisonData":{"totalVotes":0,"votesTotalChange":3},"edid":7,"comparativeIndex":0.0,"electionDayVotesPercent":0.2,"nominatorAbbr":{"fi":"KD","sv":"KD","en":"CD"}},{"age":68,"advanceVotesPercent":0.4,"lastname":"Hietanen","occupation":"yrittäjä","advanceVotes":3,"npid":6,"totalVotes":3,"spid":4,"abbr":"SDP","municipalCouncilor":false,"muid":562,"alid":6,"firstname":"Markku","electionDayVotes":0,"pid":"1","finalPosition":0,"electedInformation":"NOT_ELECTED","totalVotesPercent":0.3,"nominatorName":{"fi":"Suomen Sosialidemokraattinen Puolue","sv":"Finlands Socialdemokratiska Parti","en":"The Finnish Social Democratic Party"},"caid":76,"position":0,"gender":"1","comparisonData":{"totalVotes":47,"votesTotalChange":-44},"edid":7,"comparativeIndex":0.0,"electionDayVotesPercent":0.0,"nominatorAbbr":{"fi":"SDP","sv":"SDP","en":"SDP"}},{"age":55,"advanceVotesPercent":0.3,"lastname":"Lampinen","occupation":"ratatyökoneenkuljettaja, pääluottamusmies","advanceVotes":2,"npid":6,"totalVotes":3,"spid":4,"abbr":"SDP","municipalCouncilor":false,"muid":562,"alid":6,"firstname":"Veli-Pekka","electionDayVotes":1,"pid":"1","finalPosition":0,"electedInformation":"NOT_ELECTED","totalVotesPercent":0.3,"nominatorName":{"fi":"Suomen Sosialidemokraattinen Puolue","sv":"Finlands Socialdemokratiska Parti","en":"The Finnish Social Democratic Party"},"caid":86,"position":0,"gender":"1","comparisonData":{"totalVotes":0,"votesTotalChange":3},"edid":7,"comparativeIndex":0.0,"electionDayVotesPercent":0.2,"nominatorAbbr":{"fi":"SDP","sv":"SDP","en":"SDP"}},{"age":50,"advanceVotesPercent":0.1,"lastname":"Luukkonen","occupation":"aluepäällikkö","advanceVotes":1,"npid":6,"totalVotes":3,"spid":4,"abbr":"SDP","municipalCouncilor":false,"muid":562,"alid":6,"firstname":"Jarmo","electionDayVotes":2,"pid":"1","finalPosition":0,"electedInformation":"ON_SUBSTITUTE_PLACE","totalVotesPercent":0.3,"nominatorName":{"fi":"Suomen Sosialidemokraattinen Puolue","sv":"Finlands Socialdemokratiska Parti","en":"The Finnish Social Democratic Party"},"caid":92,"position":0,"gender":"1","comparisonData":{"totalVotes":0,"votesTotalChange":3},"edid":7,"comparativeIndex":0.0,"electionDayVotesPercent":0.4,"nominatorAbbr":{"fi":"SDP","sv":"SDP","en":"SDP"}},{"age":55,"advanceVotesPercent":0.1,"lastname":"Aukee","occupation":"rakennusmies","advanceVotes":1,"npid":7,"totalVotes":3,"spid":6,"abbr":"VAS","municipalCouncilor":false,"muid":562,"alid":7,"firstname":"Ari","electionDayVotes":2,"pid":"15","finalPosition":0,"electedInformation":"NOT_ELECTED","totalVotesPercent":0.3,"nominatorName":{"fi":"Vasemmistoliitto","sv":"Vänsterförbundet","en":"The Left Alliance"},"caid":105,"position":0,"gender":"1","comparisonData":{"totalVotes":0,"votesTotalChange":3},"edid":7,"comparativeIndex":0.0,"electionDayVotesPercent":0.4,"nominatorAbbr":{"fi":"VAS","sv":"VF","en":"LEFT"}},{"age":63,"advanceVotesPercent":0.3,"lastname":"Uimonen","occupation":"erityisopettaja","advanceVotes":2,"npid":7,"totalVotes":3,"spid":6,"abbr":"VAS","municipalCouncilor":false,"muid":562,"alid":7,"firstname":"Sirpa","electionDayVotes":1,"pid":"15","finalPosition":0,"electedInformation":"NOT_ELECTED","totalVotesPercent":0.3,"nominatorName":{"fi":"Vasemmistoliitto","sv":"Vänsterförbundet","en":"The Left Alliance"},"caid":119,"position":0,"gender":"2","comparisonData":{"totalVotes":0,"votesTotalChange":3},"edid":7,"comparativeIndex":0.0,"electionDayVotesPercent":0.2,"nominatorAbbr":{"fi":"VAS","sv":"VF","en":"LEFT"}},{"age":41,"advanceVotesPercent":0.1,"lastname":"Hyytiäinen","occupation":"palveluvastaava, insinööri","advanceVotes":1,"npid":1,"totalVotes":2,"spid":2,"abbr":"KOK","municipalCouncilor":false,"muid":562,"alid":1,"firstname":"Marleena","electionDayVotes":1,"pid":"4","finalPosition":0,"electedInformation":"NOT_ELECTED","totalVotesPercent":0.2,"nominatorName":{"fi":"Kansallinen Kokoomus","sv":"Samlingspartiet","en":"National Coalition Party"},"caid":7,"position":0,"gender":"2","comparisonData":{"totalVotes":7,"votesTotalChange":-5},"edid":7,"comparativeIndex":0.0,"electionDayVotesPercent":0.2,"nominatorAbbr":{"fi":"KOK","sv":"Saml","en":"NCP"}},{"age":37,"advanceVotesPercent":0.0,"lastname":"Kaipainen","occupation":"yrittäjä","advanceVotes":0,"npid":1,"totalVotes":2,"spid":2,"abbr":"KOK","municipalCouncilor":false,"muid":562,"alid":1,"firstname":"Jenni","electionDayVotes":2,"pid":"4","finalPosition":0,"electedInformation":"NOT_ELECTED","totalVotesPercent":0.2,"nominatorName":{"fi":"Kansallinen Kokoomus","sv":"Samlingspartiet","en":"National Coalition Party"},"caid":12,"position":0,"gender":"2","comparisonData":{"totalVotes":0,"votesTotalChange":2},"edid":7,"comparativeIndex":0.0,"electionDayVotesPercent":0.4,"nominatorAbbr":{"fi":"KOK","sv":"Saml","en":"NCP"}},{"age":63,"advanceVotesPercent":0.3,"lastname":"Kolosalmi","occupation":"maatalousyrittäjä","advanceVotes":2,"npid":1,"totalVotes":2,"spid":2,"abbr":"KOK","municipalCouncilor":false,"muid":562,"alid":1,"firstname":"Elina","electionDayVotes":0,"pid":"4","finalPosition":0,"electedInformation":"NOT_ELECTED","totalVotesPercent":0.2,"nominatorName":{"fi":"Kansallinen Kokoomus","sv":"Samlingspartiet","en":"National Coalition Party"},"caid":14,"position":0,"gender":"2","comparisonData":{"totalVotes":0,"votesTotalChange":2},"edid":7,"comparativeIndex":0.0,"electionDayVotesPercent":0.0,"nominatorAbbr":{"fi":"KOK","sv":"Saml","en":"NCP"}},{"age":56,"advanceVotesPercent":0.3,"lastname":"Montonen","occupation":"lapsi- ja nuorisotyönohjaaja","advanceVotes":2,"npid":1,"totalVotes":2,"spid":2,"abbr":"KOK","municipalCouncilor":false,"muid":562,"alid":1,"firstname":"Paula","electionDayVotes":0,"pid":"4","finalPosition":0,"electedInformation":"NOT_ELECTED","totalVotesPercent":0.2,"nominatorName":{"fi":"Kansallinen Kokoomus","sv":"Samlingspartiet","en":"National Coalition Party"},"caid":16,"position":0,"gender":"2","comparisonData":{"totalVotes":13,"votesTotalChange":-11},"edid":7,"comparativeIndex":0.0,"electionDayVotesPercent":0.0,"nominatorAbbr":{"fi":"KOK","sv":"Saml","en":"NCP"}},{"age":20,"advanceVotesPercent":0.3,"lastname":"Rongonen","occupation":"opiskelija, isä","advanceVotes":2,"npid":2,"totalVotes":2,"spid":3,"abbr":"PS","municipalCouncilor":false,"muid":562,"alid":2,"firstname":"Arttu","electionDayVotes":0,"pid":"23","finalPosition":0,"electedInformation":"NOT_ELECTED","totalVotesPercent":0.2,"nominatorName":{"fi":"Perussuomalaiset","sv":"Sannfinländarna","en":"The Finns Party"},"caid":37,"position":0,"gender":"1","comparisonData":{"totalVotes":0,"votesTotalChange":2},"edid":7,"comparativeIndex":0.0,"electionDayVotesPercent":0.0,"nominatorAbbr":{"fi":"PS","sv":"Sannf","en":"FINNS"}},{"age":43,"advanceVotesPercent":0.0,"lastname":"Nousiainen","occupation":"hankepäällikkö, MMM","advanceVotes":0,"npid":4,"totalVotes":2,"spid":1,"abbr":"KESK","municipalCouncilor":false,"muid":562,"alid":4,"firstname":"Anne","electionDayVotes":2,"pid":"2","finalPosition":0,"electedInformation":"NOT_ELECTED","totalVotesPercent":0.2,"nominatorName":{"fi":"Suomen Keskusta","sv":"Centern i Finland","en":"Centre Party of Finland"},"caid":55,"position":0,"gender":"2","comparisonData":{"totalVotes":0,"votesTotalChange":2},"edid":7,"comparativeIndex":0.0,"electionDayVotesPercent":0.4,"nominatorAbbr":{"fi":"KESK","sv":"C","en":"CENT"}},{"age":33,"advanceVotesPercent":0.3,"lastname":"Sahramies","occupation":"ylioppilas, työtön","advanceVotes":2,"npid":4,"totalVotes":2,"spid":1,"abbr":"KESK","municipalCouncilor":false,"muid":562,"alid":4,"firstname":"Petri","electionDayVotes":0,"pid":"2","finalPosition":0,"electedInformation":"NOT_ELECTED","totalVotesPercent":0.2,"nominatorName":{"fi":"Suomen Keskusta","sv":"Centern i Finland","en":"Centre Party of Finland"},"caid":57,"position":0,"gender":"1","comparisonData":{"totalVotes":0,"votesTotalChange":2},"edid":7,"comparativeIndex":0.0,"electionDayVotesPercent":0.0,"nominatorAbbr":{"fi":"KESK","sv":"C","en":"CENT"}},{"age":73,"advanceVotesPercent":0.3,"lastname":"Jaakkola","occupation":"rovasti, eläkeläinen","advanceVotes":2,"npid":5,"totalVotes":2,"spid":8,"abbr":"KD","municipalCouncilor":false,"muid":562,"alid":5,"firstname":"Riitta","electionDayVotes":0,"pid":"9","finalPosition":0,"electedInformation":"NOT_ELECTED","totalVotesPercent":0.2,"nominatorName":{"fi":"Suomen Kristillisdemokraatit (KD)","sv":"Kristdemokraterna i Finland (KD)","en":"Christian Democrats in Finland"},"caid":69,"position":0,"gender":"2","comparisonData":{"totalVotes":34,"votesTotalChange":-32},"edid":7,"comparativeIndex":0.0,"electionDayVotesPercent":0.0,"nominatorAbbr":{"fi":"KD","sv":"KD","en":"CD"}},{"age":60,"advanceVotesPercent":0.3,"lastname":"Vettenranta","occupation":"suntio","advanceVotes":2,"npid":5,"totalVotes":2,"spid":8,"abbr":"KD","municipalCouncilor":false,"muid":562,"alid":5,"firstname":"Juha","electionDayVotes":0,"pid":"9","finalPosition":0,"electedInformation":"NOT_ELECTED","totalVotesPercent":0.2,"nominatorName":{"fi":"Suomen Kristillisdemokraatit (KD)","sv":"Kristdemokraterna i Finland (KD)","en":"Christian Democrats in Finland"},"caid":75,"position":0,"gender":"1","comparisonData":{"totalVotes":34,"votesTotalChange":-32},"edid":7,"comparativeIndex":0.0,"electionDayVotesPercent":0.0,"nominatorAbbr":{"fi":"KD","sv":"KD","en":"CD"}},{"age":59,"advanceVotesPercent":0.1,"lastname":"Lepistö","occupation":"kartoittaja, herastuomari","advanceVotes":1,"npid":6,"totalVotes":2,"spid":4,"abbr":"SDP","municipalCouncilor":false,"muid":562,"alid":6,"firstname":"Kari","electionDayVotes":1,"pid":"1","finalPosition":0,"electedInformation":"NOT_ELECTED","totalVotesPercent":0.2,"nominatorName":{"fi":"Suomen Sosialidemokraattinen Puolue","sv":"Finlands Socialdemokratiska Parti","en":"The Finnish Social Democratic Party"},"caid":88,"position":0,"gender":"1","comparisonData":{"totalVotes":21,"votesTotalChange":-19},"edid":7,"comparativeIndex":0.0,"electionDayVotesPercent":0.2,"nominatorAbbr":{"fi":"SDP","sv":"SDP","en":"SDP"}},{"age":74,"advanceVotesPercent":0.1,"lastname":"Luostarinen","occupation":"toimistosihteeri, eläkeläinen","advanceVotes":1,"npid":6,"totalVotes":2,"spid":4,"abbr":"SDP","municipalCouncilor":false,"muid":562,"alid":6,"firstname":"Marja-Liisa","electionDayVotes":1,"pid":"1","finalPosition":0,"electedInformation":"NOT_ELECTED","totalVotesPercent":0.2,"nominatorName":{"fi":"Suomen Sosialidemokraattinen Puolue","sv":"Finlands Socialdemokratiska Parti","en":"The Finnish Social Democratic Party"},"caid":90,"position":0,"gender":"2","comparisonData":{"totalVotes":12,"votesTotalChange":-10},"edid":7,"comparativeIndex":0.0,"electionDayVotesPercent":0.2,"nominatorAbbr":{"fi":"SDP","sv":"SDP","en":"SDP"}},{"age":57,"advanceVotesPercent":0.1,"lastname":"Rouhiainen","occupation":"sähkölaitosasentaja","advanceVotes":1,"npid":6,"totalVotes":2,"spid":4,"abbr":"SDP","municipalCouncilor":false,"muid":562,"alid":6,"firstname":"Timo","electionDayVotes":1,"pid":"1","finalPosition":0,"electedInformation":"NOT_ELECTED","totalVotesPercent":0.2,"nominatorName":{"fi":"Suomen Sosialidemokraattinen Puolue","sv":"Finlands Socialdemokratiska Parti","en":"The Finnish Social Democratic Party"},"caid":98,"position":0,"gender":"1","comparisonData":{"totalVotes":7,"votesTotalChange":-5},"edid":7,"comparativeIndex":0.0,"electionDayVotesPercent":0.2,"nominatorAbbr":{"fi":"SDP","sv":"SDP","en":"SDP"}},{"age":51,"advanceVotesPercent":0.1,"lastname":"Uotila","occupation":"maaseutuyrittäjä","advanceVotes":1,"npid":1,"totalVotes":1,"spid":2,"abbr":"KOK","municipalCouncilor":false,"muid":562,"alid":1,"firstname":"Petri","electionDayVotes":0,"pid":"4","finalPosition":0,"electedInformation":"ON_SUBSTITUTE_PLACE","totalVotesPercent":0.1,"nominatorName":{"fi":"Kansallinen Kokoomus","sv":"Samlingspartiet","en":"National Coalition Party"},"caid":27,"position":0,"gender":"1","comparisonData":{"totalVotes":0,"votesTotalChange":1},"edid":7,"comparativeIndex":0.0,"electionDayVotesPercent":0.0,"nominatorAbbr":{"fi":"KOK","sv":"Saml","en":"NCP"}},{"age":42,"advanceVotesPercent":0.0,"lastname":"Kulmala","occupation":"merimies","advanceVotes":0,"npid":3,"totalVotes":1,"spid":5,"abbr":"VIHR","municipalCouncilor":false,"muid":562,"alid":3,"firstname":"Jaakko","electionDayVotes":1,"pid":"13","finalPosition":0,"electedInformation":"NOT_ELECTED","totalVotesPercent":0.1,"nominatorName":{"fi":"Vihreä liitto","sv":"Gröna förbundet","en":"Green League"},"caid":41,"position":0,"gender":"1","comparisonData":{"totalVotes":0,"votesTotalChange":1},"edid":7,"comparativeIndex":0.0,"electionDayVotesPercent":0.2,"nominatorAbbr":{"fi":"VIHR","sv":"Gröna","en":"GREEN"}},{"age":57,"advanceVotesPercent":0.1,"lastname":"Ritoniemi","occupation":"panostaja, eläkeläinen","advanceVotes":1,"npid":3,"totalVotes":1,"spid":5,"abbr":"VIHR","municipalCouncilor":false,"muid":562,"alid":3,"firstname":"Heikki","electionDayVotes":0,"pid":"13","finalPosition":0,"electedInformation":"NOT_ELECTED","totalVotesPercent":0.1,"nominatorName":{"fi":"Vihreä liitto","sv":"Gröna förbundet","en":"Green League"},"caid":45,"position":0,"gender":"1","comparisonData":{"totalVotes":9,"votesTotalChange":-8},"edid":7,"comparativeIndex":0.0,"electionDayVotesPercent":0.0,"nominatorAbbr":{"fi":"VIHR","sv":"Gröna","en":"GREEN"}},{"age":41,"advanceVotesPercent":0.0,"lastname":"Enqvist","occupation":"yrittäjä","advanceVotes":0,"npid":4,"totalVotes":1,"spid":1,"abbr":"KESK","municipalCouncilor":false,"muid":562,"alid":4,"firstname":"Nina","electionDayVotes":1,"pid":"2","finalPosition":0,"electedInformation":"NOT_ELECTED","totalVotesPercent":0.1,"nominatorName":{"fi":"Suomen Keskusta","sv":"Centern i Finland","en":"Centre Party of Finland"},"caid":49,"position":0,"gender":"2","comparisonData":{"totalVotes":0,"votesTotalChange":1},"edid":7,"comparativeIndex":0.0,"electionDayVotesPercent":0.2,"nominatorAbbr":{"fi":"KESK","sv":"C","en":"CENT"}},{"age":71,"advanceVotesPercent":0.1,"lastname":"Ahonen","occupation":"sähkömies, eläkeläinen","advanceVotes":1,"npid":7,"totalVotes":1,"spid":6,"abbr":"VAS","municipalCouncilor":false,"muid":562,"alid":7,"firstname":"Juhani","electionDayVotes":0,"pid":"15","finalPosition":0,"electedInformation":"NOT_ELECTED","totalVotesPercent":0.1,"nominatorName":{"fi":"Vasemmistoliitto","sv":"Vänsterförbundet","en":"The Left Alliance"},"caid":104,"position":0,"gender":"1","comparisonData":{"totalVotes":11,"votesTotalChange":-10},"edid":7,"comparativeIndex":0.0,"electionDayVotesPercent":0.0,"nominatorAbbr":{"fi":"VAS","sv":"VF","en":"LEFT"}},{"age":51,"advanceVotesPercent":0.1,"lastname":"Karsikas","occupation":"koneenkuljettaja","advanceVotes":1,"npid":7,"totalVotes":1,"spid":6,"abbr":"VAS","municipalCouncilor":false,"muid":562,"alid":7,"firstname":"Mika","electionDayVotes":0,"pid":"15","finalPosition":0,"electedInformation":"NOT_ELECTED","totalVotesPercent":0.1,"nominatorName":{"fi":"Vasemmistoliitto","sv":"Vänsterförbundet","en":"The Left Alliance"},"caid":112,"position":0,"gender":"1","comparisonData":{"totalVotes":20,"votesTotalChange":-19},"edid":7,"comparativeIndex":0.0,"electionDayVotesPercent":0.0,"nominatorAbbr":{"fi":"VAS","sv":"VF","en":"LEFT"}},{"age":51,"advanceVotesPercent":0.0,"lastname":"Koski","occupation":"kiinteistönvälittäjä LKV","advanceVotes":0,"npid":1,"totalVotes":0,"spid":2,"abbr":"KOK","municipalCouncilor":false,"muid":562,"alid":1,"firstname":"Minna","electionDayVotes":0,"pid":"4","finalPosition":0,"electedInformation":"NOT_ELECTED","totalVotesPercent":0.0,"nominatorName":{"fi":"Kansallinen Kokoomus","sv":"Samlingspartiet","en":"National Coalition Party"},"caid":15,"position":0,"gender":"2","comparisonData":{"totalVotes":26,"votesTotalChange":-26},"edid":7,"comparativeIndex":0.0,"electionDayVotesPercent":0.0,"nominatorAbbr":{"fi":"KOK","sv":"Saml","en":"NCP"}},{"age":21,"advanceVotesPercent":0.0,"lastname":"Vuorinen","occupation":"opiskelija, tekn.yo","advanceVotes":0,"npid":1,"totalVotes":0,"spid":2,"abbr":"KOK","municipalCouncilor":false,"muid":562,"alid":1,"firstname":"Jesperi","electionDayVotes":0,"pid":"4","finalPosition":0,"electedInformation":"NOT_ELECTED","totalVotesPercent":0.0,"nominatorName":{"fi":"Kansallinen Kokoomus","sv":"Samlingspartiet","en":"National Coalition Party"},"caid":31,"position":0,"gender":"1","comparisonData":{"totalVotes":0,"votesTotalChange":0},"edid":7,"comparativeIndex":0.0,"electionDayVotesPercent":0.0,"nominatorAbbr":{"fi":"KOK","sv":"Saml","en":"NCP"}},{"age":43,"advanceVotesPercent":0.0,"lastname":"Petäkoski","occupation":"tekstiililaitosmies","advanceVotes":0,"npid":6,"totalVotes":0,"spid":4,"abbr":"SDP","municipalCouncilor":false,"muid":562,"alid":6,"firstname":"Tuukka","electionDayVotes":0,"pid":"1","finalPosition":0,"electedInformation":"NOT_ELECTED","totalVotesPercent":0.0,"nominatorName":{"fi":"Suomen Sosialidemokraattinen Puolue","sv":"Finlands Socialdemokratiska Parti","en":"The Finnish Social Democratic Party"},"caid":95,"position":0,"gender":"1","comparisonData":{"totalVotes":0,"votesTotalChange":0},"edid":7,"comparativeIndex":0.0,"electionDayVotesPercent":0.0,"nominatorAbbr":{"fi":"SDP","sv":"SDP","en":"SDP"}},{"age":60,"advanceVotesPercent":0.0,"lastname":"Svärd","occupation":"muurari","advanceVotes":0,"npid":6,"totalVotes":0,"spid":4,"abbr":"SDP","municipalCouncilor":false,"muid":562,"alid":6,"firstname":"Pekka","electionDayVotes":0,"pid":"1","finalPosition":0,"electedInformation":"NOT_ELECTED","totalVotesPercent":0.0,"nominatorName":{"fi":"Suomen Sosialidemokraattinen Puolue","sv":"Finlands Socialdemokratiska Parti","en":"The Finnish Social Democratic Party"},"caid":101,"position":0,"gender":"1","comparisonData":{"totalVotes":0,"votesTotalChange":0},"edid":7,"comparativeIndex":0.0,"electionDayVotesPercent":0.0,"nominatorAbbr":{"fi":"SDP","sv":"SDP","en":"SDP"}},{"age":52,"advanceVotesPercent":0.0,"lastname":"Cachiguango","occupation":"kirvesmies","advanceVotes":0,"npid":7,"totalVotes":0,"spid":6,"abbr":"VAS","municipalCouncilor":false,"muid":562,"alid":7,"firstname":"Rafael","electionDayVotes":0,"pid":"15","finalPosition":0,"electedInformation":"NOT_ELECTED","totalVotesPercent":0.0,"nominatorName":{"fi":"Vasemmistoliitto","sv":"Vänsterförbundet","en":"The Left Alliance"},"caid":106,"position":0,"gender":"1","comparisonData":{"totalVotes":0,"votesTotalChange":0},"edid":7,"comparativeIndex":0.0,"electionDayVotesPercent":0.0,"nominatorAbbr":{"fi":"VAS","sv":"VF","en":"LEFT"}},{"age":55,"advanceVotesPercent":0.0,"lastname":"Sallinen","occupation":"maatalouslomittaja","advanceVotes":0,"npid":7,"totalVotes":0,"spid":6,"abbr":"VAS","municipalCouncilor":false,"muid":562,"alid":7,"firstname":"Arto","electionDayVotes":0,"pid":"15","finalPosition":0,"electedInformation":"NOT_ELECTED","totalVotesPercent":0.0,"nominatorName":{"fi":"Vasemmistoliitto","sv":"Vänsterförbundet","en":"The Left Alliance"},"caid":116,"position":0,"gender":"1","comparisonData":{"totalVotes":4,"votesTotalChange":-4},"edid":7,"comparativeIndex":0.0,"electionDayVotesPercent":0.0,"nominatorAbbr":{"fi":"VAS","sv":"VF","en":"LEFT"}},{"age":68,"advanceVotesPercent":0.0,"lastname":"Salonen","occupation":"metallityöläinen, eläkeläinen","advanceVotes":0,"npid":7,"totalVotes":0,"spid":6,"abbr":"VAS","municipalCouncilor":false,"muid":562,"alid":7,"firstname":"Reijo","electionDayVotes":0,"pid":"15","finalPosition":0,"electedInformation":"NOT_ELECTED","totalVotesPercent":0.0,"nominatorName":{"fi":"Vasemmistoliitto","sv":"Vänsterförbundet","en":"The Left Alliance"},"caid":117,"position":0,"gender":"1","comparisonData":{"totalVotes":7,"votesTotalChange":-7},"edid":7,"comparativeIndex":0.0,"electionDayVotesPercent":0.0,"nominatorAbbr":{"fi":"VAS","sv":"VF","en":"LEFT"}}],"municipalityPollingDistricts":[{"name":{"fi":"Eräjärvi","sv":"Eräjärvi"},"calculationStatusPercent":100.0,"joinedArea":false,"muid":562,"totalVotingInFinlandTurnout":68.0,"identification":"001","pdid":"001","eligibleVotersInFinlandTotal":794,"edid":7,"mergedToPdid":""},{"name":{"fi":"Hirsilä","sv":"Hirsilä"},"calculationStatusPercent":100.0,"joinedArea":false,"muid":562,"totalVotingInFinlandTurnout":62.3,"identification":"002","pdid":"002","eligibleVotersInFinlandTotal":416,"edid":7,"mergedToPdid":""},{"name":{"fi":"Karppi","sv":"Karppi"},"calculationStatusPercent":100.0,"joinedArea":false,"muid":562,"totalVotingInFinlandTurnout":64.1,"identification":"003","pdid":"003","eligibleVotersInFinlandTotal":605,"edid":7,"mergedToPdid":""},{"name":{"fi":"Keskustan eteläinen","sv":"Keskustan eteläinen"},"calculationStatusPercent":100.0,"joinedArea":false,"muid":562,"totalVotingInFinlandTurnout":59.9,"identification":"004","pdid":"004","eligibleVotersInFinlandTotal":1929,"edid":7,"mergedToPdid":""},{"name":{"fi":"Keskustan pohjoinen","sv":"Keskustan pohjoinen"},"calculationStatusPercent":100.0,"joinedArea":false,"muid":562,"totalVotingInFinlandTurnout":63.9,"identification":"005","pdid":"005","eligibleVotersInFinlandTotal":2225,"edid":7,"mergedToPdid":""},{"name":{"fi":"Vehkalahti","sv":"Vehkalahti"},"calculationStatusPercent":100.0,"joinedArea":false,"muid":562,"totalVotingInFinlandTurnout":63.4,"identification":"006","pdid":"006","eligibleVotersInFinlandTotal":1587,"edid":7,"mergedToPdid":""}],"municipality":{"muid":562,"edid":7,"name":{"fi":"Orivesi","sv":"Orivesi"}}}