{"version":76,"created":"2017-04-09T23:07:44.481Z","electionDetails":{"electionId":"kv2017","electionDate":"2017-04-09T00:00:00.000Z","electionDataPublishTime":"2017-04-09T17:00:00.000Z","name":{"fi":"Kuntavaalit 2017","sv":"Kommunalval 2017","en":"Elections 2017"},"previousElections":{"correspondingCompareElection":{"electionId":"kv2012","electionDate":"2012-10-28T00:00:00.000Z","name":{"fi":"Kuntavaalit 2012","en":"Municipal elections 2012","sv":"Kommunalval 2012"}},"otherCompareElection":{"electionId":"ev2015","electionDate":"2015-04-19T00:00:00.000Z","name":{"fi":"Eduskuntavaalit 2015","en":"Parliamentary election 2015","sv":"Riksdagsval 2015"}}}},"calculationStatus":{"electionDayVotingTurnout":38.3,"invalidAdvanceVotes":4,"calculationPhase":"INITIAL","invalidElectionDayVotes":2,"approvedAdvanceVotes":530,"advanceVotingTurnout":26.2,"totalVotingTurnoutAbroad":0.0,"name":{"fi":"Evijärvi","sv":"Evijärvi"},"calculationStatusPercent":100.0,"advanceVotes":534,"electionDayVotingTurnoutAbroad":0.0,"approvedTotalVotes":1309,"totalVotes":1315,"muid":52,"totalVotingInFinlandTurnout":64.6,"advanceVotingTurnoutAbroad":0.0,"invalidTotalVotes":6,"totalVotingTurnout":64.6,"electionDayVotes":781,"electionDayVotesInFinland":781,"pdid":"001","totalVotesInFinlandMen":0,"eligibleVotersInFinlandTotal":2037,"calculationStatusPercentElectionDayVotes":100.0,"sourceRecordModificationTime":"20170409211453","otherCompareElection":{"eid":"","eligibleVotersInFinlandTotal":0,"advanceVotingInFinlandTurnout":0.0,"electionDayVotingInFinlandTurnout":0.0,"totalVotingInFinlandTurnout":0.0,"approvedVotesTotal":0,"invalidVotesTotal":0},"correspondingCompareElection":{"eid":"","eligibleVotersInFinlandTotal":0,"advanceVotingInFinlandTurnout":0.0,"electionDayVotingInFinlandTurnout":0.0,"totalVotingInFinlandTurnout":0.0,"approvedVotesTotal":0,"invalidVotesTotal":0,"seats":0},"approvedElectionDayVotes":779,"edid":10,"calculationStatusPercentAdvanceVotes":100.0,"electionDayVotingInFinlandTurnout":38.3,"seats":0,"eligibleVotersTotal":2037,"advanceVotesInFinland":534,"advanceVotingInFinlandTurnout":26.2,"totalVotesInFinland":1315},"partyResults":[{"advanceVotesPercent":60.9,"name":{"fi":"Suomen Keskusta","sv":"Centern i Finland","en":"Centre Party of Finland"},"advanceVotes":323,"npid":6,"totalVotes":826,"spid":1,"abbr":{"fi":"KESK","sv":"C","en":"CENT"},"alid":4,"electionDayVotes":503,"pid":"2","totalVotesPercent":63.1,"nominatorName":{"fi":"Suomen Keskusta","sv":"Centern i Finland","en":"Centre Party of Finland"},"compareData":{"otherCompareElection":{"votesTotalChange":0,"votesTotalPercentChange":0.0,"votesTotal":826,"votesTotalPercent":63.1},"correspondingCompareElection":{"votesTotalChange":0,"votesTotalPercentChange":0.0,"seatChange":0,"votesTotal":826,"votesTotalPercent":63.1,"seatsTotal":0}},"seats":0,"electionDayVotesPercent":64.6,"nominatorAbbr":{"fi":"KESK","sv":"C","en":"CENT"}},{"advanceVotesPercent":11.3,"name":{"fi":"Kansallinen Kokoomus","sv":"Samlingspartiet","en":"National Coalition Party"},"advanceVotes":60,"npid":4,"totalVotes":168,"spid":2,"abbr":{"fi":"KOK","sv":"Saml","en":"NCP"},"alid":3,"electionDayVotes":108,"pid":"4","totalVotesPercent":12.8,"nominatorName":{"fi":"Kansallinen Kokoomus","sv":"Samlingspartiet","en":"National Coalition Party"},"compareData":{"otherCompareElection":{"votesTotalChange":0,"votesTotalPercentChange":0.0,"votesTotal":168,"votesTotalPercent":12.8},"correspondingCompareElection":{"votesTotalChange":0,"votesTotalPercentChange":0.0,"seatChange":0,"votesTotal":168,"votesTotalPercent":12.8,"seatsTotal":0}},"seats":0,"electionDayVotesPercent":13.9,"nominatorAbbr":{"fi":"KOK","sv":"Saml","en":"NCP"}},{"advanceVotesPercent":10.8,"name":{"fi":"Suomen Sosialidemokraattinen Puolue","sv":"Finlands Socialdemokratiska Parti","en":"The Finnish Social Democratic Party"},"advanceVotes":57,"npid":2,"totalVotes":124,"spid":4,"abbr":{"fi":"SDP","sv":"SDP","en":"SDP"},"alid":2,"electionDayVotes":67,"pid":"1","totalVotesPercent":9.5,"nominatorName":{"fi":"Suomen Sosialidemokraattinen Puolue","sv":"Finlands Socialdemokratiska Parti","en":"The Finnish Social Democratic Party"},"compareData":{"otherCompareElection":{"votesTotalChange":0,"votesTotalPercentChange":0.0,"votesTotal":124,"votesTotalPercent":9.5},"correspondingCompareElection":{"votesTotalChange":0,"votesTotalPercentChange":0.0,"seatChange":0,"votesTotal":124,"votesTotalPercent":9.5,"seatsTotal":0}},"seats":0,"electionDayVotesPercent":8.6,"nominatorAbbr":{"fi":"SDP","sv":"SDP","en":"SDP"}},{"advanceVotesPercent":8.3,"name":{"fi":"Suomen Kristillisdemokraatit (KD)","sv":"Kristdemokraterna i Finland (KD)","en":"Christian Democrats in Finland"},"advanceVotes":44,"npid":5,"totalVotes":92,"spid":8,"abbr":{"fi":"KD","sv":"KD","en":"CD"},"alid":4,"electionDayVotes":48,"pid":"9","totalVotesPercent":7.0,"nominatorName":{"fi":"Suomen Kristillisdemokraatit (KD)","sv":"Kristdemokraterna i Finland (KD)","en":"Christian Democrats in Finland"},"compareData":{"otherCompareElection":{"votesTotalChange":0,"votesTotalPercentChange":0.0,"votesTotal":92,"votesTotalPercent":7.0},"correspondingCompareElection":{"votesTotalChange":0,"votesTotalPercentChange":0.0,"seatChange":0,"votesTotal":92,"votesTotalPercent":7.0,"seatsTotal":0}},"seats":0,"electionDayVotesPercent":6.2,"nominatorAbbr":{"fi":"KD","sv":"KD","en":"CD"}},{"advanceVotesPercent":5.8,"name":{"fi":"Vasemmistoliitto","sv":"Vänsterförbundet","en":"The Left Alliance"},"advanceVotes":31,"npid":3,"totalVotes":53,"spid":6,"abbr":{"fi":"VAS","sv":"VF","en":"LEFT"},"alid":2,"electionDayVotes":22,"pid":"15","totalVotesPercent":4.0,"nominatorName":{"fi":"Vasemmistoliitto","sv":"Vänsterförbundet","en":"The Left Alliance"},"compareData":{"otherCompareElection":{"votesTotalChange":0,"votesTotalPercentChange":0.0,"votesTotal":53,"votesTotalPercent":4.0},"correspondingCompareElection":{"votesTotalChange":0,"votesTotalPercentChange":0.0,"seatChange":0,"votesTotal":53,"votesTotalPercent":4.0,"seatsTotal":0}},"seats":0,"electionDayVotesPercent":2.8,"nominatorAbbr":{"fi":"VAS","sv":"VF","en":"LEFT"}},{"advanceVotesPercent":2.8,"name":{"fi":"Perussuomalaiset","sv":"Sannfinländarna","en":"The Finns Party"},"advanceVotes":15,"npid":1,"totalVotes":46,"spid":3,"abbr":{"fi":"PS","sv":"Sannf","en":"FINNS"},"alid":1,"electionDayVotes":31,"pid":"23","totalVotesPercent":3.5,"nominatorName":{"fi":"Perussuomalaiset","sv":"Sannfinländarna","en":"The Finns Party"},"compareData":{"otherCompareElection":{"votesTotalChange":0,"votesTotalPercentChange":0.0,"votesTotal":46,"votesTotalPercent":3.5},"correspondingCompareElection":{"votesTotalChange":0,"votesTotalPercentChange":0.0,"seatChange":0,"votesTotal":46,"votesTotalPercent":3.5,"seatsTotal":0}},"seats":0,"electionDayVotesPercent":4.0,"nominatorAbbr":{"fi":"PS","sv":"Sannf","en":"FINNS"}}],"candidateResults":[{"age":35,"advanceVotesPercent":6.0,"lastname":"Kultalahti","occupation":"toimistotyöntekijä, hallintotieteiden yo","advanceVotes":32,"npid":6,"totalVotes":88,"spid":1,"abbr":"KESK","municipalCouncilor":true,"muid":52,"alid":4,"firstname":"Terhi","electionDayVotes":56,"pid":"2","finalPosition":0,"electedInformation":"ELECTED","totalVotesPercent":6.7,"nominatorName":{"fi":"Suomen Keskusta","sv":"Centern i Finland","en":"Centre Party of Finland"},"caid":28,"position":0,"gender":"2","comparisonData":{"totalVotes":40,"votesTotalChange":48},"edid":10,"comparativeIndex":0.0,"electionDayVotesPercent":7.2,"nominatorAbbr":{"fi":"KESK","sv":"C","en":"CENT"}},{"age":51,"advanceVotesPercent":6.4,"lastname":"Alkio","occupation":"ensihoitaja","advanceVotes":34,"npid":6,"totalVotes":76,"spid":1,"abbr":"KESK","municipalCouncilor":true,"muid":52,"alid":4,"firstname":"Juha","electionDayVotes":42,"pid":"2","finalPosition":0,"electedInformation":"ELECTED","totalVotesPercent":5.8,"nominatorName":{"fi":"Suomen Keskusta","sv":"Centern i Finland","en":"Centre Party of Finland"},"caid":20,"position":0,"gender":"1","comparisonData":{"totalVotes":57,"votesTotalChange":19},"edid":10,"comparativeIndex":0.0,"electionDayVotesPercent":5.4,"nominatorAbbr":{"fi":"KESK","sv":"C","en":"CENT"}},{"age":59,"advanceVotesPercent":7.7,"lastname":"Vertanen","occupation":"metsuri, luottamusmies","advanceVotes":41,"npid":2,"totalVotes":69,"spid":4,"abbr":"SDP","municipalCouncilor":true,"muid":52,"alid":2,"firstname":"Lasse","electionDayVotes":28,"pid":"1","finalPosition":0,"electedInformation":"ELECTED","totalVotesPercent":5.3,"nominatorName":{"fi":"Suomen Sosialidemokraattinen Puolue","sv":"Finlands Socialdemokratiska Parti","en":"The Finnish Social Democratic Party"},"caid":10,"position":0,"gender":"1","comparisonData":{"totalVotes":54,"votesTotalChange":15},"edid":10,"comparativeIndex":0.0,"electionDayVotesPercent":3.6,"nominatorAbbr":{"fi":"SDP","sv":"SDP","en":"SDP"}},{"age":55,"advanceVotesPercent":5.3,"lastname":"Lassila","occupation":"postityöntekijä","advanceVotes":28,"npid":5,"totalVotes":69,"spid":8,"abbr":"KD","municipalCouncilor":false,"muid":52,"alid":4,"firstname":"Ulla","electionDayVotes":41,"pid":"9","finalPosition":0,"electedInformation":"ELECTED","totalVotesPercent":5.3,"nominatorName":{"fi":"Suomen Kristillisdemokraatit (KD)","sv":"Kristdemokraterna i Finland (KD)","en":"Christian Democrats in Finland"},"caid":18,"position":0,"gender":"2","comparisonData":{"totalVotes":0,"votesTotalChange":69},"edid":10,"comparativeIndex":0.0,"electionDayVotesPercent":5.3,"nominatorAbbr":{"fi":"KD","sv":"KD","en":"CD"}},{"age":42,"advanceVotesPercent":4.2,"lastname":"Anttikoski","occupation":"maatalousyrittäjä","advanceVotes":22,"npid":6,"totalVotes":67,"spid":1,"abbr":"KESK","municipalCouncilor":true,"muid":52,"alid":4,"firstname":"Jari","electionDayVotes":45,"pid":"2","finalPosition":0,"electedInformation":"ELECTED","totalVotesPercent":5.1,"nominatorName":{"fi":"Suomen Keskusta","sv":"Centern i Finland","en":"Centre Party of Finland"},"caid":21,"position":0,"gender":"1","comparisonData":{"totalVotes":52,"votesTotalChange":15},"edid":10,"comparativeIndex":0.0,"electionDayVotesPercent":5.8,"nominatorAbbr":{"fi":"KESK","sv":"C","en":"CENT"}},{"age":48,"advanceVotesPercent":3.2,"lastname":"Mäntylä","occupation":"metsäkoneyrittäjä","advanceVotes":17,"npid":6,"totalVotes":64,"spid":1,"abbr":"KESK","municipalCouncilor":true,"muid":52,"alid":4,"firstname":"Pasi","electionDayVotes":47,"pid":"2","finalPosition":0,"electedInformation":"ELECTED","totalVotesPercent":4.9,"nominatorName":{"fi":"Suomen Keskusta","sv":"Centern i Finland","en":"Centre Party of Finland"},"caid":32,"position":0,"gender":"1","comparisonData":{"totalVotes":64,"votesTotalChange":0},"edid":10,"comparativeIndex":0.0,"electionDayVotesPercent":6.0,"nominatorAbbr":{"fi":"KESK","sv":"C","en":"CENT"}},{"age":34,"advanceVotesPercent":5.5,"lastname":"Saarijärvi","occupation":"maanviljelijä","advanceVotes":29,"npid":6,"totalVotes":62,"spid":1,"abbr":"KESK","municipalCouncilor":true,"muid":52,"alid":4,"firstname":"Mikko","electionDayVotes":33,"pid":"2","finalPosition":0,"electedInformation":"ELECTED","totalVotesPercent":4.7,"nominatorName":{"fi":"Suomen Keskusta","sv":"Centern i Finland","en":"Centre Party of Finland"},"caid":38,"position":0,"gender":"1","comparisonData":{"totalVotes":60,"votesTotalChange":2},"edid":10,"comparativeIndex":0.0,"electionDayVotesPercent":4.2,"nominatorAbbr":{"fi":"KESK","sv":"C","en":"CENT"}},{"age":40,"advanceVotesPercent":2.5,"lastname":"Järvinen","occupation":"yrittäjä","advanceVotes":13,"npid":6,"totalVotes":60,"spid":1,"abbr":"KESK","municipalCouncilor":true,"muid":52,"alid":4,"firstname":"Jyrki","electionDayVotes":47,"pid":"2","finalPosition":0,"electedInformation":"ELECTED","totalVotesPercent":4.6,"nominatorName":{"fi":"Suomen Keskusta","sv":"Centern i Finland","en":"Centre Party of Finland"},"caid":25,"position":0,"gender":"1","comparisonData":{"totalVotes":46,"votesTotalChange":14},"edid":10,"comparativeIndex":0.0,"electionDayVotesPercent":6.0,"nominatorAbbr":{"fi":"KESK","sv":"C","en":"CENT"}},{"age":45,"advanceVotesPercent":3.8,"lastname":"Vesala","occupation":"maanviljelijä","advanceVotes":20,"npid":6,"totalVotes":54,"spid":1,"abbr":"KESK","municipalCouncilor":true,"muid":52,"alid":4,"firstname":"Pertti","electionDayVotes":34,"pid":"2","finalPosition":0,"electedInformation":"ELECTED","totalVotesPercent":4.1,"nominatorName":{"fi":"Suomen Keskusta","sv":"Centern i Finland","en":"Centre Party of Finland"},"caid":40,"position":0,"gender":"1","comparisonData":{"totalVotes":75,"votesTotalChange":-21},"edid":10,"comparativeIndex":0.0,"electionDayVotesPercent":4.4,"nominatorAbbr":{"fi":"KESK","sv":"C","en":"CENT"}},{"age":66,"advanceVotesPercent":5.8,"lastname":"Tolonen","occupation":"lakiasiantuntija, insinööri","advanceVotes":31,"npid":3,"totalVotes":53,"spid":6,"abbr":"VAS","municipalCouncilor":false,"muid":52,"alid":2,"firstname":"Jorma","electionDayVotes":22,"pid":"15","finalPosition":0,"electedInformation":"ELECTED","totalVotesPercent":4.0,"nominatorName":{"fi":"Vasemmistoliitto","sv":"Vänsterförbundet","en":"The Left Alliance"},"caid":11,"position":0,"gender":"1","comparisonData":{"totalVotes":0,"votesTotalChange":53},"edid":10,"comparativeIndex":0.0,"electionDayVotesPercent":2.8,"nominatorAbbr":{"fi":"VAS","sv":"VF","en":"LEFT"}},{"age":62,"advanceVotesPercent":3.8,"lastname":"Kattilakoski","occupation":"vakuutustarkastaja (eläkkeellä)","advanceVotes":20,"npid":4,"totalVotes":52,"spid":2,"abbr":"KOK","municipalCouncilor":true,"muid":52,"alid":3,"firstname":"Markus","electionDayVotes":32,"pid":"4","finalPosition":0,"electedInformation":"ELECTED","totalVotesPercent":4.0,"nominatorName":{"fi":"Kansallinen Kokoomus","sv":"Samlingspartiet","en":"National Coalition Party"},"caid":13,"position":0,"gender":"1","comparisonData":{"totalVotes":40,"votesTotalChange":12},"edid":10,"comparativeIndex":0.0,"electionDayVotesPercent":4.1,"nominatorAbbr":{"fi":"KOK","sv":"Saml","en":"NCP"}},{"age":29,"advanceVotesPercent":3.2,"lastname":"Kirsilä","occupation":"yrittäjä","advanceVotes":17,"npid":6,"totalVotes":48,"spid":1,"abbr":"KESK","municipalCouncilor":true,"muid":52,"alid":4,"firstname":"Aapo","electionDayVotes":31,"pid":"2","finalPosition":0,"electedInformation":"ELECTED","totalVotesPercent":3.7,"nominatorName":{"fi":"Suomen Keskusta","sv":"Centern i Finland","en":"Centre Party of Finland"},"caid":26,"position":0,"gender":"1","comparisonData":{"totalVotes":35,"votesTotalChange":13},"edid":10,"comparativeIndex":0.0,"electionDayVotesPercent":4.0,"nominatorAbbr":{"fi":"KESK","sv":"C","en":"CENT"}},{"age":43,"advanceVotesPercent":2.5,"lastname":"Ritala","occupation":"postityöntekijä","advanceVotes":13,"npid":6,"totalVotes":44,"spid":1,"abbr":"KESK","municipalCouncilor":false,"muid":52,"alid":4,"firstname":"Satu","electionDayVotes":31,"pid":"2","finalPosition":0,"electedInformation":"ELECTED","totalVotesPercent":3.4,"nominatorName":{"fi":"Suomen Keskusta","sv":"Centern i Finland","en":"Centre Party of Finland"},"caid":37,"position":0,"gender":"2","comparisonData":{"totalVotes":0,"votesTotalChange":44},"edid":10,"comparativeIndex":0.0,"electionDayVotesPercent":4.0,"nominatorAbbr":{"fi":"KESK","sv":"C","en":"CENT"}},{"age":63,"advanceVotesPercent":5.1,"lastname":"Haapasaari","occupation":"agronomi, toimittaja","advanceVotes":27,"npid":6,"totalVotes":43,"spid":1,"abbr":"KESK","municipalCouncilor":false,"muid":52,"alid":4,"firstname":"Rita","electionDayVotes":16,"pid":"2","finalPosition":0,"electedInformation":"ELECTED","totalVotesPercent":3.3,"nominatorName":{"fi":"Suomen Keskusta","sv":"Centern i Finland","en":"Centre Party of Finland"},"caid":22,"position":0,"gender":"2","comparisonData":{"totalVotes":0,"votesTotalChange":43},"edid":10,"comparativeIndex":0.0,"electionDayVotesPercent":2.1,"nominatorAbbr":{"fi":"KESK","sv":"C","en":"CENT"}},{"age":61,"advanceVotesPercent":3.2,"lastname":"Holm","occupation":"yrittäjä","advanceVotes":17,"npid":6,"totalVotes":42,"spid":1,"abbr":"KESK","municipalCouncilor":true,"muid":52,"alid":4,"firstname":"Matti","electionDayVotes":25,"pid":"2","finalPosition":0,"electedInformation":"ELECTED","totalVotesPercent":3.2,"nominatorName":{"fi":"Suomen Keskusta","sv":"Centern i Finland","en":"Centre Party of Finland"},"caid":23,"position":0,"gender":"1","comparisonData":{"totalVotes":48,"votesTotalChange":-6},"edid":10,"comparativeIndex":0.0,"electionDayVotesPercent":3.2,"nominatorAbbr":{"fi":"KESK","sv":"C","en":"CENT"}},{"age":33,"advanceVotesPercent":2.3,"lastname":"Hernesniemi","occupation":"ympäristöasiantuntija, diplomi-insinööri","advanceVotes":12,"npid":4,"totalVotes":41,"spid":2,"abbr":"KOK","municipalCouncilor":false,"muid":52,"alid":3,"firstname":"Heta-Mari","electionDayVotes":29,"pid":"4","finalPosition":0,"electedInformation":"ELECTED","totalVotesPercent":3.1,"nominatorName":{"fi":"Kansallinen Kokoomus","sv":"Samlingspartiet","en":"National Coalition Party"},"caid":17,"position":0,"gender":"2","comparisonData":{"totalVotes":22,"votesTotalChange":19},"edid":10,"comparativeIndex":0.0,"electionDayVotesPercent":3.7,"nominatorAbbr":{"fi":"KOK","sv":"Saml","en":"NCP"}},{"age":33,"advanceVotesPercent":2.8,"lastname":"Pahkakangas","occupation":"rakennusinsinööri","advanceVotes":15,"npid":6,"totalVotes":41,"spid":1,"abbr":"KESK","municipalCouncilor":false,"muid":52,"alid":4,"firstname":"Jarkko","electionDayVotes":26,"pid":"2","finalPosition":0,"electedInformation":"ELECTED","totalVotesPercent":3.1,"nominatorName":{"fi":"Suomen Keskusta","sv":"Centern i Finland","en":"Centre Party of Finland"},"caid":35,"position":0,"gender":"1","comparisonData":{"totalVotes":0,"votesTotalChange":41},"edid":10,"comparativeIndex":0.0,"electionDayVotesPercent":3.3,"nominatorAbbr":{"fi":"KESK","sv":"C","en":"CENT"}},{"age":38,"advanceVotesPercent":1.7,"lastname":"Huhmarsalo","occupation":"myymäläpäällikkö","advanceVotes":9,"npid":4,"totalVotes":32,"spid":2,"abbr":"KOK","municipalCouncilor":false,"muid":52,"alid":3,"firstname":"Marita","electionDayVotes":23,"pid":"4","finalPosition":0,"electedInformation":"ON_SUBSTITUTE_PLACE","totalVotesPercent":2.4,"nominatorName":{"fi":"Kansallinen Kokoomus","sv":"Samlingspartiet","en":"National Coalition Party"},"caid":12,"position":0,"gender":"2","comparisonData":{"totalVotes":0,"votesTotalChange":32},"edid":10,"comparativeIndex":0.0,"electionDayVotesPercent":3.0,"nominatorAbbr":{"fi":"KOK","sv":"Saml","en":"NCP"}},{"age":54,"advanceVotesPercent":3.4,"lastname":"Latukka","occupation":"maanviljelijä","advanceVotes":18,"npid":6,"totalVotes":31,"spid":1,"abbr":"KESK","municipalCouncilor":true,"muid":52,"alid":4,"firstname":"Erkki","electionDayVotes":13,"pid":"2","finalPosition":0,"electedInformation":"ON_SUBSTITUTE_PLACE","totalVotesPercent":2.4,"nominatorName":{"fi":"Suomen Keskusta","sv":"Centern i Finland","en":"Centre Party of Finland"},"caid":30,"position":0,"gender":"1","comparisonData":{"totalVotes":37,"votesTotalChange":-6},"edid":10,"comparativeIndex":0.0,"electionDayVotesPercent":1.7,"nominatorAbbr":{"fi":"KESK","sv":"C","en":"CENT"}},{"age":43,"advanceVotesPercent":1.5,"lastname":"Välikangas","occupation":"laitoshuoltaja","advanceVotes":8,"npid":1,"totalVotes":25,"spid":3,"abbr":"PS","municipalCouncilor":true,"muid":52,"alid":1,"firstname":"Susanna","electionDayVotes":17,"pid":"23","finalPosition":0,"electedInformation":"NOT_ELECTED","totalVotesPercent":1.9,"nominatorName":{"fi":"Perussuomalaiset","sv":"Sannfinländarna","en":"The Finns Party"},"caid":6,"position":0,"gender":"2","comparisonData":{"totalVotes":38,"votesTotalChange":-13},"edid":10,"comparativeIndex":0.0,"electionDayVotesPercent":2.2,"nominatorAbbr":{"fi":"PS","sv":"Sannf","en":"FINNS"}},{"age":27,"advanceVotesPercent":0.8,"lastname":"Saari","occupation":"turkistarhaaja","advanceVotes":4,"npid":2,"totalVotes":23,"spid":4,"abbr":"SDP","municipalCouncilor":false,"muid":52,"alid":2,"firstname":"Anssi","electionDayVotes":19,"pid":"1","finalPosition":0,"electedInformation":"ON_SUBSTITUTE_PLACE","totalVotesPercent":1.8,"nominatorName":{"fi":"Suomen Sosialidemokraattinen Puolue","sv":"Finlands Socialdemokratiska Parti","en":"The Finnish Social Democratic Party"},"caid":9,"position":0,"gender":"1","comparisonData":{"totalVotes":0,"votesTotalChange":23},"edid":10,"comparativeIndex":0.0,"electionDayVotesPercent":2.4,"nominatorAbbr":{"fi":"SDP","sv":"SDP","en":"SDP"}},{"age":76,"advanceVotesPercent":3.0,"lastname":"Forsbacka","occupation":"eläkeläinen","advanceVotes":16,"npid":5,"totalVotes":23,"spid":8,"abbr":"KD","municipalCouncilor":false,"muid":52,"alid":4,"firstname":"Keijo","electionDayVotes":7,"pid":"9","finalPosition":0,"electedInformation":"ON_SUBSTITUTE_PLACE","totalVotesPercent":1.8,"nominatorName":{"fi":"Suomen Kristillisdemokraatit (KD)","sv":"Kristdemokraterna i Finland (KD)","en":"Christian Democrats in Finland"},"caid":19,"position":0,"gender":"1","comparisonData":{"totalVotes":27,"votesTotalChange":-4},"edid":10,"comparativeIndex":0.0,"electionDayVotesPercent":0.9,"nominatorAbbr":{"fi":"KD","sv":"KD","en":"CD"}},{"age":63,"advanceVotesPercent":2.1,"lastname":"Kuusela","occupation":"metsuri / maanviljelijä","advanceVotes":11,"npid":6,"totalVotes":23,"spid":1,"abbr":"KESK","municipalCouncilor":false,"muid":52,"alid":4,"firstname":"Jukka","electionDayVotes":12,"pid":"2","finalPosition":0,"electedInformation":"ON_SUBSTITUTE_PLACE","totalVotesPercent":1.8,"nominatorName":{"fi":"Suomen Keskusta","sv":"Centern i Finland","en":"Centre Party of Finland"},"caid":29,"position":0,"gender":"1","comparisonData":{"totalVotes":25,"votesTotalChange":-2},"edid":10,"comparativeIndex":0.0,"electionDayVotesPercent":1.5,"nominatorAbbr":{"fi":"KESK","sv":"C","en":"CENT"}},{"age":34,"advanceVotesPercent":0.9,"lastname":"Kauris","occupation":"muovityöntekijä","advanceVotes":5,"npid":2,"totalVotes":20,"spid":4,"abbr":"SDP","municipalCouncilor":false,"muid":52,"alid":2,"firstname":"Teemu","electionDayVotes":15,"pid":"1","finalPosition":0,"electedInformation":"ON_SUBSTITUTE_PLACE","totalVotesPercent":1.5,"nominatorName":{"fi":"Suomen Sosialidemokraattinen Puolue","sv":"Finlands Socialdemokratiska Parti","en":"The Finnish Social Democratic Party"},"caid":8,"position":0,"gender":"1","comparisonData":{"totalVotes":18,"votesTotalChange":2},"edid":10,"comparativeIndex":0.0,"electionDayVotesPercent":1.9,"nominatorAbbr":{"fi":"SDP","sv":"SDP","en":"SDP"}},{"age":69,"advanceVotesPercent":2.5,"lastname":"Koivukangas","occupation":"eläkeläinen","advanceVotes":13,"npid":6,"totalVotes":19,"spid":1,"abbr":"KESK","municipalCouncilor":false,"muid":52,"alid":4,"firstname":"Lauri","electionDayVotes":6,"pid":"2","finalPosition":0,"electedInformation":"ON_SUBSTITUTE_PLACE","totalVotesPercent":1.5,"nominatorName":{"fi":"Suomen Keskusta","sv":"Centern i Finland","en":"Centre Party of Finland"},"caid":27,"position":0,"gender":"1","comparisonData":{"totalVotes":0,"votesTotalChange":19},"edid":10,"comparativeIndex":0.0,"electionDayVotesPercent":0.8,"nominatorAbbr":{"fi":"KESK","sv":"C","en":"CENT"}},{"age":37,"advanceVotesPercent":1.3,"lastname":"Mikkola","occupation":"yrittäjä","advanceVotes":7,"npid":4,"totalVotes":15,"spid":2,"abbr":"KOK","municipalCouncilor":false,"muid":52,"alid":3,"firstname":"Janne","electionDayVotes":8,"pid":"4","finalPosition":0,"electedInformation":"ON_SUBSTITUTE_PLACE","totalVotesPercent":1.1,"nominatorName":{"fi":"Kansallinen Kokoomus","sv":"Samlingspartiet","en":"National Coalition Party"},"caid":15,"position":0,"gender":"1","comparisonData":{"totalVotes":0,"votesTotalChange":15},"edid":10,"comparativeIndex":0.0,"electionDayVotesPercent":1.0,"nominatorAbbr":{"fi":"KOK","sv":"Saml","en":"NCP"}},{"age":28,"advanceVotesPercent":0.9,"lastname":"Niemi","occupation":"terveydenhoitaja, sairaanhoitaja","advanceVotes":5,"npid":6,"totalVotes":15,"spid":1,"abbr":"KESK","municipalCouncilor":false,"muid":52,"alid":4,"firstname":"Alina","electionDayVotes":10,"pid":"2","finalPosition":0,"electedInformation":"ON_SUBSTITUTE_PLACE","totalVotesPercent":1.1,"nominatorName":{"fi":"Suomen Keskusta","sv":"Centern i Finland","en":"Centre Party of Finland"},"caid":33,"position":0,"gender":"2","comparisonData":{"totalVotes":0,"votesTotalChange":15},"edid":10,"comparativeIndex":0.0,"electionDayVotesPercent":1.3,"nominatorAbbr":{"fi":"KESK","sv":"C","en":"CENT"}},{"age":32,"advanceVotesPercent":1.5,"lastname":"Kattilakoski","occupation":"sähköasentaja","advanceVotes":8,"npid":4,"totalVotes":14,"spid":2,"abbr":"KOK","municipalCouncilor":false,"muid":52,"alid":3,"firstname":"Vily","electionDayVotes":6,"pid":"4","finalPosition":0,"electedInformation":"NOT_ELECTED","totalVotesPercent":1.1,"nominatorName":{"fi":"Kansallinen Kokoomus","sv":"Samlingspartiet","en":"National Coalition Party"},"caid":14,"position":0,"gender":"1","comparisonData":{"totalVotes":0,"votesTotalChange":14},"edid":10,"comparativeIndex":0.0,"electionDayVotesPercent":0.8,"nominatorAbbr":{"fi":"KOK","sv":"Saml","en":"NCP"}},{"age":38,"advanceVotesPercent":0.8,"lastname":"Vinkanharju","occupation":"myyjä","advanceVotes":4,"npid":4,"totalVotes":14,"spid":2,"abbr":"KOK","municipalCouncilor":false,"muid":52,"alid":3,"firstname":"Juha","electionDayVotes":10,"pid":"4","finalPosition":0,"electedInformation":"NOT_ELECTED","totalVotesPercent":1.1,"nominatorName":{"fi":"Kansallinen Kokoomus","sv":"Samlingspartiet","en":"National Coalition Party"},"caid":16,"position":0,"gender":"1","comparisonData":{"totalVotes":0,"votesTotalChange":14},"edid":10,"comparativeIndex":0.0,"electionDayVotesPercent":1.3,"nominatorAbbr":{"fi":"KOK","sv":"Saml","en":"NCP"}},{"age":30,"advanceVotesPercent":0.0,"lastname":"Pesonen","occupation":"turkistarhaaja","advanceVotes":0,"npid":6,"totalVotes":13,"spid":1,"abbr":"KESK","municipalCouncilor":false,"muid":52,"alid":4,"firstname":"Sami","electionDayVotes":13,"pid":"2","finalPosition":0,"electedInformation":"ON_SUBSTITUTE_PLACE","totalVotesPercent":1.0,"nominatorName":{"fi":"Suomen Keskusta","sv":"Centern i Finland","en":"Centre Party of Finland"},"caid":36,"position":0,"gender":"1","comparisonData":{"totalVotes":0,"votesTotalChange":13},"edid":10,"comparativeIndex":0.0,"electionDayVotesPercent":1.7,"nominatorAbbr":{"fi":"KESK","sv":"C","en":"CENT"}},{"age":51,"advanceVotesPercent":1.3,"lastname":"Joutsen","occupation":"pääluottamusmies","advanceVotes":7,"npid":2,"totalVotes":12,"spid":4,"abbr":"SDP","municipalCouncilor":false,"muid":52,"alid":2,"firstname":"Vesa","electionDayVotes":5,"pid":"1","finalPosition":0,"electedInformation":"NOT_ELECTED","totalVotesPercent":0.9,"nominatorName":{"fi":"Suomen Sosialidemokraattinen Puolue","sv":"Finlands Socialdemokratiska Parti","en":"The Finnish Social Democratic Party"},"caid":7,"position":0,"gender":"1","comparisonData":{"totalVotes":0,"votesTotalChange":12},"edid":10,"comparativeIndex":0.0,"electionDayVotesPercent":0.6,"nominatorAbbr":{"fi":"SDP","sv":"SDP","en":"SDP"}},{"age":71,"advanceVotesPercent":1.3,"lastname":"Sulkakoski","occupation":"eläkeläinen","advanceVotes":7,"npid":6,"totalVotes":12,"spid":1,"abbr":"KESK","municipalCouncilor":false,"muid":52,"alid":4,"firstname":"Sirkka","electionDayVotes":5,"pid":"2","finalPosition":0,"electedInformation":"ON_SUBSTITUTE_PLACE","totalVotesPercent":0.9,"nominatorName":{"fi":"Suomen Keskusta","sv":"Centern i Finland","en":"Centre Party of Finland"},"caid":39,"position":0,"gender":"2","comparisonData":{"totalVotes":0,"votesTotalChange":12},"edid":10,"comparativeIndex":0.0,"electionDayVotesPercent":0.6,"nominatorAbbr":{"fi":"KESK","sv":"C","en":"CENT"}},{"age":63,"advanceVotesPercent":1.3,"lastname":"Niemissalo","occupation":"eläkeläinen, opettaja","advanceVotes":7,"npid":6,"totalVotes":11,"spid":1,"abbr":"KESK","municipalCouncilor":false,"muid":52,"alid":4,"firstname":"Juha","electionDayVotes":4,"pid":"2","finalPosition":0,"electedInformation":"ON_SUBSTITUTE_PLACE","totalVotesPercent":0.8,"nominatorName":{"fi":"Suomen Keskusta","sv":"Centern i Finland","en":"Centre Party of Finland"},"caid":34,"position":0,"gender":"1","comparisonData":{"totalVotes":8,"votesTotalChange":3},"edid":10,"comparativeIndex":0.0,"electionDayVotesPercent":0.5,"nominatorAbbr":{"fi":"KESK","sv":"C","en":"CENT"}},{"age":35,"advanceVotesPercent":0.4,"lastname":"Ahola","occupation":"muovityöntekijä","advanceVotes":2,"npid":1,"totalVotes":10,"spid":3,"abbr":"PS","municipalCouncilor":false,"muid":52,"alid":1,"firstname":"Marika","electionDayVotes":8,"pid":"23","finalPosition":0,"electedInformation":"NOT_ELECTED","totalVotesPercent":0.8,"nominatorName":{"fi":"Perussuomalaiset","sv":"Sannfinländarna","en":"The Finns Party"},"caid":2,"position":0,"gender":"2","comparisonData":{"totalVotes":0,"votesTotalChange":10},"edid":10,"comparativeIndex":0.0,"electionDayVotesPercent":1.0,"nominatorAbbr":{"fi":"PS","sv":"Sannf","en":"FINNS"}},{"age":36,"advanceVotesPercent":0.6,"lastname":"Joensuu","occupation":"koulunkäynninohjaaja","advanceVotes":3,"npid":6,"totalVotes":7,"spid":1,"abbr":"KESK","municipalCouncilor":false,"muid":52,"alid":4,"firstname":"Heidi","electionDayVotes":4,"pid":"2","finalPosition":0,"electedInformation":"ON_SUBSTITUTE_PLACE","totalVotesPercent":0.5,"nominatorName":{"fi":"Suomen Keskusta","sv":"Centern i Finland","en":"Centre Party of Finland"},"caid":24,"position":0,"gender":"2","comparisonData":{"totalVotes":9,"votesTotalChange":-2},"edid":10,"comparativeIndex":0.0,"electionDayVotesPercent":0.5,"nominatorAbbr":{"fi":"KESK","sv":"C","en":"CENT"}},{"age":19,"advanceVotesPercent":0.6,"lastname":"Mäkinen","occupation":"lähihoitaja","advanceVotes":3,"npid":6,"totalVotes":6,"spid":1,"abbr":"KESK","municipalCouncilor":false,"muid":52,"alid":4,"firstname":"Pauliina","electionDayVotes":3,"pid":"2","finalPosition":0,"electedInformation":"ON_SUBSTITUTE_PLACE","totalVotesPercent":0.5,"nominatorName":{"fi":"Suomen Keskusta","sv":"Centern i Finland","en":"Centre Party of Finland"},"caid":31,"position":0,"gender":"2","comparisonData":{"totalVotes":0,"votesTotalChange":6},"edid":10,"comparativeIndex":0.0,"electionDayVotesPercent":0.4,"nominatorAbbr":{"fi":"KESK","sv":"C","en":"CENT"}},{"age":32,"advanceVotesPercent":0.4,"lastname":"Kultalahti","occupation":"suurtalouskokki, kotiäiti","advanceVotes":2,"npid":1,"totalVotes":5,"spid":3,"abbr":"PS","municipalCouncilor":false,"muid":52,"alid":1,"firstname":"Anni","electionDayVotes":3,"pid":"23","finalPosition":0,"electedInformation":"NOT_ELECTED","totalVotesPercent":0.4,"nominatorName":{"fi":"Perussuomalaiset","sv":"Sannfinländarna","en":"The Finns Party"},"caid":3,"position":0,"gender":"2","comparisonData":{"totalVotes":0,"votesTotalChange":5},"edid":10,"comparativeIndex":0.0,"electionDayVotesPercent":0.4,"nominatorAbbr":{"fi":"PS","sv":"Sannf","en":"FINNS"}},{"age":43,"advanceVotesPercent":0.4,"lastname":"Välikangas","occupation":"lähihoitajaopiskelija","advanceVotes":2,"npid":1,"totalVotes":4,"spid":3,"abbr":"PS","municipalCouncilor":false,"muid":52,"alid":1,"firstname":"Maria","electionDayVotes":2,"pid":"23","finalPosition":0,"electedInformation":"NOT_ELECTED","totalVotesPercent":0.3,"nominatorName":{"fi":"Perussuomalaiset","sv":"Sannfinländarna","en":"The Finns Party"},"caid":5,"position":0,"gender":"2","comparisonData":{"totalVotes":0,"votesTotalChange":4},"edid":10,"comparativeIndex":0.0,"electionDayVotesPercent":0.3,"nominatorAbbr":{"fi":"PS","sv":"Sannf","en":"FINNS"}},{"age":65,"advanceVotesPercent":0.2,"lastname":"Ranta-aho","occupation":"maanviljelijä, eläkeläinen","advanceVotes":1,"npid":1,"totalVotes":2,"spid":3,"abbr":"PS","municipalCouncilor":false,"muid":52,"alid":1,"firstname":"Pirjo","electionDayVotes":1,"pid":"23","finalPosition":0,"electedInformation":"NOT_ELECTED","totalVotesPercent":0.2,"nominatorName":{"fi":"Perussuomalaiset","sv":"Sannfinländarna","en":"The Finns Party"},"caid":4,"position":0,"gender":"2","comparisonData":{"totalVotes":0,"votesTotalChange":2},"edid":10,"comparativeIndex":0.0,"electionDayVotesPercent":0.1,"nominatorAbbr":{"fi":"PS","sv":"Sannf","en":"FINNS"}}],"municipalityPollingDistricts":[{"name":{"fi":"Evijärvi","sv":"Evijärvi"},"calculationStatusPercent":100.0,"joinedArea":false,"muid":52,"totalVotingInFinlandTurnout":64.6,"identification":"001","pdid":"001","eligibleVotersInFinlandTotal":2037,"edid":10,"mergedToPdid":""}],"municipality":{"muid":52,"edid":10,"name":{"fi":"Evijärvi","sv":"Evijärvi"}}}