{"version":20,"created":"2017-04-09T18:27:34.548Z","electionDetails":{"electionId":"kv2017","electionDate":"2017-04-09T00:00:00.000Z","electionDataPublishTime":"2017-04-09T17:00:00.000Z","name":{"fi":"Kuntavaalit 2017","sv":"Kommunalval 2017","en":"Elections 2017"},"previousElections":{"correspondingCompareElection":{"electionId":"kv2012","electionDate":"2012-10-28T00:00:00.000Z","name":{"fi":"Kuntavaalit 2012","en":"Municipal elections 2012","sv":"Kommunalval 2012"}},"otherCompareElection":{"electionId":"ev2015","electionDate":"2015-04-19T00:00:00.000Z","name":{"fi":"Eduskuntavaalit 2015","en":"Parliamentary election 2015","sv":"Riksdagsval 2015"}}}},"calculationStatus":{"electionDayVotingTurnout":28.0,"invalidAdvanceVotes":3,"calculationPhase":"INITIAL","invalidElectionDayVotes":3,"approvedAdvanceVotes":281,"advanceVotingTurnout":30.8,"totalVotingTurnoutAbroad":0.0,"name":{"fi":"Saivikkala","sv":"Saivikkala"},"calculationStatusPercent":100.0,"advanceVotes":284,"electionDayVotingTurnoutAbroad":0.0,"approvedTotalVotes":536,"totalVotes":542,"muid":489,"totalVotingInFinlandTurnout":58.8,"advanceVotingTurnoutAbroad":0.0,"invalidTotalVotes":6,"totalVotingTurnout":58.8,"electionDayVotes":258,"electionDayVotesInFinland":258,"pdid":"002","totalVotesInFinlandMen":0,"eligibleVotersInFinlandTotal":921,"calculationStatusPercentElectionDayVotes":100.0,"sourceRecordModificationTime":"20170409204137","otherCompareElection":{"eid":"","eligibleVotersInFinlandTotal":0,"advanceVotingInFinlandTurnout":0.0,"electionDayVotingInFinlandTurnout":0.0,"totalVotingInFinlandTurnout":0.0,"approvedVotesTotal":0,"invalidVotesTotal":0},"correspondingCompareElection":{"eid":"","eligibleVotersInFinlandTotal":0,"advanceVotingInFinlandTurnout":0.0,"electionDayVotingInFinlandTurnout":0.0,"totalVotingInFinlandTurnout":0.0,"approvedVotesTotal":0,"invalidVotesTotal":0,"seats":0},"approvedElectionDayVotes":255,"edid":8,"calculationStatusPercentAdvanceVotes":100.0,"electionDayVotingInFinlandTurnout":28.0,"seats":0,"eligibleVotersTotal":921,"advanceVotesInFinland":284,"advanceVotingInFinlandTurnout":30.8,"totalVotesInFinland":542},"partyResults":[{"advanceVotesPercent":56.9,"name":{"fi":"Suomen Keskusta","sv":"Centern i Finland","en":"Centre Party of Finland"},"advanceVotes":160,"npid":1,"totalVotes":326,"spid":1,"abbr":{"fi":"KESK","sv":"C","en":"CENT"},"alid":1,"electionDayVotes":166,"pid":"2","totalVotesPercent":60.8,"nominatorName":{"fi":"Suomen Keskusta","sv":"Centern i Finland","en":"Centre Party of Finland"},"compareData":{"otherCompareElection":{"votesTotalChange":0,"votesTotalPercentChange":0.0,"votesTotal":326,"votesTotalPercent":60.8},"correspondingCompareElection":{"votesTotalChange":0,"votesTotalPercentChange":0.0,"seatChange":0,"votesTotal":326,"votesTotalPercent":60.8,"seatsTotal":0}},"seats":0,"electionDayVotesPercent":65.1,"nominatorAbbr":{"fi":"KESK","sv":"C","en":"CENT"}},{"advanceVotesPercent":29.9,"name":{"fi":"Kansallinen Kokoomus","sv":"Samlingspartiet","en":"National Coalition Party"},"advanceVotes":84,"npid":3,"totalVotes":159,"spid":2,"abbr":{"fi":"KOK","sv":"Saml","en":"NCP"},"alid":3,"electionDayVotes":75,"pid":"4","totalVotesPercent":29.7,"nominatorName":{"fi":"Kansallinen Kokoomus","sv":"Samlingspartiet","en":"National Coalition Party"},"compareData":{"otherCompareElection":{"votesTotalChange":0,"votesTotalPercentChange":0.0,"votesTotal":159,"votesTotalPercent":29.7},"correspondingCompareElection":{"votesTotalChange":0,"votesTotalPercentChange":0.0,"seatChange":0,"votesTotal":159,"votesTotalPercent":29.7,"seatsTotal":0}},"seats":0,"electionDayVotesPercent":29.4,"nominatorAbbr":{"fi":"KOK","sv":"Saml","en":"NCP"}},{"advanceVotesPercent":13.2,"name":{"fi":"Suomen Sosialidemokraattinen Puolue","sv":"Finlands Socialdemokratiska Parti","en":"The Finnish Social Democratic Party"},"advanceVotes":37,"npid":2,"totalVotes":51,"spid":4,"abbr":{"fi":"SDP","sv":"SDP","en":"SDP"},"alid":2,"electionDayVotes":14,"pid":"1","totalVotesPercent":9.5,"nominatorName":{"fi":"Suomen Sosialidemokraattinen Puolue","sv":"Finlands Socialdemokratiska Parti","en":"The Finnish Social Democratic Party"},"compareData":{"otherCompareElection":{"votesTotalChange":0,"votesTotalPercentChange":0.0,"votesTotal":51,"votesTotalPercent":9.5},"correspondingCompareElection":{"votesTotalChange":0,"votesTotalPercentChange":0.0,"seatChange":0,"votesTotal":51,"votesTotalPercent":9.5,"seatsTotal":0}},"seats":0,"electionDayVotesPercent":5.5,"nominatorAbbr":{"fi":"SDP","sv":"SDP","en":"SDP"}}],"candidateResults":[{"age":47,"advanceVotesPercent":13.2,"lastname":"Paldan","occupation":"sosiaaliohjaaja","advanceVotes":37,"npid":2,"totalVotes":51,"spid":4,"abbr":"SDP","municipalCouncilor":true,"muid":489,"alid":2,"firstname":"Katja","electionDayVotes":14,"pid":"1","finalPosition":0,"electedInformation":"ELECTED","totalVotesPercent":9.5,"nominatorName":{"fi":"Suomen Sosialidemokraattinen Puolue","sv":"Finlands Socialdemokratiska Parti","en":"The Finnish Social Democratic Party"},"caid":23,"position":0,"gender":"2","comparisonData":{"totalVotes":18,"votesTotalChange":33},"edid":8,"comparativeIndex":0.0,"electionDayVotesPercent":5.5,"nominatorAbbr":{"fi":"SDP","sv":"SDP","en":"SDP"}},{"age":40,"advanceVotesPercent":9.3,"lastname":"Hallikainen","occupation":"artisti","advanceVotes":26,"npid":3,"totalVotes":47,"spid":2,"abbr":"KOK","municipalCouncilor":true,"muid":489,"alid":3,"firstname":"Jukka","electionDayVotes":21,"pid":"4","finalPosition":0,"electedInformation":"ELECTED","totalVotesPercent":8.8,"nominatorName":{"fi":"Kansallinen Kokoomus","sv":"Samlingspartiet","en":"National Coalition Party"},"caid":24,"position":0,"gender":"1","comparisonData":{"totalVotes":47,"votesTotalChange":0},"edid":8,"comparativeIndex":0.0,"electionDayVotesPercent":8.2,"nominatorAbbr":{"fi":"KOK","sv":"Saml","en":"NCP"}},{"age":59,"advanceVotesPercent":7.5,"lastname":"Alastalo","occupation":"sairaanhoitaja YAMK, mielenterveyspalvelujen esimies","advanceVotes":21,"npid":1,"totalVotes":45,"spid":1,"abbr":"KESK","municipalCouncilor":true,"muid":489,"alid":1,"firstname":"Tarja","electionDayVotes":24,"pid":"2","finalPosition":0,"electedInformation":"ELECTED","totalVotesPercent":8.4,"nominatorName":{"fi":"Suomen Keskusta","sv":"Centern i Finland","en":"Centre Party of Finland"},"caid":2,"position":0,"gender":"2","comparisonData":{"totalVotes":128,"votesTotalChange":-83},"edid":8,"comparativeIndex":0.0,"electionDayVotesPercent":9.4,"nominatorAbbr":{"fi":"KESK","sv":"C","en":"CENT"}},{"age":52,"advanceVotesPercent":6.4,"lastname":"Astola","occupation":"kappalainen, oikeusnotaari","advanceVotes":18,"npid":3,"totalVotes":35,"spid":2,"abbr":"KOK","municipalCouncilor":true,"muid":489,"alid":3,"firstname":"Matti","electionDayVotes":17,"pid":"4","finalPosition":0,"electedInformation":"ELECTED","totalVotesPercent":6.5,"nominatorName":{"fi":"Kansallinen Kokoomus","sv":"Samlingspartiet","en":"National Coalition Party"},"caid":34,"position":0,"gender":"1","comparisonData":{"totalVotes":28,"votesTotalChange":7},"edid":8,"comparativeIndex":0.0,"electionDayVotesPercent":6.7,"nominatorAbbr":{"fi":"KOK","sv":"Saml","en":"NCP"}},{"age":28,"advanceVotesPercent":3.9,"lastname":"Ylä-Kotola","occupation":"linja-autonkuljettaja","advanceVotes":11,"npid":1,"totalVotes":30,"spid":1,"abbr":"KESK","municipalCouncilor":false,"muid":489,"alid":1,"firstname":"Juho","electionDayVotes":19,"pid":"2","finalPosition":0,"electedInformation":"ELECTED","totalVotesPercent":5.6,"nominatorName":{"fi":"Suomen Keskusta","sv":"Centern i Finland","en":"Centre Party of Finland"},"caid":22,"position":0,"gender":"1","comparisonData":{"totalVotes":0,"votesTotalChange":30},"edid":8,"comparativeIndex":0.0,"electionDayVotesPercent":7.5,"nominatorAbbr":{"fi":"KESK","sv":"C","en":"CENT"}},{"age":39,"advanceVotesPercent":3.9,"lastname":"Laapas","occupation":"agrologi AMK","advanceVotes":11,"npid":1,"totalVotes":28,"spid":1,"abbr":"KESK","municipalCouncilor":false,"muid":489,"alid":1,"firstname":"Asko","electionDayVotes":17,"pid":"2","finalPosition":0,"electedInformation":"ELECTED","totalVotesPercent":5.2,"nominatorName":{"fi":"Suomen Keskusta","sv":"Centern i Finland","en":"Centre Party of Finland"},"caid":12,"position":0,"gender":"1","comparisonData":{"totalVotes":0,"votesTotalChange":28},"edid":8,"comparativeIndex":0.0,"electionDayVotesPercent":6.7,"nominatorAbbr":{"fi":"KESK","sv":"C","en":"CENT"}},{"age":61,"advanceVotesPercent":5.7,"lastname":"Kirkkopelto-Pakarinen","occupation":"HSO-sihteeri","advanceVotes":16,"npid":1,"totalVotes":23,"spid":1,"abbr":"KESK","municipalCouncilor":true,"muid":489,"alid":1,"firstname":"Wilma","electionDayVotes":7,"pid":"2","finalPosition":0,"electedInformation":"ELECTED","totalVotesPercent":4.3,"nominatorName":{"fi":"Suomen Keskusta","sv":"Centern i Finland","en":"Centre Party of Finland"},"caid":7,"position":0,"gender":"2","comparisonData":{"totalVotes":40,"votesTotalChange":-17},"edid":8,"comparativeIndex":0.0,"electionDayVotesPercent":2.7,"nominatorAbbr":{"fi":"KESK","sv":"C","en":"CENT"}},{"age":22,"advanceVotesPercent":3.6,"lastname":"Kivelä","occupation":"opiskelija","advanceVotes":10,"npid":1,"totalVotes":22,"spid":1,"abbr":"KESK","municipalCouncilor":false,"muid":489,"alid":1,"firstname":"Annakaisa","electionDayVotes":12,"pid":"2","finalPosition":0,"electedInformation":"ELECTED","totalVotesPercent":4.1,"nominatorName":{"fi":"Suomen Keskusta","sv":"Centern i Finland","en":"Centre Party of Finland"},"caid":8,"position":0,"gender":"2","comparisonData":{"totalVotes":0,"votesTotalChange":22},"edid":8,"comparativeIndex":0.0,"electionDayVotesPercent":4.7,"nominatorAbbr":{"fi":"KESK","sv":"C","en":"CENT"}},{"age":56,"advanceVotesPercent":2.5,"lastname":"Hurtta","occupation":"koneenkuljettaja","advanceVotes":7,"npid":1,"totalVotes":21,"spid":1,"abbr":"KESK","municipalCouncilor":true,"muid":489,"alid":1,"firstname":"Tarmo","electionDayVotes":14,"pid":"2","finalPosition":0,"electedInformation":"ELECTED","totalVotesPercent":3.9,"nominatorName":{"fi":"Suomen Keskusta","sv":"Centern i Finland","en":"Centre Party of Finland"},"caid":4,"position":0,"gender":"1","comparisonData":{"totalVotes":20,"votesTotalChange":1},"edid":8,"comparativeIndex":0.0,"electionDayVotesPercent":5.5,"nominatorAbbr":{"fi":"KESK","sv":"C","en":"CENT"}},{"age":27,"advanceVotesPercent":2.5,"lastname":"Tylli","occupation":"talonrakentaja","advanceVotes":7,"npid":1,"totalVotes":20,"spid":1,"abbr":"KESK","municipalCouncilor":true,"muid":489,"alid":1,"firstname":"Markus","electionDayVotes":13,"pid":"2","finalPosition":0,"electedInformation":"ELECTED","totalVotesPercent":3.7,"nominatorName":{"fi":"Suomen Keskusta","sv":"Centern i Finland","en":"Centre Party of Finland"},"caid":21,"position":0,"gender":"1","comparisonData":{"totalVotes":51,"votesTotalChange":-31},"edid":8,"comparativeIndex":0.0,"electionDayVotesPercent":5.1,"nominatorAbbr":{"fi":"KESK","sv":"C","en":"CENT"}},{"age":50,"advanceVotesPercent":2.5,"lastname":"Tenkanen-Salmela","occupation":"sairaanhoitaja, hoitotyön opettaja TtK","advanceVotes":7,"npid":1,"totalVotes":19,"spid":1,"abbr":"KESK","municipalCouncilor":true,"muid":489,"alid":1,"firstname":"Riitta","electionDayVotes":12,"pid":"2","finalPosition":0,"electedInformation":"ELECTED","totalVotesPercent":3.5,"nominatorName":{"fi":"Suomen Keskusta","sv":"Centern i Finland","en":"Centre Party of Finland"},"caid":20,"position":0,"gender":"2","comparisonData":{"totalVotes":21,"votesTotalChange":-2},"edid":8,"comparativeIndex":0.0,"electionDayVotesPercent":4.7,"nominatorAbbr":{"fi":"KESK","sv":"C","en":"CENT"}},{"age":63,"advanceVotesPercent":4.3,"lastname":"Pakkanen","occupation":"eläkeläinen","advanceVotes":12,"npid":1,"totalVotes":17,"spid":1,"abbr":"KESK","municipalCouncilor":true,"muid":489,"alid":1,"firstname":"Raimo","electionDayVotes":5,"pid":"2","finalPosition":0,"electedInformation":"ELECTED","totalVotesPercent":3.2,"nominatorName":{"fi":"Suomen Keskusta","sv":"Centern i Finland","en":"Centre Party of Finland"},"caid":13,"position":0,"gender":"1","comparisonData":{"totalVotes":41,"votesTotalChange":-24},"edid":8,"comparativeIndex":0.0,"electionDayVotesPercent":2.0,"nominatorAbbr":{"fi":"KESK","sv":"C","en":"CENT"}},{"age":23,"advanceVotesPercent":3.2,"lastname":"Suoknuuti","occupation":"opiskelija","advanceVotes":9,"npid":1,"totalVotes":17,"spid":1,"abbr":"KESK","municipalCouncilor":false,"muid":489,"alid":1,"firstname":"Mikko","electionDayVotes":8,"pid":"2","finalPosition":0,"electedInformation":"ON_SUBSTITUTE_PLACE","totalVotesPercent":3.2,"nominatorName":{"fi":"Suomen Keskusta","sv":"Centern i Finland","en":"Centre Party of Finland"},"caid":18,"position":0,"gender":"1","comparisonData":{"totalVotes":0,"votesTotalChange":17},"edid":8,"comparativeIndex":0.0,"electionDayVotesPercent":3.1,"nominatorAbbr":{"fi":"KESK","sv":"C","en":"CENT"}},{"age":41,"advanceVotesPercent":1.4,"lastname":"Korpela","occupation":"yrittäjä","advanceVotes":4,"npid":1,"totalVotes":15,"spid":1,"abbr":"KESK","municipalCouncilor":false,"muid":489,"alid":1,"firstname":"Marko","electionDayVotes":11,"pid":"2","finalPosition":0,"electedInformation":"ELECTED","totalVotesPercent":2.8,"nominatorName":{"fi":"Suomen Keskusta","sv":"Centern i Finland","en":"Centre Party of Finland"},"caid":10,"position":0,"gender":"1","comparisonData":{"totalVotes":0,"votesTotalChange":15},"edid":8,"comparativeIndex":0.0,"electionDayVotesPercent":4.3,"nominatorAbbr":{"fi":"KESK","sv":"C","en":"CENT"}},{"age":35,"advanceVotesPercent":1.8,"lastname":"Kirppu","occupation":"maanviljelijä","advanceVotes":5,"npid":3,"totalVotes":15,"spid":2,"abbr":"KOK","municipalCouncilor":true,"muid":489,"alid":3,"firstname":"Eetu","electionDayVotes":10,"pid":"4","finalPosition":0,"electedInformation":"ELECTED","totalVotesPercent":2.8,"nominatorName":{"fi":"Kansallinen Kokoomus","sv":"Samlingspartiet","en":"National Coalition Party"},"caid":26,"position":0,"gender":"1","comparisonData":{"totalVotes":29,"votesTotalChange":-14},"edid":8,"comparativeIndex":0.0,"electionDayVotesPercent":3.9,"nominatorAbbr":{"fi":"KOK","sv":"Saml","en":"NCP"}},{"age":26,"advanceVotesPercent":2.8,"lastname":"Vanhala","occupation":"kirjanpitäjä","advanceVotes":8,"npid":3,"totalVotes":14,"spid":2,"abbr":"KOK","municipalCouncilor":false,"muid":489,"alid":3,"firstname":"Antti","electionDayVotes":6,"pid":"4","finalPosition":0,"electedInformation":"ON_SUBSTITUTE_PLACE","totalVotesPercent":2.6,"nominatorName":{"fi":"Kansallinen Kokoomus","sv":"Samlingspartiet","en":"National Coalition Party"},"caid":32,"position":0,"gender":"1","comparisonData":{"totalVotes":0,"votesTotalChange":14},"edid":8,"comparativeIndex":0.0,"electionDayVotesPercent":2.4,"nominatorAbbr":{"fi":"KOK","sv":"Saml","en":"NCP"}},{"age":50,"advanceVotesPercent":3.2,"lastname":"Heinonen","occupation":"maatalousyrittäjä","advanceVotes":9,"npid":1,"totalVotes":11,"spid":1,"abbr":"KESK","municipalCouncilor":true,"muid":489,"alid":1,"firstname":"Jari","electionDayVotes":2,"pid":"2","finalPosition":0,"electedInformation":"ELECTED","totalVotesPercent":2.1,"nominatorName":{"fi":"Suomen Keskusta","sv":"Centern i Finland","en":"Centre Party of Finland"},"caid":3,"position":0,"gender":"1","comparisonData":{"totalVotes":58,"votesTotalChange":-47},"edid":8,"comparativeIndex":0.0,"electionDayVotesPercent":0.8,"nominatorAbbr":{"fi":"KESK","sv":"C","en":"CENT"}},{"age":49,"advanceVotesPercent":2.1,"lastname":"Husu","occupation":"sairaanhoitaja","advanceVotes":6,"npid":1,"totalVotes":11,"spid":1,"abbr":"KESK","municipalCouncilor":true,"muid":489,"alid":1,"firstname":"Sirpa","electionDayVotes":5,"pid":"2","finalPosition":0,"electedInformation":"ELECTED","totalVotesPercent":2.1,"nominatorName":{"fi":"Suomen Keskusta","sv":"Centern i Finland","en":"Centre Party of Finland"},"caid":5,"position":0,"gender":"2","comparisonData":{"totalVotes":33,"votesTotalChange":-22},"edid":8,"comparativeIndex":0.0,"electionDayVotesPercent":2.0,"nominatorAbbr":{"fi":"KESK","sv":"C","en":"CENT"}},{"age":70,"advanceVotesPercent":2.5,"lastname":"Ruoppa","occupation":"maanviljelijä, eläkeläinen","advanceVotes":7,"npid":1,"totalVotes":11,"spid":1,"abbr":"KESK","municipalCouncilor":true,"muid":489,"alid":1,"firstname":"Pekka","electionDayVotes":4,"pid":"2","finalPosition":0,"electedInformation":"ON_SUBSTITUTE_PLACE","totalVotesPercent":2.1,"nominatorName":{"fi":"Suomen Keskusta","sv":"Centern i Finland","en":"Centre Party of Finland"},"caid":17,"position":0,"gender":"1","comparisonData":{"totalVotes":33,"votesTotalChange":-22},"edid":8,"comparativeIndex":0.0,"electionDayVotesPercent":1.6,"nominatorAbbr":{"fi":"KESK","sv":"C","en":"CENT"}},{"age":68,"advanceVotesPercent":2.5,"lastname":"Kataikko","occupation":"eläkeläinen","advanceVotes":7,"npid":1,"totalVotes":10,"spid":1,"abbr":"KESK","municipalCouncilor":true,"muid":489,"alid":1,"firstname":"Leena","electionDayVotes":3,"pid":"2","finalPosition":0,"electedInformation":"ELECTED","totalVotesPercent":1.9,"nominatorName":{"fi":"Suomen Keskusta","sv":"Centern i Finland","en":"Centre Party of Finland"},"caid":6,"position":0,"gender":"2","comparisonData":{"totalVotes":44,"votesTotalChange":-34},"edid":8,"comparativeIndex":0.0,"electionDayVotesPercent":1.2,"nominatorAbbr":{"fi":"KESK","sv":"C","en":"CENT"}},{"age":57,"advanceVotesPercent":2.1,"lastname":"Rikkola","occupation":"maatalousyrittäjä","advanceVotes":6,"npid":1,"totalVotes":9,"spid":1,"abbr":"KESK","municipalCouncilor":true,"muid":489,"alid":1,"firstname":"Riitta","electionDayVotes":3,"pid":"2","finalPosition":0,"electedInformation":"ELECTED","totalVotesPercent":1.7,"nominatorName":{"fi":"Suomen Keskusta","sv":"Centern i Finland","en":"Centre Party of Finland"},"caid":15,"position":0,"gender":"2","comparisonData":{"totalVotes":44,"votesTotalChange":-35},"edid":8,"comparativeIndex":0.0,"electionDayVotesPercent":1.2,"nominatorAbbr":{"fi":"KESK","sv":"C","en":"CENT"}},{"age":46,"advanceVotesPercent":1.8,"lastname":"Mäkelä","occupation":"yrittäjä","advanceVotes":5,"npid":3,"totalVotes":9,"spid":2,"abbr":"KOK","municipalCouncilor":false,"muid":489,"alid":3,"firstname":"Piia","electionDayVotes":4,"pid":"4","finalPosition":0,"electedInformation":"ON_SUBSTITUTE_PLACE","totalVotesPercent":1.7,"nominatorName":{"fi":"Kansallinen Kokoomus","sv":"Samlingspartiet","en":"National Coalition Party"},"caid":29,"position":0,"gender":"2","comparisonData":{"totalVotes":0,"votesTotalChange":9},"edid":8,"comparativeIndex":0.0,"electionDayVotesPercent":1.6,"nominatorAbbr":{"fi":"KOK","sv":"Saml","en":"NCP"}},{"age":53,"advanceVotesPercent":1.4,"lastname":"Törönen","occupation":"lähihoitaja, yrittäjä","advanceVotes":4,"npid":3,"totalVotes":9,"spid":2,"abbr":"KOK","municipalCouncilor":false,"muid":489,"alid":3,"firstname":"Katriina","electionDayVotes":5,"pid":"4","finalPosition":0,"electedInformation":"ON_SUBSTITUTE_PLACE","totalVotesPercent":1.7,"nominatorName":{"fi":"Kansallinen Kokoomus","sv":"Samlingspartiet","en":"National Coalition Party"},"caid":31,"position":0,"gender":"2","comparisonData":{"totalVotes":0,"votesTotalChange":9},"edid":8,"comparativeIndex":0.0,"electionDayVotesPercent":2.0,"nominatorAbbr":{"fi":"KOK","sv":"Saml","en":"NCP"}},{"age":52,"advanceVotesPercent":0.7,"lastname":"Kärhä","occupation":"kapteeni evp","advanceVotes":2,"npid":1,"totalVotes":7,"spid":1,"abbr":"KESK","municipalCouncilor":false,"muid":489,"alid":1,"firstname":"Ismo","electionDayVotes":5,"pid":"2","finalPosition":0,"electedInformation":"ELECTED","totalVotesPercent":1.3,"nominatorName":{"fi":"Suomen Keskusta","sv":"Centern i Finland","en":"Centre Party of Finland"},"caid":11,"position":0,"gender":"1","comparisonData":{"totalVotes":0,"votesTotalChange":7},"edid":8,"comparativeIndex":0.0,"electionDayVotesPercent":2.0,"nominatorAbbr":{"fi":"KESK","sv":"C","en":"CENT"}},{"age":69,"advanceVotesPercent":2.1,"lastname":"Oikarinen","occupation":"eläkeläinen","advanceVotes":6,"npid":3,"totalVotes":7,"spid":2,"abbr":"KOK","municipalCouncilor":false,"muid":489,"alid":3,"firstname":"Toini","electionDayVotes":1,"pid":"4","finalPosition":0,"electedInformation":"ON_SUBSTITUTE_PLACE","totalVotesPercent":1.3,"nominatorName":{"fi":"Kansallinen Kokoomus","sv":"Samlingspartiet","en":"National Coalition Party"},"caid":33,"position":0,"gender":"2","comparisonData":{"totalVotes":5,"votesTotalChange":2},"edid":8,"comparativeIndex":0.0,"electionDayVotesPercent":0.4,"nominatorAbbr":{"fi":"KOK","sv":"Saml","en":"NCP"}},{"age":50,"advanceVotesPercent":2.1,"lastname":"Suomalainen","occupation":"laskentaekonomi","advanceVotes":6,"npid":3,"totalVotes":6,"spid":2,"abbr":"KOK","municipalCouncilor":true,"muid":489,"alid":3,"firstname":"Tuula","electionDayVotes":0,"pid":"4","finalPosition":0,"electedInformation":"ELECTED","totalVotesPercent":1.1,"nominatorName":{"fi":"Kansallinen Kokoomus","sv":"Samlingspartiet","en":"National Coalition Party"},"caid":25,"position":0,"gender":"2","comparisonData":{"totalVotes":26,"votesTotalChange":-20},"edid":8,"comparativeIndex":0.0,"electionDayVotesPercent":0.0,"nominatorAbbr":{"fi":"KOK","sv":"Saml","en":"NCP"}},{"age":44,"advanceVotesPercent":0.7,"lastname":"Oikarinen","occupation":"tulliylitarkastaja","advanceVotes":2,"npid":3,"totalVotes":6,"spid":2,"abbr":"KOK","municipalCouncilor":false,"muid":489,"alid":3,"firstname":"Petri","electionDayVotes":4,"pid":"4","finalPosition":0,"electedInformation":"NOT_ELECTED","totalVotesPercent":1.1,"nominatorName":{"fi":"Kansallinen Kokoomus","sv":"Samlingspartiet","en":"National Coalition Party"},"caid":37,"position":0,"gender":"1","comparisonData":{"totalVotes":17,"votesTotalChange":-11},"edid":8,"comparativeIndex":0.0,"electionDayVotesPercent":1.6,"nominatorAbbr":{"fi":"KOK","sv":"Saml","en":"NCP"}},{"age":49,"advanceVotesPercent":1.1,"lastname":"Jokimies","occupation":"yrittäjä","advanceVotes":3,"npid":3,"totalVotes":5,"spid":2,"abbr":"KOK","municipalCouncilor":false,"muid":489,"alid":3,"firstname":"Riku","electionDayVotes":2,"pid":"4","finalPosition":0,"electedInformation":"ON_SUBSTITUTE_PLACE","totalVotesPercent":0.9,"nominatorName":{"fi":"Kansallinen Kokoomus","sv":"Samlingspartiet","en":"National Coalition Party"},"caid":35,"position":0,"gender":"1","comparisonData":{"totalVotes":16,"votesTotalChange":-11},"edid":8,"comparativeIndex":0.0,"electionDayVotesPercent":0.8,"nominatorAbbr":{"fi":"KOK","sv":"Saml","en":"NCP"}},{"age":46,"advanceVotesPercent":1.1,"lastname":"Roine","occupation":"maatalouslomittaja","advanceVotes":3,"npid":1,"totalVotes":4,"spid":1,"abbr":"KESK","municipalCouncilor":false,"muid":489,"alid":1,"firstname":"Tonja","electionDayVotes":1,"pid":"2","finalPosition":0,"electedInformation":"ON_SUBSTITUTE_PLACE","totalVotesPercent":0.7,"nominatorName":{"fi":"Suomen Keskusta","sv":"Centern i Finland","en":"Centre Party of Finland"},"caid":16,"position":0,"gender":"2","comparisonData":{"totalVotes":0,"votesTotalChange":4},"edid":8,"comparativeIndex":0.0,"electionDayVotesPercent":0.4,"nominatorAbbr":{"fi":"KESK","sv":"C","en":"CENT"}},{"age":41,"advanceVotesPercent":0.7,"lastname":"Taina","occupation":"kotiäiti, yrittäjä","advanceVotes":2,"npid":1,"totalVotes":3,"spid":1,"abbr":"KESK","municipalCouncilor":true,"muid":489,"alid":1,"firstname":"Kati","electionDayVotes":1,"pid":"2","finalPosition":0,"electedInformation":"ON_SUBSTITUTE_PLACE","totalVotesPercent":0.6,"nominatorName":{"fi":"Suomen Keskusta","sv":"Centern i Finland","en":"Centre Party of Finland"},"caid":19,"position":0,"gender":"2","comparisonData":{"totalVotes":33,"votesTotalChange":-30},"edid":8,"comparativeIndex":0.0,"electionDayVotesPercent":0.4,"nominatorAbbr":{"fi":"KESK","sv":"C","en":"CENT"}},{"age":32,"advanceVotesPercent":0.4,"lastname":"Harju","occupation":"hanketyöntekijä","advanceVotes":1,"npid":3,"totalVotes":3,"spid":2,"abbr":"KOK","municipalCouncilor":false,"muid":489,"alid":3,"firstname":"Noora","electionDayVotes":2,"pid":"4","finalPosition":0,"electedInformation":"NOT_ELECTED","totalVotesPercent":0.6,"nominatorName":{"fi":"Kansallinen Kokoomus","sv":"Samlingspartiet","en":"National Coalition Party"},"caid":27,"position":0,"gender":"2","comparisonData":{"totalVotes":0,"votesTotalChange":3},"edid":8,"comparativeIndex":0.0,"electionDayVotesPercent":0.8,"nominatorAbbr":{"fi":"KOK","sv":"Saml","en":"NCP"}},{"age":37,"advanceVotesPercent":0.0,"lastname":"Korpela","occupation":"koneenhoitaja","advanceVotes":0,"npid":3,"totalVotes":3,"spid":2,"abbr":"KOK","municipalCouncilor":false,"muid":489,"alid":3,"firstname":"Jani","electionDayVotes":3,"pid":"4","finalPosition":0,"electedInformation":"ELECTED","totalVotesPercent":0.6,"nominatorName":{"fi":"Kansallinen Kokoomus","sv":"Samlingspartiet","en":"National Coalition Party"},"caid":30,"position":0,"gender":"1","comparisonData":{"totalVotes":0,"votesTotalChange":3},"edid":8,"comparativeIndex":0.0,"electionDayVotesPercent":1.2,"nominatorAbbr":{"fi":"KOK","sv":"Saml","en":"NCP"}},{"age":72,"advanceVotesPercent":0.7,"lastname":"Korpela","occupation":"yrittäjä, eläkeläinen","advanceVotes":2,"npid":1,"totalVotes":2,"spid":1,"abbr":"KESK","municipalCouncilor":true,"muid":489,"alid":1,"firstname":"Markku","electionDayVotes":0,"pid":"2","finalPosition":0,"electedInformation":"ON_SUBSTITUTE_PLACE","totalVotesPercent":0.4,"nominatorName":{"fi":"Suomen Keskusta","sv":"Centern i Finland","en":"Centre Party of Finland"},"caid":9,"position":0,"gender":"1","comparisonData":{"totalVotes":24,"votesTotalChange":-22},"edid":8,"comparativeIndex":0.0,"electionDayVotesPercent":0.0,"nominatorAbbr":{"fi":"KESK","sv":"C","en":"CENT"}},{"age":38,"advanceVotesPercent":0.4,"lastname":"Rikkola","occupation":"hotellivirkailija","advanceVotes":1,"npid":1,"totalVotes":1,"spid":1,"abbr":"KESK","municipalCouncilor":false,"muid":489,"alid":1,"firstname":"Kaisa","electionDayVotes":0,"pid":"2","finalPosition":0,"electedInformation":"ON_SUBSTITUTE_PLACE","totalVotesPercent":0.2,"nominatorName":{"fi":"Suomen Keskusta","sv":"Centern i Finland","en":"Centre Party of Finland"},"caid":14,"position":0,"gender":"2","comparisonData":{"totalVotes":0,"votesTotalChange":1},"edid":8,"comparativeIndex":0.0,"electionDayVotesPercent":0.0,"nominatorAbbr":{"fi":"KESK","sv":"C","en":"CENT"}},{"age":41,"advanceVotesPercent":0.0,"lastname":"Aho","occupation":"autonkuljettaja","advanceVotes":0,"npid":3,"totalVotes":0,"spid":2,"abbr":"KOK","municipalCouncilor":false,"muid":489,"alid":3,"firstname":"Jani","electionDayVotes":0,"pid":"4","finalPosition":0,"electedInformation":"NOT_ELECTED","totalVotesPercent":0.0,"nominatorName":{"fi":"Kansallinen Kokoomus","sv":"Samlingspartiet","en":"National Coalition Party"},"caid":28,"position":0,"gender":"1","comparisonData":{"totalVotes":0,"votesTotalChange":0},"edid":8,"comparativeIndex":0.0,"electionDayVotesPercent":0.0,"nominatorAbbr":{"fi":"KOK","sv":"Saml","en":"NCP"}},{"age":69,"advanceVotesPercent":0.0,"lastname":"Myllymäki","occupation":"eläkeläinen","advanceVotes":0,"npid":3,"totalVotes":0,"spid":2,"abbr":"KOK","municipalCouncilor":false,"muid":489,"alid":3,"firstname":"Tenho","electionDayVotes":0,"pid":"4","finalPosition":0,"electedInformation":"NOT_ELECTED","totalVotesPercent":0.0,"nominatorName":{"fi":"Kansallinen Kokoomus","sv":"Samlingspartiet","en":"National Coalition Party"},"caid":36,"position":0,"gender":"1","comparisonData":{"totalVotes":11,"votesTotalChange":-11},"edid":8,"comparativeIndex":0.0,"electionDayVotesPercent":0.0,"nominatorAbbr":{"fi":"KOK","sv":"Saml","en":"NCP"}}],"municipalityPollingDistricts":[{"name":{"fi":"Muurikkala","sv":"Muurikkala"},"calculationStatusPercent":100.0,"joinedArea":true,"muid":489,"totalVotingInFinlandTurnout":55.4,"identification":"001","pdid":"001","eligibleVotersInFinlandTotal":242,"edid":8,"mergedToPdid":""},{"name":{"fi":"Saivikkala","sv":"Saivikkala"},"calculationStatusPercent":100.0,"joinedArea":false,"muid":489,"totalVotingInFinlandTurnout":58.8,"identification":"002","pdid":"002","eligibleVotersInFinlandTotal":921,"edid":8,"mergedToPdid":""},{"name":{"fi":"Suur-Miehikkälä","sv":"Suur-Miehikkälä"},"calculationStatusPercent":100.0,"joinedArea":false,"muid":489,"totalVotingInFinlandTurnout":66.5,"identification":"003","pdid":"003","eligibleVotersInFinlandTotal":564,"edid":8,"mergedToPdid":""}],"municipality":{"muid":489,"edid":8,"name":{"fi":"Miehikkälä","sv":"Miehikkälä"}}}