{"version":50,"created":"2017-04-09T20:57:44.383Z","electionDetails":{"electionId":"kv2017","electionDate":"2017-04-09T00:00:00.000Z","electionDataPublishTime":"2017-04-09T17:00:00.000Z","name":{"fi":"Kuntavaalit 2017","sv":"Kommunalval 2017","en":"Elections 2017"},"previousElections":{"correspondingCompareElection":{"electionId":"kv2012","electionDate":"2012-10-28T00:00:00.000Z","name":{"fi":"Kuntavaalit 2012","en":"Municipal elections 2012","sv":"Kommunalval 2012"}},"otherCompareElection":{"electionId":"ev2015","electionDate":"2015-04-19T00:00:00.000Z","name":{"fi":"Eduskuntavaalit 2015","en":"Parliamentary election 2015","sv":"Riksdagsval 2015"}}}},"calculationStatus":{"electionDayVotingTurnout":24.9,"invalidAdvanceVotes":3,"calculationPhase":"INITIAL","invalidElectionDayVotes":2,"approvedAdvanceVotes":256,"advanceVotingTurnout":31.2,"totalVotingTurnoutAbroad":0.0,"name":{"fi":"Naapurinvaara","sv":"Naapurinvaara"},"calculationStatusPercent":100.0,"advanceVotes":264,"electionDayVotingTurnoutAbroad":0.0,"approvedTotalVotes":464,"totalVotes":474,"muid":765,"totalVotingInFinlandTurnout":56.1,"advanceVotingTurnoutAbroad":0.0,"invalidTotalVotes":5,"totalVotingTurnout":56.1,"electionDayVotes":210,"electionDayVotesInFinland":210,"pdid":"004","totalVotesInFinlandMen":0,"eligibleVotersInFinlandTotal":845,"calculationStatusPercentElectionDayVotes":100.0,"sourceRecordModificationTime":"20170409204114","otherCompareElection":{"eid":"","eligibleVotersInFinlandTotal":0,"advanceVotingInFinlandTurnout":0.0,"electionDayVotingInFinlandTurnout":0.0,"totalVotingInFinlandTurnout":0.0,"approvedVotesTotal":0,"invalidVotesTotal":0},"correspondingCompareElection":{"eid":"","eligibleVotersInFinlandTotal":0,"advanceVotingInFinlandTurnout":0.0,"electionDayVotingInFinlandTurnout":0.0,"totalVotingInFinlandTurnout":0.0,"approvedVotesTotal":0,"invalidVotesTotal":0,"seats":0},"approvedElectionDayVotes":208,"edid":12,"calculationStatusPercentAdvanceVotes":100.0,"electionDayVotingInFinlandTurnout":24.9,"seats":0,"eligibleVotersTotal":845,"advanceVotesInFinland":264,"advanceVotingInFinlandTurnout":31.2,"totalVotesInFinland":474},"partyResults":[{"advanceVotesPercent":64.5,"name":{"fi":"Suomen Keskusta","sv":"Centern i Finland","en":"Centre Party of Finland"},"advanceVotes":165,"npid":2,"totalVotes":285,"spid":1,"abbr":{"fi":"KESK","sv":"C","en":"CENT"},"alid":2,"electionDayVotes":120,"pid":"2","totalVotesPercent":61.4,"nominatorName":{"fi":"Suomen Keskusta","sv":"Centern i Finland","en":"Centre Party of Finland"},"compareData":{"otherCompareElection":{"votesTotalChange":0,"votesTotalPercentChange":0.0,"votesTotal":285,"votesTotalPercent":61.4},"correspondingCompareElection":{"votesTotalChange":0,"votesTotalPercentChange":0.0,"seatChange":0,"votesTotal":285,"votesTotalPercent":61.4,"seatsTotal":0}},"seats":0,"electionDayVotesPercent":57.7,"nominatorAbbr":{"fi":"KESK","sv":"C","en":"CENT"}},{"advanceVotesPercent":15.6,"name":{"fi":"Vasemmistoliitto","sv":"Vänsterförbundet","en":"The Left Alliance"},"advanceVotes":40,"npid":3,"totalVotes":65,"spid":6,"abbr":{"fi":"VAS","sv":"VF","en":"LEFT"},"alid":3,"electionDayVotes":25,"pid":"15","totalVotesPercent":14.0,"nominatorName":{"fi":"Vasemmistoliitto","sv":"Vänsterförbundet","en":"The Left Alliance"},"compareData":{"otherCompareElection":{"votesTotalChange":0,"votesTotalPercentChange":0.0,"votesTotal":65,"votesTotalPercent":14.0},"correspondingCompareElection":{"votesTotalChange":0,"votesTotalPercentChange":0.0,"seatChange":0,"votesTotal":65,"votesTotalPercent":14.0,"seatsTotal":0}},"seats":0,"electionDayVotesPercent":12.0,"nominatorAbbr":{"fi":"VAS","sv":"VF","en":"LEFT"}},{"advanceVotesPercent":7.8,"name":{"fi":"Perussuomalaiset","sv":"Sannfinländarna","en":"The Finns Party"},"advanceVotes":20,"npid":7,"totalVotes":44,"spid":3,"abbr":{"fi":"PS","sv":"Sannf","en":"FINNS"},"alid":6,"electionDayVotes":24,"pid":"23","totalVotesPercent":9.5,"nominatorName":{"fi":"Perussuomalaiset","sv":"Sannfinländarna","en":"The Finns Party"},"compareData":{"otherCompareElection":{"votesTotalChange":0,"votesTotalPercentChange":0.0,"votesTotal":44,"votesTotalPercent":9.5},"correspondingCompareElection":{"votesTotalChange":0,"votesTotalPercentChange":0.0,"seatChange":0,"votesTotal":44,"votesTotalPercent":9.5,"seatsTotal":0}},"seats":0,"electionDayVotesPercent":11.5,"nominatorAbbr":{"fi":"PS","sv":"Sannf","en":"FINNS"}},{"advanceVotesPercent":7.8,"name":{"fi":"Kansallinen Kokoomus","sv":"Samlingspartiet","en":"National Coalition Party"},"advanceVotes":20,"npid":1,"totalVotes":42,"spid":2,"abbr":{"fi":"KOK","sv":"Saml","en":"NCP"},"alid":1,"electionDayVotes":22,"pid":"4","totalVotesPercent":9.1,"nominatorName":{"fi":"Kansallinen Kokoomus","sv":"Samlingspartiet","en":"National Coalition Party"},"compareData":{"otherCompareElection":{"votesTotalChange":0,"votesTotalPercentChange":0.0,"votesTotal":42,"votesTotalPercent":9.1},"correspondingCompareElection":{"votesTotalChange":0,"votesTotalPercentChange":0.0,"seatChange":0,"votesTotal":42,"votesTotalPercent":9.1,"seatsTotal":0}},"seats":0,"electionDayVotesPercent":10.6,"nominatorAbbr":{"fi":"KOK","sv":"Saml","en":"NCP"}},{"advanceVotesPercent":2.3,"name":{"fi":"Vihreä liitto","sv":"Gröna förbundet","en":"Green League"},"advanceVotes":6,"npid":5,"totalVotes":15,"spid":5,"abbr":{"fi":"VIHR","sv":"Gröna","en":"GREEN"},"alid":5,"electionDayVotes":9,"pid":"13","totalVotesPercent":3.2,"nominatorName":{"fi":"Vihreä liitto","sv":"Gröna förbundet","en":"Green League"},"compareData":{"otherCompareElection":{"votesTotalChange":0,"votesTotalPercentChange":0.0,"votesTotal":15,"votesTotalPercent":3.2},"correspondingCompareElection":{"votesTotalChange":0,"votesTotalPercentChange":0.0,"seatChange":0,"votesTotal":15,"votesTotalPercent":3.2,"seatsTotal":0}},"seats":0,"electionDayVotesPercent":4.3,"nominatorAbbr":{"fi":"VIHR","sv":"Gröna","en":"GREEN"}},{"advanceVotesPercent":2.0,"name":{"fi":"Suomen Sosialidemokraattinen Puolue","sv":"Finlands Socialdemokratiska Parti","en":"The Finnish Social Democratic Party"},"advanceVotes":5,"npid":4,"totalVotes":8,"spid":4,"abbr":{"fi":"SDP","sv":"SDP","en":"SDP"},"alid":4,"electionDayVotes":3,"pid":"1","totalVotesPercent":1.7,"nominatorName":{"fi":"Suomen Sosialidemokraattinen Puolue","sv":"Finlands Socialdemokratiska Parti","en":"The Finnish Social Democratic Party"},"compareData":{"otherCompareElection":{"votesTotalChange":0,"votesTotalPercentChange":0.0,"votesTotal":8,"votesTotalPercent":1.7},"correspondingCompareElection":{"votesTotalChange":0,"votesTotalPercentChange":0.0,"seatChange":0,"votesTotal":8,"votesTotalPercent":1.7,"seatsTotal":0}},"seats":0,"electionDayVotesPercent":1.4,"nominatorAbbr":{"fi":"SDP","sv":"SDP","en":"SDP"}},{"advanceVotesPercent":0.0,"name":{"fi":"Suomen Kristillisdemokraatit (KD)","sv":"Kristdemokraterna i Finland (KD)","en":"Christian Democrats in Finland"},"advanceVotes":0,"npid":6,"totalVotes":5,"spid":8,"abbr":{"fi":"KD","sv":"KD","en":"CD"},"alid":5,"electionDayVotes":5,"pid":"9","totalVotesPercent":1.1,"nominatorName":{"fi":"Suomen Kristillisdemokraatit (KD)","sv":"Kristdemokraterna i Finland (KD)","en":"Christian Democrats in Finland"},"compareData":{"otherCompareElection":{"votesTotalChange":0,"votesTotalPercentChange":0.0,"votesTotal":5,"votesTotalPercent":1.1},"correspondingCompareElection":{"votesTotalChange":0,"votesTotalPercentChange":0.0,"seatChange":0,"votesTotal":5,"votesTotalPercent":1.1,"seatsTotal":0}},"seats":0,"electionDayVotesPercent":2.4,"nominatorAbbr":{"fi":"KD","sv":"KD","en":"CD"}}],"candidateResults":[{"age":40,"advanceVotesPercent":10.5,"lastname":"Mustakangas","occupation":"agronomi, maatalousyrittäjä","advanceVotes":27,"npid":2,"totalVotes":42,"spid":1,"abbr":"KESK","municipalCouncilor":false,"muid":765,"alid":2,"firstname":"Ella","electionDayVotes":15,"pid":"2","finalPosition":0,"electedInformation":"ELECTED","totalVotesPercent":9.1,"nominatorName":{"fi":"Suomen Keskusta","sv":"Centern i Finland","en":"Centre Party of Finland"},"caid":45,"position":0,"gender":"2","comparisonData":{"totalVotes":0,"votesTotalChange":42},"edid":12,"comparativeIndex":0.0,"electionDayVotesPercent":7.2,"nominatorAbbr":{"fi":"KESK","sv":"C","en":"CENT"}},{"age":62,"advanceVotesPercent":7.4,"lastname":"Suutari","occupation":"maanviljelijä, eläkeläinen","advanceVotes":19,"npid":2,"totalVotes":30,"spid":1,"abbr":"KESK","municipalCouncilor":true,"muid":765,"alid":2,"firstname":"Markku","electionDayVotes":11,"pid":"2","finalPosition":0,"electedInformation":"ON_SUBSTITUTE_PLACE","totalVotesPercent":6.5,"nominatorName":{"fi":"Suomen Keskusta","sv":"Centern i Finland","en":"Centre Party of Finland"},"caid":54,"position":0,"gender":"1","comparisonData":{"totalVotes":76,"votesTotalChange":-46},"edid":12,"comparativeIndex":0.0,"electionDayVotesPercent":5.3,"nominatorAbbr":{"fi":"KESK","sv":"C","en":"CENT"}},{"age":41,"advanceVotesPercent":5.9,"lastname":"Toivanen","occupation":"kirvesmies","advanceVotes":15,"npid":3,"totalVotes":30,"spid":6,"abbr":"VAS","municipalCouncilor":true,"muid":765,"alid":3,"firstname":"Pinja","electionDayVotes":15,"pid":"15","finalPosition":0,"electedInformation":"ELECTED","totalVotesPercent":6.5,"nominatorName":{"fi":"Vasemmistoliitto","sv":"Vänsterförbundet","en":"The Left Alliance"},"caid":68,"position":0,"gender":"2","comparisonData":{"totalVotes":69,"votesTotalChange":-39},"edid":12,"comparativeIndex":0.0,"electionDayVotesPercent":7.2,"nominatorAbbr":{"fi":"VAS","sv":"VF","en":"LEFT"}},{"age":40,"advanceVotesPercent":4.7,"lastname":"Härkönen","occupation":"ohjelmistosuunnittelija, filosofian maisteri","advanceVotes":12,"npid":2,"totalVotes":21,"spid":1,"abbr":"KESK","municipalCouncilor":false,"muid":765,"alid":2,"firstname":"Johanna","electionDayVotes":9,"pid":"2","finalPosition":0,"electedInformation":"ON_SUBSTITUTE_PLACE","totalVotesPercent":4.5,"nominatorName":{"fi":"Suomen Keskusta","sv":"Centern i Finland","en":"Centre Party of Finland"},"caid":29,"position":0,"gender":"2","comparisonData":{"totalVotes":0,"votesTotalChange":21},"edid":12,"comparativeIndex":0.0,"electionDayVotesPercent":4.3,"nominatorAbbr":{"fi":"KESK","sv":"C","en":"CENT"}},{"age":51,"advanceVotesPercent":3.9,"lastname":"Lukkari","occupation":"opettaja","advanceVotes":10,"npid":2,"totalVotes":21,"spid":1,"abbr":"KESK","municipalCouncilor":true,"muid":765,"alid":2,"firstname":"Anne","electionDayVotes":11,"pid":"2","finalPosition":0,"electedInformation":"ELECTED","totalVotesPercent":4.5,"nominatorName":{"fi":"Suomen Keskusta","sv":"Centern i Finland","en":"Centre Party of Finland"},"caid":38,"position":0,"gender":"2","comparisonData":{"totalVotes":191,"votesTotalChange":-170},"edid":12,"comparativeIndex":0.0,"electionDayVotesPercent":5.3,"nominatorAbbr":{"fi":"KESK","sv":"C","en":"CENT"}},{"age":35,"advanceVotesPercent":3.1,"lastname":"Lukkari","occupation":"lähihoitaja, ensihoitaja","advanceVotes":8,"npid":2,"totalVotes":21,"spid":1,"abbr":"KESK","municipalCouncilor":true,"muid":765,"alid":2,"firstname":"Juho","electionDayVotes":13,"pid":"2","finalPosition":0,"electedInformation":"ELECTED","totalVotesPercent":4.5,"nominatorName":{"fi":"Suomen Keskusta","sv":"Centern i Finland","en":"Centre Party of Finland"},"caid":39,"position":0,"gender":"1","comparisonData":{"totalVotes":129,"votesTotalChange":-108},"edid":12,"comparativeIndex":0.0,"electionDayVotesPercent":6.3,"nominatorAbbr":{"fi":"KESK","sv":"C","en":"CENT"}},{"age":24,"advanceVotesPercent":5.5,"lastname":"Hyvönen","occupation":"maanviljelijä","advanceVotes":14,"npid":2,"totalVotes":19,"spid":1,"abbr":"KESK","municipalCouncilor":false,"muid":765,"alid":2,"firstname":"Janne","electionDayVotes":5,"pid":"2","finalPosition":0,"electedInformation":"ON_SUBSTITUTE_PLACE","totalVotesPercent":4.1,"nominatorName":{"fi":"Suomen Keskusta","sv":"Centern i Finland","en":"Centre Party of Finland"},"caid":27,"position":0,"gender":"1","comparisonData":{"totalVotes":0,"votesTotalChange":19},"edid":12,"comparativeIndex":0.0,"electionDayVotesPercent":2.4,"nominatorAbbr":{"fi":"KESK","sv":"C","en":"CENT"}},{"age":38,"advanceVotesPercent":3.9,"lastname":"Komulainen","occupation":"luokanopettaja, koulun johtaja","advanceVotes":10,"npid":2,"totalVotes":18,"spid":1,"abbr":"KESK","municipalCouncilor":false,"muid":765,"alid":2,"firstname":"Jani","electionDayVotes":8,"pid":"2","finalPosition":0,"electedInformation":"ELECTED","totalVotesPercent":3.9,"nominatorName":{"fi":"Suomen Keskusta","sv":"Centern i Finland","en":"Centre Party of Finland"},"caid":34,"position":0,"gender":"1","comparisonData":{"totalVotes":0,"votesTotalChange":18},"edid":12,"comparativeIndex":0.0,"electionDayVotesPercent":3.8,"nominatorAbbr":{"fi":"KESK","sv":"C","en":"CENT"}},{"age":64,"advanceVotesPercent":3.5,"lastname":"Korhonen","occupation":"yrittäjä","advanceVotes":9,"npid":2,"totalVotes":16,"spid":1,"abbr":"KESK","municipalCouncilor":false,"muid":765,"alid":2,"firstname":"Aimo","electionDayVotes":7,"pid":"2","finalPosition":0,"electedInformation":"ELECTED","totalVotesPercent":3.4,"nominatorName":{"fi":"Suomen Keskusta","sv":"Centern i Finland","en":"Centre Party of Finland"},"caid":35,"position":0,"gender":"1","comparisonData":{"totalVotes":0,"votesTotalChange":16},"edid":12,"comparativeIndex":0.0,"electionDayVotesPercent":3.4,"nominatorAbbr":{"fi":"KESK","sv":"C","en":"CENT"}},{"age":20,"advanceVotesPercent":2.3,"lastname":"Korhonen","occupation":"media-assistentti","advanceVotes":6,"npid":5,"totalVotes":15,"spid":5,"abbr":"VIHR","municipalCouncilor":false,"muid":765,"alid":5,"firstname":"Teemu","electionDayVotes":9,"pid":"13","finalPosition":0,"electedInformation":"ELECTED","totalVotesPercent":3.2,"nominatorName":{"fi":"Vihreä liitto","sv":"Gröna förbundet","en":"Green League"},"caid":74,"position":0,"gender":"1","comparisonData":{"totalVotes":0,"votesTotalChange":15},"edid":12,"comparativeIndex":0.0,"electionDayVotesPercent":4.3,"nominatorAbbr":{"fi":"VIHR","sv":"Gröna","en":"GREEN"}},{"age":40,"advanceVotesPercent":2.7,"lastname":"Makkonen","occupation":"toimitusjohtaja, liiketalouden merkonomi","advanceVotes":7,"npid":1,"totalVotes":12,"spid":2,"abbr":"KOK","municipalCouncilor":true,"muid":765,"alid":1,"firstname":"Petri","electionDayVotes":5,"pid":"4","finalPosition":0,"electedInformation":"ELECTED","totalVotesPercent":2.6,"nominatorName":{"fi":"Kansallinen Kokoomus","sv":"Samlingspartiet","en":"National Coalition Party"},"caid":12,"position":0,"gender":"1","comparisonData":{"totalVotes":79,"votesTotalChange":-67},"edid":12,"comparativeIndex":0.0,"electionDayVotesPercent":2.4,"nominatorAbbr":{"fi":"KOK","sv":"Saml","en":"NCP"}},{"age":70,"advanceVotesPercent":3.5,"lastname":"Polvinen","occupation":"herastuomari","advanceVotes":9,"npid":3,"totalVotes":12,"spid":6,"abbr":"VAS","municipalCouncilor":true,"muid":765,"alid":3,"firstname":"Osmo","electionDayVotes":3,"pid":"15","finalPosition":0,"electedInformation":"ELECTED","totalVotesPercent":2.6,"nominatorName":{"fi":"Vasemmistoliitto","sv":"Vänsterförbundet","en":"The Left Alliance"},"caid":62,"position":0,"gender":"1","comparisonData":{"totalVotes":113,"votesTotalChange":-101},"edid":12,"comparativeIndex":0.0,"electionDayVotesPercent":1.4,"nominatorAbbr":{"fi":"VAS","sv":"VF","en":"LEFT"}},{"age":59,"advanceVotesPercent":1.6,"lastname":"Korhonen","occupation":"eläkeläinen, yrittäjä","advanceVotes":4,"npid":7,"totalVotes":11,"spid":3,"abbr":"PS","municipalCouncilor":true,"muid":765,"alid":6,"firstname":"Hannu","electionDayVotes":7,"pid":"23","finalPosition":0,"electedInformation":"ELECTED","totalVotesPercent":2.4,"nominatorName":{"fi":"Perussuomalaiset","sv":"Sannfinländarna","en":"The Finns Party"},"caid":83,"position":0,"gender":"1","comparisonData":{"totalVotes":95,"votesTotalChange":-84},"edid":12,"comparativeIndex":0.0,"electionDayVotesPercent":3.4,"nominatorAbbr":{"fi":"PS","sv":"Sannf","en":"FINNS"}},{"age":57,"advanceVotesPercent":1.2,"lastname":"Korhonen","occupation":"kansanedustaja","advanceVotes":3,"npid":2,"totalVotes":9,"spid":1,"abbr":"KESK","municipalCouncilor":true,"muid":765,"alid":2,"firstname":"Timo","electionDayVotes":6,"pid":"2","finalPosition":0,"electedInformation":"ELECTED","totalVotesPercent":1.9,"nominatorName":{"fi":"Suomen Keskusta","sv":"Centern i Finland","en":"Centre Party of Finland"},"caid":37,"position":0,"gender":"1","comparisonData":{"totalVotes":152,"votesTotalChange":-143},"edid":12,"comparativeIndex":0.0,"electionDayVotesPercent":2.9,"nominatorAbbr":{"fi":"KESK","sv":"C","en":"CENT"}},{"age":44,"advanceVotesPercent":1.6,"lastname":"Lukkari","occupation":"elintarvikeyrittäjä","advanceVotes":4,"npid":2,"totalVotes":9,"spid":1,"abbr":"KESK","municipalCouncilor":false,"muid":765,"alid":2,"firstname":"Sirpa","electionDayVotes":5,"pid":"2","finalPosition":0,"electedInformation":"NOT_ELECTED","totalVotesPercent":1.9,"nominatorName":{"fi":"Suomen Keskusta","sv":"Centern i Finland","en":"Centre Party of Finland"},"caid":41,"position":0,"gender":"2","comparisonData":{"totalVotes":0,"votesTotalChange":9},"edid":12,"comparativeIndex":0.0,"electionDayVotesPercent":2.4,"nominatorAbbr":{"fi":"KESK","sv":"C","en":"CENT"}},{"age":51,"advanceVotesPercent":0.8,"lastname":"Korhonen","occupation":"asianajaja, diplomi-insinööri","advanceVotes":2,"npid":1,"totalVotes":8,"spid":2,"abbr":"KOK","municipalCouncilor":true,"muid":765,"alid":1,"firstname":"Ari","electionDayVotes":6,"pid":"4","finalPosition":0,"electedInformation":"ELECTED","totalVotesPercent":1.7,"nominatorName":{"fi":"Kansallinen Kokoomus","sv":"Samlingspartiet","en":"National Coalition Party"},"caid":6,"position":0,"gender":"1","comparisonData":{"totalVotes":406,"votesTotalChange":-398},"edid":12,"comparativeIndex":0.0,"electionDayVotesPercent":2.9,"nominatorAbbr":{"fi":"KOK","sv":"Saml","en":"NCP"}},{"age":67,"advanceVotesPercent":2.3,"lastname":"Tolonen","occupation":"eläkeläinen, metsätilallinen","advanceVotes":6,"npid":7,"totalVotes":8,"spid":3,"abbr":"PS","municipalCouncilor":true,"muid":765,"alid":6,"firstname":"Vesa","electionDayVotes":2,"pid":"23","finalPosition":0,"electedInformation":"ON_SUBSTITUTE_PLACE","totalVotesPercent":1.7,"nominatorName":{"fi":"Perussuomalaiset","sv":"Sannfinländarna","en":"The Finns Party"},"caid":89,"position":0,"gender":"1","comparisonData":{"totalVotes":119,"votesTotalChange":-111},"edid":12,"comparativeIndex":0.0,"electionDayVotesPercent":1.0,"nominatorAbbr":{"fi":"PS","sv":"Sannf","en":"FINNS"}},{"age":33,"advanceVotesPercent":1.6,"lastname":"Lukkari","occupation":"luokanopettaja, kasvatustieteen maisteri","advanceVotes":4,"npid":2,"totalVotes":7,"spid":1,"abbr":"KESK","municipalCouncilor":false,"muid":765,"alid":2,"firstname":"Matti","electionDayVotes":3,"pid":"2","finalPosition":0,"electedInformation":"ON_SUBSTITUTE_PLACE","totalVotesPercent":1.5,"nominatorName":{"fi":"Suomen Keskusta","sv":"Centern i Finland","en":"Centre Party of Finland"},"caid":40,"position":0,"gender":"1","comparisonData":{"totalVotes":0,"votesTotalChange":7},"edid":12,"comparativeIndex":0.0,"electionDayVotesPercent":1.4,"nominatorAbbr":{"fi":"KESK","sv":"C","en":"CENT"}},{"age":66,"advanceVotesPercent":2.3,"lastname":"Meriläinen","occupation":"myyntineuvottelija","advanceVotes":6,"npid":2,"totalVotes":7,"spid":1,"abbr":"KESK","municipalCouncilor":false,"muid":765,"alid":2,"firstname":"Margareta","electionDayVotes":1,"pid":"2","finalPosition":0,"electedInformation":"NOT_ELECTED","totalVotesPercent":1.5,"nominatorName":{"fi":"Suomen Keskusta","sv":"Centern i Finland","en":"Centre Party of Finland"},"caid":44,"position":0,"gender":"2","comparisonData":{"totalVotes":15,"votesTotalChange":-8},"edid":12,"comparativeIndex":0.0,"electionDayVotesPercent":0.5,"nominatorAbbr":{"fi":"KESK","sv":"C","en":"CENT"}},{"age":60,"advanceVotesPercent":2.0,"lastname":"Valtanen","occupation":"vartija","advanceVotes":5,"npid":2,"totalVotes":7,"spid":1,"abbr":"KESK","municipalCouncilor":true,"muid":765,"alid":2,"firstname":"Kalevi","electionDayVotes":2,"pid":"2","finalPosition":0,"electedInformation":"ELECTED","totalVotesPercent":1.5,"nominatorName":{"fi":"Suomen Keskusta","sv":"Centern i Finland","en":"Centre Party of Finland"},"caid":55,"position":0,"gender":"1","comparisonData":{"totalVotes":44,"votesTotalChange":-37},"edid":12,"comparativeIndex":0.0,"electionDayVotesPercent":1.0,"nominatorAbbr":{"fi":"KESK","sv":"C","en":"CENT"}},{"age":64,"advanceVotesPercent":2.0,"lastname":"Aaltonen","occupation":"aluekehitysasiantuntija","advanceVotes":5,"npid":2,"totalVotes":6,"spid":1,"abbr":"KESK","municipalCouncilor":true,"muid":765,"alid":2,"firstname":"Helena","electionDayVotes":1,"pid":"2","finalPosition":0,"electedInformation":"ON_SUBSTITUTE_PLACE","totalVotesPercent":1.3,"nominatorName":{"fi":"Suomen Keskusta","sv":"Centern i Finland","en":"Centre Party of Finland"},"caid":22,"position":0,"gender":"2","comparisonData":{"totalVotes":50,"votesTotalChange":-44},"edid":12,"comparativeIndex":0.0,"electionDayVotesPercent":0.5,"nominatorAbbr":{"fi":"KESK","sv":"C","en":"CENT"}},{"age":53,"advanceVotesPercent":1.6,"lastname":"Klemetti","occupation":"yrittäjä","advanceVotes":4,"npid":2,"totalVotes":6,"spid":1,"abbr":"KESK","municipalCouncilor":false,"muid":765,"alid":2,"firstname":"Juhani","electionDayVotes":2,"pid":"2","finalPosition":0,"electedInformation":"ON_SUBSTITUTE_PLACE","totalVotesPercent":1.3,"nominatorName":{"fi":"Suomen Keskusta","sv":"Centern i Finland","en":"Centre Party of Finland"},"caid":32,"position":0,"gender":"1","comparisonData":{"totalVotes":0,"votesTotalChange":6},"edid":12,"comparativeIndex":0.0,"electionDayVotesPercent":1.0,"nominatorAbbr":{"fi":"KESK","sv":"C","en":"CENT"}},{"age":61,"advanceVotesPercent":1.2,"lastname":"Korhonen","occupation":"osastonhoitaja","advanceVotes":3,"npid":2,"totalVotes":6,"spid":1,"abbr":"KESK","municipalCouncilor":true,"muid":765,"alid":2,"firstname":"Marja-Leena","electionDayVotes":3,"pid":"2","finalPosition":0,"electedInformation":"ELECTED","totalVotesPercent":1.3,"nominatorName":{"fi":"Suomen Keskusta","sv":"Centern i Finland","en":"Centre Party of Finland"},"caid":36,"position":0,"gender":"2","comparisonData":{"totalVotes":74,"votesTotalChange":-68},"edid":12,"comparativeIndex":0.0,"electionDayVotesPercent":1.4,"nominatorAbbr":{"fi":"KESK","sv":"C","en":"CENT"}},{"age":55,"advanceVotesPercent":2.0,"lastname":"Seppänen","occupation":"yrittäjä, diplomi-insinööri","advanceVotes":5,"npid":2,"totalVotes":6,"spid":1,"abbr":"KESK","municipalCouncilor":false,"muid":765,"alid":2,"firstname":"Sakari","electionDayVotes":1,"pid":"2","finalPosition":0,"electedInformation":"ELECTED","totalVotesPercent":1.3,"nominatorName":{"fi":"Suomen Keskusta","sv":"Centern i Finland","en":"Centre Party of Finland"},"caid":52,"position":0,"gender":"1","comparisonData":{"totalVotes":34,"votesTotalChange":-28},"edid":12,"comparativeIndex":0.0,"electionDayVotesPercent":0.5,"nominatorAbbr":{"fi":"KESK","sv":"C","en":"CENT"}},{"age":56,"advanceVotesPercent":1.2,"lastname":"Korhonen","occupation":"alueluottamusmies","advanceVotes":3,"npid":3,"totalVotes":6,"spid":6,"abbr":"VAS","municipalCouncilor":true,"muid":765,"alid":3,"firstname":"Jouko","electionDayVotes":3,"pid":"15","finalPosition":0,"electedInformation":"ELECTED","totalVotesPercent":1.3,"nominatorName":{"fi":"Vasemmistoliitto","sv":"Vänsterförbundet","en":"The Left Alliance"},"caid":58,"position":0,"gender":"1","comparisonData":{"totalVotes":183,"votesTotalChange":-177},"edid":12,"comparativeIndex":0.0,"electionDayVotesPercent":1.4,"nominatorAbbr":{"fi":"VAS","sv":"VF","en":"LEFT"}},{"age":30,"advanceVotesPercent":1.2,"lastname":"Lievonen","occupation":"seurakuntapastori","advanceVotes":3,"npid":3,"totalVotes":6,"spid":6,"abbr":"VAS","municipalCouncilor":false,"muid":765,"alid":3,"firstname":"Jarkko","electionDayVotes":3,"pid":"15","finalPosition":0,"electedInformation":"ELECTED","totalVotesPercent":1.3,"nominatorName":{"fi":"Vasemmistoliitto","sv":"Vänsterförbundet","en":"The Left Alliance"},"caid":59,"position":0,"gender":"1","comparisonData":{"totalVotes":0,"votesTotalChange":6},"edid":12,"comparativeIndex":0.0,"electionDayVotesPercent":1.4,"nominatorAbbr":{"fi":"VAS","sv":"VF","en":"LEFT"}},{"age":67,"advanceVotesPercent":1.2,"lastname":"Rossi-Määttä","occupation":"eläkeläinen","advanceVotes":3,"npid":4,"totalVotes":6,"spid":4,"abbr":"SDP","municipalCouncilor":true,"muid":765,"alid":4,"firstname":"Tuula","electionDayVotes":3,"pid":"1","finalPosition":0,"electedInformation":"ELECTED","totalVotesPercent":1.3,"nominatorName":{"fi":"Suomen Sosialidemokraattinen Puolue","sv":"Finlands Socialdemokratiska Parti","en":"The Finnish Social Democratic Party"},"caid":73,"position":0,"gender":"2","comparisonData":{"totalVotes":99,"votesTotalChange":-93},"edid":12,"comparativeIndex":0.0,"electionDayVotesPercent":1.4,"nominatorAbbr":{"fi":"SDP","sv":"SDP","en":"SDP"}},{"age":45,"advanceVotesPercent":0.4,"lastname":"Vihanto","occupation":"diplomi-insinööri, osastopäällikkö","advanceVotes":1,"npid":1,"totalVotes":5,"spid":2,"abbr":"KOK","municipalCouncilor":true,"muid":765,"alid":1,"firstname":"Pentti","electionDayVotes":4,"pid":"4","finalPosition":0,"electedInformation":"ELECTED","totalVotesPercent":1.1,"nominatorName":{"fi":"Kansallinen Kokoomus","sv":"Samlingspartiet","en":"National Coalition Party"},"caid":19,"position":0,"gender":"1","comparisonData":{"totalVotes":77,"votesTotalChange":-72},"edid":12,"comparativeIndex":0.0,"electionDayVotesPercent":1.9,"nominatorAbbr":{"fi":"KOK","sv":"Saml","en":"NCP"}},{"age":63,"advanceVotesPercent":0.8,"lastname":"Heikkinen","occupation":"yrittäjä","advanceVotes":2,"npid":2,"totalVotes":5,"spid":1,"abbr":"KESK","municipalCouncilor":false,"muid":765,"alid":2,"firstname":"Jouni","electionDayVotes":3,"pid":"2","finalPosition":0,"electedInformation":"ON_SUBSTITUTE_PLACE","totalVotesPercent":1.1,"nominatorName":{"fi":"Suomen Keskusta","sv":"Centern i Finland","en":"Centre Party of Finland"},"caid":25,"position":0,"gender":"1","comparisonData":{"totalVotes":33,"votesTotalChange":-28},"edid":12,"comparativeIndex":0.0,"electionDayVotesPercent":1.4,"nominatorAbbr":{"fi":"KESK","sv":"C","en":"CENT"}},{"age":42,"advanceVotesPercent":0.0,"lastname":"Määttä","occupation":"nuoriso-ohjaaja","advanceVotes":0,"npid":2,"totalVotes":5,"spid":1,"abbr":"KESK","municipalCouncilor":false,"muid":765,"alid":2,"firstname":"Piia","electionDayVotes":5,"pid":"2","finalPosition":0,"electedInformation":"ELECTED","totalVotesPercent":1.1,"nominatorName":{"fi":"Suomen Keskusta","sv":"Centern i Finland","en":"Centre Party of Finland"},"caid":46,"position":0,"gender":"2","comparisonData":{"totalVotes":0,"votesTotalChange":5},"edid":12,"comparativeIndex":0.0,"electionDayVotesPercent":2.4,"nominatorAbbr":{"fi":"KESK","sv":"C","en":"CENT"}},{"age":62,"advanceVotesPercent":2.0,"lastname":"Heikkinen","occupation":"sosiaalityöntekijä","advanceVotes":5,"npid":3,"totalVotes":5,"spid":6,"abbr":"VAS","municipalCouncilor":true,"muid":765,"alid":3,"firstname":"Reija","electionDayVotes":0,"pid":"15","finalPosition":0,"electedInformation":"ELECTED","totalVotesPercent":1.1,"nominatorName":{"fi":"Vasemmistoliitto","sv":"Vänsterförbundet","en":"The Left Alliance"},"caid":57,"position":0,"gender":"2","comparisonData":{"totalVotes":95,"votesTotalChange":-90},"edid":12,"comparativeIndex":0.0,"electionDayVotesPercent":0.0,"nominatorAbbr":{"fi":"VAS","sv":"VF","en":"LEFT"}},{"age":34,"advanceVotesPercent":0.0,"lastname":"Shevchenko","occupation":"liiketalouden merkonomi, vastaanottovirkailija","advanceVotes":0,"npid":7,"totalVotes":5,"spid":3,"abbr":"PS","municipalCouncilor":false,"muid":765,"alid":6,"firstname":"Anna","electionDayVotes":5,"pid":"23","finalPosition":0,"electedInformation":"ON_SUBSTITUTE_PLACE","totalVotesPercent":1.1,"nominatorName":{"fi":"Perussuomalaiset","sv":"Sannfinländarna","en":"The Finns Party"},"caid":86,"position":0,"gender":"2","comparisonData":{"totalVotes":0,"votesTotalChange":5},"edid":12,"comparativeIndex":0.0,"electionDayVotesPercent":2.4,"nominatorAbbr":{"fi":"PS","sv":"Sannf","en":"FINNS"}},{"age":58,"advanceVotesPercent":1.6,"lastname":"Väisänen","occupation":"kasvatustieteen maisteri, luokanopettaja","advanceVotes":4,"npid":1,"totalVotes":4,"spid":2,"abbr":"KOK","municipalCouncilor":true,"muid":765,"alid":1,"firstname":"Unto","electionDayVotes":0,"pid":"4","finalPosition":0,"electedInformation":"ELECTED","totalVotesPercent":0.9,"nominatorName":{"fi":"Kansallinen Kokoomus","sv":"Samlingspartiet","en":"National Coalition Party"},"caid":20,"position":0,"gender":"1","comparisonData":{"totalVotes":96,"votesTotalChange":-92},"edid":12,"comparativeIndex":0.0,"electionDayVotesPercent":0.0,"nominatorAbbr":{"fi":"KOK","sv":"Saml","en":"NCP"}},{"age":61,"advanceVotesPercent":1.2,"lastname":"Hakkarainen","occupation":"päiväkodinjohtaja","advanceVotes":3,"npid":2,"totalVotes":4,"spid":1,"abbr":"KESK","municipalCouncilor":false,"muid":765,"alid":2,"firstname":"Annikki","electionDayVotes":1,"pid":"2","finalPosition":0,"electedInformation":"ON_SUBSTITUTE_PLACE","totalVotesPercent":0.9,"nominatorName":{"fi":"Suomen Keskusta","sv":"Centern i Finland","en":"Centre Party of Finland"},"caid":23,"position":0,"gender":"2","comparisonData":{"totalVotes":43,"votesTotalChange":-39},"edid":12,"comparativeIndex":0.0,"electionDayVotesPercent":0.5,"nominatorAbbr":{"fi":"KESK","sv":"C","en":"CENT"}},{"age":50,"advanceVotesPercent":1.6,"lastname":"Hyvönen","occupation":"yrittäjä","advanceVotes":4,"npid":2,"totalVotes":4,"spid":1,"abbr":"KESK","municipalCouncilor":true,"muid":765,"alid":2,"firstname":"Timo","electionDayVotes":0,"pid":"2","finalPosition":0,"electedInformation":"ON_SUBSTITUTE_PLACE","totalVotesPercent":0.9,"nominatorName":{"fi":"Suomen Keskusta","sv":"Centern i Finland","en":"Centre Party of Finland"},"caid":28,"position":0,"gender":"1","comparisonData":{"totalVotes":95,"votesTotalChange":-91},"edid":12,"comparativeIndex":0.0,"electionDayVotesPercent":0.0,"nominatorAbbr":{"fi":"KESK","sv":"C","en":"CENT"}},{"age":52,"advanceVotesPercent":0.0,"lastname":"Kela","occupation":"toimitusjohtaja","advanceVotes":0,"npid":2,"totalVotes":4,"spid":1,"abbr":"KESK","municipalCouncilor":false,"muid":765,"alid":2,"firstname":"Antti","electionDayVotes":4,"pid":"2","finalPosition":0,"electedInformation":"ELECTED","totalVotesPercent":0.9,"nominatorName":{"fi":"Suomen Keskusta","sv":"Centern i Finland","en":"Centre Party of Finland"},"caid":30,"position":0,"gender":"1","comparisonData":{"totalVotes":0,"votesTotalChange":4},"edid":12,"comparativeIndex":0.0,"electionDayVotesPercent":1.9,"nominatorAbbr":{"fi":"KESK","sv":"C","en":"CENT"}},{"age":55,"advanceVotesPercent":1.2,"lastname":"Lukkari","occupation":"erityisasiantuntija","advanceVotes":3,"npid":2,"totalVotes":4,"spid":1,"abbr":"KESK","municipalCouncilor":false,"muid":765,"alid":2,"firstname":"Tarja","electionDayVotes":1,"pid":"2","finalPosition":0,"electedInformation":"ON_SUBSTITUTE_PLACE","totalVotesPercent":0.9,"nominatorName":{"fi":"Suomen Keskusta","sv":"Centern i Finland","en":"Centre Party of Finland"},"caid":42,"position":0,"gender":"2","comparisonData":{"totalVotes":0,"votesTotalChange":4},"edid":12,"comparativeIndex":0.0,"electionDayVotesPercent":0.5,"nominatorAbbr":{"fi":"KESK","sv":"C","en":"CENT"}},{"age":28,"advanceVotesPercent":0.4,"lastname":"Heikkinen","occupation":"koneenkuljettaja","advanceVotes":1,"npid":7,"totalVotes":4,"spid":3,"abbr":"PS","municipalCouncilor":true,"muid":765,"alid":6,"firstname":"Tommi","electionDayVotes":3,"pid":"23","finalPosition":0,"electedInformation":"NOT_ELECTED","totalVotesPercent":0.9,"nominatorName":{"fi":"Perussuomalaiset","sv":"Sannfinländarna","en":"The Finns Party"},"caid":80,"position":0,"gender":"1","comparisonData":{"totalVotes":52,"votesTotalChange":-48},"edid":12,"comparativeIndex":0.0,"electionDayVotesPercent":1.4,"nominatorAbbr":{"fi":"PS","sv":"Sannf","en":"FINNS"}},{"age":45,"advanceVotesPercent":1.2,"lastname":"Ritakallio-Knuutinen","occupation":"yrittäjä","advanceVotes":3,"npid":7,"totalVotes":4,"spid":3,"abbr":"PS","municipalCouncilor":true,"muid":765,"alid":6,"firstname":"Pirjo","electionDayVotes":1,"pid":"23","finalPosition":0,"electedInformation":"NOT_ELECTED","totalVotesPercent":0.9,"nominatorName":{"fi":"Perussuomalaiset","sv":"Sannfinländarna","en":"The Finns Party"},"caid":85,"position":0,"gender":"2","comparisonData":{"totalVotes":86,"votesTotalChange":-82},"edid":12,"comparativeIndex":0.0,"electionDayVotesPercent":0.5,"nominatorAbbr":{"fi":"PS","sv":"Sannf","en":"FINNS"}},{"age":59,"advanceVotesPercent":0.8,"lastname":"Hakkarainen","occupation":"koneistaja","advanceVotes":2,"npid":2,"totalVotes":3,"spid":1,"abbr":"KESK","municipalCouncilor":false,"muid":765,"alid":2,"firstname":"Ari","electionDayVotes":1,"pid":"2","finalPosition":0,"electedInformation":"ON_SUBSTITUTE_PLACE","totalVotesPercent":0.6,"nominatorName":{"fi":"Suomen Keskusta","sv":"Centern i Finland","en":"Centre Party of Finland"},"caid":24,"position":0,"gender":"1","comparisonData":{"totalVotes":0,"votesTotalChange":3},"edid":12,"comparativeIndex":0.0,"electionDayVotesPercent":0.5,"nominatorAbbr":{"fi":"KESK","sv":"C","en":"CENT"}},{"age":34,"advanceVotesPercent":0.0,"lastname":"Kotilainen","occupation":"sosionomi AMK","advanceVotes":0,"npid":6,"totalVotes":3,"spid":8,"abbr":"KD","municipalCouncilor":false,"muid":765,"alid":5,"firstname":"Heidi","electionDayVotes":3,"pid":"9","finalPosition":0,"electedInformation":"ON_SUBSTITUTE_PLACE","totalVotesPercent":0.6,"nominatorName":{"fi":"Suomen Kristillisdemokraatit (KD)","sv":"Kristdemokraterna i Finland (KD)","en":"Christian Democrats in Finland"},"caid":75,"position":0,"gender":"2","comparisonData":{"totalVotes":0,"votesTotalChange":3},"edid":12,"comparativeIndex":0.0,"electionDayVotesPercent":1.4,"nominatorAbbr":{"fi":"KD","sv":"KD","en":"CD"}},{"age":45,"advanceVotesPercent":0.8,"lastname":"Lipponen","occupation":"turvallisuustyöntekijä, opiskelija","advanceVotes":2,"npid":7,"totalVotes":3,"spid":3,"abbr":"PS","municipalCouncilor":false,"muid":765,"alid":6,"firstname":"Marko","electionDayVotes":1,"pid":"23","finalPosition":0,"electedInformation":"NOT_ELECTED","totalVotesPercent":0.6,"nominatorName":{"fi":"Perussuomalaiset","sv":"Sannfinländarna","en":"The Finns Party"},"caid":84,"position":0,"gender":"1","comparisonData":{"totalVotes":22,"votesTotalChange":-19},"edid":12,"comparativeIndex":0.0,"electionDayVotesPercent":0.5,"nominatorAbbr":{"fi":"PS","sv":"Sannf","en":"FINNS"}},{"age":63,"advanceVotesPercent":0.4,"lastname":"Suorsa","occupation":"eläkeläinen, metsuri","advanceVotes":1,"npid":7,"totalVotes":3,"spid":3,"abbr":"PS","municipalCouncilor":false,"muid":765,"alid":6,"firstname":"Valo","electionDayVotes":2,"pid":"23","finalPosition":0,"electedInformation":"NOT_ELECTED","totalVotesPercent":0.6,"nominatorName":{"fi":"Perussuomalaiset","sv":"Sannfinländarna","en":"The Finns Party"},"caid":88,"position":0,"gender":"1","comparisonData":{"totalVotes":41,"votesTotalChange":-38},"edid":12,"comparativeIndex":0.0,"electionDayVotesPercent":1.0,"nominatorAbbr":{"fi":"PS","sv":"Sannf","en":"FINNS"}},{"age":77,"advanceVotesPercent":0.4,"lastname":"Tuhkanen","occupation":"eläkeläinen","advanceVotes":1,"npid":7,"totalVotes":3,"spid":3,"abbr":"PS","municipalCouncilor":true,"muid":765,"alid":6,"firstname":"Viljo","electionDayVotes":2,"pid":"23","finalPosition":0,"electedInformation":"ELECTED","totalVotesPercent":0.6,"nominatorName":{"fi":"Perussuomalaiset","sv":"Sannfinländarna","en":"The Finns Party"},"caid":90,"position":0,"gender":"1","comparisonData":{"totalVotes":42,"votesTotalChange":-39},"edid":12,"comparativeIndex":0.0,"electionDayVotesPercent":1.0,"nominatorAbbr":{"fi":"PS","sv":"Sannf","en":"FINNS"}},{"age":70,"advanceVotesPercent":0.8,"lastname":"Kaipainen","occupation":"maanrakentaja","advanceVotes":2,"npid":1,"totalVotes":2,"spid":2,"abbr":"KOK","municipalCouncilor":false,"muid":765,"alid":1,"firstname":"Reijo","electionDayVotes":0,"pid":"4","finalPosition":0,"electedInformation":"NOT_ELECTED","totalVotesPercent":0.4,"nominatorName":{"fi":"Kansallinen Kokoomus","sv":"Samlingspartiet","en":"National Coalition Party"},"caid":2,"position":0,"gender":"1","comparisonData":{"totalVotes":15,"votesTotalChange":-13},"edid":12,"comparativeIndex":0.0,"electionDayVotesPercent":0.0,"nominatorAbbr":{"fi":"KOK","sv":"Saml","en":"NCP"}},{"age":46,"advanceVotesPercent":0.0,"lastname":"Komulainen","occupation":"opistoupseeri, kapteeni","advanceVotes":0,"npid":1,"totalVotes":2,"spid":2,"abbr":"KOK","municipalCouncilor":false,"muid":765,"alid":1,"firstname":"Petri","electionDayVotes":2,"pid":"4","finalPosition":0,"electedInformation":"NOT_ELECTED","totalVotesPercent":0.4,"nominatorName":{"fi":"Kansallinen Kokoomus","sv":"Samlingspartiet","en":"National Coalition Party"},"caid":5,"position":0,"gender":"1","comparisonData":{"totalVotes":0,"votesTotalChange":2},"edid":12,"comparativeIndex":0.0,"electionDayVotesPercent":1.0,"nominatorAbbr":{"fi":"KOK","sv":"Saml","en":"NCP"}},{"age":68,"advanceVotesPercent":0.8,"lastname":"Korhonen","occupation":"rajavartija evp","advanceVotes":2,"npid":1,"totalVotes":2,"spid":2,"abbr":"KOK","municipalCouncilor":false,"muid":765,"alid":1,"firstname":"Matti","electionDayVotes":0,"pid":"4","finalPosition":0,"electedInformation":"ON_SUBSTITUTE_PLACE","totalVotesPercent":0.4,"nominatorName":{"fi":"Kansallinen Kokoomus","sv":"Samlingspartiet","en":"National Coalition Party"},"caid":7,"position":0,"gender":"1","comparisonData":{"totalVotes":50,"votesTotalChange":-48},"edid":12,"comparativeIndex":0.0,"electionDayVotesPercent":0.0,"nominatorAbbr":{"fi":"KOK","sv":"Saml","en":"NCP"}},{"age":55,"advanceVotesPercent":0.0,"lastname":"Laajala","occupation":"projektipäällikkö","advanceVotes":0,"npid":1,"totalVotes":2,"spid":2,"abbr":"KOK","municipalCouncilor":false,"muid":765,"alid":1,"firstname":"Pasi","electionDayVotes":2,"pid":"4","finalPosition":0,"electedInformation":"NOT_ELECTED","totalVotesPercent":0.4,"nominatorName":{"fi":"Kansallinen Kokoomus","sv":"Samlingspartiet","en":"National Coalition Party"},"caid":8,"position":0,"gender":"1","comparisonData":{"totalVotes":0,"votesTotalChange":2},"edid":12,"comparativeIndex":0.0,"electionDayVotesPercent":1.0,"nominatorAbbr":{"fi":"KOK","sv":"Saml","en":"NCP"}},{"age":30,"advanceVotesPercent":0.0,"lastname":"Piirainen","occupation":"isännöitsijä","advanceVotes":0,"npid":1,"totalVotes":2,"spid":2,"abbr":"KOK","municipalCouncilor":false,"muid":765,"alid":1,"firstname":"Matti","electionDayVotes":2,"pid":"4","finalPosition":0,"electedInformation":"NOT_ELECTED","totalVotesPercent":0.4,"nominatorName":{"fi":"Kansallinen Kokoomus","sv":"Samlingspartiet","en":"National Coalition Party"},"caid":14,"position":0,"gender":"1","comparisonData":{"totalVotes":0,"votesTotalChange":2},"edid":12,"comparativeIndex":0.0,"electionDayVotesPercent":1.0,"nominatorAbbr":{"fi":"KOK","sv":"Saml","en":"NCP"}},{"age":60,"advanceVotesPercent":0.4,"lastname":"Huttunen","occupation":"toiminnanjohtaja","advanceVotes":1,"npid":2,"totalVotes":2,"spid":1,"abbr":"KESK","municipalCouncilor":true,"muid":765,"alid":2,"firstname":"Jarmo","electionDayVotes":1,"pid":"2","finalPosition":0,"electedInformation":"ELECTED","totalVotesPercent":0.4,"nominatorName":{"fi":"Suomen Keskusta","sv":"Centern i Finland","en":"Centre Party of Finland"},"caid":26,"position":0,"gender":"1","comparisonData":{"totalVotes":107,"votesTotalChange":-105},"edid":12,"comparativeIndex":0.0,"electionDayVotesPercent":0.5,"nominatorAbbr":{"fi":"KESK","sv":"C","en":"CENT"}},{"age":36,"advanceVotesPercent":0.4,"lastname":"Matero","occupation":"maaseutuyrittäjä","advanceVotes":1,"npid":2,"totalVotes":2,"spid":1,"abbr":"KESK","municipalCouncilor":false,"muid":765,"alid":2,"firstname":"Maija","electionDayVotes":1,"pid":"2","finalPosition":0,"electedInformation":"ON_SUBSTITUTE_PLACE","totalVotesPercent":0.4,"nominatorName":{"fi":"Suomen Keskusta","sv":"Centern i Finland","en":"Centre Party of Finland"},"caid":43,"position":0,"gender":"2","comparisonData":{"totalVotes":0,"votesTotalChange":2},"edid":12,"comparativeIndex":0.0,"electionDayVotesPercent":0.5,"nominatorAbbr":{"fi":"KESK","sv":"C","en":"CENT"}},{"age":47,"advanceVotesPercent":0.4,"lastname":"Oikarinen","occupation":"kirvesmies","advanceVotes":1,"npid":3,"totalVotes":2,"spid":6,"abbr":"VAS","municipalCouncilor":false,"muid":765,"alid":3,"firstname":"Timo","electionDayVotes":1,"pid":"15","finalPosition":0,"electedInformation":"ON_SUBSTITUTE_PLACE","totalVotesPercent":0.4,"nominatorName":{"fi":"Vasemmistoliitto","sv":"Vänsterförbundet","en":"The Left Alliance"},"caid":60,"position":0,"gender":"1","comparisonData":{"totalVotes":43,"votesTotalChange":-41},"edid":12,"comparativeIndex":0.0,"electionDayVotesPercent":0.5,"nominatorAbbr":{"fi":"VAS","sv":"VF","en":"LEFT"}},{"age":71,"advanceVotesPercent":0.8,"lastname":"Sirviö","occupation":"eläkeläinen","advanceVotes":2,"npid":3,"totalVotes":2,"spid":6,"abbr":"VAS","municipalCouncilor":true,"muid":765,"alid":3,"firstname":"Pertti","electionDayVotes":0,"pid":"15","finalPosition":0,"electedInformation":"ON_SUBSTITUTE_PLACE","totalVotesPercent":0.4,"nominatorName":{"fi":"Vasemmistoliitto","sv":"Vänsterförbundet","en":"The Left Alliance"},"caid":64,"position":0,"gender":"1","comparisonData":{"totalVotes":56,"votesTotalChange":-54},"edid":12,"comparativeIndex":0.0,"electionDayVotesPercent":0.0,"nominatorAbbr":{"fi":"VAS","sv":"VF","en":"LEFT"}},{"age":67,"advanceVotesPercent":0.0,"lastname":"Sorvari","occupation":"diakoni, sosionomi","advanceVotes":0,"npid":6,"totalVotes":2,"spid":8,"abbr":"KD","municipalCouncilor":true,"muid":765,"alid":5,"firstname":"Yrjö","electionDayVotes":2,"pid":"9","finalPosition":0,"electedInformation":"ELECTED","totalVotesPercent":0.4,"nominatorName":{"fi":"Suomen Kristillisdemokraatit (KD)","sv":"Kristdemokraterna i Finland (KD)","en":"Christian Democrats in Finland"},"caid":79,"position":0,"gender":"1","comparisonData":{"totalVotes":129,"votesTotalChange":-127},"edid":12,"comparativeIndex":0.0,"electionDayVotesPercent":1.0,"nominatorAbbr":{"fi":"KD","sv":"KD","en":"CD"}},{"age":53,"advanceVotesPercent":0.4,"lastname":"Karppanen","occupation":"vartija, työsuojeluasiamies","advanceVotes":1,"npid":7,"totalVotes":2,"spid":3,"abbr":"PS","municipalCouncilor":false,"muid":765,"alid":6,"firstname":"Ari","electionDayVotes":1,"pid":"23","finalPosition":0,"electedInformation":"NOT_ELECTED","totalVotesPercent":0.4,"nominatorName":{"fi":"Perussuomalaiset","sv":"Sannfinländarna","en":"The Finns Party"},"caid":82,"position":0,"gender":"1","comparisonData":{"totalVotes":0,"votesTotalChange":2},"edid":12,"comparativeIndex":0.0,"electionDayVotesPercent":0.5,"nominatorAbbr":{"fi":"PS","sv":"Sannf","en":"FINNS"}},{"age":53,"advanceVotesPercent":0.0,"lastname":"Lappalainen","occupation":"kauppatieteiden tohtori, yliopettaja","advanceVotes":0,"npid":1,"totalVotes":1,"spid":2,"abbr":"KOK","municipalCouncilor":false,"muid":765,"alid":1,"firstname":"Jaana","electionDayVotes":1,"pid":"4","finalPosition":0,"electedInformation":"ON_SUBSTITUTE_PLACE","totalVotesPercent":0.2,"nominatorName":{"fi":"Kansallinen Kokoomus","sv":"Samlingspartiet","en":"National Coalition Party"},"caid":10,"position":0,"gender":"2","comparisonData":{"totalVotes":0,"votesTotalChange":1},"edid":12,"comparativeIndex":0.0,"electionDayVotesPercent":0.5,"nominatorAbbr":{"fi":"KOK","sv":"Saml","en":"NCP"}},{"age":56,"advanceVotesPercent":0.4,"lastname":"Leppävuori","occupation":"filosofian maisteri, opettaja","advanceVotes":1,"npid":1,"totalVotes":1,"spid":2,"abbr":"KOK","municipalCouncilor":false,"muid":765,"alid":1,"firstname":"Kirsi","electionDayVotes":0,"pid":"4","finalPosition":0,"electedInformation":"NOT_ELECTED","totalVotesPercent":0.2,"nominatorName":{"fi":"Kansallinen Kokoomus","sv":"Samlingspartiet","en":"National Coalition Party"},"caid":11,"position":0,"gender":"2","comparisonData":{"totalVotes":0,"votesTotalChange":1},"edid":12,"comparativeIndex":0.0,"electionDayVotesPercent":0.0,"nominatorAbbr":{"fi":"KOK","sv":"Saml","en":"NCP"}},{"age":35,"advanceVotesPercent":0.4,"lastname":"Ruuskanen","occupation":"yrittäjä","advanceVotes":1,"npid":1,"totalVotes":1,"spid":2,"abbr":"KOK","municipalCouncilor":false,"muid":765,"alid":1,"firstname":"Nita","electionDayVotes":0,"pid":"4","finalPosition":0,"electedInformation":"NOT_ELECTED","totalVotesPercent":0.2,"nominatorName":{"fi":"Kansallinen Kokoomus","sv":"Samlingspartiet","en":"National Coalition Party"},"caid":15,"position":0,"gender":"2","comparisonData":{"totalVotes":0,"votesTotalChange":1},"edid":12,"comparativeIndex":0.0,"electionDayVotesPercent":0.0,"nominatorAbbr":{"fi":"KOK","sv":"Saml","en":"NCP"}},{"age":41,"advanceVotesPercent":0.4,"lastname":"Räisänen","occupation":"yrittäjä","advanceVotes":1,"npid":2,"totalVotes":1,"spid":1,"abbr":"KESK","municipalCouncilor":false,"muid":765,"alid":2,"firstname":"Pauliina","electionDayVotes":0,"pid":"2","finalPosition":0,"electedInformation":"NOT_ELECTED","totalVotesPercent":0.2,"nominatorName":{"fi":"Suomen Keskusta","sv":"Centern i Finland","en":"Centre Party of Finland"},"caid":51,"position":0,"gender":"2","comparisonData":{"totalVotes":10,"votesTotalChange":-9},"edid":12,"comparativeIndex":0.0,"electionDayVotesPercent":0.0,"nominatorAbbr":{"fi":"KESK","sv":"C","en":"CENT"}},{"age":62,"advanceVotesPercent":0.4,"lastname":"Tervonen","occupation":"eläkeläinen","advanceVotes":1,"npid":3,"totalVotes":1,"spid":6,"abbr":"VAS","municipalCouncilor":false,"muid":765,"alid":3,"firstname":"Paavo","electionDayVotes":0,"pid":"15","finalPosition":0,"electedInformation":"NOT_ELECTED","totalVotesPercent":0.2,"nominatorName":{"fi":"Vasemmistoliitto","sv":"Vänsterförbundet","en":"The Left Alliance"},"caid":67,"position":0,"gender":"1","comparisonData":{"totalVotes":10,"votesTotalChange":-9},"edid":12,"comparativeIndex":0.0,"electionDayVotesPercent":0.0,"nominatorAbbr":{"fi":"VAS","sv":"VF","en":"LEFT"}},{"age":47,"advanceVotesPercent":0.4,"lastname":"Tuohimaa","occupation":"luokanopettaja","advanceVotes":1,"npid":3,"totalVotes":1,"spid":6,"abbr":"VAS","municipalCouncilor":false,"muid":765,"alid":3,"firstname":"Tiina","electionDayVotes":0,"pid":"15","finalPosition":0,"electedInformation":"ON_SUBSTITUTE_PLACE","totalVotesPercent":0.2,"nominatorName":{"fi":"Vasemmistoliitto","sv":"Vänsterförbundet","en":"The Left Alliance"},"caid":69,"position":0,"gender":"2","comparisonData":{"totalVotes":0,"votesTotalChange":1},"edid":12,"comparativeIndex":0.0,"electionDayVotesPercent":0.0,"nominatorAbbr":{"fi":"VAS","sv":"VF","en":"LEFT"}},{"age":63,"advanceVotesPercent":0.4,"lastname":"Kemppainen","occupation":"työehtoasiantuntija","advanceVotes":1,"npid":4,"totalVotes":1,"spid":4,"abbr":"SDP","municipalCouncilor":false,"muid":765,"alid":4,"firstname":"Markku","electionDayVotes":0,"pid":"1","finalPosition":0,"electedInformation":"ON_SUBSTITUTE_PLACE","totalVotesPercent":0.2,"nominatorName":{"fi":"Suomen Sosialidemokraattinen Puolue","sv":"Finlands Socialdemokratiska Parti","en":"The Finnish Social Democratic Party"},"caid":71,"position":0,"gender":"1","comparisonData":{"totalVotes":0,"votesTotalChange":1},"edid":12,"comparativeIndex":0.0,"electionDayVotesPercent":0.0,"nominatorAbbr":{"fi":"SDP","sv":"SDP","en":"SDP"}},{"age":66,"advanceVotesPercent":0.4,"lastname":"Nousiainen","occupation":"asentaja","advanceVotes":1,"npid":4,"totalVotes":1,"spid":4,"abbr":"SDP","municipalCouncilor":false,"muid":765,"alid":4,"firstname":"Pekka","electionDayVotes":0,"pid":"1","finalPosition":0,"electedInformation":"ON_SUBSTITUTE_PLACE","totalVotesPercent":0.2,"nominatorName":{"fi":"Suomen Sosialidemokraattinen Puolue","sv":"Finlands Socialdemokratiska Parti","en":"The Finnish Social Democratic Party"},"caid":72,"position":0,"gender":"1","comparisonData":{"totalVotes":36,"votesTotalChange":-35},"edid":12,"comparativeIndex":0.0,"electionDayVotesPercent":0.0,"nominatorAbbr":{"fi":"SDP","sv":"SDP","en":"SDP"}},{"age":18,"advanceVotesPercent":0.4,"lastname":"Sirviö","occupation":"opiskelija","advanceVotes":1,"npid":7,"totalVotes":1,"spid":3,"abbr":"PS","municipalCouncilor":false,"muid":765,"alid":6,"firstname":"Joni","electionDayVotes":0,"pid":"23","finalPosition":0,"electedInformation":"NOT_ELECTED","totalVotesPercent":0.2,"nominatorName":{"fi":"Perussuomalaiset","sv":"Sannfinländarna","en":"The Finns Party"},"caid":87,"position":0,"gender":"1","comparisonData":{"totalVotes":0,"votesTotalChange":1},"edid":12,"comparativeIndex":0.0,"electionDayVotesPercent":0.0,"nominatorAbbr":{"fi":"PS","sv":"Sannf","en":"FINNS"}},{"age":18,"advanceVotesPercent":0.0,"lastname":"Kemppainen","occupation":"opiskelija","advanceVotes":0,"npid":1,"totalVotes":0,"spid":2,"abbr":"KOK","municipalCouncilor":false,"muid":765,"alid":1,"firstname":"Paavo","electionDayVotes":0,"pid":"4","finalPosition":0,"electedInformation":"NOT_ELECTED","totalVotesPercent":0.0,"nominatorName":{"fi":"Kansallinen Kokoomus","sv":"Samlingspartiet","en":"National Coalition Party"},"caid":3,"position":0,"gender":"1","comparisonData":{"totalVotes":0,"votesTotalChange":0},"edid":12,"comparativeIndex":0.0,"electionDayVotesPercent":0.0,"nominatorAbbr":{"fi":"KOK","sv":"Saml","en":"NCP"}},{"age":54,"advanceVotesPercent":0.0,"lastname":"Kemppainen","occupation":"eläkeläinen","advanceVotes":0,"npid":1,"totalVotes":0,"spid":2,"abbr":"KOK","municipalCouncilor":false,"muid":765,"alid":1,"firstname":"Petri","electionDayVotes":0,"pid":"4","finalPosition":0,"electedInformation":"NOT_ELECTED","totalVotesPercent":0.0,"nominatorName":{"fi":"Kansallinen Kokoomus","sv":"Samlingspartiet","en":"National Coalition Party"},"caid":4,"position":0,"gender":"1","comparisonData":{"totalVotes":17,"votesTotalChange":-17},"edid":12,"comparativeIndex":0.0,"electionDayVotesPercent":0.0,"nominatorAbbr":{"fi":"KOK","sv":"Saml","en":"NCP"}},{"age":52,"advanceVotesPercent":0.0,"lastname":"Laitinen","occupation":"terveydenhoitaja, työterveyshoitaja","advanceVotes":0,"npid":1,"totalVotes":0,"spid":2,"abbr":"KOK","municipalCouncilor":false,"muid":765,"alid":1,"firstname":"Irene","electionDayVotes":0,"pid":"4","finalPosition":0,"electedInformation":"NOT_ELECTED","totalVotesPercent":0.0,"nominatorName":{"fi":"Kansallinen Kokoomus","sv":"Samlingspartiet","en":"National Coalition Party"},"caid":9,"position":0,"gender":"2","comparisonData":{"totalVotes":0,"votesTotalChange":0},"edid":12,"comparativeIndex":0.0,"electionDayVotesPercent":0.0,"nominatorAbbr":{"fi":"KOK","sv":"Saml","en":"NCP"}},{"age":41,"advanceVotesPercent":0.0,"lastname":"Penttinen","occupation":"optikkoyrittäjä","advanceVotes":0,"npid":1,"totalVotes":0,"spid":2,"abbr":"KOK","municipalCouncilor":false,"muid":765,"alid":1,"firstname":"Outi","electionDayVotes":0,"pid":"4","finalPosition":0,"electedInformation":"ON_SUBSTITUTE_PLACE","totalVotesPercent":0.0,"nominatorName":{"fi":"Kansallinen Kokoomus","sv":"Samlingspartiet","en":"National Coalition Party"},"caid":13,"position":0,"gender":"2","comparisonData":{"totalVotes":46,"votesTotalChange":-46},"edid":12,"comparativeIndex":0.0,"electionDayVotesPercent":0.0,"nominatorAbbr":{"fi":"KOK","sv":"Saml","en":"NCP"}},{"age":71,"advanceVotesPercent":0.0,"lastname":"Sarparanta","occupation":"eläkeläinen, liikunnanohjaaja","advanceVotes":0,"npid":1,"totalVotes":0,"spid":2,"abbr":"KOK","municipalCouncilor":true,"muid":765,"alid":1,"firstname":"Vesa-Pekka","electionDayVotes":0,"pid":"4","finalPosition":0,"electedInformation":"ON_SUBSTITUTE_PLACE","totalVotesPercent":0.0,"nominatorName":{"fi":"Kansallinen Kokoomus","sv":"Samlingspartiet","en":"National Coalition Party"},"caid":16,"position":0,"gender":"1","comparisonData":{"totalVotes":53,"votesTotalChange":-53},"edid":12,"comparativeIndex":0.0,"electionDayVotesPercent":0.0,"nominatorAbbr":{"fi":"KOK","sv":"Saml","en":"NCP"}},{"age":61,"advanceVotesPercent":0.0,"lastname":"Suutari","occupation":"system-designer, myyntipäällikkö","advanceVotes":0,"npid":1,"totalVotes":0,"spid":2,"abbr":"KOK","municipalCouncilor":false,"muid":765,"alid":1,"firstname":"Esa","electionDayVotes":0,"pid":"4","finalPosition":0,"electedInformation":"NOT_ELECTED","totalVotesPercent":0.0,"nominatorName":{"fi":"Kansallinen Kokoomus","sv":"Samlingspartiet","en":"National Coalition Party"},"caid":17,"position":0,"gender":"1","comparisonData":{"totalVotes":16,"votesTotalChange":-16},"edid":12,"comparativeIndex":0.0,"electionDayVotesPercent":0.0,"nominatorAbbr":{"fi":"KOK","sv":"Saml","en":"NCP"}},{"age":63,"advanceVotesPercent":0.0,"lastname":"Toijonen","occupation":"sairaanhoitaja","advanceVotes":0,"npid":1,"totalVotes":0,"spid":2,"abbr":"KOK","municipalCouncilor":false,"muid":765,"alid":1,"firstname":"Timo","electionDayVotes":0,"pid":"4","finalPosition":0,"electedInformation":"NOT_ELECTED","totalVotesPercent":0.0,"nominatorName":{"fi":"Kansallinen Kokoomus","sv":"Samlingspartiet","en":"National Coalition Party"},"caid":18,"position":0,"gender":"1","comparisonData":{"totalVotes":30,"votesTotalChange":-30},"edid":12,"comparativeIndex":0.0,"electionDayVotesPercent":0.0,"nominatorAbbr":{"fi":"KOK","sv":"Saml","en":"NCP"}},{"age":40,"advanceVotesPercent":0.0,"lastname":"Värtö","occupation":"luonto-ohjaaja, yo-merkonomi","advanceVotes":0,"npid":1,"totalVotes":0,"spid":2,"abbr":"KOK","municipalCouncilor":false,"muid":765,"alid":1,"firstname":"Anna","electionDayVotes":0,"pid":"4","finalPosition":0,"electedInformation":"NOT_ELECTED","totalVotesPercent":0.0,"nominatorName":{"fi":"Kansallinen Kokoomus","sv":"Samlingspartiet","en":"National Coalition Party"},"caid":21,"position":0,"gender":"2","comparisonData":{"totalVotes":0,"votesTotalChange":0},"edid":12,"comparativeIndex":0.0,"electionDayVotesPercent":0.0,"nominatorAbbr":{"fi":"KOK","sv":"Saml","en":"NCP"}},{"age":32,"advanceVotesPercent":0.0,"lastname":"Khakhulina","occupation":"vastaanottovirkailija, kielten opettaja","advanceVotes":0,"npid":2,"totalVotes":0,"spid":1,"abbr":"KESK","municipalCouncilor":false,"muid":765,"alid":2,"firstname":"Natalia","electionDayVotes":0,"pid":"2","finalPosition":0,"electedInformation":"NOT_ELECTED","totalVotesPercent":0.0,"nominatorName":{"fi":"Suomen Keskusta","sv":"Centern i Finland","en":"Centre Party of Finland"},"caid":31,"position":0,"gender":"2","comparisonData":{"totalVotes":0,"votesTotalChange":0},"edid":12,"comparativeIndex":0.0,"electionDayVotesPercent":0.0,"nominatorAbbr":{"fi":"KESK","sv":"C","en":"CENT"}},{"age":48,"advanceVotesPercent":0.0,"lastname":"Kokkonen","occupation":"kouluavustaja","advanceVotes":0,"npid":2,"totalVotes":0,"spid":1,"abbr":"KESK","municipalCouncilor":false,"muid":765,"alid":2,"firstname":"Sarianne","electionDayVotes":0,"pid":"2","finalPosition":0,"electedInformation":"NOT_ELECTED","totalVotesPercent":0.0,"nominatorName":{"fi":"Suomen Keskusta","sv":"Centern i Finland","en":"Centre Party of Finland"},"caid":33,"position":0,"gender":"2","comparisonData":{"totalVotes":0,"votesTotalChange":0},"edid":12,"comparativeIndex":0.0,"electionDayVotesPercent":0.0,"nominatorAbbr":{"fi":"KESK","sv":"C","en":"CENT"}},{"age":51,"advanceVotesPercent":0.0,"lastname":"Numminen","occupation":"sairaanhoitaja","advanceVotes":0,"npid":2,"totalVotes":0,"spid":1,"abbr":"KESK","municipalCouncilor":false,"muid":765,"alid":2,"firstname":"Johanna","electionDayVotes":0,"pid":"2","finalPosition":0,"electedInformation":"NOT_ELECTED","totalVotesPercent":0.0,"nominatorName":{"fi":"Suomen Keskusta","sv":"Centern i Finland","en":"Centre Party of Finland"},"caid":47,"position":0,"gender":"2","comparisonData":{"totalVotes":0,"votesTotalChange":0},"edid":12,"comparativeIndex":0.0,"electionDayVotesPercent":0.0,"nominatorAbbr":{"fi":"KESK","sv":"C","en":"CENT"}},{"age":63,"advanceVotesPercent":0.0,"lastname":"Oikarinen","occupation":"lehtori","advanceVotes":0,"npid":2,"totalVotes":0,"spid":1,"abbr":"KESK","municipalCouncilor":false,"muid":765,"alid":2,"firstname":"Pekka","electionDayVotes":0,"pid":"2","finalPosition":0,"electedInformation":"NOT_ELECTED","totalVotesPercent":0.0,"nominatorName":{"fi":"Suomen Keskusta","sv":"Centern i Finland","en":"Centre Party of Finland"},"caid":48,"position":0,"gender":"1","comparisonData":{"totalVotes":9,"votesTotalChange":-9},"edid":12,"comparativeIndex":0.0,"electionDayVotesPercent":0.0,"nominatorAbbr":{"fi":"KESK","sv":"C","en":"CENT"}},{"age":59,"advanceVotesPercent":0.0,"lastname":"Piirainen","occupation":"toimitusjohtaja","advanceVotes":0,"npid":2,"totalVotes":0,"spid":1,"abbr":"KESK","municipalCouncilor":false,"muid":765,"alid":2,"firstname":"Markku","electionDayVotes":0,"pid":"2","finalPosition":0,"electedInformation":"ELECTED","totalVotesPercent":0.0,"nominatorName":{"fi":"Suomen Keskusta","sv":"Centern i Finland","en":"Centre Party of Finland"},"caid":49,"position":0,"gender":"1","comparisonData":{"totalVotes":0,"votesTotalChange":0},"edid":12,"comparativeIndex":0.0,"electionDayVotesPercent":0.0,"nominatorAbbr":{"fi":"KESK","sv":"C","en":"CENT"}},{"age":63,"advanceVotesPercent":0.0,"lastname":"Roivainen","occupation":"arkistosihteeri, eläkeläinen","advanceVotes":0,"npid":2,"totalVotes":0,"spid":1,"abbr":"KESK","municipalCouncilor":false,"muid":765,"alid":2,"firstname":"Arja","electionDayVotes":0,"pid":"2","finalPosition":0,"electedInformation":"ON_SUBSTITUTE_PLACE","totalVotesPercent":0.0,"nominatorName":{"fi":"Suomen Keskusta","sv":"Centern i Finland","en":"Centre Party of Finland"},"caid":50,"position":0,"gender":"2","comparisonData":{"totalVotes":0,"votesTotalChange":0},"edid":12,"comparativeIndex":0.0,"electionDayVotesPercent":0.0,"nominatorAbbr":{"fi":"KESK","sv":"C","en":"CENT"}},{"age":52,"advanceVotesPercent":0.0,"lastname":"Sirviö","occupation":"yrittäjä, työfysioterapeutti","advanceVotes":0,"npid":2,"totalVotes":0,"spid":1,"abbr":"KESK","municipalCouncilor":false,"muid":765,"alid":2,"firstname":"Elina","electionDayVotes":0,"pid":"2","finalPosition":0,"electedInformation":"NOT_ELECTED","totalVotesPercent":0.0,"nominatorName":{"fi":"Suomen Keskusta","sv":"Centern i Finland","en":"Centre Party of Finland"},"caid":53,"position":0,"gender":"2","comparisonData":{"totalVotes":0,"votesTotalChange":0},"edid":12,"comparativeIndex":0.0,"electionDayVotesPercent":0.0,"nominatorAbbr":{"fi":"KESK","sv":"C","en":"CENT"}},{"age":20,"advanceVotesPercent":0.0,"lastname":"Hakkarainen","occupation":"opiskelija","advanceVotes":0,"npid":3,"totalVotes":0,"spid":6,"abbr":"VAS","municipalCouncilor":false,"muid":765,"alid":3,"firstname":"Alisa","electionDayVotes":0,"pid":"15","finalPosition":0,"electedInformation":"ON_SUBSTITUTE_PLACE","totalVotesPercent":0.0,"nominatorName":{"fi":"Vasemmistoliitto","sv":"Vänsterförbundet","en":"The Left Alliance"},"caid":56,"position":0,"gender":"2","comparisonData":{"totalVotes":0,"votesTotalChange":0},"edid":12,"comparativeIndex":0.0,"electionDayVotesPercent":0.0,"nominatorAbbr":{"fi":"VAS","sv":"VF","en":"LEFT"}},{"age":68,"advanceVotesPercent":0.0,"lastname":"Pasanen","occupation":"eläkeläinen, kirvesmies","advanceVotes":0,"npid":3,"totalVotes":0,"spid":6,"abbr":"VAS","municipalCouncilor":false,"muid":765,"alid":3,"firstname":"Antero","electionDayVotes":0,"pid":"15","finalPosition":0,"electedInformation":"NOT_ELECTED","totalVotesPercent":0.0,"nominatorName":{"fi":"Vasemmistoliitto","sv":"Vänsterförbundet","en":"The Left Alliance"},"caid":61,"position":0,"gender":"1","comparisonData":{"totalVotes":0,"votesTotalChange":0},"edid":12,"comparativeIndex":0.0,"electionDayVotesPercent":0.0,"nominatorAbbr":{"fi":"VAS","sv":"VF","en":"LEFT"}},{"age":60,"advanceVotesPercent":0.0,"lastname":"Rönkkö","occupation":"kirvesmies","advanceVotes":0,"npid":3,"totalVotes":0,"spid":6,"abbr":"VAS","municipalCouncilor":false,"muid":765,"alid":3,"firstname":"Esko","electionDayVotes":0,"pid":"15","finalPosition":0,"electedInformation":"NOT_ELECTED","totalVotesPercent":0.0,"nominatorName":{"fi":"Vasemmistoliitto","sv":"Vänsterförbundet","en":"The Left Alliance"},"caid":63,"position":0,"gender":"1","comparisonData":{"totalVotes":0,"votesTotalChange":0},"edid":12,"comparativeIndex":0.0,"electionDayVotesPercent":0.0,"nominatorAbbr":{"fi":"VAS","sv":"VF","en":"LEFT"}},{"age":67,"advanceVotesPercent":0.0,"lastname":"Suorsa","occupation":"eläkeläinen","advanceVotes":0,"npid":3,"totalVotes":0,"spid":6,"abbr":"VAS","municipalCouncilor":false,"muid":765,"alid":3,"firstname":"Tuomo","electionDayVotes":0,"pid":"15","finalPosition":0,"electedInformation":"NOT_ELECTED","totalVotesPercent":0.0,"nominatorName":{"fi":"Vasemmistoliitto","sv":"Vänsterförbundet","en":"The Left Alliance"},"caid":65,"position":0,"gender":"1","comparisonData":{"totalVotes":0,"votesTotalChange":0},"edid":12,"comparativeIndex":0.0,"electionDayVotesPercent":0.0,"nominatorAbbr":{"fi":"VAS","sv":"VF","en":"LEFT"}},{"age":55,"advanceVotesPercent":0.0,"lastname":"Tervo","occupation":"konsulentti, siistijä","advanceVotes":0,"npid":3,"totalVotes":0,"spid":6,"abbr":"VAS","municipalCouncilor":false,"muid":765,"alid":3,"firstname":"Riitta","electionDayVotes":0,"pid":"15","finalPosition":0,"electedInformation":"ON_SUBSTITUTE_PLACE","totalVotesPercent":0.0,"nominatorName":{"fi":"Vasemmistoliitto","sv":"Vänsterförbundet","en":"The Left Alliance"},"caid":66,"position":0,"gender":"2","comparisonData":{"totalVotes":0,"votesTotalChange":0},"edid":12,"comparativeIndex":0.0,"electionDayVotesPercent":0.0,"nominatorAbbr":{"fi":"VAS","sv":"VF","en":"LEFT"}},{"age":59,"advanceVotesPercent":0.0,"lastname":"Hänninen","occupation":"koneasentaja","advanceVotes":0,"npid":4,"totalVotes":0,"spid":4,"abbr":"SDP","municipalCouncilor":false,"muid":765,"alid":4,"firstname":"Lauri","electionDayVotes":0,"pid":"1","finalPosition":0,"electedInformation":"NOT_ELECTED","totalVotesPercent":0.0,"nominatorName":{"fi":"Suomen Sosialidemokraattinen Puolue","sv":"Finlands Socialdemokratiska Parti","en":"The Finnish Social Democratic Party"},"caid":70,"position":0,"gender":"1","comparisonData":{"totalVotes":15,"votesTotalChange":-15},"edid":12,"comparativeIndex":0.0,"electionDayVotesPercent":0.0,"nominatorAbbr":{"fi":"SDP","sv":"SDP","en":"SDP"}},{"age":64,"advanceVotesPercent":0.0,"lastname":"Liuski","occupation":"yrittäjä","advanceVotes":0,"npid":6,"totalVotes":0,"spid":8,"abbr":"KD","municipalCouncilor":false,"muid":765,"alid":5,"firstname":"Kalervo","electionDayVotes":0,"pid":"9","finalPosition":0,"electedInformation":"ON_SUBSTITUTE_PLACE","totalVotesPercent":0.0,"nominatorName":{"fi":"Suomen Kristillisdemokraatit (KD)","sv":"Kristdemokraterna i Finland (KD)","en":"Christian Democrats in Finland"},"caid":76,"position":0,"gender":"1","comparisonData":{"totalVotes":0,"votesTotalChange":0},"edid":12,"comparativeIndex":0.0,"electionDayVotesPercent":0.0,"nominatorAbbr":{"fi":"KD","sv":"KD","en":"CD"}},{"age":46,"advanceVotesPercent":0.0,"lastname":"Pääkkönen","occupation":"lähihoitajaopiskelija","advanceVotes":0,"npid":6,"totalVotes":0,"spid":8,"abbr":"KD","municipalCouncilor":false,"muid":765,"alid":5,"firstname":"Riitta","electionDayVotes":0,"pid":"9","finalPosition":0,"electedInformation":"NOT_ELECTED","totalVotesPercent":0.0,"nominatorName":{"fi":"Suomen Kristillisdemokraatit (KD)","sv":"Kristdemokraterna i Finland (KD)","en":"Christian Democrats in Finland"},"caid":77,"position":0,"gender":"2","comparisonData":{"totalVotes":0,"votesTotalChange":0},"edid":12,"comparativeIndex":0.0,"electionDayVotesPercent":0.0,"nominatorAbbr":{"fi":"KD","sv":"KD","en":"CD"}},{"age":52,"advanceVotesPercent":0.0,"lastname":"Sirviö","occupation":"yrittäjä","advanceVotes":0,"npid":6,"totalVotes":0,"spid":8,"abbr":"KD","municipalCouncilor":false,"muid":765,"alid":5,"firstname":"Ismo","electionDayVotes":0,"pid":"9","finalPosition":0,"electedInformation":"NOT_ELECTED","totalVotesPercent":0.0,"nominatorName":{"fi":"Suomen Kristillisdemokraatit (KD)","sv":"Kristdemokraterna i Finland (KD)","en":"Christian Democrats in Finland"},"caid":78,"position":0,"gender":"1","comparisonData":{"totalVotes":10,"votesTotalChange":-10},"edid":12,"comparativeIndex":0.0,"electionDayVotesPercent":0.0,"nominatorAbbr":{"fi":"KD","sv":"KD","en":"CD"}},{"age":20,"advanceVotesPercent":0.0,"lastname":"Karjalainen","occupation":"merkonomi, karaokejuontaja","advanceVotes":0,"npid":7,"totalVotes":0,"spid":3,"abbr":"PS","municipalCouncilor":false,"muid":765,"alid":6,"firstname":"Kira","electionDayVotes":0,"pid":"23","finalPosition":0,"electedInformation":"NOT_ELECTED","totalVotesPercent":0.0,"nominatorName":{"fi":"Perussuomalaiset","sv":"Sannfinländarna","en":"The Finns Party"},"caid":81,"position":0,"gender":"2","comparisonData":{"totalVotes":0,"votesTotalChange":0},"edid":12,"comparativeIndex":0.0,"electionDayVotesPercent":0.0,"nominatorAbbr":{"fi":"PS","sv":"Sannf","en":"FINNS"}},{"age":46,"advanceVotesPercent":0.0,"lastname":"Uusi-Illikainen","occupation":"turvallisuusalan työntekijä, metsäkoneenkuljettaja","advanceVotes":0,"npid":7,"totalVotes":0,"spid":3,"abbr":"PS","municipalCouncilor":false,"muid":765,"alid":6,"firstname":"Mika","electionDayVotes":0,"pid":"23","finalPosition":0,"electedInformation":"NOT_ELECTED","totalVotesPercent":0.0,"nominatorName":{"fi":"Perussuomalaiset","sv":"Sannfinländarna","en":"The Finns Party"},"caid":91,"position":0,"gender":"1","comparisonData":{"totalVotes":0,"votesTotalChange":0},"edid":12,"comparativeIndex":0.0,"electionDayVotesPercent":0.0,"nominatorAbbr":{"fi":"PS","sv":"Sannf","en":"FINNS"}}],"municipalityPollingDistricts":[{"name":{"fi":"Akkoniemi","sv":"Akkoniemi"},"calculationStatusPercent":100.0,"joinedArea":false,"muid":765,"totalVotingInFinlandTurnout":56.3,"identification":"001","pdid":"001","eligibleVotersInFinlandTotal":2673,"edid":12,"mergedToPdid":""},{"name":{"fi":"Kirkonkylä","sv":"Kirkonkylä"},"calculationStatusPercent":100.0,"joinedArea":false,"muid":765,"totalVotingInFinlandTurnout":52.9,"identification":"002","pdid":"002","eligibleVotersInFinlandTotal":2250,"edid":12,"mergedToPdid":""},{"name":{"fi":"Vuokatti","sv":"Vuokatti"},"calculationStatusPercent":100.0,"joinedArea":false,"muid":765,"totalVotingInFinlandTurnout":57.3,"identification":"003","pdid":"003","eligibleVotersInFinlandTotal":2676,"edid":12,"mergedToPdid":""},{"name":{"fi":"Naapurinvaara","sv":"Naapurinvaara"},"calculationStatusPercent":100.0,"joinedArea":false,"muid":765,"totalVotingInFinlandTurnout":56.1,"identification":"004","pdid":"004","eligibleVotersInFinlandTotal":845,"edid":12,"mergedToPdid":""}],"municipality":{"muid":765,"edid":12,"name":{"fi":"Sotkamo","sv":"Sotkamo"}}}