{"version":57,"created":"2017-04-09T21:32:50.787Z","electionDetails":{"electionId":"kv2017","electionDate":"2017-04-09T00:00:00.000Z","electionDataPublishTime":"2017-04-09T17:00:00.000Z","name":{"fi":"Kuntavaalit 2017","sv":"Kommunalval 2017","en":"Elections 2017"},"previousElections":{"correspondingCompareElection":{"electionId":"kv2012","electionDate":"2012-10-28T00:00:00.000Z","name":{"fi":"Kuntavaalit 2012","en":"Municipal elections 2012","sv":"Kommunalval 2012"}},"otherCompareElection":{"electionId":"ev2015","electionDate":"2015-04-19T00:00:00.000Z","name":{"fi":"Eduskuntavaalit 2015","en":"Parliamentary election 2015","sv":"Riksdagsval 2015"}}}},"calculationStatus":{"electionDayVotingTurnout":27.1,"invalidAdvanceVotes":2,"calculationPhase":"INITIAL","invalidElectionDayVotes":1,"approvedAdvanceVotes":361,"advanceVotingTurnout":43.2,"totalVotingTurnoutAbroad":0.0,"name":{"fi":"Hailuoto","sv":"Hailuoto"},"calculationStatusPercent":100.0,"advanceVotes":363,"electionDayVotingTurnoutAbroad":0.0,"approvedTotalVotes":588,"totalVotes":591,"muid":72,"totalVotingInFinlandTurnout":70.4,"advanceVotingTurnoutAbroad":0.0,"invalidTotalVotes":3,"totalVotingTurnout":70.4,"electionDayVotes":228,"electionDayVotesInFinland":228,"pdid":"001","totalVotesInFinlandMen":0,"eligibleVotersInFinlandTotal":840,"calculationStatusPercentElectionDayVotes":100.0,"sourceRecordModificationTime":"20170409202748","otherCompareElection":{"eid":"","eligibleVotersInFinlandTotal":0,"advanceVotingInFinlandTurnout":0.0,"electionDayVotingInFinlandTurnout":0.0,"totalVotingInFinlandTurnout":0.0,"approvedVotesTotal":0,"invalidVotesTotal":0},"correspondingCompareElection":{"eid":"","eligibleVotersInFinlandTotal":0,"advanceVotingInFinlandTurnout":0.0,"electionDayVotingInFinlandTurnout":0.0,"totalVotingInFinlandTurnout":0.0,"approvedVotesTotal":0,"invalidVotesTotal":0,"seats":0},"approvedElectionDayVotes":227,"edid":12,"calculationStatusPercentAdvanceVotes":100.0,"electionDayVotingInFinlandTurnout":27.1,"seats":0,"eligibleVotersTotal":840,"advanceVotesInFinland":363,"advanceVotingInFinlandTurnout":43.2,"totalVotesInFinland":591},"partyResults":[{"advanceVotesPercent":53.5,"name":{"fi":"Suomen Keskusta","sv":"Centern i Finland","en":"Centre Party of Finland"},"advanceVotes":193,"npid":5,"totalVotes":314,"spid":1,"abbr":{"fi":"KESK","sv":"C","en":"CENT"},"alid":5,"electionDayVotes":121,"pid":"2","totalVotesPercent":53.4,"nominatorName":{"fi":"Suomen Keskusta","sv":"Centern i Finland","en":"Centre Party of Finland"},"compareData":{"otherCompareElection":{"votesTotalChange":0,"votesTotalPercentChange":0.0,"votesTotal":314,"votesTotalPercent":53.4},"correspondingCompareElection":{"votesTotalChange":0,"votesTotalPercentChange":0.0,"seatChange":0,"votesTotal":314,"votesTotalPercent":53.4,"seatsTotal":0}},"seats":0,"electionDayVotesPercent":53.3,"nominatorAbbr":{"fi":"KESK","sv":"C","en":"CENT"}},{"advanceVotesPercent":20.8,"name":{"fi":"Suomen Sosialidemokraattinen Puolue","sv":"Finlands Socialdemokratiska Parti","en":"The Finnish Social Democratic Party"},"advanceVotes":75,"npid":1,"totalVotes":109,"spid":4,"abbr":{"fi":"SDP","sv":"SDP","en":"SDP"},"alid":1,"electionDayVotes":34,"pid":"1","totalVotesPercent":18.5,"nominatorName":{"fi":"Suomen Sosialidemokraattinen Puolue","sv":"Finlands Socialdemokratiska Parti","en":"The Finnish Social Democratic Party"},"compareData":{"otherCompareElection":{"votesTotalChange":0,"votesTotalPercentChange":0.0,"votesTotal":109,"votesTotalPercent":18.5},"correspondingCompareElection":{"votesTotalChange":0,"votesTotalPercentChange":0.0,"seatChange":0,"votesTotal":109,"votesTotalPercent":18.5,"seatsTotal":0}},"seats":0,"electionDayVotesPercent":15.0,"nominatorAbbr":{"fi":"SDP","sv":"SDP","en":"SDP"}},{"advanceVotesPercent":10.0,"name":{"fi":"Vasemmistoliitto","sv":"Vänsterförbundet","en":"The Left Alliance"},"advanceVotes":36,"npid":6,"totalVotes":70,"spid":6,"abbr":{"fi":"VAS","sv":"VF","en":"LEFT"},"alid":6,"electionDayVotes":34,"pid":"15","totalVotesPercent":11.9,"nominatorName":{"fi":"Vasemmistoliitto","sv":"Vänsterförbundet","en":"The Left Alliance"},"compareData":{"otherCompareElection":{"votesTotalChange":0,"votesTotalPercentChange":0.0,"votesTotal":70,"votesTotalPercent":11.9},"correspondingCompareElection":{"votesTotalChange":0,"votesTotalPercentChange":0.0,"seatChange":0,"votesTotal":70,"votesTotalPercent":11.9,"seatsTotal":0}},"seats":0,"electionDayVotesPercent":15.0,"nominatorAbbr":{"fi":"VAS","sv":"VF","en":"LEFT"}},{"advanceVotesPercent":6.1,"name":{"fi":"Perussuomalaiset","sv":"Sannfinländarna","en":"The Finns Party"},"advanceVotes":22,"npid":3,"totalVotes":45,"spid":3,"abbr":{"fi":"PS","sv":"Sannf","en":"FINNS"},"alid":3,"electionDayVotes":23,"pid":"23","totalVotesPercent":7.7,"nominatorName":{"fi":"Perussuomalaiset","sv":"Sannfinländarna","en":"The Finns Party"},"compareData":{"otherCompareElection":{"votesTotalChange":0,"votesTotalPercentChange":0.0,"votesTotal":45,"votesTotalPercent":7.7},"correspondingCompareElection":{"votesTotalChange":0,"votesTotalPercentChange":0.0,"seatChange":0,"votesTotal":45,"votesTotalPercent":7.7,"seatsTotal":0}},"seats":0,"electionDayVotesPercent":10.1,"nominatorAbbr":{"fi":"PS","sv":"Sannf","en":"FINNS"}},{"advanceVotesPercent":7.5,"name":{"fi":"Kansallinen Kokoomus","sv":"Samlingspartiet","en":"National Coalition Party"},"advanceVotes":27,"npid":2,"totalVotes":41,"spid":2,"abbr":{"fi":"KOK","sv":"Saml","en":"NCP"},"alid":2,"electionDayVotes":14,"pid":"4","totalVotesPercent":7.0,"nominatorName":{"fi":"Kansallinen Kokoomus","sv":"Samlingspartiet","en":"National Coalition Party"},"compareData":{"otherCompareElection":{"votesTotalChange":0,"votesTotalPercentChange":0.0,"votesTotal":41,"votesTotalPercent":7.0},"correspondingCompareElection":{"votesTotalChange":0,"votesTotalPercentChange":0.0,"seatChange":0,"votesTotal":41,"votesTotalPercent":7.0,"seatsTotal":0}},"seats":0,"electionDayVotesPercent":6.2,"nominatorAbbr":{"fi":"KOK","sv":"Saml","en":"NCP"}},{"advanceVotesPercent":2.2,"name":{"fi":"Vihreä liitto","sv":"Gröna förbundet","en":"Green League"},"advanceVotes":8,"npid":4,"totalVotes":9,"spid":5,"abbr":{"fi":"VIHR","sv":"Gröna","en":"GREEN"},"alid":4,"electionDayVotes":1,"pid":"13","totalVotesPercent":1.5,"nominatorName":{"fi":"Vihreä liitto","sv":"Gröna förbundet","en":"Green League"},"compareData":{"otherCompareElection":{"votesTotalChange":0,"votesTotalPercentChange":0.0,"votesTotal":9,"votesTotalPercent":1.5},"correspondingCompareElection":{"votesTotalChange":0,"votesTotalPercentChange":0.0,"seatChange":0,"votesTotal":9,"votesTotalPercent":1.5,"seatsTotal":0}},"seats":0,"electionDayVotesPercent":0.4,"nominatorAbbr":{"fi":"VIHR","sv":"Gröna","en":"GREEN"}}],"candidateResults":[{"age":46,"advanceVotesPercent":4.7,"lastname":"Rapinoja","occupation":"FM, työsuunnittelija","advanceVotes":17,"npid":6,"totalVotes":36,"spid":6,"abbr":"VAS","municipalCouncilor":false,"muid":72,"alid":6,"firstname":"Susanna","electionDayVotes":19,"pid":"15","finalPosition":0,"electedInformation":"ELECTED","totalVotesPercent":6.1,"nominatorName":{"fi":"Vasemmistoliitto","sv":"Vänsterförbundet","en":"The Left Alliance"},"caid":36,"position":0,"gender":"2","comparisonData":{"totalVotes":15,"votesTotalChange":21},"edid":12,"comparativeIndex":0.0,"electionDayVotesPercent":8.4,"nominatorAbbr":{"fi":"VAS","sv":"VF","en":"LEFT"}},{"age":34,"advanceVotesPercent":5.0,"lastname":"Poukkanen","occupation":"yrittäjä","advanceVotes":18,"npid":5,"totalVotes":35,"spid":1,"abbr":"KESK","municipalCouncilor":false,"muid":72,"alid":5,"firstname":"Iiris","electionDayVotes":17,"pid":"2","finalPosition":0,"electedInformation":"ELECTED","totalVotesPercent":6.0,"nominatorName":{"fi":"Suomen Keskusta","sv":"Centern i Finland","en":"Centre Party of Finland"},"caid":27,"position":0,"gender":"2","comparisonData":{"totalVotes":0,"votesTotalChange":35},"edid":12,"comparativeIndex":0.0,"electionDayVotesPercent":7.5,"nominatorAbbr":{"fi":"KESK","sv":"C","en":"CENT"}},{"age":50,"advanceVotesPercent":5.8,"lastname":"Tuomikoski","occupation":"konepäällikkö","advanceVotes":21,"npid":2,"totalVotes":31,"spid":2,"abbr":"KOK","municipalCouncilor":false,"muid":72,"alid":2,"firstname":"Mikko","electionDayVotes":10,"pid":"4","finalPosition":0,"electedInformation":"ELECTED","totalVotesPercent":5.3,"nominatorName":{"fi":"Kansallinen Kokoomus","sv":"Samlingspartiet","en":"National Coalition Party"},"caid":12,"position":0,"gender":"1","comparisonData":{"totalVotes":0,"votesTotalChange":31},"edid":12,"comparativeIndex":0.0,"electionDayVotesPercent":4.4,"nominatorAbbr":{"fi":"KOK","sv":"Saml","en":"NCP"}},{"age":53,"advanceVotesPercent":6.1,"lastname":"Pramila","occupation":"luotsikutterinhoitaja","advanceVotes":22,"npid":5,"totalVotes":30,"spid":1,"abbr":"KESK","municipalCouncilor":true,"muid":72,"alid":5,"firstname":"Sauli","electionDayVotes":8,"pid":"2","finalPosition":0,"electedInformation":"ELECTED","totalVotesPercent":5.1,"nominatorName":{"fi":"Suomen Keskusta","sv":"Centern i Finland","en":"Centre Party of Finland"},"caid":29,"position":0,"gender":"1","comparisonData":{"totalVotes":27,"votesTotalChange":3},"edid":12,"comparativeIndex":0.0,"electionDayVotesPercent":3.5,"nominatorAbbr":{"fi":"KESK","sv":"C","en":"CENT"}},{"age":38,"advanceVotesPercent":4.2,"lastname":"Toppi","occupation":"matemaattisten aineiden opettaja","advanceVotes":15,"npid":5,"totalVotes":30,"spid":1,"abbr":"KESK","municipalCouncilor":false,"muid":72,"alid":5,"firstname":"Marjut","electionDayVotes":15,"pid":"2","finalPosition":0,"electedInformation":"ELECTED","totalVotesPercent":5.1,"nominatorName":{"fi":"Suomen Keskusta","sv":"Centern i Finland","en":"Centre Party of Finland"},"caid":31,"position":0,"gender":"2","comparisonData":{"totalVotes":0,"votesTotalChange":30},"edid":12,"comparativeIndex":0.0,"electionDayVotesPercent":6.6,"nominatorAbbr":{"fi":"KESK","sv":"C","en":"CENT"}},{"age":33,"advanceVotesPercent":3.6,"lastname":"Kurikka","occupation":"maanviljelijä","advanceVotes":13,"npid":5,"totalVotes":26,"spid":1,"abbr":"KESK","municipalCouncilor":false,"muid":72,"alid":5,"firstname":"Risto","electionDayVotes":13,"pid":"2","finalPosition":0,"electedInformation":"ELECTED","totalVotesPercent":4.4,"nominatorName":{"fi":"Suomen Keskusta","sv":"Centern i Finland","en":"Centre Party of Finland"},"caid":22,"position":0,"gender":"1","comparisonData":{"totalVotes":0,"votesTotalChange":26},"edid":12,"comparativeIndex":0.0,"electionDayVotesPercent":5.7,"nominatorAbbr":{"fi":"KESK","sv":"C","en":"CENT"}},{"age":79,"advanceVotesPercent":5.0,"lastname":"Tönkyrä","occupation":"ent. käyttöpäällikkö","advanceVotes":18,"npid":1,"totalVotes":24,"spid":4,"abbr":"SDP","municipalCouncilor":true,"muid":72,"alid":1,"firstname":"Kalevi","electionDayVotes":6,"pid":"1","finalPosition":0,"electedInformation":"ELECTED","totalVotesPercent":4.1,"nominatorName":{"fi":"Suomen Sosialidemokraattinen Puolue","sv":"Finlands Socialdemokratiska Parti","en":"The Finnish Social Democratic Party"},"caid":2,"position":0,"gender":"1","comparisonData":{"totalVotes":20,"votesTotalChange":4},"edid":12,"comparativeIndex":0.0,"electionDayVotesPercent":2.6,"nominatorAbbr":{"fi":"SDP","sv":"SDP","en":"SDP"}},{"age":44,"advanceVotesPercent":4.2,"lastname":"Välimäki","occupation":"kalastaja","advanceVotes":15,"npid":5,"totalVotes":24,"spid":1,"abbr":"KESK","municipalCouncilor":false,"muid":72,"alid":5,"firstname":"Marko","electionDayVotes":9,"pid":"2","finalPosition":0,"electedInformation":"ELECTED","totalVotesPercent":4.1,"nominatorName":{"fi":"Suomen Keskusta","sv":"Centern i Finland","en":"Centre Party of Finland"},"caid":34,"position":0,"gender":"1","comparisonData":{"totalVotes":13,"votesTotalChange":11},"edid":12,"comparativeIndex":0.0,"electionDayVotesPercent":4.0,"nominatorAbbr":{"fi":"KESK","sv":"C","en":"CENT"}},{"age":61,"advanceVotesPercent":3.9,"lastname":"Louhimaa","occupation":"tradenomi, eläkeläinen","advanceVotes":14,"npid":6,"totalVotes":23,"spid":6,"abbr":"VAS","municipalCouncilor":true,"muid":72,"alid":6,"firstname":"Raili","electionDayVotes":9,"pid":"15","finalPosition":0,"electedInformation":"ELECTED","totalVotesPercent":3.9,"nominatorName":{"fi":"Vasemmistoliitto","sv":"Vänsterförbundet","en":"The Left Alliance"},"caid":35,"position":0,"gender":"2","comparisonData":{"totalVotes":36,"votesTotalChange":-13},"edid":12,"comparativeIndex":0.0,"electionDayVotesPercent":4.0,"nominatorAbbr":{"fi":"VAS","sv":"VF","en":"LEFT"}},{"age":69,"advanceVotesPercent":5.0,"lastname":"Sauvola","occupation":"vaununtarkastaja, eläkeläinen","advanceVotes":18,"npid":1,"totalVotes":22,"spid":4,"abbr":"SDP","municipalCouncilor":true,"muid":72,"alid":1,"firstname":"Leo","electionDayVotes":4,"pid":"1","finalPosition":0,"electedInformation":"ELECTED","totalVotesPercent":3.7,"nominatorName":{"fi":"Suomen Sosialidemokraattinen Puolue","sv":"Finlands Socialdemokratiska Parti","en":"The Finnish Social Democratic Party"},"caid":4,"position":0,"gender":"1","comparisonData":{"totalVotes":21,"votesTotalChange":1},"edid":12,"comparativeIndex":0.0,"electionDayVotesPercent":1.8,"nominatorAbbr":{"fi":"SDP","sv":"SDP","en":"SDP"}},{"age":49,"advanceVotesPercent":4.4,"lastname":"Maikkola","occupation":"erityisopettaja, KM","advanceVotes":16,"npid":5,"totalVotes":21,"spid":1,"abbr":"KESK","municipalCouncilor":true,"muid":72,"alid":5,"firstname":"Minna","electionDayVotes":5,"pid":"2","finalPosition":0,"electedInformation":"ELECTED","totalVotesPercent":3.6,"nominatorName":{"fi":"Suomen Keskusta","sv":"Centern i Finland","en":"Centre Party of Finland"},"caid":25,"position":0,"gender":"2","comparisonData":{"totalVotes":19,"votesTotalChange":2},"edid":12,"comparativeIndex":0.0,"electionDayVotesPercent":2.2,"nominatorAbbr":{"fi":"KESK","sv":"C","en":"CENT"}},{"age":55,"advanceVotesPercent":3.6,"lastname":"Vähämetsä","occupation":"maaseutuyrittäjä, agrologi (Amk)","advanceVotes":13,"npid":5,"totalVotes":20,"spid":1,"abbr":"KESK","municipalCouncilor":false,"muid":72,"alid":5,"firstname":"Arto","electionDayVotes":7,"pid":"2","finalPosition":0,"electedInformation":"ELECTED","totalVotesPercent":3.4,"nominatorName":{"fi":"Suomen Keskusta","sv":"Centern i Finland","en":"Centre Party of Finland"},"caid":33,"position":0,"gender":"1","comparisonData":{"totalVotes":0,"votesTotalChange":20},"edid":12,"comparativeIndex":0.0,"electionDayVotesPercent":3.1,"nominatorAbbr":{"fi":"KESK","sv":"C","en":"CENT"}},{"age":62,"advanceVotesPercent":2.2,"lastname":"Tero","occupation":"kirvesmies","advanceVotes":8,"npid":3,"totalVotes":19,"spid":3,"abbr":"PS","municipalCouncilor":false,"muid":72,"alid":3,"firstname":"Jorma","electionDayVotes":11,"pid":"23","finalPosition":0,"electedInformation":"ELECTED","totalVotesPercent":3.2,"nominatorName":{"fi":"Perussuomalaiset","sv":"Sannfinländarna","en":"The Finns Party"},"caid":15,"position":0,"gender":"1","comparisonData":{"totalVotes":0,"votesTotalChange":19},"edid":12,"comparativeIndex":0.0,"electionDayVotesPercent":4.8,"nominatorAbbr":{"fi":"PS","sv":"Sannf","en":"FINNS"}},{"age":30,"advanceVotesPercent":3.6,"lastname":"Iljana","occupation":"DI, maanviljelijä","advanceVotes":13,"npid":5,"totalVotes":18,"spid":1,"abbr":"KESK","municipalCouncilor":true,"muid":72,"alid":5,"firstname":"Mikko","electionDayVotes":5,"pid":"2","finalPosition":0,"electedInformation":"ELECTED","totalVotesPercent":3.1,"nominatorName":{"fi":"Suomen Keskusta","sv":"Centern i Finland","en":"Centre Party of Finland"},"caid":20,"position":0,"gender":"1","comparisonData":{"totalVotes":13,"votesTotalChange":5},"edid":12,"comparativeIndex":0.0,"electionDayVotesPercent":2.2,"nominatorAbbr":{"fi":"KESK","sv":"C","en":"CENT"}},{"age":75,"advanceVotesPercent":3.9,"lastname":"Lumijärvi","occupation":"opettaja","advanceVotes":14,"npid":5,"totalVotes":17,"spid":1,"abbr":"KESK","municipalCouncilor":false,"muid":72,"alid":5,"firstname":"Riitta","electionDayVotes":3,"pid":"2","finalPosition":0,"electedInformation":"ELECTED","totalVotesPercent":2.9,"nominatorName":{"fi":"Suomen Keskusta","sv":"Centern i Finland","en":"Centre Party of Finland"},"caid":23,"position":0,"gender":"2","comparisonData":{"totalVotes":192,"votesTotalChange":-175},"edid":12,"comparativeIndex":0.0,"electionDayVotesPercent":1.3,"nominatorAbbr":{"fi":"KESK","sv":"C","en":"CENT"}},{"age":64,"advanceVotesPercent":3.0,"lastname":"Patokoski","occupation":"eläkeläinen","advanceVotes":11,"npid":5,"totalVotes":17,"spid":1,"abbr":"KESK","municipalCouncilor":false,"muid":72,"alid":5,"firstname":"Ahti","electionDayVotes":6,"pid":"2","finalPosition":0,"electedInformation":"ELECTED","totalVotesPercent":2.9,"nominatorName":{"fi":"Suomen Keskusta","sv":"Centern i Finland","en":"Centre Party of Finland"},"caid":26,"position":0,"gender":"1","comparisonData":{"totalVotes":0,"votesTotalChange":17},"edid":12,"comparativeIndex":0.0,"electionDayVotesPercent":2.6,"nominatorAbbr":{"fi":"KESK","sv":"C","en":"CENT"}},{"age":64,"advanceVotesPercent":3.0,"lastname":"Rantasuo","occupation":"reskontra-asiantuntija, eläkeläinen","advanceVotes":11,"npid":1,"totalVotes":16,"spid":4,"abbr":"SDP","municipalCouncilor":true,"muid":72,"alid":1,"firstname":"Pirkko","electionDayVotes":5,"pid":"1","finalPosition":0,"electedInformation":"ELECTED","totalVotesPercent":2.7,"nominatorName":{"fi":"Suomen Sosialidemokraattinen Puolue","sv":"Finlands Socialdemokratiska Parti","en":"The Finnish Social Democratic Party"},"caid":3,"position":0,"gender":"2","comparisonData":{"totalVotes":16,"votesTotalChange":0},"edid":12,"comparativeIndex":0.0,"electionDayVotesPercent":2.2,"nominatorAbbr":{"fi":"SDP","sv":"SDP","en":"SDP"}},{"age":34,"advanceVotesPercent":2.8,"lastname":"Honkanen","occupation":"artesaani, projektipäällikkö","advanceVotes":10,"npid":5,"totalVotes":15,"spid":1,"abbr":"KESK","municipalCouncilor":false,"muid":72,"alid":5,"firstname":"Sari","electionDayVotes":5,"pid":"2","finalPosition":0,"electedInformation":"ON_SUBSTITUTE_PLACE","totalVotesPercent":2.6,"nominatorName":{"fi":"Suomen Keskusta","sv":"Centern i Finland","en":"Centre Party of Finland"},"caid":19,"position":0,"gender":"2","comparisonData":{"totalVotes":0,"votesTotalChange":15},"edid":12,"comparativeIndex":0.0,"electionDayVotesPercent":2.2,"nominatorAbbr":{"fi":"KESK","sv":"C","en":"CENT"}},{"age":64,"advanceVotesPercent":3.3,"lastname":"Ketola","occupation":"luotsi, eläkeläinen","advanceVotes":12,"npid":1,"totalVotes":14,"spid":4,"abbr":"SDP","municipalCouncilor":false,"muid":72,"alid":1,"firstname":"Markku","electionDayVotes":2,"pid":"1","finalPosition":0,"electedInformation":"ON_SUBSTITUTE_PLACE","totalVotesPercent":2.4,"nominatorName":{"fi":"Suomen Sosialidemokraattinen Puolue","sv":"Finlands Socialdemokratiska Parti","en":"The Finnish Social Democratic Party"},"caid":8,"position":0,"gender":"1","comparisonData":{"totalVotes":11,"votesTotalChange":3},"edid":12,"comparativeIndex":0.0,"electionDayVotesPercent":0.9,"nominatorAbbr":{"fi":"SDP","sv":"SDP","en":"SDP"}},{"age":70,"advanceVotesPercent":2.8,"lastname":"Kalaja","occupation":"eläkeläinen","advanceVotes":10,"npid":5,"totalVotes":14,"spid":1,"abbr":"KESK","municipalCouncilor":true,"muid":72,"alid":5,"firstname":"Matti","electionDayVotes":4,"pid":"2","finalPosition":0,"electedInformation":"ON_SUBSTITUTE_PLACE","totalVotesPercent":2.4,"nominatorName":{"fi":"Suomen Keskusta","sv":"Centern i Finland","en":"Centre Party of Finland"},"caid":21,"position":0,"gender":"1","comparisonData":{"totalVotes":14,"votesTotalChange":0},"edid":12,"comparativeIndex":0.0,"electionDayVotesPercent":1.8,"nominatorAbbr":{"fi":"KESK","sv":"C","en":"CENT"}},{"age":32,"advanceVotesPercent":1.7,"lastname":"Havana","occupation":"agrologi (Amk)","advanceVotes":6,"npid":5,"totalVotes":13,"spid":1,"abbr":"KESK","municipalCouncilor":false,"muid":72,"alid":5,"firstname":"Jaakko","electionDayVotes":7,"pid":"2","finalPosition":0,"electedInformation":"ON_SUBSTITUTE_PLACE","totalVotesPercent":2.2,"nominatorName":{"fi":"Suomen Keskusta","sv":"Centern i Finland","en":"Centre Party of Finland"},"caid":18,"position":0,"gender":"1","comparisonData":{"totalVotes":0,"votesTotalChange":13},"edid":12,"comparativeIndex":0.0,"electionDayVotesPercent":3.1,"nominatorAbbr":{"fi":"KESK","sv":"C","en":"CENT"}},{"age":29,"advanceVotesPercent":2.5,"lastname":"Vuotikka","occupation":"sairaanhoitaja","advanceVotes":9,"npid":5,"totalVotes":13,"spid":1,"abbr":"KESK","municipalCouncilor":false,"muid":72,"alid":5,"firstname":"Marita","electionDayVotes":4,"pid":"2","finalPosition":0,"electedInformation":"ON_SUBSTITUTE_PLACE","totalVotesPercent":2.2,"nominatorName":{"fi":"Suomen Keskusta","sv":"Centern i Finland","en":"Centre Party of Finland"},"caid":32,"position":0,"gender":"2","comparisonData":{"totalVotes":11,"votesTotalChange":2},"edid":12,"comparativeIndex":0.0,"electionDayVotesPercent":1.8,"nominatorAbbr":{"fi":"KESK","sv":"C","en":"CENT"}},{"age":32,"advanceVotesPercent":1.9,"lastname":"Suutari","occupation":"koti-isä","advanceVotes":7,"npid":1,"totalVotes":11,"spid":4,"abbr":"SDP","municipalCouncilor":false,"muid":72,"alid":1,"firstname":"Vesa","electionDayVotes":4,"pid":"1","finalPosition":0,"electedInformation":"ON_SUBSTITUTE_PLACE","totalVotesPercent":1.9,"nominatorName":{"fi":"Suomen Sosialidemokraattinen Puolue","sv":"Finlands Socialdemokratiska Parti","en":"The Finnish Social Democratic Party"},"caid":9,"position":0,"gender":"1","comparisonData":{"totalVotes":0,"votesTotalChange":11},"edid":12,"comparativeIndex":0.0,"electionDayVotesPercent":1.8,"nominatorAbbr":{"fi":"SDP","sv":"SDP","en":"SDP"}},{"age":75,"advanceVotesPercent":1.4,"lastname":"Tönkyrä","occupation":"senioriyrittäjä","advanceVotes":5,"npid":6,"totalVotes":11,"spid":6,"abbr":"VAS","municipalCouncilor":false,"muid":72,"alid":6,"firstname":"Veikko","electionDayVotes":6,"pid":"15","finalPosition":0,"electedInformation":"ON_SUBSTITUTE_PLACE","totalVotesPercent":1.9,"nominatorName":{"fi":"Vasemmistoliitto","sv":"Vänsterförbundet","en":"The Left Alliance"},"caid":37,"position":0,"gender":"1","comparisonData":{"totalVotes":0,"votesTotalChange":11},"edid":12,"comparativeIndex":0.0,"electionDayVotesPercent":2.6,"nominatorAbbr":{"fi":"VAS","sv":"VF","en":"LEFT"}},{"age":57,"advanceVotesPercent":1.7,"lastname":"Kemppainen","occupation":"talonrakennusinsinööri","advanceVotes":6,"npid":2,"totalVotes":10,"spid":2,"abbr":"KOK","municipalCouncilor":false,"muid":72,"alid":2,"firstname":"Aaro","electionDayVotes":4,"pid":"4","finalPosition":0,"electedInformation":"ON_SUBSTITUTE_PLACE","totalVotesPercent":1.7,"nominatorName":{"fi":"Kansallinen Kokoomus","sv":"Samlingspartiet","en":"National Coalition Party"},"caid":11,"position":0,"gender":"1","comparisonData":{"totalVotes":0,"votesTotalChange":10},"edid":12,"comparativeIndex":0.0,"electionDayVotesPercent":1.8,"nominatorAbbr":{"fi":"KOK","sv":"Saml","en":"NCP"}},{"age":59,"advanceVotesPercent":1.1,"lastname":"Sauvola","occupation":"laitosmies","advanceVotes":4,"npid":3,"totalVotes":9,"spid":3,"abbr":"PS","municipalCouncilor":false,"muid":72,"alid":3,"firstname":"Juha","electionDayVotes":5,"pid":"23","finalPosition":0,"electedInformation":"ON_SUBSTITUTE_PLACE","totalVotesPercent":1.5,"nominatorName":{"fi":"Perussuomalaiset","sv":"Sannfinländarna","en":"The Finns Party"},"caid":14,"position":0,"gender":"1","comparisonData":{"totalVotes":10,"votesTotalChange":-1},"edid":12,"comparativeIndex":0.0,"electionDayVotesPercent":2.2,"nominatorAbbr":{"fi":"PS","sv":"Sannf","en":"FINNS"}},{"age":57,"advanceVotesPercent":1.9,"lastname":"Tero","occupation":"pajaohjaaja","advanceVotes":7,"npid":3,"totalVotes":9,"spid":3,"abbr":"PS","municipalCouncilor":false,"muid":72,"alid":3,"firstname":"Pertti","electionDayVotes":2,"pid":"23","finalPosition":0,"electedInformation":"ON_SUBSTITUTE_PLACE","totalVotesPercent":1.5,"nominatorName":{"fi":"Perussuomalaiset","sv":"Sannfinländarna","en":"The Finns Party"},"caid":16,"position":0,"gender":"1","comparisonData":{"totalVotes":7,"votesTotalChange":2},"edid":12,"comparativeIndex":0.0,"electionDayVotesPercent":0.9,"nominatorAbbr":{"fi":"PS","sv":"Sannf","en":"FINNS"}},{"age":49,"advanceVotesPercent":2.2,"lastname":"Tuhkanen","occupation":"seksuaali- ja parisuhdeterapeutti","advanceVotes":8,"npid":4,"totalVotes":9,"spid":5,"abbr":"VIHR","municipalCouncilor":false,"muid":72,"alid":4,"firstname":"Kari","electionDayVotes":1,"pid":"13","finalPosition":0,"electedInformation":"NOT_ELECTED","totalVotesPercent":1.5,"nominatorName":{"fi":"Vihreä liitto","sv":"Gröna förbundet","en":"Green League"},"caid":17,"position":0,"gender":"1","comparisonData":{"totalVotes":0,"votesTotalChange":9},"edid":12,"comparativeIndex":0.0,"electionDayVotesPercent":0.4,"nominatorAbbr":{"fi":"VIHR","sv":"Gröna","en":"GREEN"}},{"age":70,"advanceVotesPercent":1.9,"lastname":"Hautanen","occupation":"luotsi, eläkeläinen","advanceVotes":7,"npid":1,"totalVotes":8,"spid":4,"abbr":"SDP","municipalCouncilor":false,"muid":72,"alid":1,"firstname":"Matti","electionDayVotes":1,"pid":"1","finalPosition":0,"electedInformation":"ON_SUBSTITUTE_PLACE","totalVotesPercent":1.4,"nominatorName":{"fi":"Suomen Sosialidemokraattinen Puolue","sv":"Finlands Socialdemokratiska Parti","en":"The Finnish Social Democratic Party"},"caid":10,"position":0,"gender":"1","comparisonData":{"totalVotes":13,"votesTotalChange":-5},"edid":12,"comparativeIndex":0.0,"electionDayVotesPercent":0.4,"nominatorAbbr":{"fi":"SDP","sv":"SDP","en":"SDP"}},{"age":70,"advanceVotesPercent":0.8,"lastname":"Rantapirkola","occupation":"eläkeläinen","advanceVotes":3,"npid":3,"totalVotes":8,"spid":3,"abbr":"PS","municipalCouncilor":false,"muid":72,"alid":3,"firstname":"Kaarlo","electionDayVotes":5,"pid":"23","finalPosition":0,"electedInformation":"NOT_ELECTED","totalVotesPercent":1.4,"nominatorName":{"fi":"Perussuomalaiset","sv":"Sannfinländarna","en":"The Finns Party"},"caid":13,"position":0,"gender":"1","comparisonData":{"totalVotes":11,"votesTotalChange":-3},"edid":12,"comparativeIndex":0.0,"electionDayVotesPercent":2.2,"nominatorAbbr":{"fi":"PS","sv":"Sannf","en":"FINNS"}},{"age":45,"advanceVotesPercent":0.3,"lastname":"Luoma-aho","occupation":"agrologi","advanceVotes":1,"npid":5,"totalVotes":7,"spid":1,"abbr":"KESK","municipalCouncilor":false,"muid":72,"alid":5,"firstname":"Leena","electionDayVotes":6,"pid":"2","finalPosition":0,"electedInformation":"ON_SUBSTITUTE_PLACE","totalVotesPercent":1.2,"nominatorName":{"fi":"Suomen Keskusta","sv":"Centern i Finland","en":"Centre Party of Finland"},"caid":24,"position":0,"gender":"2","comparisonData":{"totalVotes":13,"votesTotalChange":-6},"edid":12,"comparativeIndex":0.0,"electionDayVotesPercent":2.6,"nominatorAbbr":{"fi":"KESK","sv":"C","en":"CENT"}},{"age":28,"advanceVotesPercent":0.8,"lastname":"Pramila","occupation":"CNC-koneistaja","advanceVotes":3,"npid":5,"totalVotes":7,"spid":1,"abbr":"KESK","municipalCouncilor":false,"muid":72,"alid":5,"firstname":"Sampo","electionDayVotes":4,"pid":"2","finalPosition":0,"electedInformation":"ON_SUBSTITUTE_PLACE","totalVotesPercent":1.2,"nominatorName":{"fi":"Suomen Keskusta","sv":"Centern i Finland","en":"Centre Party of Finland"},"caid":28,"position":0,"gender":"1","comparisonData":{"totalVotes":0,"votesTotalChange":7},"edid":12,"comparativeIndex":0.0,"electionDayVotesPercent":1.8,"nominatorAbbr":{"fi":"KESK","sv":"C","en":"CENT"}},{"age":41,"advanceVotesPercent":1.1,"lastname":"Sipilä","occupation":"maaseutuyrittäjä","advanceVotes":4,"npid":5,"totalVotes":7,"spid":1,"abbr":"KESK","municipalCouncilor":false,"muid":72,"alid":5,"firstname":"Sanna","electionDayVotes":3,"pid":"2","finalPosition":0,"electedInformation":"ON_SUBSTITUTE_PLACE","totalVotesPercent":1.2,"nominatorName":{"fi":"Suomen Keskusta","sv":"Centern i Finland","en":"Centre Party of Finland"},"caid":30,"position":0,"gender":"2","comparisonData":{"totalVotes":8,"votesTotalChange":-1},"edid":12,"comparativeIndex":0.0,"electionDayVotesPercent":1.3,"nominatorAbbr":{"fi":"KESK","sv":"C","en":"CENT"}},{"age":61,"advanceVotesPercent":0.3,"lastname":"Laurila","occupation":"yrittäjä","advanceVotes":1,"npid":1,"totalVotes":6,"spid":4,"abbr":"SDP","municipalCouncilor":false,"muid":72,"alid":1,"firstname":"Ritva","electionDayVotes":5,"pid":"1","finalPosition":0,"electedInformation":"NOT_ELECTED","totalVotesPercent":1.0,"nominatorName":{"fi":"Suomen Sosialidemokraattinen Puolue","sv":"Finlands Socialdemokratiska Parti","en":"The Finnish Social Democratic Party"},"caid":5,"position":0,"gender":"2","comparisonData":{"totalVotes":7,"votesTotalChange":-1},"edid":12,"comparativeIndex":0.0,"electionDayVotesPercent":2.2,"nominatorAbbr":{"fi":"SDP","sv":"SDP","en":"SDP"}},{"age":72,"advanceVotesPercent":0.0,"lastname":"Holappa","occupation":"eläkeläinen","advanceVotes":0,"npid":1,"totalVotes":5,"spid":4,"abbr":"SDP","municipalCouncilor":false,"muid":72,"alid":1,"firstname":"Lauri","electionDayVotes":5,"pid":"1","finalPosition":0,"electedInformation":"NOT_ELECTED","totalVotesPercent":0.9,"nominatorName":{"fi":"Suomen Sosialidemokraattinen Puolue","sv":"Finlands Socialdemokratiska Parti","en":"The Finnish Social Democratic Party"},"caid":6,"position":0,"gender":"1","comparisonData":{"totalVotes":4,"votesTotalChange":1},"edid":12,"comparativeIndex":0.0,"electionDayVotesPercent":2.2,"nominatorAbbr":{"fi":"SDP","sv":"SDP","en":"SDP"}},{"age":44,"advanceVotesPercent":0.3,"lastname":"Blomqvist","occupation":"ajoneuvoasentaja","advanceVotes":1,"npid":1,"totalVotes":3,"spid":4,"abbr":"SDP","municipalCouncilor":false,"muid":72,"alid":1,"firstname":"Petri","electionDayVotes":2,"pid":"1","finalPosition":0,"electedInformation":"NOT_ELECTED","totalVotesPercent":0.5,"nominatorName":{"fi":"Suomen Sosialidemokraattinen Puolue","sv":"Finlands Socialdemokratiska Parti","en":"The Finnish Social Democratic Party"},"caid":7,"position":0,"gender":"1","comparisonData":{"totalVotes":4,"votesTotalChange":-1},"edid":12,"comparativeIndex":0.0,"electionDayVotesPercent":0.9,"nominatorAbbr":{"fi":"SDP","sv":"SDP","en":"SDP"}}],"municipalityPollingDistricts":[{"name":{"fi":"Hailuoto","sv":"Hailuoto"},"calculationStatusPercent":100.0,"joinedArea":false,"muid":72,"totalVotingInFinlandTurnout":70.4,"identification":"001","pdid":"001","eligibleVotersInFinlandTotal":840,"edid":12,"mergedToPdid":""}],"municipality":{"muid":72,"edid":12,"name":{"fi":"Hailuoto","sv":"Karlö"}}}