{"version":70,"created":"2017-04-09T22:37:53.111Z","electionDetails":{"electionId":"kv2017","electionDate":"2017-04-09T00:00:00.000Z","electionDataPublishTime":"2017-04-09T17:00:00.000Z","name":{"fi":"Kuntavaalit 2017","sv":"Kommunalval 2017","en":"Elections 2017"},"previousElections":{"correspondingCompareElection":{"electionId":"kv2012","electionDate":"2012-10-28T00:00:00.000Z","name":{"fi":"Kuntavaalit 2012","en":"Municipal elections 2012","sv":"Kommunalval 2012"}},"otherCompareElection":{"electionId":"ev2015","electionDate":"2015-04-19T00:00:00.000Z","name":{"fi":"Eduskuntavaalit 2015","en":"Parliamentary election 2015","sv":"Riksdagsval 2015"}}}},"calculationStatus":{"electionDayVotingTurnout":32.7,"invalidAdvanceVotes":2,"calculationPhase":"INITIAL","invalidElectionDayVotes":0,"approvedAdvanceVotes":276,"advanceVotingTurnout":34.3,"totalVotingTurnoutAbroad":0.0,"name":{"fi":"Merijärvi","sv":"Merijärvi"},"calculationStatusPercent":100.0,"advanceVotes":278,"electionDayVotingTurnoutAbroad":0.0,"approvedTotalVotes":541,"totalVotes":543,"muid":483,"totalVotingInFinlandTurnout":67.0,"advanceVotingTurnoutAbroad":0.0,"invalidTotalVotes":2,"totalVotingTurnout":67.0,"electionDayVotes":265,"electionDayVotesInFinland":265,"pdid":"001","totalVotesInFinlandMen":0,"eligibleVotersInFinlandTotal":810,"calculationStatusPercentElectionDayVotes":100.0,"sourceRecordModificationTime":"20170409202808","otherCompareElection":{"eid":"","eligibleVotersInFinlandTotal":0,"advanceVotingInFinlandTurnout":0.0,"electionDayVotingInFinlandTurnout":0.0,"totalVotingInFinlandTurnout":0.0,"approvedVotesTotal":0,"invalidVotesTotal":0},"correspondingCompareElection":{"eid":"","eligibleVotersInFinlandTotal":0,"advanceVotingInFinlandTurnout":0.0,"electionDayVotingInFinlandTurnout":0.0,"totalVotingInFinlandTurnout":0.0,"approvedVotesTotal":0,"invalidVotesTotal":0,"seats":0},"approvedElectionDayVotes":265,"edid":12,"calculationStatusPercentAdvanceVotes":100.0,"electionDayVotingInFinlandTurnout":32.7,"seats":0,"eligibleVotersTotal":810,"advanceVotesInFinland":278,"advanceVotingInFinlandTurnout":34.3,"totalVotesInFinland":543},"partyResults":[{"advanceVotesPercent":90.2,"name":{"fi":"Suomen Keskusta","sv":"Centern i Finland","en":"Centre Party of Finland"},"advanceVotes":249,"npid":1,"totalVotes":467,"spid":1,"abbr":{"fi":"KESK","sv":"C","en":"CENT"},"alid":1,"electionDayVotes":218,"pid":"2","totalVotesPercent":86.3,"nominatorName":{"fi":"Suomen Keskusta","sv":"Centern i Finland","en":"Centre Party of Finland"},"compareData":{"otherCompareElection":{"votesTotalChange":0,"votesTotalPercentChange":0.0,"votesTotal":467,"votesTotalPercent":86.3},"correspondingCompareElection":{"votesTotalChange":0,"votesTotalPercentChange":0.0,"seatChange":0,"votesTotal":467,"votesTotalPercent":86.3,"seatsTotal":0}},"seats":0,"electionDayVotesPercent":82.3,"nominatorAbbr":{"fi":"KESK","sv":"C","en":"CENT"}},{"advanceVotesPercent":9.8,"name":{"fi":"Perussuomalaiset","sv":"Sannfinländarna","en":"The Finns Party"},"advanceVotes":27,"npid":2,"totalVotes":74,"spid":3,"abbr":{"fi":"PS","sv":"Sannf","en":"FINNS"},"alid":2,"electionDayVotes":47,"pid":"23","totalVotesPercent":13.7,"nominatorName":{"fi":"Perussuomalaiset","sv":"Sannfinländarna","en":"The Finns Party"},"compareData":{"otherCompareElection":{"votesTotalChange":0,"votesTotalPercentChange":0.0,"votesTotal":74,"votesTotalPercent":13.7},"correspondingCompareElection":{"votesTotalChange":0,"votesTotalPercentChange":0.0,"seatChange":0,"votesTotal":74,"votesTotalPercent":13.7,"seatsTotal":0}},"seats":0,"electionDayVotesPercent":17.7,"nominatorAbbr":{"fi":"PS","sv":"Sannf","en":"FINNS"}}],"candidateResults":[{"age":68,"advanceVotesPercent":12.7,"lastname":"Alaranta","occupation":"rovasti, eläkeläinen","advanceVotes":35,"npid":1,"totalVotes":43,"spid":1,"abbr":"KESK","municipalCouncilor":true,"muid":483,"alid":1,"firstname":"Juhani","electionDayVotes":8,"pid":"2","finalPosition":0,"electedInformation":"ELECTED","totalVotesPercent":7.9,"nominatorName":{"fi":"Suomen Keskusta","sv":"Centern i Finland","en":"Centre Party of Finland"},"caid":2,"position":0,"gender":"1","comparisonData":{"totalVotes":53,"votesTotalChange":-10},"edid":12,"comparativeIndex":0.0,"electionDayVotesPercent":3.0,"nominatorAbbr":{"fi":"KESK","sv":"C","en":"CENT"}},{"age":50,"advanceVotesPercent":6.2,"lastname":"Salmu","occupation":"maanviljelijä","advanceVotes":17,"npid":1,"totalVotes":40,"spid":1,"abbr":"KESK","municipalCouncilor":true,"muid":483,"alid":1,"firstname":"Arvo","electionDayVotes":23,"pid":"2","finalPosition":0,"electedInformation":"ELECTED","totalVotesPercent":7.4,"nominatorName":{"fi":"Suomen Keskusta","sv":"Centern i Finland","en":"Centre Party of Finland"},"caid":15,"position":0,"gender":"1","comparisonData":{"totalVotes":33,"votesTotalChange":7},"edid":12,"comparativeIndex":0.0,"electionDayVotesPercent":8.7,"nominatorAbbr":{"fi":"KESK","sv":"C","en":"CENT"}},{"age":42,"advanceVotesPercent":5.1,"lastname":"Saukko","occupation":"ravitsemustyöntekijä","advanceVotes":14,"npid":1,"totalVotes":34,"spid":1,"abbr":"KESK","municipalCouncilor":true,"muid":483,"alid":1,"firstname":"Päivi","electionDayVotes":20,"pid":"2","finalPosition":0,"electedInformation":"ELECTED","totalVotesPercent":6.3,"nominatorName":{"fi":"Suomen Keskusta","sv":"Centern i Finland","en":"Centre Party of Finland"},"caid":19,"position":0,"gender":"2","comparisonData":{"totalVotes":34,"votesTotalChange":0},"edid":12,"comparativeIndex":0.0,"electionDayVotesPercent":7.5,"nominatorAbbr":{"fi":"KESK","sv":"C","en":"CENT"}},{"age":33,"advanceVotesPercent":5.1,"lastname":"Hiitola","occupation":"ohjaaja","advanceVotes":14,"npid":1,"totalVotes":32,"spid":1,"abbr":"KESK","municipalCouncilor":false,"muid":483,"alid":1,"firstname":"Tuija","electionDayVotes":18,"pid":"2","finalPosition":0,"electedInformation":"ELECTED","totalVotesPercent":5.9,"nominatorName":{"fi":"Suomen Keskusta","sv":"Centern i Finland","en":"Centre Party of Finland"},"caid":3,"position":0,"gender":"2","comparisonData":{"totalVotes":0,"votesTotalChange":32},"edid":12,"comparativeIndex":0.0,"electionDayVotesPercent":6.8,"nominatorAbbr":{"fi":"KESK","sv":"C","en":"CENT"}},{"age":57,"advanceVotesPercent":6.5,"lastname":"Nivala","occupation":"asiantuntijamyyjä","advanceVotes":18,"npid":1,"totalVotes":32,"spid":1,"abbr":"KESK","municipalCouncilor":true,"muid":483,"alid":1,"firstname":"Esko","electionDayVotes":14,"pid":"2","finalPosition":0,"electedInformation":"ELECTED","totalVotesPercent":5.9,"nominatorName":{"fi":"Suomen Keskusta","sv":"Centern i Finland","en":"Centre Party of Finland"},"caid":12,"position":0,"gender":"1","comparisonData":{"totalVotes":40,"votesTotalChange":-8},"edid":12,"comparativeIndex":0.0,"electionDayVotesPercent":5.3,"nominatorAbbr":{"fi":"KESK","sv":"C","en":"CENT"}},{"age":28,"advanceVotesPercent":6.5,"lastname":"Saukko","occupation":"sosionomi (AMK)","advanceVotes":18,"npid":1,"totalVotes":32,"spid":1,"abbr":"KESK","municipalCouncilor":false,"muid":483,"alid":1,"firstname":"Kaisa","electionDayVotes":14,"pid":"2","finalPosition":0,"electedInformation":"ELECTED","totalVotesPercent":5.9,"nominatorName":{"fi":"Suomen Keskusta","sv":"Centern i Finland","en":"Centre Party of Finland"},"caid":17,"position":0,"gender":"2","comparisonData":{"totalVotes":0,"votesTotalChange":32},"edid":12,"comparativeIndex":0.0,"electionDayVotesPercent":5.3,"nominatorAbbr":{"fi":"KESK","sv":"C","en":"CENT"}},{"age":38,"advanceVotesPercent":6.9,"lastname":"Saukko","occupation":"käyttömies","advanceVotes":19,"npid":1,"totalVotes":32,"spid":1,"abbr":"KESK","municipalCouncilor":false,"muid":483,"alid":1,"firstname":"Matti","electionDayVotes":13,"pid":"2","finalPosition":0,"electedInformation":"ELECTED","totalVotesPercent":5.9,"nominatorName":{"fi":"Suomen Keskusta","sv":"Centern i Finland","en":"Centre Party of Finland"},"caid":18,"position":0,"gender":"1","comparisonData":{"totalVotes":0,"votesTotalChange":32},"edid":12,"comparativeIndex":0.0,"electionDayVotesPercent":4.9,"nominatorAbbr":{"fi":"KESK","sv":"C","en":"CENT"}},{"age":35,"advanceVotesPercent":4.0,"lastname":"Aunio","occupation":"myyjä","advanceVotes":11,"npid":2,"totalVotes":32,"spid":3,"abbr":"PS","municipalCouncilor":false,"muid":483,"alid":2,"firstname":"Tanja","electionDayVotes":21,"pid":"23","finalPosition":0,"electedInformation":"ELECTED","totalVotesPercent":5.9,"nominatorName":{"fi":"Perussuomalaiset","sv":"Sannfinländarna","en":"The Finns Party"},"caid":22,"position":0,"gender":"2","comparisonData":{"totalVotes":0,"votesTotalChange":32},"edid":12,"comparativeIndex":0.0,"electionDayVotesPercent":7.9,"nominatorAbbr":{"fi":"PS","sv":"Sannf","en":"FINNS"}},{"age":38,"advanceVotesPercent":8.3,"lastname":"Kestilä","occupation":"lääkäri","advanceVotes":23,"npid":1,"totalVotes":31,"spid":1,"abbr":"KESK","municipalCouncilor":false,"muid":483,"alid":1,"firstname":"Paula","electionDayVotes":8,"pid":"2","finalPosition":0,"electedInformation":"ELECTED","totalVotesPercent":5.7,"nominatorName":{"fi":"Suomen Keskusta","sv":"Centern i Finland","en":"Centre Party of Finland"},"caid":7,"position":0,"gender":"2","comparisonData":{"totalVotes":0,"votesTotalChange":31},"edid":12,"comparativeIndex":0.0,"electionDayVotesPercent":3.0,"nominatorAbbr":{"fi":"KESK","sv":"C","en":"CENT"}},{"age":71,"advanceVotesPercent":6.2,"lastname":"Majava","occupation":"4H-toiminnanjohtaja, eläkeläinen","advanceVotes":17,"npid":1,"totalVotes":28,"spid":1,"abbr":"KESK","municipalCouncilor":false,"muid":483,"alid":1,"firstname":"Kaarina","electionDayVotes":11,"pid":"2","finalPosition":0,"electedInformation":"ELECTED","totalVotesPercent":5.2,"nominatorName":{"fi":"Suomen Keskusta","sv":"Centern i Finland","en":"Centre Party of Finland"},"caid":11,"position":0,"gender":"2","comparisonData":{"totalVotes":0,"votesTotalChange":28},"edid":12,"comparativeIndex":0.0,"electionDayVotesPercent":4.2,"nominatorAbbr":{"fi":"KESK","sv":"C","en":"CENT"}},{"age":28,"advanceVotesPercent":4.7,"lastname":"Laitala","occupation":"maanviljelijä","advanceVotes":13,"npid":1,"totalVotes":27,"spid":1,"abbr":"KESK","municipalCouncilor":false,"muid":483,"alid":1,"firstname":"Kai-Pekka","electionDayVotes":14,"pid":"2","finalPosition":0,"electedInformation":"ELECTED","totalVotesPercent":5.0,"nominatorName":{"fi":"Suomen Keskusta","sv":"Centern i Finland","en":"Centre Party of Finland"},"caid":9,"position":0,"gender":"1","comparisonData":{"totalVotes":0,"votesTotalChange":27},"edid":12,"comparativeIndex":0.0,"electionDayVotesPercent":5.3,"nominatorAbbr":{"fi":"KESK","sv":"C","en":"CENT"}},{"age":55,"advanceVotesPercent":3.6,"lastname":"Lahti","occupation":"maanviljelijä","advanceVotes":10,"npid":1,"totalVotes":21,"spid":1,"abbr":"KESK","municipalCouncilor":true,"muid":483,"alid":1,"firstname":"Kari","electionDayVotes":11,"pid":"2","finalPosition":0,"electedInformation":"ELECTED","totalVotesPercent":3.9,"nominatorName":{"fi":"Suomen Keskusta","sv":"Centern i Finland","en":"Centre Party of Finland"},"caid":8,"position":0,"gender":"1","comparisonData":{"totalVotes":26,"votesTotalChange":-5},"edid":12,"comparativeIndex":0.0,"electionDayVotesPercent":4.2,"nominatorAbbr":{"fi":"KESK","sv":"C","en":"CENT"}},{"age":57,"advanceVotesPercent":3.3,"lastname":"Rautio","occupation":"parturi-kampaaja, lähihoitaja","advanceVotes":9,"npid":2,"totalVotes":21,"spid":3,"abbr":"PS","municipalCouncilor":true,"muid":483,"alid":2,"firstname":"Eila","electionDayVotes":12,"pid":"23","finalPosition":0,"electedInformation":"ELECTED","totalVotesPercent":3.9,"nominatorName":{"fi":"Perussuomalaiset","sv":"Sannfinländarna","en":"The Finns Party"},"caid":23,"position":0,"gender":"2","comparisonData":{"totalVotes":38,"votesTotalChange":-17},"edid":12,"comparativeIndex":0.0,"electionDayVotesPercent":4.5,"nominatorAbbr":{"fi":"PS","sv":"Sannf","en":"FINNS"}},{"age":24,"advanceVotesPercent":2.5,"lastname":"Tanska","occupation":"sähköasentaja","advanceVotes":7,"npid":1,"totalVotes":17,"spid":1,"abbr":"KESK","municipalCouncilor":false,"muid":483,"alid":1,"firstname":"Samuli","electionDayVotes":10,"pid":"2","finalPosition":0,"electedInformation":"ELECTED","totalVotesPercent":3.1,"nominatorName":{"fi":"Suomen Keskusta","sv":"Centern i Finland","en":"Centre Party of Finland"},"caid":21,"position":0,"gender":"1","comparisonData":{"totalVotes":0,"votesTotalChange":17},"edid":12,"comparativeIndex":0.0,"electionDayVotesPercent":3.8,"nominatorAbbr":{"fi":"KESK","sv":"C","en":"CENT"}},{"age":52,"advanceVotesPercent":2.5,"lastname":"Takaeilola","occupation":"eläkeläinen, yrittäjä","advanceVotes":7,"npid":2,"totalVotes":17,"spid":3,"abbr":"PS","municipalCouncilor":true,"muid":483,"alid":2,"firstname":"Juha","electionDayVotes":10,"pid":"23","finalPosition":0,"electedInformation":"ON_SUBSTITUTE_PLACE","totalVotesPercent":3.1,"nominatorName":{"fi":"Perussuomalaiset","sv":"Sannfinländarna","en":"The Finns Party"},"caid":24,"position":0,"gender":"1","comparisonData":{"totalVotes":18,"votesTotalChange":-1},"edid":12,"comparativeIndex":0.0,"electionDayVotesPercent":3.8,"nominatorAbbr":{"fi":"PS","sv":"Sannf","en":"FINNS"}},{"age":31,"advanceVotesPercent":3.3,"lastname":"Leppikorpi","occupation":"perhepäivähoitaja","advanceVotes":9,"npid":1,"totalVotes":16,"spid":1,"abbr":"KESK","municipalCouncilor":false,"muid":483,"alid":1,"firstname":"Jenna","electionDayVotes":7,"pid":"2","finalPosition":0,"electedInformation":"ELECTED","totalVotesPercent":3.0,"nominatorName":{"fi":"Suomen Keskusta","sv":"Centern i Finland","en":"Centre Party of Finland"},"caid":10,"position":0,"gender":"2","comparisonData":{"totalVotes":10,"votesTotalChange":6},"edid":12,"comparativeIndex":0.0,"electionDayVotesPercent":2.6,"nominatorAbbr":{"fi":"KESK","sv":"C","en":"CENT"}},{"age":53,"advanceVotesPercent":4.7,"lastname":"Nivala","occupation":"maatalousyrittäjä","advanceVotes":13,"npid":1,"totalVotes":16,"spid":1,"abbr":"KESK","municipalCouncilor":true,"muid":483,"alid":1,"firstname":"Kirsti","electionDayVotes":3,"pid":"2","finalPosition":0,"electedInformation":"ON_SUBSTITUTE_PLACE","totalVotesPercent":3.0,"nominatorName":{"fi":"Suomen Keskusta","sv":"Centern i Finland","en":"Centre Party of Finland"},"caid":13,"position":0,"gender":"2","comparisonData":{"totalVotes":27,"votesTotalChange":-11},"edid":12,"comparativeIndex":0.0,"electionDayVotesPercent":1.1,"nominatorAbbr":{"fi":"KESK","sv":"C","en":"CENT"}},{"age":34,"advanceVotesPercent":2.2,"lastname":"Jukkola","occupation":"kotiäiti, lähihoitaja","advanceVotes":6,"npid":1,"totalVotes":15,"spid":1,"abbr":"KESK","municipalCouncilor":false,"muid":483,"alid":1,"firstname":"Paula","electionDayVotes":9,"pid":"2","finalPosition":0,"electedInformation":"ON_SUBSTITUTE_PLACE","totalVotesPercent":2.8,"nominatorName":{"fi":"Suomen Keskusta","sv":"Centern i Finland","en":"Centre Party of Finland"},"caid":4,"position":0,"gender":"2","comparisonData":{"totalVotes":0,"votesTotalChange":15},"edid":12,"comparativeIndex":0.0,"electionDayVotesPercent":3.4,"nominatorAbbr":{"fi":"KESK","sv":"C","en":"CENT"}},{"age":45,"advanceVotesPercent":2.2,"lastname":"Takaeilola","occupation":"rakennusmies","advanceVotes":6,"npid":1,"totalVotes":15,"spid":1,"abbr":"KESK","municipalCouncilor":false,"muid":483,"alid":1,"firstname":"Raimo","electionDayVotes":9,"pid":"2","finalPosition":0,"electedInformation":"ON_SUBSTITUTE_PLACE","totalVotesPercent":2.8,"nominatorName":{"fi":"Suomen Keskusta","sv":"Centern i Finland","en":"Centre Party of Finland"},"caid":20,"position":0,"gender":"1","comparisonData":{"totalVotes":16,"votesTotalChange":-1},"edid":12,"comparativeIndex":0.0,"electionDayVotesPercent":3.4,"nominatorAbbr":{"fi":"KESK","sv":"C","en":"CENT"}},{"age":44,"advanceVotesPercent":2.2,"lastname":"Saukko","occupation":"koulunkäyntiavustaja","advanceVotes":6,"npid":1,"totalVotes":13,"spid":1,"abbr":"KESK","municipalCouncilor":false,"muid":483,"alid":1,"firstname":"Anna-Maija","electionDayVotes":7,"pid":"2","finalPosition":0,"electedInformation":"ON_SUBSTITUTE_PLACE","totalVotesPercent":2.4,"nominatorName":{"fi":"Suomen Keskusta","sv":"Centern i Finland","en":"Centre Party of Finland"},"caid":16,"position":0,"gender":"2","comparisonData":{"totalVotes":0,"votesTotalChange":13},"edid":12,"comparativeIndex":0.0,"electionDayVotesPercent":2.6,"nominatorAbbr":{"fi":"KESK","sv":"C","en":"CENT"}},{"age":32,"advanceVotesPercent":1.1,"lastname":"Perälä","occupation":"maanviljelijä, koneyrittäjä","advanceVotes":3,"npid":1,"totalVotes":11,"spid":1,"abbr":"KESK","municipalCouncilor":true,"muid":483,"alid":1,"firstname":"Juha","electionDayVotes":8,"pid":"2","finalPosition":0,"electedInformation":"ON_SUBSTITUTE_PLACE","totalVotesPercent":2.0,"nominatorName":{"fi":"Suomen Keskusta","sv":"Centern i Finland","en":"Centre Party of Finland"},"caid":14,"position":0,"gender":"1","comparisonData":{"totalVotes":18,"votesTotalChange":-7},"edid":12,"comparativeIndex":0.0,"electionDayVotesPercent":3.0,"nominatorAbbr":{"fi":"KESK","sv":"C","en":"CENT"}},{"age":51,"advanceVotesPercent":0.4,"lastname":"Jutila","occupation":"yrittäjä","advanceVotes":1,"npid":1,"totalVotes":6,"spid":1,"abbr":"KESK","municipalCouncilor":false,"muid":483,"alid":1,"firstname":"Mikko","electionDayVotes":5,"pid":"2","finalPosition":0,"electedInformation":"ON_SUBSTITUTE_PLACE","totalVotesPercent":1.1,"nominatorName":{"fi":"Suomen Keskusta","sv":"Centern i Finland","en":"Centre Party of Finland"},"caid":5,"position":0,"gender":"1","comparisonData":{"totalVotes":0,"votesTotalChange":6},"edid":12,"comparativeIndex":0.0,"electionDayVotesPercent":1.9,"nominatorAbbr":{"fi":"KESK","sv":"C","en":"CENT"}},{"age":63,"advanceVotesPercent":0.0,"lastname":"Keski-Korpi","occupation":"lähihoitaja, eläkeläinen","advanceVotes":0,"npid":1,"totalVotes":6,"spid":1,"abbr":"KESK","municipalCouncilor":false,"muid":483,"alid":1,"firstname":"Sointu","electionDayVotes":6,"pid":"2","finalPosition":0,"electedInformation":"ON_SUBSTITUTE_PLACE","totalVotesPercent":1.1,"nominatorName":{"fi":"Suomen Keskusta","sv":"Centern i Finland","en":"Centre Party of Finland"},"caid":6,"position":0,"gender":"2","comparisonData":{"totalVotes":16,"votesTotalChange":-10},"edid":12,"comparativeIndex":0.0,"electionDayVotesPercent":2.3,"nominatorAbbr":{"fi":"KESK","sv":"C","en":"CENT"}},{"age":69,"advanceVotesPercent":0.0,"lastname":"Viirelä","occupation":"eläkeläinen, omaishoitaja","advanceVotes":0,"npid":2,"totalVotes":4,"spid":3,"abbr":"PS","municipalCouncilor":false,"muid":483,"alid":2,"firstname":"Matti","electionDayVotes":4,"pid":"23","finalPosition":0,"electedInformation":"ON_SUBSTITUTE_PLACE","totalVotesPercent":0.7,"nominatorName":{"fi":"Perussuomalaiset","sv":"Sannfinländarna","en":"The Finns Party"},"caid":25,"position":0,"gender":"1","comparisonData":{"totalVotes":0,"votesTotalChange":4},"edid":12,"comparativeIndex":0.0,"electionDayVotesPercent":1.5,"nominatorAbbr":{"fi":"PS","sv":"Sannf","en":"FINNS"}}],"municipalityPollingDistricts":[{"name":{"fi":"Merijärvi","sv":"Merijärvi"},"calculationStatusPercent":100.0,"joinedArea":false,"muid":483,"totalVotingInFinlandTurnout":67.0,"identification":"001","pdid":"001","eligibleVotersInFinlandTotal":810,"edid":12,"mergedToPdid":""}],"municipality":{"muid":483,"edid":12,"name":{"fi":"Merijärvi","sv":"Merijärvi"}}}