{"version":50,"created":"2017-04-09T20:57:32.127Z","electionDetails":{"electionId":"kv2017","electionDate":"2017-04-09T00:00:00.000Z","electionDataPublishTime":"2017-04-09T17:00:00.000Z","name":{"fi":"Kuntavaalit 2017","sv":"Kommunalval 2017","en":"Elections 2017"},"previousElections":{"correspondingCompareElection":{"electionId":"kv2012","electionDate":"2012-10-28T00:00:00.000Z","name":{"fi":"Kuntavaalit 2012","en":"Municipal elections 2012","sv":"Kommunalval 2012"}},"otherCompareElection":{"electionId":"ev2015","electionDate":"2015-04-19T00:00:00.000Z","name":{"fi":"Eduskuntavaalit 2015","en":"Parliamentary election 2015","sv":"Riksdagsval 2015"}}}},"calculationStatus":{"electionDayVotingTurnout":34.5,"invalidAdvanceVotes":0,"calculationPhase":"INITIAL","invalidElectionDayVotes":3,"approvedAdvanceVotes":162,"advanceVotingTurnout":31.2,"totalVotingTurnoutAbroad":0.0,"name":{"fi":"Pohjoinen alue","sv":"Pohjoinen alue"},"calculationStatusPercent":100.0,"advanceVotes":162,"electionDayVotingTurnoutAbroad":0.0,"approvedTotalVotes":338,"totalVotes":341,"muid":595,"totalVotingInFinlandTurnout":65.7,"advanceVotingTurnoutAbroad":0.0,"invalidTotalVotes":3,"totalVotingTurnout":65.7,"electionDayVotes":179,"electionDayVotesInFinland":179,"pdid":"001","totalVotesInFinlandMen":0,"eligibleVotersInFinlandTotal":519,"calculationStatusPercentElectionDayVotes":100.0,"sourceRecordModificationTime":"20170409204844","otherCompareElection":{"eid":"","eligibleVotersInFinlandTotal":0,"advanceVotingInFinlandTurnout":0.0,"electionDayVotingInFinlandTurnout":0.0,"totalVotingInFinlandTurnout":0.0,"approvedVotesTotal":0,"invalidVotesTotal":0},"correspondingCompareElection":{"eid":"","eligibleVotersInFinlandTotal":0,"advanceVotingInFinlandTurnout":0.0,"electionDayVotingInFinlandTurnout":0.0,"totalVotingInFinlandTurnout":0.0,"approvedVotesTotal":0,"invalidVotesTotal":0,"seats":0},"approvedElectionDayVotes":176,"edid":9,"calculationStatusPercentAdvanceVotes":100.0,"electionDayVotingInFinlandTurnout":34.5,"seats":0,"eligibleVotersTotal":519,"advanceVotesInFinland":162,"advanceVotingInFinlandTurnout":31.2,"totalVotesInFinland":341},"partyResults":[{"advanceVotesPercent":54.3,"name":{"fi":"Suomen Keskusta","sv":"Centern i Finland","en":"Centre Party of Finland"},"advanceVotes":88,"npid":4,"totalVotes":207,"spid":1,"abbr":{"fi":"KESK","sv":"C","en":"CENT"},"alid":3,"electionDayVotes":119,"pid":"2","totalVotesPercent":61.2,"nominatorName":{"fi":"Suomen Keskusta","sv":"Centern i Finland","en":"Centre Party of Finland"},"compareData":{"otherCompareElection":{"votesTotalChange":0,"votesTotalPercentChange":0.0,"votesTotal":207,"votesTotalPercent":61.2},"correspondingCompareElection":{"votesTotalChange":0,"votesTotalPercentChange":0.0,"seatChange":0,"votesTotal":207,"votesTotalPercent":61.2,"seatsTotal":0}},"seats":0,"electionDayVotesPercent":67.6,"nominatorAbbr":{"fi":"KESK","sv":"C","en":"CENT"}},{"advanceVotesPercent":19.1,"name":{"fi":"Perussuomalaiset","sv":"Sannfinländarna","en":"The Finns Party"},"advanceVotes":31,"npid":1,"totalVotes":49,"spid":3,"abbr":{"fi":"PS","sv":"Sannf","en":"FINNS"},"alid":1,"electionDayVotes":18,"pid":"23","totalVotesPercent":14.5,"nominatorName":{"fi":"Perussuomalaiset","sv":"Sannfinländarna","en":"The Finns Party"},"compareData":{"otherCompareElection":{"votesTotalChange":0,"votesTotalPercentChange":0.0,"votesTotal":49,"votesTotalPercent":14.5},"correspondingCompareElection":{"votesTotalChange":0,"votesTotalPercentChange":0.0,"seatChange":0,"votesTotal":49,"votesTotalPercent":14.5,"seatsTotal":0}},"seats":0,"electionDayVotesPercent":10.2,"nominatorAbbr":{"fi":"PS","sv":"Sannf","en":"FINNS"}},{"advanceVotesPercent":11.7,"name":{"fi":"Kansallinen Kokoomus","sv":"Samlingspartiet","en":"National Coalition Party"},"advanceVotes":19,"npid":3,"totalVotes":33,"spid":2,"abbr":{"fi":"KOK","sv":"Saml","en":"NCP"},"alid":2,"electionDayVotes":14,"pid":"4","totalVotesPercent":9.8,"nominatorName":{"fi":"Kansallinen Kokoomus","sv":"Samlingspartiet","en":"National Coalition Party"},"compareData":{"otherCompareElection":{"votesTotalChange":0,"votesTotalPercentChange":0.0,"votesTotal":33,"votesTotalPercent":9.8},"correspondingCompareElection":{"votesTotalChange":0,"votesTotalPercentChange":0.0,"seatChange":0,"votesTotal":33,"votesTotalPercent":9.8,"seatsTotal":0}},"seats":0,"electionDayVotesPercent":8.0,"nominatorAbbr":{"fi":"KOK","sv":"Saml","en":"NCP"}},{"advanceVotesPercent":9.9,"name":{"fi":"Vasemmistoliitto","sv":"Vänsterförbundet","en":"The Left Alliance"},"advanceVotes":16,"npid":5,"totalVotes":26,"spid":6,"abbr":{"fi":"VAS","sv":"VF","en":"LEFT"},"alid":4,"electionDayVotes":10,"pid":"15","totalVotesPercent":7.7,"nominatorName":{"fi":"Vasemmistoliitto","sv":"Vänsterförbundet","en":"The Left Alliance"},"compareData":{"otherCompareElection":{"votesTotalChange":0,"votesTotalPercentChange":0.0,"votesTotal":26,"votesTotalPercent":7.7},"correspondingCompareElection":{"votesTotalChange":0,"votesTotalPercentChange":0.0,"seatChange":0,"votesTotal":26,"votesTotalPercent":7.7,"seatsTotal":0}},"seats":0,"electionDayVotesPercent":5.7,"nominatorAbbr":{"fi":"VAS","sv":"VF","en":"LEFT"}},{"advanceVotesPercent":3.1,"name":{"fi":"Suomen Kristillisdemokraatit (KD)","sv":"Kristdemokraterna i Finland (KD)","en":"Christian Democrats in Finland"},"advanceVotes":5,"npid":2,"totalVotes":12,"spid":8,"abbr":{"fi":"KD","sv":"KD","en":"CD"},"alid":1,"electionDayVotes":7,"pid":"9","totalVotesPercent":3.6,"nominatorName":{"fi":"Suomen Kristillisdemokraatit (KD)","sv":"Kristdemokraterna i Finland (KD)","en":"Christian Democrats in Finland"},"compareData":{"otherCompareElection":{"votesTotalChange":0,"votesTotalPercentChange":0.0,"votesTotal":12,"votesTotalPercent":3.6},"correspondingCompareElection":{"votesTotalChange":0,"votesTotalPercentChange":0.0,"seatChange":0,"votesTotal":12,"votesTotalPercent":3.6,"seatsTotal":0}},"seats":0,"electionDayVotesPercent":4.0,"nominatorAbbr":{"fi":"KD","sv":"KD","en":"CD"}},{"advanceVotesPercent":1.9,"name":{"fi":"Suomen Sosialidemokraattinen Puolue","sv":"Finlands Socialdemokratiska Parti","en":"The Finnish Social Democratic Party"},"advanceVotes":3,"npid":7,"totalVotes":11,"spid":4,"abbr":{"fi":"SDP","sv":"SDP","en":"SDP"},"alid":6,"electionDayVotes":8,"pid":"1","totalVotesPercent":3.3,"nominatorName":{"fi":"Suomen Sosialidemokraattinen Puolue","sv":"Finlands Socialdemokratiska Parti","en":"The Finnish Social Democratic Party"},"compareData":{"otherCompareElection":{"votesTotalChange":0,"votesTotalPercentChange":0.0,"votesTotal":11,"votesTotalPercent":3.3},"correspondingCompareElection":{"votesTotalChange":0,"votesTotalPercentChange":0.0,"seatChange":0,"votesTotal":11,"votesTotalPercent":3.3,"seatsTotal":0}},"seats":0,"electionDayVotesPercent":4.5,"nominatorAbbr":{"fi":"SDP","sv":"SDP","en":"SDP"}},{"advanceVotesPercent":0.0,"name":{"fi":"Vihreä liitto","sv":"Gröna förbundet","en":"Green League"},"advanceVotes":0,"npid":6,"totalVotes":0,"spid":5,"abbr":{"fi":"VIHR","sv":"Gröna","en":"GREEN"},"alid":5,"electionDayVotes":0,"pid":"13","totalVotesPercent":0.0,"nominatorName":{"fi":"Vihreä liitto","sv":"Gröna förbundet","en":"Green League"},"compareData":{"otherCompareElection":{"votesTotalChange":0,"votesTotalPercentChange":0.0,"votesTotal":0,"votesTotalPercent":0.0},"correspondingCompareElection":{"votesTotalChange":0,"votesTotalPercentChange":0.0,"seatChange":0,"votesTotal":0,"votesTotalPercent":0.0,"seatsTotal":0}},"seats":0,"electionDayVotesPercent":0.0,"nominatorAbbr":{"fi":"VIHR","sv":"Gröna","en":"GREEN"}}],"candidateResults":[{"age":50,"advanceVotesPercent":7.4,"lastname":"Nousiainen","occupation":"maa- ja metsätalousyrittäjä","advanceVotes":12,"npid":4,"totalVotes":49,"spid":1,"abbr":"KESK","municipalCouncilor":false,"muid":595,"alid":3,"firstname":"Eino","electionDayVotes":37,"pid":"2","finalPosition":0,"electedInformation":"ELECTED","totalVotesPercent":14.5,"nominatorName":{"fi":"Suomen Keskusta","sv":"Centern i Finland","en":"Centre Party of Finland"},"caid":34,"position":0,"gender":"1","comparisonData":{"totalVotes":0,"votesTotalChange":49},"edid":9,"comparativeIndex":0.0,"electionDayVotesPercent":21.0,"nominatorAbbr":{"fi":"KESK","sv":"C","en":"CENT"}},{"age":61,"advanceVotesPercent":11.7,"lastname":"Nousiainen","occupation":"maanviljelijä, evp","advanceVotes":19,"npid":4,"totalVotes":46,"spid":1,"abbr":"KESK","municipalCouncilor":true,"muid":595,"alid":3,"firstname":"Risto","electionDayVotes":27,"pid":"2","finalPosition":0,"electedInformation":"ELECTED","totalVotesPercent":13.6,"nominatorName":{"fi":"Suomen Keskusta","sv":"Centern i Finland","en":"Centre Party of Finland"},"caid":37,"position":0,"gender":"1","comparisonData":{"totalVotes":112,"votesTotalChange":-66},"edid":9,"comparativeIndex":0.0,"electionDayVotesPercent":15.3,"nominatorAbbr":{"fi":"KESK","sv":"C","en":"CENT"}},{"age":46,"advanceVotesPercent":6.8,"lastname":"Hartikainen","occupation":"maanviljelijä","advanceVotes":11,"npid":3,"totalVotes":18,"spid":2,"abbr":"KOK","municipalCouncilor":false,"muid":595,"alid":2,"firstname":"Mika","electionDayVotes":7,"pid":"4","finalPosition":0,"electedInformation":"ON_SUBSTITUTE_PLACE","totalVotesPercent":5.3,"nominatorName":{"fi":"Kansallinen Kokoomus","sv":"Samlingspartiet","en":"National Coalition Party"},"caid":18,"position":0,"gender":"1","comparisonData":{"totalVotes":0,"votesTotalChange":18},"edid":9,"comparativeIndex":0.0,"electionDayVotesPercent":4.0,"nominatorAbbr":{"fi":"KOK","sv":"Saml","en":"NCP"}},{"age":47,"advanceVotesPercent":2.5,"lastname":"Pelkonen","occupation":"sairaanhoitaja","advanceVotes":4,"npid":4,"totalVotes":17,"spid":1,"abbr":"KESK","municipalCouncilor":false,"muid":595,"alid":3,"firstname":"Mirja","electionDayVotes":13,"pid":"2","finalPosition":0,"electedInformation":"ELECTED","totalVotesPercent":5.0,"nominatorName":{"fi":"Suomen Keskusta","sv":"Centern i Finland","en":"Centre Party of Finland"},"caid":40,"position":0,"gender":"2","comparisonData":{"totalVotes":27,"votesTotalChange":-10},"edid":9,"comparativeIndex":0.0,"electionDayVotesPercent":7.4,"nominatorAbbr":{"fi":"KESK","sv":"C","en":"CENT"}},{"age":71,"advanceVotesPercent":6.2,"lastname":"Salmi","occupation":"emäntä, eläkeläinen","advanceVotes":10,"npid":1,"totalVotes":14,"spid":3,"abbr":"PS","municipalCouncilor":true,"muid":595,"alid":1,"firstname":"Liisa","electionDayVotes":4,"pid":"23","finalPosition":0,"electedInformation":"ON_SUBSTITUTE_PLACE","totalVotesPercent":4.1,"nominatorName":{"fi":"Perussuomalaiset","sv":"Sannfinländarna","en":"The Finns Party"},"caid":12,"position":0,"gender":"2","comparisonData":{"totalVotes":81,"votesTotalChange":-67},"edid":9,"comparativeIndex":0.0,"electionDayVotesPercent":2.3,"nominatorAbbr":{"fi":"PS","sv":"Sannf","en":"FINNS"}},{"age":51,"advanceVotesPercent":6.8,"lastname":"Rautiainen","occupation":"yrittäjä","advanceVotes":11,"npid":1,"totalVotes":13,"spid":3,"abbr":"PS","municipalCouncilor":false,"muid":595,"alid":1,"firstname":"Jouni","electionDayVotes":2,"pid":"23","finalPosition":0,"electedInformation":"ELECTED","totalVotesPercent":3.8,"nominatorName":{"fi":"Perussuomalaiset","sv":"Sannfinländarna","en":"The Finns Party"},"caid":11,"position":0,"gender":"1","comparisonData":{"totalVotes":0,"votesTotalChange":13},"edid":9,"comparativeIndex":0.0,"electionDayVotesPercent":1.1,"nominatorAbbr":{"fi":"PS","sv":"Sannf","en":"FINNS"}},{"age":56,"advanceVotesPercent":3.7,"lastname":"Nuutinen","occupation":"kirvesmies, eläkeläinen","advanceVotes":6,"npid":5,"totalVotes":12,"spid":6,"abbr":"VAS","municipalCouncilor":false,"muid":595,"alid":4,"firstname":"Jari","electionDayVotes":6,"pid":"15","finalPosition":0,"electedInformation":"ELECTED","totalVotesPercent":3.6,"nominatorName":{"fi":"Vasemmistoliitto","sv":"Vänsterförbundet","en":"The Left Alliance"},"caid":54,"position":0,"gender":"1","comparisonData":{"totalVotes":0,"votesTotalChange":12},"edid":9,"comparativeIndex":0.0,"electionDayVotesPercent":3.4,"nominatorAbbr":{"fi":"VAS","sv":"VF","en":"LEFT"}},{"age":60,"advanceVotesPercent":4.3,"lastname":"Katainen","occupation":"autoilija","advanceVotes":7,"npid":4,"totalVotes":11,"spid":1,"abbr":"KESK","municipalCouncilor":true,"muid":595,"alid":3,"firstname":"Pekka","electionDayVotes":4,"pid":"2","finalPosition":0,"electedInformation":"ON_SUBSTITUTE_PLACE","totalVotesPercent":3.3,"nominatorName":{"fi":"Suomen Keskusta","sv":"Centern i Finland","en":"Centre Party of Finland"},"caid":30,"position":0,"gender":"1","comparisonData":{"totalVotes":42,"votesTotalChange":-31},"edid":9,"comparativeIndex":0.0,"electionDayVotesPercent":2.3,"nominatorAbbr":{"fi":"KESK","sv":"C","en":"CENT"}},{"age":43,"advanceVotesPercent":4.3,"lastname":"Partanen","occupation":"maanviljelijä, agrologi","advanceVotes":7,"npid":4,"totalVotes":11,"spid":1,"abbr":"KESK","municipalCouncilor":false,"muid":595,"alid":3,"firstname":"Susan","electionDayVotes":4,"pid":"2","finalPosition":0,"electedInformation":"ELECTED","totalVotesPercent":3.3,"nominatorName":{"fi":"Suomen Keskusta","sv":"Centern i Finland","en":"Centre Party of Finland"},"caid":39,"position":0,"gender":"2","comparisonData":{"totalVotes":32,"votesTotalChange":-21},"edid":9,"comparativeIndex":0.0,"electionDayVotesPercent":2.3,"nominatorAbbr":{"fi":"KESK","sv":"C","en":"CENT"}},{"age":38,"advanceVotesPercent":3.1,"lastname":"Simpanen","occupation":"yhteyspäällikkö","advanceVotes":5,"npid":4,"totalVotes":11,"spid":1,"abbr":"KESK","municipalCouncilor":true,"muid":595,"alid":3,"firstname":"Mia","electionDayVotes":6,"pid":"2","finalPosition":0,"electedInformation":"ELECTED","totalVotesPercent":3.3,"nominatorName":{"fi":"Suomen Keskusta","sv":"Centern i Finland","en":"Centre Party of Finland"},"caid":46,"position":0,"gender":"2","comparisonData":{"totalVotes":109,"votesTotalChange":-98},"edid":9,"comparativeIndex":0.0,"electionDayVotesPercent":3.4,"nominatorAbbr":{"fi":"KESK","sv":"C","en":"CENT"}},{"age":50,"advanceVotesPercent":3.1,"lastname":"Katainen","occupation":"kansanedustaja","advanceVotes":5,"npid":4,"totalVotes":10,"spid":1,"abbr":"KESK","municipalCouncilor":true,"muid":595,"alid":3,"firstname":"Elsi","electionDayVotes":5,"pid":"2","finalPosition":0,"electedInformation":"ELECTED","totalVotesPercent":3.0,"nominatorName":{"fi":"Suomen Keskusta","sv":"Centern i Finland","en":"Centre Party of Finland"},"caid":28,"position":0,"gender":"2","comparisonData":{"totalVotes":163,"votesTotalChange":-153},"edid":9,"comparativeIndex":0.0,"electionDayVotesPercent":2.8,"nominatorAbbr":{"fi":"KESK","sv":"C","en":"CENT"}},{"age":54,"advanceVotesPercent":1.9,"lastname":"Savokallio","occupation":"luokanopettaja","advanceVotes":3,"npid":4,"totalVotes":8,"spid":1,"abbr":"KESK","municipalCouncilor":true,"muid":595,"alid":3,"firstname":"Elina","electionDayVotes":5,"pid":"2","finalPosition":0,"electedInformation":"ON_SUBSTITUTE_PLACE","totalVotesPercent":2.4,"nominatorName":{"fi":"Suomen Keskusta","sv":"Centern i Finland","en":"Centre Party of Finland"},"caid":45,"position":0,"gender":"2","comparisonData":{"totalVotes":40,"votesTotalChange":-32},"edid":9,"comparativeIndex":0.0,"electionDayVotesPercent":2.8,"nominatorAbbr":{"fi":"KESK","sv":"C","en":"CENT"}},{"age":43,"advanceVotesPercent":0.6,"lastname":"Paananen","occupation":"koulunkäyntiohjaaja","advanceVotes":1,"npid":7,"totalVotes":8,"spid":4,"abbr":"SDP","municipalCouncilor":true,"muid":595,"alid":6,"firstname":"Johanna","electionDayVotes":7,"pid":"1","finalPosition":0,"electedInformation":"ELECTED","totalVotesPercent":2.4,"nominatorName":{"fi":"Suomen Sosialidemokraattinen Puolue","sv":"Finlands Socialdemokratiska Parti","en":"The Finnish Social Democratic Party"},"caid":65,"position":0,"gender":"2","comparisonData":{"totalVotes":47,"votesTotalChange":-39},"edid":9,"comparativeIndex":0.0,"electionDayVotesPercent":4.0,"nominatorAbbr":{"fi":"SDP","sv":"SDP","en":"SDP"}},{"age":75,"advanceVotesPercent":3.1,"lastname":"Leppänen","occupation":"dipl.ins., eläkeläinen","advanceVotes":5,"npid":4,"totalVotes":7,"spid":1,"abbr":"KESK","municipalCouncilor":true,"muid":595,"alid":3,"firstname":"Paavo","electionDayVotes":2,"pid":"2","finalPosition":0,"electedInformation":"ON_SUBSTITUTE_PLACE","totalVotesPercent":2.1,"nominatorName":{"fi":"Suomen Keskusta","sv":"Centern i Finland","en":"Centre Party of Finland"},"caid":32,"position":0,"gender":"1","comparisonData":{"totalVotes":47,"votesTotalChange":-40},"edid":9,"comparativeIndex":0.0,"electionDayVotesPercent":1.1,"nominatorAbbr":{"fi":"KESK","sv":"C","en":"CENT"}},{"age":57,"advanceVotesPercent":1.9,"lastname":"Karhunen","occupation":"maatilayrittäjä","advanceVotes":3,"npid":1,"totalVotes":6,"spid":3,"abbr":"PS","municipalCouncilor":true,"muid":595,"alid":1,"firstname":"Tuomo","electionDayVotes":3,"pid":"23","finalPosition":0,"electedInformation":"ELECTED","totalVotesPercent":1.8,"nominatorName":{"fi":"Perussuomalaiset","sv":"Sannfinländarna","en":"The Finns Party"},"caid":4,"position":0,"gender":"1","comparisonData":{"totalVotes":126,"votesTotalChange":-120},"edid":9,"comparativeIndex":0.0,"electionDayVotesPercent":1.7,"nominatorAbbr":{"fi":"PS","sv":"Sannf","en":"FINNS"}},{"age":73,"advanceVotesPercent":0.6,"lastname":"Lindström","occupation":"eläkeläinen, hevosmies","advanceVotes":1,"npid":1,"totalVotes":6,"spid":3,"abbr":"PS","municipalCouncilor":false,"muid":595,"alid":1,"firstname":"Kalle","electionDayVotes":5,"pid":"23","finalPosition":0,"electedInformation":"ON_SUBSTITUTE_PLACE","totalVotesPercent":1.8,"nominatorName":{"fi":"Perussuomalaiset","sv":"Sannfinländarna","en":"The Finns Party"},"caid":7,"position":0,"gender":"1","comparisonData":{"totalVotes":0,"votesTotalChange":6},"edid":9,"comparativeIndex":0.0,"electionDayVotesPercent":2.8,"nominatorAbbr":{"fi":"PS","sv":"Sannf","en":"FINNS"}},{"age":55,"advanceVotesPercent":0.6,"lastname":"Klemetti","occupation":"palvelusihteeri, eläkeläinen","advanceVotes":1,"npid":2,"totalVotes":6,"spid":8,"abbr":"KD","municipalCouncilor":false,"muid":595,"alid":1,"firstname":"Tiina","electionDayVotes":5,"pid":"9","finalPosition":0,"electedInformation":"ON_SUBSTITUTE_PLACE","totalVotesPercent":1.8,"nominatorName":{"fi":"Suomen Kristillisdemokraatit (KD)","sv":"Kristdemokraterna i Finland (KD)","en":"Christian Democrats in Finland"},"caid":14,"position":0,"gender":"2","comparisonData":{"totalVotes":0,"votesTotalChange":6},"edid":9,"comparativeIndex":0.0,"electionDayVotesPercent":2.8,"nominatorAbbr":{"fi":"KD","sv":"KD","en":"CD"}},{"age":56,"advanceVotesPercent":2.5,"lastname":"Kukkonen","occupation":"yrittäjä","advanceVotes":4,"npid":2,"totalVotes":6,"spid":8,"abbr":"KD","municipalCouncilor":false,"muid":595,"alid":1,"firstname":"Arto","electionDayVotes":2,"pid":"9","finalPosition":0,"electedInformation":"ELECTED","totalVotesPercent":1.8,"nominatorName":{"fi":"Suomen Kristillisdemokraatit (KD)","sv":"Kristdemokraterna i Finland (KD)","en":"Christian Democrats in Finland"},"caid":15,"position":0,"gender":"1","comparisonData":{"totalVotes":57,"votesTotalChange":-51},"edid":9,"comparativeIndex":0.0,"electionDayVotesPercent":1.1,"nominatorAbbr":{"fi":"KD","sv":"KD","en":"CD"}},{"age":61,"advanceVotesPercent":1.9,"lastname":"Katainen","occupation":"yrittäjä","advanceVotes":3,"npid":4,"totalVotes":6,"spid":1,"abbr":"KESK","municipalCouncilor":false,"muid":595,"alid":3,"firstname":"Hannu","electionDayVotes":3,"pid":"2","finalPosition":0,"electedInformation":"ELECTED","totalVotesPercent":1.8,"nominatorName":{"fi":"Suomen Keskusta","sv":"Centern i Finland","en":"Centre Party of Finland"},"caid":29,"position":0,"gender":"1","comparisonData":{"totalVotes":0,"votesTotalChange":6},"edid":9,"comparativeIndex":0.0,"electionDayVotesPercent":1.7,"nominatorAbbr":{"fi":"KESK","sv":"C","en":"CENT"}},{"age":35,"advanceVotesPercent":1.9,"lastname":"Hirvasoja","occupation":"yrittäjä","advanceVotes":3,"npid":3,"totalVotes":5,"spid":2,"abbr":"KOK","municipalCouncilor":false,"muid":595,"alid":2,"firstname":"Marja-Riina","electionDayVotes":2,"pid":"4","finalPosition":0,"electedInformation":"ELECTED","totalVotesPercent":1.5,"nominatorName":{"fi":"Kansallinen Kokoomus","sv":"Samlingspartiet","en":"National Coalition Party"},"caid":19,"position":0,"gender":"2","comparisonData":{"totalVotes":0,"votesTotalChange":5},"edid":9,"comparativeIndex":0.0,"electionDayVotesPercent":1.1,"nominatorAbbr":{"fi":"KOK","sv":"Saml","en":"NCP"}},{"age":46,"advanceVotesPercent":0.6,"lastname":"Hyvärinen","occupation":"yrittäjä","advanceVotes":1,"npid":3,"totalVotes":5,"spid":2,"abbr":"KOK","municipalCouncilor":false,"muid":595,"alid":2,"firstname":"Reijo","electionDayVotes":4,"pid":"4","finalPosition":0,"electedInformation":"ON_SUBSTITUTE_PLACE","totalVotesPercent":1.5,"nominatorName":{"fi":"Kansallinen Kokoomus","sv":"Samlingspartiet","en":"National Coalition Party"},"caid":20,"position":0,"gender":"1","comparisonData":{"totalVotes":0,"votesTotalChange":5},"edid":9,"comparativeIndex":0.0,"electionDayVotesPercent":2.3,"nominatorAbbr":{"fi":"KOK","sv":"Saml","en":"NCP"}},{"age":61,"advanceVotesPercent":2.5,"lastname":"Haring","occupation":"lääkäri","advanceVotes":4,"npid":5,"totalVotes":5,"spid":6,"abbr":"VAS","municipalCouncilor":true,"muid":595,"alid":4,"firstname":"Kari","electionDayVotes":1,"pid":"15","finalPosition":0,"electedInformation":"ELECTED","totalVotesPercent":1.5,"nominatorName":{"fi":"Vasemmistoliitto","sv":"Vänsterförbundet","en":"The Left Alliance"},"caid":49,"position":0,"gender":"1","comparisonData":{"totalVotes":72,"votesTotalChange":-67},"edid":9,"comparativeIndex":0.0,"electionDayVotesPercent":0.6,"nominatorAbbr":{"fi":"VAS","sv":"VF","en":"LEFT"}},{"age":64,"advanceVotesPercent":0.6,"lastname":"Berg","occupation":"maanviljelijä, eläkeläinen","advanceVotes":1,"npid":4,"totalVotes":4,"spid":1,"abbr":"KESK","municipalCouncilor":false,"muid":595,"alid":3,"firstname":"Tomi","electionDayVotes":3,"pid":"2","finalPosition":0,"electedInformation":"ELECTED","totalVotesPercent":1.2,"nominatorName":{"fi":"Suomen Keskusta","sv":"Centern i Finland","en":"Centre Party of Finland"},"caid":25,"position":0,"gender":"1","comparisonData":{"totalVotes":35,"votesTotalChange":-31},"edid":9,"comparativeIndex":0.0,"electionDayVotesPercent":1.7,"nominatorAbbr":{"fi":"KESK","sv":"C","en":"CENT"}},{"age":64,"advanceVotesPercent":1.9,"lastname":"Hyvärinen","occupation":"osastosihteeri, eläkeläinen","advanceVotes":3,"npid":4,"totalVotes":4,"spid":1,"abbr":"KESK","municipalCouncilor":false,"muid":595,"alid":3,"firstname":"Inka","electionDayVotes":1,"pid":"2","finalPosition":0,"electedInformation":"ELECTED","totalVotesPercent":1.2,"nominatorName":{"fi":"Suomen Keskusta","sv":"Centern i Finland","en":"Centre Party of Finland"},"caid":27,"position":0,"gender":"2","comparisonData":{"totalVotes":0,"votesTotalChange":4},"edid":9,"comparativeIndex":0.0,"electionDayVotesPercent":0.6,"nominatorAbbr":{"fi":"KESK","sv":"C","en":"CENT"}},{"age":19,"advanceVotesPercent":0.0,"lastname":"Qvick","occupation":"opiskelija","advanceVotes":0,"npid":4,"totalVotes":4,"spid":1,"abbr":"KESK","municipalCouncilor":false,"muid":595,"alid":3,"firstname":"Otto","electionDayVotes":4,"pid":"2","finalPosition":0,"electedInformation":"ELECTED","totalVotesPercent":1.2,"nominatorName":{"fi":"Suomen Keskusta","sv":"Centern i Finland","en":"Centre Party of Finland"},"caid":42,"position":0,"gender":"1","comparisonData":{"totalVotes":0,"votesTotalChange":4},"edid":9,"comparativeIndex":0.0,"electionDayVotesPercent":2.3,"nominatorAbbr":{"fi":"KESK","sv":"C","en":"CENT"}},{"age":43,"advanceVotesPercent":2.5,"lastname":"Parviainen","occupation":"sairaanhoitaja","advanceVotes":4,"npid":5,"totalVotes":4,"spid":6,"abbr":"VAS","municipalCouncilor":true,"muid":595,"alid":4,"firstname":"Mirka","electionDayVotes":0,"pid":"15","finalPosition":0,"electedInformation":"ELECTED","totalVotesPercent":1.2,"nominatorName":{"fi":"Vasemmistoliitto","sv":"Vänsterförbundet","en":"The Left Alliance"},"caid":57,"position":0,"gender":"2","comparisonData":{"totalVotes":55,"votesTotalChange":-51},"edid":9,"comparativeIndex":0.0,"electionDayVotesPercent":0.0,"nominatorAbbr":{"fi":"VAS","sv":"VF","en":"LEFT"}},{"age":55,"advanceVotesPercent":1.2,"lastname":"Hopealahti-Kasurinen","occupation":"maatalouslomittaja","advanceVotes":2,"npid":1,"totalVotes":3,"spid":3,"abbr":"PS","municipalCouncilor":false,"muid":595,"alid":1,"firstname":"Leena","electionDayVotes":1,"pid":"23","finalPosition":0,"electedInformation":"ON_SUBSTITUTE_PLACE","totalVotesPercent":0.9,"nominatorName":{"fi":"Perussuomalaiset","sv":"Sannfinländarna","en":"The Finns Party"},"caid":3,"position":0,"gender":"2","comparisonData":{"totalVotes":0,"votesTotalChange":3},"edid":9,"comparativeIndex":0.0,"electionDayVotesPercent":0.6,"nominatorAbbr":{"fi":"PS","sv":"Sannf","en":"FINNS"}},{"age":68,"advanceVotesPercent":1.2,"lastname":"Nousiainen","occupation":"hammaslääkäri, eläkeläinen","advanceVotes":2,"npid":4,"totalVotes":3,"spid":1,"abbr":"KESK","municipalCouncilor":true,"muid":595,"alid":3,"firstname":"Maija","electionDayVotes":1,"pid":"2","finalPosition":0,"electedInformation":"ON_SUBSTITUTE_PLACE","totalVotesPercent":0.9,"nominatorName":{"fi":"Suomen Keskusta","sv":"Centern i Finland","en":"Centre Party of Finland"},"caid":36,"position":0,"gender":"2","comparisonData":{"totalVotes":37,"votesTotalChange":-34},"edid":9,"comparativeIndex":0.0,"electionDayVotesPercent":0.6,"nominatorAbbr":{"fi":"KESK","sv":"C","en":"CENT"}},{"age":54,"advanceVotesPercent":0.6,"lastname":"Partanen","occupation":"maanviljelijä","advanceVotes":1,"npid":4,"totalVotes":3,"spid":1,"abbr":"KESK","municipalCouncilor":true,"muid":595,"alid":3,"firstname":"Juha","electionDayVotes":2,"pid":"2","finalPosition":0,"electedInformation":"ELECTED","totalVotesPercent":0.9,"nominatorName":{"fi":"Suomen Keskusta","sv":"Centern i Finland","en":"Centre Party of Finland"},"caid":38,"position":0,"gender":"1","comparisonData":{"totalVotes":48,"votesTotalChange":-45},"edid":9,"comparativeIndex":0.0,"electionDayVotesPercent":1.1,"nominatorAbbr":{"fi":"KESK","sv":"C","en":"CENT"}},{"age":55,"advanceVotesPercent":1.2,"lastname":"Rönkkö","occupation":"yrittäjä, toimitusjohtaja","advanceVotes":2,"npid":4,"totalVotes":3,"spid":1,"abbr":"KESK","municipalCouncilor":true,"muid":595,"alid":3,"firstname":"Matti","electionDayVotes":1,"pid":"2","finalPosition":0,"electedInformation":"ON_SUBSTITUTE_PLACE","totalVotesPercent":0.9,"nominatorName":{"fi":"Suomen Keskusta","sv":"Centern i Finland","en":"Centre Party of Finland"},"caid":43,"position":0,"gender":"1","comparisonData":{"totalVotes":65,"votesTotalChange":-62},"edid":9,"comparativeIndex":0.0,"electionDayVotesPercent":0.6,"nominatorAbbr":{"fi":"KESK","sv":"C","en":"CENT"}},{"age":29,"advanceVotesPercent":1.9,"lastname":"Saastamoinen","occupation":"yrittäjä, sairaanhoitaja","advanceVotes":3,"npid":4,"totalVotes":3,"spid":1,"abbr":"KESK","municipalCouncilor":true,"muid":595,"alid":3,"firstname":"Aku","electionDayVotes":0,"pid":"2","finalPosition":0,"electedInformation":"ELECTED","totalVotesPercent":0.9,"nominatorName":{"fi":"Suomen Keskusta","sv":"Centern i Finland","en":"Centre Party of Finland"},"caid":44,"position":0,"gender":"1","comparisonData":{"totalVotes":64,"votesTotalChange":-61},"edid":9,"comparativeIndex":0.0,"electionDayVotesPercent":0.0,"nominatorAbbr":{"fi":"KESK","sv":"C","en":"CENT"}},{"age":46,"advanceVotesPercent":1.9,"lastname":"Väänänen","occupation":"emäntä, yo-merkonomi","advanceVotes":3,"npid":4,"totalVotes":3,"spid":1,"abbr":"KESK","municipalCouncilor":false,"muid":595,"alid":3,"firstname":"Auli","electionDayVotes":0,"pid":"2","finalPosition":0,"electedInformation":"ON_SUBSTITUTE_PLACE","totalVotesPercent":0.9,"nominatorName":{"fi":"Suomen Keskusta","sv":"Centern i Finland","en":"Centre Party of Finland"},"caid":48,"position":0,"gender":"2","comparisonData":{"totalVotes":0,"votesTotalChange":3},"edid":9,"comparativeIndex":0.0,"electionDayVotesPercent":0.0,"nominatorAbbr":{"fi":"KESK","sv":"C","en":"CENT"}},{"age":40,"advanceVotesPercent":0.6,"lastname":"Hirviheimo","occupation":"ammattimies","advanceVotes":1,"npid":1,"totalVotes":2,"spid":3,"abbr":"PS","municipalCouncilor":false,"muid":595,"alid":1,"firstname":"Veli-Matti","electionDayVotes":1,"pid":"23","finalPosition":0,"electedInformation":"ELECTED","totalVotesPercent":0.6,"nominatorName":{"fi":"Perussuomalaiset","sv":"Sannfinländarna","en":"The Finns Party"},"caid":2,"position":0,"gender":"1","comparisonData":{"totalVotes":0,"votesTotalChange":2},"edid":9,"comparativeIndex":0.0,"electionDayVotesPercent":0.6,"nominatorAbbr":{"fi":"PS","sv":"Sannf","en":"FINNS"}},{"age":62,"advanceVotesPercent":1.2,"lastname":"Koistinen","occupation":"myyjä","advanceVotes":2,"npid":1,"totalVotes":2,"spid":3,"abbr":"PS","municipalCouncilor":true,"muid":595,"alid":1,"firstname":"Pirkko","electionDayVotes":0,"pid":"23","finalPosition":0,"electedInformation":"ELECTED","totalVotesPercent":0.6,"nominatorName":{"fi":"Perussuomalaiset","sv":"Sannfinländarna","en":"The Finns Party"},"caid":6,"position":0,"gender":"2","comparisonData":{"totalVotes":60,"votesTotalChange":-58},"edid":9,"comparativeIndex":0.0,"electionDayVotesPercent":0.0,"nominatorAbbr":{"fi":"PS","sv":"Sannf","en":"FINNS"}},{"age":49,"advanceVotesPercent":0.6,"lastname":"Niskanen","occupation":"laitoshuoltaja","advanceVotes":1,"npid":1,"totalVotes":2,"spid":3,"abbr":"PS","municipalCouncilor":false,"muid":595,"alid":1,"firstname":"Tiina","electionDayVotes":1,"pid":"23","finalPosition":0,"electedInformation":"ON_SUBSTITUTE_PLACE","totalVotesPercent":0.6,"nominatorName":{"fi":"Perussuomalaiset","sv":"Sannfinländarna","en":"The Finns Party"},"caid":8,"position":0,"gender":"2","comparisonData":{"totalVotes":0,"votesTotalChange":2},"edid":9,"comparativeIndex":0.0,"electionDayVotesPercent":0.6,"nominatorAbbr":{"fi":"PS","sv":"Sannf","en":"FINNS"}},{"age":47,"advanceVotesPercent":1.2,"lastname":"Kurki","occupation":"fysioterapeutti, yrittäjä","advanceVotes":2,"npid":3,"totalVotes":2,"spid":2,"abbr":"KOK","municipalCouncilor":true,"muid":595,"alid":2,"firstname":"Kai","electionDayVotes":0,"pid":"4","finalPosition":0,"electedInformation":"NOT_ELECTED","totalVotesPercent":0.6,"nominatorName":{"fi":"Kansallinen Kokoomus","sv":"Samlingspartiet","en":"National Coalition Party"},"caid":21,"position":0,"gender":"1","comparisonData":{"totalVotes":0,"votesTotalChange":2},"edid":9,"comparativeIndex":0.0,"electionDayVotesPercent":0.0,"nominatorAbbr":{"fi":"KOK","sv":"Saml","en":"NCP"}},{"age":51,"advanceVotesPercent":1.2,"lastname":"Niskanen","occupation":"lastenohjaaja","advanceVotes":2,"npid":3,"totalVotes":2,"spid":2,"abbr":"KOK","municipalCouncilor":false,"muid":595,"alid":2,"firstname":"Eija","electionDayVotes":0,"pid":"4","finalPosition":0,"electedInformation":"NOT_ELECTED","totalVotesPercent":0.6,"nominatorName":{"fi":"Kansallinen Kokoomus","sv":"Samlingspartiet","en":"National Coalition Party"},"caid":23,"position":0,"gender":"2","comparisonData":{"totalVotes":0,"votesTotalChange":2},"edid":9,"comparativeIndex":0.0,"electionDayVotesPercent":0.0,"nominatorAbbr":{"fi":"KOK","sv":"Saml","en":"NCP"}},{"age":42,"advanceVotesPercent":0.6,"lastname":"Penttinen","occupation":"osastonhoitaja","advanceVotes":1,"npid":4,"totalVotes":2,"spid":1,"abbr":"KESK","municipalCouncilor":false,"muid":595,"alid":3,"firstname":"Minna","electionDayVotes":1,"pid":"2","finalPosition":0,"electedInformation":"ON_SUBSTITUTE_PLACE","totalVotesPercent":0.6,"nominatorName":{"fi":"Suomen Keskusta","sv":"Centern i Finland","en":"Centre Party of Finland"},"caid":41,"position":0,"gender":"2","comparisonData":{"totalVotes":0,"votesTotalChange":2},"edid":9,"comparativeIndex":0.0,"electionDayVotesPercent":0.6,"nominatorAbbr":{"fi":"KESK","sv":"C","en":"CENT"}},{"age":66,"advanceVotesPercent":0.6,"lastname":"Palosaari","occupation":"taiteen maisteri, eläkeläinen","advanceVotes":1,"npid":5,"totalVotes":2,"spid":6,"abbr":"VAS","municipalCouncilor":false,"muid":595,"alid":4,"firstname":"Liisa","electionDayVotes":1,"pid":"15","finalPosition":0,"electedInformation":"NOT_ELECTED","totalVotesPercent":0.6,"nominatorName":{"fi":"Vasemmistoliitto","sv":"Vänsterförbundet","en":"The Left Alliance"},"caid":55,"position":0,"gender":"2","comparisonData":{"totalVotes":0,"votesTotalChange":2},"edid":9,"comparativeIndex":0.0,"electionDayVotesPercent":0.6,"nominatorAbbr":{"fi":"VAS","sv":"VF","en":"LEFT"}},{"age":59,"advanceVotesPercent":0.0,"lastname":"Pennanen","occupation":"tuotantoneuvoja","advanceVotes":0,"npid":5,"totalVotes":2,"spid":6,"abbr":"VAS","municipalCouncilor":true,"muid":595,"alid":4,"firstname":"Timo","electionDayVotes":2,"pid":"15","finalPosition":0,"electedInformation":"ON_SUBSTITUTE_PLACE","totalVotesPercent":0.6,"nominatorName":{"fi":"Vasemmistoliitto","sv":"Vänsterförbundet","en":"The Left Alliance"},"caid":58,"position":0,"gender":"1","comparisonData":{"totalVotes":51,"votesTotalChange":-49},"edid":9,"comparativeIndex":0.0,"electionDayVotesPercent":1.1,"nominatorAbbr":{"fi":"VAS","sv":"VF","en":"LEFT"}},{"age":49,"advanceVotesPercent":1.2,"lastname":"Wasenius","occupation":"palomies","advanceVotes":2,"npid":7,"totalVotes":2,"spid":4,"abbr":"SDP","municipalCouncilor":false,"muid":595,"alid":6,"firstname":"Petri","electionDayVotes":0,"pid":"1","finalPosition":0,"electedInformation":"ON_SUBSTITUTE_PLACE","totalVotesPercent":0.6,"nominatorName":{"fi":"Suomen Sosialidemokraattinen Puolue","sv":"Finlands Socialdemokratiska Parti","en":"The Finnish Social Democratic Party"},"caid":67,"position":0,"gender":"1","comparisonData":{"totalVotes":32,"votesTotalChange":-30},"edid":9,"comparativeIndex":0.0,"electionDayVotesPercent":0.0,"nominatorAbbr":{"fi":"SDP","sv":"SDP","en":"SDP"}},{"age":58,"advanceVotesPercent":0.0,"lastname":"Oravainen","occupation":"yrittäjä","advanceVotes":0,"npid":1,"totalVotes":1,"spid":3,"abbr":"PS","municipalCouncilor":false,"muid":595,"alid":1,"firstname":"Eero","electionDayVotes":1,"pid":"23","finalPosition":0,"electedInformation":"ELECTED","totalVotesPercent":0.3,"nominatorName":{"fi":"Perussuomalaiset","sv":"Sannfinländarna","en":"The Finns Party"},"caid":9,"position":0,"gender":"1","comparisonData":{"totalVotes":0,"votesTotalChange":1},"edid":9,"comparativeIndex":0.0,"electionDayVotesPercent":0.6,"nominatorAbbr":{"fi":"PS","sv":"Sannf","en":"FINNS"}},{"age":38,"advanceVotesPercent":0.0,"lastname":"Raitanen","occupation":"toiminnanjohtaja","advanceVotes":0,"npid":3,"totalVotes":1,"spid":2,"abbr":"KOK","municipalCouncilor":false,"muid":595,"alid":2,"firstname":"Titta","electionDayVotes":1,"pid":"4","finalPosition":0,"electedInformation":"ELECTED","totalVotesPercent":0.3,"nominatorName":{"fi":"Kansallinen Kokoomus","sv":"Samlingspartiet","en":"National Coalition Party"},"caid":24,"position":0,"gender":"2","comparisonData":{"totalVotes":0,"votesTotalChange":1},"edid":9,"comparativeIndex":0.0,"electionDayVotesPercent":0.6,"nominatorAbbr":{"fi":"KOK","sv":"Saml","en":"NCP"}},{"age":31,"advanceVotesPercent":0.6,"lastname":"Hakulinen","occupation":"erityispalveluiden esimies","advanceVotes":1,"npid":4,"totalVotes":1,"spid":1,"abbr":"KESK","municipalCouncilor":false,"muid":595,"alid":3,"firstname":"Irma","electionDayVotes":0,"pid":"2","finalPosition":0,"electedInformation":"ELECTED","totalVotesPercent":0.3,"nominatorName":{"fi":"Suomen Keskusta","sv":"Centern i Finland","en":"Centre Party of Finland"},"caid":26,"position":0,"gender":"2","comparisonData":{"totalVotes":23,"votesTotalChange":-22},"edid":9,"comparativeIndex":0.0,"electionDayVotesPercent":0.0,"nominatorAbbr":{"fi":"KESK","sv":"C","en":"CENT"}},{"age":62,"advanceVotesPercent":0.6,"lastname":"Nousiainen","occupation":"kotitalousopettaja","advanceVotes":1,"npid":4,"totalVotes":1,"spid":1,"abbr":"KESK","municipalCouncilor":false,"muid":595,"alid":3,"firstname":"Elina","electionDayVotes":0,"pid":"2","finalPosition":0,"electedInformation":"ON_SUBSTITUTE_PLACE","totalVotesPercent":0.3,"nominatorName":{"fi":"Suomen Keskusta","sv":"Centern i Finland","en":"Centre Party of Finland"},"caid":35,"position":0,"gender":"2","comparisonData":{"totalVotes":0,"votesTotalChange":1},"edid":9,"comparativeIndex":0.0,"electionDayVotesPercent":0.0,"nominatorAbbr":{"fi":"KESK","sv":"C","en":"CENT"}},{"age":65,"advanceVotesPercent":0.6,"lastname":"Kukkonen","occupation":"herastuomari","advanceVotes":1,"npid":5,"totalVotes":1,"spid":6,"abbr":"VAS","municipalCouncilor":true,"muid":595,"alid":4,"firstname":"Anja","electionDayVotes":0,"pid":"15","finalPosition":0,"electedInformation":"ELECTED","totalVotesPercent":0.3,"nominatorName":{"fi":"Vasemmistoliitto","sv":"Vänsterförbundet","en":"The Left Alliance"},"caid":53,"position":0,"gender":"2","comparisonData":{"totalVotes":88,"votesTotalChange":-87},"edid":9,"comparativeIndex":0.0,"electionDayVotesPercent":0.0,"nominatorAbbr":{"fi":"VAS","sv":"VF","en":"LEFT"}},{"age":54,"advanceVotesPercent":0.0,"lastname":"Kiukkonen","occupation":"kirkon nuorisotyönohjaaja","advanceVotes":0,"npid":7,"totalVotes":1,"spid":4,"abbr":"SDP","municipalCouncilor":true,"muid":595,"alid":6,"firstname":"Jyrki","electionDayVotes":1,"pid":"1","finalPosition":0,"electedInformation":"ELECTED","totalVotesPercent":0.3,"nominatorName":{"fi":"Suomen Sosialidemokraattinen Puolue","sv":"Finlands Socialdemokratiska Parti","en":"The Finnish Social Democratic Party"},"caid":64,"position":0,"gender":"1","comparisonData":{"totalVotes":61,"votesTotalChange":-60},"edid":9,"comparativeIndex":0.0,"electionDayVotesPercent":0.6,"nominatorAbbr":{"fi":"SDP","sv":"SDP","en":"SDP"}},{"age":58,"advanceVotesPercent":0.0,"lastname":"Kauhanen","occupation":"yrittäjä","advanceVotes":0,"npid":1,"totalVotes":0,"spid":3,"abbr":"PS","municipalCouncilor":false,"muid":595,"alid":1,"firstname":"Markku","electionDayVotes":0,"pid":"23","finalPosition":0,"electedInformation":"NOT_ELECTED","totalVotesPercent":0.0,"nominatorName":{"fi":"Perussuomalaiset","sv":"Sannfinländarna","en":"The Finns Party"},"caid":5,"position":0,"gender":"1","comparisonData":{"totalVotes":0,"votesTotalChange":0},"edid":9,"comparativeIndex":0.0,"electionDayVotesPercent":0.0,"nominatorAbbr":{"fi":"PS","sv":"Sannf","en":"FINNS"}},{"age":70,"advanceVotesPercent":0.0,"lastname":"Penttinen","occupation":"rakennusmestari","advanceVotes":0,"npid":1,"totalVotes":0,"spid":3,"abbr":"PS","municipalCouncilor":false,"muid":595,"alid":1,"firstname":"Matti","electionDayVotes":0,"pid":"23","finalPosition":0,"electedInformation":"NOT_ELECTED","totalVotesPercent":0.0,"nominatorName":{"fi":"Perussuomalaiset","sv":"Sannfinländarna","en":"The Finns Party"},"caid":10,"position":0,"gender":"1","comparisonData":{"totalVotes":0,"votesTotalChange":0},"edid":9,"comparativeIndex":0.0,"electionDayVotesPercent":0.0,"nominatorAbbr":{"fi":"PS","sv":"Sannf","en":"FINNS"}},{"age":77,"advanceVotesPercent":0.0,"lastname":"Kekkonen","occupation":"eläkeläinen","advanceVotes":0,"npid":2,"totalVotes":0,"spid":8,"abbr":"KD","municipalCouncilor":false,"muid":595,"alid":1,"firstname":"Seija","electionDayVotes":0,"pid":"9","finalPosition":0,"electedInformation":"NOT_ELECTED","totalVotesPercent":0.0,"nominatorName":{"fi":"Suomen Kristillisdemokraatit (KD)","sv":"Kristdemokraterna i Finland (KD)","en":"Christian Democrats in Finland"},"caid":13,"position":0,"gender":"2","comparisonData":{"totalVotes":0,"votesTotalChange":0},"edid":9,"comparativeIndex":0.0,"electionDayVotesPercent":0.0,"nominatorAbbr":{"fi":"KD","sv":"KD","en":"CD"}},{"age":69,"advanceVotesPercent":0.0,"lastname":"Mäki-Turja","occupation":"eläkeläinen, yrittäjä","advanceVotes":0,"npid":2,"totalVotes":0,"spid":8,"abbr":"KD","municipalCouncilor":false,"muid":595,"alid":1,"firstname":"Seppo","electionDayVotes":0,"pid":"9","finalPosition":0,"electedInformation":"ON_SUBSTITUTE_PLACE","totalVotesPercent":0.0,"nominatorName":{"fi":"Suomen Kristillisdemokraatit (KD)","sv":"Kristdemokraterna i Finland (KD)","en":"Christian Democrats in Finland"},"caid":16,"position":0,"gender":"1","comparisonData":{"totalVotes":0,"votesTotalChange":0},"edid":9,"comparativeIndex":0.0,"electionDayVotesPercent":0.0,"nominatorAbbr":{"fi":"KD","sv":"KD","en":"CD"}},{"age":43,"advanceVotesPercent":0.0,"lastname":"Perälä","occupation":"laitoshuoltaja","advanceVotes":0,"npid":2,"totalVotes":0,"spid":8,"abbr":"KD","municipalCouncilor":false,"muid":595,"alid":1,"firstname":"Minna","electionDayVotes":0,"pid":"9","finalPosition":0,"electedInformation":"NOT_ELECTED","totalVotesPercent":0.0,"nominatorName":{"fi":"Suomen Kristillisdemokraatit (KD)","sv":"Kristdemokraterna i Finland (KD)","en":"Christian Democrats in Finland"},"caid":17,"position":0,"gender":"2","comparisonData":{"totalVotes":0,"votesTotalChange":0},"edid":9,"comparativeIndex":0.0,"electionDayVotesPercent":0.0,"nominatorAbbr":{"fi":"KD","sv":"KD","en":"CD"}},{"age":36,"advanceVotesPercent":0.0,"lastname":"Kurki","occupation":"myyntipäällikkö, yrittäjä","advanceVotes":0,"npid":3,"totalVotes":0,"spid":2,"abbr":"KOK","municipalCouncilor":true,"muid":595,"alid":2,"firstname":"Taika-Maaria","electionDayVotes":0,"pid":"4","finalPosition":0,"electedInformation":"NOT_ELECTED","totalVotesPercent":0.0,"nominatorName":{"fi":"Kansallinen Kokoomus","sv":"Samlingspartiet","en":"National Coalition Party"},"caid":22,"position":0,"gender":"2","comparisonData":{"totalVotes":36,"votesTotalChange":-36},"edid":9,"comparativeIndex":0.0,"electionDayVotesPercent":0.0,"nominatorAbbr":{"fi":"KOK","sv":"Saml","en":"NCP"}},{"age":33,"advanceVotesPercent":0.0,"lastname":"Kumpulainen","occupation":"sähköasentaja","advanceVotes":0,"npid":4,"totalVotes":0,"spid":1,"abbr":"KESK","municipalCouncilor":false,"muid":595,"alid":3,"firstname":"Janne","electionDayVotes":0,"pid":"2","finalPosition":0,"electedInformation":"ON_SUBSTITUTE_PLACE","totalVotesPercent":0.0,"nominatorName":{"fi":"Suomen Keskusta","sv":"Centern i Finland","en":"Centre Party of Finland"},"caid":31,"position":0,"gender":"1","comparisonData":{"totalVotes":22,"votesTotalChange":-22},"edid":9,"comparativeIndex":0.0,"electionDayVotesPercent":0.0,"nominatorAbbr":{"fi":"KESK","sv":"C","en":"CENT"}},{"age":43,"advanceVotesPercent":0.0,"lastname":"Mikhailova","occupation":"koulunkäyntiohjaaja","advanceVotes":0,"npid":4,"totalVotes":0,"spid":1,"abbr":"KESK","municipalCouncilor":false,"muid":595,"alid":3,"firstname":"Elena","electionDayVotes":0,"pid":"2","finalPosition":0,"electedInformation":"ON_SUBSTITUTE_PLACE","totalVotesPercent":0.0,"nominatorName":{"fi":"Suomen Keskusta","sv":"Centern i Finland","en":"Centre Party of Finland"},"caid":33,"position":0,"gender":"2","comparisonData":{"totalVotes":7,"votesTotalChange":-7},"edid":9,"comparativeIndex":0.0,"electionDayVotesPercent":0.0,"nominatorAbbr":{"fi":"KESK","sv":"C","en":"CENT"}},{"age":44,"advanceVotesPercent":0.0,"lastname":"Tuupanen","occupation":"FM, yhtenäiskoulun ja lukion lehtori","advanceVotes":0,"npid":4,"totalVotes":0,"spid":1,"abbr":"KESK","municipalCouncilor":false,"muid":595,"alid":3,"firstname":"Ismo","electionDayVotes":0,"pid":"2","finalPosition":0,"electedInformation":"ON_SUBSTITUTE_PLACE","totalVotesPercent":0.0,"nominatorName":{"fi":"Suomen Keskusta","sv":"Centern i Finland","en":"Centre Party of Finland"},"caid":47,"position":0,"gender":"1","comparisonData":{"totalVotes":0,"votesTotalChange":0},"edid":9,"comparativeIndex":0.0,"electionDayVotesPercent":0.0,"nominatorAbbr":{"fi":"KESK","sv":"C","en":"CENT"}},{"age":55,"advanceVotesPercent":0.0,"lastname":"Jauhiainen","occupation":"eläkeläinen, sähköasentaja","advanceVotes":0,"npid":5,"totalVotes":0,"spid":6,"abbr":"VAS","municipalCouncilor":false,"muid":595,"alid":4,"firstname":"Arto","electionDayVotes":0,"pid":"15","finalPosition":0,"electedInformation":"ON_SUBSTITUTE_PLACE","totalVotesPercent":0.0,"nominatorName":{"fi":"Vasemmistoliitto","sv":"Vänsterförbundet","en":"The Left Alliance"},"caid":50,"position":0,"gender":"1","comparisonData":{"totalVotes":18,"votesTotalChange":-18},"edid":9,"comparativeIndex":0.0,"electionDayVotesPercent":0.0,"nominatorAbbr":{"fi":"VAS","sv":"VF","en":"LEFT"}},{"age":58,"advanceVotesPercent":0.0,"lastname":"Kainulainen","occupation":"lähihoitaja","advanceVotes":0,"npid":5,"totalVotes":0,"spid":6,"abbr":"VAS","municipalCouncilor":false,"muid":595,"alid":4,"firstname":"Pirkko","electionDayVotes":0,"pid":"15","finalPosition":0,"electedInformation":"ON_SUBSTITUTE_PLACE","totalVotesPercent":0.0,"nominatorName":{"fi":"Vasemmistoliitto","sv":"Vänsterförbundet","en":"The Left Alliance"},"caid":51,"position":0,"gender":"2","comparisonData":{"totalVotes":0,"votesTotalChange":0},"edid":9,"comparativeIndex":0.0,"electionDayVotesPercent":0.0,"nominatorAbbr":{"fi":"VAS","sv":"VF","en":"LEFT"}},{"age":51,"advanceVotesPercent":0.0,"lastname":"Kolehmainen","occupation":"lähihoitaja","advanceVotes":0,"npid":5,"totalVotes":0,"spid":6,"abbr":"VAS","municipalCouncilor":false,"muid":595,"alid":4,"firstname":"Raili","electionDayVotes":0,"pid":"15","finalPosition":0,"electedInformation":"ON_SUBSTITUTE_PLACE","totalVotesPercent":0.0,"nominatorName":{"fi":"Vasemmistoliitto","sv":"Vänsterförbundet","en":"The Left Alliance"},"caid":52,"position":0,"gender":"2","comparisonData":{"totalVotes":45,"votesTotalChange":-45},"edid":9,"comparativeIndex":0.0,"electionDayVotesPercent":0.0,"nominatorAbbr":{"fi":"VAS","sv":"VF","en":"LEFT"}},{"age":46,"advanceVotesPercent":0.0,"lastname":"Parviainen","occupation":"yrittäjä","advanceVotes":0,"npid":5,"totalVotes":0,"spid":6,"abbr":"VAS","municipalCouncilor":false,"muid":595,"alid":4,"firstname":"Harri","electionDayVotes":0,"pid":"15","finalPosition":0,"electedInformation":"NOT_ELECTED","totalVotesPercent":0.0,"nominatorName":{"fi":"Vasemmistoliitto","sv":"Vänsterförbundet","en":"The Left Alliance"},"caid":56,"position":0,"gender":"1","comparisonData":{"totalVotes":2,"votesTotalChange":-2},"edid":9,"comparativeIndex":0.0,"electionDayVotesPercent":0.0,"nominatorAbbr":{"fi":"VAS","sv":"VF","en":"LEFT"}},{"age":51,"advanceVotesPercent":0.0,"lastname":"Rytkönen","occupation":"työfysioterapeutti","advanceVotes":0,"npid":5,"totalVotes":0,"spid":6,"abbr":"VAS","municipalCouncilor":false,"muid":595,"alid":4,"firstname":"Tuula","electionDayVotes":0,"pid":"15","finalPosition":0,"electedInformation":"NOT_ELECTED","totalVotesPercent":0.0,"nominatorName":{"fi":"Vasemmistoliitto","sv":"Vänsterförbundet","en":"The Left Alliance"},"caid":59,"position":0,"gender":"2","comparisonData":{"totalVotes":0,"votesTotalChange":0},"edid":9,"comparativeIndex":0.0,"electionDayVotesPercent":0.0,"nominatorAbbr":{"fi":"VAS","sv":"VF","en":"LEFT"}},{"age":50,"advanceVotesPercent":0.0,"lastname":"Tuovinen","occupation":"aluepääluottamusmies","advanceVotes":0,"npid":5,"totalVotes":0,"spid":6,"abbr":"VAS","municipalCouncilor":false,"muid":595,"alid":4,"firstname":"Pentti","electionDayVotes":0,"pid":"15","finalPosition":0,"electedInformation":"NOT_ELECTED","totalVotesPercent":0.0,"nominatorName":{"fi":"Vasemmistoliitto","sv":"Vänsterförbundet","en":"The Left Alliance"},"caid":60,"position":0,"gender":"1","comparisonData":{"totalVotes":35,"votesTotalChange":-35},"edid":9,"comparativeIndex":0.0,"electionDayVotesPercent":0.0,"nominatorAbbr":{"fi":"VAS","sv":"VF","en":"LEFT"}},{"age":51,"advanceVotesPercent":0.0,"lastname":"Kankaanranta","occupation":"kulttuurialan yrittäjä","advanceVotes":0,"npid":6,"totalVotes":0,"spid":5,"abbr":"VIHR","municipalCouncilor":false,"muid":595,"alid":5,"firstname":"Kari","electionDayVotes":0,"pid":"13","finalPosition":0,"electedInformation":"NOT_ELECTED","totalVotesPercent":0.0,"nominatorName":{"fi":"Vihreä liitto","sv":"Gröna förbundet","en":"Green League"},"caid":61,"position":0,"gender":"1","comparisonData":{"totalVotes":0,"votesTotalChange":0},"edid":9,"comparativeIndex":0.0,"electionDayVotesPercent":0.0,"nominatorAbbr":{"fi":"VIHR","sv":"Gröna","en":"GREEN"}},{"age":54,"advanceVotesPercent":0.0,"lastname":"Armassalo","occupation":"eläinlääkäri","advanceVotes":0,"npid":7,"totalVotes":0,"spid":4,"abbr":"SDP","municipalCouncilor":false,"muid":595,"alid":6,"firstname":"Kirsi","electionDayVotes":0,"pid":"1","finalPosition":0,"electedInformation":"NOT_ELECTED","totalVotesPercent":0.0,"nominatorName":{"fi":"Suomen Sosialidemokraattinen Puolue","sv":"Finlands Socialdemokratiska Parti","en":"The Finnish Social Democratic Party"},"caid":62,"position":0,"gender":"2","comparisonData":{"totalVotes":0,"votesTotalChange":0},"edid":9,"comparativeIndex":0.0,"electionDayVotesPercent":0.0,"nominatorAbbr":{"fi":"SDP","sv":"SDP","en":"SDP"}},{"age":51,"advanceVotesPercent":0.0,"lastname":"Jeronen","occupation":"levyseppä-hitsaaja","advanceVotes":0,"npid":7,"totalVotes":0,"spid":4,"abbr":"SDP","municipalCouncilor":false,"muid":595,"alid":6,"firstname":"Pentti","electionDayVotes":0,"pid":"1","finalPosition":0,"electedInformation":"ON_SUBSTITUTE_PLACE","totalVotesPercent":0.0,"nominatorName":{"fi":"Suomen Sosialidemokraattinen Puolue","sv":"Finlands Socialdemokratiska Parti","en":"The Finnish Social Democratic Party"},"caid":63,"position":0,"gender":"1","comparisonData":{"totalVotes":10,"votesTotalChange":-10},"edid":9,"comparativeIndex":0.0,"electionDayVotesPercent":0.0,"nominatorAbbr":{"fi":"SDP","sv":"SDP","en":"SDP"}},{"age":52,"advanceVotesPercent":0.0,"lastname":"Pulliainen","occupation":"yleinen edunvalvoja","advanceVotes":0,"npid":7,"totalVotes":0,"spid":4,"abbr":"SDP","municipalCouncilor":false,"muid":595,"alid":6,"firstname":"Aki","electionDayVotes":0,"pid":"1","finalPosition":0,"electedInformation":"NOT_ELECTED","totalVotesPercent":0.0,"nominatorName":{"fi":"Suomen Sosialidemokraattinen Puolue","sv":"Finlands Socialdemokratiska Parti","en":"The Finnish Social Democratic Party"},"caid":66,"position":0,"gender":"1","comparisonData":{"totalVotes":0,"votesTotalChange":0},"edid":9,"comparativeIndex":0.0,"electionDayVotesPercent":0.0,"nominatorAbbr":{"fi":"SDP","sv":"SDP","en":"SDP"}}],"municipalityPollingDistricts":[{"name":{"fi":"Pohjoinen alue","sv":"Pohjoinen alue"},"calculationStatusPercent":100.0,"joinedArea":false,"muid":595,"totalVotingInFinlandTurnout":65.7,"identification":"001","pdid":"001","eligibleVotersInFinlandTotal":519,"edid":9,"mergedToPdid":""},{"name":{"fi":"Kirkonkylä","sv":"Kirkonkylä"},"calculationStatusPercent":100.0,"joinedArea":false,"muid":595,"totalVotingInFinlandTurnout":62.7,"identification":"002","pdid":"002","eligibleVotersInFinlandTotal":2568,"edid":9,"mergedToPdid":""},{"name":{"fi":"Säviä","sv":"Säviä"},"calculationStatusPercent":100.0,"joinedArea":false,"muid":595,"totalVotingInFinlandTurnout":62.2,"identification":"003","pdid":"003","eligibleVotersInFinlandTotal":773,"edid":9,"mergedToPdid":""}],"municipality":{"muid":595,"edid":9,"name":{"fi":"Pielavesi","sv":"Pielavesi"}}}