{"version":60,"created":"2017-04-09T21:47:22.427Z","electionDetails":{"electionId":"kv2017","electionDate":"2017-04-09T00:00:00.000Z","electionDataPublishTime":"2017-04-09T17:00:00.000Z","name":{"fi":"Kuntavaalit 2017","sv":"Kommunalval 2017","en":"Elections 2017"},"previousElections":{"correspondingCompareElection":{"electionId":"kv2012","electionDate":"2012-10-28T00:00:00.000Z","name":{"fi":"Kuntavaalit 2012","en":"Municipal elections 2012","sv":"Kommunalval 2012"}},"otherCompareElection":{"electionId":"ev2015","electionDate":"2015-04-19T00:00:00.000Z","name":{"fi":"Eduskuntavaalit 2015","en":"Parliamentary election 2015","sv":"Riksdagsval 2015"}}}},"calculationStatus":{"electionDayVotingTurnout":36.2,"invalidAdvanceVotes":7,"calculationPhase":"INITIAL","invalidElectionDayVotes":6,"approvedAdvanceVotes":613,"advanceVotingTurnout":31.5,"totalVotingTurnoutAbroad":0.0,"name":{"fi":"Ä-alue 001","sv":"R-omr 001"},"calculationStatusPercent":100.0,"advanceVotes":620,"electionDayVotingTurnoutAbroad":0.0,"approvedTotalVotes":1320,"totalVotes":1333,"muid":981,"totalVotingInFinlandTurnout":67.6,"advanceVotingTurnoutAbroad":0.0,"invalidTotalVotes":13,"totalVotingTurnout":67.6,"electionDayVotes":713,"electionDayVotesInFinland":713,"pdid":"001","totalVotesInFinlandMen":0,"eligibleVotersInFinlandTotal":1971,"calculationStatusPercentElectionDayVotes":100.0,"sourceRecordModificationTime":"20170409212525","otherCompareElection":{"eid":"","eligibleVotersInFinlandTotal":0,"advanceVotingInFinlandTurnout":0.0,"electionDayVotingInFinlandTurnout":0.0,"totalVotingInFinlandTurnout":0.0,"approvedVotesTotal":0,"invalidVotesTotal":0},"correspondingCompareElection":{"eid":"","eligibleVotersInFinlandTotal":0,"advanceVotingInFinlandTurnout":0.0,"electionDayVotingInFinlandTurnout":0.0,"totalVotingInFinlandTurnout":0.0,"approvedVotesTotal":0,"invalidVotesTotal":0,"seats":0},"approvedElectionDayVotes":707,"edid":6,"calculationStatusPercentAdvanceVotes":100.0,"electionDayVotingInFinlandTurnout":36.2,"seats":0,"eligibleVotersTotal":1971,"advanceVotesInFinland":620,"advanceVotingInFinlandTurnout":31.5,"totalVotesInFinland":1333},"partyResults":[{"advanceVotesPercent":37.5,"name":{"fi":"Suomen Keskusta","sv":"Centern i Finland","en":"Centre Party of Finland"},"advanceVotes":230,"npid":6,"totalVotes":498,"spid":1,"abbr":{"fi":"KESK","sv":"C","en":"CENT"},"alid":6,"electionDayVotes":268,"pid":"2","totalVotesPercent":37.7,"nominatorName":{"fi":"Suomen Keskusta","sv":"Centern i Finland","en":"Centre Party of Finland"},"compareData":{"otherCompareElection":{"votesTotalChange":0,"votesTotalPercentChange":0.0,"votesTotal":498,"votesTotalPercent":37.7},"correspondingCompareElection":{"votesTotalChange":0,"votesTotalPercentChange":0.0,"seatChange":0,"votesTotal":498,"votesTotalPercent":37.7,"seatsTotal":0}},"seats":0,"electionDayVotesPercent":37.9,"nominatorAbbr":{"fi":"KESK","sv":"C","en":"CENT"}},{"advanceVotesPercent":25.8,"name":{"fi":"Kansallinen Kokoomus","sv":"Samlingspartiet","en":"National Coalition Party"},"advanceVotes":158,"npid":2,"totalVotes":339,"spid":2,"abbr":{"fi":"KOK","sv":"Saml","en":"NCP"},"alid":2,"electionDayVotes":181,"pid":"4","totalVotesPercent":25.7,"nominatorName":{"fi":"Kansallinen Kokoomus","sv":"Samlingspartiet","en":"National Coalition Party"},"compareData":{"otherCompareElection":{"votesTotalChange":0,"votesTotalPercentChange":0.0,"votesTotal":339,"votesTotalPercent":25.7},"correspondingCompareElection":{"votesTotalChange":0,"votesTotalPercentChange":0.0,"seatChange":0,"votesTotal":339,"votesTotalPercent":25.7,"seatsTotal":0}},"seats":0,"electionDayVotesPercent":25.6,"nominatorAbbr":{"fi":"KOK","sv":"Saml","en":"NCP"}},{"advanceVotesPercent":19.2,"name":{"fi":"Suomen Sosialidemokraattinen Puolue","sv":"Finlands Socialdemokratiska Parti","en":"The Finnish Social Democratic Party"},"advanceVotes":118,"npid":4,"totalVotes":218,"spid":4,"abbr":{"fi":"SDP","sv":"SDP","en":"SDP"},"alid":4,"electionDayVotes":100,"pid":"1","totalVotesPercent":16.5,"nominatorName":{"fi":"Suomen Sosialidemokraattinen Puolue","sv":"Finlands Socialdemokratiska Parti","en":"The Finnish Social Democratic Party"},"compareData":{"otherCompareElection":{"votesTotalChange":0,"votesTotalPercentChange":0.0,"votesTotal":218,"votesTotalPercent":16.5},"correspondingCompareElection":{"votesTotalChange":0,"votesTotalPercentChange":0.0,"seatChange":0,"votesTotal":218,"votesTotalPercent":16.5,"seatsTotal":0}},"seats":0,"electionDayVotesPercent":14.1,"nominatorAbbr":{"fi":"SDP","sv":"SDP","en":"SDP"}},{"advanceVotesPercent":9.6,"name":{"fi":"Vihreä liitto","sv":"Gröna förbundet","en":"Green League"},"advanceVotes":59,"npid":3,"totalVotes":155,"spid":5,"abbr":{"fi":"VIHR","sv":"Gröna","en":"GREEN"},"alid":3,"electionDayVotes":96,"pid":"13","totalVotesPercent":11.7,"nominatorName":{"fi":"Vihreä liitto","sv":"Gröna förbundet","en":"Green League"},"compareData":{"otherCompareElection":{"votesTotalChange":0,"votesTotalPercentChange":0.0,"votesTotal":155,"votesTotalPercent":11.7},"correspondingCompareElection":{"votesTotalChange":0,"votesTotalPercentChange":0.0,"seatChange":0,"votesTotal":155,"votesTotalPercent":11.7,"seatsTotal":0}},"seats":0,"electionDayVotesPercent":13.6,"nominatorAbbr":{"fi":"VIHR","sv":"Gröna","en":"GREEN"}},{"advanceVotesPercent":6.5,"name":{"fi":"Vasemmistoliitto","sv":"Vänsterförbundet","en":"The Left Alliance"},"advanceVotes":40,"npid":1,"totalVotes":72,"spid":6,"abbr":{"fi":"VAS","sv":"VF","en":"LEFT"},"alid":1,"electionDayVotes":32,"pid":"15","totalVotesPercent":5.5,"nominatorName":{"fi":"Vasemmistoliitto","sv":"Vänsterförbundet","en":"The Left Alliance"},"compareData":{"otherCompareElection":{"votesTotalChange":0,"votesTotalPercentChange":0.0,"votesTotal":72,"votesTotalPercent":5.5},"correspondingCompareElection":{"votesTotalChange":0,"votesTotalPercentChange":0.0,"seatChange":0,"votesTotal":72,"votesTotalPercent":5.5,"seatsTotal":0}},"seats":0,"electionDayVotesPercent":4.5,"nominatorAbbr":{"fi":"VAS","sv":"VF","en":"LEFT"}},{"advanceVotesPercent":1.3,"name":{"fi":"Perussuomalaiset","sv":"Sannfinländarna","en":"The Finns Party"},"advanceVotes":8,"npid":5,"totalVotes":38,"spid":3,"abbr":{"fi":"PS","sv":"Sannf","en":"FINNS"},"alid":5,"electionDayVotes":30,"pid":"23","totalVotesPercent":2.9,"nominatorName":{"fi":"Perussuomalaiset","sv":"Sannfinländarna","en":"The Finns Party"},"compareData":{"otherCompareElection":{"votesTotalChange":0,"votesTotalPercentChange":0.0,"votesTotal":38,"votesTotalPercent":2.9},"correspondingCompareElection":{"votesTotalChange":0,"votesTotalPercentChange":0.0,"seatChange":0,"votesTotal":38,"votesTotalPercent":2.9,"seatsTotal":0}},"seats":0,"electionDayVotesPercent":4.2,"nominatorAbbr":{"fi":"PS","sv":"Sannf","en":"FINNS"}}],"candidateResults":[{"age":58,"advanceVotesPercent":6.2,"lastname":"Palonen","occupation":"lähihoitaja","advanceVotes":38,"npid":4,"totalVotes":65,"spid":4,"abbr":"SDP","municipalCouncilor":true,"muid":981,"alid":4,"firstname":"Pirjo-Riitta","electionDayVotes":27,"pid":"1","finalPosition":0,"electedInformation":"ELECTED","totalVotesPercent":4.9,"nominatorName":{"fi":"Suomen Sosialidemokraattinen Puolue","sv":"Finlands Socialdemokratiska Parti","en":"The Finnish Social Democratic Party"},"caid":40,"position":0,"gender":"2","comparisonData":{"totalVotes":40,"votesTotalChange":25},"edid":6,"comparativeIndex":0.0,"electionDayVotesPercent":3.8,"nominatorAbbr":{"fi":"SDP","sv":"SDP","en":"SDP"}},{"age":39,"advanceVotesPercent":4.2,"lastname":"Hepomaa","occupation":"automaatioasentaja","advanceVotes":26,"npid":2,"totalVotes":59,"spid":2,"abbr":"KOK","municipalCouncilor":true,"muid":981,"alid":2,"firstname":"Jari","electionDayVotes":33,"pid":"4","finalPosition":0,"electedInformation":"ELECTED","totalVotesPercent":4.5,"nominatorName":{"fi":"Kansallinen Kokoomus","sv":"Samlingspartiet","en":"National Coalition Party"},"caid":8,"position":0,"gender":"1","comparisonData":{"totalVotes":57,"votesTotalChange":2},"edid":6,"comparativeIndex":0.0,"electionDayVotesPercent":4.7,"nominatorAbbr":{"fi":"KOK","sv":"Saml","en":"NCP"}},{"age":33,"advanceVotesPercent":4.1,"lastname":"Varjorinne-Mäkeläinen","occupation":"farmaseutti","advanceVotes":25,"npid":4,"totalVotes":52,"spid":4,"abbr":"SDP","municipalCouncilor":false,"muid":981,"alid":4,"firstname":"Janika","electionDayVotes":27,"pid":"1","finalPosition":0,"electedInformation":"ELECTED","totalVotesPercent":3.9,"nominatorName":{"fi":"Suomen Sosialidemokraattinen Puolue","sv":"Finlands Socialdemokratiska Parti","en":"The Finnish Social Democratic Party"},"caid":42,"position":0,"gender":"2","comparisonData":{"totalVotes":0,"votesTotalChange":52},"edid":6,"comparativeIndex":0.0,"electionDayVotesPercent":3.8,"nominatorAbbr":{"fi":"SDP","sv":"SDP","en":"SDP"}},{"age":63,"advanceVotesPercent":4.6,"lastname":"Leppälahti","occupation":"eläkeläinen","advanceVotes":28,"npid":6,"totalVotes":51,"spid":1,"abbr":"KESK","municipalCouncilor":true,"muid":981,"alid":6,"firstname":"Markku","electionDayVotes":23,"pid":"2","finalPosition":0,"electedInformation":"ELECTED","totalVotesPercent":3.9,"nominatorName":{"fi":"Suomen Keskusta","sv":"Centern i Finland","en":"Centre Party of Finland"},"caid":58,"position":0,"gender":"1","comparisonData":{"totalVotes":77,"votesTotalChange":-26},"edid":6,"comparativeIndex":0.0,"electionDayVotesPercent":3.3,"nominatorAbbr":{"fi":"KESK","sv":"C","en":"CENT"}},{"age":50,"advanceVotesPercent":3.6,"lastname":"Alanko","occupation":"maatalousyrittäjä","advanceVotes":22,"npid":6,"totalVotes":48,"spid":1,"abbr":"KESK","municipalCouncilor":true,"muid":981,"alid":6,"firstname":"Matti","electionDayVotes":26,"pid":"2","finalPosition":0,"electedInformation":"ELECTED","totalVotesPercent":3.6,"nominatorName":{"fi":"Suomen Keskusta","sv":"Centern i Finland","en":"Centre Party of Finland"},"caid":49,"position":0,"gender":"1","comparisonData":{"totalVotes":57,"votesTotalChange":-9},"edid":6,"comparativeIndex":0.0,"electionDayVotesPercent":3.7,"nominatorAbbr":{"fi":"KESK","sv":"C","en":"CENT"}},{"age":59,"advanceVotesPercent":4.2,"lastname":"Ahonen","occupation":"yrittäjä","advanceVotes":26,"npid":2,"totalVotes":47,"spid":2,"abbr":"KOK","municipalCouncilor":true,"muid":981,"alid":2,"firstname":"Tapio","electionDayVotes":21,"pid":"4","finalPosition":0,"electedInformation":"ELECTED","totalVotesPercent":3.6,"nominatorName":{"fi":"Kansallinen Kokoomus","sv":"Samlingspartiet","en":"National Coalition Party"},"caid":4,"position":0,"gender":"1","comparisonData":{"totalVotes":46,"votesTotalChange":1},"edid":6,"comparativeIndex":0.0,"electionDayVotesPercent":3.0,"nominatorAbbr":{"fi":"KOK","sv":"Saml","en":"NCP"}},{"age":56,"advanceVotesPercent":4.6,"lastname":"Oja","occupation":"pääluottamusmies","advanceVotes":28,"npid":1,"totalVotes":46,"spid":6,"abbr":"VAS","municipalCouncilor":false,"muid":981,"alid":1,"firstname":"Vesa","electionDayVotes":18,"pid":"15","finalPosition":0,"electedInformation":"ELECTED","totalVotesPercent":3.5,"nominatorName":{"fi":"Vasemmistoliitto","sv":"Vänsterförbundet","en":"The Left Alliance"},"caid":3,"position":0,"gender":"1","comparisonData":{"totalVotes":11,"votesTotalChange":35},"edid":6,"comparativeIndex":0.0,"electionDayVotesPercent":2.5,"nominatorAbbr":{"fi":"VAS","sv":"VF","en":"LEFT"}},{"age":26,"advanceVotesPercent":2.4,"lastname":"Käpylä","occupation":"maanviljelijä","advanceVotes":15,"npid":6,"totalVotes":45,"spid":1,"abbr":"KESK","municipalCouncilor":false,"muid":981,"alid":6,"firstname":"Taneli","electionDayVotes":30,"pid":"2","finalPosition":0,"electedInformation":"ELECTED","totalVotesPercent":3.4,"nominatorName":{"fi":"Suomen Keskusta","sv":"Centern i Finland","en":"Centre Party of Finland"},"caid":54,"position":0,"gender":"1","comparisonData":{"totalVotes":0,"votesTotalChange":45},"edid":6,"comparativeIndex":0.0,"electionDayVotesPercent":4.2,"nominatorAbbr":{"fi":"KESK","sv":"C","en":"CENT"}},{"age":50,"advanceVotesPercent":2.6,"lastname":"Lundström","occupation":"juustomestari, toimitusjohtaja","advanceVotes":16,"npid":3,"totalVotes":38,"spid":5,"abbr":"VIHR","municipalCouncilor":false,"muid":981,"alid":3,"firstname":"Juha","electionDayVotes":22,"pid":"13","finalPosition":0,"electedInformation":"ELECTED","totalVotesPercent":2.9,"nominatorName":{"fi":"Vihreä liitto","sv":"Gröna förbundet","en":"Green League"},"caid":29,"position":0,"gender":"1","comparisonData":{"totalVotes":23,"votesTotalChange":15},"edid":6,"comparativeIndex":0.0,"electionDayVotesPercent":3.1,"nominatorAbbr":{"fi":"VIHR","sv":"Gröna","en":"GREEN"}},{"age":54,"advanceVotesPercent":3.4,"lastname":"Rämö","occupation":"maatalousyrittäjä","advanceVotes":21,"npid":6,"totalVotes":36,"spid":1,"abbr":"KESK","municipalCouncilor":true,"muid":981,"alid":6,"firstname":"Jari","electionDayVotes":15,"pid":"2","finalPosition":0,"electedInformation":"ELECTED","totalVotesPercent":2.7,"nominatorName":{"fi":"Suomen Keskusta","sv":"Centern i Finland","en":"Centre Party of Finland"},"caid":70,"position":0,"gender":"1","comparisonData":{"totalVotes":39,"votesTotalChange":-3},"edid":6,"comparativeIndex":0.0,"electionDayVotesPercent":2.1,"nominatorAbbr":{"fi":"KESK","sv":"C","en":"CENT"}},{"age":41,"advanceVotesPercent":2.8,"lastname":"Mäntynen","occupation":"yrittäjä","advanceVotes":17,"npid":3,"totalVotes":34,"spid":5,"abbr":"VIHR","municipalCouncilor":true,"muid":981,"alid":3,"firstname":"Jenni","electionDayVotes":17,"pid":"13","finalPosition":0,"electedInformation":"ELECTED","totalVotesPercent":2.6,"nominatorName":{"fi":"Vihreä liitto","sv":"Gröna förbundet","en":"Green League"},"caid":31,"position":0,"gender":"2","comparisonData":{"totalVotes":35,"votesTotalChange":-1},"edid":6,"comparativeIndex":0.0,"electionDayVotesPercent":2.4,"nominatorAbbr":{"fi":"VIHR","sv":"Gröna","en":"GREEN"}},{"age":55,"advanceVotesPercent":2.9,"lastname":"Jokio","occupation":"lähihoitaja","advanceVotes":18,"npid":4,"totalVotes":34,"spid":4,"abbr":"SDP","municipalCouncilor":true,"muid":981,"alid":4,"firstname":"Mirja","electionDayVotes":16,"pid":"1","finalPosition":0,"electedInformation":"ELECTED","totalVotesPercent":2.6,"nominatorName":{"fi":"Suomen Sosialidemokraattinen Puolue","sv":"Finlands Socialdemokratiska Parti","en":"The Finnish Social Democratic Party"},"caid":36,"position":0,"gender":"2","comparisonData":{"totalVotes":30,"votesTotalChange":4},"edid":6,"comparativeIndex":0.0,"electionDayVotesPercent":2.3,"nominatorAbbr":{"fi":"SDP","sv":"SDP","en":"SDP"}},{"age":54,"advanceVotesPercent":1.8,"lastname":"Levomäki","occupation":"maanviljelijä, agrologi","advanceVotes":11,"npid":6,"totalVotes":31,"spid":1,"abbr":"KESK","municipalCouncilor":true,"muid":981,"alid":6,"firstname":"Heikki","electionDayVotes":20,"pid":"2","finalPosition":0,"electedInformation":"ELECTED","totalVotesPercent":2.3,"nominatorName":{"fi":"Suomen Keskusta","sv":"Centern i Finland","en":"Centre Party of Finland"},"caid":61,"position":0,"gender":"1","comparisonData":{"totalVotes":39,"votesTotalChange":-8},"edid":6,"comparativeIndex":0.0,"electionDayVotesPercent":2.8,"nominatorAbbr":{"fi":"KESK","sv":"C","en":"CENT"}},{"age":33,"advanceVotesPercent":1.6,"lastname":"Vääri","occupation":"YTM, lastensuojelun sosiaalityöntekijä","advanceVotes":10,"npid":2,"totalVotes":30,"spid":2,"abbr":"KOK","municipalCouncilor":false,"muid":981,"alid":2,"firstname":"Anni","electionDayVotes":20,"pid":"4","finalPosition":0,"electedInformation":"ELECTED","totalVotesPercent":2.3,"nominatorName":{"fi":"Kansallinen Kokoomus","sv":"Samlingspartiet","en":"National Coalition Party"},"caid":22,"position":0,"gender":"2","comparisonData":{"totalVotes":27,"votesTotalChange":3},"edid":6,"comparativeIndex":0.0,"electionDayVotesPercent":2.8,"nominatorAbbr":{"fi":"KOK","sv":"Saml","en":"NCP"}},{"age":51,"advanceVotesPercent":2.0,"lastname":"Aaltonen","occupation":"kunnossapitoasentaja","advanceVotes":12,"npid":1,"totalVotes":26,"spid":6,"abbr":"VAS","municipalCouncilor":false,"muid":981,"alid":1,"firstname":"Jukka","electionDayVotes":14,"pid":"15","finalPosition":0,"electedInformation":"ON_SUBSTITUTE_PLACE","totalVotesPercent":2.0,"nominatorName":{"fi":"Vasemmistoliitto","sv":"Vänsterförbundet","en":"The Left Alliance"},"caid":2,"position":0,"gender":"1","comparisonData":{"totalVotes":19,"votesTotalChange":7},"edid":6,"comparativeIndex":0.0,"electionDayVotesPercent":2.0,"nominatorAbbr":{"fi":"VAS","sv":"VF","en":"LEFT"}},{"age":49,"advanceVotesPercent":1.3,"lastname":"Herd","occupation":"ammatillinen opettaja","advanceVotes":8,"npid":3,"totalVotes":26,"spid":5,"abbr":"VIHR","municipalCouncilor":true,"muid":981,"alid":3,"firstname":"Pirkko","electionDayVotes":18,"pid":"13","finalPosition":0,"electedInformation":"ON_SUBSTITUTE_PLACE","totalVotesPercent":2.0,"nominatorName":{"fi":"Vihreä liitto","sv":"Gröna förbundet","en":"Green League"},"caid":25,"position":0,"gender":"2","comparisonData":{"totalVotes":29,"votesTotalChange":-3},"edid":6,"comparativeIndex":0.0,"electionDayVotesPercent":2.5,"nominatorAbbr":{"fi":"VIHR","sv":"Gröna","en":"GREEN"}},{"age":56,"advanceVotesPercent":2.6,"lastname":"Saastamoinen","occupation":"erikoistutkija, dosentti","advanceVotes":16,"npid":2,"totalVotes":25,"spid":2,"abbr":"KOK","municipalCouncilor":true,"muid":981,"alid":2,"firstname":"Markku","electionDayVotes":9,"pid":"4","finalPosition":0,"electedInformation":"ELECTED","totalVotesPercent":1.9,"nominatorName":{"fi":"Kansallinen Kokoomus","sv":"Samlingspartiet","en":"National Coalition Party"},"caid":19,"position":0,"gender":"1","comparisonData":{"totalVotes":27,"votesTotalChange":-2},"edid":6,"comparativeIndex":0.0,"electionDayVotesPercent":1.3,"nominatorAbbr":{"fi":"KOK","sv":"Saml","en":"NCP"}},{"age":50,"advanceVotesPercent":2.9,"lastname":"Kaunela","occupation":"yrittäjä, maanviljelijä","advanceVotes":18,"npid":6,"totalVotes":24,"spid":1,"abbr":"KESK","municipalCouncilor":false,"muid":981,"alid":6,"firstname":"Olli-Pekka","electionDayVotes":6,"pid":"2","finalPosition":0,"electedInformation":"ELECTED","totalVotesPercent":1.8,"nominatorName":{"fi":"Suomen Keskusta","sv":"Centern i Finland","en":"Centre Party of Finland"},"caid":52,"position":0,"gender":"1","comparisonData":{"totalVotes":0,"votesTotalChange":24},"edid":6,"comparativeIndex":0.0,"electionDayVotesPercent":0.8,"nominatorAbbr":{"fi":"KESK","sv":"C","en":"CENT"}},{"age":46,"advanceVotesPercent":2.4,"lastname":"Jaakkola","occupation":"amk-artenomi, yrittäjä","advanceVotes":15,"npid":2,"totalVotes":23,"spid":2,"abbr":"KOK","municipalCouncilor":true,"muid":981,"alid":2,"firstname":"Sampsa","electionDayVotes":8,"pid":"4","finalPosition":0,"electedInformation":"ELECTED","totalVotesPercent":1.7,"nominatorName":{"fi":"Kansallinen Kokoomus","sv":"Samlingspartiet","en":"National Coalition Party"},"caid":11,"position":0,"gender":"1","comparisonData":{"totalVotes":36,"votesTotalChange":-13},"edid":6,"comparativeIndex":0.0,"electionDayVotesPercent":1.1,"nominatorAbbr":{"fi":"KOK","sv":"Saml","en":"NCP"}},{"age":37,"advanceVotesPercent":1.0,"lastname":"Saarikoski","occupation":"ravintolan vuoropäällikkö","advanceVotes":6,"npid":2,"totalVotes":23,"spid":2,"abbr":"KOK","municipalCouncilor":false,"muid":981,"alid":2,"firstname":"Virve","electionDayVotes":17,"pid":"4","finalPosition":0,"electedInformation":"ELECTED","totalVotesPercent":1.7,"nominatorName":{"fi":"Kansallinen Kokoomus","sv":"Samlingspartiet","en":"National Coalition Party"},"caid":18,"position":0,"gender":"2","comparisonData":{"totalVotes":10,"votesTotalChange":13},"edid":6,"comparativeIndex":0.0,"electionDayVotesPercent":2.4,"nominatorAbbr":{"fi":"KOK","sv":"Saml","en":"NCP"}},{"age":49,"advanceVotesPercent":1.6,"lastname":"Hyrsylä","occupation":"sähköasentaja","advanceVotes":10,"npid":4,"totalVotes":22,"spid":4,"abbr":"SDP","municipalCouncilor":false,"muid":981,"alid":4,"firstname":"Jukka","electionDayVotes":12,"pid":"1","finalPosition":0,"electedInformation":"ON_SUBSTITUTE_PLACE","totalVotesPercent":1.7,"nominatorName":{"fi":"Suomen Sosialidemokraattinen Puolue","sv":"Finlands Socialdemokratiska Parti","en":"The Finnish Social Democratic Party"},"caid":38,"position":0,"gender":"1","comparisonData":{"totalVotes":20,"votesTotalChange":2},"edid":6,"comparativeIndex":0.0,"electionDayVotesPercent":1.7,"nominatorAbbr":{"fi":"SDP","sv":"SDP","en":"SDP"}},{"age":57,"advanceVotesPercent":1.5,"lastname":"Laine","occupation":"agronomi, kehittämispäällikkö","advanceVotes":9,"npid":6,"totalVotes":21,"spid":1,"abbr":"KESK","municipalCouncilor":true,"muid":981,"alid":6,"firstname":"Päivi","electionDayVotes":12,"pid":"2","finalPosition":0,"electedInformation":"ELECTED","totalVotesPercent":1.6,"nominatorName":{"fi":"Suomen Keskusta","sv":"Centern i Finland","en":"Centre Party of Finland"},"caid":55,"position":0,"gender":"2","comparisonData":{"totalVotes":21,"votesTotalChange":0},"edid":6,"comparativeIndex":0.0,"electionDayVotesPercent":1.7,"nominatorAbbr":{"fi":"KESK","sv":"C","en":"CENT"}},{"age":63,"advanceVotesPercent":2.3,"lastname":"Leppänen","occupation":"eläkeläinen","advanceVotes":14,"npid":6,"totalVotes":21,"spid":1,"abbr":"KESK","municipalCouncilor":false,"muid":981,"alid":6,"firstname":"Keijo","electionDayVotes":7,"pid":"2","finalPosition":0,"electedInformation":"ELECTED","totalVotesPercent":1.6,"nominatorName":{"fi":"Suomen Keskusta","sv":"Centern i Finland","en":"Centre Party of Finland"},"caid":59,"position":0,"gender":"1","comparisonData":{"totalVotes":14,"votesTotalChange":7},"edid":6,"comparativeIndex":0.0,"electionDayVotesPercent":1.0,"nominatorAbbr":{"fi":"KESK","sv":"C","en":"CENT"}},{"age":34,"advanceVotesPercent":1.3,"lastname":"Romu","occupation":"palveluneuvoja","advanceVotes":8,"npid":6,"totalVotes":21,"spid":1,"abbr":"KESK","municipalCouncilor":false,"muid":981,"alid":6,"firstname":"Susanna","electionDayVotes":13,"pid":"2","finalPosition":0,"electedInformation":"ELECTED","totalVotesPercent":1.6,"nominatorName":{"fi":"Suomen Keskusta","sv":"Centern i Finland","en":"Centre Party of Finland"},"caid":68,"position":0,"gender":"2","comparisonData":{"totalVotes":0,"votesTotalChange":21},"edid":6,"comparativeIndex":0.0,"electionDayVotesPercent":1.8,"nominatorAbbr":{"fi":"KESK","sv":"C","en":"CENT"}},{"age":43,"advanceVotesPercent":1.1,"lastname":"Kähkönen","occupation":"elektroniikka-asentaja","advanceVotes":7,"npid":2,"totalVotes":20,"spid":2,"abbr":"KOK","municipalCouncilor":false,"muid":981,"alid":2,"firstname":"Kalle","electionDayVotes":13,"pid":"4","finalPosition":0,"electedInformation":"ON_SUBSTITUTE_PLACE","totalVotesPercent":1.5,"nominatorName":{"fi":"Kansallinen Kokoomus","sv":"Samlingspartiet","en":"National Coalition Party"},"caid":13,"position":0,"gender":"1","comparisonData":{"totalVotes":0,"votesTotalChange":20},"edid":6,"comparativeIndex":0.0,"electionDayVotesPercent":1.8,"nominatorAbbr":{"fi":"KOK","sv":"Saml","en":"NCP"}},{"age":32,"advanceVotesPercent":1.8,"lastname":"Vähämäki","occupation":"maatalousyrittäjä","advanceVotes":11,"npid":6,"totalVotes":20,"spid":1,"abbr":"KESK","municipalCouncilor":false,"muid":981,"alid":6,"firstname":"Mikko","electionDayVotes":9,"pid":"2","finalPosition":0,"electedInformation":"ON_SUBSTITUTE_PLACE","totalVotesPercent":1.5,"nominatorName":{"fi":"Suomen Keskusta","sv":"Centern i Finland","en":"Centre Party of Finland"},"caid":76,"position":0,"gender":"1","comparisonData":{"totalVotes":0,"votesTotalChange":20},"edid":6,"comparativeIndex":0.0,"electionDayVotesPercent":1.3,"nominatorAbbr":{"fi":"KESK","sv":"C","en":"CENT"}},{"age":26,"advanceVotesPercent":1.3,"lastname":"Salmi","occupation":"lähihoitaja","advanceVotes":8,"npid":4,"totalVotes":18,"spid":4,"abbr":"SDP","municipalCouncilor":false,"muid":981,"alid":4,"firstname":"Suvi","electionDayVotes":10,"pid":"1","finalPosition":0,"electedInformation":"ON_SUBSTITUTE_PLACE","totalVotesPercent":1.4,"nominatorName":{"fi":"Suomen Sosialidemokraattinen Puolue","sv":"Finlands Socialdemokratiska Parti","en":"The Finnish Social Democratic Party"},"caid":39,"position":0,"gender":"2","comparisonData":{"totalVotes":0,"votesTotalChange":18},"edid":6,"comparativeIndex":0.0,"electionDayVotesPercent":1.4,"nominatorAbbr":{"fi":"SDP","sv":"SDP","en":"SDP"}},{"age":55,"advanceVotesPercent":0.8,"lastname":"Vähänen","occupation":"autonkuljettaja","advanceVotes":5,"npid":5,"totalVotes":18,"spid":3,"abbr":"PS","municipalCouncilor":false,"muid":981,"alid":5,"firstname":"Jari","electionDayVotes":13,"pid":"23","finalPosition":0,"electedInformation":"NOT_ELECTED","totalVotesPercent":1.4,"nominatorName":{"fi":"Perussuomalaiset","sv":"Sannfinländarna","en":"The Finns Party"},"caid":46,"position":0,"gender":"1","comparisonData":{"totalVotes":19,"votesTotalChange":-1},"edid":6,"comparativeIndex":0.0,"electionDayVotesPercent":1.8,"nominatorAbbr":{"fi":"PS","sv":"Sannf","en":"FINNS"}},{"age":55,"advanceVotesPercent":1.1,"lastname":"Paloposki","occupation":"kiinteistönhoitaja","advanceVotes":7,"npid":6,"totalVotes":18,"spid":1,"abbr":"KESK","municipalCouncilor":true,"muid":981,"alid":6,"firstname":"Jouni","electionDayVotes":11,"pid":"2","finalPosition":0,"electedInformation":"ON_SUBSTITUTE_PLACE","totalVotesPercent":1.4,"nominatorName":{"fi":"Suomen Keskusta","sv":"Centern i Finland","en":"Centre Party of Finland"},"caid":65,"position":0,"gender":"1","comparisonData":{"totalVotes":27,"votesTotalChange":-9},"edid":6,"comparativeIndex":0.0,"electionDayVotesPercent":1.6,"nominatorAbbr":{"fi":"KESK","sv":"C","en":"CENT"}},{"age":38,"advanceVotesPercent":1.6,"lastname":"Hollo","occupation":"merkonomi, maanviljelijä","advanceVotes":10,"npid":2,"totalVotes":17,"spid":2,"abbr":"KOK","municipalCouncilor":false,"muid":981,"alid":2,"firstname":"Markus","electionDayVotes":7,"pid":"4","finalPosition":0,"electedInformation":"ON_SUBSTITUTE_PLACE","totalVotesPercent":1.3,"nominatorName":{"fi":"Kansallinen Kokoomus","sv":"Samlingspartiet","en":"National Coalition Party"},"caid":10,"position":0,"gender":"1","comparisonData":{"totalVotes":18,"votesTotalChange":-1},"edid":6,"comparativeIndex":0.0,"electionDayVotesPercent":1.0,"nominatorAbbr":{"fi":"KOK","sv":"Saml","en":"NCP"}},{"age":22,"advanceVotesPercent":0.7,"lastname":"Alanko","occupation":"opiskelija","advanceVotes":4,"npid":6,"totalVotes":17,"spid":1,"abbr":"KESK","municipalCouncilor":false,"muid":981,"alid":6,"firstname":"Johanna","electionDayVotes":13,"pid":"2","finalPosition":0,"electedInformation":"ON_SUBSTITUTE_PLACE","totalVotesPercent":1.3,"nominatorName":{"fi":"Suomen Keskusta","sv":"Centern i Finland","en":"Centre Party of Finland"},"caid":48,"position":0,"gender":"2","comparisonData":{"totalVotes":0,"votesTotalChange":17},"edid":6,"comparativeIndex":0.0,"electionDayVotesPercent":1.8,"nominatorAbbr":{"fi":"KESK","sv":"C","en":"CENT"}},{"age":46,"advanceVotesPercent":2.0,"lastname":"Mäenpää","occupation":"diplomi-insinööri","advanceVotes":12,"npid":6,"totalVotes":17,"spid":1,"abbr":"KESK","municipalCouncilor":false,"muid":981,"alid":6,"firstname":"Juha","electionDayVotes":5,"pid":"2","finalPosition":0,"electedInformation":"ON_SUBSTITUTE_PLACE","totalVotesPercent":1.3,"nominatorName":{"fi":"Suomen Keskusta","sv":"Centern i Finland","en":"Centre Party of Finland"},"caid":64,"position":0,"gender":"1","comparisonData":{"totalVotes":18,"votesTotalChange":-1},"edid":6,"comparativeIndex":0.0,"electionDayVotesPercent":0.7,"nominatorAbbr":{"fi":"KESK","sv":"C","en":"CENT"}},{"age":37,"advanceVotesPercent":1.1,"lastname":"Ruusiala","occupation":"osastonhoitaja, tuntiopettaja","advanceVotes":7,"npid":6,"totalVotes":17,"spid":1,"abbr":"KESK","municipalCouncilor":false,"muid":981,"alid":6,"firstname":"Maarit","electionDayVotes":10,"pid":"2","finalPosition":0,"electedInformation":"ON_SUBSTITUTE_PLACE","totalVotesPercent":1.3,"nominatorName":{"fi":"Suomen Keskusta","sv":"Centern i Finland","en":"Centre Party of Finland"},"caid":69,"position":0,"gender":"2","comparisonData":{"totalVotes":0,"votesTotalChange":17},"edid":6,"comparativeIndex":0.0,"electionDayVotesPercent":1.4,"nominatorAbbr":{"fi":"KESK","sv":"C","en":"CENT"}},{"age":28,"advanceVotesPercent":0.3,"lastname":"Hirvonen","occupation":"toiminnanjohtaja","advanceVotes":2,"npid":2,"totalVotes":15,"spid":2,"abbr":"KOK","municipalCouncilor":false,"muid":981,"alid":2,"firstname":"Elina","electionDayVotes":13,"pid":"4","finalPosition":0,"electedInformation":"ON_SUBSTITUTE_PLACE","totalVotesPercent":1.1,"nominatorName":{"fi":"Kansallinen Kokoomus","sv":"Samlingspartiet","en":"National Coalition Party"},"caid":9,"position":0,"gender":"2","comparisonData":{"totalVotes":21,"votesTotalChange":-6},"edid":6,"comparativeIndex":0.0,"electionDayVotesPercent":1.8,"nominatorAbbr":{"fi":"KOK","sv":"Saml","en":"NCP"}},{"age":37,"advanceVotesPercent":0.8,"lastname":"Kantonen-Heikkilä","occupation":"maanviljelijä, ravivalmentaja","advanceVotes":5,"npid":2,"totalVotes":15,"spid":2,"abbr":"KOK","municipalCouncilor":false,"muid":981,"alid":2,"firstname":"Heli","electionDayVotes":10,"pid":"4","finalPosition":0,"electedInformation":"ON_SUBSTITUTE_PLACE","totalVotesPercent":1.1,"nominatorName":{"fi":"Kansallinen Kokoomus","sv":"Samlingspartiet","en":"National Coalition Party"},"caid":12,"position":0,"gender":"2","comparisonData":{"totalVotes":13,"votesTotalChange":2},"edid":6,"comparativeIndex":0.0,"electionDayVotesPercent":1.4,"nominatorAbbr":{"fi":"KOK","sv":"Saml","en":"NCP"}},{"age":47,"advanceVotesPercent":1.1,"lastname":"Paija","occupation":"yrittäjä","advanceVotes":7,"npid":2,"totalVotes":15,"spid":2,"abbr":"KOK","municipalCouncilor":false,"muid":981,"alid":2,"firstname":"Hannu","electionDayVotes":8,"pid":"4","finalPosition":0,"electedInformation":"ON_SUBSTITUTE_PLACE","totalVotesPercent":1.1,"nominatorName":{"fi":"Kansallinen Kokoomus","sv":"Samlingspartiet","en":"National Coalition Party"},"caid":17,"position":0,"gender":"1","comparisonData":{"totalVotes":9,"votesTotalChange":6},"edid":6,"comparativeIndex":0.0,"electionDayVotesPercent":1.1,"nominatorAbbr":{"fi":"KOK","sv":"Saml","en":"NCP"}},{"age":46,"advanceVotesPercent":0.8,"lastname":"Jussila","occupation":"yo-merkonomi, toimistosihteeri","advanceVotes":5,"npid":3,"totalVotes":15,"spid":5,"abbr":"VIHR","municipalCouncilor":false,"muid":981,"alid":3,"firstname":"Tanja","electionDayVotes":10,"pid":"13","finalPosition":0,"electedInformation":"ON_SUBSTITUTE_PLACE","totalVotesPercent":1.1,"nominatorName":{"fi":"Vihreä liitto","sv":"Gröna förbundet","en":"Green League"},"caid":27,"position":0,"gender":"2","comparisonData":{"totalVotes":0,"votesTotalChange":15},"edid":6,"comparativeIndex":0.0,"electionDayVotesPercent":1.4,"nominatorAbbr":{"fi":"VIHR","sv":"Gröna","en":"GREEN"}},{"age":66,"advanceVotesPercent":0.3,"lastname":"Heikkilä","occupation":"eläkeläinen, sähköteknikko","advanceVotes":2,"npid":5,"totalVotes":15,"spid":3,"abbr":"PS","municipalCouncilor":true,"muid":981,"alid":5,"firstname":"Markku","electionDayVotes":13,"pid":"23","finalPosition":0,"electedInformation":"NOT_ELECTED","totalVotesPercent":1.1,"nominatorName":{"fi":"Perussuomalaiset","sv":"Sannfinländarna","en":"The Finns Party"},"caid":44,"position":0,"gender":"1","comparisonData":{"totalVotes":42,"votesTotalChange":-27},"edid":6,"comparativeIndex":0.0,"electionDayVotesPercent":1.8,"nominatorAbbr":{"fi":"PS","sv":"Sannf","en":"FINNS"}},{"age":42,"advanceVotesPercent":1.3,"lastname":"Reittonen","occupation":"puuseppä","advanceVotes":8,"npid":4,"totalVotes":14,"spid":4,"abbr":"SDP","municipalCouncilor":false,"muid":981,"alid":4,"firstname":"Tero","electionDayVotes":6,"pid":"1","finalPosition":0,"electedInformation":"ON_SUBSTITUTE_PLACE","totalVotesPercent":1.1,"nominatorName":{"fi":"Suomen Sosialidemokraattinen Puolue","sv":"Finlands Socialdemokratiska Parti","en":"The Finnish Social Democratic Party"},"caid":41,"position":0,"gender":"1","comparisonData":{"totalVotes":0,"votesTotalChange":14},"edid":6,"comparativeIndex":0.0,"electionDayVotesPercent":0.8,"nominatorAbbr":{"fi":"SDP","sv":"SDP","en":"SDP"}},{"age":39,"advanceVotesPercent":1.1,"lastname":"Lehtinen","occupation":"yrittäjä","advanceVotes":7,"npid":6,"totalVotes":14,"spid":1,"abbr":"KESK","municipalCouncilor":false,"muid":981,"alid":6,"firstname":"Hannu","electionDayVotes":7,"pid":"2","finalPosition":0,"electedInformation":"ON_SUBSTITUTE_PLACE","totalVotesPercent":1.1,"nominatorName":{"fi":"Suomen Keskusta","sv":"Centern i Finland","en":"Centre Party of Finland"},"caid":56,"position":0,"gender":"1","comparisonData":{"totalVotes":16,"votesTotalChange":-2},"edid":6,"comparativeIndex":0.0,"electionDayVotesPercent":1.0,"nominatorAbbr":{"fi":"KESK","sv":"C","en":"CENT"}},{"age":49,"advanceVotesPercent":1.3,"lastname":"Lyytinen","occupation":"emäntä","advanceVotes":8,"npid":6,"totalVotes":13,"spid":1,"abbr":"KESK","municipalCouncilor":false,"muid":981,"alid":6,"firstname":"Kirsi","electionDayVotes":5,"pid":"2","finalPosition":0,"electedInformation":"ON_SUBSTITUTE_PLACE","totalVotesPercent":1.0,"nominatorName":{"fi":"Suomen Keskusta","sv":"Centern i Finland","en":"Centre Party of Finland"},"caid":63,"position":0,"gender":"2","comparisonData":{"totalVotes":9,"votesTotalChange":4},"edid":6,"comparativeIndex":0.0,"electionDayVotesPercent":0.7,"nominatorAbbr":{"fi":"KESK","sv":"C","en":"CENT"}},{"age":25,"advanceVotesPercent":1.1,"lastname":"Ojala","occupation":"sähköasentaja","advanceVotes":7,"npid":2,"totalVotes":12,"spid":2,"abbr":"KOK","municipalCouncilor":false,"muid":981,"alid":2,"firstname":"Tomi","electionDayVotes":5,"pid":"4","finalPosition":0,"electedInformation":"ON_SUBSTITUTE_PLACE","totalVotesPercent":0.9,"nominatorName":{"fi":"Kansallinen Kokoomus","sv":"Samlingspartiet","en":"National Coalition Party"},"caid":16,"position":0,"gender":"1","comparisonData":{"totalVotes":0,"votesTotalChange":12},"edid":6,"comparativeIndex":0.0,"electionDayVotesPercent":0.7,"nominatorAbbr":{"fi":"KOK","sv":"Saml","en":"NCP"}},{"age":57,"advanceVotesPercent":0.8,"lastname":"Seppä","occupation":"kirjastovirkailija","advanceVotes":5,"npid":6,"totalVotes":12,"spid":1,"abbr":"KESK","municipalCouncilor":false,"muid":981,"alid":6,"firstname":"Kristiina","electionDayVotes":7,"pid":"2","finalPosition":0,"electedInformation":"ON_SUBSTITUTE_PLACE","totalVotesPercent":0.9,"nominatorName":{"fi":"Suomen Keskusta","sv":"Centern i Finland","en":"Centre Party of Finland"},"caid":72,"position":0,"gender":"2","comparisonData":{"totalVotes":11,"votesTotalChange":1},"edid":6,"comparativeIndex":0.0,"electionDayVotesPercent":1.0,"nominatorAbbr":{"fi":"KESK","sv":"C","en":"CENT"}},{"age":36,"advanceVotesPercent":1.0,"lastname":"Heikkilä","occupation":"palvelupäällikkö","advanceVotes":6,"npid":2,"totalVotes":11,"spid":2,"abbr":"KOK","municipalCouncilor":false,"muid":981,"alid":2,"firstname":"Piia","electionDayVotes":5,"pid":"4","finalPosition":0,"electedInformation":"NOT_ELECTED","totalVotesPercent":0.8,"nominatorName":{"fi":"Kansallinen Kokoomus","sv":"Samlingspartiet","en":"National Coalition Party"},"caid":7,"position":0,"gender":"2","comparisonData":{"totalVotes":0,"votesTotalChange":11},"edid":6,"comparativeIndex":0.0,"electionDayVotesPercent":0.7,"nominatorAbbr":{"fi":"KOK","sv":"Saml","en":"NCP"}},{"age":24,"advanceVotesPercent":0.2,"lastname":"Ankelo","occupation":"metallityöntekijä, ravintolatyöntekijä","advanceVotes":1,"npid":3,"totalVotes":11,"spid":5,"abbr":"VIHR","municipalCouncilor":false,"muid":981,"alid":3,"firstname":"Anna-Katariina","electionDayVotes":10,"pid":"13","finalPosition":0,"electedInformation":"NOT_ELECTED","totalVotesPercent":0.8,"nominatorName":{"fi":"Vihreä liitto","sv":"Gröna förbundet","en":"Green League"},"caid":23,"position":0,"gender":"2","comparisonData":{"totalVotes":0,"votesTotalChange":11},"edid":6,"comparativeIndex":0.0,"electionDayVotesPercent":1.4,"nominatorAbbr":{"fi":"VIHR","sv":"Gröna","en":"GREEN"}},{"age":65,"advanceVotesPercent":0.8,"lastname":"Lipponen","occupation":"eläkeläinen","advanceVotes":5,"npid":6,"totalVotes":11,"spid":1,"abbr":"KESK","municipalCouncilor":false,"muid":981,"alid":6,"firstname":"Pirkko","electionDayVotes":6,"pid":"2","finalPosition":0,"electedInformation":"ON_SUBSTITUTE_PLACE","totalVotesPercent":0.8,"nominatorName":{"fi":"Suomen Keskusta","sv":"Centern i Finland","en":"Centre Party of Finland"},"caid":62,"position":0,"gender":"2","comparisonData":{"totalVotes":0,"votesTotalChange":11},"edid":6,"comparativeIndex":0.0,"electionDayVotesPercent":0.8,"nominatorAbbr":{"fi":"KESK","sv":"C","en":"CENT"}},{"age":51,"advanceVotesPercent":0.5,"lastname":"Hämäläinen","occupation":"lähihoitaja, puhetulkki","advanceVotes":3,"npid":3,"totalVotes":8,"spid":5,"abbr":"VIHR","municipalCouncilor":false,"muid":981,"alid":3,"firstname":"Teija","electionDayVotes":5,"pid":"13","finalPosition":0,"electedInformation":"NOT_ELECTED","totalVotesPercent":0.6,"nominatorName":{"fi":"Vihreä liitto","sv":"Gröna förbundet","en":"Green League"},"caid":26,"position":0,"gender":"2","comparisonData":{"totalVotes":0,"votesTotalChange":8},"edid":6,"comparativeIndex":0.0,"electionDayVotesPercent":0.7,"nominatorAbbr":{"fi":"VIHR","sv":"Gröna","en":"GREEN"}},{"age":45,"advanceVotesPercent":0.2,"lastname":"Poso","occupation":"sairaanhoitaja","advanceVotes":1,"npid":6,"totalVotes":8,"spid":1,"abbr":"KESK","municipalCouncilor":false,"muid":981,"alid":6,"firstname":"Anu","electionDayVotes":7,"pid":"2","finalPosition":0,"electedInformation":"NOT_ELECTED","totalVotesPercent":0.6,"nominatorName":{"fi":"Suomen Keskusta","sv":"Centern i Finland","en":"Centre Party of Finland"},"caid":67,"position":0,"gender":"2","comparisonData":{"totalVotes":5,"votesTotalChange":3},"edid":6,"comparativeIndex":0.0,"electionDayVotesPercent":1.0,"nominatorAbbr":{"fi":"KESK","sv":"C","en":"CENT"}},{"age":54,"advanceVotesPercent":0.7,"lastname":"Lehtinen","occupation":"yrittäjä","advanceVotes":4,"npid":2,"totalVotes":7,"spid":2,"abbr":"KOK","municipalCouncilor":false,"muid":981,"alid":2,"firstname":"Jari","electionDayVotes":3,"pid":"4","finalPosition":0,"electedInformation":"NOT_ELECTED","totalVotesPercent":0.5,"nominatorName":{"fi":"Kansallinen Kokoomus","sv":"Samlingspartiet","en":"National Coalition Party"},"caid":14,"position":0,"gender":"1","comparisonData":{"totalVotes":0,"votesTotalChange":7},"edid":6,"comparativeIndex":0.0,"electionDayVotesPercent":0.4,"nominatorAbbr":{"fi":"KOK","sv":"Saml","en":"NCP"}},{"age":60,"advanceVotesPercent":0.3,"lastname":"Salmi","occupation":"tarjoilija","advanceVotes":2,"npid":3,"totalVotes":7,"spid":5,"abbr":"VIHR","municipalCouncilor":false,"muid":981,"alid":3,"firstname":"Marja-Leena","electionDayVotes":5,"pid":"13","finalPosition":0,"electedInformation":"NOT_ELECTED","totalVotesPercent":0.5,"nominatorName":{"fi":"Vihreä liitto","sv":"Gröna förbundet","en":"Green League"},"caid":33,"position":0,"gender":"2","comparisonData":{"totalVotes":0,"votesTotalChange":7},"edid":6,"comparativeIndex":0.0,"electionDayVotesPercent":0.7,"nominatorAbbr":{"fi":"VIHR","sv":"Gröna","en":"GREEN"}},{"age":74,"advanceVotesPercent":1.1,"lastname":"Nieminen","occupation":"eläkeläinen","advanceVotes":7,"npid":4,"totalVotes":7,"spid":4,"abbr":"SDP","municipalCouncilor":false,"muid":981,"alid":4,"firstname":"Veikko","electionDayVotes":0,"pid":"1","finalPosition":0,"electedInformation":"NOT_ELECTED","totalVotesPercent":0.5,"nominatorName":{"fi":"Suomen Sosialidemokraattinen Puolue","sv":"Finlands Socialdemokratiska Parti","en":"The Finnish Social Democratic Party"},"caid":35,"position":0,"gender":"1","comparisonData":{"totalVotes":22,"votesTotalChange":-15},"edid":6,"comparativeIndex":0.0,"electionDayVotesPercent":0.0,"nominatorAbbr":{"fi":"SDP","sv":"SDP","en":"SDP"}},{"age":52,"advanceVotesPercent":0.5,"lastname":"Tuominen","occupation":"IT manager","advanceVotes":3,"npid":6,"totalVotes":7,"spid":1,"abbr":"KESK","municipalCouncilor":false,"muid":981,"alid":6,"firstname":"Marja-Terttu","electionDayVotes":4,"pid":"2","finalPosition":0,"electedInformation":"NOT_ELECTED","totalVotesPercent":0.5,"nominatorName":{"fi":"Suomen Keskusta","sv":"Centern i Finland","en":"Centre Party of Finland"},"caid":75,"position":0,"gender":"2","comparisonData":{"totalVotes":0,"votesTotalChange":7},"edid":6,"comparativeIndex":0.0,"electionDayVotesPercent":0.6,"nominatorAbbr":{"fi":"KESK","sv":"C","en":"CENT"}},{"age":53,"advanceVotesPercent":0.3,"lastname":"Väisänen","occupation":"rakennusinsinööri","advanceVotes":2,"npid":6,"totalVotes":7,"spid":1,"abbr":"KESK","municipalCouncilor":false,"muid":981,"alid":6,"firstname":"Ari","electionDayVotes":5,"pid":"2","finalPosition":0,"electedInformation":"NOT_ELECTED","totalVotesPercent":0.5,"nominatorName":{"fi":"Suomen Keskusta","sv":"Centern i Finland","en":"Centre Party of Finland"},"caid":77,"position":0,"gender":"1","comparisonData":{"totalVotes":0,"votesTotalChange":7},"edid":6,"comparativeIndex":0.0,"electionDayVotesPercent":0.7,"nominatorAbbr":{"fi":"KESK","sv":"C","en":"CENT"}},{"age":44,"advanceVotesPercent":0.5,"lastname":"Heikkilä","occupation":"puutyöntekijä","advanceVotes":3,"npid":2,"totalVotes":6,"spid":2,"abbr":"KOK","municipalCouncilor":false,"muid":981,"alid":2,"firstname":"Outi","electionDayVotes":3,"pid":"4","finalPosition":0,"electedInformation":"NOT_ELECTED","totalVotesPercent":0.5,"nominatorName":{"fi":"Kansallinen Kokoomus","sv":"Samlingspartiet","en":"National Coalition Party"},"caid":6,"position":0,"gender":"2","comparisonData":{"totalVotes":0,"votesTotalChange":6},"edid":6,"comparativeIndex":0.0,"electionDayVotesPercent":0.4,"nominatorAbbr":{"fi":"KOK","sv":"Saml","en":"NCP"}},{"age":38,"advanceVotesPercent":0.3,"lastname":"Kuhanen","occupation":"hallintopäällikkö","advanceVotes":2,"npid":3,"totalVotes":6,"spid":5,"abbr":"VIHR","municipalCouncilor":false,"muid":981,"alid":3,"firstname":"Miia","electionDayVotes":4,"pid":"13","finalPosition":0,"electedInformation":"NOT_ELECTED","totalVotesPercent":0.5,"nominatorName":{"fi":"Vihreä liitto","sv":"Gröna förbundet","en":"Green League"},"caid":28,"position":0,"gender":"2","comparisonData":{"totalVotes":13,"votesTotalChange":-7},"edid":6,"comparativeIndex":0.0,"electionDayVotesPercent":0.6,"nominatorAbbr":{"fi":"VIHR","sv":"Gröna","en":"GREEN"}},{"age":65,"advanceVotesPercent":1.0,"lastname":"Hietamäki","occupation":"seurakuntamestari","advanceVotes":6,"npid":6,"totalVotes":6,"spid":1,"abbr":"KESK","municipalCouncilor":false,"muid":981,"alid":6,"firstname":"Maurits","electionDayVotes":0,"pid":"2","finalPosition":0,"electedInformation":"NOT_ELECTED","totalVotesPercent":0.5,"nominatorName":{"fi":"Suomen Keskusta","sv":"Centern i Finland","en":"Centre Party of Finland"},"caid":51,"position":0,"gender":"1","comparisonData":{"totalVotes":12,"votesTotalChange":-6},"edid":6,"comparativeIndex":0.0,"electionDayVotesPercent":0.0,"nominatorAbbr":{"fi":"KESK","sv":"C","en":"CENT"}},{"age":48,"advanceVotesPercent":0.5,"lastname":"Lintukangas","occupation":"maatalousyrittäjä","advanceVotes":3,"npid":2,"totalVotes":5,"spid":2,"abbr":"KOK","municipalCouncilor":false,"muid":981,"alid":2,"firstname":"Jari","electionDayVotes":2,"pid":"4","finalPosition":0,"electedInformation":"NOT_ELECTED","totalVotesPercent":0.4,"nominatorName":{"fi":"Kansallinen Kokoomus","sv":"Samlingspartiet","en":"National Coalition Party"},"caid":15,"position":0,"gender":"1","comparisonData":{"totalVotes":10,"votesTotalChange":-5},"edid":6,"comparativeIndex":0.0,"electionDayVotesPercent":0.3,"nominatorAbbr":{"fi":"KOK","sv":"Saml","en":"NCP"}},{"age":29,"advanceVotesPercent":0.3,"lastname":"Harjula","occupation":"yrittäjä","advanceVotes":2,"npid":3,"totalVotes":5,"spid":5,"abbr":"VIHR","municipalCouncilor":false,"muid":981,"alid":3,"firstname":"Riikka","electionDayVotes":3,"pid":"13","finalPosition":0,"electedInformation":"NOT_ELECTED","totalVotesPercent":0.4,"nominatorName":{"fi":"Vihreä liitto","sv":"Gröna förbundet","en":"Green League"},"caid":24,"position":0,"gender":"2","comparisonData":{"totalVotes":0,"votesTotalChange":5},"edid":6,"comparativeIndex":0.0,"electionDayVotesPercent":0.4,"nominatorAbbr":{"fi":"VIHR","sv":"Gröna","en":"GREEN"}},{"age":43,"advanceVotesPercent":0.2,"lastname":"Sandell-Heikkilä","occupation":"maatalouslomittaja","advanceVotes":1,"npid":5,"totalVotes":5,"spid":3,"abbr":"PS","municipalCouncilor":false,"muid":981,"alid":5,"firstname":"Reija","electionDayVotes":4,"pid":"23","finalPosition":0,"electedInformation":"NOT_ELECTED","totalVotesPercent":0.4,"nominatorName":{"fi":"Perussuomalaiset","sv":"Sannfinländarna","en":"The Finns Party"},"caid":45,"position":0,"gender":"2","comparisonData":{"totalVotes":0,"votesTotalChange":5},"edid":6,"comparativeIndex":0.0,"electionDayVotesPercent":0.6,"nominatorAbbr":{"fi":"PS","sv":"Sannf","en":"FINNS"}},{"age":44,"advanceVotesPercent":0.0,"lastname":"Airaksinen","occupation":"kehityspäällikkö","advanceVotes":0,"npid":6,"totalVotes":5,"spid":1,"abbr":"KESK","municipalCouncilor":false,"muid":981,"alid":6,"firstname":"Tero","electionDayVotes":5,"pid":"2","finalPosition":0,"electedInformation":"NOT_ELECTED","totalVotesPercent":0.4,"nominatorName":{"fi":"Suomen Keskusta","sv":"Centern i Finland","en":"Centre Party of Finland"},"caid":47,"position":0,"gender":"1","comparisonData":{"totalVotes":12,"votesTotalChange":-7},"edid":6,"comparativeIndex":0.0,"electionDayVotesPercent":0.7,"nominatorAbbr":{"fi":"KESK","sv":"C","en":"CENT"}},{"age":37,"advanceVotesPercent":0.3,"lastname":"Levander","occupation":"liikunnanohjaaja","advanceVotes":2,"npid":6,"totalVotes":5,"spid":1,"abbr":"KESK","municipalCouncilor":false,"muid":981,"alid":6,"firstname":"Riina","electionDayVotes":3,"pid":"2","finalPosition":0,"electedInformation":"NOT_ELECTED","totalVotesPercent":0.4,"nominatorName":{"fi":"Suomen Keskusta","sv":"Centern i Finland","en":"Centre Party of Finland"},"caid":60,"position":0,"gender":"2","comparisonData":{"totalVotes":6,"votesTotalChange":-1},"edid":6,"comparativeIndex":0.0,"electionDayVotesPercent":0.4,"nominatorAbbr":{"fi":"KESK","sv":"C","en":"CENT"}},{"age":63,"advanceVotesPercent":0.2,"lastname":"Tasala","occupation":"eläkeläinen","advanceVotes":1,"npid":6,"totalVotes":5,"spid":1,"abbr":"KESK","municipalCouncilor":false,"muid":981,"alid":6,"firstname":"Marjatta","electionDayVotes":4,"pid":"2","finalPosition":0,"electedInformation":"NOT_ELECTED","totalVotesPercent":0.4,"nominatorName":{"fi":"Suomen Keskusta","sv":"Centern i Finland","en":"Centre Party of Finland"},"caid":73,"position":0,"gender":"2","comparisonData":{"totalVotes":13,"votesTotalChange":-8},"edid":6,"comparativeIndex":0.0,"electionDayVotesPercent":0.6,"nominatorAbbr":{"fi":"KESK","sv":"C","en":"CENT"}},{"age":43,"advanceVotesPercent":0.2,"lastname":"Velling","occupation":"maatalouslomittaja","advanceVotes":1,"npid":2,"totalVotes":4,"spid":2,"abbr":"KOK","municipalCouncilor":false,"muid":981,"alid":2,"firstname":"Jari","electionDayVotes":3,"pid":"4","finalPosition":0,"electedInformation":"NOT_ELECTED","totalVotesPercent":0.3,"nominatorName":{"fi":"Kansallinen Kokoomus","sv":"Samlingspartiet","en":"National Coalition Party"},"caid":21,"position":0,"gender":"1","comparisonData":{"totalVotes":0,"votesTotalChange":4},"edid":6,"comparativeIndex":0.0,"electionDayVotesPercent":0.4,"nominatorAbbr":{"fi":"KOK","sv":"Saml","en":"NCP"}},{"age":56,"advanceVotesPercent":0.3,"lastname":"Hartelin","occupation":"lähihoitaja","advanceVotes":2,"npid":4,"totalVotes":4,"spid":4,"abbr":"SDP","municipalCouncilor":false,"muid":981,"alid":4,"firstname":"Elina","electionDayVotes":2,"pid":"1","finalPosition":0,"electedInformation":"NOT_ELECTED","totalVotesPercent":0.3,"nominatorName":{"fi":"Suomen Sosialidemokraattinen Puolue","sv":"Finlands Socialdemokratiska Parti","en":"The Finnish Social Democratic Party"},"caid":37,"position":0,"gender":"2","comparisonData":{"totalVotes":8,"votesTotalChange":-4},"edid":6,"comparativeIndex":0.0,"electionDayVotesPercent":0.3,"nominatorAbbr":{"fi":"SDP","sv":"SDP","en":"SDP"}},{"age":34,"advanceVotesPercent":0.2,"lastname":"Haavisto","occupation":"koulunkäynnin ohjaaja","advanceVotes":1,"npid":6,"totalVotes":4,"spid":1,"abbr":"KESK","municipalCouncilor":false,"muid":981,"alid":6,"firstname":"Silja","electionDayVotes":3,"pid":"2","finalPosition":0,"electedInformation":"NOT_ELECTED","totalVotesPercent":0.3,"nominatorName":{"fi":"Suomen Keskusta","sv":"Centern i Finland","en":"Centre Party of Finland"},"caid":50,"position":0,"gender":"2","comparisonData":{"totalVotes":0,"votesTotalChange":4},"edid":6,"comparativeIndex":0.0,"electionDayVotesPercent":0.4,"nominatorAbbr":{"fi":"KESK","sv":"C","en":"CENT"}},{"age":27,"advanceVotesPercent":0.0,"lastname":"Pelkonen","occupation":"myyjä, järjestyksenvalvoja","advanceVotes":0,"npid":6,"totalVotes":4,"spid":1,"abbr":"KESK","municipalCouncilor":false,"muid":981,"alid":6,"firstname":"Keijo","electionDayVotes":4,"pid":"2","finalPosition":0,"electedInformation":"NOT_ELECTED","totalVotesPercent":0.3,"nominatorName":{"fi":"Suomen Keskusta","sv":"Centern i Finland","en":"Centre Party of Finland"},"caid":66,"position":0,"gender":"1","comparisonData":{"totalVotes":0,"votesTotalChange":4},"edid":6,"comparativeIndex":0.0,"electionDayVotesPercent":0.6,"nominatorAbbr":{"fi":"KESK","sv":"C","en":"CENT"}},{"age":51,"advanceVotesPercent":0.5,"lastname":"Airo","occupation":"satulaseppä, yrittäjä","advanceVotes":3,"npid":2,"totalVotes":3,"spid":2,"abbr":"KOK","municipalCouncilor":false,"muid":981,"alid":2,"firstname":"Sari","electionDayVotes":0,"pid":"4","finalPosition":0,"electedInformation":"NOT_ELECTED","totalVotesPercent":0.2,"nominatorName":{"fi":"Kansallinen Kokoomus","sv":"Samlingspartiet","en":"National Coalition Party"},"caid":5,"position":0,"gender":"2","comparisonData":{"totalVotes":5,"votesTotalChange":-2},"edid":6,"comparativeIndex":0.0,"electionDayVotesPercent":0.0,"nominatorAbbr":{"fi":"KOK","sv":"Saml","en":"NCP"}},{"age":52,"advanceVotesPercent":0.0,"lastname":"Schulman","occupation":"erikoistutkija, ryhmäpäällikkö","advanceVotes":0,"npid":6,"totalVotes":3,"spid":1,"abbr":"KESK","municipalCouncilor":false,"muid":981,"alid":6,"firstname":"Nina","electionDayVotes":3,"pid":"2","finalPosition":0,"electedInformation":"NOT_ELECTED","totalVotesPercent":0.2,"nominatorName":{"fi":"Suomen Keskusta","sv":"Centern i Finland","en":"Centre Party of Finland"},"caid":71,"position":0,"gender":"2","comparisonData":{"totalVotes":0,"votesTotalChange":3},"edid":6,"comparativeIndex":0.0,"electionDayVotesPercent":0.4,"nominatorAbbr":{"fi":"KESK","sv":"C","en":"CENT"}},{"age":35,"advanceVotesPercent":0.0,"lastname":"Tikka","occupation":"bioanalyytikko. tiedottaja","advanceVotes":0,"npid":6,"totalVotes":3,"spid":1,"abbr":"KESK","municipalCouncilor":false,"muid":981,"alid":6,"firstname":"Jenni","electionDayVotes":3,"pid":"2","finalPosition":0,"electedInformation":"NOT_ELECTED","totalVotesPercent":0.2,"nominatorName":{"fi":"Suomen Keskusta","sv":"Centern i Finland","en":"Centre Party of Finland"},"caid":74,"position":0,"gender":"2","comparisonData":{"totalVotes":0,"votesTotalChange":3},"edid":6,"comparativeIndex":0.0,"electionDayVotesPercent":0.4,"nominatorAbbr":{"fi":"KESK","sv":"C","en":"CENT"}},{"age":65,"advanceVotesPercent":0.2,"lastname":"Tarkiainen","occupation":"eläkeläinen","advanceVotes":1,"npid":2,"totalVotes":2,"spid":2,"abbr":"KOK","municipalCouncilor":false,"muid":981,"alid":2,"firstname":"Urpo","electionDayVotes":1,"pid":"4","finalPosition":0,"electedInformation":"NOT_ELECTED","totalVotesPercent":0.2,"nominatorName":{"fi":"Kansallinen Kokoomus","sv":"Samlingspartiet","en":"National Coalition Party"},"caid":20,"position":0,"gender":"1","comparisonData":{"totalVotes":0,"votesTotalChange":2},"edid":6,"comparativeIndex":0.0,"electionDayVotesPercent":0.1,"nominatorAbbr":{"fi":"KOK","sv":"Saml","en":"NCP"}},{"age":25,"advanceVotesPercent":0.2,"lastname":"Muurinen","occupation":"suurtalouskokki","advanceVotes":1,"npid":3,"totalVotes":2,"spid":5,"abbr":"VIHR","municipalCouncilor":false,"muid":981,"alid":3,"firstname":"Alex","electionDayVotes":1,"pid":"13","finalPosition":0,"electedInformation":"NOT_ELECTED","totalVotesPercent":0.2,"nominatorName":{"fi":"Vihreä liitto","sv":"Gröna förbundet","en":"Green League"},"caid":30,"position":0,"gender":"1","comparisonData":{"totalVotes":0,"votesTotalChange":2},"edid":6,"comparativeIndex":0.0,"electionDayVotesPercent":0.1,"nominatorAbbr":{"fi":"VIHR","sv":"Gröna","en":"GREEN"}},{"age":46,"advanceVotesPercent":0.3,"lastname":"Nevalainen","occupation":"myyntipäällikkö","advanceVotes":2,"npid":3,"totalVotes":2,"spid":5,"abbr":"VIHR","municipalCouncilor":false,"muid":981,"alid":3,"firstname":"Tommi","electionDayVotes":0,"pid":"13","finalPosition":0,"electedInformation":"NOT_ELECTED","totalVotesPercent":0.2,"nominatorName":{"fi":"Vihreä liitto","sv":"Gröna förbundet","en":"Green League"},"caid":32,"position":0,"gender":"1","comparisonData":{"totalVotes":50,"votesTotalChange":-48},"edid":6,"comparativeIndex":0.0,"electionDayVotesPercent":0.0,"nominatorAbbr":{"fi":"VIHR","sv":"Gröna","en":"GREEN"}},{"age":67,"advanceVotesPercent":0.3,"lastname":"Salmi","occupation":"eläkeläinen","advanceVotes":2,"npid":4,"totalVotes":2,"spid":4,"abbr":"SDP","municipalCouncilor":false,"muid":981,"alid":4,"firstname":"Ulla-Kristiina","electionDayVotes":0,"pid":"1","finalPosition":0,"electedInformation":"NOT_ELECTED","totalVotesPercent":0.2,"nominatorName":{"fi":"Suomen Sosialidemokraattinen Puolue","sv":"Finlands Socialdemokratiska Parti","en":"The Finnish Social Democratic Party"},"caid":43,"position":0,"gender":"2","comparisonData":{"totalVotes":5,"votesTotalChange":-3},"edid":6,"comparativeIndex":0.0,"electionDayVotesPercent":0.0,"nominatorAbbr":{"fi":"SDP","sv":"SDP","en":"SDP"}},{"age":27,"advanceVotesPercent":0.2,"lastname":"Kouva","occupation":"kokoonpanija","advanceVotes":1,"npid":6,"totalVotes":2,"spid":1,"abbr":"KESK","municipalCouncilor":false,"muid":981,"alid":6,"firstname":"Outi","electionDayVotes":1,"pid":"2","finalPosition":0,"electedInformation":"NOT_ELECTED","totalVotesPercent":0.2,"nominatorName":{"fi":"Suomen Keskusta","sv":"Centern i Finland","en":"Centre Party of Finland"},"caid":53,"position":0,"gender":"2","comparisonData":{"totalVotes":0,"votesTotalChange":2},"edid":6,"comparativeIndex":0.0,"electionDayVotesPercent":0.1,"nominatorAbbr":{"fi":"KESK","sv":"C","en":"CENT"}},{"age":25,"advanceVotesPercent":0.2,"lastname":"Lehtinen","occupation":"prosessinhoitaja","advanceVotes":1,"npid":6,"totalVotes":2,"spid":1,"abbr":"KESK","municipalCouncilor":false,"muid":981,"alid":6,"firstname":"Miika","electionDayVotes":1,"pid":"2","finalPosition":0,"electedInformation":"NOT_ELECTED","totalVotesPercent":0.2,"nominatorName":{"fi":"Suomen Keskusta","sv":"Centern i Finland","en":"Centre Party of Finland"},"caid":57,"position":0,"gender":"1","comparisonData":{"totalVotes":0,"votesTotalChange":2},"edid":6,"comparativeIndex":0.0,"electionDayVotesPercent":0.1,"nominatorAbbr":{"fi":"KESK","sv":"C","en":"CENT"}},{"age":67,"advanceVotesPercent":0.0,"lastname":"Ursin","occupation":"eläkeläinen","advanceVotes":0,"npid":3,"totalVotes":1,"spid":5,"abbr":"VIHR","municipalCouncilor":false,"muid":981,"alid":3,"firstname":"Sirkka","electionDayVotes":1,"pid":"13","finalPosition":0,"electedInformation":"NOT_ELECTED","totalVotesPercent":0.1,"nominatorName":{"fi":"Vihreä liitto","sv":"Gröna förbundet","en":"Green League"},"caid":34,"position":0,"gender":"2","comparisonData":{"totalVotes":0,"votesTotalChange":1},"edid":6,"comparativeIndex":0.0,"electionDayVotesPercent":0.1,"nominatorAbbr":{"fi":"VIHR","sv":"Gröna","en":"GREEN"}}],"municipalityPollingDistricts":[{"name":{"fi":"Ä-alue 001","sv":"R-omr 001"},"calculationStatusPercent":100.0,"joinedArea":false,"muid":981,"totalVotingInFinlandTurnout":67.6,"identification":"001","pdid":"001","eligibleVotersInFinlandTotal":1971,"edid":6,"mergedToPdid":""}],"municipality":{"muid":981,"edid":6,"name":{"fi":"Ypäjä","sv":"Ypäjä"}}}