{"version":72,"created":"2017-04-09T22:47:19.446Z","electionDetails":{"electionId":"kv2017","electionDate":"2017-04-09T00:00:00.000Z","electionDataPublishTime":"2017-04-09T17:00:00.000Z","name":{"fi":"Kuntavaalit 2017","sv":"Kommunalval 2017","en":"Elections 2017"},"previousElections":{"correspondingCompareElection":{"electionId":"kv2012","electionDate":"2012-10-28T00:00:00.000Z","name":{"fi":"Kuntavaalit 2012","en":"Municipal elections 2012","sv":"Kommunalval 2012"}},"otherCompareElection":{"electionId":"ev2015","electionDate":"2015-04-19T00:00:00.000Z","name":{"fi":"Eduskuntavaalit 2015","en":"Parliamentary election 2015","sv":"Riksdagsval 2015"}}}},"calculationStatus":{"electionDayVotingTurnout":42.3,"invalidAdvanceVotes":1,"calculationPhase":"INITIAL","invalidElectionDayVotes":1,"approvedAdvanceVotes":261,"advanceVotingTurnout":22.2,"totalVotingTurnoutAbroad":0.0,"name":{"fi":"Panelia","sv":"Panelia"},"calculationStatusPercent":100.0,"advanceVotes":262,"electionDayVotingTurnoutAbroad":0.0,"approvedTotalVotes":758,"totalVotes":761,"muid":50,"totalVotingInFinlandTurnout":64.5,"advanceVotingTurnoutAbroad":0.0,"invalidTotalVotes":2,"totalVotingTurnout":64.5,"electionDayVotes":499,"electionDayVotesInFinland":499,"pdid":"004","totalVotesInFinlandMen":0,"eligibleVotersInFinlandTotal":1180,"calculationStatusPercentElectionDayVotes":100.0,"sourceRecordModificationTime":"20170409210652","otherCompareElection":{"eid":"","eligibleVotersInFinlandTotal":0,"advanceVotingInFinlandTurnout":0.0,"electionDayVotingInFinlandTurnout":0.0,"totalVotingInFinlandTurnout":0.0,"approvedVotesTotal":0,"invalidVotesTotal":0},"correspondingCompareElection":{"eid":"","eligibleVotersInFinlandTotal":0,"advanceVotingInFinlandTurnout":0.0,"electionDayVotingInFinlandTurnout":0.0,"totalVotingInFinlandTurnout":0.0,"approvedVotesTotal":0,"invalidVotesTotal":0,"seats":0},"approvedElectionDayVotes":497,"edid":4,"calculationStatusPercentAdvanceVotes":100.0,"electionDayVotingInFinlandTurnout":42.3,"seats":0,"eligibleVotersTotal":1180,"advanceVotesInFinland":262,"advanceVotingInFinlandTurnout":22.2,"totalVotesInFinland":761},"partyResults":[{"advanceVotesPercent":33.0,"name":{"fi":"Suomen Keskusta","sv":"Centern i Finland","en":"Centre Party of Finland"},"advanceVotes":86,"npid":4,"totalVotes":282,"spid":1,"abbr":{"fi":"KESK","sv":"C","en":"CENT"},"alid":4,"electionDayVotes":196,"pid":"2","totalVotesPercent":37.2,"nominatorName":{"fi":"Suomen Keskusta","sv":"Centern i Finland","en":"Centre Party of Finland"},"compareData":{"otherCompareElection":{"votesTotalChange":0,"votesTotalPercentChange":0.0,"votesTotal":282,"votesTotalPercent":37.2},"correspondingCompareElection":{"votesTotalChange":0,"votesTotalPercentChange":0.0,"seatChange":0,"votesTotal":282,"votesTotalPercent":37.2,"seatsTotal":0}},"seats":0,"electionDayVotesPercent":39.4,"nominatorAbbr":{"fi":"KESK","sv":"C","en":"CENT"}},{"advanceVotesPercent":24.1,"name":{"fi":"Suomen Sosialidemokraattinen Puolue","sv":"Finlands Socialdemokratiska Parti","en":"The Finnish Social Democratic Party"},"advanceVotes":63,"npid":6,"totalVotes":196,"spid":4,"abbr":{"fi":"SDP","sv":"SDP","en":"SDP"},"alid":6,"electionDayVotes":133,"pid":"1","totalVotesPercent":25.9,"nominatorName":{"fi":"Suomen Sosialidemokraattinen Puolue","sv":"Finlands Socialdemokratiska Parti","en":"The Finnish Social Democratic Party"},"compareData":{"otherCompareElection":{"votesTotalChange":0,"votesTotalPercentChange":0.0,"votesTotal":196,"votesTotalPercent":25.9},"correspondingCompareElection":{"votesTotalChange":0,"votesTotalPercentChange":0.0,"seatChange":0,"votesTotal":196,"votesTotalPercent":25.9,"seatsTotal":0}},"seats":0,"electionDayVotesPercent":26.8,"nominatorAbbr":{"fi":"SDP","sv":"SDP","en":"SDP"}},{"advanceVotesPercent":19.9,"name":{"fi":"Vasemmistoliitto","sv":"Vänsterförbundet","en":"The Left Alliance"},"advanceVotes":52,"npid":5,"totalVotes":128,"spid":6,"abbr":{"fi":"VAS","sv":"VF","en":"LEFT"},"alid":5,"electionDayVotes":76,"pid":"15","totalVotesPercent":16.9,"nominatorName":{"fi":"Vasemmistoliitto","sv":"Vänsterförbundet","en":"The Left Alliance"},"compareData":{"otherCompareElection":{"votesTotalChange":0,"votesTotalPercentChange":0.0,"votesTotal":128,"votesTotalPercent":16.9},"correspondingCompareElection":{"votesTotalChange":0,"votesTotalPercentChange":0.0,"seatChange":0,"votesTotal":128,"votesTotalPercent":16.9,"seatsTotal":0}},"seats":0,"electionDayVotesPercent":15.3,"nominatorAbbr":{"fi":"VAS","sv":"VF","en":"LEFT"}},{"advanceVotesPercent":17.2,"name":{"fi":"Kansallinen Kokoomus","sv":"Samlingspartiet","en":"National Coalition Party"},"advanceVotes":45,"npid":8,"totalVotes":106,"spid":2,"abbr":{"fi":"KOK","sv":"Saml","en":"NCP"},"alid":8,"electionDayVotes":61,"pid":"4","totalVotesPercent":14.0,"nominatorName":{"fi":"Kansallinen Kokoomus","sv":"Samlingspartiet","en":"National Coalition Party"},"compareData":{"otherCompareElection":{"votesTotalChange":0,"votesTotalPercentChange":0.0,"votesTotal":106,"votesTotalPercent":14.0},"correspondingCompareElection":{"votesTotalChange":0,"votesTotalPercentChange":0.0,"seatChange":0,"votesTotal":106,"votesTotalPercent":14.0,"seatsTotal":0}},"seats":0,"electionDayVotesPercent":12.3,"nominatorAbbr":{"fi":"KOK","sv":"Saml","en":"NCP"}},{"advanceVotesPercent":3.4,"name":{"fi":"Suomen Kristillisdemokraatit (KD)","sv":"Kristdemokraterna i Finland (KD)","en":"Christian Democrats in Finland"},"advanceVotes":9,"npid":3,"totalVotes":22,"spid":8,"abbr":{"fi":"KD","sv":"KD","en":"CD"},"alid":3,"electionDayVotes":13,"pid":"9","totalVotesPercent":2.9,"nominatorName":{"fi":"Suomen Kristillisdemokraatit (KD)","sv":"Kristdemokraterna i Finland (KD)","en":"Christian Democrats in Finland"},"compareData":{"otherCompareElection":{"votesTotalChange":0,"votesTotalPercentChange":0.0,"votesTotal":22,"votesTotalPercent":2.9},"correspondingCompareElection":{"votesTotalChange":0,"votesTotalPercentChange":0.0,"seatChange":0,"votesTotal":22,"votesTotalPercent":2.9,"seatsTotal":0}},"seats":0,"electionDayVotesPercent":2.6,"nominatorAbbr":{"fi":"KD","sv":"KD","en":"CD"}},{"advanceVotesPercent":1.9,"name":{"fi":"Perussuomalaiset","sv":"Sannfinländarna","en":"The Finns Party"},"advanceVotes":5,"npid":2,"totalVotes":18,"spid":3,"abbr":{"fi":"PS","sv":"Sannf","en":"FINNS"},"alid":2,"electionDayVotes":13,"pid":"23","totalVotesPercent":2.4,"nominatorName":{"fi":"Perussuomalaiset","sv":"Sannfinländarna","en":"The Finns Party"},"compareData":{"otherCompareElection":{"votesTotalChange":0,"votesTotalPercentChange":0.0,"votesTotal":18,"votesTotalPercent":2.4},"correspondingCompareElection":{"votesTotalChange":0,"votesTotalPercentChange":0.0,"seatChange":0,"votesTotal":18,"votesTotalPercent":2.4,"seatsTotal":0}},"seats":0,"electionDayVotesPercent":2.6,"nominatorAbbr":{"fi":"PS","sv":"Sannf","en":"FINNS"}},{"advanceVotesPercent":0.4,"name":{"fi":"Vihreä liitto","sv":"Gröna förbundet","en":"Green League"},"advanceVotes":1,"npid":1,"totalVotes":6,"spid":5,"abbr":{"fi":"VIHR","sv":"Gröna","en":"GREEN"},"alid":1,"electionDayVotes":5,"pid":"13","totalVotesPercent":0.8,"nominatorName":{"fi":"Vihreä liitto","sv":"Gröna förbundet","en":"Green League"},"compareData":{"otherCompareElection":{"votesTotalChange":0,"votesTotalPercentChange":0.0,"votesTotal":6,"votesTotalPercent":0.8},"correspondingCompareElection":{"votesTotalChange":0,"votesTotalPercentChange":0.0,"seatChange":0,"votesTotal":6,"votesTotalPercent":0.8,"seatsTotal":0}},"seats":0,"electionDayVotesPercent":1.0,"nominatorAbbr":{"fi":"VIHR","sv":"Gröna","en":"GREEN"}},{"advanceVotesPercent":0.0,"name":{"fi":"Kommunistinen Työväenpuolue - Rauhan ja Sosialismin puolesta","sv":"Kommunistiska Arbetarpartiet - För Fred och Socialism","en":"Communist Workers Party (Finland) - For Peace and Socialism"},"advanceVotes":0,"npid":9,"totalVotes":0,"spid":10,"abbr":{"fi":"KTP","sv":"KAP","en":"CWP"},"alid":9,"electionDayVotes":0,"pid":"14","totalVotesPercent":0.0,"nominatorName":{"fi":"Kommunistinen Työväenpuolue - Rauhan ja Sosialismin puolesta","sv":"Kommunistiska Arbetarpartiet - För Fred och Socialism","en":"Communist Workers Party (Finland) - For Peace and Socialism"},"compareData":{"otherCompareElection":{"votesTotalChange":0,"votesTotalPercentChange":0.0,"votesTotal":0,"votesTotalPercent":0.0},"correspondingCompareElection":{"votesTotalChange":0,"votesTotalPercentChange":0.0,"seatChange":0,"votesTotal":0,"votesTotalPercent":0.0,"seatsTotal":0}},"seats":0,"electionDayVotesPercent":0.0,"nominatorAbbr":{"fi":"KTP","sv":"KAP","en":"CWP"}},{"advanceVotesPercent":0.0,"name":{"fi":"Piraattipuolue","sv":"Piratpartiet","en":"Pirate Party of Finland"},"advanceVotes":0,"npid":7,"totalVotes":0,"spid":12,"abbr":{"fi":"PIR","sv":"Pir","en":"PIR"},"alid":7,"electionDayVotes":0,"pid":"30","totalVotesPercent":0.0,"nominatorName":{"fi":"Piraattipuolue","sv":"Piratpartiet","en":"Pirate Party of Finland"},"compareData":{"otherCompareElection":{"votesTotalChange":0,"votesTotalPercentChange":0.0,"votesTotal":0,"votesTotalPercent":0.0},"correspondingCompareElection":{"votesTotalChange":0,"votesTotalPercentChange":0.0,"seatChange":0,"votesTotal":0,"votesTotalPercent":0.0,"seatsTotal":0}},"seats":0,"electionDayVotesPercent":0.0,"nominatorAbbr":{"fi":"PIR","sv":"Pir","en":"PIR"}}],"candidateResults":[{"age":47,"advanceVotesPercent":13.0,"lastname":"Katila","occupation":"KM, maatalousyrittäjä","advanceVotes":34,"npid":8,"totalVotes":77,"spid":2,"abbr":"KOK","municipalCouncilor":false,"muid":50,"alid":8,"firstname":"Tommi","electionDayVotes":43,"pid":"4","finalPosition":0,"electedInformation":"ELECTED","totalVotesPercent":10.2,"nominatorName":{"fi":"Kansallinen Kokoomus","sv":"Samlingspartiet","en":"National Coalition Party"},"caid":116,"position":0,"gender":"1","comparisonData":{"totalVotes":0,"votesTotalChange":77},"edid":4,"comparativeIndex":0.0,"electionDayVotesPercent":8.7,"nominatorAbbr":{"fi":"KOK","sv":"Saml","en":"NCP"}},{"age":67,"advanceVotesPercent":10.7,"lastname":"Virtanen","occupation":"teknikko","advanceVotes":28,"npid":6,"totalVotes":75,"spid":4,"abbr":"SDP","municipalCouncilor":true,"muid":50,"alid":6,"firstname":"Kari","electionDayVotes":47,"pid":"1","finalPosition":0,"electedInformation":"ELECTED","totalVotesPercent":9.9,"nominatorName":{"fi":"Suomen Sosialidemokraattinen Puolue","sv":"Finlands Socialdemokratiska Parti","en":"The Finnish Social Democratic Party"},"caid":110,"position":0,"gender":"1","comparisonData":{"totalVotes":74,"votesTotalChange":1},"edid":4,"comparativeIndex":0.0,"electionDayVotesPercent":9.5,"nominatorAbbr":{"fi":"SDP","sv":"SDP","en":"SDP"}},{"age":35,"advanceVotesPercent":13.4,"lastname":"Myllykoski","occupation":"muurari, kunnanvaltuutettu","advanceVotes":35,"npid":5,"totalVotes":72,"spid":6,"abbr":"VAS","municipalCouncilor":true,"muid":50,"alid":5,"firstname":"Juha","electionDayVotes":37,"pid":"15","finalPosition":0,"electedInformation":"ELECTED","totalVotesPercent":9.5,"nominatorName":{"fi":"Vasemmistoliitto","sv":"Vänsterförbundet","en":"The Left Alliance"},"caid":67,"position":0,"gender":"1","comparisonData":{"totalVotes":90,"votesTotalChange":-18},"edid":4,"comparativeIndex":0.0,"electionDayVotesPercent":7.4,"nominatorAbbr":{"fi":"VAS","sv":"VF","en":"LEFT"}},{"age":66,"advanceVotesPercent":7.3,"lastname":"Vihervuori","occupation":"rehtori, eläkeläinen","advanceVotes":19,"npid":4,"totalVotes":53,"spid":1,"abbr":"KESK","municipalCouncilor":true,"muid":50,"alid":4,"firstname":"Juhani","electionDayVotes":34,"pid":"2","finalPosition":0,"electedInformation":"ELECTED","totalVotesPercent":7.0,"nominatorName":{"fi":"Suomen Keskusta","sv":"Centern i Finland","en":"Centre Party of Finland"},"caid":57,"position":0,"gender":"1","comparisonData":{"totalVotes":84,"votesTotalChange":-31},"edid":4,"comparativeIndex":0.0,"electionDayVotesPercent":6.8,"nominatorAbbr":{"fi":"KESK","sv":"C","en":"CENT"}},{"age":39,"advanceVotesPercent":3.4,"lastname":"Rintamaa","occupation":"yrittäjä","advanceVotes":9,"npid":4,"totalVotes":41,"spid":1,"abbr":"KESK","municipalCouncilor":false,"muid":50,"alid":4,"firstname":"Mikko","electionDayVotes":32,"pid":"2","finalPosition":0,"electedInformation":"ELECTED","totalVotesPercent":5.4,"nominatorName":{"fi":"Suomen Keskusta","sv":"Centern i Finland","en":"Centre Party of Finland"},"caid":51,"position":0,"gender":"1","comparisonData":{"totalVotes":0,"votesTotalChange":41},"edid":4,"comparativeIndex":0.0,"electionDayVotesPercent":6.4,"nominatorAbbr":{"fi":"KESK","sv":"C","en":"CENT"}},{"age":38,"advanceVotesPercent":1.9,"lastname":"Salonen","occupation":"hiusmuotoilija","advanceVotes":5,"npid":6,"totalVotes":38,"spid":4,"abbr":"SDP","municipalCouncilor":false,"muid":50,"alid":6,"firstname":"Terhi","electionDayVotes":33,"pid":"1","finalPosition":0,"electedInformation":"ELECTED","totalVotesPercent":5.0,"nominatorName":{"fi":"Suomen Sosialidemokraattinen Puolue","sv":"Finlands Socialdemokratiska Parti","en":"The Finnish Social Democratic Party"},"caid":102,"position":0,"gender":"2","comparisonData":{"totalVotes":0,"votesTotalChange":38},"edid":4,"comparativeIndex":0.0,"electionDayVotesPercent":6.6,"nominatorAbbr":{"fi":"SDP","sv":"SDP","en":"SDP"}},{"age":45,"advanceVotesPercent":3.1,"lastname":"Haavisto","occupation":"maanviljelijä","advanceVotes":8,"npid":4,"totalVotes":25,"spid":1,"abbr":"KESK","municipalCouncilor":false,"muid":50,"alid":4,"firstname":"Marko","electionDayVotes":17,"pid":"2","finalPosition":0,"electedInformation":"ON_SUBSTITUTE_PLACE","totalVotesPercent":3.3,"nominatorName":{"fi":"Suomen Keskusta","sv":"Centern i Finland","en":"Centre Party of Finland"},"caid":20,"position":0,"gender":"1","comparisonData":{"totalVotes":0,"votesTotalChange":25},"edid":4,"comparativeIndex":0.0,"electionDayVotesPercent":3.4,"nominatorAbbr":{"fi":"KESK","sv":"C","en":"CENT"}},{"age":27,"advanceVotesPercent":3.4,"lastname":"Päiviö","occupation":"yrittäjä","advanceVotes":9,"npid":4,"totalVotes":20,"spid":1,"abbr":"KESK","municipalCouncilor":false,"muid":50,"alid":4,"firstname":"Topi","electionDayVotes":11,"pid":"2","finalPosition":0,"electedInformation":"NOT_ELECTED","totalVotesPercent":2.6,"nominatorName":{"fi":"Suomen Keskusta","sv":"Centern i Finland","en":"Centre Party of Finland"},"caid":50,"position":0,"gender":"1","comparisonData":{"totalVotes":0,"votesTotalChange":20},"edid":4,"comparativeIndex":0.0,"electionDayVotesPercent":2.2,"nominatorAbbr":{"fi":"KESK","sv":"C","en":"CENT"}},{"age":61,"advanceVotesPercent":2.3,"lastname":"Varjonen","occupation":"opettaja","advanceVotes":6,"npid":5,"totalVotes":19,"spid":6,"abbr":"VAS","municipalCouncilor":false,"muid":50,"alid":5,"firstname":"Seppo","electionDayVotes":13,"pid":"15","finalPosition":0,"electedInformation":"ELECTED","totalVotesPercent":2.5,"nominatorName":{"fi":"Vasemmistoliitto","sv":"Vänsterförbundet","en":"The Left Alliance"},"caid":75,"position":0,"gender":"1","comparisonData":{"totalVotes":31,"votesTotalChange":-12},"edid":4,"comparativeIndex":0.0,"electionDayVotesPercent":2.6,"nominatorAbbr":{"fi":"VAS","sv":"VF","en":"LEFT"}},{"age":70,"advanceVotesPercent":1.5,"lastname":"Kalli","occupation":"maanviljelijä, kansanedustaja","advanceVotes":4,"npid":4,"totalVotes":18,"spid":1,"abbr":"KESK","municipalCouncilor":true,"muid":50,"alid":4,"firstname":"Timo","electionDayVotes":14,"pid":"2","finalPosition":0,"electedInformation":"ELECTED","totalVotesPercent":2.4,"nominatorName":{"fi":"Suomen Keskusta","sv":"Centern i Finland","en":"Centre Party of Finland"},"caid":31,"position":0,"gender":"1","comparisonData":{"totalVotes":264,"votesTotalChange":-246},"edid":4,"comparativeIndex":0.0,"electionDayVotesPercent":2.8,"nominatorAbbr":{"fi":"KESK","sv":"C","en":"CENT"}},{"age":64,"advanceVotesPercent":2.3,"lastname":"Mustajärvi","occupation":"työnjohtaja","advanceVotes":6,"npid":4,"totalVotes":17,"spid":1,"abbr":"KESK","municipalCouncilor":false,"muid":50,"alid":4,"firstname":"Jarmo","electionDayVotes":11,"pid":"2","finalPosition":0,"electedInformation":"ON_SUBSTITUTE_PLACE","totalVotesPercent":2.2,"nominatorName":{"fi":"Suomen Keskusta","sv":"Centern i Finland","en":"Centre Party of Finland"},"caid":45,"position":0,"gender":"1","comparisonData":{"totalVotes":34,"votesTotalChange":-17},"edid":4,"comparativeIndex":0.0,"electionDayVotesPercent":2.2,"nominatorAbbr":{"fi":"KESK","sv":"C","en":"CENT"}},{"age":44,"advanceVotesPercent":0.0,"lastname":"Fyhr","occupation":"prosessityöntekijä","advanceVotes":0,"npid":6,"totalVotes":15,"spid":4,"abbr":"SDP","municipalCouncilor":false,"muid":50,"alid":6,"firstname":"Kari","electionDayVotes":15,"pid":"1","finalPosition":0,"electedInformation":"NOT_ELECTED","totalVotesPercent":2.0,"nominatorName":{"fi":"Suomen Sosialidemokraattinen Puolue","sv":"Finlands Socialdemokratiska Parti","en":"The Finnish Social Democratic Party"},"caid":80,"position":0,"gender":"1","comparisonData":{"totalVotes":8,"votesTotalChange":7},"edid":4,"comparativeIndex":0.0,"electionDayVotesPercent":3.0,"nominatorAbbr":{"fi":"SDP","sv":"SDP","en":"SDP"}},{"age":63,"advanceVotesPercent":3.1,"lastname":"Hamina","occupation":"kansanedustajan avustaja","advanceVotes":8,"npid":4,"totalVotes":13,"spid":1,"abbr":"KESK","municipalCouncilor":false,"muid":50,"alid":4,"firstname":"Raija","electionDayVotes":5,"pid":"2","finalPosition":0,"electedInformation":"NOT_ELECTED","totalVotesPercent":1.7,"nominatorName":{"fi":"Suomen Keskusta","sv":"Centern i Finland","en":"Centre Party of Finland"},"caid":22,"position":0,"gender":"2","comparisonData":{"totalVotes":18,"votesTotalChange":-5},"edid":4,"comparativeIndex":0.0,"electionDayVotesPercent":1.0,"nominatorAbbr":{"fi":"KESK","sv":"C","en":"CENT"}},{"age":48,"advanceVotesPercent":0.4,"lastname":"Ketola","occupation":"yrittäjä","advanceVotes":1,"npid":4,"totalVotes":13,"spid":1,"abbr":"KESK","municipalCouncilor":false,"muid":50,"alid":4,"firstname":"Janne","electionDayVotes":12,"pid":"2","finalPosition":0,"electedInformation":"NOT_ELECTED","totalVotesPercent":1.7,"nominatorName":{"fi":"Suomen Keskusta","sv":"Centern i Finland","en":"Centre Party of Finland"},"caid":35,"position":0,"gender":"1","comparisonData":{"totalVotes":0,"votesTotalChange":13},"edid":4,"comparativeIndex":0.0,"electionDayVotesPercent":2.4,"nominatorAbbr":{"fi":"KESK","sv":"C","en":"CENT"}},{"age":53,"advanceVotesPercent":1.9,"lastname":"Puttonen","occupation":"automaatioyrittäjä","advanceVotes":5,"npid":4,"totalVotes":13,"spid":1,"abbr":"KESK","municipalCouncilor":false,"muid":50,"alid":4,"firstname":"Manu","electionDayVotes":8,"pid":"2","finalPosition":0,"electedInformation":"ON_SUBSTITUTE_PLACE","totalVotesPercent":1.7,"nominatorName":{"fi":"Suomen Keskusta","sv":"Centern i Finland","en":"Centre Party of Finland"},"caid":49,"position":0,"gender":"1","comparisonData":{"totalVotes":0,"votesTotalChange":13},"edid":4,"comparativeIndex":0.0,"electionDayVotesPercent":1.6,"nominatorAbbr":{"fi":"KESK","sv":"C","en":"CENT"}},{"age":51,"advanceVotesPercent":1.5,"lastname":"Lehtonen","occupation":"luotonvalvoja","advanceVotes":4,"npid":5,"totalVotes":13,"spid":6,"abbr":"VAS","municipalCouncilor":false,"muid":50,"alid":5,"firstname":"Satu","electionDayVotes":9,"pid":"15","finalPosition":0,"electedInformation":"ON_SUBSTITUTE_PLACE","totalVotesPercent":1.7,"nominatorName":{"fi":"Vasemmistoliitto","sv":"Vänsterförbundet","en":"The Left Alliance"},"caid":65,"position":0,"gender":"2","comparisonData":{"totalVotes":33,"votesTotalChange":-20},"edid":4,"comparativeIndex":0.0,"electionDayVotesPercent":1.8,"nominatorAbbr":{"fi":"VAS","sv":"VF","en":"LEFT"}},{"age":42,"advanceVotesPercent":1.9,"lastname":"Siivonen","occupation":"ruokapalvelutyöntekijä","advanceVotes":5,"npid":6,"totalVotes":13,"spid":4,"abbr":"SDP","municipalCouncilor":true,"muid":50,"alid":6,"firstname":"Minna","electionDayVotes":8,"pid":"1","finalPosition":0,"electedInformation":"ELECTED","totalVotesPercent":1.7,"nominatorName":{"fi":"Suomen Sosialidemokraattinen Puolue","sv":"Finlands Socialdemokratiska Parti","en":"The Finnish Social Democratic Party"},"caid":105,"position":0,"gender":"2","comparisonData":{"totalVotes":56,"votesTotalChange":-43},"edid":4,"comparativeIndex":0.0,"electionDayVotesPercent":1.6,"nominatorAbbr":{"fi":"SDP","sv":"SDP","en":"SDP"}},{"age":38,"advanceVotesPercent":2.3,"lastname":"Kivelä","occupation":"kirkon nuorisotyönohjaaja, lähetystyöntekijä","advanceVotes":6,"npid":3,"totalVotes":12,"spid":8,"abbr":"KD","municipalCouncilor":false,"muid":50,"alid":3,"firstname":"Varpu","electionDayVotes":6,"pid":"9","finalPosition":0,"electedInformation":"NOT_ELECTED","totalVotesPercent":1.6,"nominatorName":{"fi":"Suomen Kristillisdemokraatit (KD)","sv":"Kristdemokraterna i Finland (KD)","en":"Christian Democrats in Finland"},"caid":15,"position":0,"gender":"2","comparisonData":{"totalVotes":0,"votesTotalChange":12},"edid":4,"comparativeIndex":0.0,"electionDayVotesPercent":1.2,"nominatorAbbr":{"fi":"KD","sv":"KD","en":"CD"}},{"age":30,"advanceVotesPercent":1.1,"lastname":"Kalli","occupation":"artesaani, kasvatustieteiden opiskelija","advanceVotes":3,"npid":4,"totalVotes":11,"spid":1,"abbr":"KESK","municipalCouncilor":false,"muid":50,"alid":4,"firstname":"Jussi","electionDayVotes":8,"pid":"2","finalPosition":0,"electedInformation":"ELECTED","totalVotesPercent":1.5,"nominatorName":{"fi":"Suomen Keskusta","sv":"Centern i Finland","en":"Centre Party of Finland"},"caid":30,"position":0,"gender":"1","comparisonData":{"totalVotes":0,"votesTotalChange":11},"edid":4,"comparativeIndex":0.0,"electionDayVotesPercent":1.6,"nominatorAbbr":{"fi":"KESK","sv":"C","en":"CENT"}},{"age":32,"advanceVotesPercent":1.5,"lastname":"Reunanen","occupation":"projektipäällikkö","advanceVotes":4,"npid":6,"totalVotes":11,"spid":4,"abbr":"SDP","municipalCouncilor":false,"muid":50,"alid":6,"firstname":"Ari","electionDayVotes":7,"pid":"1","finalPosition":0,"electedInformation":"ELECTED","totalVotesPercent":1.5,"nominatorName":{"fi":"Suomen Sosialidemokraattinen Puolue","sv":"Finlands Socialdemokratiska Parti","en":"The Finnish Social Democratic Party"},"caid":99,"position":0,"gender":"1","comparisonData":{"totalVotes":55,"votesTotalChange":-44},"edid":4,"comparativeIndex":0.0,"electionDayVotesPercent":1.4,"nominatorAbbr":{"fi":"SDP","sv":"SDP","en":"SDP"}},{"age":40,"advanceVotesPercent":2.3,"lastname":"Koski","occupation":"yksikönpäällikkö","advanceVotes":6,"npid":8,"totalVotes":11,"spid":2,"abbr":"KOK","municipalCouncilor":false,"muid":50,"alid":8,"firstname":"Vesa","electionDayVotes":5,"pid":"4","finalPosition":0,"electedInformation":"ELECTED","totalVotesPercent":1.5,"nominatorName":{"fi":"Kansallinen Kokoomus","sv":"Samlingspartiet","en":"National Coalition Party"},"caid":118,"position":0,"gender":"1","comparisonData":{"totalVotes":0,"votesTotalChange":11},"edid":4,"comparativeIndex":0.0,"electionDayVotesPercent":1.0,"nominatorAbbr":{"fi":"KOK","sv":"Saml","en":"NCP"}},{"age":65,"advanceVotesPercent":1.1,"lastname":"Uusitalo","occupation":"kätilö, eläkeläinen","advanceVotes":3,"npid":4,"totalVotes":9,"spid":1,"abbr":"KESK","municipalCouncilor":false,"muid":50,"alid":4,"firstname":"Maija","electionDayVotes":6,"pid":"2","finalPosition":0,"electedInformation":"NOT_ELECTED","totalVotesPercent":1.2,"nominatorName":{"fi":"Suomen Keskusta","sv":"Centern i Finland","en":"Centre Party of Finland"},"caid":55,"position":0,"gender":"2","comparisonData":{"totalVotes":0,"votesTotalChange":9},"edid":4,"comparativeIndex":0.0,"electionDayVotesPercent":1.2,"nominatorAbbr":{"fi":"KESK","sv":"C","en":"CENT"}},{"age":48,"advanceVotesPercent":0.8,"lastname":"Uoti","occupation":"yritysasiantuntija","advanceVotes":2,"npid":4,"totalVotes":8,"spid":1,"abbr":"KESK","municipalCouncilor":false,"muid":50,"alid":4,"firstname":"Sari","electionDayVotes":6,"pid":"2","finalPosition":0,"electedInformation":"ON_SUBSTITUTE_PLACE","totalVotesPercent":1.1,"nominatorName":{"fi":"Suomen Keskusta","sv":"Centern i Finland","en":"Centre Party of Finland"},"caid":54,"position":0,"gender":"2","comparisonData":{"totalVotes":35,"votesTotalChange":-27},"edid":4,"comparativeIndex":0.0,"electionDayVotesPercent":1.2,"nominatorAbbr":{"fi":"KESK","sv":"C","en":"CENT"}},{"age":19,"advanceVotesPercent":0.0,"lastname":"Vuohijoki","occupation":"opiskelija","advanceVotes":0,"npid":4,"totalVotes":8,"spid":1,"abbr":"KESK","municipalCouncilor":false,"muid":50,"alid":4,"firstname":"Virve","electionDayVotes":8,"pid":"2","finalPosition":0,"electedInformation":"ON_SUBSTITUTE_PLACE","totalVotesPercent":1.1,"nominatorName":{"fi":"Suomen Keskusta","sv":"Centern i Finland","en":"Centre Party of Finland"},"caid":59,"position":0,"gender":"2","comparisonData":{"totalVotes":0,"votesTotalChange":8},"edid":4,"comparativeIndex":0.0,"electionDayVotesPercent":1.6,"nominatorAbbr":{"fi":"KESK","sv":"C","en":"CENT"}},{"age":71,"advanceVotesPercent":1.9,"lastname":"Saari","occupation":"toimittaja, viestintäyrittäjä","advanceVotes":5,"npid":6,"totalVotes":8,"spid":4,"abbr":"SDP","municipalCouncilor":false,"muid":50,"alid":6,"firstname":"Seppo","electionDayVotes":3,"pid":"1","finalPosition":0,"electedInformation":"ON_SUBSTITUTE_PLACE","totalVotesPercent":1.1,"nominatorName":{"fi":"Suomen Sosialidemokraattinen Puolue","sv":"Finlands Socialdemokratiska Parti","en":"The Finnish Social Democratic Party"},"caid":100,"position":0,"gender":"1","comparisonData":{"totalVotes":43,"votesTotalChange":-35},"edid":4,"comparativeIndex":0.0,"electionDayVotesPercent":0.6,"nominatorAbbr":{"fi":"SDP","sv":"SDP","en":"SDP"}},{"age":33,"advanceVotesPercent":0.8,"lastname":"Mattila","occupation":"kotiäiti","advanceVotes":2,"npid":2,"totalVotes":6,"spid":3,"abbr":"PS","municipalCouncilor":false,"muid":50,"alid":2,"firstname":"Jonna","electionDayVotes":4,"pid":"23","finalPosition":0,"electedInformation":"NOT_ELECTED","totalVotesPercent":0.8,"nominatorName":{"fi":"Perussuomalaiset","sv":"Sannfinländarna","en":"The Finns Party"},"caid":9,"position":0,"gender":"2","comparisonData":{"totalVotes":0,"votesTotalChange":6},"edid":4,"comparativeIndex":0.0,"electionDayVotesPercent":0.8,"nominatorAbbr":{"fi":"PS","sv":"Sannf","en":"FINNS"}},{"age":55,"advanceVotesPercent":1.1,"lastname":"Koivisto","occupation":"luomuviljelijä, järjestelmäsuunnittelija","advanceVotes":3,"npid":4,"totalVotes":6,"spid":1,"abbr":"KESK","municipalCouncilor":false,"muid":50,"alid":4,"firstname":"Vesa","electionDayVotes":3,"pid":"2","finalPosition":0,"electedInformation":"NOT_ELECTED","totalVotesPercent":0.8,"nominatorName":{"fi":"Suomen Keskusta","sv":"Centern i Finland","en":"Centre Party of Finland"},"caid":37,"position":0,"gender":"1","comparisonData":{"totalVotes":30,"votesTotalChange":-24},"edid":4,"comparativeIndex":0.0,"electionDayVotesPercent":0.6,"nominatorAbbr":{"fi":"KESK","sv":"C","en":"CENT"}},{"age":61,"advanceVotesPercent":0.8,"lastname":"Peltonen","occupation":"teologian maisteri","advanceVotes":2,"npid":4,"totalVotes":6,"spid":1,"abbr":"KESK","municipalCouncilor":false,"muid":50,"alid":4,"firstname":"Virva","electionDayVotes":4,"pid":"2","finalPosition":0,"electedInformation":"ON_SUBSTITUTE_PLACE","totalVotesPercent":0.8,"nominatorName":{"fi":"Suomen Keskusta","sv":"Centern i Finland","en":"Centre Party of Finland"},"caid":48,"position":0,"gender":"2","comparisonData":{"totalVotes":46,"votesTotalChange":-40},"edid":4,"comparativeIndex":0.0,"electionDayVotesPercent":0.8,"nominatorAbbr":{"fi":"KESK","sv":"C","en":"CENT"}},{"age":53,"advanceVotesPercent":1.1,"lastname":"Salminen","occupation":"työsuojeluvaltuutettu","advanceVotes":3,"npid":5,"totalVotes":6,"spid":6,"abbr":"VAS","municipalCouncilor":true,"muid":50,"alid":5,"firstname":"Petri","electionDayVotes":3,"pid":"15","finalPosition":0,"electedInformation":"ELECTED","totalVotesPercent":0.8,"nominatorName":{"fi":"Vasemmistoliitto","sv":"Vänsterförbundet","en":"The Left Alliance"},"caid":74,"position":0,"gender":"1","comparisonData":{"totalVotes":88,"votesTotalChange":-82},"edid":4,"comparativeIndex":0.0,"electionDayVotesPercent":0.6,"nominatorAbbr":{"fi":"VAS","sv":"VF","en":"LEFT"}},{"age":39,"advanceVotesPercent":1.1,"lastname":"Kivelä","occupation":"sosionomi","advanceVotes":3,"npid":3,"totalVotes":5,"spid":8,"abbr":"KD","municipalCouncilor":false,"muid":50,"alid":3,"firstname":"Jussi","electionDayVotes":2,"pid":"9","finalPosition":0,"electedInformation":"NOT_ELECTED","totalVotesPercent":0.7,"nominatorName":{"fi":"Suomen Kristillisdemokraatit (KD)","sv":"Kristdemokraterna i Finland (KD)","en":"Christian Democrats in Finland"},"caid":14,"position":0,"gender":"1","comparisonData":{"totalVotes":0,"votesTotalChange":5},"edid":4,"comparativeIndex":0.0,"electionDayVotesPercent":0.4,"nominatorAbbr":{"fi":"KD","sv":"KD","en":"CD"}},{"age":47,"advanceVotesPercent":0.4,"lastname":"Kylänpää","occupation":"insinööri (AMK)","advanceVotes":1,"npid":4,"totalVotes":5,"spid":1,"abbr":"KESK","municipalCouncilor":false,"muid":50,"alid":4,"firstname":"Mika","electionDayVotes":4,"pid":"2","finalPosition":0,"electedInformation":"ON_SUBSTITUTE_PLACE","totalVotesPercent":0.7,"nominatorName":{"fi":"Suomen Keskusta","sv":"Centern i Finland","en":"Centre Party of Finland"},"caid":39,"position":0,"gender":"1","comparisonData":{"totalVotes":0,"votesTotalChange":5},"edid":4,"comparativeIndex":0.0,"electionDayVotesPercent":0.8,"nominatorAbbr":{"fi":"KESK","sv":"C","en":"CENT"}},{"age":67,"advanceVotesPercent":1.1,"lastname":"Rainesto","occupation":"teollinen muotoilija, eläkeläinen","advanceVotes":3,"npid":5,"totalVotes":5,"spid":6,"abbr":"VAS","municipalCouncilor":false,"muid":50,"alid":5,"firstname":"Hannu","electionDayVotes":2,"pid":"15","finalPosition":0,"electedInformation":"NOT_ELECTED","totalVotesPercent":0.7,"nominatorName":{"fi":"Vasemmistoliitto","sv":"Vänsterförbundet","en":"The Left Alliance"},"caid":71,"position":0,"gender":"1","comparisonData":{"totalVotes":35,"votesTotalChange":-30},"edid":4,"comparativeIndex":0.0,"electionDayVotesPercent":0.4,"nominatorAbbr":{"fi":"VAS","sv":"VF","en":"LEFT"}},{"age":26,"advanceVotesPercent":0.0,"lastname":"Mieskoski","occupation":"luokanopettaja","advanceVotes":0,"npid":6,"totalVotes":5,"spid":4,"abbr":"SDP","municipalCouncilor":false,"muid":50,"alid":6,"firstname":"Kimmo","electionDayVotes":5,"pid":"1","finalPosition":0,"electedInformation":"ON_SUBSTITUTE_PLACE","totalVotesPercent":0.7,"nominatorName":{"fi":"Suomen Sosialidemokraattinen Puolue","sv":"Finlands Socialdemokratiska Parti","en":"The Finnish Social Democratic Party"},"caid":93,"position":0,"gender":"1","comparisonData":{"totalVotes":0,"votesTotalChange":5},"edid":4,"comparativeIndex":0.0,"electionDayVotesPercent":1.0,"nominatorAbbr":{"fi":"SDP","sv":"SDP","en":"SDP"}},{"age":62,"advanceVotesPercent":1.1,"lastname":"Paavilainen","occupation":"CNC sorvaaja","advanceVotes":3,"npid":6,"totalVotes":5,"spid":4,"abbr":"SDP","municipalCouncilor":true,"muid":50,"alid":6,"firstname":"Hannu","electionDayVotes":2,"pid":"1","finalPosition":0,"electedInformation":"ELECTED","totalVotesPercent":0.7,"nominatorName":{"fi":"Suomen Sosialidemokraattinen Puolue","sv":"Finlands Socialdemokratiska Parti","en":"The Finnish Social Democratic Party"},"caid":97,"position":0,"gender":"1","comparisonData":{"totalVotes":63,"votesTotalChange":-58},"edid":4,"comparativeIndex":0.0,"electionDayVotesPercent":0.4,"nominatorAbbr":{"fi":"SDP","sv":"SDP","en":"SDP"}},{"age":42,"advanceVotesPercent":0.4,"lastname":"Jaakkola","occupation":"maanviljelijä","advanceVotes":1,"npid":8,"totalVotes":5,"spid":2,"abbr":"KOK","municipalCouncilor":false,"muid":50,"alid":8,"firstname":"Juha","electionDayVotes":4,"pid":"4","finalPosition":0,"electedInformation":"NOT_ELECTED","totalVotesPercent":0.7,"nominatorName":{"fi":"Kansallinen Kokoomus","sv":"Samlingspartiet","en":"National Coalition Party"},"caid":114,"position":0,"gender":"1","comparisonData":{"totalVotes":19,"votesTotalChange":-14},"edid":4,"comparativeIndex":0.0,"electionDayVotesPercent":0.8,"nominatorAbbr":{"fi":"KOK","sv":"Saml","en":"NCP"}},{"age":28,"advanceVotesPercent":0.4,"lastname":"Suvanto","occupation":"VTM, kunnanvaltuutettu","advanceVotes":1,"npid":2,"totalVotes":4,"spid":3,"abbr":"PS","municipalCouncilor":false,"muid":50,"alid":2,"firstname":"Vesa","electionDayVotes":3,"pid":"23","finalPosition":0,"electedInformation":"ELECTED","totalVotesPercent":0.5,"nominatorName":{"fi":"Perussuomalaiset","sv":"Sannfinländarna","en":"The Finns Party"},"caid":12,"position":0,"gender":"1","comparisonData":{"totalVotes":93,"votesTotalChange":-89},"edid":4,"comparativeIndex":0.0,"electionDayVotesPercent":0.6,"nominatorAbbr":{"fi":"PS","sv":"Sannf","en":"FINNS"}},{"age":54,"advanceVotesPercent":0.0,"lastname":"Mäkinen","occupation":"yrittäjä, diplomi--insinööri","advanceVotes":0,"npid":3,"totalVotes":4,"spid":8,"abbr":"KD","municipalCouncilor":false,"muid":50,"alid":3,"firstname":"Jukka","electionDayVotes":4,"pid":"9","finalPosition":0,"electedInformation":"NOT_ELECTED","totalVotesPercent":0.5,"nominatorName":{"fi":"Suomen Kristillisdemokraatit (KD)","sv":"Kristdemokraterna i Finland (KD)","en":"Christian Democrats in Finland"},"caid":17,"position":0,"gender":"1","comparisonData":{"totalVotes":0,"votesTotalChange":4},"edid":4,"comparativeIndex":0.0,"electionDayVotesPercent":0.8,"nominatorAbbr":{"fi":"KD","sv":"KD","en":"CD"}},{"age":43,"advanceVotesPercent":0.4,"lastname":"Sirén","occupation":"terveyskeskuslääkäri","advanceVotes":1,"npid":1,"totalVotes":3,"spid":5,"abbr":"VIHR","municipalCouncilor":false,"muid":50,"alid":1,"firstname":"Tami","electionDayVotes":2,"pid":"13","finalPosition":0,"electedInformation":"NOT_ELECTED","totalVotesPercent":0.4,"nominatorName":{"fi":"Vihreä liitto","sv":"Gröna förbundet","en":"Green League"},"caid":4,"position":0,"gender":"1","comparisonData":{"totalVotes":0,"votesTotalChange":3},"edid":4,"comparativeIndex":0.0,"electionDayVotesPercent":0.4,"nominatorAbbr":{"fi":"VIHR","sv":"Gröna","en":"GREEN"}},{"age":48,"advanceVotesPercent":0.0,"lastname":"Mäkitalo","occupation":"maatalousyrittäjä","advanceVotes":0,"npid":4,"totalVotes":3,"spid":1,"abbr":"KESK","municipalCouncilor":true,"muid":50,"alid":4,"firstname":"Esa","electionDayVotes":3,"pid":"2","finalPosition":0,"electedInformation":"ELECTED","totalVotesPercent":0.4,"nominatorName":{"fi":"Suomen Keskusta","sv":"Centern i Finland","en":"Centre Party of Finland"},"caid":46,"position":0,"gender":"1","comparisonData":{"totalVotes":63,"votesTotalChange":-60},"edid":4,"comparativeIndex":0.0,"electionDayVotesPercent":0.6,"nominatorAbbr":{"fi":"KESK","sv":"C","en":"CENT"}},{"age":29,"advanceVotesPercent":0.0,"lastname":"Riitinki","occupation":"autonkuljettaja","advanceVotes":0,"npid":5,"totalVotes":3,"spid":6,"abbr":"VAS","municipalCouncilor":false,"muid":50,"alid":5,"firstname":"Rami","electionDayVotes":3,"pid":"15","finalPosition":0,"electedInformation":"NOT_ELECTED","totalVotesPercent":0.4,"nominatorName":{"fi":"Vasemmistoliitto","sv":"Vänsterförbundet","en":"The Left Alliance"},"caid":72,"position":0,"gender":"1","comparisonData":{"totalVotes":0,"votesTotalChange":3},"edid":4,"comparativeIndex":0.0,"electionDayVotesPercent":0.6,"nominatorAbbr":{"fi":"VAS","sv":"VF","en":"LEFT"}},{"age":53,"advanceVotesPercent":0.0,"lastname":"Rostedt","occupation":"kodinhoitaja","advanceVotes":0,"npid":5,"totalVotes":3,"spid":6,"abbr":"VAS","municipalCouncilor":false,"muid":50,"alid":5,"firstname":"Sirpa","electionDayVotes":3,"pid":"15","finalPosition":0,"electedInformation":"ON_SUBSTITUTE_PLACE","totalVotesPercent":0.4,"nominatorName":{"fi":"Vasemmistoliitto","sv":"Vänsterförbundet","en":"The Left Alliance"},"caid":73,"position":0,"gender":"2","comparisonData":{"totalVotes":45,"votesTotalChange":-42},"edid":4,"comparativeIndex":0.0,"electionDayVotesPercent":0.6,"nominatorAbbr":{"fi":"VAS","sv":"VF","en":"LEFT"}},{"age":64,"advanceVotesPercent":0.4,"lastname":"Arvola","occupation":"eläkeläinen, autonkuljettaja","advanceVotes":1,"npid":6,"totalVotes":3,"spid":4,"abbr":"SDP","municipalCouncilor":true,"muid":50,"alid":6,"firstname":"Hannu","electionDayVotes":2,"pid":"1","finalPosition":0,"electedInformation":"ELECTED","totalVotesPercent":0.4,"nominatorName":{"fi":"Suomen Sosialidemokraattinen Puolue","sv":"Finlands Socialdemokratiska Parti","en":"The Finnish Social Democratic Party"},"caid":78,"position":0,"gender":"1","comparisonData":{"totalVotes":94,"votesTotalChange":-91},"edid":4,"comparativeIndex":0.0,"electionDayVotesPercent":0.4,"nominatorAbbr":{"fi":"SDP","sv":"SDP","en":"SDP"}},{"age":60,"advanceVotesPercent":0.8,"lastname":"Koivumäki","occupation":"eläkeläinen","advanceVotes":2,"npid":6,"totalVotes":3,"spid":4,"abbr":"SDP","municipalCouncilor":false,"muid":50,"alid":6,"firstname":"Tarmo","electionDayVotes":1,"pid":"1","finalPosition":0,"electedInformation":"ON_SUBSTITUTE_PLACE","totalVotesPercent":0.4,"nominatorName":{"fi":"Suomen Sosialidemokraattinen Puolue","sv":"Finlands Socialdemokratiska Parti","en":"The Finnish Social Democratic Party"},"caid":88,"position":0,"gender":"1","comparisonData":{"totalVotes":21,"votesTotalChange":-18},"edid":4,"comparativeIndex":0.0,"electionDayVotesPercent":0.2,"nominatorAbbr":{"fi":"SDP","sv":"SDP","en":"SDP"}},{"age":53,"advanceVotesPercent":0.4,"lastname":"Lehtonen","occupation":"KM, rehtori","advanceVotes":1,"npid":6,"totalVotes":3,"spid":4,"abbr":"SDP","municipalCouncilor":true,"muid":50,"alid":6,"firstname":"Harri","electionDayVotes":2,"pid":"1","finalPosition":0,"electedInformation":"ELECTED","totalVotesPercent":0.4,"nominatorName":{"fi":"Suomen Sosialidemokraattinen Puolue","sv":"Finlands Socialdemokratiska Parti","en":"The Finnish Social Democratic Party"},"caid":90,"position":0,"gender":"1","comparisonData":{"totalVotes":351,"votesTotalChange":-348},"edid":4,"comparativeIndex":0.0,"electionDayVotesPercent":0.4,"nominatorAbbr":{"fi":"SDP","sv":"SDP","en":"SDP"}},{"age":59,"advanceVotesPercent":1.1,"lastname":"Nurminen","occupation":"aluepalomestari","advanceVotes":3,"npid":6,"totalVotes":3,"spid":4,"abbr":"SDP","municipalCouncilor":false,"muid":50,"alid":6,"firstname":"Timo","electionDayVotes":0,"pid":"1","finalPosition":0,"electedInformation":"ON_SUBSTITUTE_PLACE","totalVotesPercent":0.4,"nominatorName":{"fi":"Suomen Sosialidemokraattinen Puolue","sv":"Finlands Socialdemokratiska Parti","en":"The Finnish Social Democratic Party"},"caid":96,"position":0,"gender":"1","comparisonData":{"totalVotes":0,"votesTotalChange":3},"edid":4,"comparativeIndex":0.0,"electionDayVotesPercent":0.0,"nominatorAbbr":{"fi":"SDP","sv":"SDP","en":"SDP"}},{"age":51,"advanceVotesPercent":0.4,"lastname":"Kangas-Männistö","occupation":"restonomi (AMK), ratsastuksenohjaaja","advanceVotes":1,"npid":8,"totalVotes":3,"spid":2,"abbr":"KOK","municipalCouncilor":false,"muid":50,"alid":8,"firstname":"Tupuna","electionDayVotes":2,"pid":"4","finalPosition":0,"electedInformation":"NOT_ELECTED","totalVotesPercent":0.4,"nominatorName":{"fi":"Kansallinen Kokoomus","sv":"Samlingspartiet","en":"National Coalition Party"},"caid":115,"position":0,"gender":"2","comparisonData":{"totalVotes":0,"votesTotalChange":3},"edid":4,"comparativeIndex":0.0,"electionDayVotesPercent":0.4,"nominatorAbbr":{"fi":"KOK","sv":"Saml","en":"NCP"}},{"age":65,"advanceVotesPercent":0.4,"lastname":"Kemppainen","occupation":"kirkkoherra","advanceVotes":1,"npid":8,"totalVotes":3,"spid":2,"abbr":"KOK","municipalCouncilor":true,"muid":50,"alid":8,"firstname":"Jukka","electionDayVotes":2,"pid":"4","finalPosition":0,"electedInformation":"ELECTED","totalVotesPercent":0.4,"nominatorName":{"fi":"Kansallinen Kokoomus","sv":"Samlingspartiet","en":"National Coalition Party"},"caid":117,"position":0,"gender":"1","comparisonData":{"totalVotes":64,"votesTotalChange":-61},"edid":4,"comparativeIndex":0.0,"electionDayVotesPercent":0.4,"nominatorAbbr":{"fi":"KOK","sv":"Saml","en":"NCP"}},{"age":37,"advanceVotesPercent":0.0,"lastname":"Sirén","occupation":"kotiäiti, pientilallinen","advanceVotes":0,"npid":1,"totalVotes":2,"spid":5,"abbr":"VIHR","municipalCouncilor":false,"muid":50,"alid":1,"firstname":"Erja","electionDayVotes":2,"pid":"13","finalPosition":0,"electedInformation":"NOT_ELECTED","totalVotesPercent":0.3,"nominatorName":{"fi":"Vihreä liitto","sv":"Gröna förbundet","en":"Green League"},"caid":3,"position":0,"gender":"2","comparisonData":{"totalVotes":0,"votesTotalChange":2},"edid":4,"comparativeIndex":0.0,"electionDayVotesPercent":0.4,"nominatorAbbr":{"fi":"VIHR","sv":"Gröna","en":"GREEN"}},{"age":36,"advanceVotesPercent":0.4,"lastname":"Haataja","occupation":"autonkuljettaja","advanceVotes":1,"npid":2,"totalVotes":2,"spid":3,"abbr":"PS","municipalCouncilor":false,"muid":50,"alid":2,"firstname":"Jani","electionDayVotes":1,"pid":"23","finalPosition":0,"electedInformation":"NOT_ELECTED","totalVotesPercent":0.3,"nominatorName":{"fi":"Perussuomalaiset","sv":"Sannfinländarna","en":"The Finns Party"},"caid":5,"position":0,"gender":"1","comparisonData":{"totalVotes":0,"votesTotalChange":2},"edid":4,"comparativeIndex":0.0,"electionDayVotesPercent":0.2,"nominatorAbbr":{"fi":"PS","sv":"Sannf","en":"FINNS"}},{"age":41,"advanceVotesPercent":0.0,"lastname":"Junnila","occupation":"taksinkuljettaja","advanceVotes":0,"npid":2,"totalVotes":2,"spid":3,"abbr":"PS","municipalCouncilor":false,"muid":50,"alid":2,"firstname":"Vesa-Matti","electionDayVotes":2,"pid":"23","finalPosition":0,"electedInformation":"ELECTED","totalVotesPercent":0.3,"nominatorName":{"fi":"Perussuomalaiset","sv":"Sannfinländarna","en":"The Finns Party"},"caid":6,"position":0,"gender":"1","comparisonData":{"totalVotes":0,"votesTotalChange":2},"edid":4,"comparativeIndex":0.0,"electionDayVotesPercent":0.4,"nominatorAbbr":{"fi":"PS","sv":"Sannf","en":"FINNS"}},{"age":33,"advanceVotesPercent":0.0,"lastname":"Nurminen","occupation":"myyjä","advanceVotes":0,"npid":2,"totalVotes":2,"spid":3,"abbr":"PS","municipalCouncilor":false,"muid":50,"alid":2,"firstname":"Nelli","electionDayVotes":2,"pid":"23","finalPosition":0,"electedInformation":"ON_SUBSTITUTE_PLACE","totalVotesPercent":0.3,"nominatorName":{"fi":"Perussuomalaiset","sv":"Sannfinländarna","en":"The Finns Party"},"caid":10,"position":0,"gender":"2","comparisonData":{"totalVotes":0,"votesTotalChange":2},"edid":4,"comparativeIndex":0.0,"electionDayVotesPercent":0.4,"nominatorAbbr":{"fi":"PS","sv":"Sannf","en":"FINNS"}},{"age":47,"advanceVotesPercent":0.4,"lastname":"Helin","occupation":"riistamestari, yrittäjä","advanceVotes":1,"npid":4,"totalVotes":2,"spid":1,"abbr":"KESK","municipalCouncilor":false,"muid":50,"alid":4,"firstname":"Rauli","electionDayVotes":1,"pid":"2","finalPosition":0,"electedInformation":"NOT_ELECTED","totalVotesPercent":0.3,"nominatorName":{"fi":"Suomen Keskusta","sv":"Centern i Finland","en":"Centre Party of Finland"},"caid":24,"position":0,"gender":"1","comparisonData":{"totalVotes":0,"votesTotalChange":2},"edid":4,"comparativeIndex":0.0,"electionDayVotesPercent":0.2,"nominatorAbbr":{"fi":"KESK","sv":"C","en":"CENT"}},{"age":35,"advanceVotesPercent":0.0,"lastname":"Keränen","occupation":"yrittäjä, kirvesmies","advanceVotes":0,"npid":4,"totalVotes":2,"spid":1,"abbr":"KESK","municipalCouncilor":false,"muid":50,"alid":4,"firstname":"Tapani","electionDayVotes":2,"pid":"2","finalPosition":0,"electedInformation":"ON_SUBSTITUTE_PLACE","totalVotesPercent":0.3,"nominatorName":{"fi":"Suomen Keskusta","sv":"Centern i Finland","en":"Centre Party of Finland"},"caid":34,"position":0,"gender":"1","comparisonData":{"totalVotes":0,"votesTotalChange":2},"edid":4,"comparativeIndex":0.0,"electionDayVotesPercent":0.4,"nominatorAbbr":{"fi":"KESK","sv":"C","en":"CENT"}},{"age":62,"advanceVotesPercent":0.4,"lastname":"Mattila","occupation":"metsäpalveluesimies","advanceVotes":1,"npid":4,"totalVotes":2,"spid":1,"abbr":"KESK","municipalCouncilor":false,"muid":50,"alid":4,"firstname":"Jukka","electionDayVotes":1,"pid":"2","finalPosition":0,"electedInformation":"NOT_ELECTED","totalVotesPercent":0.3,"nominatorName":{"fi":"Suomen Keskusta","sv":"Centern i Finland","en":"Centre Party of Finland"},"caid":44,"position":0,"gender":"1","comparisonData":{"totalVotes":9,"votesTotalChange":-7},"edid":4,"comparativeIndex":0.0,"electionDayVotesPercent":0.2,"nominatorAbbr":{"fi":"KESK","sv":"C","en":"CENT"}},{"age":59,"advanceVotesPercent":0.0,"lastname":"Kuusisto","occupation":"aikuiskoulutuksen opettaja, terveydenhoitaja","advanceVotes":0,"npid":5,"totalVotes":2,"spid":6,"abbr":"VAS","municipalCouncilor":false,"muid":50,"alid":5,"firstname":"Eija","electionDayVotes":2,"pid":"15","finalPosition":0,"electedInformation":"ON_SUBSTITUTE_PLACE","totalVotesPercent":0.3,"nominatorName":{"fi":"Vasemmistoliitto","sv":"Vänsterförbundet","en":"The Left Alliance"},"caid":64,"position":0,"gender":"2","comparisonData":{"totalVotes":50,"votesTotalChange":-48},"edid":4,"comparativeIndex":0.0,"electionDayVotesPercent":0.4,"nominatorAbbr":{"fi":"VAS","sv":"VF","en":"LEFT"}},{"age":61,"advanceVotesPercent":0.0,"lastname":"Helander-Nieminen","occupation":"kehitysvammahuollon ohjaaja, yrittäjä","advanceVotes":0,"npid":6,"totalVotes":2,"spid":4,"abbr":"SDP","municipalCouncilor":true,"muid":50,"alid":6,"firstname":"Eija","electionDayVotes":2,"pid":"1","finalPosition":0,"electedInformation":"ELECTED","totalVotesPercent":0.3,"nominatorName":{"fi":"Suomen Sosialidemokraattinen Puolue","sv":"Finlands Socialdemokratiska Parti","en":"The Finnish Social Democratic Party"},"caid":82,"position":0,"gender":"2","comparisonData":{"totalVotes":98,"votesTotalChange":-96},"edid":4,"comparativeIndex":0.0,"electionDayVotesPercent":0.4,"nominatorAbbr":{"fi":"SDP","sv":"SDP","en":"SDP"}},{"age":43,"advanceVotesPercent":0.0,"lastname":"Paavilainen","occupation":"putkiasentaja","advanceVotes":0,"npid":6,"totalVotes":2,"spid":4,"abbr":"SDP","municipalCouncilor":false,"muid":50,"alid":6,"firstname":"Sami","electionDayVotes":2,"pid":"1","finalPosition":0,"electedInformation":"ON_SUBSTITUTE_PLACE","totalVotesPercent":0.3,"nominatorName":{"fi":"Suomen Sosialidemokraattinen Puolue","sv":"Finlands Socialdemokratiska Parti","en":"The Finnish Social Democratic Party"},"caid":98,"position":0,"gender":"1","comparisonData":{"totalVotes":0,"votesTotalChange":2},"edid":4,"comparativeIndex":0.0,"electionDayVotesPercent":0.4,"nominatorAbbr":{"fi":"SDP","sv":"SDP","en":"SDP"}},{"age":56,"advanceVotesPercent":0.4,"lastname":"Virta","occupation":"pääluottamusmies","advanceVotes":1,"npid":6,"totalVotes":2,"spid":4,"abbr":"SDP","municipalCouncilor":true,"muid":50,"alid":6,"firstname":"Jukka","electionDayVotes":1,"pid":"1","finalPosition":0,"electedInformation":"ELECTED","totalVotesPercent":0.3,"nominatorName":{"fi":"Suomen Sosialidemokraattinen Puolue","sv":"Finlands Socialdemokratiska Parti","en":"The Finnish Social Democratic Party"},"caid":109,"position":0,"gender":"1","comparisonData":{"totalVotes":143,"votesTotalChange":-141},"edid":4,"comparativeIndex":0.0,"electionDayVotesPercent":0.2,"nominatorAbbr":{"fi":"SDP","sv":"SDP","en":"SDP"}},{"age":69,"advanceVotesPercent":0.4,"lastname":"Kulonen","occupation":"fysioterapeutti, eläkeläinen","advanceVotes":1,"npid":8,"totalVotes":2,"spid":2,"abbr":"KOK","municipalCouncilor":false,"muid":50,"alid":8,"firstname":"Raija","electionDayVotes":1,"pid":"4","finalPosition":0,"electedInformation":"NOT_ELECTED","totalVotesPercent":0.3,"nominatorName":{"fi":"Kansallinen Kokoomus","sv":"Samlingspartiet","en":"National Coalition Party"},"caid":119,"position":0,"gender":"2","comparisonData":{"totalVotes":0,"votesTotalChange":2},"edid":4,"comparativeIndex":0.0,"electionDayVotesPercent":0.2,"nominatorAbbr":{"fi":"KOK","sv":"Saml","en":"NCP"}},{"age":58,"advanceVotesPercent":0.0,"lastname":"Lintusalo","occupation":"yrittäjä","advanceVotes":0,"npid":8,"totalVotes":2,"spid":2,"abbr":"KOK","municipalCouncilor":false,"muid":50,"alid":8,"firstname":"Pirjo","electionDayVotes":2,"pid":"4","finalPosition":0,"electedInformation":"ON_SUBSTITUTE_PLACE","totalVotesPercent":0.3,"nominatorName":{"fi":"Kansallinen Kokoomus","sv":"Samlingspartiet","en":"National Coalition Party"},"caid":120,"position":0,"gender":"2","comparisonData":{"totalVotes":0,"votesTotalChange":2},"edid":4,"comparativeIndex":0.0,"electionDayVotesPercent":0.4,"nominatorAbbr":{"fi":"KOK","sv":"Saml","en":"NCP"}},{"age":69,"advanceVotesPercent":0.0,"lastname":"Haukioja","occupation":"metsänhoitaja, eläkeläinen","advanceVotes":0,"npid":1,"totalVotes":1,"spid":5,"abbr":"VIHR","municipalCouncilor":false,"muid":50,"alid":1,"firstname":"Markku","electionDayVotes":1,"pid":"13","finalPosition":0,"electedInformation":"NOT_ELECTED","totalVotesPercent":0.1,"nominatorName":{"fi":"Vihreä liitto","sv":"Gröna förbundet","en":"Green League"},"caid":2,"position":0,"gender":"1","comparisonData":{"totalVotes":0,"votesTotalChange":1},"edid":4,"comparativeIndex":0.0,"electionDayVotesPercent":0.2,"nominatorAbbr":{"fi":"VIHR","sv":"Gröna","en":"GREEN"}},{"age":35,"advanceVotesPercent":0.4,"lastname":"Leino","occupation":"rakennusinsinööri","advanceVotes":1,"npid":2,"totalVotes":1,"spid":3,"abbr":"PS","municipalCouncilor":false,"muid":50,"alid":2,"firstname":"Mikko","electionDayVotes":0,"pid":"23","finalPosition":0,"electedInformation":"ON_SUBSTITUTE_PLACE","totalVotesPercent":0.1,"nominatorName":{"fi":"Perussuomalaiset","sv":"Sannfinländarna","en":"The Finns Party"},"caid":7,"position":0,"gender":"1","comparisonData":{"totalVotes":0,"votesTotalChange":1},"edid":4,"comparativeIndex":0.0,"electionDayVotesPercent":0.0,"nominatorAbbr":{"fi":"PS","sv":"Sannf","en":"FINNS"}},{"age":20,"advanceVotesPercent":0.0,"lastname":"Vatja","occupation":"autonasentaja","advanceVotes":0,"npid":2,"totalVotes":1,"spid":3,"abbr":"PS","municipalCouncilor":false,"muid":50,"alid":2,"firstname":"Niilo","electionDayVotes":1,"pid":"23","finalPosition":0,"electedInformation":"NOT_ELECTED","totalVotesPercent":0.1,"nominatorName":{"fi":"Perussuomalaiset","sv":"Sannfinländarna","en":"The Finns Party"},"caid":13,"position":0,"gender":"1","comparisonData":{"totalVotes":0,"votesTotalChange":1},"edid":4,"comparativeIndex":0.0,"electionDayVotesPercent":0.2,"nominatorAbbr":{"fi":"PS","sv":"Sannf","en":"FINNS"}},{"age":71,"advanceVotesPercent":0.0,"lastname":"Leino","occupation":"yrittäjä, muusikko","advanceVotes":0,"npid":3,"totalVotes":1,"spid":8,"abbr":"KD","municipalCouncilor":false,"muid":50,"alid":3,"firstname":"Asko","electionDayVotes":1,"pid":"9","finalPosition":0,"electedInformation":"NOT_ELECTED","totalVotesPercent":0.1,"nominatorName":{"fi":"Suomen Kristillisdemokraatit (KD)","sv":"Kristdemokraterna i Finland (KD)","en":"Christian Democrats in Finland"},"caid":16,"position":0,"gender":"1","comparisonData":{"totalVotes":0,"votesTotalChange":1},"edid":4,"comparativeIndex":0.0,"electionDayVotesPercent":0.2,"nominatorAbbr":{"fi":"KD","sv":"KD","en":"CD"}},{"age":28,"advanceVotesPercent":0.4,"lastname":"Eskola","occupation":"yhdistelmäajoneuvon kuljettaja","advanceVotes":1,"npid":4,"totalVotes":1,"spid":1,"abbr":"KESK","municipalCouncilor":false,"muid":50,"alid":4,"firstname":"Jani","electionDayVotes":0,"pid":"2","finalPosition":0,"electedInformation":"NOT_ELECTED","totalVotesPercent":0.1,"nominatorName":{"fi":"Suomen Keskusta","sv":"Centern i Finland","en":"Centre Party of Finland"},"caid":19,"position":0,"gender":"1","comparisonData":{"totalVotes":0,"votesTotalChange":1},"edid":4,"comparativeIndex":0.0,"electionDayVotesPercent":0.0,"nominatorAbbr":{"fi":"KESK","sv":"C","en":"CENT"}},{"age":32,"advanceVotesPercent":0.0,"lastname":"Halminen","occupation":"terveydenhoitaja","advanceVotes":0,"npid":4,"totalVotes":1,"spid":1,"abbr":"KESK","municipalCouncilor":false,"muid":50,"alid":4,"firstname":"Mirja","electionDayVotes":1,"pid":"2","finalPosition":0,"electedInformation":"ELECTED","totalVotesPercent":0.1,"nominatorName":{"fi":"Suomen Keskusta","sv":"Centern i Finland","en":"Centre Party of Finland"},"caid":21,"position":0,"gender":"2","comparisonData":{"totalVotes":0,"votesTotalChange":1},"edid":4,"comparativeIndex":0.0,"electionDayVotesPercent":0.2,"nominatorAbbr":{"fi":"KESK","sv":"C","en":"CENT"}},{"age":56,"advanceVotesPercent":0.0,"lastname":"Jokitalo","occupation":"kanttori, varhaislehdenjakaja","advanceVotes":0,"npid":4,"totalVotes":1,"spid":1,"abbr":"KESK","municipalCouncilor":false,"muid":50,"alid":4,"firstname":"Pekka","electionDayVotes":1,"pid":"2","finalPosition":0,"electedInformation":"NOT_ELECTED","totalVotesPercent":0.1,"nominatorName":{"fi":"Suomen Keskusta","sv":"Centern i Finland","en":"Centre Party of Finland"},"caid":27,"position":0,"gender":"1","comparisonData":{"totalVotes":0,"votesTotalChange":1},"edid":4,"comparativeIndex":0.0,"electionDayVotesPercent":0.2,"nominatorAbbr":{"fi":"KESK","sv":"C","en":"CENT"}},{"age":22,"advanceVotesPercent":0.0,"lastname":"Juusela","occupation":"maatalous- ja metsätieteiden ylioppilas","advanceVotes":0,"npid":4,"totalVotes":1,"spid":1,"abbr":"KESK","municipalCouncilor":false,"muid":50,"alid":4,"firstname":"Kalle","electionDayVotes":1,"pid":"2","finalPosition":0,"electedInformation":"ON_SUBSTITUTE_PLACE","totalVotesPercent":0.1,"nominatorName":{"fi":"Suomen Keskusta","sv":"Centern i Finland","en":"Centre Party of Finland"},"caid":29,"position":0,"gender":"1","comparisonData":{"totalVotes":0,"votesTotalChange":1},"edid":4,"comparativeIndex":0.0,"electionDayVotesPercent":0.2,"nominatorAbbr":{"fi":"KESK","sv":"C","en":"CENT"}},{"age":40,"advanceVotesPercent":0.0,"lastname":"Lähteenmäki","occupation":"lähihoitaja","advanceVotes":0,"npid":4,"totalVotes":1,"spid":1,"abbr":"KESK","municipalCouncilor":false,"muid":50,"alid":4,"firstname":"Marjut","electionDayVotes":1,"pid":"2","finalPosition":0,"electedInformation":"NOT_ELECTED","totalVotesPercent":0.1,"nominatorName":{"fi":"Suomen Keskusta","sv":"Centern i Finland","en":"Centre Party of Finland"},"caid":41,"position":0,"gender":"2","comparisonData":{"totalVotes":25,"votesTotalChange":-24},"edid":4,"comparativeIndex":0.0,"electionDayVotesPercent":0.2,"nominatorAbbr":{"fi":"KESK","sv":"C","en":"CENT"}},{"age":66,"advanceVotesPercent":0.0,"lastname":"Marila","occupation":"eläkeläinen","advanceVotes":0,"npid":4,"totalVotes":1,"spid":1,"abbr":"KESK","municipalCouncilor":false,"muid":50,"alid":4,"firstname":"Erkki","electionDayVotes":1,"pid":"2","finalPosition":0,"electedInformation":"NOT_ELECTED","totalVotesPercent":0.1,"nominatorName":{"fi":"Suomen Keskusta","sv":"Centern i Finland","en":"Centre Party of Finland"},"caid":43,"position":0,"gender":"1","comparisonData":{"totalVotes":0,"votesTotalChange":1},"edid":4,"comparativeIndex":0.0,"electionDayVotesPercent":0.2,"nominatorAbbr":{"fi":"KESK","sv":"C","en":"CENT"}},{"age":74,"advanceVotesPercent":0.0,"lastname":"Szyrowski","occupation":"musiikinopettaja","advanceVotes":0,"npid":4,"totalVotes":1,"spid":1,"abbr":"KESK","municipalCouncilor":false,"muid":50,"alid":4,"firstname":"Roman","electionDayVotes":1,"pid":"2","finalPosition":0,"electedInformation":"NOT_ELECTED","totalVotesPercent":0.1,"nominatorName":{"fi":"Suomen Keskusta","sv":"Centern i Finland","en":"Centre Party of Finland"},"caid":53,"position":0,"gender":"1","comparisonData":{"totalVotes":13,"votesTotalChange":-12},"edid":4,"comparativeIndex":0.0,"electionDayVotesPercent":0.2,"nominatorAbbr":{"fi":"KESK","sv":"C","en":"CENT"}},{"age":55,"advanceVotesPercent":0.4,"lastname":"Hakala","occupation":"hitsaaja","advanceVotes":1,"npid":5,"totalVotes":1,"spid":6,"abbr":"VAS","municipalCouncilor":false,"muid":50,"alid":5,"firstname":"Ari","electionDayVotes":0,"pid":"15","finalPosition":0,"electedInformation":"NOT_ELECTED","totalVotesPercent":0.1,"nominatorName":{"fi":"Vasemmistoliitto","sv":"Vänsterförbundet","en":"The Left Alliance"},"caid":60,"position":0,"gender":"1","comparisonData":{"totalVotes":21,"votesTotalChange":-20},"edid":4,"comparativeIndex":0.0,"electionDayVotesPercent":0.0,"nominatorAbbr":{"fi":"VAS","sv":"VF","en":"LEFT"}},{"age":54,"advanceVotesPercent":0.0,"lastname":"Julin","occupation":"tehtaantyöntekijä","advanceVotes":0,"npid":5,"totalVotes":1,"spid":6,"abbr":"VAS","municipalCouncilor":false,"muid":50,"alid":5,"firstname":"Veikko","electionDayVotes":1,"pid":"15","finalPosition":0,"electedInformation":"ON_SUBSTITUTE_PLACE","totalVotesPercent":0.1,"nominatorName":{"fi":"Vasemmistoliitto","sv":"Vänsterförbundet","en":"The Left Alliance"},"caid":61,"position":0,"gender":"1","comparisonData":{"totalVotes":37,"votesTotalChange":-36},"edid":4,"comparativeIndex":0.0,"electionDayVotesPercent":0.2,"nominatorAbbr":{"fi":"VAS","sv":"VF","en":"LEFT"}},{"age":60,"advanceVotesPercent":0.0,"lastname":"Korhonen","occupation":"maalari, pääluottamusmies","advanceVotes":0,"npid":5,"totalVotes":1,"spid":6,"abbr":"VAS","municipalCouncilor":true,"muid":50,"alid":5,"firstname":"Esko","electionDayVotes":1,"pid":"15","finalPosition":0,"electedInformation":"ELECTED","totalVotesPercent":0.1,"nominatorName":{"fi":"Vasemmistoliitto","sv":"Vänsterförbundet","en":"The Left Alliance"},"caid":63,"position":0,"gender":"1","comparisonData":{"totalVotes":87,"votesTotalChange":-86},"edid":4,"comparativeIndex":0.0,"electionDayVotesPercent":0.2,"nominatorAbbr":{"fi":"VAS","sv":"VF","en":"LEFT"}},{"age":51,"advanceVotesPercent":0.0,"lastname":"Niemi","occupation":"sosiaalityöntekijä","advanceVotes":0,"npid":5,"totalVotes":1,"spid":6,"abbr":"VAS","municipalCouncilor":false,"muid":50,"alid":5,"firstname":"Johanna","electionDayVotes":1,"pid":"15","finalPosition":0,"electedInformation":"NOT_ELECTED","totalVotesPercent":0.1,"nominatorName":{"fi":"Vasemmistoliitto","sv":"Vänsterförbundet","en":"The Left Alliance"},"caid":69,"position":0,"gender":"2","comparisonData":{"totalVotes":13,"votesTotalChange":-12},"edid":4,"comparativeIndex":0.0,"electionDayVotesPercent":0.2,"nominatorAbbr":{"fi":"VAS","sv":"VF","en":"LEFT"}},{"age":40,"advanceVotesPercent":0.0,"lastname":"Ojala","occupation":"perhepäivähoitaja","advanceVotes":0,"npid":5,"totalVotes":1,"spid":6,"abbr":"VAS","municipalCouncilor":false,"muid":50,"alid":5,"firstname":"Sariella","electionDayVotes":1,"pid":"15","finalPosition":0,"electedInformation":"ON_SUBSTITUTE_PLACE","totalVotesPercent":0.1,"nominatorName":{"fi":"Vasemmistoliitto","sv":"Vänsterförbundet","en":"The Left Alliance"},"caid":70,"position":0,"gender":"2","comparisonData":{"totalVotes":0,"votesTotalChange":1},"edid":4,"comparativeIndex":0.0,"electionDayVotesPercent":0.2,"nominatorAbbr":{"fi":"VAS","sv":"VF","en":"LEFT"}},{"age":78,"advanceVotesPercent":0.4,"lastname":"Friman","occupation":"eläkeläinen","advanceVotes":1,"npid":6,"totalVotes":1,"spid":4,"abbr":"SDP","municipalCouncilor":false,"muid":50,"alid":6,"firstname":"Raija","electionDayVotes":0,"pid":"1","finalPosition":0,"electedInformation":"NOT_ELECTED","totalVotesPercent":0.1,"nominatorName":{"fi":"Suomen Sosialidemokraattinen Puolue","sv":"Finlands Socialdemokratiska Parti","en":"The Finnish Social Democratic Party"},"caid":79,"position":0,"gender":"2","comparisonData":{"totalVotes":37,"votesTotalChange":-36},"edid":4,"comparativeIndex":0.0,"electionDayVotesPercent":0.0,"nominatorAbbr":{"fi":"SDP","sv":"SDP","en":"SDP"}},{"age":27,"advanceVotesPercent":0.0,"lastname":"Häkkinen","occupation":"opiskelija","advanceVotes":0,"npid":6,"totalVotes":1,"spid":4,"abbr":"SDP","municipalCouncilor":false,"muid":50,"alid":6,"firstname":"Niko","electionDayVotes":1,"pid":"1","finalPosition":0,"electedInformation":"NOT_ELECTED","totalVotesPercent":0.1,"nominatorName":{"fi":"Suomen Sosialidemokraattinen Puolue","sv":"Finlands Socialdemokratiska Parti","en":"The Finnish Social Democratic Party"},"caid":85,"position":0,"gender":"1","comparisonData":{"totalVotes":0,"votesTotalChange":1},"edid":4,"comparativeIndex":0.0,"electionDayVotesPercent":0.2,"nominatorAbbr":{"fi":"SDP","sv":"SDP","en":"SDP"}},{"age":66,"advanceVotesPercent":0.4,"lastname":"Ilomäki","occupation":"vartija, eläkeläinen","advanceVotes":1,"npid":6,"totalVotes":1,"spid":4,"abbr":"SDP","municipalCouncilor":false,"muid":50,"alid":6,"firstname":"Seija","electionDayVotes":0,"pid":"1","finalPosition":0,"electedInformation":"NOT_ELECTED","totalVotesPercent":0.1,"nominatorName":{"fi":"Suomen Sosialidemokraattinen Puolue","sv":"Finlands Socialdemokratiska Parti","en":"The Finnish Social Democratic Party"},"caid":86,"position":0,"gender":"2","comparisonData":{"totalVotes":49,"votesTotalChange":-48},"edid":4,"comparativeIndex":0.0,"electionDayVotesPercent":0.0,"nominatorAbbr":{"fi":"SDP","sv":"SDP","en":"SDP"}},{"age":40,"advanceVotesPercent":0.4,"lastname":"Kunnas","occupation":"yrittäjä, äiti","advanceVotes":1,"npid":6,"totalVotes":1,"spid":4,"abbr":"SDP","municipalCouncilor":false,"muid":50,"alid":6,"firstname":"Susanna","electionDayVotes":0,"pid":"1","finalPosition":0,"electedInformation":"ELECTED","totalVotesPercent":0.1,"nominatorName":{"fi":"Suomen Sosialidemokraattinen Puolue","sv":"Finlands Socialdemokratiska Parti","en":"The Finnish Social Democratic Party"},"caid":89,"position":0,"gender":"2","comparisonData":{"totalVotes":0,"votesTotalChange":1},"edid":4,"comparativeIndex":0.0,"electionDayVotesPercent":0.0,"nominatorAbbr":{"fi":"SDP","sv":"SDP","en":"SDP"}},{"age":57,"advanceVotesPercent":0.4,"lastname":"Mattila","occupation":"KM, rehtori","advanceVotes":1,"npid":6,"totalVotes":1,"spid":4,"abbr":"SDP","municipalCouncilor":false,"muid":50,"alid":6,"firstname":"Aimo","electionDayVotes":0,"pid":"1","finalPosition":0,"electedInformation":"ON_SUBSTITUTE_PLACE","totalVotesPercent":0.1,"nominatorName":{"fi":"Suomen Sosialidemokraattinen Puolue","sv":"Finlands Socialdemokratiska Parti","en":"The Finnish Social Democratic Party"},"caid":92,"position":0,"gender":"1","comparisonData":{"totalVotes":48,"votesTotalChange":-47},"edid":4,"comparativeIndex":0.0,"electionDayVotesPercent":0.0,"nominatorAbbr":{"fi":"SDP","sv":"SDP","en":"SDP"}},{"age":61,"advanceVotesPercent":0.4,"lastname":"Satola","occupation":"keittäjä-emäntä","advanceVotes":1,"npid":6,"totalVotes":1,"spid":4,"abbr":"SDP","municipalCouncilor":false,"muid":50,"alid":6,"firstname":"Sirpa","electionDayVotes":0,"pid":"1","finalPosition":0,"electedInformation":"NOT_ELECTED","totalVotesPercent":0.1,"nominatorName":{"fi":"Suomen Sosialidemokraattinen Puolue","sv":"Finlands Socialdemokratiska Parti","en":"The Finnish Social Democratic Party"},"caid":103,"position":0,"gender":"2","comparisonData":{"totalVotes":18,"votesTotalChange":-17},"edid":4,"comparativeIndex":0.0,"electionDayVotesPercent":0.0,"nominatorAbbr":{"fi":"SDP","sv":"SDP","en":"SDP"}},{"age":48,"advanceVotesPercent":0.0,"lastname":"Setälä","occupation":"työnjohtaja","advanceVotes":0,"npid":6,"totalVotes":1,"spid":4,"abbr":"SDP","municipalCouncilor":true,"muid":50,"alid":6,"firstname":"Tero","electionDayVotes":1,"pid":"1","finalPosition":0,"electedInformation":"ON_SUBSTITUTE_PLACE","totalVotesPercent":0.1,"nominatorName":{"fi":"Suomen Sosialidemokraattinen Puolue","sv":"Finlands Socialdemokratiska Parti","en":"The Finnish Social Democratic Party"},"caid":104,"position":0,"gender":"1","comparisonData":{"totalVotes":68,"votesTotalChange":-67},"edid":4,"comparativeIndex":0.0,"electionDayVotesPercent":0.2,"nominatorAbbr":{"fi":"SDP","sv":"SDP","en":"SDP"}},{"age":59,"advanceVotesPercent":0.0,"lastname":"Susi","occupation":"paperityöntekijä","advanceVotes":0,"npid":6,"totalVotes":1,"spid":4,"abbr":"SDP","municipalCouncilor":true,"muid":50,"alid":6,"firstname":"Pertti","electionDayVotes":1,"pid":"1","finalPosition":0,"electedInformation":"ELECTED","totalVotesPercent":0.1,"nominatorName":{"fi":"Suomen Sosialidemokraattinen Puolue","sv":"Finlands Socialdemokratiska Parti","en":"The Finnish Social Democratic Party"},"caid":106,"position":0,"gender":"1","comparisonData":{"totalVotes":65,"votesTotalChange":-64},"edid":4,"comparativeIndex":0.0,"electionDayVotesPercent":0.2,"nominatorAbbr":{"fi":"SDP","sv":"SDP","en":"SDP"}},{"age":51,"advanceVotesPercent":0.4,"lastname":"Hirvelä","occupation":"yrittäjä","advanceVotes":1,"npid":8,"totalVotes":1,"spid":2,"abbr":"KOK","municipalCouncilor":true,"muid":50,"alid":8,"firstname":"Kimmo","electionDayVotes":0,"pid":"4","finalPosition":0,"electedInformation":"ON_SUBSTITUTE_PLACE","totalVotesPercent":0.1,"nominatorName":{"fi":"Kansallinen Kokoomus","sv":"Samlingspartiet","en":"National Coalition Party"},"caid":113,"position":0,"gender":"1","comparisonData":{"totalVotes":56,"votesTotalChange":-55},"edid":4,"comparativeIndex":0.0,"electionDayVotesPercent":0.0,"nominatorAbbr":{"fi":"KOK","sv":"Saml","en":"NCP"}},{"age":40,"advanceVotesPercent":0.0,"lastname":"Rinta-Keturi","occupation":"leikkaus- ja anestesiasairaanhoitaja","advanceVotes":0,"npid":8,"totalVotes":1,"spid":2,"abbr":"KOK","municipalCouncilor":false,"muid":50,"alid":8,"firstname":"Mari","electionDayVotes":1,"pid":"4","finalPosition":0,"electedInformation":"NOT_ELECTED","totalVotesPercent":0.1,"nominatorName":{"fi":"Kansallinen Kokoomus","sv":"Samlingspartiet","en":"National Coalition Party"},"caid":122,"position":0,"gender":"2","comparisonData":{"totalVotes":51,"votesTotalChange":-50},"edid":4,"comparativeIndex":0.0,"electionDayVotesPercent":0.2,"nominatorAbbr":{"fi":"KOK","sv":"Saml","en":"NCP"}},{"age":66,"advanceVotesPercent":0.0,"lastname":"Sillanpää","occupation":"ekonomi","advanceVotes":0,"npid":8,"totalVotes":1,"spid":2,"abbr":"KOK","municipalCouncilor":true,"muid":50,"alid":8,"firstname":"Marjatta","electionDayVotes":1,"pid":"4","finalPosition":0,"electedInformation":"ELECTED","totalVotesPercent":0.1,"nominatorName":{"fi":"Kansallinen Kokoomus","sv":"Samlingspartiet","en":"National Coalition Party"},"caid":124,"position":0,"gender":"2","comparisonData":{"totalVotes":75,"votesTotalChange":-74},"edid":4,"comparativeIndex":0.0,"electionDayVotesPercent":0.2,"nominatorAbbr":{"fi":"KOK","sv":"Saml","en":"NCP"}},{"age":41,"advanceVotesPercent":0.0,"lastname":"Linden","occupation":"merkonomi, yrittäjä","advanceVotes":0,"npid":2,"totalVotes":0,"spid":3,"abbr":"PS","municipalCouncilor":false,"muid":50,"alid":2,"firstname":"Ville","electionDayVotes":0,"pid":"23","finalPosition":0,"electedInformation":"NOT_ELECTED","totalVotesPercent":0.0,"nominatorName":{"fi":"Perussuomalaiset","sv":"Sannfinländarna","en":"The Finns Party"},"caid":8,"position":0,"gender":"1","comparisonData":{"totalVotes":0,"votesTotalChange":0},"edid":4,"comparativeIndex":0.0,"electionDayVotesPercent":0.0,"nominatorAbbr":{"fi":"PS","sv":"Sannf","en":"FINNS"}},{"age":41,"advanceVotesPercent":0.0,"lastname":"Suni","occupation":"atk-asentaja","advanceVotes":0,"npid":2,"totalVotes":0,"spid":3,"abbr":"PS","municipalCouncilor":false,"muid":50,"alid":2,"firstname":"Sami","electionDayVotes":0,"pid":"23","finalPosition":0,"electedInformation":"NOT_ELECTED","totalVotesPercent":0.0,"nominatorName":{"fi":"Perussuomalaiset","sv":"Sannfinländarna","en":"The Finns Party"},"caid":11,"position":0,"gender":"1","comparisonData":{"totalVotes":0,"votesTotalChange":0},"edid":4,"comparativeIndex":0.0,"electionDayVotesPercent":0.0,"nominatorAbbr":{"fi":"PS","sv":"Sannf","en":"FINNS"}},{"age":43,"advanceVotesPercent":0.0,"lastname":"Ala-Hakula","occupation":"järjestelmäsuunnittelija","advanceVotes":0,"npid":4,"totalVotes":0,"spid":1,"abbr":"KESK","municipalCouncilor":false,"muid":50,"alid":4,"firstname":"Vesa","electionDayVotes":0,"pid":"2","finalPosition":0,"electedInformation":"NOT_ELECTED","totalVotesPercent":0.0,"nominatorName":{"fi":"Suomen Keskusta","sv":"Centern i Finland","en":"Centre Party of Finland"},"caid":18,"position":0,"gender":"1","comparisonData":{"totalVotes":13,"votesTotalChange":-13},"edid":4,"comparativeIndex":0.0,"electionDayVotesPercent":0.0,"nominatorAbbr":{"fi":"KESK","sv":"C","en":"CENT"}},{"age":37,"advanceVotesPercent":0.0,"lastname":"Hanniala","occupation":"lääkintälaitehuoltaja, maa- ja metsätalousyrittäjä","advanceVotes":0,"npid":4,"totalVotes":0,"spid":1,"abbr":"KESK","municipalCouncilor":false,"muid":50,"alid":4,"firstname":"Rami","electionDayVotes":0,"pid":"2","finalPosition":0,"electedInformation":"NOT_ELECTED","totalVotesPercent":0.0,"nominatorName":{"fi":"Suomen Keskusta","sv":"Centern i Finland","en":"Centre Party of Finland"},"caid":23,"position":0,"gender":"1","comparisonData":{"totalVotes":0,"votesTotalChange":0},"edid":4,"comparativeIndex":0.0,"electionDayVotesPercent":0.0,"nominatorAbbr":{"fi":"KESK","sv":"C","en":"CENT"}},{"age":27,"advanceVotesPercent":0.0,"lastname":"Inkinen","occupation":"kirvesmies","advanceVotes":0,"npid":4,"totalVotes":0,"spid":1,"abbr":"KESK","municipalCouncilor":false,"muid":50,"alid":4,"firstname":"Tuure","electionDayVotes":0,"pid":"2","finalPosition":0,"electedInformation":"ELECTED","totalVotesPercent":0.0,"nominatorName":{"fi":"Suomen Keskusta","sv":"Centern i Finland","en":"Centre Party of Finland"},"caid":25,"position":0,"gender":"1","comparisonData":{"totalVotes":0,"votesTotalChange":0},"edid":4,"comparativeIndex":0.0,"electionDayVotesPercent":0.0,"nominatorAbbr":{"fi":"KESK","sv":"C","en":"CENT"}},{"age":50,"advanceVotesPercent":0.0,"lastname":"Jalava","occupation":"maatalousyrittäjä","advanceVotes":0,"npid":4,"totalVotes":0,"spid":1,"abbr":"KESK","municipalCouncilor":false,"muid":50,"alid":4,"firstname":"Taina","electionDayVotes":0,"pid":"2","finalPosition":0,"electedInformation":"ELECTED","totalVotesPercent":0.0,"nominatorName":{"fi":"Suomen Keskusta","sv":"Centern i Finland","en":"Centre Party of Finland"},"caid":26,"position":0,"gender":"2","comparisonData":{"totalVotes":0,"votesTotalChange":0},"edid":4,"comparativeIndex":0.0,"electionDayVotesPercent":0.0,"nominatorAbbr":{"fi":"KESK","sv":"C","en":"CENT"}},{"age":32,"advanceVotesPercent":0.0,"lastname":"Junkkala","occupation":"maanviljelijä","advanceVotes":0,"npid":4,"totalVotes":0,"spid":1,"abbr":"KESK","municipalCouncilor":true,"muid":50,"alid":4,"firstname":"Juho","electionDayVotes":0,"pid":"2","finalPosition":0,"electedInformation":"ELECTED","totalVotesPercent":0.0,"nominatorName":{"fi":"Suomen Keskusta","sv":"Centern i Finland","en":"Centre Party of Finland"},"caid":28,"position":0,"gender":"1","comparisonData":{"totalVotes":84,"votesTotalChange":-84},"edid":4,"comparativeIndex":0.0,"electionDayVotesPercent":0.0,"nominatorAbbr":{"fi":"KESK","sv":"C","en":"CENT"}},{"age":34,"advanceVotesPercent":0.0,"lastname":"Kallio","occupation":"maanviljelijä","advanceVotes":0,"npid":4,"totalVotes":0,"spid":1,"abbr":"KESK","municipalCouncilor":true,"muid":50,"alid":4,"firstname":"Juha","electionDayVotes":0,"pid":"2","finalPosition":0,"electedInformation":"ELECTED","totalVotesPercent":0.0,"nominatorName":{"fi":"Suomen Keskusta","sv":"Centern i Finland","en":"Centre Party of Finland"},"caid":32,"position":0,"gender":"1","comparisonData":{"totalVotes":59,"votesTotalChange":-59},"edid":4,"comparativeIndex":0.0,"electionDayVotesPercent":0.0,"nominatorAbbr":{"fi":"KESK","sv":"C","en":"CENT"}},{"age":68,"advanceVotesPercent":0.0,"lastname":"Kerola","occupation":"maatalousyrittäjä","advanceVotes":0,"npid":4,"totalVotes":0,"spid":1,"abbr":"KESK","municipalCouncilor":false,"muid":50,"alid":4,"firstname":"Keiho","electionDayVotes":0,"pid":"2","finalPosition":0,"electedInformation":"NOT_ELECTED","totalVotesPercent":0.0,"nominatorName":{"fi":"Suomen Keskusta","sv":"Centern i Finland","en":"Centre Party of Finland"},"caid":33,"position":0,"gender":"1","comparisonData":{"totalVotes":18,"votesTotalChange":-18},"edid":4,"comparativeIndex":0.0,"electionDayVotesPercent":0.0,"nominatorAbbr":{"fi":"KESK","sv":"C","en":"CENT"}},{"age":23,"advanceVotesPercent":0.0,"lastname":"Ketola","occupation":"puutavara-autonkuljettaja","advanceVotes":0,"npid":4,"totalVotes":0,"spid":1,"abbr":"KESK","municipalCouncilor":false,"muid":50,"alid":4,"firstname":"Tuomas","electionDayVotes":0,"pid":"2","finalPosition":0,"electedInformation":"NOT_ELECTED","totalVotesPercent":0.0,"nominatorName":{"fi":"Suomen Keskusta","sv":"Centern i Finland","en":"Centre Party of Finland"},"caid":36,"position":0,"gender":"1","comparisonData":{"totalVotes":4,"votesTotalChange":-4},"edid":4,"comparativeIndex":0.0,"electionDayVotesPercent":0.0,"nominatorAbbr":{"fi":"KESK","sv":"C","en":"CENT"}},{"age":49,"advanceVotesPercent":0.0,"lastname":"Kyllöinen","occupation":"ilmoitussuunnittelija","advanceVotes":0,"npid":4,"totalVotes":0,"spid":1,"abbr":"KESK","municipalCouncilor":true,"muid":50,"alid":4,"firstname":"Päivi","electionDayVotes":0,"pid":"2","finalPosition":0,"electedInformation":"ELECTED","totalVotesPercent":0.0,"nominatorName":{"fi":"Suomen Keskusta","sv":"Centern i Finland","en":"Centre Party of Finland"},"caid":38,"position":0,"gender":"2","comparisonData":{"totalVotes":58,"votesTotalChange":-58},"edid":4,"comparativeIndex":0.0,"electionDayVotesPercent":0.0,"nominatorAbbr":{"fi":"KESK","sv":"C","en":"CENT"}},{"age":55,"advanceVotesPercent":0.0,"lastname":"Lammila","occupation":"siistijä","advanceVotes":0,"npid":4,"totalVotes":0,"spid":1,"abbr":"KESK","municipalCouncilor":false,"muid":50,"alid":4,"firstname":"Kaija","electionDayVotes":0,"pid":"2","finalPosition":0,"electedInformation":"NOT_ELECTED","totalVotesPercent":0.0,"nominatorName":{"fi":"Suomen Keskusta","sv":"Centern i Finland","en":"Centre Party of Finland"},"caid":40,"position":0,"gender":"2","comparisonData":{"totalVotes":29,"votesTotalChange":-29},"edid":4,"comparativeIndex":0.0,"electionDayVotesPercent":0.0,"nominatorAbbr":{"fi":"KESK","sv":"C","en":"CENT"}},{"age":35,"advanceVotesPercent":0.0,"lastname":"Mariasik","occupation":"yrittäjä, optikko","advanceVotes":0,"npid":4,"totalVotes":0,"spid":1,"abbr":"KESK","municipalCouncilor":false,"muid":50,"alid":4,"firstname":"Anna","electionDayVotes":0,"pid":"2","finalPosition":0,"electedInformation":"ON_SUBSTITUTE_PLACE","totalVotesPercent":0.0,"nominatorName":{"fi":"Suomen Keskusta","sv":"Centern i Finland","en":"Centre Party of Finland"},"caid":42,"position":0,"gender":"2","comparisonData":{"totalVotes":18,"votesTotalChange":-18},"edid":4,"comparativeIndex":0.0,"electionDayVotesPercent":0.0,"nominatorAbbr":{"fi":"KESK","sv":"C","en":"CENT"}},{"age":58,"advanceVotesPercent":0.0,"lastname":"Nuoranne","occupation":"maatalousyrittäjä","advanceVotes":0,"npid":4,"totalVotes":0,"spid":1,"abbr":"KESK","municipalCouncilor":false,"muid":50,"alid":4,"firstname":"Jaakko","electionDayVotes":0,"pid":"2","finalPosition":0,"electedInformation":"NOT_ELECTED","totalVotesPercent":0.0,"nominatorName":{"fi":"Suomen Keskusta","sv":"Centern i Finland","en":"Centre Party of Finland"},"caid":47,"position":0,"gender":"1","comparisonData":{"totalVotes":12,"votesTotalChange":-12},"edid":4,"comparativeIndex":0.0,"electionDayVotesPercent":0.0,"nominatorAbbr":{"fi":"KESK","sv":"C","en":"CENT"}},{"age":63,"advanceVotesPercent":0.0,"lastname":"Simula","occupation":"suunnitteluteknikko, maanviljelijä","advanceVotes":0,"npid":4,"totalVotes":0,"spid":1,"abbr":"KESK","municipalCouncilor":false,"muid":50,"alid":4,"firstname":"Pekka","electionDayVotes":0,"pid":"2","finalPosition":0,"electedInformation":"ON_SUBSTITUTE_PLACE","totalVotesPercent":0.0,"nominatorName":{"fi":"Suomen Keskusta","sv":"Centern i Finland","en":"Centre Party of Finland"},"caid":52,"position":0,"gender":"1","comparisonData":{"totalVotes":48,"votesTotalChange":-48},"edid":4,"comparativeIndex":0.0,"electionDayVotesPercent":0.0,"nominatorAbbr":{"fi":"KESK","sv":"C","en":"CENT"}},{"age":45,"advanceVotesPercent":0.0,"lastname":"Vainio","occupation":"yrittäjä","advanceVotes":0,"npid":4,"totalVotes":0,"spid":1,"abbr":"KESK","municipalCouncilor":false,"muid":50,"alid":4,"firstname":"Sanna","electionDayVotes":0,"pid":"2","finalPosition":0,"electedInformation":"NOT_ELECTED","totalVotesPercent":0.0,"nominatorName":{"fi":"Suomen Keskusta","sv":"Centern i Finland","en":"Centre Party of Finland"},"caid":56,"position":0,"gender":"2","comparisonData":{"totalVotes":32,"votesTotalChange":-32},"edid":4,"comparativeIndex":0.0,"electionDayVotesPercent":0.0,"nominatorAbbr":{"fi":"KESK","sv":"C","en":"CENT"}},{"age":43,"advanceVotesPercent":0.0,"lastname":"Virta","occupation":"KT, lehtori","advanceVotes":0,"npid":4,"totalVotes":0,"spid":1,"abbr":"KESK","municipalCouncilor":false,"muid":50,"alid":4,"firstname":"Kalle","electionDayVotes":0,"pid":"2","finalPosition":0,"electedInformation":"NOT_ELECTED","totalVotesPercent":0.0,"nominatorName":{"fi":"Suomen Keskusta","sv":"Centern i Finland","en":"Centre Party of Finland"},"caid":58,"position":0,"gender":"1","comparisonData":{"totalVotes":34,"votesTotalChange":-34},"edid":4,"comparativeIndex":0.0,"electionDayVotesPercent":0.0,"nominatorAbbr":{"fi":"KESK","sv":"C","en":"CENT"}},{"age":51,"advanceVotesPercent":0.0,"lastname":"Järvinen","occupation":"lähihoitaja, vartija","advanceVotes":0,"npid":5,"totalVotes":0,"spid":6,"abbr":"VAS","municipalCouncilor":false,"muid":50,"alid":5,"firstname":"Marita","electionDayVotes":0,"pid":"15","finalPosition":0,"electedInformation":"NOT_ELECTED","totalVotesPercent":0.0,"nominatorName":{"fi":"Vasemmistoliitto","sv":"Vänsterförbundet","en":"The Left Alliance"},"caid":62,"position":0,"gender":"2","comparisonData":{"totalVotes":27,"votesTotalChange":-27},"edid":4,"comparativeIndex":0.0,"electionDayVotesPercent":0.0,"nominatorAbbr":{"fi":"VAS","sv":"VF","en":"LEFT"}},{"age":67,"advanceVotesPercent":0.0,"lastname":"Lähteenmäki","occupation":"sähköasentaja, eläkeläinen","advanceVotes":0,"npid":5,"totalVotes":0,"spid":6,"abbr":"VAS","municipalCouncilor":true,"muid":50,"alid":5,"firstname":"Simo","electionDayVotes":0,"pid":"15","finalPosition":0,"electedInformation":"ELECTED","totalVotesPercent":0.0,"nominatorName":{"fi":"Vasemmistoliitto","sv":"Vänsterförbundet","en":"The Left Alliance"},"caid":66,"position":0,"gender":"1","comparisonData":{"totalVotes":124,"votesTotalChange":-124},"edid":4,"comparativeIndex":0.0,"electionDayVotesPercent":0.0,"nominatorAbbr":{"fi":"VAS","sv":"VF","en":"LEFT"}},{"age":66,"advanceVotesPercent":0.0,"lastname":"Mäki","occupation":"eläkeläinen","advanceVotes":0,"npid":5,"totalVotes":0,"spid":6,"abbr":"VAS","municipalCouncilor":false,"muid":50,"alid":5,"firstname":"Eero","electionDayVotes":0,"pid":"15","finalPosition":0,"electedInformation":"NOT_ELECTED","totalVotesPercent":0.0,"nominatorName":{"fi":"Vasemmistoliitto","sv":"Vänsterförbundet","en":"The Left Alliance"},"caid":68,"position":0,"gender":"1","comparisonData":{"totalVotes":9,"votesTotalChange":-9},"edid":4,"comparativeIndex":0.0,"electionDayVotesPercent":0.0,"nominatorAbbr":{"fi":"VAS","sv":"VF","en":"LEFT"}},{"age":68,"advanceVotesPercent":0.0,"lastname":"Viinikainen","occupation":"asentaja","advanceVotes":0,"npid":5,"totalVotes":0,"spid":6,"abbr":"VAS","municipalCouncilor":false,"muid":50,"alid":5,"firstname":"Keijo","electionDayVotes":0,"pid":"15","finalPosition":0,"electedInformation":"NOT_ELECTED","totalVotesPercent":0.0,"nominatorName":{"fi":"Vasemmistoliitto","sv":"Vänsterförbundet","en":"The Left Alliance"},"caid":76,"position":0,"gender":"1","comparisonData":{"totalVotes":1,"votesTotalChange":-1},"edid":4,"comparativeIndex":0.0,"electionDayVotesPercent":0.0,"nominatorAbbr":{"fi":"VAS","sv":"VF","en":"LEFT"}},{"age":58,"advanceVotesPercent":0.0,"lastname":"Aalto","occupation":"paperityöntekijä","advanceVotes":0,"npid":6,"totalVotes":0,"spid":4,"abbr":"SDP","municipalCouncilor":false,"muid":50,"alid":6,"firstname":"Hannu","electionDayVotes":0,"pid":"1","finalPosition":0,"electedInformation":"NOT_ELECTED","totalVotesPercent":0.0,"nominatorName":{"fi":"Suomen Sosialidemokraattinen Puolue","sv":"Finlands Socialdemokratiska Parti","en":"The Finnish Social Democratic Party"},"caid":77,"position":0,"gender":"1","comparisonData":{"totalVotes":0,"votesTotalChange":0},"edid":4,"comparativeIndex":0.0,"electionDayVotesPercent":0.0,"nominatorAbbr":{"fi":"SDP","sv":"SDP","en":"SDP"}},{"age":37,"advanceVotesPercent":0.0,"lastname":"Helander","occupation":"paperityöntekijä, ammattiosaston puheenjohtaja","advanceVotes":0,"npid":6,"totalVotes":0,"spid":4,"abbr":"SDP","municipalCouncilor":false,"muid":50,"alid":6,"firstname":"Ville","electionDayVotes":0,"pid":"1","finalPosition":0,"electedInformation":"ON_SUBSTITUTE_PLACE","totalVotesPercent":0.0,"nominatorName":{"fi":"Suomen Sosialidemokraattinen Puolue","sv":"Finlands Socialdemokratiska Parti","en":"The Finnish Social Democratic Party"},"caid":81,"position":0,"gender":"1","comparisonData":{"totalVotes":0,"votesTotalChange":0},"edid":4,"comparativeIndex":0.0,"electionDayVotesPercent":0.0,"nominatorAbbr":{"fi":"SDP","sv":"SDP","en":"SDP"}},{"age":38,"advanceVotesPercent":0.0,"lastname":"Henriksson","occupation":"KM, erityisluokanopettaja","advanceVotes":0,"npid":6,"totalVotes":0,"spid":4,"abbr":"SDP","municipalCouncilor":false,"muid":50,"alid":6,"firstname":"Hannele","electionDayVotes":0,"pid":"1","finalPosition":0,"electedInformation":"ON_SUBSTITUTE_PLACE","totalVotesPercent":0.0,"nominatorName":{"fi":"Suomen Sosialidemokraattinen Puolue","sv":"Finlands Socialdemokratiska Parti","en":"The Finnish Social Democratic Party"},"caid":83,"position":0,"gender":"2","comparisonData":{"totalVotes":0,"votesTotalChange":0},"edid":4,"comparativeIndex":0.0,"electionDayVotesPercent":0.0,"nominatorAbbr":{"fi":"SDP","sv":"SDP","en":"SDP"}},{"age":28,"advanceVotesPercent":0.0,"lastname":"Hiljanen","occupation":"prosessinhoitaja","advanceVotes":0,"npid":6,"totalVotes":0,"spid":4,"abbr":"SDP","municipalCouncilor":false,"muid":50,"alid":6,"firstname":"Joni","electionDayVotes":0,"pid":"1","finalPosition":0,"electedInformation":"NOT_ELECTED","totalVotesPercent":0.0,"nominatorName":{"fi":"Suomen Sosialidemokraattinen Puolue","sv":"Finlands Socialdemokratiska Parti","en":"The Finnish Social Democratic Party"},"caid":84,"position":0,"gender":"1","comparisonData":{"totalVotes":34,"votesTotalChange":-34},"edid":4,"comparativeIndex":0.0,"electionDayVotesPercent":0.0,"nominatorAbbr":{"fi":"SDP","sv":"SDP","en":"SDP"}},{"age":54,"advanceVotesPercent":0.0,"lastname":"Kallionsivu","occupation":"sairaanhoitaja","advanceVotes":0,"npid":6,"totalVotes":0,"spid":4,"abbr":"SDP","municipalCouncilor":false,"muid":50,"alid":6,"firstname":"Terttu","electionDayVotes":0,"pid":"1","finalPosition":0,"electedInformation":"ON_SUBSTITUTE_PLACE","totalVotesPercent":0.0,"nominatorName":{"fi":"Suomen Sosialidemokraattinen Puolue","sv":"Finlands Socialdemokratiska Parti","en":"The Finnish Social Democratic Party"},"caid":87,"position":0,"gender":"2","comparisonData":{"totalVotes":13,"votesTotalChange":-13},"edid":4,"comparativeIndex":0.0,"electionDayVotesPercent":0.0,"nominatorAbbr":{"fi":"SDP","sv":"SDP","en":"SDP"}},{"age":29,"advanceVotesPercent":0.0,"lastname":"Lehtonen","occupation":"yrittäjä","advanceVotes":0,"npid":6,"totalVotes":0,"spid":4,"abbr":"SDP","municipalCouncilor":false,"muid":50,"alid":6,"firstname":"Joni","electionDayVotes":0,"pid":"1","finalPosition":0,"electedInformation":"ELECTED","totalVotesPercent":0.0,"nominatorName":{"fi":"Suomen Sosialidemokraattinen Puolue","sv":"Finlands Socialdemokratiska Parti","en":"The Finnish Social Democratic Party"},"caid":91,"position":0,"gender":"1","comparisonData":{"totalVotes":0,"votesTotalChange":0},"edid":4,"comparativeIndex":0.0,"electionDayVotesPercent":0.0,"nominatorAbbr":{"fi":"SDP","sv":"SDP","en":"SDP"}},{"age":50,"advanceVotesPercent":0.0,"lastname":"Nurmi","occupation":"aikuiskoulutuksen opettaja","advanceVotes":0,"npid":6,"totalVotes":0,"spid":4,"abbr":"SDP","municipalCouncilor":false,"muid":50,"alid":6,"firstname":"Virpi","electionDayVotes":0,"pid":"1","finalPosition":0,"electedInformation":"ON_SUBSTITUTE_PLACE","totalVotesPercent":0.0,"nominatorName":{"fi":"Suomen Sosialidemokraattinen Puolue","sv":"Finlands Socialdemokratiska Parti","en":"The Finnish Social Democratic Party"},"caid":94,"position":0,"gender":"2","comparisonData":{"totalVotes":0,"votesTotalChange":0},"edid":4,"comparativeIndex":0.0,"electionDayVotesPercent":0.0,"nominatorAbbr":{"fi":"SDP","sv":"SDP","en":"SDP"}},{"age":58,"advanceVotesPercent":0.0,"lastname":"Nurminen","occupation":"pituusleikkurinhoitaja","advanceVotes":0,"npid":6,"totalVotes":0,"spid":4,"abbr":"SDP","municipalCouncilor":false,"muid":50,"alid":6,"firstname":"Harri","electionDayVotes":0,"pid":"1","finalPosition":0,"electedInformation":"ON_SUBSTITUTE_PLACE","totalVotesPercent":0.0,"nominatorName":{"fi":"Suomen Sosialidemokraattinen Puolue","sv":"Finlands Socialdemokratiska Parti","en":"The Finnish Social Democratic Party"},"caid":95,"position":0,"gender":"1","comparisonData":{"totalVotes":0,"votesTotalChange":0},"edid":4,"comparativeIndex":0.0,"electionDayVotesPercent":0.0,"nominatorAbbr":{"fi":"SDP","sv":"SDP","en":"SDP"}},{"age":66,"advanceVotesPercent":0.0,"lastname":"Saksa","occupation":"radio-tv-asentaja, eläkeläinen","advanceVotes":0,"npid":6,"totalVotes":0,"spid":4,"abbr":"SDP","municipalCouncilor":false,"muid":50,"alid":6,"firstname":"Matti","electionDayVotes":0,"pid":"1","finalPosition":0,"electedInformation":"NOT_ELECTED","totalVotesPercent":0.0,"nominatorName":{"fi":"Suomen Sosialidemokraattinen Puolue","sv":"Finlands Socialdemokratiska Parti","en":"The Finnish Social Democratic Party"},"caid":101,"position":0,"gender":"1","comparisonData":{"totalVotes":12,"votesTotalChange":-12},"edid":4,"comparativeIndex":0.0,"electionDayVotesPercent":0.0,"nominatorAbbr":{"fi":"SDP","sv":"SDP","en":"SDP"}},{"age":45,"advanceVotesPercent":0.0,"lastname":"Vainio","occupation":"sairaanhoitaja","advanceVotes":0,"npid":6,"totalVotes":0,"spid":4,"abbr":"SDP","municipalCouncilor":true,"muid":50,"alid":6,"firstname":"Maaret","electionDayVotes":0,"pid":"1","finalPosition":0,"electedInformation":"ELECTED","totalVotesPercent":0.0,"nominatorName":{"fi":"Suomen Sosialidemokraattinen Puolue","sv":"Finlands Socialdemokratiska Parti","en":"The Finnish Social Democratic Party"},"caid":107,"position":0,"gender":"2","comparisonData":{"totalVotes":96,"votesTotalChange":-96},"edid":4,"comparativeIndex":0.0,"electionDayVotesPercent":0.0,"nominatorAbbr":{"fi":"SDP","sv":"SDP","en":"SDP"}},{"age":50,"advanceVotesPercent":0.0,"lastname":"Vihavainen","occupation":"henkilöstöasiantuntija","advanceVotes":0,"npid":6,"totalVotes":0,"spid":4,"abbr":"SDP","municipalCouncilor":false,"muid":50,"alid":6,"firstname":"Tiina","electionDayVotes":0,"pid":"1","finalPosition":0,"electedInformation":"ON_SUBSTITUTE_PLACE","totalVotesPercent":0.0,"nominatorName":{"fi":"Suomen Sosialidemokraattinen Puolue","sv":"Finlands Socialdemokratiska Parti","en":"The Finnish Social Democratic Party"},"caid":108,"position":0,"gender":"2","comparisonData":{"totalVotes":49,"votesTotalChange":-49},"edid":4,"comparativeIndex":0.0,"electionDayVotesPercent":0.0,"nominatorAbbr":{"fi":"SDP","sv":"SDP","en":"SDP"}},{"age":41,"advanceVotesPercent":0.0,"lastname":"Tulonen","occupation":"sähköinsinööri","advanceVotes":0,"npid":7,"totalVotes":0,"spid":12,"abbr":"PIR","municipalCouncilor":false,"muid":50,"alid":7,"firstname":"Jussi","electionDayVotes":0,"pid":"30","finalPosition":0,"electedInformation":"NOT_ELECTED","totalVotesPercent":0.0,"nominatorName":{"fi":"Piraattipuolue","sv":"Piratpartiet","en":"Pirate Party of Finland"},"caid":111,"position":0,"gender":"1","comparisonData":{"totalVotes":0,"votesTotalChange":0},"edid":4,"comparativeIndex":0.0,"electionDayVotesPercent":0.0,"nominatorAbbr":{"fi":"PIR","sv":"Pir","en":"PIR"}},{"age":18,"advanceVotesPercent":0.0,"lastname":"Filppula","occupation":"opiskelija","advanceVotes":0,"npid":8,"totalVotes":0,"spid":2,"abbr":"KOK","municipalCouncilor":false,"muid":50,"alid":8,"firstname":"Veera","electionDayVotes":0,"pid":"4","finalPosition":0,"electedInformation":"ON_SUBSTITUTE_PLACE","totalVotesPercent":0.0,"nominatorName":{"fi":"Kansallinen Kokoomus","sv":"Samlingspartiet","en":"National Coalition Party"},"caid":112,"position":0,"gender":"2","comparisonData":{"totalVotes":0,"votesTotalChange":0},"edid":4,"comparativeIndex":0.0,"electionDayVotesPercent":0.0,"nominatorAbbr":{"fi":"KOK","sv":"Saml","en":"NCP"}},{"age":64,"advanceVotesPercent":0.0,"lastname":"Niemelä","occupation":"yrittäjä","advanceVotes":0,"npid":8,"totalVotes":0,"spid":2,"abbr":"KOK","municipalCouncilor":false,"muid":50,"alid":8,"firstname":"Ahti","electionDayVotes":0,"pid":"4","finalPosition":0,"electedInformation":"NOT_ELECTED","totalVotesPercent":0.0,"nominatorName":{"fi":"Kansallinen Kokoomus","sv":"Samlingspartiet","en":"National Coalition Party"},"caid":121,"position":0,"gender":"1","comparisonData":{"totalVotes":3,"votesTotalChange":-3},"edid":4,"comparativeIndex":0.0,"electionDayVotesPercent":0.0,"nominatorAbbr":{"fi":"KOK","sv":"Saml","en":"NCP"}},{"age":38,"advanceVotesPercent":0.0,"lastname":"Saarenmaa","occupation":"VTK, yrittäjä","advanceVotes":0,"npid":8,"totalVotes":0,"spid":2,"abbr":"KOK","municipalCouncilor":false,"muid":50,"alid":8,"firstname":"Ari","electionDayVotes":0,"pid":"4","finalPosition":0,"electedInformation":"ON_SUBSTITUTE_PLACE","totalVotesPercent":0.0,"nominatorName":{"fi":"Kansallinen Kokoomus","sv":"Samlingspartiet","en":"National Coalition Party"},"caid":123,"position":0,"gender":"1","comparisonData":{"totalVotes":0,"votesTotalChange":0},"edid":4,"comparativeIndex":0.0,"electionDayVotesPercent":0.0,"nominatorAbbr":{"fi":"KOK","sv":"Saml","en":"NCP"}},{"age":58,"advanceVotesPercent":0.0,"lastname":"Suomala","occupation":"agronomi, maanviljelijä","advanceVotes":0,"npid":8,"totalVotes":0,"spid":2,"abbr":"KOK","municipalCouncilor":false,"muid":50,"alid":8,"firstname":"Esko","electionDayVotes":0,"pid":"4","finalPosition":0,"electedInformation":"NOT_ELECTED","totalVotesPercent":0.0,"nominatorName":{"fi":"Kansallinen Kokoomus","sv":"Samlingspartiet","en":"National Coalition Party"},"caid":125,"position":0,"gender":"1","comparisonData":{"totalVotes":35,"votesTotalChange":-35},"edid":4,"comparativeIndex":0.0,"electionDayVotesPercent":0.0,"nominatorAbbr":{"fi":"KOK","sv":"Saml","en":"NCP"}},{"age":67,"advanceVotesPercent":0.0,"lastname":"Krannila","occupation":"levyseppä, eläkeläinen","advanceVotes":0,"npid":9,"totalVotes":0,"spid":10,"abbr":"KTP","municipalCouncilor":false,"muid":50,"alid":9,"firstname":"Olli","electionDayVotes":0,"pid":"14","finalPosition":0,"electedInformation":"NOT_ELECTED","totalVotesPercent":0.0,"nominatorName":{"fi":"Kommunistinen Työväenpuolue - Rauhan ja Sosialismin puolesta","sv":"Kommunistiska Arbetarpartiet - För Fred och Socialism","en":"Communist Workers Party (Finland) - For Peace and Socialism"},"caid":126,"position":0,"gender":"1","comparisonData":{"totalVotes":17,"votesTotalChange":-17},"edid":4,"comparativeIndex":0.0,"electionDayVotesPercent":0.0,"nominatorAbbr":{"fi":"KTP","sv":"KAP","en":"CWP"}}],"municipalityPollingDistricts":[{"name":{"fi":"Eura","sv":"Eura"},"calculationStatusPercent":100.0,"joinedArea":false,"muid":50,"totalVotingInFinlandTurnout":59.6,"identification":"001","pdid":"001","eligibleVotersInFinlandTotal":2518,"edid":4,"mergedToPdid":""},{"name":{"fi":"Kauttua","sv":"Kauttua"},"calculationStatusPercent":100.0,"joinedArea":false,"muid":50,"totalVotingInFinlandTurnout":60.5,"identification":"002","pdid":"002","eligibleVotersInFinlandTotal":3569,"edid":4,"mergedToPdid":""},{"name":{"fi":"Kiukainen","sv":"Kiukainen"},"calculationStatusPercent":100.0,"joinedArea":false,"muid":50,"totalVotingInFinlandTurnout":63.7,"identification":"003","pdid":"003","eligibleVotersInFinlandTotal":1186,"edid":4,"mergedToPdid":""},{"name":{"fi":"Panelia","sv":"Panelia"},"calculationStatusPercent":100.0,"joinedArea":false,"muid":50,"totalVotingInFinlandTurnout":64.5,"identification":"004","pdid":"004","eligibleVotersInFinlandTotal":1180,"edid":4,"mergedToPdid":""},{"name":{"fi":"Honkilahti","sv":"Honkilahti"},"calculationStatusPercent":100.0,"joinedArea":false,"muid":50,"totalVotingInFinlandTurnout":66.8,"identification":"005","pdid":"005","eligibleVotersInFinlandTotal":633,"edid":4,"mergedToPdid":""},{"name":{"fi":"Hinnerjoki","sv":"Hinnerjoki"},"calculationStatusPercent":100.0,"joinedArea":false,"muid":50,"totalVotingInFinlandTurnout":71.4,"identification":"006","pdid":"006","eligibleVotersInFinlandTotal":562,"edid":4,"mergedToPdid":""}],"municipality":{"muid":50,"edid":4,"name":{"fi":"Eura","sv":"Eura"}}}