{"version":40,"created":"2017-04-09T20:07:58.642Z","electionDetails":{"electionId":"kv2017","electionDate":"2017-04-09T00:00:00.000Z","electionDataPublishTime":"2017-04-09T17:00:00.000Z","name":{"fi":"Kuntavaalit 2017","sv":"Kommunalval 2017","en":"Elections 2017"},"previousElections":{"correspondingCompareElection":{"electionId":"kv2012","electionDate":"2012-10-28T00:00:00.000Z","name":{"fi":"Kuntavaalit 2012","en":"Municipal elections 2012","sv":"Kommunalval 2012"}},"otherCompareElection":{"electionId":"ev2015","electionDate":"2015-04-19T00:00:00.000Z","name":{"fi":"Eduskuntavaalit 2015","en":"Parliamentary election 2015","sv":"Riksdagsval 2015"}}}},"calculationStatus":{"electionDayVotingTurnout":31.0,"invalidAdvanceVotes":8,"calculationPhase":"INITIAL","invalidElectionDayVotes":5,"approvedAdvanceVotes":892,"advanceVotingTurnout":25.4,"totalVotingTurnoutAbroad":0.0,"name":{"fi":"Markkamäki","sv":"Markkamäki"},"calculationStatusPercent":100.0,"advanceVotes":900,"electionDayVotingTurnoutAbroad":0.0,"approvedTotalVotes":1994,"totalVotes":1997,"muid":992,"totalVotingInFinlandTurnout":56.3,"advanceVotingTurnoutAbroad":0.0,"invalidTotalVotes":13,"totalVotingTurnout":56.3,"electionDayVotes":1097,"electionDayVotesInFinland":1097,"pdid":"002","totalVotesInFinlandMen":0,"eligibleVotersInFinlandTotal":3544,"calculationStatusPercentElectionDayVotes":100.0,"sourceRecordModificationTime":"20170409215525","otherCompareElection":{"eid":"","eligibleVotersInFinlandTotal":0,"advanceVotingInFinlandTurnout":0.0,"electionDayVotingInFinlandTurnout":0.0,"totalVotingInFinlandTurnout":0.0,"approvedVotesTotal":0,"invalidVotesTotal":0},"correspondingCompareElection":{"eid":"","eligibleVotersInFinlandTotal":0,"advanceVotingInFinlandTurnout":0.0,"electionDayVotingInFinlandTurnout":0.0,"totalVotingInFinlandTurnout":0.0,"approvedVotesTotal":0,"invalidVotesTotal":0,"seats":0},"approvedElectionDayVotes":1102,"edid":11,"calculationStatusPercentAdvanceVotes":100.0,"electionDayVotingInFinlandTurnout":31.0,"seats":0,"eligibleVotersTotal":3544,"advanceVotesInFinland":900,"advanceVotingInFinlandTurnout":25.4,"totalVotesInFinland":1997},"partyResults":[{"advanceVotesPercent":32.6,"name":{"fi":"Suomen Sosialidemokraattinen Puolue","sv":"Finlands Socialdemokratiska Parti","en":"The Finnish Social Democratic Party"},"advanceVotes":291,"npid":1,"totalVotes":617,"spid":4,"abbr":{"fi":"SDP","sv":"SDP","en":"SDP"},"alid":1,"electionDayVotes":326,"pid":"1","totalVotesPercent":30.9,"nominatorName":{"fi":"Suomen Sosialidemokraattinen Puolue","sv":"Finlands Socialdemokratiska Parti","en":"The Finnish Social Democratic Party"},"compareData":{"otherCompareElection":{"votesTotalChange":0,"votesTotalPercentChange":0.0,"votesTotal":617,"votesTotalPercent":30.9},"correspondingCompareElection":{"votesTotalChange":0,"votesTotalPercentChange":0.0,"seatChange":0,"votesTotal":617,"votesTotalPercent":30.9,"seatsTotal":0}},"seats":0,"electionDayVotesPercent":29.6,"nominatorAbbr":{"fi":"SDP","sv":"SDP","en":"SDP"}},{"advanceVotesPercent":23.5,"name":{"fi":"Vasemmistoliitto","sv":"Vänsterförbundet","en":"The Left Alliance"},"advanceVotes":210,"npid":7,"totalVotes":430,"spid":6,"abbr":{"fi":"VAS","sv":"VF","en":"LEFT"},"alid":7,"electionDayVotes":220,"pid":"15","totalVotesPercent":21.6,"nominatorName":{"fi":"Vasemmistoliitto","sv":"Vänsterförbundet","en":"The Left Alliance"},"compareData":{"otherCompareElection":{"votesTotalChange":0,"votesTotalPercentChange":0.0,"votesTotal":430,"votesTotalPercent":21.6},"correspondingCompareElection":{"votesTotalChange":0,"votesTotalPercentChange":0.0,"seatChange":0,"votesTotal":430,"votesTotalPercent":21.6,"seatsTotal":0}},"seats":0,"electionDayVotesPercent":20.0,"nominatorAbbr":{"fi":"VAS","sv":"VF","en":"LEFT"}},{"advanceVotesPercent":13.6,"name":{"fi":"Suomen Keskusta","sv":"Centern i Finland","en":"Centre Party of Finland"},"advanceVotes":121,"npid":3,"totalVotes":283,"spid":1,"abbr":{"fi":"KESK","sv":"C","en":"CENT"},"alid":3,"electionDayVotes":162,"pid":"2","totalVotesPercent":14.2,"nominatorName":{"fi":"Suomen Keskusta","sv":"Centern i Finland","en":"Centre Party of Finland"},"compareData":{"otherCompareElection":{"votesTotalChange":0,"votesTotalPercentChange":0.0,"votesTotal":283,"votesTotalPercent":14.2},"correspondingCompareElection":{"votesTotalChange":0,"votesTotalPercentChange":0.0,"seatChange":0,"votesTotal":283,"votesTotalPercent":14.2,"seatsTotal":0}},"seats":0,"electionDayVotesPercent":14.7,"nominatorAbbr":{"fi":"KESK","sv":"C","en":"CENT"}},{"advanceVotesPercent":9.8,"name":{"fi":"Perussuomalaiset","sv":"Sannfinländarna","en":"The Finns Party"},"advanceVotes":87,"npid":4,"totalVotes":236,"spid":3,"abbr":{"fi":"PS","sv":"Sannf","en":"FINNS"},"alid":4,"electionDayVotes":149,"pid":"23","totalVotesPercent":11.8,"nominatorName":{"fi":"Perussuomalaiset","sv":"Sannfinländarna","en":"The Finns Party"},"compareData":{"otherCompareElection":{"votesTotalChange":0,"votesTotalPercentChange":0.0,"votesTotal":236,"votesTotalPercent":11.8},"correspondingCompareElection":{"votesTotalChange":0,"votesTotalPercentChange":0.0,"seatChange":0,"votesTotal":236,"votesTotalPercent":11.8,"seatsTotal":0}},"seats":0,"electionDayVotesPercent":13.5,"nominatorAbbr":{"fi":"PS","sv":"Sannf","en":"FINNS"}},{"advanceVotesPercent":9.2,"name":{"fi":"Vihreä liitto","sv":"Gröna förbundet","en":"Green League"},"advanceVotes":82,"npid":5,"totalVotes":181,"spid":5,"abbr":{"fi":"VIHR","sv":"Gröna","en":"GREEN"},"alid":5,"electionDayVotes":99,"pid":"13","totalVotesPercent":9.1,"nominatorName":{"fi":"Vihreä liitto","sv":"Gröna förbundet","en":"Green League"},"compareData":{"otherCompareElection":{"votesTotalChange":0,"votesTotalPercentChange":0.0,"votesTotal":181,"votesTotalPercent":9.1},"correspondingCompareElection":{"votesTotalChange":0,"votesTotalPercentChange":0.0,"seatChange":0,"votesTotal":181,"votesTotalPercent":9.1,"seatsTotal":0}},"seats":0,"electionDayVotesPercent":9.0,"nominatorAbbr":{"fi":"VIHR","sv":"Gröna","en":"GREEN"}},{"advanceVotesPercent":7.0,"name":{"fi":"Kansallinen Kokoomus","sv":"Samlingspartiet","en":"National Coalition Party"},"advanceVotes":62,"npid":2,"totalVotes":149,"spid":2,"abbr":{"fi":"KOK","sv":"Saml","en":"NCP"},"alid":2,"electionDayVotes":87,"pid":"4","totalVotesPercent":7.5,"nominatorName":{"fi":"Kansallinen Kokoomus","sv":"Samlingspartiet","en":"National Coalition Party"},"compareData":{"otherCompareElection":{"votesTotalChange":0,"votesTotalPercentChange":0.0,"votesTotal":149,"votesTotalPercent":7.5},"correspondingCompareElection":{"votesTotalChange":0,"votesTotalPercentChange":0.0,"seatChange":0,"votesTotal":149,"votesTotalPercent":7.5,"seatsTotal":0}},"seats":0,"electionDayVotesPercent":7.9,"nominatorAbbr":{"fi":"KOK","sv":"Saml","en":"NCP"}},{"advanceVotesPercent":4.4,"name":{"fi":"Suomen Kristillisdemokraatit (KD)","sv":"Kristdemokraterna i Finland (KD)","en":"Christian Democrats in Finland"},"advanceVotes":39,"npid":6,"totalVotes":98,"spid":8,"abbr":{"fi":"KD","sv":"KD","en":"CD"},"alid":6,"electionDayVotes":59,"pid":"9","totalVotesPercent":4.9,"nominatorName":{"fi":"Suomen Kristillisdemokraatit (KD)","sv":"Kristdemokraterna i Finland (KD)","en":"Christian Democrats in Finland"},"compareData":{"otherCompareElection":{"votesTotalChange":0,"votesTotalPercentChange":0.0,"votesTotal":98,"votesTotalPercent":4.9},"correspondingCompareElection":{"votesTotalChange":0,"votesTotalPercentChange":0.0,"seatChange":0,"votesTotal":98,"votesTotalPercent":4.9,"seatsTotal":0}},"seats":0,"electionDayVotesPercent":5.4,"nominatorAbbr":{"fi":"KD","sv":"KD","en":"CD"}}],"candidateResults":[{"age":45,"advanceVotesPercent":8.6,"lastname":"Kautto","occupation":"opiskelija, puutarhuri","advanceVotes":77,"npid":7,"totalVotes":160,"spid":6,"abbr":"VAS","municipalCouncilor":false,"muid":992,"alid":7,"firstname":"Juho","electionDayVotes":83,"pid":"15","finalPosition":0,"electedInformation":"ELECTED","totalVotesPercent":8.0,"nominatorName":{"fi":"Vasemmistoliitto","sv":"Vänsterförbundet","en":"The Left Alliance"},"caid":103,"position":0,"gender":"1","comparisonData":{"totalVotes":0,"votesTotalChange":160},"edid":11,"comparativeIndex":0.0,"electionDayVotesPercent":7.5,"nominatorAbbr":{"fi":"VAS","sv":"VF","en":"LEFT"}},{"age":47,"advanceVotesPercent":3.7,"lastname":"Halttunen","occupation":"ylikonstaapeli","advanceVotes":33,"npid":4,"totalVotes":93,"spid":3,"abbr":"PS","municipalCouncilor":true,"muid":992,"alid":4,"firstname":"Jari","electionDayVotes":60,"pid":"23","finalPosition":0,"electedInformation":"ELECTED","totalVotesPercent":4.7,"nominatorName":{"fi":"Perussuomalaiset","sv":"Sannfinländarna","en":"The Finns Party"},"caid":71,"position":0,"gender":"1","comparisonData":{"totalVotes":313,"votesTotalChange":-220},"edid":11,"comparativeIndex":0.0,"electionDayVotesPercent":5.4,"nominatorAbbr":{"fi":"PS","sv":"Sannf","en":"FINNS"}},{"age":42,"advanceVotesPercent":4.5,"lastname":"Pulli","occupation":"pääluottamusmies, käynninvarmistaja","advanceVotes":40,"npid":1,"totalVotes":86,"spid":4,"abbr":"SDP","municipalCouncilor":true,"muid":992,"alid":1,"firstname":"Timo","electionDayVotes":46,"pid":"1","finalPosition":0,"electedInformation":"ELECTED","totalVotesPercent":4.3,"nominatorName":{"fi":"Suomen Sosialidemokraattinen Puolue","sv":"Finlands Socialdemokratiska Parti","en":"The Finnish Social Democratic Party"},"caid":8,"position":0,"gender":"1","comparisonData":{"totalVotes":255,"votesTotalChange":-169},"edid":11,"comparativeIndex":0.0,"electionDayVotesPercent":4.2,"nominatorAbbr":{"fi":"SDP","sv":"SDP","en":"SDP"}},{"age":41,"advanceVotesPercent":3.0,"lastname":"Lunttila","occupation":"yrittäjä, maanviljelijä","advanceVotes":27,"npid":2,"totalVotes":59,"spid":2,"abbr":"KOK","municipalCouncilor":true,"muid":992,"alid":2,"firstname":"Tommi","electionDayVotes":32,"pid":"4","finalPosition":0,"electedInformation":"ELECTED","totalVotesPercent":3.0,"nominatorName":{"fi":"Kansallinen Kokoomus","sv":"Samlingspartiet","en":"National Coalition Party"},"caid":36,"position":0,"gender":"1","comparisonData":{"totalVotes":230,"votesTotalChange":-171},"edid":11,"comparativeIndex":0.0,"electionDayVotesPercent":2.9,"nominatorAbbr":{"fi":"KOK","sv":"Saml","en":"NCP"}},{"age":52,"advanceVotesPercent":2.4,"lastname":"Tani","occupation":"rehtori","advanceVotes":21,"npid":5,"totalVotes":59,"spid":5,"abbr":"VIHR","municipalCouncilor":true,"muid":992,"alid":5,"firstname":"Jaana","electionDayVotes":38,"pid":"13","finalPosition":0,"electedInformation":"ELECTED","totalVotesPercent":3.0,"nominatorName":{"fi":"Vihreä liitto","sv":"Gröna förbundet","en":"Green League"},"caid":87,"position":0,"gender":"2","comparisonData":{"totalVotes":145,"votesTotalChange":-86},"edid":11,"comparativeIndex":0.0,"electionDayVotesPercent":3.4,"nominatorAbbr":{"fi":"VIHR","sv":"Gröna","en":"GREEN"}},{"age":54,"advanceVotesPercent":2.0,"lastname":"Ruotsalainen","occupation":"käynninvarmistaja","advanceVotes":18,"npid":1,"totalVotes":55,"spid":4,"abbr":"SDP","municipalCouncilor":false,"muid":992,"alid":1,"firstname":"Seppo","electionDayVotes":37,"pid":"1","finalPosition":0,"electedInformation":"ELECTED","totalVotesPercent":2.8,"nominatorName":{"fi":"Suomen Sosialidemokraattinen Puolue","sv":"Finlands Socialdemokratiska Parti","en":"The Finnish Social Democratic Party"},"caid":14,"position":0,"gender":"1","comparisonData":{"totalVotes":56,"votesTotalChange":-1},"edid":11,"comparativeIndex":0.0,"electionDayVotesPercent":3.4,"nominatorAbbr":{"fi":"SDP","sv":"SDP","en":"SDP"}},{"age":69,"advanceVotesPercent":1.9,"lastname":"Tuominen","occupation":"kaupunginvaltuutettu, sosiaalialan ohjaaja","advanceVotes":17,"npid":4,"totalVotes":46,"spid":3,"abbr":"PS","municipalCouncilor":true,"muid":992,"alid":4,"firstname":"Marke","electionDayVotes":29,"pid":"23","finalPosition":0,"electedInformation":"ELECTED","totalVotesPercent":2.3,"nominatorName":{"fi":"Perussuomalaiset","sv":"Sannfinländarna","en":"The Finns Party"},"caid":83,"position":0,"gender":"2","comparisonData":{"totalVotes":572,"votesTotalChange":-526},"edid":11,"comparativeIndex":0.0,"electionDayVotesPercent":2.6,"nominatorAbbr":{"fi":"PS","sv":"Sannf","en":"FINNS"}},{"age":53,"advanceVotesPercent":3.4,"lastname":"Kumpulainen","occupation":"vastaava vahtimestari","advanceVotes":30,"npid":1,"totalVotes":45,"spid":4,"abbr":"SDP","municipalCouncilor":true,"muid":992,"alid":1,"firstname":"Kari","electionDayVotes":15,"pid":"1","finalPosition":0,"electedInformation":"ELECTED","totalVotesPercent":2.3,"nominatorName":{"fi":"Suomen Sosialidemokraattinen Puolue","sv":"Finlands Socialdemokratiska Parti","en":"The Finnish Social Democratic Party"},"caid":23,"position":0,"gender":"1","comparisonData":{"totalVotes":141,"votesTotalChange":-96},"edid":11,"comparativeIndex":0.0,"electionDayVotesPercent":1.4,"nominatorAbbr":{"fi":"SDP","sv":"SDP","en":"SDP"}},{"age":59,"advanceVotesPercent":2.8,"lastname":"Lindell","occupation":"projektikoordinaattori, erikoislääkintävoimistelija","advanceVotes":25,"npid":3,"totalVotes":44,"spid":1,"abbr":"KESK","municipalCouncilor":true,"muid":992,"alid":3,"firstname":"Leila","electionDayVotes":19,"pid":"2","finalPosition":0,"electedInformation":"ELECTED","totalVotesPercent":2.2,"nominatorName":{"fi":"Suomen Keskusta","sv":"Centern i Finland","en":"Centre Party of Finland"},"caid":52,"position":0,"gender":"2","comparisonData":{"totalVotes":150,"votesTotalChange":-106},"edid":11,"comparativeIndex":0.0,"electionDayVotesPercent":1.7,"nominatorAbbr":{"fi":"KESK","sv":"C","en":"CENT"}},{"age":52,"advanceVotesPercent":2.5,"lastname":"Tuikka","occupation":"lehtori, biologi","advanceVotes":22,"npid":5,"totalVotes":43,"spid":5,"abbr":"VIHR","municipalCouncilor":false,"muid":992,"alid":5,"firstname":"Kimmo","electionDayVotes":21,"pid":"13","finalPosition":0,"electedInformation":"ELECTED","totalVotesPercent":2.2,"nominatorName":{"fi":"Vihreä liitto","sv":"Gröna förbundet","en":"Green League"},"caid":88,"position":0,"gender":"1","comparisonData":{"totalVotes":79,"votesTotalChange":-36},"edid":11,"comparativeIndex":0.0,"electionDayVotesPercent":1.9,"nominatorAbbr":{"fi":"VIHR","sv":"Gröna","en":"GREEN"}},{"age":38,"advanceVotesPercent":0.7,"lastname":"Tamminen","occupation":"käynnissäpitäjä","advanceVotes":6,"npid":1,"totalVotes":40,"spid":4,"abbr":"SDP","municipalCouncilor":false,"muid":992,"alid":1,"firstname":"Paavo","electionDayVotes":34,"pid":"1","finalPosition":0,"electedInformation":"ELECTED","totalVotesPercent":2.0,"nominatorName":{"fi":"Suomen Sosialidemokraattinen Puolue","sv":"Finlands Socialdemokratiska Parti","en":"The Finnish Social Democratic Party"},"caid":17,"position":0,"gender":"1","comparisonData":{"totalVotes":0,"votesTotalChange":40},"edid":11,"comparativeIndex":0.0,"electionDayVotesPercent":3.1,"nominatorAbbr":{"fi":"SDP","sv":"SDP","en":"SDP"}},{"age":69,"advanceVotesPercent":2.0,"lastname":"Nyholm","occupation":"asentaja","advanceVotes":18,"npid":1,"totalVotes":38,"spid":4,"abbr":"SDP","municipalCouncilor":true,"muid":992,"alid":1,"firstname":"Rolf","electionDayVotes":20,"pid":"1","finalPosition":0,"electedInformation":"ELECTED","totalVotesPercent":1.9,"nominatorName":{"fi":"Suomen Sosialidemokraattinen Puolue","sv":"Finlands Socialdemokratiska Parti","en":"The Finnish Social Democratic Party"},"caid":3,"position":0,"gender":"1","comparisonData":{"totalVotes":170,"votesTotalChange":-132},"edid":11,"comparativeIndex":0.0,"electionDayVotesPercent":1.8,"nominatorAbbr":{"fi":"SDP","sv":"SDP","en":"SDP"}},{"age":65,"advanceVotesPercent":1.2,"lastname":"Piilonen","occupation":"prosessinhoitaja, eläkeläinen","advanceVotes":11,"npid":3,"totalVotes":38,"spid":1,"abbr":"KESK","municipalCouncilor":true,"muid":992,"alid":3,"firstname":"Pentti","electionDayVotes":27,"pid":"2","finalPosition":0,"electedInformation":"ELECTED","totalVotesPercent":1.9,"nominatorName":{"fi":"Suomen Keskusta","sv":"Centern i Finland","en":"Centre Party of Finland"},"caid":62,"position":0,"gender":"1","comparisonData":{"totalVotes":112,"votesTotalChange":-74},"edid":11,"comparativeIndex":0.0,"electionDayVotesPercent":2.5,"nominatorAbbr":{"fi":"KESK","sv":"C","en":"CENT"}},{"age":35,"advanceVotesPercent":2.0,"lastname":"Piilonen","occupation":"yrittäjä","advanceVotes":18,"npid":3,"totalVotes":37,"spid":1,"abbr":"KESK","municipalCouncilor":false,"muid":992,"alid":3,"firstname":"Harri","electionDayVotes":19,"pid":"2","finalPosition":0,"electedInformation":"ELECTED","totalVotesPercent":1.9,"nominatorName":{"fi":"Suomen Keskusta","sv":"Centern i Finland","en":"Centre Party of Finland"},"caid":61,"position":0,"gender":"1","comparisonData":{"totalVotes":0,"votesTotalChange":37},"edid":11,"comparativeIndex":0.0,"electionDayVotesPercent":1.7,"nominatorAbbr":{"fi":"KESK","sv":"C","en":"CENT"}},{"age":51,"advanceVotesPercent":2.1,"lastname":"Kiiskinen","occupation":"työsuojelupäällikkö","advanceVotes":19,"npid":1,"totalVotes":36,"spid":4,"abbr":"SDP","municipalCouncilor":true,"muid":992,"alid":1,"firstname":"Kari","electionDayVotes":17,"pid":"1","finalPosition":0,"electedInformation":"ELECTED","totalVotesPercent":1.8,"nominatorName":{"fi":"Suomen Sosialidemokraattinen Puolue","sv":"Finlands Socialdemokratiska Parti","en":"The Finnish Social Democratic Party"},"caid":24,"position":0,"gender":"1","comparisonData":{"totalVotes":328,"votesTotalChange":-292},"edid":11,"comparativeIndex":0.0,"electionDayVotesPercent":1.5,"nominatorAbbr":{"fi":"SDP","sv":"SDP","en":"SDP"}},{"age":73,"advanceVotesPercent":3.0,"lastname":"Salminen","occupation":"liikunnanopettaja","advanceVotes":27,"npid":1,"totalVotes":36,"spid":4,"abbr":"SDP","municipalCouncilor":true,"muid":992,"alid":1,"firstname":"Pentti","electionDayVotes":9,"pid":"1","finalPosition":0,"electedInformation":"ELECTED","totalVotesPercent":1.8,"nominatorName":{"fi":"Suomen Sosialidemokraattinen Puolue","sv":"Finlands Socialdemokratiska Parti","en":"The Finnish Social Democratic Party"},"caid":29,"position":0,"gender":"1","comparisonData":{"totalVotes":100,"votesTotalChange":-64},"edid":11,"comparativeIndex":0.0,"electionDayVotesPercent":0.8,"nominatorAbbr":{"fi":"SDP","sv":"SDP","en":"SDP"}},{"age":36,"advanceVotesPercent":1.6,"lastname":"Honka","occupation":"fil. yo, teatteri-ilmaisun ohjaaja","advanceVotes":14,"npid":5,"totalVotes":34,"spid":5,"abbr":"VIHR","municipalCouncilor":false,"muid":992,"alid":5,"firstname":"Pilvi","electionDayVotes":20,"pid":"13","finalPosition":0,"electedInformation":"ELECTED","totalVotesPercent":1.7,"nominatorName":{"fi":"Vihreä liitto","sv":"Gröna förbundet","en":"Green League"},"caid":84,"position":0,"gender":"2","comparisonData":{"totalVotes":0,"votesTotalChange":34},"edid":11,"comparativeIndex":0.0,"electionDayVotesPercent":1.8,"nominatorAbbr":{"fi":"VIHR","sv":"Gröna","en":"GREEN"}},{"age":50,"advanceVotesPercent":1.8,"lastname":"Martins","occupation":"työnohjaaja","advanceVotes":16,"npid":7,"totalVotes":32,"spid":6,"abbr":"VAS","municipalCouncilor":true,"muid":992,"alid":7,"firstname":"Sirpa","electionDayVotes":16,"pid":"15","finalPosition":0,"electedInformation":"ELECTED","totalVotesPercent":1.6,"nominatorName":{"fi":"Vasemmistoliitto","sv":"Vänsterförbundet","en":"The Left Alliance"},"caid":108,"position":0,"gender":"2","comparisonData":{"totalVotes":296,"votesTotalChange":-264},"edid":11,"comparativeIndex":0.0,"electionDayVotesPercent":1.5,"nominatorAbbr":{"fi":"VAS","sv":"VF","en":"LEFT"}},{"age":73,"advanceVotesPercent":1.6,"lastname":"Hakonen","occupation":"eläkeläinen, tekninen suunnittelija","advanceVotes":14,"npid":1,"totalVotes":31,"spid":4,"abbr":"SDP","municipalCouncilor":true,"muid":992,"alid":1,"firstname":"Eero","electionDayVotes":17,"pid":"1","finalPosition":0,"electedInformation":"ON_SUBSTITUTE_PLACE","totalVotesPercent":1.6,"nominatorName":{"fi":"Suomen Sosialidemokraattinen Puolue","sv":"Finlands Socialdemokratiska Parti","en":"The Finnish Social Democratic Party"},"caid":28,"position":0,"gender":"1","comparisonData":{"totalVotes":67,"votesTotalChange":-36},"edid":11,"comparativeIndex":0.0,"electionDayVotesPercent":1.5,"nominatorAbbr":{"fi":"SDP","sv":"SDP","en":"SDP"}},{"age":52,"advanceVotesPercent":2.4,"lastname":"Tuikka","occupation":"sosiaalityöntekijä, sijaisopettaja","advanceVotes":21,"npid":5,"totalVotes":31,"spid":5,"abbr":"VIHR","municipalCouncilor":true,"muid":992,"alid":5,"firstname":"Minna","electionDayVotes":10,"pid":"13","finalPosition":0,"electedInformation":"ON_SUBSTITUTE_PLACE","totalVotesPercent":1.6,"nominatorName":{"fi":"Vihreä liitto","sv":"Gröna förbundet","en":"Green League"},"caid":89,"position":0,"gender":"2","comparisonData":{"totalVotes":83,"votesTotalChange":-52},"edid":11,"comparativeIndex":0.0,"electionDayVotesPercent":0.9,"nominatorAbbr":{"fi":"VIHR","sv":"Gröna","en":"GREEN"}},{"age":66,"advanceVotesPercent":2.0,"lastname":"Kautto","occupation":"kirvesmies, eläkeläinen","advanceVotes":18,"npid":7,"totalVotes":31,"spid":6,"abbr":"VAS","municipalCouncilor":false,"muid":992,"alid":7,"firstname":"Erkki","electionDayVotes":13,"pid":"15","finalPosition":0,"electedInformation":"ELECTED","totalVotesPercent":1.6,"nominatorName":{"fi":"Vasemmistoliitto","sv":"Vänsterförbundet","en":"The Left Alliance"},"caid":102,"position":0,"gender":"1","comparisonData":{"totalVotes":0,"votesTotalChange":31},"edid":11,"comparativeIndex":0.0,"electionDayVotesPercent":1.2,"nominatorAbbr":{"fi":"VAS","sv":"VF","en":"LEFT"}},{"age":60,"advanceVotesPercent":1.9,"lastname":"Penttinen","occupation":"työsuojeluvaltuutettu, liikunnan ja terveystiedon lehtori","advanceVotes":17,"npid":1,"totalVotes":30,"spid":4,"abbr":"SDP","municipalCouncilor":true,"muid":992,"alid":1,"firstname":"Hannu","electionDayVotes":13,"pid":"1","finalPosition":0,"electedInformation":"ELECTED","totalVotesPercent":1.5,"nominatorName":{"fi":"Suomen Sosialidemokraattinen Puolue","sv":"Finlands Socialdemokratiska Parti","en":"The Finnish Social Democratic Party"},"caid":6,"position":0,"gender":"1","comparisonData":{"totalVotes":83,"votesTotalChange":-53},"edid":11,"comparativeIndex":0.0,"electionDayVotesPercent":1.2,"nominatorAbbr":{"fi":"SDP","sv":"SDP","en":"SDP"}},{"age":42,"advanceVotesPercent":2.0,"lastname":"Vertainen","occupation":"lähihoitaja, pääluottamusmies","advanceVotes":18,"npid":1,"totalVotes":30,"spid":4,"abbr":"SDP","municipalCouncilor":false,"muid":992,"alid":1,"firstname":"Johanna","electionDayVotes":12,"pid":"1","finalPosition":0,"electedInformation":"ELECTED","totalVotesPercent":1.5,"nominatorName":{"fi":"Suomen Sosialidemokraattinen Puolue","sv":"Finlands Socialdemokratiska Parti","en":"The Finnish Social Democratic Party"},"caid":7,"position":0,"gender":"2","comparisonData":{"totalVotes":0,"votesTotalChange":30},"edid":11,"comparativeIndex":0.0,"electionDayVotesPercent":1.1,"nominatorAbbr":{"fi":"SDP","sv":"SDP","en":"SDP"}},{"age":40,"advanceVotesPercent":1.7,"lastname":"Flink-Liimatainen","occupation":"projektipäällikkö, TtM","advanceVotes":15,"npid":6,"totalVotes":28,"spid":8,"abbr":"KD","municipalCouncilor":true,"muid":992,"alid":6,"firstname":"Piia","electionDayVotes":13,"pid":"9","finalPosition":0,"electedInformation":"ELECTED","totalVotesPercent":1.4,"nominatorName":{"fi":"Suomen Kristillisdemokraatit (KD)","sv":"Kristdemokraterna i Finland (KD)","en":"Christian Democrats in Finland"},"caid":90,"position":0,"gender":"2","comparisonData":{"totalVotes":234,"votesTotalChange":-206},"edid":11,"comparativeIndex":0.0,"electionDayVotesPercent":1.2,"nominatorAbbr":{"fi":"KD","sv":"KD","en":"CD"}},{"age":60,"advanceVotesPercent":0.9,"lastname":"Forsgrén","occupation":"perhehoitaja","advanceVotes":8,"npid":6,"totalVotes":27,"spid":8,"abbr":"KD","municipalCouncilor":false,"muid":992,"alid":6,"firstname":"Paula","electionDayVotes":19,"pid":"9","finalPosition":0,"electedInformation":"ELECTED","totalVotesPercent":1.4,"nominatorName":{"fi":"Suomen Kristillisdemokraatit (KD)","sv":"Kristdemokraterna i Finland (KD)","en":"Christian Democrats in Finland"},"caid":91,"position":0,"gender":"2","comparisonData":{"totalVotes":0,"votesTotalChange":27},"edid":11,"comparativeIndex":0.0,"electionDayVotesPercent":1.7,"nominatorAbbr":{"fi":"KD","sv":"KD","en":"CD"}},{"age":46,"advanceVotesPercent":1.0,"lastname":"Ouli","occupation":"järjestelmäasiantuntija","advanceVotes":9,"npid":1,"totalVotes":26,"spid":4,"abbr":"SDP","municipalCouncilor":false,"muid":992,"alid":1,"firstname":"Pekka","electionDayVotes":17,"pid":"1","finalPosition":0,"electedInformation":"ELECTED","totalVotesPercent":1.3,"nominatorName":{"fi":"Suomen Sosialidemokraattinen Puolue","sv":"Finlands Socialdemokratiska Parti","en":"The Finnish Social Democratic Party"},"caid":31,"position":0,"gender":"1","comparisonData":{"totalVotes":0,"votesTotalChange":26},"edid":11,"comparativeIndex":0.0,"electionDayVotesPercent":1.5,"nominatorAbbr":{"fi":"SDP","sv":"SDP","en":"SDP"}},{"age":53,"advanceVotesPercent":1.0,"lastname":"Pullinen","occupation":"parturi-kampaaja, yrittäjä","advanceVotes":9,"npid":2,"totalVotes":26,"spid":2,"abbr":"KOK","municipalCouncilor":false,"muid":992,"alid":2,"firstname":"Tarja","electionDayVotes":17,"pid":"4","finalPosition":0,"electedInformation":"ELECTED","totalVotesPercent":1.3,"nominatorName":{"fi":"Kansallinen Kokoomus","sv":"Samlingspartiet","en":"National Coalition Party"},"caid":38,"position":0,"gender":"2","comparisonData":{"totalVotes":48,"votesTotalChange":-22},"edid":11,"comparativeIndex":0.0,"electionDayVotesPercent":1.5,"nominatorAbbr":{"fi":"KOK","sv":"Saml","en":"NCP"}},{"age":61,"advanceVotesPercent":0.8,"lastname":"Tiusanen","occupation":"maaseutuyrittäjä","advanceVotes":7,"npid":3,"totalVotes":25,"spid":1,"abbr":"KESK","municipalCouncilor":true,"muid":992,"alid":3,"firstname":"Matti","electionDayVotes":18,"pid":"2","finalPosition":0,"electedInformation":"ELECTED","totalVotesPercent":1.3,"nominatorName":{"fi":"Suomen Keskusta","sv":"Centern i Finland","en":"Centre Party of Finland"},"caid":67,"position":0,"gender":"1","comparisonData":{"totalVotes":184,"votesTotalChange":-159},"edid":11,"comparativeIndex":0.0,"electionDayVotesPercent":1.6,"nominatorAbbr":{"fi":"KESK","sv":"C","en":"CENT"}},{"age":31,"advanceVotesPercent":1.3,"lastname":"Happo","occupation":"lastenohjaaja, äiti","advanceVotes":12,"npid":7,"totalVotes":25,"spid":6,"abbr":"VAS","municipalCouncilor":false,"muid":992,"alid":7,"firstname":"Riikka","electionDayVotes":13,"pid":"15","finalPosition":0,"electedInformation":"ELECTED","totalVotesPercent":1.3,"nominatorName":{"fi":"Vasemmistoliitto","sv":"Vänsterförbundet","en":"The Left Alliance"},"caid":99,"position":0,"gender":"2","comparisonData":{"totalVotes":0,"votesTotalChange":25},"edid":11,"comparativeIndex":0.0,"electionDayVotesPercent":1.2,"nominatorAbbr":{"fi":"VAS","sv":"VF","en":"LEFT"}},{"age":50,"advanceVotesPercent":1.1,"lastname":"Monteiro Flores","occupation":"koulunkäynninohjaaja","advanceVotes":10,"npid":7,"totalVotes":24,"spid":6,"abbr":"VAS","municipalCouncilor":true,"muid":992,"alid":7,"firstname":"Ilidio","electionDayVotes":14,"pid":"15","finalPosition":0,"electedInformation":"ELECTED","totalVotesPercent":1.2,"nominatorName":{"fi":"Vasemmistoliitto","sv":"Vänsterförbundet","en":"The Left Alliance"},"caid":110,"position":0,"gender":"1","comparisonData":{"totalVotes":68,"votesTotalChange":-44},"edid":11,"comparativeIndex":0.0,"electionDayVotesPercent":1.3,"nominatorAbbr":{"fi":"VAS","sv":"VF","en":"LEFT"}},{"age":63,"advanceVotesPercent":1.1,"lastname":"Nyrönen","occupation":"vanhustyöntekijä, eläkeläinen","advanceVotes":10,"npid":1,"totalVotes":22,"spid":4,"abbr":"SDP","municipalCouncilor":false,"muid":992,"alid":1,"firstname":"Riitta","electionDayVotes":12,"pid":"1","finalPosition":0,"electedInformation":"ON_SUBSTITUTE_PLACE","totalVotesPercent":1.1,"nominatorName":{"fi":"Suomen Sosialidemokraattinen Puolue","sv":"Finlands Socialdemokratiska Parti","en":"The Finnish Social Democratic Party"},"caid":22,"position":0,"gender":"2","comparisonData":{"totalVotes":61,"votesTotalChange":-39},"edid":11,"comparativeIndex":0.0,"electionDayVotesPercent":1.1,"nominatorAbbr":{"fi":"SDP","sv":"SDP","en":"SDP"}},{"age":58,"advanceVotesPercent":1.3,"lastname":"Lax","occupation":"liikuntapaikkojenhoitaja","advanceVotes":12,"npid":4,"totalVotes":22,"spid":3,"abbr":"PS","municipalCouncilor":true,"muid":992,"alid":4,"firstname":"Lauri","electionDayVotes":10,"pid":"23","finalPosition":0,"electedInformation":"ELECTED","totalVotesPercent":1.1,"nominatorName":{"fi":"Perussuomalaiset","sv":"Sannfinländarna","en":"The Finns Party"},"caid":81,"position":0,"gender":"1","comparisonData":{"totalVotes":68,"votesTotalChange":-46},"edid":11,"comparativeIndex":0.0,"electionDayVotesPercent":0.9,"nominatorAbbr":{"fi":"PS","sv":"Sannf","en":"FINNS"}},{"age":38,"advanceVotesPercent":1.0,"lastname":"Turunen","occupation":"markkinointimerkonomi, parturi-kampaaja","advanceVotes":9,"npid":7,"totalVotes":20,"spid":6,"abbr":"VAS","municipalCouncilor":false,"muid":992,"alid":7,"firstname":"Tiia","electionDayVotes":11,"pid":"15","finalPosition":0,"electedInformation":"ELECTED","totalVotesPercent":1.0,"nominatorName":{"fi":"Vasemmistoliitto","sv":"Vänsterförbundet","en":"The Left Alliance"},"caid":123,"position":0,"gender":"2","comparisonData":{"totalVotes":0,"votesTotalChange":20},"edid":11,"comparativeIndex":0.0,"electionDayVotesPercent":1.0,"nominatorAbbr":{"fi":"VAS","sv":"VF","en":"LEFT"}},{"age":59,"advanceVotesPercent":1.1,"lastname":"Tarvainen","occupation":"lehtori, rakennusinsinööri","advanceVotes":10,"npid":1,"totalVotes":19,"spid":4,"abbr":"SDP","municipalCouncilor":false,"muid":992,"alid":1,"firstname":"Veikko","electionDayVotes":9,"pid":"1","finalPosition":0,"electedInformation":"ON_SUBSTITUTE_PLACE","totalVotesPercent":1.0,"nominatorName":{"fi":"Suomen Sosialidemokraattinen Puolue","sv":"Finlands Socialdemokratiska Parti","en":"The Finnish Social Democratic Party"},"caid":4,"position":0,"gender":"1","comparisonData":{"totalVotes":24,"votesTotalChange":-5},"edid":11,"comparativeIndex":0.0,"electionDayVotesPercent":0.8,"nominatorAbbr":{"fi":"SDP","sv":"SDP","en":"SDP"}},{"age":73,"advanceVotesPercent":1.2,"lastname":"Kumpu","occupation":"kunnallisneuvos","advanceVotes":11,"npid":3,"totalVotes":19,"spid":1,"abbr":"KESK","municipalCouncilor":true,"muid":992,"alid":3,"firstname":"Risto","electionDayVotes":8,"pid":"2","finalPosition":0,"electedInformation":"ELECTED","totalVotesPercent":1.0,"nominatorName":{"fi":"Suomen Keskusta","sv":"Centern i Finland","en":"Centre Party of Finland"},"caid":49,"position":0,"gender":"1","comparisonData":{"totalVotes":96,"votesTotalChange":-77},"edid":11,"comparativeIndex":0.0,"electionDayVotesPercent":0.7,"nominatorAbbr":{"fi":"KESK","sv":"C","en":"CENT"}},{"age":48,"advanceVotesPercent":0.9,"lastname":"Närhi","occupation":"järjestötyöntekijä","advanceVotes":8,"npid":1,"totalVotes":18,"spid":4,"abbr":"SDP","municipalCouncilor":true,"muid":992,"alid":1,"firstname":"Merja","electionDayVotes":10,"pid":"1","finalPosition":0,"electedInformation":"ON_SUBSTITUTE_PLACE","totalVotesPercent":0.9,"nominatorName":{"fi":"Suomen Sosialidemokraattinen Puolue","sv":"Finlands Socialdemokratiska Parti","en":"The Finnish Social Democratic Party"},"caid":12,"position":0,"gender":"2","comparisonData":{"totalVotes":80,"votesTotalChange":-62},"edid":11,"comparativeIndex":0.0,"electionDayVotesPercent":0.9,"nominatorAbbr":{"fi":"SDP","sv":"SDP","en":"SDP"}},{"age":44,"advanceVotesPercent":0.4,"lastname":"Nykänen","occupation":"yrittäjä","advanceVotes":4,"npid":3,"totalVotes":18,"spid":1,"abbr":"KESK","municipalCouncilor":false,"muid":992,"alid":3,"firstname":"Marko","electionDayVotes":14,"pid":"2","finalPosition":0,"electedInformation":"ON_SUBSTITUTE_PLACE","totalVotesPercent":0.9,"nominatorName":{"fi":"Suomen Keskusta","sv":"Centern i Finland","en":"Centre Party of Finland"},"caid":55,"position":0,"gender":"1","comparisonData":{"totalVotes":0,"votesTotalChange":18},"edid":11,"comparativeIndex":0.0,"electionDayVotesPercent":1.3,"nominatorAbbr":{"fi":"KESK","sv":"C","en":"CENT"}},{"age":44,"advanceVotesPercent":0.2,"lastname":"Korte","occupation":"yrittäjä","advanceVotes":2,"npid":4,"totalVotes":18,"spid":3,"abbr":"PS","municipalCouncilor":false,"muid":992,"alid":4,"firstname":"Emilia","electionDayVotes":16,"pid":"23","finalPosition":0,"electedInformation":"ON_SUBSTITUTE_PLACE","totalVotesPercent":0.9,"nominatorName":{"fi":"Perussuomalaiset","sv":"Sannfinländarna","en":"The Finns Party"},"caid":76,"position":0,"gender":"2","comparisonData":{"totalVotes":0,"votesTotalChange":18},"edid":11,"comparativeIndex":0.0,"electionDayVotesPercent":1.5,"nominatorAbbr":{"fi":"PS","sv":"Sannf","en":"FINNS"}},{"age":52,"advanceVotesPercent":0.9,"lastname":"Liimatainen","occupation":"erityisryhmien liikunnanohjaaja","advanceVotes":8,"npid":1,"totalVotes":17,"spid":4,"abbr":"SDP","municipalCouncilor":false,"muid":992,"alid":1,"firstname":"Tiina","electionDayVotes":9,"pid":"1","finalPosition":0,"electedInformation":"ELECTED","totalVotesPercent":0.9,"nominatorName":{"fi":"Suomen Sosialidemokraattinen Puolue","sv":"Finlands Socialdemokratiska Parti","en":"The Finnish Social Democratic Party"},"caid":27,"position":0,"gender":"2","comparisonData":{"totalVotes":0,"votesTotalChange":17},"edid":11,"comparativeIndex":0.0,"electionDayVotesPercent":0.8,"nominatorAbbr":{"fi":"SDP","sv":"SDP","en":"SDP"}},{"age":42,"advanceVotesPercent":0.4,"lastname":"Pentinpuro","occupation":"luokanopettaja, erityisopettaja","advanceVotes":4,"npid":3,"totalVotes":17,"spid":1,"abbr":"KESK","municipalCouncilor":false,"muid":992,"alid":3,"firstname":"Anna-Riitta","electionDayVotes":13,"pid":"2","finalPosition":0,"electedInformation":"ELECTED","totalVotesPercent":0.9,"nominatorName":{"fi":"Suomen Keskusta","sv":"Centern i Finland","en":"Centre Party of Finland"},"caid":60,"position":0,"gender":"2","comparisonData":{"totalVotes":74,"votesTotalChange":-57},"edid":11,"comparativeIndex":0.0,"electionDayVotesPercent":1.2,"nominatorAbbr":{"fi":"KESK","sv":"C","en":"CENT"}},{"age":71,"advanceVotesPercent":1.2,"lastname":"Poikonen","occupation":"työnjohtaja, eläkeläinen","advanceVotes":11,"npid":4,"totalVotes":17,"spid":3,"abbr":"PS","municipalCouncilor":false,"muid":992,"alid":4,"firstname":"Raimo","electionDayVotes":6,"pid":"23","finalPosition":0,"electedInformation":"ON_SUBSTITUTE_PLACE","totalVotesPercent":0.9,"nominatorName":{"fi":"Perussuomalaiset","sv":"Sannfinländarna","en":"The Finns Party"},"caid":82,"position":0,"gender":"1","comparisonData":{"totalVotes":41,"votesTotalChange":-24},"edid":11,"comparativeIndex":0.0,"electionDayVotesPercent":0.5,"nominatorAbbr":{"fi":"PS","sv":"Sannf","en":"FINNS"}},{"age":45,"advanceVotesPercent":1.1,"lastname":"Saastamoinen","occupation":"majoituskylävastaava","advanceVotes":10,"npid":6,"totalVotes":17,"spid":8,"abbr":"KD","municipalCouncilor":true,"muid":992,"alid":6,"firstname":"Harri","electionDayVotes":7,"pid":"9","finalPosition":0,"electedInformation":"ON_SUBSTITUTE_PLACE","totalVotesPercent":0.9,"nominatorName":{"fi":"Suomen Kristillisdemokraatit (KD)","sv":"Kristdemokraterna i Finland (KD)","en":"Christian Democrats in Finland"},"caid":95,"position":0,"gender":"1","comparisonData":{"totalVotes":84,"votesTotalChange":-67},"edid":11,"comparativeIndex":0.0,"electionDayVotesPercent":0.6,"nominatorAbbr":{"fi":"KD","sv":"KD","en":"CD"}},{"age":63,"advanceVotesPercent":1.2,"lastname":"Nurmi","occupation":"tekninen avustaja, eläkeläinen","advanceVotes":11,"npid":7,"totalVotes":17,"spid":6,"abbr":"VAS","municipalCouncilor":false,"muid":992,"alid":7,"firstname":"Eila","electionDayVotes":6,"pid":"15","finalPosition":0,"electedInformation":"ELECTED","totalVotesPercent":0.9,"nominatorName":{"fi":"Vasemmistoliitto","sv":"Vänsterförbundet","en":"The Left Alliance"},"caid":113,"position":0,"gender":"2","comparisonData":{"totalVotes":53,"votesTotalChange":-36},"edid":11,"comparativeIndex":0.0,"electionDayVotesPercent":0.5,"nominatorAbbr":{"fi":"VAS","sv":"VF","en":"LEFT"}},{"age":57,"advanceVotesPercent":0.9,"lastname":"Rautiainen","occupation":"käytöntarkkailija","advanceVotes":8,"npid":7,"totalVotes":17,"spid":6,"abbr":"VAS","municipalCouncilor":true,"muid":992,"alid":7,"firstname":"Sinikka","electionDayVotes":9,"pid":"15","finalPosition":0,"electedInformation":"ELECTED","totalVotesPercent":0.9,"nominatorName":{"fi":"Vasemmistoliitto","sv":"Vänsterförbundet","en":"The Left Alliance"},"caid":120,"position":0,"gender":"2","comparisonData":{"totalVotes":66,"votesTotalChange":-49},"edid":11,"comparativeIndex":0.0,"electionDayVotesPercent":0.8,"nominatorAbbr":{"fi":"VAS","sv":"VF","en":"LEFT"}},{"age":42,"advanceVotesPercent":0.0,"lastname":"Korhonen","occupation":"järjestäjä","advanceVotes":0,"npid":1,"totalVotes":15,"spid":4,"abbr":"SDP","municipalCouncilor":true,"muid":992,"alid":1,"firstname":"Jani","electionDayVotes":15,"pid":"1","finalPosition":0,"electedInformation":"ON_SUBSTITUTE_PLACE","totalVotesPercent":0.8,"nominatorName":{"fi":"Suomen Sosialidemokraattinen Puolue","sv":"Finlands Socialdemokratiska Parti","en":"The Finnish Social Democratic Party"},"caid":11,"position":0,"gender":"1","comparisonData":{"totalVotes":84,"votesTotalChange":-69},"edid":11,"comparativeIndex":0.0,"electionDayVotesPercent":1.4,"nominatorAbbr":{"fi":"SDP","sv":"SDP","en":"SDP"}},{"age":68,"advanceVotesPercent":0.7,"lastname":"Aaltonen","occupation":"rah.sihteeri, eläkeläinen","advanceVotes":6,"npid":2,"totalVotes":15,"spid":2,"abbr":"KOK","municipalCouncilor":false,"muid":992,"alid":2,"firstname":"Irene","electionDayVotes":9,"pid":"4","finalPosition":0,"electedInformation":"NOT_ELECTED","totalVotesPercent":0.8,"nominatorName":{"fi":"Kansallinen Kokoomus","sv":"Samlingspartiet","en":"National Coalition Party"},"caid":32,"position":0,"gender":"2","comparisonData":{"totalVotes":32,"votesTotalChange":-17},"edid":11,"comparativeIndex":0.0,"electionDayVotesPercent":0.8,"nominatorAbbr":{"fi":"KOK","sv":"Saml","en":"NCP"}},{"age":49,"advanceVotesPercent":0.9,"lastname":"Jämsén","occupation":"DI, projektipäällikkö","advanceVotes":8,"npid":2,"totalVotes":15,"spid":2,"abbr":"KOK","municipalCouncilor":true,"muid":992,"alid":2,"firstname":"Olli","electionDayVotes":7,"pid":"4","finalPosition":0,"electedInformation":"ELECTED","totalVotesPercent":0.8,"nominatorName":{"fi":"Kansallinen Kokoomus","sv":"Samlingspartiet","en":"National Coalition Party"},"caid":35,"position":0,"gender":"1","comparisonData":{"totalVotes":50,"votesTotalChange":-35},"edid":11,"comparativeIndex":0.0,"electionDayVotesPercent":0.6,"nominatorAbbr":{"fi":"KOK","sv":"Saml","en":"NCP"}},{"age":23,"advanceVotesPercent":0.8,"lastname":"Tulla","occupation":"opiskelija","advanceVotes":7,"npid":2,"totalVotes":15,"spid":2,"abbr":"KOK","municipalCouncilor":false,"muid":992,"alid":2,"firstname":"Riku","electionDayVotes":8,"pid":"4","finalPosition":0,"electedInformation":"ON_SUBSTITUTE_PLACE","totalVotesPercent":0.8,"nominatorName":{"fi":"Kansallinen Kokoomus","sv":"Samlingspartiet","en":"National Coalition Party"},"caid":41,"position":0,"gender":"1","comparisonData":{"totalVotes":31,"votesTotalChange":-16},"edid":11,"comparativeIndex":0.0,"electionDayVotesPercent":0.7,"nominatorAbbr":{"fi":"KOK","sv":"Saml","en":"NCP"}},{"age":41,"advanceVotesPercent":0.4,"lastname":"Hiltunen","occupation":"kiinteistönhoitaja, ulkoaluetyöntekijä","advanceVotes":4,"npid":4,"totalVotes":15,"spid":3,"abbr":"PS","municipalCouncilor":false,"muid":992,"alid":4,"firstname":"Teuvo","electionDayVotes":11,"pid":"23","finalPosition":0,"electedInformation":"ON_SUBSTITUTE_PLACE","totalVotesPercent":0.8,"nominatorName":{"fi":"Perussuomalaiset","sv":"Sannfinländarna","en":"The Finns Party"},"caid":73,"position":0,"gender":"1","comparisonData":{"totalVotes":12,"votesTotalChange":3},"edid":11,"comparativeIndex":0.0,"electionDayVotesPercent":1.0,"nominatorAbbr":{"fi":"PS","sv":"Sannf","en":"FINNS"}},{"age":35,"advanceVotesPercent":1.0,"lastname":"Ojajärvi","occupation":"palveluohjaaja","advanceVotes":9,"npid":7,"totalVotes":15,"spid":6,"abbr":"VAS","municipalCouncilor":false,"muid":992,"alid":7,"firstname":"Anniina","electionDayVotes":6,"pid":"15","finalPosition":0,"electedInformation":"ON_SUBSTITUTE_PLACE","totalVotesPercent":0.8,"nominatorName":{"fi":"Vasemmistoliitto","sv":"Vänsterförbundet","en":"The Left Alliance"},"caid":114,"position":0,"gender":"2","comparisonData":{"totalVotes":0,"votesTotalChange":15},"edid":11,"comparativeIndex":0.0,"electionDayVotesPercent":0.5,"nominatorAbbr":{"fi":"VAS","sv":"VF","en":"LEFT"}},{"age":49,"advanceVotesPercent":0.8,"lastname":"Tuhkanen","occupation":"automaatioteknikko","advanceVotes":7,"npid":1,"totalVotes":13,"spid":4,"abbr":"SDP","municipalCouncilor":true,"muid":992,"alid":1,"firstname":"Marko","electionDayVotes":6,"pid":"1","finalPosition":0,"electedInformation":"ELECTED","totalVotesPercent":0.7,"nominatorName":{"fi":"Suomen Sosialidemokraattinen Puolue","sv":"Finlands Socialdemokratiska Parti","en":"The Finnish Social Democratic Party"},"caid":21,"position":0,"gender":"1","comparisonData":{"totalVotes":121,"votesTotalChange":-108},"edid":11,"comparativeIndex":0.0,"electionDayVotesPercent":0.5,"nominatorAbbr":{"fi":"SDP","sv":"SDP","en":"SDP"}},{"age":41,"advanceVotesPercent":1.1,"lastname":"Helminen","occupation":"maaseutuyrittäjä","advanceVotes":10,"npid":3,"totalVotes":13,"spid":1,"abbr":"KESK","municipalCouncilor":false,"muid":992,"alid":3,"firstname":"Johanna","electionDayVotes":3,"pid":"2","finalPosition":0,"electedInformation":"NOT_ELECTED","totalVotesPercent":0.7,"nominatorName":{"fi":"Suomen Keskusta","sv":"Centern i Finland","en":"Centre Party of Finland"},"caid":45,"position":0,"gender":"2","comparisonData":{"totalVotes":0,"votesTotalChange":13},"edid":11,"comparativeIndex":0.0,"electionDayVotesPercent":0.3,"nominatorAbbr":{"fi":"KESK","sv":"C","en":"CENT"}},{"age":55,"advanceVotesPercent":0.4,"lastname":"Kolari","occupation":"lasten ja nuorten erityisohjaaja, sijaisvanhempi","advanceVotes":4,"npid":6,"totalVotes":13,"spid":8,"abbr":"KD","municipalCouncilor":true,"muid":992,"alid":6,"firstname":"Marja","electionDayVotes":9,"pid":"9","finalPosition":0,"electedInformation":"NOT_ELECTED","totalVotesPercent":0.7,"nominatorName":{"fi":"Suomen Kristillisdemokraatit (KD)","sv":"Kristdemokraterna i Finland (KD)","en":"Christian Democrats in Finland"},"caid":94,"position":0,"gender":"2","comparisonData":{"totalVotes":55,"votesTotalChange":-42},"edid":11,"comparativeIndex":0.0,"electionDayVotesPercent":0.8,"nominatorAbbr":{"fi":"KD","sv":"KD","en":"CD"}},{"age":37,"advanceVotesPercent":0.2,"lastname":"Vesalainen","occupation":"lähihoitaja, pastori","advanceVotes":2,"npid":6,"totalVotes":12,"spid":8,"abbr":"KD","municipalCouncilor":false,"muid":992,"alid":6,"firstname":"Mika","electionDayVotes":10,"pid":"9","finalPosition":0,"electedInformation":"ON_SUBSTITUTE_PLACE","totalVotesPercent":0.6,"nominatorName":{"fi":"Suomen Kristillisdemokraatit (KD)","sv":"Kristdemokraterna i Finland (KD)","en":"Christian Democrats in Finland"},"caid":96,"position":0,"gender":"1","comparisonData":{"totalVotes":0,"votesTotalChange":12},"edid":11,"comparativeIndex":0.0,"electionDayVotesPercent":0.9,"nominatorAbbr":{"fi":"KD","sv":"KD","en":"CD"}},{"age":69,"advanceVotesPercent":0.9,"lastname":"Lehtonen","occupation":"eläkeläinen","advanceVotes":8,"npid":1,"totalVotes":11,"spid":4,"abbr":"SDP","municipalCouncilor":false,"muid":992,"alid":1,"firstname":"Tuula","electionDayVotes":3,"pid":"1","finalPosition":0,"electedInformation":"ON_SUBSTITUTE_PLACE","totalVotesPercent":0.6,"nominatorName":{"fi":"Suomen Sosialidemokraattinen Puolue","sv":"Finlands Socialdemokratiska Parti","en":"The Finnish Social Democratic Party"},"caid":18,"position":0,"gender":"2","comparisonData":{"totalVotes":29,"votesTotalChange":-18},"edid":11,"comparativeIndex":0.0,"electionDayVotesPercent":0.3,"nominatorAbbr":{"fi":"SDP","sv":"SDP","en":"SDP"}},{"age":57,"advanceVotesPercent":0.7,"lastname":"Nieminen","occupation":"teknikko/kiinteistönhoitaja","advanceVotes":6,"npid":1,"totalVotes":11,"spid":4,"abbr":"SDP","municipalCouncilor":false,"muid":992,"alid":1,"firstname":"Veli-Pekka","electionDayVotes":5,"pid":"1","finalPosition":0,"electedInformation":"NOT_ELECTED","totalVotesPercent":0.6,"nominatorName":{"fi":"Suomen Sosialidemokraattinen Puolue","sv":"Finlands Socialdemokratiska Parti","en":"The Finnish Social Democratic Party"},"caid":26,"position":0,"gender":"1","comparisonData":{"totalVotes":0,"votesTotalChange":11},"edid":11,"comparativeIndex":0.0,"electionDayVotesPercent":0.5,"nominatorAbbr":{"fi":"SDP","sv":"SDP","en":"SDP"}},{"age":44,"advanceVotesPercent":0.3,"lastname":"Niemi","occupation":"sähköasentaja","advanceVotes":3,"npid":7,"totalVotes":10,"spid":6,"abbr":"VAS","municipalCouncilor":false,"muid":992,"alid":7,"firstname":"Jarkko","electionDayVotes":7,"pid":"15","finalPosition":0,"electedInformation":"ON_SUBSTITUTE_PLACE","totalVotesPercent":0.5,"nominatorName":{"fi":"Vasemmistoliitto","sv":"Vänsterförbundet","en":"The Left Alliance"},"caid":112,"position":0,"gender":"1","comparisonData":{"totalVotes":0,"votesTotalChange":10},"edid":11,"comparativeIndex":0.0,"electionDayVotesPercent":0.6,"nominatorAbbr":{"fi":"VAS","sv":"VF","en":"LEFT"}},{"age":59,"advanceVotesPercent":0.9,"lastname":"Parkatti","occupation":"kiinteistönhoitaja","advanceVotes":8,"npid":7,"totalVotes":10,"spid":6,"abbr":"VAS","municipalCouncilor":false,"muid":992,"alid":7,"firstname":"Kari","electionDayVotes":2,"pid":"15","finalPosition":0,"electedInformation":"ON_SUBSTITUTE_PLACE","totalVotesPercent":0.5,"nominatorName":{"fi":"Vasemmistoliitto","sv":"Vänsterförbundet","en":"The Left Alliance"},"caid":116,"position":0,"gender":"1","comparisonData":{"totalVotes":0,"votesTotalChange":10},"edid":11,"comparativeIndex":0.0,"electionDayVotesPercent":0.2,"nominatorAbbr":{"fi":"VAS","sv":"VF","en":"LEFT"}},{"age":40,"advanceVotesPercent":0.6,"lastname":"Paananen","occupation":"lit. yo, nuoriso- ja vapaa-ajanohjaaja","advanceVotes":5,"npid":1,"totalVotes":9,"spid":4,"abbr":"SDP","municipalCouncilor":false,"muid":992,"alid":1,"firstname":"Mari","electionDayVotes":4,"pid":"1","finalPosition":0,"electedInformation":"ON_SUBSTITUTE_PLACE","totalVotesPercent":0.5,"nominatorName":{"fi":"Suomen Sosialidemokraattinen Puolue","sv":"Finlands Socialdemokratiska Parti","en":"The Finnish Social Democratic Party"},"caid":13,"position":0,"gender":"2","comparisonData":{"totalVotes":24,"votesTotalChange":-15},"edid":11,"comparativeIndex":0.0,"electionDayVotesPercent":0.4,"nominatorAbbr":{"fi":"SDP","sv":"SDP","en":"SDP"}},{"age":58,"advanceVotesPercent":0.7,"lastname":"Lampinen","occupation":"maanviljelijä","advanceVotes":6,"npid":3,"totalVotes":9,"spid":1,"abbr":"KESK","municipalCouncilor":false,"muid":992,"alid":3,"firstname":"Raimo","electionDayVotes":3,"pid":"2","finalPosition":0,"electedInformation":"ON_SUBSTITUTE_PLACE","totalVotesPercent":0.5,"nominatorName":{"fi":"Suomen Keskusta","sv":"Centern i Finland","en":"Centre Party of Finland"},"caid":51,"position":0,"gender":"1","comparisonData":{"totalVotes":58,"votesTotalChange":-49},"edid":11,"comparativeIndex":0.0,"electionDayVotesPercent":0.3,"nominatorAbbr":{"fi":"KESK","sv":"C","en":"CENT"}},{"age":46,"advanceVotesPercent":0.3,"lastname":"Laitinen","occupation":"käynnissäpitäjä","advanceVotes":3,"npid":4,"totalVotes":9,"spid":3,"abbr":"PS","municipalCouncilor":true,"muid":992,"alid":4,"firstname":"Marko","electionDayVotes":6,"pid":"23","finalPosition":0,"electedInformation":"ELECTED","totalVotesPercent":0.5,"nominatorName":{"fi":"Perussuomalaiset","sv":"Sannfinländarna","en":"The Finns Party"},"caid":80,"position":0,"gender":"1","comparisonData":{"totalVotes":61,"votesTotalChange":-52},"edid":11,"comparativeIndex":0.0,"electionDayVotesPercent":0.5,"nominatorAbbr":{"fi":"PS","sv":"Sannf","en":"FINNS"}},{"age":23,"advanceVotesPercent":0.2,"lastname":"Rinne","occupation":"ylioppilas, hyvinvointi- ja kuntosalivalmentaja","advanceVotes":2,"npid":5,"totalVotes":9,"spid":5,"abbr":"VIHR","municipalCouncilor":false,"muid":992,"alid":5,"firstname":"Heidi","electionDayVotes":7,"pid":"13","finalPosition":0,"electedInformation":"ON_SUBSTITUTE_PLACE","totalVotesPercent":0.5,"nominatorName":{"fi":"Vihreä liitto","sv":"Gröna förbundet","en":"Green League"},"caid":85,"position":0,"gender":"2","comparisonData":{"totalVotes":0,"votesTotalChange":9},"edid":11,"comparativeIndex":0.0,"electionDayVotesPercent":0.6,"nominatorAbbr":{"fi":"VIHR","sv":"Gröna","en":"GREEN"}},{"age":44,"advanceVotesPercent":0.7,"lastname":"Kemiläinen","occupation":"lähihoitaja","advanceVotes":6,"npid":1,"totalVotes":8,"spid":4,"abbr":"SDP","municipalCouncilor":false,"muid":992,"alid":1,"firstname":"Jarkko","electionDayVotes":2,"pid":"1","finalPosition":0,"electedInformation":"ON_SUBSTITUTE_PLACE","totalVotesPercent":0.4,"nominatorName":{"fi":"Suomen Sosialidemokraattinen Puolue","sv":"Finlands Socialdemokratiska Parti","en":"The Finnish Social Democratic Party"},"caid":2,"position":0,"gender":"1","comparisonData":{"totalVotes":20,"votesTotalChange":-12},"edid":11,"comparativeIndex":0.0,"electionDayVotesPercent":0.2,"nominatorAbbr":{"fi":"SDP","sv":"SDP","en":"SDP"}},{"age":68,"advanceVotesPercent":0.3,"lastname":"Kautto","occupation":"voimaantumisvalmentaja, muutoskonsultti","advanceVotes":3,"npid":3,"totalVotes":8,"spid":1,"abbr":"KESK","municipalCouncilor":false,"muid":992,"alid":3,"firstname":"Vappu","electionDayVotes":5,"pid":"2","finalPosition":0,"electedInformation":"NOT_ELECTED","totalVotesPercent":0.4,"nominatorName":{"fi":"Suomen Keskusta","sv":"Centern i Finland","en":"Centre Party of Finland"},"caid":48,"position":0,"gender":"2","comparisonData":{"totalVotes":15,"votesTotalChange":-7},"edid":11,"comparativeIndex":0.0,"electionDayVotesPercent":0.5,"nominatorAbbr":{"fi":"KESK","sv":"C","en":"CENT"}},{"age":61,"advanceVotesPercent":0.6,"lastname":"Holopainen","occupation":"kiinteistönhoitaja","advanceVotes":5,"npid":7,"totalVotes":8,"spid":6,"abbr":"VAS","municipalCouncilor":true,"muid":992,"alid":7,"firstname":"Simo","electionDayVotes":3,"pid":"15","finalPosition":0,"electedInformation":"ELECTED","totalVotesPercent":0.4,"nominatorName":{"fi":"Vasemmistoliitto","sv":"Vänsterförbundet","en":"The Left Alliance"},"caid":100,"position":0,"gender":"1","comparisonData":{"totalVotes":122,"votesTotalChange":-114},"edid":11,"comparativeIndex":0.0,"electionDayVotesPercent":0.3,"nominatorAbbr":{"fi":"VAS","sv":"VF","en":"LEFT"}},{"age":44,"advanceVotesPercent":0.1,"lastname":"Somiska","occupation":"yrittäjä","advanceVotes":1,"npid":2,"totalVotes":7,"spid":2,"abbr":"KOK","municipalCouncilor":false,"muid":992,"alid":2,"firstname":"Mikko","electionDayVotes":6,"pid":"4","finalPosition":0,"electedInformation":"ON_SUBSTITUTE_PLACE","totalVotesPercent":0.4,"nominatorName":{"fi":"Kansallinen Kokoomus","sv":"Samlingspartiet","en":"National Coalition Party"},"caid":40,"position":0,"gender":"1","comparisonData":{"totalVotes":0,"votesTotalChange":7},"edid":11,"comparativeIndex":0.0,"electionDayVotesPercent":0.5,"nominatorAbbr":{"fi":"KOK","sv":"Saml","en":"NCP"}},{"age":40,"advanceVotesPercent":0.1,"lastname":"Pekonen","occupation":"luokanopettaja","advanceVotes":1,"npid":3,"totalVotes":7,"spid":1,"abbr":"KESK","municipalCouncilor":false,"muid":992,"alid":3,"firstname":"Paula","electionDayVotes":6,"pid":"2","finalPosition":0,"electedInformation":"ELECTED","totalVotesPercent":0.4,"nominatorName":{"fi":"Suomen Keskusta","sv":"Centern i Finland","en":"Centre Party of Finland"},"caid":58,"position":0,"gender":"2","comparisonData":{"totalVotes":72,"votesTotalChange":-65},"edid":11,"comparativeIndex":0.0,"electionDayVotesPercent":0.5,"nominatorAbbr":{"fi":"KESK","sv":"C","en":"CENT"}},{"age":68,"advanceVotesPercent":0.2,"lastname":"Pönkänen","occupation":"maanviljelijä, yrittäjä","advanceVotes":2,"npid":3,"totalVotes":7,"spid":1,"abbr":"KESK","municipalCouncilor":true,"muid":992,"alid":3,"firstname":"Erkki","electionDayVotes":5,"pid":"2","finalPosition":0,"electedInformation":"ON_SUBSTITUTE_PLACE","totalVotesPercent":0.4,"nominatorName":{"fi":"Suomen Keskusta","sv":"Centern i Finland","en":"Centre Party of Finland"},"caid":64,"position":0,"gender":"1","comparisonData":{"totalVotes":113,"votesTotalChange":-106},"edid":11,"comparativeIndex":0.0,"electionDayVotesPercent":0.5,"nominatorAbbr":{"fi":"KESK","sv":"C","en":"CENT"}},{"age":20,"advanceVotesPercent":0.1,"lastname":"Rantanen","occupation":"opiskelija","advanceVotes":1,"npid":3,"totalVotes":7,"spid":1,"abbr":"KESK","municipalCouncilor":false,"muid":992,"alid":3,"firstname":"Ville","electionDayVotes":6,"pid":"2","finalPosition":0,"electedInformation":"ON_SUBSTITUTE_PLACE","totalVotesPercent":0.4,"nominatorName":{"fi":"Suomen Keskusta","sv":"Centern i Finland","en":"Centre Party of Finland"},"caid":65,"position":0,"gender":"1","comparisonData":{"totalVotes":0,"votesTotalChange":7},"edid":11,"comparativeIndex":0.0,"electionDayVotesPercent":0.5,"nominatorAbbr":{"fi":"KESK","sv":"C","en":"CENT"}},{"age":28,"advanceVotesPercent":0.4,"lastname":"Haimakainen","occupation":"sähkömies","advanceVotes":4,"npid":7,"totalVotes":7,"spid":6,"abbr":"VAS","municipalCouncilor":false,"muid":992,"alid":7,"firstname":"Jarno","electionDayVotes":3,"pid":"15","finalPosition":0,"electedInformation":"ON_SUBSTITUTE_PLACE","totalVotesPercent":0.4,"nominatorName":{"fi":"Vasemmistoliitto","sv":"Vänsterförbundet","en":"The Left Alliance"},"caid":97,"position":0,"gender":"1","comparisonData":{"totalVotes":0,"votesTotalChange":7},"edid":11,"comparativeIndex":0.0,"electionDayVotesPercent":0.3,"nominatorAbbr":{"fi":"VAS","sv":"VF","en":"LEFT"}},{"age":45,"advanceVotesPercent":0.3,"lastname":"Kaukometsä","occupation":"elektroniikka-asentaja, työkyvyttömyyseläkeläinen","advanceVotes":3,"npid":7,"totalVotes":7,"spid":6,"abbr":"VAS","municipalCouncilor":false,"muid":992,"alid":7,"firstname":"Jarkko","electionDayVotes":4,"pid":"15","finalPosition":0,"electedInformation":"NOT_ELECTED","totalVotesPercent":0.4,"nominatorName":{"fi":"Vasemmistoliitto","sv":"Vänsterförbundet","en":"The Left Alliance"},"caid":101,"position":0,"gender":"1","comparisonData":{"totalVotes":38,"votesTotalChange":-31},"edid":11,"comparativeIndex":0.0,"electionDayVotesPercent":0.4,"nominatorAbbr":{"fi":"VAS","sv":"VF","en":"LEFT"}},{"age":56,"advanceVotesPercent":0.3,"lastname":"Sironen","occupation":"päiväkotiapulainen","advanceVotes":3,"npid":1,"totalVotes":6,"spid":4,"abbr":"SDP","municipalCouncilor":false,"muid":992,"alid":1,"firstname":"Kikka","electionDayVotes":3,"pid":"1","finalPosition":0,"electedInformation":"NOT_ELECTED","totalVotesPercent":0.3,"nominatorName":{"fi":"Suomen Sosialidemokraattinen Puolue","sv":"Finlands Socialdemokratiska Parti","en":"The Finnish Social Democratic Party"},"caid":9,"position":0,"gender":"2","comparisonData":{"totalVotes":19,"votesTotalChange":-13},"edid":11,"comparativeIndex":0.0,"electionDayVotesPercent":0.3,"nominatorAbbr":{"fi":"SDP","sv":"SDP","en":"SDP"}},{"age":54,"advanceVotesPercent":0.1,"lastname":"Isoviita","occupation":"yrittäjä","advanceVotes":1,"npid":2,"totalVotes":6,"spid":2,"abbr":"KOK","municipalCouncilor":true,"muid":992,"alid":2,"firstname":"Martti","electionDayVotes":5,"pid":"4","finalPosition":0,"electedInformation":"ON_SUBSTITUTE_PLACE","totalVotesPercent":0.3,"nominatorName":{"fi":"Kansallinen Kokoomus","sv":"Samlingspartiet","en":"National Coalition Party"},"caid":34,"position":0,"gender":"1","comparisonData":{"totalVotes":89,"votesTotalChange":-83},"edid":11,"comparativeIndex":0.0,"electionDayVotesPercent":0.5,"nominatorAbbr":{"fi":"KOK","sv":"Saml","en":"NCP"}},{"age":38,"advanceVotesPercent":0.1,"lastname":"Kinnunen","occupation":"kirvesmies, muurari","advanceVotes":1,"npid":7,"totalVotes":6,"spid":6,"abbr":"VAS","municipalCouncilor":false,"muid":992,"alid":7,"firstname":"Tomi","electionDayVotes":5,"pid":"15","finalPosition":0,"electedInformation":"NOT_ELECTED","totalVotesPercent":0.3,"nominatorName":{"fi":"Vasemmistoliitto","sv":"Vänsterförbundet","en":"The Left Alliance"},"caid":104,"position":0,"gender":"1","comparisonData":{"totalVotes":0,"votesTotalChange":6},"edid":11,"comparativeIndex":0.0,"electionDayVotesPercent":0.5,"nominatorAbbr":{"fi":"VAS","sv":"VF","en":"LEFT"}},{"age":49,"advanceVotesPercent":0.2,"lastname":"Kovanen","occupation":"hankintapäällikkö","advanceVotes":2,"npid":7,"totalVotes":6,"spid":6,"abbr":"VAS","municipalCouncilor":false,"muid":992,"alid":7,"firstname":"Ilkka","electionDayVotes":4,"pid":"15","finalPosition":0,"electedInformation":"ON_SUBSTITUTE_PLACE","totalVotesPercent":0.3,"nominatorName":{"fi":"Vasemmistoliitto","sv":"Vänsterförbundet","en":"The Left Alliance"},"caid":105,"position":0,"gender":"1","comparisonData":{"totalVotes":30,"votesTotalChange":-24},"edid":11,"comparativeIndex":0.0,"electionDayVotesPercent":0.4,"nominatorAbbr":{"fi":"VAS","sv":"VF","en":"LEFT"}},{"age":73,"advanceVotesPercent":0.2,"lastname":"Vepsä","occupation":"eläkeläinen","advanceVotes":2,"npid":7,"totalVotes":6,"spid":6,"abbr":"VAS","municipalCouncilor":false,"muid":992,"alid":7,"firstname":"Hilkka","electionDayVotes":4,"pid":"15","finalPosition":0,"electedInformation":"ON_SUBSTITUTE_PLACE","totalVotesPercent":0.3,"nominatorName":{"fi":"Vasemmistoliitto","sv":"Vänsterförbundet","en":"The Left Alliance"},"caid":124,"position":0,"gender":"2","comparisonData":{"totalVotes":39,"votesTotalChange":-33},"edid":11,"comparativeIndex":0.0,"electionDayVotesPercent":0.4,"nominatorAbbr":{"fi":"VAS","sv":"VF","en":"LEFT"}},{"age":62,"advanceVotesPercent":0.1,"lastname":"Eronen","occupation":"linja-autonkuljettaja","advanceVotes":1,"npid":1,"totalVotes":5,"spid":4,"abbr":"SDP","municipalCouncilor":false,"muid":992,"alid":1,"firstname":"Keijo","electionDayVotes":4,"pid":"1","finalPosition":0,"electedInformation":"NOT_ELECTED","totalVotesPercent":0.3,"nominatorName":{"fi":"Suomen Sosialidemokraattinen Puolue","sv":"Finlands Socialdemokratiska Parti","en":"The Finnish Social Democratic Party"},"caid":5,"position":0,"gender":"1","comparisonData":{"totalVotes":21,"votesTotalChange":-16},"edid":11,"comparativeIndex":0.0,"electionDayVotesPercent":0.4,"nominatorAbbr":{"fi":"SDP","sv":"SDP","en":"SDP"}},{"age":46,"advanceVotesPercent":0.3,"lastname":"Autioniemi","occupation":"koulutussuunnittelija, maanviljelijä","advanceVotes":3,"npid":3,"totalVotes":5,"spid":1,"abbr":"KESK","municipalCouncilor":false,"muid":992,"alid":3,"firstname":"Janne","electionDayVotes":2,"pid":"2","finalPosition":0,"electedInformation":"ON_SUBSTITUTE_PLACE","totalVotesPercent":0.3,"nominatorName":{"fi":"Suomen Keskusta","sv":"Centern i Finland","en":"Centre Party of Finland"},"caid":43,"position":0,"gender":"1","comparisonData":{"totalVotes":0,"votesTotalChange":5},"edid":11,"comparativeIndex":0.0,"electionDayVotesPercent":0.2,"nominatorAbbr":{"fi":"KESK","sv":"C","en":"CENT"}},{"age":71,"advanceVotesPercent":0.4,"lastname":"Pasanen","occupation":"maanviljelijä, yrittäjä","advanceVotes":4,"npid":3,"totalVotes":5,"spid":1,"abbr":"KESK","municipalCouncilor":true,"muid":992,"alid":3,"firstname":"Kauko","electionDayVotes":1,"pid":"2","finalPosition":0,"electedInformation":"ON_SUBSTITUTE_PLACE","totalVotesPercent":0.3,"nominatorName":{"fi":"Suomen Keskusta","sv":"Centern i Finland","en":"Centre Party of Finland"},"caid":56,"position":0,"gender":"1","comparisonData":{"totalVotes":88,"votesTotalChange":-83},"edid":11,"comparativeIndex":0.0,"electionDayVotesPercent":0.1,"nominatorAbbr":{"fi":"KESK","sv":"C","en":"CENT"}},{"age":40,"advanceVotesPercent":0.2,"lastname":"Sulkala","occupation":"luokanopettaja","advanceVotes":2,"npid":5,"totalVotes":5,"spid":5,"abbr":"VIHR","municipalCouncilor":false,"muid":992,"alid":5,"firstname":"Tommi","electionDayVotes":3,"pid":"13","finalPosition":0,"electedInformation":"ON_SUBSTITUTE_PLACE","totalVotesPercent":0.3,"nominatorName":{"fi":"Vihreä liitto","sv":"Gröna förbundet","en":"Green League"},"caid":86,"position":0,"gender":"1","comparisonData":{"totalVotes":0,"votesTotalChange":5},"edid":11,"comparativeIndex":0.0,"electionDayVotesPercent":0.3,"nominatorAbbr":{"fi":"VIHR","sv":"Gröna","en":"GREEN"}},{"age":69,"advanceVotesPercent":0.2,"lastname":"Oranen","occupation":"paperityöntekijä, eläkeläinen","advanceVotes":2,"npid":7,"totalVotes":5,"spid":6,"abbr":"VAS","municipalCouncilor":false,"muid":992,"alid":7,"firstname":"Arvo","electionDayVotes":3,"pid":"15","finalPosition":0,"electedInformation":"NOT_ELECTED","totalVotesPercent":0.3,"nominatorName":{"fi":"Vasemmistoliitto","sv":"Vänsterförbundet","en":"The Left Alliance"},"caid":115,"position":0,"gender":"1","comparisonData":{"totalVotes":24,"votesTotalChange":-19},"edid":11,"comparativeIndex":0.0,"electionDayVotesPercent":0.3,"nominatorAbbr":{"fi":"VAS","sv":"VF","en":"LEFT"}},{"age":56,"advanceVotesPercent":0.4,"lastname":"Rautiainen","occupation":"kokki","advanceVotes":4,"npid":7,"totalVotes":5,"spid":6,"abbr":"VAS","municipalCouncilor":false,"muid":992,"alid":7,"firstname":"Antero","electionDayVotes":1,"pid":"15","finalPosition":0,"electedInformation":"NOT_ELECTED","totalVotesPercent":0.3,"nominatorName":{"fi":"Vasemmistoliitto","sv":"Vänsterförbundet","en":"The Left Alliance"},"caid":119,"position":0,"gender":"1","comparisonData":{"totalVotes":0,"votesTotalChange":5},"edid":11,"comparativeIndex":0.0,"electionDayVotesPercent":0.1,"nominatorAbbr":{"fi":"VAS","sv":"VF","en":"LEFT"}},{"age":73,"advanceVotesPercent":0.2,"lastname":"Pasanen","occupation":"karaokeisäntä, eläkeläinen","advanceVotes":2,"npid":1,"totalVotes":4,"spid":4,"abbr":"SDP","municipalCouncilor":false,"muid":992,"alid":1,"firstname":"Matti","electionDayVotes":2,"pid":"1","finalPosition":0,"electedInformation":"ON_SUBSTITUTE_PLACE","totalVotesPercent":0.2,"nominatorName":{"fi":"Suomen Sosialidemokraattinen Puolue","sv":"Finlands Socialdemokratiska Parti","en":"The Finnish Social Democratic Party"},"caid":16,"position":0,"gender":"1","comparisonData":{"totalVotes":45,"votesTotalChange":-41},"edid":11,"comparativeIndex":0.0,"electionDayVotesPercent":0.2,"nominatorAbbr":{"fi":"SDP","sv":"SDP","en":"SDP"}},{"age":66,"advanceVotesPercent":0.3,"lastname":"Saarenpää","occupation":"palo- ja suojelupäällikkö, yrittäjä","advanceVotes":3,"npid":2,"totalVotes":4,"spid":2,"abbr":"KOK","municipalCouncilor":false,"muid":992,"alid":2,"firstname":"Ilkka","electionDayVotes":1,"pid":"4","finalPosition":0,"electedInformation":"NOT_ELECTED","totalVotesPercent":0.2,"nominatorName":{"fi":"Kansallinen Kokoomus","sv":"Samlingspartiet","en":"National Coalition Party"},"caid":39,"position":0,"gender":"1","comparisonData":{"totalVotes":47,"votesTotalChange":-43},"edid":11,"comparativeIndex":0.0,"electionDayVotesPercent":0.1,"nominatorAbbr":{"fi":"KOK","sv":"Saml","en":"NCP"}},{"age":54,"advanceVotesPercent":0.2,"lastname":"Harjulampi","occupation":"lähihoitaja, luottamusmies","advanceVotes":2,"npid":3,"totalVotes":4,"spid":1,"abbr":"KESK","municipalCouncilor":false,"muid":992,"alid":3,"firstname":"Sari","electionDayVotes":2,"pid":"2","finalPosition":0,"electedInformation":"NOT_ELECTED","totalVotesPercent":0.2,"nominatorName":{"fi":"Suomen Keskusta","sv":"Centern i Finland","en":"Centre Party of Finland"},"caid":44,"position":0,"gender":"2","comparisonData":{"totalVotes":0,"votesTotalChange":4},"edid":11,"comparativeIndex":0.0,"electionDayVotesPercent":0.2,"nominatorAbbr":{"fi":"KESK","sv":"C","en":"CENT"}},{"age":59,"advanceVotesPercent":0.2,"lastname":"Pikkupeura","occupation":"palvelukeskuksen johtaja","advanceVotes":2,"npid":3,"totalVotes":4,"spid":1,"abbr":"KESK","municipalCouncilor":false,"muid":992,"alid":3,"firstname":"Kristiina","electionDayVotes":2,"pid":"2","finalPosition":0,"electedInformation":"NOT_ELECTED","totalVotesPercent":0.2,"nominatorName":{"fi":"Suomen Keskusta","sv":"Centern i Finland","en":"Centre Party of Finland"},"caid":63,"position":0,"gender":"2","comparisonData":{"totalVotes":0,"votesTotalChange":4},"edid":11,"comparativeIndex":0.0,"electionDayVotesPercent":0.2,"nominatorAbbr":{"fi":"KESK","sv":"C","en":"CENT"}},{"age":44,"advanceVotesPercent":0.2,"lastname":"Viskari","occupation":"terveydenhoitaja, omaishoitaja","advanceVotes":2,"npid":3,"totalVotes":4,"spid":1,"abbr":"KESK","municipalCouncilor":false,"muid":992,"alid":3,"firstname":"Anu","electionDayVotes":2,"pid":"2","finalPosition":0,"electedInformation":"NOT_ELECTED","totalVotesPercent":0.2,"nominatorName":{"fi":"Suomen Keskusta","sv":"Centern i Finland","en":"Centre Party of Finland"},"caid":68,"position":0,"gender":"2","comparisonData":{"totalVotes":0,"votesTotalChange":4},"edid":11,"comparativeIndex":0.0,"electionDayVotesPercent":0.2,"nominatorAbbr":{"fi":"KESK","sv":"C","en":"CENT"}},{"age":69,"advanceVotesPercent":0.3,"lastname":"Haavisto","occupation":"eläkeläinen, diplomi-insinööri","advanceVotes":3,"npid":4,"totalVotes":4,"spid":3,"abbr":"PS","municipalCouncilor":false,"muid":992,"alid":4,"firstname":"Seppo","electionDayVotes":1,"pid":"23","finalPosition":0,"electedInformation":"NOT_ELECTED","totalVotesPercent":0.2,"nominatorName":{"fi":"Perussuomalaiset","sv":"Sannfinländarna","en":"The Finns Party"},"caid":70,"position":0,"gender":"1","comparisonData":{"totalVotes":14,"votesTotalChange":-10},"edid":11,"comparativeIndex":0.0,"electionDayVotesPercent":0.1,"nominatorAbbr":{"fi":"PS","sv":"Sannf","en":"FINNS"}},{"age":35,"advanceVotesPercent":0.0,"lastname":"Mertaniemi","occupation":"varastotyöntekijä","advanceVotes":0,"npid":7,"totalVotes":4,"spid":6,"abbr":"VAS","municipalCouncilor":false,"muid":992,"alid":7,"firstname":"Sami","electionDayVotes":4,"pid":"15","finalPosition":0,"electedInformation":"NOT_ELECTED","totalVotesPercent":0.2,"nominatorName":{"fi":"Vasemmistoliitto","sv":"Vänsterförbundet","en":"The Left Alliance"},"caid":109,"position":0,"gender":"1","comparisonData":{"totalVotes":0,"votesTotalChange":4},"edid":11,"comparativeIndex":0.0,"electionDayVotesPercent":0.4,"nominatorAbbr":{"fi":"VAS","sv":"VF","en":"LEFT"}},{"age":51,"advanceVotesPercent":0.1,"lastname":"Neste","occupation":"varastotyöntekijä","advanceVotes":1,"npid":7,"totalVotes":4,"spid":6,"abbr":"VAS","municipalCouncilor":false,"muid":992,"alid":7,"firstname":"Jouni","electionDayVotes":3,"pid":"15","finalPosition":0,"electedInformation":"ON_SUBSTITUTE_PLACE","totalVotesPercent":0.2,"nominatorName":{"fi":"Vasemmistoliitto","sv":"Vänsterförbundet","en":"The Left Alliance"},"caid":111,"position":0,"gender":"1","comparisonData":{"totalVotes":0,"votesTotalChange":4},"edid":11,"comparativeIndex":0.0,"electionDayVotesPercent":0.3,"nominatorAbbr":{"fi":"VAS","sv":"VF","en":"LEFT"}},{"age":45,"advanceVotesPercent":0.1,"lastname":"Neuvonen","occupation":"maanviljelijä, metallityöntekijä","advanceVotes":1,"npid":3,"totalVotes":3,"spid":1,"abbr":"KESK","municipalCouncilor":false,"muid":992,"alid":3,"firstname":"Hannele","electionDayVotes":2,"pid":"2","finalPosition":0,"electedInformation":"NOT_ELECTED","totalVotesPercent":0.2,"nominatorName":{"fi":"Suomen Keskusta","sv":"Centern i Finland","en":"Centre Party of Finland"},"caid":54,"position":0,"gender":"2","comparisonData":{"totalVotes":9,"votesTotalChange":-6},"edid":11,"comparativeIndex":0.0,"electionDayVotesPercent":0.2,"nominatorAbbr":{"fi":"KESK","sv":"C","en":"CENT"}},{"age":53,"advanceVotesPercent":0.0,"lastname":"Hautsalo","occupation":"huoltoteknikko","advanceVotes":0,"npid":4,"totalVotes":3,"spid":3,"abbr":"PS","municipalCouncilor":true,"muid":992,"alid":4,"firstname":"Harri","electionDayVotes":3,"pid":"23","finalPosition":0,"electedInformation":"ON_SUBSTITUTE_PLACE","totalVotesPercent":0.2,"nominatorName":{"fi":"Perussuomalaiset","sv":"Sannfinländarna","en":"The Finns Party"},"caid":72,"position":0,"gender":"1","comparisonData":{"totalVotes":80,"votesTotalChange":-77},"edid":11,"comparativeIndex":0.0,"electionDayVotesPercent":0.3,"nominatorAbbr":{"fi":"PS","sv":"Sannf","en":"FINNS"}},{"age":62,"advanceVotesPercent":0.1,"lastname":"Ilves","occupation":"kehitysvammaistenohjaaja","advanceVotes":1,"npid":4,"totalVotes":3,"spid":3,"abbr":"PS","municipalCouncilor":false,"muid":992,"alid":4,"firstname":"Pirjo","electionDayVotes":2,"pid":"23","finalPosition":0,"electedInformation":"NOT_ELECTED","totalVotesPercent":0.2,"nominatorName":{"fi":"Perussuomalaiset","sv":"Sannfinländarna","en":"The Finns Party"},"caid":75,"position":0,"gender":"2","comparisonData":{"totalVotes":0,"votesTotalChange":3},"edid":11,"comparativeIndex":0.0,"electionDayVotesPercent":0.2,"nominatorAbbr":{"fi":"PS","sv":"Sannf","en":"FINNS"}},{"age":49,"advanceVotesPercent":0.1,"lastname":"Kuusjärvi","occupation":"kirjanpitäjä","advanceVotes":1,"npid":4,"totalVotes":3,"spid":3,"abbr":"PS","municipalCouncilor":false,"muid":992,"alid":4,"firstname":"Minna","electionDayVotes":2,"pid":"23","finalPosition":0,"electedInformation":"NOT_ELECTED","totalVotesPercent":0.2,"nominatorName":{"fi":"Perussuomalaiset","sv":"Sannfinländarna","en":"The Finns Party"},"caid":79,"position":0,"gender":"2","comparisonData":{"totalVotes":0,"votesTotalChange":3},"edid":11,"comparativeIndex":0.0,"electionDayVotesPercent":0.2,"nominatorAbbr":{"fi":"PS","sv":"Sannf","en":"FINNS"}},{"age":63,"advanceVotesPercent":0.1,"lastname":"Perälä","occupation":"historian opettaja","advanceVotes":1,"npid":7,"totalVotes":3,"spid":6,"abbr":"VAS","municipalCouncilor":false,"muid":992,"alid":7,"firstname":"Kari","electionDayVotes":2,"pid":"15","finalPosition":0,"electedInformation":"ON_SUBSTITUTE_PLACE","totalVotesPercent":0.2,"nominatorName":{"fi":"Vasemmistoliitto","sv":"Vänsterförbundet","en":"The Left Alliance"},"caid":117,"position":0,"gender":"1","comparisonData":{"totalVotes":0,"votesTotalChange":3},"edid":11,"comparativeIndex":0.0,"electionDayVotesPercent":0.2,"nominatorAbbr":{"fi":"VAS","sv":"VF","en":"LEFT"}},{"age":60,"advanceVotesPercent":0.1,"lastname":"Alanurmi","occupation":"lähihoitaja","advanceVotes":1,"npid":1,"totalVotes":2,"spid":4,"abbr":"SDP","municipalCouncilor":false,"muid":992,"alid":1,"firstname":"Mirja","electionDayVotes":1,"pid":"1","finalPosition":0,"electedInformation":"ON_SUBSTITUTE_PLACE","totalVotesPercent":0.1,"nominatorName":{"fi":"Suomen Sosialidemokraattinen Puolue","sv":"Finlands Socialdemokratiska Parti","en":"The Finnish Social Democratic Party"},"caid":19,"position":0,"gender":"2","comparisonData":{"totalVotes":0,"votesTotalChange":2},"edid":11,"comparativeIndex":0.0,"electionDayVotesPercent":0.1,"nominatorAbbr":{"fi":"SDP","sv":"SDP","en":"SDP"}},{"age":65,"advanceVotesPercent":0.0,"lastname":"Vilén","occupation":"perhehoitaja","advanceVotes":0,"npid":1,"totalVotes":2,"spid":4,"abbr":"SDP","municipalCouncilor":false,"muid":992,"alid":1,"firstname":"Erkki","electionDayVotes":2,"pid":"1","finalPosition":0,"electedInformation":"NOT_ELECTED","totalVotesPercent":0.1,"nominatorName":{"fi":"Suomen Sosialidemokraattinen Puolue","sv":"Finlands Socialdemokratiska Parti","en":"The Finnish Social Democratic Party"},"caid":25,"position":0,"gender":"1","comparisonData":{"totalVotes":15,"votesTotalChange":-13},"edid":11,"comparativeIndex":0.0,"electionDayVotesPercent":0.2,"nominatorAbbr":{"fi":"SDP","sv":"SDP","en":"SDP"}},{"age":58,"advanceVotesPercent":0.0,"lastname":"Pasanen","occupation":"lähihoitaja","advanceVotes":0,"npid":2,"totalVotes":2,"spid":2,"abbr":"KOK","municipalCouncilor":false,"muid":992,"alid":2,"firstname":"Helena","electionDayVotes":2,"pid":"4","finalPosition":0,"electedInformation":"NOT_ELECTED","totalVotesPercent":0.1,"nominatorName":{"fi":"Kansallinen Kokoomus","sv":"Samlingspartiet","en":"National Coalition Party"},"caid":37,"position":0,"gender":"2","comparisonData":{"totalVotes":0,"votesTotalChange":2},"edid":11,"comparativeIndex":0.0,"electionDayVotesPercent":0.2,"nominatorAbbr":{"fi":"KOK","sv":"Saml","en":"NCP"}},{"age":56,"advanceVotesPercent":0.1,"lastname":"Amunet","occupation":"arkkitehti, yrittäjä","advanceVotes":1,"npid":3,"totalVotes":2,"spid":1,"abbr":"KESK","municipalCouncilor":false,"muid":992,"alid":3,"firstname":"Eero","electionDayVotes":1,"pid":"2","finalPosition":0,"electedInformation":"NOT_ELECTED","totalVotesPercent":0.1,"nominatorName":{"fi":"Suomen Keskusta","sv":"Centern i Finland","en":"Centre Party of Finland"},"caid":42,"position":0,"gender":"1","comparisonData":{"totalVotes":0,"votesTotalChange":2},"edid":11,"comparativeIndex":0.0,"electionDayVotesPercent":0.1,"nominatorAbbr":{"fi":"KESK","sv":"C","en":"CENT"}},{"age":48,"advanceVotesPercent":0.0,"lastname":"Pekkala","occupation":"laboratoriohoitaja, yrittäjä","advanceVotes":0,"npid":3,"totalVotes":2,"spid":1,"abbr":"KESK","municipalCouncilor":false,"muid":992,"alid":3,"firstname":"Merja","electionDayVotes":2,"pid":"2","finalPosition":0,"electedInformation":"NOT_ELECTED","totalVotesPercent":0.1,"nominatorName":{"fi":"Suomen Keskusta","sv":"Centern i Finland","en":"Centre Party of Finland"},"caid":57,"position":0,"gender":"2","comparisonData":{"totalVotes":0,"votesTotalChange":2},"edid":11,"comparativeIndex":0.0,"electionDayVotesPercent":0.2,"nominatorAbbr":{"fi":"KESK","sv":"C","en":"CENT"}},{"age":41,"advanceVotesPercent":0.1,"lastname":"Pellinen","occupation":"kirjastovirkailija, lähihoitaja","advanceVotes":1,"npid":3,"totalVotes":2,"spid":1,"abbr":"KESK","municipalCouncilor":false,"muid":992,"alid":3,"firstname":"Tanja","electionDayVotes":1,"pid":"2","finalPosition":0,"electedInformation":"ON_SUBSTITUTE_PLACE","totalVotesPercent":0.1,"nominatorName":{"fi":"Suomen Keskusta","sv":"Centern i Finland","en":"Centre Party of Finland"},"caid":59,"position":0,"gender":"2","comparisonData":{"totalVotes":0,"votesTotalChange":2},"edid":11,"comparativeIndex":0.0,"electionDayVotesPercent":0.1,"nominatorAbbr":{"fi":"KESK","sv":"C","en":"CENT"}},{"age":63,"advanceVotesPercent":0.0,"lastname":"Ilves","occupation":"rakennusmestari","advanceVotes":0,"npid":4,"totalVotes":2,"spid":3,"abbr":"PS","municipalCouncilor":true,"muid":992,"alid":4,"firstname":"Mauri","electionDayVotes":2,"pid":"23","finalPosition":0,"electedInformation":"ON_SUBSTITUTE_PLACE","totalVotesPercent":0.1,"nominatorName":{"fi":"Perussuomalaiset","sv":"Sannfinländarna","en":"The Finns Party"},"caid":74,"position":0,"gender":"1","comparisonData":{"totalVotes":61,"votesTotalChange":-59},"edid":11,"comparativeIndex":0.0,"electionDayVotesPercent":0.2,"nominatorAbbr":{"fi":"PS","sv":"Sannf","en":"FINNS"}},{"age":25,"advanceVotesPercent":0.2,"lastname":"Seppälä","occupation":"lähihoitaja, toiminnanohjaaja","advanceVotes":2,"npid":7,"totalVotes":2,"spid":6,"abbr":"VAS","municipalCouncilor":false,"muid":992,"alid":7,"firstname":"Michelle","electionDayVotes":0,"pid":"15","finalPosition":0,"electedInformation":"NOT_ELECTED","totalVotesPercent":0.1,"nominatorName":{"fi":"Vasemmistoliitto","sv":"Vänsterförbundet","en":"The Left Alliance"},"caid":121,"position":0,"gender":"2","comparisonData":{"totalVotes":0,"votesTotalChange":2},"edid":11,"comparativeIndex":0.0,"electionDayVotesPercent":0.0,"nominatorAbbr":{"fi":"VAS","sv":"VF","en":"LEFT"}},{"age":46,"advanceVotesPercent":0.0,"lastname":"Hokkanen","occupation":"vanerityöntekijä","advanceVotes":0,"npid":1,"totalVotes":1,"spid":4,"abbr":"SDP","municipalCouncilor":false,"muid":992,"alid":1,"firstname":"Marko","electionDayVotes":1,"pid":"1","finalPosition":0,"electedInformation":"ON_SUBSTITUTE_PLACE","totalVotesPercent":0.1,"nominatorName":{"fi":"Suomen Sosialidemokraattinen Puolue","sv":"Finlands Socialdemokratiska Parti","en":"The Finnish Social Democratic Party"},"caid":10,"position":0,"gender":"1","comparisonData":{"totalVotes":26,"votesTotalChange":-25},"edid":11,"comparativeIndex":0.0,"electionDayVotesPercent":0.1,"nominatorAbbr":{"fi":"SDP","sv":"SDP","en":"SDP"}},{"age":61,"advanceVotesPercent":0.0,"lastname":"Niskanen","occupation":"vientisihteeri","advanceVotes":0,"npid":1,"totalVotes":1,"spid":4,"abbr":"SDP","municipalCouncilor":false,"muid":992,"alid":1,"firstname":"Irina","electionDayVotes":1,"pid":"1","finalPosition":0,"electedInformation":"NOT_ELECTED","totalVotesPercent":0.1,"nominatorName":{"fi":"Suomen Sosialidemokraattinen Puolue","sv":"Finlands Socialdemokratiska Parti","en":"The Finnish Social Democratic Party"},"caid":20,"position":0,"gender":"2","comparisonData":{"totalVotes":0,"votesTotalChange":1},"edid":11,"comparativeIndex":0.0,"electionDayVotesPercent":0.1,"nominatorAbbr":{"fi":"SDP","sv":"SDP","en":"SDP"}},{"age":31,"advanceVotesPercent":0.0,"lastname":"Kyröläinen","occupation":"yrittäjä","advanceVotes":0,"npid":3,"totalVotes":1,"spid":1,"abbr":"KESK","municipalCouncilor":false,"muid":992,"alid":3,"firstname":"Antti","electionDayVotes":1,"pid":"2","finalPosition":0,"electedInformation":"ON_SUBSTITUTE_PLACE","totalVotesPercent":0.1,"nominatorName":{"fi":"Suomen Keskusta","sv":"Centern i Finland","en":"Centre Party of Finland"},"caid":50,"position":0,"gender":"1","comparisonData":{"totalVotes":0,"votesTotalChange":1},"edid":11,"comparativeIndex":0.0,"electionDayVotesPercent":0.1,"nominatorAbbr":{"fi":"KESK","sv":"C","en":"CENT"}},{"age":70,"advanceVotesPercent":0.1,"lastname":"Matila","occupation":"maaseutuyrittäjä","advanceVotes":1,"npid":3,"totalVotes":1,"spid":1,"abbr":"KESK","municipalCouncilor":false,"muid":992,"alid":3,"firstname":"Tapani","electionDayVotes":0,"pid":"2","finalPosition":0,"electedInformation":"NOT_ELECTED","totalVotesPercent":0.1,"nominatorName":{"fi":"Suomen Keskusta","sv":"Centern i Finland","en":"Centre Party of Finland"},"caid":53,"position":0,"gender":"1","comparisonData":{"totalVotes":0,"votesTotalChange":1},"edid":11,"comparativeIndex":0.0,"electionDayVotesPercent":0.0,"nominatorAbbr":{"fi":"KESK","sv":"C","en":"CENT"}},{"age":61,"advanceVotesPercent":0.1,"lastname":"Wilén","occupation":"tutkija","advanceVotes":1,"npid":3,"totalVotes":1,"spid":1,"abbr":"KESK","municipalCouncilor":false,"muid":992,"alid":3,"firstname":"Lauri","electionDayVotes":0,"pid":"2","finalPosition":0,"electedInformation":"NOT_ELECTED","totalVotesPercent":0.1,"nominatorName":{"fi":"Suomen Keskusta","sv":"Centern i Finland","en":"Centre Party of Finland"},"caid":69,"position":0,"gender":"1","comparisonData":{"totalVotes":6,"votesTotalChange":-5},"edid":11,"comparativeIndex":0.0,"electionDayVotesPercent":0.0,"nominatorAbbr":{"fi":"KESK","sv":"C","en":"CENT"}},{"age":28,"advanceVotesPercent":0.0,"lastname":"Kotilainen","occupation":"LVI-asentaja","advanceVotes":0,"npid":4,"totalVotes":1,"spid":3,"abbr":"PS","municipalCouncilor":false,"muid":992,"alid":4,"firstname":"Joni","electionDayVotes":1,"pid":"23","finalPosition":0,"electedInformation":"ELECTED","totalVotesPercent":0.1,"nominatorName":{"fi":"Perussuomalaiset","sv":"Sannfinländarna","en":"The Finns Party"},"caid":78,"position":0,"gender":"1","comparisonData":{"totalVotes":0,"votesTotalChange":1},"edid":11,"comparativeIndex":0.0,"electionDayVotesPercent":0.1,"nominatorAbbr":{"fi":"PS","sv":"Sannf","en":"FINNS"}},{"age":69,"advanceVotesPercent":0.0,"lastname":"Hintikka","occupation":"ent. kirjastonhoitaja","advanceVotes":0,"npid":6,"totalVotes":1,"spid":8,"abbr":"KD","municipalCouncilor":false,"muid":992,"alid":6,"firstname":"Raili","electionDayVotes":1,"pid":"9","finalPosition":0,"electedInformation":"NOT_ELECTED","totalVotesPercent":0.1,"nominatorName":{"fi":"Suomen Kristillisdemokraatit (KD)","sv":"Kristdemokraterna i Finland (KD)","en":"Christian Democrats in Finland"},"caid":92,"position":0,"gender":"2","comparisonData":{"totalVotes":6,"votesTotalChange":-5},"edid":11,"comparativeIndex":0.0,"electionDayVotesPercent":0.1,"nominatorAbbr":{"fi":"KD","sv":"KD","en":"CD"}},{"age":58,"advanceVotesPercent":0.0,"lastname":"Lahukka","occupation":"peltiseppä","advanceVotes":0,"npid":7,"totalVotes":1,"spid":6,"abbr":"VAS","municipalCouncilor":false,"muid":992,"alid":7,"firstname":"Seppo","electionDayVotes":1,"pid":"15","finalPosition":0,"electedInformation":"NOT_ELECTED","totalVotesPercent":0.1,"nominatorName":{"fi":"Vasemmistoliitto","sv":"Vänsterförbundet","en":"The Left Alliance"},"caid":106,"position":0,"gender":"1","comparisonData":{"totalVotes":0,"votesTotalChange":1},"edid":11,"comparativeIndex":0.0,"electionDayVotesPercent":0.1,"nominatorAbbr":{"fi":"VAS","sv":"VF","en":"LEFT"}},{"age":55,"advanceVotesPercent":0.0,"lastname":"Linja-aho","occupation":"paperityöntekijä, eläkeläinen","advanceVotes":0,"npid":7,"totalVotes":1,"spid":6,"abbr":"VAS","municipalCouncilor":false,"muid":992,"alid":7,"firstname":"Ari","electionDayVotes":1,"pid":"15","finalPosition":0,"electedInformation":"NOT_ELECTED","totalVotesPercent":0.1,"nominatorName":{"fi":"Vasemmistoliitto","sv":"Vänsterförbundet","en":"The Left Alliance"},"caid":107,"position":0,"gender":"1","comparisonData":{"totalVotes":0,"votesTotalChange":1},"edid":11,"comparativeIndex":0.0,"electionDayVotesPercent":0.1,"nominatorAbbr":{"fi":"VAS","sv":"VF","en":"LEFT"}},{"age":66,"advanceVotesPercent":0.0,"lastname":"Seppälä-Kupari","occupation":"ompelija","advanceVotes":0,"npid":7,"totalVotes":1,"spid":6,"abbr":"VAS","municipalCouncilor":false,"muid":992,"alid":7,"firstname":"Helena","electionDayVotes":1,"pid":"15","finalPosition":0,"electedInformation":"NOT_ELECTED","totalVotesPercent":0.1,"nominatorName":{"fi":"Vasemmistoliitto","sv":"Vänsterförbundet","en":"The Left Alliance"},"caid":122,"position":0,"gender":"2","comparisonData":{"totalVotes":24,"votesTotalChange":-23},"edid":11,"comparativeIndex":0.0,"electionDayVotesPercent":0.1,"nominatorAbbr":{"fi":"VAS","sv":"VF","en":"LEFT"}},{"age":27,"advanceVotesPercent":0.1,"lastname":"Viik","occupation":"ohjaaja","advanceVotes":1,"npid":7,"totalVotes":1,"spid":6,"abbr":"VAS","municipalCouncilor":false,"muid":992,"alid":7,"firstname":"Elina","electionDayVotes":0,"pid":"15","finalPosition":0,"electedInformation":"ON_SUBSTITUTE_PLACE","totalVotesPercent":0.1,"nominatorName":{"fi":"Vasemmistoliitto","sv":"Vänsterförbundet","en":"The Left Alliance"},"caid":125,"position":0,"gender":"2","comparisonData":{"totalVotes":0,"votesTotalChange":1},"edid":11,"comparativeIndex":0.0,"electionDayVotesPercent":0.0,"nominatorAbbr":{"fi":"VAS","sv":"VF","en":"LEFT"}},{"age":63,"advanceVotesPercent":0.1,"lastname":"Virtanen","occupation":"kulttuurijohtaja, yrittäjä","advanceVotes":1,"npid":7,"totalVotes":1,"spid":6,"abbr":"VAS","municipalCouncilor":true,"muid":992,"alid":7,"firstname":"Matti","electionDayVotes":0,"pid":"15","finalPosition":0,"electedInformation":"ELECTED","totalVotesPercent":0.1,"nominatorName":{"fi":"Vasemmistoliitto","sv":"Vänsterförbundet","en":"The Left Alliance"},"caid":126,"position":0,"gender":"1","comparisonData":{"totalVotes":72,"votesTotalChange":-71},"edid":11,"comparativeIndex":0.0,"electionDayVotesPercent":0.0,"nominatorAbbr":{"fi":"VAS","sv":"VF","en":"LEFT"}},{"age":38,"advanceVotesPercent":0.0,"lastname":"Väätäinen","occupation":"materiaalinkäsittelijä","advanceVotes":0,"npid":7,"totalVotes":1,"spid":6,"abbr":"VAS","municipalCouncilor":false,"muid":992,"alid":7,"firstname":"Jari","electionDayVotes":1,"pid":"15","finalPosition":0,"electedInformation":"NOT_ELECTED","totalVotesPercent":0.1,"nominatorName":{"fi":"Vasemmistoliitto","sv":"Vänsterförbundet","en":"The Left Alliance"},"caid":127,"position":0,"gender":"1","comparisonData":{"totalVotes":0,"votesTotalChange":1},"edid":11,"comparativeIndex":0.0,"electionDayVotesPercent":0.1,"nominatorAbbr":{"fi":"VAS","sv":"VF","en":"LEFT"}},{"age":59,"advanceVotesPercent":0.0,"lastname":"Raitanen","occupation":"kanslisti, eläkeläinen","advanceVotes":0,"npid":1,"totalVotes":0,"spid":4,"abbr":"SDP","municipalCouncilor":false,"muid":992,"alid":1,"firstname":"Leena","electionDayVotes":0,"pid":"1","finalPosition":0,"electedInformation":"NOT_ELECTED","totalVotesPercent":0.0,"nominatorName":{"fi":"Suomen Sosialidemokraattinen Puolue","sv":"Finlands Socialdemokratiska Parti","en":"The Finnish Social Democratic Party"},"caid":15,"position":0,"gender":"2","comparisonData":{"totalVotes":25,"votesTotalChange":-25},"edid":11,"comparativeIndex":0.0,"electionDayVotesPercent":0.0,"nominatorAbbr":{"fi":"SDP","sv":"SDP","en":"SDP"}},{"age":70,"advanceVotesPercent":0.0,"lastname":"Uusitalo","occupation":"eläkeläinen, yrittäjä","advanceVotes":0,"npid":1,"totalVotes":0,"spid":4,"abbr":"SDP","municipalCouncilor":false,"muid":992,"alid":1,"firstname":"Erkki","electionDayVotes":0,"pid":"1","finalPosition":0,"electedInformation":"ON_SUBSTITUTE_PLACE","totalVotesPercent":0.0,"nominatorName":{"fi":"Suomen Sosialidemokraattinen Puolue","sv":"Finlands Socialdemokratiska Parti","en":"The Finnish Social Democratic Party"},"caid":30,"position":0,"gender":"1","comparisonData":{"totalVotes":18,"votesTotalChange":-18},"edid":11,"comparativeIndex":0.0,"electionDayVotesPercent":0.0,"nominatorAbbr":{"fi":"SDP","sv":"SDP","en":"SDP"}},{"age":56,"advanceVotesPercent":0.0,"lastname":"Geijer","occupation":"hoitaja","advanceVotes":0,"npid":2,"totalVotes":0,"spid":2,"abbr":"KOK","municipalCouncilor":false,"muid":992,"alid":2,"firstname":"Taina","electionDayVotes":0,"pid":"4","finalPosition":0,"electedInformation":"NOT_ELECTED","totalVotesPercent":0.0,"nominatorName":{"fi":"Kansallinen Kokoomus","sv":"Samlingspartiet","en":"National Coalition Party"},"caid":33,"position":0,"gender":"2","comparisonData":{"totalVotes":10,"votesTotalChange":-10},"edid":11,"comparativeIndex":0.0,"electionDayVotesPercent":0.0,"nominatorAbbr":{"fi":"KOK","sv":"Saml","en":"NCP"}},{"age":57,"advanceVotesPercent":0.0,"lastname":"Hillu","occupation":"terveydenhoitaja","advanceVotes":0,"npid":3,"totalVotes":0,"spid":1,"abbr":"KESK","municipalCouncilor":false,"muid":992,"alid":3,"firstname":"Helena","electionDayVotes":0,"pid":"2","finalPosition":0,"electedInformation":"NOT_ELECTED","totalVotesPercent":0.0,"nominatorName":{"fi":"Suomen Keskusta","sv":"Centern i Finland","en":"Centre Party of Finland"},"caid":46,"position":0,"gender":"2","comparisonData":{"totalVotes":0,"votesTotalChange":0},"edid":11,"comparativeIndex":0.0,"electionDayVotesPercent":0.0,"nominatorAbbr":{"fi":"KESK","sv":"C","en":"CENT"}},{"age":77,"advanceVotesPercent":0.0,"lastname":"Hänninen","occupation":"maaseutuyrittäjä, eläkeläinen","advanceVotes":0,"npid":3,"totalVotes":0,"spid":1,"abbr":"KESK","municipalCouncilor":true,"muid":992,"alid":3,"firstname":"Seppo","electionDayVotes":0,"pid":"2","finalPosition":0,"electedInformation":"ELECTED","totalVotesPercent":0.0,"nominatorName":{"fi":"Suomen Keskusta","sv":"Centern i Finland","en":"Centre Party of Finland"},"caid":47,"position":0,"gender":"1","comparisonData":{"totalVotes":113,"votesTotalChange":-113},"edid":11,"comparativeIndex":0.0,"electionDayVotesPercent":0.0,"nominatorAbbr":{"fi":"KESK","sv":"C","en":"CENT"}},{"age":39,"advanceVotesPercent":0.0,"lastname":"Sällinen","occupation":"yrittäjä","advanceVotes":0,"npid":3,"totalVotes":0,"spid":1,"abbr":"KESK","municipalCouncilor":false,"muid":992,"alid":3,"firstname":"Janne","electionDayVotes":0,"pid":"2","finalPosition":0,"electedInformation":"NOT_ELECTED","totalVotesPercent":0.0,"nominatorName":{"fi":"Suomen Keskusta","sv":"Centern i Finland","en":"Centre Party of Finland"},"caid":66,"position":0,"gender":"1","comparisonData":{"totalVotes":0,"votesTotalChange":0},"edid":11,"comparativeIndex":0.0,"electionDayVotesPercent":0.0,"nominatorAbbr":{"fi":"KESK","sv":"C","en":"CENT"}},{"age":51,"advanceVotesPercent":0.0,"lastname":"Korte","occupation":"sanomalehdenjakaja","advanceVotes":0,"npid":4,"totalVotes":0,"spid":3,"abbr":"PS","municipalCouncilor":false,"muid":992,"alid":4,"firstname":"Tomi","electionDayVotes":0,"pid":"23","finalPosition":0,"electedInformation":"NOT_ELECTED","totalVotesPercent":0.0,"nominatorName":{"fi":"Perussuomalaiset","sv":"Sannfinländarna","en":"The Finns Party"},"caid":77,"position":0,"gender":"1","comparisonData":{"totalVotes":0,"votesTotalChange":0},"edid":11,"comparativeIndex":0.0,"electionDayVotesPercent":0.0,"nominatorAbbr":{"fi":"PS","sv":"Sannf","en":"FINNS"}},{"age":64,"advanceVotesPercent":0.0,"lastname":"Hintikka","occupation":"metsänhoitaja, opettaja eläk.","advanceVotes":0,"npid":6,"totalVotes":0,"spid":8,"abbr":"KD","municipalCouncilor":false,"muid":992,"alid":6,"firstname":"Risto","electionDayVotes":0,"pid":"9","finalPosition":0,"electedInformation":"NOT_ELECTED","totalVotesPercent":0.0,"nominatorName":{"fi":"Suomen Kristillisdemokraatit (KD)","sv":"Kristdemokraterna i Finland (KD)","en":"Christian Democrats in Finland"},"caid":93,"position":0,"gender":"1","comparisonData":{"totalVotes":12,"votesTotalChange":-12},"edid":11,"comparativeIndex":0.0,"electionDayVotesPercent":0.0,"nominatorAbbr":{"fi":"KD","sv":"KD","en":"CD"}},{"age":31,"advanceVotesPercent":0.0,"lastname":"Hamkar","occupation":"linja-autonkuljettaja","advanceVotes":0,"npid":7,"totalVotes":0,"spid":6,"abbr":"VAS","municipalCouncilor":false,"muid":992,"alid":7,"firstname":"Hasif","electionDayVotes":0,"pid":"15","finalPosition":0,"electedInformation":"ON_SUBSTITUTE_PLACE","totalVotesPercent":0.0,"nominatorName":{"fi":"Vasemmistoliitto","sv":"Vänsterförbundet","en":"The Left Alliance"},"caid":98,"position":0,"gender":"1","comparisonData":{"totalVotes":32,"votesTotalChange":-32},"edid":11,"comparativeIndex":0.0,"electionDayVotesPercent":0.0,"nominatorAbbr":{"fi":"VAS","sv":"VF","en":"LEFT"}},{"age":55,"advanceVotesPercent":0.0,"lastname":"Pöyhönen","occupation":"laitoshuoltaja","advanceVotes":0,"npid":7,"totalVotes":0,"spid":6,"abbr":"VAS","municipalCouncilor":false,"muid":992,"alid":7,"firstname":"Liudmila","electionDayVotes":0,"pid":"15","finalPosition":0,"electedInformation":"NOT_ELECTED","totalVotesPercent":0.0,"nominatorName":{"fi":"Vasemmistoliitto","sv":"Vänsterförbundet","en":"The Left Alliance"},"caid":118,"position":0,"gender":"2","comparisonData":{"totalVotes":0,"votesTotalChange":0},"edid":11,"comparativeIndex":0.0,"electionDayVotesPercent":0.0,"nominatorAbbr":{"fi":"VAS","sv":"VF","en":"LEFT"}}],"municipalityPollingDistricts":[{"name":{"fi":"Äänekoski","sv":"Äänekoski"},"calculationStatusPercent":100.0,"joinedArea":false,"muid":992,"totalVotingInFinlandTurnout":53.6,"identification":"001","pdid":"001","eligibleVotersInFinlandTotal":4298,"edid":11,"mergedToPdid":""},{"name":{"fi":"Markkamäki","sv":"Markkamäki"},"calculationStatusPercent":100.0,"joinedArea":false,"muid":992,"totalVotingInFinlandTurnout":56.3,"identification":"002","pdid":"002","eligibleVotersInFinlandTotal":3544,"edid":11,"mergedToPdid":""},{"name":{"fi":"Suolahti","sv":"Suolahti"},"calculationStatusPercent":100.0,"joinedArea":false,"muid":992,"totalVotingInFinlandTurnout":58.1,"identification":"003","pdid":"003","eligibleVotersInFinlandTotal":4080,"edid":11,"mergedToPdid":""},{"name":{"fi":"Honkola","sv":"Honkola"},"calculationStatusPercent":100.0,"joinedArea":false,"muid":992,"totalVotingInFinlandTurnout":58.4,"identification":"004","pdid":"004","eligibleVotersInFinlandTotal":1540,"edid":11,"mergedToPdid":""},{"name":{"fi":"Konginkangas","sv":"Konginkangas"},"calculationStatusPercent":100.0,"joinedArea":false,"muid":992,"totalVotingInFinlandTurnout":56.0,"identification":"005","pdid":"005","eligibleVotersInFinlandTotal":1080,"edid":11,"mergedToPdid":""},{"name":{"fi":"Sumiainen","sv":"Sumiainen"},"calculationStatusPercent":100.0,"joinedArea":false,"muid":992,"totalVotingInFinlandTurnout":59.9,"identification":"006","pdid":"006","eligibleVotersInFinlandTotal":851,"edid":11,"mergedToPdid":""}],"municipality":{"muid":992,"edid":11,"name":{"fi":"Äänekoski","sv":"Äänekoski"}}}