{"version":10,"created":"2017-04-09T17:37:52.303Z","electionDetails":{"electionId":"kv2017","electionDate":"2017-04-09T00:00:00.000Z","electionDataPublishTime":"2017-04-09T17:00:00.000Z","name":{"fi":"Kuntavaalit 2017","sv":"Kommunalval 2017","en":"Elections 2017"},"previousElections":{"correspondingCompareElection":{"electionId":"kv2012","electionDate":"2012-10-28T00:00:00.000Z","name":{"fi":"Kuntavaalit 2012","en":"Municipal elections 2012","sv":"Kommunalval 2012"}},"otherCompareElection":{"electionId":"ev2015","electionDate":"2015-04-19T00:00:00.000Z","name":{"fi":"Eduskuntavaalit 2015","en":"Parliamentary election 2015","sv":"Riksdagsval 2015"}}}},"calculationStatus":{"electionDayVotingTurnout":38.4,"invalidAdvanceVotes":5,"calculationPhase":"INITIAL","invalidElectionDayVotes":0,"approvedAdvanceVotes":658,"advanceVotingTurnout":31.7,"totalVotingTurnoutAbroad":0.0,"name":{"fi":"Kirkonkylä","sv":"Kirkonkylä"},"calculationStatusPercent":45.1,"advanceVotes":663,"electionDayVotingTurnoutAbroad":0.0,"approvedTotalVotes":658,"totalVotes":1467,"muid":934,"totalVotingInFinlandTurnout":70.1,"advanceVotingTurnoutAbroad":0.0,"invalidTotalVotes":5,"totalVotingTurnout":70.1,"electionDayVotes":804,"electionDayVotesInFinland":804,"pdid":"001","totalVotesInFinlandMen":0,"eligibleVotersInFinlandTotal":2094,"calculationStatusPercentElectionDayVotes":0.0,"sourceRecordModificationTime":"20170409201156","otherCompareElection":{"eid":"","eligibleVotersInFinlandTotal":0,"advanceVotingInFinlandTurnout":0.0,"electionDayVotingInFinlandTurnout":0.0,"totalVotingInFinlandTurnout":0.0,"approvedVotesTotal":0,"invalidVotesTotal":0},"correspondingCompareElection":{"eid":"","eligibleVotersInFinlandTotal":0,"advanceVotingInFinlandTurnout":0.0,"electionDayVotingInFinlandTurnout":0.0,"totalVotingInFinlandTurnout":0.0,"approvedVotesTotal":0,"invalidVotesTotal":0,"seats":0},"approvedElectionDayVotes":0,"edid":10,"calculationStatusPercentAdvanceVotes":100.0,"electionDayVotingInFinlandTurnout":38.4,"seats":0,"eligibleVotersTotal":2094,"advanceVotesInFinland":663,"advanceVotingInFinlandTurnout":31.7,"totalVotesInFinland":1467},"partyResults":[{"advanceVotesPercent":43.8,"name":{"fi":"Suomen Keskusta","sv":"Centern i Finland","en":"Centre Party of Finland"},"advanceVotes":288,"npid":1,"totalVotes":288,"spid":1,"abbr":{"fi":"KESK","sv":"C","en":"CENT"},"alid":1,"electionDayVotes":0,"pid":"2","totalVotesPercent":43.8,"nominatorName":{"fi":"Suomen Keskusta","sv":"Centern i Finland","en":"Centre Party of Finland"},"compareData":{"otherCompareElection":{"votesTotalChange":0,"votesTotalPercentChange":0.0,"votesTotal":288,"votesTotalPercent":43.8},"correspondingCompareElection":{"votesTotalChange":0,"votesTotalPercentChange":0.0,"seatChange":0,"votesTotal":288,"votesTotalPercent":43.8,"seatsTotal":0}},"seats":0,"electionDayVotesPercent":0.0,"nominatorAbbr":{"fi":"KESK","sv":"C","en":"CENT"}},{"advanceVotesPercent":19.9,"name":{"fi":"Muut ryhmät","sv":"Övriga grupper","en":"Other groups"},"advanceVotes":131,"npid":7,"totalVotes":131,"spid":99,"abbr":{"fi":"Muut","sv":"Övriga","en":"Others"},"alid":6,"electionDayVotes":0,"pid":"9347","totalVotesPercent":19.9,"nominatorName":{"fi":"Yhteislista Haloo Vimpeli","sv":"Yhteislista Haloo Vimpeli","en":"Yhteislista Haloo Vimpeli"},"compareData":{"otherCompareElection":{"votesTotalChange":0,"votesTotalPercentChange":0.0,"votesTotal":131,"votesTotalPercent":19.9},"correspondingCompareElection":{"votesTotalChange":0,"votesTotalPercentChange":0.0,"seatChange":0,"votesTotal":131,"votesTotalPercent":19.9,"seatsTotal":0}},"seats":0,"electionDayVotesPercent":0.0,"nominatorAbbr":{"fi":"Haloo","sv":"Haloo","en":"Haloo"}},{"advanceVotesPercent":12.8,"name":{"fi":"Vasemmistoliitto","sv":"Vänsterförbundet","en":"The Left Alliance"},"advanceVotes":84,"npid":5,"totalVotes":84,"spid":6,"abbr":{"fi":"VAS","sv":"VF","en":"LEFT"},"alid":5,"electionDayVotes":0,"pid":"15","totalVotesPercent":12.8,"nominatorName":{"fi":"Vasemmistoliitto","sv":"Vänsterförbundet","en":"The Left Alliance"},"compareData":{"otherCompareElection":{"votesTotalChange":0,"votesTotalPercentChange":0.0,"votesTotal":84,"votesTotalPercent":12.8},"correspondingCompareElection":{"votesTotalChange":0,"votesTotalPercentChange":0.0,"seatChange":0,"votesTotal":84,"votesTotalPercent":12.8,"seatsTotal":0}},"seats":0,"electionDayVotesPercent":0.0,"nominatorAbbr":{"fi":"VAS","sv":"VF","en":"LEFT"}},{"advanceVotesPercent":9.7,"name":{"fi":"Perussuomalaiset","sv":"Sannfinländarna","en":"The Finns Party"},"advanceVotes":64,"npid":3,"totalVotes":64,"spid":3,"abbr":{"fi":"PS","sv":"Sannf","en":"FINNS"},"alid":3,"electionDayVotes":0,"pid":"23","totalVotesPercent":9.7,"nominatorName":{"fi":"Perussuomalaiset","sv":"Sannfinländarna","en":"The Finns Party"},"compareData":{"otherCompareElection":{"votesTotalChange":0,"votesTotalPercentChange":0.0,"votesTotal":64,"votesTotalPercent":9.7},"correspondingCompareElection":{"votesTotalChange":0,"votesTotalPercentChange":0.0,"seatChange":0,"votesTotal":64,"votesTotalPercent":9.7,"seatsTotal":0}},"seats":0,"electionDayVotesPercent":0.0,"nominatorAbbr":{"fi":"PS","sv":"Sannf","en":"FINNS"}},{"advanceVotesPercent":8.7,"name":{"fi":"Suomen Kristillisdemokraatit (KD)","sv":"Kristdemokraterna i Finland (KD)","en":"Christian Democrats in Finland"},"advanceVotes":57,"npid":2,"totalVotes":57,"spid":8,"abbr":{"fi":"KD","sv":"KD","en":"CD"},"alid":2,"electionDayVotes":0,"pid":"9","totalVotesPercent":8.7,"nominatorName":{"fi":"Suomen Kristillisdemokraatit (KD)","sv":"Kristdemokraterna i Finland (KD)","en":"Christian Democrats in Finland"},"compareData":{"otherCompareElection":{"votesTotalChange":0,"votesTotalPercentChange":0.0,"votesTotal":57,"votesTotalPercent":8.7},"correspondingCompareElection":{"votesTotalChange":0,"votesTotalPercentChange":0.0,"seatChange":0,"votesTotal":57,"votesTotalPercent":8.7,"seatsTotal":0}},"seats":0,"electionDayVotesPercent":0.0,"nominatorAbbr":{"fi":"KD","sv":"KD","en":"CD"}},{"advanceVotesPercent":2.7,"name":{"fi":"Suomen Sosialidemokraattinen Puolue","sv":"Finlands Socialdemokratiska Parti","en":"The Finnish Social Democratic Party"},"advanceVotes":18,"npid":4,"totalVotes":18,"spid":4,"abbr":{"fi":"SDP","sv":"SDP","en":"SDP"},"alid":4,"electionDayVotes":0,"pid":"1","totalVotesPercent":2.7,"nominatorName":{"fi":"Suomen Sosialidemokraattinen Puolue","sv":"Finlands Socialdemokratiska Parti","en":"The Finnish Social Democratic Party"},"compareData":{"otherCompareElection":{"votesTotalChange":0,"votesTotalPercentChange":0.0,"votesTotal":18,"votesTotalPercent":2.7},"correspondingCompareElection":{"votesTotalChange":0,"votesTotalPercentChange":0.0,"seatChange":0,"votesTotal":18,"votesTotalPercent":2.7,"seatsTotal":0}},"seats":0,"electionDayVotesPercent":0.0,"nominatorAbbr":{"fi":"SDP","sv":"SDP","en":"SDP"}},{"advanceVotesPercent":2.4,"name":{"fi":"Vihreä liitto","sv":"Gröna förbundet","en":"Green League"},"advanceVotes":16,"npid":6,"totalVotes":16,"spid":5,"abbr":{"fi":"VIHR","sv":"Gröna","en":"GREEN"},"alid":5,"electionDayVotes":0,"pid":"13","totalVotesPercent":2.4,"nominatorName":{"fi":"Vihreä liitto","sv":"Gröna förbundet","en":"Green League"},"compareData":{"otherCompareElection":{"votesTotalChange":0,"votesTotalPercentChange":0.0,"votesTotal":16,"votesTotalPercent":2.4},"correspondingCompareElection":{"votesTotalChange":0,"votesTotalPercentChange":0.0,"seatChange":0,"votesTotal":16,"votesTotalPercent":2.4,"seatsTotal":0}},"seats":0,"electionDayVotesPercent":0.0,"nominatorAbbr":{"fi":"VIHR","sv":"Gröna","en":"GREEN"}}],"candidateResults":[{"age":50,"advanceVotesPercent":5.9,"lastname":"Laakso","occupation":"maanviljelijä, puhdistuspalvelun esimies","advanceVotes":39,"npid":1,"totalVotes":39,"spid":1,"abbr":"KESK","municipalCouncilor":true,"muid":934,"alid":1,"firstname":"Marja-Leena","electionDayVotes":0,"pid":"2","finalPosition":0,"electedInformation":"ELECTED","totalVotesPercent":5.9,"nominatorName":{"fi":"Suomen Keskusta","sv":"Centern i Finland","en":"Centre Party of Finland"},"caid":9,"position":0,"gender":"2","comparisonData":{"totalVotes":50,"votesTotalChange":-11},"edid":10,"comparativeIndex":0.0,"electionDayVotesPercent":0.0,"nominatorAbbr":{"fi":"KESK","sv":"C","en":"CENT"}},{"age":52,"advanceVotesPercent":5.6,"lastname":"Niemi","occupation":"yrittäjä","advanceVotes":37,"npid":1,"totalVotes":37,"spid":1,"abbr":"KESK","municipalCouncilor":true,"muid":934,"alid":1,"firstname":"Anne","electionDayVotes":0,"pid":"2","finalPosition":0,"electedInformation":"ELECTED","totalVotesPercent":5.6,"nominatorName":{"fi":"Suomen Keskusta","sv":"Centern i Finland","en":"Centre Party of Finland"},"caid":12,"position":0,"gender":"2","comparisonData":{"totalVotes":52,"votesTotalChange":-15},"edid":10,"comparativeIndex":0.0,"electionDayVotesPercent":0.0,"nominatorAbbr":{"fi":"KESK","sv":"C","en":"CENT"}},{"age":56,"advanceVotesPercent":5.0,"lastname":"Vasalampi","occupation":"perhehoitaja, sijaisäiti","advanceVotes":33,"npid":2,"totalVotes":33,"spid":8,"abbr":"KD","municipalCouncilor":true,"muid":934,"alid":2,"firstname":"Lea","electionDayVotes":0,"pid":"9","finalPosition":0,"electedInformation":"ELECTED","totalVotesPercent":5.0,"nominatorName":{"fi":"Suomen Kristillisdemokraatit (KD)","sv":"Kristdemokraterna i Finland (KD)","en":"Christian Democrats in Finland"},"caid":27,"position":0,"gender":"2","comparisonData":{"totalVotes":44,"votesTotalChange":-11},"edid":10,"comparativeIndex":0.0,"electionDayVotesPercent":0.0,"nominatorAbbr":{"fi":"KD","sv":"KD","en":"CD"}},{"age":33,"advanceVotesPercent":4.9,"lastname":"Latvala","occupation":"vanhempi konstaapeli, hallintotieteiden yo","advanceVotes":32,"npid":7,"totalVotes":32,"spid":99,"abbr":"Muut","municipalCouncilor":false,"muid":934,"alid":6,"firstname":"Matti","electionDayVotes":0,"pid":"9347","finalPosition":0,"electedInformation":"ELECTED","totalVotesPercent":4.9,"nominatorName":{"fi":"Yhteislista Haloo Vimpeli","sv":"Yhteislista Haloo Vimpeli","en":"Yhteislista Haloo Vimpeli"},"caid":56,"position":0,"gender":"1","comparisonData":{"totalVotes":0,"votesTotalChange":32},"edid":10,"comparativeIndex":0.0,"electionDayVotesPercent":0.0,"nominatorAbbr":{"fi":"Haloo","sv":"Haloo","en":"Haloo"}},{"age":54,"advanceVotesPercent":4.7,"lastname":"Hongisto","occupation":"kansanedustaja","advanceVotes":31,"npid":3,"totalVotes":31,"spid":3,"abbr":"PS","municipalCouncilor":true,"muid":934,"alid":3,"firstname":"Reijo","electionDayVotes":0,"pid":"23","finalPosition":0,"electedInformation":"ELECTED","totalVotesPercent":4.7,"nominatorName":{"fi":"Perussuomalaiset","sv":"Sannfinländarna","en":"The Finns Party"},"caid":29,"position":0,"gender":"1","comparisonData":{"totalVotes":144,"votesTotalChange":-113},"edid":10,"comparativeIndex":0.0,"electionDayVotesPercent":0.0,"nominatorAbbr":{"fi":"PS","sv":"Sannf","en":"FINNS"}},{"age":57,"advanceVotesPercent":4.6,"lastname":"Koivukoski","occupation":"kiinteistöesimies","advanceVotes":30,"npid":1,"totalVotes":30,"spid":1,"abbr":"KESK","municipalCouncilor":true,"muid":934,"alid":1,"firstname":"Yrjö","electionDayVotes":0,"pid":"2","finalPosition":0,"electedInformation":"ELECTED","totalVotesPercent":4.6,"nominatorName":{"fi":"Suomen Keskusta","sv":"Centern i Finland","en":"Centre Party of Finland"},"caid":8,"position":0,"gender":"1","comparisonData":{"totalVotes":73,"votesTotalChange":-43},"edid":10,"comparativeIndex":0.0,"electionDayVotesPercent":0.0,"nominatorAbbr":{"fi":"KESK","sv":"C","en":"CENT"}},{"age":45,"advanceVotesPercent":3.5,"lastname":"Sova","occupation":"metallimies","advanceVotes":23,"npid":7,"totalVotes":23,"spid":99,"abbr":"Muut","municipalCouncilor":true,"muid":934,"alid":6,"firstname":"Pasi","electionDayVotes":0,"pid":"9347","finalPosition":0,"electedInformation":"ELECTED","totalVotesPercent":3.5,"nominatorName":{"fi":"Yhteislista Haloo Vimpeli","sv":"Yhteislista Haloo Vimpeli","en":"Yhteislista Haloo Vimpeli"},"caid":60,"position":0,"gender":"1","comparisonData":{"totalVotes":59,"votesTotalChange":-36},"edid":10,"comparativeIndex":0.0,"electionDayVotesPercent":0.0,"nominatorAbbr":{"fi":"Haloo","sv":"Haloo","en":"Haloo"}},{"age":62,"advanceVotesPercent":3.2,"lastname":"Ammesmäki","occupation":"myyntikoordinaattori","advanceVotes":21,"npid":1,"totalVotes":21,"spid":1,"abbr":"KESK","municipalCouncilor":true,"muid":934,"alid":1,"firstname":"Anita","electionDayVotes":0,"pid":"2","finalPosition":0,"electedInformation":"ELECTED","totalVotesPercent":3.2,"nominatorName":{"fi":"Suomen Keskusta","sv":"Centern i Finland","en":"Centre Party of Finland"},"caid":3,"position":0,"gender":"2","comparisonData":{"totalVotes":34,"votesTotalChange":-13},"edid":10,"comparativeIndex":0.0,"electionDayVotesPercent":0.0,"nominatorAbbr":{"fi":"KESK","sv":"C","en":"CENT"}},{"age":52,"advanceVotesPercent":2.6,"lastname":"Takala","occupation":"lehtori, insinööri","advanceVotes":17,"npid":1,"totalVotes":17,"spid":1,"abbr":"KESK","municipalCouncilor":false,"muid":934,"alid":1,"firstname":"Hannu","electionDayVotes":0,"pid":"2","finalPosition":0,"electedInformation":"ELECTED","totalVotesPercent":2.6,"nominatorName":{"fi":"Suomen Keskusta","sv":"Centern i Finland","en":"Centre Party of Finland"},"caid":18,"position":0,"gender":"1","comparisonData":{"totalVotes":25,"votesTotalChange":-8},"edid":10,"comparativeIndex":0.0,"electionDayVotesPercent":0.0,"nominatorAbbr":{"fi":"KESK","sv":"C","en":"CENT"}},{"age":58,"advanceVotesPercent":2.6,"lastname":"Rannanpää","occupation":"kodinhoitaja, pääluottamusmies","advanceVotes":17,"npid":5,"totalVotes":17,"spid":6,"abbr":"VAS","municipalCouncilor":true,"muid":934,"alid":5,"firstname":"Eija","electionDayVotes":0,"pid":"15","finalPosition":0,"electedInformation":"ELECTED","totalVotesPercent":2.6,"nominatorName":{"fi":"Vasemmistoliitto","sv":"Vänsterförbundet","en":"The Left Alliance"},"caid":43,"position":0,"gender":"2","comparisonData":{"totalVotes":35,"votesTotalChange":-18},"edid":10,"comparativeIndex":0.0,"electionDayVotesPercent":0.0,"nominatorAbbr":{"fi":"VAS","sv":"VF","en":"LEFT"}},{"age":38,"advanceVotesPercent":2.4,"lastname":"Savola","occupation":"insinööri","advanceVotes":16,"npid":1,"totalVotes":16,"spid":1,"abbr":"KESK","municipalCouncilor":false,"muid":934,"alid":1,"firstname":"Juho","electionDayVotes":0,"pid":"2","finalPosition":0,"electedInformation":"ELECTED","totalVotesPercent":2.4,"nominatorName":{"fi":"Suomen Keskusta","sv":"Centern i Finland","en":"Centre Party of Finland"},"caid":16,"position":0,"gender":"1","comparisonData":{"totalVotes":0,"votesTotalChange":16},"edid":10,"comparativeIndex":0.0,"electionDayVotesPercent":0.0,"nominatorAbbr":{"fi":"KESK","sv":"C","en":"CENT"}},{"age":50,"advanceVotesPercent":2.4,"lastname":"Timo","occupation":"rehtori","advanceVotes":16,"npid":1,"totalVotes":16,"spid":1,"abbr":"KESK","municipalCouncilor":false,"muid":934,"alid":1,"firstname":"Marko","electionDayVotes":0,"pid":"2","finalPosition":0,"electedInformation":"ELECTED","totalVotesPercent":2.4,"nominatorName":{"fi":"Suomen Keskusta","sv":"Centern i Finland","en":"Centre Party of Finland"},"caid":19,"position":0,"gender":"1","comparisonData":{"totalVotes":0,"votesTotalChange":16},"edid":10,"comparativeIndex":0.0,"electionDayVotesPercent":0.0,"nominatorAbbr":{"fi":"KESK","sv":"C","en":"CENT"}},{"age":61,"advanceVotesPercent":2.3,"lastname":"Harju","occupation":"eläkeläinen","advanceVotes":15,"npid":1,"totalVotes":15,"spid":1,"abbr":"KESK","municipalCouncilor":true,"muid":934,"alid":1,"firstname":"Tapani","electionDayVotes":0,"pid":"2","finalPosition":0,"electedInformation":"ELECTED","totalVotesPercent":2.3,"nominatorName":{"fi":"Suomen Keskusta","sv":"Centern i Finland","en":"Centre Party of Finland"},"caid":4,"position":0,"gender":"1","comparisonData":{"totalVotes":32,"votesTotalChange":-17},"edid":10,"comparativeIndex":0.0,"electionDayVotesPercent":0.0,"nominatorAbbr":{"fi":"KESK","sv":"C","en":"CENT"}},{"age":28,"advanceVotesPercent":2.1,"lastname":"Arpala","occupation":"autonkuljettaja","advanceVotes":14,"npid":3,"totalVotes":14,"spid":3,"abbr":"PS","municipalCouncilor":false,"muid":934,"alid":3,"firstname":"Jarmo","electionDayVotes":0,"pid":"23","finalPosition":0,"electedInformation":"ELECTED","totalVotesPercent":2.1,"nominatorName":{"fi":"Perussuomalaiset","sv":"Sannfinländarna","en":"The Finns Party"},"caid":28,"position":0,"gender":"1","comparisonData":{"totalVotes":0,"votesTotalChange":14},"edid":10,"comparativeIndex":0.0,"electionDayVotesPercent":0.0,"nominatorAbbr":{"fi":"PS","sv":"Sannf","en":"FINNS"}},{"age":67,"advanceVotesPercent":2.1,"lastname":"Siirilä","occupation":"koneistaja","advanceVotes":14,"npid":5,"totalVotes":14,"spid":6,"abbr":"VAS","municipalCouncilor":false,"muid":934,"alid":5,"firstname":"Markku","electionDayVotes":0,"pid":"15","finalPosition":0,"electedInformation":"ELECTED","totalVotesPercent":2.1,"nominatorName":{"fi":"Vasemmistoliitto","sv":"Vänsterförbundet","en":"The Left Alliance"},"caid":44,"position":0,"gender":"1","comparisonData":{"totalVotes":14,"votesTotalChange":0},"edid":10,"comparativeIndex":0.0,"electionDayVotesPercent":0.0,"nominatorAbbr":{"fi":"VAS","sv":"VF","en":"LEFT"}},{"age":61,"advanceVotesPercent":2.1,"lastname":"Lapinkorpi","occupation":"yrittäjä, sähköurakoitsija","advanceVotes":14,"npid":7,"totalVotes":14,"spid":99,"abbr":"Muut","municipalCouncilor":true,"muid":934,"alid":6,"firstname":"Markku","electionDayVotes":0,"pid":"9347","finalPosition":0,"electedInformation":"ELECTED","totalVotesPercent":2.1,"nominatorName":{"fi":"Yhteislista Haloo Vimpeli","sv":"Yhteislista Haloo Vimpeli","en":"Yhteislista Haloo Vimpeli"},"caid":54,"position":0,"gender":"1","comparisonData":{"totalVotes":102,"votesTotalChange":-88},"edid":10,"comparativeIndex":0.0,"electionDayVotesPercent":0.0,"nominatorAbbr":{"fi":"Haloo","sv":"Haloo","en":"Haloo"}},{"age":71,"advanceVotesPercent":2.0,"lastname":"Tuomisalo","occupation":"rakennusarkkitehti, yrittäjä","advanceVotes":13,"npid":7,"totalVotes":13,"spid":99,"abbr":"Muut","municipalCouncilor":true,"muid":934,"alid":6,"firstname":"Seppo","electionDayVotes":0,"pid":"9347","finalPosition":0,"electedInformation":"ELECTED","totalVotesPercent":2.0,"nominatorName":{"fi":"Yhteislista Haloo Vimpeli","sv":"Yhteislista Haloo Vimpeli","en":"Yhteislista Haloo Vimpeli"},"caid":61,"position":0,"gender":"1","comparisonData":{"totalVotes":56,"votesTotalChange":-43},"edid":10,"comparativeIndex":0.0,"electionDayVotesPercent":0.0,"nominatorAbbr":{"fi":"Haloo","sv":"Haloo","en":"Haloo"}},{"age":30,"advanceVotesPercent":1.8,"lastname":"Takala","occupation":"vapaa-aikaohjaaja","advanceVotes":12,"npid":1,"totalVotes":12,"spid":1,"abbr":"KESK","municipalCouncilor":false,"muid":934,"alid":1,"firstname":"Ari","electionDayVotes":0,"pid":"2","finalPosition":0,"electedInformation":"ON_SUBSTITUTE_PLACE","totalVotesPercent":1.8,"nominatorName":{"fi":"Suomen Keskusta","sv":"Centern i Finland","en":"Centre Party of Finland"},"caid":17,"position":0,"gender":"1","comparisonData":{"totalVotes":0,"votesTotalChange":12},"edid":10,"comparativeIndex":0.0,"electionDayVotesPercent":0.0,"nominatorAbbr":{"fi":"KESK","sv":"C","en":"CENT"}},{"age":72,"advanceVotesPercent":1.8,"lastname":"Vihriälä","occupation":"eläkeläinen","advanceVotes":12,"npid":1,"totalVotes":12,"spid":1,"abbr":"KESK","municipalCouncilor":false,"muid":934,"alid":1,"firstname":"Tuomo","electionDayVotes":0,"pid":"2","finalPosition":0,"electedInformation":"ON_SUBSTITUTE_PLACE","totalVotesPercent":1.8,"nominatorName":{"fi":"Suomen Keskusta","sv":"Centern i Finland","en":"Centre Party of Finland"},"caid":22,"position":0,"gender":"1","comparisonData":{"totalVotes":18,"votesTotalChange":-6},"edid":10,"comparativeIndex":0.0,"electionDayVotesPercent":0.0,"nominatorAbbr":{"fi":"KESK","sv":"C","en":"CENT"}},{"age":32,"advanceVotesPercent":1.7,"lastname":"Herrala","occupation":"maatalousyrittäjä","advanceVotes":11,"npid":1,"totalVotes":11,"spid":1,"abbr":"KESK","municipalCouncilor":false,"muid":934,"alid":1,"firstname":"Jouni","electionDayVotes":0,"pid":"2","finalPosition":0,"electedInformation":"ON_SUBSTITUTE_PLACE","totalVotesPercent":1.7,"nominatorName":{"fi":"Suomen Keskusta","sv":"Centern i Finland","en":"Centre Party of Finland"},"caid":5,"position":0,"gender":"1","comparisonData":{"totalVotes":0,"votesTotalChange":11},"edid":10,"comparativeIndex":0.0,"electionDayVotesPercent":0.0,"nominatorAbbr":{"fi":"KESK","sv":"C","en":"CENT"}},{"age":41,"advanceVotesPercent":1.7,"lastname":"Anttila","occupation":"hammaslääkäri","advanceVotes":11,"npid":2,"totalVotes":11,"spid":8,"abbr":"KD","municipalCouncilor":false,"muid":934,"alid":2,"firstname":"Atro","electionDayVotes":0,"pid":"9","finalPosition":0,"electedInformation":"ON_SUBSTITUTE_PLACE","totalVotesPercent":1.7,"nominatorName":{"fi":"Suomen Kristillisdemokraatit (KD)","sv":"Kristdemokraterna i Finland (KD)","en":"Christian Democrats in Finland"},"caid":24,"position":0,"gender":"1","comparisonData":{"totalVotes":19,"votesTotalChange":-8},"edid":10,"comparativeIndex":0.0,"electionDayVotesPercent":0.0,"nominatorAbbr":{"fi":"KD","sv":"KD","en":"CD"}},{"age":78,"advanceVotesPercent":1.7,"lastname":"Lehto","occupation":"eläkeläinen, kunnallisneuvos","advanceVotes":11,"npid":5,"totalVotes":11,"spid":6,"abbr":"VAS","municipalCouncilor":true,"muid":934,"alid":5,"firstname":"Matti","electionDayVotes":0,"pid":"15","finalPosition":0,"electedInformation":"ELECTED","totalVotesPercent":1.7,"nominatorName":{"fi":"Vasemmistoliitto","sv":"Vänsterförbundet","en":"The Left Alliance"},"caid":41,"position":0,"gender":"1","comparisonData":{"totalVotes":27,"votesTotalChange":-16},"edid":10,"comparativeIndex":0.0,"electionDayVotesPercent":0.0,"nominatorAbbr":{"fi":"VAS","sv":"VF","en":"LEFT"}},{"age":46,"advanceVotesPercent":1.7,"lastname":"Leppäaho","occupation":"trukinkuljettaja, pääluottamusmies","advanceVotes":11,"npid":5,"totalVotes":11,"spid":6,"abbr":"VAS","municipalCouncilor":false,"muid":934,"alid":5,"firstname":"Jouni","electionDayVotes":0,"pid":"15","finalPosition":0,"electedInformation":"ON_SUBSTITUTE_PLACE","totalVotesPercent":1.7,"nominatorName":{"fi":"Vasemmistoliitto","sv":"Vänsterförbundet","en":"The Left Alliance"},"caid":42,"position":0,"gender":"1","comparisonData":{"totalVotes":0,"votesTotalChange":11},"edid":10,"comparativeIndex":0.0,"electionDayVotesPercent":0.0,"nominatorAbbr":{"fi":"VAS","sv":"VF","en":"LEFT"}},{"age":28,"advanceVotesPercent":1.5,"lastname":"Ahonen","occupation":"geronomi","advanceVotes":10,"npid":1,"totalVotes":10,"spid":1,"abbr":"KESK","municipalCouncilor":false,"muid":934,"alid":1,"firstname":"Reetta","electionDayVotes":0,"pid":"2","finalPosition":0,"electedInformation":"ON_SUBSTITUTE_PLACE","totalVotesPercent":1.5,"nominatorName":{"fi":"Suomen Keskusta","sv":"Centern i Finland","en":"Centre Party of Finland"},"caid":2,"position":0,"gender":"2","comparisonData":{"totalVotes":31,"votesTotalChange":-21},"edid":10,"comparativeIndex":0.0,"electionDayVotesPercent":0.0,"nominatorAbbr":{"fi":"KESK","sv":"C","en":"CENT"}},{"age":63,"advanceVotesPercent":1.5,"lastname":"Järvelä","occupation":"työnjohtaja","advanceVotes":10,"npid":5,"totalVotes":10,"spid":6,"abbr":"VAS","municipalCouncilor":false,"muid":934,"alid":5,"firstname":"Matti","electionDayVotes":0,"pid":"15","finalPosition":0,"electedInformation":"ON_SUBSTITUTE_PLACE","totalVotesPercent":1.5,"nominatorName":{"fi":"Vasemmistoliitto","sv":"Vänsterförbundet","en":"The Left Alliance"},"caid":38,"position":0,"gender":"1","comparisonData":{"totalVotes":19,"votesTotalChange":-9},"edid":10,"comparativeIndex":0.0,"electionDayVotesPercent":0.0,"nominatorAbbr":{"fi":"VAS","sv":"VF","en":"LEFT"}},{"age":64,"advanceVotesPercent":1.5,"lastname":"Lassila","occupation":"kirvesmies, eläkeläinen","advanceVotes":10,"npid":7,"totalVotes":10,"spid":99,"abbr":"Muut","municipalCouncilor":true,"muid":934,"alid":6,"firstname":"Martti","electionDayVotes":0,"pid":"9347","finalPosition":0,"electedInformation":"ELECTED","totalVotesPercent":1.5,"nominatorName":{"fi":"Yhteislista Haloo Vimpeli","sv":"Yhteislista Haloo Vimpeli","en":"Yhteislista Haloo Vimpeli"},"caid":55,"position":0,"gender":"1","comparisonData":{"totalVotes":44,"votesTotalChange":-34},"edid":10,"comparativeIndex":0.0,"electionDayVotesPercent":0.0,"nominatorAbbr":{"fi":"Haloo","sv":"Haloo","en":"Haloo"}},{"age":56,"advanceVotesPercent":1.4,"lastname":"Kivipelto","occupation":"sairaanhoitaja","advanceVotes":9,"npid":1,"totalVotes":9,"spid":1,"abbr":"KESK","municipalCouncilor":false,"muid":934,"alid":1,"firstname":"Marjo","electionDayVotes":0,"pid":"2","finalPosition":0,"electedInformation":"ON_SUBSTITUTE_PLACE","totalVotesPercent":1.4,"nominatorName":{"fi":"Suomen Keskusta","sv":"Centern i Finland","en":"Centre Party of Finland"},"caid":7,"position":0,"gender":"2","comparisonData":{"totalVotes":16,"votesTotalChange":-7},"edid":10,"comparativeIndex":0.0,"electionDayVotesPercent":0.0,"nominatorAbbr":{"fi":"KESK","sv":"C","en":"CENT"}},{"age":36,"advanceVotesPercent":1.4,"lastname":"Mikola","occupation":"rakennustyöntekijä","advanceVotes":9,"npid":1,"totalVotes":9,"spid":1,"abbr":"KESK","municipalCouncilor":false,"muid":934,"alid":1,"firstname":"Mikael","electionDayVotes":0,"pid":"2","finalPosition":0,"electedInformation":"ELECTED","totalVotesPercent":1.4,"nominatorName":{"fi":"Suomen Keskusta","sv":"Centern i Finland","en":"Centre Party of Finland"},"caid":10,"position":0,"gender":"1","comparisonData":{"totalVotes":0,"votesTotalChange":9},"edid":10,"comparativeIndex":0.0,"electionDayVotesPercent":0.0,"nominatorAbbr":{"fi":"KESK","sv":"C","en":"CENT"}},{"age":68,"advanceVotesPercent":1.4,"lastname":"Viitala","occupation":"eläkeläinen","advanceVotes":9,"npid":4,"totalVotes":9,"spid":4,"abbr":"SDP","municipalCouncilor":false,"muid":934,"alid":4,"firstname":"Lauri","electionDayVotes":0,"pid":"1","finalPosition":0,"electedInformation":"NOT_ELECTED","totalVotesPercent":1.4,"nominatorName":{"fi":"Suomen Sosialidemokraattinen Puolue","sv":"Finlands Socialdemokratiska Parti","en":"The Finnish Social Democratic Party"},"caid":37,"position":0,"gender":"1","comparisonData":{"totalVotes":0,"votesTotalChange":9},"edid":10,"comparativeIndex":0.0,"electionDayVotesPercent":0.0,"nominatorAbbr":{"fi":"SDP","sv":"SDP","en":"SDP"}},{"age":37,"advanceVotesPercent":1.4,"lastname":"Niemi","occupation":"senior EQ specialist, insinööri (YAMK)","advanceVotes":9,"npid":7,"totalVotes":9,"spid":99,"abbr":"Muut","municipalCouncilor":false,"muid":934,"alid":6,"firstname":"Jyrki","electionDayVotes":0,"pid":"9347","finalPosition":0,"electedInformation":"ON_SUBSTITUTE_PLACE","totalVotesPercent":1.4,"nominatorName":{"fi":"Yhteislista Haloo Vimpeli","sv":"Yhteislista Haloo Vimpeli","en":"Yhteislista Haloo Vimpeli"},"caid":59,"position":0,"gender":"1","comparisonData":{"totalVotes":0,"votesTotalChange":9},"edid":10,"comparativeIndex":0.0,"electionDayVotesPercent":0.0,"nominatorAbbr":{"fi":"Haloo","sv":"Haloo","en":"Haloo"}},{"age":54,"advanceVotesPercent":1.2,"lastname":"Kivinen","occupation":"sähköasentaja, pääluottamusmies","advanceVotes":8,"npid":5,"totalVotes":8,"spid":6,"abbr":"VAS","municipalCouncilor":false,"muid":934,"alid":5,"firstname":"Jouni","electionDayVotes":0,"pid":"15","finalPosition":0,"electedInformation":"ON_SUBSTITUTE_PLACE","totalVotesPercent":1.2,"nominatorName":{"fi":"Vasemmistoliitto","sv":"Vänsterförbundet","en":"The Left Alliance"},"caid":40,"position":0,"gender":"1","comparisonData":{"totalVotes":0,"votesTotalChange":8},"edid":10,"comparativeIndex":0.0,"electionDayVotesPercent":0.0,"nominatorAbbr":{"fi":"VAS","sv":"VF","en":"LEFT"}},{"age":45,"advanceVotesPercent":1.2,"lastname":"Arpala","occupation":"YTM, kehittämissuunnittelija","advanceVotes":8,"npid":6,"totalVotes":8,"spid":5,"abbr":"VIHR","municipalCouncilor":false,"muid":934,"alid":5,"firstname":"Eeva","electionDayVotes":0,"pid":"13","finalPosition":0,"electedInformation":"NOT_ELECTED","totalVotesPercent":1.2,"nominatorName":{"fi":"Vihreä liitto","sv":"Gröna förbundet","en":"Green League"},"caid":46,"position":0,"gender":"2","comparisonData":{"totalVotes":26,"votesTotalChange":-18},"edid":10,"comparativeIndex":0.0,"electionDayVotesPercent":0.0,"nominatorAbbr":{"fi":"VIHR","sv":"Gröna","en":"GREEN"}},{"age":44,"advanceVotesPercent":1.2,"lastname":"Arpala","occupation":"yrittäjä, autoilija","advanceVotes":8,"npid":6,"totalVotes":8,"spid":5,"abbr":"VIHR","municipalCouncilor":false,"muid":934,"alid":5,"firstname":"Marko","electionDayVotes":0,"pid":"13","finalPosition":0,"electedInformation":"NOT_ELECTED","totalVotesPercent":1.2,"nominatorName":{"fi":"Vihreä liitto","sv":"Gröna förbundet","en":"Green League"},"caid":47,"position":0,"gender":"1","comparisonData":{"totalVotes":0,"votesTotalChange":8},"edid":10,"comparativeIndex":0.0,"electionDayVotesPercent":0.0,"nominatorAbbr":{"fi":"VIHR","sv":"Gröna","en":"GREEN"}},{"age":36,"advanceVotesPercent":1.2,"lastname":"Nahkala","occupation":"tehdastyöntekijä","advanceVotes":8,"npid":7,"totalVotes":8,"spid":99,"abbr":"Muut","municipalCouncilor":false,"muid":934,"alid":6,"firstname":"Mari","electionDayVotes":0,"pid":"9347","finalPosition":0,"electedInformation":"ON_SUBSTITUTE_PLACE","totalVotesPercent":1.2,"nominatorName":{"fi":"Yhteislista Haloo Vimpeli","sv":"Yhteislista Haloo Vimpeli","en":"Yhteislista Haloo Vimpeli"},"caid":58,"position":0,"gender":"2","comparisonData":{"totalVotes":0,"votesTotalChange":8},"edid":10,"comparativeIndex":0.0,"electionDayVotesPercent":0.0,"nominatorAbbr":{"fi":"Haloo","sv":"Haloo","en":"Haloo"}},{"age":65,"advanceVotesPercent":1.1,"lastname":"Hyyppä","occupation":"matematiikan lehtori","advanceVotes":7,"npid":2,"totalVotes":7,"spid":8,"abbr":"KD","municipalCouncilor":false,"muid":934,"alid":2,"firstname":"Esko","electionDayVotes":0,"pid":"9","finalPosition":0,"electedInformation":"ON_SUBSTITUTE_PLACE","totalVotesPercent":1.1,"nominatorName":{"fi":"Suomen Kristillisdemokraatit (KD)","sv":"Kristdemokraterna i Finland (KD)","en":"Christian Democrats in Finland"},"caid":25,"position":0,"gender":"1","comparisonData":{"totalVotes":9,"votesTotalChange":-2},"edid":10,"comparativeIndex":0.0,"electionDayVotesPercent":0.0,"nominatorAbbr":{"fi":"KD","sv":"KD","en":"CD"}},{"age":65,"advanceVotesPercent":1.1,"lastname":"Viita","occupation":"eläkeläinen, opettaja","advanceVotes":7,"npid":5,"totalVotes":7,"spid":6,"abbr":"VAS","municipalCouncilor":false,"muid":934,"alid":5,"firstname":"Terttu","electionDayVotes":0,"pid":"15","finalPosition":0,"electedInformation":"NOT_ELECTED","totalVotesPercent":1.1,"nominatorName":{"fi":"Vasemmistoliitto","sv":"Vänsterförbundet","en":"The Left Alliance"},"caid":45,"position":0,"gender":"2","comparisonData":{"totalVotes":10,"votesTotalChange":-3},"edid":10,"comparativeIndex":0.0,"electionDayVotesPercent":0.0,"nominatorAbbr":{"fi":"VAS","sv":"VF","en":"LEFT"}},{"age":45,"advanceVotesPercent":1.1,"lastname":"Kangas","occupation":"restonomi (AMK)","advanceVotes":7,"npid":7,"totalVotes":7,"spid":99,"abbr":"Muut","municipalCouncilor":false,"muid":934,"alid":6,"firstname":"Hanna","electionDayVotes":0,"pid":"9347","finalPosition":0,"electedInformation":"ON_SUBSTITUTE_PLACE","totalVotesPercent":1.1,"nominatorName":{"fi":"Yhteislista Haloo Vimpeli","sv":"Yhteislista Haloo Vimpeli","en":"Yhteislista Haloo Vimpeli"},"caid":52,"position":0,"gender":"2","comparisonData":{"totalVotes":0,"votesTotalChange":7},"edid":10,"comparativeIndex":0.0,"electionDayVotesPercent":0.0,"nominatorAbbr":{"fi":"Haloo","sv":"Haloo","en":"Haloo"}},{"age":54,"advanceVotesPercent":0.9,"lastname":"Hänninen","occupation":"sairaanhoitaja, maanviljelijä","advanceVotes":6,"npid":1,"totalVotes":6,"spid":1,"abbr":"KESK","municipalCouncilor":true,"muid":934,"alid":1,"firstname":"Harri","electionDayVotes":0,"pid":"2","finalPosition":0,"electedInformation":"ELECTED","totalVotesPercent":0.9,"nominatorName":{"fi":"Suomen Keskusta","sv":"Centern i Finland","en":"Centre Party of Finland"},"caid":6,"position":0,"gender":"1","comparisonData":{"totalVotes":46,"votesTotalChange":-40},"edid":10,"comparativeIndex":0.0,"electionDayVotesPercent":0.0,"nominatorAbbr":{"fi":"KESK","sv":"C","en":"CENT"}},{"age":51,"advanceVotesPercent":0.9,"lastname":"Niemitalo","occupation":"yrittäjä","advanceVotes":6,"npid":1,"totalVotes":6,"spid":1,"abbr":"KESK","municipalCouncilor":false,"muid":934,"alid":1,"firstname":"Jouko","electionDayVotes":0,"pid":"2","finalPosition":0,"electedInformation":"ON_SUBSTITUTE_PLACE","totalVotesPercent":0.9,"nominatorName":{"fi":"Suomen Keskusta","sv":"Centern i Finland","en":"Centre Party of Finland"},"caid":13,"position":0,"gender":"1","comparisonData":{"totalVotes":0,"votesTotalChange":6},"edid":10,"comparativeIndex":0.0,"electionDayVotesPercent":0.0,"nominatorAbbr":{"fi":"KESK","sv":"C","en":"CENT"}},{"age":67,"advanceVotesPercent":0.9,"lastname":"Järvenpää","occupation":"yrittäjä, eläkeläinen","advanceVotes":6,"npid":2,"totalVotes":6,"spid":8,"abbr":"KD","municipalCouncilor":false,"muid":934,"alid":2,"firstname":"Laila","electionDayVotes":0,"pid":"9","finalPosition":0,"electedInformation":"NOT_ELECTED","totalVotesPercent":0.9,"nominatorName":{"fi":"Suomen Kristillisdemokraatit (KD)","sv":"Kristdemokraterna i Finland (KD)","en":"Christian Democrats in Finland"},"caid":26,"position":0,"gender":"2","comparisonData":{"totalVotes":0,"votesTotalChange":6},"edid":10,"comparativeIndex":0.0,"electionDayVotesPercent":0.0,"nominatorAbbr":{"fi":"KD","sv":"KD","en":"CD"}},{"age":18,"advanceVotesPercent":0.9,"lastname":"Ilomäki","occupation":"opiskelija","advanceVotes":6,"npid":3,"totalVotes":6,"spid":3,"abbr":"PS","municipalCouncilor":false,"muid":934,"alid":3,"firstname":"Roosa","electionDayVotes":0,"pid":"23","finalPosition":0,"electedInformation":"NOT_ELECTED","totalVotesPercent":0.9,"nominatorName":{"fi":"Perussuomalaiset","sv":"Sannfinländarna","en":"The Finns Party"},"caid":30,"position":0,"gender":"2","comparisonData":{"totalVotes":0,"votesTotalChange":6},"edid":10,"comparativeIndex":0.0,"electionDayVotesPercent":0.0,"nominatorAbbr":{"fi":"PS","sv":"Sannf","en":"FINNS"}},{"age":49,"advanceVotesPercent":0.9,"lastname":"Kekkonen","occupation":"lastenhoitaja","advanceVotes":6,"npid":5,"totalVotes":6,"spid":6,"abbr":"VAS","municipalCouncilor":false,"muid":934,"alid":5,"firstname":"Minna","electionDayVotes":0,"pid":"15","finalPosition":0,"electedInformation":"NOT_ELECTED","totalVotesPercent":0.9,"nominatorName":{"fi":"Vasemmistoliitto","sv":"Vänsterförbundet","en":"The Left Alliance"},"caid":39,"position":0,"gender":"2","comparisonData":{"totalVotes":8,"votesTotalChange":-2},"edid":10,"comparativeIndex":0.0,"electionDayVotesPercent":0.0,"nominatorAbbr":{"fi":"VAS","sv":"VF","en":"LEFT"}},{"age":62,"advanceVotesPercent":0.8,"lastname":"Niemitalo","occupation":"yrittäjä","advanceVotes":5,"npid":3,"totalVotes":5,"spid":3,"abbr":"PS","municipalCouncilor":true,"muid":934,"alid":3,"firstname":"Harri","electionDayVotes":0,"pid":"23","finalPosition":0,"electedInformation":"ON_SUBSTITUTE_PLACE","totalVotesPercent":0.8,"nominatorName":{"fi":"Perussuomalaiset","sv":"Sannfinländarna","en":"The Finns Party"},"caid":32,"position":0,"gender":"1","comparisonData":{"totalVotes":41,"votesTotalChange":-36},"edid":10,"comparativeIndex":0.0,"electionDayVotesPercent":0.0,"nominatorAbbr":{"fi":"PS","sv":"Sannf","en":"FINNS"}},{"age":61,"advanceVotesPercent":0.8,"lastname":"Ylispangar","occupation":"kirvesmies","advanceVotes":5,"npid":3,"totalVotes":5,"spid":3,"abbr":"PS","municipalCouncilor":false,"muid":934,"alid":3,"firstname":"Markku","electionDayVotes":0,"pid":"23","finalPosition":0,"electedInformation":"ON_SUBSTITUTE_PLACE","totalVotesPercent":0.8,"nominatorName":{"fi":"Perussuomalaiset","sv":"Sannfinländarna","en":"The Finns Party"},"caid":33,"position":0,"gender":"1","comparisonData":{"totalVotes":0,"votesTotalChange":5},"edid":10,"comparativeIndex":0.0,"electionDayVotesPercent":0.0,"nominatorAbbr":{"fi":"PS","sv":"Sannf","en":"FINNS"}},{"age":52,"advanceVotesPercent":0.8,"lastname":"Pollarikoski","occupation":"vesi- ja viemärilaitoksen hoitaja","advanceVotes":5,"npid":4,"totalVotes":5,"spid":4,"abbr":"SDP","municipalCouncilor":false,"muid":934,"alid":4,"firstname":"Timo","electionDayVotes":0,"pid":"1","finalPosition":0,"electedInformation":"NOT_ELECTED","totalVotesPercent":0.8,"nominatorName":{"fi":"Suomen Sosialidemokraattinen Puolue","sv":"Finlands Socialdemokratiska Parti","en":"The Finnish Social Democratic Party"},"caid":36,"position":0,"gender":"1","comparisonData":{"totalVotes":11,"votesTotalChange":-6},"edid":10,"comparativeIndex":0.0,"electionDayVotesPercent":0.0,"nominatorAbbr":{"fi":"SDP","sv":"SDP","en":"SDP"}},{"age":35,"advanceVotesPercent":0.8,"lastname":"Honkonen","occupation":"VTM, opettaja","advanceVotes":5,"npid":7,"totalVotes":5,"spid":99,"abbr":"Muut","municipalCouncilor":false,"muid":934,"alid":6,"firstname":"Terhi","electionDayVotes":0,"pid":"9347","finalPosition":0,"electedInformation":"ON_SUBSTITUTE_PLACE","totalVotesPercent":0.8,"nominatorName":{"fi":"Yhteislista Haloo Vimpeli","sv":"Yhteislista Haloo Vimpeli","en":"Yhteislista Haloo Vimpeli"},"caid":50,"position":0,"gender":"2","comparisonData":{"totalVotes":0,"votesTotalChange":5},"edid":10,"comparativeIndex":0.0,"electionDayVotesPercent":0.0,"nominatorAbbr":{"fi":"Haloo","sv":"Haloo","en":"Haloo"}},{"age":68,"advanceVotesPercent":0.6,"lastname":"Pekkola","occupation":"eläkeläinen","advanceVotes":4,"npid":1,"totalVotes":4,"spid":1,"abbr":"KESK","municipalCouncilor":false,"muid":934,"alid":1,"firstname":"Pentti","electionDayVotes":0,"pid":"2","finalPosition":0,"electedInformation":"ON_SUBSTITUTE_PLACE","totalVotesPercent":0.6,"nominatorName":{"fi":"Suomen Keskusta","sv":"Centern i Finland","en":"Centre Party of Finland"},"caid":14,"position":0,"gender":"1","comparisonData":{"totalVotes":4,"votesTotalChange":0},"edid":10,"comparativeIndex":0.0,"electionDayVotesPercent":0.0,"nominatorAbbr":{"fi":"KESK","sv":"C","en":"CENT"}},{"age":56,"advanceVotesPercent":0.6,"lastname":"Timonen","occupation":"maatilayrittäjä","advanceVotes":4,"npid":1,"totalVotes":4,"spid":1,"abbr":"KESK","municipalCouncilor":true,"muid":934,"alid":1,"firstname":"Veikko","electionDayVotes":0,"pid":"2","finalPosition":0,"electedInformation":"ON_SUBSTITUTE_PLACE","totalVotesPercent":0.6,"nominatorName":{"fi":"Suomen Keskusta","sv":"Centern i Finland","en":"Centre Party of Finland"},"caid":20,"position":0,"gender":"1","comparisonData":{"totalVotes":36,"votesTotalChange":-32},"edid":10,"comparativeIndex":0.0,"electionDayVotesPercent":0.0,"nominatorAbbr":{"fi":"KESK","sv":"C","en":"CENT"}},{"age":65,"advanceVotesPercent":0.6,"lastname":"Valtola","occupation":"talonmies","advanceVotes":4,"npid":1,"totalVotes":4,"spid":1,"abbr":"KESK","municipalCouncilor":false,"muid":934,"alid":1,"firstname":"Olli","electionDayVotes":0,"pid":"2","finalPosition":0,"electedInformation":"ON_SUBSTITUTE_PLACE","totalVotesPercent":0.6,"nominatorName":{"fi":"Suomen Keskusta","sv":"Centern i Finland","en":"Centre Party of Finland"},"caid":21,"position":0,"gender":"1","comparisonData":{"totalVotes":7,"votesTotalChange":-3},"edid":10,"comparativeIndex":0.0,"electionDayVotesPercent":0.0,"nominatorAbbr":{"fi":"KESK","sv":"C","en":"CENT"}},{"age":35,"advanceVotesPercent":0.6,"lastname":"Yliahtela","occupation":"toimitusjohtaja, kiinteistösihteeri","advanceVotes":4,"npid":1,"totalVotes":4,"spid":1,"abbr":"KESK","municipalCouncilor":false,"muid":934,"alid":1,"firstname":"Mari","electionDayVotes":0,"pid":"2","finalPosition":0,"electedInformation":"ON_SUBSTITUTE_PLACE","totalVotesPercent":0.6,"nominatorName":{"fi":"Suomen Keskusta","sv":"Centern i Finland","en":"Centre Party of Finland"},"caid":23,"position":0,"gender":"2","comparisonData":{"totalVotes":0,"votesTotalChange":4},"edid":10,"comparativeIndex":0.0,"electionDayVotesPercent":0.0,"nominatorAbbr":{"fi":"KESK","sv":"C","en":"CENT"}},{"age":35,"advanceVotesPercent":0.6,"lastname":"Jukkala","occupation":"insinööri (AMK)","advanceVotes":4,"npid":7,"totalVotes":4,"spid":99,"abbr":"Muut","municipalCouncilor":false,"muid":934,"alid":6,"firstname":"Veijo","electionDayVotes":0,"pid":"9347","finalPosition":0,"electedInformation":"NOT_ELECTED","totalVotesPercent":0.6,"nominatorName":{"fi":"Yhteislista Haloo Vimpeli","sv":"Yhteislista Haloo Vimpeli","en":"Yhteislista Haloo Vimpeli"},"caid":51,"position":0,"gender":"1","comparisonData":{"totalVotes":14,"votesTotalChange":-10},"edid":10,"comparativeIndex":0.0,"electionDayVotesPercent":0.0,"nominatorAbbr":{"fi":"Haloo","sv":"Haloo","en":"Haloo"}},{"age":42,"advanceVotesPercent":0.6,"lastname":"Uusitupa","occupation":"opettaja, FM","advanceVotes":4,"npid":7,"totalVotes":4,"spid":99,"abbr":"Muut","municipalCouncilor":false,"muid":934,"alid":6,"firstname":"Jari-Matti","electionDayVotes":0,"pid":"9347","finalPosition":0,"electedInformation":"NOT_ELECTED","totalVotesPercent":0.6,"nominatorName":{"fi":"Yhteislista Haloo Vimpeli","sv":"Yhteislista Haloo Vimpeli","en":"Yhteislista Haloo Vimpeli"},"caid":62,"position":0,"gender":"1","comparisonData":{"totalVotes":0,"votesTotalChange":4},"edid":10,"comparativeIndex":0.0,"electionDayVotesPercent":0.0,"nominatorAbbr":{"fi":"Haloo","sv":"Haloo","en":"Haloo"}},{"age":43,"advanceVotesPercent":0.5,"lastname":"Mustonen","occupation":"koulutettu hieroja","advanceVotes":3,"npid":1,"totalVotes":3,"spid":1,"abbr":"KESK","municipalCouncilor":false,"muid":934,"alid":1,"firstname":"Tanja","electionDayVotes":0,"pid":"2","finalPosition":0,"electedInformation":"NOT_ELECTED","totalVotesPercent":0.5,"nominatorName":{"fi":"Suomen Keskusta","sv":"Centern i Finland","en":"Centre Party of Finland"},"caid":11,"position":0,"gender":"2","comparisonData":{"totalVotes":0,"votesTotalChange":3},"edid":10,"comparativeIndex":0.0,"electionDayVotesPercent":0.0,"nominatorAbbr":{"fi":"KESK","sv":"C","en":"CENT"}},{"age":53,"advanceVotesPercent":0.5,"lastname":"Saunamäki","occupation":"insinööri (AMK), työnjohtaja","advanceVotes":3,"npid":1,"totalVotes":3,"spid":1,"abbr":"KESK","municipalCouncilor":false,"muid":934,"alid":1,"firstname":"Jouni","electionDayVotes":0,"pid":"2","finalPosition":0,"electedInformation":"NOT_ELECTED","totalVotesPercent":0.5,"nominatorName":{"fi":"Suomen Keskusta","sv":"Centern i Finland","en":"Centre Party of Finland"},"caid":15,"position":0,"gender":"1","comparisonData":{"totalVotes":0,"votesTotalChange":3},"edid":10,"comparativeIndex":0.0,"electionDayVotesPercent":0.0,"nominatorAbbr":{"fi":"KESK","sv":"C","en":"CENT"}},{"age":41,"advanceVotesPercent":0.5,"lastname":"Moskajärvi","occupation":"koulunkäynninohjaaja, siivousteknikko","advanceVotes":3,"npid":3,"totalVotes":3,"spid":3,"abbr":"PS","municipalCouncilor":false,"muid":934,"alid":3,"firstname":"Susanna","electionDayVotes":0,"pid":"23","finalPosition":0,"electedInformation":"NOT_ELECTED","totalVotesPercent":0.5,"nominatorName":{"fi":"Perussuomalaiset","sv":"Sannfinländarna","en":"The Finns Party"},"caid":31,"position":0,"gender":"2","comparisonData":{"totalVotes":6,"votesTotalChange":-3},"edid":10,"comparativeIndex":0.0,"electionDayVotesPercent":0.0,"nominatorAbbr":{"fi":"PS","sv":"Sannf","en":"FINNS"}},{"age":59,"advanceVotesPercent":0.5,"lastname":"Huopana","occupation":"lasten ja nuorten erityisohjaaja","advanceVotes":3,"npid":4,"totalVotes":3,"spid":4,"abbr":"SDP","municipalCouncilor":false,"muid":934,"alid":4,"firstname":"Aimo","electionDayVotes":0,"pid":"1","finalPosition":0,"electedInformation":"NOT_ELECTED","totalVotesPercent":0.5,"nominatorName":{"fi":"Suomen Sosialidemokraattinen Puolue","sv":"Finlands Socialdemokratiska Parti","en":"The Finnish Social Democratic Party"},"caid":34,"position":0,"gender":"1","comparisonData":{"totalVotes":15,"votesTotalChange":-12},"edid":10,"comparativeIndex":0.0,"electionDayVotesPercent":0.0,"nominatorAbbr":{"fi":"SDP","sv":"SDP","en":"SDP"}},{"age":18,"advanceVotesPercent":0.3,"lastname":"Haapala","occupation":"opiskelija","advanceVotes":2,"npid":7,"totalVotes":2,"spid":99,"abbr":"Muut","municipalCouncilor":false,"muid":934,"alid":6,"firstname":"Roosa","electionDayVotes":0,"pid":"9347","finalPosition":0,"electedInformation":"NOT_ELECTED","totalVotesPercent":0.3,"nominatorName":{"fi":"Yhteislista Haloo Vimpeli","sv":"Yhteislista Haloo Vimpeli","en":"Yhteislista Haloo Vimpeli"},"caid":49,"position":0,"gender":"2","comparisonData":{"totalVotes":0,"votesTotalChange":2},"edid":10,"comparativeIndex":0.0,"electionDayVotesPercent":0.0,"nominatorAbbr":{"fi":"Haloo","sv":"Haloo","en":"Haloo"}},{"age":75,"advanceVotesPercent":0.2,"lastname":"Parkkinen","occupation":"yrittäjä, eläkeläinen","advanceVotes":1,"npid":4,"totalVotes":1,"spid":4,"abbr":"SDP","municipalCouncilor":false,"muid":934,"alid":4,"firstname":"Ensio","electionDayVotes":0,"pid":"1","finalPosition":0,"electedInformation":"NOT_ELECTED","totalVotesPercent":0.2,"nominatorName":{"fi":"Suomen Sosialidemokraattinen Puolue","sv":"Finlands Socialdemokratiska Parti","en":"The Finnish Social Democratic Party"},"caid":35,"position":0,"gender":"1","comparisonData":{"totalVotes":17,"votesTotalChange":-16},"edid":10,"comparativeIndex":0.0,"electionDayVotesPercent":0.0,"nominatorAbbr":{"fi":"SDP","sv":"SDP","en":"SDP"}},{"age":35,"advanceVotesPercent":0.0,"lastname":"Aho","occupation":"maatalouslomittaja","advanceVotes":0,"npid":7,"totalVotes":0,"spid":99,"abbr":"Muut","municipalCouncilor":false,"muid":934,"alid":6,"firstname":"Jasmiina","electionDayVotes":0,"pid":"9347","finalPosition":0,"electedInformation":"NOT_ELECTED","totalVotesPercent":0.0,"nominatorName":{"fi":"Yhteislista Haloo Vimpeli","sv":"Yhteislista Haloo Vimpeli","en":"Yhteislista Haloo Vimpeli"},"caid":48,"position":0,"gender":"2","comparisonData":{"totalVotes":6,"votesTotalChange":-6},"edid":10,"comparativeIndex":0.0,"electionDayVotesPercent":0.0,"nominatorAbbr":{"fi":"Haloo","sv":"Haloo","en":"Haloo"}},{"age":54,"advanceVotesPercent":0.0,"lastname":"Kjellbäck","occupation":"metallimies","advanceVotes":0,"npid":7,"totalVotes":0,"spid":99,"abbr":"Muut","municipalCouncilor":false,"muid":934,"alid":6,"firstname":"Matti","electionDayVotes":0,"pid":"9347","finalPosition":0,"electedInformation":"ON_SUBSTITUTE_PLACE","totalVotesPercent":0.0,"nominatorName":{"fi":"Yhteislista Haloo Vimpeli","sv":"Yhteislista Haloo Vimpeli","en":"Yhteislista Haloo Vimpeli"},"caid":53,"position":0,"gender":"1","comparisonData":{"totalVotes":29,"votesTotalChange":-29},"edid":10,"comparativeIndex":0.0,"electionDayVotesPercent":0.0,"nominatorAbbr":{"fi":"Haloo","sv":"Haloo","en":"Haloo"}},{"age":61,"advanceVotesPercent":0.0,"lastname":"Lehto","occupation":"yrittäjä","advanceVotes":0,"npid":7,"totalVotes":0,"spid":99,"abbr":"Muut","municipalCouncilor":false,"muid":934,"alid":6,"firstname":"Tapio","electionDayVotes":0,"pid":"9347","finalPosition":0,"electedInformation":"NOT_ELECTED","totalVotesPercent":0.0,"nominatorName":{"fi":"Yhteislista Haloo Vimpeli","sv":"Yhteislista Haloo Vimpeli","en":"Yhteislista Haloo Vimpeli"},"caid":57,"position":0,"gender":"1","comparisonData":{"totalVotes":20,"votesTotalChange":-20},"edid":10,"comparativeIndex":0.0,"electionDayVotesPercent":0.0,"nominatorAbbr":{"fi":"Haloo","sv":"Haloo","en":"Haloo"}}],"municipalityPollingDistricts":[{"name":{"fi":"Kirkonkylä","sv":"Kirkonkylä"},"calculationStatusPercent":45.1,"joinedArea":false,"muid":934,"totalVotingInFinlandTurnout":70.1,"identification":"001","pdid":"001","eligibleVotersInFinlandTotal":2094,"edid":10,"mergedToPdid":""},{"name":{"fi":"Sääksjärvi","sv":"Sääksjärvi"},"calculationStatusPercent":39.6,"joinedArea":false,"muid":934,"totalVotingInFinlandTurnout":76.4,"identification":"002","pdid":"002","eligibleVotersInFinlandTotal":330,"edid":10,"mergedToPdid":""}],"municipality":{"muid":934,"edid":10,"name":{"fi":"Vimpeli","sv":"Vimpeli"}}}