{"version":30,"created":"2017-04-09T19:17:58.593Z","electionDetails":{"electionId":"kv2017","electionDate":"2017-04-09T00:00:00.000Z","electionDataPublishTime":"2017-04-09T17:00:00.000Z","name":{"fi":"Kuntavaalit 2017","sv":"Kommunalval 2017","en":"Elections 2017"},"previousElections":{"correspondingCompareElection":{"electionId":"kv2012","electionDate":"2012-10-28T00:00:00.000Z","name":{"fi":"Kuntavaalit 2012","en":"Municipal elections 2012","sv":"Kommunalval 2012"}},"otherCompareElection":{"electionId":"ev2015","electionDate":"2015-04-19T00:00:00.000Z","name":{"fi":"Eduskuntavaalit 2015","en":"Parliamentary election 2015","sv":"Riksdagsval 2015"}}}},"calculationStatus":{"electionDayVotingTurnout":30.7,"invalidAdvanceVotes":5,"calculationPhase":"INITIAL","invalidElectionDayVotes":10,"approvedAdvanceVotes":1150,"advanceVotingTurnout":26.9,"totalVotingTurnoutAbroad":0.0,"name":{"fi":"Kannus","sv":"Kannus"},"calculationStatusPercent":100.0,"advanceVotes":1155,"electionDayVotingTurnoutAbroad":0.0,"approvedTotalVotes":2463,"totalVotes":2474,"muid":217,"totalVotingInFinlandTurnout":57.7,"advanceVotingTurnoutAbroad":0.0,"invalidTotalVotes":15,"totalVotingTurnout":57.7,"electionDayVotes":1319,"electionDayVotesInFinland":1319,"pdid":"001","totalVotesInFinlandMen":0,"eligibleVotersInFinlandTotal":4291,"calculationStatusPercentElectionDayVotes":100.0,"sourceRecordModificationTime":"20170409211604","otherCompareElection":{"eid":"","eligibleVotersInFinlandTotal":0,"advanceVotingInFinlandTurnout":0.0,"electionDayVotingInFinlandTurnout":0.0,"totalVotingInFinlandTurnout":0.0,"approvedVotesTotal":0,"invalidVotesTotal":0},"correspondingCompareElection":{"eid":"","eligibleVotersInFinlandTotal":0,"advanceVotingInFinlandTurnout":0.0,"electionDayVotingInFinlandTurnout":0.0,"totalVotingInFinlandTurnout":0.0,"approvedVotesTotal":0,"invalidVotesTotal":0,"seats":0},"approvedElectionDayVotes":1313,"edid":10,"calculationStatusPercentAdvanceVotes":100.0,"electionDayVotingInFinlandTurnout":30.7,"seats":0,"eligibleVotersTotal":4291,"advanceVotesInFinland":1155,"advanceVotingInFinlandTurnout":26.9,"totalVotesInFinland":2474},"partyResults":[{"advanceVotesPercent":65.1,"name":{"fi":"Suomen Keskusta","sv":"Centern i Finland","en":"Centre Party of Finland"},"advanceVotes":749,"npid":1,"totalVotes":1568,"spid":1,"abbr":{"fi":"KESK","sv":"C","en":"CENT"},"alid":1,"electionDayVotes":819,"pid":"2","totalVotesPercent":63.7,"nominatorName":{"fi":"Suomen Keskusta","sv":"Centern i Finland","en":"Centre Party of Finland"},"compareData":{"otherCompareElection":{"votesTotalChange":0,"votesTotalPercentChange":0.0,"votesTotal":1568,"votesTotalPercent":63.7},"correspondingCompareElection":{"votesTotalChange":0,"votesTotalPercentChange":0.0,"seatChange":0,"votesTotal":1568,"votesTotalPercent":63.7,"seatsTotal":0}},"seats":0,"electionDayVotesPercent":62.4,"nominatorAbbr":{"fi":"KESK","sv":"C","en":"CENT"}},{"advanceVotesPercent":11.6,"name":{"fi":"Perussuomalaiset","sv":"Sannfinländarna","en":"The Finns Party"},"advanceVotes":133,"npid":2,"totalVotes":327,"spid":3,"abbr":{"fi":"PS","sv":"Sannf","en":"FINNS"},"alid":2,"electionDayVotes":194,"pid":"23","totalVotesPercent":13.3,"nominatorName":{"fi":"Perussuomalaiset","sv":"Sannfinländarna","en":"The Finns Party"},"compareData":{"otherCompareElection":{"votesTotalChange":0,"votesTotalPercentChange":0.0,"votesTotal":327,"votesTotalPercent":13.3},"correspondingCompareElection":{"votesTotalChange":0,"votesTotalPercentChange":0.0,"seatChange":0,"votesTotal":327,"votesTotalPercent":13.3,"seatsTotal":0}},"seats":0,"electionDayVotesPercent":14.8,"nominatorAbbr":{"fi":"PS","sv":"Sannf","en":"FINNS"}},{"advanceVotesPercent":12.7,"name":{"fi":"Suomen Sosialidemokraattinen Puolue","sv":"Finlands Socialdemokratiska Parti","en":"The Finnish Social Democratic Party"},"advanceVotes":146,"npid":5,"totalVotes":306,"spid":4,"abbr":{"fi":"SDP","sv":"SDP","en":"SDP"},"alid":5,"electionDayVotes":160,"pid":"1","totalVotesPercent":12.4,"nominatorName":{"fi":"Suomen Sosialidemokraattinen Puolue","sv":"Finlands Socialdemokratiska Parti","en":"The Finnish Social Democratic Party"},"compareData":{"otherCompareElection":{"votesTotalChange":0,"votesTotalPercentChange":0.0,"votesTotal":306,"votesTotalPercent":12.4},"correspondingCompareElection":{"votesTotalChange":0,"votesTotalPercentChange":0.0,"seatChange":0,"votesTotal":306,"votesTotalPercent":12.4,"seatsTotal":0}},"seats":0,"electionDayVotesPercent":12.2,"nominatorAbbr":{"fi":"SDP","sv":"SDP","en":"SDP"}},{"advanceVotesPercent":5.9,"name":{"fi":"Suomen Kristillisdemokraatit (KD)","sv":"Kristdemokraterna i Finland (KD)","en":"Christian Democrats in Finland"},"advanceVotes":68,"npid":4,"totalVotes":140,"spid":8,"abbr":{"fi":"KD","sv":"KD","en":"CD"},"alid":4,"electionDayVotes":72,"pid":"9","totalVotesPercent":5.7,"nominatorName":{"fi":"Suomen Kristillisdemokraatit (KD)","sv":"Kristdemokraterna i Finland (KD)","en":"Christian Democrats in Finland"},"compareData":{"otherCompareElection":{"votesTotalChange":0,"votesTotalPercentChange":0.0,"votesTotal":140,"votesTotalPercent":5.7},"correspondingCompareElection":{"votesTotalChange":0,"votesTotalPercentChange":0.0,"seatChange":0,"votesTotal":140,"votesTotalPercent":5.7,"seatsTotal":0}},"seats":0,"electionDayVotesPercent":5.5,"nominatorAbbr":{"fi":"KD","sv":"KD","en":"CD"}},{"advanceVotesPercent":4.7,"name":{"fi":"Kansallinen Kokoomus","sv":"Samlingspartiet","en":"National Coalition Party"},"advanceVotes":54,"npid":3,"totalVotes":122,"spid":2,"abbr":{"fi":"KOK","sv":"Saml","en":"NCP"},"alid":3,"electionDayVotes":68,"pid":"4","totalVotesPercent":5.0,"nominatorName":{"fi":"Kansallinen Kokoomus","sv":"Samlingspartiet","en":"National Coalition Party"},"compareData":{"otherCompareElection":{"votesTotalChange":0,"votesTotalPercentChange":0.0,"votesTotal":122,"votesTotalPercent":5.0},"correspondingCompareElection":{"votesTotalChange":0,"votesTotalPercentChange":0.0,"seatChange":0,"votesTotal":122,"votesTotalPercent":5.0,"seatsTotal":0}},"seats":0,"electionDayVotesPercent":5.2,"nominatorAbbr":{"fi":"KOK","sv":"Saml","en":"NCP"}}],"candidateResults":[{"age":46,"advanceVotesPercent":7.7,"lastname":"Kokkonen","occupation":"maatalousyrittäjä","advanceVotes":89,"npid":1,"totalVotes":168,"spid":1,"abbr":"KESK","municipalCouncilor":false,"muid":217,"alid":1,"firstname":"Mika","electionDayVotes":79,"pid":"2","finalPosition":0,"electedInformation":"ELECTED","totalVotesPercent":6.8,"nominatorName":{"fi":"Suomen Keskusta","sv":"Centern i Finland","en":"Centre Party of Finland"},"caid":14,"position":0,"gender":"1","comparisonData":{"totalVotes":0,"votesTotalChange":168},"edid":10,"comparativeIndex":0.0,"electionDayVotesPercent":6.0,"nominatorAbbr":{"fi":"KESK","sv":"C","en":"CENT"}},{"age":64,"advanceVotesPercent":7.0,"lastname":"Törmä","occupation":"lähihoitaja","advanceVotes":80,"npid":1,"totalVotes":154,"spid":1,"abbr":"KESK","municipalCouncilor":false,"muid":217,"alid":1,"firstname":"Anja","electionDayVotes":74,"pid":"2","finalPosition":0,"electedInformation":"ELECTED","totalVotesPercent":6.3,"nominatorName":{"fi":"Suomen Keskusta","sv":"Centern i Finland","en":"Centre Party of Finland"},"caid":23,"position":0,"gender":"2","comparisonData":{"totalVotes":0,"votesTotalChange":154},"edid":10,"comparativeIndex":0.0,"electionDayVotesPercent":5.6,"nominatorAbbr":{"fi":"KESK","sv":"C","en":"CENT"}},{"age":35,"advanceVotesPercent":4.7,"lastname":"Pajala","occupation":"yrittäjä","advanceVotes":54,"npid":1,"totalVotes":150,"spid":1,"abbr":"KESK","municipalCouncilor":false,"muid":217,"alid":1,"firstname":"Noora","electionDayVotes":96,"pid":"2","finalPosition":0,"electedInformation":"ELECTED","totalVotesPercent":6.1,"nominatorName":{"fi":"Suomen Keskusta","sv":"Centern i Finland","en":"Centre Party of Finland"},"caid":20,"position":0,"gender":"2","comparisonData":{"totalVotes":0,"votesTotalChange":150},"edid":10,"comparativeIndex":0.0,"electionDayVotesPercent":7.3,"nominatorAbbr":{"fi":"KESK","sv":"C","en":"CENT"}},{"age":41,"advanceVotesPercent":5.9,"lastname":"Kerola","occupation":"emäntä, käsityöläinen","advanceVotes":68,"npid":1,"totalVotes":146,"spid":1,"abbr":"KESK","municipalCouncilor":true,"muid":217,"alid":1,"firstname":"Mari","electionDayVotes":78,"pid":"2","finalPosition":0,"electedInformation":"ELECTED","totalVotesPercent":5.9,"nominatorName":{"fi":"Suomen Keskusta","sv":"Centern i Finland","en":"Centre Party of Finland"},"caid":12,"position":0,"gender":"2","comparisonData":{"totalVotes":50,"votesTotalChange":96},"edid":10,"comparativeIndex":0.0,"electionDayVotesPercent":5.9,"nominatorAbbr":{"fi":"KESK","sv":"C","en":"CENT"}},{"age":52,"advanceVotesPercent":6.3,"lastname":"Huuki","occupation":"palkkasihteeri","advanceVotes":72,"npid":5,"totalVotes":143,"spid":4,"abbr":"SDP","municipalCouncilor":true,"muid":217,"alid":5,"firstname":"Ari","electionDayVotes":71,"pid":"1","finalPosition":0,"electedInformation":"ELECTED","totalVotesPercent":5.8,"nominatorName":{"fi":"Suomen Sosialidemokraattinen Puolue","sv":"Finlands Socialdemokratiska Parti","en":"The Finnish Social Democratic Party"},"caid":42,"position":0,"gender":"1","comparisonData":{"totalVotes":130,"votesTotalChange":13},"edid":10,"comparativeIndex":0.0,"electionDayVotesPercent":5.4,"nominatorAbbr":{"fi":"SDP","sv":"SDP","en":"SDP"}},{"age":25,"advanceVotesPercent":3.6,"lastname":"Hernesniemi","occupation":"yhteiskuntatieteiden maisteri","advanceVotes":41,"npid":2,"totalVotes":125,"spid":3,"abbr":"PS","municipalCouncilor":true,"muid":217,"alid":2,"firstname":"Aleksi","electionDayVotes":84,"pid":"23","finalPosition":0,"electedInformation":"ELECTED","totalVotesPercent":5.1,"nominatorName":{"fi":"Perussuomalaiset","sv":"Sannfinländarna","en":"The Finns Party"},"caid":25,"position":0,"gender":"1","comparisonData":{"totalVotes":55,"votesTotalChange":70},"edid":10,"comparativeIndex":0.0,"electionDayVotesPercent":6.4,"nominatorAbbr":{"fi":"PS","sv":"Sannf","en":"FINNS"}},{"age":61,"advanceVotesPercent":4.6,"lastname":"Ilola","occupation":"lähetyssihteeri","advanceVotes":53,"npid":4,"totalVotes":104,"spid":8,"abbr":"KD","municipalCouncilor":false,"muid":217,"alid":4,"firstname":"Hannele","electionDayVotes":51,"pid":"9","finalPosition":0,"electedInformation":"ELECTED","totalVotesPercent":4.2,"nominatorName":{"fi":"Suomen Kristillisdemokraatit (KD)","sv":"Kristdemokraterna i Finland (KD)","en":"Christian Democrats in Finland"},"caid":39,"position":0,"gender":"2","comparisonData":{"totalVotes":0,"votesTotalChange":104},"edid":10,"comparativeIndex":0.0,"electionDayVotesPercent":3.9,"nominatorAbbr":{"fi":"KD","sv":"KD","en":"CD"}},{"age":60,"advanceVotesPercent":4.9,"lastname":"Aro","occupation":"emäntä","advanceVotes":56,"npid":1,"totalVotes":87,"spid":1,"abbr":"KESK","municipalCouncilor":false,"muid":217,"alid":1,"firstname":"Katri","electionDayVotes":31,"pid":"2","finalPosition":0,"electedInformation":"ELECTED","totalVotesPercent":3.5,"nominatorName":{"fi":"Suomen Keskusta","sv":"Centern i Finland","en":"Centre Party of Finland"},"caid":2,"position":0,"gender":"2","comparisonData":{"totalVotes":0,"votesTotalChange":87},"edid":10,"comparativeIndex":0.0,"electionDayVotesPercent":2.4,"nominatorAbbr":{"fi":"KESK","sv":"C","en":"CENT"}},{"age":65,"advanceVotesPercent":4.6,"lastname":"Gromoff","occupation":"maatalousyrittäjä, eläkeläinen","advanceVotes":53,"npid":1,"totalVotes":87,"spid":1,"abbr":"KESK","municipalCouncilor":true,"muid":217,"alid":1,"firstname":"Kari","electionDayVotes":34,"pid":"2","finalPosition":0,"electedInformation":"ELECTED","totalVotesPercent":3.5,"nominatorName":{"fi":"Suomen Keskusta","sv":"Centern i Finland","en":"Centre Party of Finland"},"caid":5,"position":0,"gender":"1","comparisonData":{"totalVotes":87,"votesTotalChange":0},"edid":10,"comparativeIndex":0.0,"electionDayVotesPercent":2.6,"nominatorAbbr":{"fi":"KESK","sv":"C","en":"CENT"}},{"age":28,"advanceVotesPercent":2.8,"lastname":"Rautiola","occupation":"lähihoitaja, kotiäiti","advanceVotes":32,"npid":1,"totalVotes":83,"spid":1,"abbr":"KESK","municipalCouncilor":false,"muid":217,"alid":1,"firstname":"Piia","electionDayVotes":51,"pid":"2","finalPosition":0,"electedInformation":"ELECTED","totalVotesPercent":3.4,"nominatorName":{"fi":"Suomen Keskusta","sv":"Centern i Finland","en":"Centre Party of Finland"},"caid":22,"position":0,"gender":"2","comparisonData":{"totalVotes":0,"votesTotalChange":83},"edid":10,"comparativeIndex":0.0,"electionDayVotesPercent":3.9,"nominatorAbbr":{"fi":"KESK","sv":"C","en":"CENT"}},{"age":64,"advanceVotesPercent":3.7,"lastname":"Märsylä","occupation":"työsuojeluvaltuutettu, eläkeläinen","advanceVotes":42,"npid":5,"totalVotes":83,"spid":4,"abbr":"SDP","municipalCouncilor":true,"muid":217,"alid":5,"firstname":"Raimo","electionDayVotes":41,"pid":"1","finalPosition":0,"electedInformation":"ELECTED","totalVotesPercent":3.4,"nominatorName":{"fi":"Suomen Sosialidemokraattinen Puolue","sv":"Finlands Socialdemokratiska Parti","en":"The Finnish Social Democratic Party"},"caid":44,"position":0,"gender":"1","comparisonData":{"totalVotes":65,"votesTotalChange":18},"edid":10,"comparativeIndex":0.0,"electionDayVotesPercent":3.1,"nominatorAbbr":{"fi":"SDP","sv":"SDP","en":"SDP"}},{"age":62,"advanceVotesPercent":2.4,"lastname":"Lehtinen","occupation":"oikeustieteen tohtori, varatuomari","advanceVotes":28,"npid":2,"totalVotes":77,"spid":3,"abbr":"PS","municipalCouncilor":true,"muid":217,"alid":2,"firstname":"Lasse","electionDayVotes":49,"pid":"23","finalPosition":0,"electedInformation":"ELECTED","totalVotesPercent":3.1,"nominatorName":{"fi":"Perussuomalaiset","sv":"Sannfinländarna","en":"The Finns Party"},"caid":29,"position":0,"gender":"1","comparisonData":{"totalVotes":141,"votesTotalChange":-64},"edid":10,"comparativeIndex":0.0,"electionDayVotesPercent":3.7,"nominatorAbbr":{"fi":"PS","sv":"Sannf","en":"FINNS"}},{"age":43,"advanceVotesPercent":2.7,"lastname":"Haaponiemi","occupation":"opettaja","advanceVotes":31,"npid":1,"totalVotes":73,"spid":1,"abbr":"KESK","municipalCouncilor":false,"muid":217,"alid":1,"firstname":"Pauli","electionDayVotes":42,"pid":"2","finalPosition":0,"electedInformation":"ELECTED","totalVotesPercent":3.0,"nominatorName":{"fi":"Suomen Keskusta","sv":"Centern i Finland","en":"Centre Party of Finland"},"caid":6,"position":0,"gender":"1","comparisonData":{"totalVotes":0,"votesTotalChange":73},"edid":10,"comparativeIndex":0.0,"electionDayVotesPercent":3.2,"nominatorAbbr":{"fi":"KESK","sv":"C","en":"CENT"}},{"age":35,"advanceVotesPercent":1.6,"lastname":"Mäki-Korvela","occupation":"projektityöntekijä","advanceVotes":18,"npid":1,"totalVotes":70,"spid":1,"abbr":"KESK","municipalCouncilor":false,"muid":217,"alid":1,"firstname":"Petri","electionDayVotes":52,"pid":"2","finalPosition":0,"electedInformation":"ELECTED","totalVotesPercent":2.8,"nominatorName":{"fi":"Suomen Keskusta","sv":"Centern i Finland","en":"Centre Party of Finland"},"caid":17,"position":0,"gender":"1","comparisonData":{"totalVotes":0,"votesTotalChange":70},"edid":10,"comparativeIndex":0.0,"electionDayVotesPercent":4.0,"nominatorAbbr":{"fi":"KESK","sv":"C","en":"CENT"}},{"age":52,"advanceVotesPercent":2.6,"lastname":"Hernesniemi","occupation":"maanviljelijä","advanceVotes":30,"npid":1,"totalVotes":68,"spid":1,"abbr":"KESK","municipalCouncilor":true,"muid":217,"alid":1,"firstname":"Veijo","electionDayVotes":38,"pid":"2","finalPosition":0,"electedInformation":"ELECTED","totalVotesPercent":2.8,"nominatorName":{"fi":"Suomen Keskusta","sv":"Centern i Finland","en":"Centre Party of Finland"},"caid":8,"position":0,"gender":"1","comparisonData":{"totalVotes":90,"votesTotalChange":-22},"edid":10,"comparativeIndex":0.0,"electionDayVotesPercent":2.9,"nominatorAbbr":{"fi":"KESK","sv":"C","en":"CENT"}},{"age":42,"advanceVotesPercent":2.3,"lastname":"Erkkilä","occupation":"yrittäjä","advanceVotes":27,"npid":1,"totalVotes":62,"spid":1,"abbr":"KESK","municipalCouncilor":true,"muid":217,"alid":1,"firstname":"Tapani","electionDayVotes":35,"pid":"2","finalPosition":0,"electedInformation":"ELECTED","totalVotesPercent":2.5,"nominatorName":{"fi":"Suomen Keskusta","sv":"Centern i Finland","en":"Centre Party of Finland"},"caid":4,"position":0,"gender":"1","comparisonData":{"totalVotes":53,"votesTotalChange":9},"edid":10,"comparativeIndex":0.0,"electionDayVotesPercent":2.7,"nominatorAbbr":{"fi":"KESK","sv":"C","en":"CENT"}},{"age":32,"advanceVotesPercent":2.3,"lastname":"Kykyri","occupation":"liikuntatieteiden maisteri","advanceVotes":27,"npid":1,"totalVotes":61,"spid":1,"abbr":"KESK","municipalCouncilor":false,"muid":217,"alid":1,"firstname":"Katri","electionDayVotes":34,"pid":"2","finalPosition":0,"electedInformation":"ELECTED","totalVotesPercent":2.5,"nominatorName":{"fi":"Suomen Keskusta","sv":"Centern i Finland","en":"Centre Party of Finland"},"caid":15,"position":0,"gender":"2","comparisonData":{"totalVotes":0,"votesTotalChange":61},"edid":10,"comparativeIndex":0.0,"electionDayVotesPercent":2.6,"nominatorAbbr":{"fi":"KESK","sv":"C","en":"CENT"}},{"age":68,"advanceVotesPercent":3.0,"lastname":"Joensuu","occupation":"terveydenhoitaja, eläkeläinen","advanceVotes":35,"npid":1,"totalVotes":60,"spid":1,"abbr":"KESK","municipalCouncilor":true,"muid":217,"alid":1,"firstname":"Olli","electionDayVotes":25,"pid":"2","finalPosition":0,"electedInformation":"ELECTED","totalVotesPercent":2.4,"nominatorName":{"fi":"Suomen Keskusta","sv":"Centern i Finland","en":"Centre Party of Finland"},"caid":11,"position":0,"gender":"1","comparisonData":{"totalVotes":38,"votesTotalChange":22},"edid":10,"comparativeIndex":0.0,"electionDayVotesPercent":1.9,"nominatorAbbr":{"fi":"KESK","sv":"C","en":"CENT"}},{"age":55,"advanceVotesPercent":1.2,"lastname":"Hämäläinen","occupation":"yrittäjä, kodinkoneasentaja","advanceVotes":14,"npid":1,"totalVotes":57,"spid":1,"abbr":"KESK","municipalCouncilor":false,"muid":217,"alid":1,"firstname":"Pekka","electionDayVotes":43,"pid":"2","finalPosition":0,"electedInformation":"ELECTED","totalVotesPercent":2.3,"nominatorName":{"fi":"Suomen Keskusta","sv":"Centern i Finland","en":"Centre Party of Finland"},"caid":9,"position":0,"gender":"1","comparisonData":{"totalVotes":0,"votesTotalChange":57},"edid":10,"comparativeIndex":0.0,"electionDayVotesPercent":3.3,"nominatorAbbr":{"fi":"KESK","sv":"C","en":"CENT"}},{"age":44,"advanceVotesPercent":2.4,"lastname":"Orjala","occupation":"maatalousyrittäjä, opettaja","advanceVotes":28,"npid":1,"totalVotes":46,"spid":1,"abbr":"KESK","municipalCouncilor":true,"muid":217,"alid":1,"firstname":"Jari","electionDayVotes":18,"pid":"2","finalPosition":0,"electedInformation":"ELECTED","totalVotesPercent":1.9,"nominatorName":{"fi":"Suomen Keskusta","sv":"Centern i Finland","en":"Centre Party of Finland"},"caid":19,"position":0,"gender":"1","comparisonData":{"totalVotes":51,"votesTotalChange":-5},"edid":10,"comparativeIndex":0.0,"electionDayVotesPercent":1.4,"nominatorAbbr":{"fi":"KESK","sv":"C","en":"CENT"}},{"age":26,"advanceVotesPercent":2.0,"lastname":"Huuki","occupation":"valtiotieteiden ylioppilas","advanceVotes":23,"npid":3,"totalVotes":45,"spid":2,"abbr":"KOK","municipalCouncilor":false,"muid":217,"alid":3,"firstname":"Manolis","electionDayVotes":22,"pid":"4","finalPosition":0,"electedInformation":"ELECTED","totalVotesPercent":1.8,"nominatorName":{"fi":"Kansallinen Kokoomus","sv":"Samlingspartiet","en":"National Coalition Party"},"caid":35,"position":0,"gender":"1","comparisonData":{"totalVotes":0,"votesTotalChange":45},"edid":10,"comparativeIndex":0.0,"electionDayVotesPercent":1.7,"nominatorAbbr":{"fi":"KOK","sv":"Saml","en":"NCP"}},{"age":30,"advanceVotesPercent":2.0,"lastname":"Kivioja","occupation":"kirvesmies, insinööriopiskelija","advanceVotes":23,"npid":1,"totalVotes":42,"spid":1,"abbr":"KESK","municipalCouncilor":true,"muid":217,"alid":1,"firstname":"Janne","electionDayVotes":19,"pid":"2","finalPosition":0,"electedInformation":"ELECTED","totalVotesPercent":1.7,"nominatorName":{"fi":"Suomen Keskusta","sv":"Centern i Finland","en":"Centre Party of Finland"},"caid":13,"position":0,"gender":"1","comparisonData":{"totalVotes":85,"votesTotalChange":-43},"edid":10,"comparativeIndex":0.0,"electionDayVotesPercent":1.4,"nominatorAbbr":{"fi":"KESK","sv":"C","en":"CENT"}},{"age":59,"advanceVotesPercent":1.9,"lastname":"Pihlajakangas","occupation":"sairaanhoitaja","advanceVotes":22,"npid":2,"totalVotes":35,"spid":3,"abbr":"PS","municipalCouncilor":true,"muid":217,"alid":2,"firstname":"Päivi","electionDayVotes":13,"pid":"23","finalPosition":0,"electedInformation":"ELECTED","totalVotesPercent":1.4,"nominatorName":{"fi":"Perussuomalaiset","sv":"Sannfinländarna","en":"The Finns Party"},"caid":31,"position":0,"gender":"2","comparisonData":{"totalVotes":47,"votesTotalChange":-12},"edid":10,"comparativeIndex":0.0,"electionDayVotesPercent":1.0,"nominatorAbbr":{"fi":"PS","sv":"Sannf","en":"FINNS"}},{"age":70,"advanceVotesPercent":1.2,"lastname":"Pihlajaniemi","occupation":"rakennusarkkitehti, yrittäjä","advanceVotes":14,"npid":1,"totalVotes":34,"spid":1,"abbr":"KESK","municipalCouncilor":false,"muid":217,"alid":1,"firstname":"Eero","electionDayVotes":20,"pid":"2","finalPosition":0,"electedInformation":"ELECTED","totalVotesPercent":1.4,"nominatorName":{"fi":"Suomen Keskusta","sv":"Centern i Finland","en":"Centre Party of Finland"},"caid":21,"position":0,"gender":"1","comparisonData":{"totalVotes":0,"votesTotalChange":34},"edid":10,"comparativeIndex":0.0,"electionDayVotesPercent":1.5,"nominatorAbbr":{"fi":"KESK","sv":"C","en":"CENT"}},{"age":56,"advanceVotesPercent":1.1,"lastname":"Luostari","occupation":"kunnossapitoasentaja","advanceVotes":13,"npid":5,"totalVotes":33,"spid":4,"abbr":"SDP","municipalCouncilor":false,"muid":217,"alid":5,"firstname":"Markku","electionDayVotes":20,"pid":"1","finalPosition":0,"electedInformation":"ELECTED","totalVotesPercent":1.3,"nominatorName":{"fi":"Suomen Sosialidemokraattinen Puolue","sv":"Finlands Socialdemokratiska Parti","en":"The Finnish Social Democratic Party"},"caid":43,"position":0,"gender":"1","comparisonData":{"totalVotes":0,"votesTotalChange":33},"edid":10,"comparativeIndex":0.0,"electionDayVotesPercent":1.5,"nominatorAbbr":{"fi":"SDP","sv":"SDP","en":"SDP"}},{"age":52,"advanceVotesPercent":0.5,"lastname":"Niemonen","occupation":"yrittäjä","advanceVotes":6,"npid":2,"totalVotes":26,"spid":3,"abbr":"PS","municipalCouncilor":true,"muid":217,"alid":2,"firstname":"Aila","electionDayVotes":20,"pid":"23","finalPosition":0,"electedInformation":"ON_SUBSTITUTE_PLACE","totalVotesPercent":1.1,"nominatorName":{"fi":"Perussuomalaiset","sv":"Sannfinländarna","en":"The Finns Party"},"caid":30,"position":0,"gender":"2","comparisonData":{"totalVotes":58,"votesTotalChange":-32},"edid":10,"comparativeIndex":0.0,"electionDayVotesPercent":1.5,"nominatorAbbr":{"fi":"PS","sv":"Sannf","en":"FINNS"}},{"age":67,"advanceVotesPercent":0.9,"lastname":"Annanolli","occupation":"FM, eläkeläinen","advanceVotes":10,"npid":3,"totalVotes":26,"spid":2,"abbr":"KOK","municipalCouncilor":false,"muid":217,"alid":3,"firstname":"Irmeli","electionDayVotes":16,"pid":"4","finalPosition":0,"electedInformation":"ON_SUBSTITUTE_PLACE","totalVotesPercent":1.1,"nominatorName":{"fi":"Kansallinen Kokoomus","sv":"Samlingspartiet","en":"National Coalition Party"},"caid":34,"position":0,"gender":"2","comparisonData":{"totalVotes":19,"votesTotalChange":7},"edid":10,"comparativeIndex":0.0,"electionDayVotesPercent":1.2,"nominatorAbbr":{"fi":"KOK","sv":"Saml","en":"NCP"}},{"age":44,"advanceVotesPercent":0.7,"lastname":"Pöllä","occupation":"työnjohtaja","advanceVotes":8,"npid":5,"totalVotes":25,"spid":4,"abbr":"SDP","municipalCouncilor":false,"muid":217,"alid":5,"firstname":"Timo","electionDayVotes":17,"pid":"1","finalPosition":0,"electedInformation":"ON_SUBSTITUTE_PLACE","totalVotesPercent":1.0,"nominatorName":{"fi":"Suomen Sosialidemokraattinen Puolue","sv":"Finlands Socialdemokratiska Parti","en":"The Finnish Social Democratic Party"},"caid":46,"position":0,"gender":"1","comparisonData":{"totalVotes":0,"votesTotalChange":25},"edid":10,"comparativeIndex":0.0,"electionDayVotesPercent":1.3,"nominatorAbbr":{"fi":"SDP","sv":"SDP","en":"SDP"}},{"age":59,"advanceVotesPercent":0.9,"lastname":"Erkkilä","occupation":"kyläasiamies, maanviljelijä","advanceVotes":10,"npid":1,"totalVotes":24,"spid":1,"abbr":"KESK","municipalCouncilor":false,"muid":217,"alid":1,"firstname":"Esa","electionDayVotes":14,"pid":"2","finalPosition":0,"electedInformation":"ELECTED","totalVotesPercent":1.0,"nominatorName":{"fi":"Suomen Keskusta","sv":"Centern i Finland","en":"Centre Party of Finland"},"caid":3,"position":0,"gender":"1","comparisonData":{"totalVotes":0,"votesTotalChange":24},"edid":10,"comparativeIndex":0.0,"electionDayVotesPercent":1.1,"nominatorAbbr":{"fi":"KESK","sv":"C","en":"CENT"}},{"age":58,"advanceVotesPercent":1.0,"lastname":"Isohanni","occupation":"maanviljelijä","advanceVotes":12,"npid":1,"totalVotes":23,"spid":1,"abbr":"KESK","municipalCouncilor":false,"muid":217,"alid":1,"firstname":"Veli-Matti","electionDayVotes":11,"pid":"2","finalPosition":0,"electedInformation":"ELECTED","totalVotesPercent":0.9,"nominatorName":{"fi":"Suomen Keskusta","sv":"Centern i Finland","en":"Centre Party of Finland"},"caid":10,"position":0,"gender":"1","comparisonData":{"totalVotes":0,"votesTotalChange":23},"edid":10,"comparativeIndex":0.0,"electionDayVotesPercent":0.8,"nominatorAbbr":{"fi":"KESK","sv":"C","en":"CENT"}},{"age":30,"advanceVotesPercent":1.3,"lastname":"Mäki-Petäjä","occupation":"pääsihteeri","advanceVotes":15,"npid":1,"totalVotes":23,"spid":1,"abbr":"KESK","municipalCouncilor":false,"muid":217,"alid":1,"firstname":"Jaakko","electionDayVotes":8,"pid":"2","finalPosition":0,"electedInformation":"ON_SUBSTITUTE_PLACE","totalVotesPercent":0.9,"nominatorName":{"fi":"Suomen Keskusta","sv":"Centern i Finland","en":"Centre Party of Finland"},"caid":18,"position":0,"gender":"1","comparisonData":{"totalVotes":21,"votesTotalChange":2},"edid":10,"comparativeIndex":0.0,"electionDayVotesPercent":0.6,"nominatorAbbr":{"fi":"KESK","sv":"C","en":"CENT"}},{"age":64,"advanceVotesPercent":1.1,"lastname":"Hernesniemi","occupation":"eläkeläinen, ylikonemestari","advanceVotes":13,"npid":2,"totalVotes":23,"spid":3,"abbr":"PS","municipalCouncilor":false,"muid":217,"alid":2,"firstname":"Lauri","electionDayVotes":10,"pid":"23","finalPosition":0,"electedInformation":"ON_SUBSTITUTE_PLACE","totalVotesPercent":0.9,"nominatorName":{"fi":"Perussuomalaiset","sv":"Sannfinländarna","en":"The Finns Party"},"caid":26,"position":0,"gender":"1","comparisonData":{"totalVotes":32,"votesTotalChange":-9},"edid":10,"comparativeIndex":0.0,"electionDayVotesPercent":0.8,"nominatorAbbr":{"fi":"PS","sv":"Sannf","en":"FINNS"}},{"age":27,"advanceVotesPercent":0.5,"lastname":"Kempe","occupation":"kanttori","advanceVotes":6,"npid":3,"totalVotes":22,"spid":2,"abbr":"KOK","municipalCouncilor":false,"muid":217,"alid":3,"firstname":"Annika","electionDayVotes":16,"pid":"4","finalPosition":0,"electedInformation":"ON_SUBSTITUTE_PLACE","totalVotesPercent":0.9,"nominatorName":{"fi":"Kansallinen Kokoomus","sv":"Samlingspartiet","en":"National Coalition Party"},"caid":37,"position":0,"gender":"2","comparisonData":{"totalVotes":0,"votesTotalChange":22},"edid":10,"comparativeIndex":0.0,"electionDayVotesPercent":1.2,"nominatorAbbr":{"fi":"KOK","sv":"Saml","en":"NCP"}},{"age":38,"advanceVotesPercent":0.9,"lastname":"Kuusamo","occupation":"lähihoitaja","advanceVotes":10,"npid":4,"totalVotes":22,"spid":8,"abbr":"KD","municipalCouncilor":false,"muid":217,"alid":4,"firstname":"Merike","electionDayVotes":12,"pid":"9","finalPosition":0,"electedInformation":"ON_SUBSTITUTE_PLACE","totalVotesPercent":0.9,"nominatorName":{"fi":"Suomen Kristillisdemokraatit (KD)","sv":"Kristdemokraterna i Finland (KD)","en":"Christian Democrats in Finland"},"caid":41,"position":0,"gender":"2","comparisonData":{"totalVotes":0,"votesTotalChange":22},"edid":10,"comparativeIndex":0.0,"electionDayVotesPercent":0.9,"nominatorAbbr":{"fi":"KD","sv":"KD","en":"CD"}},{"age":42,"advanceVotesPercent":1.0,"lastname":"Puranen","occupation":"kirjapainotyöntekijä","advanceVotes":11,"npid":5,"totalVotes":22,"spid":4,"abbr":"SDP","municipalCouncilor":false,"muid":217,"alid":5,"firstname":"Matti","electionDayVotes":11,"pid":"1","finalPosition":0,"electedInformation":"ON_SUBSTITUTE_PLACE","totalVotesPercent":0.9,"nominatorName":{"fi":"Suomen Sosialidemokraattinen Puolue","sv":"Finlands Socialdemokratiska Parti","en":"The Finnish Social Democratic Party"},"caid":45,"position":0,"gender":"1","comparisonData":{"totalVotes":17,"votesTotalChange":5},"edid":10,"comparativeIndex":0.0,"electionDayVotesPercent":0.8,"nominatorAbbr":{"fi":"SDP","sv":"SDP","en":"SDP"}},{"age":58,"advanceVotesPercent":1.2,"lastname":"Heiniemi","occupation":"sukututkija","advanceVotes":14,"npid":1,"totalVotes":21,"spid":1,"abbr":"KESK","municipalCouncilor":false,"muid":217,"alid":1,"firstname":"Matti","electionDayVotes":7,"pid":"2","finalPosition":0,"electedInformation":"ON_SUBSTITUTE_PLACE","totalVotesPercent":0.9,"nominatorName":{"fi":"Suomen Keskusta","sv":"Centern i Finland","en":"Centre Party of Finland"},"caid":7,"position":0,"gender":"1","comparisonData":{"totalVotes":0,"votesTotalChange":21},"edid":10,"comparativeIndex":0.0,"electionDayVotesPercent":0.5,"nominatorAbbr":{"fi":"KESK","sv":"C","en":"CENT"}},{"age":40,"advanceVotesPercent":0.8,"lastname":"Autio","occupation":"ajojärjestelijä","advanceVotes":9,"npid":3,"totalVotes":20,"spid":2,"abbr":"KOK","municipalCouncilor":false,"muid":217,"alid":3,"firstname":"Kimmo","electionDayVotes":11,"pid":"4","finalPosition":0,"electedInformation":"NOT_ELECTED","totalVotesPercent":0.8,"nominatorName":{"fi":"Kansallinen Kokoomus","sv":"Samlingspartiet","en":"National Coalition Party"},"caid":38,"position":0,"gender":"1","comparisonData":{"totalVotes":0,"votesTotalChange":20},"edid":10,"comparativeIndex":0.0,"electionDayVotesPercent":0.8,"nominatorAbbr":{"fi":"KOK","sv":"Saml","en":"NCP"}},{"age":55,"advanceVotesPercent":1.0,"lastname":"Miettinen","occupation":"kauppateknikko","advanceVotes":11,"npid":1,"totalVotes":16,"spid":1,"abbr":"KESK","municipalCouncilor":true,"muid":217,"alid":1,"firstname":"Osmo","electionDayVotes":5,"pid":"2","finalPosition":0,"electedInformation":"ON_SUBSTITUTE_PLACE","totalVotesPercent":0.6,"nominatorName":{"fi":"Suomen Keskusta","sv":"Centern i Finland","en":"Centre Party of Finland"},"caid":16,"position":0,"gender":"1","comparisonData":{"totalVotes":28,"votesTotalChange":-12},"edid":10,"comparativeIndex":0.0,"electionDayVotesPercent":0.4,"nominatorAbbr":{"fi":"KESK","sv":"C","en":"CENT"}},{"age":75,"advanceVotesPercent":0.9,"lastname":"Jylhä","occupation":"eläkeläinen","advanceVotes":10,"npid":2,"totalVotes":16,"spid":3,"abbr":"PS","municipalCouncilor":false,"muid":217,"alid":2,"firstname":"Vilpas","electionDayVotes":6,"pid":"23","finalPosition":0,"electedInformation":"ON_SUBSTITUTE_PLACE","totalVotesPercent":0.6,"nominatorName":{"fi":"Perussuomalaiset","sv":"Sannfinländarna","en":"The Finns Party"},"caid":27,"position":0,"gender":"1","comparisonData":{"totalVotes":13,"votesTotalChange":3},"edid":10,"comparativeIndex":0.0,"electionDayVotesPercent":0.5,"nominatorAbbr":{"fi":"PS","sv":"Sannf","en":"FINNS"}},{"age":50,"advanceVotesPercent":0.4,"lastname":"Koivumaa","occupation":"rakennusmestari, opettaja","advanceVotes":5,"npid":4,"totalVotes":14,"spid":8,"abbr":"KD","municipalCouncilor":false,"muid":217,"alid":4,"firstname":"Marko","electionDayVotes":9,"pid":"9","finalPosition":0,"electedInformation":"ON_SUBSTITUTE_PLACE","totalVotesPercent":0.6,"nominatorName":{"fi":"Suomen Kristillisdemokraatit (KD)","sv":"Kristdemokraterna i Finland (KD)","en":"Christian Democrats in Finland"},"caid":40,"position":0,"gender":"1","comparisonData":{"totalVotes":0,"votesTotalChange":14},"edid":10,"comparativeIndex":0.0,"electionDayVotesPercent":0.7,"nominatorAbbr":{"fi":"KD","sv":"KD","en":"CD"}},{"age":33,"advanceVotesPercent":0.7,"lastname":"Välisaari","occupation":"yrittäjä","advanceVotes":8,"npid":1,"totalVotes":13,"spid":1,"abbr":"KESK","municipalCouncilor":false,"muid":217,"alid":1,"firstname":"Marko","electionDayVotes":5,"pid":"2","finalPosition":0,"electedInformation":"ON_SUBSTITUTE_PLACE","totalVotesPercent":0.5,"nominatorName":{"fi":"Suomen Keskusta","sv":"Centern i Finland","en":"Centre Party of Finland"},"caid":24,"position":0,"gender":"1","comparisonData":{"totalVotes":0,"votesTotalChange":13},"edid":10,"comparativeIndex":0.0,"electionDayVotesPercent":0.4,"nominatorAbbr":{"fi":"KESK","sv":"C","en":"CENT"}},{"age":45,"advanceVotesPercent":0.5,"lastname":"Kuusela","occupation":"autonkuljettaja","advanceVotes":6,"npid":2,"totalVotes":11,"spid":3,"abbr":"PS","municipalCouncilor":false,"muid":217,"alid":2,"firstname":"Kimmo","electionDayVotes":5,"pid":"23","finalPosition":0,"electedInformation":"NOT_ELECTED","totalVotesPercent":0.4,"nominatorName":{"fi":"Perussuomalaiset","sv":"Sannfinländarna","en":"The Finns Party"},"caid":28,"position":0,"gender":"1","comparisonData":{"totalVotes":15,"votesTotalChange":-4},"edid":10,"comparativeIndex":0.0,"electionDayVotesPercent":0.4,"nominatorAbbr":{"fi":"PS","sv":"Sannf","en":"FINNS"}},{"age":53,"advanceVotesPercent":0.3,"lastname":"Tullila","occupation":"perushoitaja, psyk.eat.","advanceVotes":4,"npid":2,"totalVotes":9,"spid":3,"abbr":"PS","municipalCouncilor":false,"muid":217,"alid":2,"firstname":"Seija","electionDayVotes":5,"pid":"23","finalPosition":0,"electedInformation":"NOT_ELECTED","totalVotesPercent":0.4,"nominatorName":{"fi":"Perussuomalaiset","sv":"Sannfinländarna","en":"The Finns Party"},"caid":33,"position":0,"gender":"2","comparisonData":{"totalVotes":0,"votesTotalChange":9},"edid":10,"comparativeIndex":0.0,"electionDayVotesPercent":0.4,"nominatorAbbr":{"fi":"PS","sv":"Sannf","en":"FINNS"}},{"age":44,"advanceVotesPercent":0.5,"lastname":"Tervola","occupation":"taksiyrittäjä","advanceVotes":6,"npid":3,"totalVotes":9,"spid":2,"abbr":"KOK","municipalCouncilor":false,"muid":217,"alid":3,"firstname":"Jani","electionDayVotes":3,"pid":"4","finalPosition":0,"electedInformation":"NOT_ELECTED","totalVotesPercent":0.4,"nominatorName":{"fi":"Kansallinen Kokoomus","sv":"Samlingspartiet","en":"National Coalition Party"},"caid":36,"position":0,"gender":"1","comparisonData":{"totalVotes":0,"votesTotalChange":9},"edid":10,"comparativeIndex":0.0,"electionDayVotesPercent":0.2,"nominatorAbbr":{"fi":"KOK","sv":"Saml","en":"NCP"}},{"age":69,"advanceVotesPercent":0.3,"lastname":"Somero","occupation":"eläkeläinen","advanceVotes":3,"npid":2,"totalVotes":5,"spid":3,"abbr":"PS","municipalCouncilor":false,"muid":217,"alid":2,"firstname":"Antti","electionDayVotes":2,"pid":"23","finalPosition":0,"electedInformation":"NOT_ELECTED","totalVotesPercent":0.2,"nominatorName":{"fi":"Perussuomalaiset","sv":"Sannfinländarna","en":"The Finns Party"},"caid":32,"position":0,"gender":"1","comparisonData":{"totalVotes":6,"votesTotalChange":-1},"edid":10,"comparativeIndex":0.0,"electionDayVotesPercent":0.2,"nominatorAbbr":{"fi":"PS","sv":"Sannf","en":"FINNS"}}],"municipalityPollingDistricts":[{"name":{"fi":"Kannus","sv":"Kannus"},"calculationStatusPercent":100.0,"joinedArea":false,"muid":217,"totalVotingInFinlandTurnout":57.7,"identification":"001","pdid":"001","eligibleVotersInFinlandTotal":4291,"edid":10,"mergedToPdid":""}],"municipality":{"muid":217,"edid":10,"name":{"fi":"Kannus","sv":"Kannus"}}}