{"version":72,"created":"2017-04-09T22:47:40.058Z","electionDetails":{"electionId":"kv2017","electionDate":"2017-04-09T00:00:00.000Z","electionDataPublishTime":"2017-04-09T17:00:00.000Z","name":{"fi":"Kuntavaalit 2017","sv":"Kommunalval 2017","en":"Elections 2017"},"previousElections":{"correspondingCompareElection":{"electionId":"kv2012","electionDate":"2012-10-28T00:00:00.000Z","name":{"fi":"Kuntavaalit 2012","en":"Municipal elections 2012","sv":"Kommunalval 2012"}},"otherCompareElection":{"electionId":"ev2015","electionDate":"2015-04-19T00:00:00.000Z","name":{"fi":"Eduskuntavaalit 2015","en":"Parliamentary election 2015","sv":"Riksdagsval 2015"}}}},"calculationStatus":{"electionDayVotingTurnout":19.0,"invalidAdvanceVotes":10,"calculationPhase":"INITIAL","invalidElectionDayVotes":4,"approvedAdvanceVotes":1318,"advanceVotingTurnout":35.8,"totalVotingTurnoutAbroad":0.0,"name":{"fi":"Pohjoinen","sv":"Pohjoinen"},"calculationStatusPercent":100.0,"advanceVotes":1329,"electionDayVotingTurnoutAbroad":0.0,"approvedTotalVotes":2019,"totalVotes":2034,"muid":10,"totalVotingInFinlandTurnout":54.9,"advanceVotingTurnoutAbroad":0.0,"invalidTotalVotes":14,"totalVotingTurnout":54.9,"electionDayVotes":705,"electionDayVotesInFinland":705,"pdid":"001A","totalVotesInFinlandMen":0,"eligibleVotersInFinlandTotal":3708,"calculationStatusPercentElectionDayVotes":100.0,"sourceRecordModificationTime":"20170409214538","otherCompareElection":{"eid":"","eligibleVotersInFinlandTotal":0,"advanceVotingInFinlandTurnout":0.0,"electionDayVotingInFinlandTurnout":0.0,"totalVotingInFinlandTurnout":0.0,"approvedVotesTotal":0,"invalidVotesTotal":0},"correspondingCompareElection":{"eid":"","eligibleVotersInFinlandTotal":0,"advanceVotingInFinlandTurnout":0.0,"electionDayVotingInFinlandTurnout":0.0,"totalVotingInFinlandTurnout":0.0,"approvedVotesTotal":0,"invalidVotesTotal":0,"seats":0},"approvedElectionDayVotes":701,"edid":10,"calculationStatusPercentAdvanceVotes":100.0,"electionDayVotingInFinlandTurnout":19.0,"seats":0,"eligibleVotersTotal":3708,"advanceVotesInFinland":1329,"advanceVotingInFinlandTurnout":35.8,"totalVotesInFinland":2034},"partyResults":[{"advanceVotesPercent":38.9,"name":{"fi":"Suomen Keskusta","sv":"Centern i Finland","en":"Centre Party of Finland"},"advanceVotes":513,"npid":6,"totalVotes":764,"spid":1,"abbr":{"fi":"KESK","sv":"C","en":"CENT"},"alid":5,"electionDayVotes":251,"pid":"2","totalVotesPercent":37.8,"nominatorName":{"fi":"Suomen Keskusta","sv":"Centern i Finland","en":"Centre Party of Finland"},"compareData":{"otherCompareElection":{"votesTotalChange":0,"votesTotalPercentChange":0.0,"votesTotal":764,"votesTotalPercent":37.8},"correspondingCompareElection":{"votesTotalChange":0,"votesTotalPercentChange":0.0,"seatChange":0,"votesTotal":764,"votesTotalPercent":37.8,"seatsTotal":0}},"seats":0,"electionDayVotesPercent":35.8,"nominatorAbbr":{"fi":"KESK","sv":"C","en":"CENT"}},{"advanceVotesPercent":16.8,"name":{"fi":"Perussuomalaiset","sv":"Sannfinländarna","en":"The Finns Party"},"advanceVotes":222,"npid":2,"totalVotes":361,"spid":3,"abbr":{"fi":"PS","sv":"Sannf","en":"FINNS"},"alid":1,"electionDayVotes":139,"pid":"23","totalVotesPercent":17.9,"nominatorName":{"fi":"Perussuomalaiset","sv":"Sannfinländarna","en":"The Finns Party"},"compareData":{"otherCompareElection":{"votesTotalChange":0,"votesTotalPercentChange":0.0,"votesTotal":361,"votesTotalPercent":17.9},"correspondingCompareElection":{"votesTotalChange":0,"votesTotalPercentChange":0.0,"seatChange":0,"votesTotal":361,"votesTotalPercent":17.9,"seatsTotal":0}},"seats":0,"electionDayVotesPercent":19.8,"nominatorAbbr":{"fi":"PS","sv":"Sannf","en":"FINNS"}},{"advanceVotesPercent":18.5,"name":{"fi":"Kansallinen Kokoomus","sv":"Samlingspartiet","en":"National Coalition Party"},"advanceVotes":244,"npid":4,"totalVotes":355,"spid":2,"abbr":{"fi":"KOK","sv":"Saml","en":"NCP"},"alid":3,"electionDayVotes":111,"pid":"4","totalVotesPercent":17.6,"nominatorName":{"fi":"Kansallinen Kokoomus","sv":"Samlingspartiet","en":"National Coalition Party"},"compareData":{"otherCompareElection":{"votesTotalChange":0,"votesTotalPercentChange":0.0,"votesTotal":355,"votesTotalPercent":17.6},"correspondingCompareElection":{"votesTotalChange":0,"votesTotalPercentChange":0.0,"seatChange":0,"votesTotal":355,"votesTotalPercent":17.6,"seatsTotal":0}},"seats":0,"electionDayVotesPercent":15.8,"nominatorAbbr":{"fi":"KOK","sv":"Saml","en":"NCP"}},{"advanceVotesPercent":15.3,"name":{"fi":"Suomen Sosialidemokraattinen Puolue","sv":"Finlands Socialdemokratiska Parti","en":"The Finnish Social Democratic Party"},"advanceVotes":201,"npid":9,"totalVotes":306,"spid":4,"abbr":{"fi":"SDP","sv":"SDP","en":"SDP"},"alid":8,"electionDayVotes":105,"pid":"1","totalVotesPercent":15.2,"nominatorName":{"fi":"Suomen Sosialidemokraattinen Puolue","sv":"Finlands Socialdemokratiska Parti","en":"The Finnish Social Democratic Party"},"compareData":{"otherCompareElection":{"votesTotalChange":0,"votesTotalPercentChange":0.0,"votesTotal":306,"votesTotalPercent":15.2},"correspondingCompareElection":{"votesTotalChange":0,"votesTotalPercentChange":0.0,"seatChange":0,"votesTotal":306,"votesTotalPercent":15.2,"seatsTotal":0}},"seats":0,"electionDayVotesPercent":15.0,"nominatorAbbr":{"fi":"SDP","sv":"SDP","en":"SDP"}},{"advanceVotesPercent":4.6,"name":{"fi":"Vihreä liitto","sv":"Gröna förbundet","en":"Green League"},"advanceVotes":61,"npid":3,"totalVotes":105,"spid":5,"abbr":{"fi":"VIHR","sv":"Gröna","en":"GREEN"},"alid":2,"electionDayVotes":44,"pid":"13","totalVotesPercent":5.2,"nominatorName":{"fi":"Vihreä liitto","sv":"Gröna förbundet","en":"Green League"},"compareData":{"otherCompareElection":{"votesTotalChange":0,"votesTotalPercentChange":0.0,"votesTotal":105,"votesTotalPercent":5.2},"correspondingCompareElection":{"votesTotalChange":0,"votesTotalPercentChange":0.0,"seatChange":0,"votesTotal":105,"votesTotalPercent":5.2,"seatsTotal":0}},"seats":0,"electionDayVotesPercent":6.3,"nominatorAbbr":{"fi":"VIHR","sv":"Gröna","en":"GREEN"}},{"advanceVotesPercent":3.0,"name":{"fi":"Suomen Kristillisdemokraatit (KD)","sv":"Kristdemokraterna i Finland (KD)","en":"Christian Democrats in Finland"},"advanceVotes":39,"npid":1,"totalVotes":64,"spid":8,"abbr":{"fi":"KD","sv":"KD","en":"CD"},"alid":1,"electionDayVotes":25,"pid":"9","totalVotesPercent":3.2,"nominatorName":{"fi":"Suomen Kristillisdemokraatit (KD)","sv":"Kristdemokraterna i Finland (KD)","en":"Christian Democrats in Finland"},"compareData":{"otherCompareElection":{"votesTotalChange":0,"votesTotalPercentChange":0.0,"votesTotal":64,"votesTotalPercent":3.2},"correspondingCompareElection":{"votesTotalChange":0,"votesTotalPercentChange":0.0,"seatChange":0,"votesTotal":64,"votesTotalPercent":3.2,"seatsTotal":0}},"seats":0,"electionDayVotesPercent":3.6,"nominatorAbbr":{"fi":"KD","sv":"KD","en":"CD"}},{"advanceVotesPercent":2.0,"name":{"fi":"Vasemmistoliitto","sv":"Vänsterförbundet","en":"The Left Alliance"},"advanceVotes":27,"npid":5,"totalVotes":35,"spid":6,"abbr":{"fi":"VAS","sv":"VF","en":"LEFT"},"alid":4,"electionDayVotes":8,"pid":"15","totalVotesPercent":1.7,"nominatorName":{"fi":"Vasemmistoliitto","sv":"Vänsterförbundet","en":"The Left Alliance"},"compareData":{"otherCompareElection":{"votesTotalChange":0,"votesTotalPercentChange":0.0,"votesTotal":35,"votesTotalPercent":1.7},"correspondingCompareElection":{"votesTotalChange":0,"votesTotalPercentChange":0.0,"seatChange":0,"votesTotal":35,"votesTotalPercent":1.7,"seatsTotal":0}},"seats":0,"electionDayVotesPercent":1.1,"nominatorAbbr":{"fi":"VAS","sv":"VF","en":"LEFT"}},{"advanceVotesPercent":0.7,"name":{"fi":"Itsenäisyyspuolue","sv":"Självständighetspartiet","en":"Independence Party"},"advanceVotes":9,"npid":7,"totalVotes":20,"spid":15,"abbr":{"fi":"IP","sv":"SP","en":"IP"},"alid":6,"electionDayVotes":11,"pid":"20","totalVotesPercent":1.0,"nominatorName":{"fi":"Itsenäisyyspuolue","sv":"Självständighetspartiet","en":"Independence Party"},"compareData":{"otherCompareElection":{"votesTotalChange":0,"votesTotalPercentChange":0.0,"votesTotal":20,"votesTotalPercent":1.0},"correspondingCompareElection":{"votesTotalChange":0,"votesTotalPercentChange":0.0,"seatChange":0,"votesTotal":20,"votesTotalPercent":1.0,"seatsTotal":0}},"seats":0,"electionDayVotesPercent":1.6,"nominatorAbbr":{"fi":"IP","sv":"SP","en":"IP"}},{"advanceVotesPercent":0.2,"name":{"fi":"Piraattipuolue","sv":"Piratpartiet","en":"Pirate Party of Finland"},"advanceVotes":2,"npid":8,"totalVotes":9,"spid":12,"abbr":{"fi":"PIR","sv":"Pir","en":"PIR"},"alid":7,"electionDayVotes":7,"pid":"30","totalVotesPercent":0.4,"nominatorName":{"fi":"Piraattipuolue","sv":"Piratpartiet","en":"Pirate Party of Finland"},"compareData":{"otherCompareElection":{"votesTotalChange":0,"votesTotalPercentChange":0.0,"votesTotal":9,"votesTotalPercent":0.4},"correspondingCompareElection":{"votesTotalChange":0,"votesTotalPercentChange":0.0,"seatChange":0,"votesTotal":9,"votesTotalPercent":0.4,"seatsTotal":0}},"seats":0,"electionDayVotesPercent":1.0,"nominatorAbbr":{"fi":"PIR","sv":"Pir","en":"PIR"}}],"candidateResults":[{"age":48,"advanceVotesPercent":5.0,"lastname":"Juurakko","occupation":"Yrittäjä","advanceVotes":66,"npid":2,"totalVotes":113,"spid":3,"abbr":"PS","municipalCouncilor":true,"muid":10,"alid":1,"firstname":"Petri","electionDayVotes":47,"pid":"23","finalPosition":0,"electedInformation":"ELECTED","totalVotesPercent":5.6,"nominatorName":{"fi":"Perussuomalaiset","sv":"Sannfinländarna","en":"The Finns Party"},"caid":10,"position":0,"gender":"1","comparisonData":{"totalVotes":270,"votesTotalChange":-157},"edid":10,"comparativeIndex":0.0,"electionDayVotesPercent":6.7,"nominatorAbbr":{"fi":"PS","sv":"Sannf","en":"FINNS"}},{"age":64,"advanceVotesPercent":3.4,"lastname":"Myllymäki","occupation":"Kuljetusyrittäjä, insinööri","advanceVotes":45,"npid":4,"totalVotes":62,"spid":2,"abbr":"KOK","municipalCouncilor":true,"muid":10,"alid":3,"firstname":"Mikko","electionDayVotes":17,"pid":"4","finalPosition":0,"electedInformation":"ELECTED","totalVotesPercent":3.1,"nominatorName":{"fi":"Kansallinen Kokoomus","sv":"Samlingspartiet","en":"National Coalition Party"},"caid":47,"position":0,"gender":"1","comparisonData":{"totalVotes":97,"votesTotalChange":-35},"edid":10,"comparativeIndex":0.0,"electionDayVotesPercent":2.4,"nominatorAbbr":{"fi":"KOK","sv":"Saml","en":"NCP"}},{"age":61,"advanceVotesPercent":3.3,"lastname":"Mäkiranta","occupation":"Haastemies","advanceVotes":43,"npid":9,"totalVotes":62,"spid":4,"abbr":"SDP","municipalCouncilor":true,"muid":10,"alid":8,"firstname":"Jorma","electionDayVotes":19,"pid":"1","finalPosition":0,"electedInformation":"ELECTED","totalVotesPercent":3.1,"nominatorName":{"fi":"Suomen Sosialidemokraattinen Puolue","sv":"Finlands Socialdemokratiska Parti","en":"The Finnish Social Democratic Party"},"caid":122,"position":0,"gender":"1","comparisonData":{"totalVotes":63,"votesTotalChange":-1},"edid":10,"comparativeIndex":0.0,"electionDayVotesPercent":2.7,"nominatorAbbr":{"fi":"SDP","sv":"SDP","en":"SDP"}},{"age":22,"advanceVotesPercent":3.1,"lastname":"Sippola","occupation":"Hallintotieteiden ylioppilas","advanceVotes":41,"npid":6,"totalVotes":56,"spid":1,"abbr":"KESK","municipalCouncilor":false,"muid":10,"alid":5,"firstname":"Henni","electionDayVotes":15,"pid":"2","finalPosition":0,"electedInformation":"ELECTED","totalVotesPercent":2.8,"nominatorName":{"fi":"Suomen Keskusta","sv":"Centern i Finland","en":"Centre Party of Finland"},"caid":97,"position":0,"gender":"2","comparisonData":{"totalVotes":0,"votesTotalChange":56},"edid":10,"comparativeIndex":0.0,"electionDayVotesPercent":2.1,"nominatorAbbr":{"fi":"KESK","sv":"C","en":"CENT"}},{"age":60,"advanceVotesPercent":3.3,"lastname":"Hakala","occupation":"Metsätalousyrittäjä, eläkeläinen","advanceVotes":44,"npid":6,"totalVotes":55,"spid":1,"abbr":"KESK","municipalCouncilor":false,"muid":10,"alid":5,"firstname":"Veikko","electionDayVotes":11,"pid":"2","finalPosition":0,"electedInformation":"ON_SUBSTITUTE_PLACE","totalVotesPercent":2.7,"nominatorName":{"fi":"Suomen Keskusta","sv":"Centern i Finland","en":"Centre Party of Finland"},"caid":62,"position":0,"gender":"1","comparisonData":{"totalVotes":0,"votesTotalChange":55},"edid":10,"comparativeIndex":0.0,"electionDayVotesPercent":1.6,"nominatorAbbr":{"fi":"KESK","sv":"C","en":"CENT"}},{"age":34,"advanceVotesPercent":2.0,"lastname":"Laitio","occupation":"Freelancer, sosionomi (YAMK)","advanceVotes":27,"npid":3,"totalVotes":54,"spid":5,"abbr":"VIHR","municipalCouncilor":false,"muid":10,"alid":2,"firstname":"Niina","electionDayVotes":27,"pid":"13","finalPosition":0,"electedInformation":"ELECTED","totalVotesPercent":2.7,"nominatorName":{"fi":"Vihreä liitto","sv":"Gröna förbundet","en":"Green League"},"caid":33,"position":0,"gender":"2","comparisonData":{"totalVotes":92,"votesTotalChange":-38},"edid":10,"comparativeIndex":0.0,"electionDayVotesPercent":3.9,"nominatorAbbr":{"fi":"VIHR","sv":"Gröna","en":"GREEN"}},{"age":69,"advanceVotesPercent":3.1,"lastname":"Onnela","occupation":"Rakennusmestari","advanceVotes":41,"npid":9,"totalVotes":54,"spid":4,"abbr":"SDP","municipalCouncilor":true,"muid":10,"alid":8,"firstname":"Toivo","electionDayVotes":13,"pid":"1","finalPosition":0,"electedInformation":"ELECTED","totalVotesPercent":2.7,"nominatorName":{"fi":"Suomen Sosialidemokraattinen Puolue","sv":"Finlands Socialdemokratiska Parti","en":"The Finnish Social Democratic Party"},"caid":123,"position":0,"gender":"1","comparisonData":{"totalVotes":87,"votesTotalChange":-33},"edid":10,"comparativeIndex":0.0,"electionDayVotesPercent":1.9,"nominatorAbbr":{"fi":"SDP","sv":"SDP","en":"SDP"}},{"age":65,"advanceVotesPercent":3.2,"lastname":"Anttila","occupation":"Yrittäjä","advanceVotes":42,"npid":6,"totalVotes":53,"spid":1,"abbr":"KESK","municipalCouncilor":true,"muid":10,"alid":5,"firstname":"Lasse","electionDayVotes":11,"pid":"2","finalPosition":0,"electedInformation":"ELECTED","totalVotesPercent":2.6,"nominatorName":{"fi":"Suomen Keskusta","sv":"Centern i Finland","en":"Centre Party of Finland"},"caid":61,"position":0,"gender":"1","comparisonData":{"totalVotes":92,"votesTotalChange":-39},"edid":10,"comparativeIndex":0.0,"electionDayVotesPercent":1.6,"nominatorAbbr":{"fi":"KESK","sv":"C","en":"CENT"}},{"age":57,"advanceVotesPercent":2.9,"lastname":"Koskinen","occupation":"Perhepäivähoitaja, pääluottamusmies","advanceVotes":38,"npid":9,"totalVotes":52,"spid":4,"abbr":"SDP","municipalCouncilor":true,"muid":10,"alid":8,"firstname":"Eila","electionDayVotes":14,"pid":"1","finalPosition":0,"electedInformation":"ELECTED","totalVotesPercent":2.6,"nominatorName":{"fi":"Suomen Sosialidemokraattinen Puolue","sv":"Finlands Socialdemokratiska Parti","en":"The Finnish Social Democratic Party"},"caid":120,"position":0,"gender":"2","comparisonData":{"totalVotes":109,"votesTotalChange":-57},"edid":10,"comparativeIndex":0.0,"electionDayVotesPercent":2.0,"nominatorAbbr":{"fi":"SDP","sv":"SDP","en":"SDP"}},{"age":62,"advanceVotesPercent":2.4,"lastname":"Ylinen","occupation":"Mielisairaanhoitaja","advanceVotes":32,"npid":6,"totalVotes":47,"spid":1,"abbr":"KESK","municipalCouncilor":true,"muid":10,"alid":5,"firstname":"Markku","electionDayVotes":15,"pid":"2","finalPosition":0,"electedInformation":"ELECTED","totalVotesPercent":2.3,"nominatorName":{"fi":"Suomen Keskusta","sv":"Centern i Finland","en":"Centre Party of Finland"},"caid":107,"position":0,"gender":"1","comparisonData":{"totalVotes":72,"votesTotalChange":-25},"edid":10,"comparativeIndex":0.0,"electionDayVotesPercent":2.1,"nominatorAbbr":{"fi":"KESK","sv":"C","en":"CENT"}},{"age":75,"advanceVotesPercent":2.3,"lastname":"Hautala","occupation":"Toimittaja","advanceVotes":30,"npid":2,"totalVotes":43,"spid":3,"abbr":"PS","municipalCouncilor":true,"muid":10,"alid":1,"firstname":"Pentti","electionDayVotes":13,"pid":"23","finalPosition":0,"electedInformation":"ELECTED","totalVotesPercent":2.1,"nominatorName":{"fi":"Perussuomalaiset","sv":"Sannfinländarna","en":"The Finns Party"},"caid":9,"position":0,"gender":"1","comparisonData":{"totalVotes":266,"votesTotalChange":-223},"edid":10,"comparativeIndex":0.0,"electionDayVotesPercent":1.9,"nominatorAbbr":{"fi":"PS","sv":"Sannf","en":"FINNS"}},{"age":58,"advanceVotesPercent":2.0,"lastname":"Rintamäki","occupation":"Maanviljelijä","advanceVotes":26,"npid":6,"totalVotes":42,"spid":1,"abbr":"KESK","municipalCouncilor":false,"muid":10,"alid":5,"firstname":"Antti","electionDayVotes":16,"pid":"2","finalPosition":0,"electedInformation":"ON_SUBSTITUTE_PLACE","totalVotesPercent":2.1,"nominatorName":{"fi":"Suomen Keskusta","sv":"Centern i Finland","en":"Centre Party of Finland"},"caid":95,"position":0,"gender":"1","comparisonData":{"totalVotes":54,"votesTotalChange":-12},"edid":10,"comparativeIndex":0.0,"electionDayVotesPercent":2.3,"nominatorAbbr":{"fi":"KESK","sv":"C","en":"CENT"}},{"age":49,"advanceVotesPercent":2.1,"lastname":"Kortesmäki","occupation":"Sähköinsinööri, yrittäjä","advanceVotes":28,"npid":4,"totalVotes":41,"spid":2,"abbr":"KOK","municipalCouncilor":true,"muid":10,"alid":3,"firstname":"Jari","electionDayVotes":13,"pid":"4","finalPosition":0,"electedInformation":"ELECTED","totalVotesPercent":2.0,"nominatorName":{"fi":"Kansallinen Kokoomus","sv":"Samlingspartiet","en":"National Coalition Party"},"caid":42,"position":0,"gender":"1","comparisonData":{"totalVotes":111,"votesTotalChange":-70},"edid":10,"comparativeIndex":0.0,"electionDayVotesPercent":1.9,"nominatorAbbr":{"fi":"KOK","sv":"Saml","en":"NCP"}},{"age":47,"advanceVotesPercent":1.7,"lastname":"Maijala","occupation":"YTM, opinto-ohjaaja","advanceVotes":22,"npid":4,"totalVotes":41,"spid":2,"abbr":"KOK","municipalCouncilor":true,"muid":10,"alid":3,"firstname":"Jussi","electionDayVotes":19,"pid":"4","finalPosition":0,"electedInformation":"ELECTED","totalVotesPercent":2.0,"nominatorName":{"fi":"Kansallinen Kokoomus","sv":"Samlingspartiet","en":"National Coalition Party"},"caid":46,"position":0,"gender":"1","comparisonData":{"totalVotes":67,"votesTotalChange":-26},"edid":10,"comparativeIndex":0.0,"electionDayVotesPercent":2.7,"nominatorAbbr":{"fi":"KOK","sv":"Saml","en":"NCP"}},{"age":53,"advanceVotesPercent":2.4,"lastname":"Isoaho","occupation":"Muistikoordinaattori, terveydenhoitaja","advanceVotes":32,"npid":4,"totalVotes":40,"spid":2,"abbr":"KOK","municipalCouncilor":true,"muid":10,"alid":3,"firstname":"Raija","electionDayVotes":8,"pid":"4","finalPosition":0,"electedInformation":"ELECTED","totalVotesPercent":2.0,"nominatorName":{"fi":"Kansallinen Kokoomus","sv":"Samlingspartiet","en":"National Coalition Party"},"caid":39,"position":0,"gender":"2","comparisonData":{"totalVotes":91,"votesTotalChange":-51},"edid":10,"comparativeIndex":0.0,"electionDayVotesPercent":1.1,"nominatorAbbr":{"fi":"KOK","sv":"Saml","en":"NCP"}},{"age":53,"advanceVotesPercent":2.0,"lastname":"Perälampi","occupation":"Hallintojohtaja","advanceVotes":26,"npid":6,"totalVotes":38,"spid":1,"abbr":"KESK","municipalCouncilor":true,"muid":10,"alid":5,"firstname":"Paula","electionDayVotes":12,"pid":"2","finalPosition":0,"electedInformation":"ELECTED","totalVotesPercent":1.9,"nominatorName":{"fi":"Suomen Keskusta","sv":"Centern i Finland","en":"Centre Party of Finland"},"caid":88,"position":0,"gender":"2","comparisonData":{"totalVotes":131,"votesTotalChange":-93},"edid":10,"comparativeIndex":0.0,"electionDayVotesPercent":1.7,"nominatorAbbr":{"fi":"KESK","sv":"C","en":"CENT"}},{"age":46,"advanceVotesPercent":1.8,"lastname":"Saari","occupation":"Maanviljelijä, kehitysvammaistenhoitaja","advanceVotes":24,"npid":6,"totalVotes":36,"spid":1,"abbr":"KESK","municipalCouncilor":false,"muid":10,"alid":5,"firstname":"Jorma","electionDayVotes":12,"pid":"2","finalPosition":0,"electedInformation":"ON_SUBSTITUTE_PLACE","totalVotesPercent":1.8,"nominatorName":{"fi":"Suomen Keskusta","sv":"Centern i Finland","en":"Centre Party of Finland"},"caid":96,"position":0,"gender":"1","comparisonData":{"totalVotes":39,"votesTotalChange":-3},"edid":10,"comparativeIndex":0.0,"electionDayVotesPercent":1.7,"nominatorAbbr":{"fi":"KESK","sv":"C","en":"CENT"}},{"age":56,"advanceVotesPercent":2.0,"lastname":"Saarimaa","occupation":"Pakkaaja","advanceVotes":27,"npid":5,"totalVotes":35,"spid":6,"abbr":"VAS","municipalCouncilor":false,"muid":10,"alid":4,"firstname":"Eija","electionDayVotes":8,"pid":"15","finalPosition":0,"electedInformation":"NOT_ELECTED","totalVotesPercent":1.7,"nominatorName":{"fi":"Vasemmistoliitto","sv":"Vänsterförbundet","en":"The Left Alliance"},"caid":57,"position":0,"gender":"2","comparisonData":{"totalVotes":0,"votesTotalChange":35},"edid":10,"comparativeIndex":0.0,"electionDayVotesPercent":1.1,"nominatorAbbr":{"fi":"VAS","sv":"VF","en":"LEFT"}},{"age":45,"advanceVotesPercent":1.5,"lastname":"Juurakko","occupation":"Koulunjohtaja","advanceVotes":20,"npid":6,"totalVotes":34,"spid":1,"abbr":"KESK","municipalCouncilor":true,"muid":10,"alid":5,"firstname":"Toni","electionDayVotes":14,"pid":"2","finalPosition":0,"electedInformation":"ELECTED","totalVotesPercent":1.7,"nominatorName":{"fi":"Suomen Keskusta","sv":"Centern i Finland","en":"Centre Party of Finland"},"caid":66,"position":0,"gender":"1","comparisonData":{"totalVotes":82,"votesTotalChange":-48},"edid":10,"comparativeIndex":0.0,"electionDayVotesPercent":2.0,"nominatorAbbr":{"fi":"KESK","sv":"C","en":"CENT"}},{"age":59,"advanceVotesPercent":2.2,"lastname":"Klemola","occupation":"Opinto-ohjaaja, apul. reht.","advanceVotes":29,"npid":4,"totalVotes":33,"spid":2,"abbr":"KOK","municipalCouncilor":true,"muid":10,"alid":3,"firstname":"Eero","electionDayVotes":4,"pid":"4","finalPosition":0,"electedInformation":"ON_SUBSTITUTE_PLACE","totalVotesPercent":1.6,"nominatorName":{"fi":"Kansallinen Kokoomus","sv":"Samlingspartiet","en":"National Coalition Party"},"caid":41,"position":0,"gender":"1","comparisonData":{"totalVotes":86,"votesTotalChange":-53},"edid":10,"comparativeIndex":0.0,"electionDayVotesPercent":0.6,"nominatorAbbr":{"fi":"KOK","sv":"Saml","en":"NCP"}},{"age":33,"advanceVotesPercent":1.1,"lastname":"Myllymäki","occupation":"Sähköasentaja","advanceVotes":15,"npid":2,"totalVotes":28,"spid":3,"abbr":"PS","municipalCouncilor":false,"muid":10,"alid":1,"firstname":"Hannu","electionDayVotes":13,"pid":"23","finalPosition":0,"electedInformation":"ON_SUBSTITUTE_PLACE","totalVotesPercent":1.4,"nominatorName":{"fi":"Perussuomalaiset","sv":"Sannfinländarna","en":"The Finns Party"},"caid":22,"position":0,"gender":"1","comparisonData":{"totalVotes":0,"votesTotalChange":28},"edid":10,"comparativeIndex":0.0,"electionDayVotesPercent":1.9,"nominatorAbbr":{"fi":"PS","sv":"Sannf","en":"FINNS"}},{"age":18,"advanceVotesPercent":1.4,"lastname":"Humalajoki","occupation":"Abiturientti","advanceVotes":18,"npid":3,"totalVotes":28,"spid":5,"abbr":"VIHR","municipalCouncilor":false,"muid":10,"alid":2,"firstname":"Mari","electionDayVotes":10,"pid":"13","finalPosition":0,"electedInformation":"ON_SUBSTITUTE_PLACE","totalVotesPercent":1.4,"nominatorName":{"fi":"Vihreä liitto","sv":"Gröna förbundet","en":"Green League"},"caid":32,"position":0,"gender":"2","comparisonData":{"totalVotes":0,"votesTotalChange":28},"edid":10,"comparativeIndex":0.0,"electionDayVotesPercent":1.4,"nominatorAbbr":{"fi":"VIHR","sv":"Gröna","en":"GREEN"}},{"age":53,"advanceVotesPercent":1.1,"lastname":"Yli-Hukkala","occupation":"Asiantuntija, agrologi-tradenomi","advanceVotes":15,"npid":6,"totalVotes":27,"spid":1,"abbr":"KESK","municipalCouncilor":false,"muid":10,"alid":5,"firstname":"Seija","electionDayVotes":12,"pid":"2","finalPosition":0,"electedInformation":"ON_SUBSTITUTE_PLACE","totalVotesPercent":1.3,"nominatorName":{"fi":"Suomen Keskusta","sv":"Centern i Finland","en":"Centre Party of Finland"},"caid":106,"position":0,"gender":"2","comparisonData":{"totalVotes":0,"votesTotalChange":27},"edid":10,"comparativeIndex":0.0,"electionDayVotesPercent":1.7,"nominatorAbbr":{"fi":"KESK","sv":"C","en":"CENT"}},{"age":35,"advanceVotesPercent":1.1,"lastname":"Alakurtti","occupation":"Opettaja","advanceVotes":14,"npid":6,"totalVotes":25,"spid":1,"abbr":"KESK","municipalCouncilor":false,"muid":10,"alid":5,"firstname":"Tero","electionDayVotes":11,"pid":"2","finalPosition":0,"electedInformation":"ELECTED","totalVotesPercent":1.2,"nominatorName":{"fi":"Suomen Keskusta","sv":"Centern i Finland","en":"Centre Party of Finland"},"caid":59,"position":0,"gender":"1","comparisonData":{"totalVotes":0,"votesTotalChange":25},"edid":10,"comparativeIndex":0.0,"electionDayVotesPercent":1.6,"nominatorAbbr":{"fi":"KESK","sv":"C","en":"CENT"}},{"age":67,"advanceVotesPercent":1.5,"lastname":"Kaihoniemi","occupation":"Yrittäjä","advanceVotes":20,"npid":2,"totalVotes":24,"spid":3,"abbr":"PS","municipalCouncilor":true,"muid":10,"alid":1,"firstname":"Pekka","electionDayVotes":4,"pid":"23","finalPosition":0,"electedInformation":"ELECTED","totalVotesPercent":1.2,"nominatorName":{"fi":"Perussuomalaiset","sv":"Sannfinländarna","en":"The Finns Party"},"caid":11,"position":0,"gender":"1","comparisonData":{"totalVotes":101,"votesTotalChange":-77},"edid":10,"comparativeIndex":0.0,"electionDayVotesPercent":0.6,"nominatorAbbr":{"fi":"PS","sv":"Sannf","en":"FINNS"}},{"age":62,"advanceVotesPercent":0.9,"lastname":"Javanainen","occupation":"Kassa","advanceVotes":12,"npid":9,"totalVotes":23,"spid":4,"abbr":"SDP","municipalCouncilor":false,"muid":10,"alid":8,"firstname":"Kaisa","electionDayVotes":11,"pid":"1","finalPosition":0,"electedInformation":"ON_SUBSTITUTE_PLACE","totalVotesPercent":1.1,"nominatorName":{"fi":"Suomen Sosialidemokraattinen Puolue","sv":"Finlands Socialdemokratiska Parti","en":"The Finnish Social Democratic Party"},"caid":116,"position":0,"gender":"2","comparisonData":{"totalVotes":0,"votesTotalChange":23},"edid":10,"comparativeIndex":0.0,"electionDayVotesPercent":1.6,"nominatorAbbr":{"fi":"SDP","sv":"SDP","en":"SDP"}},{"age":48,"advanceVotesPercent":0.8,"lastname":"Raisio","occupation":"Opettaja","advanceVotes":11,"npid":4,"totalVotes":22,"spid":2,"abbr":"KOK","municipalCouncilor":false,"muid":10,"alid":3,"firstname":"Ritva","electionDayVotes":11,"pid":"4","finalPosition":0,"electedInformation":"ON_SUBSTITUTE_PLACE","totalVotesPercent":1.1,"nominatorName":{"fi":"Kansallinen Kokoomus","sv":"Samlingspartiet","en":"National Coalition Party"},"caid":51,"position":0,"gender":"2","comparisonData":{"totalVotes":27,"votesTotalChange":-5},"edid":10,"comparativeIndex":0.0,"electionDayVotesPercent":1.6,"nominatorAbbr":{"fi":"KOK","sv":"Saml","en":"NCP"}},{"age":76,"advanceVotesPercent":1.4,"lastname":"Hauta-aho","occupation":"Eläkeläinen, aluejohtaja","advanceVotes":19,"npid":6,"totalVotes":22,"spid":1,"abbr":"KESK","municipalCouncilor":true,"muid":10,"alid":5,"firstname":"Kalevi","electionDayVotes":3,"pid":"2","finalPosition":0,"electedInformation":"ON_SUBSTITUTE_PLACE","totalVotesPercent":1.1,"nominatorName":{"fi":"Suomen Keskusta","sv":"Centern i Finland","en":"Centre Party of Finland"},"caid":63,"position":0,"gender":"1","comparisonData":{"totalVotes":81,"votesTotalChange":-59},"edid":10,"comparativeIndex":0.0,"electionDayVotesPercent":0.4,"nominatorAbbr":{"fi":"KESK","sv":"C","en":"CENT"}},{"age":35,"advanceVotesPercent":1.5,"lastname":"Mäkelä","occupation":"Yrittäjä","advanceVotes":20,"npid":1,"totalVotes":21,"spid":8,"abbr":"KD","municipalCouncilor":false,"muid":10,"alid":1,"firstname":"Marianne","electionDayVotes":1,"pid":"9","finalPosition":0,"electedInformation":"ON_SUBSTITUTE_PLACE","totalVotesPercent":1.0,"nominatorName":{"fi":"Suomen Kristillisdemokraatit (KD)","sv":"Kristdemokraterna i Finland (KD)","en":"Christian Democrats in Finland"},"caid":4,"position":0,"gender":"2","comparisonData":{"totalVotes":0,"votesTotalChange":21},"edid":10,"comparativeIndex":0.0,"electionDayVotesPercent":0.1,"nominatorAbbr":{"fi":"KD","sv":"KD","en":"CD"}},{"age":68,"advanceVotesPercent":0.7,"lastname":"Paukkunen","occupation":"Lakitoimistoyrittäjä","advanceVotes":9,"npid":2,"totalVotes":21,"spid":3,"abbr":"PS","municipalCouncilor":true,"muid":10,"alid":1,"firstname":"Yrjö","electionDayVotes":12,"pid":"23","finalPosition":0,"electedInformation":"ELECTED","totalVotesPercent":1.0,"nominatorName":{"fi":"Perussuomalaiset","sv":"Sannfinländarna","en":"The Finns Party"},"caid":26,"position":0,"gender":"1","comparisonData":{"totalVotes":85,"votesTotalChange":-64},"edid":10,"comparativeIndex":0.0,"electionDayVotesPercent":1.7,"nominatorAbbr":{"fi":"PS","sv":"Sannf","en":"FINNS"}},{"age":51,"advanceVotesPercent":1.1,"lastname":"Kujala","occupation":"Agronomi","advanceVotes":14,"npid":6,"totalVotes":21,"spid":1,"abbr":"KESK","municipalCouncilor":false,"muid":10,"alid":5,"firstname":"Päivi","electionDayVotes":7,"pid":"2","finalPosition":0,"electedInformation":"ON_SUBSTITUTE_PLACE","totalVotesPercent":1.0,"nominatorName":{"fi":"Suomen Keskusta","sv":"Centern i Finland","en":"Centre Party of Finland"},"caid":73,"position":0,"gender":"2","comparisonData":{"totalVotes":41,"votesTotalChange":-20},"edid":10,"comparativeIndex":0.0,"electionDayVotesPercent":1.0,"nominatorAbbr":{"fi":"KESK","sv":"C","en":"CENT"}},{"age":41,"advanceVotesPercent":1.1,"lastname":"Katajamäki","occupation":"vapaa-aikasihteeri, yrittäjä","advanceVotes":15,"npid":4,"totalVotes":20,"spid":2,"abbr":"KOK","municipalCouncilor":false,"muid":10,"alid":3,"firstname":"Anu","electionDayVotes":5,"pid":"4","finalPosition":0,"electedInformation":"ON_SUBSTITUTE_PLACE","totalVotesPercent":1.0,"nominatorName":{"fi":"Kansallinen Kokoomus","sv":"Samlingspartiet","en":"National Coalition Party"},"caid":40,"position":0,"gender":"2","comparisonData":{"totalVotes":28,"votesTotalChange":-8},"edid":10,"comparativeIndex":0.0,"electionDayVotesPercent":0.7,"nominatorAbbr":{"fi":"KOK","sv":"Saml","en":"NCP"}},{"age":59,"advanceVotesPercent":0.7,"lastname":"Säntti","occupation":"Teollisuusmaalari","advanceVotes":9,"npid":7,"totalVotes":20,"spid":15,"abbr":"IP","municipalCouncilor":false,"muid":10,"alid":6,"firstname":"Esko","electionDayVotes":11,"pid":"20","finalPosition":0,"electedInformation":"NOT_ELECTED","totalVotesPercent":1.0,"nominatorName":{"fi":"Itsenäisyyspuolue","sv":"Självständighetspartiet","en":"Independence Party"},"caid":110,"position":0,"gender":"1","comparisonData":{"totalVotes":0,"votesTotalChange":20},"edid":10,"comparativeIndex":0.0,"electionDayVotesPercent":1.6,"nominatorAbbr":{"fi":"IP","sv":"SP","en":"IP"}},{"age":47,"advanceVotesPercent":0.5,"lastname":"Yli-Kaatiala","occupation":"Perushoitaja, yrittäjä","advanceVotes":6,"npid":1,"totalVotes":18,"spid":8,"abbr":"KD","municipalCouncilor":false,"muid":10,"alid":1,"firstname":"Johanna","electionDayVotes":12,"pid":"9","finalPosition":0,"electedInformation":"ELECTED","totalVotesPercent":0.9,"nominatorName":{"fi":"Suomen Kristillisdemokraatit (KD)","sv":"Kristdemokraterna i Finland (KD)","en":"Christian Democrats in Finland"},"caid":6,"position":0,"gender":"2","comparisonData":{"totalVotes":0,"votesTotalChange":18},"edid":10,"comparativeIndex":0.0,"electionDayVotesPercent":1.7,"nominatorAbbr":{"fi":"KD","sv":"KD","en":"CD"}},{"age":39,"advanceVotesPercent":0.8,"lastname":"Lamminmäki","occupation":"DI, kehitysjohtaja","advanceVotes":11,"npid":4,"totalVotes":18,"spid":2,"abbr":"KOK","municipalCouncilor":false,"muid":10,"alid":3,"firstname":"Risto","electionDayVotes":7,"pid":"4","finalPosition":0,"electedInformation":"ON_SUBSTITUTE_PLACE","totalVotesPercent":0.9,"nominatorName":{"fi":"Kansallinen Kokoomus","sv":"Samlingspartiet","en":"National Coalition Party"},"caid":44,"position":0,"gender":"1","comparisonData":{"totalVotes":0,"votesTotalChange":18},"edid":10,"comparativeIndex":0.0,"electionDayVotesPercent":1.0,"nominatorAbbr":{"fi":"KOK","sv":"Saml","en":"NCP"}},{"age":64,"advanceVotesPercent":0.9,"lastname":"Aho","occupation":"Yrittäjä, maatilan emäntä","advanceVotes":12,"npid":6,"totalVotes":18,"spid":1,"abbr":"KESK","municipalCouncilor":true,"muid":10,"alid":5,"firstname":"Kaisla","electionDayVotes":6,"pid":"2","finalPosition":0,"electedInformation":"ELECTED","totalVotesPercent":0.9,"nominatorName":{"fi":"Suomen Keskusta","sv":"Centern i Finland","en":"Centre Party of Finland"},"caid":58,"position":0,"gender":"2","comparisonData":{"totalVotes":76,"votesTotalChange":-58},"edid":10,"comparativeIndex":0.0,"electionDayVotesPercent":0.9,"nominatorAbbr":{"fi":"KESK","sv":"C","en":"CENT"}},{"age":65,"advanceVotesPercent":0.6,"lastname":"Lamminmäki","occupation":"Rakennusmestari","advanceVotes":8,"npid":6,"totalVotes":18,"spid":1,"abbr":"KESK","municipalCouncilor":true,"muid":10,"alid":5,"firstname":"Jorma","electionDayVotes":10,"pid":"2","finalPosition":0,"electedInformation":"ELECTED","totalVotesPercent":0.9,"nominatorName":{"fi":"Suomen Keskusta","sv":"Centern i Finland","en":"Centre Party of Finland"},"caid":78,"position":0,"gender":"1","comparisonData":{"totalVotes":106,"votesTotalChange":-88},"edid":10,"comparativeIndex":0.0,"electionDayVotesPercent":1.4,"nominatorAbbr":{"fi":"KESK","sv":"C","en":"CENT"}},{"age":57,"advanceVotesPercent":0.7,"lastname":"Vierunketo","occupation":"Laboratoriohoitaja","advanceVotes":9,"npid":6,"totalVotes":18,"spid":1,"abbr":"KESK","municipalCouncilor":false,"muid":10,"alid":5,"firstname":"Taina","electionDayVotes":9,"pid":"2","finalPosition":0,"electedInformation":"ON_SUBSTITUTE_PLACE","totalVotesPercent":0.9,"nominatorName":{"fi":"Suomen Keskusta","sv":"Centern i Finland","en":"Centre Party of Finland"},"caid":102,"position":0,"gender":"2","comparisonData":{"totalVotes":53,"votesTotalChange":-35},"edid":10,"comparativeIndex":0.0,"electionDayVotesPercent":1.3,"nominatorAbbr":{"fi":"KESK","sv":"C","en":"CENT"}},{"age":68,"advanceVotesPercent":0.8,"lastname":"Kontolampi","occupation":"Putkiasentaja, eläkeläinen","advanceVotes":11,"npid":9,"totalVotes":18,"spid":4,"abbr":"SDP","municipalCouncilor":true,"muid":10,"alid":8,"firstname":"Markku","electionDayVotes":7,"pid":"1","finalPosition":0,"electedInformation":"ON_SUBSTITUTE_PLACE","totalVotesPercent":0.9,"nominatorName":{"fi":"Suomen Sosialidemokraattinen Puolue","sv":"Finlands Socialdemokratiska Parti","en":"The Finnish Social Democratic Party"},"caid":118,"position":0,"gender":"1","comparisonData":{"totalVotes":73,"votesTotalChange":-55},"edid":10,"comparativeIndex":0.0,"electionDayVotesPercent":1.0,"nominatorAbbr":{"fi":"SDP","sv":"SDP","en":"SDP"}},{"age":64,"advanceVotesPercent":0.9,"lastname":"Vanha-aho","occupation":"Työyhteisöjen kehittäjä","advanceVotes":12,"npid":9,"totalVotes":18,"spid":4,"abbr":"SDP","municipalCouncilor":false,"muid":10,"alid":8,"firstname":"Matti","electionDayVotes":6,"pid":"1","finalPosition":0,"electedInformation":"ON_SUBSTITUTE_PLACE","totalVotesPercent":0.9,"nominatorName":{"fi":"Suomen Sosialidemokraattinen Puolue","sv":"Finlands Socialdemokratiska Parti","en":"The Finnish Social Democratic Party"},"caid":127,"position":0,"gender":"1","comparisonData":{"totalVotes":0,"votesTotalChange":18},"edid":10,"comparativeIndex":0.0,"electionDayVotesPercent":0.9,"nominatorAbbr":{"fi":"SDP","sv":"SDP","en":"SDP"}},{"age":41,"advanceVotesPercent":0.9,"lastname":"Marttila","occupation":"Lukion ja yläkoulun lehtori, filosofian maisteri","advanceVotes":12,"npid":3,"totalVotes":17,"spid":5,"abbr":"VIHR","municipalCouncilor":false,"muid":10,"alid":2,"firstname":"Anitta","electionDayVotes":5,"pid":"13","finalPosition":0,"electedInformation":"ON_SUBSTITUTE_PLACE","totalVotesPercent":0.8,"nominatorName":{"fi":"Vihreä liitto","sv":"Gröna förbundet","en":"Green League"},"caid":34,"position":0,"gender":"2","comparisonData":{"totalVotes":0,"votesTotalChange":17},"edid":10,"comparativeIndex":0.0,"electionDayVotesPercent":0.7,"nominatorAbbr":{"fi":"VIHR","sv":"Gröna","en":"GREEN"}},{"age":64,"advanceVotesPercent":1.0,"lastname":"Luuri","occupation":"Eläkeläinen","advanceVotes":13,"npid":2,"totalVotes":16,"spid":3,"abbr":"PS","municipalCouncilor":false,"muid":10,"alid":1,"firstname":"Tauno","electionDayVotes":3,"pid":"23","finalPosition":0,"electedInformation":"ON_SUBSTITUTE_PLACE","totalVotesPercent":0.8,"nominatorName":{"fi":"Perussuomalaiset","sv":"Sannfinländarna","en":"The Finns Party"},"caid":18,"position":0,"gender":"1","comparisonData":{"totalVotes":37,"votesTotalChange":-21},"edid":10,"comparativeIndex":0.0,"electionDayVotesPercent":0.4,"nominatorAbbr":{"fi":"PS","sv":"Sannf","en":"FINNS"}},{"age":64,"advanceVotesPercent":0.8,"lastname":"Kangasmaa","occupation":"Maanviljelijä, eläkeläinen","advanceVotes":10,"npid":1,"totalVotes":15,"spid":8,"abbr":"KD","municipalCouncilor":false,"muid":10,"alid":1,"firstname":"Markku","electionDayVotes":5,"pid":"9","finalPosition":0,"electedInformation":"ON_SUBSTITUTE_PLACE","totalVotesPercent":0.7,"nominatorName":{"fi":"Suomen Kristillisdemokraatit (KD)","sv":"Kristdemokraterna i Finland (KD)","en":"Christian Democrats in Finland"},"caid":3,"position":0,"gender":"1","comparisonData":{"totalVotes":0,"votesTotalChange":15},"edid":10,"comparativeIndex":0.0,"electionDayVotesPercent":0.7,"nominatorAbbr":{"fi":"KD","sv":"KD","en":"CD"}},{"age":37,"advanceVotesPercent":0.9,"lastname":"Mäkelä","occupation":"Suunnittelupäällikkö, diplomi-insinööri","advanceVotes":12,"npid":2,"totalVotes":15,"spid":3,"abbr":"PS","municipalCouncilor":true,"muid":10,"alid":1,"firstname":"Antti","electionDayVotes":3,"pid":"23","finalPosition":0,"electedInformation":"ELECTED","totalVotesPercent":0.7,"nominatorName":{"fi":"Perussuomalaiset","sv":"Sannfinländarna","en":"The Finns Party"},"caid":23,"position":0,"gender":"1","comparisonData":{"totalVotes":48,"votesTotalChange":-33},"edid":10,"comparativeIndex":0.0,"electionDayVotesPercent":0.4,"nominatorAbbr":{"fi":"PS","sv":"Sannf","en":"FINNS"}},{"age":34,"advanceVotesPercent":0.5,"lastname":"Haarala","occupation":"Logistiikkatyöntekijä, yrittäjä","advanceVotes":7,"npid":2,"totalVotes":14,"spid":3,"abbr":"PS","municipalCouncilor":false,"muid":10,"alid":1,"firstname":"Heikki","electionDayVotes":7,"pid":"23","finalPosition":0,"electedInformation":"ON_SUBSTITUTE_PLACE","totalVotesPercent":0.7,"nominatorName":{"fi":"Perussuomalaiset","sv":"Sannfinländarna","en":"The Finns Party"},"caid":8,"position":0,"gender":"1","comparisonData":{"totalVotes":32,"votesTotalChange":-18},"edid":10,"comparativeIndex":0.0,"electionDayVotesPercent":1.0,"nominatorAbbr":{"fi":"PS","sv":"Sannf","en":"FINNS"}},{"age":45,"advanceVotesPercent":0.6,"lastname":"Siljanto","occupation":"Tietotekniikan ammattitutkinto","advanceVotes":8,"npid":2,"totalVotes":14,"spid":3,"abbr":"PS","municipalCouncilor":true,"muid":10,"alid":1,"firstname":"Juha","electionDayVotes":6,"pid":"23","finalPosition":0,"electedInformation":"ON_SUBSTITUTE_PLACE","totalVotesPercent":0.7,"nominatorName":{"fi":"Perussuomalaiset","sv":"Sannfinländarna","en":"The Finns Party"},"caid":27,"position":0,"gender":"1","comparisonData":{"totalVotes":83,"votesTotalChange":-69},"edid":10,"comparativeIndex":0.0,"electionDayVotesPercent":0.9,"nominatorAbbr":{"fi":"PS","sv":"Sannf","en":"FINNS"}},{"age":51,"advanceVotesPercent":0.4,"lastname":"Lindeman","occupation":"Yrittäjä","advanceVotes":5,"npid":9,"totalVotes":14,"spid":4,"abbr":"SDP","municipalCouncilor":false,"muid":10,"alid":8,"firstname":"Terho","electionDayVotes":9,"pid":"1","finalPosition":0,"electedInformation":"ON_SUBSTITUTE_PLACE","totalVotesPercent":0.7,"nominatorName":{"fi":"Suomen Sosialidemokraattinen Puolue","sv":"Finlands Socialdemokratiska Parti","en":"The Finnish Social Democratic Party"},"caid":121,"position":0,"gender":"1","comparisonData":{"totalVotes":31,"votesTotalChange":-17},"edid":10,"comparativeIndex":0.0,"electionDayVotesPercent":1.3,"nominatorAbbr":{"fi":"SDP","sv":"SDP","en":"SDP"}},{"age":67,"advanceVotesPercent":0.8,"lastname":"Kurikka","occupation":"Eläkeläinen","advanceVotes":11,"npid":4,"totalVotes":13,"spid":2,"abbr":"KOK","municipalCouncilor":false,"muid":10,"alid":3,"firstname":"Markus","electionDayVotes":2,"pid":"4","finalPosition":0,"electedInformation":"ON_SUBSTITUTE_PLACE","totalVotesPercent":0.6,"nominatorName":{"fi":"Kansallinen Kokoomus","sv":"Samlingspartiet","en":"National Coalition Party"},"caid":43,"position":0,"gender":"1","comparisonData":{"totalVotes":37,"votesTotalChange":-24},"edid":10,"comparativeIndex":0.0,"electionDayVotesPercent":0.3,"nominatorAbbr":{"fi":"KOK","sv":"Saml","en":"NCP"}},{"age":59,"advanceVotesPercent":0.8,"lastname":"Rantoja","occupation":"Metsätalousinsinööri","advanceVotes":10,"npid":6,"totalVotes":13,"spid":1,"abbr":"KESK","municipalCouncilor":false,"muid":10,"alid":5,"firstname":"Juha","electionDayVotes":3,"pid":"2","finalPosition":0,"electedInformation":"NOT_ELECTED","totalVotesPercent":0.6,"nominatorName":{"fi":"Suomen Keskusta","sv":"Centern i Finland","en":"Centre Party of Finland"},"caid":94,"position":0,"gender":"1","comparisonData":{"totalVotes":21,"votesTotalChange":-8},"edid":10,"comparativeIndex":0.0,"electionDayVotesPercent":0.4,"nominatorAbbr":{"fi":"KESK","sv":"C","en":"CENT"}},{"age":62,"advanceVotesPercent":0.6,"lastname":"Vanha-aho","occupation":"Lähihoitaja","advanceVotes":8,"npid":9,"totalVotes":13,"spid":4,"abbr":"SDP","municipalCouncilor":false,"muid":10,"alid":8,"firstname":"Raija","electionDayVotes":5,"pid":"1","finalPosition":0,"electedInformation":"NOT_ELECTED","totalVotesPercent":0.6,"nominatorName":{"fi":"Suomen Sosialidemokraattinen Puolue","sv":"Finlands Socialdemokratiska Parti","en":"The Finnish Social Democratic Party"},"caid":128,"position":0,"gender":"2","comparisonData":{"totalVotes":52,"votesTotalChange":-39},"edid":10,"comparativeIndex":0.0,"electionDayVotesPercent":0.7,"nominatorAbbr":{"fi":"SDP","sv":"SDP","en":"SDP"}},{"age":38,"advanceVotesPercent":0.8,"lastname":"Pentinmäki","occupation":"Sairaanhoitaja","advanceVotes":10,"npid":6,"totalVotes":12,"spid":1,"abbr":"KESK","municipalCouncilor":false,"muid":10,"alid":5,"firstname":"Minna","electionDayVotes":2,"pid":"2","finalPosition":0,"electedInformation":"NOT_ELECTED","totalVotesPercent":0.6,"nominatorName":{"fi":"Suomen Keskusta","sv":"Centern i Finland","en":"Centre Party of Finland"},"caid":87,"position":0,"gender":"2","comparisonData":{"totalVotes":28,"votesTotalChange":-16},"edid":10,"comparativeIndex":0.0,"electionDayVotesPercent":0.3,"nominatorAbbr":{"fi":"KESK","sv":"C","en":"CENT"}},{"age":49,"advanceVotesPercent":0.6,"lastname":"Soini","occupation":"Metallisahuri","advanceVotes":8,"npid":2,"totalVotes":11,"spid":3,"abbr":"PS","municipalCouncilor":false,"muid":10,"alid":1,"firstname":"Juha","electionDayVotes":3,"pid":"23","finalPosition":0,"electedInformation":"ELECTED","totalVotesPercent":0.5,"nominatorName":{"fi":"Perussuomalaiset","sv":"Sannfinländarna","en":"The Finns Party"},"caid":28,"position":0,"gender":"1","comparisonData":{"totalVotes":0,"votesTotalChange":11},"edid":10,"comparativeIndex":0.0,"electionDayVotesPercent":0.4,"nominatorAbbr":{"fi":"PS","sv":"Sannf","en":"FINNS"}},{"age":36,"advanceVotesPercent":0.4,"lastname":"Suopelto","occupation":"Yrittäjä","advanceVotes":5,"npid":2,"totalVotes":11,"spid":3,"abbr":"PS","municipalCouncilor":false,"muid":10,"alid":1,"firstname":"Heikki","electionDayVotes":6,"pid":"23","finalPosition":0,"electedInformation":"NOT_ELECTED","totalVotesPercent":0.5,"nominatorName":{"fi":"Perussuomalaiset","sv":"Sannfinländarna","en":"The Finns Party"},"caid":29,"position":0,"gender":"1","comparisonData":{"totalVotes":0,"votesTotalChange":11},"edid":10,"comparativeIndex":0.0,"electionDayVotesPercent":0.9,"nominatorAbbr":{"fi":"PS","sv":"Sannf","en":"FINNS"}},{"age":49,"advanceVotesPercent":0.5,"lastname":"Laitila","occupation":"Maatalouslomittaja","advanceVotes":7,"npid":6,"totalVotes":11,"spid":1,"abbr":"KESK","municipalCouncilor":true,"muid":10,"alid":5,"firstname":"Vesa","electionDayVotes":4,"pid":"2","finalPosition":0,"electedInformation":"ELECTED","totalVotesPercent":0.5,"nominatorName":{"fi":"Suomen Keskusta","sv":"Centern i Finland","en":"Centre Party of Finland"},"caid":76,"position":0,"gender":"1","comparisonData":{"totalVotes":103,"votesTotalChange":-92},"edid":10,"comparativeIndex":0.0,"electionDayVotesPercent":0.6,"nominatorAbbr":{"fi":"KESK","sv":"C","en":"CENT"}},{"age":37,"advanceVotesPercent":0.5,"lastname":"Suutala","occupation":"Myyntipäällikkö, marjanviljelijä","advanceVotes":7,"npid":6,"totalVotes":11,"spid":1,"abbr":"KESK","municipalCouncilor":false,"muid":10,"alid":5,"firstname":"Karoliina","electionDayVotes":4,"pid":"2","finalPosition":0,"electedInformation":"ELECTED","totalVotesPercent":0.5,"nominatorName":{"fi":"Suomen Keskusta","sv":"Centern i Finland","en":"Centre Party of Finland"},"caid":99,"position":0,"gender":"2","comparisonData":{"totalVotes":0,"votesTotalChange":11},"edid":10,"comparativeIndex":0.0,"electionDayVotesPercent":0.6,"nominatorAbbr":{"fi":"KESK","sv":"C","en":"CENT"}},{"age":67,"advanceVotesPercent":0.6,"lastname":"Viitala","occupation":"Eläkeläinen","advanceVotes":8,"npid":6,"totalVotes":11,"spid":1,"abbr":"KESK","municipalCouncilor":false,"muid":10,"alid":5,"firstname":"Markku","electionDayVotes":3,"pid":"2","finalPosition":0,"electedInformation":"ON_SUBSTITUTE_PLACE","totalVotesPercent":0.5,"nominatorName":{"fi":"Suomen Keskusta","sv":"Centern i Finland","en":"Centre Party of Finland"},"caid":103,"position":0,"gender":"1","comparisonData":{"totalVotes":55,"votesTotalChange":-44},"edid":10,"comparativeIndex":0.0,"electionDayVotesPercent":0.4,"nominatorAbbr":{"fi":"KESK","sv":"C","en":"CENT"}},{"age":38,"advanceVotesPercent":0.2,"lastname":"Ketola","occupation":"Postinjakaja","advanceVotes":2,"npid":2,"totalVotes":10,"spid":3,"abbr":"PS","municipalCouncilor":false,"muid":10,"alid":1,"firstname":"Jukka","electionDayVotes":8,"pid":"23","finalPosition":0,"electedInformation":"NOT_ELECTED","totalVotesPercent":0.5,"nominatorName":{"fi":"Perussuomalaiset","sv":"Sannfinländarna","en":"The Finns Party"},"caid":12,"position":0,"gender":"1","comparisonData":{"totalVotes":30,"votesTotalChange":-20},"edid":10,"comparativeIndex":0.0,"electionDayVotesPercent":1.1,"nominatorAbbr":{"fi":"PS","sv":"Sannf","en":"FINNS"}},{"age":31,"advanceVotesPercent":0.3,"lastname":"Heikkilä","occupation":"Myymälävastaava","advanceVotes":4,"npid":6,"totalVotes":10,"spid":1,"abbr":"KESK","municipalCouncilor":false,"muid":10,"alid":5,"firstname":"Susanna","electionDayVotes":6,"pid":"2","finalPosition":0,"electedInformation":"NOT_ELECTED","totalVotesPercent":0.5,"nominatorName":{"fi":"Suomen Keskusta","sv":"Centern i Finland","en":"Centre Party of Finland"},"caid":65,"position":0,"gender":"2","comparisonData":{"totalVotes":0,"votesTotalChange":10},"edid":10,"comparativeIndex":0.0,"electionDayVotesPercent":0.9,"nominatorAbbr":{"fi":"KESK","sv":"C","en":"CENT"}},{"age":58,"advanceVotesPercent":0.6,"lastname":"Pellonpää","occupation":"Työnohjaaja, maanviljelijä","advanceVotes":8,"npid":6,"totalVotes":10,"spid":1,"abbr":"KESK","municipalCouncilor":false,"muid":10,"alid":5,"firstname":"Antti","electionDayVotes":2,"pid":"2","finalPosition":0,"electedInformation":"NOT_ELECTED","totalVotesPercent":0.5,"nominatorName":{"fi":"Suomen Keskusta","sv":"Centern i Finland","en":"Centre Party of Finland"},"caid":84,"position":0,"gender":"1","comparisonData":{"totalVotes":0,"votesTotalChange":10},"edid":10,"comparativeIndex":0.0,"electionDayVotesPercent":0.3,"nominatorAbbr":{"fi":"KESK","sv":"C","en":"CENT"}},{"age":50,"advanceVotesPercent":0.5,"lastname":"Pienimäki","occupation":"Vastaava yksikönohjaaja, yrittäjä","advanceVotes":6,"npid":6,"totalVotes":10,"spid":1,"abbr":"KESK","municipalCouncilor":true,"muid":10,"alid":5,"firstname":"Marja-Liisa Susanna","electionDayVotes":4,"pid":"2","finalPosition":0,"electedInformation":"ELECTED","totalVotesPercent":0.5,"nominatorName":{"fi":"Suomen Keskusta","sv":"Centern i Finland","en":"Centre Party of Finland"},"caid":90,"position":0,"gender":"2","comparisonData":{"totalVotes":75,"votesTotalChange":-65},"edid":10,"comparativeIndex":0.0,"electionDayVotesPercent":0.6,"nominatorAbbr":{"fi":"KESK","sv":"C","en":"CENT"}},{"age":44,"advanceVotesPercent":0.5,"lastname":"Rajalahti","occupation":"Palvelutyöntekijä, emäntä","advanceVotes":7,"npid":6,"totalVotes":10,"spid":1,"abbr":"KESK","municipalCouncilor":true,"muid":10,"alid":5,"firstname":"Heli","electionDayVotes":3,"pid":"2","finalPosition":0,"electedInformation":"ELECTED","totalVotesPercent":0.5,"nominatorName":{"fi":"Suomen Keskusta","sv":"Centern i Finland","en":"Centre Party of Finland"},"caid":93,"position":0,"gender":"2","comparisonData":{"totalVotes":90,"votesTotalChange":-80},"edid":10,"comparativeIndex":0.0,"electionDayVotesPercent":0.4,"nominatorAbbr":{"fi":"KESK","sv":"C","en":"CENT"}},{"age":70,"advanceVotesPercent":0.5,"lastname":"Mikkola","occupation":"Eläkeläinen","advanceVotes":7,"npid":2,"totalVotes":9,"spid":3,"abbr":"PS","municipalCouncilor":false,"muid":10,"alid":1,"firstname":"Matti J.","electionDayVotes":2,"pid":"23","finalPosition":0,"electedInformation":"ON_SUBSTITUTE_PLACE","totalVotesPercent":0.4,"nominatorName":{"fi":"Perussuomalaiset","sv":"Sannfinländarna","en":"The Finns Party"},"caid":21,"position":0,"gender":"1","comparisonData":{"totalVotes":28,"votesTotalChange":-19},"edid":10,"comparativeIndex":0.0,"electionDayVotesPercent":0.3,"nominatorAbbr":{"fi":"PS","sv":"Sannf","en":"FINNS"}},{"age":60,"advanceVotesPercent":0.4,"lastname":"Latvala","occupation":"Yrittäjä","advanceVotes":5,"npid":4,"totalVotes":9,"spid":2,"abbr":"KOK","municipalCouncilor":true,"muid":10,"alid":3,"firstname":"Jari","electionDayVotes":4,"pid":"4","finalPosition":0,"electedInformation":"ELECTED","totalVotesPercent":0.4,"nominatorName":{"fi":"Kansallinen Kokoomus","sv":"Samlingspartiet","en":"National Coalition Party"},"caid":45,"position":0,"gender":"1","comparisonData":{"totalVotes":48,"votesTotalChange":-39},"edid":10,"comparativeIndex":0.0,"electionDayVotesPercent":0.6,"nominatorAbbr":{"fi":"KOK","sv":"Saml","en":"NCP"}},{"age":53,"advanceVotesPercent":0.2,"lastname":"Tanttari","occupation":"Muusikko","advanceVotes":3,"npid":4,"totalVotes":9,"spid":2,"abbr":"KOK","municipalCouncilor":false,"muid":10,"alid":3,"firstname":"Jukka-Pekka","electionDayVotes":6,"pid":"4","finalPosition":0,"electedInformation":"NOT_ELECTED","totalVotesPercent":0.4,"nominatorName":{"fi":"Kansallinen Kokoomus","sv":"Samlingspartiet","en":"National Coalition Party"},"caid":55,"position":0,"gender":"1","comparisonData":{"totalVotes":0,"votesTotalChange":9},"edid":10,"comparativeIndex":0.0,"electionDayVotesPercent":0.9,"nominatorAbbr":{"fi":"KOK","sv":"Saml","en":"NCP"}},{"age":38,"advanceVotesPercent":0.3,"lastname":"Kuismin","occupation":"Yrittäjä","advanceVotes":4,"npid":6,"totalVotes":9,"spid":1,"abbr":"KESK","municipalCouncilor":false,"muid":10,"alid":5,"firstname":"Samuel","electionDayVotes":5,"pid":"2","finalPosition":0,"electedInformation":"NOT_ELECTED","totalVotesPercent":0.4,"nominatorName":{"fi":"Suomen Keskusta","sv":"Centern i Finland","en":"Centre Party of Finland"},"caid":72,"position":0,"gender":"1","comparisonData":{"totalVotes":0,"votesTotalChange":9},"edid":10,"comparativeIndex":0.0,"electionDayVotesPercent":0.7,"nominatorAbbr":{"fi":"KESK","sv":"C","en":"CENT"}},{"age":44,"advanceVotesPercent":0.5,"lastname":"Soukkala-Taipalus","occupation":"Agrologi","advanceVotes":6,"npid":6,"totalVotes":9,"spid":1,"abbr":"KESK","municipalCouncilor":false,"muid":10,"alid":5,"firstname":"Kirsi","electionDayVotes":3,"pid":"2","finalPosition":0,"electedInformation":"NOT_ELECTED","totalVotesPercent":0.4,"nominatorName":{"fi":"Suomen Keskusta","sv":"Centern i Finland","en":"Centre Party of Finland"},"caid":98,"position":0,"gender":"2","comparisonData":{"totalVotes":28,"votesTotalChange":-19},"edid":10,"comparativeIndex":0.0,"electionDayVotesPercent":0.4,"nominatorAbbr":{"fi":"KESK","sv":"C","en":"CENT"}},{"age":36,"advanceVotesPercent":0.2,"lastname":"Marttala","occupation":"Yrittäjä, ohjelmistoarkkitehti","advanceVotes":2,"npid":8,"totalVotes":9,"spid":12,"abbr":"PIR","municipalCouncilor":false,"muid":10,"alid":7,"firstname":"Lassi","electionDayVotes":7,"pid":"30","finalPosition":0,"electedInformation":"NOT_ELECTED","totalVotesPercent":0.4,"nominatorName":{"fi":"Piraattipuolue","sv":"Piratpartiet","en":"Pirate Party of Finland"},"caid":111,"position":0,"gender":"1","comparisonData":{"totalVotes":0,"votesTotalChange":9},"edid":10,"comparativeIndex":0.0,"electionDayVotesPercent":1.0,"nominatorAbbr":{"fi":"PIR","sv":"Pir","en":"PIR"}},{"age":41,"advanceVotesPercent":0.2,"lastname":"Ijäs","occupation":"Liikuntapaikkojen hoitaja","advanceVotes":2,"npid":9,"totalVotes":9,"spid":4,"abbr":"SDP","municipalCouncilor":false,"muid":10,"alid":8,"firstname":"Marko","electionDayVotes":7,"pid":"1","finalPosition":0,"electedInformation":"NOT_ELECTED","totalVotesPercent":0.4,"nominatorName":{"fi":"Suomen Sosialidemokraattinen Puolue","sv":"Finlands Socialdemokratiska Parti","en":"The Finnish Social Democratic Party"},"caid":115,"position":0,"gender":"1","comparisonData":{"totalVotes":6,"votesTotalChange":3},"edid":10,"comparativeIndex":0.0,"electionDayVotesPercent":1.0,"nominatorAbbr":{"fi":"SDP","sv":"SDP","en":"SDP"}},{"age":61,"advanceVotesPercent":0.5,"lastname":"Korpela-Leppälä","occupation":"Kouluttaja, opettaja","advanceVotes":7,"npid":9,"totalVotes":9,"spid":4,"abbr":"SDP","municipalCouncilor":false,"muid":10,"alid":8,"firstname":"Sirpa","electionDayVotes":2,"pid":"1","finalPosition":0,"electedInformation":"NOT_ELECTED","totalVotesPercent":0.4,"nominatorName":{"fi":"Suomen Sosialidemokraattinen Puolue","sv":"Finlands Socialdemokratiska Parti","en":"The Finnish Social Democratic Party"},"caid":119,"position":0,"gender":"2","comparisonData":{"totalVotes":22,"votesTotalChange":-13},"edid":10,"comparativeIndex":0.0,"electionDayVotesPercent":0.3,"nominatorAbbr":{"fi":"SDP","sv":"SDP","en":"SDP"}},{"age":49,"advanceVotesPercent":0.2,"lastname":"Ahopelto","occupation":"Liikenneyrittäjä","advanceVotes":3,"npid":1,"totalVotes":8,"spid":8,"abbr":"KD","municipalCouncilor":false,"muid":10,"alid":1,"firstname":"Pentti","electionDayVotes":5,"pid":"9","finalPosition":0,"electedInformation":"ELECTED","totalVotesPercent":0.4,"nominatorName":{"fi":"Suomen Kristillisdemokraatit (KD)","sv":"Kristdemokraterna i Finland (KD)","en":"Christian Democrats in Finland"},"caid":2,"position":0,"gender":"1","comparisonData":{"totalVotes":0,"votesTotalChange":8},"edid":10,"comparativeIndex":0.0,"electionDayVotesPercent":0.7,"nominatorAbbr":{"fi":"KD","sv":"KD","en":"CD"}},{"age":49,"advanceVotesPercent":0.4,"lastname":"Mäki","occupation":"Lasityöntekijä","advanceVotes":5,"npid":4,"totalVotes":8,"spid":2,"abbr":"KOK","municipalCouncilor":false,"muid":10,"alid":3,"firstname":"Ari","electionDayVotes":3,"pid":"4","finalPosition":0,"electedInformation":"NOT_ELECTED","totalVotesPercent":0.4,"nominatorName":{"fi":"Kansallinen Kokoomus","sv":"Samlingspartiet","en":"National Coalition Party"},"caid":48,"position":0,"gender":"1","comparisonData":{"totalVotes":7,"votesTotalChange":1},"edid":10,"comparativeIndex":0.0,"electionDayVotesPercent":0.4,"nominatorAbbr":{"fi":"KOK","sv":"Saml","en":"NCP"}},{"age":40,"advanceVotesPercent":0.5,"lastname":"Mäki-Neste","occupation":"Järjestösuunnittelija, emäntä","advanceVotes":7,"npid":6,"totalVotes":8,"spid":1,"abbr":"KESK","municipalCouncilor":false,"muid":10,"alid":5,"firstname":"Mervi","electionDayVotes":1,"pid":"2","finalPosition":0,"electedInformation":"ON_SUBSTITUTE_PLACE","totalVotesPercent":0.4,"nominatorName":{"fi":"Suomen Keskusta","sv":"Centern i Finland","en":"Centre Party of Finland"},"caid":82,"position":0,"gender":"2","comparisonData":{"totalVotes":20,"votesTotalChange":-12},"edid":10,"comparativeIndex":0.0,"electionDayVotesPercent":0.1,"nominatorAbbr":{"fi":"KESK","sv":"C","en":"CENT"}},{"age":43,"advanceVotesPercent":0.3,"lastname":"Olkkonen","occupation":"Agronomi (MMM), maatalousyrittäjä","advanceVotes":4,"npid":6,"totalVotes":8,"spid":1,"abbr":"KESK","municipalCouncilor":false,"muid":10,"alid":5,"firstname":"Paavo","electionDayVotes":4,"pid":"2","finalPosition":0,"electedInformation":"NOT_ELECTED","totalVotesPercent":0.4,"nominatorName":{"fi":"Suomen Keskusta","sv":"Centern i Finland","en":"Centre Party of Finland"},"caid":83,"position":0,"gender":"1","comparisonData":{"totalVotes":25,"votesTotalChange":-17},"edid":10,"comparativeIndex":0.0,"electionDayVotesPercent":0.6,"nominatorAbbr":{"fi":"KESK","sv":"C","en":"CENT"}},{"age":34,"advanceVotesPercent":0.4,"lastname":"Peltokangas","occupation":"Järjestelmäasiantuntija","advanceVotes":5,"npid":6,"totalVotes":8,"spid":1,"abbr":"KESK","municipalCouncilor":false,"muid":10,"alid":5,"firstname":"Mikko","electionDayVotes":3,"pid":"2","finalPosition":0,"electedInformation":"NOT_ELECTED","totalVotesPercent":0.4,"nominatorName":{"fi":"Suomen Keskusta","sv":"Centern i Finland","en":"Centre Party of Finland"},"caid":85,"position":0,"gender":"1","comparisonData":{"totalVotes":0,"votesTotalChange":8},"edid":10,"comparativeIndex":0.0,"electionDayVotesPercent":0.4,"nominatorAbbr":{"fi":"KESK","sv":"C","en":"CENT"}},{"age":30,"advanceVotesPercent":0.3,"lastname":"Peurala","occupation":"Kosmetologi, yrittäjä","advanceVotes":4,"npid":6,"totalVotes":8,"spid":1,"abbr":"KESK","municipalCouncilor":false,"muid":10,"alid":5,"firstname":"Elina","electionDayVotes":4,"pid":"2","finalPosition":0,"electedInformation":"NOT_ELECTED","totalVotesPercent":0.4,"nominatorName":{"fi":"Suomen Keskusta","sv":"Centern i Finland","en":"Centre Party of Finland"},"caid":89,"position":0,"gender":"2","comparisonData":{"totalVotes":0,"votesTotalChange":8},"edid":10,"comparativeIndex":0.0,"electionDayVotesPercent":0.6,"nominatorAbbr":{"fi":"KESK","sv":"C","en":"CENT"}},{"age":64,"advanceVotesPercent":0.5,"lastname":"Pienimäki","occupation":"Nuohoojamestari","advanceVotes":6,"npid":6,"totalVotes":8,"spid":1,"abbr":"KESK","municipalCouncilor":false,"muid":10,"alid":5,"firstname":"Reino","electionDayVotes":2,"pid":"2","finalPosition":0,"electedInformation":"NOT_ELECTED","totalVotesPercent":0.4,"nominatorName":{"fi":"Suomen Keskusta","sv":"Centern i Finland","en":"Centre Party of Finland"},"caid":91,"position":0,"gender":"1","comparisonData":{"totalVotes":17,"votesTotalChange":-9},"edid":10,"comparativeIndex":0.0,"electionDayVotesPercent":0.3,"nominatorAbbr":{"fi":"KESK","sv":"C","en":"CENT"}},{"age":57,"advanceVotesPercent":0.5,"lastname":"Puska","occupation":"Putkiasentaja, luottamusmies","advanceVotes":6,"npid":6,"totalVotes":8,"spid":1,"abbr":"KESK","municipalCouncilor":false,"muid":10,"alid":5,"firstname":"Hannu","electionDayVotes":2,"pid":"2","finalPosition":0,"electedInformation":"ON_SUBSTITUTE_PLACE","totalVotesPercent":0.4,"nominatorName":{"fi":"Suomen Keskusta","sv":"Centern i Finland","en":"Centre Party of Finland"},"caid":92,"position":0,"gender":"1","comparisonData":{"totalVotes":50,"votesTotalChange":-42},"edid":10,"comparativeIndex":0.0,"electionDayVotesPercent":0.3,"nominatorAbbr":{"fi":"KESK","sv":"C","en":"CENT"}},{"age":44,"advanceVotesPercent":0.2,"lastname":"Lyly","occupation":"Lähihoitaja","advanceVotes":2,"npid":2,"totalVotes":7,"spid":3,"abbr":"PS","municipalCouncilor":false,"muid":10,"alid":1,"firstname":"Pekka","electionDayVotes":5,"pid":"23","finalPosition":0,"electedInformation":"NOT_ELECTED","totalVotesPercent":0.3,"nominatorName":{"fi":"Perussuomalaiset","sv":"Sannfinländarna","en":"The Finns Party"},"caid":19,"position":0,"gender":"1","comparisonData":{"totalVotes":37,"votesTotalChange":-30},"edid":10,"comparativeIndex":0.0,"electionDayVotesPercent":0.7,"nominatorAbbr":{"fi":"PS","sv":"Sannf","en":"FINNS"}},{"age":49,"advanceVotesPercent":0.4,"lastname":"Virtanen","occupation":"DI, vanhempi projektipäällikkö","advanceVotes":5,"npid":4,"totalVotes":7,"spid":2,"abbr":"KOK","municipalCouncilor":false,"muid":10,"alid":3,"firstname":"Isto","electionDayVotes":2,"pid":"4","finalPosition":0,"electedInformation":"NOT_ELECTED","totalVotesPercent":0.3,"nominatorName":{"fi":"Kansallinen Kokoomus","sv":"Samlingspartiet","en":"National Coalition Party"},"caid":56,"position":0,"gender":"1","comparisonData":{"totalVotes":0,"votesTotalChange":7},"edid":10,"comparativeIndex":0.0,"electionDayVotesPercent":0.3,"nominatorAbbr":{"fi":"KOK","sv":"Saml","en":"NCP"}},{"age":52,"advanceVotesPercent":0.5,"lastname":"Alasaari","occupation":"Luokanopettaja","advanceVotes":6,"npid":6,"totalVotes":7,"spid":1,"abbr":"KESK","municipalCouncilor":true,"muid":10,"alid":5,"firstname":"Tiina","electionDayVotes":1,"pid":"2","finalPosition":0,"electedInformation":"ELECTED","totalVotesPercent":0.3,"nominatorName":{"fi":"Suomen Keskusta","sv":"Centern i Finland","en":"Centre Party of Finland"},"caid":60,"position":0,"gender":"2","comparisonData":{"totalVotes":121,"votesTotalChange":-114},"edid":10,"comparativeIndex":0.0,"electionDayVotesPercent":0.1,"nominatorAbbr":{"fi":"KESK","sv":"C","en":"CENT"}},{"age":64,"advanceVotesPercent":0.5,"lastname":"Linna","occupation":"Maanviljelijä, lomittaja","advanceVotes":6,"npid":6,"totalVotes":7,"spid":1,"abbr":"KESK","municipalCouncilor":true,"muid":10,"alid":5,"firstname":"Paavo","electionDayVotes":1,"pid":"2","finalPosition":0,"electedInformation":"ELECTED","totalVotesPercent":0.3,"nominatorName":{"fi":"Suomen Keskusta","sv":"Centern i Finland","en":"Centre Party of Finland"},"caid":79,"position":0,"gender":"1","comparisonData":{"totalVotes":89,"votesTotalChange":-82},"edid":10,"comparativeIndex":0.0,"electionDayVotesPercent":0.1,"nominatorAbbr":{"fi":"KESK","sv":"C","en":"CENT"}},{"age":44,"advanceVotesPercent":0.3,"lastname":"Liikala","occupation":"Palomies","advanceVotes":4,"npid":2,"totalVotes":6,"spid":3,"abbr":"PS","municipalCouncilor":false,"muid":10,"alid":1,"firstname":"Sami","electionDayVotes":2,"pid":"23","finalPosition":0,"electedInformation":"NOT_ELECTED","totalVotesPercent":0.3,"nominatorName":{"fi":"Perussuomalaiset","sv":"Sannfinländarna","en":"The Finns Party"},"caid":15,"position":0,"gender":"1","comparisonData":{"totalVotes":0,"votesTotalChange":6},"edid":10,"comparativeIndex":0.0,"electionDayVotesPercent":0.3,"nominatorAbbr":{"fi":"PS","sv":"Sannf","en":"FINNS"}},{"age":47,"advanceVotesPercent":0.3,"lastname":"Ahola","occupation":"Myynti- ja markkinointipäällikkö","advanceVotes":4,"npid":3,"totalVotes":6,"spid":5,"abbr":"VIHR","municipalCouncilor":false,"muid":10,"alid":2,"firstname":"Jari","electionDayVotes":2,"pid":"13","finalPosition":0,"electedInformation":"NOT_ELECTED","totalVotesPercent":0.3,"nominatorName":{"fi":"Vihreä liitto","sv":"Gröna förbundet","en":"Green League"},"caid":31,"position":0,"gender":"1","comparisonData":{"totalVotes":0,"votesTotalChange":6},"edid":10,"comparativeIndex":0.0,"electionDayVotesPercent":0.3,"nominatorAbbr":{"fi":"VIHR","sv":"Gröna","en":"GREEN"}},{"age":39,"advanceVotesPercent":0.3,"lastname":"Nieminen","occupation":"Suunnittelija, terveydenhoitaja","advanceVotes":4,"npid":4,"totalVotes":6,"spid":2,"abbr":"KOK","municipalCouncilor":false,"muid":10,"alid":3,"firstname":"Johanna","electionDayVotes":2,"pid":"4","finalPosition":0,"electedInformation":"NOT_ELECTED","totalVotesPercent":0.3,"nominatorName":{"fi":"Kansallinen Kokoomus","sv":"Samlingspartiet","en":"National Coalition Party"},"caid":50,"position":0,"gender":"2","comparisonData":{"totalVotes":17,"votesTotalChange":-11},"edid":10,"comparativeIndex":0.0,"electionDayVotesPercent":0.3,"nominatorAbbr":{"fi":"KOK","sv":"Saml","en":"NCP"}},{"age":52,"advanceVotesPercent":0.3,"lastname":"Rikala","occupation":"Opettaja","advanceVotes":4,"npid":4,"totalVotes":6,"spid":2,"abbr":"KOK","municipalCouncilor":true,"muid":10,"alid":3,"firstname":"Juha","electionDayVotes":2,"pid":"4","finalPosition":0,"electedInformation":"NOT_ELECTED","totalVotesPercent":0.3,"nominatorName":{"fi":"Kansallinen Kokoomus","sv":"Samlingspartiet","en":"National Coalition Party"},"caid":52,"position":0,"gender":"1","comparisonData":{"totalVotes":61,"votesTotalChange":-55},"edid":10,"comparativeIndex":0.0,"electionDayVotesPercent":0.3,"nominatorAbbr":{"fi":"KOK","sv":"Saml","en":"NCP"}},{"age":53,"advanceVotesPercent":0.4,"lastname":"Rouhunkoski","occupation":"Maksupäällikkö","advanceVotes":5,"npid":4,"totalVotes":6,"spid":2,"abbr":"KOK","municipalCouncilor":false,"muid":10,"alid":3,"firstname":"Tuomas","electionDayVotes":1,"pid":"4","finalPosition":0,"electedInformation":"NOT_ELECTED","totalVotesPercent":0.3,"nominatorName":{"fi":"Kansallinen Kokoomus","sv":"Samlingspartiet","en":"National Coalition Party"},"caid":54,"position":0,"gender":"1","comparisonData":{"totalVotes":0,"votesTotalChange":6},"edid":10,"comparativeIndex":0.0,"electionDayVotesPercent":0.1,"nominatorAbbr":{"fi":"KOK","sv":"Saml","en":"NCP"}},{"age":37,"advanceVotesPercent":0.1,"lastname":"Koukeri","occupation":"Ohjelmistosuunnittelija","advanceVotes":1,"npid":6,"totalVotes":6,"spid":1,"abbr":"KESK","municipalCouncilor":false,"muid":10,"alid":5,"firstname":"Veli-Matti","electionDayVotes":5,"pid":"2","finalPosition":0,"electedInformation":"ON_SUBSTITUTE_PLACE","totalVotesPercent":0.3,"nominatorName":{"fi":"Suomen Keskusta","sv":"Centern i Finland","en":"Centre Party of Finland"},"caid":71,"position":0,"gender":"1","comparisonData":{"totalVotes":0,"votesTotalChange":6},"edid":10,"comparativeIndex":0.0,"electionDayVotesPercent":0.7,"nominatorAbbr":{"fi":"KESK","sv":"C","en":"CENT"}},{"age":63,"advanceVotesPercent":0.3,"lastname":"Kurhela","occupation":"Maanviljelijä","advanceVotes":4,"npid":6,"totalVotes":6,"spid":1,"abbr":"KESK","municipalCouncilor":false,"muid":10,"alid":5,"firstname":"Heimo","electionDayVotes":2,"pid":"2","finalPosition":0,"electedInformation":"ON_SUBSTITUTE_PLACE","totalVotesPercent":0.3,"nominatorName":{"fi":"Suomen Keskusta","sv":"Centern i Finland","en":"Centre Party of Finland"},"caid":75,"position":0,"gender":"1","comparisonData":{"totalVotes":52,"votesTotalChange":-46},"edid":10,"comparativeIndex":0.0,"electionDayVotesPercent":0.3,"nominatorAbbr":{"fi":"KESK","sv":"C","en":"CENT"}},{"age":45,"advanceVotesPercent":0.2,"lastname":"Toivola","occupation":"Yrittäjä, jalostussuunnittelija","advanceVotes":2,"npid":6,"totalVotes":6,"spid":1,"abbr":"KESK","municipalCouncilor":true,"muid":10,"alid":5,"firstname":"Juha","electionDayVotes":4,"pid":"2","finalPosition":0,"electedInformation":"ELECTED","totalVotesPercent":0.3,"nominatorName":{"fi":"Suomen Keskusta","sv":"Centern i Finland","en":"Centre Party of Finland"},"caid":100,"position":0,"gender":"1","comparisonData":{"totalVotes":92,"votesTotalChange":-86},"edid":10,"comparativeIndex":0.0,"electionDayVotesPercent":0.6,"nominatorAbbr":{"fi":"KESK","sv":"C","en":"CENT"}},{"age":30,"advanceVotesPercent":0.3,"lastname":"Yritys","occupation":"Kotiäiti, opiskelija","advanceVotes":4,"npid":6,"totalVotes":6,"spid":1,"abbr":"KESK","municipalCouncilor":false,"muid":10,"alid":5,"firstname":"Heidi","electionDayVotes":2,"pid":"2","finalPosition":0,"electedInformation":"NOT_ELECTED","totalVotesPercent":0.3,"nominatorName":{"fi":"Suomen Keskusta","sv":"Centern i Finland","en":"Centre Party of Finland"},"caid":108,"position":0,"gender":"2","comparisonData":{"totalVotes":0,"votesTotalChange":6},"edid":10,"comparativeIndex":0.0,"electionDayVotesPercent":0.3,"nominatorAbbr":{"fi":"KESK","sv":"C","en":"CENT"}},{"age":50,"advanceVotesPercent":0.3,"lastname":"Yritys","occupation":"4H-toiminnanjohtaja","advanceVotes":4,"npid":6,"totalVotes":6,"spid":1,"abbr":"KESK","municipalCouncilor":false,"muid":10,"alid":5,"firstname":"Sirpa","electionDayVotes":2,"pid":"2","finalPosition":0,"electedInformation":"NOT_ELECTED","totalVotesPercent":0.3,"nominatorName":{"fi":"Suomen Keskusta","sv":"Centern i Finland","en":"Centre Party of Finland"},"caid":109,"position":0,"gender":"2","comparisonData":{"totalVotes":36,"votesTotalChange":-30},"edid":10,"comparativeIndex":0.0,"electionDayVotesPercent":0.3,"nominatorAbbr":{"fi":"KESK","sv":"C","en":"CENT"}},{"age":56,"advanceVotesPercent":0.3,"lastname":"Kari","occupation":"Lasityöntekijä","advanceVotes":4,"npid":9,"totalVotes":6,"spid":4,"abbr":"SDP","municipalCouncilor":false,"muid":10,"alid":8,"firstname":"Juhani","electionDayVotes":2,"pid":"1","finalPosition":0,"electedInformation":"NOT_ELECTED","totalVotesPercent":0.3,"nominatorName":{"fi":"Suomen Sosialidemokraattinen Puolue","sv":"Finlands Socialdemokratiska Parti","en":"The Finnish Social Democratic Party"},"caid":117,"position":0,"gender":"1","comparisonData":{"totalVotes":6,"votesTotalChange":0},"edid":10,"comparativeIndex":0.0,"electionDayVotesPercent":0.3,"nominatorAbbr":{"fi":"SDP","sv":"SDP","en":"SDP"}},{"age":75,"advanceVotesPercent":0.3,"lastname":"Knuuti","occupation":"Arkkitehti","advanceVotes":4,"npid":2,"totalVotes":5,"spid":3,"abbr":"PS","municipalCouncilor":false,"muid":10,"alid":1,"firstname":"Mikko","electionDayVotes":1,"pid":"23","finalPosition":0,"electedInformation":"NOT_ELECTED","totalVotesPercent":0.2,"nominatorName":{"fi":"Perussuomalaiset","sv":"Sannfinländarna","en":"The Finns Party"},"caid":13,"position":0,"gender":"1","comparisonData":{"totalVotes":0,"votesTotalChange":5},"edid":10,"comparativeIndex":0.0,"electionDayVotesPercent":0.1,"nominatorAbbr":{"fi":"PS","sv":"Sannf","en":"FINNS"}},{"age":36,"advanceVotesPercent":0.2,"lastname":"Ala-Heikkilä","occupation":"Autonkuljettaja","advanceVotes":3,"npid":4,"totalVotes":5,"spid":2,"abbr":"KOK","municipalCouncilor":false,"muid":10,"alid":3,"firstname":"Timo","electionDayVotes":2,"pid":"4","finalPosition":0,"electedInformation":"NOT_ELECTED","totalVotesPercent":0.2,"nominatorName":{"fi":"Kansallinen Kokoomus","sv":"Samlingspartiet","en":"National Coalition Party"},"caid":35,"position":0,"gender":"1","comparisonData":{"totalVotes":11,"votesTotalChange":-6},"edid":10,"comparativeIndex":0.0,"electionDayVotesPercent":0.3,"nominatorAbbr":{"fi":"KOK","sv":"Saml","en":"NCP"}},{"age":63,"advanceVotesPercent":0.2,"lastname":"Kalliovaara","occupation":"FM","advanceVotes":3,"npid":6,"totalVotes":5,"spid":1,"abbr":"KESK","municipalCouncilor":false,"muid":10,"alid":5,"firstname":"Olavi","electionDayVotes":2,"pid":"2","finalPosition":0,"electedInformation":"ON_SUBSTITUTE_PLACE","totalVotesPercent":0.2,"nominatorName":{"fi":"Suomen Keskusta","sv":"Centern i Finland","en":"Centre Party of Finland"},"caid":70,"position":0,"gender":"1","comparisonData":{"totalVotes":27,"votesTotalChange":-22},"edid":10,"comparativeIndex":0.0,"electionDayVotesPercent":0.3,"nominatorAbbr":{"fi":"KESK","sv":"C","en":"CENT"}},{"age":58,"advanceVotesPercent":0.2,"lastname":"Lamminaho","occupation":"Maanviljelijä","advanceVotes":3,"npid":6,"totalVotes":5,"spid":1,"abbr":"KESK","municipalCouncilor":true,"muid":10,"alid":5,"firstname":"Heimo","electionDayVotes":2,"pid":"2","finalPosition":0,"electedInformation":"ON_SUBSTITUTE_PLACE","totalVotesPercent":0.2,"nominatorName":{"fi":"Suomen Keskusta","sv":"Centern i Finland","en":"Centre Party of Finland"},"caid":77,"position":0,"gender":"1","comparisonData":{"totalVotes":95,"votesTotalChange":-90},"edid":10,"comparativeIndex":0.0,"electionDayVotesPercent":0.3,"nominatorAbbr":{"fi":"KESK","sv":"C","en":"CENT"}},{"age":38,"advanceVotesPercent":0.4,"lastname":"Peltomäki","occupation":"Yrittäjä","advanceVotes":5,"npid":6,"totalVotes":5,"spid":1,"abbr":"KESK","municipalCouncilor":false,"muid":10,"alid":5,"firstname":"Juha","electionDayVotes":0,"pid":"2","finalPosition":0,"electedInformation":"ON_SUBSTITUTE_PLACE","totalVotesPercent":0.2,"nominatorName":{"fi":"Suomen Keskusta","sv":"Centern i Finland","en":"Centre Party of Finland"},"caid":86,"position":0,"gender":"1","comparisonData":{"totalVotes":0,"votesTotalChange":5},"edid":10,"comparativeIndex":0.0,"electionDayVotesPercent":0.0,"nominatorAbbr":{"fi":"KESK","sv":"C","en":"CENT"}},{"age":56,"advanceVotesPercent":0.3,"lastname":"Hietala","occupation":"Postimies","advanceVotes":4,"npid":9,"totalVotes":5,"spid":4,"abbr":"SDP","municipalCouncilor":false,"muid":10,"alid":8,"firstname":"Paavo","electionDayVotes":1,"pid":"1","finalPosition":0,"electedInformation":"NOT_ELECTED","totalVotesPercent":0.2,"nominatorName":{"fi":"Suomen Sosialidemokraattinen Puolue","sv":"Finlands Socialdemokratiska Parti","en":"The Finnish Social Democratic Party"},"caid":114,"position":0,"gender":"1","comparisonData":{"totalVotes":0,"votesTotalChange":5},"edid":10,"comparativeIndex":0.0,"electionDayVotesPercent":0.1,"nominatorAbbr":{"fi":"SDP","sv":"SDP","en":"SDP"}},{"age":51,"advanceVotesPercent":0.2,"lastname":"Viitasaari","occupation":"Levyseppähitsari, pääluottamusmies","advanceVotes":3,"npid":9,"totalVotes":5,"spid":4,"abbr":"SDP","municipalCouncilor":false,"muid":10,"alid":8,"firstname":"Teuvo","electionDayVotes":2,"pid":"1","finalPosition":0,"electedInformation":"NOT_ELECTED","totalVotesPercent":0.2,"nominatorName":{"fi":"Suomen Sosialidemokraattinen Puolue","sv":"Finlands Socialdemokratiska Parti","en":"The Finnish Social Democratic Party"},"caid":129,"position":0,"gender":"1","comparisonData":{"totalVotes":0,"votesTotalChange":5},"edid":10,"comparativeIndex":0.0,"electionDayVotesPercent":0.3,"nominatorAbbr":{"fi":"SDP","sv":"SDP","en":"SDP"}},{"age":43,"advanceVotesPercent":0.1,"lastname":"Ylimäki","occupation":"ATK-myyjä","advanceVotes":1,"npid":9,"totalVotes":5,"spid":4,"abbr":"SDP","municipalCouncilor":false,"muid":10,"alid":8,"firstname":"Petri","electionDayVotes":4,"pid":"1","finalPosition":0,"electedInformation":"NOT_ELECTED","totalVotesPercent":0.2,"nominatorName":{"fi":"Suomen Sosialidemokraattinen Puolue","sv":"Finlands Socialdemokratiska Parti","en":"The Finnish Social Democratic Party"},"caid":130,"position":0,"gender":"1","comparisonData":{"totalVotes":20,"votesTotalChange":-15},"edid":10,"comparativeIndex":0.0,"electionDayVotesPercent":0.6,"nominatorAbbr":{"fi":"SDP","sv":"SDP","en":"SDP"}},{"age":61,"advanceVotesPercent":0.3,"lastname":"Nivala","occupation":"Autoasentaja","advanceVotes":4,"npid":2,"totalVotes":4,"spid":3,"abbr":"PS","municipalCouncilor":false,"muid":10,"alid":1,"firstname":"Matti","electionDayVotes":0,"pid":"23","finalPosition":0,"electedInformation":"NOT_ELECTED","totalVotesPercent":0.2,"nominatorName":{"fi":"Perussuomalaiset","sv":"Sannfinländarna","en":"The Finns Party"},"caid":24,"position":0,"gender":"1","comparisonData":{"totalVotes":16,"votesTotalChange":-12},"edid":10,"comparativeIndex":0.0,"electionDayVotesPercent":0.0,"nominatorAbbr":{"fi":"PS","sv":"Sannf","en":"FINNS"}},{"age":36,"advanceVotesPercent":0.2,"lastname":"Mäkinen","occupation":"Yrittäjä, kotiäiti","advanceVotes":2,"npid":4,"totalVotes":4,"spid":2,"abbr":"KOK","municipalCouncilor":false,"muid":10,"alid":3,"firstname":"Jenni","electionDayVotes":2,"pid":"4","finalPosition":0,"electedInformation":"NOT_ELECTED","totalVotesPercent":0.2,"nominatorName":{"fi":"Kansallinen Kokoomus","sv":"Samlingspartiet","en":"National Coalition Party"},"caid":49,"position":0,"gender":"2","comparisonData":{"totalVotes":45,"votesTotalChange":-41},"edid":10,"comparativeIndex":0.0,"electionDayVotesPercent":0.3,"nominatorAbbr":{"fi":"KOK","sv":"Saml","en":"NCP"}},{"age":68,"advanceVotesPercent":0.2,"lastname":"Kallioniemi","occupation":"Eläkeläinen","advanceVotes":2,"npid":6,"totalVotes":4,"spid":1,"abbr":"KESK","municipalCouncilor":false,"muid":10,"alid":5,"firstname":"Eino","electionDayVotes":2,"pid":"2","finalPosition":0,"electedInformation":"NOT_ELECTED","totalVotesPercent":0.2,"nominatorName":{"fi":"Suomen Keskusta","sv":"Centern i Finland","en":"Centre Party of Finland"},"caid":68,"position":0,"gender":"1","comparisonData":{"totalVotes":0,"votesTotalChange":4},"edid":10,"comparativeIndex":0.0,"electionDayVotesPercent":0.3,"nominatorAbbr":{"fi":"KESK","sv":"C","en":"CENT"}},{"age":55,"advanceVotesPercent":0.3,"lastname":"Kallioniemi","occupation":"Maanviljelijä","advanceVotes":4,"npid":6,"totalVotes":4,"spid":1,"abbr":"KESK","municipalCouncilor":true,"muid":10,"alid":5,"firstname":"Tapio","electionDayVotes":0,"pid":"2","finalPosition":0,"electedInformation":"ELECTED","totalVotesPercent":0.2,"nominatorName":{"fi":"Suomen Keskusta","sv":"Centern i Finland","en":"Centre Party of Finland"},"caid":69,"position":0,"gender":"1","comparisonData":{"totalVotes":103,"votesTotalChange":-99},"edid":10,"comparativeIndex":0.0,"electionDayVotesPercent":0.0,"nominatorAbbr":{"fi":"KESK","sv":"C","en":"CENT"}},{"age":53,"advanceVotesPercent":0.3,"lastname":"Mastosalo","occupation":"Maanviljelijä, myyjä","advanceVotes":4,"npid":6,"totalVotes":4,"spid":1,"abbr":"KESK","municipalCouncilor":false,"muid":10,"alid":5,"firstname":"Kari","electionDayVotes":0,"pid":"2","finalPosition":0,"electedInformation":"NOT_ELECTED","totalVotesPercent":0.2,"nominatorName":{"fi":"Suomen Keskusta","sv":"Centern i Finland","en":"Centre Party of Finland"},"caid":80,"position":0,"gender":"1","comparisonData":{"totalVotes":27,"votesTotalChange":-23},"edid":10,"comparativeIndex":0.0,"electionDayVotesPercent":0.0,"nominatorAbbr":{"fi":"KESK","sv":"C","en":"CENT"}},{"age":62,"advanceVotesPercent":0.0,"lastname":"Viitamäki","occupation":"Laitoshuoltaja","advanceVotes":0,"npid":6,"totalVotes":4,"spid":1,"abbr":"KESK","municipalCouncilor":false,"muid":10,"alid":5,"firstname":"Irma-Liisa","electionDayVotes":4,"pid":"2","finalPosition":0,"electedInformation":"ON_SUBSTITUTE_PLACE","totalVotesPercent":0.2,"nominatorName":{"fi":"Suomen Keskusta","sv":"Centern i Finland","en":"Centre Party of Finland"},"caid":104,"position":0,"gender":"2","comparisonData":{"totalVotes":57,"votesTotalChange":-53},"edid":10,"comparativeIndex":0.0,"electionDayVotesPercent":0.6,"nominatorAbbr":{"fi":"KESK","sv":"C","en":"CENT"}},{"age":60,"advanceVotesPercent":0.2,"lastname":"Ylimäki","occupation":"Perushoitaja","advanceVotes":3,"npid":9,"totalVotes":4,"spid":4,"abbr":"SDP","municipalCouncilor":false,"muid":10,"alid":8,"firstname":"Tarja","electionDayVotes":1,"pid":"1","finalPosition":0,"electedInformation":"ELECTED","totalVotesPercent":0.2,"nominatorName":{"fi":"Suomen Sosialidemokraattinen Puolue","sv":"Finlands Socialdemokratiska Parti","en":"The Finnish Social Democratic Party"},"caid":131,"position":0,"gender":"2","comparisonData":{"totalVotes":55,"votesTotalChange":-51},"edid":10,"comparativeIndex":0.0,"electionDayVotesPercent":0.1,"nominatorAbbr":{"fi":"SDP","sv":"SDP","en":"SDP"}},{"age":36,"advanceVotesPercent":0.1,"lastname":"Vedenpää","occupation":"Kehitysvammaohjaaja","advanceVotes":1,"npid":2,"totalVotes":3,"spid":3,"abbr":"PS","municipalCouncilor":false,"muid":10,"alid":1,"firstname":"Tero","electionDayVotes":2,"pid":"23","finalPosition":0,"electedInformation":"NOT_ELECTED","totalVotesPercent":0.1,"nominatorName":{"fi":"Perussuomalaiset","sv":"Sannfinländarna","en":"The Finns Party"},"caid":30,"position":0,"gender":"1","comparisonData":{"totalVotes":0,"votesTotalChange":3},"edid":10,"comparativeIndex":0.0,"electionDayVotesPercent":0.3,"nominatorAbbr":{"fi":"PS","sv":"Sannf","en":"FINNS"}},{"age":35,"advanceVotesPercent":0.2,"lastname":"Rintamäki","occupation":"Sote-integraattori","advanceVotes":2,"npid":4,"totalVotes":3,"spid":2,"abbr":"KOK","municipalCouncilor":false,"muid":10,"alid":3,"firstname":"Outi","electionDayVotes":1,"pid":"4","finalPosition":0,"electedInformation":"NOT_ELECTED","totalVotesPercent":0.1,"nominatorName":{"fi":"Kansallinen Kokoomus","sv":"Samlingspartiet","en":"National Coalition Party"},"caid":53,"position":0,"gender":"2","comparisonData":{"totalVotes":0,"votesTotalChange":3},"edid":10,"comparativeIndex":0.0,"electionDayVotesPercent":0.1,"nominatorAbbr":{"fi":"KOK","sv":"Saml","en":"NCP"}},{"age":42,"advanceVotesPercent":0.2,"lastname":"Hautala","occupation":"Sosionomi (AMK)","advanceVotes":2,"npid":6,"totalVotes":3,"spid":1,"abbr":"KESK","municipalCouncilor":false,"muid":10,"alid":5,"firstname":"Piia","electionDayVotes":1,"pid":"2","finalPosition":0,"electedInformation":"NOT_ELECTED","totalVotesPercent":0.1,"nominatorName":{"fi":"Suomen Keskusta","sv":"Centern i Finland","en":"Centre Party of Finland"},"caid":64,"position":0,"gender":"2","comparisonData":{"totalVotes":17,"votesTotalChange":-14},"edid":10,"comparativeIndex":0.0,"electionDayVotesPercent":0.1,"nominatorAbbr":{"fi":"KESK","sv":"C","en":"CENT"}},{"age":40,"advanceVotesPercent":0.2,"lastname":"Kahre","occupation":"Myyjä","advanceVotes":2,"npid":6,"totalVotes":3,"spid":1,"abbr":"KESK","municipalCouncilor":false,"muid":10,"alid":5,"firstname":"Jyri","electionDayVotes":1,"pid":"2","finalPosition":0,"electedInformation":"NOT_ELECTED","totalVotesPercent":0.1,"nominatorName":{"fi":"Suomen Keskusta","sv":"Centern i Finland","en":"Centre Party of Finland"},"caid":67,"position":0,"gender":"1","comparisonData":{"totalVotes":18,"votesTotalChange":-15},"edid":10,"comparativeIndex":0.0,"electionDayVotesPercent":0.1,"nominatorAbbr":{"fi":"KESK","sv":"C","en":"CENT"}},{"age":60,"advanceVotesPercent":0.1,"lastname":"Kukkola","occupation":"Palveluvastaava, laboratoriohoitaja","advanceVotes":1,"npid":6,"totalVotes":3,"spid":1,"abbr":"KESK","municipalCouncilor":false,"muid":10,"alid":5,"firstname":"Irmeli","electionDayVotes":2,"pid":"2","finalPosition":0,"electedInformation":"ELECTED","totalVotesPercent":0.1,"nominatorName":{"fi":"Suomen Keskusta","sv":"Centern i Finland","en":"Centre Party of Finland"},"caid":74,"position":0,"gender":"2","comparisonData":{"totalVotes":66,"votesTotalChange":-63},"edid":10,"comparativeIndex":0.0,"electionDayVotesPercent":0.3,"nominatorAbbr":{"fi":"KESK","sv":"C","en":"CENT"}},{"age":46,"advanceVotesPercent":0.2,"lastname":"Catovic","occupation":"Kunnallistekniikan työntekijä","advanceVotes":2,"npid":9,"totalVotes":3,"spid":4,"abbr":"SDP","municipalCouncilor":false,"muid":10,"alid":8,"firstname":"Enis","electionDayVotes":1,"pid":"1","finalPosition":0,"electedInformation":"NOT_ELECTED","totalVotesPercent":0.1,"nominatorName":{"fi":"Suomen Sosialidemokraattinen Puolue","sv":"Finlands Socialdemokratiska Parti","en":"The Finnish Social Democratic Party"},"caid":112,"position":0,"gender":"1","comparisonData":{"totalVotes":0,"votesTotalChange":3},"edid":10,"comparativeIndex":0.0,"electionDayVotesPercent":0.1,"nominatorAbbr":{"fi":"SDP","sv":"SDP","en":"SDP"}},{"age":47,"advanceVotesPercent":0.2,"lastname":"Prinkkilä","occupation":"Optinen myyjä","advanceVotes":3,"npid":9,"totalVotes":3,"spid":4,"abbr":"SDP","municipalCouncilor":false,"muid":10,"alid":8,"firstname":"Tarja","electionDayVotes":0,"pid":"1","finalPosition":0,"electedInformation":"NOT_ELECTED","totalVotesPercent":0.1,"nominatorName":{"fi":"Suomen Sosialidemokraattinen Puolue","sv":"Finlands Socialdemokratiska Parti","en":"The Finnish Social Democratic Party"},"caid":125,"position":0,"gender":"2","comparisonData":{"totalVotes":27,"votesTotalChange":-24},"edid":10,"comparativeIndex":0.0,"electionDayVotesPercent":0.0,"nominatorAbbr":{"fi":"SDP","sv":"SDP","en":"SDP"}},{"age":51,"advanceVotesPercent":0.0,"lastname":"Tuominen","occupation":"Sihteeri","advanceVotes":0,"npid":1,"totalVotes":2,"spid":8,"abbr":"KD","municipalCouncilor":false,"muid":10,"alid":1,"firstname":"Marja-Liisa","electionDayVotes":2,"pid":"9","finalPosition":0,"electedInformation":"ON_SUBSTITUTE_PLACE","totalVotesPercent":0.1,"nominatorName":{"fi":"Suomen Kristillisdemokraatit (KD)","sv":"Kristdemokraterna i Finland (KD)","en":"Christian Democrats in Finland"},"caid":5,"position":0,"gender":"2","comparisonData":{"totalVotes":0,"votesTotalChange":2},"edid":10,"comparativeIndex":0.0,"electionDayVotesPercent":0.3,"nominatorAbbr":{"fi":"KD","sv":"KD","en":"CD"}},{"age":45,"advanceVotesPercent":0.0,"lastname":"Anttila","occupation":"Kokki, leipuri","advanceVotes":0,"npid":2,"totalVotes":2,"spid":3,"abbr":"PS","municipalCouncilor":false,"muid":10,"alid":1,"firstname":"Olli-Pekka","electionDayVotes":2,"pid":"23","finalPosition":0,"electedInformation":"NOT_ELECTED","totalVotesPercent":0.1,"nominatorName":{"fi":"Perussuomalaiset","sv":"Sannfinländarna","en":"The Finns Party"},"caid":7,"position":0,"gender":"1","comparisonData":{"totalVotes":0,"votesTotalChange":2},"edid":10,"comparativeIndex":0.0,"electionDayVotesPercent":0.3,"nominatorAbbr":{"fi":"PS","sv":"Sannf","en":"FINNS"}},{"age":70,"advanceVotesPercent":0.2,"lastname":"Luoto","occupation":"Eläkeläinen","advanceVotes":2,"npid":2,"totalVotes":2,"spid":3,"abbr":"PS","municipalCouncilor":false,"muid":10,"alid":1,"firstname":"Heli","electionDayVotes":0,"pid":"23","finalPosition":0,"electedInformation":"NOT_ELECTED","totalVotesPercent":0.1,"nominatorName":{"fi":"Perussuomalaiset","sv":"Sannfinländarna","en":"The Finns Party"},"caid":16,"position":0,"gender":"2","comparisonData":{"totalVotes":0,"votesTotalChange":2},"edid":10,"comparativeIndex":0.0,"electionDayVotesPercent":0.0,"nominatorAbbr":{"fi":"PS","sv":"Sannf","en":"FINNS"}},{"age":70,"advanceVotesPercent":0.2,"lastname":"Arte","occupation":"Muutosagentti, eläkeläinen","advanceVotes":2,"npid":4,"totalVotes":2,"spid":2,"abbr":"KOK","municipalCouncilor":false,"muid":10,"alid":3,"firstname":"Hannu","electionDayVotes":0,"pid":"4","finalPosition":0,"electedInformation":"NOT_ELECTED","totalVotesPercent":0.1,"nominatorName":{"fi":"Kansallinen Kokoomus","sv":"Samlingspartiet","en":"National Coalition Party"},"caid":37,"position":0,"gender":"1","comparisonData":{"totalVotes":0,"votesTotalChange":2},"edid":10,"comparativeIndex":0.0,"electionDayVotesPercent":0.0,"nominatorAbbr":{"fi":"KOK","sv":"Saml","en":"NCP"}},{"age":41,"advanceVotesPercent":0.2,"lastname":"Mäki-Lahna","occupation":"Maanviljelijä","advanceVotes":2,"npid":6,"totalVotes":2,"spid":1,"abbr":"KESK","municipalCouncilor":false,"muid":10,"alid":5,"firstname":"Jari","electionDayVotes":0,"pid":"2","finalPosition":0,"electedInformation":"NOT_ELECTED","totalVotesPercent":0.1,"nominatorName":{"fi":"Suomen Keskusta","sv":"Centern i Finland","en":"Centre Party of Finland"},"caid":81,"position":0,"gender":"1","comparisonData":{"totalVotes":0,"votesTotalChange":2},"edid":10,"comparativeIndex":0.0,"electionDayVotesPercent":0.0,"nominatorAbbr":{"fi":"KESK","sv":"C","en":"CENT"}},{"age":68,"advanceVotesPercent":0.1,"lastname":"Tupamäki","occupation":"Konsultti","advanceVotes":1,"npid":6,"totalVotes":2,"spid":1,"abbr":"KESK","municipalCouncilor":false,"muid":10,"alid":5,"firstname":"Aimo","electionDayVotes":1,"pid":"2","finalPosition":0,"electedInformation":"ON_SUBSTITUTE_PLACE","totalVotesPercent":0.1,"nominatorName":{"fi":"Suomen Keskusta","sv":"Centern i Finland","en":"Centre Party of Finland"},"caid":101,"position":0,"gender":"1","comparisonData":{"totalVotes":64,"votesTotalChange":-62},"edid":10,"comparativeIndex":0.0,"electionDayVotesPercent":0.1,"nominatorAbbr":{"fi":"KESK","sv":"C","en":"CENT"}},{"age":39,"advanceVotesPercent":0.2,"lastname":"Välimäki","occupation":"Musiikkiopiston opettaja, toimipisteen johtaja","advanceVotes":2,"npid":6,"totalVotes":2,"spid":1,"abbr":"KESK","municipalCouncilor":false,"muid":10,"alid":5,"firstname":"Jarkko","electionDayVotes":0,"pid":"2","finalPosition":0,"electedInformation":"NOT_ELECTED","totalVotesPercent":0.1,"nominatorName":{"fi":"Suomen Keskusta","sv":"Centern i Finland","en":"Centre Party of Finland"},"caid":105,"position":0,"gender":"1","comparisonData":{"totalVotes":11,"votesTotalChange":-9},"edid":10,"comparativeIndex":0.0,"electionDayVotesPercent":0.0,"nominatorAbbr":{"fi":"KESK","sv":"C","en":"CENT"}},{"age":70,"advanceVotesPercent":0.1,"lastname":"Luoto","occupation":"Eläkeläinen","advanceVotes":1,"npid":2,"totalVotes":1,"spid":3,"abbr":"PS","municipalCouncilor":false,"muid":10,"alid":1,"firstname":"Jorma","electionDayVotes":0,"pid":"23","finalPosition":0,"electedInformation":"NOT_ELECTED","totalVotesPercent":0.0,"nominatorName":{"fi":"Perussuomalaiset","sv":"Sannfinländarna","en":"The Finns Party"},"caid":17,"position":0,"gender":"1","comparisonData":{"totalVotes":0,"votesTotalChange":1},"edid":10,"comparativeIndex":0.0,"electionDayVotesPercent":0.0,"nominatorAbbr":{"fi":"PS","sv":"Sannf","en":"FINNS"}},{"age":53,"advanceVotesPercent":0.1,"lastname":"Maunus","occupation":"","advanceVotes":1,"npid":2,"totalVotes":1,"spid":3,"abbr":"PS","municipalCouncilor":false,"muid":10,"alid":1,"firstname":"Aila","electionDayVotes":0,"pid":"23","finalPosition":0,"electedInformation":"NOT_ELECTED","totalVotesPercent":0.0,"nominatorName":{"fi":"Perussuomalaiset","sv":"Sannfinländarna","en":"The Finns Party"},"caid":20,"position":0,"gender":"2","comparisonData":{"totalVotes":0,"votesTotalChange":1},"edid":10,"comparativeIndex":0.0,"electionDayVotesPercent":0.0,"nominatorAbbr":{"fi":"PS","sv":"Sannf","en":"FINNS"}},{"age":65,"advanceVotesPercent":0.1,"lastname":"Nummelin","occupation":"Eläkeläinen","advanceVotes":1,"npid":2,"totalVotes":1,"spid":3,"abbr":"PS","municipalCouncilor":false,"muid":10,"alid":1,"firstname":"Anne","electionDayVotes":0,"pid":"23","finalPosition":0,"electedInformation":"NOT_ELECTED","totalVotesPercent":0.0,"nominatorName":{"fi":"Perussuomalaiset","sv":"Sannfinländarna","en":"The Finns Party"},"caid":25,"position":0,"gender":"2","comparisonData":{"totalVotes":0,"votesTotalChange":1},"edid":10,"comparativeIndex":0.0,"electionDayVotesPercent":0.0,"nominatorAbbr":{"fi":"PS","sv":"Sannf","en":"FINNS"}},{"age":70,"advanceVotesPercent":0.1,"lastname":"Hautakangas","occupation":"Kehitysvammaohjaaja, linja-autonkuljettaja","advanceVotes":1,"npid":9,"totalVotes":1,"spid":4,"abbr":"SDP","municipalCouncilor":false,"muid":10,"alid":8,"firstname":"Eini","electionDayVotes":0,"pid":"1","finalPosition":0,"electedInformation":"NOT_ELECTED","totalVotesPercent":0.0,"nominatorName":{"fi":"Suomen Sosialidemokraattinen Puolue","sv":"Finlands Socialdemokratiska Parti","en":"The Finnish Social Democratic Party"},"caid":113,"position":0,"gender":"2","comparisonData":{"totalVotes":9,"votesTotalChange":-8},"edid":10,"comparativeIndex":0.0,"electionDayVotesPercent":0.0,"nominatorAbbr":{"fi":"SDP","sv":"SDP","en":"SDP"}},{"age":44,"advanceVotesPercent":0.1,"lastname":"Taipalus","occupation":"Kassatyöntekijä","advanceVotes":1,"npid":9,"totalVotes":1,"spid":4,"abbr":"SDP","municipalCouncilor":false,"muid":10,"alid":8,"firstname":"Satu","electionDayVotes":0,"pid":"1","finalPosition":0,"electedInformation":"NOT_ELECTED","totalVotesPercent":0.0,"nominatorName":{"fi":"Suomen Sosialidemokraattinen Puolue","sv":"Finlands Socialdemokratiska Parti","en":"The Finnish Social Democratic Party"},"caid":126,"position":0,"gender":"2","comparisonData":{"totalVotes":0,"votesTotalChange":1},"edid":10,"comparativeIndex":0.0,"electionDayVotesPercent":0.0,"nominatorAbbr":{"fi":"SDP","sv":"SDP","en":"SDP"}},{"age":53,"advanceVotesPercent":0.0,"lastname":"Ylinen","occupation":"Paistaja, pääluottamusmies","advanceVotes":0,"npid":9,"totalVotes":1,"spid":4,"abbr":"SDP","municipalCouncilor":false,"muid":10,"alid":8,"firstname":"Ari","electionDayVotes":1,"pid":"1","finalPosition":0,"electedInformation":"NOT_ELECTED","totalVotesPercent":0.0,"nominatorName":{"fi":"Suomen Sosialidemokraattinen Puolue","sv":"Finlands Socialdemokratiska Parti","en":"The Finnish Social Democratic Party"},"caid":132,"position":0,"gender":"1","comparisonData":{"totalVotes":0,"votesTotalChange":1},"edid":10,"comparativeIndex":0.0,"electionDayVotesPercent":0.1,"nominatorAbbr":{"fi":"SDP","sv":"SDP","en":"SDP"}},{"age":55,"advanceVotesPercent":0.0,"lastname":"Lampi","occupation":"Henkilökohtainen avustaja, toimittaja","advanceVotes":0,"npid":2,"totalVotes":0,"spid":3,"abbr":"PS","municipalCouncilor":false,"muid":10,"alid":1,"firstname":"Jari","electionDayVotes":0,"pid":"23","finalPosition":0,"electedInformation":"NOT_ELECTED","totalVotesPercent":0.0,"nominatorName":{"fi":"Perussuomalaiset","sv":"Sannfinländarna","en":"The Finns Party"},"caid":14,"position":0,"gender":"1","comparisonData":{"totalVotes":0,"votesTotalChange":0},"edid":10,"comparativeIndex":0.0,"electionDayVotesPercent":0.0,"nominatorAbbr":{"fi":"PS","sv":"Sannf","en":"FINNS"}},{"age":34,"advanceVotesPercent":0.0,"lastname":"Ala-Rasula","occupation":"Palveluvastaava, restonomi","advanceVotes":0,"npid":4,"totalVotes":0,"spid":2,"abbr":"KOK","municipalCouncilor":false,"muid":10,"alid":3,"firstname":"Heidi","electionDayVotes":0,"pid":"4","finalPosition":0,"electedInformation":"NOT_ELECTED","totalVotesPercent":0.0,"nominatorName":{"fi":"Kansallinen Kokoomus","sv":"Samlingspartiet","en":"National Coalition Party"},"caid":36,"position":0,"gender":"2","comparisonData":{"totalVotes":0,"votesTotalChange":0},"edid":10,"comparativeIndex":0.0,"electionDayVotesPercent":0.0,"nominatorAbbr":{"fi":"KOK","sv":"Saml","en":"NCP"}},{"age":53,"advanceVotesPercent":0.0,"lastname":"Haapanen","occupation":"Tradenomiopiskelija","advanceVotes":0,"npid":4,"totalVotes":0,"spid":2,"abbr":"KOK","municipalCouncilor":false,"muid":10,"alid":3,"firstname":"Marika","electionDayVotes":0,"pid":"4","finalPosition":0,"electedInformation":"NOT_ELECTED","totalVotesPercent":0.0,"nominatorName":{"fi":"Kansallinen Kokoomus","sv":"Samlingspartiet","en":"National Coalition Party"},"caid":38,"position":0,"gender":"2","comparisonData":{"totalVotes":10,"votesTotalChange":-10},"edid":10,"comparativeIndex":0.0,"electionDayVotesPercent":0.0,"nominatorAbbr":{"fi":"KOK","sv":"Saml","en":"NCP"}},{"age":64,"advanceVotesPercent":0.0,"lastname":"Pesonen","occupation":"Eläkeläinen","advanceVotes":0,"npid":9,"totalVotes":0,"spid":4,"abbr":"SDP","municipalCouncilor":false,"muid":10,"alid":8,"firstname":"Yrjö","electionDayVotes":0,"pid":"1","finalPosition":0,"electedInformation":"NOT_ELECTED","totalVotesPercent":0.0,"nominatorName":{"fi":"Suomen Sosialidemokraattinen Puolue","sv":"Finlands Socialdemokratiska Parti","en":"The Finnish Social Democratic Party"},"caid":124,"position":0,"gender":"1","comparisonData":{"totalVotes":0,"votesTotalChange":0},"edid":10,"comparativeIndex":0.0,"electionDayVotesPercent":0.0,"nominatorAbbr":{"fi":"SDP","sv":"SDP","en":"SDP"}}],"municipalityPollingDistricts":[{"name":{"fi":"Pohjoinen","sv":"Pohjoinen"},"calculationStatusPercent":100.0,"joinedArea":false,"muid":10,"totalVotingInFinlandTurnout":54.9,"identification":"001A","pdid":"001A","eligibleVotersInFinlandTotal":3708,"edid":10,"mergedToPdid":""},{"name":{"fi":"Eteläinen","sv":"Eteläinen"},"calculationStatusPercent":100.0,"joinedArea":false,"muid":10,"totalVotingInFinlandTurnout":62.5,"identification":"002B","pdid":"002B","eligibleVotersInFinlandTotal":3356,"edid":10,"mergedToPdid":""},{"name":{"fi":"Töysä","sv":"Töysä"},"calculationStatusPercent":100.0,"joinedArea":false,"muid":10,"totalVotingInFinlandTurnout":52.0,"identification":"003C","pdid":"003C","eligibleVotersInFinlandTotal":2326,"edid":10,"mergedToPdid":""}],"municipality":{"muid":10,"edid":10,"name":{"fi":"Alavus","sv":"Alavus"}}}