{"version":50,"created":"2017-04-09T20:57:39.789Z","electionDetails":{"electionId":"kv2017","electionDate":"2017-04-09T00:00:00.000Z","electionDataPublishTime":"2017-04-09T17:00:00.000Z","name":{"fi":"Kuntavaalit 2017","sv":"Kommunalval 2017","en":"Elections 2017"},"previousElections":{"correspondingCompareElection":{"electionId":"kv2012","electionDate":"2012-10-28T00:00:00.000Z","name":{"fi":"Kuntavaalit 2012","en":"Municipal elections 2012","sv":"Kommunalval 2012"}},"otherCompareElection":{"electionId":"ev2015","electionDate":"2015-04-19T00:00:00.000Z","name":{"fi":"Eduskuntavaalit 2015","en":"Parliamentary election 2015","sv":"Riksdagsval 2015"}}}},"calculationStatus":{"electionDayVotingTurnout":26.5,"invalidAdvanceVotes":13,"calculationPhase":"INITIAL","invalidElectionDayVotes":9,"approvedAdvanceVotes":1151,"advanceVotingTurnout":27.1,"totalVotingTurnoutAbroad":0.0,"name":{"fi":"Äänekoski","sv":"Äänekoski"},"calculationStatusPercent":100.0,"advanceVotes":1165,"electionDayVotingTurnoutAbroad":0.0,"approvedTotalVotes":2287,"totalVotes":2305,"muid":992,"totalVotingInFinlandTurnout":53.6,"advanceVotingTurnoutAbroad":0.0,"invalidTotalVotes":22,"totalVotingTurnout":53.6,"electionDayVotes":1140,"electionDayVotesInFinland":1140,"pdid":"001","totalVotesInFinlandMen":0,"eligibleVotersInFinlandTotal":4298,"calculationStatusPercentElectionDayVotes":100.0,"sourceRecordModificationTime":"20170409224301","otherCompareElection":{"eid":"","eligibleVotersInFinlandTotal":0,"advanceVotingInFinlandTurnout":0.0,"electionDayVotingInFinlandTurnout":0.0,"totalVotingInFinlandTurnout":0.0,"approvedVotesTotal":0,"invalidVotesTotal":0},"correspondingCompareElection":{"eid":"","eligibleVotersInFinlandTotal":0,"advanceVotingInFinlandTurnout":0.0,"electionDayVotingInFinlandTurnout":0.0,"totalVotingInFinlandTurnout":0.0,"approvedVotesTotal":0,"invalidVotesTotal":0,"seats":0},"approvedElectionDayVotes":1136,"edid":11,"calculationStatusPercentAdvanceVotes":100.0,"electionDayVotingInFinlandTurnout":26.5,"seats":0,"eligibleVotersTotal":4298,"advanceVotesInFinland":1165,"advanceVotingInFinlandTurnout":27.1,"totalVotesInFinland":2305},"partyResults":[{"advanceVotesPercent":28.1,"name":{"fi":"Suomen Sosialidemokraattinen Puolue","sv":"Finlands Socialdemokratiska Parti","en":"The Finnish Social Democratic Party"},"advanceVotes":324,"npid":1,"totalVotes":652,"spid":4,"abbr":{"fi":"SDP","sv":"SDP","en":"SDP"},"alid":1,"electionDayVotes":328,"pid":"1","totalVotesPercent":28.5,"nominatorName":{"fi":"Suomen Sosialidemokraattinen Puolue","sv":"Finlands Socialdemokratiska Parti","en":"The Finnish Social Democratic Party"},"compareData":{"otherCompareElection":{"votesTotalChange":0,"votesTotalPercentChange":0.0,"votesTotal":652,"votesTotalPercent":28.5},"correspondingCompareElection":{"votesTotalChange":0,"votesTotalPercentChange":0.0,"seatChange":0,"votesTotal":652,"votesTotalPercent":28.5,"seatsTotal":0}},"seats":0,"electionDayVotesPercent":28.9,"nominatorAbbr":{"fi":"SDP","sv":"SDP","en":"SDP"}},{"advanceVotesPercent":23.4,"name":{"fi":"Vasemmistoliitto","sv":"Vänsterförbundet","en":"The Left Alliance"},"advanceVotes":269,"npid":7,"totalVotes":486,"spid":6,"abbr":{"fi":"VAS","sv":"VF","en":"LEFT"},"alid":7,"electionDayVotes":217,"pid":"15","totalVotesPercent":21.3,"nominatorName":{"fi":"Vasemmistoliitto","sv":"Vänsterförbundet","en":"The Left Alliance"},"compareData":{"otherCompareElection":{"votesTotalChange":0,"votesTotalPercentChange":0.0,"votesTotal":486,"votesTotalPercent":21.3},"correspondingCompareElection":{"votesTotalChange":0,"votesTotalPercentChange":0.0,"seatChange":0,"votesTotal":486,"votesTotalPercent":21.3,"seatsTotal":0}},"seats":0,"electionDayVotesPercent":19.1,"nominatorAbbr":{"fi":"VAS","sv":"VF","en":"LEFT"}},{"advanceVotesPercent":13.0,"name":{"fi":"Suomen Keskusta","sv":"Centern i Finland","en":"Centre Party of Finland"},"advanceVotes":150,"npid":3,"totalVotes":298,"spid":1,"abbr":{"fi":"KESK","sv":"C","en":"CENT"},"alid":3,"electionDayVotes":148,"pid":"2","totalVotesPercent":13.0,"nominatorName":{"fi":"Suomen Keskusta","sv":"Centern i Finland","en":"Centre Party of Finland"},"compareData":{"otherCompareElection":{"votesTotalChange":0,"votesTotalPercentChange":0.0,"votesTotal":298,"votesTotalPercent":13.0},"correspondingCompareElection":{"votesTotalChange":0,"votesTotalPercentChange":0.0,"seatChange":0,"votesTotal":298,"votesTotalPercent":13.0,"seatsTotal":0}},"seats":0,"electionDayVotesPercent":13.0,"nominatorAbbr":{"fi":"KESK","sv":"C","en":"CENT"}},{"advanceVotesPercent":9.7,"name":{"fi":"Vihreä liitto","sv":"Gröna förbundet","en":"Green League"},"advanceVotes":112,"npid":5,"totalVotes":261,"spid":5,"abbr":{"fi":"VIHR","sv":"Gröna","en":"GREEN"},"alid":5,"electionDayVotes":149,"pid":"13","totalVotesPercent":11.4,"nominatorName":{"fi":"Vihreä liitto","sv":"Gröna förbundet","en":"Green League"},"compareData":{"otherCompareElection":{"votesTotalChange":0,"votesTotalPercentChange":0.0,"votesTotal":261,"votesTotalPercent":11.4},"correspondingCompareElection":{"votesTotalChange":0,"votesTotalPercentChange":0.0,"seatChange":0,"votesTotal":261,"votesTotalPercent":11.4,"seatsTotal":0}},"seats":0,"electionDayVotesPercent":13.1,"nominatorAbbr":{"fi":"VIHR","sv":"Gröna","en":"GREEN"}},{"advanceVotesPercent":11.6,"name":{"fi":"Kansallinen Kokoomus","sv":"Samlingspartiet","en":"National Coalition Party"},"advanceVotes":133,"npid":2,"totalVotes":246,"spid":2,"abbr":{"fi":"KOK","sv":"Saml","en":"NCP"},"alid":2,"electionDayVotes":113,"pid":"4","totalVotesPercent":10.8,"nominatorName":{"fi":"Kansallinen Kokoomus","sv":"Samlingspartiet","en":"National Coalition Party"},"compareData":{"otherCompareElection":{"votesTotalChange":0,"votesTotalPercentChange":0.0,"votesTotal":246,"votesTotalPercent":10.8},"correspondingCompareElection":{"votesTotalChange":0,"votesTotalPercentChange":0.0,"seatChange":0,"votesTotal":246,"votesTotalPercent":10.8,"seatsTotal":0}},"seats":0,"electionDayVotesPercent":9.9,"nominatorAbbr":{"fi":"KOK","sv":"Saml","en":"NCP"}},{"advanceVotesPercent":8.6,"name":{"fi":"Perussuomalaiset","sv":"Sannfinländarna","en":"The Finns Party"},"advanceVotes":99,"npid":4,"totalVotes":225,"spid":3,"abbr":{"fi":"PS","sv":"Sannf","en":"FINNS"},"alid":4,"electionDayVotes":126,"pid":"23","totalVotesPercent":9.8,"nominatorName":{"fi":"Perussuomalaiset","sv":"Sannfinländarna","en":"The Finns Party"},"compareData":{"otherCompareElection":{"votesTotalChange":0,"votesTotalPercentChange":0.0,"votesTotal":225,"votesTotalPercent":9.8},"correspondingCompareElection":{"votesTotalChange":0,"votesTotalPercentChange":0.0,"seatChange":0,"votesTotal":225,"votesTotalPercent":9.8,"seatsTotal":0}},"seats":0,"electionDayVotesPercent":11.1,"nominatorAbbr":{"fi":"PS","sv":"Sannf","en":"FINNS"}},{"advanceVotesPercent":5.6,"name":{"fi":"Suomen Kristillisdemokraatit (KD)","sv":"Kristdemokraterna i Finland (KD)","en":"Christian Democrats in Finland"},"advanceVotes":64,"npid":6,"totalVotes":119,"spid":8,"abbr":{"fi":"KD","sv":"KD","en":"CD"},"alid":6,"electionDayVotes":55,"pid":"9","totalVotesPercent":5.2,"nominatorName":{"fi":"Suomen Kristillisdemokraatit (KD)","sv":"Kristdemokraterna i Finland (KD)","en":"Christian Democrats in Finland"},"compareData":{"otherCompareElection":{"votesTotalChange":0,"votesTotalPercentChange":0.0,"votesTotal":119,"votesTotalPercent":5.2},"correspondingCompareElection":{"votesTotalChange":0,"votesTotalPercentChange":0.0,"seatChange":0,"votesTotal":119,"votesTotalPercent":5.2,"seatsTotal":0}},"seats":0,"electionDayVotesPercent":4.8,"nominatorAbbr":{"fi":"KD","sv":"KD","en":"CD"}}],"candidateResults":[{"age":45,"advanceVotesPercent":7.7,"lastname":"Kautto","occupation":"opiskelija, puutarhuri","advanceVotes":89,"npid":7,"totalVotes":181,"spid":6,"abbr":"VAS","municipalCouncilor":false,"muid":992,"alid":7,"firstname":"Juho","electionDayVotes":92,"pid":"15","finalPosition":0,"electedInformation":"ELECTED","totalVotesPercent":7.9,"nominatorName":{"fi":"Vasemmistoliitto","sv":"Vänsterförbundet","en":"The Left Alliance"},"caid":103,"position":0,"gender":"1","comparisonData":{"totalVotes":0,"votesTotalChange":181},"edid":11,"comparativeIndex":0.0,"electionDayVotesPercent":8.1,"nominatorAbbr":{"fi":"VAS","sv":"VF","en":"LEFT"}},{"age":69,"advanceVotesPercent":3.4,"lastname":"Nyholm","occupation":"asentaja","advanceVotes":39,"npid":1,"totalVotes":90,"spid":4,"abbr":"SDP","municipalCouncilor":true,"muid":992,"alid":1,"firstname":"Rolf","electionDayVotes":51,"pid":"1","finalPosition":0,"electedInformation":"ELECTED","totalVotesPercent":3.9,"nominatorName":{"fi":"Suomen Sosialidemokraattinen Puolue","sv":"Finlands Socialdemokratiska Parti","en":"The Finnish Social Democratic Party"},"caid":3,"position":0,"gender":"1","comparisonData":{"totalVotes":170,"votesTotalChange":-80},"edid":11,"comparativeIndex":0.0,"electionDayVotesPercent":4.5,"nominatorAbbr":{"fi":"SDP","sv":"SDP","en":"SDP"}},{"age":47,"advanceVotesPercent":2.8,"lastname":"Halttunen","occupation":"ylikonstaapeli","advanceVotes":32,"npid":4,"totalVotes":82,"spid":3,"abbr":"PS","municipalCouncilor":true,"muid":992,"alid":4,"firstname":"Jari","electionDayVotes":50,"pid":"23","finalPosition":0,"electedInformation":"ELECTED","totalVotesPercent":3.6,"nominatorName":{"fi":"Perussuomalaiset","sv":"Sannfinländarna","en":"The Finns Party"},"caid":71,"position":0,"gender":"1","comparisonData":{"totalVotes":313,"votesTotalChange":-231},"edid":11,"comparativeIndex":0.0,"electionDayVotesPercent":4.4,"nominatorAbbr":{"fi":"PS","sv":"Sannf","en":"FINNS"}},{"age":52,"advanceVotesPercent":2.8,"lastname":"Tani","occupation":"rehtori","advanceVotes":32,"npid":5,"totalVotes":76,"spid":5,"abbr":"VIHR","municipalCouncilor":true,"muid":992,"alid":5,"firstname":"Jaana","electionDayVotes":44,"pid":"13","finalPosition":0,"electedInformation":"ELECTED","totalVotesPercent":3.3,"nominatorName":{"fi":"Vihreä liitto","sv":"Gröna förbundet","en":"Green League"},"caid":87,"position":0,"gender":"2","comparisonData":{"totalVotes":145,"votesTotalChange":-69},"edid":11,"comparativeIndex":0.0,"electionDayVotesPercent":3.9,"nominatorAbbr":{"fi":"VIHR","sv":"Gröna","en":"GREEN"}},{"age":36,"advanceVotesPercent":2.3,"lastname":"Honka","occupation":"fil. yo, teatteri-ilmaisun ohjaaja","advanceVotes":27,"npid":5,"totalVotes":69,"spid":5,"abbr":"VIHR","municipalCouncilor":false,"muid":992,"alid":5,"firstname":"Pilvi","electionDayVotes":42,"pid":"13","finalPosition":0,"electedInformation":"ELECTED","totalVotesPercent":3.0,"nominatorName":{"fi":"Vihreä liitto","sv":"Gröna förbundet","en":"Green League"},"caid":84,"position":0,"gender":"2","comparisonData":{"totalVotes":0,"votesTotalChange":69},"edid":11,"comparativeIndex":0.0,"electionDayVotesPercent":3.7,"nominatorAbbr":{"fi":"VIHR","sv":"Gröna","en":"GREEN"}},{"age":42,"advanceVotesPercent":3.2,"lastname":"Pulli","occupation":"pääluottamusmies, käynninvarmistaja","advanceVotes":37,"npid":1,"totalVotes":68,"spid":4,"abbr":"SDP","municipalCouncilor":true,"muid":992,"alid":1,"firstname":"Timo","electionDayVotes":31,"pid":"1","finalPosition":0,"electedInformation":"ELECTED","totalVotesPercent":3.0,"nominatorName":{"fi":"Suomen Sosialidemokraattinen Puolue","sv":"Finlands Socialdemokratiska Parti","en":"The Finnish Social Democratic Party"},"caid":8,"position":0,"gender":"1","comparisonData":{"totalVotes":255,"votesTotalChange":-187},"edid":11,"comparativeIndex":0.0,"electionDayVotesPercent":2.7,"nominatorAbbr":{"fi":"SDP","sv":"SDP","en":"SDP"}},{"age":41,"advanceVotesPercent":2.5,"lastname":"Lunttila","occupation":"yrittäjä, maanviljelijä","advanceVotes":29,"npid":2,"totalVotes":59,"spid":2,"abbr":"KOK","municipalCouncilor":true,"muid":992,"alid":2,"firstname":"Tommi","electionDayVotes":30,"pid":"4","finalPosition":0,"electedInformation":"ELECTED","totalVotesPercent":2.6,"nominatorName":{"fi":"Kansallinen Kokoomus","sv":"Samlingspartiet","en":"National Coalition Party"},"caid":36,"position":0,"gender":"1","comparisonData":{"totalVotes":230,"votesTotalChange":-171},"edid":11,"comparativeIndex":0.0,"electionDayVotesPercent":2.6,"nominatorAbbr":{"fi":"KOK","sv":"Saml","en":"NCP"}},{"age":51,"advanceVotesPercent":2.9,"lastname":"Kiiskinen","occupation":"työsuojelupäällikkö","advanceVotes":33,"npid":1,"totalVotes":57,"spid":4,"abbr":"SDP","municipalCouncilor":true,"muid":992,"alid":1,"firstname":"Kari","electionDayVotes":24,"pid":"1","finalPosition":0,"electedInformation":"ELECTED","totalVotesPercent":2.5,"nominatorName":{"fi":"Suomen Sosialidemokraattinen Puolue","sv":"Finlands Socialdemokratiska Parti","en":"The Finnish Social Democratic Party"},"caid":24,"position":0,"gender":"1","comparisonData":{"totalVotes":328,"votesTotalChange":-271},"edid":11,"comparativeIndex":0.0,"electionDayVotesPercent":2.1,"nominatorAbbr":{"fi":"SDP","sv":"SDP","en":"SDP"}},{"age":59,"advanceVotesPercent":2.8,"lastname":"Lindell","occupation":"projektikoordinaattori, erikoislääkintävoimistelija","advanceVotes":32,"npid":3,"totalVotes":56,"spid":1,"abbr":"KESK","municipalCouncilor":true,"muid":992,"alid":3,"firstname":"Leila","electionDayVotes":24,"pid":"2","finalPosition":0,"electedInformation":"ELECTED","totalVotesPercent":2.4,"nominatorName":{"fi":"Suomen Keskusta","sv":"Centern i Finland","en":"Centre Party of Finland"},"caid":52,"position":0,"gender":"2","comparisonData":{"totalVotes":150,"votesTotalChange":-94},"edid":11,"comparativeIndex":0.0,"electionDayVotesPercent":2.1,"nominatorAbbr":{"fi":"KESK","sv":"C","en":"CENT"}},{"age":52,"advanceVotesPercent":1.9,"lastname":"Tuikka","occupation":"lehtori, biologi","advanceVotes":22,"npid":5,"totalVotes":55,"spid":5,"abbr":"VIHR","municipalCouncilor":false,"muid":992,"alid":5,"firstname":"Kimmo","electionDayVotes":33,"pid":"13","finalPosition":0,"electedInformation":"ELECTED","totalVotesPercent":2.4,"nominatorName":{"fi":"Vihreä liitto","sv":"Gröna förbundet","en":"Green League"},"caid":88,"position":0,"gender":"1","comparisonData":{"totalVotes":79,"votesTotalChange":-24},"edid":11,"comparativeIndex":0.0,"electionDayVotesPercent":2.9,"nominatorAbbr":{"fi":"VIHR","sv":"Gröna","en":"GREEN"}},{"age":53,"advanceVotesPercent":2.3,"lastname":"Pullinen","occupation":"parturi-kampaaja, yrittäjä","advanceVotes":27,"npid":2,"totalVotes":51,"spid":2,"abbr":"KOK","municipalCouncilor":false,"muid":992,"alid":2,"firstname":"Tarja","electionDayVotes":24,"pid":"4","finalPosition":0,"electedInformation":"ELECTED","totalVotesPercent":2.2,"nominatorName":{"fi":"Kansallinen Kokoomus","sv":"Samlingspartiet","en":"National Coalition Party"},"caid":38,"position":0,"gender":"2","comparisonData":{"totalVotes":48,"votesTotalChange":3},"edid":11,"comparativeIndex":0.0,"electionDayVotesPercent":2.1,"nominatorAbbr":{"fi":"KOK","sv":"Saml","en":"NCP"}},{"age":49,"advanceVotesPercent":2.2,"lastname":"Jämsén","occupation":"DI, projektipäällikkö","advanceVotes":25,"npid":2,"totalVotes":48,"spid":2,"abbr":"KOK","municipalCouncilor":true,"muid":992,"alid":2,"firstname":"Olli","electionDayVotes":23,"pid":"4","finalPosition":0,"electedInformation":"ELECTED","totalVotesPercent":2.1,"nominatorName":{"fi":"Kansallinen Kokoomus","sv":"Samlingspartiet","en":"National Coalition Party"},"caid":35,"position":0,"gender":"1","comparisonData":{"totalVotes":50,"votesTotalChange":-2},"edid":11,"comparativeIndex":0.0,"electionDayVotesPercent":2.0,"nominatorAbbr":{"fi":"KOK","sv":"Saml","en":"NCP"}},{"age":60,"advanceVotesPercent":1.8,"lastname":"Forsgrén","occupation":"perhehoitaja","advanceVotes":21,"npid":6,"totalVotes":42,"spid":8,"abbr":"KD","municipalCouncilor":false,"muid":992,"alid":6,"firstname":"Paula","electionDayVotes":21,"pid":"9","finalPosition":0,"electedInformation":"ELECTED","totalVotesPercent":1.8,"nominatorName":{"fi":"Suomen Kristillisdemokraatit (KD)","sv":"Kristdemokraterna i Finland (KD)","en":"Christian Democrats in Finland"},"caid":91,"position":0,"gender":"2","comparisonData":{"totalVotes":0,"votesTotalChange":42},"edid":11,"comparativeIndex":0.0,"electionDayVotesPercent":1.8,"nominatorAbbr":{"fi":"KD","sv":"KD","en":"CD"}},{"age":52,"advanceVotesPercent":2.0,"lastname":"Tuikka","occupation":"sosiaalityöntekijä, sijaisopettaja","advanceVotes":23,"npid":5,"totalVotes":41,"spid":5,"abbr":"VIHR","municipalCouncilor":true,"muid":992,"alid":5,"firstname":"Minna","electionDayVotes":18,"pid":"13","finalPosition":0,"electedInformation":"ON_SUBSTITUTE_PLACE","totalVotesPercent":1.8,"nominatorName":{"fi":"Vihreä liitto","sv":"Gröna förbundet","en":"Green League"},"caid":89,"position":0,"gender":"2","comparisonData":{"totalVotes":83,"votesTotalChange":-42},"edid":11,"comparativeIndex":0.0,"electionDayVotesPercent":1.6,"nominatorAbbr":{"fi":"VIHR","sv":"Gröna","en":"GREEN"}},{"age":42,"advanceVotesPercent":1.8,"lastname":"Vertainen","occupation":"lähihoitaja, pääluottamusmies","advanceVotes":21,"npid":1,"totalVotes":39,"spid":4,"abbr":"SDP","municipalCouncilor":false,"muid":992,"alid":1,"firstname":"Johanna","electionDayVotes":18,"pid":"1","finalPosition":0,"electedInformation":"ELECTED","totalVotesPercent":1.7,"nominatorName":{"fi":"Suomen Sosialidemokraattinen Puolue","sv":"Finlands Socialdemokratiska Parti","en":"The Finnish Social Democratic Party"},"caid":7,"position":0,"gender":"2","comparisonData":{"totalVotes":0,"votesTotalChange":39},"edid":11,"comparativeIndex":0.0,"electionDayVotesPercent":1.6,"nominatorAbbr":{"fi":"SDP","sv":"SDP","en":"SDP"}},{"age":53,"advanceVotesPercent":1.9,"lastname":"Kumpulainen","occupation":"vastaava vahtimestari","advanceVotes":22,"npid":1,"totalVotes":37,"spid":4,"abbr":"SDP","municipalCouncilor":true,"muid":992,"alid":1,"firstname":"Kari","electionDayVotes":15,"pid":"1","finalPosition":0,"electedInformation":"ELECTED","totalVotesPercent":1.6,"nominatorName":{"fi":"Suomen Sosialidemokraattinen Puolue","sv":"Finlands Socialdemokratiska Parti","en":"The Finnish Social Democratic Party"},"caid":23,"position":0,"gender":"1","comparisonData":{"totalVotes":141,"votesTotalChange":-104},"edid":11,"comparativeIndex":0.0,"electionDayVotesPercent":1.3,"nominatorAbbr":{"fi":"SDP","sv":"SDP","en":"SDP"}},{"age":63,"advanceVotesPercent":1.9,"lastname":"Nurmi","occupation":"tekninen avustaja, eläkeläinen","advanceVotes":22,"npid":7,"totalVotes":36,"spid":6,"abbr":"VAS","municipalCouncilor":false,"muid":992,"alid":7,"firstname":"Eila","electionDayVotes":14,"pid":"15","finalPosition":0,"electedInformation":"ELECTED","totalVotesPercent":1.6,"nominatorName":{"fi":"Vasemmistoliitto","sv":"Vänsterförbundet","en":"The Left Alliance"},"caid":113,"position":0,"gender":"2","comparisonData":{"totalVotes":53,"votesTotalChange":-17},"edid":11,"comparativeIndex":0.0,"electionDayVotesPercent":1.2,"nominatorAbbr":{"fi":"VAS","sv":"VF","en":"LEFT"}},{"age":69,"advanceVotesPercent":1.6,"lastname":"Tuominen","occupation":"kaupunginvaltuutettu, sosiaalialan ohjaaja","advanceVotes":18,"npid":4,"totalVotes":35,"spid":3,"abbr":"PS","municipalCouncilor":true,"muid":992,"alid":4,"firstname":"Marke","electionDayVotes":17,"pid":"23","finalPosition":0,"electedInformation":"ELECTED","totalVotesPercent":1.5,"nominatorName":{"fi":"Perussuomalaiset","sv":"Sannfinländarna","en":"The Finns Party"},"caid":83,"position":0,"gender":"2","comparisonData":{"totalVotes":572,"votesTotalChange":-537},"edid":11,"comparativeIndex":0.0,"electionDayVotesPercent":1.5,"nominatorAbbr":{"fi":"PS","sv":"Sannf","en":"FINNS"}},{"age":40,"advanceVotesPercent":1.9,"lastname":"Flink-Liimatainen","occupation":"projektipäällikkö, TtM","advanceVotes":22,"npid":6,"totalVotes":35,"spid":8,"abbr":"KD","municipalCouncilor":true,"muid":992,"alid":6,"firstname":"Piia","electionDayVotes":13,"pid":"9","finalPosition":0,"electedInformation":"ELECTED","totalVotesPercent":1.5,"nominatorName":{"fi":"Suomen Kristillisdemokraatit (KD)","sv":"Kristdemokraterna i Finland (KD)","en":"Christian Democrats in Finland"},"caid":90,"position":0,"gender":"2","comparisonData":{"totalVotes":234,"votesTotalChange":-199},"edid":11,"comparativeIndex":0.0,"electionDayVotesPercent":1.1,"nominatorAbbr":{"fi":"KD","sv":"KD","en":"CD"}},{"age":50,"advanceVotesPercent":1.8,"lastname":"Martins","occupation":"työnohjaaja","advanceVotes":21,"npid":7,"totalVotes":33,"spid":6,"abbr":"VAS","municipalCouncilor":true,"muid":992,"alid":7,"firstname":"Sirpa","electionDayVotes":12,"pid":"15","finalPosition":0,"electedInformation":"ELECTED","totalVotesPercent":1.4,"nominatorName":{"fi":"Vasemmistoliitto","sv":"Vänsterförbundet","en":"The Left Alliance"},"caid":108,"position":0,"gender":"2","comparisonData":{"totalVotes":296,"votesTotalChange":-263},"edid":11,"comparativeIndex":0.0,"electionDayVotesPercent":1.1,"nominatorAbbr":{"fi":"VAS","sv":"VF","en":"LEFT"}},{"age":73,"advanceVotesPercent":1.7,"lastname":"Hakonen","occupation":"eläkeläinen, tekninen suunnittelija","advanceVotes":20,"npid":1,"totalVotes":32,"spid":4,"abbr":"SDP","municipalCouncilor":true,"muid":992,"alid":1,"firstname":"Eero","electionDayVotes":12,"pid":"1","finalPosition":0,"electedInformation":"ON_SUBSTITUTE_PLACE","totalVotesPercent":1.4,"nominatorName":{"fi":"Suomen Sosialidemokraattinen Puolue","sv":"Finlands Socialdemokratiska Parti","en":"The Finnish Social Democratic Party"},"caid":28,"position":0,"gender":"1","comparisonData":{"totalVotes":67,"votesTotalChange":-35},"edid":11,"comparativeIndex":0.0,"electionDayVotesPercent":1.1,"nominatorAbbr":{"fi":"SDP","sv":"SDP","en":"SDP"}},{"age":54,"advanceVotesPercent":1.1,"lastname":"Ruotsalainen","occupation":"käynninvarmistaja","advanceVotes":13,"npid":1,"totalVotes":31,"spid":4,"abbr":"SDP","municipalCouncilor":false,"muid":992,"alid":1,"firstname":"Seppo","electionDayVotes":18,"pid":"1","finalPosition":0,"electedInformation":"ELECTED","totalVotesPercent":1.4,"nominatorName":{"fi":"Suomen Sosialidemokraattinen Puolue","sv":"Finlands Socialdemokratiska Parti","en":"The Finnish Social Democratic Party"},"caid":14,"position":0,"gender":"1","comparisonData":{"totalVotes":56,"votesTotalChange":-25},"edid":11,"comparativeIndex":0.0,"electionDayVotesPercent":1.6,"nominatorAbbr":{"fi":"SDP","sv":"SDP","en":"SDP"}},{"age":61,"advanceVotesPercent":1.4,"lastname":"Tiusanen","occupation":"maaseutuyrittäjä","advanceVotes":16,"npid":3,"totalVotes":31,"spid":1,"abbr":"KESK","municipalCouncilor":true,"muid":992,"alid":3,"firstname":"Matti","electionDayVotes":15,"pid":"2","finalPosition":0,"electedInformation":"ELECTED","totalVotesPercent":1.4,"nominatorName":{"fi":"Suomen Keskusta","sv":"Centern i Finland","en":"Centre Party of Finland"},"caid":67,"position":0,"gender":"1","comparisonData":{"totalVotes":184,"votesTotalChange":-153},"edid":11,"comparativeIndex":0.0,"electionDayVotesPercent":1.3,"nominatorAbbr":{"fi":"KESK","sv":"C","en":"CENT"}},{"age":48,"advanceVotesPercent":0.9,"lastname":"Närhi","occupation":"järjestötyöntekijä","advanceVotes":10,"npid":1,"totalVotes":30,"spid":4,"abbr":"SDP","municipalCouncilor":true,"muid":992,"alid":1,"firstname":"Merja","electionDayVotes":20,"pid":"1","finalPosition":0,"electedInformation":"ON_SUBSTITUTE_PLACE","totalVotesPercent":1.3,"nominatorName":{"fi":"Suomen Sosialidemokraattinen Puolue","sv":"Finlands Socialdemokratiska Parti","en":"The Finnish Social Democratic Party"},"caid":12,"position":0,"gender":"2","comparisonData":{"totalVotes":80,"votesTotalChange":-50},"edid":11,"comparativeIndex":0.0,"electionDayVotesPercent":1.8,"nominatorAbbr":{"fi":"SDP","sv":"SDP","en":"SDP"}},{"age":42,"advanceVotesPercent":1.1,"lastname":"Pentinpuro","occupation":"luokanopettaja, erityisopettaja","advanceVotes":13,"npid":3,"totalVotes":30,"spid":1,"abbr":"KESK","municipalCouncilor":false,"muid":992,"alid":3,"firstname":"Anna-Riitta","electionDayVotes":17,"pid":"2","finalPosition":0,"electedInformation":"ELECTED","totalVotesPercent":1.3,"nominatorName":{"fi":"Suomen Keskusta","sv":"Centern i Finland","en":"Centre Party of Finland"},"caid":60,"position":0,"gender":"2","comparisonData":{"totalVotes":74,"votesTotalChange":-44},"edid":11,"comparativeIndex":0.0,"electionDayVotesPercent":1.5,"nominatorAbbr":{"fi":"KESK","sv":"C","en":"CENT"}},{"age":73,"advanceVotesPercent":1.2,"lastname":"Salminen","occupation":"liikunnanopettaja","advanceVotes":14,"npid":1,"totalVotes":28,"spid":4,"abbr":"SDP","municipalCouncilor":true,"muid":992,"alid":1,"firstname":"Pentti","electionDayVotes":14,"pid":"1","finalPosition":0,"electedInformation":"ELECTED","totalVotesPercent":1.2,"nominatorName":{"fi":"Suomen Sosialidemokraattinen Puolue","sv":"Finlands Socialdemokratiska Parti","en":"The Finnish Social Democratic Party"},"caid":29,"position":0,"gender":"1","comparisonData":{"totalVotes":100,"votesTotalChange":-72},"edid":11,"comparativeIndex":0.0,"electionDayVotesPercent":1.2,"nominatorAbbr":{"fi":"SDP","sv":"SDP","en":"SDP"}},{"age":60,"advanceVotesPercent":1.2,"lastname":"Penttinen","occupation":"työsuojeluvaltuutettu, liikunnan ja terveystiedon lehtori","advanceVotes":14,"npid":1,"totalVotes":27,"spid":4,"abbr":"SDP","municipalCouncilor":true,"muid":992,"alid":1,"firstname":"Hannu","electionDayVotes":13,"pid":"1","finalPosition":0,"electedInformation":"ELECTED","totalVotesPercent":1.2,"nominatorName":{"fi":"Suomen Sosialidemokraattinen Puolue","sv":"Finlands Socialdemokratiska Parti","en":"The Finnish Social Democratic Party"},"caid":6,"position":0,"gender":"1","comparisonData":{"totalVotes":83,"votesTotalChange":-56},"edid":11,"comparativeIndex":0.0,"electionDayVotesPercent":1.1,"nominatorAbbr":{"fi":"SDP","sv":"SDP","en":"SDP"}},{"age":46,"advanceVotesPercent":1.6,"lastname":"Ouli","occupation":"järjestelmäasiantuntija","advanceVotes":18,"npid":1,"totalVotes":27,"spid":4,"abbr":"SDP","municipalCouncilor":false,"muid":992,"alid":1,"firstname":"Pekka","electionDayVotes":9,"pid":"1","finalPosition":0,"electedInformation":"ELECTED","totalVotesPercent":1.2,"nominatorName":{"fi":"Suomen Sosialidemokraattinen Puolue","sv":"Finlands Socialdemokratiska Parti","en":"The Finnish Social Democratic Party"},"caid":31,"position":0,"gender":"1","comparisonData":{"totalVotes":0,"votesTotalChange":27},"edid":11,"comparativeIndex":0.0,"electionDayVotesPercent":0.8,"nominatorAbbr":{"fi":"SDP","sv":"SDP","en":"SDP"}},{"age":31,"advanceVotesPercent":1.3,"lastname":"Happo","occupation":"lastenohjaaja, äiti","advanceVotes":15,"npid":7,"totalVotes":27,"spid":6,"abbr":"VAS","municipalCouncilor":false,"muid":992,"alid":7,"firstname":"Riikka","electionDayVotes":12,"pid":"15","finalPosition":0,"electedInformation":"ELECTED","totalVotesPercent":1.2,"nominatorName":{"fi":"Vasemmistoliitto","sv":"Vänsterförbundet","en":"The Left Alliance"},"caid":99,"position":0,"gender":"2","comparisonData":{"totalVotes":0,"votesTotalChange":27},"edid":11,"comparativeIndex":0.0,"electionDayVotesPercent":1.1,"nominatorAbbr":{"fi":"VAS","sv":"VF","en":"LEFT"}},{"age":23,"advanceVotesPercent":0.9,"lastname":"Tulla","occupation":"opiskelija","advanceVotes":10,"npid":2,"totalVotes":26,"spid":2,"abbr":"KOK","municipalCouncilor":false,"muid":992,"alid":2,"firstname":"Riku","electionDayVotes":16,"pid":"4","finalPosition":0,"electedInformation":"ON_SUBSTITUTE_PLACE","totalVotesPercent":1.1,"nominatorName":{"fi":"Kansallinen Kokoomus","sv":"Samlingspartiet","en":"National Coalition Party"},"caid":41,"position":0,"gender":"1","comparisonData":{"totalVotes":31,"votesTotalChange":-5},"edid":11,"comparativeIndex":0.0,"electionDayVotesPercent":1.4,"nominatorAbbr":{"fi":"KOK","sv":"Saml","en":"NCP"}},{"age":38,"advanceVotesPercent":1.2,"lastname":"Turunen","occupation":"markkinointimerkonomi, parturi-kampaaja","advanceVotes":14,"npid":7,"totalVotes":26,"spid":6,"abbr":"VAS","municipalCouncilor":false,"muid":992,"alid":7,"firstname":"Tiia","electionDayVotes":12,"pid":"15","finalPosition":0,"electedInformation":"ELECTED","totalVotesPercent":1.1,"nominatorName":{"fi":"Vasemmistoliitto","sv":"Vänsterförbundet","en":"The Left Alliance"},"caid":123,"position":0,"gender":"2","comparisonData":{"totalVotes":0,"votesTotalChange":26},"edid":11,"comparativeIndex":0.0,"electionDayVotesPercent":1.1,"nominatorAbbr":{"fi":"VAS","sv":"VF","en":"LEFT"}},{"age":63,"advanceVotesPercent":1.5,"lastname":"Nyrönen","occupation":"vanhustyöntekijä, eläkeläinen","advanceVotes":17,"npid":1,"totalVotes":25,"spid":4,"abbr":"SDP","municipalCouncilor":false,"muid":992,"alid":1,"firstname":"Riitta","electionDayVotes":8,"pid":"1","finalPosition":0,"electedInformation":"ON_SUBSTITUTE_PLACE","totalVotesPercent":1.1,"nominatorName":{"fi":"Suomen Sosialidemokraattinen Puolue","sv":"Finlands Socialdemokratiska Parti","en":"The Finnish Social Democratic Party"},"caid":22,"position":0,"gender":"2","comparisonData":{"totalVotes":61,"votesTotalChange":-36},"edid":11,"comparativeIndex":0.0,"electionDayVotesPercent":0.7,"nominatorAbbr":{"fi":"SDP","sv":"SDP","en":"SDP"}},{"age":52,"advanceVotesPercent":1.0,"lastname":"Liimatainen","occupation":"erityisryhmien liikunnanohjaaja","advanceVotes":12,"npid":1,"totalVotes":25,"spid":4,"abbr":"SDP","municipalCouncilor":false,"muid":992,"alid":1,"firstname":"Tiina","electionDayVotes":13,"pid":"1","finalPosition":0,"electedInformation":"ELECTED","totalVotesPercent":1.1,"nominatorName":{"fi":"Suomen Sosialidemokraattinen Puolue","sv":"Finlands Socialdemokratiska Parti","en":"The Finnish Social Democratic Party"},"caid":27,"position":0,"gender":"2","comparisonData":{"totalVotes":0,"votesTotalChange":25},"edid":11,"comparativeIndex":0.0,"electionDayVotesPercent":1.1,"nominatorAbbr":{"fi":"SDP","sv":"SDP","en":"SDP"}},{"age":73,"advanceVotesPercent":1.7,"lastname":"Kumpu","occupation":"kunnallisneuvos","advanceVotes":20,"npid":3,"totalVotes":25,"spid":1,"abbr":"KESK","municipalCouncilor":true,"muid":992,"alid":3,"firstname":"Risto","electionDayVotes":5,"pid":"2","finalPosition":0,"electedInformation":"ELECTED","totalVotesPercent":1.1,"nominatorName":{"fi":"Suomen Keskusta","sv":"Centern i Finland","en":"Centre Party of Finland"},"caid":49,"position":0,"gender":"1","comparisonData":{"totalVotes":96,"votesTotalChange":-71},"edid":11,"comparativeIndex":0.0,"electionDayVotesPercent":0.4,"nominatorAbbr":{"fi":"KESK","sv":"C","en":"CENT"}},{"age":58,"advanceVotesPercent":1.0,"lastname":"Lax","occupation":"liikuntapaikkojenhoitaja","advanceVotes":12,"npid":4,"totalVotes":25,"spid":3,"abbr":"PS","municipalCouncilor":true,"muid":992,"alid":4,"firstname":"Lauri","electionDayVotes":13,"pid":"23","finalPosition":0,"electedInformation":"ELECTED","totalVotesPercent":1.1,"nominatorName":{"fi":"Perussuomalaiset","sv":"Sannfinländarna","en":"The Finns Party"},"caid":81,"position":0,"gender":"1","comparisonData":{"totalVotes":68,"votesTotalChange":-43},"edid":11,"comparativeIndex":0.0,"electionDayVotesPercent":1.1,"nominatorAbbr":{"fi":"PS","sv":"Sannf","en":"FINNS"}},{"age":59,"advanceVotesPercent":1.8,"lastname":"Parkatti","occupation":"kiinteistönhoitaja","advanceVotes":21,"npid":7,"totalVotes":25,"spid":6,"abbr":"VAS","municipalCouncilor":false,"muid":992,"alid":7,"firstname":"Kari","electionDayVotes":4,"pid":"15","finalPosition":0,"electedInformation":"ON_SUBSTITUTE_PLACE","totalVotesPercent":1.1,"nominatorName":{"fi":"Vasemmistoliitto","sv":"Vänsterförbundet","en":"The Left Alliance"},"caid":116,"position":0,"gender":"1","comparisonData":{"totalVotes":0,"votesTotalChange":25},"edid":11,"comparativeIndex":0.0,"electionDayVotesPercent":0.4,"nominatorAbbr":{"fi":"VAS","sv":"VF","en":"LEFT"}},{"age":38,"advanceVotesPercent":1.2,"lastname":"Tamminen","occupation":"käynnissäpitäjä","advanceVotes":14,"npid":1,"totalVotes":24,"spid":4,"abbr":"SDP","municipalCouncilor":false,"muid":992,"alid":1,"firstname":"Paavo","electionDayVotes":10,"pid":"1","finalPosition":0,"electedInformation":"ELECTED","totalVotesPercent":1.0,"nominatorName":{"fi":"Suomen Sosialidemokraattinen Puolue","sv":"Finlands Socialdemokratiska Parti","en":"The Finnish Social Democratic Party"},"caid":17,"position":0,"gender":"1","comparisonData":{"totalVotes":0,"votesTotalChange":24},"edid":11,"comparativeIndex":0.0,"electionDayVotesPercent":0.9,"nominatorAbbr":{"fi":"SDP","sv":"SDP","en":"SDP"}},{"age":37,"advanceVotesPercent":0.8,"lastname":"Vesalainen","occupation":"lähihoitaja, pastori","advanceVotes":9,"npid":6,"totalVotes":23,"spid":8,"abbr":"KD","municipalCouncilor":false,"muid":992,"alid":6,"firstname":"Mika","electionDayVotes":14,"pid":"9","finalPosition":0,"electedInformation":"ON_SUBSTITUTE_PLACE","totalVotesPercent":1.0,"nominatorName":{"fi":"Suomen Kristillisdemokraatit (KD)","sv":"Kristdemokraterna i Finland (KD)","en":"Christian Democrats in Finland"},"caid":96,"position":0,"gender":"1","comparisonData":{"totalVotes":0,"votesTotalChange":23},"edid":11,"comparativeIndex":0.0,"electionDayVotesPercent":1.2,"nominatorAbbr":{"fi":"KD","sv":"KD","en":"CD"}},{"age":57,"advanceVotesPercent":1.1,"lastname":"Rautiainen","occupation":"käytöntarkkailija","advanceVotes":13,"npid":7,"totalVotes":23,"spid":6,"abbr":"VAS","municipalCouncilor":true,"muid":992,"alid":7,"firstname":"Sinikka","electionDayVotes":10,"pid":"15","finalPosition":0,"electedInformation":"ELECTED","totalVotesPercent":1.0,"nominatorName":{"fi":"Vasemmistoliitto","sv":"Vänsterförbundet","en":"The Left Alliance"},"caid":120,"position":0,"gender":"2","comparisonData":{"totalVotes":66,"votesTotalChange":-43},"edid":11,"comparativeIndex":0.0,"electionDayVotesPercent":0.9,"nominatorAbbr":{"fi":"VAS","sv":"VF","en":"LEFT"}},{"age":42,"advanceVotesPercent":0.8,"lastname":"Korhonen","occupation":"järjestäjä","advanceVotes":9,"npid":1,"totalVotes":22,"spid":4,"abbr":"SDP","municipalCouncilor":true,"muid":992,"alid":1,"firstname":"Jani","electionDayVotes":13,"pid":"1","finalPosition":0,"electedInformation":"ON_SUBSTITUTE_PLACE","totalVotesPercent":1.0,"nominatorName":{"fi":"Suomen Sosialidemokraattinen Puolue","sv":"Finlands Socialdemokratiska Parti","en":"The Finnish Social Democratic Party"},"caid":11,"position":0,"gender":"1","comparisonData":{"totalVotes":84,"votesTotalChange":-62},"edid":11,"comparativeIndex":0.0,"electionDayVotesPercent":1.1,"nominatorAbbr":{"fi":"SDP","sv":"SDP","en":"SDP"}},{"age":65,"advanceVotesPercent":1.1,"lastname":"Piilonen","occupation":"prosessinhoitaja, eläkeläinen","advanceVotes":13,"npid":3,"totalVotes":22,"spid":1,"abbr":"KESK","municipalCouncilor":true,"muid":992,"alid":3,"firstname":"Pentti","electionDayVotes":9,"pid":"2","finalPosition":0,"electedInformation":"ELECTED","totalVotesPercent":1.0,"nominatorName":{"fi":"Suomen Keskusta","sv":"Centern i Finland","en":"Centre Party of Finland"},"caid":62,"position":0,"gender":"1","comparisonData":{"totalVotes":112,"votesTotalChange":-90},"edid":11,"comparativeIndex":0.0,"electionDayVotesPercent":0.8,"nominatorAbbr":{"fi":"KESK","sv":"C","en":"CENT"}},{"age":50,"advanceVotesPercent":0.9,"lastname":"Monteiro Flores","occupation":"koulunkäynninohjaaja","advanceVotes":10,"npid":7,"totalVotes":19,"spid":6,"abbr":"VAS","municipalCouncilor":true,"muid":992,"alid":7,"firstname":"Ilidio","electionDayVotes":9,"pid":"15","finalPosition":0,"electedInformation":"ELECTED","totalVotesPercent":0.8,"nominatorName":{"fi":"Vasemmistoliitto","sv":"Vänsterförbundet","en":"The Left Alliance"},"caid":110,"position":0,"gender":"1","comparisonData":{"totalVotes":68,"votesTotalChange":-49},"edid":11,"comparativeIndex":0.0,"electionDayVotesPercent":0.8,"nominatorAbbr":{"fi":"VAS","sv":"VF","en":"LEFT"}},{"age":46,"advanceVotesPercent":0.7,"lastname":"Laitinen","occupation":"käynnissäpitäjä","advanceVotes":8,"npid":4,"totalVotes":18,"spid":3,"abbr":"PS","municipalCouncilor":true,"muid":992,"alid":4,"firstname":"Marko","electionDayVotes":10,"pid":"23","finalPosition":0,"electedInformation":"ELECTED","totalVotesPercent":0.8,"nominatorName":{"fi":"Perussuomalaiset","sv":"Sannfinländarna","en":"The Finns Party"},"caid":80,"position":0,"gender":"1","comparisonData":{"totalVotes":61,"votesTotalChange":-43},"edid":11,"comparativeIndex":0.0,"electionDayVotesPercent":0.9,"nominatorAbbr":{"fi":"PS","sv":"Sannf","en":"FINNS"}},{"age":66,"advanceVotesPercent":1.0,"lastname":"Kautto","occupation":"kirvesmies, eläkeläinen","advanceVotes":11,"npid":7,"totalVotes":18,"spid":6,"abbr":"VAS","municipalCouncilor":false,"muid":992,"alid":7,"firstname":"Erkki","electionDayVotes":7,"pid":"15","finalPosition":0,"electedInformation":"ELECTED","totalVotesPercent":0.8,"nominatorName":{"fi":"Vasemmistoliitto","sv":"Vänsterförbundet","en":"The Left Alliance"},"caid":102,"position":0,"gender":"1","comparisonData":{"totalVotes":0,"votesTotalChange":18},"edid":11,"comparativeIndex":0.0,"electionDayVotesPercent":0.6,"nominatorAbbr":{"fi":"VAS","sv":"VF","en":"LEFT"}},{"age":44,"advanceVotesPercent":0.8,"lastname":"Somiska","occupation":"yrittäjä","advanceVotes":9,"npid":2,"totalVotes":17,"spid":2,"abbr":"KOK","municipalCouncilor":false,"muid":992,"alid":2,"firstname":"Mikko","electionDayVotes":8,"pid":"4","finalPosition":0,"electedInformation":"ON_SUBSTITUTE_PLACE","totalVotesPercent":0.7,"nominatorName":{"fi":"Kansallinen Kokoomus","sv":"Samlingspartiet","en":"National Coalition Party"},"caid":40,"position":0,"gender":"1","comparisonData":{"totalVotes":0,"votesTotalChange":17},"edid":11,"comparativeIndex":0.0,"electionDayVotesPercent":0.7,"nominatorAbbr":{"fi":"KOK","sv":"Saml","en":"NCP"}},{"age":69,"advanceVotesPercent":0.3,"lastname":"Lehtonen","occupation":"eläkeläinen","advanceVotes":4,"npid":1,"totalVotes":16,"spid":4,"abbr":"SDP","municipalCouncilor":false,"muid":992,"alid":1,"firstname":"Tuula","electionDayVotes":12,"pid":"1","finalPosition":0,"electedInformation":"ON_SUBSTITUTE_PLACE","totalVotesPercent":0.7,"nominatorName":{"fi":"Suomen Sosialidemokraattinen Puolue","sv":"Finlands Socialdemokratiska Parti","en":"The Finnish Social Democratic Party"},"caid":18,"position":0,"gender":"2","comparisonData":{"totalVotes":29,"votesTotalChange":-13},"edid":11,"comparativeIndex":0.0,"electionDayVotesPercent":1.1,"nominatorAbbr":{"fi":"SDP","sv":"SDP","en":"SDP"}},{"age":68,"advanceVotesPercent":1.2,"lastname":"Aaltonen","occupation":"rah.sihteeri, eläkeläinen","advanceVotes":14,"npid":2,"totalVotes":15,"spid":2,"abbr":"KOK","municipalCouncilor":false,"muid":992,"alid":2,"firstname":"Irene","electionDayVotes":1,"pid":"4","finalPosition":0,"electedInformation":"NOT_ELECTED","totalVotesPercent":0.7,"nominatorName":{"fi":"Kansallinen Kokoomus","sv":"Samlingspartiet","en":"National Coalition Party"},"caid":32,"position":0,"gender":"2","comparisonData":{"totalVotes":32,"votesTotalChange":-17},"edid":11,"comparativeIndex":0.0,"electionDayVotesPercent":0.1,"nominatorAbbr":{"fi":"KOK","sv":"Saml","en":"NCP"}},{"age":44,"advanceVotesPercent":0.9,"lastname":"Nykänen","occupation":"yrittäjä","advanceVotes":10,"npid":3,"totalVotes":15,"spid":1,"abbr":"KESK","municipalCouncilor":false,"muid":992,"alid":3,"firstname":"Marko","electionDayVotes":5,"pid":"2","finalPosition":0,"electedInformation":"ON_SUBSTITUTE_PLACE","totalVotesPercent":0.7,"nominatorName":{"fi":"Suomen Keskusta","sv":"Centern i Finland","en":"Centre Party of Finland"},"caid":55,"position":0,"gender":"1","comparisonData":{"totalVotes":0,"votesTotalChange":15},"edid":11,"comparativeIndex":0.0,"electionDayVotesPercent":0.4,"nominatorAbbr":{"fi":"KESK","sv":"C","en":"CENT"}},{"age":35,"advanceVotesPercent":0.4,"lastname":"Piilonen","occupation":"yrittäjä","advanceVotes":5,"npid":3,"totalVotes":15,"spid":1,"abbr":"KESK","municipalCouncilor":false,"muid":992,"alid":3,"firstname":"Harri","electionDayVotes":10,"pid":"2","finalPosition":0,"electedInformation":"ELECTED","totalVotesPercent":0.7,"nominatorName":{"fi":"Suomen Keskusta","sv":"Centern i Finland","en":"Centre Party of Finland"},"caid":61,"position":0,"gender":"1","comparisonData":{"totalVotes":0,"votesTotalChange":15},"edid":11,"comparativeIndex":0.0,"electionDayVotesPercent":0.9,"nominatorAbbr":{"fi":"KESK","sv":"C","en":"CENT"}},{"age":54,"advanceVotesPercent":0.7,"lastname":"Isoviita","occupation":"yrittäjä","advanceVotes":8,"npid":2,"totalVotes":14,"spid":2,"abbr":"KOK","municipalCouncilor":true,"muid":992,"alid":2,"firstname":"Martti","electionDayVotes":6,"pid":"4","finalPosition":0,"electedInformation":"ON_SUBSTITUTE_PLACE","totalVotesPercent":0.6,"nominatorName":{"fi":"Kansallinen Kokoomus","sv":"Samlingspartiet","en":"National Coalition Party"},"caid":34,"position":0,"gender":"1","comparisonData":{"totalVotes":89,"votesTotalChange":-75},"edid":11,"comparativeIndex":0.0,"electionDayVotesPercent":0.5,"nominatorAbbr":{"fi":"KOK","sv":"Saml","en":"NCP"}},{"age":46,"advanceVotesPercent":0.4,"lastname":"Autioniemi","occupation":"koulutussuunnittelija, maanviljelijä","advanceVotes":5,"npid":3,"totalVotes":14,"spid":1,"abbr":"KESK","municipalCouncilor":false,"muid":992,"alid":3,"firstname":"Janne","electionDayVotes":9,"pid":"2","finalPosition":0,"electedInformation":"ON_SUBSTITUTE_PLACE","totalVotesPercent":0.6,"nominatorName":{"fi":"Suomen Keskusta","sv":"Centern i Finland","en":"Centre Party of Finland"},"caid":43,"position":0,"gender":"1","comparisonData":{"totalVotes":0,"votesTotalChange":14},"edid":11,"comparativeIndex":0.0,"electionDayVotesPercent":0.8,"nominatorAbbr":{"fi":"KESK","sv":"C","en":"CENT"}},{"age":59,"advanceVotesPercent":0.3,"lastname":"Tarvainen","occupation":"lehtori, rakennusinsinööri","advanceVotes":4,"npid":1,"totalVotes":13,"spid":4,"abbr":"SDP","municipalCouncilor":false,"muid":992,"alid":1,"firstname":"Veikko","electionDayVotes":9,"pid":"1","finalPosition":0,"electedInformation":"ON_SUBSTITUTE_PLACE","totalVotesPercent":0.6,"nominatorName":{"fi":"Suomen Sosialidemokraattinen Puolue","sv":"Finlands Socialdemokratiska Parti","en":"The Finnish Social Democratic Party"},"caid":4,"position":0,"gender":"1","comparisonData":{"totalVotes":24,"votesTotalChange":-11},"edid":11,"comparativeIndex":0.0,"electionDayVotesPercent":0.8,"nominatorAbbr":{"fi":"SDP","sv":"SDP","en":"SDP"}},{"age":44,"advanceVotesPercent":0.3,"lastname":"Korte","occupation":"yrittäjä","advanceVotes":3,"npid":4,"totalVotes":13,"spid":3,"abbr":"PS","municipalCouncilor":false,"muid":992,"alid":4,"firstname":"Emilia","electionDayVotes":10,"pid":"23","finalPosition":0,"electedInformation":"ON_SUBSTITUTE_PLACE","totalVotesPercent":0.6,"nominatorName":{"fi":"Perussuomalaiset","sv":"Sannfinländarna","en":"The Finns Party"},"caid":76,"position":0,"gender":"2","comparisonData":{"totalVotes":0,"votesTotalChange":13},"edid":11,"comparativeIndex":0.0,"electionDayVotesPercent":0.9,"nominatorAbbr":{"fi":"PS","sv":"Sannf","en":"FINNS"}},{"age":71,"advanceVotesPercent":0.8,"lastname":"Poikonen","occupation":"työnjohtaja, eläkeläinen","advanceVotes":9,"npid":4,"totalVotes":13,"spid":3,"abbr":"PS","municipalCouncilor":false,"muid":992,"alid":4,"firstname":"Raimo","electionDayVotes":4,"pid":"23","finalPosition":0,"electedInformation":"ON_SUBSTITUTE_PLACE","totalVotesPercent":0.6,"nominatorName":{"fi":"Perussuomalaiset","sv":"Sannfinländarna","en":"The Finns Party"},"caid":82,"position":0,"gender":"1","comparisonData":{"totalVotes":41,"votesTotalChange":-28},"edid":11,"comparativeIndex":0.0,"electionDayVotesPercent":0.4,"nominatorAbbr":{"fi":"PS","sv":"Sannf","en":"FINNS"}},{"age":49,"advanceVotesPercent":0.5,"lastname":"Kovanen","occupation":"hankintapäällikkö","advanceVotes":6,"npid":7,"totalVotes":13,"spid":6,"abbr":"VAS","municipalCouncilor":false,"muid":992,"alid":7,"firstname":"Ilkka","electionDayVotes":7,"pid":"15","finalPosition":0,"electedInformation":"ON_SUBSTITUTE_PLACE","totalVotesPercent":0.6,"nominatorName":{"fi":"Vasemmistoliitto","sv":"Vänsterförbundet","en":"The Left Alliance"},"caid":105,"position":0,"gender":"1","comparisonData":{"totalVotes":30,"votesTotalChange":-17},"edid":11,"comparativeIndex":0.0,"electionDayVotesPercent":0.6,"nominatorAbbr":{"fi":"VAS","sv":"VF","en":"LEFT"}},{"age":68,"advanceVotesPercent":0.6,"lastname":"Pönkänen","occupation":"maanviljelijä, yrittäjä","advanceVotes":7,"npid":3,"totalVotes":12,"spid":1,"abbr":"KESK","municipalCouncilor":true,"muid":992,"alid":3,"firstname":"Erkki","electionDayVotes":5,"pid":"2","finalPosition":0,"electedInformation":"ON_SUBSTITUTE_PLACE","totalVotesPercent":0.5,"nominatorName":{"fi":"Suomen Keskusta","sv":"Centern i Finland","en":"Centre Party of Finland"},"caid":64,"position":0,"gender":"1","comparisonData":{"totalVotes":113,"votesTotalChange":-101},"edid":11,"comparativeIndex":0.0,"electionDayVotesPercent":0.4,"nominatorAbbr":{"fi":"KESK","sv":"C","en":"CENT"}},{"age":40,"advanceVotesPercent":0.5,"lastname":"Sulkala","occupation":"luokanopettaja","advanceVotes":6,"npid":5,"totalVotes":12,"spid":5,"abbr":"VIHR","municipalCouncilor":false,"muid":992,"alid":5,"firstname":"Tommi","electionDayVotes":6,"pid":"13","finalPosition":0,"electedInformation":"ON_SUBSTITUTE_PLACE","totalVotesPercent":0.5,"nominatorName":{"fi":"Vihreä liitto","sv":"Gröna förbundet","en":"Green League"},"caid":86,"position":0,"gender":"1","comparisonData":{"totalVotes":0,"votesTotalChange":12},"edid":11,"comparativeIndex":0.0,"electionDayVotesPercent":0.5,"nominatorAbbr":{"fi":"VIHR","sv":"Gröna","en":"GREEN"}},{"age":55,"advanceVotesPercent":0.7,"lastname":"Kolari","occupation":"lasten ja nuorten erityisohjaaja, sijaisvanhempi","advanceVotes":8,"npid":6,"totalVotes":11,"spid":8,"abbr":"KD","municipalCouncilor":true,"muid":992,"alid":6,"firstname":"Marja","electionDayVotes":3,"pid":"9","finalPosition":0,"electedInformation":"NOT_ELECTED","totalVotesPercent":0.5,"nominatorName":{"fi":"Suomen Kristillisdemokraatit (KD)","sv":"Kristdemokraterna i Finland (KD)","en":"Christian Democrats in Finland"},"caid":94,"position":0,"gender":"2","comparisonData":{"totalVotes":55,"votesTotalChange":-44},"edid":11,"comparativeIndex":0.0,"electionDayVotesPercent":0.3,"nominatorAbbr":{"fi":"KD","sv":"KD","en":"CD"}},{"age":44,"advanceVotesPercent":0.2,"lastname":"Kemiläinen","occupation":"lähihoitaja","advanceVotes":2,"npid":1,"totalVotes":10,"spid":4,"abbr":"SDP","municipalCouncilor":false,"muid":992,"alid":1,"firstname":"Jarkko","electionDayVotes":8,"pid":"1","finalPosition":0,"electedInformation":"ON_SUBSTITUTE_PLACE","totalVotesPercent":0.4,"nominatorName":{"fi":"Suomen Sosialidemokraattinen Puolue","sv":"Finlands Socialdemokratiska Parti","en":"The Finnish Social Democratic Party"},"caid":2,"position":0,"gender":"1","comparisonData":{"totalVotes":20,"votesTotalChange":-10},"edid":11,"comparativeIndex":0.0,"electionDayVotesPercent":0.7,"nominatorAbbr":{"fi":"SDP","sv":"SDP","en":"SDP"}},{"age":56,"advanceVotesPercent":0.3,"lastname":"Sironen","occupation":"päiväkotiapulainen","advanceVotes":3,"npid":1,"totalVotes":10,"spid":4,"abbr":"SDP","municipalCouncilor":false,"muid":992,"alid":1,"firstname":"Kikka","electionDayVotes":7,"pid":"1","finalPosition":0,"electedInformation":"NOT_ELECTED","totalVotesPercent":0.4,"nominatorName":{"fi":"Suomen Sosialidemokraattinen Puolue","sv":"Finlands Socialdemokratiska Parti","en":"The Finnish Social Democratic Party"},"caid":9,"position":0,"gender":"2","comparisonData":{"totalVotes":19,"votesTotalChange":-9},"edid":11,"comparativeIndex":0.0,"electionDayVotesPercent":0.6,"nominatorAbbr":{"fi":"SDP","sv":"SDP","en":"SDP"}},{"age":49,"advanceVotesPercent":0.3,"lastname":"Tuhkanen","occupation":"automaatioteknikko","advanceVotes":3,"npid":1,"totalVotes":10,"spid":4,"abbr":"SDP","municipalCouncilor":true,"muid":992,"alid":1,"firstname":"Marko","electionDayVotes":7,"pid":"1","finalPosition":0,"electedInformation":"ELECTED","totalVotesPercent":0.4,"nominatorName":{"fi":"Suomen Sosialidemokraattinen Puolue","sv":"Finlands Socialdemokratiska Parti","en":"The Finnish Social Democratic Party"},"caid":21,"position":0,"gender":"1","comparisonData":{"totalVotes":121,"votesTotalChange":-111},"edid":11,"comparativeIndex":0.0,"electionDayVotesPercent":0.6,"nominatorAbbr":{"fi":"SDP","sv":"SDP","en":"SDP"}},{"age":44,"advanceVotesPercent":0.5,"lastname":"Niemi","occupation":"sähköasentaja","advanceVotes":6,"npid":7,"totalVotes":10,"spid":6,"abbr":"VAS","municipalCouncilor":false,"muid":992,"alid":7,"firstname":"Jarkko","electionDayVotes":4,"pid":"15","finalPosition":0,"electedInformation":"ON_SUBSTITUTE_PLACE","totalVotesPercent":0.4,"nominatorName":{"fi":"Vasemmistoliitto","sv":"Vänsterförbundet","en":"The Left Alliance"},"caid":112,"position":0,"gender":"1","comparisonData":{"totalVotes":0,"votesTotalChange":10},"edid":11,"comparativeIndex":0.0,"electionDayVotesPercent":0.4,"nominatorAbbr":{"fi":"VAS","sv":"VF","en":"LEFT"}},{"age":58,"advanceVotesPercent":0.8,"lastname":"Pasanen","occupation":"lähihoitaja","advanceVotes":9,"npid":2,"totalVotes":9,"spid":2,"abbr":"KOK","municipalCouncilor":false,"muid":992,"alid":2,"firstname":"Helena","electionDayVotes":0,"pid":"4","finalPosition":0,"electedInformation":"NOT_ELECTED","totalVotesPercent":0.4,"nominatorName":{"fi":"Kansallinen Kokoomus","sv":"Samlingspartiet","en":"National Coalition Party"},"caid":37,"position":0,"gender":"2","comparisonData":{"totalVotes":0,"votesTotalChange":9},"edid":11,"comparativeIndex":0.0,"electionDayVotesPercent":0.0,"nominatorAbbr":{"fi":"KOK","sv":"Saml","en":"NCP"}},{"age":58,"advanceVotesPercent":0.3,"lastname":"Lampinen","occupation":"maanviljelijä","advanceVotes":3,"npid":3,"totalVotes":9,"spid":1,"abbr":"KESK","municipalCouncilor":false,"muid":992,"alid":3,"firstname":"Raimo","electionDayVotes":6,"pid":"2","finalPosition":0,"electedInformation":"ON_SUBSTITUTE_PLACE","totalVotesPercent":0.4,"nominatorName":{"fi":"Suomen Keskusta","sv":"Centern i Finland","en":"Centre Party of Finland"},"caid":51,"position":0,"gender":"1","comparisonData":{"totalVotes":58,"votesTotalChange":-49},"edid":11,"comparativeIndex":0.0,"electionDayVotesPercent":0.5,"nominatorAbbr":{"fi":"KESK","sv":"C","en":"CENT"}},{"age":20,"advanceVotesPercent":0.1,"lastname":"Rantanen","occupation":"opiskelija","advanceVotes":1,"npid":3,"totalVotes":9,"spid":1,"abbr":"KESK","municipalCouncilor":false,"muid":992,"alid":3,"firstname":"Ville","electionDayVotes":8,"pid":"2","finalPosition":0,"electedInformation":"ON_SUBSTITUTE_PLACE","totalVotesPercent":0.4,"nominatorName":{"fi":"Suomen Keskusta","sv":"Centern i Finland","en":"Centre Party of Finland"},"caid":65,"position":0,"gender":"1","comparisonData":{"totalVotes":0,"votesTotalChange":9},"edid":11,"comparativeIndex":0.0,"electionDayVotesPercent":0.7,"nominatorAbbr":{"fi":"KESK","sv":"C","en":"CENT"}},{"age":69,"advanceVotesPercent":0.4,"lastname":"Oranen","occupation":"paperityöntekijä, eläkeläinen","advanceVotes":5,"npid":7,"totalVotes":9,"spid":6,"abbr":"VAS","municipalCouncilor":false,"muid":992,"alid":7,"firstname":"Arvo","electionDayVotes":4,"pid":"15","finalPosition":0,"electedInformation":"NOT_ELECTED","totalVotesPercent":0.4,"nominatorName":{"fi":"Vasemmistoliitto","sv":"Vänsterförbundet","en":"The Left Alliance"},"caid":115,"position":0,"gender":"1","comparisonData":{"totalVotes":24,"votesTotalChange":-15},"edid":11,"comparativeIndex":0.0,"electionDayVotesPercent":0.4,"nominatorAbbr":{"fi":"VAS","sv":"VF","en":"LEFT"}},{"age":40,"advanceVotesPercent":0.4,"lastname":"Paananen","occupation":"lit. yo, nuoriso- ja vapaa-ajanohjaaja","advanceVotes":5,"npid":1,"totalVotes":8,"spid":4,"abbr":"SDP","municipalCouncilor":false,"muid":992,"alid":1,"firstname":"Mari","electionDayVotes":3,"pid":"1","finalPosition":0,"electedInformation":"ON_SUBSTITUTE_PLACE","totalVotesPercent":0.3,"nominatorName":{"fi":"Suomen Sosialidemokraattinen Puolue","sv":"Finlands Socialdemokratiska Parti","en":"The Finnish Social Democratic Party"},"caid":13,"position":0,"gender":"2","comparisonData":{"totalVotes":24,"votesTotalChange":-16},"edid":11,"comparativeIndex":0.0,"electionDayVotesPercent":0.3,"nominatorAbbr":{"fi":"SDP","sv":"SDP","en":"SDP"}},{"age":59,"advanceVotesPercent":0.4,"lastname":"Pikkupeura","occupation":"palvelukeskuksen johtaja","advanceVotes":5,"npid":3,"totalVotes":8,"spid":1,"abbr":"KESK","municipalCouncilor":false,"muid":992,"alid":3,"firstname":"Kristiina","electionDayVotes":3,"pid":"2","finalPosition":0,"electedInformation":"NOT_ELECTED","totalVotesPercent":0.3,"nominatorName":{"fi":"Suomen Keskusta","sv":"Centern i Finland","en":"Centre Party of Finland"},"caid":63,"position":0,"gender":"2","comparisonData":{"totalVotes":0,"votesTotalChange":8},"edid":11,"comparativeIndex":0.0,"electionDayVotesPercent":0.3,"nominatorAbbr":{"fi":"KESK","sv":"C","en":"CENT"}},{"age":53,"advanceVotesPercent":0.3,"lastname":"Hautsalo","occupation":"huoltoteknikko","advanceVotes":4,"npid":4,"totalVotes":8,"spid":3,"abbr":"PS","municipalCouncilor":true,"muid":992,"alid":4,"firstname":"Harri","electionDayVotes":4,"pid":"23","finalPosition":0,"electedInformation":"ON_SUBSTITUTE_PLACE","totalVotesPercent":0.3,"nominatorName":{"fi":"Perussuomalaiset","sv":"Sannfinländarna","en":"The Finns Party"},"caid":72,"position":0,"gender":"1","comparisonData":{"totalVotes":80,"votesTotalChange":-72},"edid":11,"comparativeIndex":0.0,"electionDayVotesPercent":0.4,"nominatorAbbr":{"fi":"PS","sv":"Sannf","en":"FINNS"}},{"age":49,"advanceVotesPercent":0.0,"lastname":"Kuusjärvi","occupation":"kirjanpitäjä","advanceVotes":0,"npid":4,"totalVotes":8,"spid":3,"abbr":"PS","municipalCouncilor":false,"muid":992,"alid":4,"firstname":"Minna","electionDayVotes":8,"pid":"23","finalPosition":0,"electedInformation":"NOT_ELECTED","totalVotesPercent":0.3,"nominatorName":{"fi":"Perussuomalaiset","sv":"Sannfinländarna","en":"The Finns Party"},"caid":79,"position":0,"gender":"2","comparisonData":{"totalVotes":0,"votesTotalChange":8},"edid":11,"comparativeIndex":0.0,"electionDayVotesPercent":0.7,"nominatorAbbr":{"fi":"PS","sv":"Sannf","en":"FINNS"}},{"age":23,"advanceVotesPercent":0.2,"lastname":"Rinne","occupation":"ylioppilas, hyvinvointi- ja kuntosalivalmentaja","advanceVotes":2,"npid":5,"totalVotes":8,"spid":5,"abbr":"VIHR","municipalCouncilor":false,"muid":992,"alid":5,"firstname":"Heidi","electionDayVotes":6,"pid":"13","finalPosition":0,"electedInformation":"ON_SUBSTITUTE_PLACE","totalVotesPercent":0.3,"nominatorName":{"fi":"Vihreä liitto","sv":"Gröna förbundet","en":"Green League"},"caid":85,"position":0,"gender":"2","comparisonData":{"totalVotes":0,"votesTotalChange":8},"edid":11,"comparativeIndex":0.0,"electionDayVotesPercent":0.5,"nominatorAbbr":{"fi":"VIHR","sv":"Gröna","en":"GREEN"}},{"age":63,"advanceVotesPercent":0.3,"lastname":"Virtanen","occupation":"kulttuurijohtaja, yrittäjä","advanceVotes":4,"npid":7,"totalVotes":8,"spid":6,"abbr":"VAS","municipalCouncilor":true,"muid":992,"alid":7,"firstname":"Matti","electionDayVotes":4,"pid":"15","finalPosition":0,"electedInformation":"ELECTED","totalVotesPercent":0.3,"nominatorName":{"fi":"Vasemmistoliitto","sv":"Vänsterförbundet","en":"The Left Alliance"},"caid":126,"position":0,"gender":"1","comparisonData":{"totalVotes":72,"votesTotalChange":-64},"edid":11,"comparativeIndex":0.0,"electionDayVotesPercent":0.4,"nominatorAbbr":{"fi":"VAS","sv":"VF","en":"LEFT"}},{"age":61,"advanceVotesPercent":0.2,"lastname":"Holopainen","occupation":"kiinteistönhoitaja","advanceVotes":2,"npid":7,"totalVotes":7,"spid":6,"abbr":"VAS","municipalCouncilor":true,"muid":992,"alid":7,"firstname":"Simo","electionDayVotes":5,"pid":"15","finalPosition":0,"electedInformation":"ELECTED","totalVotesPercent":0.3,"nominatorName":{"fi":"Vasemmistoliitto","sv":"Vänsterförbundet","en":"The Left Alliance"},"caid":100,"position":0,"gender":"1","comparisonData":{"totalVotes":122,"votesTotalChange":-115},"edid":11,"comparativeIndex":0.0,"electionDayVotesPercent":0.4,"nominatorAbbr":{"fi":"VAS","sv":"VF","en":"LEFT"}},{"age":56,"advanceVotesPercent":0.0,"lastname":"Amunet","occupation":"arkkitehti, yrittäjä","advanceVotes":0,"npid":3,"totalVotes":6,"spid":1,"abbr":"KESK","municipalCouncilor":false,"muid":992,"alid":3,"firstname":"Eero","electionDayVotes":6,"pid":"2","finalPosition":0,"electedInformation":"NOT_ELECTED","totalVotesPercent":0.3,"nominatorName":{"fi":"Suomen Keskusta","sv":"Centern i Finland","en":"Centre Party of Finland"},"caid":42,"position":0,"gender":"1","comparisonData":{"totalVotes":0,"votesTotalChange":6},"edid":11,"comparativeIndex":0.0,"electionDayVotesPercent":0.5,"nominatorAbbr":{"fi":"KESK","sv":"C","en":"CENT"}},{"age":48,"advanceVotesPercent":0.3,"lastname":"Pekkala","occupation":"laboratoriohoitaja, yrittäjä","advanceVotes":3,"npid":3,"totalVotes":6,"spid":1,"abbr":"KESK","municipalCouncilor":false,"muid":992,"alid":3,"firstname":"Merja","electionDayVotes":3,"pid":"2","finalPosition":0,"electedInformation":"NOT_ELECTED","totalVotesPercent":0.3,"nominatorName":{"fi":"Suomen Keskusta","sv":"Centern i Finland","en":"Centre Party of Finland"},"caid":57,"position":0,"gender":"2","comparisonData":{"totalVotes":0,"votesTotalChange":6},"edid":11,"comparativeIndex":0.0,"electionDayVotesPercent":0.3,"nominatorAbbr":{"fi":"KESK","sv":"C","en":"CENT"}},{"age":41,"advanceVotesPercent":0.2,"lastname":"Hiltunen","occupation":"kiinteistönhoitaja, ulkoaluetyöntekijä","advanceVotes":2,"npid":4,"totalVotes":6,"spid":3,"abbr":"PS","municipalCouncilor":false,"muid":992,"alid":4,"firstname":"Teuvo","electionDayVotes":4,"pid":"23","finalPosition":0,"electedInformation":"ON_SUBSTITUTE_PLACE","totalVotesPercent":0.3,"nominatorName":{"fi":"Perussuomalaiset","sv":"Sannfinländarna","en":"The Finns Party"},"caid":73,"position":0,"gender":"1","comparisonData":{"totalVotes":12,"votesTotalChange":-6},"edid":11,"comparativeIndex":0.0,"electionDayVotesPercent":0.4,"nominatorAbbr":{"fi":"PS","sv":"Sannf","en":"FINNS"}},{"age":28,"advanceVotesPercent":0.2,"lastname":"Kotilainen","occupation":"LVI-asentaja","advanceVotes":2,"npid":4,"totalVotes":6,"spid":3,"abbr":"PS","municipalCouncilor":false,"muid":992,"alid":4,"firstname":"Joni","electionDayVotes":4,"pid":"23","finalPosition":0,"electedInformation":"ELECTED","totalVotesPercent":0.3,"nominatorName":{"fi":"Perussuomalaiset","sv":"Sannfinländarna","en":"The Finns Party"},"caid":78,"position":0,"gender":"1","comparisonData":{"totalVotes":0,"votesTotalChange":6},"edid":11,"comparativeIndex":0.0,"electionDayVotesPercent":0.4,"nominatorAbbr":{"fi":"PS","sv":"Sannf","en":"FINNS"}},{"age":45,"advanceVotesPercent":0.1,"lastname":"Kaukometsä","occupation":"elektroniikka-asentaja, työkyvyttömyyseläkeläinen","advanceVotes":1,"npid":7,"totalVotes":6,"spid":6,"abbr":"VAS","municipalCouncilor":false,"muid":992,"alid":7,"firstname":"Jarkko","electionDayVotes":5,"pid":"15","finalPosition":0,"electedInformation":"NOT_ELECTED","totalVotesPercent":0.3,"nominatorName":{"fi":"Vasemmistoliitto","sv":"Vänsterförbundet","en":"The Left Alliance"},"caid":101,"position":0,"gender":"1","comparisonData":{"totalVotes":38,"votesTotalChange":-32},"edid":11,"comparativeIndex":0.0,"electionDayVotesPercent":0.4,"nominatorAbbr":{"fi":"VAS","sv":"VF","en":"LEFT"}},{"age":35,"advanceVotesPercent":0.2,"lastname":"Ojajärvi","occupation":"palveluohjaaja","advanceVotes":2,"npid":7,"totalVotes":6,"spid":6,"abbr":"VAS","municipalCouncilor":false,"muid":992,"alid":7,"firstname":"Anniina","electionDayVotes":4,"pid":"15","finalPosition":0,"electedInformation":"ON_SUBSTITUTE_PLACE","totalVotesPercent":0.3,"nominatorName":{"fi":"Vasemmistoliitto","sv":"Vänsterförbundet","en":"The Left Alliance"},"caid":114,"position":0,"gender":"2","comparisonData":{"totalVotes":0,"votesTotalChange":6},"edid":11,"comparativeIndex":0.0,"electionDayVotesPercent":0.4,"nominatorAbbr":{"fi":"VAS","sv":"VF","en":"LEFT"}},{"age":62,"advanceVotesPercent":0.2,"lastname":"Eronen","occupation":"linja-autonkuljettaja","advanceVotes":2,"npid":1,"totalVotes":5,"spid":4,"abbr":"SDP","municipalCouncilor":false,"muid":992,"alid":1,"firstname":"Keijo","electionDayVotes":3,"pid":"1","finalPosition":0,"electedInformation":"NOT_ELECTED","totalVotesPercent":0.2,"nominatorName":{"fi":"Suomen Sosialidemokraattinen Puolue","sv":"Finlands Socialdemokratiska Parti","en":"The Finnish Social Democratic Party"},"caid":5,"position":0,"gender":"1","comparisonData":{"totalVotes":21,"votesTotalChange":-16},"edid":11,"comparativeIndex":0.0,"electionDayVotesPercent":0.3,"nominatorAbbr":{"fi":"SDP","sv":"SDP","en":"SDP"}},{"age":77,"advanceVotesPercent":0.3,"lastname":"Hänninen","occupation":"maaseutuyrittäjä, eläkeläinen","advanceVotes":3,"npid":3,"totalVotes":5,"spid":1,"abbr":"KESK","municipalCouncilor":true,"muid":992,"alid":3,"firstname":"Seppo","electionDayVotes":2,"pid":"2","finalPosition":0,"electedInformation":"ELECTED","totalVotesPercent":0.2,"nominatorName":{"fi":"Suomen Keskusta","sv":"Centern i Finland","en":"Centre Party of Finland"},"caid":47,"position":0,"gender":"1","comparisonData":{"totalVotes":113,"votesTotalChange":-108},"edid":11,"comparativeIndex":0.0,"electionDayVotesPercent":0.2,"nominatorAbbr":{"fi":"KESK","sv":"C","en":"CENT"}},{"age":71,"advanceVotesPercent":0.2,"lastname":"Pasanen","occupation":"maanviljelijä, yrittäjä","advanceVotes":2,"npid":3,"totalVotes":5,"spid":1,"abbr":"KESK","municipalCouncilor":true,"muid":992,"alid":3,"firstname":"Kauko","electionDayVotes":3,"pid":"2","finalPosition":0,"electedInformation":"ON_SUBSTITUTE_PLACE","totalVotesPercent":0.2,"nominatorName":{"fi":"Suomen Keskusta","sv":"Centern i Finland","en":"Centre Party of Finland"},"caid":56,"position":0,"gender":"1","comparisonData":{"totalVotes":88,"votesTotalChange":-83},"edid":11,"comparativeIndex":0.0,"electionDayVotesPercent":0.3,"nominatorAbbr":{"fi":"KESK","sv":"C","en":"CENT"}},{"age":40,"advanceVotesPercent":0.1,"lastname":"Pekonen","occupation":"luokanopettaja","advanceVotes":1,"npid":3,"totalVotes":5,"spid":1,"abbr":"KESK","municipalCouncilor":false,"muid":992,"alid":3,"firstname":"Paula","electionDayVotes":4,"pid":"2","finalPosition":0,"electedInformation":"ELECTED","totalVotesPercent":0.2,"nominatorName":{"fi":"Suomen Keskusta","sv":"Centern i Finland","en":"Centre Party of Finland"},"caid":58,"position":0,"gender":"2","comparisonData":{"totalVotes":72,"votesTotalChange":-67},"edid":11,"comparativeIndex":0.0,"electionDayVotesPercent":0.4,"nominatorAbbr":{"fi":"KESK","sv":"C","en":"CENT"}},{"age":38,"advanceVotesPercent":0.3,"lastname":"Kinnunen","occupation":"kirvesmies, muurari","advanceVotes":3,"npid":7,"totalVotes":5,"spid":6,"abbr":"VAS","municipalCouncilor":false,"muid":992,"alid":7,"firstname":"Tomi","electionDayVotes":2,"pid":"15","finalPosition":0,"electedInformation":"NOT_ELECTED","totalVotesPercent":0.2,"nominatorName":{"fi":"Vasemmistoliitto","sv":"Vänsterförbundet","en":"The Left Alliance"},"caid":104,"position":0,"gender":"1","comparisonData":{"totalVotes":0,"votesTotalChange":5},"edid":11,"comparativeIndex":0.0,"electionDayVotesPercent":0.2,"nominatorAbbr":{"fi":"VAS","sv":"VF","en":"LEFT"}},{"age":55,"advanceVotesPercent":0.3,"lastname":"Linja-aho","occupation":"paperityöntekijä, eläkeläinen","advanceVotes":3,"npid":7,"totalVotes":5,"spid":6,"abbr":"VAS","municipalCouncilor":false,"muid":992,"alid":7,"firstname":"Ari","electionDayVotes":2,"pid":"15","finalPosition":0,"electedInformation":"NOT_ELECTED","totalVotesPercent":0.2,"nominatorName":{"fi":"Vasemmistoliitto","sv":"Vänsterförbundet","en":"The Left Alliance"},"caid":107,"position":0,"gender":"1","comparisonData":{"totalVotes":0,"votesTotalChange":5},"edid":11,"comparativeIndex":0.0,"electionDayVotesPercent":0.2,"nominatorAbbr":{"fi":"VAS","sv":"VF","en":"LEFT"}},{"age":73,"advanceVotesPercent":0.2,"lastname":"Pasanen","occupation":"karaokeisäntä, eläkeläinen","advanceVotes":2,"npid":1,"totalVotes":4,"spid":4,"abbr":"SDP","municipalCouncilor":false,"muid":992,"alid":1,"firstname":"Matti","electionDayVotes":2,"pid":"1","finalPosition":0,"electedInformation":"ON_SUBSTITUTE_PLACE","totalVotesPercent":0.2,"nominatorName":{"fi":"Suomen Sosialidemokraattinen Puolue","sv":"Finlands Socialdemokratiska Parti","en":"The Finnish Social Democratic Party"},"caid":16,"position":0,"gender":"1","comparisonData":{"totalVotes":45,"votesTotalChange":-41},"edid":11,"comparativeIndex":0.0,"electionDayVotesPercent":0.2,"nominatorAbbr":{"fi":"SDP","sv":"SDP","en":"SDP"}},{"age":61,"advanceVotesPercent":0.1,"lastname":"Niskanen","occupation":"vientisihteeri","advanceVotes":1,"npid":1,"totalVotes":4,"spid":4,"abbr":"SDP","municipalCouncilor":false,"muid":992,"alid":1,"firstname":"Irina","electionDayVotes":3,"pid":"1","finalPosition":0,"electedInformation":"NOT_ELECTED","totalVotesPercent":0.2,"nominatorName":{"fi":"Suomen Sosialidemokraattinen Puolue","sv":"Finlands Socialdemokratiska Parti","en":"The Finnish Social Democratic Party"},"caid":20,"position":0,"gender":"2","comparisonData":{"totalVotes":0,"votesTotalChange":4},"edid":11,"comparativeIndex":0.0,"electionDayVotesPercent":0.3,"nominatorAbbr":{"fi":"SDP","sv":"SDP","en":"SDP"}},{"age":56,"advanceVotesPercent":0.2,"lastname":"Geijer","occupation":"hoitaja","advanceVotes":2,"npid":2,"totalVotes":4,"spid":2,"abbr":"KOK","municipalCouncilor":false,"muid":992,"alid":2,"firstname":"Taina","electionDayVotes":2,"pid":"4","finalPosition":0,"electedInformation":"NOT_ELECTED","totalVotesPercent":0.2,"nominatorName":{"fi":"Kansallinen Kokoomus","sv":"Samlingspartiet","en":"National Coalition Party"},"caid":33,"position":0,"gender":"2","comparisonData":{"totalVotes":10,"votesTotalChange":-6},"edid":11,"comparativeIndex":0.0,"electionDayVotesPercent":0.2,"nominatorAbbr":{"fi":"KOK","sv":"Saml","en":"NCP"}},{"age":68,"advanceVotesPercent":0.1,"lastname":"Kautto","occupation":"voimaantumisvalmentaja, muutoskonsultti","advanceVotes":1,"npid":3,"totalVotes":4,"spid":1,"abbr":"KESK","municipalCouncilor":false,"muid":992,"alid":3,"firstname":"Vappu","electionDayVotes":3,"pid":"2","finalPosition":0,"electedInformation":"NOT_ELECTED","totalVotesPercent":0.2,"nominatorName":{"fi":"Suomen Keskusta","sv":"Centern i Finland","en":"Centre Party of Finland"},"caid":48,"position":0,"gender":"2","comparisonData":{"totalVotes":15,"votesTotalChange":-11},"edid":11,"comparativeIndex":0.0,"electionDayVotesPercent":0.3,"nominatorAbbr":{"fi":"KESK","sv":"C","en":"CENT"}},{"age":31,"advanceVotesPercent":0.0,"lastname":"Kyröläinen","occupation":"yrittäjä","advanceVotes":0,"npid":3,"totalVotes":4,"spid":1,"abbr":"KESK","municipalCouncilor":false,"muid":992,"alid":3,"firstname":"Antti","electionDayVotes":4,"pid":"2","finalPosition":0,"electedInformation":"ON_SUBSTITUTE_PLACE","totalVotesPercent":0.2,"nominatorName":{"fi":"Suomen Keskusta","sv":"Centern i Finland","en":"Centre Party of Finland"},"caid":50,"position":0,"gender":"1","comparisonData":{"totalVotes":0,"votesTotalChange":4},"edid":11,"comparativeIndex":0.0,"electionDayVotesPercent":0.4,"nominatorAbbr":{"fi":"KESK","sv":"C","en":"CENT"}},{"age":44,"advanceVotesPercent":0.3,"lastname":"Viskari","occupation":"terveydenhoitaja, omaishoitaja","advanceVotes":3,"npid":3,"totalVotes":4,"spid":1,"abbr":"KESK","municipalCouncilor":false,"muid":992,"alid":3,"firstname":"Anu","electionDayVotes":1,"pid":"2","finalPosition":0,"electedInformation":"NOT_ELECTED","totalVotesPercent":0.2,"nominatorName":{"fi":"Suomen Keskusta","sv":"Centern i Finland","en":"Centre Party of Finland"},"caid":68,"position":0,"gender":"2","comparisonData":{"totalVotes":0,"votesTotalChange":4},"edid":11,"comparativeIndex":0.0,"electionDayVotesPercent":0.1,"nominatorAbbr":{"fi":"KESK","sv":"C","en":"CENT"}},{"age":63,"advanceVotesPercent":0.3,"lastname":"Ilves","occupation":"rakennusmestari","advanceVotes":4,"npid":4,"totalVotes":4,"spid":3,"abbr":"PS","municipalCouncilor":true,"muid":992,"alid":4,"firstname":"Mauri","electionDayVotes":0,"pid":"23","finalPosition":0,"electedInformation":"ON_SUBSTITUTE_PLACE","totalVotesPercent":0.2,"nominatorName":{"fi":"Perussuomalaiset","sv":"Sannfinländarna","en":"The Finns Party"},"caid":74,"position":0,"gender":"1","comparisonData":{"totalVotes":61,"votesTotalChange":-57},"edid":11,"comparativeIndex":0.0,"electionDayVotesPercent":0.0,"nominatorAbbr":{"fi":"PS","sv":"Sannf","en":"FINNS"}},{"age":62,"advanceVotesPercent":0.2,"lastname":"Ilves","occupation":"kehitysvammaistenohjaaja","advanceVotes":2,"npid":4,"totalVotes":4,"spid":3,"abbr":"PS","municipalCouncilor":false,"muid":992,"alid":4,"firstname":"Pirjo","electionDayVotes":2,"pid":"23","finalPosition":0,"electedInformation":"NOT_ELECTED","totalVotesPercent":0.2,"nominatorName":{"fi":"Perussuomalaiset","sv":"Sannfinländarna","en":"The Finns Party"},"caid":75,"position":0,"gender":"2","comparisonData":{"totalVotes":0,"votesTotalChange":4},"edid":11,"comparativeIndex":0.0,"electionDayVotesPercent":0.2,"nominatorAbbr":{"fi":"PS","sv":"Sannf","en":"FINNS"}},{"age":45,"advanceVotesPercent":0.2,"lastname":"Saastamoinen","occupation":"majoituskylävastaava","advanceVotes":2,"npid":6,"totalVotes":4,"spid":8,"abbr":"KD","municipalCouncilor":true,"muid":992,"alid":6,"firstname":"Harri","electionDayVotes":2,"pid":"9","finalPosition":0,"electedInformation":"ON_SUBSTITUTE_PLACE","totalVotesPercent":0.2,"nominatorName":{"fi":"Suomen Kristillisdemokraatit (KD)","sv":"Kristdemokraterna i Finland (KD)","en":"Christian Democrats in Finland"},"caid":95,"position":0,"gender":"1","comparisonData":{"totalVotes":84,"votesTotalChange":-80},"edid":11,"comparativeIndex":0.0,"electionDayVotesPercent":0.2,"nominatorAbbr":{"fi":"KD","sv":"KD","en":"CD"}},{"age":31,"advanceVotesPercent":0.3,"lastname":"Hamkar","occupation":"linja-autonkuljettaja","advanceVotes":3,"npid":7,"totalVotes":4,"spid":6,"abbr":"VAS","municipalCouncilor":false,"muid":992,"alid":7,"firstname":"Hasif","electionDayVotes":1,"pid":"15","finalPosition":0,"electedInformation":"ON_SUBSTITUTE_PLACE","totalVotesPercent":0.2,"nominatorName":{"fi":"Vasemmistoliitto","sv":"Vänsterförbundet","en":"The Left Alliance"},"caid":98,"position":0,"gender":"1","comparisonData":{"totalVotes":32,"votesTotalChange":-28},"edid":11,"comparativeIndex":0.0,"electionDayVotesPercent":0.1,"nominatorAbbr":{"fi":"VAS","sv":"VF","en":"LEFT"}},{"age":73,"advanceVotesPercent":0.3,"lastname":"Vepsä","occupation":"eläkeläinen","advanceVotes":3,"npid":7,"totalVotes":4,"spid":6,"abbr":"VAS","municipalCouncilor":false,"muid":992,"alid":7,"firstname":"Hilkka","electionDayVotes":1,"pid":"15","finalPosition":0,"electedInformation":"ON_SUBSTITUTE_PLACE","totalVotesPercent":0.2,"nominatorName":{"fi":"Vasemmistoliitto","sv":"Vänsterförbundet","en":"The Left Alliance"},"caid":124,"position":0,"gender":"2","comparisonData":{"totalVotes":39,"votesTotalChange":-35},"edid":11,"comparativeIndex":0.0,"electionDayVotesPercent":0.1,"nominatorAbbr":{"fi":"VAS","sv":"VF","en":"LEFT"}},{"age":46,"advanceVotesPercent":0.1,"lastname":"Hokkanen","occupation":"vanerityöntekijä","advanceVotes":1,"npid":1,"totalVotes":3,"spid":4,"abbr":"SDP","municipalCouncilor":false,"muid":992,"alid":1,"firstname":"Marko","electionDayVotes":2,"pid":"1","finalPosition":0,"electedInformation":"ON_SUBSTITUTE_PLACE","totalVotesPercent":0.1,"nominatorName":{"fi":"Suomen Sosialidemokraattinen Puolue","sv":"Finlands Socialdemokratiska Parti","en":"The Finnish Social Democratic Party"},"caid":10,"position":0,"gender":"1","comparisonData":{"totalVotes":26,"votesTotalChange":-23},"edid":11,"comparativeIndex":0.0,"electionDayVotesPercent":0.2,"nominatorAbbr":{"fi":"SDP","sv":"SDP","en":"SDP"}},{"age":57,"advanceVotesPercent":0.2,"lastname":"Nieminen","occupation":"teknikko/kiinteistönhoitaja","advanceVotes":2,"npid":1,"totalVotes":3,"spid":4,"abbr":"SDP","municipalCouncilor":false,"muid":992,"alid":1,"firstname":"Veli-Pekka","electionDayVotes":1,"pid":"1","finalPosition":0,"electedInformation":"NOT_ELECTED","totalVotesPercent":0.1,"nominatorName":{"fi":"Suomen Sosialidemokraattinen Puolue","sv":"Finlands Socialdemokratiska Parti","en":"The Finnish Social Democratic Party"},"caid":26,"position":0,"gender":"1","comparisonData":{"totalVotes":0,"votesTotalChange":3},"edid":11,"comparativeIndex":0.0,"electionDayVotesPercent":0.1,"nominatorAbbr":{"fi":"SDP","sv":"SDP","en":"SDP"}},{"age":66,"advanceVotesPercent":0.0,"lastname":"Saarenpää","occupation":"palo- ja suojelupäällikkö, yrittäjä","advanceVotes":0,"npid":2,"totalVotes":3,"spid":2,"abbr":"KOK","municipalCouncilor":false,"muid":992,"alid":2,"firstname":"Ilkka","electionDayVotes":3,"pid":"4","finalPosition":0,"electedInformation":"NOT_ELECTED","totalVotesPercent":0.1,"nominatorName":{"fi":"Kansallinen Kokoomus","sv":"Samlingspartiet","en":"National Coalition Party"},"caid":39,"position":0,"gender":"1","comparisonData":{"totalVotes":47,"votesTotalChange":-44},"edid":11,"comparativeIndex":0.0,"electionDayVotesPercent":0.3,"nominatorAbbr":{"fi":"KOK","sv":"Saml","en":"NCP"}},{"age":41,"advanceVotesPercent":0.2,"lastname":"Pellinen","occupation":"kirjastovirkailija, lähihoitaja","advanceVotes":2,"npid":3,"totalVotes":3,"spid":1,"abbr":"KESK","municipalCouncilor":false,"muid":992,"alid":3,"firstname":"Tanja","electionDayVotes":1,"pid":"2","finalPosition":0,"electedInformation":"ON_SUBSTITUTE_PLACE","totalVotesPercent":0.1,"nominatorName":{"fi":"Suomen Keskusta","sv":"Centern i Finland","en":"Centre Party of Finland"},"caid":59,"position":0,"gender":"2","comparisonData":{"totalVotes":0,"votesTotalChange":3},"edid":11,"comparativeIndex":0.0,"electionDayVotesPercent":0.1,"nominatorAbbr":{"fi":"KESK","sv":"C","en":"CENT"}},{"age":39,"advanceVotesPercent":0.1,"lastname":"Sällinen","occupation":"yrittäjä","advanceVotes":1,"npid":3,"totalVotes":3,"spid":1,"abbr":"KESK","municipalCouncilor":false,"muid":992,"alid":3,"firstname":"Janne","electionDayVotes":2,"pid":"2","finalPosition":0,"electedInformation":"NOT_ELECTED","totalVotesPercent":0.1,"nominatorName":{"fi":"Suomen Keskusta","sv":"Centern i Finland","en":"Centre Party of Finland"},"caid":66,"position":0,"gender":"1","comparisonData":{"totalVotes":0,"votesTotalChange":3},"edid":11,"comparativeIndex":0.0,"electionDayVotesPercent":0.2,"nominatorAbbr":{"fi":"KESK","sv":"C","en":"CENT"}},{"age":28,"advanceVotesPercent":0.3,"lastname":"Haimakainen","occupation":"sähkömies","advanceVotes":3,"npid":7,"totalVotes":3,"spid":6,"abbr":"VAS","municipalCouncilor":false,"muid":992,"alid":7,"firstname":"Jarno","electionDayVotes":0,"pid":"15","finalPosition":0,"electedInformation":"ON_SUBSTITUTE_PLACE","totalVotesPercent":0.1,"nominatorName":{"fi":"Vasemmistoliitto","sv":"Vänsterförbundet","en":"The Left Alliance"},"caid":97,"position":0,"gender":"1","comparisonData":{"totalVotes":0,"votesTotalChange":3},"edid":11,"comparativeIndex":0.0,"electionDayVotesPercent":0.0,"nominatorAbbr":{"fi":"VAS","sv":"VF","en":"LEFT"}},{"age":56,"advanceVotesPercent":0.2,"lastname":"Rautiainen","occupation":"kokki","advanceVotes":2,"npid":7,"totalVotes":3,"spid":6,"abbr":"VAS","municipalCouncilor":false,"muid":992,"alid":7,"firstname":"Antero","electionDayVotes":1,"pid":"15","finalPosition":0,"electedInformation":"NOT_ELECTED","totalVotesPercent":0.1,"nominatorName":{"fi":"Vasemmistoliitto","sv":"Vänsterförbundet","en":"The Left Alliance"},"caid":119,"position":0,"gender":"1","comparisonData":{"totalVotes":0,"votesTotalChange":3},"edid":11,"comparativeIndex":0.0,"electionDayVotesPercent":0.1,"nominatorAbbr":{"fi":"VAS","sv":"VF","en":"LEFT"}},{"age":27,"advanceVotesPercent":0.2,"lastname":"Viik","occupation":"ohjaaja","advanceVotes":2,"npid":7,"totalVotes":3,"spid":6,"abbr":"VAS","municipalCouncilor":false,"muid":992,"alid":7,"firstname":"Elina","electionDayVotes":1,"pid":"15","finalPosition":0,"electedInformation":"ON_SUBSTITUTE_PLACE","totalVotesPercent":0.1,"nominatorName":{"fi":"Vasemmistoliitto","sv":"Vänsterförbundet","en":"The Left Alliance"},"caid":125,"position":0,"gender":"2","comparisonData":{"totalVotes":0,"votesTotalChange":3},"edid":11,"comparativeIndex":0.0,"electionDayVotesPercent":0.1,"nominatorAbbr":{"fi":"VAS","sv":"VF","en":"LEFT"}},{"age":38,"advanceVotesPercent":0.2,"lastname":"Väätäinen","occupation":"materiaalinkäsittelijä","advanceVotes":2,"npid":7,"totalVotes":3,"spid":6,"abbr":"VAS","municipalCouncilor":false,"muid":992,"alid":7,"firstname":"Jari","electionDayVotes":1,"pid":"15","finalPosition":0,"electedInformation":"NOT_ELECTED","totalVotesPercent":0.1,"nominatorName":{"fi":"Vasemmistoliitto","sv":"Vänsterförbundet","en":"The Left Alliance"},"caid":127,"position":0,"gender":"1","comparisonData":{"totalVotes":0,"votesTotalChange":3},"edid":11,"comparativeIndex":0.0,"electionDayVotesPercent":0.1,"nominatorAbbr":{"fi":"VAS","sv":"VF","en":"LEFT"}},{"age":59,"advanceVotesPercent":0.1,"lastname":"Raitanen","occupation":"kanslisti, eläkeläinen","advanceVotes":1,"npid":1,"totalVotes":2,"spid":4,"abbr":"SDP","municipalCouncilor":false,"muid":992,"alid":1,"firstname":"Leena","electionDayVotes":1,"pid":"1","finalPosition":0,"electedInformation":"NOT_ELECTED","totalVotesPercent":0.1,"nominatorName":{"fi":"Suomen Sosialidemokraattinen Puolue","sv":"Finlands Socialdemokratiska Parti","en":"The Finnish Social Democratic Party"},"caid":15,"position":0,"gender":"2","comparisonData":{"totalVotes":25,"votesTotalChange":-23},"edid":11,"comparativeIndex":0.0,"electionDayVotesPercent":0.1,"nominatorAbbr":{"fi":"SDP","sv":"SDP","en":"SDP"}},{"age":70,"advanceVotesPercent":0.1,"lastname":"Uusitalo","occupation":"eläkeläinen, yrittäjä","advanceVotes":1,"npid":1,"totalVotes":2,"spid":4,"abbr":"SDP","municipalCouncilor":false,"muid":992,"alid":1,"firstname":"Erkki","electionDayVotes":1,"pid":"1","finalPosition":0,"electedInformation":"ON_SUBSTITUTE_PLACE","totalVotesPercent":0.1,"nominatorName":{"fi":"Suomen Sosialidemokraattinen Puolue","sv":"Finlands Socialdemokratiska Parti","en":"The Finnish Social Democratic Party"},"caid":30,"position":0,"gender":"1","comparisonData":{"totalVotes":18,"votesTotalChange":-16},"edid":11,"comparativeIndex":0.0,"electionDayVotesPercent":0.1,"nominatorAbbr":{"fi":"SDP","sv":"SDP","en":"SDP"}},{"age":41,"advanceVotesPercent":0.1,"lastname":"Helminen","occupation":"maaseutuyrittäjä","advanceVotes":1,"npid":3,"totalVotes":2,"spid":1,"abbr":"KESK","municipalCouncilor":false,"muid":992,"alid":3,"firstname":"Johanna","electionDayVotes":1,"pid":"2","finalPosition":0,"electedInformation":"NOT_ELECTED","totalVotesPercent":0.1,"nominatorName":{"fi":"Suomen Keskusta","sv":"Centern i Finland","en":"Centre Party of Finland"},"caid":45,"position":0,"gender":"2","comparisonData":{"totalVotes":0,"votesTotalChange":2},"edid":11,"comparativeIndex":0.0,"electionDayVotesPercent":0.1,"nominatorAbbr":{"fi":"KESK","sv":"C","en":"CENT"}},{"age":69,"advanceVotesPercent":0.2,"lastname":"Haavisto","occupation":"eläkeläinen, diplomi-insinööri","advanceVotes":2,"npid":4,"totalVotes":2,"spid":3,"abbr":"PS","municipalCouncilor":false,"muid":992,"alid":4,"firstname":"Seppo","electionDayVotes":0,"pid":"23","finalPosition":0,"electedInformation":"NOT_ELECTED","totalVotesPercent":0.1,"nominatorName":{"fi":"Perussuomalaiset","sv":"Sannfinländarna","en":"The Finns Party"},"caid":70,"position":0,"gender":"1","comparisonData":{"totalVotes":14,"votesTotalChange":-12},"edid":11,"comparativeIndex":0.0,"electionDayVotesPercent":0.0,"nominatorAbbr":{"fi":"PS","sv":"Sannf","en":"FINNS"}},{"age":69,"advanceVotesPercent":0.1,"lastname":"Hintikka","occupation":"ent. kirjastonhoitaja","advanceVotes":1,"npid":6,"totalVotes":2,"spid":8,"abbr":"KD","municipalCouncilor":false,"muid":992,"alid":6,"firstname":"Raili","electionDayVotes":1,"pid":"9","finalPosition":0,"electedInformation":"NOT_ELECTED","totalVotesPercent":0.1,"nominatorName":{"fi":"Suomen Kristillisdemokraatit (KD)","sv":"Kristdemokraterna i Finland (KD)","en":"Christian Democrats in Finland"},"caid":92,"position":0,"gender":"2","comparisonData":{"totalVotes":6,"votesTotalChange":-4},"edid":11,"comparativeIndex":0.0,"electionDayVotesPercent":0.1,"nominatorAbbr":{"fi":"KD","sv":"KD","en":"CD"}},{"age":64,"advanceVotesPercent":0.1,"lastname":"Hintikka","occupation":"metsänhoitaja, opettaja eläk.","advanceVotes":1,"npid":6,"totalVotes":2,"spid":8,"abbr":"KD","municipalCouncilor":false,"muid":992,"alid":6,"firstname":"Risto","electionDayVotes":1,"pid":"9","finalPosition":0,"electedInformation":"NOT_ELECTED","totalVotesPercent":0.1,"nominatorName":{"fi":"Suomen Kristillisdemokraatit (KD)","sv":"Kristdemokraterna i Finland (KD)","en":"Christian Democrats in Finland"},"caid":93,"position":0,"gender":"1","comparisonData":{"totalVotes":12,"votesTotalChange":-10},"edid":11,"comparativeIndex":0.0,"electionDayVotesPercent":0.1,"nominatorAbbr":{"fi":"KD","sv":"KD","en":"CD"}},{"age":35,"advanceVotesPercent":0.1,"lastname":"Mertaniemi","occupation":"varastotyöntekijä","advanceVotes":1,"npid":7,"totalVotes":2,"spid":6,"abbr":"VAS","municipalCouncilor":false,"muid":992,"alid":7,"firstname":"Sami","electionDayVotes":1,"pid":"15","finalPosition":0,"electedInformation":"NOT_ELECTED","totalVotesPercent":0.1,"nominatorName":{"fi":"Vasemmistoliitto","sv":"Vänsterförbundet","en":"The Left Alliance"},"caid":109,"position":0,"gender":"1","comparisonData":{"totalVotes":0,"votesTotalChange":2},"edid":11,"comparativeIndex":0.0,"electionDayVotesPercent":0.1,"nominatorAbbr":{"fi":"VAS","sv":"VF","en":"LEFT"}},{"age":51,"advanceVotesPercent":0.2,"lastname":"Neste","occupation":"varastotyöntekijä","advanceVotes":2,"npid":7,"totalVotes":2,"spid":6,"abbr":"VAS","municipalCouncilor":false,"muid":992,"alid":7,"firstname":"Jouni","electionDayVotes":0,"pid":"15","finalPosition":0,"electedInformation":"ON_SUBSTITUTE_PLACE","totalVotesPercent":0.1,"nominatorName":{"fi":"Vasemmistoliitto","sv":"Vänsterförbundet","en":"The Left Alliance"},"caid":111,"position":0,"gender":"1","comparisonData":{"totalVotes":0,"votesTotalChange":2},"edid":11,"comparativeIndex":0.0,"electionDayVotesPercent":0.0,"nominatorAbbr":{"fi":"VAS","sv":"VF","en":"LEFT"}},{"age":25,"advanceVotesPercent":0.2,"lastname":"Seppälä","occupation":"lähihoitaja, toiminnanohjaaja","advanceVotes":2,"npid":7,"totalVotes":2,"spid":6,"abbr":"VAS","municipalCouncilor":false,"muid":992,"alid":7,"firstname":"Michelle","electionDayVotes":0,"pid":"15","finalPosition":0,"electedInformation":"NOT_ELECTED","totalVotesPercent":0.1,"nominatorName":{"fi":"Vasemmistoliitto","sv":"Vänsterförbundet","en":"The Left Alliance"},"caid":121,"position":0,"gender":"2","comparisonData":{"totalVotes":0,"votesTotalChange":2},"edid":11,"comparativeIndex":0.0,"electionDayVotesPercent":0.0,"nominatorAbbr":{"fi":"VAS","sv":"VF","en":"LEFT"}},{"age":54,"advanceVotesPercent":0.0,"lastname":"Harjulampi","occupation":"lähihoitaja, luottamusmies","advanceVotes":0,"npid":3,"totalVotes":1,"spid":1,"abbr":"KESK","municipalCouncilor":false,"muid":992,"alid":3,"firstname":"Sari","electionDayVotes":1,"pid":"2","finalPosition":0,"electedInformation":"NOT_ELECTED","totalVotesPercent":0.0,"nominatorName":{"fi":"Suomen Keskusta","sv":"Centern i Finland","en":"Centre Party of Finland"},"caid":44,"position":0,"gender":"2","comparisonData":{"totalVotes":0,"votesTotalChange":1},"edid":11,"comparativeIndex":0.0,"electionDayVotesPercent":0.1,"nominatorAbbr":{"fi":"KESK","sv":"C","en":"CENT"}},{"age":57,"advanceVotesPercent":0.1,"lastname":"Hillu","occupation":"terveydenhoitaja","advanceVotes":1,"npid":3,"totalVotes":1,"spid":1,"abbr":"KESK","municipalCouncilor":false,"muid":992,"alid":3,"firstname":"Helena","electionDayVotes":0,"pid":"2","finalPosition":0,"electedInformation":"NOT_ELECTED","totalVotesPercent":0.0,"nominatorName":{"fi":"Suomen Keskusta","sv":"Centern i Finland","en":"Centre Party of Finland"},"caid":46,"position":0,"gender":"2","comparisonData":{"totalVotes":0,"votesTotalChange":1},"edid":11,"comparativeIndex":0.0,"electionDayVotesPercent":0.0,"nominatorAbbr":{"fi":"KESK","sv":"C","en":"CENT"}},{"age":70,"advanceVotesPercent":0.1,"lastname":"Matila","occupation":"maaseutuyrittäjä","advanceVotes":1,"npid":3,"totalVotes":1,"spid":1,"abbr":"KESK","municipalCouncilor":false,"muid":992,"alid":3,"firstname":"Tapani","electionDayVotes":0,"pid":"2","finalPosition":0,"electedInformation":"NOT_ELECTED","totalVotesPercent":0.0,"nominatorName":{"fi":"Suomen Keskusta","sv":"Centern i Finland","en":"Centre Party of Finland"},"caid":53,"position":0,"gender":"1","comparisonData":{"totalVotes":0,"votesTotalChange":1},"edid":11,"comparativeIndex":0.0,"electionDayVotesPercent":0.0,"nominatorAbbr":{"fi":"KESK","sv":"C","en":"CENT"}},{"age":45,"advanceVotesPercent":0.0,"lastname":"Neuvonen","occupation":"maanviljelijä, metallityöntekijä","advanceVotes":0,"npid":3,"totalVotes":1,"spid":1,"abbr":"KESK","municipalCouncilor":false,"muid":992,"alid":3,"firstname":"Hannele","electionDayVotes":1,"pid":"2","finalPosition":0,"electedInformation":"NOT_ELECTED","totalVotesPercent":0.0,"nominatorName":{"fi":"Suomen Keskusta","sv":"Centern i Finland","en":"Centre Party of Finland"},"caid":54,"position":0,"gender":"2","comparisonData":{"totalVotes":9,"votesTotalChange":-8},"edid":11,"comparativeIndex":0.0,"electionDayVotesPercent":0.1,"nominatorAbbr":{"fi":"KESK","sv":"C","en":"CENT"}},{"age":61,"advanceVotesPercent":0.1,"lastname":"Wilén","occupation":"tutkija","advanceVotes":1,"npid":3,"totalVotes":1,"spid":1,"abbr":"KESK","municipalCouncilor":false,"muid":992,"alid":3,"firstname":"Lauri","electionDayVotes":0,"pid":"2","finalPosition":0,"electedInformation":"NOT_ELECTED","totalVotesPercent":0.0,"nominatorName":{"fi":"Suomen Keskusta","sv":"Centern i Finland","en":"Centre Party of Finland"},"caid":69,"position":0,"gender":"1","comparisonData":{"totalVotes":6,"votesTotalChange":-5},"edid":11,"comparativeIndex":0.0,"electionDayVotesPercent":0.0,"nominatorAbbr":{"fi":"KESK","sv":"C","en":"CENT"}},{"age":51,"advanceVotesPercent":0.1,"lastname":"Korte","occupation":"sanomalehdenjakaja","advanceVotes":1,"npid":4,"totalVotes":1,"spid":3,"abbr":"PS","municipalCouncilor":false,"muid":992,"alid":4,"firstname":"Tomi","electionDayVotes":0,"pid":"23","finalPosition":0,"electedInformation":"NOT_ELECTED","totalVotesPercent":0.0,"nominatorName":{"fi":"Perussuomalaiset","sv":"Sannfinländarna","en":"The Finns Party"},"caid":77,"position":0,"gender":"1","comparisonData":{"totalVotes":0,"votesTotalChange":1},"edid":11,"comparativeIndex":0.0,"electionDayVotesPercent":0.0,"nominatorAbbr":{"fi":"PS","sv":"Sannf","en":"FINNS"}},{"age":58,"advanceVotesPercent":0.0,"lastname":"Lahukka","occupation":"peltiseppä","advanceVotes":0,"npid":7,"totalVotes":1,"spid":6,"abbr":"VAS","municipalCouncilor":false,"muid":992,"alid":7,"firstname":"Seppo","electionDayVotes":1,"pid":"15","finalPosition":0,"electedInformation":"NOT_ELECTED","totalVotesPercent":0.0,"nominatorName":{"fi":"Vasemmistoliitto","sv":"Vänsterförbundet","en":"The Left Alliance"},"caid":106,"position":0,"gender":"1","comparisonData":{"totalVotes":0,"votesTotalChange":1},"edid":11,"comparativeIndex":0.0,"electionDayVotesPercent":0.1,"nominatorAbbr":{"fi":"VAS","sv":"VF","en":"LEFT"}},{"age":63,"advanceVotesPercent":0.1,"lastname":"Perälä","occupation":"historian opettaja","advanceVotes":1,"npid":7,"totalVotes":1,"spid":6,"abbr":"VAS","municipalCouncilor":false,"muid":992,"alid":7,"firstname":"Kari","electionDayVotes":0,"pid":"15","finalPosition":0,"electedInformation":"ON_SUBSTITUTE_PLACE","totalVotesPercent":0.0,"nominatorName":{"fi":"Vasemmistoliitto","sv":"Vänsterförbundet","en":"The Left Alliance"},"caid":117,"position":0,"gender":"1","comparisonData":{"totalVotes":0,"votesTotalChange":1},"edid":11,"comparativeIndex":0.0,"electionDayVotesPercent":0.0,"nominatorAbbr":{"fi":"VAS","sv":"VF","en":"LEFT"}},{"age":55,"advanceVotesPercent":0.0,"lastname":"Pöyhönen","occupation":"laitoshuoltaja","advanceVotes":0,"npid":7,"totalVotes":1,"spid":6,"abbr":"VAS","municipalCouncilor":false,"muid":992,"alid":7,"firstname":"Liudmila","electionDayVotes":1,"pid":"15","finalPosition":0,"electedInformation":"NOT_ELECTED","totalVotesPercent":0.0,"nominatorName":{"fi":"Vasemmistoliitto","sv":"Vänsterförbundet","en":"The Left Alliance"},"caid":118,"position":0,"gender":"2","comparisonData":{"totalVotes":0,"votesTotalChange":1},"edid":11,"comparativeIndex":0.0,"electionDayVotesPercent":0.1,"nominatorAbbr":{"fi":"VAS","sv":"VF","en":"LEFT"}},{"age":60,"advanceVotesPercent":0.0,"lastname":"Alanurmi","occupation":"lähihoitaja","advanceVotes":0,"npid":1,"totalVotes":0,"spid":4,"abbr":"SDP","municipalCouncilor":false,"muid":992,"alid":1,"firstname":"Mirja","electionDayVotes":0,"pid":"1","finalPosition":0,"electedInformation":"ON_SUBSTITUTE_PLACE","totalVotesPercent":0.0,"nominatorName":{"fi":"Suomen Sosialidemokraattinen Puolue","sv":"Finlands Socialdemokratiska Parti","en":"The Finnish Social Democratic Party"},"caid":19,"position":0,"gender":"2","comparisonData":{"totalVotes":0,"votesTotalChange":0},"edid":11,"comparativeIndex":0.0,"electionDayVotesPercent":0.0,"nominatorAbbr":{"fi":"SDP","sv":"SDP","en":"SDP"}},{"age":65,"advanceVotesPercent":0.0,"lastname":"Vilén","occupation":"perhehoitaja","advanceVotes":0,"npid":1,"totalVotes":0,"spid":4,"abbr":"SDP","municipalCouncilor":false,"muid":992,"alid":1,"firstname":"Erkki","electionDayVotes":0,"pid":"1","finalPosition":0,"electedInformation":"NOT_ELECTED","totalVotesPercent":0.0,"nominatorName":{"fi":"Suomen Sosialidemokraattinen Puolue","sv":"Finlands Socialdemokratiska Parti","en":"The Finnish Social Democratic Party"},"caid":25,"position":0,"gender":"1","comparisonData":{"totalVotes":15,"votesTotalChange":-15},"edid":11,"comparativeIndex":0.0,"electionDayVotesPercent":0.0,"nominatorAbbr":{"fi":"SDP","sv":"SDP","en":"SDP"}},{"age":66,"advanceVotesPercent":0.0,"lastname":"Seppälä-Kupari","occupation":"ompelija","advanceVotes":0,"npid":7,"totalVotes":0,"spid":6,"abbr":"VAS","municipalCouncilor":false,"muid":992,"alid":7,"firstname":"Helena","electionDayVotes":0,"pid":"15","finalPosition":0,"electedInformation":"NOT_ELECTED","totalVotesPercent":0.0,"nominatorName":{"fi":"Vasemmistoliitto","sv":"Vänsterförbundet","en":"The Left Alliance"},"caid":122,"position":0,"gender":"2","comparisonData":{"totalVotes":24,"votesTotalChange":-24},"edid":11,"comparativeIndex":0.0,"electionDayVotesPercent":0.0,"nominatorAbbr":{"fi":"VAS","sv":"VF","en":"LEFT"}}],"municipalityPollingDistricts":[{"name":{"fi":"Äänekoski","sv":"Äänekoski"},"calculationStatusPercent":100.0,"joinedArea":false,"muid":992,"totalVotingInFinlandTurnout":53.6,"identification":"001","pdid":"001","eligibleVotersInFinlandTotal":4298,"edid":11,"mergedToPdid":""},{"name":{"fi":"Markkamäki","sv":"Markkamäki"},"calculationStatusPercent":100.0,"joinedArea":false,"muid":992,"totalVotingInFinlandTurnout":56.3,"identification":"002","pdid":"002","eligibleVotersInFinlandTotal":3544,"edid":11,"mergedToPdid":""},{"name":{"fi":"Suolahti","sv":"Suolahti"},"calculationStatusPercent":100.0,"joinedArea":false,"muid":992,"totalVotingInFinlandTurnout":58.1,"identification":"003","pdid":"003","eligibleVotersInFinlandTotal":4080,"edid":11,"mergedToPdid":""},{"name":{"fi":"Honkola","sv":"Honkola"},"calculationStatusPercent":100.0,"joinedArea":false,"muid":992,"totalVotingInFinlandTurnout":58.4,"identification":"004","pdid":"004","eligibleVotersInFinlandTotal":1540,"edid":11,"mergedToPdid":""},{"name":{"fi":"Konginkangas","sv":"Konginkangas"},"calculationStatusPercent":100.0,"joinedArea":false,"muid":992,"totalVotingInFinlandTurnout":56.0,"identification":"005","pdid":"005","eligibleVotersInFinlandTotal":1080,"edid":11,"mergedToPdid":""},{"name":{"fi":"Sumiainen","sv":"Sumiainen"},"calculationStatusPercent":100.0,"joinedArea":false,"muid":992,"totalVotingInFinlandTurnout":59.9,"identification":"006","pdid":"006","eligibleVotersInFinlandTotal":851,"edid":11,"mergedToPdid":""}],"municipality":{"muid":992,"edid":11,"name":{"fi":"Äänekoski","sv":"Äänekoski"}}}