{"version":50,"created":"2017-04-09T20:57:37.805Z","electionDetails":{"electionId":"kv2017","electionDate":"2017-04-09T00:00:00.000Z","electionDataPublishTime":"2017-04-09T17:00:00.000Z","name":{"fi":"Kuntavaalit 2017","sv":"Kommunalval 2017","en":"Elections 2017"},"previousElections":{"correspondingCompareElection":{"electionId":"kv2012","electionDate":"2012-10-28T00:00:00.000Z","name":{"fi":"Kuntavaalit 2012","en":"Municipal elections 2012","sv":"Kommunalval 2012"}},"otherCompareElection":{"electionId":"ev2015","electionDate":"2015-04-19T00:00:00.000Z","name":{"fi":"Eduskuntavaalit 2015","en":"Parliamentary election 2015","sv":"Riksdagsval 2015"}}}},"calculationStatus":{"electionDayVotingTurnout":30.6,"invalidAdvanceVotes":1,"calculationPhase":"INITIAL","invalidElectionDayVotes":0,"approvedAdvanceVotes":222,"advanceVotingTurnout":26.6,"totalVotingTurnoutAbroad":0.0,"name":{"fi":"Leivonmäki","sv":"Leivonmäki"},"calculationStatusPercent":100.0,"advanceVotes":223,"electionDayVotingTurnoutAbroad":0.0,"approvedTotalVotes":480,"totalVotes":480,"muid":172,"totalVotingInFinlandTurnout":57.2,"advanceVotingTurnoutAbroad":0.0,"invalidTotalVotes":1,"totalVotingTurnout":57.2,"electionDayVotes":257,"electionDayVotesInFinland":257,"pdid":"002","totalVotesInFinlandMen":0,"eligibleVotersInFinlandTotal":839,"calculationStatusPercentElectionDayVotes":100.0,"sourceRecordModificationTime":"20170409223956","otherCompareElection":{"eid":"","eligibleVotersInFinlandTotal":0,"advanceVotingInFinlandTurnout":0.0,"electionDayVotingInFinlandTurnout":0.0,"totalVotingInFinlandTurnout":0.0,"approvedVotesTotal":0,"invalidVotesTotal":0},"correspondingCompareElection":{"eid":"","eligibleVotersInFinlandTotal":0,"advanceVotingInFinlandTurnout":0.0,"electionDayVotingInFinlandTurnout":0.0,"totalVotingInFinlandTurnout":0.0,"approvedVotesTotal":0,"invalidVotesTotal":0,"seats":0},"approvedElectionDayVotes":258,"edid":11,"calculationStatusPercentAdvanceVotes":100.0,"electionDayVotingInFinlandTurnout":30.6,"seats":0,"eligibleVotersTotal":839,"advanceVotesInFinland":223,"advanceVotingInFinlandTurnout":26.6,"totalVotesInFinland":480},"partyResults":[{"advanceVotesPercent":44.6,"name":{"fi":"Suomen Keskusta","sv":"Centern i Finland","en":"Centre Party of Finland"},"advanceVotes":99,"npid":3,"totalVotes":217,"spid":1,"abbr":{"fi":"KESK","sv":"C","en":"CENT"},"alid":3,"electionDayVotes":118,"pid":"2","totalVotesPercent":45.2,"nominatorName":{"fi":"Suomen Keskusta","sv":"Centern i Finland","en":"Centre Party of Finland"},"compareData":{"otherCompareElection":{"votesTotalChange":0,"votesTotalPercentChange":0.0,"votesTotal":217,"votesTotalPercent":45.2},"correspondingCompareElection":{"votesTotalChange":0,"votesTotalPercentChange":0.0,"seatChange":0,"votesTotal":217,"votesTotalPercent":45.2,"seatsTotal":0}},"seats":0,"electionDayVotesPercent":45.7,"nominatorAbbr":{"fi":"KESK","sv":"C","en":"CENT"}},{"advanceVotesPercent":16.7,"name":{"fi":"Vihreä liitto","sv":"Gröna förbundet","en":"Green League"},"advanceVotes":37,"npid":1,"totalVotes":80,"spid":5,"abbr":{"fi":"VIHR","sv":"Gröna","en":"GREEN"},"alid":1,"electionDayVotes":43,"pid":"13","totalVotesPercent":16.7,"nominatorName":{"fi":"Vihreä liitto","sv":"Gröna förbundet","en":"Green League"},"compareData":{"otherCompareElection":{"votesTotalChange":0,"votesTotalPercentChange":0.0,"votesTotal":80,"votesTotalPercent":16.7},"correspondingCompareElection":{"votesTotalChange":0,"votesTotalPercentChange":0.0,"seatChange":0,"votesTotal":80,"votesTotalPercent":16.7,"seatsTotal":0}},"seats":0,"electionDayVotesPercent":16.7,"nominatorAbbr":{"fi":"VIHR","sv":"Gröna","en":"GREEN"}},{"advanceVotesPercent":10.4,"name":{"fi":"Perussuomalaiset","sv":"Sannfinländarna","en":"The Finns Party"},"advanceVotes":23,"npid":2,"totalVotes":59,"spid":3,"abbr":{"fi":"PS","sv":"Sannf","en":"FINNS"},"alid":2,"electionDayVotes":36,"pid":"23","totalVotesPercent":12.3,"nominatorName":{"fi":"Perussuomalaiset","sv":"Sannfinländarna","en":"The Finns Party"},"compareData":{"otherCompareElection":{"votesTotalChange":0,"votesTotalPercentChange":0.0,"votesTotal":59,"votesTotalPercent":12.3},"correspondingCompareElection":{"votesTotalChange":0,"votesTotalPercentChange":0.0,"seatChange":0,"votesTotal":59,"votesTotalPercent":12.3,"seatsTotal":0}},"seats":0,"electionDayVotesPercent":14.0,"nominatorAbbr":{"fi":"PS","sv":"Sannf","en":"FINNS"}},{"advanceVotesPercent":9.0,"name":{"fi":"Kansallinen Kokoomus","sv":"Samlingspartiet","en":"National Coalition Party"},"advanceVotes":20,"npid":5,"totalVotes":48,"spid":2,"abbr":{"fi":"KOK","sv":"Saml","en":"NCP"},"alid":5,"electionDayVotes":28,"pid":"4","totalVotesPercent":10.0,"nominatorName":{"fi":"Kansallinen Kokoomus","sv":"Samlingspartiet","en":"National Coalition Party"},"compareData":{"otherCompareElection":{"votesTotalChange":0,"votesTotalPercentChange":0.0,"votesTotal":48,"votesTotalPercent":10.0},"correspondingCompareElection":{"votesTotalChange":0,"votesTotalPercentChange":0.0,"seatChange":0,"votesTotal":48,"votesTotalPercent":10.0,"seatsTotal":0}},"seats":0,"electionDayVotesPercent":10.9,"nominatorAbbr":{"fi":"KOK","sv":"Saml","en":"NCP"}},{"advanceVotesPercent":10.4,"name":{"fi":"Suomen Kristillisdemokraatit (KD)","sv":"Kristdemokraterna i Finland (KD)","en":"Christian Democrats in Finland"},"advanceVotes":23,"npid":4,"totalVotes":39,"spid":8,"abbr":{"fi":"KD","sv":"KD","en":"CD"},"alid":4,"electionDayVotes":16,"pid":"9","totalVotesPercent":8.1,"nominatorName":{"fi":"Suomen Kristillisdemokraatit (KD)","sv":"Kristdemokraterna i Finland (KD)","en":"Christian Democrats in Finland"},"compareData":{"otherCompareElection":{"votesTotalChange":0,"votesTotalPercentChange":0.0,"votesTotal":39,"votesTotalPercent":8.1},"correspondingCompareElection":{"votesTotalChange":0,"votesTotalPercentChange":0.0,"seatChange":0,"votesTotal":39,"votesTotalPercent":8.1,"seatsTotal":0}},"seats":0,"electionDayVotesPercent":6.2,"nominatorAbbr":{"fi":"KD","sv":"KD","en":"CD"}},{"advanceVotesPercent":9.0,"name":{"fi":"Suomen Sosialidemokraattinen Puolue","sv":"Finlands Socialdemokratiska Parti","en":"The Finnish Social Democratic Party"},"advanceVotes":20,"npid":6,"totalVotes":37,"spid":4,"abbr":{"fi":"SDP","sv":"SDP","en":"SDP"},"alid":6,"electionDayVotes":17,"pid":"1","totalVotesPercent":7.7,"nominatorName":{"fi":"Suomen Sosialidemokraattinen Puolue","sv":"Finlands Socialdemokratiska Parti","en":"The Finnish Social Democratic Party"},"compareData":{"otherCompareElection":{"votesTotalChange":0,"votesTotalPercentChange":0.0,"votesTotal":37,"votesTotalPercent":7.7},"correspondingCompareElection":{"votesTotalChange":0,"votesTotalPercentChange":0.0,"seatChange":0,"votesTotal":37,"votesTotalPercent":7.7,"seatsTotal":0}},"seats":0,"electionDayVotesPercent":6.6,"nominatorAbbr":{"fi":"SDP","sv":"SDP","en":"SDP"}}],"candidateResults":[{"age":64,"advanceVotesPercent":16.7,"lastname":"Nikkilä","occupation":"Agronomi, maanviljelijä","advanceVotes":37,"npid":1,"totalVotes":80,"spid":5,"abbr":"VIHR","municipalCouncilor":false,"muid":172,"alid":1,"firstname":"Lea-Elina","electionDayVotes":43,"pid":"13","finalPosition":0,"electedInformation":"ELECTED","totalVotesPercent":16.7,"nominatorName":{"fi":"Vihreä liitto","sv":"Gröna förbundet","en":"Green League"},"caid":2,"position":0,"gender":"2","comparisonData":{"totalVotes":0,"votesTotalChange":80},"edid":11,"comparativeIndex":0.0,"electionDayVotesPercent":16.7,"nominatorAbbr":{"fi":"VIHR","sv":"Gröna","en":"GREEN"}},{"age":44,"advanceVotesPercent":10.8,"lastname":"Hovila","occupation":"Opetushoitaja","advanceVotes":24,"npid":3,"totalVotes":57,"spid":1,"abbr":"KESK","municipalCouncilor":true,"muid":172,"alid":3,"firstname":"Sari","electionDayVotes":33,"pid":"2","finalPosition":0,"electedInformation":"ELECTED","totalVotesPercent":11.9,"nominatorName":{"fi":"Suomen Keskusta","sv":"Centern i Finland","en":"Centre Party of Finland"},"caid":11,"position":0,"gender":"2","comparisonData":{"totalVotes":66,"votesTotalChange":-9},"edid":11,"comparativeIndex":0.0,"electionDayVotesPercent":12.8,"nominatorAbbr":{"fi":"KESK","sv":"C","en":"CENT"}},{"age":69,"advanceVotesPercent":8.6,"lastname":"Tarkkanen","occupation":"Kyläpäällikkö, eläkkeellä","advanceVotes":19,"npid":3,"totalVotes":47,"spid":1,"abbr":"KESK","municipalCouncilor":false,"muid":172,"alid":3,"firstname":"Jouko","electionDayVotes":28,"pid":"2","finalPosition":0,"electedInformation":"ELECTED","totalVotesPercent":9.8,"nominatorName":{"fi":"Suomen Keskusta","sv":"Centern i Finland","en":"Centre Party of Finland"},"caid":21,"position":0,"gender":"1","comparisonData":{"totalVotes":0,"votesTotalChange":47},"edid":11,"comparativeIndex":0.0,"electionDayVotesPercent":10.9,"nominatorAbbr":{"fi":"KESK","sv":"C","en":"CENT"}},{"age":34,"advanceVotesPercent":6.3,"lastname":"Lehtonen","occupation":"Maaseutuyrittäjä","advanceVotes":14,"npid":2,"totalVotes":37,"spid":3,"abbr":"PS","municipalCouncilor":false,"muid":172,"alid":2,"firstname":"Jussi","electionDayVotes":23,"pid":"23","finalPosition":0,"electedInformation":"ELECTED","totalVotesPercent":7.7,"nominatorName":{"fi":"Perussuomalaiset","sv":"Sannfinländarna","en":"The Finns Party"},"caid":4,"position":0,"gender":"1","comparisonData":{"totalVotes":46,"votesTotalChange":-9},"edid":11,"comparativeIndex":0.0,"electionDayVotesPercent":8.9,"nominatorAbbr":{"fi":"PS","sv":"Sannf","en":"FINNS"}},{"age":74,"advanceVotesPercent":5.9,"lastname":"Hytönen","occupation":"Pitäjäneuvos, eläkkeellä","advanceVotes":13,"npid":3,"totalVotes":35,"spid":1,"abbr":"KESK","municipalCouncilor":true,"muid":172,"alid":3,"firstname":"Pekka","electionDayVotes":22,"pid":"2","finalPosition":0,"electedInformation":"ON_SUBSTITUTE_PLACE","totalVotesPercent":7.3,"nominatorName":{"fi":"Suomen Keskusta","sv":"Centern i Finland","en":"Centre Party of Finland"},"caid":12,"position":0,"gender":"1","comparisonData":{"totalVotes":55,"votesTotalChange":-20},"edid":11,"comparativeIndex":0.0,"electionDayVotesPercent":8.5,"nominatorAbbr":{"fi":"KESK","sv":"C","en":"CENT"}},{"age":73,"advanceVotesPercent":8.1,"lastname":"Kallioinen","occupation":"Rovasti","advanceVotes":18,"npid":4,"totalVotes":32,"spid":8,"abbr":"KD","municipalCouncilor":true,"muid":172,"alid":4,"firstname":"Matti","electionDayVotes":14,"pid":"9","finalPosition":0,"electedInformation":"ELECTED","totalVotesPercent":6.7,"nominatorName":{"fi":"Suomen Kristillisdemokraatit (KD)","sv":"Kristdemokraterna i Finland (KD)","en":"Christian Democrats in Finland"},"caid":31,"position":0,"gender":"1","comparisonData":{"totalVotes":71,"votesTotalChange":-39},"edid":11,"comparativeIndex":0.0,"electionDayVotesPercent":5.4,"nominatorAbbr":{"fi":"KD","sv":"KD","en":"CD"}},{"age":60,"advanceVotesPercent":7.2,"lastname":"Fredin","occupation":"Maaseutuyrittäjä","advanceVotes":16,"npid":3,"totalVotes":29,"spid":1,"abbr":"KESK","municipalCouncilor":true,"muid":172,"alid":3,"firstname":"Kalevi","electionDayVotes":13,"pid":"2","finalPosition":0,"electedInformation":"ELECTED","totalVotesPercent":6.0,"nominatorName":{"fi":"Suomen Keskusta","sv":"Centern i Finland","en":"Centre Party of Finland"},"caid":10,"position":0,"gender":"1","comparisonData":{"totalVotes":49,"votesTotalChange":-20},"edid":11,"comparativeIndex":0.0,"electionDayVotesPercent":5.0,"nominatorAbbr":{"fi":"KESK","sv":"C","en":"CENT"}},{"age":54,"advanceVotesPercent":3.2,"lastname":"Ilmonen","occupation":"Yrittäjä, tuotantoassistentti","advanceVotes":7,"npid":5,"totalVotes":21,"spid":2,"abbr":"KOK","municipalCouncilor":true,"muid":172,"alid":5,"firstname":"Iiris","electionDayVotes":14,"pid":"4","finalPosition":0,"electedInformation":"ELECTED","totalVotesPercent":4.4,"nominatorName":{"fi":"Kansallinen Kokoomus","sv":"Samlingspartiet","en":"National Coalition Party"},"caid":41,"position":0,"gender":"2","comparisonData":{"totalVotes":57,"votesTotalChange":-36},"edid":11,"comparativeIndex":0.0,"electionDayVotesPercent":5.4,"nominatorAbbr":{"fi":"KOK","sv":"Saml","en":"NCP"}},{"age":36,"advanceVotesPercent":2.7,"lastname":"Kaistinen","occupation":"Insinööriopiskelija, autonkuljettaja","advanceVotes":6,"npid":2,"totalVotes":16,"spid":3,"abbr":"PS","municipalCouncilor":false,"muid":172,"alid":2,"firstname":"Saku","electionDayVotes":10,"pid":"23","finalPosition":0,"electedInformation":"ELECTED","totalVotesPercent":3.3,"nominatorName":{"fi":"Perussuomalaiset","sv":"Sannfinländarna","en":"The Finns Party"},"caid":3,"position":0,"gender":"1","comparisonData":{"totalVotes":0,"votesTotalChange":16},"edid":11,"comparativeIndex":0.0,"electionDayVotesPercent":3.9,"nominatorAbbr":{"fi":"PS","sv":"Sannf","en":"FINNS"}},{"age":76,"advanceVotesPercent":4.1,"lastname":"Temisevä","occupation":"Eläkeläinen","advanceVotes":9,"npid":3,"totalVotes":14,"spid":1,"abbr":"KESK","municipalCouncilor":false,"muid":172,"alid":3,"firstname":"Liisa","electionDayVotes":5,"pid":"2","finalPosition":0,"electedInformation":"ON_SUBSTITUTE_PLACE","totalVotesPercent":2.9,"nominatorName":{"fi":"Suomen Keskusta","sv":"Centern i Finland","en":"Centre Party of Finland"},"caid":22,"position":0,"gender":"2","comparisonData":{"totalVotes":0,"votesTotalChange":14},"edid":11,"comparativeIndex":0.0,"electionDayVotesPercent":1.9,"nominatorAbbr":{"fi":"KESK","sv":"C","en":"CENT"}},{"age":42,"advanceVotesPercent":2.3,"lastname":"Kuitunen","occupation":"Ohjaaja","advanceVotes":5,"npid":6,"totalVotes":12,"spid":4,"abbr":"SDP","municipalCouncilor":true,"muid":172,"alid":6,"firstname":"Marjaana","electionDayVotes":7,"pid":"1","finalPosition":0,"electedInformation":"ELECTED","totalVotesPercent":2.5,"nominatorName":{"fi":"Suomen Sosialidemokraattinen Puolue","sv":"Finlands Socialdemokratiska Parti","en":"The Finnish Social Democratic Party"},"caid":54,"position":0,"gender":"2","comparisonData":{"totalVotes":63,"votesTotalChange":-51},"edid":11,"comparativeIndex":0.0,"electionDayVotesPercent":2.7,"nominatorAbbr":{"fi":"SDP","sv":"SDP","en":"SDP"}},{"age":59,"advanceVotesPercent":2.3,"lastname":"Suomalainen","occupation":"Verkostoasentaja, pääluottamusmies","advanceVotes":5,"npid":6,"totalVotes":9,"spid":4,"abbr":"SDP","municipalCouncilor":true,"muid":172,"alid":6,"firstname":"Keijo","electionDayVotes":4,"pid":"1","finalPosition":0,"electedInformation":"ELECTED","totalVotesPercent":1.9,"nominatorName":{"fi":"Suomen Sosialidemokraattinen Puolue","sv":"Finlands Socialdemokratiska Parti","en":"The Finnish Social Democratic Party"},"caid":61,"position":0,"gender":"1","comparisonData":{"totalVotes":112,"votesTotalChange":-103},"edid":11,"comparativeIndex":0.0,"electionDayVotesPercent":1.6,"nominatorAbbr":{"fi":"SDP","sv":"SDP","en":"SDP"}},{"age":37,"advanceVotesPercent":2.3,"lastname":"Huikko","occupation":"Toimittaja, insinööri","advanceVotes":5,"npid":5,"totalVotes":7,"spid":2,"abbr":"KOK","municipalCouncilor":false,"muid":172,"alid":5,"firstname":"Jukka","electionDayVotes":2,"pid":"4","finalPosition":0,"electedInformation":"ELECTED","totalVotesPercent":1.5,"nominatorName":{"fi":"Kansallinen Kokoomus","sv":"Samlingspartiet","en":"National Coalition Party"},"caid":38,"position":0,"gender":"1","comparisonData":{"totalVotes":0,"votesTotalChange":7},"edid":11,"comparativeIndex":0.0,"electionDayVotesPercent":0.8,"nominatorAbbr":{"fi":"KOK","sv":"Saml","en":"NCP"}},{"age":67,"advanceVotesPercent":1.4,"lastname":"Kuurne","occupation":"Toimitusjohtaja","advanceVotes":3,"npid":3,"totalVotes":6,"spid":1,"abbr":"KESK","municipalCouncilor":true,"muid":172,"alid":3,"firstname":"Heikki","electionDayVotes":3,"pid":"2","finalPosition":0,"electedInformation":"ELECTED","totalVotesPercent":1.3,"nominatorName":{"fi":"Suomen Keskusta","sv":"Centern i Finland","en":"Centre Party of Finland"},"caid":13,"position":0,"gender":"1","comparisonData":{"totalVotes":397,"votesTotalChange":-391},"edid":11,"comparativeIndex":0.0,"electionDayVotesPercent":1.2,"nominatorAbbr":{"fi":"KESK","sv":"C","en":"CENT"}},{"age":48,"advanceVotesPercent":1.4,"lastname":"Kyröläinen","occupation":"Maanviljelijä, koneurakoitsija","advanceVotes":3,"npid":3,"totalVotes":6,"spid":1,"abbr":"KESK","municipalCouncilor":true,"muid":172,"alid":3,"firstname":"Tapio","electionDayVotes":3,"pid":"2","finalPosition":0,"electedInformation":"ELECTED","totalVotesPercent":1.3,"nominatorName":{"fi":"Suomen Keskusta","sv":"Centern i Finland","en":"Centre Party of Finland"},"caid":14,"position":0,"gender":"1","comparisonData":{"totalVotes":61,"votesTotalChange":-55},"edid":11,"comparativeIndex":0.0,"electionDayVotesPercent":1.2,"nominatorAbbr":{"fi":"KESK","sv":"C","en":"CENT"}},{"age":67,"advanceVotesPercent":1.8,"lastname":"Partanen","occupation":"Ympäristötarkastaja, eläkkeellä","advanceVotes":4,"npid":3,"totalVotes":5,"spid":1,"abbr":"KESK","municipalCouncilor":false,"muid":172,"alid":3,"firstname":"Jukka","electionDayVotes":1,"pid":"2","finalPosition":0,"electedInformation":"ON_SUBSTITUTE_PLACE","totalVotesPercent":1.0,"nominatorName":{"fi":"Suomen Keskusta","sv":"Centern i Finland","en":"Centre Party of Finland"},"caid":16,"position":0,"gender":"1","comparisonData":{"totalVotes":0,"votesTotalChange":5},"edid":11,"comparativeIndex":0.0,"electionDayVotesPercent":0.4,"nominatorAbbr":{"fi":"KESK","sv":"C","en":"CENT"}},{"age":41,"advanceVotesPercent":0.9,"lastname":"Reinikainen","occupation":"Perushoitaja","advanceVotes":2,"npid":3,"totalVotes":5,"spid":1,"abbr":"KESK","municipalCouncilor":false,"muid":172,"alid":3,"firstname":"Katri","electionDayVotes":3,"pid":"2","finalPosition":0,"electedInformation":"ELECTED","totalVotesPercent":1.0,"nominatorName":{"fi":"Suomen Keskusta","sv":"Centern i Finland","en":"Centre Party of Finland"},"caid":18,"position":0,"gender":"2","comparisonData":{"totalVotes":0,"votesTotalChange":5},"edid":11,"comparativeIndex":0.0,"electionDayVotesPercent":1.2,"nominatorAbbr":{"fi":"KESK","sv":"C","en":"CENT"}},{"age":27,"advanceVotesPercent":1.4,"lastname":"Takala","occupation":"Liikunta- ja nuorisoalan ammattilainen","advanceVotes":3,"npid":3,"totalVotes":5,"spid":1,"abbr":"KESK","municipalCouncilor":true,"muid":172,"alid":3,"firstname":"Otto","electionDayVotes":2,"pid":"2","finalPosition":0,"electedInformation":"ELECTED","totalVotesPercent":1.0,"nominatorName":{"fi":"Suomen Keskusta","sv":"Centern i Finland","en":"Centre Party of Finland"},"caid":20,"position":0,"gender":"1","comparisonData":{"totalVotes":37,"votesTotalChange":-32},"edid":11,"comparativeIndex":0.0,"electionDayVotesPercent":0.8,"nominatorAbbr":{"fi":"KESK","sv":"C","en":"CENT"}},{"age":50,"advanceVotesPercent":0.0,"lastname":"Aapro","occupation":"Lihamestari, ruokamestari","advanceVotes":0,"npid":5,"totalVotes":5,"spid":2,"abbr":"KOK","municipalCouncilor":false,"muid":172,"alid":5,"firstname":"Ari","electionDayVotes":5,"pid":"4","finalPosition":0,"electedInformation":"ELECTED","totalVotesPercent":1.0,"nominatorName":{"fi":"Kansallinen Kokoomus","sv":"Samlingspartiet","en":"National Coalition Party"},"caid":32,"position":0,"gender":"1","comparisonData":{"totalVotes":0,"votesTotalChange":5},"edid":11,"comparativeIndex":0.0,"electionDayVotesPercent":1.9,"nominatorAbbr":{"fi":"KOK","sv":"Saml","en":"NCP"}},{"age":69,"advanceVotesPercent":1.8,"lastname":"Peltoniemi","occupation":"Kasvatustieteen maisteri, kulttuuritoimija","advanceVotes":4,"npid":6,"totalVotes":5,"spid":4,"abbr":"SDP","municipalCouncilor":true,"muid":172,"alid":6,"firstname":"Eero","electionDayVotes":1,"pid":"1","finalPosition":0,"electedInformation":"ELECTED","totalVotesPercent":1.0,"nominatorName":{"fi":"Suomen Sosialidemokraattinen Puolue","sv":"Finlands Socialdemokratiska Parti","en":"The Finnish Social Democratic Party"},"caid":58,"position":0,"gender":"1","comparisonData":{"totalVotes":66,"votesTotalChange":-61},"edid":11,"comparativeIndex":0.0,"electionDayVotesPercent":0.4,"nominatorAbbr":{"fi":"SDP","sv":"SDP","en":"SDP"}},{"age":46,"advanceVotesPercent":0.9,"lastname":"Saari","occupation":"Viilunkäsittelijä, kalastaja","advanceVotes":2,"npid":6,"totalVotes":4,"spid":4,"abbr":"SDP","municipalCouncilor":false,"muid":172,"alid":6,"firstname":"Anssi","electionDayVotes":2,"pid":"1","finalPosition":0,"electedInformation":"ON_SUBSTITUTE_PLACE","totalVotesPercent":0.8,"nominatorName":{"fi":"Suomen Sosialidemokraattinen Puolue","sv":"Finlands Socialdemokratiska Parti","en":"The Finnish Social Democratic Party"},"caid":59,"position":0,"gender":"1","comparisonData":{"totalVotes":22,"votesTotalChange":-18},"edid":11,"comparativeIndex":0.0,"electionDayVotesPercent":0.8,"nominatorAbbr":{"fi":"SDP","sv":"SDP","en":"SDP"}},{"age":47,"advanceVotesPercent":0.9,"lastname":"Mäkinen","occupation":"Kahvilayrittäjä","advanceVotes":2,"npid":2,"totalVotes":3,"spid":3,"abbr":"PS","municipalCouncilor":false,"muid":172,"alid":2,"firstname":"Pirjo","electionDayVotes":1,"pid":"23","finalPosition":0,"electedInformation":"NOT_ELECTED","totalVotesPercent":0.6,"nominatorName":{"fi":"Perussuomalaiset","sv":"Sannfinländarna","en":"The Finns Party"},"caid":5,"position":0,"gender":"2","comparisonData":{"totalVotes":0,"votesTotalChange":3},"edid":11,"comparativeIndex":0.0,"electionDayVotesPercent":0.4,"nominatorAbbr":{"fi":"PS","sv":"Sannf","en":"FINNS"}},{"age":58,"advanceVotesPercent":0.9,"lastname":"Hölttä","occupation":"Maanviljelijä","advanceVotes":2,"npid":4,"totalVotes":3,"spid":8,"abbr":"KD","municipalCouncilor":true,"muid":172,"alid":4,"firstname":"Arto","electionDayVotes":1,"pid":"9","finalPosition":0,"electedInformation":"ON_SUBSTITUTE_PLACE","totalVotesPercent":0.6,"nominatorName":{"fi":"Suomen Kristillisdemokraatit (KD)","sv":"Kristdemokraterna i Finland (KD)","en":"Christian Democrats in Finland"},"caid":29,"position":0,"gender":"1","comparisonData":{"totalVotes":75,"votesTotalChange":-72},"edid":11,"comparativeIndex":0.0,"electionDayVotesPercent":0.4,"nominatorAbbr":{"fi":"KD","sv":"KD","en":"CD"}},{"age":65,"advanceVotesPercent":0.5,"lastname":"Talja","occupation":"Eläkeläinen, vapaaehtoistoimija","advanceVotes":1,"npid":2,"totalVotes":2,"spid":3,"abbr":"PS","municipalCouncilor":false,"muid":172,"alid":2,"firstname":"Aarre","electionDayVotes":1,"pid":"23","finalPosition":0,"electedInformation":"ON_SUBSTITUTE_PLACE","totalVotesPercent":0.4,"nominatorName":{"fi":"Perussuomalaiset","sv":"Sannfinländarna","en":"The Finns Party"},"caid":8,"position":0,"gender":"1","comparisonData":{"totalVotes":45,"votesTotalChange":-43},"edid":11,"comparativeIndex":0.0,"electionDayVotesPercent":0.4,"nominatorAbbr":{"fi":"PS","sv":"Sannf","en":"FINNS"}},{"age":58,"advanceVotesPercent":0.9,"lastname":"Peltonen","occupation":"Ylikonstaapeli, eläkkeellä","advanceVotes":2,"npid":3,"totalVotes":2,"spid":1,"abbr":"KESK","municipalCouncilor":true,"muid":172,"alid":3,"firstname":"Niilo","electionDayVotes":0,"pid":"2","finalPosition":0,"electedInformation":"ELECTED","totalVotesPercent":0.4,"nominatorName":{"fi":"Suomen Keskusta","sv":"Centern i Finland","en":"Centre Party of Finland"},"caid":17,"position":0,"gender":"1","comparisonData":{"totalVotes":44,"votesTotalChange":-42},"edid":11,"comparativeIndex":0.0,"electionDayVotesPercent":0.0,"nominatorAbbr":{"fi":"KESK","sv":"C","en":"CENT"}},{"age":65,"advanceVotesPercent":0.0,"lastname":"Salonen","occupation":"Eläkeläinen","advanceVotes":0,"npid":3,"totalVotes":2,"spid":1,"abbr":"KESK","municipalCouncilor":true,"muid":172,"alid":3,"firstname":"Maija","electionDayVotes":2,"pid":"2","finalPosition":0,"electedInformation":"ELECTED","totalVotesPercent":0.4,"nominatorName":{"fi":"Suomen Keskusta","sv":"Centern i Finland","en":"Centre Party of Finland"},"caid":19,"position":0,"gender":"2","comparisonData":{"totalVotes":37,"votesTotalChange":-35},"edid":11,"comparativeIndex":0.0,"electionDayVotesPercent":0.8,"nominatorAbbr":{"fi":"KESK","sv":"C","en":"CENT"}},{"age":71,"advanceVotesPercent":0.5,"lastname":"Honkapää","occupation":"Eläkeläinen","advanceVotes":1,"npid":4,"totalVotes":2,"spid":8,"abbr":"KD","municipalCouncilor":false,"muid":172,"alid":4,"firstname":"Pekka","electionDayVotes":1,"pid":"9","finalPosition":0,"electedInformation":"NOT_ELECTED","totalVotesPercent":0.4,"nominatorName":{"fi":"Suomen Kristillisdemokraatit (KD)","sv":"Kristdemokraterna i Finland (KD)","en":"Christian Democrats in Finland"},"caid":28,"position":0,"gender":"1","comparisonData":{"totalVotes":16,"votesTotalChange":-14},"edid":11,"comparativeIndex":0.0,"electionDayVotesPercent":0.4,"nominatorAbbr":{"fi":"KD","sv":"KD","en":"CD"}},{"age":53,"advanceVotesPercent":0.9,"lastname":"Hölttä","occupation":"Vapaaehtoistyöntekijä","advanceVotes":2,"npid":4,"totalVotes":2,"spid":8,"abbr":"KD","municipalCouncilor":false,"muid":172,"alid":4,"firstname":"Erja","electionDayVotes":0,"pid":"9","finalPosition":0,"electedInformation":"ON_SUBSTITUTE_PLACE","totalVotesPercent":0.4,"nominatorName":{"fi":"Suomen Kristillisdemokraatit (KD)","sv":"Kristdemokraterna i Finland (KD)","en":"Christian Democrats in Finland"},"caid":30,"position":0,"gender":"2","comparisonData":{"totalVotes":0,"votesTotalChange":2},"edid":11,"comparativeIndex":0.0,"electionDayVotesPercent":0.0,"nominatorAbbr":{"fi":"KD","sv":"KD","en":"CD"}},{"age":56,"advanceVotesPercent":0.5,"lastname":"Hännikäinen","occupation":"Maanviljelijä, metsäyrittäjä","advanceVotes":1,"npid":5,"totalVotes":2,"spid":2,"abbr":"KOK","municipalCouncilor":false,"muid":172,"alid":5,"firstname":"Timo","electionDayVotes":1,"pid":"4","finalPosition":0,"electedInformation":"ELECTED","totalVotesPercent":0.4,"nominatorName":{"fi":"Kansallinen Kokoomus","sv":"Samlingspartiet","en":"National Coalition Party"},"caid":40,"position":0,"gender":"1","comparisonData":{"totalVotes":0,"votesTotalChange":2},"edid":11,"comparativeIndex":0.0,"electionDayVotesPercent":0.4,"nominatorAbbr":{"fi":"KOK","sv":"Saml","en":"NCP"}},{"age":76,"advanceVotesPercent":0.5,"lastname":"Kuitunen","occupation":"Eläkeläinen, yrittäjä","advanceVotes":1,"npid":5,"totalVotes":2,"spid":2,"abbr":"KOK","municipalCouncilor":false,"muid":172,"alid":5,"firstname":"Antero","electionDayVotes":1,"pid":"4","finalPosition":0,"electedInformation":"NOT_ELECTED","totalVotesPercent":0.4,"nominatorName":{"fi":"Kansallinen Kokoomus","sv":"Samlingspartiet","en":"National Coalition Party"},"caid":42,"position":0,"gender":"1","comparisonData":{"totalVotes":6,"votesTotalChange":-4},"edid":11,"comparativeIndex":0.0,"electionDayVotesPercent":0.4,"nominatorAbbr":{"fi":"KOK","sv":"Saml","en":"NCP"}},{"age":27,"advanceVotesPercent":0.5,"lastname":"Teppola","occupation":"Kokki, hevoshieroja","advanceVotes":1,"npid":5,"totalVotes":2,"spid":2,"abbr":"KOK","municipalCouncilor":false,"muid":172,"alid":5,"firstname":"Teresa","electionDayVotes":1,"pid":"4","finalPosition":0,"electedInformation":"ELECTED","totalVotesPercent":0.4,"nominatorName":{"fi":"Kansallinen Kokoomus","sv":"Samlingspartiet","en":"National Coalition Party"},"caid":51,"position":0,"gender":"2","comparisonData":{"totalVotes":0,"votesTotalChange":2},"edid":11,"comparativeIndex":0.0,"electionDayVotesPercent":0.4,"nominatorAbbr":{"fi":"KOK","sv":"Saml","en":"NCP"}},{"age":45,"advanceVotesPercent":0.5,"lastname":"Toivonen","occupation":"Lähihoitaja, varapääluottamusmies","advanceVotes":1,"npid":5,"totalVotes":2,"spid":2,"abbr":"KOK","municipalCouncilor":true,"muid":172,"alid":5,"firstname":"Terhi","electionDayVotes":1,"pid":"4","finalPosition":0,"electedInformation":"ON_SUBSTITUTE_PLACE","totalVotesPercent":0.4,"nominatorName":{"fi":"Kansallinen Kokoomus","sv":"Samlingspartiet","en":"National Coalition Party"},"caid":52,"position":0,"gender":"2","comparisonData":{"totalVotes":37,"votesTotalChange":-35},"edid":11,"comparativeIndex":0.0,"electionDayVotesPercent":0.4,"nominatorAbbr":{"fi":"KOK","sv":"Saml","en":"NCP"}},{"age":51,"advanceVotesPercent":0.0,"lastname":"Vuopio","occupation":"Rakennusinsinööri (AMK) rakennuttajainsinööri","advanceVotes":0,"npid":5,"totalVotes":2,"spid":2,"abbr":"KOK","municipalCouncilor":false,"muid":172,"alid":5,"firstname":"Jari","electionDayVotes":2,"pid":"4","finalPosition":0,"electedInformation":"ON_SUBSTITUTE_PLACE","totalVotesPercent":0.4,"nominatorName":{"fi":"Kansallinen Kokoomus","sv":"Samlingspartiet","en":"National Coalition Party"},"caid":53,"position":0,"gender":"1","comparisonData":{"totalVotes":0,"votesTotalChange":2},"edid":11,"comparativeIndex":0.0,"electionDayVotesPercent":0.8,"nominatorAbbr":{"fi":"KOK","sv":"Saml","en":"NCP"}},{"age":65,"advanceVotesPercent":0.5,"lastname":"Niinikoski","occupation":"Yhteiskuntatieteiden maisteri","advanceVotes":1,"npid":6,"totalVotes":2,"spid":4,"abbr":"SDP","municipalCouncilor":false,"muid":172,"alid":6,"firstname":"Aila","electionDayVotes":1,"pid":"1","finalPosition":0,"electedInformation":"ON_SUBSTITUTE_PLACE","totalVotesPercent":0.4,"nominatorName":{"fi":"Suomen Sosialidemokraattinen Puolue","sv":"Finlands Socialdemokratiska Parti","en":"The Finnish Social Democratic Party"},"caid":56,"position":0,"gender":"2","comparisonData":{"totalVotes":0,"votesTotalChange":2},"edid":11,"comparativeIndex":0.0,"electionDayVotesPercent":0.4,"nominatorAbbr":{"fi":"SDP","sv":"SDP","en":"SDP"}},{"age":67,"advanceVotesPercent":0.9,"lastname":"Niinikoski","occupation":"Koulutuspäällikkö, eläkeläinen","advanceVotes":2,"npid":6,"totalVotes":2,"spid":4,"abbr":"SDP","municipalCouncilor":true,"muid":172,"alid":6,"firstname":"Leo","electionDayVotes":0,"pid":"1","finalPosition":0,"electedInformation":"ON_SUBSTITUTE_PLACE","totalVotesPercent":0.4,"nominatorName":{"fi":"Suomen Sosialidemokraattinen Puolue","sv":"Finlands Socialdemokratiska Parti","en":"The Finnish Social Democratic Party"},"caid":57,"position":0,"gender":"1","comparisonData":{"totalVotes":34,"votesTotalChange":-32},"edid":11,"comparativeIndex":0.0,"electionDayVotesPercent":0.0,"nominatorAbbr":{"fi":"SDP","sv":"SDP","en":"SDP"}},{"age":44,"advanceVotesPercent":0.0,"lastname":"Salminen","occupation":"Yrittäjä","advanceVotes":0,"npid":2,"totalVotes":1,"spid":3,"abbr":"PS","municipalCouncilor":false,"muid":172,"alid":2,"firstname":"Petri","electionDayVotes":1,"pid":"23","finalPosition":0,"electedInformation":"ON_SUBSTITUTE_PLACE","totalVotesPercent":0.2,"nominatorName":{"fi":"Perussuomalaiset","sv":"Sannfinländarna","en":"The Finns Party"},"caid":7,"position":0,"gender":"1","comparisonData":{"totalVotes":0,"votesTotalChange":1},"edid":11,"comparativeIndex":0.0,"electionDayVotesPercent":0.4,"nominatorAbbr":{"fi":"PS","sv":"Sannf","en":"FINNS"}},{"age":62,"advanceVotesPercent":0.5,"lastname":"Liukkonen","occupation":"Ympäristöterveystarkastaja","advanceVotes":1,"npid":3,"totalVotes":1,"spid":1,"abbr":"KESK","municipalCouncilor":false,"muid":172,"alid":3,"firstname":"Jarmo","electionDayVotes":0,"pid":"2","finalPosition":0,"electedInformation":"ELECTED","totalVotesPercent":0.2,"nominatorName":{"fi":"Suomen Keskusta","sv":"Centern i Finland","en":"Centre Party of Finland"},"caid":15,"position":0,"gender":"1","comparisonData":{"totalVotes":0,"votesTotalChange":1},"edid":11,"comparativeIndex":0.0,"electionDayVotesPercent":0.0,"nominatorAbbr":{"fi":"KESK","sv":"C","en":"CENT"}},{"age":59,"advanceVotesPercent":0.0,"lastname":"Tommola","occupation":"Metsätalousinsinööri","advanceVotes":0,"npid":3,"totalVotes":1,"spid":1,"abbr":"KESK","municipalCouncilor":false,"muid":172,"alid":3,"firstname":"Ulla","electionDayVotes":1,"pid":"2","finalPosition":0,"electedInformation":"ON_SUBSTITUTE_PLACE","totalVotesPercent":0.2,"nominatorName":{"fi":"Suomen Keskusta","sv":"Centern i Finland","en":"Centre Party of Finland"},"caid":23,"position":0,"gender":"2","comparisonData":{"totalVotes":0,"votesTotalChange":1},"edid":11,"comparativeIndex":0.0,"electionDayVotesPercent":0.4,"nominatorAbbr":{"fi":"KESK","sv":"C","en":"CENT"}},{"age":42,"advanceVotesPercent":0.0,"lastname":"Tupala","occupation":"Maanviljelijä","advanceVotes":0,"npid":3,"totalVotes":1,"spid":1,"abbr":"KESK","municipalCouncilor":false,"muid":172,"alid":3,"firstname":"Arto","electionDayVotes":1,"pid":"2","finalPosition":0,"electedInformation":"ELECTED","totalVotesPercent":0.2,"nominatorName":{"fi":"Suomen Keskusta","sv":"Centern i Finland","en":"Centre Party of Finland"},"caid":24,"position":0,"gender":"1","comparisonData":{"totalVotes":21,"votesTotalChange":-20},"edid":11,"comparativeIndex":0.0,"electionDayVotesPercent":0.4,"nominatorAbbr":{"fi":"KESK","sv":"C","en":"CENT"}},{"age":62,"advanceVotesPercent":0.0,"lastname":"Tuukkanen","occupation":"Yrittäjä","advanceVotes":0,"npid":3,"totalVotes":1,"spid":1,"abbr":"KESK","municipalCouncilor":false,"muid":172,"alid":3,"firstname":"Matti","electionDayVotes":1,"pid":"2","finalPosition":0,"electedInformation":"ON_SUBSTITUTE_PLACE","totalVotesPercent":0.2,"nominatorName":{"fi":"Suomen Keskusta","sv":"Centern i Finland","en":"Centre Party of Finland"},"caid":25,"position":0,"gender":"1","comparisonData":{"totalVotes":0,"votesTotalChange":1},"edid":11,"comparativeIndex":0.0,"electionDayVotesPercent":0.4,"nominatorAbbr":{"fi":"KESK","sv":"C","en":"CENT"}},{"age":81,"advanceVotesPercent":0.5,"lastname":"Ahola","occupation":"Entinen autoilija, eläkeläinen","advanceVotes":1,"npid":5,"totalVotes":1,"spid":2,"abbr":"KOK","municipalCouncilor":false,"muid":172,"alid":5,"firstname":"Rauno","electionDayVotes":0,"pid":"4","finalPosition":0,"electedInformation":"ON_SUBSTITUTE_PLACE","totalVotesPercent":0.2,"nominatorName":{"fi":"Kansallinen Kokoomus","sv":"Samlingspartiet","en":"National Coalition Party"},"caid":33,"position":0,"gender":"1","comparisonData":{"totalVotes":0,"votesTotalChange":1},"edid":11,"comparativeIndex":0.0,"electionDayVotesPercent":0.0,"nominatorAbbr":{"fi":"KOK","sv":"Saml","en":"NCP"}},{"age":66,"advanceVotesPercent":0.5,"lastname":"Avikainen","occupation":"Yrittäjä","advanceVotes":1,"npid":5,"totalVotes":1,"spid":2,"abbr":"KOK","municipalCouncilor":false,"muid":172,"alid":5,"firstname":"Ansa","electionDayVotes":0,"pid":"4","finalPosition":0,"electedInformation":"ON_SUBSTITUTE_PLACE","totalVotesPercent":0.2,"nominatorName":{"fi":"Kansallinen Kokoomus","sv":"Samlingspartiet","en":"National Coalition Party"},"caid":34,"position":0,"gender":"2","comparisonData":{"totalVotes":19,"votesTotalChange":-18},"edid":11,"comparativeIndex":0.0,"electionDayVotesPercent":0.0,"nominatorAbbr":{"fi":"KOK","sv":"Saml","en":"NCP"}},{"age":51,"advanceVotesPercent":0.0,"lastname":"Hautakangas","occupation":"Asentaja","advanceVotes":0,"npid":5,"totalVotes":1,"spid":2,"abbr":"KOK","municipalCouncilor":false,"muid":172,"alid":5,"firstname":"Jouni","electionDayVotes":1,"pid":"4","finalPosition":0,"electedInformation":"ON_SUBSTITUTE_PLACE","totalVotesPercent":0.2,"nominatorName":{"fi":"Kansallinen Kokoomus","sv":"Samlingspartiet","en":"National Coalition Party"},"caid":37,"position":0,"gender":"1","comparisonData":{"totalVotes":0,"votesTotalChange":1},"edid":11,"comparativeIndex":0.0,"electionDayVotesPercent":0.4,"nominatorAbbr":{"fi":"KOK","sv":"Saml","en":"NCP"}},{"age":29,"advanceVotesPercent":0.5,"lastname":"Hujanen","occupation":"Vapaaehtoistyöntekijä, työtön","advanceVotes":1,"npid":5,"totalVotes":1,"spid":2,"abbr":"KOK","municipalCouncilor":false,"muid":172,"alid":5,"firstname":"Iita","electionDayVotes":0,"pid":"4","finalPosition":0,"electedInformation":"NOT_ELECTED","totalVotesPercent":0.2,"nominatorName":{"fi":"Kansallinen Kokoomus","sv":"Samlingspartiet","en":"National Coalition Party"},"caid":39,"position":0,"gender":"2","comparisonData":{"totalVotes":0,"votesTotalChange":1},"edid":11,"comparativeIndex":0.0,"electionDayVotesPercent":0.0,"nominatorAbbr":{"fi":"KOK","sv":"Saml","en":"NCP"}},{"age":49,"advanceVotesPercent":0.5,"lastname":"Lehtonen","occupation":"Yrittäjä","advanceVotes":1,"npid":5,"totalVotes":1,"spid":2,"abbr":"KOK","municipalCouncilor":false,"muid":172,"alid":5,"firstname":"Mika","electionDayVotes":0,"pid":"4","finalPosition":0,"electedInformation":"NOT_ELECTED","totalVotesPercent":0.2,"nominatorName":{"fi":"Kansallinen Kokoomus","sv":"Samlingspartiet","en":"National Coalition Party"},"caid":43,"position":0,"gender":"1","comparisonData":{"totalVotes":15,"votesTotalChange":-14},"edid":11,"comparativeIndex":0.0,"electionDayVotesPercent":0.0,"nominatorAbbr":{"fi":"KOK","sv":"Saml","en":"NCP"}},{"age":75,"advanceVotesPercent":0.0,"lastname":"Lepistö","occupation":"Työkalunvalmistaja, eläkeläinen","advanceVotes":0,"npid":6,"totalVotes":1,"spid":4,"abbr":"SDP","municipalCouncilor":false,"muid":172,"alid":6,"firstname":"Taisto","electionDayVotes":1,"pid":"1","finalPosition":0,"electedInformation":"ON_SUBSTITUTE_PLACE","totalVotesPercent":0.2,"nominatorName":{"fi":"Suomen Sosialidemokraattinen Puolue","sv":"Finlands Socialdemokratiska Parti","en":"The Finnish Social Democratic Party"},"caid":55,"position":0,"gender":"1","comparisonData":{"totalVotes":21,"votesTotalChange":-20},"edid":11,"comparativeIndex":0.0,"electionDayVotesPercent":0.4,"nominatorAbbr":{"fi":"SDP","sv":"SDP","en":"SDP"}},{"age":64,"advanceVotesPercent":0.0,"lastname":"Tuovinen","occupation":"Erityisluokanopettaja, eläkkeellä","advanceVotes":0,"npid":6,"totalVotes":1,"spid":4,"abbr":"SDP","municipalCouncilor":false,"muid":172,"alid":6,"firstname":"Marja","electionDayVotes":1,"pid":"1","finalPosition":0,"electedInformation":"NOT_ELECTED","totalVotesPercent":0.2,"nominatorName":{"fi":"Suomen Sosialidemokraattinen Puolue","sv":"Finlands Socialdemokratiska Parti","en":"The Finnish Social Democratic Party"},"caid":62,"position":0,"gender":"2","comparisonData":{"totalVotes":0,"votesTotalChange":1},"edid":11,"comparativeIndex":0.0,"electionDayVotesPercent":0.4,"nominatorAbbr":{"fi":"SDP","sv":"SDP","en":"SDP"}},{"age":43,"advanceVotesPercent":0.5,"lastname":"Tupala","occupation":"Työstökoneen käyttäjä, pääluottamusmies","advanceVotes":1,"npid":6,"totalVotes":1,"spid":4,"abbr":"SDP","municipalCouncilor":false,"muid":172,"alid":6,"firstname":"Mika","electionDayVotes":0,"pid":"1","finalPosition":0,"electedInformation":"NOT_ELECTED","totalVotesPercent":0.2,"nominatorName":{"fi":"Suomen Sosialidemokraattinen Puolue","sv":"Finlands Socialdemokratiska Parti","en":"The Finnish Social Democratic Party"},"caid":63,"position":0,"gender":"1","comparisonData":{"totalVotes":11,"votesTotalChange":-10},"edid":11,"comparativeIndex":0.0,"electionDayVotesPercent":0.0,"nominatorAbbr":{"fi":"SDP","sv":"SDP","en":"SDP"}},{"age":57,"advanceVotesPercent":0.0,"lastname":"Rantanen","occupation":"Rakennusmies","advanceVotes":0,"npid":2,"totalVotes":0,"spid":3,"abbr":"PS","municipalCouncilor":false,"muid":172,"alid":2,"firstname":"Erkki","electionDayVotes":0,"pid":"23","finalPosition":0,"electedInformation":"NOT_ELECTED","totalVotesPercent":0.0,"nominatorName":{"fi":"Perussuomalaiset","sv":"Sannfinländarna","en":"The Finns Party"},"caid":6,"position":0,"gender":"1","comparisonData":{"totalVotes":14,"votesTotalChange":-14},"edid":11,"comparativeIndex":0.0,"electionDayVotesPercent":0.0,"nominatorAbbr":{"fi":"PS","sv":"Sannf","en":"FINNS"}},{"age":56,"advanceVotesPercent":0.0,"lastname":"Trast","occupation":"Yrittäjä","advanceVotes":0,"npid":2,"totalVotes":0,"spid":3,"abbr":"PS","municipalCouncilor":false,"muid":172,"alid":2,"firstname":"Jukka","electionDayVotes":0,"pid":"23","finalPosition":0,"electedInformation":"NOT_ELECTED","totalVotesPercent":0.0,"nominatorName":{"fi":"Perussuomalaiset","sv":"Sannfinländarna","en":"The Finns Party"},"caid":9,"position":0,"gender":"1","comparisonData":{"totalVotes":0,"votesTotalChange":0},"edid":11,"comparativeIndex":0.0,"electionDayVotesPercent":0.0,"nominatorAbbr":{"fi":"PS","sv":"Sannf","en":"FINNS"}},{"age":76,"advanceVotesPercent":0.0,"lastname":"Heikkonen","occupation":"Eläkeläinen","advanceVotes":0,"npid":4,"totalVotes":0,"spid":8,"abbr":"KD","municipalCouncilor":false,"muid":172,"alid":4,"firstname":"Lassi","electionDayVotes":0,"pid":"9","finalPosition":0,"electedInformation":"NOT_ELECTED","totalVotesPercent":0.0,"nominatorName":{"fi":"Suomen Kristillisdemokraatit (KD)","sv":"Kristdemokraterna i Finland (KD)","en":"Christian Democrats in Finland"},"caid":26,"position":0,"gender":"1","comparisonData":{"totalVotes":4,"votesTotalChange":-4},"edid":11,"comparativeIndex":0.0,"electionDayVotesPercent":0.0,"nominatorAbbr":{"fi":"KD","sv":"KD","en":"CD"}},{"age":38,"advanceVotesPercent":0.0,"lastname":"Heiskanen","occupation":"Etsivä nuorisotyöntekijä","advanceVotes":0,"npid":4,"totalVotes":0,"spid":8,"abbr":"KD","municipalCouncilor":false,"muid":172,"alid":4,"firstname":"Jani","electionDayVotes":0,"pid":"9","finalPosition":0,"electedInformation":"NOT_ELECTED","totalVotesPercent":0.0,"nominatorName":{"fi":"Suomen Kristillisdemokraatit (KD)","sv":"Kristdemokraterna i Finland (KD)","en":"Christian Democrats in Finland"},"caid":27,"position":0,"gender":"1","comparisonData":{"totalVotes":26,"votesTotalChange":-26},"edid":11,"comparativeIndex":0.0,"electionDayVotesPercent":0.0,"nominatorAbbr":{"fi":"KD","sv":"KD","en":"CD"}},{"age":19,"advanceVotesPercent":0.0,"lastname":"Enke","occupation":"Opiskelija","advanceVotes":0,"npid":5,"totalVotes":0,"spid":2,"abbr":"KOK","municipalCouncilor":false,"muid":172,"alid":5,"firstname":"Herman","electionDayVotes":0,"pid":"4","finalPosition":0,"electedInformation":"NOT_ELECTED","totalVotesPercent":0.0,"nominatorName":{"fi":"Kansallinen Kokoomus","sv":"Samlingspartiet","en":"National Coalition Party"},"caid":35,"position":0,"gender":"1","comparisonData":{"totalVotes":0,"votesTotalChange":0},"edid":11,"comparativeIndex":0.0,"electionDayVotesPercent":0.0,"nominatorAbbr":{"fi":"KOK","sv":"Saml","en":"NCP"}},{"age":42,"advanceVotesPercent":0.0,"lastname":"Flink","occupation":"Artesaani, työvalmentaja","advanceVotes":0,"npid":5,"totalVotes":0,"spid":2,"abbr":"KOK","municipalCouncilor":false,"muid":172,"alid":5,"firstname":"Riku","electionDayVotes":0,"pid":"4","finalPosition":0,"electedInformation":"NOT_ELECTED","totalVotesPercent":0.0,"nominatorName":{"fi":"Kansallinen Kokoomus","sv":"Samlingspartiet","en":"National Coalition Party"},"caid":36,"position":0,"gender":"1","comparisonData":{"totalVotes":0,"votesTotalChange":0},"edid":11,"comparativeIndex":0.0,"electionDayVotesPercent":0.0,"nominatorAbbr":{"fi":"KOK","sv":"Saml","en":"NCP"}},{"age":43,"advanceVotesPercent":0.0,"lastname":"Niemi","occupation":"Tuotannon esimies","advanceVotes":0,"npid":5,"totalVotes":0,"spid":2,"abbr":"KOK","municipalCouncilor":false,"muid":172,"alid":5,"firstname":"Marko","electionDayVotes":0,"pid":"4","finalPosition":0,"electedInformation":"NOT_ELECTED","totalVotesPercent":0.0,"nominatorName":{"fi":"Kansallinen Kokoomus","sv":"Samlingspartiet","en":"National Coalition Party"},"caid":44,"position":0,"gender":"1","comparisonData":{"totalVotes":0,"votesTotalChange":0},"edid":11,"comparativeIndex":0.0,"electionDayVotesPercent":0.0,"nominatorAbbr":{"fi":"KOK","sv":"Saml","en":"NCP"}},{"age":42,"advanceVotesPercent":0.0,"lastname":"Oksanen","occupation":"Työnjohtaja, yrittäjä","advanceVotes":0,"npid":5,"totalVotes":0,"spid":2,"abbr":"KOK","municipalCouncilor":false,"muid":172,"alid":5,"firstname":"Petteri","electionDayVotes":0,"pid":"4","finalPosition":0,"electedInformation":"ELECTED","totalVotesPercent":0.0,"nominatorName":{"fi":"Kansallinen Kokoomus","sv":"Samlingspartiet","en":"National Coalition Party"},"caid":45,"position":0,"gender":"1","comparisonData":{"totalVotes":0,"votesTotalChange":0},"edid":11,"comparativeIndex":0.0,"electionDayVotesPercent":0.0,"nominatorAbbr":{"fi":"KOK","sv":"Saml","en":"NCP"}},{"age":72,"advanceVotesPercent":0.0,"lastname":"Peltola","occupation":"Insinöörimajuri evp., eläkeläinen","advanceVotes":0,"npid":5,"totalVotes":0,"spid":2,"abbr":"KOK","municipalCouncilor":false,"muid":172,"alid":5,"firstname":"Jaakko","electionDayVotes":0,"pid":"4","finalPosition":0,"electedInformation":"NOT_ELECTED","totalVotesPercent":0.0,"nominatorName":{"fi":"Kansallinen Kokoomus","sv":"Samlingspartiet","en":"National Coalition Party"},"caid":46,"position":0,"gender":"1","comparisonData":{"totalVotes":0,"votesTotalChange":0},"edid":11,"comparativeIndex":0.0,"electionDayVotesPercent":0.0,"nominatorAbbr":{"fi":"KOK","sv":"Saml","en":"NCP"}},{"age":33,"advanceVotesPercent":0.0,"lastname":"Pylkkänen","occupation":"Nuoriso- ja vapaa-aikaohjaaja","advanceVotes":0,"npid":5,"totalVotes":0,"spid":2,"abbr":"KOK","municipalCouncilor":false,"muid":172,"alid":5,"firstname":"Sini","electionDayVotes":0,"pid":"4","finalPosition":0,"electedInformation":"ON_SUBSTITUTE_PLACE","totalVotesPercent":0.0,"nominatorName":{"fi":"Kansallinen Kokoomus","sv":"Samlingspartiet","en":"National Coalition Party"},"caid":47,"position":0,"gender":"2","comparisonData":{"totalVotes":12,"votesTotalChange":-12},"edid":11,"comparativeIndex":0.0,"electionDayVotesPercent":0.0,"nominatorAbbr":{"fi":"KOK","sv":"Saml","en":"NCP"}},{"age":48,"advanceVotesPercent":0.0,"lastname":"Pynnönen","occupation":"Rakennustarkastaja","advanceVotes":0,"npid":5,"totalVotes":0,"spid":2,"abbr":"KOK","municipalCouncilor":false,"muid":172,"alid":5,"firstname":"Marko","electionDayVotes":0,"pid":"4","finalPosition":0,"electedInformation":"NOT_ELECTED","totalVotesPercent":0.0,"nominatorName":{"fi":"Kansallinen Kokoomus","sv":"Samlingspartiet","en":"National Coalition Party"},"caid":48,"position":0,"gender":"1","comparisonData":{"totalVotes":7,"votesTotalChange":-7},"edid":11,"comparativeIndex":0.0,"electionDayVotesPercent":0.0,"nominatorAbbr":{"fi":"KOK","sv":"Saml","en":"NCP"}},{"age":56,"advanceVotesPercent":0.0,"lastname":"Pyyhtiä","occupation":"Lähihoitaja","advanceVotes":0,"npid":5,"totalVotes":0,"spid":2,"abbr":"KOK","municipalCouncilor":false,"muid":172,"alid":5,"firstname":"Tarja","electionDayVotes":0,"pid":"4","finalPosition":0,"electedInformation":"NOT_ELECTED","totalVotesPercent":0.0,"nominatorName":{"fi":"Kansallinen Kokoomus","sv":"Samlingspartiet","en":"National Coalition Party"},"caid":49,"position":0,"gender":"2","comparisonData":{"totalVotes":0,"votesTotalChange":0},"edid":11,"comparativeIndex":0.0,"electionDayVotesPercent":0.0,"nominatorAbbr":{"fi":"KOK","sv":"Saml","en":"NCP"}},{"age":50,"advanceVotesPercent":0.0,"lastname":"Soilu","occupation":"Yrittäjä, myyjä","advanceVotes":0,"npid":5,"totalVotes":0,"spid":2,"abbr":"KOK","municipalCouncilor":false,"muid":172,"alid":5,"firstname":"Tiina","electionDayVotes":0,"pid":"4","finalPosition":0,"electedInformation":"NOT_ELECTED","totalVotesPercent":0.0,"nominatorName":{"fi":"Kansallinen Kokoomus","sv":"Samlingspartiet","en":"National Coalition Party"},"caid":50,"position":0,"gender":"2","comparisonData":{"totalVotes":0,"votesTotalChange":0},"edid":11,"comparativeIndex":0.0,"electionDayVotesPercent":0.0,"nominatorAbbr":{"fi":"KOK","sv":"Saml","en":"NCP"}},{"age":56,"advanceVotesPercent":0.0,"lastname":"Solatie","occupation":"Kiinteistönhoitaja","advanceVotes":0,"npid":6,"totalVotes":0,"spid":4,"abbr":"SDP","municipalCouncilor":false,"muid":172,"alid":6,"firstname":"Ari","electionDayVotes":0,"pid":"1","finalPosition":0,"electedInformation":"ELECTED","totalVotesPercent":0.0,"nominatorName":{"fi":"Suomen Sosialidemokraattinen Puolue","sv":"Finlands Socialdemokratiska Parti","en":"The Finnish Social Democratic Party"},"caid":60,"position":0,"gender":"1","comparisonData":{"totalVotes":0,"votesTotalChange":0},"edid":11,"comparativeIndex":0.0,"electionDayVotesPercent":0.0,"nominatorAbbr":{"fi":"SDP","sv":"SDP","en":"SDP"}},{"age":68,"advanceVotesPercent":0.0,"lastname":"Untolahti","occupation":"Varhaiskasvatuksen erityisopettaja, eläkkeellä","advanceVotes":0,"npid":6,"totalVotes":0,"spid":4,"abbr":"SDP","municipalCouncilor":false,"muid":172,"alid":6,"firstname":"Raija","electionDayVotes":0,"pid":"1","finalPosition":0,"electedInformation":"NOT_ELECTED","totalVotesPercent":0.0,"nominatorName":{"fi":"Suomen Sosialidemokraattinen Puolue","sv":"Finlands Socialdemokratiska Parti","en":"The Finnish Social Democratic Party"},"caid":64,"position":0,"gender":"2","comparisonData":{"totalVotes":0,"votesTotalChange":0},"edid":11,"comparativeIndex":0.0,"electionDayVotesPercent":0.0,"nominatorAbbr":{"fi":"SDP","sv":"SDP","en":"SDP"}}],"municipalityPollingDistricts":[{"name":{"fi":"Joutsa","sv":"Joutsa"},"calculationStatusPercent":100.0,"joinedArea":false,"muid":172,"totalVotingInFinlandTurnout":61.7,"identification":"001","pdid":"001","eligibleVotersInFinlandTotal":3162,"edid":11,"mergedToPdid":""},{"name":{"fi":"Leivonmäki","sv":"Leivonmäki"},"calculationStatusPercent":100.0,"joinedArea":false,"muid":172,"totalVotingInFinlandTurnout":57.2,"identification":"002","pdid":"002","eligibleVotersInFinlandTotal":839,"edid":11,"mergedToPdid":""}],"municipality":{"muid":172,"edid":11,"name":{"fi":"Joutsa","sv":"Joutsa"}}}