{"version":50,"created":"2017-04-09T20:57:26.970Z","electionDetails":{"electionId":"kv2017","electionDate":"2017-04-09T00:00:00.000Z","electionDataPublishTime":"2017-04-09T17:00:00.000Z","name":{"fi":"Kuntavaalit 2017","sv":"Kommunalval 2017","en":"Elections 2017"},"previousElections":{"correspondingCompareElection":{"electionId":"kv2012","electionDate":"2012-10-28T00:00:00.000Z","name":{"fi":"Kuntavaalit 2012","en":"Municipal elections 2012","sv":"Kommunalval 2012"}},"otherCompareElection":{"electionId":"ev2015","electionDate":"2015-04-19T00:00:00.000Z","name":{"fi":"Eduskuntavaalit 2015","en":"Parliamentary election 2015","sv":"Riksdagsval 2015"}}}},"calculationStatus":{"electionDayVotingTurnout":27.9,"invalidAdvanceVotes":2,"calculationPhase":"INITIAL","invalidElectionDayVotes":0,"approvedAdvanceVotes":339,"advanceVotingTurnout":35.4,"totalVotingTurnoutAbroad":0.0,"name":{"fi":"Saari","sv":"Saari"},"calculationStatusPercent":100.0,"advanceVotes":341,"electionDayVotingTurnoutAbroad":0.0,"approvedTotalVotes":608,"totalVotes":610,"muid":580,"totalVotingInFinlandTurnout":63.3,"advanceVotingTurnoutAbroad":0.0,"invalidTotalVotes":2,"totalVotingTurnout":63.3,"electionDayVotes":269,"electionDayVotesInFinland":269,"pdid":"003","totalVotesInFinlandMen":0,"eligibleVotersInFinlandTotal":964,"calculationStatusPercentElectionDayVotes":100.0,"sourceRecordModificationTime":"20170409210629","otherCompareElection":{"eid":"","eligibleVotersInFinlandTotal":0,"advanceVotingInFinlandTurnout":0.0,"electionDayVotingInFinlandTurnout":0.0,"totalVotingInFinlandTurnout":0.0,"approvedVotesTotal":0,"invalidVotesTotal":0},"correspondingCompareElection":{"eid":"","eligibleVotersInFinlandTotal":0,"advanceVotingInFinlandTurnout":0.0,"electionDayVotingInFinlandTurnout":0.0,"totalVotingInFinlandTurnout":0.0,"approvedVotesTotal":0,"invalidVotesTotal":0,"seats":0},"approvedElectionDayVotes":269,"edid":8,"calculationStatusPercentAdvanceVotes":100.0,"electionDayVotingInFinlandTurnout":27.9,"seats":0,"eligibleVotersTotal":964,"advanceVotesInFinland":341,"advanceVotingInFinlandTurnout":35.4,"totalVotesInFinland":610},"partyResults":[{"advanceVotesPercent":54.3,"name":{"fi":"Suomen Keskusta","sv":"Centern i Finland","en":"Centre Party of Finland"},"advanceVotes":184,"npid":6,"totalVotes":317,"spid":1,"abbr":{"fi":"KESK","sv":"C","en":"CENT"},"alid":4,"electionDayVotes":133,"pid":"2","totalVotesPercent":52.1,"nominatorName":{"fi":"Suomen Keskusta","sv":"Centern i Finland","en":"Centre Party of Finland"},"compareData":{"otherCompareElection":{"votesTotalChange":0,"votesTotalPercentChange":0.0,"votesTotal":317,"votesTotalPercent":52.1},"correspondingCompareElection":{"votesTotalChange":0,"votesTotalPercentChange":0.0,"seatChange":0,"votesTotal":317,"votesTotalPercent":52.1,"seatsTotal":0}},"seats":0,"electionDayVotesPercent":49.4,"nominatorAbbr":{"fi":"KESK","sv":"C","en":"CENT"}},{"advanceVotesPercent":18.9,"name":{"fi":"Liberaalipuolue - Vapaus valita","sv":"Liberaalipuolue - Vapaus valita","en":"Liberaalipuolue - Vapaus valita"},"advanceVotes":64,"npid":4,"totalVotes":122,"spid":11,"abbr":{"fi":"LIBE","sv":"Lib","en":"LIBE"},"alid":2,"electionDayVotes":58,"pid":"33","totalVotesPercent":20.1,"nominatorName":{"fi":"Liberaalipuolue - Vapaus valita","sv":"Liberaalipuolue - Vapaus valita","en":"Liberaalipuolue - Vapaus valita"},"compareData":{"otherCompareElection":{"votesTotalChange":0,"votesTotalPercentChange":0.0,"votesTotal":122,"votesTotalPercent":20.1},"correspondingCompareElection":{"votesTotalChange":0,"votesTotalPercentChange":0.0,"seatChange":0,"votesTotal":122,"votesTotalPercent":20.1,"seatsTotal":0}},"seats":0,"electionDayVotesPercent":21.6,"nominatorAbbr":{"fi":"LIBE","sv":"Lib","en":"LIBE"}},{"advanceVotesPercent":10.9,"name":{"fi":"Suomen Sosialidemokraattinen Puolue","sv":"Finlands Socialdemokratiska Parti","en":"The Finnish Social Democratic Party"},"advanceVotes":37,"npid":7,"totalVotes":64,"spid":4,"abbr":{"fi":"SDP","sv":"SDP","en":"SDP"},"alid":5,"electionDayVotes":27,"pid":"1","totalVotesPercent":10.5,"nominatorName":{"fi":"Suomen Sosialidemokraattinen Puolue","sv":"Finlands Socialdemokratiska Parti","en":"The Finnish Social Democratic Party"},"compareData":{"otherCompareElection":{"votesTotalChange":0,"votesTotalPercentChange":0.0,"votesTotal":64,"votesTotalPercent":10.5},"correspondingCompareElection":{"votesTotalChange":0,"votesTotalPercentChange":0.0,"seatChange":0,"votesTotal":64,"votesTotalPercent":10.5,"seatsTotal":0}},"seats":0,"electionDayVotesPercent":10.0,"nominatorAbbr":{"fi":"SDP","sv":"SDP","en":"SDP"}},{"advanceVotesPercent":5.6,"name":{"fi":"Perussuomalaiset","sv":"Sannfinländarna","en":"The Finns Party"},"advanceVotes":19,"npid":3,"totalVotes":36,"spid":3,"abbr":{"fi":"PS","sv":"Sannf","en":"FINNS"},"alid":2,"electionDayVotes":17,"pid":"23","totalVotesPercent":5.9,"nominatorName":{"fi":"Perussuomalaiset","sv":"Sannfinländarna","en":"The Finns Party"},"compareData":{"otherCompareElection":{"votesTotalChange":0,"votesTotalPercentChange":0.0,"votesTotal":36,"votesTotalPercent":5.9},"correspondingCompareElection":{"votesTotalChange":0,"votesTotalPercentChange":0.0,"seatChange":0,"votesTotal":36,"votesTotalPercent":5.9,"seatsTotal":0}},"seats":0,"electionDayVotesPercent":6.3,"nominatorAbbr":{"fi":"PS","sv":"Sannf","en":"FINNS"}},{"advanceVotesPercent":6.5,"name":{"fi":"Kansallinen Kokoomus","sv":"Samlingspartiet","en":"National Coalition Party"},"advanceVotes":22,"npid":5,"totalVotes":35,"spid":2,"abbr":{"fi":"KOK","sv":"Saml","en":"NCP"},"alid":3,"electionDayVotes":13,"pid":"4","totalVotesPercent":5.8,"nominatorName":{"fi":"Kansallinen Kokoomus","sv":"Samlingspartiet","en":"National Coalition Party"},"compareData":{"otherCompareElection":{"votesTotalChange":0,"votesTotalPercentChange":0.0,"votesTotal":35,"votesTotalPercent":5.8},"correspondingCompareElection":{"votesTotalChange":0,"votesTotalPercentChange":0.0,"seatChange":0,"votesTotal":35,"votesTotalPercent":5.8,"seatsTotal":0}},"seats":0,"electionDayVotesPercent":4.8,"nominatorAbbr":{"fi":"KOK","sv":"Saml","en":"NCP"}},{"advanceVotesPercent":2.7,"name":{"fi":"Suomen Kristillisdemokraatit (KD)","sv":"Kristdemokraterna i Finland (KD)","en":"Christian Democrats in Finland"},"advanceVotes":9,"npid":2,"totalVotes":23,"spid":8,"abbr":{"fi":"KD","sv":"KD","en":"CD"},"alid":2,"electionDayVotes":14,"pid":"9","totalVotesPercent":3.8,"nominatorName":{"fi":"Suomen Kristillisdemokraatit (KD)","sv":"Kristdemokraterna i Finland (KD)","en":"Christian Democrats in Finland"},"compareData":{"otherCompareElection":{"votesTotalChange":0,"votesTotalPercentChange":0.0,"votesTotal":23,"votesTotalPercent":3.8},"correspondingCompareElection":{"votesTotalChange":0,"votesTotalPercentChange":0.0,"seatChange":0,"votesTotal":23,"votesTotalPercent":3.8,"seatsTotal":0}},"seats":0,"electionDayVotesPercent":5.2,"nominatorAbbr":{"fi":"KD","sv":"KD","en":"CD"}},{"advanceVotesPercent":1.2,"name":{"fi":"Vihreä liitto","sv":"Gröna förbundet","en":"Green League"},"advanceVotes":4,"npid":1,"totalVotes":11,"spid":5,"abbr":{"fi":"VIHR","sv":"Gröna","en":"GREEN"},"alid":1,"electionDayVotes":7,"pid":"13","totalVotesPercent":1.8,"nominatorName":{"fi":"Vihreä liitto","sv":"Gröna förbundet","en":"Green League"},"compareData":{"otherCompareElection":{"votesTotalChange":0,"votesTotalPercentChange":0.0,"votesTotal":11,"votesTotalPercent":1.8},"correspondingCompareElection":{"votesTotalChange":0,"votesTotalPercentChange":0.0,"seatChange":0,"votesTotal":11,"votesTotalPercent":1.8,"seatsTotal":0}},"seats":0,"electionDayVotesPercent":2.6,"nominatorAbbr":{"fi":"VIHR","sv":"Gröna","en":"GREEN"}}],"candidateResults":[{"age":56,"advanceVotesPercent":13.3,"lastname":"Neuvonen","occupation":"maanviljelijä, eläkeläinen","advanceVotes":45,"npid":6,"totalVotes":68,"spid":1,"abbr":"KESK","municipalCouncilor":false,"muid":580,"alid":4,"firstname":"Timo","electionDayVotes":23,"pid":"2","finalPosition":0,"electedInformation":"ELECTED","totalVotesPercent":11.2,"nominatorName":{"fi":"Suomen Keskusta","sv":"Centern i Finland","en":"Centre Party of Finland"},"caid":45,"position":0,"gender":"1","comparisonData":{"totalVotes":0,"votesTotalChange":68},"edid":8,"comparativeIndex":0.0,"electionDayVotesPercent":8.6,"nominatorAbbr":{"fi":"KESK","sv":"C","en":"CENT"}},{"age":50,"advanceVotesPercent":9.1,"lastname":"Kiviaho","occupation":"vanhempi rajavartija","advanceVotes":31,"npid":4,"totalVotes":55,"spid":11,"abbr":"LIBE","municipalCouncilor":true,"muid":580,"alid":2,"firstname":"Jouni","electionDayVotes":24,"pid":"33","finalPosition":0,"electedInformation":"ELECTED","totalVotesPercent":9.0,"nominatorName":{"fi":"Liberaalipuolue - Vapaus valita","sv":"Liberaalipuolue - Vapaus valita","en":"Liberaalipuolue - Vapaus valita"},"caid":14,"position":0,"gender":"1","comparisonData":{"totalVotes":86,"votesTotalChange":-31},"edid":8,"comparativeIndex":0.0,"electionDayVotesPercent":8.9,"nominatorAbbr":{"fi":"LIBE","sv":"Lib","en":"LIBE"}},{"age":38,"advanceVotesPercent":6.8,"lastname":"Paajanen","occupation":"nuohooja, maanviljelijä","advanceVotes":23,"npid":6,"totalVotes":54,"spid":1,"abbr":"KESK","municipalCouncilor":true,"muid":580,"alid":4,"firstname":"Antti","electionDayVotes":31,"pid":"2","finalPosition":0,"electedInformation":"ELECTED","totalVotesPercent":8.9,"nominatorName":{"fi":"Suomen Keskusta","sv":"Centern i Finland","en":"Centre Party of Finland"},"caid":47,"position":0,"gender":"1","comparisonData":{"totalVotes":83,"votesTotalChange":-29},"edid":8,"comparativeIndex":0.0,"electionDayVotesPercent":11.5,"nominatorAbbr":{"fi":"KESK","sv":"C","en":"CENT"}},{"age":59,"advanceVotesPercent":5.6,"lastname":"Ahokas","occupation":"perhehoitaja","advanceVotes":19,"npid":4,"totalVotes":38,"spid":11,"abbr":"LIBE","municipalCouncilor":false,"muid":580,"alid":2,"firstname":"Paula","electionDayVotes":19,"pid":"33","finalPosition":0,"electedInformation":"ELECTED","totalVotesPercent":6.3,"nominatorName":{"fi":"Liberaalipuolue - Vapaus valita","sv":"Liberaalipuolue - Vapaus valita","en":"Liberaalipuolue - Vapaus valita"},"caid":12,"position":0,"gender":"2","comparisonData":{"totalVotes":0,"votesTotalChange":38},"edid":8,"comparativeIndex":0.0,"electionDayVotesPercent":7.1,"nominatorAbbr":{"fi":"LIBE","sv":"Lib","en":"LIBE"}},{"age":62,"advanceVotesPercent":5.9,"lastname":"Saikkonen","occupation":"eläkeläinen","advanceVotes":20,"npid":6,"totalVotes":32,"spid":1,"abbr":"KESK","municipalCouncilor":true,"muid":580,"alid":4,"firstname":"Matti","electionDayVotes":12,"pid":"2","finalPosition":0,"electedInformation":"ELECTED","totalVotesPercent":5.3,"nominatorName":{"fi":"Suomen Keskusta","sv":"Centern i Finland","en":"Centre Party of Finland"},"caid":55,"position":0,"gender":"1","comparisonData":{"totalVotes":41,"votesTotalChange":-9},"edid":8,"comparativeIndex":0.0,"electionDayVotesPercent":4.5,"nominatorAbbr":{"fi":"KESK","sv":"C","en":"CENT"}},{"age":43,"advanceVotesPercent":4.4,"lastname":"Pekonen","occupation":"maaseutuyrittäjä","advanceVotes":15,"npid":6,"totalVotes":29,"spid":1,"abbr":"KESK","municipalCouncilor":true,"muid":580,"alid":4,"firstname":"Kari","electionDayVotes":14,"pid":"2","finalPosition":0,"electedInformation":"ELECTED","totalVotesPercent":4.8,"nominatorName":{"fi":"Suomen Keskusta","sv":"Centern i Finland","en":"Centre Party of Finland"},"caid":50,"position":0,"gender":"1","comparisonData":{"totalVotes":56,"votesTotalChange":-27},"edid":8,"comparativeIndex":0.0,"electionDayVotesPercent":5.2,"nominatorAbbr":{"fi":"KESK","sv":"C","en":"CENT"}},{"age":64,"advanceVotesPercent":5.0,"lastname":"Jantunen","occupation":"eläkeläinen","advanceVotes":17,"npid":3,"totalVotes":27,"spid":3,"abbr":"PS","municipalCouncilor":true,"muid":580,"alid":2,"firstname":"Timo","electionDayVotes":10,"pid":"23","finalPosition":0,"electedInformation":"ELECTED","totalVotesPercent":4.4,"nominatorName":{"fi":"Perussuomalaiset","sv":"Sannfinländarna","en":"The Finns Party"},"caid":8,"position":0,"gender":"1","comparisonData":{"totalVotes":90,"votesTotalChange":-63},"edid":8,"comparativeIndex":0.0,"electionDayVotesPercent":3.7,"nominatorAbbr":{"fi":"PS","sv":"Sannf","en":"FINNS"}},{"age":60,"advanceVotesPercent":5.0,"lastname":"Eerikäinen","occupation":"ravintolatyöntekijä","advanceVotes":17,"npid":6,"totalVotes":20,"spid":1,"abbr":"KESK","municipalCouncilor":false,"muid":580,"alid":4,"firstname":"Anne","electionDayVotes":3,"pid":"2","finalPosition":0,"electedInformation":"ON_SUBSTITUTE_PLACE","totalVotesPercent":3.3,"nominatorName":{"fi":"Suomen Keskusta","sv":"Centern i Finland","en":"Centre Party of Finland"},"caid":36,"position":0,"gender":"2","comparisonData":{"totalVotes":35,"votesTotalChange":-15},"edid":8,"comparativeIndex":0.0,"electionDayVotesPercent":1.1,"nominatorAbbr":{"fi":"KESK","sv":"C","en":"CENT"}},{"age":61,"advanceVotesPercent":3.5,"lastname":"Ahtiainen","occupation":"laitosmies","advanceVotes":12,"npid":7,"totalVotes":20,"spid":4,"abbr":"SDP","municipalCouncilor":true,"muid":580,"alid":5,"firstname":"Pekka","electionDayVotes":8,"pid":"1","finalPosition":0,"electedInformation":"ON_SUBSTITUTE_PLACE","totalVotesPercent":3.3,"nominatorName":{"fi":"Suomen Sosialidemokraattinen Puolue","sv":"Finlands Socialdemokratiska Parti","en":"The Finnish Social Democratic Party"},"caid":64,"position":0,"gender":"1","comparisonData":{"totalVotes":33,"votesTotalChange":-13},"edid":8,"comparativeIndex":0.0,"electionDayVotesPercent":3.0,"nominatorAbbr":{"fi":"SDP","sv":"SDP","en":"SDP"}},{"age":57,"advanceVotesPercent":2.7,"lastname":"Paakkinen","occupation":"maanviljelijä","advanceVotes":9,"npid":6,"totalVotes":17,"spid":1,"abbr":"KESK","municipalCouncilor":true,"muid":580,"alid":4,"firstname":"Sakari","electionDayVotes":8,"pid":"2","finalPosition":0,"electedInformation":"ON_SUBSTITUTE_PLACE","totalVotesPercent":2.8,"nominatorName":{"fi":"Suomen Keskusta","sv":"Centern i Finland","en":"Centre Party of Finland"},"caid":49,"position":0,"gender":"1","comparisonData":{"totalVotes":51,"votesTotalChange":-34},"edid":8,"comparativeIndex":0.0,"electionDayVotesPercent":3.0,"nominatorAbbr":{"fi":"KESK","sv":"C","en":"CENT"}},{"age":35,"advanceVotesPercent":2.1,"lastname":"Kujanpää","occupation":"ratsastuksenopettaja, kotiäiti","advanceVotes":7,"npid":2,"totalVotes":16,"spid":8,"abbr":"KD","municipalCouncilor":false,"muid":580,"alid":2,"firstname":"Ulla","electionDayVotes":9,"pid":"9","finalPosition":0,"electedInformation":"ELECTED","totalVotesPercent":2.6,"nominatorName":{"fi":"Suomen Kristillisdemokraatit (KD)","sv":"Kristdemokraterna i Finland (KD)","en":"Christian Democrats in Finland"},"caid":6,"position":0,"gender":"2","comparisonData":{"totalVotes":0,"votesTotalChange":16},"edid":8,"comparativeIndex":0.0,"electionDayVotesPercent":3.3,"nominatorAbbr":{"fi":"KD","sv":"KD","en":"CD"}},{"age":39,"advanceVotesPercent":3.2,"lastname":"Kokkonen","occupation":"FM","advanceVotes":11,"npid":5,"totalVotes":16,"spid":2,"abbr":"KOK","municipalCouncilor":true,"muid":580,"alid":3,"firstname":"Minna","electionDayVotes":5,"pid":"4","finalPosition":0,"electedInformation":"ELECTED","totalVotesPercent":2.6,"nominatorName":{"fi":"Kansallinen Kokoomus","sv":"Samlingspartiet","en":"National Coalition Party"},"caid":27,"position":0,"gender":"2","comparisonData":{"totalVotes":42,"votesTotalChange":-26},"edid":8,"comparativeIndex":0.0,"electionDayVotesPercent":1.9,"nominatorAbbr":{"fi":"KOK","sv":"Saml","en":"NCP"}},{"age":72,"advanceVotesPercent":2.7,"lastname":"Laukkanen","occupation":"pankinjohtaja, eläkeläinen","advanceVotes":9,"npid":6,"totalVotes":14,"spid":1,"abbr":"KESK","municipalCouncilor":true,"muid":580,"alid":4,"firstname":"Olavi","electionDayVotes":5,"pid":"2","finalPosition":0,"electedInformation":"ELECTED","totalVotesPercent":2.3,"nominatorName":{"fi":"Suomen Keskusta","sv":"Centern i Finland","en":"Centre Party of Finland"},"caid":43,"position":0,"gender":"1","comparisonData":{"totalVotes":39,"votesTotalChange":-25},"edid":8,"comparativeIndex":0.0,"electionDayVotesPercent":1.9,"nominatorAbbr":{"fi":"KESK","sv":"C","en":"CENT"}},{"age":29,"advanceVotesPercent":2.1,"lastname":"Paakkinen","occupation":"toimitussuunnittelija","advanceVotes":7,"npid":6,"totalVotes":14,"spid":1,"abbr":"KESK","municipalCouncilor":false,"muid":580,"alid":4,"firstname":"Elina","electionDayVotes":7,"pid":"2","finalPosition":0,"electedInformation":"ON_SUBSTITUTE_PLACE","totalVotesPercent":2.3,"nominatorName":{"fi":"Suomen Keskusta","sv":"Centern i Finland","en":"Centre Party of Finland"},"caid":48,"position":0,"gender":"2","comparisonData":{"totalVotes":0,"votesTotalChange":14},"edid":8,"comparativeIndex":0.0,"electionDayVotesPercent":2.6,"nominatorAbbr":{"fi":"KESK","sv":"C","en":"CENT"}},{"age":40,"advanceVotesPercent":1.2,"lastname":"Sikiö","occupation":"lähihoitaja","advanceVotes":4,"npid":7,"totalVotes":13,"spid":4,"abbr":"SDP","municipalCouncilor":false,"muid":580,"alid":5,"firstname":"Mirja","electionDayVotes":9,"pid":"1","finalPosition":0,"electedInformation":"ELECTED","totalVotesPercent":2.1,"nominatorName":{"fi":"Suomen Sosialidemokraattinen Puolue","sv":"Finlands Socialdemokratiska Parti","en":"The Finnish Social Democratic Party"},"caid":69,"position":0,"gender":"2","comparisonData":{"totalVotes":0,"votesTotalChange":13},"edid":8,"comparativeIndex":0.0,"electionDayVotesPercent":3.3,"nominatorAbbr":{"fi":"SDP","sv":"SDP","en":"SDP"}},{"age":67,"advanceVotesPercent":2.7,"lastname":"Ahokas","occupation":"eläkeläinen","advanceVotes":9,"npid":7,"totalVotes":12,"spid":4,"abbr":"SDP","municipalCouncilor":false,"muid":580,"alid":5,"firstname":"Unto","electionDayVotes":3,"pid":"1","finalPosition":0,"electedInformation":"NOT_ELECTED","totalVotesPercent":2.0,"nominatorName":{"fi":"Suomen Sosialidemokraattinen Puolue","sv":"Finlands Socialdemokratiska Parti","en":"The Finnish Social Democratic Party"},"caid":63,"position":0,"gender":"1","comparisonData":{"totalVotes":25,"votesTotalChange":-13},"edid":8,"comparativeIndex":0.0,"electionDayVotesPercent":1.1,"nominatorAbbr":{"fi":"SDP","sv":"SDP","en":"SDP"}},{"age":35,"advanceVotesPercent":0.6,"lastname":"Hälvä","occupation":"maaseutuyrittäjä","advanceVotes":2,"npid":6,"totalVotes":10,"spid":1,"abbr":"KESK","municipalCouncilor":false,"muid":580,"alid":4,"firstname":"Niko","electionDayVotes":8,"pid":"2","finalPosition":0,"electedInformation":"ELECTED","totalVotesPercent":1.6,"nominatorName":{"fi":"Suomen Keskusta","sv":"Centern i Finland","en":"Centre Party of Finland"},"caid":37,"position":0,"gender":"1","comparisonData":{"totalVotes":0,"votesTotalChange":10},"edid":8,"comparativeIndex":0.0,"electionDayVotesPercent":3.0,"nominatorAbbr":{"fi":"KESK","sv":"C","en":"CENT"}},{"age":62,"advanceVotesPercent":1.5,"lastname":"Sopanen","occupation":"eläkeläinen","advanceVotes":5,"npid":4,"totalVotes":9,"spid":11,"abbr":"LIBE","municipalCouncilor":false,"muid":580,"alid":2,"firstname":"Risto","electionDayVotes":4,"pid":"33","finalPosition":0,"electedInformation":"ON_SUBSTITUTE_PLACE","totalVotesPercent":1.5,"nominatorName":{"fi":"Liberaalipuolue - Vapaus valita","sv":"Liberaalipuolue - Vapaus valita","en":"Liberaalipuolue - Vapaus valita"},"caid":20,"position":0,"gender":"1","comparisonData":{"totalVotes":30,"votesTotalChange":-21},"edid":8,"comparativeIndex":0.0,"electionDayVotesPercent":1.5,"nominatorAbbr":{"fi":"LIBE","sv":"Lib","en":"LIBE"}},{"age":33,"advanceVotesPercent":1.8,"lastname":"Aidanjuuri","occupation":"lähihoitaja, sairaanhoitajaopiskelija","advanceVotes":6,"npid":6,"totalVotes":8,"spid":1,"abbr":"KESK","municipalCouncilor":false,"muid":580,"alid":4,"firstname":"Lumi","electionDayVotes":2,"pid":"2","finalPosition":0,"electedInformation":"ON_SUBSTITUTE_PLACE","totalVotesPercent":1.3,"nominatorName":{"fi":"Suomen Keskusta","sv":"Centern i Finland","en":"Centre Party of Finland"},"caid":33,"position":0,"gender":"2","comparisonData":{"totalVotes":32,"votesTotalChange":-24},"edid":8,"comparativeIndex":0.0,"electionDayVotesPercent":0.7,"nominatorAbbr":{"fi":"KESK","sv":"C","en":"CENT"}},{"age":35,"advanceVotesPercent":2.1,"lastname":"Anttonen","occupation":"agrologi AMK, maatalousyrittäjä","advanceVotes":7,"npid":6,"totalVotes":8,"spid":1,"abbr":"KESK","municipalCouncilor":false,"muid":580,"alid":4,"firstname":"Mika","electionDayVotes":1,"pid":"2","finalPosition":0,"electedInformation":"ELECTED","totalVotesPercent":1.3,"nominatorName":{"fi":"Suomen Keskusta","sv":"Centern i Finland","en":"Centre Party of Finland"},"caid":34,"position":0,"gender":"1","comparisonData":{"totalVotes":37,"votesTotalChange":-29},"edid":8,"comparativeIndex":0.0,"electionDayVotesPercent":0.4,"nominatorAbbr":{"fi":"KESK","sv":"C","en":"CENT"}},{"age":59,"advanceVotesPercent":0.6,"lastname":"Tavi-Kuosmanen","occupation":"erikoissairaanhoitaja, työnohjaaja RR","advanceVotes":2,"npid":2,"totalVotes":7,"spid":8,"abbr":"KD","municipalCouncilor":true,"muid":580,"alid":2,"firstname":"Päivi","electionDayVotes":5,"pid":"9","finalPosition":0,"electedInformation":"ELECTED","totalVotesPercent":1.2,"nominatorName":{"fi":"Suomen Kristillisdemokraatit (KD)","sv":"Kristdemokraterna i Finland (KD)","en":"Christian Democrats in Finland"},"caid":7,"position":0,"gender":"2","comparisonData":{"totalVotes":30,"votesTotalChange":-23},"edid":8,"comparativeIndex":0.0,"electionDayVotesPercent":1.9,"nominatorAbbr":{"fi":"KD","sv":"KD","en":"CD"}},{"age":55,"advanceVotesPercent":1.2,"lastname":"Valkeapää","occupation":"fysioterapeutti","advanceVotes":4,"npid":6,"totalVotes":7,"spid":1,"abbr":"KESK","municipalCouncilor":false,"muid":580,"alid":4,"firstname":"Lassi","electionDayVotes":3,"pid":"2","finalPosition":0,"electedInformation":"ELECTED","totalVotesPercent":1.2,"nominatorName":{"fi":"Suomen Keskusta","sv":"Centern i Finland","en":"Centre Party of Finland"},"caid":61,"position":0,"gender":"1","comparisonData":{"totalVotes":0,"votesTotalChange":7},"edid":8,"comparativeIndex":0.0,"electionDayVotesPercent":1.1,"nominatorAbbr":{"fi":"KESK","sv":"C","en":"CENT"}},{"age":60,"advanceVotesPercent":1.2,"lastname":"Anttonen","occupation":"lähihoitaja","advanceVotes":4,"npid":7,"totalVotes":7,"spid":4,"abbr":"SDP","municipalCouncilor":true,"muid":580,"alid":5,"firstname":"Pekka","electionDayVotes":3,"pid":"1","finalPosition":0,"electedInformation":"ELECTED","totalVotesPercent":1.2,"nominatorName":{"fi":"Suomen Sosialidemokraattinen Puolue","sv":"Finlands Socialdemokratiska Parti","en":"The Finnish Social Democratic Party"},"caid":65,"position":0,"gender":"1","comparisonData":{"totalVotes":76,"votesTotalChange":-69},"edid":8,"comparativeIndex":0.0,"electionDayVotesPercent":1.1,"nominatorAbbr":{"fi":"SDP","sv":"SDP","en":"SDP"}},{"age":58,"advanceVotesPercent":2.1,"lastname":"Tynnilä","occupation":"sosiaaliohjaaja","advanceVotes":7,"npid":7,"totalVotes":7,"spid":4,"abbr":"SDP","municipalCouncilor":true,"muid":580,"alid":5,"firstname":"Päivi","electionDayVotes":0,"pid":"1","finalPosition":0,"electedInformation":"ELECTED","totalVotesPercent":1.2,"nominatorName":{"fi":"Suomen Sosialidemokraattinen Puolue","sv":"Finlands Socialdemokratiska Parti","en":"The Finnish Social Democratic Party"},"caid":70,"position":0,"gender":"2","comparisonData":{"totalVotes":67,"votesTotalChange":-60},"edid":8,"comparativeIndex":0.0,"electionDayVotesPercent":0.0,"nominatorAbbr":{"fi":"SDP","sv":"SDP","en":"SDP"}},{"age":61,"advanceVotesPercent":0.3,"lastname":"Neuvonen","occupation":"eläkeläinen","advanceVotes":1,"npid":3,"totalVotes":6,"spid":3,"abbr":"PS","municipalCouncilor":false,"muid":580,"alid":2,"firstname":"Jaakko","electionDayVotes":5,"pid":"23","finalPosition":0,"electedInformation":"ON_SUBSTITUTE_PLACE","totalVotesPercent":1.0,"nominatorName":{"fi":"Perussuomalaiset","sv":"Sannfinländarna","en":"The Finns Party"},"caid":10,"position":0,"gender":"1","comparisonData":{"totalVotes":0,"votesTotalChange":6},"edid":8,"comparativeIndex":0.0,"electionDayVotesPercent":1.9,"nominatorAbbr":{"fi":"PS","sv":"Sannf","en":"FINNS"}},{"age":41,"advanceVotesPercent":1.2,"lastname":"Sinkkonen","occupation":"agrologi, koneyrittäjä","advanceVotes":4,"npid":6,"totalVotes":6,"spid":1,"abbr":"KESK","municipalCouncilor":false,"muid":580,"alid":4,"firstname":"Sami","electionDayVotes":2,"pid":"2","finalPosition":0,"electedInformation":"ELECTED","totalVotesPercent":1.0,"nominatorName":{"fi":"Suomen Keskusta","sv":"Centern i Finland","en":"Centre Party of Finland"},"caid":58,"position":0,"gender":"1","comparisonData":{"totalVotes":0,"votesTotalChange":6},"edid":8,"comparativeIndex":0.0,"electionDayVotesPercent":0.7,"nominatorAbbr":{"fi":"KESK","sv":"C","en":"CENT"}},{"age":61,"advanceVotesPercent":0.6,"lastname":"Wilska-Neuvonen","occupation":"erityisopettaja, eläkeläinen","advanceVotes":2,"npid":1,"totalVotes":5,"spid":5,"abbr":"VIHR","municipalCouncilor":false,"muid":580,"alid":1,"firstname":"Ritva","electionDayVotes":3,"pid":"13","finalPosition":0,"electedInformation":"ON_SUBSTITUTE_PLACE","totalVotesPercent":0.8,"nominatorName":{"fi":"Vihreä liitto","sv":"Gröna förbundet","en":"Green League"},"caid":5,"position":0,"gender":"2","comparisonData":{"totalVotes":0,"votesTotalChange":5},"edid":8,"comparativeIndex":0.0,"electionDayVotesPercent":1.1,"nominatorAbbr":{"fi":"VIHR","sv":"Gröna","en":"GREEN"}},{"age":26,"advanceVotesPercent":0.9,"lastname":"Valkeapää","occupation":"lähihoitaja","advanceVotes":3,"npid":4,"totalVotes":5,"spid":11,"abbr":"LIBE","municipalCouncilor":false,"muid":580,"alid":2,"firstname":"Birgitta","electionDayVotes":2,"pid":"33","finalPosition":0,"electedInformation":"ON_SUBSTITUTE_PLACE","totalVotesPercent":0.8,"nominatorName":{"fi":"Liberaalipuolue - Vapaus valita","sv":"Liberaalipuolue - Vapaus valita","en":"Liberaalipuolue - Vapaus valita"},"caid":23,"position":0,"gender":"2","comparisonData":{"totalVotes":0,"votesTotalChange":5},"edid":8,"comparativeIndex":0.0,"electionDayVotesPercent":0.7,"nominatorAbbr":{"fi":"LIBE","sv":"Lib","en":"LIBE"}},{"age":28,"advanceVotesPercent":0.9,"lastname":"Valkeapää","occupation":"kulttuurituottaja (AMK), reservin vänrikki","advanceVotes":3,"npid":4,"totalVotes":5,"spid":11,"abbr":"LIBE","municipalCouncilor":false,"muid":580,"alid":2,"firstname":"Maija","electionDayVotes":2,"pid":"33","finalPosition":0,"electedInformation":"ELECTED","totalVotesPercent":0.8,"nominatorName":{"fi":"Liberaalipuolue - Vapaus valita","sv":"Liberaalipuolue - Vapaus valita","en":"Liberaalipuolue - Vapaus valita"},"caid":24,"position":0,"gender":"2","comparisonData":{"totalVotes":0,"votesTotalChange":5},"edid":8,"comparativeIndex":0.0,"electionDayVotesPercent":0.7,"nominatorAbbr":{"fi":"LIBE","sv":"Lib","en":"LIBE"}},{"age":66,"advanceVotesPercent":0.6,"lastname":"Laukkanen","occupation":"HTM, hallintojohtaja eläkkeellä","advanceVotes":2,"npid":5,"totalVotes":5,"spid":2,"abbr":"KOK","municipalCouncilor":false,"muid":580,"alid":3,"firstname":"Marjatta","electionDayVotes":3,"pid":"4","finalPosition":0,"electedInformation":"ELECTED","totalVotesPercent":0.8,"nominatorName":{"fi":"Kansallinen Kokoomus","sv":"Samlingspartiet","en":"National Coalition Party"},"caid":28,"position":0,"gender":"2","comparisonData":{"totalVotes":0,"votesTotalChange":5},"edid":8,"comparativeIndex":0.0,"electionDayVotesPercent":1.1,"nominatorAbbr":{"fi":"KOK","sv":"Saml","en":"NCP"}},{"age":67,"advanceVotesPercent":0.6,"lastname":"Karjalainen","occupation":"lehtori, eläkeläinen","advanceVotes":2,"npid":1,"totalVotes":4,"spid":5,"abbr":"VIHR","municipalCouncilor":false,"muid":580,"alid":1,"firstname":"Jorma","electionDayVotes":2,"pid":"13","finalPosition":0,"electedInformation":"ON_SUBSTITUTE_PLACE","totalVotesPercent":0.7,"nominatorName":{"fi":"Vihreä liitto","sv":"Gröna förbundet","en":"Green League"},"caid":2,"position":0,"gender":"1","comparisonData":{"totalVotes":8,"votesTotalChange":-4},"edid":8,"comparativeIndex":0.0,"electionDayVotesPercent":0.7,"nominatorAbbr":{"fi":"VIHR","sv":"Gröna","en":"GREEN"}},{"age":48,"advanceVotesPercent":0.3,"lastname":"Nikkinen","occupation":"kierrätysmyymälätyöntekijä","advanceVotes":1,"npid":4,"totalVotes":4,"spid":11,"abbr":"LIBE","municipalCouncilor":false,"muid":580,"alid":2,"firstname":"Paula-Inkeri","electionDayVotes":3,"pid":"33","finalPosition":0,"electedInformation":"NOT_ELECTED","totalVotesPercent":0.7,"nominatorName":{"fi":"Liberaalipuolue - Vapaus valita","sv":"Liberaalipuolue - Vapaus valita","en":"Liberaalipuolue - Vapaus valita"},"caid":17,"position":0,"gender":"2","comparisonData":{"totalVotes":8,"votesTotalChange":-4},"edid":8,"comparativeIndex":0.0,"electionDayVotesPercent":1.1,"nominatorAbbr":{"fi":"LIBE","sv":"Lib","en":"LIBE"}},{"age":65,"advanceVotesPercent":0.6,"lastname":"Uimonen","occupation":"yrittäjä, eläkkeellä","advanceVotes":2,"npid":5,"totalVotes":4,"spid":2,"abbr":"KOK","municipalCouncilor":false,"muid":580,"alid":3,"firstname":"Markku","electionDayVotes":2,"pid":"4","finalPosition":0,"electedInformation":"ELECTED","totalVotesPercent":0.7,"nominatorName":{"fi":"Kansallinen Kokoomus","sv":"Samlingspartiet","en":"National Coalition Party"},"caid":32,"position":0,"gender":"1","comparisonData":{"totalVotes":0,"votesTotalChange":4},"edid":8,"comparativeIndex":0.0,"electionDayVotesPercent":0.7,"nominatorAbbr":{"fi":"KOK","sv":"Saml","en":"NCP"}},{"age":28,"advanceVotesPercent":0.0,"lastname":"Saukkonen","occupation":"maaseutuyrittäjä","advanceVotes":0,"npid":6,"totalVotes":4,"spid":1,"abbr":"KESK","municipalCouncilor":false,"muid":580,"alid":4,"firstname":"Sami","electionDayVotes":4,"pid":"2","finalPosition":0,"electedInformation":"ELECTED","totalVotesPercent":0.7,"nominatorName":{"fi":"Suomen Keskusta","sv":"Centern i Finland","en":"Centre Party of Finland"},"caid":57,"position":0,"gender":"1","comparisonData":{"totalVotes":0,"votesTotalChange":4},"edid":8,"comparativeIndex":0.0,"electionDayVotesPercent":1.5,"nominatorAbbr":{"fi":"KESK","sv":"C","en":"CENT"}},{"age":38,"advanceVotesPercent":0.3,"lastname":"Viitala","occupation":"metallimies","advanceVotes":1,"npid":7,"totalVotes":4,"spid":4,"abbr":"SDP","municipalCouncilor":false,"muid":580,"alid":5,"firstname":"Niko","electionDayVotes":3,"pid":"1","finalPosition":0,"electedInformation":"ON_SUBSTITUTE_PLACE","totalVotesPercent":0.7,"nominatorName":{"fi":"Suomen Sosialidemokraattinen Puolue","sv":"Finlands Socialdemokratiska Parti","en":"The Finnish Social Democratic Party"},"caid":71,"position":0,"gender":"1","comparisonData":{"totalVotes":25,"votesTotalChange":-21},"edid":8,"comparativeIndex":0.0,"electionDayVotesPercent":1.1,"nominatorAbbr":{"fi":"SDP","sv":"SDP","en":"SDP"}},{"age":68,"advanceVotesPercent":0.3,"lastname":"Friman-Nummila","occupation":"FK, biologian opettaja","advanceVotes":1,"npid":3,"totalVotes":3,"spid":3,"abbr":"PS","municipalCouncilor":false,"muid":580,"alid":2,"firstname":"Kerttu","electionDayVotes":2,"pid":"23","finalPosition":0,"electedInformation":"ON_SUBSTITUTE_PLACE","totalVotesPercent":0.5,"nominatorName":{"fi":"Perussuomalaiset","sv":"Sannfinländarna","en":"The Finns Party"},"caid":9,"position":0,"gender":"2","comparisonData":{"totalVotes":17,"votesTotalChange":-14},"edid":8,"comparativeIndex":0.0,"electionDayVotesPercent":0.7,"nominatorAbbr":{"fi":"PS","sv":"Sannf","en":"FINNS"}},{"age":69,"advanceVotesPercent":0.9,"lastname":"Ahoranta","occupation":"KT, eläkeläinen","advanceVotes":3,"npid":5,"totalVotes":3,"spid":2,"abbr":"KOK","municipalCouncilor":false,"muid":580,"alid":3,"firstname":"Vuokko","electionDayVotes":0,"pid":"4","finalPosition":0,"electedInformation":"ELECTED","totalVotesPercent":0.5,"nominatorName":{"fi":"Kansallinen Kokoomus","sv":"Samlingspartiet","en":"National Coalition Party"},"caid":25,"position":0,"gender":"2","comparisonData":{"totalVotes":0,"votesTotalChange":3},"edid":8,"comparativeIndex":0.0,"electionDayVotesPercent":0.0,"nominatorAbbr":{"fi":"KOK","sv":"Saml","en":"NCP"}},{"age":49,"advanceVotesPercent":0.6,"lastname":"Mäkelä","occupation":"fysioterapeutti","advanceVotes":2,"npid":5,"totalVotes":3,"spid":2,"abbr":"KOK","municipalCouncilor":false,"muid":580,"alid":3,"firstname":"Minna","electionDayVotes":1,"pid":"4","finalPosition":0,"electedInformation":"ON_SUBSTITUTE_PLACE","totalVotesPercent":0.5,"nominatorName":{"fi":"Kansallinen Kokoomus","sv":"Samlingspartiet","en":"National Coalition Party"},"caid":29,"position":0,"gender":"2","comparisonData":{"totalVotes":0,"votesTotalChange":3},"edid":8,"comparativeIndex":0.0,"electionDayVotesPercent":0.4,"nominatorAbbr":{"fi":"KOK","sv":"Saml","en":"NCP"}},{"age":27,"advanceVotesPercent":0.3,"lastname":"Kainulainen","occupation":"maatalousyrittäjä","advanceVotes":1,"npid":6,"totalVotes":3,"spid":1,"abbr":"KESK","municipalCouncilor":false,"muid":580,"alid":4,"firstname":"Janne","electionDayVotes":2,"pid":"2","finalPosition":0,"electedInformation":"ON_SUBSTITUTE_PLACE","totalVotesPercent":0.5,"nominatorName":{"fi":"Suomen Keskusta","sv":"Centern i Finland","en":"Centre Party of Finland"},"caid":40,"position":0,"gender":"1","comparisonData":{"totalVotes":0,"votesTotalChange":3},"edid":8,"comparativeIndex":0.0,"electionDayVotesPercent":0.7,"nominatorAbbr":{"fi":"KESK","sv":"C","en":"CENT"}},{"age":57,"advanceVotesPercent":0.3,"lastname":"Kettunen","occupation":"renki","advanceVotes":1,"npid":6,"totalVotes":3,"spid":1,"abbr":"KESK","municipalCouncilor":false,"muid":580,"alid":4,"firstname":"Seppo","electionDayVotes":2,"pid":"2","finalPosition":0,"electedInformation":"ON_SUBSTITUTE_PLACE","totalVotesPercent":0.5,"nominatorName":{"fi":"Suomen Keskusta","sv":"Centern i Finland","en":"Centre Party of Finland"},"caid":41,"position":0,"gender":"1","comparisonData":{"totalVotes":15,"votesTotalChange":-12},"edid":8,"comparativeIndex":0.0,"electionDayVotesPercent":0.7,"nominatorAbbr":{"fi":"KESK","sv":"C","en":"CENT"}},{"age":58,"advanceVotesPercent":0.6,"lastname":"Kähkönen","occupation":"maaseutuyrittäjä","advanceVotes":2,"npid":6,"totalVotes":3,"spid":1,"abbr":"KESK","municipalCouncilor":true,"muid":580,"alid":4,"firstname":"Matti","electionDayVotes":1,"pid":"2","finalPosition":0,"electedInformation":"ELECTED","totalVotesPercent":0.5,"nominatorName":{"fi":"Suomen Keskusta","sv":"Centern i Finland","en":"Centre Party of Finland"},"caid":42,"position":0,"gender":"1","comparisonData":{"totalVotes":60,"votesTotalChange":-57},"edid":8,"comparativeIndex":0.0,"electionDayVotesPercent":0.4,"nominatorAbbr":{"fi":"KESK","sv":"C","en":"CENT"}},{"age":42,"advanceVotesPercent":0.6,"lastname":"Rönkkönen","occupation":"asiakaspalvelija, opiskelija","advanceVotes":2,"npid":6,"totalVotes":3,"spid":1,"abbr":"KESK","municipalCouncilor":false,"muid":580,"alid":4,"firstname":"Maarit","electionDayVotes":1,"pid":"2","finalPosition":0,"electedInformation":"ON_SUBSTITUTE_PLACE","totalVotesPercent":0.5,"nominatorName":{"fi":"Suomen Keskusta","sv":"Centern i Finland","en":"Centre Party of Finland"},"caid":54,"position":0,"gender":"2","comparisonData":{"totalVotes":0,"votesTotalChange":3},"edid":8,"comparativeIndex":0.0,"electionDayVotesPercent":0.4,"nominatorAbbr":{"fi":"KESK","sv":"C","en":"CENT"}},{"age":59,"advanceVotesPercent":0.3,"lastname":"Tiainen","occupation":"maanviljelijä","advanceVotes":1,"npid":6,"totalVotes":3,"spid":1,"abbr":"KESK","municipalCouncilor":false,"muid":580,"alid":4,"firstname":"Jarmo","electionDayVotes":2,"pid":"2","finalPosition":0,"electedInformation":"NOT_ELECTED","totalVotesPercent":0.5,"nominatorName":{"fi":"Suomen Keskusta","sv":"Centern i Finland","en":"Centre Party of Finland"},"caid":59,"position":0,"gender":"1","comparisonData":{"totalVotes":20,"votesTotalChange":-17},"edid":8,"comparativeIndex":0.0,"electionDayVotesPercent":0.7,"nominatorAbbr":{"fi":"KESK","sv":"C","en":"CENT"}},{"age":32,"advanceVotesPercent":0.0,"lastname":"Pylvänäinen","occupation":"FM, kotiäiti","advanceVotes":0,"npid":1,"totalVotes":2,"spid":5,"abbr":"VIHR","municipalCouncilor":false,"muid":580,"alid":1,"firstname":"Inka","electionDayVotes":2,"pid":"13","finalPosition":0,"electedInformation":"ELECTED","totalVotesPercent":0.3,"nominatorName":{"fi":"Vihreä liitto","sv":"Gröna förbundet","en":"Green League"},"caid":3,"position":0,"gender":"2","comparisonData":{"totalVotes":0,"votesTotalChange":2},"edid":8,"comparativeIndex":0.0,"electionDayVotesPercent":0.7,"nominatorAbbr":{"fi":"VIHR","sv":"Gröna","en":"GREEN"}},{"age":37,"advanceVotesPercent":0.0,"lastname":"Mikhailova","occupation":"yrittäjä","advanceVotes":0,"npid":4,"totalVotes":2,"spid":11,"abbr":"LIBE","municipalCouncilor":false,"muid":580,"alid":2,"firstname":"Olga","electionDayVotes":2,"pid":"33","finalPosition":0,"electedInformation":"NOT_ELECTED","totalVotesPercent":0.3,"nominatorName":{"fi":"Liberaalipuolue - Vapaus valita","sv":"Liberaalipuolue - Vapaus valita","en":"Liberaalipuolue - Vapaus valita"},"caid":16,"position":0,"gender":"2","comparisonData":{"totalVotes":0,"votesTotalChange":2},"edid":8,"comparativeIndex":0.0,"electionDayVotesPercent":0.7,"nominatorAbbr":{"fi":"LIBE","sv":"Lib","en":"LIBE"}},{"age":52,"advanceVotesPercent":0.3,"lastname":"Kaijansinkko","occupation":"sikalamestari, opiskelija","advanceVotes":1,"npid":5,"totalVotes":2,"spid":2,"abbr":"KOK","municipalCouncilor":false,"muid":580,"alid":3,"firstname":"Hanna","electionDayVotes":1,"pid":"4","finalPosition":0,"electedInformation":"ON_SUBSTITUTE_PLACE","totalVotesPercent":0.3,"nominatorName":{"fi":"Kansallinen Kokoomus","sv":"Samlingspartiet","en":"National Coalition Party"},"caid":26,"position":0,"gender":"2","comparisonData":{"totalVotes":8,"votesTotalChange":-6},"edid":8,"comparativeIndex":0.0,"electionDayVotesPercent":0.4,"nominatorAbbr":{"fi":"KOK","sv":"Saml","en":"NCP"}},{"age":53,"advanceVotesPercent":0.6,"lastname":"Berg","occupation":"metsätalousyrittäjä, toiminnanjohtaja","advanceVotes":2,"npid":6,"totalVotes":2,"spid":1,"abbr":"KESK","municipalCouncilor":true,"muid":580,"alid":4,"firstname":"Ari","electionDayVotes":0,"pid":"2","finalPosition":0,"electedInformation":"ELECTED","totalVotesPercent":0.3,"nominatorName":{"fi":"Suomen Keskusta","sv":"Centern i Finland","en":"Centre Party of Finland"},"caid":35,"position":0,"gender":"1","comparisonData":{"totalVotes":97,"votesTotalChange":-95},"edid":8,"comparativeIndex":0.0,"electionDayVotesPercent":0.0,"nominatorAbbr":{"fi":"KESK","sv":"C","en":"CENT"}},{"age":26,"advanceVotesPercent":0.0,"lastname":"Saukkonen","occupation":"eläintenhoitaja, eläintenkouluttaja","advanceVotes":0,"npid":6,"totalVotes":2,"spid":1,"abbr":"KESK","municipalCouncilor":false,"muid":580,"alid":4,"firstname":"Mia","electionDayVotes":2,"pid":"2","finalPosition":0,"electedInformation":"NOT_ELECTED","totalVotesPercent":0.3,"nominatorName":{"fi":"Suomen Keskusta","sv":"Centern i Finland","en":"Centre Party of Finland"},"caid":56,"position":0,"gender":"2","comparisonData":{"totalVotes":18,"votesTotalChange":-16},"edid":8,"comparativeIndex":0.0,"electionDayVotesPercent":0.7,"nominatorAbbr":{"fi":"KESK","sv":"C","en":"CENT"}},{"age":32,"advanceVotesPercent":0.6,"lastname":"Tuunanen","occupation":"sosionomi Amk, kotiäiti","advanceVotes":2,"npid":6,"totalVotes":2,"spid":1,"abbr":"KESK","municipalCouncilor":false,"muid":580,"alid":4,"firstname":"Elisa","electionDayVotes":0,"pid":"2","finalPosition":0,"electedInformation":"ON_SUBSTITUTE_PLACE","totalVotesPercent":0.3,"nominatorName":{"fi":"Suomen Keskusta","sv":"Centern i Finland","en":"Centre Party of Finland"},"caid":60,"position":0,"gender":"2","comparisonData":{"totalVotes":0,"votesTotalChange":2},"edid":8,"comparativeIndex":0.0,"electionDayVotesPercent":0.0,"nominatorAbbr":{"fi":"KESK","sv":"C","en":"CENT"}},{"age":48,"advanceVotesPercent":0.6,"lastname":"Wilhelms","occupation":"yrittäjä","advanceVotes":2,"npid":6,"totalVotes":2,"spid":1,"abbr":"KESK","municipalCouncilor":false,"muid":580,"alid":4,"firstname":"Saara","electionDayVotes":0,"pid":"2","finalPosition":0,"electedInformation":"NOT_ELECTED","totalVotesPercent":0.3,"nominatorName":{"fi":"Suomen Keskusta","sv":"Centern i Finland","en":"Centre Party of Finland"},"caid":62,"position":0,"gender":"2","comparisonData":{"totalVotes":10,"votesTotalChange":-8},"edid":8,"comparativeIndex":0.0,"electionDayVotesPercent":0.0,"nominatorAbbr":{"fi":"KESK","sv":"C","en":"CENT"}},{"age":70,"advanceVotesPercent":0.3,"lastname":"Heikinheimo","occupation":"vuorovaikutusvalmentaja, kirjeenvaihtaja","advanceVotes":1,"npid":4,"totalVotes":1,"spid":11,"abbr":"LIBE","municipalCouncilor":false,"muid":580,"alid":2,"firstname":"Kristiina","electionDayVotes":0,"pid":"33","finalPosition":0,"electedInformation":"ON_SUBSTITUTE_PLACE","totalVotesPercent":0.2,"nominatorName":{"fi":"Liberaalipuolue - Vapaus valita","sv":"Liberaalipuolue - Vapaus valita","en":"Liberaalipuolue - Vapaus valita"},"caid":13,"position":0,"gender":"2","comparisonData":{"totalVotes":0,"votesTotalChange":1},"edid":8,"comparativeIndex":0.0,"electionDayVotesPercent":0.0,"nominatorAbbr":{"fi":"LIBE","sv":"Lib","en":"LIBE"}},{"age":69,"advanceVotesPercent":0.0,"lastname":"Koiso-Kanttila","occupation":"toimittaja, eläkeläinen","advanceVotes":0,"npid":4,"totalVotes":1,"spid":11,"abbr":"LIBE","municipalCouncilor":true,"muid":580,"alid":2,"firstname":"Pekka","electionDayVotes":1,"pid":"33","finalPosition":0,"electedInformation":"ELECTED","totalVotesPercent":0.2,"nominatorName":{"fi":"Liberaalipuolue - Vapaus valita","sv":"Liberaalipuolue - Vapaus valita","en":"Liberaalipuolue - Vapaus valita"},"caid":15,"position":0,"gender":"1","comparisonData":{"totalVotes":47,"votesTotalChange":-46},"edid":8,"comparativeIndex":0.0,"electionDayVotesPercent":0.4,"nominatorAbbr":{"fi":"LIBE","sv":"Lib","en":"LIBE"}},{"age":49,"advanceVotesPercent":0.3,"lastname":"Palmu","occupation":"nuoriso-ohjaaja","advanceVotes":1,"npid":4,"totalVotes":1,"spid":11,"abbr":"LIBE","municipalCouncilor":false,"muid":580,"alid":2,"firstname":"Kare","electionDayVotes":0,"pid":"33","finalPosition":0,"electedInformation":"ON_SUBSTITUTE_PLACE","totalVotesPercent":0.2,"nominatorName":{"fi":"Liberaalipuolue - Vapaus valita","sv":"Liberaalipuolue - Vapaus valita","en":"Liberaalipuolue - Vapaus valita"},"caid":18,"position":0,"gender":"1","comparisonData":{"totalVotes":0,"votesTotalChange":1},"edid":8,"comparativeIndex":0.0,"electionDayVotesPercent":0.0,"nominatorAbbr":{"fi":"LIBE","sv":"Lib","en":"LIBE"}},{"age":45,"advanceVotesPercent":0.0,"lastname":"Tuominen","occupation":"kokki","advanceVotes":0,"npid":4,"totalVotes":1,"spid":11,"abbr":"LIBE","municipalCouncilor":false,"muid":580,"alid":2,"firstname":"Kirsi","electionDayVotes":1,"pid":"33","finalPosition":0,"electedInformation":"NOT_ELECTED","totalVotesPercent":0.2,"nominatorName":{"fi":"Liberaalipuolue - Vapaus valita","sv":"Liberaalipuolue - Vapaus valita","en":"Liberaalipuolue - Vapaus valita"},"caid":22,"position":0,"gender":"2","comparisonData":{"totalVotes":9,"votesTotalChange":-8},"edid":8,"comparativeIndex":0.0,"electionDayVotesPercent":0.4,"nominatorAbbr":{"fi":"LIBE","sv":"Lib","en":"LIBE"}},{"age":64,"advanceVotesPercent":0.3,"lastname":"Nykänen","occupation":"konstaapeli eläkkeellä","advanceVotes":1,"npid":5,"totalVotes":1,"spid":2,"abbr":"KOK","municipalCouncilor":false,"muid":580,"alid":3,"firstname":"Eero","electionDayVotes":0,"pid":"4","finalPosition":0,"electedInformation":"ON_SUBSTITUTE_PLACE","totalVotesPercent":0.2,"nominatorName":{"fi":"Kansallinen Kokoomus","sv":"Samlingspartiet","en":"National Coalition Party"},"caid":30,"position":0,"gender":"1","comparisonData":{"totalVotes":33,"votesTotalChange":-32},"edid":8,"comparativeIndex":0.0,"electionDayVotesPercent":0.0,"nominatorAbbr":{"fi":"KOK","sv":"Saml","en":"NCP"}},{"age":45,"advanceVotesPercent":0.0,"lastname":"Tanskanen","occupation":"DI, yrittäjä","advanceVotes":0,"npid":5,"totalVotes":1,"spid":2,"abbr":"KOK","municipalCouncilor":false,"muid":580,"alid":3,"firstname":"Janne","electionDayVotes":1,"pid":"4","finalPosition":0,"electedInformation":"ON_SUBSTITUTE_PLACE","totalVotesPercent":0.2,"nominatorName":{"fi":"Kansallinen Kokoomus","sv":"Samlingspartiet","en":"National Coalition Party"},"caid":31,"position":0,"gender":"1","comparisonData":{"totalVotes":0,"votesTotalChange":1},"edid":8,"comparativeIndex":0.0,"electionDayVotesPercent":0.4,"nominatorAbbr":{"fi":"KOK","sv":"Saml","en":"NCP"}},{"age":60,"advanceVotesPercent":0.3,"lastname":"Hämäläinen","occupation":"yrittäjä","advanceVotes":1,"npid":6,"totalVotes":1,"spid":1,"abbr":"KESK","municipalCouncilor":false,"muid":580,"alid":4,"firstname":"Jukka","electionDayVotes":0,"pid":"2","finalPosition":0,"electedInformation":"ON_SUBSTITUTE_PLACE","totalVotesPercent":0.2,"nominatorName":{"fi":"Suomen Keskusta","sv":"Centern i Finland","en":"Centre Party of Finland"},"caid":38,"position":0,"gender":"1","comparisonData":{"totalVotes":0,"votesTotalChange":1},"edid":8,"comparativeIndex":0.0,"electionDayVotesPercent":0.0,"nominatorAbbr":{"fi":"KESK","sv":"C","en":"CENT"}},{"age":40,"advanceVotesPercent":0.3,"lastname":"Nokelainen","occupation":"maanviljelijä","advanceVotes":1,"npid":6,"totalVotes":1,"spid":1,"abbr":"KESK","municipalCouncilor":false,"muid":580,"alid":4,"firstname":"Juha","electionDayVotes":0,"pid":"2","finalPosition":0,"electedInformation":"NOT_ELECTED","totalVotesPercent":0.2,"nominatorName":{"fi":"Suomen Keskusta","sv":"Centern i Finland","en":"Centre Party of Finland"},"caid":46,"position":0,"gender":"1","comparisonData":{"totalVotes":0,"votesTotalChange":1},"edid":8,"comparativeIndex":0.0,"electionDayVotesPercent":0.0,"nominatorAbbr":{"fi":"KESK","sv":"C","en":"CENT"}},{"age":44,"advanceVotesPercent":0.3,"lastname":"Rita","occupation":"maatalousyrittäjä","advanceVotes":1,"npid":6,"totalVotes":1,"spid":1,"abbr":"KESK","municipalCouncilor":false,"muid":580,"alid":4,"firstname":"Vesa","electionDayVotes":0,"pid":"2","finalPosition":0,"electedInformation":"ON_SUBSTITUTE_PLACE","totalVotesPercent":0.2,"nominatorName":{"fi":"Suomen Keskusta","sv":"Centern i Finland","en":"Centre Party of Finland"},"caid":53,"position":0,"gender":"1","comparisonData":{"totalVotes":0,"votesTotalChange":1},"edid":8,"comparativeIndex":0.0,"electionDayVotesPercent":0.0,"nominatorAbbr":{"fi":"KESK","sv":"C","en":"CENT"}},{"age":39,"advanceVotesPercent":0.0,"lastname":"Leppänen","occupation":"autonkuljettaja","advanceVotes":0,"npid":7,"totalVotes":1,"spid":4,"abbr":"SDP","municipalCouncilor":false,"muid":580,"alid":5,"firstname":"Sami","electionDayVotes":1,"pid":"1","finalPosition":0,"electedInformation":"NOT_ELECTED","totalVotesPercent":0.2,"nominatorName":{"fi":"Suomen Sosialidemokraattinen Puolue","sv":"Finlands Socialdemokratiska Parti","en":"The Finnish Social Democratic Party"},"caid":67,"position":0,"gender":"1","comparisonData":{"totalVotes":0,"votesTotalChange":1},"edid":8,"comparativeIndex":0.0,"electionDayVotesPercent":0.4,"nominatorAbbr":{"fi":"SDP","sv":"SDP","en":"SDP"}},{"age":54,"advanceVotesPercent":0.0,"lastname":"Väliviita","occupation":"painopinnanvalmistaja","advanceVotes":0,"npid":1,"totalVotes":0,"spid":5,"abbr":"VIHR","municipalCouncilor":false,"muid":580,"alid":1,"firstname":"Kimmo","electionDayVotes":0,"pid":"13","finalPosition":0,"electedInformation":"NOT_ELECTED","totalVotesPercent":0.0,"nominatorName":{"fi":"Vihreä liitto","sv":"Gröna förbundet","en":"Green League"},"caid":4,"position":0,"gender":"1","comparisonData":{"totalVotes":14,"votesTotalChange":-14},"edid":8,"comparativeIndex":0.0,"electionDayVotesPercent":0.0,"nominatorAbbr":{"fi":"VIHR","sv":"Gröna","en":"GREEN"}},{"age":65,"advanceVotesPercent":0.0,"lastname":"Sokkanen","occupation":"ilmoitusmyyjä, eläkeläinen","advanceVotes":0,"npid":3,"totalVotes":0,"spid":3,"abbr":"PS","municipalCouncilor":false,"muid":580,"alid":2,"firstname":"Matti","electionDayVotes":0,"pid":"23","finalPosition":0,"electedInformation":"NOT_ELECTED","totalVotesPercent":0.0,"nominatorName":{"fi":"Perussuomalaiset","sv":"Sannfinländarna","en":"The Finns Party"},"caid":11,"position":0,"gender":"1","comparisonData":{"totalVotes":18,"votesTotalChange":-18},"edid":8,"comparativeIndex":0.0,"electionDayVotesPercent":0.0,"nominatorAbbr":{"fi":"PS","sv":"Sannf","en":"FINNS"}},{"age":57,"advanceVotesPercent":0.0,"lastname":"Saarinen","occupation":"eläkeläinen, omaishoitaja","advanceVotes":0,"npid":4,"totalVotes":0,"spid":11,"abbr":"LIBE","municipalCouncilor":false,"muid":580,"alid":2,"firstname":"Allan","electionDayVotes":0,"pid":"33","finalPosition":0,"electedInformation":"NOT_ELECTED","totalVotesPercent":0.0,"nominatorName":{"fi":"Liberaalipuolue - Vapaus valita","sv":"Liberaalipuolue - Vapaus valita","en":"Liberaalipuolue - Vapaus valita"},"caid":19,"position":0,"gender":"1","comparisonData":{"totalVotes":5,"votesTotalChange":-5},"edid":8,"comparativeIndex":0.0,"electionDayVotesPercent":0.0,"nominatorAbbr":{"fi":"LIBE","sv":"Lib","en":"LIBE"}},{"age":38,"advanceVotesPercent":0.0,"lastname":"Toikka","occupation":"toimitusjohtaja","advanceVotes":0,"npid":4,"totalVotes":0,"spid":11,"abbr":"LIBE","municipalCouncilor":false,"muid":580,"alid":2,"firstname":"Janne","electionDayVotes":0,"pid":"33","finalPosition":0,"electedInformation":"ON_SUBSTITUTE_PLACE","totalVotesPercent":0.0,"nominatorName":{"fi":"Liberaalipuolue - Vapaus valita","sv":"Liberaalipuolue - Vapaus valita","en":"Liberaalipuolue - Vapaus valita"},"caid":21,"position":0,"gender":"1","comparisonData":{"totalVotes":0,"votesTotalChange":0},"edid":8,"comparativeIndex":0.0,"electionDayVotesPercent":0.0,"nominatorAbbr":{"fi":"LIBE","sv":"Lib","en":"LIBE"}},{"age":33,"advanceVotesPercent":0.0,"lastname":"Jääskeläinen","occupation":"maatalousyrittäjä","advanceVotes":0,"npid":6,"totalVotes":0,"spid":1,"abbr":"KESK","municipalCouncilor":false,"muid":580,"alid":4,"firstname":"Juha-Matti","electionDayVotes":0,"pid":"2","finalPosition":0,"electedInformation":"ON_SUBSTITUTE_PLACE","totalVotesPercent":0.0,"nominatorName":{"fi":"Suomen Keskusta","sv":"Centern i Finland","en":"Centre Party of Finland"},"caid":39,"position":0,"gender":"1","comparisonData":{"totalVotes":19,"votesTotalChange":-19},"edid":8,"comparativeIndex":0.0,"electionDayVotesPercent":0.0,"nominatorAbbr":{"fi":"KESK","sv":"C","en":"CENT"}},{"age":28,"advanceVotesPercent":0.0,"lastname":"Lehesaho","occupation":"ratsastuksenohjaaja, yrittäjä","advanceVotes":0,"npid":6,"totalVotes":0,"spid":1,"abbr":"KESK","municipalCouncilor":false,"muid":580,"alid":4,"firstname":"Linda","electionDayVotes":0,"pid":"2","finalPosition":0,"electedInformation":"NOT_ELECTED","totalVotesPercent":0.0,"nominatorName":{"fi":"Suomen Keskusta","sv":"Centern i Finland","en":"Centre Party of Finland"},"caid":44,"position":0,"gender":"2","comparisonData":{"totalVotes":0,"votesTotalChange":0},"edid":8,"comparativeIndex":0.0,"electionDayVotesPercent":0.0,"nominatorAbbr":{"fi":"KESK","sv":"C","en":"CENT"}},{"age":56,"advanceVotesPercent":0.0,"lastname":"Pesonen","occupation":"luokanopettaja, apulaisjohtaja","advanceVotes":0,"npid":6,"totalVotes":0,"spid":1,"abbr":"KESK","municipalCouncilor":false,"muid":580,"alid":4,"firstname":"Pekka","electionDayVotes":0,"pid":"2","finalPosition":0,"electedInformation":"ON_SUBSTITUTE_PLACE","totalVotesPercent":0.0,"nominatorName":{"fi":"Suomen Keskusta","sv":"Centern i Finland","en":"Centre Party of Finland"},"caid":51,"position":0,"gender":"1","comparisonData":{"totalVotes":39,"votesTotalChange":-39},"edid":8,"comparativeIndex":0.0,"electionDayVotesPercent":0.0,"nominatorAbbr":{"fi":"KESK","sv":"C","en":"CENT"}},{"age":18,"advanceVotesPercent":0.0,"lastname":"Riikonen","occupation":"opiskelija, työtön","advanceVotes":0,"npid":6,"totalVotes":0,"spid":1,"abbr":"KESK","municipalCouncilor":false,"muid":580,"alid":4,"firstname":"Roosa","electionDayVotes":0,"pid":"2","finalPosition":0,"electedInformation":"NOT_ELECTED","totalVotesPercent":0.0,"nominatorName":{"fi":"Suomen Keskusta","sv":"Centern i Finland","en":"Centre Party of Finland"},"caid":52,"position":0,"gender":"2","comparisonData":{"totalVotes":0,"votesTotalChange":0},"edid":8,"comparativeIndex":0.0,"electionDayVotesPercent":0.0,"nominatorAbbr":{"fi":"KESK","sv":"C","en":"CENT"}},{"age":31,"advanceVotesPercent":0.0,"lastname":"Kosonen","occupation":"prosessityöntekijä","advanceVotes":0,"npid":7,"totalVotes":0,"spid":4,"abbr":"SDP","municipalCouncilor":false,"muid":580,"alid":5,"firstname":"Kare","electionDayVotes":0,"pid":"1","finalPosition":0,"electedInformation":"ON_SUBSTITUTE_PLACE","totalVotesPercent":0.0,"nominatorName":{"fi":"Suomen Sosialidemokraattinen Puolue","sv":"Finlands Socialdemokratiska Parti","en":"The Finnish Social Democratic Party"},"caid":66,"position":0,"gender":"1","comparisonData":{"totalVotes":0,"votesTotalChange":0},"edid":8,"comparativeIndex":0.0,"electionDayVotesPercent":0.0,"nominatorAbbr":{"fi":"SDP","sv":"SDP","en":"SDP"}},{"age":65,"advanceVotesPercent":0.0,"lastname":"Nukarinen","occupation":"eläkeläinen","advanceVotes":0,"npid":7,"totalVotes":0,"spid":4,"abbr":"SDP","municipalCouncilor":false,"muid":580,"alid":5,"firstname":"Pentti","electionDayVotes":0,"pid":"1","finalPosition":0,"electedInformation":"NOT_ELECTED","totalVotesPercent":0.0,"nominatorName":{"fi":"Suomen Sosialidemokraattinen Puolue","sv":"Finlands Socialdemokratiska Parti","en":"The Finnish Social Democratic Party"},"caid":68,"position":0,"gender":"1","comparisonData":{"totalVotes":9,"votesTotalChange":-9},"edid":8,"comparativeIndex":0.0,"electionDayVotesPercent":0.0,"nominatorAbbr":{"fi":"SDP","sv":"SDP","en":"SDP"}}],"municipalityPollingDistricts":[{"name":{"fi":"Kangaskylä","sv":"Kangaskylä"},"calculationStatusPercent":100.0,"joinedArea":false,"muid":580,"totalVotingInFinlandTurnout":57.1,"identification":"001","pdid":"001","eligibleVotersInFinlandTotal":2162,"edid":8,"mergedToPdid":""},{"name":{"fi":"Särkisalmi","sv":"Särkisalmi"},"calculationStatusPercent":100.0,"joinedArea":false,"muid":580,"totalVotingInFinlandTurnout":62.0,"identification":"002","pdid":"002","eligibleVotersInFinlandTotal":1004,"edid":8,"mergedToPdid":""},{"name":{"fi":"Saari","sv":"Saari"},"calculationStatusPercent":100.0,"joinedArea":false,"muid":580,"totalVotingInFinlandTurnout":63.3,"identification":"003","pdid":"003","eligibleVotersInFinlandTotal":964,"edid":8,"mergedToPdid":""},{"name":{"fi":"Uukuniemi","sv":"Uukuniemi"},"calculationStatusPercent":100.0,"joinedArea":false,"muid":580,"totalVotingInFinlandTurnout":71.2,"identification":"004","pdid":"004","eligibleVotersInFinlandTotal":319,"edid":8,"mergedToPdid":""}],"municipality":{"muid":580,"edid":8,"name":{"fi":"Parikkala","sv":"Parikkala"}}}