{"version":40,"created":"2017-04-09T20:08:05.579Z","electionDetails":{"electionId":"kv2017","electionDate":"2017-04-09T00:00:00.000Z","electionDataPublishTime":"2017-04-09T17:00:00.000Z","name":{"fi":"Kuntavaalit 2017","sv":"Kommunalval 2017","en":"Elections 2017"},"previousElections":{"correspondingCompareElection":{"electionId":"kv2012","electionDate":"2012-10-28T00:00:00.000Z","name":{"fi":"Kuntavaalit 2012","en":"Municipal elections 2012","sv":"Kommunalval 2012"}},"otherCompareElection":{"electionId":"ev2015","electionDate":"2015-04-19T00:00:00.000Z","name":{"fi":"Eduskuntavaalit 2015","en":"Parliamentary election 2015","sv":"Riksdagsval 2015"}}}},"calculationStatus":{"electionDayVotingTurnout":48.2,"invalidAdvanceVotes":0,"calculationPhase":"INITIAL","invalidElectionDayVotes":1,"approvedAdvanceVotes":107,"advanceVotingTurnout":32.4,"totalVotingTurnoutAbroad":0.0,"name":{"fi":"Outakoski","sv":"Outakoski"},"calculationStatusPercent":100.0,"advanceVotes":107,"electionDayVotingTurnoutAbroad":0.0,"approvedTotalVotes":265,"totalVotes":266,"muid":890,"totalVotingInFinlandTurnout":80.6,"advanceVotingTurnoutAbroad":0.0,"invalidTotalVotes":1,"totalVotingTurnout":80.6,"electionDayVotes":159,"electionDayVotesInFinland":159,"pdid":"002","totalVotesInFinlandMen":0,"eligibleVotersInFinlandTotal":330,"calculationStatusPercentElectionDayVotes":100.0,"sourceRecordModificationTime":"20170409214049","otherCompareElection":{"eid":"","eligibleVotersInFinlandTotal":0,"advanceVotingInFinlandTurnout":0.0,"electionDayVotingInFinlandTurnout":0.0,"totalVotingInFinlandTurnout":0.0,"approvedVotesTotal":0,"invalidVotesTotal":0},"correspondingCompareElection":{"eid":"","eligibleVotersInFinlandTotal":0,"advanceVotingInFinlandTurnout":0.0,"electionDayVotingInFinlandTurnout":0.0,"totalVotingInFinlandTurnout":0.0,"approvedVotesTotal":0,"invalidVotesTotal":0,"seats":0},"approvedElectionDayVotes":158,"edid":13,"calculationStatusPercentAdvanceVotes":100.0,"electionDayVotingInFinlandTurnout":48.2,"seats":0,"eligibleVotersTotal":330,"advanceVotesInFinland":107,"advanceVotingInFinlandTurnout":32.4,"totalVotesInFinland":266},"partyResults":[{"advanceVotesPercent":49.5,"name":{"fi":"Suomen Keskusta","sv":"Centern i Finland","en":"Centre Party of Finland"},"advanceVotes":53,"npid":6,"totalVotes":111,"spid":1,"abbr":{"fi":"KESK","sv":"C","en":"CENT"},"alid":4,"electionDayVotes":58,"pid":"2","totalVotesPercent":41.9,"nominatorName":{"fi":"Suomen Keskusta","sv":"Centern i Finland","en":"Centre Party of Finland"},"compareData":{"otherCompareElection":{"votesTotalChange":0,"votesTotalPercentChange":0.0,"votesTotal":111,"votesTotalPercent":41.9},"correspondingCompareElection":{"votesTotalChange":0,"votesTotalPercentChange":0.0,"seatChange":0,"votesTotal":111,"votesTotalPercent":41.9,"seatsTotal":0}},"seats":0,"electionDayVotesPercent":36.7,"nominatorAbbr":{"fi":"KESK","sv":"C","en":"CENT"}},{"advanceVotesPercent":14.0,"name":{"fi":"Perussuomalaiset","sv":"Sannfinländarna","en":"The Finns Party"},"advanceVotes":15,"npid":7,"totalVotes":62,"spid":3,"abbr":{"fi":"PS","sv":"Sannf","en":"FINNS"},"alid":5,"electionDayVotes":47,"pid":"23","totalVotesPercent":23.4,"nominatorName":{"fi":"Perussuomalaiset","sv":"Sannfinländarna","en":"The Finns Party"},"compareData":{"otherCompareElection":{"votesTotalChange":0,"votesTotalPercentChange":0.0,"votesTotal":62,"votesTotalPercent":23.4},"correspondingCompareElection":{"votesTotalChange":0,"votesTotalPercentChange":0.0,"seatChange":0,"votesTotal":62,"votesTotalPercent":23.4,"seatsTotal":0}},"seats":0,"electionDayVotesPercent":29.7,"nominatorAbbr":{"fi":"PS","sv":"Sannf","en":"FINNS"}},{"advanceVotesPercent":11.2,"name":{"fi":"Kansallinen Kokoomus","sv":"Samlingspartiet","en":"National Coalition Party"},"advanceVotes":12,"npid":2,"totalVotes":36,"spid":2,"abbr":{"fi":"KOK","sv":"Saml","en":"NCP"},"alid":2,"electionDayVotes":24,"pid":"4","totalVotesPercent":13.6,"nominatorName":{"fi":"Kansallinen Kokoomus","sv":"Samlingspartiet","en":"National Coalition Party"},"compareData":{"otherCompareElection":{"votesTotalChange":0,"votesTotalPercentChange":0.0,"votesTotal":36,"votesTotalPercent":13.6},"correspondingCompareElection":{"votesTotalChange":0,"votesTotalPercentChange":0.0,"seatChange":0,"votesTotal":36,"votesTotalPercent":13.6,"seatsTotal":0}},"seats":0,"electionDayVotesPercent":15.2,"nominatorAbbr":{"fi":"KOK","sv":"Saml","en":"NCP"}},{"advanceVotesPercent":7.5,"name":{"fi":"Suomen ruotsalainen kansanpuolue","sv":"Svenska folkpartiet i Finland","en":"Swedish People's Party in Finland"},"advanceVotes":8,"npid":1,"totalVotes":26,"spid":7,"abbr":{"fi":"RKP","sv":"SFP","en":"SPP"},"alid":1,"electionDayVotes":18,"pid":"5","totalVotesPercent":9.8,"nominatorName":{"fi":"Suomen ruotsalainen kansanpuolue","sv":"Svenska folkpartiet i Finland","en":"Swedish People's Party in Finland"},"compareData":{"otherCompareElection":{"votesTotalChange":0,"votesTotalPercentChange":0.0,"votesTotal":26,"votesTotalPercent":9.8},"correspondingCompareElection":{"votesTotalChange":0,"votesTotalPercentChange":0.0,"seatChange":0,"votesTotal":26,"votesTotalPercent":9.8,"seatsTotal":0}},"seats":0,"electionDayVotesPercent":11.4,"nominatorAbbr":{"fi":"RKP","sv":"SFP","en":"SPP"}},{"advanceVotesPercent":8.4,"name":{"fi":"Vasemmistoliitto","sv":"Vänsterförbundet","en":"The Left Alliance"},"advanceVotes":9,"npid":5,"totalVotes":16,"spid":6,"abbr":{"fi":"VAS","sv":"VF","en":"LEFT"},"alid":3,"electionDayVotes":7,"pid":"15","totalVotesPercent":6.0,"nominatorName":{"fi":"Vasemmistoliitto","sv":"Vänsterförbundet","en":"The Left Alliance"},"compareData":{"otherCompareElection":{"votesTotalChange":0,"votesTotalPercentChange":0.0,"votesTotal":16,"votesTotalPercent":6.0},"correspondingCompareElection":{"votesTotalChange":0,"votesTotalPercentChange":0.0,"seatChange":0,"votesTotal":16,"votesTotalPercent":6.0,"seatsTotal":0}},"seats":0,"electionDayVotesPercent":4.4,"nominatorAbbr":{"fi":"VAS","sv":"VF","en":"LEFT"}},{"advanceVotesPercent":7.5,"name":{"fi":"Suomen Sosialidemokraattinen Puolue","sv":"Finlands Socialdemokratiska Parti","en":"The Finnish Social Democratic Party"},"advanceVotes":8,"npid":4,"totalVotes":12,"spid":4,"abbr":{"fi":"SDP","sv":"SDP","en":"SDP"},"alid":3,"electionDayVotes":4,"pid":"1","totalVotesPercent":4.5,"nominatorName":{"fi":"Suomen Sosialidemokraattinen Puolue","sv":"Finlands Socialdemokratiska Parti","en":"The Finnish Social Democratic Party"},"compareData":{"otherCompareElection":{"votesTotalChange":0,"votesTotalPercentChange":0.0,"votesTotal":12,"votesTotalPercent":4.5},"correspondingCompareElection":{"votesTotalChange":0,"votesTotalPercentChange":0.0,"seatChange":0,"votesTotal":12,"votesTotalPercent":4.5,"seatsTotal":0}},"seats":0,"electionDayVotesPercent":2.5,"nominatorAbbr":{"fi":"SDP","sv":"SDP","en":"SDP"}},{"advanceVotesPercent":1.9,"name":{"fi":"Suomen Kristillisdemokraatit (KD)","sv":"Kristdemokraterna i Finland (KD)","en":"Christian Democrats in Finland"},"advanceVotes":2,"npid":3,"totalVotes":2,"spid":8,"abbr":{"fi":"KD","sv":"KD","en":"CD"},"alid":2,"electionDayVotes":0,"pid":"9","totalVotesPercent":0.8,"nominatorName":{"fi":"Suomen Kristillisdemokraatit (KD)","sv":"Kristdemokraterna i Finland (KD)","en":"Christian Democrats in Finland"},"compareData":{"otherCompareElection":{"votesTotalChange":0,"votesTotalPercentChange":0.0,"votesTotal":2,"votesTotalPercent":0.8},"correspondingCompareElection":{"votesTotalChange":0,"votesTotalPercentChange":0.0,"seatChange":0,"votesTotal":2,"votesTotalPercent":0.8,"seatsTotal":0}},"seats":0,"electionDayVotesPercent":0.0,"nominatorAbbr":{"fi":"KD","sv":"KD","en":"CD"}}],"candidateResults":[{"age":53,"advanceVotesPercent":5.6,"lastname":"Manninen","occupation":"yrittäjä","advanceVotes":6,"npid":7,"totalVotes":32,"spid":3,"abbr":"PS","municipalCouncilor":true,"muid":890,"alid":5,"firstname":"Ismo Kalervo","electionDayVotes":26,"pid":"23","finalPosition":0,"electedInformation":"ELECTED","totalVotesPercent":12.1,"nominatorName":{"fi":"Perussuomalaiset","sv":"Sannfinländarna","en":"The Finns Party"},"caid":48,"position":0,"gender":"1","comparisonData":{"totalVotes":60,"votesTotalChange":-28},"edid":13,"comparativeIndex":0.0,"electionDayVotesPercent":16.5,"nominatorAbbr":{"fi":"PS","sv":"Sannf","en":"FINNS"}},{"age":61,"advanceVotesPercent":12.1,"lastname":"Tapiola","occupation":"poromies, käsityöntekijä","advanceVotes":13,"npid":6,"totalVotes":22,"spid":1,"abbr":"KESK","municipalCouncilor":true,"muid":890,"alid":4,"firstname":"Jouni Ilmari","electionDayVotes":9,"pid":"2","finalPosition":0,"electedInformation":"ELECTED","totalVotesPercent":8.3,"nominatorName":{"fi":"Suomen Keskusta","sv":"Centern i Finland","en":"Centre Party of Finland"},"caid":43,"position":0,"gender":"1","comparisonData":{"totalVotes":44,"votesTotalChange":-22},"edid":13,"comparativeIndex":0.0,"electionDayVotesPercent":5.7,"nominatorAbbr":{"fi":"KESK","sv":"C","en":"CENT"}},{"age":55,"advanceVotesPercent":7.5,"lastname":"Guttorm","occupation":"maanviljelijä","advanceVotes":8,"npid":6,"totalVotes":20,"spid":1,"abbr":"KESK","municipalCouncilor":false,"muid":890,"alid":4,"firstname":"Urho","electionDayVotes":12,"pid":"2","finalPosition":0,"electedInformation":"ON_SUBSTITUTE_PLACE","totalVotesPercent":7.5,"nominatorName":{"fi":"Suomen Keskusta","sv":"Centern i Finland","en":"Centre Party of Finland"},"caid":34,"position":0,"gender":"1","comparisonData":{"totalVotes":0,"votesTotalChange":20},"edid":13,"comparativeIndex":0.0,"electionDayVotesPercent":7.6,"nominatorAbbr":{"fi":"KESK","sv":"C","en":"CENT"}},{"age":76,"advanceVotesPercent":7.5,"lastname":"Katekeetta","occupation":"kunnallisneuvos, rakennusmestari","advanceVotes":8,"npid":6,"totalVotes":19,"spid":1,"abbr":"KESK","municipalCouncilor":true,"muid":890,"alid":4,"firstname":"Antti","electionDayVotes":11,"pid":"2","finalPosition":0,"electedInformation":"ELECTED","totalVotesPercent":7.2,"nominatorName":{"fi":"Suomen Keskusta","sv":"Centern i Finland","en":"Centre Party of Finland"},"caid":38,"position":0,"gender":"1","comparisonData":{"totalVotes":41,"votesTotalChange":-22},"edid":13,"comparativeIndex":0.0,"electionDayVotesPercent":7.0,"nominatorAbbr":{"fi":"KESK","sv":"C","en":"CENT"}},{"age":30,"advanceVotesPercent":6.5,"lastname":"Nuorgam","occupation":"poromies","advanceVotes":7,"npid":6,"totalVotes":17,"spid":1,"abbr":"KESK","municipalCouncilor":false,"muid":890,"alid":4,"firstname":"Eeva","electionDayVotes":10,"pid":"2","finalPosition":0,"electedInformation":"ON_SUBSTITUTE_PLACE","totalVotesPercent":6.4,"nominatorName":{"fi":"Suomen Keskusta","sv":"Centern i Finland","en":"Centre Party of Finland"},"caid":40,"position":0,"gender":"2","comparisonData":{"totalVotes":0,"votesTotalChange":17},"edid":13,"comparativeIndex":0.0,"electionDayVotesPercent":6.3,"nominatorAbbr":{"fi":"KESK","sv":"C","en":"CENT"}},{"age":48,"advanceVotesPercent":5.6,"lastname":"Tenoranta","occupation":"kirvesmies","advanceVotes":6,"npid":2,"totalVotes":16,"spid":2,"abbr":"KOK","municipalCouncilor":true,"muid":890,"alid":2,"firstname":"Jarkko Olavi","electionDayVotes":10,"pid":"4","finalPosition":0,"electedInformation":"ON_SUBSTITUTE_PLACE","totalVotesPercent":6.0,"nominatorName":{"fi":"Kansallinen Kokoomus","sv":"Samlingspartiet","en":"National Coalition Party"},"caid":15,"position":0,"gender":"1","comparisonData":{"totalVotes":33,"votesTotalChange":-17},"edid":13,"comparativeIndex":0.0,"electionDayVotesPercent":6.3,"nominatorAbbr":{"fi":"KOK","sv":"Saml","en":"NCP"}},{"age":47,"advanceVotesPercent":3.7,"lastname":"Guttorm","occupation":"siivooja","advanceVotes":4,"npid":7,"totalVotes":15,"spid":3,"abbr":"PS","municipalCouncilor":false,"muid":890,"alid":5,"firstname":"Aarne Johannes","electionDayVotes":11,"pid":"23","finalPosition":0,"electedInformation":"ON_SUBSTITUTE_PLACE","totalVotesPercent":5.7,"nominatorName":{"fi":"Perussuomalaiset","sv":"Sannfinländarna","en":"The Finns Party"},"caid":45,"position":0,"gender":"1","comparisonData":{"totalVotes":0,"votesTotalChange":15},"edid":13,"comparativeIndex":0.0,"electionDayVotesPercent":7.0,"nominatorAbbr":{"fi":"PS","sv":"Sannf","en":"FINNS"}},{"age":50,"advanceVotesPercent":0.0,"lastname":"Länsman","occupation":"opettaja","advanceVotes":0,"npid":1,"totalVotes":11,"spid":7,"abbr":"RKP","municipalCouncilor":false,"muid":890,"alid":1,"firstname":"Auli Maria","electionDayVotes":11,"pid":"5","finalPosition":0,"electedInformation":"ON_SUBSTITUTE_PLACE","totalVotesPercent":4.2,"nominatorName":{"fi":"Suomen ruotsalainen kansanpuolue","sv":"Svenska folkpartiet i Finland","en":"Swedish People's Party in Finland"},"caid":3,"position":0,"gender":"2","comparisonData":{"totalVotes":0,"votesTotalChange":11},"edid":13,"comparativeIndex":0.0,"electionDayVotesPercent":7.0,"nominatorAbbr":{"fi":"RKP","sv":"SFP","en":"SPP"}},{"age":34,"advanceVotesPercent":5.6,"lastname":"Nieminen","occupation":"luokanopettaja","advanceVotes":6,"npid":1,"totalVotes":10,"spid":7,"abbr":"RKP","municipalCouncilor":false,"muid":890,"alid":1,"firstname":"Satu-Marjut","electionDayVotes":4,"pid":"5","finalPosition":0,"electedInformation":"ON_SUBSTITUTE_PLACE","totalVotesPercent":3.8,"nominatorName":{"fi":"Suomen ruotsalainen kansanpuolue","sv":"Svenska folkpartiet i Finland","en":"Swedish People's Party in Finland"},"caid":4,"position":0,"gender":"2","comparisonData":{"totalVotes":20,"votesTotalChange":-10},"edid":13,"comparativeIndex":0.0,"electionDayVotesPercent":2.5,"nominatorAbbr":{"fi":"RKP","sv":"SFP","en":"SPP"}},{"age":66,"advanceVotesPercent":3.7,"lastname":"Porsanger","occupation":"yrittäjä, eläkeläinen","advanceVotes":4,"npid":2,"totalVotes":8,"spid":2,"abbr":"KOK","municipalCouncilor":true,"muid":890,"alid":2,"firstname":"Veikko Antero","electionDayVotes":4,"pid":"4","finalPosition":0,"electedInformation":"ELECTED","totalVotesPercent":3.0,"nominatorName":{"fi":"Kansallinen Kokoomus","sv":"Samlingspartiet","en":"National Coalition Party"},"caid":7,"position":0,"gender":"1","comparisonData":{"totalVotes":37,"votesTotalChange":-29},"edid":13,"comparativeIndex":0.0,"electionDayVotesPercent":2.5,"nominatorAbbr":{"fi":"KOK","sv":"Saml","en":"NCP"}},{"age":69,"advanceVotesPercent":4.7,"lastname":"Nordberg","occupation":"rakennusmestari","advanceVotes":5,"npid":5,"totalVotes":8,"spid":6,"abbr":"VAS","municipalCouncilor":true,"muid":890,"alid":3,"firstname":"Aulis Arnold","electionDayVotes":3,"pid":"15","finalPosition":0,"electedInformation":"ELECTED","totalVotesPercent":3.0,"nominatorName":{"fi":"Vasemmistoliitto","sv":"Vänsterförbundet","en":"The Left Alliance"},"caid":30,"position":0,"gender":"1","comparisonData":{"totalVotes":26,"votesTotalChange":-18},"edid":13,"comparativeIndex":0.0,"electionDayVotesPercent":1.9,"nominatorAbbr":{"fi":"VAS","sv":"VF","en":"LEFT"}},{"age":56,"advanceVotesPercent":4.7,"lastname":"Guttorm","occupation":"autoilija","advanceVotes":5,"npid":6,"totalVotes":8,"spid":1,"abbr":"KESK","municipalCouncilor":false,"muid":890,"alid":4,"firstname":"Raimo Esa","electionDayVotes":3,"pid":"2","finalPosition":0,"electedInformation":"ON_SUBSTITUTE_PLACE","totalVotesPercent":3.0,"nominatorName":{"fi":"Suomen Keskusta","sv":"Centern i Finland","en":"Centre Party of Finland"},"caid":32,"position":0,"gender":"1","comparisonData":{"totalVotes":20,"votesTotalChange":-12},"edid":13,"comparativeIndex":0.0,"electionDayVotesPercent":1.9,"nominatorAbbr":{"fi":"KESK","sv":"C","en":"CENT"}},{"age":30,"advanceVotesPercent":3.7,"lastname":"Ahlakorpi","occupation":"puheenjohtaja","advanceVotes":4,"npid":5,"totalVotes":7,"spid":6,"abbr":"VAS","municipalCouncilor":false,"muid":890,"alid":3,"firstname":"Anni Auroora","electionDayVotes":3,"pid":"15","finalPosition":0,"electedInformation":"ELECTED","totalVotesPercent":2.6,"nominatorName":{"fi":"Vasemmistoliitto","sv":"Vänsterförbundet","en":"The Left Alliance"},"caid":27,"position":0,"gender":"2","comparisonData":{"totalVotes":9,"votesTotalChange":-2},"edid":13,"comparativeIndex":0.0,"electionDayVotesPercent":1.9,"nominatorAbbr":{"fi":"VAS","sv":"VF","en":"LEFT"}},{"age":64,"advanceVotesPercent":1.9,"lastname":"Nousuniemi","occupation":"kotiavustaja","advanceVotes":2,"npid":6,"totalVotes":7,"spid":1,"abbr":"KESK","municipalCouncilor":false,"muid":890,"alid":4,"firstname":"Jouni Esa","electionDayVotes":5,"pid":"2","finalPosition":0,"electedInformation":"NOT_ELECTED","totalVotesPercent":2.6,"nominatorName":{"fi":"Suomen Keskusta","sv":"Centern i Finland","en":"Centre Party of Finland"},"caid":39,"position":0,"gender":"1","comparisonData":{"totalVotes":7,"votesTotalChange":0},"edid":13,"comparativeIndex":0.0,"electionDayVotesPercent":3.2,"nominatorAbbr":{"fi":"KESK","sv":"C","en":"CENT"}},{"age":47,"advanceVotesPercent":0.0,"lastname":"Parkkonen","occupation":"terveydenhoitaja-sairaanhoitaja","advanceVotes":0,"npid":2,"totalVotes":6,"spid":2,"abbr":"KOK","municipalCouncilor":false,"muid":890,"alid":2,"firstname":"Anne Helena","electionDayVotes":6,"pid":"4","finalPosition":0,"electedInformation":"ON_SUBSTITUTE_PLACE","totalVotesPercent":2.3,"nominatorName":{"fi":"Kansallinen Kokoomus","sv":"Samlingspartiet","en":"National Coalition Party"},"caid":6,"position":0,"gender":"2","comparisonData":{"totalVotes":8,"votesTotalChange":-2},"edid":13,"comparativeIndex":0.0,"electionDayVotesPercent":3.8,"nominatorAbbr":{"fi":"KOK","sv":"Saml","en":"NCP"}},{"age":44,"advanceVotesPercent":1.9,"lastname":"Aikio","occupation":"kirvesmies","advanceVotes":2,"npid":4,"totalVotes":6,"spid":4,"abbr":"SDP","municipalCouncilor":true,"muid":890,"alid":3,"firstname":"Mika Samuel","electionDayVotes":4,"pid":"1","finalPosition":0,"electedInformation":"ELECTED","totalVotesPercent":2.3,"nominatorName":{"fi":"Suomen Sosialidemokraattinen Puolue","sv":"Finlands Socialdemokratiska Parti","en":"The Finnish Social Democratic Party"},"caid":19,"position":0,"gender":"1","comparisonData":{"totalVotes":46,"votesTotalChange":-40},"edid":13,"comparativeIndex":0.0,"electionDayVotesPercent":2.5,"nominatorAbbr":{"fi":"SDP","sv":"SDP","en":"SDP"}},{"age":50,"advanceVotesPercent":1.9,"lastname":"Pieski","occupation":"opettaja","advanceVotes":2,"npid":6,"totalVotes":6,"spid":1,"abbr":"KESK","municipalCouncilor":false,"muid":890,"alid":4,"firstname":"Nilla Ilmari","electionDayVotes":4,"pid":"2","finalPosition":0,"electedInformation":"NOT_ELECTED","totalVotesPercent":2.3,"nominatorName":{"fi":"Suomen Keskusta","sv":"Centern i Finland","en":"Centre Party of Finland"},"caid":42,"position":0,"gender":"1","comparisonData":{"totalVotes":0,"votesTotalChange":6},"edid":13,"comparativeIndex":0.0,"electionDayVotesPercent":2.5,"nominatorAbbr":{"fi":"KESK","sv":"C","en":"CENT"}},{"age":58,"advanceVotesPercent":1.9,"lastname":"Guttorm","occupation":"eläkeläinen","advanceVotes":2,"npid":7,"totalVotes":6,"spid":3,"abbr":"PS","municipalCouncilor":false,"muid":890,"alid":5,"firstname":"Jouni Armas Veli","electionDayVotes":4,"pid":"23","finalPosition":0,"electedInformation":"ON_SUBSTITUTE_PLACE","totalVotesPercent":2.3,"nominatorName":{"fi":"Perussuomalaiset","sv":"Sannfinländarna","en":"The Finns Party"},"caid":46,"position":0,"gender":"1","comparisonData":{"totalVotes":0,"votesTotalChange":6},"edid":13,"comparativeIndex":0.0,"electionDayVotesPercent":2.5,"nominatorAbbr":{"fi":"PS","sv":"Sannf","en":"FINNS"}},{"age":42,"advanceVotesPercent":0.9,"lastname":"Guttorm","occupation":"FM, matematiikan lehtori","advanceVotes":1,"npid":2,"totalVotes":5,"spid":2,"abbr":"KOK","municipalCouncilor":false,"muid":890,"alid":2,"firstname":"Riikka Johanna","electionDayVotes":4,"pid":"4","finalPosition":0,"electedInformation":"NOT_ELECTED","totalVotesPercent":1.9,"nominatorName":{"fi":"Kansallinen Kokoomus","sv":"Samlingspartiet","en":"National Coalition Party"},"caid":17,"position":0,"gender":"2","comparisonData":{"totalVotes":0,"votesTotalChange":5},"edid":13,"comparativeIndex":0.0,"electionDayVotesPercent":2.5,"nominatorAbbr":{"fi":"KOK","sv":"Saml","en":"NCP"}},{"age":64,"advanceVotesPercent":2.8,"lastname":"Tapiola","occupation":"yrittäjä","advanceVotes":3,"npid":6,"totalVotes":5,"spid":1,"abbr":"KESK","municipalCouncilor":true,"muid":890,"alid":4,"firstname":"Uula","electionDayVotes":2,"pid":"2","finalPosition":0,"electedInformation":"ELECTED","totalVotesPercent":1.9,"nominatorName":{"fi":"Suomen Keskusta","sv":"Centern i Finland","en":"Centre Party of Finland"},"caid":41,"position":0,"gender":"1","comparisonData":{"totalVotes":39,"votesTotalChange":-34},"edid":13,"comparativeIndex":0.0,"electionDayVotesPercent":1.3,"nominatorAbbr":{"fi":"KESK","sv":"C","en":"CENT"}},{"age":61,"advanceVotesPercent":2.8,"lastname":"Eklund","occupation":"linja-autonkuljettaja","advanceVotes":3,"npid":7,"totalVotes":5,"spid":3,"abbr":"PS","municipalCouncilor":false,"muid":890,"alid":5,"firstname":"Marjatta Hannele","electionDayVotes":2,"pid":"23","finalPosition":0,"electedInformation":"NOT_ELECTED","totalVotesPercent":1.9,"nominatorName":{"fi":"Perussuomalaiset","sv":"Sannfinländarna","en":"The Finns Party"},"caid":44,"position":0,"gender":"2","comparisonData":{"totalVotes":4,"votesTotalChange":1},"edid":13,"comparativeIndex":0.0,"electionDayVotesPercent":1.3,"nominatorAbbr":{"fi":"PS","sv":"Sannf","en":"FINNS"}},{"age":57,"advanceVotesPercent":2.8,"lastname":"Guttorm","occupation":"toiminnanohjaaja","advanceVotes":3,"npid":6,"totalVotes":4,"spid":1,"abbr":"KESK","municipalCouncilor":false,"muid":890,"alid":4,"firstname":"Rauna","electionDayVotes":1,"pid":"2","finalPosition":0,"electedInformation":"ON_SUBSTITUTE_PLACE","totalVotesPercent":1.5,"nominatorName":{"fi":"Suomen Keskusta","sv":"Centern i Finland","en":"Centre Party of Finland"},"caid":33,"position":0,"gender":"2","comparisonData":{"totalVotes":19,"votesTotalChange":-15},"edid":13,"comparativeIndex":0.0,"electionDayVotesPercent":0.6,"nominatorAbbr":{"fi":"KESK","sv":"C","en":"CENT"}},{"age":46,"advanceVotesPercent":0.0,"lastname":"Laiti","occupation":"autonkuljettaja","advanceVotes":0,"npid":7,"totalVotes":4,"spid":3,"abbr":"PS","municipalCouncilor":false,"muid":890,"alid":5,"firstname":"Mauri Kalervo","electionDayVotes":4,"pid":"23","finalPosition":0,"electedInformation":"NOT_ELECTED","totalVotesPercent":1.5,"nominatorName":{"fi":"Perussuomalaiset","sv":"Sannfinländarna","en":"The Finns Party"},"caid":47,"position":0,"gender":"1","comparisonData":{"totalVotes":0,"votesTotalChange":4},"edid":13,"comparativeIndex":0.0,"electionDayVotesPercent":2.5,"nominatorAbbr":{"fi":"PS","sv":"Sannf","en":"FINNS"}},{"age":51,"advanceVotesPercent":0.0,"lastname":"Rasmussen","occupation":"veahkkeprofessor","advanceVotes":0,"npid":1,"totalVotes":3,"spid":7,"abbr":"RKP","municipalCouncilor":false,"muid":890,"alid":1,"firstname":"Torkel","electionDayVotes":3,"pid":"5","finalPosition":0,"electedInformation":"NOT_ELECTED","totalVotesPercent":1.1,"nominatorName":{"fi":"Suomen ruotsalainen kansanpuolue","sv":"Svenska folkpartiet i Finland","en":"Swedish People's Party in Finland"},"caid":5,"position":0,"gender":"1","comparisonData":{"totalVotes":0,"votesTotalChange":3},"edid":13,"comparativeIndex":0.0,"electionDayVotesPercent":1.9,"nominatorAbbr":{"fi":"RKP","sv":"SFP","en":"SPP"}},{"age":25,"advanceVotesPercent":2.8,"lastname":"Koivisto","occupation":"opiskelijajärjestön puheenjohtaja","advanceVotes":3,"npid":4,"totalVotes":3,"spid":4,"abbr":"SDP","municipalCouncilor":false,"muid":890,"alid":3,"firstname":"Anni","electionDayVotes":0,"pid":"1","finalPosition":0,"electedInformation":"ELECTED","totalVotesPercent":1.1,"nominatorName":{"fi":"Suomen Sosialidemokraattinen Puolue","sv":"Finlands Socialdemokratiska Parti","en":"The Finnish Social Democratic Party"},"caid":21,"position":0,"gender":"2","comparisonData":{"totalVotes":0,"votesTotalChange":3},"edid":13,"comparativeIndex":0.0,"electionDayVotesPercent":0.0,"nominatorAbbr":{"fi":"SDP","sv":"SDP","en":"SDP"}},{"age":44,"advanceVotesPercent":1.9,"lastname":"Lukkari","occupation":"luokanopettaja","advanceVotes":2,"npid":1,"totalVotes":2,"spid":7,"abbr":"RKP","municipalCouncilor":false,"muid":890,"alid":1,"firstname":"Sammol Antti","electionDayVotes":0,"pid":"5","finalPosition":0,"electedInformation":"ELECTED","totalVotesPercent":0.8,"nominatorName":{"fi":"Suomen ruotsalainen kansanpuolue","sv":"Svenska folkpartiet i Finland","en":"Swedish People's Party in Finland"},"caid":2,"position":0,"gender":"1","comparisonData":{"totalVotes":0,"votesTotalChange":2},"edid":13,"comparativeIndex":0.0,"electionDayVotesPercent":0.0,"nominatorAbbr":{"fi":"RKP","sv":"SFP","en":"SPP"}},{"age":62,"advanceVotesPercent":1.9,"lastname":"Konttinen","occupation":"HLL, maalaishammaslääkäri","advanceVotes":2,"npid":3,"totalVotes":2,"spid":8,"abbr":"KD","municipalCouncilor":false,"muid":890,"alid":2,"firstname":"Pirjo Hillevi","electionDayVotes":0,"pid":"9","finalPosition":0,"electedInformation":"ELECTED","totalVotesPercent":0.8,"nominatorName":{"fi":"Suomen Kristillisdemokraatit (KD)","sv":"Kristdemokraterna i Finland (KD)","en":"Christian Democrats in Finland"},"caid":18,"position":0,"gender":"2","comparisonData":{"totalVotes":0,"votesTotalChange":2},"edid":13,"comparativeIndex":0.0,"electionDayVotesPercent":0.0,"nominatorAbbr":{"fi":"KD","sv":"KD","en":"CD"}},{"age":39,"advanceVotesPercent":1.9,"lastname":"Aikio","occupation":"terveydenhoitaja","advanceVotes":2,"npid":4,"totalVotes":2,"spid":4,"abbr":"SDP","municipalCouncilor":false,"muid":890,"alid":3,"firstname":"Elle Kaaren","electionDayVotes":0,"pid":"1","finalPosition":0,"electedInformation":"ON_SUBSTITUTE_PLACE","totalVotesPercent":0.8,"nominatorName":{"fi":"Suomen Sosialidemokraattinen Puolue","sv":"Finlands Socialdemokratiska Parti","en":"The Finnish Social Democratic Party"},"caid":23,"position":0,"gender":"2","comparisonData":{"totalVotes":21,"votesTotalChange":-19},"edid":13,"comparativeIndex":0.0,"electionDayVotesPercent":0.0,"nominatorAbbr":{"fi":"SDP","sv":"SDP","en":"SDP"}},{"age":62,"advanceVotesPercent":1.9,"lastname":"Guttorm","occupation":"asiakasneuvoja","advanceVotes":2,"npid":6,"totalVotes":2,"spid":1,"abbr":"KESK","municipalCouncilor":true,"muid":890,"alid":4,"firstname":"Väinö","electionDayVotes":0,"pid":"2","finalPosition":0,"electedInformation":"ON_SUBSTITUTE_PLACE","totalVotesPercent":0.8,"nominatorName":{"fi":"Suomen Keskusta","sv":"Centern i Finland","en":"Centre Party of Finland"},"caid":35,"position":0,"gender":"1","comparisonData":{"totalVotes":29,"votesTotalChange":-27},"edid":13,"comparativeIndex":0.0,"electionDayVotesPercent":0.0,"nominatorAbbr":{"fi":"KESK","sv":"C","en":"CENT"}},{"age":35,"advanceVotesPercent":0.9,"lastname":"Saari","occupation":"suurtalouskokki, opiskelija","advanceVotes":1,"npid":2,"totalVotes":1,"spid":2,"abbr":"KOK","municipalCouncilor":false,"muid":890,"alid":2,"firstname":"Lotta-Inkeri","electionDayVotes":0,"pid":"4","finalPosition":0,"electedInformation":"ON_SUBSTITUTE_PLACE","totalVotesPercent":0.4,"nominatorName":{"fi":"Kansallinen Kokoomus","sv":"Samlingspartiet","en":"National Coalition Party"},"caid":16,"position":0,"gender":"2","comparisonData":{"totalVotes":0,"votesTotalChange":1},"edid":13,"comparativeIndex":0.0,"electionDayVotesPercent":0.0,"nominatorAbbr":{"fi":"KOK","sv":"Saml","en":"NCP"}},{"age":33,"advanceVotesPercent":0.9,"lastname":"Krogerus","occupation":"yrittäjä, puuseppä","advanceVotes":1,"npid":4,"totalVotes":1,"spid":4,"abbr":"SDP","municipalCouncilor":false,"muid":890,"alid":3,"firstname":"Harri Juhani","electionDayVotes":0,"pid":"1","finalPosition":0,"electedInformation":"ON_SUBSTITUTE_PLACE","totalVotesPercent":0.4,"nominatorName":{"fi":"Suomen Sosialidemokraattinen Puolue","sv":"Finlands Socialdemokratiska Parti","en":"The Finnish Social Democratic Party"},"caid":22,"position":0,"gender":"1","comparisonData":{"totalVotes":0,"votesTotalChange":1},"edid":13,"comparativeIndex":0.0,"electionDayVotesPercent":0.0,"nominatorAbbr":{"fi":"SDP","sv":"SDP","en":"SDP"}},{"age":71,"advanceVotesPercent":0.0,"lastname":"Ahlakorpi","occupation":"eläkeläinen","advanceVotes":0,"npid":5,"totalVotes":1,"spid":6,"abbr":"VAS","municipalCouncilor":false,"muid":890,"alid":3,"firstname":"Arto Risto Sakari","electionDayVotes":1,"pid":"15","finalPosition":0,"electedInformation":"NOT_ELECTED","totalVotesPercent":0.4,"nominatorName":{"fi":"Vasemmistoliitto","sv":"Vänsterförbundet","en":"The Left Alliance"},"caid":28,"position":0,"gender":"1","comparisonData":{"totalVotes":2,"votesTotalChange":-1},"edid":13,"comparativeIndex":0.0,"electionDayVotesPercent":0.6,"nominatorAbbr":{"fi":"VAS","sv":"VF","en":"LEFT"}},{"age":38,"advanceVotesPercent":0.0,"lastname":"Halonen","occupation":"lähihoitaja","advanceVotes":0,"npid":6,"totalVotes":1,"spid":1,"abbr":"KESK","municipalCouncilor":false,"muid":890,"alid":4,"firstname":"Markku","electionDayVotes":1,"pid":"2","finalPosition":0,"electedInformation":"ELECTED","totalVotesPercent":0.4,"nominatorName":{"fi":"Suomen Keskusta","sv":"Centern i Finland","en":"Centre Party of Finland"},"caid":36,"position":0,"gender":"1","comparisonData":{"totalVotes":0,"votesTotalChange":1},"edid":13,"comparativeIndex":0.0,"electionDayVotesPercent":0.6,"nominatorAbbr":{"fi":"KESK","sv":"C","en":"CENT"}},{"age":26,"advanceVotesPercent":0.0,"lastname":"Valle","occupation":"yrittäjä/poromies","advanceVotes":0,"npid":2,"totalVotes":0,"spid":2,"abbr":"KOK","municipalCouncilor":false,"muid":890,"alid":2,"firstname":"Johan Erik","electionDayVotes":0,"pid":"4","finalPosition":0,"electedInformation":"NOT_ELECTED","totalVotesPercent":0.0,"nominatorName":{"fi":"Kansallinen Kokoomus","sv":"Samlingspartiet","en":"National Coalition Party"},"caid":8,"position":0,"gender":"1","comparisonData":{"totalVotes":0,"votesTotalChange":0},"edid":13,"comparativeIndex":0.0,"electionDayVotesPercent":0.0,"nominatorAbbr":{"fi":"KOK","sv":"Saml","en":"NCP"}},{"age":61,"advanceVotesPercent":0.0,"lastname":"Länsman","occupation":"tutkija","advanceVotes":0,"npid":2,"totalVotes":0,"spid":2,"abbr":"KOK","municipalCouncilor":false,"muid":890,"alid":2,"firstname":"Maija Kaarina","electionDayVotes":0,"pid":"4","finalPosition":0,"electedInformation":"NOT_ELECTED","totalVotesPercent":0.0,"nominatorName":{"fi":"Kansallinen Kokoomus","sv":"Samlingspartiet","en":"National Coalition Party"},"caid":9,"position":0,"gender":"2","comparisonData":{"totalVotes":17,"votesTotalChange":-17},"edid":13,"comparativeIndex":0.0,"electionDayVotesPercent":0.0,"nominatorAbbr":{"fi":"KOK","sv":"Saml","en":"NCP"}},{"age":46,"advanceVotesPercent":0.0,"lastname":"Lukkari","occupation":"posteljooni","advanceVotes":0,"npid":2,"totalVotes":0,"spid":2,"abbr":"KOK","municipalCouncilor":false,"muid":890,"alid":2,"firstname":"Nils Eric","electionDayVotes":0,"pid":"4","finalPosition":0,"electedInformation":"ON_SUBSTITUTE_PLACE","totalVotesPercent":0.0,"nominatorName":{"fi":"Kansallinen Kokoomus","sv":"Samlingspartiet","en":"National Coalition Party"},"caid":10,"position":0,"gender":"1","comparisonData":{"totalVotes":0,"votesTotalChange":0},"edid":13,"comparativeIndex":0.0,"electionDayVotesPercent":0.0,"nominatorAbbr":{"fi":"KOK","sv":"Saml","en":"NCP"}},{"age":28,"advanceVotesPercent":0.0,"lastname":"Valle","occupation":"matkailun restonomi","advanceVotes":0,"npid":2,"totalVotes":0,"spid":2,"abbr":"KOK","municipalCouncilor":true,"muid":890,"alid":2,"firstname":"Henry Tapani","electionDayVotes":0,"pid":"4","finalPosition":0,"electedInformation":"ELECTED","totalVotesPercent":0.0,"nominatorName":{"fi":"Kansallinen Kokoomus","sv":"Samlingspartiet","en":"National Coalition Party"},"caid":11,"position":0,"gender":"1","comparisonData":{"totalVotes":41,"votesTotalChange":-41},"edid":13,"comparativeIndex":0.0,"electionDayVotesPercent":0.0,"nominatorAbbr":{"fi":"KOK","sv":"Saml","en":"NCP"}},{"age":31,"advanceVotesPercent":0.0,"lastname":"Aurala","occupation":"kauppias","advanceVotes":0,"npid":2,"totalVotes":0,"spid":2,"abbr":"KOK","municipalCouncilor":false,"muid":890,"alid":2,"firstname":"Paula Elisabeth","electionDayVotes":0,"pid":"4","finalPosition":0,"electedInformation":"NOT_ELECTED","totalVotesPercent":0.0,"nominatorName":{"fi":"Kansallinen Kokoomus","sv":"Samlingspartiet","en":"National Coalition Party"},"caid":12,"position":0,"gender":"2","comparisonData":{"totalVotes":0,"votesTotalChange":0},"edid":13,"comparativeIndex":0.0,"electionDayVotesPercent":0.0,"nominatorAbbr":{"fi":"KOK","sv":"Saml","en":"NCP"}},{"age":68,"advanceVotesPercent":0.0,"lastname":"Kordelin","occupation":"eläkeläinen/yrittäjä","advanceVotes":0,"npid":2,"totalVotes":0,"spid":2,"abbr":"KOK","municipalCouncilor":true,"muid":890,"alid":2,"firstname":"Marjatta","electionDayVotes":0,"pid":"4","finalPosition":0,"electedInformation":"ELECTED","totalVotesPercent":0.0,"nominatorName":{"fi":"Kansallinen Kokoomus","sv":"Samlingspartiet","en":"National Coalition Party"},"caid":13,"position":0,"gender":"2","comparisonData":{"totalVotes":44,"votesTotalChange":-44},"edid":13,"comparativeIndex":0.0,"electionDayVotesPercent":0.0,"nominatorAbbr":{"fi":"KOK","sv":"Saml","en":"NCP"}},{"age":69,"advanceVotesPercent":0.0,"lastname":"Mellanen","occupation":"eläkeläinen","advanceVotes":0,"npid":2,"totalVotes":0,"spid":2,"abbr":"KOK","municipalCouncilor":false,"muid":890,"alid":2,"firstname":"Marjut Anna Edith","electionDayVotes":0,"pid":"4","finalPosition":0,"electedInformation":"NOT_ELECTED","totalVotesPercent":0.0,"nominatorName":{"fi":"Kansallinen Kokoomus","sv":"Samlingspartiet","en":"National Coalition Party"},"caid":14,"position":0,"gender":"2","comparisonData":{"totalVotes":0,"votesTotalChange":0},"edid":13,"comparativeIndex":0.0,"electionDayVotesPercent":0.0,"nominatorAbbr":{"fi":"KOK","sv":"Saml","en":"NCP"}},{"age":19,"advanceVotesPercent":0.0,"lastname":"Laiti","occupation":"opiskelija","advanceVotes":0,"npid":4,"totalVotes":0,"spid":4,"abbr":"SDP","municipalCouncilor":false,"muid":890,"alid":3,"firstname":"Tuomo Kalervo Sammeli","electionDayVotes":0,"pid":"1","finalPosition":0,"electedInformation":"NOT_ELECTED","totalVotesPercent":0.0,"nominatorName":{"fi":"Suomen Sosialidemokraattinen Puolue","sv":"Finlands Socialdemokratiska Parti","en":"The Finnish Social Democratic Party"},"caid":20,"position":0,"gender":"1","comparisonData":{"totalVotes":0,"votesTotalChange":0},"edid":13,"comparativeIndex":0.0,"electionDayVotesPercent":0.0,"nominatorAbbr":{"fi":"SDP","sv":"SDP","en":"SDP"}},{"age":57,"advanceVotesPercent":0.0,"lastname":"Guttorm","occupation":"opiskelija","advanceVotes":0,"npid":4,"totalVotes":0,"spid":4,"abbr":"SDP","municipalCouncilor":false,"muid":890,"alid":3,"firstname":"Hillevi","electionDayVotes":0,"pid":"1","finalPosition":0,"electedInformation":"NOT_ELECTED","totalVotesPercent":0.0,"nominatorName":{"fi":"Suomen Sosialidemokraattinen Puolue","sv":"Finlands Socialdemokratiska Parti","en":"The Finnish Social Democratic Party"},"caid":24,"position":0,"gender":"2","comparisonData":{"totalVotes":0,"votesTotalChange":0},"edid":13,"comparativeIndex":0.0,"electionDayVotesPercent":0.0,"nominatorAbbr":{"fi":"SDP","sv":"SDP","en":"SDP"}},{"age":50,"advanceVotesPercent":0.0,"lastname":"Niemi","occupation":"ajoneuvoasentaja","advanceVotes":0,"npid":4,"totalVotes":0,"spid":4,"abbr":"SDP","municipalCouncilor":false,"muid":890,"alid":3,"firstname":"Seppo Antero","electionDayVotes":0,"pid":"1","finalPosition":0,"electedInformation":"ON_SUBSTITUTE_PLACE","totalVotesPercent":0.0,"nominatorName":{"fi":"Suomen Sosialidemokraattinen Puolue","sv":"Finlands Socialdemokratiska Parti","en":"The Finnish Social Democratic Party"},"caid":25,"position":0,"gender":"1","comparisonData":{"totalVotes":3,"votesTotalChange":-3},"edid":13,"comparativeIndex":0.0,"electionDayVotesPercent":0.0,"nominatorAbbr":{"fi":"SDP","sv":"SDP","en":"SDP"}},{"age":68,"advanceVotesPercent":0.0,"lastname":"Aikio","occupation":"eläkeläinen","advanceVotes":0,"npid":4,"totalVotes":0,"spid":4,"abbr":"SDP","municipalCouncilor":false,"muid":890,"alid":3,"firstname":"Riitta Ellen","electionDayVotes":0,"pid":"1","finalPosition":0,"electedInformation":"NOT_ELECTED","totalVotesPercent":0.0,"nominatorName":{"fi":"Suomen Sosialidemokraattinen Puolue","sv":"Finlands Socialdemokratiska Parti","en":"The Finnish Social Democratic Party"},"caid":26,"position":0,"gender":"2","comparisonData":{"totalVotes":1,"votesTotalChange":-1},"edid":13,"comparativeIndex":0.0,"electionDayVotesPercent":0.0,"nominatorAbbr":{"fi":"SDP","sv":"SDP","en":"SDP"}},{"age":67,"advanceVotesPercent":0.0,"lastname":"Kosunen","occupation":"muurari","advanceVotes":0,"npid":5,"totalVotes":0,"spid":6,"abbr":"VAS","municipalCouncilor":false,"muid":890,"alid":3,"firstname":"Markku Kullervo","electionDayVotes":0,"pid":"15","finalPosition":0,"electedInformation":"ON_SUBSTITUTE_PLACE","totalVotesPercent":0.0,"nominatorName":{"fi":"Vasemmistoliitto","sv":"Vänsterförbundet","en":"The Left Alliance"},"caid":29,"position":0,"gender":"1","comparisonData":{"totalVotes":3,"votesTotalChange":-3},"edid":13,"comparativeIndex":0.0,"electionDayVotesPercent":0.0,"nominatorAbbr":{"fi":"VAS","sv":"VF","en":"LEFT"}},{"age":36,"advanceVotesPercent":0.0,"lastname":"Seppänen","occupation":"äiti, lähihoitajaopiskelija","advanceVotes":0,"npid":5,"totalVotes":0,"spid":6,"abbr":"VAS","municipalCouncilor":false,"muid":890,"alid":3,"firstname":"Maiju-Ilona","electionDayVotes":0,"pid":"15","finalPosition":0,"electedInformation":"NOT_ELECTED","totalVotesPercent":0.0,"nominatorName":{"fi":"Vasemmistoliitto","sv":"Vänsterförbundet","en":"The Left Alliance"},"caid":31,"position":0,"gender":"2","comparisonData":{"totalVotes":8,"votesTotalChange":-8},"edid":13,"comparativeIndex":0.0,"electionDayVotesPercent":0.0,"nominatorAbbr":{"fi":"VAS","sv":"VF","en":"LEFT"}},{"age":52,"advanceVotesPercent":0.0,"lastname":"Hekkanen","occupation":"psykoterapeutti, matkailuyrittäjä","advanceVotes":0,"npid":6,"totalVotes":0,"spid":1,"abbr":"KESK","municipalCouncilor":false,"muid":890,"alid":4,"firstname":"Raimo","electionDayVotes":0,"pid":"2","finalPosition":0,"electedInformation":"ELECTED","totalVotesPercent":0.0,"nominatorName":{"fi":"Suomen Keskusta","sv":"Centern i Finland","en":"Centre Party of Finland"},"caid":37,"position":0,"gender":"1","comparisonData":{"totalVotes":0,"votesTotalChange":0},"edid":13,"comparativeIndex":0.0,"electionDayVotesPercent":0.0,"nominatorAbbr":{"fi":"KESK","sv":"C","en":"CENT"}}],"municipalityPollingDistricts":[{"name":{"fi":"Outakoski","sv":"Outakoski"},"calculationStatusPercent":100.0,"joinedArea":false,"muid":890,"totalVotingInFinlandTurnout":80.6,"identification":"002","pdid":"002","eligibleVotersInFinlandTotal":330,"edid":13,"mergedToPdid":""},{"name":{"fi":"Kirkonkylä","sv":"Kirkonkylä"},"calculationStatusPercent":100.0,"joinedArea":false,"muid":890,"totalVotingInFinlandTurnout":77.5,"identification":"003","pdid":"003","eligibleVotersInFinlandTotal":516,"edid":13,"mergedToPdid":""},{"name":{"fi":"Nuorgam","sv":"Nuorgam"},"calculationStatusPercent":100.0,"joinedArea":false,"muid":890,"totalVotingInFinlandTurnout":74.9,"identification":"004","pdid":"004","eligibleVotersInFinlandTotal":171,"edid":13,"mergedToPdid":""}],"municipality":{"muid":890,"edid":13,"name":{"fi":"Utsjoki","sv":"Utsjoki"}}}