{"version":76,"created":"2017-04-09T23:07:52.835Z","electionDetails":{"electionId":"kv2017","electionDate":"2017-04-09T00:00:00.000Z","electionDataPublishTime":"2017-04-09T17:00:00.000Z","name":{"fi":"Kuntavaalit 2017","sv":"Kommunalval 2017","en":"Elections 2017"},"previousElections":{"correspondingCompareElection":{"electionId":"kv2012","electionDate":"2012-10-28T00:00:00.000Z","name":{"fi":"Kuntavaalit 2012","en":"Municipal elections 2012","sv":"Kommunalval 2012"}},"otherCompareElection":{"electionId":"ev2015","electionDate":"2015-04-19T00:00:00.000Z","name":{"fi":"Eduskuntavaalit 2015","en":"Parliamentary election 2015","sv":"Riksdagsval 2015"}}}},"calculationStatus":{"electionDayVotingTurnout":32.6,"invalidAdvanceVotes":1,"calculationPhase":"INITIAL","invalidElectionDayVotes":2,"approvedAdvanceVotes":385,"advanceVotingTurnout":26.1,"totalVotingTurnoutAbroad":0.0,"name":{"fi":"Kirkonkylä","sv":"Kirkonkylä"},"calculationStatusPercent":100.0,"advanceVotes":387,"electionDayVotingTurnoutAbroad":0.0,"approvedTotalVotes":866,"totalVotes":870,"muid":71,"totalVotingInFinlandTurnout":58.8,"advanceVotingTurnoutAbroad":0.0,"invalidTotalVotes":3,"totalVotingTurnout":58.8,"electionDayVotes":483,"electionDayVotesInFinland":483,"pdid":"004","totalVotesInFinlandMen":0,"eligibleVotersInFinlandTotal":1480,"calculationStatusPercentElectionDayVotes":100.0,"sourceRecordModificationTime":"20170409210716","otherCompareElection":{"eid":"","eligibleVotersInFinlandTotal":0,"advanceVotingInFinlandTurnout":0.0,"electionDayVotingInFinlandTurnout":0.0,"totalVotingInFinlandTurnout":0.0,"approvedVotesTotal":0,"invalidVotesTotal":0},"correspondingCompareElection":{"eid":"","eligibleVotersInFinlandTotal":0,"advanceVotingInFinlandTurnout":0.0,"electionDayVotingInFinlandTurnout":0.0,"totalVotingInFinlandTurnout":0.0,"approvedVotesTotal":0,"invalidVotesTotal":0,"seats":0},"approvedElectionDayVotes":481,"edid":12,"calculationStatusPercentAdvanceVotes":100.0,"electionDayVotingInFinlandTurnout":32.6,"seats":0,"eligibleVotersTotal":1480,"advanceVotesInFinland":387,"advanceVotingInFinlandTurnout":26.1,"totalVotesInFinland":870},"partyResults":[{"advanceVotesPercent":54.5,"name":{"fi":"Suomen Keskusta","sv":"Centern i Finland","en":"Centre Party of Finland"},"advanceVotes":210,"npid":3,"totalVotes":475,"spid":1,"abbr":{"fi":"KESK","sv":"C","en":"CENT"},"alid":3,"electionDayVotes":265,"pid":"2","totalVotesPercent":54.8,"nominatorName":{"fi":"Suomen Keskusta","sv":"Centern i Finland","en":"Centre Party of Finland"},"compareData":{"otherCompareElection":{"votesTotalChange":0,"votesTotalPercentChange":0.0,"votesTotal":475,"votesTotalPercent":54.8},"correspondingCompareElection":{"votesTotalChange":0,"votesTotalPercentChange":0.0,"seatChange":0,"votesTotal":475,"votesTotalPercent":54.8,"seatsTotal":0}},"seats":0,"electionDayVotesPercent":55.1,"nominatorAbbr":{"fi":"KESK","sv":"C","en":"CENT"}},{"advanceVotesPercent":19.7,"name":{"fi":"Vasemmistoliitto","sv":"Vänsterförbundet","en":"The Left Alliance"},"advanceVotes":76,"npid":2,"totalVotes":175,"spid":6,"abbr":{"fi":"VAS","sv":"VF","en":"LEFT"},"alid":2,"electionDayVotes":99,"pid":"15","totalVotesPercent":20.2,"nominatorName":{"fi":"Vasemmistoliitto","sv":"Vänsterförbundet","en":"The Left Alliance"},"compareData":{"otherCompareElection":{"votesTotalChange":0,"votesTotalPercentChange":0.0,"votesTotal":175,"votesTotalPercent":20.2},"correspondingCompareElection":{"votesTotalChange":0,"votesTotalPercentChange":0.0,"seatChange":0,"votesTotal":175,"votesTotalPercent":20.2,"seatsTotal":0}},"seats":0,"electionDayVotesPercent":20.6,"nominatorAbbr":{"fi":"VAS","sv":"VF","en":"LEFT"}},{"advanceVotesPercent":11.2,"name":{"fi":"Perussuomalaiset","sv":"Sannfinländarna","en":"The Finns Party"},"advanceVotes":43,"npid":1,"totalVotes":104,"spid":3,"abbr":{"fi":"PS","sv":"Sannf","en":"FINNS"},"alid":1,"electionDayVotes":61,"pid":"23","totalVotesPercent":12.0,"nominatorName":{"fi":"Perussuomalaiset","sv":"Sannfinländarna","en":"The Finns Party"},"compareData":{"otherCompareElection":{"votesTotalChange":0,"votesTotalPercentChange":0.0,"votesTotal":104,"votesTotalPercent":12.0},"correspondingCompareElection":{"votesTotalChange":0,"votesTotalPercentChange":0.0,"seatChange":0,"votesTotal":104,"votesTotalPercent":12.0,"seatsTotal":0}},"seats":0,"electionDayVotesPercent":12.7,"nominatorAbbr":{"fi":"PS","sv":"Sannf","en":"FINNS"}},{"advanceVotesPercent":8.6,"name":{"fi":"Kansallinen Kokoomus","sv":"Samlingspartiet","en":"National Coalition Party"},"advanceVotes":33,"npid":5,"totalVotes":77,"spid":2,"abbr":{"fi":"KOK","sv":"Saml","en":"NCP"},"alid":5,"electionDayVotes":44,"pid":"4","totalVotesPercent":8.9,"nominatorName":{"fi":"Kansallinen Kokoomus","sv":"Samlingspartiet","en":"National Coalition Party"},"compareData":{"otherCompareElection":{"votesTotalChange":0,"votesTotalPercentChange":0.0,"votesTotal":77,"votesTotalPercent":8.9},"correspondingCompareElection":{"votesTotalChange":0,"votesTotalPercentChange":0.0,"seatChange":0,"votesTotal":77,"votesTotalPercent":8.9,"seatsTotal":0}},"seats":0,"electionDayVotesPercent":9.1,"nominatorAbbr":{"fi":"KOK","sv":"Saml","en":"NCP"}},{"advanceVotesPercent":6.0,"name":{"fi":"Suomen Sosialidemokraattinen Puolue","sv":"Finlands Socialdemokratiska Parti","en":"The Finnish Social Democratic Party"},"advanceVotes":23,"npid":4,"totalVotes":35,"spid":4,"abbr":{"fi":"SDP","sv":"SDP","en":"SDP"},"alid":4,"electionDayVotes":12,"pid":"1","totalVotesPercent":4.0,"nominatorName":{"fi":"Suomen Sosialidemokraattinen Puolue","sv":"Finlands Socialdemokratiska Parti","en":"The Finnish Social Democratic Party"},"compareData":{"otherCompareElection":{"votesTotalChange":0,"votesTotalPercentChange":0.0,"votesTotal":35,"votesTotalPercent":4.0},"correspondingCompareElection":{"votesTotalChange":0,"votesTotalPercentChange":0.0,"seatChange":0,"votesTotal":35,"votesTotalPercent":4.0,"seatsTotal":0}},"seats":0,"electionDayVotesPercent":2.5,"nominatorAbbr":{"fi":"SDP","sv":"SDP","en":"SDP"}}],"candidateResults":[{"age":76,"advanceVotesPercent":6.0,"lastname":"Saukko","occupation":"kiinteistönhoitaja, eläkkeellä","advanceVotes":23,"npid":2,"totalVotes":47,"spid":6,"abbr":"VAS","municipalCouncilor":true,"muid":71,"alid":2,"firstname":"Viljo (Ville)","electionDayVotes":24,"pid":"15","finalPosition":0,"electedInformation":"ELECTED","totalVotesPercent":5.4,"nominatorName":{"fi":"Vasemmistoliitto","sv":"Vänsterförbundet","en":"The Left Alliance"},"caid":30,"position":0,"gender":"1","comparisonData":{"totalVotes":91,"votesTotalChange":-44},"edid":12,"comparativeIndex":0.0,"electionDayVotesPercent":5.0,"nominatorAbbr":{"fi":"VAS","sv":"VF","en":"LEFT"}},{"age":38,"advanceVotesPercent":5.2,"lastname":"Ollila","occupation":"agrologi (AMK), maatalousyrittäjä","advanceVotes":20,"npid":3,"totalVotes":45,"spid":1,"abbr":"KESK","municipalCouncilor":false,"muid":71,"alid":3,"firstname":"Päivi","electionDayVotes":25,"pid":"2","finalPosition":0,"electedInformation":"ELECTED","totalVotesPercent":5.2,"nominatorName":{"fi":"Suomen Keskusta","sv":"Centern i Finland","en":"Centre Party of Finland"},"caid":49,"position":0,"gender":"2","comparisonData":{"totalVotes":0,"votesTotalChange":45},"edid":12,"comparativeIndex":0.0,"electionDayVotesPercent":5.2,"nominatorAbbr":{"fi":"KESK","sv":"C","en":"CENT"}},{"age":32,"advanceVotesPercent":2.9,"lastname":"Nuolioja","occupation":"restonomi","advanceVotes":11,"npid":3,"totalVotes":39,"spid":1,"abbr":"KESK","municipalCouncilor":false,"muid":71,"alid":3,"firstname":"Riikka-Kaisa","electionDayVotes":28,"pid":"2","finalPosition":0,"electedInformation":"ELECTED","totalVotesPercent":4.5,"nominatorName":{"fi":"Suomen Keskusta","sv":"Centern i Finland","en":"Centre Party of Finland"},"caid":48,"position":0,"gender":"2","comparisonData":{"totalVotes":0,"votesTotalChange":39},"edid":12,"comparativeIndex":0.0,"electionDayVotesPercent":5.8,"nominatorAbbr":{"fi":"KESK","sv":"C","en":"CENT"}},{"age":53,"advanceVotesPercent":3.1,"lastname":"Pekkala","occupation":"ryhmäpäällikkö","advanceVotes":12,"npid":2,"totalVotes":37,"spid":6,"abbr":"VAS","municipalCouncilor":false,"muid":71,"alid":2,"firstname":"Outi","electionDayVotes":25,"pid":"15","finalPosition":0,"electedInformation":"ELECTED","totalVotesPercent":4.3,"nominatorName":{"fi":"Vasemmistoliitto","sv":"Vänsterförbundet","en":"The Left Alliance"},"caid":29,"position":0,"gender":"2","comparisonData":{"totalVotes":0,"votesTotalChange":37},"edid":12,"comparativeIndex":0.0,"electionDayVotesPercent":5.2,"nominatorAbbr":{"fi":"VAS","sv":"VF","en":"LEFT"}},{"age":48,"advanceVotesPercent":3.9,"lastname":"Laitila","occupation":"yrittäjä","advanceVotes":15,"npid":3,"totalVotes":35,"spid":1,"abbr":"KESK","municipalCouncilor":true,"muid":71,"alid":3,"firstname":"Markku","electionDayVotes":20,"pid":"2","finalPosition":0,"electedInformation":"ELECTED","totalVotesPercent":4.0,"nominatorName":{"fi":"Suomen Keskusta","sv":"Centern i Finland","en":"Centre Party of Finland"},"caid":43,"position":0,"gender":"1","comparisonData":{"totalVotes":72,"votesTotalChange":-37},"edid":12,"comparativeIndex":0.0,"electionDayVotesPercent":4.2,"nominatorAbbr":{"fi":"KESK","sv":"C","en":"CENT"}},{"age":36,"advanceVotesPercent":3.6,"lastname":"Valkovirta","occupation":"ensihoitaja","advanceVotes":14,"npid":5,"totalVotes":35,"spid":2,"abbr":"KOK","municipalCouncilor":false,"muid":71,"alid":5,"firstname":"Pauliina","electionDayVotes":21,"pid":"4","finalPosition":0,"electedInformation":"ELECTED","totalVotesPercent":4.0,"nominatorName":{"fi":"Kansallinen Kokoomus","sv":"Samlingspartiet","en":"National Coalition Party"},"caid":66,"position":0,"gender":"2","comparisonData":{"totalVotes":0,"votesTotalChange":35},"edid":12,"comparativeIndex":0.0,"electionDayVotesPercent":4.4,"nominatorAbbr":{"fi":"KOK","sv":"Saml","en":"NCP"}},{"age":53,"advanceVotesPercent":5.2,"lastname":"Kolehmainen","occupation":"yrittäjä","advanceVotes":20,"npid":3,"totalVotes":32,"spid":1,"abbr":"KESK","municipalCouncilor":true,"muid":71,"alid":3,"firstname":"Anri","electionDayVotes":12,"pid":"2","finalPosition":0,"electedInformation":"ELECTED","totalVotesPercent":3.7,"nominatorName":{"fi":"Suomen Keskusta","sv":"Centern i Finland","en":"Centre Party of Finland"},"caid":41,"position":0,"gender":"2","comparisonData":{"totalVotes":77,"votesTotalChange":-45},"edid":12,"comparativeIndex":0.0,"electionDayVotesPercent":2.5,"nominatorAbbr":{"fi":"KESK","sv":"C","en":"CENT"}},{"age":58,"advanceVotesPercent":3.6,"lastname":"Särkipaju","occupation":"kotitalousteknikko, puutarhuri","advanceVotes":14,"npid":3,"totalVotes":31,"spid":1,"abbr":"KESK","municipalCouncilor":false,"muid":71,"alid":3,"firstname":"Leila","electionDayVotes":17,"pid":"2","finalPosition":0,"electedInformation":"ELECTED","totalVotesPercent":3.6,"nominatorName":{"fi":"Suomen Keskusta","sv":"Centern i Finland","en":"Centre Party of Finland"},"caid":58,"position":0,"gender":"2","comparisonData":{"totalVotes":35,"votesTotalChange":-4},"edid":12,"comparativeIndex":0.0,"electionDayVotesPercent":3.5,"nominatorAbbr":{"fi":"KESK","sv":"C","en":"CENT"}},{"age":65,"advanceVotesPercent":5.7,"lastname":"Ryyti","occupation":"verkostosuunnittelija, eläkeläinen","advanceVotes":22,"npid":4,"totalVotes":29,"spid":4,"abbr":"SDP","municipalCouncilor":true,"muid":71,"alid":4,"firstname":"Jouni","electionDayVotes":7,"pid":"1","finalPosition":0,"electedInformation":"NOT_ELECTED","totalVotesPercent":3.3,"nominatorName":{"fi":"Suomen Sosialidemokraattinen Puolue","sv":"Finlands Socialdemokratiska Parti","en":"The Finnish Social Democratic Party"},"caid":63,"position":0,"gender":"1","comparisonData":{"totalVotes":64,"votesTotalChange":-35},"edid":12,"comparativeIndex":0.0,"electionDayVotesPercent":1.5,"nominatorAbbr":{"fi":"SDP","sv":"SDP","en":"SDP"}},{"age":49,"advanceVotesPercent":4.4,"lastname":"Repo","occupation":"luokanopettaja","advanceVotes":17,"npid":1,"totalVotes":27,"spid":3,"abbr":"PS","municipalCouncilor":true,"muid":71,"alid":1,"firstname":"Ilkka","electionDayVotes":10,"pid":"23","finalPosition":0,"electedInformation":"ELECTED","totalVotesPercent":3.1,"nominatorName":{"fi":"Perussuomalaiset","sv":"Sannfinländarna","en":"The Finns Party"},"caid":13,"position":0,"gender":"1","comparisonData":{"totalVotes":42,"votesTotalChange":-15},"edid":12,"comparativeIndex":0.0,"electionDayVotesPercent":2.1,"nominatorAbbr":{"fi":"PS","sv":"Sannf","en":"FINNS"}},{"age":54,"advanceVotesPercent":2.9,"lastname":"Riuttanen","occupation":"työnohjaaja","advanceVotes":11,"npid":3,"totalVotes":27,"spid":1,"abbr":"KESK","municipalCouncilor":true,"muid":71,"alid":3,"firstname":"Hannu","electionDayVotes":16,"pid":"2","finalPosition":0,"electedInformation":"ELECTED","totalVotesPercent":3.1,"nominatorName":{"fi":"Suomen Keskusta","sv":"Centern i Finland","en":"Centre Party of Finland"},"caid":53,"position":0,"gender":"1","comparisonData":{"totalVotes":78,"votesTotalChange":-51},"edid":12,"comparativeIndex":0.0,"electionDayVotesPercent":3.3,"nominatorAbbr":{"fi":"KESK","sv":"C","en":"CENT"}},{"age":60,"advanceVotesPercent":4.7,"lastname":"Vuorenmaa","occupation":"metsätalousyrittäjä","advanceVotes":18,"npid":3,"totalVotes":27,"spid":1,"abbr":"KESK","municipalCouncilor":true,"muid":71,"alid":3,"firstname":"Heino","electionDayVotes":9,"pid":"2","finalPosition":0,"electedInformation":"ELECTED","totalVotesPercent":3.1,"nominatorName":{"fi":"Suomen Keskusta","sv":"Centern i Finland","en":"Centre Party of Finland"},"caid":61,"position":0,"gender":"1","comparisonData":{"totalVotes":75,"votesTotalChange":-48},"edid":12,"comparativeIndex":0.0,"electionDayVotesPercent":1.9,"nominatorAbbr":{"fi":"KESK","sv":"C","en":"CENT"}},{"age":50,"advanceVotesPercent":1.6,"lastname":"Vatjus","occupation":"lomitustyönjohtaja, hieroja","advanceVotes":6,"npid":1,"totalVotes":22,"spid":3,"abbr":"PS","municipalCouncilor":false,"muid":71,"alid":1,"firstname":"Sari","electionDayVotes":16,"pid":"23","finalPosition":0,"electedInformation":"ELECTED","totalVotesPercent":2.5,"nominatorName":{"fi":"Perussuomalaiset","sv":"Sannfinländarna","en":"The Finns Party"},"caid":15,"position":0,"gender":"2","comparisonData":{"totalVotes":0,"votesTotalChange":22},"edid":12,"comparativeIndex":0.0,"electionDayVotesPercent":3.3,"nominatorAbbr":{"fi":"PS","sv":"Sannf","en":"FINNS"}},{"age":62,"advanceVotesPercent":2.3,"lastname":"von Schulmann","occupation":"eläkeläinen","advanceVotes":9,"npid":3,"totalVotes":21,"spid":1,"abbr":"KESK","municipalCouncilor":true,"muid":71,"alid":3,"firstname":"Ronald","electionDayVotes":12,"pid":"2","finalPosition":0,"electedInformation":"ELECTED","totalVotesPercent":2.4,"nominatorName":{"fi":"Suomen Keskusta","sv":"Centern i Finland","en":"Centre Party of Finland"},"caid":55,"position":0,"gender":"1","comparisonData":{"totalVotes":44,"votesTotalChange":-23},"edid":12,"comparativeIndex":0.0,"electionDayVotesPercent":2.5,"nominatorAbbr":{"fi":"KESK","sv":"C","en":"CENT"}},{"age":40,"advanceVotesPercent":2.6,"lastname":"Seppä","occupation":"sairaanhoitaja, maahanmuuttajien ohjaaja","advanceVotes":10,"npid":3,"totalVotes":21,"spid":1,"abbr":"KESK","municipalCouncilor":false,"muid":71,"alid":3,"firstname":"Diana","electionDayVotes":11,"pid":"2","finalPosition":0,"electedInformation":"ELECTED","totalVotesPercent":2.4,"nominatorName":{"fi":"Suomen Keskusta","sv":"Centern i Finland","en":"Centre Party of Finland"},"caid":56,"position":0,"gender":"2","comparisonData":{"totalVotes":31,"votesTotalChange":-10},"edid":12,"comparativeIndex":0.0,"electionDayVotesPercent":2.3,"nominatorAbbr":{"fi":"KESK","sv":"C","en":"CENT"}},{"age":47,"advanceVotesPercent":1.8,"lastname":"Kollin","occupation":"järjestelmäasiantuntija","advanceVotes":7,"npid":2,"totalVotes":19,"spid":6,"abbr":"VAS","municipalCouncilor":false,"muid":71,"alid":2,"firstname":"Janne","electionDayVotes":12,"pid":"15","finalPosition":0,"electedInformation":"ON_SUBSTITUTE_PLACE","totalVotesPercent":2.2,"nominatorName":{"fi":"Vasemmistoliitto","sv":"Vänsterförbundet","en":"The Left Alliance"},"caid":27,"position":0,"gender":"1","comparisonData":{"totalVotes":40,"votesTotalChange":-21},"edid":12,"comparativeIndex":0.0,"electionDayVotesPercent":2.5,"nominatorAbbr":{"fi":"VAS","sv":"VF","en":"LEFT"}},{"age":60,"advanceVotesPercent":1.8,"lastname":"Pitkälä","occupation":"agrologi (AMK), vakuutusasiamies","advanceVotes":7,"npid":3,"totalVotes":19,"spid":1,"abbr":"KESK","municipalCouncilor":true,"muid":71,"alid":3,"firstname":"Heikki","electionDayVotes":12,"pid":"2","finalPosition":0,"electedInformation":"ELECTED","totalVotesPercent":2.2,"nominatorName":{"fi":"Suomen Keskusta","sv":"Centern i Finland","en":"Centre Party of Finland"},"caid":50,"position":0,"gender":"1","comparisonData":{"totalVotes":83,"votesTotalChange":-64},"edid":12,"comparativeIndex":0.0,"electionDayVotesPercent":2.5,"nominatorAbbr":{"fi":"KESK","sv":"C","en":"CENT"}},{"age":60,"advanceVotesPercent":2.6,"lastname":"Halla-aho","occupation":"yrittäjä","advanceVotes":10,"npid":3,"totalVotes":18,"spid":1,"abbr":"KESK","municipalCouncilor":true,"muid":71,"alid":3,"firstname":"Heikki","electionDayVotes":8,"pid":"2","finalPosition":0,"electedInformation":"ELECTED","totalVotesPercent":2.1,"nominatorName":{"fi":"Suomen Keskusta","sv":"Centern i Finland","en":"Centre Party of Finland"},"caid":35,"position":0,"gender":"1","comparisonData":{"totalVotes":87,"votesTotalChange":-69},"edid":12,"comparativeIndex":0.0,"electionDayVotesPercent":1.7,"nominatorAbbr":{"fi":"KESK","sv":"C","en":"CENT"}},{"age":31,"advanceVotesPercent":2.3,"lastname":"Murtoperä","occupation":"yrittäjä","advanceVotes":9,"npid":3,"totalVotes":18,"spid":1,"abbr":"KESK","municipalCouncilor":false,"muid":71,"alid":3,"firstname":"Taneli","electionDayVotes":9,"pid":"2","finalPosition":0,"electedInformation":"ELECTED","totalVotesPercent":2.1,"nominatorName":{"fi":"Suomen Keskusta","sv":"Centern i Finland","en":"Centre Party of Finland"},"caid":45,"position":0,"gender":"1","comparisonData":{"totalVotes":0,"votesTotalChange":18},"edid":12,"comparativeIndex":0.0,"electionDayVotesPercent":1.9,"nominatorAbbr":{"fi":"KESK","sv":"C","en":"CENT"}},{"age":48,"advanceVotesPercent":1.8,"lastname":"Meriläinen","occupation":"yrittäjä","advanceVotes":7,"npid":5,"totalVotes":17,"spid":2,"abbr":"KOK","municipalCouncilor":false,"muid":71,"alid":5,"firstname":"Jari","electionDayVotes":10,"pid":"4","finalPosition":0,"electedInformation":"ON_SUBSTITUTE_PLACE","totalVotesPercent":2.0,"nominatorName":{"fi":"Kansallinen Kokoomus","sv":"Samlingspartiet","en":"National Coalition Party"},"caid":68,"position":0,"gender":"1","comparisonData":{"totalVotes":0,"votesTotalChange":17},"edid":12,"comparativeIndex":0.0,"electionDayVotesPercent":2.1,"nominatorAbbr":{"fi":"KOK","sv":"Saml","en":"NCP"}},{"age":64,"advanceVotesPercent":1.8,"lastname":"Joentakanen","occupation":"opettaja","advanceVotes":7,"npid":2,"totalVotes":15,"spid":6,"abbr":"VAS","municipalCouncilor":false,"muid":71,"alid":2,"firstname":"Esko","electionDayVotes":8,"pid":"15","finalPosition":0,"electedInformation":"ELECTED","totalVotesPercent":1.7,"nominatorName":{"fi":"Vasemmistoliitto","sv":"Vänsterförbundet","en":"The Left Alliance"},"caid":23,"position":0,"gender":"1","comparisonData":{"totalVotes":31,"votesTotalChange":-16},"edid":12,"comparativeIndex":0.0,"electionDayVotesPercent":1.7,"nominatorAbbr":{"fi":"VAS","sv":"VF","en":"LEFT"}},{"age":61,"advanceVotesPercent":1.3,"lastname":"Vinkki","occupation":"yrittäjä","advanceVotes":5,"npid":3,"totalVotes":15,"spid":1,"abbr":"KESK","municipalCouncilor":true,"muid":71,"alid":3,"firstname":"Esko","electionDayVotes":10,"pid":"2","finalPosition":0,"electedInformation":"ON_SUBSTITUTE_PLACE","totalVotesPercent":1.7,"nominatorName":{"fi":"Suomen Keskusta","sv":"Centern i Finland","en":"Centre Party of Finland"},"caid":60,"position":0,"gender":"1","comparisonData":{"totalVotes":66,"votesTotalChange":-51},"edid":12,"comparativeIndex":0.0,"electionDayVotesPercent":2.1,"nominatorAbbr":{"fi":"KESK","sv":"C","en":"CENT"}},{"age":56,"advanceVotesPercent":1.3,"lastname":"Paavola","occupation":"rakennusmies","advanceVotes":5,"npid":2,"totalVotes":14,"spid":6,"abbr":"VAS","municipalCouncilor":false,"muid":71,"alid":2,"firstname":"Antti","electionDayVotes":9,"pid":"15","finalPosition":0,"electedInformation":"ON_SUBSTITUTE_PLACE","totalVotesPercent":1.6,"nominatorName":{"fi":"Vasemmistoliitto","sv":"Vänsterförbundet","en":"The Left Alliance"},"caid":28,"position":0,"gender":"1","comparisonData":{"totalVotes":0,"votesTotalChange":14},"edid":12,"comparativeIndex":0.0,"electionDayVotesPercent":1.9,"nominatorAbbr":{"fi":"VAS","sv":"VF","en":"LEFT"}},{"age":42,"advanceVotesPercent":1.0,"lastname":"Lehtola","occupation":"ensihoitoesimies","advanceVotes":4,"npid":3,"totalVotes":14,"spid":1,"abbr":"KESK","municipalCouncilor":false,"muid":71,"alid":3,"firstname":"Jaakko","electionDayVotes":10,"pid":"2","finalPosition":0,"electedInformation":"ELECTED","totalVotesPercent":1.6,"nominatorName":{"fi":"Suomen Keskusta","sv":"Centern i Finland","en":"Centre Party of Finland"},"caid":44,"position":0,"gender":"1","comparisonData":{"totalVotes":0,"votesTotalChange":14},"edid":12,"comparativeIndex":0.0,"electionDayVotesPercent":2.1,"nominatorAbbr":{"fi":"KESK","sv":"C","en":"CENT"}},{"age":46,"advanceVotesPercent":2.6,"lastname":"Sirviö","occupation":"elektroniikkatyöntekijä","advanceVotes":10,"npid":2,"totalVotes":13,"spid":6,"abbr":"VAS","municipalCouncilor":false,"muid":71,"alid":2,"firstname":"Tellervo","electionDayVotes":3,"pid":"15","finalPosition":0,"electedInformation":"ELECTED","totalVotesPercent":1.5,"nominatorName":{"fi":"Vasemmistoliitto","sv":"Vänsterförbundet","en":"The Left Alliance"},"caid":31,"position":0,"gender":"2","comparisonData":{"totalVotes":0,"votesTotalChange":13},"edid":12,"comparativeIndex":0.0,"electionDayVotesPercent":0.6,"nominatorAbbr":{"fi":"VAS","sv":"VF","en":"LEFT"}},{"age":44,"advanceVotesPercent":0.3,"lastname":"Mäkinen","occupation":"kansanedustajan avustaja","advanceVotes":1,"npid":3,"totalVotes":13,"spid":1,"abbr":"KESK","municipalCouncilor":false,"muid":71,"alid":3,"firstname":"Janne","electionDayVotes":12,"pid":"2","finalPosition":0,"electedInformation":"ON_SUBSTITUTE_PLACE","totalVotesPercent":1.5,"nominatorName":{"fi":"Suomen Keskusta","sv":"Centern i Finland","en":"Centre Party of Finland"},"caid":46,"position":0,"gender":"1","comparisonData":{"totalVotes":0,"votesTotalChange":13},"edid":12,"comparativeIndex":0.0,"electionDayVotesPercent":2.5,"nominatorAbbr":{"fi":"KESK","sv":"C","en":"CENT"}},{"age":60,"advanceVotesPercent":1.8,"lastname":"Niemelä","occupation":"maatilan emäntä","advanceVotes":7,"npid":3,"totalVotes":12,"spid":1,"abbr":"KESK","municipalCouncilor":true,"muid":71,"alid":3,"firstname":"Helinä","electionDayVotes":5,"pid":"2","finalPosition":0,"electedInformation":"ELECTED","totalVotesPercent":1.4,"nominatorName":{"fi":"Suomen Keskusta","sv":"Centern i Finland","en":"Centre Party of Finland"},"caid":47,"position":0,"gender":"2","comparisonData":{"totalVotes":72,"votesTotalChange":-60},"edid":12,"comparativeIndex":0.0,"electionDayVotesPercent":1.0,"nominatorAbbr":{"fi":"KESK","sv":"C","en":"CENT"}},{"age":20,"advanceVotesPercent":0.8,"lastname":"Junno","occupation":"siivooja, opiskelija","advanceVotes":3,"npid":1,"totalVotes":11,"spid":3,"abbr":"PS","municipalCouncilor":false,"muid":71,"alid":1,"firstname":"Reetta","electionDayVotes":8,"pid":"23","finalPosition":0,"electedInformation":"ON_SUBSTITUTE_PLACE","totalVotesPercent":1.3,"nominatorName":{"fi":"Perussuomalaiset","sv":"Sannfinländarna","en":"The Finns Party"},"caid":5,"position":0,"gender":"2","comparisonData":{"totalVotes":0,"votesTotalChange":11},"edid":12,"comparativeIndex":0.0,"electionDayVotesPercent":1.7,"nominatorAbbr":{"fi":"PS","sv":"Sannf","en":"FINNS"}},{"age":48,"advanceVotesPercent":1.3,"lastname":"Eriksson","occupation":"yrittäjä, toimitusjohtaja","advanceVotes":5,"npid":5,"totalVotes":11,"spid":2,"abbr":"KOK","municipalCouncilor":false,"muid":71,"alid":5,"firstname":"Peter","electionDayVotes":6,"pid":"4","finalPosition":0,"electedInformation":"NOT_ELECTED","totalVotesPercent":1.3,"nominatorName":{"fi":"Kansallinen Kokoomus","sv":"Samlingspartiet","en":"National Coalition Party"},"caid":65,"position":0,"gender":"1","comparisonData":{"totalVotes":0,"votesTotalChange":11},"edid":12,"comparativeIndex":0.0,"electionDayVotesPercent":1.2,"nominatorAbbr":{"fi":"KOK","sv":"Saml","en":"NCP"}},{"age":64,"advanceVotesPercent":1.3,"lastname":"Karstunen","occupation":"eläkeläinen","advanceVotes":5,"npid":3,"totalVotes":10,"spid":1,"abbr":"KESK","municipalCouncilor":false,"muid":71,"alid":3,"firstname":"Hannu","electionDayVotes":5,"pid":"2","finalPosition":0,"electedInformation":"ON_SUBSTITUTE_PLACE","totalVotesPercent":1.2,"nominatorName":{"fi":"Suomen Keskusta","sv":"Centern i Finland","en":"Centre Party of Finland"},"caid":40,"position":0,"gender":"1","comparisonData":{"totalVotes":0,"votesTotalChange":10},"edid":12,"comparativeIndex":0.0,"electionDayVotesPercent":1.0,"nominatorAbbr":{"fi":"KESK","sv":"C","en":"CENT"}},{"age":61,"advanceVotesPercent":1.0,"lastname":"Pitkälä","occupation":"emäntä","advanceVotes":4,"npid":3,"totalVotes":10,"spid":1,"abbr":"KESK","municipalCouncilor":true,"muid":71,"alid":3,"firstname":"Helena","electionDayVotes":6,"pid":"2","finalPosition":0,"electedInformation":"ON_SUBSTITUTE_PLACE","totalVotesPercent":1.2,"nominatorName":{"fi":"Suomen Keskusta","sv":"Centern i Finland","en":"Centre Party of Finland"},"caid":51,"position":0,"gender":"2","comparisonData":{"totalVotes":36,"votesTotalChange":-26},"edid":12,"comparativeIndex":0.0,"electionDayVotesPercent":1.2,"nominatorAbbr":{"fi":"KESK","sv":"C","en":"CENT"}},{"age":61,"advanceVotesPercent":1.0,"lastname":"Ylikauma","occupation":"tuotantovastaava","advanceVotes":4,"npid":3,"totalVotes":10,"spid":1,"abbr":"KESK","municipalCouncilor":false,"muid":71,"alid":3,"firstname":"Juhani","electionDayVotes":6,"pid":"2","finalPosition":0,"electedInformation":"ON_SUBSTITUTE_PLACE","totalVotesPercent":1.2,"nominatorName":{"fi":"Suomen Keskusta","sv":"Centern i Finland","en":"Centre Party of Finland"},"caid":62,"position":0,"gender":"1","comparisonData":{"totalVotes":0,"votesTotalChange":10},"edid":12,"comparativeIndex":0.0,"electionDayVotesPercent":1.2,"nominatorAbbr":{"fi":"KESK","sv":"C","en":"CENT"}},{"age":60,"advanceVotesPercent":1.0,"lastname":"Viinala","occupation":"maanviljelijä","advanceVotes":4,"npid":1,"totalVotes":9,"spid":3,"abbr":"PS","municipalCouncilor":true,"muid":71,"alid":1,"firstname":"Jarmo","electionDayVotes":5,"pid":"23","finalPosition":0,"electedInformation":"ELECTED","totalVotesPercent":1.0,"nominatorName":{"fi":"Perussuomalaiset","sv":"Sannfinländarna","en":"The Finns Party"},"caid":18,"position":0,"gender":"1","comparisonData":{"totalVotes":54,"votesTotalChange":-45},"edid":12,"comparativeIndex":0.0,"electionDayVotesPercent":1.0,"nominatorAbbr":{"fi":"PS","sv":"Sannf","en":"FINNS"}},{"age":69,"advanceVotesPercent":0.3,"lastname":"Joentakanen","occupation":"koneistaja, eläkkeellä","advanceVotes":1,"npid":2,"totalVotes":9,"spid":6,"abbr":"VAS","municipalCouncilor":false,"muid":71,"alid":2,"firstname":"Juhani","electionDayVotes":8,"pid":"15","finalPosition":0,"electedInformation":"ON_SUBSTITUTE_PLACE","totalVotesPercent":1.0,"nominatorName":{"fi":"Vasemmistoliitto","sv":"Vänsterförbundet","en":"The Left Alliance"},"caid":24,"position":0,"gender":"1","comparisonData":{"totalVotes":0,"votesTotalChange":9},"edid":12,"comparativeIndex":0.0,"electionDayVotesPercent":1.7,"nominatorAbbr":{"fi":"VAS","sv":"VF","en":"LEFT"}},{"age":68,"advanceVotesPercent":1.0,"lastname":"Järvenpää","occupation":"toiminnanjohtaja","advanceVotes":4,"npid":2,"totalVotes":9,"spid":6,"abbr":"VAS","municipalCouncilor":true,"muid":71,"alid":2,"firstname":"Helvi","electionDayVotes":5,"pid":"15","finalPosition":0,"electedInformation":"ELECTED","totalVotesPercent":1.0,"nominatorName":{"fi":"Vasemmistoliitto","sv":"Vänsterförbundet","en":"The Left Alliance"},"caid":25,"position":0,"gender":"2","comparisonData":{"totalVotes":72,"votesTotalChange":-63},"edid":12,"comparativeIndex":0.0,"electionDayVotesPercent":1.0,"nominatorAbbr":{"fi":"VAS","sv":"VF","en":"LEFT"}},{"age":57,"advanceVotesPercent":1.3,"lastname":"Savikoski","occupation":"maanviljelijä, yrittäjä","advanceVotes":5,"npid":3,"totalVotes":9,"spid":1,"abbr":"KESK","municipalCouncilor":true,"muid":71,"alid":3,"firstname":"Outi","electionDayVotes":4,"pid":"2","finalPosition":0,"electedInformation":"ON_SUBSTITUTE_PLACE","totalVotesPercent":1.0,"nominatorName":{"fi":"Suomen Keskusta","sv":"Centern i Finland","en":"Centre Party of Finland"},"caid":54,"position":0,"gender":"2","comparisonData":{"totalVotes":43,"votesTotalChange":-34},"edid":12,"comparativeIndex":0.0,"electionDayVotesPercent":0.8,"nominatorAbbr":{"fi":"KESK","sv":"C","en":"CENT"}},{"age":22,"advanceVotesPercent":1.3,"lastname":"Kinnunen","occupation":"talonrakentaja","advanceVotes":5,"npid":1,"totalVotes":8,"spid":3,"abbr":"PS","municipalCouncilor":false,"muid":71,"alid":1,"firstname":"Taneli","electionDayVotes":3,"pid":"23","finalPosition":0,"electedInformation":"ELECTED","totalVotesPercent":0.9,"nominatorName":{"fi":"Perussuomalaiset","sv":"Sannfinländarna","en":"The Finns Party"},"caid":7,"position":0,"gender":"1","comparisonData":{"totalVotes":0,"votesTotalChange":8},"edid":12,"comparativeIndex":0.0,"electionDayVotesPercent":0.6,"nominatorAbbr":{"fi":"PS","sv":"Sannf","en":"FINNS"}},{"age":62,"advanceVotesPercent":0.8,"lastname":"Jaakonaho","occupation":"fysioterapeutti","advanceVotes":3,"npid":3,"totalVotes":8,"spid":1,"abbr":"KESK","municipalCouncilor":false,"muid":71,"alid":3,"firstname":"Niilo","electionDayVotes":5,"pid":"2","finalPosition":0,"electedInformation":"ON_SUBSTITUTE_PLACE","totalVotesPercent":0.9,"nominatorName":{"fi":"Suomen Keskusta","sv":"Centern i Finland","en":"Centre Party of Finland"},"caid":38,"position":0,"gender":"1","comparisonData":{"totalVotes":0,"votesTotalChange":8},"edid":12,"comparativeIndex":0.0,"electionDayVotesPercent":1.0,"nominatorAbbr":{"fi":"KESK","sv":"C","en":"CENT"}},{"age":24,"advanceVotesPercent":1.8,"lastname":"Soronen","occupation":"opiskelija, liikuntatieteiden kandidaatti","advanceVotes":7,"npid":3,"totalVotes":8,"spid":1,"abbr":"KESK","municipalCouncilor":false,"muid":71,"alid":3,"firstname":"Elisa","electionDayVotes":1,"pid":"2","finalPosition":0,"electedInformation":"ON_SUBSTITUTE_PLACE","totalVotesPercent":0.9,"nominatorName":{"fi":"Suomen Keskusta","sv":"Centern i Finland","en":"Centre Party of Finland"},"caid":57,"position":0,"gender":"2","comparisonData":{"totalVotes":0,"votesTotalChange":8},"edid":12,"comparativeIndex":0.0,"electionDayVotesPercent":0.2,"nominatorAbbr":{"fi":"KESK","sv":"C","en":"CENT"}},{"age":32,"advanceVotesPercent":1.0,"lastname":"Hänninen","occupation":"yrittäjä","advanceVotes":4,"npid":3,"totalVotes":7,"spid":1,"abbr":"KESK","municipalCouncilor":false,"muid":71,"alid":3,"firstname":"Pekka","electionDayVotes":3,"pid":"2","finalPosition":0,"electedInformation":"ELECTED","totalVotesPercent":0.8,"nominatorName":{"fi":"Suomen Keskusta","sv":"Centern i Finland","en":"Centre Party of Finland"},"caid":36,"position":0,"gender":"1","comparisonData":{"totalVotes":0,"votesTotalChange":7},"edid":12,"comparativeIndex":0.0,"electionDayVotesPercent":0.6,"nominatorAbbr":{"fi":"KESK","sv":"C","en":"CENT"}},{"age":33,"advanceVotesPercent":0.3,"lastname":"Ritola","occupation":"yrittäjä","advanceVotes":1,"npid":3,"totalVotes":7,"spid":1,"abbr":"KESK","municipalCouncilor":false,"muid":71,"alid":3,"firstname":"Sami","electionDayVotes":6,"pid":"2","finalPosition":0,"electedInformation":"ELECTED","totalVotesPercent":0.8,"nominatorName":{"fi":"Suomen Keskusta","sv":"Centern i Finland","en":"Centre Party of Finland"},"caid":52,"position":0,"gender":"1","comparisonData":{"totalVotes":0,"votesTotalChange":7},"edid":12,"comparativeIndex":0.0,"electionDayVotesPercent":1.2,"nominatorAbbr":{"fi":"KESK","sv":"C","en":"CENT"}},{"age":61,"advanceVotesPercent":1.3,"lastname":"Heikkilä","occupation":"lehtori","advanceVotes":5,"npid":5,"totalVotes":7,"spid":2,"abbr":"KOK","municipalCouncilor":false,"muid":71,"alid":5,"firstname":"Raili","electionDayVotes":2,"pid":"4","finalPosition":0,"electedInformation":"NOT_ELECTED","totalVotesPercent":0.8,"nominatorName":{"fi":"Kansallinen Kokoomus","sv":"Samlingspartiet","en":"National Coalition Party"},"caid":67,"position":0,"gender":"2","comparisonData":{"totalVotes":7,"votesTotalChange":0},"edid":12,"comparativeIndex":0.0,"electionDayVotesPercent":0.4,"nominatorAbbr":{"fi":"KOK","sv":"Saml","en":"NCP"}},{"age":43,"advanceVotesPercent":0.3,"lastname":"Silvola","occupation":"voimalaitoskäyttäjä, pääluottamusmies","advanceVotes":1,"npid":4,"totalVotes":6,"spid":4,"abbr":"SDP","municipalCouncilor":false,"muid":71,"alid":4,"firstname":"Marko","electionDayVotes":5,"pid":"1","finalPosition":0,"electedInformation":"NOT_ELECTED","totalVotesPercent":0.7,"nominatorName":{"fi":"Suomen Sosialidemokraattinen Puolue","sv":"Finlands Socialdemokratiska Parti","en":"The Finnish Social Democratic Party"},"caid":64,"position":0,"gender":"1","comparisonData":{"totalVotes":0,"votesTotalChange":6},"edid":12,"comparativeIndex":0.0,"electionDayVotesPercent":1.0,"nominatorAbbr":{"fi":"SDP","sv":"SDP","en":"SDP"}},{"age":73,"advanceVotesPercent":0.5,"lastname":"Maliniemi","occupation":"vaihetyöntekijä, eläkeläinen","advanceVotes":2,"npid":1,"totalVotes":5,"spid":3,"abbr":"PS","municipalCouncilor":false,"muid":71,"alid":1,"firstname":"Taimi","electionDayVotes":3,"pid":"23","finalPosition":0,"electedInformation":"ON_SUBSTITUTE_PLACE","totalVotesPercent":0.6,"nominatorName":{"fi":"Perussuomalaiset","sv":"Sannfinländarna","en":"The Finns Party"},"caid":9,"position":0,"gender":"2","comparisonData":{"totalVotes":0,"votesTotalChange":5},"edid":12,"comparativeIndex":0.0,"electionDayVotesPercent":0.6,"nominatorAbbr":{"fi":"PS","sv":"Sannf","en":"FINNS"}},{"age":45,"advanceVotesPercent":0.5,"lastname":"Isoaho","occupation":"maa- ja metsätalousyrittäjä","advanceVotes":2,"npid":3,"totalVotes":5,"spid":1,"abbr":"KESK","municipalCouncilor":false,"muid":71,"alid":3,"firstname":"Kyösti","electionDayVotes":3,"pid":"2","finalPosition":0,"electedInformation":"ON_SUBSTITUTE_PLACE","totalVotesPercent":0.6,"nominatorName":{"fi":"Suomen Keskusta","sv":"Centern i Finland","en":"Centre Party of Finland"},"caid":37,"position":0,"gender":"1","comparisonData":{"totalVotes":36,"votesTotalChange":-31},"edid":12,"comparativeIndex":0.0,"electionDayVotesPercent":0.6,"nominatorAbbr":{"fi":"KESK","sv":"C","en":"CENT"}},{"age":45,"advanceVotesPercent":0.3,"lastname":"Koukka","occupation":"yrittäjä","advanceVotes":1,"npid":3,"totalVotes":5,"spid":1,"abbr":"KESK","municipalCouncilor":false,"muid":71,"alid":3,"firstname":"Jari","electionDayVotes":4,"pid":"2","finalPosition":0,"electedInformation":"ELECTED","totalVotesPercent":0.6,"nominatorName":{"fi":"Suomen Keskusta","sv":"Centern i Finland","en":"Centre Party of Finland"},"caid":42,"position":0,"gender":"1","comparisonData":{"totalVotes":32,"votesTotalChange":-27},"edid":12,"comparativeIndex":0.0,"electionDayVotesPercent":0.8,"nominatorAbbr":{"fi":"KESK","sv":"C","en":"CENT"}},{"age":45,"advanceVotesPercent":0.3,"lastname":"Uusitalo","occupation":"yrittäjä","advanceVotes":1,"npid":3,"totalVotes":5,"spid":1,"abbr":"KESK","municipalCouncilor":false,"muid":71,"alid":3,"firstname":"Marko","electionDayVotes":4,"pid":"2","finalPosition":0,"electedInformation":"ON_SUBSTITUTE_PLACE","totalVotesPercent":0.6,"nominatorName":{"fi":"Suomen Keskusta","sv":"Centern i Finland","en":"Centre Party of Finland"},"caid":59,"position":0,"gender":"1","comparisonData":{"totalVotes":31,"votesTotalChange":-26},"edid":12,"comparativeIndex":0.0,"electionDayVotesPercent":0.8,"nominatorAbbr":{"fi":"KESK","sv":"C","en":"CENT"}},{"age":37,"advanceVotesPercent":0.3,"lastname":"Riekki","occupation":"yrittäjä","advanceVotes":1,"npid":5,"totalVotes":5,"spid":2,"abbr":"KOK","municipalCouncilor":false,"muid":71,"alid":5,"firstname":"Esa","electionDayVotes":4,"pid":"4","finalPosition":0,"electedInformation":"ON_SUBSTITUTE_PLACE","totalVotesPercent":0.6,"nominatorName":{"fi":"Kansallinen Kokoomus","sv":"Samlingspartiet","en":"National Coalition Party"},"caid":69,"position":0,"gender":"1","comparisonData":{"totalVotes":33,"votesTotalChange":-28},"edid":12,"comparativeIndex":0.0,"electionDayVotesPercent":0.8,"nominatorAbbr":{"fi":"KOK","sv":"Saml","en":"NCP"}},{"age":62,"advanceVotesPercent":0.3,"lastname":"Nätti","occupation":"vesilaitosasentaja","advanceVotes":1,"npid":1,"totalVotes":4,"spid":3,"abbr":"PS","municipalCouncilor":true,"muid":71,"alid":1,"firstname":"Tarmo","electionDayVotes":3,"pid":"23","finalPosition":0,"electedInformation":"ON_SUBSTITUTE_PLACE","totalVotesPercent":0.5,"nominatorName":{"fi":"Perussuomalaiset","sv":"Sannfinländarna","en":"The Finns Party"},"caid":12,"position":0,"gender":"1","comparisonData":{"totalVotes":24,"votesTotalChange":-20},"edid":12,"comparativeIndex":0.0,"electionDayVotesPercent":0.6,"nominatorAbbr":{"fi":"PS","sv":"Sannf","en":"FINNS"}},{"age":33,"advanceVotesPercent":0.0,"lastname":"Viinala","occupation":"lähihoitaja","advanceVotes":0,"npid":1,"totalVotes":4,"spid":3,"abbr":"PS","municipalCouncilor":false,"muid":71,"alid":1,"firstname":"Arja","electionDayVotes":4,"pid":"23","finalPosition":0,"electedInformation":"ON_SUBSTITUTE_PLACE","totalVotesPercent":0.5,"nominatorName":{"fi":"Perussuomalaiset","sv":"Sannfinländarna","en":"The Finns Party"},"caid":17,"position":0,"gender":"2","comparisonData":{"totalVotes":0,"votesTotalChange":4},"edid":12,"comparativeIndex":0.0,"electionDayVotesPercent":0.8,"nominatorAbbr":{"fi":"PS","sv":"Sannf","en":"FINNS"}},{"age":51,"advanceVotesPercent":0.0,"lastname":"Ahola","occupation":"maanviljelijä, urakoitsija","advanceVotes":0,"npid":1,"totalVotes":3,"spid":3,"abbr":"PS","municipalCouncilor":false,"muid":71,"alid":1,"firstname":"Matti","electionDayVotes":3,"pid":"23","finalPosition":0,"electedInformation":"NOT_ELECTED","totalVotesPercent":0.3,"nominatorName":{"fi":"Perussuomalaiset","sv":"Sannfinländarna","en":"The Finns Party"},"caid":2,"position":0,"gender":"1","comparisonData":{"totalVotes":10,"votesTotalChange":-7},"edid":12,"comparativeIndex":0.0,"electionDayVotesPercent":0.6,"nominatorAbbr":{"fi":"PS","sv":"Sannf","en":"FINNS"}},{"age":58,"advanceVotesPercent":0.5,"lastname":"Aakko","occupation":"kirvesmies","advanceVotes":2,"npid":2,"totalVotes":3,"spid":6,"abbr":"VAS","municipalCouncilor":false,"muid":71,"alid":2,"firstname":"Aulis","electionDayVotes":1,"pid":"15","finalPosition":0,"electedInformation":"ON_SUBSTITUTE_PLACE","totalVotesPercent":0.3,"nominatorName":{"fi":"Vasemmistoliitto","sv":"Vänsterförbundet","en":"The Left Alliance"},"caid":20,"position":0,"gender":"1","comparisonData":{"totalVotes":25,"votesTotalChange":-22},"edid":12,"comparativeIndex":0.0,"electionDayVotesPercent":0.2,"nominatorAbbr":{"fi":"VAS","sv":"VF","en":"LEFT"}},{"age":64,"advanceVotesPercent":0.5,"lastname":"Eskola","occupation":"eläkeläinen","advanceVotes":2,"npid":3,"totalVotes":3,"spid":1,"abbr":"KESK","municipalCouncilor":true,"muid":71,"alid":3,"firstname":"Jouko","electionDayVotes":1,"pid":"2","finalPosition":0,"electedInformation":"ON_SUBSTITUTE_PLACE","totalVotesPercent":0.3,"nominatorName":{"fi":"Suomen Keskusta","sv":"Centern i Finland","en":"Centre Party of Finland"},"caid":34,"position":0,"gender":"1","comparisonData":{"totalVotes":39,"votesTotalChange":-36},"edid":12,"comparativeIndex":0.0,"electionDayVotesPercent":0.2,"nominatorAbbr":{"fi":"KESK","sv":"C","en":"CENT"}},{"age":63,"advanceVotesPercent":0.0,"lastname":"Grönfors","occupation":"eläkeläinen","advanceVotes":0,"npid":1,"totalVotes":2,"spid":3,"abbr":"PS","municipalCouncilor":false,"muid":71,"alid":1,"firstname":"Alinda","electionDayVotes":2,"pid":"23","finalPosition":0,"electedInformation":"NOT_ELECTED","totalVotesPercent":0.2,"nominatorName":{"fi":"Perussuomalaiset","sv":"Sannfinländarna","en":"The Finns Party"},"caid":3,"position":0,"gender":"2","comparisonData":{"totalVotes":5,"votesTotalChange":-3},"edid":12,"comparativeIndex":0.0,"electionDayVotesPercent":0.4,"nominatorAbbr":{"fi":"PS","sv":"Sannf","en":"FINNS"}},{"age":39,"advanceVotesPercent":0.5,"lastname":"Keckman","occupation":"autoasentaja","advanceVotes":2,"npid":1,"totalVotes":2,"spid":3,"abbr":"PS","municipalCouncilor":false,"muid":71,"alid":1,"firstname":"Sami","electionDayVotes":0,"pid":"23","finalPosition":0,"electedInformation":"NOT_ELECTED","totalVotesPercent":0.2,"nominatorName":{"fi":"Perussuomalaiset","sv":"Sannfinländarna","en":"The Finns Party"},"caid":6,"position":0,"gender":"1","comparisonData":{"totalVotes":0,"votesTotalChange":2},"edid":12,"comparativeIndex":0.0,"electionDayVotesPercent":0.0,"nominatorAbbr":{"fi":"PS","sv":"Sannf","en":"FINNS"}},{"age":82,"advanceVotesPercent":0.0,"lastname":"Laitinen","occupation":"eläkeläinen","advanceVotes":0,"npid":1,"totalVotes":2,"spid":3,"abbr":"PS","municipalCouncilor":false,"muid":71,"alid":1,"firstname":"Eino","electionDayVotes":2,"pid":"23","finalPosition":0,"electedInformation":"NOT_ELECTED","totalVotesPercent":0.2,"nominatorName":{"fi":"Perussuomalaiset","sv":"Sannfinländarna","en":"The Finns Party"},"caid":8,"position":0,"gender":"1","comparisonData":{"totalVotes":7,"votesTotalChange":-5},"edid":12,"comparativeIndex":0.0,"electionDayVotesPercent":0.4,"nominatorAbbr":{"fi":"PS","sv":"Sannf","en":"FINNS"}},{"age":33,"advanceVotesPercent":0.0,"lastname":"Vesalainen","occupation":"suurtalouskokki","advanceVotes":0,"npid":1,"totalVotes":2,"spid":3,"abbr":"PS","municipalCouncilor":false,"muid":71,"alid":1,"firstname":"Ari","electionDayVotes":2,"pid":"23","finalPosition":0,"electedInformation":"NOT_ELECTED","totalVotesPercent":0.2,"nominatorName":{"fi":"Perussuomalaiset","sv":"Sannfinländarna","en":"The Finns Party"},"caid":16,"position":0,"gender":"1","comparisonData":{"totalVotes":5,"votesTotalChange":-3},"edid":12,"comparativeIndex":0.0,"electionDayVotesPercent":0.4,"nominatorAbbr":{"fi":"PS","sv":"Sannf","en":"FINNS"}},{"age":28,"advanceVotesPercent":0.0,"lastname":"Aho","occupation":"puutarhuri","advanceVotes":0,"npid":2,"totalVotes":2,"spid":6,"abbr":"VAS","municipalCouncilor":false,"muid":71,"alid":2,"firstname":"Laura","electionDayVotes":2,"pid":"15","finalPosition":0,"electedInformation":"NOT_ELECTED","totalVotesPercent":0.2,"nominatorName":{"fi":"Vasemmistoliitto","sv":"Vänsterförbundet","en":"The Left Alliance"},"caid":21,"position":0,"gender":"2","comparisonData":{"totalVotes":1,"votesTotalChange":1},"edid":12,"comparativeIndex":0.0,"electionDayVotesPercent":0.4,"nominatorAbbr":{"fi":"VAS","sv":"VF","en":"LEFT"}},{"age":51,"advanceVotesPercent":0.3,"lastname":"Hytinmäki","occupation":"kirvesmies","advanceVotes":1,"npid":2,"totalVotes":2,"spid":6,"abbr":"VAS","municipalCouncilor":false,"muid":71,"alid":2,"firstname":"Heikki","electionDayVotes":1,"pid":"15","finalPosition":0,"electedInformation":"ON_SUBSTITUTE_PLACE","totalVotesPercent":0.2,"nominatorName":{"fi":"Vasemmistoliitto","sv":"Vänsterförbundet","en":"The Left Alliance"},"caid":22,"position":0,"gender":"1","comparisonData":{"totalVotes":12,"votesTotalChange":-10},"edid":12,"comparativeIndex":0.0,"electionDayVotesPercent":0.2,"nominatorAbbr":{"fi":"VAS","sv":"VF","en":"LEFT"}},{"age":69,"advanceVotesPercent":0.5,"lastname":"Kallio","occupation":"autonkuljettaja","advanceVotes":2,"npid":2,"totalVotes":2,"spid":6,"abbr":"VAS","municipalCouncilor":false,"muid":71,"alid":2,"firstname":"Timo","electionDayVotes":0,"pid":"15","finalPosition":0,"electedInformation":"NOT_ELECTED","totalVotesPercent":0.2,"nominatorName":{"fi":"Vasemmistoliitto","sv":"Vänsterförbundet","en":"The Left Alliance"},"caid":26,"position":0,"gender":"1","comparisonData":{"totalVotes":8,"votesTotalChange":-6},"edid":12,"comparativeIndex":0.0,"electionDayVotesPercent":0.0,"nominatorAbbr":{"fi":"VAS","sv":"VF","en":"LEFT"}},{"age":63,"advanceVotesPercent":0.3,"lastname":"Tapia Olguin","occupation":"lastenhoitaja, lähihoitaja","advanceVotes":1,"npid":2,"totalVotes":2,"spid":6,"abbr":"VAS","municipalCouncilor":false,"muid":71,"alid":2,"firstname":"Elvi","electionDayVotes":1,"pid":"15","finalPosition":0,"electedInformation":"NOT_ELECTED","totalVotesPercent":0.2,"nominatorName":{"fi":"Vasemmistoliitto","sv":"Vänsterförbundet","en":"The Left Alliance"},"caid":32,"position":0,"gender":"2","comparisonData":{"totalVotes":4,"votesTotalChange":-2},"edid":12,"comparativeIndex":0.0,"electionDayVotesPercent":0.2,"nominatorAbbr":{"fi":"VAS","sv":"VF","en":"LEFT"}},{"age":77,"advanceVotesPercent":0.3,"lastname":"Pyy","occupation":"lehtori, emerita","advanceVotes":1,"npid":5,"totalVotes":2,"spid":2,"abbr":"KOK","municipalCouncilor":false,"muid":71,"alid":5,"firstname":"Paula","electionDayVotes":1,"pid":"4","finalPosition":0,"electedInformation":"NOT_ELECTED","totalVotesPercent":0.2,"nominatorName":{"fi":"Kansallinen Kokoomus","sv":"Samlingspartiet","en":"National Coalition Party"},"caid":70,"position":0,"gender":"2","comparisonData":{"totalVotes":16,"votesTotalChange":-14},"edid":12,"comparativeIndex":0.0,"electionDayVotesPercent":0.2,"nominatorAbbr":{"fi":"KOK","sv":"Saml","en":"NCP"}},{"age":55,"advanceVotesPercent":0.3,"lastname":"Jauhiainen","occupation":"maanviljelijä","advanceVotes":1,"npid":1,"totalVotes":1,"spid":3,"abbr":"PS","municipalCouncilor":false,"muid":71,"alid":1,"firstname":"Esko","electionDayVotes":0,"pid":"23","finalPosition":0,"electedInformation":"NOT_ELECTED","totalVotesPercent":0.1,"nominatorName":{"fi":"Perussuomalaiset","sv":"Sannfinländarna","en":"The Finns Party"},"caid":4,"position":0,"gender":"1","comparisonData":{"totalVotes":0,"votesTotalChange":1},"edid":12,"comparativeIndex":0.0,"electionDayVotesPercent":0.0,"nominatorAbbr":{"fi":"PS","sv":"Sannf","en":"FINNS"}},{"age":41,"advanceVotesPercent":0.3,"lastname":"Murtomäki","occupation":"autovaraosavälittäjä","advanceVotes":1,"npid":1,"totalVotes":1,"spid":3,"abbr":"PS","municipalCouncilor":false,"muid":71,"alid":1,"firstname":"Juha","electionDayVotes":0,"pid":"23","finalPosition":0,"electedInformation":"NOT_ELECTED","totalVotesPercent":0.1,"nominatorName":{"fi":"Perussuomalaiset","sv":"Sannfinländarna","en":"The Finns Party"},"caid":10,"position":0,"gender":"1","comparisonData":{"totalVotes":0,"votesTotalChange":1},"edid":12,"comparativeIndex":0.0,"electionDayVotesPercent":0.0,"nominatorAbbr":{"fi":"PS","sv":"Sannf","en":"FINNS"}},{"age":61,"advanceVotesPercent":0.3,"lastname":"Wähä-Tuisku","occupation":"eläkeläinen","advanceVotes":1,"npid":1,"totalVotes":1,"spid":3,"abbr":"PS","municipalCouncilor":false,"muid":71,"alid":1,"firstname":"Juhani","electionDayVotes":0,"pid":"23","finalPosition":0,"electedInformation":"NOT_ELECTED","totalVotesPercent":0.1,"nominatorName":{"fi":"Perussuomalaiset","sv":"Sannfinländarna","en":"The Finns Party"},"caid":19,"position":0,"gender":"1","comparisonData":{"totalVotes":5,"votesTotalChange":-4},"edid":12,"comparativeIndex":0.0,"electionDayVotesPercent":0.0,"nominatorAbbr":{"fi":"PS","sv":"Sannf","en":"FINNS"}},{"age":39,"advanceVotesPercent":0.3,"lastname":"Törmälehto","occupation":"ympäristötyöntekijä, vartija","advanceVotes":1,"npid":2,"totalVotes":1,"spid":6,"abbr":"VAS","municipalCouncilor":false,"muid":71,"alid":2,"firstname":"Marko","electionDayVotes":0,"pid":"15","finalPosition":0,"electedInformation":"NOT_ELECTED","totalVotesPercent":0.1,"nominatorName":{"fi":"Vasemmistoliitto","sv":"Vänsterförbundet","en":"The Left Alliance"},"caid":33,"position":0,"gender":"1","comparisonData":{"totalVotes":14,"votesTotalChange":-13},"edid":12,"comparativeIndex":0.0,"electionDayVotesPercent":0.0,"nominatorAbbr":{"fi":"VAS","sv":"VF","en":"LEFT"}},{"age":61,"advanceVotesPercent":0.0,"lastname":"Kanala","occupation":"metsäkoneyrittäjä","advanceVotes":0,"npid":3,"totalVotes":1,"spid":1,"abbr":"KESK","municipalCouncilor":false,"muid":71,"alid":3,"firstname":"Jouni","electionDayVotes":1,"pid":"2","finalPosition":0,"electedInformation":"ON_SUBSTITUTE_PLACE","totalVotesPercent":0.1,"nominatorName":{"fi":"Suomen Keskusta","sv":"Centern i Finland","en":"Centre Party of Finland"},"caid":39,"position":0,"gender":"1","comparisonData":{"totalVotes":0,"votesTotalChange":1},"edid":12,"comparativeIndex":0.0,"electionDayVotesPercent":0.2,"nominatorAbbr":{"fi":"KESK","sv":"C","en":"CENT"}},{"age":40,"advanceVotesPercent":0.0,"lastname":"Männikkö","occupation":"sahatyömies","advanceVotes":0,"npid":1,"totalVotes":0,"spid":3,"abbr":"PS","municipalCouncilor":false,"muid":71,"alid":1,"firstname":"Toni","electionDayVotes":0,"pid":"23","finalPosition":0,"electedInformation":"NOT_ELECTED","totalVotesPercent":0.0,"nominatorName":{"fi":"Perussuomalaiset","sv":"Sannfinländarna","en":"The Finns Party"},"caid":11,"position":0,"gender":"1","comparisonData":{"totalVotes":0,"votesTotalChange":0},"edid":12,"comparativeIndex":0.0,"electionDayVotesPercent":0.0,"nominatorAbbr":{"fi":"PS","sv":"Sannf","en":"FINNS"}},{"age":49,"advanceVotesPercent":0.0,"lastname":"Törmälehto","occupation":"vartija","advanceVotes":0,"npid":1,"totalVotes":0,"spid":3,"abbr":"PS","municipalCouncilor":false,"muid":71,"alid":1,"firstname":"Teijo","electionDayVotes":0,"pid":"23","finalPosition":0,"electedInformation":"NOT_ELECTED","totalVotesPercent":0.0,"nominatorName":{"fi":"Perussuomalaiset","sv":"Sannfinländarna","en":"The Finns Party"},"caid":14,"position":0,"gender":"1","comparisonData":{"totalVotes":8,"votesTotalChange":-8},"edid":12,"comparativeIndex":0.0,"electionDayVotesPercent":0.0,"nominatorAbbr":{"fi":"PS","sv":"Sannf","en":"FINNS"}},{"age":54,"advanceVotesPercent":0.0,"lastname":"Paavola","occupation":"merkonomi, lehdenjakaja","advanceVotes":0,"npid":5,"totalVotes":0,"spid":2,"abbr":"KOK","municipalCouncilor":false,"muid":71,"alid":5,"firstname":"Tuulikki","electionDayVotes":0,"pid":"4","finalPosition":0,"electedInformation":"NOT_ELECTED","totalVotesPercent":0.0,"nominatorName":{"fi":"Kansallinen Kokoomus","sv":"Samlingspartiet","en":"National Coalition Party"},"caid":71,"position":0,"gender":"2","comparisonData":{"totalVotes":6,"votesTotalChange":-6},"edid":12,"comparativeIndex":0.0,"electionDayVotesPercent":0.0,"nominatorAbbr":{"fi":"KOK","sv":"Saml","en":"NCP"}}],"municipalityPollingDistricts":[{"name":{"fi":"Ainali","sv":"Ainali"},"calculationStatusPercent":100.0,"joinedArea":false,"muid":71,"totalVotingInFinlandTurnout":64.4,"identification":"001","pdid":"001","eligibleVotersInFinlandTotal":289,"edid":12,"mergedToPdid":""},{"name":{"fi":"Mieluskylä","sv":"Mieluskylä"},"calculationStatusPercent":100.0,"joinedArea":false,"muid":71,"totalVotingInFinlandTurnout":62.9,"identification":"002","pdid":"002","eligibleVotersInFinlandTotal":439,"edid":12,"mergedToPdid":""},{"name":{"fi":"Alaranta","sv":"Alaranta"},"calculationStatusPercent":100.0,"joinedArea":false,"muid":71,"totalVotingInFinlandTurnout":56.0,"identification":"003","pdid":"003","eligibleVotersInFinlandTotal":1753,"edid":12,"mergedToPdid":""},{"name":{"fi":"Kirkonkylä","sv":"Kirkonkylä"},"calculationStatusPercent":100.0,"joinedArea":false,"muid":71,"totalVotingInFinlandTurnout":58.8,"identification":"004","pdid":"004","eligibleVotersInFinlandTotal":1480,"edid":12,"mergedToPdid":""},{"name":{"fi":"Kytökylä","sv":"Kytökylä"},"calculationStatusPercent":100.0,"joinedArea":false,"muid":71,"totalVotingInFinlandTurnout":63.6,"identification":"005","pdid":"005","eligibleVotersInFinlandTotal":393,"edid":12,"mergedToPdid":""},{"name":{"fi":"Vattukylä","sv":"Vattukylä"},"calculationStatusPercent":100.0,"joinedArea":false,"muid":71,"totalVotingInFinlandTurnout":64.9,"identification":"006","pdid":"006","eligibleVotersInFinlandTotal":404,"edid":12,"mergedToPdid":""},{"name":{"fi":"Vatjusjärvi","sv":"Vatjusjärvi"},"calculationStatusPercent":100.0,"joinedArea":false,"muid":71,"totalVotingInFinlandTurnout":65.1,"identification":"007","pdid":"007","eligibleVotersInFinlandTotal":516,"edid":12,"mergedToPdid":""}],"municipality":{"muid":71,"edid":12,"name":{"fi":"Haapavesi","sv":"Haapavesi"}}}