{"version":70,"created":"2017-04-09T22:37:11.955Z","electionDetails":{"electionId":"kv2017","electionDate":"2017-04-09T00:00:00.000Z","electionDataPublishTime":"2017-04-09T17:00:00.000Z","name":{"fi":"Kuntavaalit 2017","sv":"Kommunalval 2017","en":"Elections 2017"},"previousElections":{"correspondingCompareElection":{"electionId":"kv2012","electionDate":"2012-10-28T00:00:00.000Z","name":{"fi":"Kuntavaalit 2012","en":"Municipal elections 2012","sv":"Kommunalval 2012"}},"otherCompareElection":{"electionId":"ev2015","electionDate":"2015-04-19T00:00:00.000Z","name":{"fi":"Eduskuntavaalit 2015","en":"Parliamentary election 2015","sv":"Riksdagsval 2015"}}}},"calculationStatus":{"electionDayVotingTurnout":29.8,"invalidAdvanceVotes":6,"calculationPhase":"INITIAL","invalidElectionDayVotes":3,"approvedAdvanceVotes":411,"advanceVotingTurnout":26.9,"totalVotingTurnoutAbroad":0.0,"name":{"fi":"Pukkila","sv":"Pukkila"},"calculationStatusPercent":100.0,"advanceVotes":417,"electionDayVotingTurnoutAbroad":0.0,"approvedTotalVotes":869,"totalVotes":878,"muid":616,"totalVotingInFinlandTurnout":56.7,"advanceVotingTurnoutAbroad":0.0,"invalidTotalVotes":9,"totalVotingTurnout":56.7,"electionDayVotes":461,"electionDayVotesInFinland":461,"pdid":"001","totalVotesInFinlandMen":0,"eligibleVotersInFinlandTotal":1549,"calculationStatusPercentElectionDayVotes":100.0,"sourceRecordModificationTime":"20170409205356","otherCompareElection":{"eid":"","eligibleVotersInFinlandTotal":0,"advanceVotingInFinlandTurnout":0.0,"electionDayVotingInFinlandTurnout":0.0,"totalVotingInFinlandTurnout":0.0,"approvedVotesTotal":0,"invalidVotesTotal":0},"correspondingCompareElection":{"eid":"","eligibleVotersInFinlandTotal":0,"advanceVotingInFinlandTurnout":0.0,"electionDayVotingInFinlandTurnout":0.0,"totalVotingInFinlandTurnout":0.0,"approvedVotesTotal":0,"invalidVotesTotal":0,"seats":0},"approvedElectionDayVotes":458,"edid":2,"calculationStatusPercentAdvanceVotes":100.0,"electionDayVotingInFinlandTurnout":29.8,"seats":0,"eligibleVotersTotal":1549,"advanceVotesInFinland":417,"advanceVotingInFinlandTurnout":26.9,"totalVotesInFinland":878},"partyResults":[{"advanceVotesPercent":52.3,"name":{"fi":"Suomen Keskusta","sv":"Centern i Finland","en":"Centre Party of Finland"},"advanceVotes":215,"npid":1,"totalVotes":406,"spid":1,"abbr":{"fi":"KESK","sv":"C","en":"CENT"},"alid":1,"electionDayVotes":191,"pid":"2","totalVotesPercent":46.7,"nominatorName":{"fi":"Suomen Keskusta","sv":"Centern i Finland","en":"Centre Party of Finland"},"compareData":{"otherCompareElection":{"votesTotalChange":0,"votesTotalPercentChange":0.0,"votesTotal":406,"votesTotalPercent":46.7},"correspondingCompareElection":{"votesTotalChange":0,"votesTotalPercentChange":0.0,"seatChange":0,"votesTotal":406,"votesTotalPercent":46.7,"seatsTotal":0}},"seats":0,"electionDayVotesPercent":41.7,"nominatorAbbr":{"fi":"KESK","sv":"C","en":"CENT"}},{"advanceVotesPercent":22.1,"name":{"fi":"Kansallinen Kokoomus","sv":"Samlingspartiet","en":"National Coalition Party"},"advanceVotes":91,"npid":5,"totalVotes":228,"spid":2,"abbr":{"fi":"KOK","sv":"Saml","en":"NCP"},"alid":5,"electionDayVotes":137,"pid":"4","totalVotesPercent":26.2,"nominatorName":{"fi":"Kansallinen Kokoomus","sv":"Samlingspartiet","en":"National Coalition Party"},"compareData":{"otherCompareElection":{"votesTotalChange":0,"votesTotalPercentChange":0.0,"votesTotal":228,"votesTotalPercent":26.2},"correspondingCompareElection":{"votesTotalChange":0,"votesTotalPercentChange":0.0,"seatChange":0,"votesTotal":228,"votesTotalPercent":26.2,"seatsTotal":0}},"seats":0,"electionDayVotesPercent":29.9,"nominatorAbbr":{"fi":"KOK","sv":"Saml","en":"NCP"}},{"advanceVotesPercent":10.0,"name":{"fi":"Perussuomalaiset","sv":"Sannfinländarna","en":"The Finns Party"},"advanceVotes":41,"npid":3,"totalVotes":86,"spid":3,"abbr":{"fi":"PS","sv":"Sannf","en":"FINNS"},"alid":3,"electionDayVotes":45,"pid":"23","totalVotesPercent":9.9,"nominatorName":{"fi":"Perussuomalaiset","sv":"Sannfinländarna","en":"The Finns Party"},"compareData":{"otherCompareElection":{"votesTotalChange":0,"votesTotalPercentChange":0.0,"votesTotal":86,"votesTotalPercent":9.9},"correspondingCompareElection":{"votesTotalChange":0,"votesTotalPercentChange":0.0,"seatChange":0,"votesTotal":86,"votesTotalPercent":9.9,"seatsTotal":0}},"seats":0,"electionDayVotesPercent":9.8,"nominatorAbbr":{"fi":"PS","sv":"Sannf","en":"FINNS"}},{"advanceVotesPercent":9.0,"name":{"fi":"Suomen Sosialidemokraattinen Puolue","sv":"Finlands Socialdemokratiska Parti","en":"The Finnish Social Democratic Party"},"advanceVotes":37,"npid":4,"totalVotes":78,"spid":4,"abbr":{"fi":"SDP","sv":"SDP","en":"SDP"},"alid":4,"electionDayVotes":41,"pid":"1","totalVotesPercent":9.0,"nominatorName":{"fi":"Suomen Sosialidemokraattinen Puolue","sv":"Finlands Socialdemokratiska Parti","en":"The Finnish Social Democratic Party"},"compareData":{"otherCompareElection":{"votesTotalChange":0,"votesTotalPercentChange":0.0,"votesTotal":78,"votesTotalPercent":9.0},"correspondingCompareElection":{"votesTotalChange":0,"votesTotalPercentChange":0.0,"seatChange":0,"votesTotal":78,"votesTotalPercent":9.0,"seatsTotal":0}},"seats":0,"electionDayVotesPercent":9.0,"nominatorAbbr":{"fi":"SDP","sv":"SDP","en":"SDP"}},{"advanceVotesPercent":6.6,"name":{"fi":"Vihreä liitto","sv":"Gröna förbundet","en":"Green League"},"advanceVotes":27,"npid":2,"totalVotes":71,"spid":5,"abbr":{"fi":"VIHR","sv":"Gröna","en":"GREEN"},"alid":2,"electionDayVotes":44,"pid":"13","totalVotesPercent":8.2,"nominatorName":{"fi":"Vihreä liitto","sv":"Gröna förbundet","en":"Green League"},"compareData":{"otherCompareElection":{"votesTotalChange":0,"votesTotalPercentChange":0.0,"votesTotal":71,"votesTotalPercent":8.2},"correspondingCompareElection":{"votesTotalChange":0,"votesTotalPercentChange":0.0,"seatChange":0,"votesTotal":71,"votesTotalPercent":8.2,"seatsTotal":0}},"seats":0,"electionDayVotesPercent":9.6,"nominatorAbbr":{"fi":"VIHR","sv":"Gröna","en":"GREEN"}}],"candidateResults":[{"age":41,"advanceVotesPercent":13.1,"lastname":"Kalliokivi","occupation":"yrittäjä","advanceVotes":54,"npid":1,"totalVotes":81,"spid":1,"abbr":"KESK","municipalCouncilor":true,"muid":616,"alid":1,"firstname":"Markus","electionDayVotes":27,"pid":"2","finalPosition":0,"electedInformation":"ELECTED","totalVotesPercent":9.3,"nominatorName":{"fi":"Suomen Keskusta","sv":"Centern i Finland","en":"Centre Party of Finland"},"caid":4,"position":0,"gender":"1","comparisonData":{"totalVotes":48,"votesTotalChange":33},"edid":2,"comparativeIndex":0.0,"electionDayVotesPercent":5.9,"nominatorAbbr":{"fi":"KESK","sv":"C","en":"CENT"}},{"age":56,"advanceVotesPercent":7.8,"lastname":"Ahola","occupation":"yrittäjä","advanceVotes":32,"npid":5,"totalVotes":76,"spid":2,"abbr":"KOK","municipalCouncilor":false,"muid":616,"alid":5,"firstname":"Juha","electionDayVotes":44,"pid":"4","finalPosition":0,"electedInformation":"ELECTED","totalVotesPercent":8.7,"nominatorName":{"fi":"Kansallinen Kokoomus","sv":"Samlingspartiet","en":"National Coalition Party"},"caid":25,"position":0,"gender":"1","comparisonData":{"totalVotes":0,"votesTotalChange":76},"edid":2,"comparativeIndex":0.0,"electionDayVotesPercent":9.6,"nominatorAbbr":{"fi":"KOK","sv":"Saml","en":"NCP"}},{"age":68,"advanceVotesPercent":10.2,"lastname":"Pirhonen","occupation":"yrittäjä, eläkeläinen","advanceVotes":42,"npid":1,"totalVotes":58,"spid":1,"abbr":"KESK","municipalCouncilor":true,"muid":616,"alid":1,"firstname":"Matti","electionDayVotes":16,"pid":"2","finalPosition":0,"electedInformation":"ELECTED","totalVotesPercent":6.7,"nominatorName":{"fi":"Suomen Keskusta","sv":"Centern i Finland","en":"Centre Party of Finland"},"caid":9,"position":0,"gender":"1","comparisonData":{"totalVotes":59,"votesTotalChange":-1},"edid":2,"comparativeIndex":0.0,"electionDayVotesPercent":3.5,"nominatorAbbr":{"fi":"KESK","sv":"C","en":"CENT"}},{"age":50,"advanceVotesPercent":6.6,"lastname":"Hildén","occupation":"verkostoasentaja","advanceVotes":27,"npid":4,"totalVotes":52,"spid":4,"abbr":"SDP","municipalCouncilor":true,"muid":616,"alid":4,"firstname":"Timo","electionDayVotes":25,"pid":"1","finalPosition":0,"electedInformation":"ELECTED","totalVotesPercent":6.0,"nominatorName":{"fi":"Suomen Sosialidemokraattinen Puolue","sv":"Finlands Socialdemokratiska Parti","en":"The Finnish Social Democratic Party"},"caid":24,"position":0,"gender":"1","comparisonData":{"totalVotes":44,"votesTotalChange":8},"edid":2,"comparativeIndex":0.0,"electionDayVotesPercent":5.5,"nominatorAbbr":{"fi":"SDP","sv":"SDP","en":"SDP"}},{"age":42,"advanceVotesPercent":2.9,"lastname":"Tikkala","occupation":"pääsihteeri","advanceVotes":12,"npid":1,"totalVotes":50,"spid":1,"abbr":"KESK","municipalCouncilor":false,"muid":616,"alid":1,"firstname":"Terhi","electionDayVotes":38,"pid":"2","finalPosition":0,"electedInformation":"ELECTED","totalVotesPercent":5.8,"nominatorName":{"fi":"Suomen Keskusta","sv":"Centern i Finland","en":"Centre Party of Finland"},"caid":14,"position":0,"gender":"2","comparisonData":{"totalVotes":0,"votesTotalChange":50},"edid":2,"comparativeIndex":0.0,"electionDayVotesPercent":8.3,"nominatorAbbr":{"fi":"KESK","sv":"C","en":"CENT"}},{"age":43,"advanceVotesPercent":5.1,"lastname":"Sajomaa","occupation":"kiinteistönvälittäjä","advanceVotes":21,"npid":3,"totalVotes":43,"spid":3,"abbr":"PS","municipalCouncilor":false,"muid":616,"alid":3,"firstname":"Lennu","electionDayVotes":22,"pid":"23","finalPosition":0,"electedInformation":"ELECTED","totalVotesPercent":4.9,"nominatorName":{"fi":"Perussuomalaiset","sv":"Sannfinländarna","en":"The Finns Party"},"caid":21,"position":0,"gender":"2","comparisonData":{"totalVotes":0,"votesTotalChange":43},"edid":2,"comparativeIndex":0.0,"electionDayVotesPercent":4.8,"nominatorAbbr":{"fi":"PS","sv":"Sannf","en":"FINNS"}},{"age":35,"advanceVotesPercent":4.9,"lastname":"Sihlman","occupation":"LVI asentaja","advanceVotes":20,"npid":3,"totalVotes":43,"spid":3,"abbr":"PS","municipalCouncilor":false,"muid":616,"alid":3,"firstname":"Kimmo","electionDayVotes":23,"pid":"23","finalPosition":0,"electedInformation":"ON_SUBSTITUTE_PLACE","totalVotesPercent":4.9,"nominatorName":{"fi":"Perussuomalaiset","sv":"Sannfinländarna","en":"The Finns Party"},"caid":22,"position":0,"gender":"1","comparisonData":{"totalVotes":0,"votesTotalChange":43},"edid":2,"comparativeIndex":0.0,"electionDayVotesPercent":5.0,"nominatorAbbr":{"fi":"PS","sv":"Sannf","en":"FINNS"}},{"age":68,"advanceVotesPercent":4.6,"lastname":"Clewer","occupation":"emäntä","advanceVotes":19,"npid":1,"totalVotes":33,"spid":1,"abbr":"KESK","municipalCouncilor":true,"muid":616,"alid":1,"firstname":"Leena","electionDayVotes":14,"pid":"2","finalPosition":0,"electedInformation":"ELECTED","totalVotesPercent":3.8,"nominatorName":{"fi":"Suomen Keskusta","sv":"Centern i Finland","en":"Centre Party of Finland"},"caid":3,"position":0,"gender":"2","comparisonData":{"totalVotes":29,"votesTotalChange":4},"edid":2,"comparativeIndex":0.0,"electionDayVotesPercent":3.1,"nominatorAbbr":{"fi":"KESK","sv":"C","en":"CENT"}},{"age":59,"advanceVotesPercent":3.9,"lastname":"Eskola","occupation":"yo-merkonomi, palvelumyyjä","advanceVotes":16,"npid":5,"totalVotes":32,"spid":2,"abbr":"KOK","municipalCouncilor":true,"muid":616,"alid":5,"firstname":"Päivi","electionDayVotes":16,"pid":"4","finalPosition":0,"electedInformation":"ELECTED","totalVotesPercent":3.7,"nominatorName":{"fi":"Kansallinen Kokoomus","sv":"Samlingspartiet","en":"National Coalition Party"},"caid":26,"position":0,"gender":"2","comparisonData":{"totalVotes":36,"votesTotalChange":-4},"edid":2,"comparativeIndex":0.0,"electionDayVotesPercent":3.5,"nominatorAbbr":{"fi":"KOK","sv":"Saml","en":"NCP"}},{"age":76,"advanceVotesPercent":4.4,"lastname":"Saarikko","occupation":"talousneuvos, toimistonhoitaja","advanceVotes":18,"npid":1,"totalVotes":30,"spid":1,"abbr":"KESK","municipalCouncilor":true,"muid":616,"alid":1,"firstname":"Eino","electionDayVotes":12,"pid":"2","finalPosition":0,"electedInformation":"ELECTED","totalVotesPercent":3.5,"nominatorName":{"fi":"Suomen Keskusta","sv":"Centern i Finland","en":"Centre Party of Finland"},"caid":11,"position":0,"gender":"1","comparisonData":{"totalVotes":28,"votesTotalChange":2},"edid":2,"comparativeIndex":0.0,"electionDayVotesPercent":2.6,"nominatorAbbr":{"fi":"KESK","sv":"C","en":"CENT"}},{"age":50,"advanceVotesPercent":2.7,"lastname":"Järvenpää","occupation":"toimitusjohtaja, turvallisuusvalvoja (eat)","advanceVotes":11,"npid":2,"totalVotes":29,"spid":5,"abbr":"VIHR","municipalCouncilor":false,"muid":616,"alid":2,"firstname":"Minna","electionDayVotes":18,"pid":"13","finalPosition":0,"electedInformation":"ELECTED","totalVotesPercent":3.3,"nominatorName":{"fi":"Vihreä liitto","sv":"Gröna förbundet","en":"Green League"},"caid":17,"position":0,"gender":"2","comparisonData":{"totalVotes":12,"votesTotalChange":17},"edid":2,"comparativeIndex":0.0,"electionDayVotesPercent":3.9,"nominatorAbbr":{"fi":"VIHR","sv":"Gröna","en":"GREEN"}},{"age":57,"advanceVotesPercent":3.6,"lastname":"Leino","occupation":"apulaisrehtori, lehtori","advanceVotes":15,"npid":1,"totalVotes":28,"spid":1,"abbr":"KESK","municipalCouncilor":false,"muid":616,"alid":1,"firstname":"Anja","electionDayVotes":13,"pid":"2","finalPosition":0,"electedInformation":"ELECTED","totalVotesPercent":3.2,"nominatorName":{"fi":"Suomen Keskusta","sv":"Centern i Finland","en":"Centre Party of Finland"},"caid":6,"position":0,"gender":"2","comparisonData":{"totalVotes":14,"votesTotalChange":14},"edid":2,"comparativeIndex":0.0,"electionDayVotesPercent":2.8,"nominatorAbbr":{"fi":"KESK","sv":"C","en":"CENT"}},{"age":51,"advanceVotesPercent":3.2,"lastname":"Loijas","occupation":"VTM, osastonhoitaja","advanceVotes":13,"npid":5,"totalVotes":28,"spid":2,"abbr":"KOK","municipalCouncilor":true,"muid":616,"alid":5,"firstname":"Jyrki","electionDayVotes":15,"pid":"4","finalPosition":0,"electedInformation":"ELECTED","totalVotesPercent":3.2,"nominatorName":{"fi":"Kansallinen Kokoomus","sv":"Samlingspartiet","en":"National Coalition Party"},"caid":28,"position":0,"gender":"1","comparisonData":{"totalVotes":36,"votesTotalChange":-8},"edid":2,"comparativeIndex":0.0,"electionDayVotesPercent":3.3,"nominatorAbbr":{"fi":"KOK","sv":"Saml","en":"NCP"}},{"age":44,"advanceVotesPercent":2.9,"lastname":"Salmela","occupation":"lastenhoitaja","advanceVotes":12,"npid":2,"totalVotes":26,"spid":5,"abbr":"VIHR","municipalCouncilor":false,"muid":616,"alid":2,"firstname":"Satu-Kirsi","electionDayVotes":14,"pid":"13","finalPosition":0,"electedInformation":"ON_SUBSTITUTE_PLACE","totalVotesPercent":3.0,"nominatorName":{"fi":"Vihreä liitto","sv":"Gröna förbundet","en":"Green League"},"caid":19,"position":0,"gender":"2","comparisonData":{"totalVotes":0,"votesTotalChange":26},"edid":2,"comparativeIndex":0.0,"electionDayVotesPercent":3.1,"nominatorAbbr":{"fi":"VIHR","sv":"Gröna","en":"GREEN"}},{"age":47,"advanceVotesPercent":2.4,"lastname":"Koivulammi","occupation":"yrittäjä","advanceVotes":10,"npid":4,"totalVotes":26,"spid":4,"abbr":"SDP","municipalCouncilor":false,"muid":616,"alid":4,"firstname":"Satu","electionDayVotes":16,"pid":"1","finalPosition":0,"electedInformation":"ON_SUBSTITUTE_PLACE","totalVotesPercent":3.0,"nominatorName":{"fi":"Suomen Sosialidemokraattinen Puolue","sv":"Finlands Socialdemokratiska Parti","en":"The Finnish Social Democratic Party"},"caid":23,"position":0,"gender":"2","comparisonData":{"totalVotes":0,"votesTotalChange":26},"edid":2,"comparativeIndex":0.0,"electionDayVotesPercent":3.5,"nominatorAbbr":{"fi":"SDP","sv":"SDP","en":"SDP"}},{"age":50,"advanceVotesPercent":1.7,"lastname":"Vatanen","occupation":"liiketoimintajohtaja, lääkintävahtimestari-sairaankuljettaja","advanceVotes":7,"npid":5,"totalVotes":24,"spid":2,"abbr":"KOK","municipalCouncilor":false,"muid":616,"alid":5,"firstname":"Ari","electionDayVotes":17,"pid":"4","finalPosition":0,"electedInformation":"ELECTED","totalVotesPercent":2.8,"nominatorName":{"fi":"Kansallinen Kokoomus","sv":"Samlingspartiet","en":"National Coalition Party"},"caid":33,"position":0,"gender":"1","comparisonData":{"totalVotes":0,"votesTotalChange":24},"edid":2,"comparativeIndex":0.0,"electionDayVotesPercent":3.7,"nominatorAbbr":{"fi":"KOK","sv":"Saml","en":"NCP"}},{"age":24,"advanceVotesPercent":1.0,"lastname":"Clewer","occupation":"lähihoitaja","advanceVotes":4,"npid":1,"totalVotes":23,"spid":1,"abbr":"KESK","municipalCouncilor":false,"muid":616,"alid":1,"firstname":"Ida","electionDayVotes":19,"pid":"2","finalPosition":0,"electedInformation":"ELECTED","totalVotesPercent":2.6,"nominatorName":{"fi":"Suomen Keskusta","sv":"Centern i Finland","en":"Centre Party of Finland"},"caid":2,"position":0,"gender":"2","comparisonData":{"totalVotes":0,"votesTotalChange":23},"edid":2,"comparativeIndex":0.0,"electionDayVotesPercent":4.1,"nominatorAbbr":{"fi":"KESK","sv":"C","en":"CENT"}},{"age":66,"advanceVotesPercent":3.6,"lastname":"Simolinna","occupation":"maanviljelijä","advanceVotes":15,"npid":5,"totalVotes":21,"spid":2,"abbr":"KOK","municipalCouncilor":false,"muid":616,"alid":5,"firstname":"Jussi","electionDayVotes":6,"pid":"4","finalPosition":0,"electedInformation":"ELECTED","totalVotesPercent":2.4,"nominatorName":{"fi":"Kansallinen Kokoomus","sv":"Samlingspartiet","en":"National Coalition Party"},"caid":32,"position":0,"gender":"1","comparisonData":{"totalVotes":19,"votesTotalChange":2},"edid":2,"comparativeIndex":0.0,"electionDayVotesPercent":1.3,"nominatorAbbr":{"fi":"KOK","sv":"Saml","en":"NCP"}},{"age":66,"advanceVotesPercent":1.5,"lastname":"Vappula","occupation":"eläkeläinen","advanceVotes":6,"npid":1,"totalVotes":18,"spid":1,"abbr":"KESK","municipalCouncilor":true,"muid":616,"alid":1,"firstname":"Eino","electionDayVotes":12,"pid":"2","finalPosition":0,"electedInformation":"ELECTED","totalVotesPercent":2.1,"nominatorName":{"fi":"Suomen Keskusta","sv":"Centern i Finland","en":"Centre Party of Finland"},"caid":16,"position":0,"gender":"1","comparisonData":{"totalVotes":21,"votesTotalChange":-3},"edid":2,"comparativeIndex":0.0,"electionDayVotesPercent":2.6,"nominatorAbbr":{"fi":"KESK","sv":"C","en":"CENT"}},{"age":67,"advanceVotesPercent":2.4,"lastname":"Mauno","occupation":"toimittaja, eläkeläinen","advanceVotes":10,"npid":1,"totalVotes":16,"spid":1,"abbr":"KESK","municipalCouncilor":true,"muid":616,"alid":1,"firstname":"Juha","electionDayVotes":6,"pid":"2","finalPosition":0,"electedInformation":"ELECTED","totalVotesPercent":1.8,"nominatorName":{"fi":"Suomen Keskusta","sv":"Centern i Finland","en":"Centre Party of Finland"},"caid":7,"position":0,"gender":"1","comparisonData":{"totalVotes":40,"votesTotalChange":-24},"edid":2,"comparativeIndex":0.0,"electionDayVotesPercent":1.3,"nominatorAbbr":{"fi":"KESK","sv":"C","en":"CENT"}},{"age":69,"advanceVotesPercent":1.9,"lastname":"Raita","occupation":"toimitusjohtaja, maanviljelijä","advanceVotes":8,"npid":1,"totalVotes":15,"spid":1,"abbr":"KESK","municipalCouncilor":true,"muid":616,"alid":1,"firstname":"Soilikki","electionDayVotes":7,"pid":"2","finalPosition":0,"electedInformation":"ON_SUBSTITUTE_PLACE","totalVotesPercent":1.7,"nominatorName":{"fi":"Suomen Keskusta","sv":"Centern i Finland","en":"Centre Party of Finland"},"caid":10,"position":0,"gender":"2","comparisonData":{"totalVotes":23,"votesTotalChange":-8},"edid":2,"comparativeIndex":0.0,"electionDayVotesPercent":1.5,"nominatorAbbr":{"fi":"KESK","sv":"C","en":"CENT"}},{"age":35,"advanceVotesPercent":2.2,"lastname":"Seppälä","occupation":"yrittäjä, maanviljelijä","advanceVotes":9,"npid":1,"totalVotes":15,"spid":1,"abbr":"KESK","municipalCouncilor":true,"muid":616,"alid":1,"firstname":"Timo","electionDayVotes":6,"pid":"2","finalPosition":0,"electedInformation":"ON_SUBSTITUTE_PLACE","totalVotesPercent":1.7,"nominatorName":{"fi":"Suomen Keskusta","sv":"Centern i Finland","en":"Centre Party of Finland"},"caid":13,"position":0,"gender":"1","comparisonData":{"totalVotes":21,"votesTotalChange":-6},"edid":2,"comparativeIndex":0.0,"electionDayVotesPercent":1.3,"nominatorAbbr":{"fi":"KESK","sv":"C","en":"CENT"}},{"age":51,"advanceVotesPercent":0.7,"lastname":"Myllyoja","occupation":"lakimies","advanceVotes":3,"npid":5,"totalVotes":14,"spid":2,"abbr":"KOK","municipalCouncilor":false,"muid":616,"alid":5,"firstname":"Juha","electionDayVotes":11,"pid":"4","finalPosition":0,"electedInformation":"ON_SUBSTITUTE_PLACE","totalVotesPercent":1.6,"nominatorName":{"fi":"Kansallinen Kokoomus","sv":"Samlingspartiet","en":"National Coalition Party"},"caid":30,"position":0,"gender":"1","comparisonData":{"totalVotes":0,"votesTotalChange":14},"edid":2,"comparativeIndex":0.0,"electionDayVotesPercent":2.4,"nominatorAbbr":{"fi":"KOK","sv":"Saml","en":"NCP"}},{"age":59,"advanceVotesPercent":0.7,"lastname":"Laaksonen","occupation":"laboratoriohoitaja","advanceVotes":3,"npid":1,"totalVotes":12,"spid":1,"abbr":"KESK","municipalCouncilor":false,"muid":616,"alid":1,"firstname":"Paula","electionDayVotes":9,"pid":"2","finalPosition":0,"electedInformation":"ON_SUBSTITUTE_PLACE","totalVotesPercent":1.4,"nominatorName":{"fi":"Suomen Keskusta","sv":"Centern i Finland","en":"Centre Party of Finland"},"caid":5,"position":0,"gender":"2","comparisonData":{"totalVotes":16,"votesTotalChange":-4},"edid":2,"comparativeIndex":0.0,"electionDayVotesPercent":2.0,"nominatorAbbr":{"fi":"KESK","sv":"C","en":"CENT"}},{"age":55,"advanceVotesPercent":0.0,"lastname":"Marjomaa","occupation":"yrittäjä, merkonomi","advanceVotes":0,"npid":5,"totalVotes":12,"spid":2,"abbr":"KOK","municipalCouncilor":false,"muid":616,"alid":5,"firstname":"Markku","electionDayVotes":12,"pid":"4","finalPosition":0,"electedInformation":"ON_SUBSTITUTE_PLACE","totalVotesPercent":1.4,"nominatorName":{"fi":"Kansallinen Kokoomus","sv":"Samlingspartiet","en":"National Coalition Party"},"caid":29,"position":0,"gender":"1","comparisonData":{"totalVotes":0,"votesTotalChange":12},"edid":2,"comparativeIndex":0.0,"electionDayVotesPercent":2.6,"nominatorAbbr":{"fi":"KOK","sv":"Saml","en":"NCP"}},{"age":42,"advanceVotesPercent":0.2,"lastname":"Tuomisto","occupation":"konepolttaja","advanceVotes":1,"npid":2,"totalVotes":11,"spid":5,"abbr":"VIHR","municipalCouncilor":true,"muid":616,"alid":2,"firstname":"Anssi","electionDayVotes":10,"pid":"13","finalPosition":0,"electedInformation":"ON_SUBSTITUTE_PLACE","totalVotesPercent":1.3,"nominatorName":{"fi":"Vihreä liitto","sv":"Gröna förbundet","en":"Green League"},"caid":20,"position":0,"gender":"1","comparisonData":{"totalVotes":12,"votesTotalChange":-1},"edid":2,"comparativeIndex":0.0,"electionDayVotesPercent":2.2,"nominatorAbbr":{"fi":"VIHR","sv":"Gröna","en":"GREEN"}},{"age":34,"advanceVotesPercent":0.5,"lastname":"Seppinen","occupation":"kotiäiti, yrittäjä","advanceVotes":2,"npid":5,"totalVotes":11,"spid":2,"abbr":"KOK","municipalCouncilor":false,"muid":616,"alid":5,"firstname":"Jenni","electionDayVotes":9,"pid":"4","finalPosition":0,"electedInformation":"ON_SUBSTITUTE_PLACE","totalVotesPercent":1.3,"nominatorName":{"fi":"Kansallinen Kokoomus","sv":"Samlingspartiet","en":"National Coalition Party"},"caid":31,"position":0,"gender":"2","comparisonData":{"totalVotes":0,"votesTotalChange":11},"edid":2,"comparativeIndex":0.0,"electionDayVotesPercent":2.0,"nominatorAbbr":{"fi":"KOK","sv":"Saml","en":"NCP"}},{"age":26,"advanceVotesPercent":1.9,"lastname":"Ovaska","occupation":"maatalousyrittäjä, agrologi","advanceVotes":8,"npid":1,"totalVotes":10,"spid":1,"abbr":"KESK","municipalCouncilor":false,"muid":616,"alid":1,"firstname":"Samu","electionDayVotes":2,"pid":"2","finalPosition":0,"electedInformation":"ON_SUBSTITUTE_PLACE","totalVotesPercent":1.2,"nominatorName":{"fi":"Suomen Keskusta","sv":"Centern i Finland","en":"Centre Party of Finland"},"caid":8,"position":0,"gender":"1","comparisonData":{"totalVotes":0,"votesTotalChange":10},"edid":2,"comparativeIndex":0.0,"electionDayVotesPercent":0.4,"nominatorAbbr":{"fi":"KESK","sv":"C","en":"CENT"}},{"age":37,"advanceVotesPercent":1.0,"lastname":"Seppälä","occupation":"yrittäjä","advanceVotes":4,"npid":1,"totalVotes":10,"spid":1,"abbr":"KESK","municipalCouncilor":false,"muid":616,"alid":1,"firstname":"Esa","electionDayVotes":6,"pid":"2","finalPosition":0,"electedInformation":"ON_SUBSTITUTE_PLACE","totalVotesPercent":1.2,"nominatorName":{"fi":"Suomen Keskusta","sv":"Centern i Finland","en":"Centre Party of Finland"},"caid":12,"position":0,"gender":"1","comparisonData":{"totalVotes":14,"votesTotalChange":-4},"edid":2,"comparativeIndex":0.0,"electionDayVotesPercent":1.3,"nominatorAbbr":{"fi":"KESK","sv":"C","en":"CENT"}},{"age":33,"advanceVotesPercent":0.7,"lastname":"Huusko","occupation":"tradenomi","advanceVotes":3,"npid":5,"totalVotes":10,"spid":2,"abbr":"KOK","municipalCouncilor":true,"muid":616,"alid":5,"firstname":"Anne","electionDayVotes":7,"pid":"4","finalPosition":0,"electedInformation":"ON_SUBSTITUTE_PLACE","totalVotesPercent":1.2,"nominatorName":{"fi":"Kansallinen Kokoomus","sv":"Samlingspartiet","en":"National Coalition Party"},"caid":27,"position":0,"gender":"2","comparisonData":{"totalVotes":24,"votesTotalChange":-14},"edid":2,"comparativeIndex":0.0,"electionDayVotesPercent":1.5,"nominatorAbbr":{"fi":"KOK","sv":"Saml","en":"NCP"}},{"age":66,"advanceVotesPercent":0.7,"lastname":"Tolonen","occupation":"maa- ja metsätalouden tohtori, dosentti","advanceVotes":3,"npid":1,"totalVotes":7,"spid":1,"abbr":"KESK","municipalCouncilor":false,"muid":616,"alid":1,"firstname":"Arto","electionDayVotes":4,"pid":"2","finalPosition":0,"electedInformation":"ON_SUBSTITUTE_PLACE","totalVotesPercent":0.8,"nominatorName":{"fi":"Suomen Keskusta","sv":"Centern i Finland","en":"Centre Party of Finland"},"caid":15,"position":0,"gender":"1","comparisonData":{"totalVotes":5,"votesTotalChange":2},"edid":2,"comparativeIndex":0.0,"electionDayVotesPercent":0.9,"nominatorAbbr":{"fi":"KESK","sv":"C","en":"CENT"}},{"age":47,"advanceVotesPercent":0.7,"lastname":"Korhonen","occupation":"hallinnon assistentti","advanceVotes":3,"npid":2,"totalVotes":5,"spid":5,"abbr":"VIHR","municipalCouncilor":false,"muid":616,"alid":2,"firstname":"Ene","electionDayVotes":2,"pid":"13","finalPosition":0,"electedInformation":"NOT_ELECTED","totalVotesPercent":0.6,"nominatorName":{"fi":"Vihreä liitto","sv":"Gröna förbundet","en":"Green League"},"caid":18,"position":0,"gender":"2","comparisonData":{"totalVotes":5,"votesTotalChange":0},"edid":2,"comparativeIndex":0.0,"electionDayVotesPercent":0.4,"nominatorAbbr":{"fi":"VIHR","sv":"Gröna","en":"GREEN"}}],"municipalityPollingDistricts":[{"name":{"fi":"Pukkila","sv":"Pukkila"},"calculationStatusPercent":100.0,"joinedArea":false,"muid":616,"totalVotingInFinlandTurnout":56.7,"identification":"001","pdid":"001","eligibleVotersInFinlandTotal":1549,"edid":2,"mergedToPdid":""}],"municipality":{"muid":616,"edid":2,"name":{"fi":"Pukkila","sv":"Pukkila"}}}