{"version":60,"created":"2017-04-09T21:47:31.640Z","electionDetails":{"electionId":"kv2017","electionDate":"2017-04-09T00:00:00.000Z","electionDataPublishTime":"2017-04-09T17:00:00.000Z","name":{"fi":"Kuntavaalit 2017","sv":"Kommunalval 2017","en":"Elections 2017"},"previousElections":{"correspondingCompareElection":{"electionId":"kv2012","electionDate":"2012-10-28T00:00:00.000Z","name":{"fi":"Kuntavaalit 2012","en":"Municipal elections 2012","sv":"Kommunalval 2012"}},"otherCompareElection":{"electionId":"ev2015","electionDate":"2015-04-19T00:00:00.000Z","name":{"fi":"Eduskuntavaalit 2015","en":"Parliamentary election 2015","sv":"Riksdagsval 2015"}}}},"calculationStatus":{"electionDayVotingTurnout":25.6,"invalidAdvanceVotes":10,"calculationPhase":"INITIAL","invalidElectionDayVotes":6,"approvedAdvanceVotes":686,"advanceVotingTurnout":33.9,"totalVotingTurnoutAbroad":0.0,"name":{"fi":"Asema","sv":"Asema"},"calculationStatusPercent":100.0,"advanceVotes":696,"electionDayVotingTurnoutAbroad":0.0,"approvedTotalVotes":1206,"totalVotes":1222,"muid":507,"totalVotingInFinlandTurnout":59.5,"advanceVotingTurnoutAbroad":0.0,"invalidTotalVotes":16,"totalVotingTurnout":59.5,"electionDayVotes":526,"electionDayVotesInFinland":526,"pdid":"001","totalVotesInFinlandMen":0,"eligibleVotersInFinlandTotal":2055,"calculationStatusPercentElectionDayVotes":100.0,"sourceRecordModificationTime":"20170409213007","otherCompareElection":{"eid":"","eligibleVotersInFinlandTotal":0,"advanceVotingInFinlandTurnout":0.0,"electionDayVotingInFinlandTurnout":0.0,"totalVotingInFinlandTurnout":0.0,"approvedVotesTotal":0,"invalidVotesTotal":0},"correspondingCompareElection":{"eid":"","eligibleVotersInFinlandTotal":0,"advanceVotingInFinlandTurnout":0.0,"electionDayVotingInFinlandTurnout":0.0,"totalVotingInFinlandTurnout":0.0,"approvedVotesTotal":0,"invalidVotesTotal":0,"seats":0},"approvedElectionDayVotes":520,"edid":8,"calculationStatusPercentAdvanceVotes":100.0,"electionDayVotingInFinlandTurnout":25.6,"seats":0,"eligibleVotersTotal":2055,"advanceVotesInFinland":696,"advanceVotingInFinlandTurnout":33.9,"totalVotesInFinland":1222},"partyResults":[{"advanceVotesPercent":37.9,"name":{"fi":"Suomen Keskusta","sv":"Centern i Finland","en":"Centre Party of Finland"},"advanceVotes":260,"npid":5,"totalVotes":410,"spid":1,"abbr":{"fi":"KESK","sv":"C","en":"CENT"},"alid":5,"electionDayVotes":150,"pid":"2","totalVotesPercent":34.0,"nominatorName":{"fi":"Suomen Keskusta","sv":"Centern i Finland","en":"Centre Party of Finland"},"compareData":{"otherCompareElection":{"votesTotalChange":0,"votesTotalPercentChange":0.0,"votesTotal":410,"votesTotalPercent":34.0},"correspondingCompareElection":{"votesTotalChange":0,"votesTotalPercentChange":0.0,"seatChange":0,"votesTotal":410,"votesTotalPercent":34.0,"seatsTotal":0}},"seats":0,"electionDayVotesPercent":28.8,"nominatorAbbr":{"fi":"KESK","sv":"C","en":"CENT"}},{"advanceVotesPercent":17.5,"name":{"fi":"Suomen Sosialidemokraattinen Puolue","sv":"Finlands Socialdemokratiska Parti","en":"The Finnish Social Democratic Party"},"advanceVotes":120,"npid":1,"totalVotes":227,"spid":4,"abbr":{"fi":"SDP","sv":"SDP","en":"SDP"},"alid":1,"electionDayVotes":107,"pid":"1","totalVotesPercent":18.8,"nominatorName":{"fi":"Suomen Sosialidemokraattinen Puolue","sv":"Finlands Socialdemokratiska Parti","en":"The Finnish Social Democratic Party"},"compareData":{"otherCompareElection":{"votesTotalChange":0,"votesTotalPercentChange":0.0,"votesTotal":227,"votesTotalPercent":18.8},"correspondingCompareElection":{"votesTotalChange":0,"votesTotalPercentChange":0.0,"seatChange":0,"votesTotal":227,"votesTotalPercent":18.8,"seatsTotal":0}},"seats":0,"electionDayVotesPercent":20.6,"nominatorAbbr":{"fi":"SDP","sv":"SDP","en":"SDP"}},{"advanceVotesPercent":17.6,"name":{"fi":"Kansallinen Kokoomus","sv":"Samlingspartiet","en":"National Coalition Party"},"advanceVotes":121,"npid":7,"totalVotes":204,"spid":2,"abbr":{"fi":"KOK","sv":"Saml","en":"NCP"},"alid":7,"electionDayVotes":83,"pid":"4","totalVotesPercent":16.9,"nominatorName":{"fi":"Kansallinen Kokoomus","sv":"Samlingspartiet","en":"National Coalition Party"},"compareData":{"otherCompareElection":{"votesTotalChange":0,"votesTotalPercentChange":0.0,"votesTotal":204,"votesTotalPercent":16.9},"correspondingCompareElection":{"votesTotalChange":0,"votesTotalPercentChange":0.0,"seatChange":0,"votesTotal":204,"votesTotalPercent":16.9,"seatsTotal":0}},"seats":0,"electionDayVotesPercent":16.0,"nominatorAbbr":{"fi":"KOK","sv":"Saml","en":"NCP"}},{"advanceVotesPercent":9.9,"name":{"fi":"Perussuomalaiset","sv":"Sannfinländarna","en":"The Finns Party"},"advanceVotes":68,"npid":6,"totalVotes":150,"spid":3,"abbr":{"fi":"PS","sv":"Sannf","en":"FINNS"},"alid":6,"electionDayVotes":82,"pid":"23","totalVotesPercent":12.4,"nominatorName":{"fi":"Perussuomalaiset","sv":"Sannfinländarna","en":"The Finns Party"},"compareData":{"otherCompareElection":{"votesTotalChange":0,"votesTotalPercentChange":0.0,"votesTotal":150,"votesTotalPercent":12.4},"correspondingCompareElection":{"votesTotalChange":0,"votesTotalPercentChange":0.0,"seatChange":0,"votesTotal":150,"votesTotalPercent":12.4,"seatsTotal":0}},"seats":0,"electionDayVotesPercent":15.8,"nominatorAbbr":{"fi":"PS","sv":"Sannf","en":"FINNS"}},{"advanceVotesPercent":8.0,"name":{"fi":"Muut ryhmät","sv":"Övriga grupper","en":"Other groups"},"advanceVotes":55,"npid":8,"totalVotes":120,"spid":99,"abbr":{"fi":"Muut","sv":"Övriga","en":"Others"},"alid":8,"electionDayVotes":65,"pid":"5078","totalVotesPercent":10.0,"nominatorName":{"fi":"Puolueisiin Sitoutumattomien yhteislista","sv":"Puolueisiin Sitoutumattomien yhteislista","en":"Puolueisiin Sitoutumattomien yhteislista"},"compareData":{"otherCompareElection":{"votesTotalChange":0,"votesTotalPercentChange":0.0,"votesTotal":120,"votesTotalPercent":10.0},"correspondingCompareElection":{"votesTotalChange":0,"votesTotalPercentChange":0.0,"seatChange":0,"votesTotal":120,"votesTotalPercent":10.0,"seatsTotal":0}},"seats":0,"electionDayVotesPercent":12.5,"nominatorAbbr":{"fi":"YL1","sv":"YL1","en":"YL1"}},{"advanceVotesPercent":4.8,"name":{"fi":"Suomen Kristillisdemokraatit (KD)","sv":"Kristdemokraterna i Finland (KD)","en":"Christian Democrats in Finland"},"advanceVotes":33,"npid":3,"totalVotes":49,"spid":8,"abbr":{"fi":"KD","sv":"KD","en":"CD"},"alid":3,"electionDayVotes":16,"pid":"9","totalVotesPercent":4.1,"nominatorName":{"fi":"Suomen Kristillisdemokraatit (KD)","sv":"Kristdemokraterna i Finland (KD)","en":"Christian Democrats in Finland"},"compareData":{"otherCompareElection":{"votesTotalChange":0,"votesTotalPercentChange":0.0,"votesTotal":49,"votesTotalPercent":4.1},"correspondingCompareElection":{"votesTotalChange":0,"votesTotalPercentChange":0.0,"seatChange":0,"votesTotal":49,"votesTotalPercent":4.1,"seatsTotal":0}},"seats":0,"electionDayVotesPercent":3.1,"nominatorAbbr":{"fi":"KD","sv":"KD","en":"CD"}},{"advanceVotesPercent":3.2,"name":{"fi":"Vihreä liitto","sv":"Gröna förbundet","en":"Green League"},"advanceVotes":22,"npid":2,"totalVotes":35,"spid":5,"abbr":{"fi":"VIHR","sv":"Gröna","en":"GREEN"},"alid":2,"electionDayVotes":13,"pid":"13","totalVotesPercent":2.9,"nominatorName":{"fi":"Vihreä liitto","sv":"Gröna förbundet","en":"Green League"},"compareData":{"otherCompareElection":{"votesTotalChange":0,"votesTotalPercentChange":0.0,"votesTotal":35,"votesTotalPercent":2.9},"correspondingCompareElection":{"votesTotalChange":0,"votesTotalPercentChange":0.0,"seatChange":0,"votesTotal":35,"votesTotalPercent":2.9,"seatsTotal":0}},"seats":0,"electionDayVotesPercent":2.5,"nominatorAbbr":{"fi":"VIHR","sv":"Gröna","en":"GREEN"}},{"advanceVotesPercent":1.0,"name":{"fi":"Suomen Kommunistinen Puolue","sv":"Finlands Kommunistiska Parti","en":"The Communist Party of Finland"},"advanceVotes":7,"npid":4,"totalVotes":11,"spid":9,"abbr":{"fi":"SKP","sv":"FKP","en":"CPF"},"alid":4,"electionDayVotes":4,"pid":"8","totalVotesPercent":0.9,"nominatorName":{"fi":"Suomen Kommunistinen Puolue","sv":"Finlands Kommunistiska Parti","en":"The Communist Party of Finland"},"compareData":{"otherCompareElection":{"votesTotalChange":0,"votesTotalPercentChange":0.0,"votesTotal":11,"votesTotalPercent":0.9},"correspondingCompareElection":{"votesTotalChange":0,"votesTotalPercentChange":0.0,"seatChange":0,"votesTotal":11,"votesTotalPercent":0.9,"seatsTotal":0}},"seats":0,"electionDayVotesPercent":0.8,"nominatorAbbr":{"fi":"SKP","sv":"FKP","en":"CPF"}}],"candidateResults":[{"age":46,"advanceVotesPercent":7.0,"lastname":"Hartonen-Pulkka","occupation":"lähihoitaja, sairaanhoitajaopiskelija","advanceVotes":48,"npid":6,"totalVotes":96,"spid":3,"abbr":"PS","municipalCouncilor":true,"muid":507,"alid":6,"firstname":"Tanja","electionDayVotes":48,"pid":"23","finalPosition":0,"electedInformation":"ELECTED","totalVotesPercent":8.0,"nominatorName":{"fi":"Perussuomalaiset","sv":"Sannfinländarna","en":"The Finns Party"},"caid":54,"position":0,"gender":"2","comparisonData":{"totalVotes":335,"votesTotalChange":-239},"edid":8,"comparativeIndex":0.0,"electionDayVotesPercent":9.2,"nominatorAbbr":{"fi":"PS","sv":"Sannf","en":"FINNS"}},{"age":29,"advanceVotesPercent":6.6,"lastname":"Mäenpää","occupation":"kulttuurituottaja YAMK","advanceVotes":45,"npid":5,"totalVotes":63,"spid":1,"abbr":"KESK","municipalCouncilor":false,"muid":507,"alid":5,"firstname":"Eveliina","electionDayVotes":18,"pid":"2","finalPosition":0,"electedInformation":"ELECTED","totalVotesPercent":5.2,"nominatorName":{"fi":"Suomen Keskusta","sv":"Centern i Finland","en":"Centre Party of Finland"},"caid":39,"position":0,"gender":"2","comparisonData":{"totalVotes":44,"votesTotalChange":19},"edid":8,"comparativeIndex":0.0,"electionDayVotesPercent":3.5,"nominatorAbbr":{"fi":"KESK","sv":"C","en":"CENT"}},{"age":57,"advanceVotesPercent":4.7,"lastname":"Hartonen","occupation":"varastomies","advanceVotes":32,"npid":1,"totalVotes":58,"spid":4,"abbr":"SDP","municipalCouncilor":true,"muid":507,"alid":1,"firstname":"Ari","electionDayVotes":26,"pid":"1","finalPosition":0,"electedInformation":"ELECTED","totalVotesPercent":4.8,"nominatorName":{"fi":"Suomen Sosialidemokraattinen Puolue","sv":"Finlands Socialdemokratiska Parti","en":"The Finnish Social Democratic Party"},"caid":3,"position":0,"gender":"1","comparisonData":{"totalVotes":107,"votesTotalChange":-49},"edid":8,"comparativeIndex":0.0,"electionDayVotesPercent":5.0,"nominatorAbbr":{"fi":"SDP","sv":"SDP","en":"SDP"}},{"age":72,"advanceVotesPercent":5.0,"lastname":"Kuoksa","occupation":"DI, eläkeläinen","advanceVotes":34,"npid":1,"totalVotes":52,"spid":4,"abbr":"SDP","municipalCouncilor":true,"muid":507,"alid":1,"firstname":"Timo","electionDayVotes":18,"pid":"1","finalPosition":0,"electedInformation":"ELECTED","totalVotesPercent":4.3,"nominatorName":{"fi":"Suomen Sosialidemokraattinen Puolue","sv":"Finlands Socialdemokratiska Parti","en":"The Finnish Social Democratic Party"},"caid":7,"position":0,"gender":"1","comparisonData":{"totalVotes":47,"votesTotalChange":5},"edid":8,"comparativeIndex":0.0,"electionDayVotesPercent":3.5,"nominatorAbbr":{"fi":"SDP","sv":"SDP","en":"SDP"}},{"age":32,"advanceVotesPercent":4.4,"lastname":"Häkkänen","occupation":"kansanedustaja, lakimies","advanceVotes":30,"npid":7,"totalVotes":52,"spid":2,"abbr":"KOK","municipalCouncilor":true,"muid":507,"alid":7,"firstname":"Antti","electionDayVotes":22,"pid":"4","finalPosition":0,"electedInformation":"ELECTED","totalVotesPercent":4.3,"nominatorName":{"fi":"Kansallinen Kokoomus","sv":"Samlingspartiet","en":"National Coalition Party"},"caid":59,"position":0,"gender":"1","comparisonData":{"totalVotes":103,"votesTotalChange":-51},"edid":8,"comparativeIndex":0.0,"electionDayVotesPercent":4.2,"nominatorAbbr":{"fi":"KOK","sv":"Saml","en":"NCP"}},{"age":50,"advanceVotesPercent":6.0,"lastname":"Pekkanen","occupation":"KM, luokanopettaja","advanceVotes":41,"npid":5,"totalVotes":50,"spid":1,"abbr":"KESK","municipalCouncilor":true,"muid":507,"alid":5,"firstname":"Leena","electionDayVotes":9,"pid":"2","finalPosition":0,"electedInformation":"ELECTED","totalVotesPercent":4.1,"nominatorName":{"fi":"Suomen Keskusta","sv":"Centern i Finland","en":"Centre Party of Finland"},"caid":44,"position":0,"gender":"2","comparisonData":{"totalVotes":135,"votesTotalChange":-85},"edid":8,"comparativeIndex":0.0,"electionDayVotesPercent":1.7,"nominatorAbbr":{"fi":"KESK","sv":"C","en":"CENT"}},{"age":41,"advanceVotesPercent":3.1,"lastname":"Hämäläinen","occupation":"sosionomi, ohjaaja","advanceVotes":21,"npid":1,"totalVotes":49,"spid":4,"abbr":"SDP","municipalCouncilor":false,"muid":507,"alid":1,"firstname":"Birgit","electionDayVotes":28,"pid":"1","finalPosition":0,"electedInformation":"ELECTED","totalVotesPercent":4.1,"nominatorName":{"fi":"Suomen Sosialidemokraattinen Puolue","sv":"Finlands Socialdemokratiska Parti","en":"The Finnish Social Democratic Party"},"caid":5,"position":0,"gender":"2","comparisonData":{"totalVotes":0,"votesTotalChange":49},"edid":8,"comparativeIndex":0.0,"electionDayVotesPercent":5.4,"nominatorAbbr":{"fi":"SDP","sv":"SDP","en":"SDP"}},{"age":41,"advanceVotesPercent":1.6,"lastname":"Hämäläinen","occupation":"autonkuljettaja","advanceVotes":11,"npid":6,"totalVotes":36,"spid":3,"abbr":"PS","municipalCouncilor":true,"muid":507,"alid":6,"firstname":"Tapio","electionDayVotes":25,"pid":"23","finalPosition":0,"electedInformation":"ELECTED","totalVotesPercent":3.0,"nominatorName":{"fi":"Perussuomalaiset","sv":"Sannfinländarna","en":"The Finns Party"},"caid":51,"position":0,"gender":"1","comparisonData":{"totalVotes":41,"votesTotalChange":-5},"edid":8,"comparativeIndex":0.0,"electionDayVotesPercent":4.8,"nominatorAbbr":{"fi":"PS","sv":"Sannf","en":"FINNS"}},{"age":18,"advanceVotesPercent":3.2,"lastname":"Kovanen","occupation":"opiskelija","advanceVotes":22,"npid":2,"totalVotes":35,"spid":5,"abbr":"VIHR","municipalCouncilor":false,"muid":507,"alid":2,"firstname":"Matti","electionDayVotes":13,"pid":"13","finalPosition":0,"electedInformation":"NOT_ELECTED","totalVotesPercent":2.9,"nominatorName":{"fi":"Vihreä liitto","sv":"Gröna förbundet","en":"Green League"},"caid":16,"position":0,"gender":"1","comparisonData":{"totalVotes":0,"votesTotalChange":35},"edid":8,"comparativeIndex":0.0,"electionDayVotesPercent":2.5,"nominatorAbbr":{"fi":"VIHR","sv":"Gröna","en":"GREEN"}},{"age":60,"advanceVotesPercent":3.5,"lastname":"Partio","occupation":"evl evp","advanceVotes":24,"npid":5,"totalVotes":32,"spid":1,"abbr":"KESK","municipalCouncilor":true,"muid":507,"alid":5,"firstname":"Ismo","electionDayVotes":8,"pid":"2","finalPosition":0,"electedInformation":"ELECTED","totalVotesPercent":2.7,"nominatorName":{"fi":"Suomen Keskusta","sv":"Centern i Finland","en":"Centre Party of Finland"},"caid":43,"position":0,"gender":"1","comparisonData":{"totalVotes":74,"votesTotalChange":-42},"edid":8,"comparativeIndex":0.0,"electionDayVotesPercent":1.5,"nominatorAbbr":{"fi":"KESK","sv":"C","en":"CENT"}},{"age":54,"advanceVotesPercent":1.7,"lastname":"Lamponen","occupation":"kiinteistöpäällikkö","advanceVotes":12,"npid":5,"totalVotes":25,"spid":1,"abbr":"KESK","municipalCouncilor":true,"muid":507,"alid":5,"firstname":"Markku","electionDayVotes":13,"pid":"2","finalPosition":0,"electedInformation":"ELECTED","totalVotesPercent":2.1,"nominatorName":{"fi":"Suomen Keskusta","sv":"Centern i Finland","en":"Centre Party of Finland"},"caid":31,"position":0,"gender":"1","comparisonData":{"totalVotes":67,"votesTotalChange":-42},"edid":8,"comparativeIndex":0.0,"electionDayVotesPercent":2.5,"nominatorAbbr":{"fi":"KESK","sv":"C","en":"CENT"}},{"age":40,"advanceVotesPercent":1.9,"lastname":"Jukola","occupation":"metsätoimihenkilö, metsätalousinsinööri","advanceVotes":13,"npid":7,"totalVotes":25,"spid":2,"abbr":"KOK","municipalCouncilor":false,"muid":507,"alid":7,"firstname":"Heta","electionDayVotes":12,"pid":"4","finalPosition":0,"electedInformation":"ELECTED","totalVotesPercent":2.1,"nominatorName":{"fi":"Kansallinen Kokoomus","sv":"Samlingspartiet","en":"National Coalition Party"},"caid":61,"position":0,"gender":"2","comparisonData":{"totalVotes":28,"votesTotalChange":-3},"edid":8,"comparativeIndex":0.0,"electionDayVotesPercent":2.3,"nominatorAbbr":{"fi":"KOK","sv":"Saml","en":"NCP"}},{"age":41,"advanceVotesPercent":1.9,"lastname":"Paasonen","occupation":"yrittäjä","advanceVotes":13,"npid":8,"totalVotes":25,"spid":99,"abbr":"Muut","municipalCouncilor":true,"muid":507,"alid":8,"firstname":"Jani","electionDayVotes":12,"pid":"5078","finalPosition":0,"electedInformation":"ELECTED","totalVotesPercent":2.1,"nominatorName":{"fi":"Puolueisiin Sitoutumattomien yhteislista","sv":"Puolueisiin Sitoutumattomien yhteislista","en":"Puolueisiin Sitoutumattomien yhteislista"},"caid":79,"position":0,"gender":"1","comparisonData":{"totalVotes":46,"votesTotalChange":-21},"edid":8,"comparativeIndex":0.0,"electionDayVotesPercent":2.3,"nominatorAbbr":{"fi":"YL1","sv":"YL1","en":"YL1"}},{"age":34,"advanceVotesPercent":2.0,"lastname":"Hyyryläinen","occupation":"maanviljelijä","advanceVotes":14,"npid":5,"totalVotes":23,"spid":1,"abbr":"KESK","municipalCouncilor":false,"muid":507,"alid":5,"firstname":"Antti","electionDayVotes":9,"pid":"2","finalPosition":0,"electedInformation":"ON_SUBSTITUTE_PLACE","totalVotesPercent":1.9,"nominatorName":{"fi":"Suomen Keskusta","sv":"Centern i Finland","en":"Centre Party of Finland"},"caid":27,"position":0,"gender":"1","comparisonData":{"totalVotes":0,"votesTotalChange":23},"edid":8,"comparativeIndex":0.0,"electionDayVotesPercent":1.7,"nominatorAbbr":{"fi":"KESK","sv":"C","en":"CENT"}},{"age":51,"advanceVotesPercent":2.3,"lastname":"Lantta","occupation":"emäntä","advanceVotes":16,"npid":5,"totalVotes":23,"spid":1,"abbr":"KESK","municipalCouncilor":true,"muid":507,"alid":5,"firstname":"Sari","electionDayVotes":7,"pid":"2","finalPosition":0,"electedInformation":"ELECTED","totalVotesPercent":1.9,"nominatorName":{"fi":"Suomen Keskusta","sv":"Centern i Finland","en":"Centre Party of Finland"},"caid":32,"position":0,"gender":"2","comparisonData":{"totalVotes":61,"votesTotalChange":-38},"edid":8,"comparativeIndex":0.0,"electionDayVotesPercent":1.3,"nominatorAbbr":{"fi":"KESK","sv":"C","en":"CENT"}},{"age":20,"advanceVotesPercent":1.6,"lastname":"Penttinen","occupation":"metsäkoneenkuljettaja","advanceVotes":11,"npid":5,"totalVotes":22,"spid":1,"abbr":"KESK","municipalCouncilor":false,"muid":507,"alid":5,"firstname":"Aleksi","electionDayVotes":11,"pid":"2","finalPosition":0,"electedInformation":"ELECTED","totalVotesPercent":1.8,"nominatorName":{"fi":"Suomen Keskusta","sv":"Centern i Finland","en":"Centre Party of Finland"},"caid":45,"position":0,"gender":"1","comparisonData":{"totalVotes":0,"votesTotalChange":22},"edid":8,"comparativeIndex":0.0,"electionDayVotesPercent":2.1,"nominatorAbbr":{"fi":"KESK","sv":"C","en":"CENT"}},{"age":60,"advanceVotesPercent":1.9,"lastname":"Rantanen","occupation":"sosiaaliohjaaja, eläkeläinen","advanceVotes":13,"npid":8,"totalVotes":20,"spid":99,"abbr":"Muut","municipalCouncilor":false,"muid":507,"alid":8,"firstname":"Raili","electionDayVotes":7,"pid":"5078","finalPosition":0,"electedInformation":"ON_SUBSTITUTE_PLACE","totalVotesPercent":1.7,"nominatorName":{"fi":"Puolueisiin Sitoutumattomien yhteislista","sv":"Puolueisiin Sitoutumattomien yhteislista","en":"Puolueisiin Sitoutumattomien yhteislista"},"caid":80,"position":0,"gender":"2","comparisonData":{"totalVotes":37,"votesTotalChange":-17},"edid":8,"comparativeIndex":0.0,"electionDayVotesPercent":1.3,"nominatorAbbr":{"fi":"YL1","sv":"YL1","en":"YL1"}},{"age":38,"advanceVotesPercent":0.7,"lastname":"Mutka","occupation":"ratsastuksenohjaaja","advanceVotes":5,"npid":5,"totalVotes":19,"spid":1,"abbr":"KESK","municipalCouncilor":false,"muid":507,"alid":5,"firstname":"Katariina","electionDayVotes":14,"pid":"2","finalPosition":0,"electedInformation":"ON_SUBSTITUTE_PLACE","totalVotesPercent":1.6,"nominatorName":{"fi":"Suomen Keskusta","sv":"Centern i Finland","en":"Centre Party of Finland"},"caid":38,"position":0,"gender":"2","comparisonData":{"totalVotes":27,"votesTotalChange":-8},"edid":8,"comparativeIndex":0.0,"electionDayVotesPercent":2.7,"nominatorAbbr":{"fi":"KESK","sv":"C","en":"CENT"}},{"age":43,"advanceVotesPercent":1.5,"lastname":"Kantola","occupation":"kanttori","advanceVotes":10,"npid":3,"totalVotes":18,"spid":8,"abbr":"KD","municipalCouncilor":false,"muid":507,"alid":3,"firstname":"Eero","electionDayVotes":8,"pid":"9","finalPosition":0,"electedInformation":"ELECTED","totalVotesPercent":1.5,"nominatorName":{"fi":"Suomen Kristillisdemokraatit (KD)","sv":"Kristdemokraterna i Finland (KD)","en":"Christian Democrats in Finland"},"caid":17,"position":0,"gender":"1","comparisonData":{"totalVotes":0,"votesTotalChange":18},"edid":8,"comparativeIndex":0.0,"electionDayVotesPercent":1.5,"nominatorAbbr":{"fi":"KD","sv":"KD","en":"CD"}},{"age":55,"advanceVotesPercent":1.3,"lastname":"Heikkilä","occupation":"erikoisammattimies","advanceVotes":9,"npid":5,"totalVotes":18,"spid":1,"abbr":"KESK","municipalCouncilor":false,"muid":507,"alid":5,"firstname":"Pekka","electionDayVotes":9,"pid":"2","finalPosition":0,"electedInformation":"ON_SUBSTITUTE_PLACE","totalVotesPercent":1.5,"nominatorName":{"fi":"Suomen Keskusta","sv":"Centern i Finland","en":"Centre Party of Finland"},"caid":24,"position":0,"gender":"1","comparisonData":{"totalVotes":0,"votesTotalChange":18},"edid":8,"comparativeIndex":0.0,"electionDayVotesPercent":1.7,"nominatorAbbr":{"fi":"KESK","sv":"C","en":"CENT"}},{"age":65,"advanceVotesPercent":0.9,"lastname":"Lahti","occupation":"sähkömestari","advanceVotes":6,"npid":8,"totalVotes":18,"spid":99,"abbr":"Muut","municipalCouncilor":false,"muid":507,"alid":8,"firstname":"Pertti","electionDayVotes":12,"pid":"5078","finalPosition":0,"electedInformation":"ON_SUBSTITUTE_PLACE","totalVotesPercent":1.5,"nominatorName":{"fi":"Puolueisiin Sitoutumattomien yhteislista","sv":"Puolueisiin Sitoutumattomien yhteislista","en":"Puolueisiin Sitoutumattomien yhteislista"},"caid":77,"position":0,"gender":"1","comparisonData":{"totalVotes":0,"votesTotalChange":18},"edid":8,"comparativeIndex":0.0,"electionDayVotesPercent":2.3,"nominatorAbbr":{"fi":"YL1","sv":"YL1","en":"YL1"}},{"age":54,"advanceVotesPercent":1.0,"lastname":"Huovinen","occupation":"YTM, etsivä nuorisotyöntekijä","advanceVotes":7,"npid":8,"totalVotes":17,"spid":99,"abbr":"Muut","municipalCouncilor":true,"muid":507,"alid":8,"firstname":"Markku","electionDayVotes":10,"pid":"5078","finalPosition":0,"electedInformation":"ELECTED","totalVotesPercent":1.4,"nominatorName":{"fi":"Puolueisiin Sitoutumattomien yhteislista","sv":"Puolueisiin Sitoutumattomien yhteislista","en":"Puolueisiin Sitoutumattomien yhteislista"},"caid":76,"position":0,"gender":"1","comparisonData":{"totalVotes":46,"votesTotalChange":-29},"edid":8,"comparativeIndex":0.0,"electionDayVotesPercent":1.9,"nominatorAbbr":{"fi":"YL1","sv":"YL1","en":"YL1"}},{"age":42,"advanceVotesPercent":0.6,"lastname":"Hytönen","occupation":"työvalmentaja","advanceVotes":4,"npid":5,"totalVotes":16,"spid":1,"abbr":"KESK","municipalCouncilor":false,"muid":507,"alid":5,"firstname":"Minna","electionDayVotes":12,"pid":"2","finalPosition":0,"electedInformation":"ON_SUBSTITUTE_PLACE","totalVotesPercent":1.3,"nominatorName":{"fi":"Suomen Keskusta","sv":"Centern i Finland","en":"Centre Party of Finland"},"caid":26,"position":0,"gender":"2","comparisonData":{"totalVotes":0,"votesTotalChange":16},"edid":8,"comparativeIndex":0.0,"electionDayVotesPercent":2.3,"nominatorAbbr":{"fi":"KESK","sv":"C","en":"CENT"}},{"age":68,"advanceVotesPercent":1.9,"lastname":"Häkkänen","occupation":"kunnallisneuvos, varatuomari","advanceVotes":13,"npid":7,"totalVotes":16,"spid":2,"abbr":"KOK","municipalCouncilor":true,"muid":507,"alid":7,"firstname":"Markku","electionDayVotes":3,"pid":"4","finalPosition":0,"electedInformation":"ELECTED","totalVotesPercent":1.3,"nominatorName":{"fi":"Kansallinen Kokoomus","sv":"Samlingspartiet","en":"National Coalition Party"},"caid":60,"position":0,"gender":"1","comparisonData":{"totalVotes":76,"votesTotalChange":-60},"edid":8,"comparativeIndex":0.0,"electionDayVotesPercent":0.6,"nominatorAbbr":{"fi":"KOK","sv":"Saml","en":"NCP"}},{"age":53,"advanceVotesPercent":0.9,"lastname":"Lopperi","occupation":"kehityspäällikkö, yhteiskuntatieteiden maisteri","advanceVotes":6,"npid":7,"totalVotes":16,"spid":2,"abbr":"KOK","municipalCouncilor":false,"muid":507,"alid":7,"firstname":"Jaana","electionDayVotes":10,"pid":"4","finalPosition":0,"electedInformation":"ELECTED","totalVotesPercent":1.3,"nominatorName":{"fi":"Kansallinen Kokoomus","sv":"Samlingspartiet","en":"National Coalition Party"},"caid":66,"position":0,"gender":"2","comparisonData":{"totalVotes":0,"votesTotalChange":16},"edid":8,"comparativeIndex":0.0,"electionDayVotesPercent":1.9,"nominatorAbbr":{"fi":"KOK","sv":"Saml","en":"NCP"}},{"age":34,"advanceVotesPercent":1.3,"lastname":"Lyytikäinen","occupation":"myyjä","advanceVotes":9,"npid":1,"totalVotes":15,"spid":4,"abbr":"SDP","municipalCouncilor":false,"muid":507,"alid":1,"firstname":"Mikko","electionDayVotes":6,"pid":"1","finalPosition":0,"electedInformation":"ELECTED","totalVotesPercent":1.2,"nominatorName":{"fi":"Suomen Sosialidemokraattinen Puolue","sv":"Finlands Socialdemokratiska Parti","en":"The Finnish Social Democratic Party"},"caid":10,"position":0,"gender":"1","comparisonData":{"totalVotes":0,"votesTotalChange":15},"edid":8,"comparativeIndex":0.0,"electionDayVotesPercent":1.2,"nominatorAbbr":{"fi":"SDP","sv":"SDP","en":"SDP"}},{"age":49,"advanceVotesPercent":1.0,"lastname":"Ruohoranta","occupation":"myymäläpäällikkö","advanceVotes":7,"npid":5,"totalVotes":15,"spid":1,"abbr":"KESK","municipalCouncilor":true,"muid":507,"alid":5,"firstname":"Mika","electionDayVotes":8,"pid":"2","finalPosition":0,"electedInformation":"ELECTED","totalVotesPercent":1.2,"nominatorName":{"fi":"Suomen Keskusta","sv":"Centern i Finland","en":"Centre Party of Finland"},"caid":46,"position":0,"gender":"1","comparisonData":{"totalVotes":65,"votesTotalChange":-50},"edid":8,"comparativeIndex":0.0,"electionDayVotesPercent":1.5,"nominatorAbbr":{"fi":"KESK","sv":"C","en":"CENT"}},{"age":54,"advanceVotesPercent":1.0,"lastname":"Vallin","occupation":"ohjaaja, sosionomi (AMK)","advanceVotes":7,"npid":8,"totalVotes":15,"spid":99,"abbr":"Muut","municipalCouncilor":false,"muid":507,"alid":8,"firstname":"Juha","electionDayVotes":8,"pid":"5078","finalPosition":0,"electedInformation":"ON_SUBSTITUTE_PLACE","totalVotesPercent":1.2,"nominatorName":{"fi":"Puolueisiin Sitoutumattomien yhteislista","sv":"Puolueisiin Sitoutumattomien yhteislista","en":"Puolueisiin Sitoutumattomien yhteislista"},"caid":81,"position":0,"gender":"1","comparisonData":{"totalVotes":32,"votesTotalChange":-17},"edid":8,"comparativeIndex":0.0,"electionDayVotesPercent":1.5,"nominatorAbbr":{"fi":"YL1","sv":"YL1","en":"YL1"}},{"age":18,"advanceVotesPercent":1.0,"lastname":"Alsaifi","occupation":"opiskelija","advanceVotes":7,"npid":1,"totalVotes":13,"spid":4,"abbr":"SDP","municipalCouncilor":false,"muid":507,"alid":1,"firstname":"Jalal","electionDayVotes":6,"pid":"1","finalPosition":0,"electedInformation":"ON_SUBSTITUTE_PLACE","totalVotesPercent":1.1,"nominatorName":{"fi":"Suomen Sosialidemokraattinen Puolue","sv":"Finlands Socialdemokratiska Parti","en":"The Finnish Social Democratic Party"},"caid":2,"position":0,"gender":"1","comparisonData":{"totalVotes":0,"votesTotalChange":13},"edid":8,"comparativeIndex":0.0,"electionDayVotesPercent":1.2,"nominatorAbbr":{"fi":"SDP","sv":"SDP","en":"SDP"}},{"age":64,"advanceVotesPercent":0.6,"lastname":"Mustonen","occupation":"kiinteistöneuvos, eläkeläinen","advanceVotes":4,"npid":8,"totalVotes":13,"spid":99,"abbr":"Muut","municipalCouncilor":true,"muid":507,"alid":8,"firstname":"Antti","electionDayVotes":9,"pid":"5078","finalPosition":0,"electedInformation":"ELECTED","totalVotesPercent":1.1,"nominatorName":{"fi":"Puolueisiin Sitoutumattomien yhteislista","sv":"Puolueisiin Sitoutumattomien yhteislista","en":"Puolueisiin Sitoutumattomien yhteislista"},"caid":78,"position":0,"gender":"1","comparisonData":{"totalVotes":88,"votesTotalChange":-75},"edid":8,"comparativeIndex":0.0,"electionDayVotesPercent":1.7,"nominatorAbbr":{"fi":"YL1","sv":"YL1","en":"YL1"}},{"age":49,"advanceVotesPercent":1.2,"lastname":"Kettunen","occupation":"yrittäjä","advanceVotes":8,"npid":5,"totalVotes":12,"spid":1,"abbr":"KESK","municipalCouncilor":false,"muid":507,"alid":5,"firstname":"Seppo","electionDayVotes":4,"pid":"2","finalPosition":0,"electedInformation":"ELECTED","totalVotesPercent":1.0,"nominatorName":{"fi":"Suomen Keskusta","sv":"Centern i Finland","en":"Centre Party of Finland"},"caid":29,"position":0,"gender":"1","comparisonData":{"totalVotes":0,"votesTotalChange":12},"edid":8,"comparativeIndex":0.0,"electionDayVotesPercent":0.8,"nominatorAbbr":{"fi":"KESK","sv":"C","en":"CENT"}},{"age":45,"advanceVotesPercent":1.0,"lastname":"Saloranta","occupation":"sairaanhoitaja","advanceVotes":7,"npid":5,"totalVotes":12,"spid":1,"abbr":"KESK","municipalCouncilor":false,"muid":507,"alid":5,"firstname":"Nina","electionDayVotes":5,"pid":"2","finalPosition":0,"electedInformation":"ON_SUBSTITUTE_PLACE","totalVotesPercent":1.0,"nominatorName":{"fi":"Suomen Keskusta","sv":"Centern i Finland","en":"Centre Party of Finland"},"caid":47,"position":0,"gender":"2","comparisonData":{"totalVotes":0,"votesTotalChange":12},"edid":8,"comparativeIndex":0.0,"electionDayVotesPercent":1.0,"nominatorAbbr":{"fi":"KESK","sv":"C","en":"CENT"}},{"age":55,"advanceVotesPercent":1.3,"lastname":"Karjalainen","occupation":"maanviljelijä","advanceVotes":9,"npid":7,"totalVotes":12,"spid":2,"abbr":"KOK","municipalCouncilor":false,"muid":507,"alid":7,"firstname":"Panu","electionDayVotes":3,"pid":"4","finalPosition":0,"electedInformation":"ELECTED","totalVotesPercent":1.0,"nominatorName":{"fi":"Kansallinen Kokoomus","sv":"Samlingspartiet","en":"National Coalition Party"},"caid":63,"position":0,"gender":"1","comparisonData":{"totalVotes":31,"votesTotalChange":-19},"edid":8,"comparativeIndex":0.0,"electionDayVotesPercent":0.6,"nominatorAbbr":{"fi":"KOK","sv":"Saml","en":"NCP"}},{"age":72,"advanceVotesPercent":1.0,"lastname":"Väisänen","occupation":"kirvesmies, eläkeläinen","advanceVotes":7,"npid":4,"totalVotes":11,"spid":9,"abbr":"SKP","municipalCouncilor":false,"muid":507,"alid":4,"firstname":"Ano","electionDayVotes":4,"pid":"8","finalPosition":0,"electedInformation":"NOT_ELECTED","totalVotesPercent":0.9,"nominatorName":{"fi":"Suomen Kommunistinen Puolue","sv":"Finlands Kommunistiska Parti","en":"The Communist Party of Finland"},"caid":23,"position":0,"gender":"1","comparisonData":{"totalVotes":26,"votesTotalChange":-15},"edid":8,"comparativeIndex":0.0,"electionDayVotesPercent":0.8,"nominatorAbbr":{"fi":"SKP","sv":"FKP","en":"CPF"}},{"age":65,"advanceVotesPercent":1.5,"lastname":"Honkanen","occupation":"maaseutuyrittäjä","advanceVotes":10,"npid":5,"totalVotes":11,"spid":1,"abbr":"KESK","municipalCouncilor":true,"muid":507,"alid":5,"firstname":"Ilpo","electionDayVotes":1,"pid":"2","finalPosition":0,"electedInformation":"ELECTED","totalVotesPercent":0.9,"nominatorName":{"fi":"Suomen Keskusta","sv":"Centern i Finland","en":"Centre Party of Finland"},"caid":25,"position":0,"gender":"1","comparisonData":{"totalVotes":82,"votesTotalChange":-71},"edid":8,"comparativeIndex":0.0,"electionDayVotesPercent":0.2,"nominatorAbbr":{"fi":"KESK","sv":"C","en":"CENT"}},{"age":41,"advanceVotesPercent":1.5,"lastname":"Siebenberg","occupation":"maanviljelijä, koneurakoitsija","advanceVotes":10,"npid":7,"totalVotes":11,"spid":2,"abbr":"KOK","municipalCouncilor":false,"muid":507,"alid":7,"firstname":"Juha","electionDayVotes":1,"pid":"4","finalPosition":0,"electedInformation":"NOT_ELECTED","totalVotesPercent":0.9,"nominatorName":{"fi":"Kansallinen Kokoomus","sv":"Samlingspartiet","en":"National Coalition Party"},"caid":69,"position":0,"gender":"1","comparisonData":{"totalVotes":11,"votesTotalChange":0},"edid":8,"comparativeIndex":0.0,"electionDayVotesPercent":0.2,"nominatorAbbr":{"fi":"KOK","sv":"Saml","en":"NCP"}},{"age":54,"advanceVotesPercent":0.9,"lastname":"Penttinen","occupation":"talonmies","advanceVotes":6,"npid":1,"totalVotes":10,"spid":4,"abbr":"SDP","municipalCouncilor":false,"muid":507,"alid":1,"firstname":"Tapani","electionDayVotes":4,"pid":"1","finalPosition":0,"electedInformation":"ELECTED","totalVotesPercent":0.8,"nominatorName":{"fi":"Suomen Sosialidemokraattinen Puolue","sv":"Finlands Socialdemokratiska Parti","en":"The Finnish Social Democratic Party"},"caid":12,"position":0,"gender":"1","comparisonData":{"totalVotes":43,"votesTotalChange":-33},"edid":8,"comparativeIndex":0.0,"electionDayVotesPercent":0.8,"nominatorAbbr":{"fi":"SDP","sv":"SDP","en":"SDP"}},{"age":48,"advanceVotesPercent":0.7,"lastname":"Paasonen","occupation":"yrittäjä","advanceVotes":5,"npid":5,"totalVotes":10,"spid":1,"abbr":"KESK","municipalCouncilor":false,"muid":507,"alid":5,"firstname":"Janne","electionDayVotes":5,"pid":"2","finalPosition":0,"electedInformation":"ON_SUBSTITUTE_PLACE","totalVotesPercent":0.8,"nominatorName":{"fi":"Suomen Keskusta","sv":"Centern i Finland","en":"Centre Party of Finland"},"caid":41,"position":0,"gender":"1","comparisonData":{"totalVotes":0,"votesTotalChange":10},"edid":8,"comparativeIndex":0.0,"electionDayVotesPercent":1.0,"nominatorAbbr":{"fi":"KESK","sv":"C","en":"CENT"}},{"age":31,"advanceVotesPercent":0.6,"lastname":"Kasurinen","occupation":"sairaanhoitaja, yrittäjä","advanceVotes":4,"npid":6,"totalVotes":10,"spid":3,"abbr":"PS","municipalCouncilor":false,"muid":507,"alid":6,"firstname":"Jenni","electionDayVotes":6,"pid":"23","finalPosition":0,"electedInformation":"ON_SUBSTITUTE_PLACE","totalVotesPercent":0.8,"nominatorName":{"fi":"Perussuomalaiset","sv":"Sannfinländarna","en":"The Finns Party"},"caid":53,"position":0,"gender":"2","comparisonData":{"totalVotes":16,"votesTotalChange":-6},"edid":8,"comparativeIndex":0.0,"electionDayVotesPercent":1.2,"nominatorAbbr":{"fi":"PS","sv":"Sannf","en":"FINNS"}},{"age":53,"advanceVotesPercent":0.9,"lastname":"Hujanen","occupation":"sairaanhoitaja, tukipalvelukoordinaattori","advanceVotes":6,"npid":7,"totalVotes":10,"spid":2,"abbr":"KOK","municipalCouncilor":true,"muid":507,"alid":7,"firstname":"Seppo","electionDayVotes":4,"pid":"4","finalPosition":0,"electedInformation":"ELECTED","totalVotesPercent":0.8,"nominatorName":{"fi":"Kansallinen Kokoomus","sv":"Samlingspartiet","en":"National Coalition Party"},"caid":58,"position":0,"gender":"1","comparisonData":{"totalVotes":70,"votesTotalChange":-60},"edid":8,"comparativeIndex":0.0,"electionDayVotesPercent":0.8,"nominatorAbbr":{"fi":"KOK","sv":"Saml","en":"NCP"}},{"age":74,"advanceVotesPercent":0.9,"lastname":"Norén","occupation":"metsätalousinsinööri","advanceVotes":6,"npid":7,"totalVotes":10,"spid":2,"abbr":"KOK","municipalCouncilor":false,"muid":507,"alid":7,"firstname":"Tarmo","electionDayVotes":4,"pid":"4","finalPosition":0,"electedInformation":"NOT_ELECTED","totalVotesPercent":0.8,"nominatorName":{"fi":"Kansallinen Kokoomus","sv":"Samlingspartiet","en":"National Coalition Party"},"caid":67,"position":0,"gender":"1","comparisonData":{"totalVotes":0,"votesTotalChange":10},"edid":8,"comparativeIndex":0.0,"electionDayVotesPercent":0.8,"nominatorAbbr":{"fi":"KOK","sv":"Saml","en":"NCP"}},{"age":64,"advanceVotesPercent":1.0,"lastname":"Torniainen","occupation":"sairaanhoitaja","advanceVotes":7,"npid":7,"totalVotes":10,"spid":2,"abbr":"KOK","municipalCouncilor":true,"muid":507,"alid":7,"firstname":"Liisa","electionDayVotes":3,"pid":"4","finalPosition":0,"electedInformation":"ON_SUBSTITUTE_PLACE","totalVotesPercent":0.8,"nominatorName":{"fi":"Kansallinen Kokoomus","sv":"Samlingspartiet","en":"National Coalition Party"},"caid":73,"position":0,"gender":"2","comparisonData":{"totalVotes":36,"votesTotalChange":-26},"edid":8,"comparativeIndex":0.0,"electionDayVotesPercent":0.6,"nominatorAbbr":{"fi":"KOK","sv":"Saml","en":"NCP"}},{"age":48,"advanceVotesPercent":0.4,"lastname":"Ollikainen","occupation":"laitosmies, pääluottamusmies","advanceVotes":3,"npid":1,"totalVotes":9,"spid":4,"abbr":"SDP","municipalCouncilor":false,"muid":507,"alid":1,"firstname":"Tero","electionDayVotes":6,"pid":"1","finalPosition":0,"electedInformation":"ON_SUBSTITUTE_PLACE","totalVotesPercent":0.7,"nominatorName":{"fi":"Suomen Sosialidemokraattinen Puolue","sv":"Finlands Socialdemokratiska Parti","en":"The Finnish Social Democratic Party"},"caid":11,"position":0,"gender":"1","comparisonData":{"totalVotes":0,"votesTotalChange":9},"edid":8,"comparativeIndex":0.0,"electionDayVotesPercent":1.2,"nominatorAbbr":{"fi":"SDP","sv":"SDP","en":"SDP"}},{"age":71,"advanceVotesPercent":1.0,"lastname":"Saarinen","occupation":"eläkeläinen","advanceVotes":7,"npid":3,"totalVotes":9,"spid":8,"abbr":"KD","municipalCouncilor":false,"muid":507,"alid":3,"firstname":"Anneli","electionDayVotes":2,"pid":"9","finalPosition":0,"electedInformation":"ON_SUBSTITUTE_PLACE","totalVotesPercent":0.7,"nominatorName":{"fi":"Suomen Kristillisdemokraatit (KD)","sv":"Kristdemokraterna i Finland (KD)","en":"Christian Democrats in Finland"},"caid":18,"position":0,"gender":"2","comparisonData":{"totalVotes":0,"votesTotalChange":9},"edid":8,"comparativeIndex":0.0,"electionDayVotesPercent":0.4,"nominatorAbbr":{"fi":"KD","sv":"KD","en":"CD"}},{"age":45,"advanceVotesPercent":0.9,"lastname":"Lamponen","occupation":"palvelusihteeri, lähihoitaja","advanceVotes":6,"npid":1,"totalVotes":8,"spid":4,"abbr":"SDP","municipalCouncilor":false,"muid":507,"alid":1,"firstname":"Mia","electionDayVotes":2,"pid":"1","finalPosition":0,"electedInformation":"ON_SUBSTITUTE_PLACE","totalVotesPercent":0.7,"nominatorName":{"fi":"Suomen Sosialidemokraattinen Puolue","sv":"Finlands Socialdemokratiska Parti","en":"The Finnish Social Democratic Party"},"caid":9,"position":0,"gender":"2","comparisonData":{"totalVotes":0,"votesTotalChange":8},"edid":8,"comparativeIndex":0.0,"electionDayVotesPercent":0.4,"nominatorAbbr":{"fi":"SDP","sv":"SDP","en":"SDP"}},{"age":68,"advanceVotesPercent":0.9,"lastname":"Auvinen","occupation":"eläkeläinen","advanceVotes":6,"npid":3,"totalVotes":8,"spid":8,"abbr":"KD","municipalCouncilor":false,"muid":507,"alid":3,"firstname":"Unto","electionDayVotes":2,"pid":"9","finalPosition":0,"electedInformation":"NOT_ELECTED","totalVotesPercent":0.7,"nominatorName":{"fi":"Suomen Kristillisdemokraatit (KD)","sv":"Kristdemokraterna i Finland (KD)","en":"Christian Democrats in Finland"},"caid":21,"position":0,"gender":"1","comparisonData":{"totalVotes":18,"votesTotalChange":-10},"edid":8,"comparativeIndex":0.0,"electionDayVotesPercent":0.4,"nominatorAbbr":{"fi":"KD","sv":"KD","en":"CD"}},{"age":52,"advanceVotesPercent":0.7,"lastname":"Hällback","occupation":"ylivahtimestari","advanceVotes":5,"npid":5,"totalVotes":8,"spid":1,"abbr":"KESK","municipalCouncilor":false,"muid":507,"alid":5,"firstname":"Kimmo","electionDayVotes":3,"pid":"2","finalPosition":0,"electedInformation":"NOT_ELECTED","totalVotesPercent":0.7,"nominatorName":{"fi":"Suomen Keskusta","sv":"Centern i Finland","en":"Centre Party of Finland"},"caid":28,"position":0,"gender":"1","comparisonData":{"totalVotes":10,"votesTotalChange":-2},"edid":8,"comparativeIndex":0.0,"electionDayVotesPercent":0.6,"nominatorAbbr":{"fi":"KESK","sv":"C","en":"CENT"}},{"age":73,"advanceVotesPercent":0.9,"lastname":"Lindroos","occupation":"eläkeläinen","advanceVotes":6,"npid":5,"totalVotes":8,"spid":1,"abbr":"KESK","municipalCouncilor":false,"muid":507,"alid":5,"firstname":"Tuula","electionDayVotes":2,"pid":"2","finalPosition":0,"electedInformation":"NOT_ELECTED","totalVotesPercent":0.7,"nominatorName":{"fi":"Suomen Keskusta","sv":"Centern i Finland","en":"Centre Party of Finland"},"caid":34,"position":0,"gender":"2","comparisonData":{"totalVotes":0,"votesTotalChange":8},"edid":8,"comparativeIndex":0.0,"electionDayVotesPercent":0.4,"nominatorAbbr":{"fi":"KESK","sv":"C","en":"CENT"}},{"age":55,"advanceVotesPercent":0.7,"lastname":"Mustonen","occupation":"kauppatieteiden maisteri, yksikön johtaja","advanceVotes":5,"npid":5,"totalVotes":8,"spid":1,"abbr":"KESK","municipalCouncilor":false,"muid":507,"alid":5,"firstname":"Jukka","electionDayVotes":3,"pid":"2","finalPosition":0,"electedInformation":"NOT_ELECTED","totalVotesPercent":0.7,"nominatorName":{"fi":"Suomen Keskusta","sv":"Centern i Finland","en":"Centre Party of Finland"},"caid":37,"position":0,"gender":"1","comparisonData":{"totalVotes":0,"votesTotalChange":8},"edid":8,"comparativeIndex":0.0,"electionDayVotesPercent":0.6,"nominatorAbbr":{"fi":"KESK","sv":"C","en":"CENT"}},{"age":38,"advanceVotesPercent":0.6,"lastname":"Siitarinen","occupation":"varastopäällikkö, insinööri","advanceVotes":4,"npid":7,"totalVotes":8,"spid":2,"abbr":"KOK","municipalCouncilor":false,"muid":507,"alid":7,"firstname":"Ari","electionDayVotes":4,"pid":"4","finalPosition":0,"electedInformation":"NOT_ELECTED","totalVotesPercent":0.7,"nominatorName":{"fi":"Kansallinen Kokoomus","sv":"Samlingspartiet","en":"National Coalition Party"},"caid":70,"position":0,"gender":"1","comparisonData":{"totalVotes":0,"votesTotalChange":8},"edid":8,"comparativeIndex":0.0,"electionDayVotesPercent":0.8,"nominatorAbbr":{"fi":"KOK","sv":"Saml","en":"NCP"}},{"age":63,"advanceVotesPercent":0.9,"lastname":"Kattainen","occupation":"suuhygienisti, eläkeläinen","advanceVotes":6,"npid":3,"totalVotes":7,"spid":8,"abbr":"KD","municipalCouncilor":false,"muid":507,"alid":3,"firstname":"Sirpa","electionDayVotes":1,"pid":"9","finalPosition":0,"electedInformation":"ON_SUBSTITUTE_PLACE","totalVotesPercent":0.6,"nominatorName":{"fi":"Suomen Kristillisdemokraatit (KD)","sv":"Kristdemokraterna i Finland (KD)","en":"Christian Democrats in Finland"},"caid":22,"position":0,"gender":"2","comparisonData":{"totalVotes":62,"votesTotalChange":-55},"edid":8,"comparativeIndex":0.0,"electionDayVotesPercent":0.2,"nominatorAbbr":{"fi":"KD","sv":"KD","en":"CD"}},{"age":53,"advanceVotesPercent":0.7,"lastname":"Leppäkumpu","occupation":"operaattori","advanceVotes":5,"npid":5,"totalVotes":7,"spid":1,"abbr":"KESK","municipalCouncilor":true,"muid":507,"alid":5,"firstname":"Raimo","electionDayVotes":2,"pid":"2","finalPosition":0,"electedInformation":"ON_SUBSTITUTE_PLACE","totalVotesPercent":0.6,"nominatorName":{"fi":"Suomen Keskusta","sv":"Centern i Finland","en":"Centre Party of Finland"},"caid":33,"position":0,"gender":"1","comparisonData":{"totalVotes":47,"votesTotalChange":-40},"edid":8,"comparativeIndex":0.0,"electionDayVotesPercent":0.4,"nominatorAbbr":{"fi":"KESK","sv":"C","en":"CENT"}},{"age":40,"advanceVotesPercent":0.4,"lastname":"Kähkönen","occupation":"kotihoidon esimies, terveystieteiden maisteri","advanceVotes":3,"npid":7,"totalVotes":7,"spid":2,"abbr":"KOK","municipalCouncilor":false,"muid":507,"alid":7,"firstname":"Anniina","electionDayVotes":4,"pid":"4","finalPosition":0,"electedInformation":"ON_SUBSTITUTE_PLACE","totalVotesPercent":0.6,"nominatorName":{"fi":"Kansallinen Kokoomus","sv":"Samlingspartiet","en":"National Coalition Party"},"caid":65,"position":0,"gender":"2","comparisonData":{"totalVotes":30,"votesTotalChange":-23},"edid":8,"comparativeIndex":0.0,"electionDayVotesPercent":0.8,"nominatorAbbr":{"fi":"KOK","sv":"Saml","en":"NCP"}},{"age":49,"advanceVotesPercent":0.7,"lastname":"Taipale","occupation":"isännöitsijä, yrittäjä","advanceVotes":5,"npid":7,"totalVotes":7,"spid":2,"abbr":"KOK","municipalCouncilor":false,"muid":507,"alid":7,"firstname":"Mauri","electionDayVotes":2,"pid":"4","finalPosition":0,"electedInformation":"ON_SUBSTITUTE_PLACE","totalVotesPercent":0.6,"nominatorName":{"fi":"Kansallinen Kokoomus","sv":"Samlingspartiet","en":"National Coalition Party"},"caid":71,"position":0,"gender":"1","comparisonData":{"totalVotes":34,"votesTotalChange":-27},"edid":8,"comparativeIndex":0.0,"electionDayVotesPercent":0.4,"nominatorAbbr":{"fi":"KOK","sv":"Saml","en":"NCP"}},{"age":46,"advanceVotesPercent":0.4,"lastname":"Ahvenainen","occupation":"asentaja, puolivak. palokunnan yksikönjohtaja","advanceVotes":3,"npid":8,"totalVotes":7,"spid":99,"abbr":"Muut","municipalCouncilor":false,"muid":507,"alid":8,"firstname":"Jarkko","electionDayVotes":4,"pid":"5078","finalPosition":0,"electedInformation":"NOT_ELECTED","totalVotesPercent":0.6,"nominatorName":{"fi":"Puolueisiin Sitoutumattomien yhteislista","sv":"Puolueisiin Sitoutumattomien yhteislista","en":"Puolueisiin Sitoutumattomien yhteislista"},"caid":74,"position":0,"gender":"1","comparisonData":{"totalVotes":12,"votesTotalChange":-5},"edid":8,"comparativeIndex":0.0,"electionDayVotesPercent":0.8,"nominatorAbbr":{"fi":"YL1","sv":"YL1","en":"YL1"}},{"age":29,"advanceVotesPercent":0.4,"lastname":"Svart","occupation":"varastotyöntekijä, eläkeläinen","advanceVotes":3,"npid":3,"totalVotes":6,"spid":8,"abbr":"KD","municipalCouncilor":false,"muid":507,"alid":3,"firstname":"Roope","electionDayVotes":3,"pid":"9","finalPosition":0,"electedInformation":"NOT_ELECTED","totalVotesPercent":0.5,"nominatorName":{"fi":"Suomen Kristillisdemokraatit (KD)","sv":"Kristdemokraterna i Finland (KD)","en":"Christian Democrats in Finland"},"caid":19,"position":0,"gender":"1","comparisonData":{"totalVotes":15,"votesTotalChange":-9},"edid":8,"comparativeIndex":0.0,"electionDayVotesPercent":0.6,"nominatorAbbr":{"fi":"KD","sv":"KD","en":"CD"}},{"age":68,"advanceVotesPercent":0.6,"lastname":"Krakau","occupation":"atk-kouluttaja","advanceVotes":4,"npid":5,"totalVotes":6,"spid":1,"abbr":"KESK","municipalCouncilor":false,"muid":507,"alid":5,"firstname":"Tapani","electionDayVotes":2,"pid":"2","finalPosition":0,"electedInformation":"ON_SUBSTITUTE_PLACE","totalVotesPercent":0.5,"nominatorName":{"fi":"Suomen Keskusta","sv":"Centern i Finland","en":"Centre Party of Finland"},"caid":30,"position":0,"gender":"1","comparisonData":{"totalVotes":5,"votesTotalChange":1},"edid":8,"comparativeIndex":0.0,"electionDayVotesPercent":0.4,"nominatorAbbr":{"fi":"KESK","sv":"C","en":"CENT"}},{"age":60,"advanceVotesPercent":0.6,"lastname":"Suoniemi","occupation":"toimitusjohtaja","advanceVotes":4,"npid":5,"totalVotes":6,"spid":1,"abbr":"KESK","municipalCouncilor":true,"muid":507,"alid":5,"firstname":"Rauno","electionDayVotes":2,"pid":"2","finalPosition":0,"electedInformation":"NOT_ELECTED","totalVotesPercent":0.5,"nominatorName":{"fi":"Suomen Keskusta","sv":"Centern i Finland","en":"Centre Party of Finland"},"caid":48,"position":0,"gender":"1","comparisonData":{"totalVotes":54,"votesTotalChange":-48},"edid":8,"comparativeIndex":0.0,"electionDayVotesPercent":0.4,"nominatorAbbr":{"fi":"KESK","sv":"C","en":"CENT"}},{"age":61,"advanceVotesPercent":0.6,"lastname":"Turtiainen","occupation":"CNC-koneistaja","advanceVotes":4,"npid":6,"totalVotes":6,"spid":3,"abbr":"PS","municipalCouncilor":true,"muid":507,"alid":6,"firstname":"Anssi","electionDayVotes":2,"pid":"23","finalPosition":0,"electedInformation":"ELECTED","totalVotesPercent":0.5,"nominatorName":{"fi":"Perussuomalaiset","sv":"Sannfinländarna","en":"The Finns Party"},"caid":52,"position":0,"gender":"1","comparisonData":{"totalVotes":33,"votesTotalChange":-27},"edid":8,"comparativeIndex":0.0,"electionDayVotesPercent":0.4,"nominatorAbbr":{"fi":"PS","sv":"Sannf","en":"FINNS"}},{"age":46,"advanceVotesPercent":0.6,"lastname":"Juvonen","occupation":"lehtori, tekniikan tohtori","advanceVotes":4,"npid":7,"totalVotes":6,"spid":2,"abbr":"KOK","municipalCouncilor":false,"muid":507,"alid":7,"firstname":"Pasi","electionDayVotes":2,"pid":"4","finalPosition":0,"electedInformation":"ON_SUBSTITUTE_PLACE","totalVotesPercent":0.5,"nominatorName":{"fi":"Kansallinen Kokoomus","sv":"Samlingspartiet","en":"National Coalition Party"},"caid":62,"position":0,"gender":"1","comparisonData":{"totalVotes":0,"votesTotalChange":6},"edid":8,"comparativeIndex":0.0,"electionDayVotesPercent":0.4,"nominatorAbbr":{"fi":"KOK","sv":"Saml","en":"NCP"}},{"age":58,"advanceVotesPercent":0.4,"lastname":"Tervo","occupation":"kasvatustieteiden maisteri","advanceVotes":3,"npid":5,"totalVotes":5,"spid":1,"abbr":"KESK","municipalCouncilor":false,"muid":507,"alid":5,"firstname":"Pirkko","electionDayVotes":2,"pid":"2","finalPosition":0,"electedInformation":"NOT_ELECTED","totalVotesPercent":0.4,"nominatorName":{"fi":"Suomen Keskusta","sv":"Centern i Finland","en":"Centre Party of Finland"},"caid":49,"position":0,"gender":"2","comparisonData":{"totalVotes":21,"votesTotalChange":-16},"edid":8,"comparativeIndex":0.0,"electionDayVotesPercent":0.4,"nominatorAbbr":{"fi":"KESK","sv":"C","en":"CENT"}},{"age":30,"advanceVotesPercent":0.3,"lastname":"Pekkanen","occupation":"postityöntekijä, sairaanhoitajaopiskelija","advanceVotes":2,"npid":7,"totalVotes":5,"spid":2,"abbr":"KOK","municipalCouncilor":false,"muid":507,"alid":7,"firstname":"Aki","electionDayVotes":3,"pid":"4","finalPosition":0,"electedInformation":"ON_SUBSTITUTE_PLACE","totalVotesPercent":0.4,"nominatorName":{"fi":"Kansallinen Kokoomus","sv":"Samlingspartiet","en":"National Coalition Party"},"caid":68,"position":0,"gender":"1","comparisonData":{"totalVotes":21,"votesTotalChange":-16},"edid":8,"comparativeIndex":0.0,"electionDayVotesPercent":0.6,"nominatorAbbr":{"fi":"KOK","sv":"Saml","en":"NCP"}},{"age":49,"advanceVotesPercent":0.3,"lastname":"Heikkilä","occupation":"hum.kand., yrittäjä","advanceVotes":2,"npid":8,"totalVotes":5,"spid":99,"abbr":"Muut","municipalCouncilor":false,"muid":507,"alid":8,"firstname":"Juha","electionDayVotes":3,"pid":"5078","finalPosition":0,"electedInformation":"NOT_ELECTED","totalVotesPercent":0.4,"nominatorName":{"fi":"Puolueisiin Sitoutumattomien yhteislista","sv":"Puolueisiin Sitoutumattomien yhteislista","en":"Puolueisiin Sitoutumattomien yhteislista"},"caid":75,"position":0,"gender":"1","comparisonData":{"totalVotes":0,"votesTotalChange":5},"edid":8,"comparativeIndex":0.0,"electionDayVotesPercent":0.6,"nominatorAbbr":{"fi":"YL1","sv":"YL1","en":"YL1"}},{"age":26,"advanceVotesPercent":0.6,"lastname":"Lyömiö","occupation":"lähihoitaja, opiskelija","advanceVotes":4,"npid":5,"totalVotes":4,"spid":1,"abbr":"KESK","municipalCouncilor":false,"muid":507,"alid":5,"firstname":"Noora","electionDayVotes":0,"pid":"2","finalPosition":0,"electedInformation":"NOT_ELECTED","totalVotesPercent":0.3,"nominatorName":{"fi":"Suomen Keskusta","sv":"Centern i Finland","en":"Centre Party of Finland"},"caid":35,"position":0,"gender":"2","comparisonData":{"totalVotes":0,"votesTotalChange":4},"edid":8,"comparativeIndex":0.0,"electionDayVotesPercent":0.0,"nominatorAbbr":{"fi":"KESK","sv":"C","en":"CENT"}},{"age":48,"advanceVotesPercent":0.6,"lastname":"Paasonen","occupation":"yrittäjä","advanceVotes":4,"npid":5,"totalVotes":4,"spid":1,"abbr":"KESK","municipalCouncilor":false,"muid":507,"alid":5,"firstname":"Kirsi","electionDayVotes":0,"pid":"2","finalPosition":0,"electedInformation":"ON_SUBSTITUTE_PLACE","totalVotesPercent":0.3,"nominatorName":{"fi":"Suomen Keskusta","sv":"Centern i Finland","en":"Centre Party of Finland"},"caid":42,"position":0,"gender":"2","comparisonData":{"totalVotes":28,"votesTotalChange":-24},"edid":8,"comparativeIndex":0.0,"electionDayVotesPercent":0.0,"nominatorAbbr":{"fi":"KESK","sv":"C","en":"CENT"}},{"age":35,"advanceVotesPercent":0.0,"lastname":"Haajanen","occupation":"maanviljelijä, maanviljelysteknikko","advanceVotes":0,"npid":7,"totalVotes":4,"spid":2,"abbr":"KOK","municipalCouncilor":false,"muid":507,"alid":7,"firstname":"Janne","electionDayVotes":4,"pid":"4","finalPosition":0,"electedInformation":"ON_SUBSTITUTE_PLACE","totalVotesPercent":0.3,"nominatorName":{"fi":"Kansallinen Kokoomus","sv":"Samlingspartiet","en":"National Coalition Party"},"caid":55,"position":0,"gender":"1","comparisonData":{"totalVotes":16,"votesTotalChange":-12},"edid":8,"comparativeIndex":0.0,"electionDayVotesPercent":0.8,"nominatorAbbr":{"fi":"KOK","sv":"Saml","en":"NCP"}},{"age":51,"advanceVotesPercent":0.0,"lastname":"Jussila","occupation":"yrittäjä, kokki","advanceVotes":0,"npid":1,"totalVotes":3,"spid":4,"abbr":"SDP","municipalCouncilor":false,"muid":507,"alid":1,"firstname":"Riina","electionDayVotes":3,"pid":"1","finalPosition":0,"electedInformation":"NOT_ELECTED","totalVotesPercent":0.2,"nominatorName":{"fi":"Suomen Sosialidemokraattinen Puolue","sv":"Finlands Socialdemokratiska Parti","en":"The Finnish Social Democratic Party"},"caid":6,"position":0,"gender":"2","comparisonData":{"totalVotes":18,"votesTotalChange":-15},"edid":8,"comparativeIndex":0.0,"electionDayVotesPercent":0.6,"nominatorAbbr":{"fi":"SDP","sv":"SDP","en":"SDP"}},{"age":58,"advanceVotesPercent":0.1,"lastname":"Rimpeläinen","occupation":"vanerityöntekijä, vplm","advanceVotes":1,"npid":1,"totalVotes":3,"spid":4,"abbr":"SDP","municipalCouncilor":false,"muid":507,"alid":1,"firstname":"Kari","electionDayVotes":2,"pid":"1","finalPosition":0,"electedInformation":"ON_SUBSTITUTE_PLACE","totalVotesPercent":0.2,"nominatorName":{"fi":"Suomen Sosialidemokraattinen Puolue","sv":"Finlands Socialdemokratiska Parti","en":"The Finnish Social Democratic Party"},"caid":13,"position":0,"gender":"1","comparisonData":{"totalVotes":11,"votesTotalChange":-8},"edid":8,"comparativeIndex":0.0,"electionDayVotesPercent":0.4,"nominatorAbbr":{"fi":"SDP","sv":"SDP","en":"SDP"}},{"age":61,"advanceVotesPercent":0.0,"lastname":"Tiilikainen","occupation":"lihanleikkaaja","advanceVotes":0,"npid":1,"totalVotes":3,"spid":4,"abbr":"SDP","municipalCouncilor":false,"muid":507,"alid":1,"firstname":"Markku","electionDayVotes":3,"pid":"1","finalPosition":0,"electedInformation":"NOT_ELECTED","totalVotesPercent":0.2,"nominatorName":{"fi":"Suomen Sosialidemokraattinen Puolue","sv":"Finlands Socialdemokratiska Parti","en":"The Finnish Social Democratic Party"},"caid":15,"position":0,"gender":"1","comparisonData":{"totalVotes":9,"votesTotalChange":-6},"edid":8,"comparativeIndex":0.0,"electionDayVotesPercent":0.6,"nominatorAbbr":{"fi":"SDP","sv":"SDP","en":"SDP"}},{"age":22,"advanceVotesPercent":0.3,"lastname":"Hoteila","occupation":"hallintotieteiden yo","advanceVotes":2,"npid":7,"totalVotes":3,"spid":2,"abbr":"KOK","municipalCouncilor":false,"muid":507,"alid":7,"firstname":"Iina","electionDayVotes":1,"pid":"4","finalPosition":0,"electedInformation":"NOT_ELECTED","totalVotesPercent":0.2,"nominatorName":{"fi":"Kansallinen Kokoomus","sv":"Samlingspartiet","en":"National Coalition Party"},"caid":57,"position":0,"gender":"2","comparisonData":{"totalVotes":23,"votesTotalChange":-20},"edid":8,"comparativeIndex":0.0,"electionDayVotesPercent":0.2,"nominatorAbbr":{"fi":"KOK","sv":"Saml","en":"NCP"}},{"age":53,"advanceVotesPercent":0.1,"lastname":"Suomi","occupation":"lähihoitaja","advanceVotes":1,"npid":1,"totalVotes":2,"spid":4,"abbr":"SDP","municipalCouncilor":false,"muid":507,"alid":1,"firstname":"Pekka","electionDayVotes":1,"pid":"1","finalPosition":0,"electedInformation":"ON_SUBSTITUTE_PLACE","totalVotesPercent":0.2,"nominatorName":{"fi":"Suomen Sosialidemokraattinen Puolue","sv":"Finlands Socialdemokratiska Parti","en":"The Finnish Social Democratic Party"},"caid":14,"position":0,"gender":"1","comparisonData":{"totalVotes":0,"votesTotalChange":2},"edid":8,"comparativeIndex":0.0,"electionDayVotesPercent":0.2,"nominatorAbbr":{"fi":"SDP","sv":"SDP","en":"SDP"}},{"age":55,"advanceVotesPercent":0.3,"lastname":"Paakkari","occupation":"keittiömestari, toiminnanohjaaja","advanceVotes":2,"npid":5,"totalVotes":2,"spid":1,"abbr":"KESK","municipalCouncilor":false,"muid":507,"alid":5,"firstname":"Isto","electionDayVotes":0,"pid":"2","finalPosition":0,"electedInformation":"NOT_ELECTED","totalVotesPercent":0.2,"nominatorName":{"fi":"Suomen Keskusta","sv":"Centern i Finland","en":"Centre Party of Finland"},"caid":40,"position":0,"gender":"1","comparisonData":{"totalVotes":0,"votesTotalChange":2},"edid":8,"comparativeIndex":0.0,"electionDayVotesPercent":0.0,"nominatorAbbr":{"fi":"KESK","sv":"C","en":"CENT"}},{"age":61,"advanceVotesPercent":0.1,"lastname":"Hyökki","occupation":"puu/rakennusteknikko","advanceVotes":1,"npid":6,"totalVotes":2,"spid":3,"abbr":"PS","municipalCouncilor":false,"muid":507,"alid":6,"firstname":"Ilkka","electionDayVotes":1,"pid":"23","finalPosition":0,"electedInformation":"ON_SUBSTITUTE_PLACE","totalVotesPercent":0.2,"nominatorName":{"fi":"Perussuomalaiset","sv":"Sannfinländarna","en":"The Finns Party"},"caid":50,"position":0,"gender":"1","comparisonData":{"totalVotes":0,"votesTotalChange":2},"edid":8,"comparativeIndex":0.0,"electionDayVotesPercent":0.2,"nominatorAbbr":{"fi":"PS","sv":"Sannf","en":"FINNS"}},{"age":34,"advanceVotesPercent":0.1,"lastname":"Kohonen","occupation":"koulunkäyntiavustaja, lähihoitaja","advanceVotes":1,"npid":7,"totalVotes":2,"spid":2,"abbr":"KOK","municipalCouncilor":false,"muid":507,"alid":7,"firstname":"Matti","electionDayVotes":1,"pid":"4","finalPosition":0,"electedInformation":"NOT_ELECTED","totalVotesPercent":0.2,"nominatorName":{"fi":"Kansallinen Kokoomus","sv":"Samlingspartiet","en":"National Coalition Party"},"caid":64,"position":0,"gender":"1","comparisonData":{"totalVotes":0,"votesTotalChange":2},"edid":8,"comparativeIndex":0.0,"electionDayVotesPercent":0.2,"nominatorAbbr":{"fi":"KOK","sv":"Saml","en":"NCP"}},{"age":46,"advanceVotesPercent":0.0,"lastname":"Hartonen","occupation":"opiskelija","advanceVotes":0,"npid":1,"totalVotes":1,"spid":4,"abbr":"SDP","municipalCouncilor":false,"muid":507,"alid":1,"firstname":"Seppo","electionDayVotes":1,"pid":"1","finalPosition":0,"electedInformation":"NOT_ELECTED","totalVotesPercent":0.1,"nominatorName":{"fi":"Suomen Sosialidemokraattinen Puolue","sv":"Finlands Socialdemokratiska Parti","en":"The Finnish Social Democratic Party"},"caid":4,"position":0,"gender":"1","comparisonData":{"totalVotes":0,"votesTotalChange":1},"edid":8,"comparativeIndex":0.0,"electionDayVotesPercent":0.2,"nominatorAbbr":{"fi":"SDP","sv":"SDP","en":"SDP"}},{"age":53,"advanceVotesPercent":0.0,"lastname":"Lamponen","occupation":"asettaja, terämies","advanceVotes":0,"npid":1,"totalVotes":1,"spid":4,"abbr":"SDP","municipalCouncilor":false,"muid":507,"alid":1,"firstname":"Jari","electionDayVotes":1,"pid":"1","finalPosition":0,"electedInformation":"NOT_ELECTED","totalVotesPercent":0.1,"nominatorName":{"fi":"Suomen Sosialidemokraattinen Puolue","sv":"Finlands Socialdemokratiska Parti","en":"The Finnish Social Democratic Party"},"caid":8,"position":0,"gender":"1","comparisonData":{"totalVotes":12,"votesTotalChange":-11},"edid":8,"comparativeIndex":0.0,"electionDayVotesPercent":0.2,"nominatorAbbr":{"fi":"SDP","sv":"SDP","en":"SDP"}},{"age":55,"advanceVotesPercent":0.1,"lastname":"Schwartz","occupation":"eläkeläinen","advanceVotes":1,"npid":3,"totalVotes":1,"spid":8,"abbr":"KD","municipalCouncilor":false,"muid":507,"alid":3,"firstname":"Sointu","electionDayVotes":0,"pid":"9","finalPosition":0,"electedInformation":"NOT_ELECTED","totalVotesPercent":0.1,"nominatorName":{"fi":"Suomen Kristillisdemokraatit (KD)","sv":"Kristdemokraterna i Finland (KD)","en":"Christian Democrats in Finland"},"caid":20,"position":0,"gender":"2","comparisonData":{"totalVotes":0,"votesTotalChange":1},"edid":8,"comparativeIndex":0.0,"electionDayVotesPercent":0.0,"nominatorAbbr":{"fi":"KD","sv":"KD","en":"CD"}},{"age":21,"advanceVotesPercent":0.0,"lastname":"Löyskä","occupation":"yrittäjä, muusikko","advanceVotes":0,"npid":5,"totalVotes":1,"spid":1,"abbr":"KESK","municipalCouncilor":false,"muid":507,"alid":5,"firstname":"Jan-Erik","electionDayVotes":1,"pid":"2","finalPosition":0,"electedInformation":"NOT_ELECTED","totalVotesPercent":0.1,"nominatorName":{"fi":"Suomen Keskusta","sv":"Centern i Finland","en":"Centre Party of Finland"},"caid":36,"position":0,"gender":"1","comparisonData":{"totalVotes":0,"votesTotalChange":1},"edid":8,"comparativeIndex":0.0,"electionDayVotesPercent":0.2,"nominatorAbbr":{"fi":"KESK","sv":"C","en":"CENT"}},{"age":53,"advanceVotesPercent":0.0,"lastname":"Halinen","occupation":"lähihoitaja","advanceVotes":0,"npid":7,"totalVotes":0,"spid":2,"abbr":"KOK","municipalCouncilor":false,"muid":507,"alid":7,"firstname":"Erja","electionDayVotes":0,"pid":"4","finalPosition":0,"electedInformation":"NOT_ELECTED","totalVotesPercent":0.0,"nominatorName":{"fi":"Kansallinen Kokoomus","sv":"Samlingspartiet","en":"National Coalition Party"},"caid":56,"position":0,"gender":"2","comparisonData":{"totalVotes":12,"votesTotalChange":-12},"edid":8,"comparativeIndex":0.0,"electionDayVotesPercent":0.0,"nominatorAbbr":{"fi":"KOK","sv":"Saml","en":"NCP"}},{"age":18,"advanceVotesPercent":0.0,"lastname":"Tirri","occupation":"opiskelija","advanceVotes":0,"npid":7,"totalVotes":0,"spid":2,"abbr":"KOK","municipalCouncilor":false,"muid":507,"alid":7,"firstname":"Olli","electionDayVotes":0,"pid":"4","finalPosition":0,"electedInformation":"NOT_ELECTED","totalVotesPercent":0.0,"nominatorName":{"fi":"Kansallinen Kokoomus","sv":"Samlingspartiet","en":"National Coalition Party"},"caid":72,"position":0,"gender":"1","comparisonData":{"totalVotes":0,"votesTotalChange":0},"edid":8,"comparativeIndex":0.0,"electionDayVotesPercent":0.0,"nominatorAbbr":{"fi":"KOK","sv":"Saml","en":"NCP"}}],"municipalityPollingDistricts":[{"name":{"fi":"Asema","sv":"Asema"},"calculationStatusPercent":100.0,"joinedArea":false,"muid":507,"totalVotingInFinlandTurnout":59.5,"identification":"001","pdid":"001","eligibleVotersInFinlandTotal":2055,"edid":8,"mergedToPdid":""},{"name":{"fi":"Kirkonkylä","sv":"Kirkonkylä"},"calculationStatusPercent":100.0,"joinedArea":false,"muid":507,"totalVotingInFinlandTurnout":59.0,"identification":"002","pdid":"002","eligibleVotersInFinlandTotal":3083,"edid":8,"mergedToPdid":""}],"municipality":{"muid":507,"edid":8,"name":{"fi":"Mäntyharju","sv":"Mäntyharju"}}}