{"version":20,"created":"2017-04-09T18:27:24.456Z","electionDetails":{"electionId":"kv2017","electionDate":"2017-04-09T00:00:00.000Z","electionDataPublishTime":"2017-04-09T17:00:00.000Z","name":{"fi":"Kuntavaalit 2017","sv":"Kommunalval 2017","en":"Elections 2017"},"previousElections":{"correspondingCompareElection":{"electionId":"kv2012","electionDate":"2012-10-28T00:00:00.000Z","name":{"fi":"Kuntavaalit 2012","en":"Municipal elections 2012","sv":"Kommunalval 2012"}},"otherCompareElection":{"electionId":"ev2015","electionDate":"2015-04-19T00:00:00.000Z","name":{"fi":"Eduskuntavaalit 2015","en":"Parliamentary election 2015","sv":"Riksdagsval 2015"}}}},"calculationStatus":{"electionDayVotingTurnout":31.2,"invalidAdvanceVotes":2,"calculationPhase":"INITIAL","invalidElectionDayVotes":5,"approvedAdvanceVotes":510,"advanceVotingTurnout":26.1,"totalVotingTurnoutAbroad":0.0,"name":{"fi":"Tönnö","sv":"Tönnö"},"calculationStatusPercent":100.0,"advanceVotes":512,"electionDayVotingTurnoutAbroad":0.0,"approvedTotalVotes":1116,"totalVotes":1123,"muid":560,"totalVotingInFinlandTurnout":57.4,"advanceVotingTurnoutAbroad":0.0,"invalidTotalVotes":7,"totalVotingTurnout":57.4,"electionDayVotes":611,"electionDayVotesInFinland":611,"pdid":"006","totalVotesInFinlandMen":0,"eligibleVotersInFinlandTotal":1958,"calculationStatusPercentElectionDayVotes":100.0,"sourceRecordModificationTime":"20170409210902","otherCompareElection":{"eid":"","eligibleVotersInFinlandTotal":0,"advanceVotingInFinlandTurnout":0.0,"electionDayVotingInFinlandTurnout":0.0,"totalVotingInFinlandTurnout":0.0,"approvedVotesTotal":0,"invalidVotesTotal":0},"correspondingCompareElection":{"eid":"","eligibleVotersInFinlandTotal":0,"advanceVotingInFinlandTurnout":0.0,"electionDayVotingInFinlandTurnout":0.0,"totalVotingInFinlandTurnout":0.0,"approvedVotesTotal":0,"invalidVotesTotal":0,"seats":0},"approvedElectionDayVotes":606,"edid":6,"calculationStatusPercentAdvanceVotes":100.0,"electionDayVotingInFinlandTurnout":31.2,"seats":0,"eligibleVotersTotal":1958,"advanceVotesInFinland":512,"advanceVotingInFinlandTurnout":26.1,"totalVotesInFinland":1123},"partyResults":[{"advanceVotesPercent":30.0,"name":{"fi":"Suomen Keskusta","sv":"Centern i Finland","en":"Centre Party of Finland"},"advanceVotes":153,"npid":4,"totalVotes":275,"spid":1,"abbr":{"fi":"KESK","sv":"C","en":"CENT"},"alid":3,"electionDayVotes":122,"pid":"2","totalVotesPercent":24.6,"nominatorName":{"fi":"Suomen Keskusta","sv":"Centern i Finland","en":"Centre Party of Finland"},"compareData":{"otherCompareElection":{"votesTotalChange":0,"votesTotalPercentChange":0.0,"votesTotal":275,"votesTotalPercent":24.6},"correspondingCompareElection":{"votesTotalChange":0,"votesTotalPercentChange":0.0,"seatChange":0,"votesTotal":275,"votesTotalPercent":24.6,"seatsTotal":0}},"seats":0,"electionDayVotesPercent":20.1,"nominatorAbbr":{"fi":"KESK","sv":"C","en":"CENT"}},{"advanceVotesPercent":22.5,"name":{"fi":"Kansallinen Kokoomus","sv":"Samlingspartiet","en":"National Coalition Party"},"advanceVotes":115,"npid":3,"totalVotes":261,"spid":2,"abbr":{"fi":"KOK","sv":"Saml","en":"NCP"},"alid":2,"electionDayVotes":146,"pid":"4","totalVotesPercent":23.4,"nominatorName":{"fi":"Kansallinen Kokoomus","sv":"Samlingspartiet","en":"National Coalition Party"},"compareData":{"otherCompareElection":{"votesTotalChange":0,"votesTotalPercentChange":0.0,"votesTotal":261,"votesTotalPercent":23.4},"correspondingCompareElection":{"votesTotalChange":0,"votesTotalPercentChange":0.0,"seatChange":0,"votesTotal":261,"votesTotalPercent":23.4,"seatsTotal":0}},"seats":0,"electionDayVotesPercent":24.1,"nominatorAbbr":{"fi":"KOK","sv":"Saml","en":"NCP"}},{"advanceVotesPercent":14.5,"name":{"fi":"Perussuomalaiset","sv":"Sannfinländarna","en":"The Finns Party"},"advanceVotes":74,"npid":1,"totalVotes":186,"spid":3,"abbr":{"fi":"PS","sv":"Sannf","en":"FINNS"},"alid":1,"electionDayVotes":112,"pid":"23","totalVotesPercent":16.7,"nominatorName":{"fi":"Perussuomalaiset","sv":"Sannfinländarna","en":"The Finns Party"},"compareData":{"otherCompareElection":{"votesTotalChange":0,"votesTotalPercentChange":0.0,"votesTotal":186,"votesTotalPercent":16.7},"correspondingCompareElection":{"votesTotalChange":0,"votesTotalPercentChange":0.0,"seatChange":0,"votesTotal":186,"votesTotalPercent":16.7,"seatsTotal":0}},"seats":0,"electionDayVotesPercent":18.5,"nominatorAbbr":{"fi":"PS","sv":"Sannf","en":"FINNS"}},{"advanceVotesPercent":15.1,"name":{"fi":"Suomen Sosialidemokraattinen Puolue","sv":"Finlands Socialdemokratiska Parti","en":"The Finnish Social Democratic Party"},"advanceVotes":77,"npid":5,"totalVotes":163,"spid":4,"abbr":{"fi":"SDP","sv":"SDP","en":"SDP"},"alid":4,"electionDayVotes":86,"pid":"1","totalVotesPercent":14.6,"nominatorName":{"fi":"Suomen Sosialidemokraattinen Puolue","sv":"Finlands Socialdemokratiska Parti","en":"The Finnish Social Democratic Party"},"compareData":{"otherCompareElection":{"votesTotalChange":0,"votesTotalPercentChange":0.0,"votesTotal":163,"votesTotalPercent":14.6},"correspondingCompareElection":{"votesTotalChange":0,"votesTotalPercentChange":0.0,"seatChange":0,"votesTotal":163,"votesTotalPercent":14.6,"seatsTotal":0}},"seats":0,"electionDayVotesPercent":14.2,"nominatorAbbr":{"fi":"SDP","sv":"SDP","en":"SDP"}},{"advanceVotesPercent":7.6,"name":{"fi":"Muut ryhmät","sv":"Övriga grupper","en":"Other groups"},"advanceVotes":39,"npid":9,"totalVotes":94,"spid":99,"abbr":{"fi":"Muut","sv":"Övriga","en":"Others"},"alid":8,"electionDayVotes":55,"pid":"5609","totalVotesPercent":8.4,"nominatorName":{"fi":"Sitoutumaton Orimattila","sv":"Sitoutumaton Orimattila","en":"Sitoutumaton Orimattila"},"compareData":{"otherCompareElection":{"votesTotalChange":0,"votesTotalPercentChange":0.0,"votesTotal":94,"votesTotalPercent":8.4},"correspondingCompareElection":{"votesTotalChange":0,"votesTotalPercentChange":0.0,"seatChange":0,"votesTotal":94,"votesTotalPercent":8.4,"seatsTotal":0}},"seats":0,"electionDayVotesPercent":9.1,"nominatorAbbr":{"fi":"SO","sv":"SO","en":"SO"}},{"advanceVotesPercent":7.3,"name":{"fi":"Vihreä liitto","sv":"Gröna förbundet","en":"Green League"},"advanceVotes":37,"npid":7,"totalVotes":93,"spid":5,"abbr":{"fi":"VIHR","sv":"Gröna","en":"GREEN"},"alid":6,"electionDayVotes":56,"pid":"13","totalVotesPercent":8.3,"nominatorName":{"fi":"Vihreä liitto","sv":"Gröna förbundet","en":"Green League"},"compareData":{"otherCompareElection":{"votesTotalChange":0,"votesTotalPercentChange":0.0,"votesTotal":93,"votesTotalPercent":8.3},"correspondingCompareElection":{"votesTotalChange":0,"votesTotalPercentChange":0.0,"seatChange":0,"votesTotal":93,"votesTotalPercent":8.3,"seatsTotal":0}},"seats":0,"electionDayVotesPercent":9.2,"nominatorAbbr":{"fi":"VIHR","sv":"Gröna","en":"GREEN"}},{"advanceVotesPercent":0.6,"name":{"fi":"Vasemmistoliitto","sv":"Vänsterförbundet","en":"The Left Alliance"},"advanceVotes":3,"npid":6,"totalVotes":16,"spid":6,"abbr":{"fi":"VAS","sv":"VF","en":"LEFT"},"alid":5,"electionDayVotes":13,"pid":"15","totalVotesPercent":1.4,"nominatorName":{"fi":"Vasemmistoliitto","sv":"Vänsterförbundet","en":"The Left Alliance"},"compareData":{"otherCompareElection":{"votesTotalChange":0,"votesTotalPercentChange":0.0,"votesTotal":16,"votesTotalPercent":1.4},"correspondingCompareElection":{"votesTotalChange":0,"votesTotalPercentChange":0.0,"seatChange":0,"votesTotal":16,"votesTotalPercent":1.4,"seatsTotal":0}},"seats":0,"electionDayVotesPercent":2.1,"nominatorAbbr":{"fi":"VAS","sv":"VF","en":"LEFT"}},{"advanceVotesPercent":1.6,"name":{"fi":"Suomen Kristillisdemokraatit (KD)","sv":"Kristdemokraterna i Finland (KD)","en":"Christian Democrats in Finland"},"advanceVotes":8,"npid":2,"totalVotes":14,"spid":8,"abbr":{"fi":"KD","sv":"KD","en":"CD"},"alid":2,"electionDayVotes":6,"pid":"9","totalVotesPercent":1.3,"nominatorName":{"fi":"Suomen Kristillisdemokraatit (KD)","sv":"Kristdemokraterna i Finland (KD)","en":"Christian Democrats in Finland"},"compareData":{"otherCompareElection":{"votesTotalChange":0,"votesTotalPercentChange":0.0,"votesTotal":14,"votesTotalPercent":1.3},"correspondingCompareElection":{"votesTotalChange":0,"votesTotalPercentChange":0.0,"seatChange":0,"votesTotal":14,"votesTotalPercent":1.3,"seatsTotal":0}},"seats":0,"electionDayVotesPercent":1.0,"nominatorAbbr":{"fi":"KD","sv":"KD","en":"CD"}},{"advanceVotesPercent":0.6,"name":{"fi":"Suomen Kommunistinen Puolue","sv":"Finlands Kommunistiska Parti","en":"The Communist Party of Finland"},"advanceVotes":3,"npid":8,"totalVotes":11,"spid":9,"abbr":{"fi":"SKP","sv":"FKP","en":"CPF"},"alid":7,"electionDayVotes":8,"pid":"8","totalVotesPercent":1.0,"nominatorName":{"fi":"Suomen Kommunistinen Puolue","sv":"Finlands Kommunistiska Parti","en":"The Communist Party of Finland"},"compareData":{"otherCompareElection":{"votesTotalChange":0,"votesTotalPercentChange":0.0,"votesTotal":11,"votesTotalPercent":1.0},"correspondingCompareElection":{"votesTotalChange":0,"votesTotalPercentChange":0.0,"seatChange":0,"votesTotal":11,"votesTotalPercent":1.0,"seatsTotal":0}},"seats":0,"electionDayVotesPercent":1.3,"nominatorAbbr":{"fi":"SKP","sv":"FKP","en":"CPF"}},{"advanceVotesPercent":0.2,"name":{"fi":"Muut ryhmät","sv":"Övriga grupper","en":"Other groups"},"advanceVotes":1,"npid":10,"totalVotes":3,"spid":99,"abbr":{"fi":"Muut","sv":"Övriga","en":"Others"},"alid":9,"electionDayVotes":2,"pid":"56010","totalVotesPercent":0.3,"nominatorName":{"fi":"Johanna Törmänen","sv":"Johanna Törmänen","en":"Johanna Törmänen"},"compareData":{"otherCompareElection":{"votesTotalChange":0,"votesTotalPercentChange":0.0,"votesTotal":3,"votesTotalPercent":0.3},"correspondingCompareElection":{"votesTotalChange":0,"votesTotalPercentChange":0.0,"seatChange":0,"votesTotal":3,"votesTotalPercent":0.3,"seatsTotal":0}},"seats":0,"electionDayVotesPercent":0.3,"nominatorAbbr":{"fi":"E115","sv":"E115","en":"E115"}}],"candidateResults":[{"age":42,"advanceVotesPercent":4.7,"lastname":"Erola","occupation":"liikunta-alueiden hoitaja","advanceVotes":24,"npid":1,"totalVotes":65,"spid":3,"abbr":"PS","municipalCouncilor":true,"muid":560,"alid":1,"firstname":"Ville-Petteri","electionDayVotes":41,"pid":"23","finalPosition":0,"electedInformation":"ELECTED","totalVotesPercent":5.8,"nominatorName":{"fi":"Perussuomalaiset","sv":"Sannfinländarna","en":"The Finns Party"},"caid":3,"position":0,"gender":"1","comparisonData":{"totalVotes":227,"votesTotalChange":-162},"edid":6,"comparativeIndex":0.0,"electionDayVotesPercent":6.8,"nominatorAbbr":{"fi":"PS","sv":"Sannf","en":"FINNS"}},{"age":37,"advanceVotesPercent":6.7,"lastname":"Mölsä","occupation":"tradenomi, maanviljelijä","advanceVotes":34,"npid":4,"totalVotes":54,"spid":1,"abbr":"KESK","municipalCouncilor":true,"muid":560,"alid":3,"firstname":"Jukka","electionDayVotes":20,"pid":"2","finalPosition":0,"electedInformation":"ELECTED","totalVotesPercent":4.8,"nominatorName":{"fi":"Suomen Keskusta","sv":"Centern i Finland","en":"Centre Party of Finland"},"caid":69,"position":0,"gender":"1","comparisonData":{"totalVotes":102,"votesTotalChange":-48},"edid":6,"comparativeIndex":0.0,"electionDayVotesPercent":3.3,"nominatorAbbr":{"fi":"KESK","sv":"C","en":"CENT"}},{"age":49,"advanceVotesPercent":4.1,"lastname":"Hirvonen","occupation":"maanviljelijä, työnjohtaja","advanceVotes":21,"npid":9,"totalVotes":40,"spid":99,"abbr":"Muut","municipalCouncilor":true,"muid":560,"alid":8,"firstname":"Juha","electionDayVotes":19,"pid":"5609","finalPosition":0,"electedInformation":"ELECTED","totalVotesPercent":3.6,"nominatorName":{"fi":"Sitoutumaton Orimattila","sv":"Sitoutumaton Orimattila","en":"Sitoutumaton Orimattila"},"caid":111,"position":0,"gender":"1","comparisonData":{"totalVotes":118,"votesTotalChange":-78},"edid":6,"comparativeIndex":0.0,"electionDayVotesPercent":3.1,"nominatorAbbr":{"fi":"SO","sv":"SO","en":"SO"}},{"age":33,"advanceVotesPercent":3.7,"lastname":"Nieminen","occupation":"yrittäjä","advanceVotes":19,"npid":4,"totalVotes":39,"spid":1,"abbr":"KESK","municipalCouncilor":true,"muid":560,"alid":3,"firstname":"Tero","electionDayVotes":20,"pid":"2","finalPosition":0,"electedInformation":"ELECTED","totalVotesPercent":3.5,"nominatorName":{"fi":"Suomen Keskusta","sv":"Centern i Finland","en":"Centre Party of Finland"},"caid":70,"position":0,"gender":"1","comparisonData":{"totalVotes":104,"votesTotalChange":-65},"edid":6,"comparativeIndex":0.0,"electionDayVotesPercent":3.3,"nominatorAbbr":{"fi":"KESK","sv":"C","en":"CENT"}},{"age":55,"advanceVotesPercent":4.5,"lastname":"Jokinen","occupation":"kansanedustaja","advanceVotes":23,"npid":3,"totalVotes":36,"spid":2,"abbr":"KOK","municipalCouncilor":true,"muid":560,"alid":2,"firstname":"Kalle","electionDayVotes":13,"pid":"4","finalPosition":0,"electedInformation":"ELECTED","totalVotesPercent":3.2,"nominatorName":{"fi":"Kansallinen Kokoomus","sv":"Samlingspartiet","en":"National Coalition Party"},"caid":29,"position":0,"gender":"1","comparisonData":{"totalVotes":272,"votesTotalChange":-236},"edid":6,"comparativeIndex":0.0,"electionDayVotesPercent":2.1,"nominatorAbbr":{"fi":"KOK","sv":"Saml","en":"NCP"}},{"age":46,"advanceVotesPercent":3.3,"lastname":"Taavila","occupation":"maatalousyrittäjä, sihteeri","advanceVotes":17,"npid":4,"totalVotes":36,"spid":1,"abbr":"KESK","municipalCouncilor":true,"muid":560,"alid":3,"firstname":"Siru","electionDayVotes":19,"pid":"2","finalPosition":0,"electedInformation":"ELECTED","totalVotesPercent":3.2,"nominatorName":{"fi":"Suomen Keskusta","sv":"Centern i Finland","en":"Centre Party of Finland"},"caid":80,"position":0,"gender":"2","comparisonData":{"totalVotes":66,"votesTotalChange":-30},"edid":6,"comparativeIndex":0.0,"electionDayVotesPercent":3.1,"nominatorAbbr":{"fi":"KESK","sv":"C","en":"CENT"}},{"age":56,"advanceVotesPercent":4.3,"lastname":"Lonka","occupation":"parturi-kampaaja, yrittäjä","advanceVotes":22,"npid":4,"totalVotes":35,"spid":1,"abbr":"KESK","municipalCouncilor":true,"muid":560,"alid":3,"firstname":"Riitta","electionDayVotes":13,"pid":"2","finalPosition":0,"electedInformation":"ELECTED","totalVotesPercent":3.1,"nominatorName":{"fi":"Suomen Keskusta","sv":"Centern i Finland","en":"Centre Party of Finland"},"caid":66,"position":0,"gender":"2","comparisonData":{"totalVotes":127,"votesTotalChange":-92},"edid":6,"comparativeIndex":0.0,"electionDayVotesPercent":2.1,"nominatorAbbr":{"fi":"KESK","sv":"C","en":"CENT"}},{"age":60,"advanceVotesPercent":4.3,"lastname":"Koivunen","occupation":"perushoitaja","advanceVotes":22,"npid":5,"totalVotes":35,"spid":4,"abbr":"SDP","municipalCouncilor":true,"muid":560,"alid":4,"firstname":"Tuula","electionDayVotes":13,"pid":"1","finalPosition":0,"electedInformation":"ELECTED","totalVotesPercent":3.1,"nominatorName":{"fi":"Suomen Sosialidemokraattinen Puolue","sv":"Finlands Socialdemokratiska Parti","en":"The Finnish Social Democratic Party"},"caid":90,"position":0,"gender":"2","comparisonData":{"totalVotes":204,"votesTotalChange":-169},"edid":6,"comparativeIndex":0.0,"electionDayVotesPercent":2.1,"nominatorAbbr":{"fi":"SDP","sv":"SDP","en":"SDP"}},{"age":47,"advanceVotesPercent":2.2,"lastname":"Särkinen","occupation":"yrittäjä","advanceVotes":11,"npid":9,"totalVotes":35,"spid":99,"abbr":"Muut","municipalCouncilor":false,"muid":560,"alid":8,"firstname":"Susanna","electionDayVotes":24,"pid":"5609","finalPosition":0,"electedInformation":"ELECTED","totalVotesPercent":3.1,"nominatorName":{"fi":"Sitoutumaton Orimattila","sv":"Sitoutumaton Orimattila","en":"Sitoutumaton Orimattila"},"caid":113,"position":0,"gender":"2","comparisonData":{"totalVotes":0,"votesTotalChange":35},"edid":6,"comparativeIndex":0.0,"electionDayVotesPercent":4.0,"nominatorAbbr":{"fi":"SO","sv":"SO","en":"SO"}},{"age":63,"advanceVotesPercent":4.7,"lastname":"Niklander","occupation":"avainasiakaspäällikkö, eläkeläinen","advanceVotes":24,"npid":4,"totalVotes":34,"spid":1,"abbr":"KESK","municipalCouncilor":true,"muid":560,"alid":3,"firstname":"Jorma","electionDayVotes":10,"pid":"2","finalPosition":0,"electedInformation":"ELECTED","totalVotesPercent":3.0,"nominatorName":{"fi":"Suomen Keskusta","sv":"Centern i Finland","en":"Centre Party of Finland"},"caid":71,"position":0,"gender":"1","comparisonData":{"totalVotes":79,"votesTotalChange":-45},"edid":6,"comparativeIndex":0.0,"electionDayVotesPercent":1.7,"nominatorAbbr":{"fi":"KESK","sv":"C","en":"CENT"}},{"age":36,"advanceVotesPercent":2.4,"lastname":"Kaitaranta","occupation":"veturinkuljettaja","advanceVotes":12,"npid":1,"totalVotes":33,"spid":3,"abbr":"PS","municipalCouncilor":false,"muid":560,"alid":1,"firstname":"Jari","electionDayVotes":21,"pid":"23","finalPosition":0,"electedInformation":"ELECTED","totalVotesPercent":3.0,"nominatorName":{"fi":"Perussuomalaiset","sv":"Sannfinländarna","en":"The Finns Party"},"caid":7,"position":0,"gender":"1","comparisonData":{"totalVotes":0,"votesTotalChange":33},"edid":6,"comparativeIndex":0.0,"electionDayVotesPercent":3.5,"nominatorAbbr":{"fi":"PS","sv":"Sannf","en":"FINNS"}},{"age":39,"advanceVotesPercent":2.7,"lastname":"Hakonen","occupation":"yrittäjä, toimitusjohtaja","advanceVotes":14,"npid":3,"totalVotes":33,"spid":2,"abbr":"KOK","municipalCouncilor":false,"muid":560,"alid":2,"firstname":"Saija","electionDayVotes":19,"pid":"4","finalPosition":0,"electedInformation":"ELECTED","totalVotesPercent":3.0,"nominatorName":{"fi":"Kansallinen Kokoomus","sv":"Samlingspartiet","en":"National Coalition Party"},"caid":25,"position":0,"gender":"2","comparisonData":{"totalVotes":0,"votesTotalChange":33},"edid":6,"comparativeIndex":0.0,"electionDayVotesPercent":3.1,"nominatorAbbr":{"fi":"KOK","sv":"Saml","en":"NCP"}},{"age":63,"advanceVotesPercent":2.5,"lastname":"Viljanen","occupation":"luonnontieteiden kandidaatti, maanviljelijä","advanceVotes":13,"npid":3,"totalVotes":28,"spid":2,"abbr":"KOK","municipalCouncilor":true,"muid":560,"alid":2,"firstname":"Markku","electionDayVotes":15,"pid":"4","finalPosition":0,"electedInformation":"ELECTED","totalVotesPercent":2.5,"nominatorName":{"fi":"Kansallinen Kokoomus","sv":"Samlingspartiet","en":"National Coalition Party"},"caid":54,"position":0,"gender":"1","comparisonData":{"totalVotes":71,"votesTotalChange":-43},"edid":6,"comparativeIndex":0.0,"electionDayVotesPercent":2.5,"nominatorAbbr":{"fi":"KOK","sv":"Saml","en":"NCP"}},{"age":43,"advanceVotesPercent":1.8,"lastname":"Saarinen","occupation":"palveluvastaava","advanceVotes":9,"npid":5,"totalVotes":28,"spid":4,"abbr":"SDP","municipalCouncilor":true,"muid":560,"alid":4,"firstname":"Niina","electionDayVotes":19,"pid":"1","finalPosition":0,"electedInformation":"ELECTED","totalVotesPercent":2.5,"nominatorName":{"fi":"Suomen Sosialidemokraattinen Puolue","sv":"Finlands Socialdemokratiska Parti","en":"The Finnish Social Democratic Party"},"caid":96,"position":0,"gender":"2","comparisonData":{"totalVotes":99,"votesTotalChange":-71},"edid":6,"comparativeIndex":0.0,"electionDayVotesPercent":3.1,"nominatorAbbr":{"fi":"SDP","sv":"SDP","en":"SDP"}},{"age":33,"advanceVotesPercent":1.8,"lastname":"Avelin","occupation":"ympäristö- ja vesitekniikan insinööri","advanceVotes":9,"npid":7,"totalVotes":27,"spid":5,"abbr":"VIHR","municipalCouncilor":false,"muid":560,"alid":6,"firstname":"Venla","electionDayVotes":18,"pid":"13","finalPosition":0,"electedInformation":"ELECTED","totalVotesPercent":2.4,"nominatorName":{"fi":"Vihreä liitto","sv":"Gröna förbundet","en":"Green League"},"caid":101,"position":0,"gender":"2","comparisonData":{"totalVotes":0,"votesTotalChange":27},"edid":6,"comparativeIndex":0.0,"electionDayVotesPercent":3.0,"nominatorAbbr":{"fi":"VIHR","sv":"Gröna","en":"GREEN"}},{"age":70,"advanceVotesPercent":2.7,"lastname":"Ryynänen","occupation":"professori, emeritus","advanceVotes":14,"npid":3,"totalVotes":23,"spid":2,"abbr":"KOK","municipalCouncilor":true,"muid":560,"alid":2,"firstname":"Aimo","electionDayVotes":9,"pid":"4","finalPosition":0,"electedInformation":"ELECTED","totalVotesPercent":2.1,"nominatorName":{"fi":"Kansallinen Kokoomus","sv":"Samlingspartiet","en":"National Coalition Party"},"caid":46,"position":0,"gender":"1","comparisonData":{"totalVotes":187,"votesTotalChange":-164},"edid":6,"comparativeIndex":0.0,"electionDayVotesPercent":1.5,"nominatorAbbr":{"fi":"KOK","sv":"Saml","en":"NCP"}},{"age":36,"advanceVotesPercent":2.5,"lastname":"Hämäläinen","occupation":"tuotantojohtaja","advanceVotes":13,"npid":4,"totalVotes":19,"spid":1,"abbr":"KESK","municipalCouncilor":false,"muid":560,"alid":3,"firstname":"Juha","electionDayVotes":6,"pid":"2","finalPosition":0,"electedInformation":"ELECTED","totalVotesPercent":1.7,"nominatorName":{"fi":"Suomen Keskusta","sv":"Centern i Finland","en":"Centre Party of Finland"},"caid":58,"position":0,"gender":"1","comparisonData":{"totalVotes":0,"votesTotalChange":19},"edid":6,"comparativeIndex":0.0,"electionDayVotesPercent":1.0,"nominatorAbbr":{"fi":"KESK","sv":"C","en":"CENT"}},{"age":50,"advanceVotesPercent":2.2,"lastname":"Koistinen","occupation":"vastaava ohjaaja","advanceVotes":11,"npid":7,"totalVotes":19,"spid":5,"abbr":"VIHR","municipalCouncilor":false,"muid":560,"alid":6,"firstname":"Minna","electionDayVotes":8,"pid":"13","finalPosition":0,"electedInformation":"ON_SUBSTITUTE_PLACE","totalVotesPercent":1.7,"nominatorName":{"fi":"Vihreä liitto","sv":"Gröna förbundet","en":"Green League"},"caid":104,"position":0,"gender":"2","comparisonData":{"totalVotes":34,"votesTotalChange":-15},"edid":6,"comparativeIndex":0.0,"electionDayVotesPercent":1.3,"nominatorAbbr":{"fi":"VIHR","sv":"Gröna","en":"GREEN"}},{"age":58,"advanceVotesPercent":1.4,"lastname":"Vilander","occupation":"tekniikan lisensiaatti","advanceVotes":7,"npid":7,"totalVotes":19,"spid":5,"abbr":"VIHR","municipalCouncilor":false,"muid":560,"alid":6,"firstname":"Matti","electionDayVotes":12,"pid":"13","finalPosition":0,"electedInformation":"ELECTED","totalVotesPercent":1.7,"nominatorName":{"fi":"Vihreä liitto","sv":"Gröna förbundet","en":"Green League"},"caid":106,"position":0,"gender":"1","comparisonData":{"totalVotes":33,"votesTotalChange":-14},"edid":6,"comparativeIndex":0.0,"electionDayVotesPercent":2.0,"nominatorAbbr":{"fi":"VIHR","sv":"Gröna","en":"GREEN"}},{"age":66,"advanceVotesPercent":1.8,"lastname":"Venesjärvi","occupation":"yrittäjä","advanceVotes":9,"npid":1,"totalVotes":16,"spid":3,"abbr":"PS","municipalCouncilor":true,"muid":560,"alid":1,"firstname":"Seppo","electionDayVotes":7,"pid":"23","finalPosition":0,"electedInformation":"ELECTED","totalVotesPercent":1.4,"nominatorName":{"fi":"Perussuomalaiset","sv":"Sannfinländarna","en":"The Finns Party"},"caid":20,"position":0,"gender":"1","comparisonData":{"totalVotes":159,"votesTotalChange":-143},"edid":6,"comparativeIndex":0.0,"electionDayVotesPercent":1.2,"nominatorAbbr":{"fi":"PS","sv":"Sannf","en":"FINNS"}},{"age":25,"advanceVotesPercent":1.2,"lastname":"Jokinen","occupation":"opettaja, filosofian maisteri","advanceVotes":6,"npid":3,"totalVotes":16,"spid":2,"abbr":"KOK","municipalCouncilor":false,"muid":560,"alid":2,"firstname":"Ida","electionDayVotes":10,"pid":"4","finalPosition":0,"electedInformation":"ELECTED","totalVotesPercent":1.4,"nominatorName":{"fi":"Kansallinen Kokoomus","sv":"Samlingspartiet","en":"National Coalition Party"},"caid":28,"position":0,"gender":"2","comparisonData":{"totalVotes":0,"votesTotalChange":16},"edid":6,"comparativeIndex":0.0,"electionDayVotesPercent":1.7,"nominatorAbbr":{"fi":"KOK","sv":"Saml","en":"NCP"}},{"age":54,"advanceVotesPercent":0.6,"lastname":"Nieminen","occupation":"rakennusmies","advanceVotes":3,"npid":6,"totalVotes":16,"spid":6,"abbr":"VAS","municipalCouncilor":false,"muid":560,"alid":5,"firstname":"Hannu","electionDayVotes":13,"pid":"15","finalPosition":0,"electedInformation":"NOT_ELECTED","totalVotesPercent":1.4,"nominatorName":{"fi":"Vasemmistoliitto","sv":"Vänsterförbundet","en":"The Left Alliance"},"caid":100,"position":0,"gender":"1","comparisonData":{"totalVotes":0,"votesTotalChange":16},"edid":6,"comparativeIndex":0.0,"electionDayVotesPercent":2.1,"nominatorAbbr":{"fi":"VAS","sv":"VF","en":"LEFT"}},{"age":29,"advanceVotesPercent":1.8,"lastname":"Markkanen","occupation":"päivämestari","advanceVotes":9,"npid":1,"totalVotes":15,"spid":3,"abbr":"PS","municipalCouncilor":true,"muid":560,"alid":1,"firstname":"Jani","electionDayVotes":6,"pid":"23","finalPosition":0,"electedInformation":"ON_SUBSTITUTE_PLACE","totalVotesPercent":1.3,"nominatorName":{"fi":"Perussuomalaiset","sv":"Sannfinländarna","en":"The Finns Party"},"caid":10,"position":0,"gender":"1","comparisonData":{"totalVotes":53,"votesTotalChange":-38},"edid":6,"comparativeIndex":0.0,"electionDayVotesPercent":1.0,"nominatorAbbr":{"fi":"PS","sv":"Sannf","en":"FINNS"}},{"age":44,"advanceVotesPercent":1.2,"lastname":"Heinonen","occupation":"sosiaaliohjaaja","advanceVotes":6,"npid":7,"totalVotes":15,"spid":5,"abbr":"VIHR","municipalCouncilor":false,"muid":560,"alid":6,"firstname":"Esa","electionDayVotes":9,"pid":"13","finalPosition":0,"electedInformation":"ON_SUBSTITUTE_PLACE","totalVotesPercent":1.3,"nominatorName":{"fi":"Vihreä liitto","sv":"Gröna förbundet","en":"Green League"},"caid":102,"position":0,"gender":"1","comparisonData":{"totalVotes":0,"votesTotalChange":15},"edid":6,"comparativeIndex":0.0,"electionDayVotesPercent":1.5,"nominatorAbbr":{"fi":"VIHR","sv":"Gröna","en":"GREEN"}},{"age":50,"advanceVotesPercent":0.8,"lastname":"Törrönen","occupation":"lehtori, filosofian maisteri","advanceVotes":4,"npid":3,"totalVotes":14,"spid":2,"abbr":"KOK","municipalCouncilor":false,"muid":560,"alid":2,"firstname":"Pekka","electionDayVotes":10,"pid":"4","finalPosition":0,"electedInformation":"ON_SUBSTITUTE_PLACE","totalVotesPercent":1.3,"nominatorName":{"fi":"Kansallinen Kokoomus","sv":"Samlingspartiet","en":"National Coalition Party"},"caid":51,"position":0,"gender":"1","comparisonData":{"totalVotes":32,"votesTotalChange":-18},"edid":6,"comparativeIndex":0.0,"electionDayVotesPercent":1.7,"nominatorAbbr":{"fi":"KOK","sv":"Saml","en":"NCP"}},{"age":35,"advanceVotesPercent":0.4,"lastname":"Lehtelä","occupation":"käsityötieteen opiskelija","advanceVotes":2,"npid":5,"totalVotes":14,"spid":4,"abbr":"SDP","municipalCouncilor":false,"muid":560,"alid":4,"firstname":"Heli","electionDayVotes":12,"pid":"1","finalPosition":0,"electedInformation":"ELECTED","totalVotesPercent":1.3,"nominatorName":{"fi":"Suomen Sosialidemokraattinen Puolue","sv":"Finlands Socialdemokratiska Parti","en":"The Finnish Social Democratic Party"},"caid":93,"position":0,"gender":"2","comparisonData":{"totalVotes":0,"votesTotalChange":14},"edid":6,"comparativeIndex":0.0,"electionDayVotesPercent":2.0,"nominatorAbbr":{"fi":"SDP","sv":"SDP","en":"SDP"}},{"age":68,"advanceVotesPercent":1.6,"lastname":"Karjalainen","occupation":"sairaanhoitaja, eläkeläinen","advanceVotes":8,"npid":3,"totalVotes":13,"spid":2,"abbr":"KOK","municipalCouncilor":true,"muid":560,"alid":2,"firstname":"Riitta","electionDayVotes":5,"pid":"4","finalPosition":0,"electedInformation":"ELECTED","totalVotesPercent":1.2,"nominatorName":{"fi":"Kansallinen Kokoomus","sv":"Samlingspartiet","en":"National Coalition Party"},"caid":33,"position":0,"gender":"2","comparisonData":{"totalVotes":139,"votesTotalChange":-126},"edid":6,"comparativeIndex":0.0,"electionDayVotesPercent":0.8,"nominatorAbbr":{"fi":"KOK","sv":"Saml","en":"NCP"}},{"age":40,"advanceVotesPercent":0.8,"lastname":"Sikkilä","occupation":"lähihoitaja","advanceVotes":4,"npid":1,"totalVotes":12,"spid":3,"abbr":"PS","municipalCouncilor":false,"muid":560,"alid":1,"firstname":"Sari","electionDayVotes":8,"pid":"23","finalPosition":0,"electedInformation":"ON_SUBSTITUTE_PLACE","totalVotesPercent":1.1,"nominatorName":{"fi":"Perussuomalaiset","sv":"Sannfinländarna","en":"The Finns Party"},"caid":17,"position":0,"gender":"2","comparisonData":{"totalVotes":0,"votesTotalChange":12},"edid":6,"comparativeIndex":0.0,"electionDayVotesPercent":1.3,"nominatorAbbr":{"fi":"PS","sv":"Sannf","en":"FINNS"}},{"age":35,"advanceVotesPercent":0.4,"lastname":"Simola","occupation":"lastenohjaaja","advanceVotes":2,"npid":1,"totalVotes":12,"spid":3,"abbr":"PS","municipalCouncilor":false,"muid":560,"alid":1,"firstname":"Arja","electionDayVotes":10,"pid":"23","finalPosition":0,"electedInformation":"ELECTED","totalVotesPercent":1.1,"nominatorName":{"fi":"Perussuomalaiset","sv":"Sannfinländarna","en":"The Finns Party"},"caid":19,"position":0,"gender":"2","comparisonData":{"totalVotes":0,"votesTotalChange":12},"edid":6,"comparativeIndex":0.0,"electionDayVotesPercent":1.7,"nominatorAbbr":{"fi":"PS","sv":"Sannf","en":"FINNS"}},{"age":78,"advanceVotesPercent":1.6,"lastname":"Laaksonen","occupation":"kapteeni evp","advanceVotes":8,"npid":2,"totalVotes":12,"spid":8,"abbr":"KD","municipalCouncilor":true,"muid":560,"alid":2,"firstname":"Pertti","electionDayVotes":4,"pid":"9","finalPosition":0,"electedInformation":"ELECTED","totalVotesPercent":1.1,"nominatorName":{"fi":"Suomen Kristillisdemokraatit (KD)","sv":"Kristdemokraterna i Finland (KD)","en":"Christian Democrats in Finland"},"caid":21,"position":0,"gender":"1","comparisonData":{"totalVotes":126,"votesTotalChange":-114},"edid":6,"comparativeIndex":0.0,"electionDayVotesPercent":0.7,"nominatorAbbr":{"fi":"KD","sv":"KD","en":"CD"}},{"age":54,"advanceVotesPercent":1.2,"lastname":"Jussila","occupation":"tuotantoesimies","advanceVotes":6,"npid":3,"totalVotes":12,"spid":2,"abbr":"KOK","municipalCouncilor":true,"muid":560,"alid":2,"firstname":"Tuomo","electionDayVotes":6,"pid":"4","finalPosition":0,"electedInformation":"ELECTED","totalVotesPercent":1.1,"nominatorName":{"fi":"Kansallinen Kokoomus","sv":"Samlingspartiet","en":"National Coalition Party"},"caid":30,"position":0,"gender":"1","comparisonData":{"totalVotes":61,"votesTotalChange":-49},"edid":6,"comparativeIndex":0.0,"electionDayVotesPercent":1.0,"nominatorAbbr":{"fi":"KOK","sv":"Saml","en":"NCP"}},{"age":64,"advanceVotesPercent":1.0,"lastname":"Malmiharju","occupation":"eläkeläinen","advanceVotes":5,"npid":4,"totalVotes":11,"spid":1,"abbr":"KESK","municipalCouncilor":true,"muid":560,"alid":3,"firstname":"Tapio","electionDayVotes":6,"pid":"2","finalPosition":0,"electedInformation":"ELECTED","totalVotesPercent":1.0,"nominatorName":{"fi":"Suomen Keskusta","sv":"Centern i Finland","en":"Centre Party of Finland"},"caid":67,"position":0,"gender":"1","comparisonData":{"totalVotes":221,"votesTotalChange":-210},"edid":6,"comparativeIndex":0.0,"electionDayVotesPercent":1.0,"nominatorAbbr":{"fi":"KESK","sv":"C","en":"CENT"}},{"age":51,"advanceVotesPercent":1.0,"lastname":"Jokinen","occupation":"koestaja, pääluottamusmies","advanceVotes":5,"npid":5,"totalVotes":11,"spid":4,"abbr":"SDP","municipalCouncilor":true,"muid":560,"alid":4,"firstname":"Jarkko","electionDayVotes":6,"pid":"1","finalPosition":0,"electedInformation":"ELECTED","totalVotesPercent":1.0,"nominatorName":{"fi":"Suomen Sosialidemokraattinen Puolue","sv":"Finlands Socialdemokratiska Parti","en":"The Finnish Social Democratic Party"},"caid":85,"position":0,"gender":"1","comparisonData":{"totalVotes":63,"votesTotalChange":-52},"edid":6,"comparativeIndex":0.0,"electionDayVotesPercent":1.0,"nominatorAbbr":{"fi":"SDP","sv":"SDP","en":"SDP"}},{"age":61,"advanceVotesPercent":1.2,"lastname":"Katajavuori","occupation":"lähihoitaja","advanceVotes":6,"npid":5,"totalVotes":11,"spid":4,"abbr":"SDP","municipalCouncilor":false,"muid":560,"alid":4,"firstname":"Ulla","electionDayVotes":5,"pid":"1","finalPosition":0,"electedInformation":"ELECTED","totalVotesPercent":1.0,"nominatorName":{"fi":"Suomen Sosialidemokraattinen Puolue","sv":"Finlands Socialdemokratiska Parti","en":"The Finnish Social Democratic Party"},"caid":87,"position":0,"gender":"2","comparisonData":{"totalVotes":0,"votesTotalChange":11},"edid":6,"comparativeIndex":0.0,"electionDayVotesPercent":0.8,"nominatorAbbr":{"fi":"SDP","sv":"SDP","en":"SDP"}},{"age":66,"advanceVotesPercent":1.4,"lastname":"Kirjavainen","occupation":"yrittäjä, eläkeläinen","advanceVotes":7,"npid":5,"totalVotes":11,"spid":4,"abbr":"SDP","municipalCouncilor":true,"muid":560,"alid":4,"firstname":"Keijo","electionDayVotes":4,"pid":"1","finalPosition":0,"electedInformation":"ON_SUBSTITUTE_PLACE","totalVotesPercent":1.0,"nominatorName":{"fi":"Suomen Sosialidemokraattinen Puolue","sv":"Finlands Socialdemokratiska Parti","en":"The Finnish Social Democratic Party"},"caid":89,"position":0,"gender":"1","comparisonData":{"totalVotes":75,"votesTotalChange":-64},"edid":6,"comparativeIndex":0.0,"electionDayVotesPercent":0.7,"nominatorAbbr":{"fi":"SDP","sv":"SDP","en":"SDP"}},{"age":70,"advanceVotesPercent":0.6,"lastname":"Kataja","occupation":"betonimies, herastuomari","advanceVotes":3,"npid":8,"totalVotes":11,"spid":9,"abbr":"SKP","municipalCouncilor":false,"muid":560,"alid":7,"firstname":"Pentti","electionDayVotes":8,"pid":"8","finalPosition":0,"electedInformation":"NOT_ELECTED","totalVotesPercent":1.0,"nominatorName":{"fi":"Suomen Kommunistinen Puolue","sv":"Finlands Kommunistiska Parti","en":"The Communist Party of Finland"},"caid":107,"position":0,"gender":"1","comparisonData":{"totalVotes":52,"votesTotalChange":-41},"edid":6,"comparativeIndex":0.0,"electionDayVotesPercent":1.3,"nominatorAbbr":{"fi":"SKP","sv":"FKP","en":"CPF"}},{"age":41,"advanceVotesPercent":0.4,"lastname":"Räsänen","occupation":"ylikonemestari","advanceVotes":2,"npid":1,"totalVotes":10,"spid":3,"abbr":"PS","municipalCouncilor":false,"muid":560,"alid":1,"firstname":"Jouni","electionDayVotes":8,"pid":"23","finalPosition":0,"electedInformation":"ELECTED","totalVotesPercent":0.9,"nominatorName":{"fi":"Perussuomalaiset","sv":"Sannfinländarna","en":"The Finns Party"},"caid":15,"position":0,"gender":"1","comparisonData":{"totalVotes":0,"votesTotalChange":10},"edid":6,"comparativeIndex":0.0,"electionDayVotesPercent":1.3,"nominatorAbbr":{"fi":"PS","sv":"Sannf","en":"FINNS"}},{"age":34,"advanceVotesPercent":1.0,"lastname":"Pietilä","occupation":"yrittäjä, kauppatieteiden maisteri","advanceVotes":5,"npid":3,"totalVotes":10,"spid":2,"abbr":"KOK","municipalCouncilor":false,"muid":560,"alid":2,"firstname":"Matti","electionDayVotes":5,"pid":"4","finalPosition":0,"electedInformation":"ON_SUBSTITUTE_PLACE","totalVotesPercent":0.9,"nominatorName":{"fi":"Kansallinen Kokoomus","sv":"Samlingspartiet","en":"National Coalition Party"},"caid":41,"position":0,"gender":"1","comparisonData":{"totalVotes":17,"votesTotalChange":-7},"edid":6,"comparativeIndex":0.0,"electionDayVotesPercent":0.8,"nominatorAbbr":{"fi":"KOK","sv":"Saml","en":"NCP"}},{"age":66,"advanceVotesPercent":1.6,"lastname":"Papinaho","occupation":"terveydenhoitaja","advanceVotes":8,"npid":4,"totalVotes":10,"spid":1,"abbr":"KESK","municipalCouncilor":true,"muid":560,"alid":3,"firstname":"Sirkka-Liisa","electionDayVotes":2,"pid":"2","finalPosition":0,"electedInformation":"ELECTED","totalVotesPercent":0.9,"nominatorName":{"fi":"Suomen Keskusta","sv":"Centern i Finland","en":"Centre Party of Finland"},"caid":73,"position":0,"gender":"2","comparisonData":{"totalVotes":267,"votesTotalChange":-257},"edid":6,"comparativeIndex":0.0,"electionDayVotesPercent":0.3,"nominatorAbbr":{"fi":"KESK","sv":"C","en":"CENT"}},{"age":49,"advanceVotesPercent":0.2,"lastname":"Leino","occupation":"yrittäjä","advanceVotes":1,"npid":3,"totalVotes":9,"spid":2,"abbr":"KOK","municipalCouncilor":false,"muid":560,"alid":2,"firstname":"Vesa","electionDayVotes":8,"pid":"4","finalPosition":0,"electedInformation":"ON_SUBSTITUTE_PLACE","totalVotesPercent":0.8,"nominatorName":{"fi":"Kansallinen Kokoomus","sv":"Samlingspartiet","en":"National Coalition Party"},"caid":38,"position":0,"gender":"1","comparisonData":{"totalVotes":0,"votesTotalChange":9},"edid":6,"comparativeIndex":0.0,"electionDayVotesPercent":1.3,"nominatorAbbr":{"fi":"KOK","sv":"Saml","en":"NCP"}},{"age":45,"advanceVotesPercent":0.6,"lastname":"Hokkanen","occupation":"erityisopettaja","advanceVotes":3,"npid":5,"totalVotes":9,"spid":4,"abbr":"SDP","municipalCouncilor":false,"muid":560,"alid":4,"firstname":"Torsti","electionDayVotes":6,"pid":"1","finalPosition":0,"electedInformation":"ON_SUBSTITUTE_PLACE","totalVotesPercent":0.8,"nominatorName":{"fi":"Suomen Sosialidemokraattinen Puolue","sv":"Finlands Socialdemokratiska Parti","en":"The Finnish Social Democratic Party"},"caid":82,"position":0,"gender":"1","comparisonData":{"totalVotes":0,"votesTotalChange":9},"edid":6,"comparativeIndex":0.0,"electionDayVotesPercent":1.0,"nominatorAbbr":{"fi":"SDP","sv":"SDP","en":"SDP"}},{"age":73,"advanceVotesPercent":1.2,"lastname":"Laatunen","occupation":"apulaisrehtori, eläkeläinen","advanceVotes":6,"npid":5,"totalVotes":9,"spid":4,"abbr":"SDP","municipalCouncilor":true,"muid":560,"alid":4,"firstname":"Kirsti","electionDayVotes":3,"pid":"1","finalPosition":0,"electedInformation":"ELECTED","totalVotesPercent":0.8,"nominatorName":{"fi":"Suomen Sosialidemokraattinen Puolue","sv":"Finlands Socialdemokratiska Parti","en":"The Finnish Social Democratic Party"},"caid":91,"position":0,"gender":"2","comparisonData":{"totalVotes":95,"votesTotalChange":-86},"edid":6,"comparativeIndex":0.0,"electionDayVotesPercent":0.5,"nominatorAbbr":{"fi":"SDP","sv":"SDP","en":"SDP"}},{"age":72,"advanceVotesPercent":0.2,"lastname":"Saarinen","occupation":"linja-autonkuljettaja, eläkeläinen","advanceVotes":1,"npid":5,"totalVotes":9,"spid":4,"abbr":"SDP","municipalCouncilor":false,"muid":560,"alid":4,"firstname":"Mauno","electionDayVotes":8,"pid":"1","finalPosition":0,"electedInformation":"ON_SUBSTITUTE_PLACE","totalVotesPercent":0.8,"nominatorName":{"fi":"Suomen Sosialidemokraattinen Puolue","sv":"Finlands Socialdemokratiska Parti","en":"The Finnish Social Democratic Party"},"caid":97,"position":0,"gender":"1","comparisonData":{"totalVotes":0,"votesTotalChange":9},"edid":6,"comparativeIndex":0.0,"electionDayVotesPercent":1.3,"nominatorAbbr":{"fi":"SDP","sv":"SDP","en":"SDP"}},{"age":61,"advanceVotesPercent":1.0,"lastname":"Karinen","occupation":"diplomi-insinööri","advanceVotes":5,"npid":3,"totalVotes":8,"spid":2,"abbr":"KOK","municipalCouncilor":true,"muid":560,"alid":2,"firstname":"Jussi","electionDayVotes":3,"pid":"4","finalPosition":0,"electedInformation":"ON_SUBSTITUTE_PLACE","totalVotesPercent":0.7,"nominatorName":{"fi":"Kansallinen Kokoomus","sv":"Samlingspartiet","en":"National Coalition Party"},"caid":32,"position":0,"gender":"1","comparisonData":{"totalVotes":65,"votesTotalChange":-57},"edid":6,"comparativeIndex":0.0,"electionDayVotesPercent":0.5,"nominatorAbbr":{"fi":"KOK","sv":"Saml","en":"NCP"}},{"age":43,"advanceVotesPercent":0.0,"lastname":"Vahe","occupation":"toimitusjohtaja","advanceVotes":0,"npid":3,"totalVotes":8,"spid":2,"abbr":"KOK","municipalCouncilor":false,"muid":560,"alid":2,"firstname":"Jussi","electionDayVotes":8,"pid":"4","finalPosition":0,"electedInformation":"ON_SUBSTITUTE_PLACE","totalVotesPercent":0.7,"nominatorName":{"fi":"Kansallinen Kokoomus","sv":"Samlingspartiet","en":"National Coalition Party"},"caid":52,"position":0,"gender":"1","comparisonData":{"totalVotes":0,"votesTotalChange":8},"edid":6,"comparativeIndex":0.0,"electionDayVotesPercent":1.3,"nominatorAbbr":{"fi":"KOK","sv":"Saml","en":"NCP"}},{"age":30,"advanceVotesPercent":0.0,"lastname":"Saarinen","occupation":"järjestelmäkoordinaattori","advanceVotes":0,"npid":4,"totalVotes":8,"spid":1,"abbr":"KESK","municipalCouncilor":false,"muid":560,"alid":3,"firstname":"Ville","electionDayVotes":8,"pid":"2","finalPosition":0,"electedInformation":"ON_SUBSTITUTE_PLACE","totalVotesPercent":0.7,"nominatorName":{"fi":"Suomen Keskusta","sv":"Centern i Finland","en":"Centre Party of Finland"},"caid":76,"position":0,"gender":"1","comparisonData":{"totalVotes":63,"votesTotalChange":-55},"edid":6,"comparativeIndex":0.0,"electionDayVotesPercent":1.3,"nominatorAbbr":{"fi":"KESK","sv":"C","en":"CENT"}},{"age":48,"advanceVotesPercent":1.6,"lastname":"Hyvönen","occupation":"metallimies, vapaaehtoistyöntekijä","advanceVotes":8,"npid":5,"totalVotes":8,"spid":4,"abbr":"SDP","municipalCouncilor":false,"muid":560,"alid":4,"firstname":"Arto","electionDayVotes":0,"pid":"1","finalPosition":0,"electedInformation":"ON_SUBSTITUTE_PLACE","totalVotesPercent":0.7,"nominatorName":{"fi":"Suomen Sosialidemokraattinen Puolue","sv":"Finlands Socialdemokratiska Parti","en":"The Finnish Social Democratic Party"},"caid":83,"position":0,"gender":"1","comparisonData":{"totalVotes":0,"votesTotalChange":8},"edid":6,"comparativeIndex":0.0,"electionDayVotesPercent":0.0,"nominatorAbbr":{"fi":"SDP","sv":"SDP","en":"SDP"}},{"age":39,"advanceVotesPercent":0.0,"lastname":"Sallinen","occupation":"erityisluokanopettaja, kasvatustieteen maisteri","advanceVotes":0,"npid":3,"totalVotes":7,"spid":2,"abbr":"KOK","municipalCouncilor":false,"muid":560,"alid":2,"firstname":"Jarkko","electionDayVotes":7,"pid":"4","finalPosition":0,"electedInformation":"ON_SUBSTITUTE_PLACE","totalVotesPercent":0.6,"nominatorName":{"fi":"Kansallinen Kokoomus","sv":"Samlingspartiet","en":"National Coalition Party"},"caid":47,"position":0,"gender":"1","comparisonData":{"totalVotes":40,"votesTotalChange":-33},"edid":6,"comparativeIndex":0.0,"electionDayVotesPercent":1.2,"nominatorAbbr":{"fi":"KOK","sv":"Saml","en":"NCP"}},{"age":47,"advanceVotesPercent":0.8,"lastname":"Kutvonen","occupation":"teknologiajohtaja","advanceVotes":4,"npid":7,"totalVotes":7,"spid":5,"abbr":"VIHR","municipalCouncilor":false,"muid":560,"alid":6,"firstname":"Mikko","electionDayVotes":3,"pid":"13","finalPosition":0,"electedInformation":"NOT_ELECTED","totalVotesPercent":0.6,"nominatorName":{"fi":"Vihreä liitto","sv":"Gröna förbundet","en":"Green League"},"caid":105,"position":0,"gender":"1","comparisonData":{"totalVotes":36,"votesTotalChange":-29},"edid":6,"comparativeIndex":0.0,"electionDayVotesPercent":0.5,"nominatorAbbr":{"fi":"VIHR","sv":"Gröna","en":"GREEN"}},{"age":52,"advanceVotesPercent":0.0,"lastname":"Keskevaari","occupation":"eduskunta-avustaja","advanceVotes":0,"npid":3,"totalVotes":6,"spid":2,"abbr":"KOK","municipalCouncilor":true,"muid":560,"alid":2,"firstname":"Jarmo","electionDayVotes":6,"pid":"4","finalPosition":0,"electedInformation":"ELECTED","totalVotesPercent":0.5,"nominatorName":{"fi":"Kansallinen Kokoomus","sv":"Samlingspartiet","en":"National Coalition Party"},"caid":34,"position":0,"gender":"1","comparisonData":{"totalVotes":70,"votesTotalChange":-64},"edid":6,"comparativeIndex":0.0,"electionDayVotesPercent":1.0,"nominatorAbbr":{"fi":"KOK","sv":"Saml","en":"NCP"}},{"age":41,"advanceVotesPercent":0.8,"lastname":"Lager","occupation":"työnjohtaja, raskas kalusto","advanceVotes":4,"npid":3,"totalVotes":6,"spid":2,"abbr":"KOK","municipalCouncilor":false,"muid":560,"alid":2,"firstname":"Mika","electionDayVotes":2,"pid":"4","finalPosition":0,"electedInformation":"NOT_ELECTED","totalVotesPercent":0.5,"nominatorName":{"fi":"Kansallinen Kokoomus","sv":"Samlingspartiet","en":"National Coalition Party"},"caid":37,"position":0,"gender":"1","comparisonData":{"totalVotes":0,"votesTotalChange":6},"edid":6,"comparativeIndex":0.0,"electionDayVotesPercent":0.3,"nominatorAbbr":{"fi":"KOK","sv":"Saml","en":"NCP"}},{"age":50,"advanceVotesPercent":0.6,"lastname":"Kyrö","occupation":"agrologi, tarkastaja","advanceVotes":3,"npid":4,"totalVotes":6,"spid":1,"abbr":"KESK","municipalCouncilor":false,"muid":560,"alid":3,"firstname":"Johanna","electionDayVotes":3,"pid":"2","finalPosition":0,"electedInformation":"ON_SUBSTITUTE_PLACE","totalVotesPercent":0.5,"nominatorName":{"fi":"Suomen Keskusta","sv":"Centern i Finland","en":"Centre Party of Finland"},"caid":63,"position":0,"gender":"2","comparisonData":{"totalVotes":23,"votesTotalChange":-17},"edid":6,"comparativeIndex":0.0,"electionDayVotesPercent":0.5,"nominatorAbbr":{"fi":"KESK","sv":"C","en":"CENT"}},{"age":23,"advanceVotesPercent":0.0,"lastname":"Hänninen","occupation":"opiskelija","advanceVotes":0,"npid":7,"totalVotes":6,"spid":5,"abbr":"VIHR","municipalCouncilor":false,"muid":560,"alid":6,"firstname":"Sanja","electionDayVotes":6,"pid":"13","finalPosition":0,"electedInformation":"NOT_ELECTED","totalVotesPercent":0.5,"nominatorName":{"fi":"Vihreä liitto","sv":"Gröna förbundet","en":"Green League"},"caid":103,"position":0,"gender":"2","comparisonData":{"totalVotes":0,"votesTotalChange":6},"edid":6,"comparativeIndex":0.0,"electionDayVotesPercent":1.0,"nominatorAbbr":{"fi":"VIHR","sv":"Gröna","en":"GREEN"}},{"age":41,"advanceVotesPercent":0.8,"lastname":"Hämäläinen","occupation":"tilitoimisto-yrittäjä","advanceVotes":4,"npid":9,"totalVotes":6,"spid":99,"abbr":"Muut","municipalCouncilor":false,"muid":560,"alid":8,"firstname":"Mira","electionDayVotes":2,"pid":"5609","finalPosition":0,"electedInformation":"ON_SUBSTITUTE_PLACE","totalVotesPercent":0.5,"nominatorName":{"fi":"Sitoutumaton Orimattila","sv":"Sitoutumaton Orimattila","en":"Sitoutumaton Orimattila"},"caid":109,"position":0,"gender":"2","comparisonData":{"totalVotes":0,"votesTotalChange":6},"edid":6,"comparativeIndex":0.0,"electionDayVotesPercent":0.3,"nominatorAbbr":{"fi":"SO","sv":"SO","en":"SO"}},{"age":70,"advanceVotesPercent":1.0,"lastname":"Alonen","occupation":"eläkeläinen","advanceVotes":5,"npid":1,"totalVotes":5,"spid":3,"abbr":"PS","municipalCouncilor":false,"muid":560,"alid":1,"firstname":"Aino","electionDayVotes":0,"pid":"23","finalPosition":0,"electedInformation":"ON_SUBSTITUTE_PLACE","totalVotesPercent":0.4,"nominatorName":{"fi":"Perussuomalaiset","sv":"Sannfinländarna","en":"The Finns Party"},"caid":2,"position":0,"gender":"2","comparisonData":{"totalVotes":25,"votesTotalChange":-20},"edid":6,"comparativeIndex":0.0,"electionDayVotesPercent":0.0,"nominatorAbbr":{"fi":"PS","sv":"Sannf","en":"FINNS"}},{"age":33,"advanceVotesPercent":0.4,"lastname":"Pärssinen","occupation":"tekninen myyjä","advanceVotes":2,"npid":1,"totalVotes":5,"spid":3,"abbr":"PS","municipalCouncilor":false,"muid":560,"alid":1,"firstname":"Anssi","electionDayVotes":3,"pid":"23","finalPosition":0,"electedInformation":"NOT_ELECTED","totalVotesPercent":0.4,"nominatorName":{"fi":"Perussuomalaiset","sv":"Sannfinländarna","en":"The Finns Party"},"caid":14,"position":0,"gender":"1","comparisonData":{"totalVotes":0,"votesTotalChange":5},"edid":6,"comparativeIndex":0.0,"electionDayVotesPercent":0.5,"nominatorAbbr":{"fi":"PS","sv":"Sannf","en":"FINNS"}},{"age":51,"advanceVotesPercent":0.0,"lastname":"Pelkonen","occupation":"asiantuntija, diplomi-insinööri","advanceVotes":0,"npid":3,"totalVotes":5,"spid":2,"abbr":"KOK","municipalCouncilor":false,"muid":560,"alid":2,"firstname":"Veli","electionDayVotes":5,"pid":"4","finalPosition":0,"electedInformation":"NOT_ELECTED","totalVotesPercent":0.4,"nominatorName":{"fi":"Kansallinen Kokoomus","sv":"Samlingspartiet","en":"National Coalition Party"},"caid":40,"position":0,"gender":"1","comparisonData":{"totalVotes":0,"votesTotalChange":5},"edid":6,"comparativeIndex":0.0,"electionDayVotesPercent":0.8,"nominatorAbbr":{"fi":"KOK","sv":"Saml","en":"NCP"}},{"age":46,"advanceVotesPercent":0.0,"lastname":"Kiiveri","occupation":"kiinteistönhoitaja","advanceVotes":0,"npid":4,"totalVotes":5,"spid":1,"abbr":"KESK","municipalCouncilor":false,"muid":560,"alid":3,"firstname":"Tommi","electionDayVotes":5,"pid":"2","finalPosition":0,"electedInformation":"ON_SUBSTITUTE_PLACE","totalVotesPercent":0.4,"nominatorName":{"fi":"Suomen Keskusta","sv":"Centern i Finland","en":"Centre Party of Finland"},"caid":60,"position":0,"gender":"1","comparisonData":{"totalVotes":7,"votesTotalChange":-2},"edid":6,"comparativeIndex":0.0,"electionDayVotesPercent":0.8,"nominatorAbbr":{"fi":"KESK","sv":"C","en":"CENT"}},{"age":46,"advanceVotesPercent":0.2,"lastname":"Suuronen","occupation":"myyntipäällikkö","advanceVotes":1,"npid":4,"totalVotes":5,"spid":1,"abbr":"KESK","municipalCouncilor":false,"muid":560,"alid":3,"firstname":"Marko","electionDayVotes":4,"pid":"2","finalPosition":0,"electedInformation":"ON_SUBSTITUTE_PLACE","totalVotesPercent":0.4,"nominatorName":{"fi":"Suomen Keskusta","sv":"Centern i Finland","en":"Centre Party of Finland"},"caid":78,"position":0,"gender":"1","comparisonData":{"totalVotes":57,"votesTotalChange":-52},"edid":6,"comparativeIndex":0.0,"electionDayVotesPercent":0.7,"nominatorAbbr":{"fi":"KESK","sv":"C","en":"CENT"}},{"age":46,"advanceVotesPercent":0.2,"lastname":"Andersin","occupation":"yrittäjä","advanceVotes":1,"npid":9,"totalVotes":5,"spid":99,"abbr":"Muut","municipalCouncilor":false,"muid":560,"alid":8,"firstname":"Mika","electionDayVotes":4,"pid":"5609","finalPosition":0,"electedInformation":"ON_SUBSTITUTE_PLACE","totalVotesPercent":0.4,"nominatorName":{"fi":"Sitoutumaton Orimattila","sv":"Sitoutumaton Orimattila","en":"Sitoutumaton Orimattila"},"caid":110,"position":0,"gender":"1","comparisonData":{"totalVotes":0,"votesTotalChange":5},"edid":6,"comparativeIndex":0.0,"electionDayVotesPercent":0.7,"nominatorAbbr":{"fi":"SO","sv":"SO","en":"SO"}},{"age":28,"advanceVotesPercent":0.0,"lastname":"Silvennoinen","occupation":"puuseppä","advanceVotes":0,"npid":1,"totalVotes":4,"spid":3,"abbr":"PS","municipalCouncilor":false,"muid":560,"alid":1,"firstname":"Joona","electionDayVotes":4,"pid":"23","finalPosition":0,"electedInformation":"ON_SUBSTITUTE_PLACE","totalVotesPercent":0.4,"nominatorName":{"fi":"Perussuomalaiset","sv":"Sannfinländarna","en":"The Finns Party"},"caid":18,"position":0,"gender":"1","comparisonData":{"totalVotes":0,"votesTotalChange":4},"edid":6,"comparativeIndex":0.0,"electionDayVotesPercent":0.7,"nominatorAbbr":{"fi":"PS","sv":"Sannf","en":"FINNS"}},{"age":46,"advanceVotesPercent":0.2,"lastname":"Kettunen","occupation":"diplomi-insinööri, commercial manager","advanceVotes":1,"npid":3,"totalVotes":4,"spid":2,"abbr":"KOK","municipalCouncilor":false,"muid":560,"alid":2,"firstname":"Jukka","electionDayVotes":3,"pid":"4","finalPosition":0,"electedInformation":"ON_SUBSTITUTE_PLACE","totalVotesPercent":0.4,"nominatorName":{"fi":"Kansallinen Kokoomus","sv":"Samlingspartiet","en":"National Coalition Party"},"caid":35,"position":0,"gender":"1","comparisonData":{"totalVotes":0,"votesTotalChange":4},"edid":6,"comparativeIndex":0.0,"electionDayVotesPercent":0.5,"nominatorAbbr":{"fi":"KOK","sv":"Saml","en":"NCP"}},{"age":36,"advanceVotesPercent":0.6,"lastname":"Seppälä","occupation":"talouspäällikkö, yhteiskuntatieteiden maisteri","advanceVotes":3,"npid":3,"totalVotes":4,"spid":2,"abbr":"KOK","municipalCouncilor":false,"muid":560,"alid":2,"firstname":"Jarkko","electionDayVotes":1,"pid":"4","finalPosition":0,"electedInformation":"NOT_ELECTED","totalVotesPercent":0.4,"nominatorName":{"fi":"Kansallinen Kokoomus","sv":"Samlingspartiet","en":"National Coalition Party"},"caid":48,"position":0,"gender":"1","comparisonData":{"totalVotes":13,"votesTotalChange":-9},"edid":6,"comparativeIndex":0.0,"electionDayVotesPercent":0.2,"nominatorAbbr":{"fi":"KOK","sv":"Saml","en":"NCP"}},{"age":34,"advanceVotesPercent":0.6,"lastname":"Tuiskunen","occupation":"maanviljelijä, agrologi AMK","advanceVotes":3,"npid":4,"totalVotes":4,"spid":1,"abbr":"KESK","municipalCouncilor":false,"muid":560,"alid":3,"firstname":"Satu","electionDayVotes":1,"pid":"2","finalPosition":0,"electedInformation":"ON_SUBSTITUTE_PLACE","totalVotesPercent":0.4,"nominatorName":{"fi":"Suomen Keskusta","sv":"Centern i Finland","en":"Centre Party of Finland"},"caid":81,"position":0,"gender":"2","comparisonData":{"totalVotes":0,"votesTotalChange":4},"edid":6,"comparativeIndex":0.0,"electionDayVotesPercent":0.2,"nominatorAbbr":{"fi":"KESK","sv":"C","en":"CENT"}},{"age":52,"advanceVotesPercent":0.6,"lastname":"Kettunen","occupation":"koneasentaja","advanceVotes":3,"npid":5,"totalVotes":4,"spid":4,"abbr":"SDP","municipalCouncilor":false,"muid":560,"alid":4,"firstname":"Jouni","electionDayVotes":1,"pid":"1","finalPosition":0,"electedInformation":"NOT_ELECTED","totalVotesPercent":0.4,"nominatorName":{"fi":"Suomen Sosialidemokraattinen Puolue","sv":"Finlands Socialdemokratiska Parti","en":"The Finnish Social Democratic Party"},"caid":88,"position":0,"gender":"1","comparisonData":{"totalVotes":10,"votesTotalChange":-6},"edid":6,"comparativeIndex":0.0,"electionDayVotesPercent":0.2,"nominatorAbbr":{"fi":"SDP","sv":"SDP","en":"SDP"}},{"age":61,"advanceVotesPercent":0.6,"lastname":"Lahtinen","occupation":"valvomonhoitaja, eläkeläinen","advanceVotes":3,"npid":5,"totalVotes":4,"spid":4,"abbr":"SDP","municipalCouncilor":false,"muid":560,"alid":4,"firstname":"Olavi","electionDayVotes":1,"pid":"1","finalPosition":0,"electedInformation":"NOT_ELECTED","totalVotesPercent":0.4,"nominatorName":{"fi":"Suomen Sosialidemokraattinen Puolue","sv":"Finlands Socialdemokratiska Parti","en":"The Finnish Social Democratic Party"},"caid":92,"position":0,"gender":"1","comparisonData":{"totalVotes":0,"votesTotalChange":4},"edid":6,"comparativeIndex":0.0,"electionDayVotesPercent":0.2,"nominatorAbbr":{"fi":"SDP","sv":"SDP","en":"SDP"}},{"age":38,"advanceVotesPercent":0.0,"lastname":"Virtanen","occupation":"nuoriso- ja vapaa-ajanohjaaja, henkilökohtainen ohjaaja","advanceVotes":0,"npid":9,"totalVotes":4,"spid":99,"abbr":"Muut","municipalCouncilor":false,"muid":560,"alid":8,"firstname":"Heidi","electionDayVotes":4,"pid":"5609","finalPosition":0,"electedInformation":"NOT_ELECTED","totalVotesPercent":0.4,"nominatorName":{"fi":"Sitoutumaton Orimattila","sv":"Sitoutumaton Orimattila","en":"Sitoutumaton Orimattila"},"caid":114,"position":0,"gender":"2","comparisonData":{"totalVotes":0,"votesTotalChange":4},"edid":6,"comparativeIndex":0.0,"electionDayVotesPercent":0.7,"nominatorAbbr":{"fi":"SO","sv":"SO","en":"SO"}},{"age":71,"advanceVotesPercent":0.6,"lastname":"Salo","occupation":"vientisihteeri, eläkeläinen","advanceVotes":3,"npid":1,"totalVotes":3,"spid":3,"abbr":"PS","municipalCouncilor":false,"muid":560,"alid":1,"firstname":"Sirkku","electionDayVotes":0,"pid":"23","finalPosition":0,"electedInformation":"NOT_ELECTED","totalVotesPercent":0.3,"nominatorName":{"fi":"Perussuomalaiset","sv":"Sannfinländarna","en":"The Finns Party"},"caid":16,"position":0,"gender":"2","comparisonData":{"totalVotes":0,"votesTotalChange":3},"edid":6,"comparativeIndex":0.0,"electionDayVotesPercent":0.0,"nominatorAbbr":{"fi":"PS","sv":"Sannf","en":"FINNS"}},{"age":27,"advanceVotesPercent":0.4,"lastname":"Puumala","occupation":"yrittäjä","advanceVotes":2,"npid":3,"totalVotes":3,"spid":2,"abbr":"KOK","municipalCouncilor":false,"muid":560,"alid":2,"firstname":"Katja","electionDayVotes":1,"pid":"4","finalPosition":0,"electedInformation":"NOT_ELECTED","totalVotesPercent":0.3,"nominatorName":{"fi":"Kansallinen Kokoomus","sv":"Samlingspartiet","en":"National Coalition Party"},"caid":43,"position":0,"gender":"2","comparisonData":{"totalVotes":0,"votesTotalChange":3},"edid":6,"comparativeIndex":0.0,"electionDayVotesPercent":0.2,"nominatorAbbr":{"fi":"KOK","sv":"Saml","en":"NCP"}},{"age":57,"advanceVotesPercent":0.4,"lastname":"Anttila","occupation":"maanviljelijä","advanceVotes":2,"npid":4,"totalVotes":3,"spid":1,"abbr":"KESK","municipalCouncilor":true,"muid":560,"alid":3,"firstname":"Ari","electionDayVotes":1,"pid":"2","finalPosition":0,"electedInformation":"ELECTED","totalVotesPercent":0.3,"nominatorName":{"fi":"Suomen Keskusta","sv":"Centern i Finland","en":"Centre Party of Finland"},"caid":56,"position":0,"gender":"1","comparisonData":{"totalVotes":74,"votesTotalChange":-71},"edid":6,"comparativeIndex":0.0,"electionDayVotesPercent":0.2,"nominatorAbbr":{"fi":"KESK","sv":"C","en":"CENT"}},{"age":44,"advanceVotesPercent":0.0,"lastname":"Heikkinen","occupation":"kehitysvammaisten hoitaja","advanceVotes":0,"npid":4,"totalVotes":3,"spid":1,"abbr":"KESK","municipalCouncilor":false,"muid":560,"alid":3,"firstname":"Sanna","electionDayVotes":3,"pid":"2","finalPosition":0,"electedInformation":"ON_SUBSTITUTE_PLACE","totalVotesPercent":0.3,"nominatorName":{"fi":"Suomen Keskusta","sv":"Centern i Finland","en":"Centre Party of Finland"},"caid":57,"position":0,"gender":"2","comparisonData":{"totalVotes":49,"votesTotalChange":-46},"edid":6,"comparativeIndex":0.0,"electionDayVotesPercent":0.5,"nominatorAbbr":{"fi":"KESK","sv":"C","en":"CENT"}},{"age":37,"advanceVotesPercent":0.2,"lastname":"Järvinen","occupation":"arkistonhoitaja","advanceVotes":1,"npid":5,"totalVotes":3,"spid":4,"abbr":"SDP","municipalCouncilor":false,"muid":560,"alid":4,"firstname":"Suvi","electionDayVotes":2,"pid":"1","finalPosition":0,"electedInformation":"NOT_ELECTED","totalVotesPercent":0.3,"nominatorName":{"fi":"Suomen Sosialidemokraattinen Puolue","sv":"Finlands Socialdemokratiska Parti","en":"The Finnish Social Democratic Party"},"caid":86,"position":0,"gender":"2","comparisonData":{"totalVotes":0,"votesTotalChange":3},"edid":6,"comparativeIndex":0.0,"electionDayVotesPercent":0.3,"nominatorAbbr":{"fi":"SDP","sv":"SDP","en":"SDP"}},{"age":23,"advanceVotesPercent":0.0,"lastname":"Maunula","occupation":"lastentarhanopettaja opiskelija","advanceVotes":0,"npid":5,"totalVotes":3,"spid":4,"abbr":"SDP","municipalCouncilor":false,"muid":560,"alid":4,"firstname":"Juho-Pekka","electionDayVotes":3,"pid":"1","finalPosition":0,"electedInformation":"ON_SUBSTITUTE_PLACE","totalVotesPercent":0.3,"nominatorName":{"fi":"Suomen Sosialidemokraattinen Puolue","sv":"Finlands Socialdemokratiska Parti","en":"The Finnish Social Democratic Party"},"caid":95,"position":0,"gender":"1","comparisonData":{"totalVotes":0,"votesTotalChange":3},"edid":6,"comparativeIndex":0.0,"electionDayVotesPercent":0.5,"nominatorAbbr":{"fi":"SDP","sv":"SDP","en":"SDP"}},{"age":34,"advanceVotesPercent":0.2,"lastname":"Törmänen","occupation":"yrittäjä","advanceVotes":1,"npid":10,"totalVotes":3,"spid":99,"abbr":"Muut","municipalCouncilor":false,"muid":560,"alid":9,"firstname":"Johanna","electionDayVotes":2,"pid":"56010","finalPosition":0,"electedInformation":"NOT_ELECTED","totalVotesPercent":0.3,"nominatorName":{"fi":"Johanna Törmänen","sv":"Johanna Törmänen","en":"Johanna Törmänen"},"caid":115,"position":0,"gender":"2","comparisonData":{"totalVotes":0,"votesTotalChange":3},"edid":6,"comparativeIndex":0.0,"electionDayVotesPercent":0.3,"nominatorAbbr":{"fi":"E115","sv":"E115","en":"E115"}},{"age":69,"advanceVotesPercent":0.0,"lastname":"Piiroinen","occupation":"käyttöpäällikkö","advanceVotes":0,"npid":1,"totalVotes":2,"spid":3,"abbr":"PS","municipalCouncilor":false,"muid":560,"alid":1,"firstname":"Keijo","electionDayVotes":2,"pid":"23","finalPosition":0,"electedInformation":"NOT_ELECTED","totalVotesPercent":0.2,"nominatorName":{"fi":"Perussuomalaiset","sv":"Sannfinländarna","en":"The Finns Party"},"caid":13,"position":0,"gender":"1","comparisonData":{"totalVotes":21,"votesTotalChange":-19},"edid":6,"comparativeIndex":0.0,"electionDayVotesPercent":0.3,"nominatorAbbr":{"fi":"PS","sv":"Sannf","en":"FINNS"}},{"age":66,"advanceVotesPercent":0.0,"lastname":"Rissanen","occupation":"talouspäällikkö, eläkeläinen","advanceVotes":0,"npid":2,"totalVotes":2,"spid":8,"abbr":"KD","municipalCouncilor":false,"muid":560,"alid":2,"firstname":"Jaakko","electionDayVotes":2,"pid":"9","finalPosition":0,"electedInformation":"NOT_ELECTED","totalVotesPercent":0.2,"nominatorName":{"fi":"Suomen Kristillisdemokraatit (KD)","sv":"Kristdemokraterna i Finland (KD)","en":"Christian Democrats in Finland"},"caid":22,"position":0,"gender":"1","comparisonData":{"totalVotes":0,"votesTotalChange":2},"edid":6,"comparativeIndex":0.0,"electionDayVotesPercent":0.3,"nominatorAbbr":{"fi":"KD","sv":"KD","en":"CD"}},{"age":60,"advanceVotesPercent":0.2,"lastname":"Aalto","occupation":"kauppatieteiden maisteri","advanceVotes":1,"npid":3,"totalVotes":2,"spid":2,"abbr":"KOK","municipalCouncilor":false,"muid":560,"alid":2,"firstname":"Juha","electionDayVotes":1,"pid":"4","finalPosition":0,"electedInformation":"ON_SUBSTITUTE_PLACE","totalVotesPercent":0.2,"nominatorName":{"fi":"Kansallinen Kokoomus","sv":"Samlingspartiet","en":"National Coalition Party"},"caid":23,"position":0,"gender":"1","comparisonData":{"totalVotes":0,"votesTotalChange":2},"edid":6,"comparativeIndex":0.0,"electionDayVotesPercent":0.2,"nominatorAbbr":{"fi":"KOK","sv":"Saml","en":"NCP"}},{"age":39,"advanceVotesPercent":0.2,"lastname":"Huhtala","occupation":"tuotantojohtaja","advanceVotes":1,"npid":3,"totalVotes":2,"spid":2,"abbr":"KOK","municipalCouncilor":true,"muid":560,"alid":2,"firstname":"Anssi","electionDayVotes":1,"pid":"4","finalPosition":0,"electedInformation":"ON_SUBSTITUTE_PLACE","totalVotesPercent":0.2,"nominatorName":{"fi":"Kansallinen Kokoomus","sv":"Samlingspartiet","en":"National Coalition Party"},"caid":27,"position":0,"gender":"1","comparisonData":{"totalVotes":91,"votesTotalChange":-89},"edid":6,"comparativeIndex":0.0,"electionDayVotesPercent":0.2,"nominatorAbbr":{"fi":"KOK","sv":"Saml","en":"NCP"}},{"age":58,"advanceVotesPercent":0.2,"lastname":"Neuvonen-Rauhala","occupation":"koulutusjohtaja","advanceVotes":1,"npid":3,"totalVotes":2,"spid":2,"abbr":"KOK","municipalCouncilor":false,"muid":560,"alid":2,"firstname":"Marja-Liisa","electionDayVotes":1,"pid":"4","finalPosition":0,"electedInformation":"NOT_ELECTED","totalVotesPercent":0.2,"nominatorName":{"fi":"Kansallinen Kokoomus","sv":"Samlingspartiet","en":"National Coalition Party"},"caid":39,"position":0,"gender":"2","comparisonData":{"totalVotes":31,"votesTotalChange":-29},"edid":6,"comparativeIndex":0.0,"electionDayVotesPercent":0.2,"nominatorAbbr":{"fi":"KOK","sv":"Saml","en":"NCP"}},{"age":65,"advanceVotesPercent":0.2,"lastname":"Rainio","occupation":"toimistosihteeri","advanceVotes":1,"npid":3,"totalVotes":2,"spid":2,"abbr":"KOK","municipalCouncilor":false,"muid":560,"alid":2,"firstname":"Marja","electionDayVotes":1,"pid":"4","finalPosition":0,"electedInformation":"NOT_ELECTED","totalVotesPercent":0.2,"nominatorName":{"fi":"Kansallinen Kokoomus","sv":"Samlingspartiet","en":"National Coalition Party"},"caid":44,"position":0,"gender":"2","comparisonData":{"totalVotes":10,"votesTotalChange":-8},"edid":6,"comparativeIndex":0.0,"electionDayVotesPercent":0.2,"nominatorAbbr":{"fi":"KOK","sv":"Saml","en":"NCP"}},{"age":33,"advanceVotesPercent":0.2,"lastname":"Soinoja","occupation":"upseeri, sotatieteen maisteri","advanceVotes":1,"npid":3,"totalVotes":2,"spid":2,"abbr":"KOK","municipalCouncilor":false,"muid":560,"alid":2,"firstname":"Sami","electionDayVotes":1,"pid":"4","finalPosition":0,"electedInformation":"NOT_ELECTED","totalVotesPercent":0.2,"nominatorName":{"fi":"Kansallinen Kokoomus","sv":"Samlingspartiet","en":"National Coalition Party"},"caid":49,"position":0,"gender":"1","comparisonData":{"totalVotes":0,"votesTotalChange":2},"edid":6,"comparativeIndex":0.0,"electionDayVotesPercent":0.2,"nominatorAbbr":{"fi":"KOK","sv":"Saml","en":"NCP"}},{"age":44,"advanceVotesPercent":0.0,"lastname":"Sundvik","occupation":"yrittäjä","advanceVotes":0,"npid":3,"totalVotes":2,"spid":2,"abbr":"KOK","municipalCouncilor":false,"muid":560,"alid":2,"firstname":"Kim","electionDayVotes":2,"pid":"4","finalPosition":0,"electedInformation":"NOT_ELECTED","totalVotesPercent":0.2,"nominatorName":{"fi":"Kansallinen Kokoomus","sv":"Samlingspartiet","en":"National Coalition Party"},"caid":50,"position":0,"gender":"1","comparisonData":{"totalVotes":0,"votesTotalChange":2},"edid":6,"comparativeIndex":0.0,"electionDayVotesPercent":0.3,"nominatorAbbr":{"fi":"KOK","sv":"Saml","en":"NCP"}},{"age":65,"advanceVotesPercent":0.4,"lastname":"Koskela","occupation":"agrologi","advanceVotes":2,"npid":4,"totalVotes":2,"spid":1,"abbr":"KESK","municipalCouncilor":false,"muid":560,"alid":3,"firstname":"Markku","electionDayVotes":0,"pid":"2","finalPosition":0,"electedInformation":"ON_SUBSTITUTE_PLACE","totalVotesPercent":0.2,"nominatorName":{"fi":"Suomen Keskusta","sv":"Centern i Finland","en":"Centre Party of Finland"},"caid":62,"position":0,"gender":"1","comparisonData":{"totalVotes":47,"votesTotalChange":-45},"edid":6,"comparativeIndex":0.0,"electionDayVotesPercent":0.0,"nominatorAbbr":{"fi":"KESK","sv":"C","en":"CENT"}},{"age":36,"advanceVotesPercent":0.0,"lastname":"Vilja","occupation":"yrittäjä","advanceVotes":0,"npid":5,"totalVotes":2,"spid":4,"abbr":"SDP","municipalCouncilor":false,"muid":560,"alid":4,"firstname":"Sini","electionDayVotes":2,"pid":"1","finalPosition":0,"electedInformation":"NOT_ELECTED","totalVotesPercent":0.2,"nominatorName":{"fi":"Suomen Sosialidemokraattinen Puolue","sv":"Finlands Socialdemokratiska Parti","en":"The Finnish Social Democratic Party"},"caid":99,"position":0,"gender":"2","comparisonData":{"totalVotes":0,"votesTotalChange":2},"edid":6,"comparativeIndex":0.0,"electionDayVotesPercent":0.3,"nominatorAbbr":{"fi":"SDP","sv":"SDP","en":"SDP"}},{"age":53,"advanceVotesPercent":0.0,"lastname":"Åkerman","occupation":"yrittäjä","advanceVotes":0,"npid":9,"totalVotes":2,"spid":99,"abbr":"Muut","municipalCouncilor":false,"muid":560,"alid":8,"firstname":"Marjut","electionDayVotes":2,"pid":"5609","finalPosition":0,"electedInformation":"NOT_ELECTED","totalVotesPercent":0.2,"nominatorName":{"fi":"Sitoutumaton Orimattila","sv":"Sitoutumaton Orimattila","en":"Sitoutumaton Orimattila"},"caid":108,"position":0,"gender":"2","comparisonData":{"totalVotes":0,"votesTotalChange":2},"edid":6,"comparativeIndex":0.0,"electionDayVotesPercent":0.3,"nominatorAbbr":{"fi":"SO","sv":"SO","en":"SO"}},{"age":50,"advanceVotesPercent":0.4,"lastname":"Koskelainen","occupation":"yrittäjä","advanceVotes":2,"npid":9,"totalVotes":2,"spid":99,"abbr":"Muut","municipalCouncilor":false,"muid":560,"alid":8,"firstname":"Harri","electionDayVotes":0,"pid":"5609","finalPosition":0,"electedInformation":"NOT_ELECTED","totalVotesPercent":0.2,"nominatorName":{"fi":"Sitoutumaton Orimattila","sv":"Sitoutumaton Orimattila","en":"Sitoutumaton Orimattila"},"caid":112,"position":0,"gender":"1","comparisonData":{"totalVotes":0,"votesTotalChange":2},"edid":6,"comparativeIndex":0.0,"electionDayVotesPercent":0.0,"nominatorAbbr":{"fi":"SO","sv":"SO","en":"SO"}},{"age":64,"advanceVotesPercent":0.2,"lastname":"Hallalehto","occupation":"eläkeläinen","advanceVotes":1,"npid":1,"totalVotes":1,"spid":3,"abbr":"PS","municipalCouncilor":false,"muid":560,"alid":1,"firstname":"Olavi","electionDayVotes":0,"pid":"23","finalPosition":0,"electedInformation":"NOT_ELECTED","totalVotesPercent":0.1,"nominatorName":{"fi":"Perussuomalaiset","sv":"Sannfinländarna","en":"The Finns Party"},"caid":4,"position":0,"gender":"1","comparisonData":{"totalVotes":0,"votesTotalChange":1},"edid":6,"comparativeIndex":0.0,"electionDayVotesPercent":0.0,"nominatorAbbr":{"fi":"PS","sv":"Sannf","en":"FINNS"}},{"age":79,"advanceVotesPercent":0.0,"lastname":"Hiltunen","occupation":"osastonhoitaja","advanceVotes":0,"npid":1,"totalVotes":1,"spid":3,"abbr":"PS","municipalCouncilor":false,"muid":560,"alid":1,"firstname":"Onni","electionDayVotes":1,"pid":"23","finalPosition":0,"electedInformation":"NOT_ELECTED","totalVotesPercent":0.1,"nominatorName":{"fi":"Perussuomalaiset","sv":"Sannfinländarna","en":"The Finns Party"},"caid":5,"position":0,"gender":"1","comparisonData":{"totalVotes":19,"votesTotalChange":-18},"edid":6,"comparativeIndex":0.0,"electionDayVotesPercent":0.2,"nominatorAbbr":{"fi":"PS","sv":"Sannf","en":"FINNS"}},{"age":49,"advanceVotesPercent":0.0,"lastname":"Korva","occupation":"linja-autonkuljettaja","advanceVotes":0,"npid":1,"totalVotes":1,"spid":3,"abbr":"PS","municipalCouncilor":false,"muid":560,"alid":1,"firstname":"Harri","electionDayVotes":1,"pid":"23","finalPosition":0,"electedInformation":"NOT_ELECTED","totalVotesPercent":0.1,"nominatorName":{"fi":"Perussuomalaiset","sv":"Sannfinländarna","en":"The Finns Party"},"caid":8,"position":0,"gender":"1","comparisonData":{"totalVotes":24,"votesTotalChange":-23},"edid":6,"comparativeIndex":0.0,"electionDayVotesPercent":0.2,"nominatorAbbr":{"fi":"PS","sv":"Sannf","en":"FINNS"}},{"age":72,"advanceVotesPercent":0.2,"lastname":"Lassila","occupation":"eläkeläinen, yrittäjä","advanceVotes":1,"npid":1,"totalVotes":1,"spid":3,"abbr":"PS","municipalCouncilor":false,"muid":560,"alid":1,"firstname":"Aarre","electionDayVotes":0,"pid":"23","finalPosition":0,"electedInformation":"ON_SUBSTITUTE_PLACE","totalVotesPercent":0.1,"nominatorName":{"fi":"Perussuomalaiset","sv":"Sannfinländarna","en":"The Finns Party"},"caid":9,"position":0,"gender":"1","comparisonData":{"totalVotes":0,"votesTotalChange":1},"edid":6,"comparativeIndex":0.0,"electionDayVotesPercent":0.0,"nominatorAbbr":{"fi":"PS","sv":"Sannf","en":"FINNS"}},{"age":48,"advanceVotesPercent":0.0,"lastname":"Gripenberg","occupation":"toimistosihteeri","advanceVotes":0,"npid":3,"totalVotes":1,"spid":2,"abbr":"KOK","municipalCouncilor":false,"muid":560,"alid":2,"firstname":"Marianna","electionDayVotes":1,"pid":"4","finalPosition":0,"electedInformation":"NOT_ELECTED","totalVotesPercent":0.1,"nominatorName":{"fi":"Kansallinen Kokoomus","sv":"Samlingspartiet","en":"National Coalition Party"},"caid":24,"position":0,"gender":"2","comparisonData":{"totalVotes":9,"votesTotalChange":-8},"edid":6,"comparativeIndex":0.0,"electionDayVotesPercent":0.2,"nominatorAbbr":{"fi":"KOK","sv":"Saml","en":"NCP"}},{"age":47,"advanceVotesPercent":0.2,"lastname":"Koivisto","occupation":"maanviljelijä","advanceVotes":1,"npid":3,"totalVotes":1,"spid":2,"abbr":"KOK","municipalCouncilor":true,"muid":560,"alid":2,"firstname":"Kimmo","electionDayVotes":0,"pid":"4","finalPosition":0,"electedInformation":"NOT_ELECTED","totalVotesPercent":0.1,"nominatorName":{"fi":"Kansallinen Kokoomus","sv":"Samlingspartiet","en":"National Coalition Party"},"caid":36,"position":0,"gender":"1","comparisonData":{"totalVotes":51,"votesTotalChange":-50},"edid":6,"comparativeIndex":0.0,"electionDayVotesPercent":0.0,"nominatorAbbr":{"fi":"KOK","sv":"Saml","en":"NCP"}},{"age":53,"advanceVotesPercent":0.0,"lastname":"Venho","occupation":"yrittäjä","advanceVotes":0,"npid":3,"totalVotes":1,"spid":2,"abbr":"KOK","municipalCouncilor":false,"muid":560,"alid":2,"firstname":"Lasse","electionDayVotes":1,"pid":"4","finalPosition":0,"electedInformation":"NOT_ELECTED","totalVotesPercent":0.1,"nominatorName":{"fi":"Kansallinen Kokoomus","sv":"Samlingspartiet","en":"National Coalition Party"},"caid":53,"position":0,"gender":"1","comparisonData":{"totalVotes":0,"votesTotalChange":1},"edid":6,"comparativeIndex":0.0,"electionDayVotesPercent":0.2,"nominatorAbbr":{"fi":"KOK","sv":"Saml","en":"NCP"}},{"age":57,"advanceVotesPercent":0.0,"lastname":"Väisänen","occupation":"automyyjä","advanceVotes":0,"npid":3,"totalVotes":1,"spid":2,"abbr":"KOK","municipalCouncilor":false,"muid":560,"alid":2,"firstname":"Timo","electionDayVotes":1,"pid":"4","finalPosition":0,"electedInformation":"NOT_ELECTED","totalVotesPercent":0.1,"nominatorName":{"fi":"Kansallinen Kokoomus","sv":"Samlingspartiet","en":"National Coalition Party"},"caid":55,"position":0,"gender":"1","comparisonData":{"totalVotes":7,"votesTotalChange":-6},"edid":6,"comparativeIndex":0.0,"electionDayVotesPercent":0.2,"nominatorAbbr":{"fi":"KOK","sv":"Saml","en":"NCP"}},{"age":45,"advanceVotesPercent":0.0,"lastname":"Parkkinen","occupation":"bioanalyytikko, ihoterapeutti","advanceVotes":0,"npid":4,"totalVotes":1,"spid":1,"abbr":"KESK","municipalCouncilor":false,"muid":560,"alid":3,"firstname":"Paula","electionDayVotes":1,"pid":"2","finalPosition":0,"electedInformation":"NOT_ELECTED","totalVotesPercent":0.1,"nominatorName":{"fi":"Suomen Keskusta","sv":"Centern i Finland","en":"Centre Party of Finland"},"caid":74,"position":0,"gender":"2","comparisonData":{"totalVotes":6,"votesTotalChange":-5},"edid":6,"comparativeIndex":0.0,"electionDayVotesPercent":0.2,"nominatorAbbr":{"fi":"KESK","sv":"C","en":"CENT"}},{"age":72,"advanceVotesPercent":0.2,"lastname":"Leino","occupation":"kiinteistönhoitaja, eläkeläinen","advanceVotes":1,"npid":5,"totalVotes":1,"spid":4,"abbr":"SDP","municipalCouncilor":false,"muid":560,"alid":4,"firstname":"Jorma","electionDayVotes":0,"pid":"1","finalPosition":0,"electedInformation":"NOT_ELECTED","totalVotesPercent":0.1,"nominatorName":{"fi":"Suomen Sosialidemokraattinen Puolue","sv":"Finlands Socialdemokratiska Parti","en":"The Finnish Social Democratic Party"},"caid":94,"position":0,"gender":"1","comparisonData":{"totalVotes":22,"votesTotalChange":-21},"edid":6,"comparativeIndex":0.0,"electionDayVotesPercent":0.0,"nominatorAbbr":{"fi":"SDP","sv":"SDP","en":"SDP"}},{"age":54,"advanceVotesPercent":0.0,"lastname":"Turunen","occupation":"putkiasentaja","advanceVotes":0,"npid":5,"totalVotes":1,"spid":4,"abbr":"SDP","municipalCouncilor":false,"muid":560,"alid":4,"firstname":"Timo","electionDayVotes":1,"pid":"1","finalPosition":0,"electedInformation":"ON_SUBSTITUTE_PLACE","totalVotesPercent":0.1,"nominatorName":{"fi":"Suomen Sosialidemokraattinen Puolue","sv":"Finlands Socialdemokratiska Parti","en":"The Finnish Social Democratic Party"},"caid":98,"position":0,"gender":"1","comparisonData":{"totalVotes":34,"votesTotalChange":-33},"edid":6,"comparativeIndex":0.0,"electionDayVotesPercent":0.2,"nominatorAbbr":{"fi":"SDP","sv":"SDP","en":"SDP"}},{"age":73,"advanceVotesPercent":0.0,"lastname":"Kaivola","occupation":"eläkeläinen","advanceVotes":0,"npid":1,"totalVotes":0,"spid":3,"abbr":"PS","municipalCouncilor":false,"muid":560,"alid":1,"firstname":"Simo","electionDayVotes":0,"pid":"23","finalPosition":0,"electedInformation":"NOT_ELECTED","totalVotesPercent":0.0,"nominatorName":{"fi":"Perussuomalaiset","sv":"Sannfinländarna","en":"The Finns Party"},"caid":6,"position":0,"gender":"1","comparisonData":{"totalVotes":30,"votesTotalChange":-30},"edid":6,"comparativeIndex":0.0,"electionDayVotesPercent":0.0,"nominatorAbbr":{"fi":"PS","sv":"Sannf","en":"FINNS"}},{"age":74,"advanceVotesPercent":0.0,"lastname":"Mechelin","occupation":"telemekaanikko, eläkeläinen","advanceVotes":0,"npid":1,"totalVotes":0,"spid":3,"abbr":"PS","municipalCouncilor":false,"muid":560,"alid":1,"firstname":"Kalevi","electionDayVotes":0,"pid":"23","finalPosition":0,"electedInformation":"NOT_ELECTED","totalVotesPercent":0.0,"nominatorName":{"fi":"Perussuomalaiset","sv":"Sannfinländarna","en":"The Finns Party"},"caid":11,"position":0,"gender":"1","comparisonData":{"totalVotes":2,"votesTotalChange":-2},"edid":6,"comparativeIndex":0.0,"electionDayVotesPercent":0.0,"nominatorAbbr":{"fi":"PS","sv":"Sannf","en":"FINNS"}},{"age":59,"advanceVotesPercent":0.0,"lastname":"Ovaska","occupation":"operaattori","advanceVotes":0,"npid":1,"totalVotes":0,"spid":3,"abbr":"PS","municipalCouncilor":false,"muid":560,"alid":1,"firstname":"Harri","electionDayVotes":0,"pid":"23","finalPosition":0,"electedInformation":"NOT_ELECTED","totalVotesPercent":0.0,"nominatorName":{"fi":"Perussuomalaiset","sv":"Sannfinländarna","en":"The Finns Party"},"caid":12,"position":0,"gender":"1","comparisonData":{"totalVotes":0,"votesTotalChange":0},"edid":6,"comparativeIndex":0.0,"electionDayVotesPercent":0.0,"nominatorAbbr":{"fi":"PS","sv":"Sannf","en":"FINNS"}},{"age":40,"advanceVotesPercent":0.0,"lastname":"Hanhela","occupation":"sairaanhoitaja AMK","advanceVotes":0,"npid":3,"totalVotes":0,"spid":2,"abbr":"KOK","municipalCouncilor":false,"muid":560,"alid":2,"firstname":"Jenni","electionDayVotes":0,"pid":"4","finalPosition":0,"electedInformation":"NOT_ELECTED","totalVotesPercent":0.0,"nominatorName":{"fi":"Kansallinen Kokoomus","sv":"Samlingspartiet","en":"National Coalition Party"},"caid":26,"position":0,"gender":"2","comparisonData":{"totalVotes":56,"votesTotalChange":-56},"edid":6,"comparativeIndex":0.0,"electionDayVotesPercent":0.0,"nominatorAbbr":{"fi":"KOK","sv":"Saml","en":"NCP"}},{"age":26,"advanceVotesPercent":0.0,"lastname":"Kananen","occupation":"yrittäjä","advanceVotes":0,"npid":3,"totalVotes":0,"spid":2,"abbr":"KOK","municipalCouncilor":false,"muid":560,"alid":2,"firstname":"Juho","electionDayVotes":0,"pid":"4","finalPosition":0,"electedInformation":"NOT_ELECTED","totalVotesPercent":0.0,"nominatorName":{"fi":"Kansallinen Kokoomus","sv":"Samlingspartiet","en":"National Coalition Party"},"caid":31,"position":0,"gender":"1","comparisonData":{"totalVotes":0,"votesTotalChange":0},"edid":6,"comparativeIndex":0.0,"electionDayVotesPercent":0.0,"nominatorAbbr":{"fi":"KOK","sv":"Saml","en":"NCP"}},{"age":39,"advanceVotesPercent":0.0,"lastname":"Planting","occupation":"tullitarkastaja","advanceVotes":0,"npid":3,"totalVotes":0,"spid":2,"abbr":"KOK","municipalCouncilor":false,"muid":560,"alid":2,"firstname":"Jussi","electionDayVotes":0,"pid":"4","finalPosition":0,"electedInformation":"NOT_ELECTED","totalVotesPercent":0.0,"nominatorName":{"fi":"Kansallinen Kokoomus","sv":"Samlingspartiet","en":"National Coalition Party"},"caid":42,"position":0,"gender":"1","comparisonData":{"totalVotes":0,"votesTotalChange":0},"edid":6,"comparativeIndex":0.0,"electionDayVotesPercent":0.0,"nominatorAbbr":{"fi":"KOK","sv":"Saml","en":"NCP"}},{"age":64,"advanceVotesPercent":0.0,"lastname":"Ritala","occupation":"yrittäjä, asiantuntija","advanceVotes":0,"npid":3,"totalVotes":0,"spid":2,"abbr":"KOK","municipalCouncilor":false,"muid":560,"alid":2,"firstname":"Leena","electionDayVotes":0,"pid":"4","finalPosition":0,"electedInformation":"NOT_ELECTED","totalVotesPercent":0.0,"nominatorName":{"fi":"Kansallinen Kokoomus","sv":"Samlingspartiet","en":"National Coalition Party"},"caid":45,"position":0,"gender":"2","comparisonData":{"totalVotes":38,"votesTotalChange":-38},"edid":6,"comparativeIndex":0.0,"electionDayVotesPercent":0.0,"nominatorAbbr":{"fi":"KOK","sv":"Saml","en":"NCP"}},{"age":46,"advanceVotesPercent":0.0,"lastname":"Kallio","occupation":"maanviljelijä","advanceVotes":0,"npid":4,"totalVotes":0,"spid":1,"abbr":"KESK","municipalCouncilor":false,"muid":560,"alid":3,"firstname":"Riku","electionDayVotes":0,"pid":"2","finalPosition":0,"electedInformation":"NOT_ELECTED","totalVotesPercent":0.0,"nominatorName":{"fi":"Suomen Keskusta","sv":"Centern i Finland","en":"Centre Party of Finland"},"caid":59,"position":0,"gender":"1","comparisonData":{"totalVotes":10,"votesTotalChange":-10},"edid":6,"comparativeIndex":0.0,"electionDayVotesPercent":0.0,"nominatorAbbr":{"fi":"KESK","sv":"C","en":"CENT"}},{"age":47,"advanceVotesPercent":0.0,"lastname":"Koivisto","occupation":"maanviljelijä","advanceVotes":0,"npid":4,"totalVotes":0,"spid":1,"abbr":"KESK","municipalCouncilor":false,"muid":560,"alid":3,"firstname":"Roope","electionDayVotes":0,"pid":"2","finalPosition":0,"electedInformation":"NOT_ELECTED","totalVotesPercent":0.0,"nominatorName":{"fi":"Suomen Keskusta","sv":"Centern i Finland","en":"Centre Party of Finland"},"caid":61,"position":0,"gender":"1","comparisonData":{"totalVotes":12,"votesTotalChange":-12},"edid":6,"comparativeIndex":0.0,"electionDayVotesPercent":0.0,"nominatorAbbr":{"fi":"KESK","sv":"C","en":"CENT"}},{"age":73,"advanceVotesPercent":0.0,"lastname":"Kyrö","occupation":"eläkeläinen","advanceVotes":0,"npid":4,"totalVotes":0,"spid":1,"abbr":"KESK","municipalCouncilor":false,"muid":560,"alid":3,"firstname":"Reijo","electionDayVotes":0,"pid":"2","finalPosition":0,"electedInformation":"NOT_ELECTED","totalVotesPercent":0.0,"nominatorName":{"fi":"Suomen Keskusta","sv":"Centern i Finland","en":"Centre Party of Finland"},"caid":64,"position":0,"gender":"1","comparisonData":{"totalVotes":0,"votesTotalChange":0},"edid":6,"comparativeIndex":0.0,"electionDayVotesPercent":0.0,"nominatorAbbr":{"fi":"KESK","sv":"C","en":"CENT"}},{"age":67,"advanceVotesPercent":0.0,"lastname":"Kyöstilä","occupation":"maanviljelijä","advanceVotes":0,"npid":4,"totalVotes":0,"spid":1,"abbr":"KESK","municipalCouncilor":false,"muid":560,"alid":3,"firstname":"Mauri","electionDayVotes":0,"pid":"2","finalPosition":0,"electedInformation":"NOT_ELECTED","totalVotesPercent":0.0,"nominatorName":{"fi":"Suomen Keskusta","sv":"Centern i Finland","en":"Centre Party of Finland"},"caid":65,"position":0,"gender":"1","comparisonData":{"totalVotes":16,"votesTotalChange":-16},"edid":6,"comparativeIndex":0.0,"electionDayVotesPercent":0.0,"nominatorAbbr":{"fi":"KESK","sv":"C","en":"CENT"}},{"age":37,"advanceVotesPercent":0.0,"lastname":"Mäkelä","occupation":"yrittäjä","advanceVotes":0,"npid":4,"totalVotes":0,"spid":1,"abbr":"KESK","municipalCouncilor":false,"muid":560,"alid":3,"firstname":"Joel","electionDayVotes":0,"pid":"2","finalPosition":0,"electedInformation":"NOT_ELECTED","totalVotesPercent":0.0,"nominatorName":{"fi":"Suomen Keskusta","sv":"Centern i Finland","en":"Centre Party of Finland"},"caid":68,"position":0,"gender":"1","comparisonData":{"totalVotes":21,"votesTotalChange":-21},"edid":6,"comparativeIndex":0.0,"electionDayVotesPercent":0.0,"nominatorAbbr":{"fi":"KESK","sv":"C","en":"CENT"}},{"age":55,"advanceVotesPercent":0.0,"lastname":"Nyman","occupation":"toimitusjohtaja","advanceVotes":0,"npid":4,"totalVotes":0,"spid":1,"abbr":"KESK","municipalCouncilor":false,"muid":560,"alid":3,"firstname":"Pasi","electionDayVotes":0,"pid":"2","finalPosition":0,"electedInformation":"NOT_ELECTED","totalVotesPercent":0.0,"nominatorName":{"fi":"Suomen Keskusta","sv":"Centern i Finland","en":"Centre Party of Finland"},"caid":72,"position":0,"gender":"1","comparisonData":{"totalVotes":0,"votesTotalChange":0},"edid":6,"comparativeIndex":0.0,"electionDayVotesPercent":0.0,"nominatorAbbr":{"fi":"KESK","sv":"C","en":"CENT"}},{"age":30,"advanceVotesPercent":0.0,"lastname":"Rönkkö","occupation":"yrittäjä, sähköasentaja","advanceVotes":0,"npid":4,"totalVotes":0,"spid":1,"abbr":"KESK","municipalCouncilor":false,"muid":560,"alid":3,"firstname":"Ilpo","electionDayVotes":0,"pid":"2","finalPosition":0,"electedInformation":"ON_SUBSTITUTE_PLACE","totalVotesPercent":0.0,"nominatorName":{"fi":"Suomen Keskusta","sv":"Centern i Finland","en":"Centre Party of Finland"},"caid":75,"position":0,"gender":"1","comparisonData":{"totalVotes":11,"votesTotalChange":-11},"edid":6,"comparativeIndex":0.0,"electionDayVotesPercent":0.0,"nominatorAbbr":{"fi":"KESK","sv":"C","en":"CENT"}},{"age":65,"advanceVotesPercent":0.0,"lastname":"Salmén","occupation":"eläkeläinen, yrittäjä","advanceVotes":0,"npid":4,"totalVotes":0,"spid":1,"abbr":"KESK","municipalCouncilor":false,"muid":560,"alid":3,"firstname":"Raimo","electionDayVotes":0,"pid":"2","finalPosition":0,"electedInformation":"NOT_ELECTED","totalVotesPercent":0.0,"nominatorName":{"fi":"Suomen Keskusta","sv":"Centern i Finland","en":"Centre Party of Finland"},"caid":77,"position":0,"gender":"1","comparisonData":{"totalVotes":0,"votesTotalChange":0},"edid":6,"comparativeIndex":0.0,"electionDayVotesPercent":0.0,"nominatorAbbr":{"fi":"KESK","sv":"C","en":"CENT"}},{"age":49,"advanceVotesPercent":0.0,"lastname":"Taavila","occupation":"yrittäjä","advanceVotes":0,"npid":4,"totalVotes":0,"spid":1,"abbr":"KESK","municipalCouncilor":false,"muid":560,"alid":3,"firstname":"Marko","electionDayVotes":0,"pid":"2","finalPosition":0,"electedInformation":"ON_SUBSTITUTE_PLACE","totalVotesPercent":0.0,"nominatorName":{"fi":"Suomen Keskusta","sv":"Centern i Finland","en":"Centre Party of Finland"},"caid":79,"position":0,"gender":"1","comparisonData":{"totalVotes":0,"votesTotalChange":0},"edid":6,"comparativeIndex":0.0,"electionDayVotesPercent":0.0,"nominatorAbbr":{"fi":"KESK","sv":"C","en":"CENT"}},{"age":38,"advanceVotesPercent":0.0,"lastname":"Hänninen","occupation":"tradenomi","advanceVotes":0,"npid":5,"totalVotes":0,"spid":4,"abbr":"SDP","municipalCouncilor":false,"muid":560,"alid":4,"firstname":"Jarmo","electionDayVotes":0,"pid":"1","finalPosition":0,"electedInformation":"NOT_ELECTED","totalVotesPercent":0.0,"nominatorName":{"fi":"Suomen Sosialidemokraattinen Puolue","sv":"Finlands Socialdemokratiska Parti","en":"The Finnish Social Democratic Party"},"caid":84,"position":0,"gender":"1","comparisonData":{"totalVotes":0,"votesTotalChange":0},"edid":6,"comparativeIndex":0.0,"electionDayVotesPercent":0.0,"nominatorAbbr":{"fi":"SDP","sv":"SDP","en":"SDP"}}],"municipalityPollingDistricts":[{"name":{"fi":"Artjärvi","sv":"Artjärvi"},"calculationStatusPercent":38.6,"joinedArea":false,"muid":560,"totalVotingInFinlandTurnout":52.5,"identification":"001","pdid":"001","eligibleVotersInFinlandTotal":1649,"edid":6,"mergedToPdid":""},{"name":{"fi":"Keskusta","sv":"Keskusta"},"calculationStatusPercent":52.1,"joinedArea":false,"muid":560,"totalVotingInFinlandTurnout":47.2,"identification":"002","pdid":"002","eligibleVotersInFinlandTotal":2616,"edid":6,"mergedToPdid":""},{"name":{"fi":"Koivula-Myllylä","sv":"Koivula-Myllylä"},"calculationStatusPercent":51.0,"joinedArea":false,"muid":560,"totalVotingInFinlandTurnout":54.4,"identification":"003","pdid":"003","eligibleVotersInFinlandTotal":2440,"edid":6,"mergedToPdid":""},{"name":{"fi":"Käkelä","sv":"Käkelä"},"calculationStatusPercent":49.7,"joinedArea":false,"muid":560,"totalVotingInFinlandTurnout":57.5,"identification":"004","pdid":"004","eligibleVotersInFinlandTotal":2725,"edid":6,"mergedToPdid":""},{"name":{"fi":"Pennala-Virenoja","sv":"Pennala-Virenoja"},"calculationStatusPercent":44.4,"joinedArea":false,"muid":560,"totalVotingInFinlandTurnout":55.1,"identification":"005","pdid":"005","eligibleVotersInFinlandTotal":1440,"edid":6,"mergedToPdid":""},{"name":{"fi":"Tönnö","sv":"Tönnö"},"calculationStatusPercent":100.0,"joinedArea":false,"muid":560,"totalVotingInFinlandTurnout":57.4,"identification":"006","pdid":"006","eligibleVotersInFinlandTotal":1958,"edid":6,"mergedToPdid":""}],"municipality":{"muid":560,"edid":6,"name":{"fi":"Orimattila","sv":"Orimattila"}}}