{"version":57,"created":"2017-04-09T21:32:27.870Z","electionDetails":{"electionId":"kv2017","electionDate":"2017-04-09T00:00:00.000Z","electionDataPublishTime":"2017-04-09T17:00:00.000Z","name":{"fi":"Kuntavaalit 2017","sv":"Kommunalval 2017","en":"Elections 2017"},"previousElections":{"correspondingCompareElection":{"electionId":"kv2012","electionDate":"2012-10-28T00:00:00.000Z","name":{"fi":"Kuntavaalit 2012","en":"Municipal elections 2012","sv":"Kommunalval 2012"}},"otherCompareElection":{"electionId":"ev2015","electionDate":"2015-04-19T00:00:00.000Z","name":{"fi":"Eduskuntavaalit 2015","en":"Parliamentary election 2015","sv":"Riksdagsval 2015"}}}},"calculationStatus":{"electionDayVotingTurnout":30.0,"invalidAdvanceVotes":9,"calculationPhase":"INITIAL","invalidElectionDayVotes":10,"approvedAdvanceVotes":1047,"advanceVotingTurnout":26.3,"totalVotingTurnoutAbroad":0.0,"name":{"fi":"Toijalan läntinen","sv":"Toijalan läntinen"},"calculationStatusPercent":100.0,"advanceVotes":1056,"electionDayVotingTurnoutAbroad":0.0,"approvedTotalVotes":2241,"totalVotes":2260,"muid":20,"totalVotingInFinlandTurnout":56.3,"advanceVotingTurnoutAbroad":0.0,"invalidTotalVotes":19,"totalVotingTurnout":56.3,"electionDayVotes":1204,"electionDayVotesInFinland":1204,"pdid":"001","totalVotesInFinlandMen":0,"eligibleVotersInFinlandTotal":4016,"calculationStatusPercentElectionDayVotes":100.0,"sourceRecordModificationTime":"20170409215249","otherCompareElection":{"eid":"","eligibleVotersInFinlandTotal":0,"advanceVotingInFinlandTurnout":0.0,"electionDayVotingInFinlandTurnout":0.0,"totalVotingInFinlandTurnout":0.0,"approvedVotesTotal":0,"invalidVotesTotal":0},"correspondingCompareElection":{"eid":"","eligibleVotersInFinlandTotal":0,"advanceVotingInFinlandTurnout":0.0,"electionDayVotingInFinlandTurnout":0.0,"totalVotingInFinlandTurnout":0.0,"approvedVotesTotal":0,"invalidVotesTotal":0,"seats":0},"approvedElectionDayVotes":1194,"edid":7,"calculationStatusPercentAdvanceVotes":100.0,"electionDayVotingInFinlandTurnout":30.0,"seats":0,"eligibleVotersTotal":4016,"advanceVotesInFinland":1056,"advanceVotingInFinlandTurnout":26.3,"totalVotesInFinland":2260},"partyResults":[{"advanceVotesPercent":37.8,"name":{"fi":"Suomen Sosialidemokraattinen Puolue","sv":"Finlands Socialdemokratiska Parti","en":"The Finnish Social Democratic Party"},"advanceVotes":396,"npid":2,"totalVotes":729,"spid":4,"abbr":{"fi":"SDP","sv":"SDP","en":"SDP"},"alid":2,"electionDayVotes":333,"pid":"1","totalVotesPercent":32.5,"nominatorName":{"fi":"Suomen Sosialidemokraattinen Puolue","sv":"Finlands Socialdemokratiska Parti","en":"The Finnish Social Democratic Party"},"compareData":{"otherCompareElection":{"votesTotalChange":0,"votesTotalPercentChange":0.0,"votesTotal":729,"votesTotalPercent":32.5},"correspondingCompareElection":{"votesTotalChange":0,"votesTotalPercentChange":0.0,"seatChange":0,"votesTotal":729,"votesTotalPercent":32.5,"seatsTotal":0}},"seats":0,"electionDayVotesPercent":27.9,"nominatorAbbr":{"fi":"SDP","sv":"SDP","en":"SDP"}},{"advanceVotesPercent":29.4,"name":{"fi":"Kansallinen Kokoomus","sv":"Samlingspartiet","en":"National Coalition Party"},"advanceVotes":308,"npid":7,"totalVotes":686,"spid":2,"abbr":{"fi":"KOK","sv":"Saml","en":"NCP"},"alid":5,"electionDayVotes":378,"pid":"4","totalVotesPercent":30.6,"nominatorName":{"fi":"Kansallinen Kokoomus","sv":"Samlingspartiet","en":"National Coalition Party"},"compareData":{"otherCompareElection":{"votesTotalChange":0,"votesTotalPercentChange":0.0,"votesTotal":686,"votesTotalPercent":30.6},"correspondingCompareElection":{"votesTotalChange":0,"votesTotalPercentChange":0.0,"seatChange":0,"votesTotal":686,"votesTotalPercent":30.6,"seatsTotal":0}},"seats":0,"electionDayVotesPercent":31.7,"nominatorAbbr":{"fi":"KOK","sv":"Saml","en":"NCP"}},{"advanceVotesPercent":8.6,"name":{"fi":"Vihreä liitto","sv":"Gröna förbundet","en":"Green League"},"advanceVotes":90,"npid":1,"totalVotes":282,"spid":5,"abbr":{"fi":"VIHR","sv":"Gröna","en":"GREEN"},"alid":1,"electionDayVotes":192,"pid":"13","totalVotesPercent":12.6,"nominatorName":{"fi":"Vihreä liitto","sv":"Gröna förbundet","en":"Green League"},"compareData":{"otherCompareElection":{"votesTotalChange":0,"votesTotalPercentChange":0.0,"votesTotal":282,"votesTotalPercent":12.6},"correspondingCompareElection":{"votesTotalChange":0,"votesTotalPercentChange":0.0,"seatChange":0,"votesTotal":282,"votesTotalPercent":12.6,"seatsTotal":0}},"seats":0,"electionDayVotesPercent":16.1,"nominatorAbbr":{"fi":"VIHR","sv":"Gröna","en":"GREEN"}},{"advanceVotesPercent":8.1,"name":{"fi":"Suomen Keskusta","sv":"Centern i Finland","en":"Centre Party of Finland"},"advanceVotes":85,"npid":3,"totalVotes":178,"spid":1,"abbr":{"fi":"KESK","sv":"C","en":"CENT"},"alid":3,"electionDayVotes":93,"pid":"2","totalVotesPercent":7.9,"nominatorName":{"fi":"Suomen Keskusta","sv":"Centern i Finland","en":"Centre Party of Finland"},"compareData":{"otherCompareElection":{"votesTotalChange":0,"votesTotalPercentChange":0.0,"votesTotal":178,"votesTotalPercent":7.9},"correspondingCompareElection":{"votesTotalChange":0,"votesTotalPercentChange":0.0,"seatChange":0,"votesTotal":178,"votesTotalPercent":7.9,"seatsTotal":0}},"seats":0,"electionDayVotesPercent":7.8,"nominatorAbbr":{"fi":"KESK","sv":"C","en":"CENT"}},{"advanceVotesPercent":5.6,"name":{"fi":"Perussuomalaiset","sv":"Sannfinländarna","en":"The Finns Party"},"advanceVotes":59,"npid":6,"totalVotes":145,"spid":3,"abbr":{"fi":"PS","sv":"Sannf","en":"FINNS"},"alid":4,"electionDayVotes":86,"pid":"23","totalVotesPercent":6.5,"nominatorName":{"fi":"Perussuomalaiset","sv":"Sannfinländarna","en":"The Finns Party"},"compareData":{"otherCompareElection":{"votesTotalChange":0,"votesTotalPercentChange":0.0,"votesTotal":145,"votesTotalPercent":6.5},"correspondingCompareElection":{"votesTotalChange":0,"votesTotalPercentChange":0.0,"seatChange":0,"votesTotal":145,"votesTotalPercent":6.5,"seatsTotal":0}},"seats":0,"electionDayVotesPercent":7.2,"nominatorAbbr":{"fi":"PS","sv":"Sannf","en":"FINNS"}},{"advanceVotesPercent":6.2,"name":{"fi":"Vasemmistoliitto","sv":"Vänsterförbundet","en":"The Left Alliance"},"advanceVotes":65,"npid":8,"totalVotes":122,"spid":6,"abbr":{"fi":"VAS","sv":"VF","en":"LEFT"},"alid":6,"electionDayVotes":57,"pid":"15","totalVotesPercent":5.4,"nominatorName":{"fi":"Vasemmistoliitto","sv":"Vänsterförbundet","en":"The Left Alliance"},"compareData":{"otherCompareElection":{"votesTotalChange":0,"votesTotalPercentChange":0.0,"votesTotal":122,"votesTotalPercent":5.4},"correspondingCompareElection":{"votesTotalChange":0,"votesTotalPercentChange":0.0,"seatChange":0,"votesTotal":122,"votesTotalPercent":5.4,"seatsTotal":0}},"seats":0,"electionDayVotesPercent":4.8,"nominatorAbbr":{"fi":"VAS","sv":"VF","en":"LEFT"}},{"advanceVotesPercent":2.9,"name":{"fi":"Suomen Kristillisdemokraatit (KD)","sv":"Kristdemokraterna i Finland (KD)","en":"Christian Democrats in Finland"},"advanceVotes":30,"npid":5,"totalVotes":55,"spid":8,"abbr":{"fi":"KD","sv":"KD","en":"CD"},"alid":3,"electionDayVotes":25,"pid":"9","totalVotesPercent":2.5,"nominatorName":{"fi":"Suomen Kristillisdemokraatit (KD)","sv":"Kristdemokraterna i Finland (KD)","en":"Christian Democrats in Finland"},"compareData":{"otherCompareElection":{"votesTotalChange":0,"votesTotalPercentChange":0.0,"votesTotal":55,"votesTotalPercent":2.5},"correspondingCompareElection":{"votesTotalChange":0,"votesTotalPercentChange":0.0,"seatChange":0,"votesTotal":55,"votesTotalPercent":2.5,"seatsTotal":0}},"seats":0,"electionDayVotesPercent":2.1,"nominatorAbbr":{"fi":"KD","sv":"KD","en":"CD"}},{"advanceVotesPercent":0.9,"name":{"fi":"Liberaalipuolue - Vapaus valita","sv":"Liberaalipuolue - Vapaus valita","en":"Liberaalipuolue - Vapaus valita"},"advanceVotes":9,"npid":4,"totalVotes":29,"spid":11,"abbr":{"fi":"LIBE","sv":"Lib","en":"LIBE"},"alid":3,"electionDayVotes":20,"pid":"33","totalVotesPercent":1.3,"nominatorName":{"fi":"Liberaalipuolue - Vapaus valita","sv":"Liberaalipuolue - Vapaus valita","en":"Liberaalipuolue - Vapaus valita"},"compareData":{"otherCompareElection":{"votesTotalChange":0,"votesTotalPercentChange":0.0,"votesTotal":29,"votesTotalPercent":1.3},"correspondingCompareElection":{"votesTotalChange":0,"votesTotalPercentChange":0.0,"seatChange":0,"votesTotal":29,"votesTotalPercent":1.3,"seatsTotal":0}},"seats":0,"electionDayVotesPercent":1.7,"nominatorAbbr":{"fi":"LIBE","sv":"Lib","en":"LIBE"}},{"advanceVotesPercent":0.5,"name":{"fi":"Muut ryhmät","sv":"Övriga grupper","en":"Other groups"},"advanceVotes":5,"npid":9,"totalVotes":15,"spid":99,"abbr":{"fi":"Muut","sv":"Övriga","en":"Others"},"alid":7,"electionDayVotes":10,"pid":"0209","totalVotesPercent":0.7,"nominatorName":{"fi":"Elina Talonen","sv":"Elina Talonen","en":"Elina Talonen"},"compareData":{"otherCompareElection":{"votesTotalChange":0,"votesTotalPercentChange":0.0,"votesTotal":15,"votesTotalPercent":0.7},"correspondingCompareElection":{"votesTotalChange":0,"votesTotalPercentChange":0.0,"seatChange":0,"votesTotal":15,"votesTotalPercent":0.7,"seatsTotal":0}},"seats":0,"electionDayVotesPercent":0.8,"nominatorAbbr":{"fi":"E135","sv":"E135","en":"E135"}}],"candidateResults":[{"age":43,"advanceVotesPercent":2.8,"lastname":"Rajala","occupation":"toimitusjohtaja, insinööri AMK","advanceVotes":29,"npid":7,"totalVotes":105,"spid":2,"abbr":"KOK","municipalCouncilor":false,"muid":20,"alid":5,"firstname":"Sami","electionDayVotes":76,"pid":"4","finalPosition":0,"electedInformation":"ELECTED","totalVotesPercent":4.7,"nominatorName":{"fi":"Kansallinen Kokoomus","sv":"Samlingspartiet","en":"National Coalition Party"},"caid":113,"position":0,"gender":"1","comparisonData":{"totalVotes":0,"votesTotalChange":105},"edid":7,"comparativeIndex":0.0,"electionDayVotesPercent":6.4,"nominatorAbbr":{"fi":"KOK","sv":"Saml","en":"NCP"}},{"age":44,"advanceVotesPercent":3.7,"lastname":"Toivonen","occupation":"diplomi-insinööri, projektipäällikkö","advanceVotes":39,"npid":7,"totalVotes":93,"spid":2,"abbr":"KOK","municipalCouncilor":false,"muid":20,"alid":5,"firstname":"Maija","electionDayVotes":54,"pid":"4","finalPosition":0,"electedInformation":"ELECTED","totalVotesPercent":4.1,"nominatorName":{"fi":"Kansallinen Kokoomus","sv":"Samlingspartiet","en":"National Coalition Party"},"caid":119,"position":0,"gender":"2","comparisonData":{"totalVotes":0,"votesTotalChange":93},"edid":7,"comparativeIndex":0.0,"electionDayVotesPercent":4.5,"nominatorAbbr":{"fi":"KOK","sv":"Saml","en":"NCP"}},{"age":59,"advanceVotesPercent":5.3,"lastname":"Rämö","occupation":"vankilanjohtaja, yhteiskuntatieteiden maisteri","advanceVotes":55,"npid":2,"totalVotes":88,"spid":4,"abbr":"SDP","municipalCouncilor":true,"muid":20,"alid":2,"firstname":"Harri","electionDayVotes":33,"pid":"1","finalPosition":0,"electedInformation":"ELECTED","totalVotesPercent":3.9,"nominatorName":{"fi":"Suomen Sosialidemokraattinen Puolue","sv":"Finlands Socialdemokratiska Parti","en":"The Finnish Social Democratic Party"},"caid":51,"position":0,"gender":"1","comparisonData":{"totalVotes":83,"votesTotalChange":5},"edid":7,"comparativeIndex":0.0,"electionDayVotesPercent":2.8,"nominatorAbbr":{"fi":"SDP","sv":"SDP","en":"SDP"}},{"age":54,"advanceVotesPercent":4.6,"lastname":"Pajasmaa","occupation":"varatuomari, pankkilakimies","advanceVotes":48,"npid":7,"totalVotes":85,"spid":2,"abbr":"KOK","municipalCouncilor":true,"muid":20,"alid":5,"firstname":"Mika","electionDayVotes":37,"pid":"4","finalPosition":0,"electedInformation":"ELECTED","totalVotesPercent":3.8,"nominatorName":{"fi":"Kansallinen Kokoomus","sv":"Samlingspartiet","en":"National Coalition Party"},"caid":107,"position":0,"gender":"1","comparisonData":{"totalVotes":110,"votesTotalChange":-25},"edid":7,"comparativeIndex":0.0,"electionDayVotesPercent":3.1,"nominatorAbbr":{"fi":"KOK","sv":"Saml","en":"NCP"}},{"age":60,"advanceVotesPercent":3.2,"lastname":"Knuutila","occupation":"insinööri","advanceVotes":33,"npid":2,"totalVotes":58,"spid":4,"abbr":"SDP","municipalCouncilor":true,"muid":20,"alid":2,"firstname":"Heikki","electionDayVotes":25,"pid":"1","finalPosition":0,"electedInformation":"ELECTED","totalVotesPercent":2.6,"nominatorName":{"fi":"Suomen Sosialidemokraattinen Puolue","sv":"Finlands Socialdemokratiska Parti","en":"The Finnish Social Democratic Party"},"caid":30,"position":0,"gender":"1","comparisonData":{"totalVotes":89,"votesTotalChange":-31},"edid":7,"comparativeIndex":0.0,"electionDayVotesPercent":2.1,"nominatorAbbr":{"fi":"SDP","sv":"SDP","en":"SDP"}},{"age":40,"advanceVotesPercent":3.2,"lastname":"Leinonen","occupation":"tekniikan lisensiaatti, kauppatieteiden maisteri","advanceVotes":33,"npid":7,"totalVotes":58,"spid":2,"abbr":"KOK","municipalCouncilor":true,"muid":20,"alid":5,"firstname":"Jaakko","electionDayVotes":25,"pid":"4","finalPosition":0,"electedInformation":"ELECTED","totalVotesPercent":2.6,"nominatorName":{"fi":"Kansallinen Kokoomus","sv":"Samlingspartiet","en":"National Coalition Party"},"caid":104,"position":0,"gender":"1","comparisonData":{"totalVotes":126,"votesTotalChange":-68},"edid":7,"comparativeIndex":0.0,"electionDayVotesPercent":2.1,"nominatorAbbr":{"fi":"KOK","sv":"Saml","en":"NCP"}},{"age":57,"advanceVotesPercent":2.1,"lastname":"Saarinen","occupation":"yrittäjä","advanceVotes":22,"npid":2,"totalVotes":57,"spid":4,"abbr":"SDP","municipalCouncilor":false,"muid":20,"alid":2,"firstname":"Timo","electionDayVotes":35,"pid":"1","finalPosition":0,"electedInformation":"ELECTED","totalVotesPercent":2.5,"nominatorName":{"fi":"Suomen Sosialidemokraattinen Puolue","sv":"Finlands Socialdemokratiska Parti","en":"The Finnish Social Democratic Party"},"caid":53,"position":0,"gender":"1","comparisonData":{"totalVotes":0,"votesTotalChange":57},"edid":7,"comparativeIndex":0.0,"electionDayVotesPercent":2.9,"nominatorAbbr":{"fi":"SDP","sv":"SDP","en":"SDP"}},{"age":49,"advanceVotesPercent":2.9,"lastname":"Setälä","occupation":"lehtori","advanceVotes":30,"npid":5,"totalVotes":55,"spid":8,"abbr":"KD","municipalCouncilor":true,"muid":20,"alid":3,"firstname":"Mika","electionDayVotes":25,"pid":"9","finalPosition":0,"electedInformation":"ELECTED","totalVotesPercent":2.5,"nominatorName":{"fi":"Suomen Kristillisdemokraatit (KD)","sv":"Kristdemokraterna i Finland (KD)","en":"Christian Democrats in Finland"},"caid":83,"position":0,"gender":"1","comparisonData":{"totalVotes":92,"votesTotalChange":-37},"edid":7,"comparativeIndex":0.0,"electionDayVotesPercent":2.1,"nominatorAbbr":{"fi":"KD","sv":"KD","en":"CD"}},{"age":59,"advanceVotesPercent":2.5,"lastname":"Salminen","occupation":"yleisesikuntaeverstiluutnantti evp, yrittäjä","advanceVotes":26,"npid":7,"totalVotes":52,"spid":2,"abbr":"KOK","municipalCouncilor":true,"muid":20,"alid":5,"firstname":"Jukka","electionDayVotes":26,"pid":"4","finalPosition":0,"electedInformation":"ELECTED","totalVotesPercent":2.3,"nominatorName":{"fi":"Kansallinen Kokoomus","sv":"Samlingspartiet","en":"National Coalition Party"},"caid":116,"position":0,"gender":"1","comparisonData":{"totalVotes":79,"votesTotalChange":-27},"edid":7,"comparativeIndex":0.0,"electionDayVotesPercent":2.2,"nominatorAbbr":{"fi":"KOK","sv":"Saml","en":"NCP"}},{"age":30,"advanceVotesPercent":2.7,"lastname":"Bister","occupation":"apulaismyymäläpäällikkö","advanceVotes":28,"npid":2,"totalVotes":51,"spid":4,"abbr":"SDP","municipalCouncilor":true,"muid":20,"alid":2,"firstname":"Salla","electionDayVotes":23,"pid":"1","finalPosition":0,"electedInformation":"ELECTED","totalVotesPercent":2.3,"nominatorName":{"fi":"Suomen Sosialidemokraattinen Puolue","sv":"Finlands Socialdemokratiska Parti","en":"The Finnish Social Democratic Party"},"caid":18,"position":0,"gender":"2","comparisonData":{"totalVotes":120,"votesTotalChange":-69},"edid":7,"comparativeIndex":0.0,"electionDayVotesPercent":1.9,"nominatorAbbr":{"fi":"SDP","sv":"SDP","en":"SDP"}},{"age":42,"advanceVotesPercent":1.8,"lastname":"Piirainen","occupation":"opettaja","advanceVotes":19,"npid":1,"totalVotes":48,"spid":5,"abbr":"VIHR","municipalCouncilor":true,"muid":20,"alid":1,"firstname":"Heli","electionDayVotes":29,"pid":"13","finalPosition":0,"electedInformation":"ELECTED","totalVotesPercent":2.1,"nominatorName":{"fi":"Vihreä liitto","sv":"Gröna förbundet","en":"Green League"},"caid":11,"position":0,"gender":"2","comparisonData":{"totalVotes":135,"votesTotalChange":-87},"edid":7,"comparativeIndex":0.0,"electionDayVotesPercent":2.4,"nominatorAbbr":{"fi":"VIHR","sv":"Gröna","en":"GREEN"}},{"age":41,"advanceVotesPercent":1.0,"lastname":"Joronen","occupation":"sairaanhoitaja, opiskelija","advanceVotes":10,"npid":1,"totalVotes":45,"spid":5,"abbr":"VIHR","municipalCouncilor":false,"muid":20,"alid":1,"firstname":"Hanni","electionDayVotes":35,"pid":"13","finalPosition":0,"electedInformation":"ELECTED","totalVotesPercent":2.0,"nominatorName":{"fi":"Vihreä liitto","sv":"Gröna förbundet","en":"Green League"},"caid":3,"position":0,"gender":"2","comparisonData":{"totalVotes":0,"votesTotalChange":45},"edid":7,"comparativeIndex":0.0,"electionDayVotesPercent":2.9,"nominatorAbbr":{"fi":"VIHR","sv":"Gröna","en":"GREEN"}},{"age":39,"advanceVotesPercent":2.3,"lastname":"Roininen","occupation":"lähihoitaja","advanceVotes":24,"npid":2,"totalVotes":45,"spid":4,"abbr":"SDP","municipalCouncilor":true,"muid":20,"alid":2,"firstname":"Saija","electionDayVotes":21,"pid":"1","finalPosition":0,"electedInformation":"ELECTED","totalVotesPercent":2.0,"nominatorName":{"fi":"Suomen Sosialidemokraattinen Puolue","sv":"Finlands Socialdemokratiska Parti","en":"The Finnish Social Democratic Party"},"caid":48,"position":0,"gender":"2","comparisonData":{"totalVotes":79,"votesTotalChange":-34},"edid":7,"comparativeIndex":0.0,"electionDayVotesPercent":1.8,"nominatorAbbr":{"fi":"SDP","sv":"SDP","en":"SDP"}},{"age":39,"advanceVotesPercent":1.0,"lastname":"Ritari","occupation":"varhaiskasvatuksen aluevastaava, reservin ylikersantti","advanceVotes":10,"npid":7,"totalVotes":42,"spid":2,"abbr":"KOK","municipalCouncilor":true,"muid":20,"alid":5,"firstname":"Mirva","electionDayVotes":32,"pid":"4","finalPosition":0,"electedInformation":"ELECTED","totalVotesPercent":1.9,"nominatorName":{"fi":"Kansallinen Kokoomus","sv":"Samlingspartiet","en":"National Coalition Party"},"caid":114,"position":0,"gender":"2","comparisonData":{"totalVotes":74,"votesTotalChange":-32},"edid":7,"comparativeIndex":0.0,"electionDayVotesPercent":2.7,"nominatorAbbr":{"fi":"KOK","sv":"Saml","en":"NCP"}},{"age":35,"advanceVotesPercent":1.1,"lastname":"Salminen","occupation":"yrittäjä, kouluttaja","advanceVotes":11,"npid":1,"totalVotes":40,"spid":5,"abbr":"VIHR","municipalCouncilor":false,"muid":20,"alid":1,"firstname":"Brita","electionDayVotes":29,"pid":"13","finalPosition":0,"electedInformation":"ELECTED","totalVotesPercent":1.8,"nominatorName":{"fi":"Vihreä liitto","sv":"Gröna förbundet","en":"Green League"},"caid":12,"position":0,"gender":"2","comparisonData":{"totalVotes":0,"votesTotalChange":40},"edid":7,"comparativeIndex":0.0,"electionDayVotesPercent":2.4,"nominatorAbbr":{"fi":"VIHR","sv":"Gröna","en":"GREEN"}},{"age":53,"advanceVotesPercent":1.9,"lastname":"Vaittinen","occupation":"sairaanhoitaja","advanceVotes":20,"npid":2,"totalVotes":40,"spid":4,"abbr":"SDP","municipalCouncilor":false,"muid":20,"alid":2,"firstname":"Kirsi","electionDayVotes":20,"pid":"1","finalPosition":0,"electedInformation":"ELECTED","totalVotesPercent":1.8,"nominatorName":{"fi":"Suomen Sosialidemokraattinen Puolue","sv":"Finlands Socialdemokratiska Parti","en":"The Finnish Social Democratic Party"},"caid":60,"position":0,"gender":"2","comparisonData":{"totalVotes":0,"votesTotalChange":40},"edid":7,"comparativeIndex":0.0,"electionDayVotesPercent":1.7,"nominatorAbbr":{"fi":"SDP","sv":"SDP","en":"SDP"}},{"age":56,"advanceVotesPercent":2.5,"lastname":"Toivonen-Perttunen","occupation":"materiaalijärjestelijä","advanceVotes":26,"npid":8,"totalVotes":38,"spid":6,"abbr":"VAS","municipalCouncilor":false,"muid":20,"alid":6,"firstname":"Tuija","electionDayVotes":12,"pid":"15","finalPosition":0,"electedInformation":"ELECTED","totalVotesPercent":1.7,"nominatorName":{"fi":"Vasemmistoliitto","sv":"Vänsterförbundet","en":"The Left Alliance"},"caid":134,"position":0,"gender":"2","comparisonData":{"totalVotes":48,"votesTotalChange":-10},"edid":7,"comparativeIndex":0.0,"electionDayVotesPercent":1.0,"nominatorAbbr":{"fi":"VAS","sv":"VF","en":"LEFT"}},{"age":32,"advanceVotesPercent":1.2,"lastname":"Saramies","occupation":"ekonomi","advanceVotes":13,"npid":1,"totalVotes":34,"spid":5,"abbr":"VIHR","municipalCouncilor":false,"muid":20,"alid":1,"firstname":"Jaana","electionDayVotes":21,"pid":"13","finalPosition":0,"electedInformation":"ELECTED","totalVotesPercent":1.5,"nominatorName":{"fi":"Vihreä liitto","sv":"Gröna förbundet","en":"Green League"},"caid":16,"position":0,"gender":"2","comparisonData":{"totalVotes":0,"votesTotalChange":34},"edid":7,"comparativeIndex":0.0,"electionDayVotesPercent":1.8,"nominatorAbbr":{"fi":"VIHR","sv":"Gröna","en":"GREEN"}},{"age":47,"advanceVotesPercent":1.7,"lastname":"Lapinleimu","occupation":"talouspäällikkö","advanceVotes":18,"npid":7,"totalVotes":34,"spid":2,"abbr":"KOK","municipalCouncilor":false,"muid":20,"alid":5,"firstname":"Sari","electionDayVotes":16,"pid":"4","finalPosition":0,"electedInformation":"ELECTED","totalVotesPercent":1.5,"nominatorName":{"fi":"Kansallinen Kokoomus","sv":"Samlingspartiet","en":"National Coalition Party"},"caid":103,"position":0,"gender":"2","comparisonData":{"totalVotes":0,"votesTotalChange":34},"edid":7,"comparativeIndex":0.0,"electionDayVotesPercent":1.3,"nominatorAbbr":{"fi":"KOK","sv":"Saml","en":"NCP"}},{"age":20,"advanceVotesPercent":1.1,"lastname":"Kopperoinen","occupation":"varusmies","advanceVotes":11,"npid":1,"totalVotes":33,"spid":5,"abbr":"VIHR","municipalCouncilor":false,"muid":20,"alid":1,"firstname":"Petja","electionDayVotes":22,"pid":"13","finalPosition":0,"electedInformation":"ON_SUBSTITUTE_PLACE","totalVotesPercent":1.5,"nominatorName":{"fi":"Vihreä liitto","sv":"Gröna förbundet","en":"Green League"},"caid":4,"position":0,"gender":"1","comparisonData":{"totalVotes":0,"votesTotalChange":33},"edid":7,"comparativeIndex":0.0,"electionDayVotesPercent":1.8,"nominatorAbbr":{"fi":"VIHR","sv":"Gröna","en":"GREEN"}},{"age":52,"advanceVotesPercent":0.8,"lastname":"Jaakkola","occupation":"työnjohtaja","advanceVotes":8,"npid":2,"totalVotes":33,"spid":4,"abbr":"SDP","municipalCouncilor":false,"muid":20,"alid":2,"firstname":"Timo","electionDayVotes":25,"pid":"1","finalPosition":0,"electedInformation":"ON_SUBSTITUTE_PLACE","totalVotesPercent":1.5,"nominatorName":{"fi":"Suomen Sosialidemokraattinen Puolue","sv":"Finlands Socialdemokratiska Parti","en":"The Finnish Social Democratic Party"},"caid":26,"position":0,"gender":"1","comparisonData":{"totalVotes":44,"votesTotalChange":-11},"edid":7,"comparativeIndex":0.0,"electionDayVotesPercent":2.1,"nominatorAbbr":{"fi":"SDP","sv":"SDP","en":"SDP"}},{"age":49,"advanceVotesPercent":1.2,"lastname":"Vikman","occupation":"järjestelmäasiantuntija","advanceVotes":13,"npid":7,"totalVotes":32,"spid":2,"abbr":"KOK","municipalCouncilor":false,"muid":20,"alid":5,"firstname":"Anttijussi","electionDayVotes":19,"pid":"4","finalPosition":0,"electedInformation":"ON_SUBSTITUTE_PLACE","totalVotesPercent":1.4,"nominatorName":{"fi":"Kansallinen Kokoomus","sv":"Samlingspartiet","en":"National Coalition Party"},"caid":122,"position":0,"gender":"1","comparisonData":{"totalVotes":0,"votesTotalChange":32},"edid":7,"comparativeIndex":0.0,"electionDayVotesPercent":1.6,"nominatorAbbr":{"fi":"KOK","sv":"Saml","en":"NCP"}},{"age":30,"advanceVotesPercent":1.0,"lastname":"Einola-Virtanen","occupation":"projektipäällikkö","advanceVotes":10,"npid":6,"totalVotes":31,"spid":3,"abbr":"PS","municipalCouncilor":false,"muid":20,"alid":4,"firstname":"Heli","electionDayVotes":21,"pid":"23","finalPosition":0,"electedInformation":"ELECTED","totalVotesPercent":1.4,"nominatorName":{"fi":"Perussuomalaiset","sv":"Sannfinländarna","en":"The Finns Party"},"caid":85,"position":0,"gender":"2","comparisonData":{"totalVotes":0,"votesTotalChange":31},"edid":7,"comparativeIndex":0.0,"electionDayVotesPercent":1.8,"nominatorAbbr":{"fi":"PS","sv":"Sannf","en":"FINNS"}},{"age":47,"advanceVotesPercent":1.8,"lastname":"Nord-Sarkola","occupation":"sairaanhoitaja, muistihoitaja","advanceVotes":19,"npid":2,"totalVotes":30,"spid":4,"abbr":"SDP","municipalCouncilor":true,"muid":20,"alid":2,"firstname":"Kirsi","electionDayVotes":11,"pid":"1","finalPosition":0,"electedInformation":"ELECTED","totalVotesPercent":1.3,"nominatorName":{"fi":"Suomen Sosialidemokraattinen Puolue","sv":"Finlands Socialdemokratiska Parti","en":"The Finnish Social Democratic Party"},"caid":41,"position":0,"gender":"2","comparisonData":{"totalVotes":102,"votesTotalChange":-72},"edid":7,"comparativeIndex":0.0,"electionDayVotesPercent":0.9,"nominatorAbbr":{"fi":"SDP","sv":"SDP","en":"SDP"}},{"age":38,"advanceVotesPercent":0.9,"lastname":"Murola","occupation":"yrittäjä","advanceVotes":9,"npid":4,"totalVotes":29,"spid":11,"abbr":"LIBE","municipalCouncilor":false,"muid":20,"alid":3,"firstname":"Anton","electionDayVotes":20,"pid":"33","finalPosition":0,"electedInformation":"ON_SUBSTITUTE_PLACE","totalVotesPercent":1.3,"nominatorName":{"fi":"Liberaalipuolue - Vapaus valita","sv":"Liberaalipuolue - Vapaus valita","en":"Liberaalipuolue - Vapaus valita"},"caid":82,"position":0,"gender":"1","comparisonData":{"totalVotes":0,"votesTotalChange":29},"edid":7,"comparativeIndex":0.0,"electionDayVotesPercent":1.7,"nominatorAbbr":{"fi":"LIBE","sv":"Lib","en":"LIBE"}},{"age":55,"advanceVotesPercent":1.4,"lastname":"Saari","occupation":"kuvataiteen opettaja","advanceVotes":15,"npid":8,"totalVotes":28,"spid":6,"abbr":"VAS","municipalCouncilor":true,"muid":20,"alid":6,"firstname":"Jukka","electionDayVotes":13,"pid":"15","finalPosition":0,"electedInformation":"ELECTED","totalVotesPercent":1.2,"nominatorName":{"fi":"Vasemmistoliitto","sv":"Vänsterförbundet","en":"The Left Alliance"},"caid":131,"position":0,"gender":"1","comparisonData":{"totalVotes":137,"votesTotalChange":-109},"edid":7,"comparativeIndex":0.0,"electionDayVotesPercent":1.1,"nominatorAbbr":{"fi":"VAS","sv":"VF","en":"LEFT"}},{"age":60,"advanceVotesPercent":1.1,"lastname":"Rehuttu","occupation":"maanviljelijä, urakoitsija","advanceVotes":11,"npid":3,"totalVotes":27,"spid":1,"abbr":"KESK","municipalCouncilor":true,"muid":20,"alid":3,"firstname":"Ilkka","electionDayVotes":16,"pid":"2","finalPosition":0,"electedInformation":"ON_SUBSTITUTE_PLACE","totalVotesPercent":1.2,"nominatorName":{"fi":"Suomen Keskusta","sv":"Centern i Finland","en":"Centre Party of Finland"},"caid":77,"position":0,"gender":"1","comparisonData":{"totalVotes":53,"votesTotalChange":-26},"edid":7,"comparativeIndex":0.0,"electionDayVotesPercent":1.3,"nominatorAbbr":{"fi":"KESK","sv":"C","en":"CENT"}},{"age":74,"advanceVotesPercent":1.4,"lastname":"Turja","occupation":"rovasti","advanceVotes":15,"npid":6,"totalVotes":26,"spid":3,"abbr":"PS","municipalCouncilor":false,"muid":20,"alid":4,"firstname":"Sauli","electionDayVotes":11,"pid":"23","finalPosition":0,"electedInformation":"ELECTED","totalVotesPercent":1.2,"nominatorName":{"fi":"Perussuomalaiset","sv":"Sannfinländarna","en":"The Finns Party"},"caid":96,"position":0,"gender":"1","comparisonData":{"totalVotes":0,"votesTotalChange":26},"edid":7,"comparativeIndex":0.0,"electionDayVotesPercent":0.9,"nominatorAbbr":{"fi":"PS","sv":"Sannf","en":"FINNS"}},{"age":48,"advanceVotesPercent":0.7,"lastname":"Kylmälä","occupation":"linja-autonkuljettaja","advanceVotes":7,"npid":3,"totalVotes":22,"spid":1,"abbr":"KESK","municipalCouncilor":false,"muid":20,"alid":3,"firstname":"Pasi","electionDayVotes":15,"pid":"2","finalPosition":0,"electedInformation":"ON_SUBSTITUTE_PLACE","totalVotesPercent":1.0,"nominatorName":{"fi":"Suomen Keskusta","sv":"Centern i Finland","en":"Centre Party of Finland"},"caid":69,"position":0,"gender":"1","comparisonData":{"totalVotes":35,"votesTotalChange":-13},"edid":7,"comparativeIndex":0.0,"electionDayVotesPercent":1.3,"nominatorAbbr":{"fi":"KESK","sv":"C","en":"CENT"}},{"age":18,"advanceVotesPercent":1.1,"lastname":"Pajasmaa","occupation":"opiskelija","advanceVotes":11,"npid":7,"totalVotes":22,"spid":2,"abbr":"KOK","municipalCouncilor":false,"muid":20,"alid":5,"firstname":"Viivi","electionDayVotes":11,"pid":"4","finalPosition":0,"electedInformation":"ON_SUBSTITUTE_PLACE","totalVotesPercent":1.0,"nominatorName":{"fi":"Kansallinen Kokoomus","sv":"Samlingspartiet","en":"National Coalition Party"},"caid":108,"position":0,"gender":"2","comparisonData":{"totalVotes":0,"votesTotalChange":22},"edid":7,"comparativeIndex":0.0,"electionDayVotesPercent":0.9,"nominatorAbbr":{"fi":"KOK","sv":"Saml","en":"NCP"}},{"age":64,"advanceVotesPercent":1.1,"lastname":"Rytkönen","occupation":"eläkeläinen, entinen hätäkeskusjohtaja","advanceVotes":12,"npid":7,"totalVotes":22,"spid":2,"abbr":"KOK","municipalCouncilor":true,"muid":20,"alid":5,"firstname":"Jouko","electionDayVotes":10,"pid":"4","finalPosition":0,"electedInformation":"ON_SUBSTITUTE_PLACE","totalVotesPercent":1.0,"nominatorName":{"fi":"Kansallinen Kokoomus","sv":"Samlingspartiet","en":"National Coalition Party"},"caid":115,"position":0,"gender":"1","comparisonData":{"totalVotes":81,"votesTotalChange":-59},"edid":7,"comparativeIndex":0.0,"electionDayVotesPercent":0.8,"nominatorAbbr":{"fi":"KOK","sv":"Saml","en":"NCP"}},{"age":74,"advanceVotesPercent":1.6,"lastname":"Heinonen","occupation":"eläkeläinen","advanceVotes":17,"npid":2,"totalVotes":21,"spid":4,"abbr":"SDP","municipalCouncilor":false,"muid":20,"alid":2,"firstname":"Hilkka","electionDayVotes":4,"pid":"1","finalPosition":0,"electedInformation":"ELECTED","totalVotesPercent":0.9,"nominatorName":{"fi":"Suomen Sosialidemokraattinen Puolue","sv":"Finlands Socialdemokratiska Parti","en":"The Finnish Social Democratic Party"},"caid":23,"position":0,"gender":"2","comparisonData":{"totalVotes":0,"votesTotalChange":21},"edid":7,"comparativeIndex":0.0,"electionDayVotesPercent":0.3,"nominatorAbbr":{"fi":"SDP","sv":"SDP","en":"SDP"}},{"age":43,"advanceVotesPercent":1.3,"lastname":"Inkinen","occupation":"ravitsemisesimies","advanceVotes":14,"npid":2,"totalVotes":21,"spid":4,"abbr":"SDP","municipalCouncilor":false,"muid":20,"alid":2,"firstname":"Heli","electionDayVotes":7,"pid":"1","finalPosition":0,"electedInformation":"ON_SUBSTITUTE_PLACE","totalVotesPercent":0.9,"nominatorName":{"fi":"Suomen Sosialidemokraattinen Puolue","sv":"Finlands Socialdemokratiska Parti","en":"The Finnish Social Democratic Party"},"caid":25,"position":0,"gender":"2","comparisonData":{"totalVotes":47,"votesTotalChange":-26},"edid":7,"comparativeIndex":0.0,"electionDayVotesPercent":0.6,"nominatorAbbr":{"fi":"SDP","sv":"SDP","en":"SDP"}},{"age":46,"advanceVotesPercent":1.4,"lastname":"Räsänen","occupation":"palvelupäällikkö","advanceVotes":15,"npid":3,"totalVotes":21,"spid":1,"abbr":"KESK","municipalCouncilor":false,"muid":20,"alid":3,"firstname":"Tiina","electionDayVotes":6,"pid":"2","finalPosition":0,"electedInformation":"ON_SUBSTITUTE_PLACE","totalVotesPercent":0.9,"nominatorName":{"fi":"Suomen Keskusta","sv":"Centern i Finland","en":"Centre Party of Finland"},"caid":78,"position":0,"gender":"2","comparisonData":{"totalVotes":0,"votesTotalChange":21},"edid":7,"comparativeIndex":0.0,"electionDayVotesPercent":0.5,"nominatorAbbr":{"fi":"KESK","sv":"C","en":"CENT"}},{"age":42,"advanceVotesPercent":0.8,"lastname":"Pahlanen","occupation":"avainasiakaspäällikkö, hallintotieteen yo","advanceVotes":8,"npid":2,"totalVotes":20,"spid":4,"abbr":"SDP","municipalCouncilor":false,"muid":20,"alid":2,"firstname":"Anssi","electionDayVotes":12,"pid":"1","finalPosition":0,"electedInformation":"ON_SUBSTITUTE_PLACE","totalVotesPercent":0.9,"nominatorName":{"fi":"Suomen Sosialidemokraattinen Puolue","sv":"Finlands Socialdemokratiska Parti","en":"The Finnish Social Democratic Party"},"caid":43,"position":0,"gender":"1","comparisonData":{"totalVotes":0,"votesTotalChange":20},"edid":7,"comparativeIndex":0.0,"electionDayVotesPercent":1.0,"nominatorAbbr":{"fi":"SDP","sv":"SDP","en":"SDP"}},{"age":63,"advanceVotesPercent":1.4,"lastname":"Kuparinen","occupation":"vakuutusmeklari","advanceVotes":15,"npid":3,"totalVotes":20,"spid":1,"abbr":"KESK","municipalCouncilor":false,"muid":20,"alid":3,"firstname":"Ossi","electionDayVotes":5,"pid":"2","finalPosition":0,"electedInformation":"NOT_ELECTED","totalVotesPercent":0.9,"nominatorName":{"fi":"Suomen Keskusta","sv":"Centern i Finland","en":"Centre Party of Finland"},"caid":68,"position":0,"gender":"1","comparisonData":{"totalVotes":0,"votesTotalChange":20},"edid":7,"comparativeIndex":0.0,"electionDayVotesPercent":0.4,"nominatorAbbr":{"fi":"KESK","sv":"C","en":"CENT"}},{"age":50,"advanceVotesPercent":0.9,"lastname":"Toivonen-Alastalo","occupation":"toiminnanjohtaja, yrittäjä","advanceVotes":9,"npid":1,"totalVotes":18,"spid":5,"abbr":"VIHR","municipalCouncilor":false,"muid":20,"alid":1,"firstname":"Hilu","electionDayVotes":9,"pid":"13","finalPosition":0,"electedInformation":"ON_SUBSTITUTE_PLACE","totalVotesPercent":0.8,"nominatorName":{"fi":"Vihreä liitto","sv":"Gröna förbundet","en":"Green League"},"caid":17,"position":0,"gender":"2","comparisonData":{"totalVotes":0,"votesTotalChange":18},"edid":7,"comparativeIndex":0.0,"electionDayVotesPercent":0.8,"nominatorAbbr":{"fi":"VIHR","sv":"Gröna","en":"GREEN"}},{"age":63,"advanceVotesPercent":0.9,"lastname":"Toivonen","occupation":"asiakasneuvoja","advanceVotes":9,"npid":2,"totalVotes":18,"spid":4,"abbr":"SDP","municipalCouncilor":false,"muid":20,"alid":2,"firstname":"Raija","electionDayVotes":9,"pid":"1","finalPosition":0,"electedInformation":"ON_SUBSTITUTE_PLACE","totalVotesPercent":0.8,"nominatorName":{"fi":"Suomen Sosialidemokraattinen Puolue","sv":"Finlands Socialdemokratiska Parti","en":"The Finnish Social Democratic Party"},"caid":58,"position":0,"gender":"2","comparisonData":{"totalVotes":23,"votesTotalChange":-5},"edid":7,"comparativeIndex":0.0,"electionDayVotesPercent":0.8,"nominatorAbbr":{"fi":"SDP","sv":"SDP","en":"SDP"}},{"age":41,"advanceVotesPercent":0.7,"lastname":"Weltzien","occupation":"yrittäjä","advanceVotes":7,"npid":7,"totalVotes":18,"spid":2,"abbr":"KOK","municipalCouncilor":false,"muid":20,"alid":5,"firstname":"Nina","electionDayVotes":11,"pid":"4","finalPosition":0,"electedInformation":"ON_SUBSTITUTE_PLACE","totalVotesPercent":0.8,"nominatorName":{"fi":"Kansallinen Kokoomus","sv":"Samlingspartiet","en":"National Coalition Party"},"caid":123,"position":0,"gender":"2","comparisonData":{"totalVotes":47,"votesTotalChange":-29},"edid":7,"comparativeIndex":0.0,"electionDayVotesPercent":0.9,"nominatorAbbr":{"fi":"KOK","sv":"Saml","en":"NCP"}},{"age":44,"advanceVotesPercent":0.9,"lastname":"Moisio","occupation":"koneasentaja","advanceVotes":9,"npid":2,"totalVotes":17,"spid":4,"abbr":"SDP","municipalCouncilor":false,"muid":20,"alid":2,"firstname":"Aki","electionDayVotes":8,"pid":"1","finalPosition":0,"electedInformation":"ON_SUBSTITUTE_PLACE","totalVotesPercent":0.8,"nominatorName":{"fi":"Suomen Sosialidemokraattinen Puolue","sv":"Finlands Socialdemokratiska Parti","en":"The Finnish Social Democratic Party"},"caid":37,"position":0,"gender":"1","comparisonData":{"totalVotes":31,"votesTotalChange":-14},"edid":7,"comparativeIndex":0.0,"electionDayVotesPercent":0.7,"nominatorAbbr":{"fi":"SDP","sv":"SDP","en":"SDP"}},{"age":44,"advanceVotesPercent":0.6,"lastname":"Nieminen","occupation":"lähihoitaja","advanceVotes":6,"npid":2,"totalVotes":16,"spid":4,"abbr":"SDP","municipalCouncilor":false,"muid":20,"alid":2,"firstname":"Sari","electionDayVotes":10,"pid":"1","finalPosition":0,"electedInformation":"NOT_ELECTED","totalVotesPercent":0.7,"nominatorName":{"fi":"Suomen Sosialidemokraattinen Puolue","sv":"Finlands Socialdemokratiska Parti","en":"The Finnish Social Democratic Party"},"caid":40,"position":0,"gender":"2","comparisonData":{"totalVotes":39,"votesTotalChange":-23},"edid":7,"comparativeIndex":0.0,"electionDayVotesPercent":0.8,"nominatorAbbr":{"fi":"SDP","sv":"SDP","en":"SDP"}},{"age":60,"advanceVotesPercent":1.0,"lastname":"Saunamäki","occupation":"yo-merkonomi","advanceVotes":10,"npid":7,"totalVotes":16,"spid":2,"abbr":"KOK","municipalCouncilor":false,"muid":20,"alid":5,"firstname":"Sauli","electionDayVotes":6,"pid":"4","finalPosition":0,"electedInformation":"NOT_ELECTED","totalVotesPercent":0.7,"nominatorName":{"fi":"Kansallinen Kokoomus","sv":"Samlingspartiet","en":"National Coalition Party"},"caid":117,"position":0,"gender":"1","comparisonData":{"totalVotes":9,"votesTotalChange":7},"edid":7,"comparativeIndex":0.0,"electionDayVotesPercent":0.5,"nominatorAbbr":{"fi":"KOK","sv":"Saml","en":"NCP"}},{"age":44,"advanceVotesPercent":0.6,"lastname":"Soininen","occupation":"yhteiskuntatieteiden tohtori","advanceVotes":6,"npid":8,"totalVotes":16,"spid":6,"abbr":"VAS","municipalCouncilor":false,"muid":20,"alid":6,"firstname":"Suvi","electionDayVotes":10,"pid":"15","finalPosition":0,"electedInformation":"ON_SUBSTITUTE_PLACE","totalVotesPercent":0.7,"nominatorName":{"fi":"Vasemmistoliitto","sv":"Vänsterförbundet","en":"The Left Alliance"},"caid":133,"position":0,"gender":"2","comparisonData":{"totalVotes":0,"votesTotalChange":16},"edid":7,"comparativeIndex":0.0,"electionDayVotesPercent":0.8,"nominatorAbbr":{"fi":"VAS","sv":"VF","en":"LEFT"}},{"age":59,"advanceVotesPercent":1.1,"lastname":"Kauranen","occupation":"myyjä","advanceVotes":11,"npid":2,"totalVotes":15,"spid":4,"abbr":"SDP","municipalCouncilor":false,"muid":20,"alid":2,"firstname":"Elisa","electionDayVotes":4,"pid":"1","finalPosition":0,"electedInformation":"NOT_ELECTED","totalVotesPercent":0.7,"nominatorName":{"fi":"Suomen Sosialidemokraattinen Puolue","sv":"Finlands Socialdemokratiska Parti","en":"The Finnish Social Democratic Party"},"caid":29,"position":0,"gender":"2","comparisonData":{"totalVotes":22,"votesTotalChange":-7},"edid":7,"comparativeIndex":0.0,"electionDayVotesPercent":0.3,"nominatorAbbr":{"fi":"SDP","sv":"SDP","en":"SDP"}},{"age":25,"advanceVotesPercent":1.0,"lastname":"Lehtinen","occupation":"maalari","advanceVotes":10,"npid":2,"totalVotes":15,"spid":4,"abbr":"SDP","municipalCouncilor":false,"muid":20,"alid":2,"firstname":"Arto","electionDayVotes":5,"pid":"1","finalPosition":0,"electedInformation":"ON_SUBSTITUTE_PLACE","totalVotesPercent":0.7,"nominatorName":{"fi":"Suomen Sosialidemokraattinen Puolue","sv":"Finlands Socialdemokratiska Parti","en":"The Finnish Social Democratic Party"},"caid":35,"position":0,"gender":"1","comparisonData":{"totalVotes":27,"votesTotalChange":-12},"edid":7,"comparativeIndex":0.0,"electionDayVotesPercent":0.4,"nominatorAbbr":{"fi":"SDP","sv":"SDP","en":"SDP"}},{"age":58,"advanceVotesPercent":0.7,"lastname":"Kivistö","occupation":"offset-painaja","advanceVotes":7,"npid":6,"totalVotes":15,"spid":3,"abbr":"PS","municipalCouncilor":false,"muid":20,"alid":4,"firstname":"Tapio","electionDayVotes":8,"pid":"23","finalPosition":0,"electedInformation":"ON_SUBSTITUTE_PLACE","totalVotesPercent":0.7,"nominatorName":{"fi":"Perussuomalaiset","sv":"Sannfinländarna","en":"The Finns Party"},"caid":89,"position":0,"gender":"1","comparisonData":{"totalVotes":47,"votesTotalChange":-32},"edid":7,"comparativeIndex":0.0,"electionDayVotesPercent":0.7,"nominatorAbbr":{"fi":"PS","sv":"Sannf","en":"FINNS"}},{"age":40,"advanceVotesPercent":0.7,"lastname":"Mäki","occupation":"myynti-insinööri","advanceVotes":7,"npid":6,"totalVotes":15,"spid":3,"abbr":"PS","municipalCouncilor":false,"muid":20,"alid":4,"firstname":"Tero","electionDayVotes":8,"pid":"23","finalPosition":0,"electedInformation":"ON_SUBSTITUTE_PLACE","totalVotesPercent":0.7,"nominatorName":{"fi":"Perussuomalaiset","sv":"Sannfinländarna","en":"The Finns Party"},"caid":90,"position":0,"gender":"1","comparisonData":{"totalVotes":46,"votesTotalChange":-31},"edid":7,"comparativeIndex":0.0,"electionDayVotesPercent":0.7,"nominatorAbbr":{"fi":"PS","sv":"Sannf","en":"FINNS"}},{"age":44,"advanceVotesPercent":1.0,"lastname":"Koistinen","occupation":"ohjelmistosuunnittelija, filosofian maisteri","advanceVotes":10,"npid":7,"totalVotes":15,"spid":2,"abbr":"KOK","municipalCouncilor":false,"muid":20,"alid":5,"firstname":"Tomi","electionDayVotes":5,"pid":"4","finalPosition":0,"electedInformation":"ON_SUBSTITUTE_PLACE","totalVotesPercent":0.7,"nominatorName":{"fi":"Kansallinen Kokoomus","sv":"Samlingspartiet","en":"National Coalition Party"},"caid":102,"position":0,"gender":"1","comparisonData":{"totalVotes":9,"votesTotalChange":6},"edid":7,"comparativeIndex":0.0,"electionDayVotesPercent":0.4,"nominatorAbbr":{"fi":"KOK","sv":"Saml","en":"NCP"}},{"age":46,"advanceVotesPercent":0.5,"lastname":"Talonen","occupation":"suunnittelija, yrittäjä","advanceVotes":5,"npid":9,"totalVotes":15,"spid":99,"abbr":"Muut","municipalCouncilor":false,"muid":20,"alid":7,"firstname":"Elina","electionDayVotes":10,"pid":"0209","finalPosition":0,"electedInformation":"NOT_ELECTED","totalVotesPercent":0.7,"nominatorName":{"fi":"Elina Talonen","sv":"Elina Talonen","en":"Elina Talonen"},"caid":135,"position":0,"gender":"2","comparisonData":{"totalVotes":0,"votesTotalChange":15},"edid":7,"comparativeIndex":0.0,"electionDayVotesPercent":0.8,"nominatorAbbr":{"fi":"E135","sv":"E135","en":"E135"}},{"age":50,"advanceVotesPercent":0.7,"lastname":"Helin","occupation":"IT-työntekijä","advanceVotes":7,"npid":2,"totalVotes":13,"spid":4,"abbr":"SDP","municipalCouncilor":false,"muid":20,"alid":2,"firstname":"Mikael","electionDayVotes":6,"pid":"1","finalPosition":0,"electedInformation":"NOT_ELECTED","totalVotesPercent":0.6,"nominatorName":{"fi":"Suomen Sosialidemokraattinen Puolue","sv":"Finlands Socialdemokratiska Parti","en":"The Finnish Social Democratic Party"},"caid":24,"position":0,"gender":"1","comparisonData":{"totalVotes":28,"votesTotalChange":-15},"edid":7,"comparativeIndex":0.0,"electionDayVotesPercent":0.5,"nominatorAbbr":{"fi":"SDP","sv":"SDP","en":"SDP"}},{"age":43,"advanceVotesPercent":0.6,"lastname":"Palander","occupation":"työfysioterapeutti, yrittäjä","advanceVotes":6,"npid":2,"totalVotes":13,"spid":4,"abbr":"SDP","municipalCouncilor":false,"muid":20,"alid":2,"firstname":"Jarno","electionDayVotes":7,"pid":"1","finalPosition":0,"electedInformation":"ON_SUBSTITUTE_PLACE","totalVotesPercent":0.6,"nominatorName":{"fi":"Suomen Sosialidemokraattinen Puolue","sv":"Finlands Socialdemokratiska Parti","en":"The Finnish Social Democratic Party"},"caid":44,"position":0,"gender":"1","comparisonData":{"totalVotes":54,"votesTotalChange":-41},"edid":7,"comparativeIndex":0.0,"electionDayVotesPercent":0.6,"nominatorAbbr":{"fi":"SDP","sv":"SDP","en":"SDP"}},{"age":45,"advanceVotesPercent":0.8,"lastname":"Liehu","occupation":"maanviljelijä","advanceVotes":8,"npid":3,"totalVotes":13,"spid":1,"abbr":"KESK","municipalCouncilor":true,"muid":20,"alid":3,"firstname":"Vesa","electionDayVotes":5,"pid":"2","finalPosition":0,"electedInformation":"ELECTED","totalVotesPercent":0.6,"nominatorName":{"fi":"Suomen Keskusta","sv":"Centern i Finland","en":"Centre Party of Finland"},"caid":73,"position":0,"gender":"1","comparisonData":{"totalVotes":118,"votesTotalChange":-105},"edid":7,"comparativeIndex":0.0,"electionDayVotesPercent":0.4,"nominatorAbbr":{"fi":"KESK","sv":"C","en":"CENT"}},{"age":70,"advanceVotesPercent":0.9,"lastname":"Jurvanen","occupation":"yhteiskuntatieteiden maisteri, erityisopettaja","advanceVotes":9,"npid":6,"totalVotes":13,"spid":3,"abbr":"PS","municipalCouncilor":false,"muid":20,"alid":4,"firstname":"Reino","electionDayVotes":4,"pid":"23","finalPosition":0,"electedInformation":"NOT_ELECTED","totalVotesPercent":0.6,"nominatorName":{"fi":"Perussuomalaiset","sv":"Sannfinländarna","en":"The Finns Party"},"caid":86,"position":0,"gender":"1","comparisonData":{"totalVotes":0,"votesTotalChange":13},"edid":7,"comparativeIndex":0.0,"electionDayVotesPercent":0.3,"nominatorAbbr":{"fi":"PS","sv":"Sannf","en":"FINNS"}},{"age":48,"advanceVotesPercent":0.4,"lastname":"Peltola","occupation":"yrittäjä, insinööri","advanceVotes":4,"npid":7,"totalVotes":13,"spid":2,"abbr":"KOK","municipalCouncilor":false,"muid":20,"alid":5,"firstname":"Marko","electionDayVotes":9,"pid":"4","finalPosition":0,"electedInformation":"ON_SUBSTITUTE_PLACE","totalVotesPercent":0.6,"nominatorName":{"fi":"Kansallinen Kokoomus","sv":"Samlingspartiet","en":"National Coalition Party"},"caid":109,"position":0,"gender":"1","comparisonData":{"totalVotes":0,"votesTotalChange":13},"edid":7,"comparativeIndex":0.0,"electionDayVotesPercent":0.8,"nominatorAbbr":{"fi":"KOK","sv":"Saml","en":"NCP"}},{"age":48,"advanceVotesPercent":0.7,"lastname":"Järvinen","occupation":"trukinkuljettaja, pääluottamusmies","advanceVotes":7,"npid":2,"totalVotes":12,"spid":4,"abbr":"SDP","municipalCouncilor":true,"muid":20,"alid":2,"firstname":"Hannu","electionDayVotes":5,"pid":"1","finalPosition":0,"electedInformation":"ELECTED","totalVotesPercent":0.5,"nominatorName":{"fi":"Suomen Sosialidemokraattinen Puolue","sv":"Finlands Socialdemokratiska Parti","en":"The Finnish Social Democratic Party"},"caid":27,"position":0,"gender":"1","comparisonData":{"totalVotes":115,"votesTotalChange":-103},"edid":7,"comparativeIndex":0.0,"electionDayVotesPercent":0.4,"nominatorAbbr":{"fi":"SDP","sv":"SDP","en":"SDP"}},{"age":52,"advanceVotesPercent":1.0,"lastname":"Kallioinen","occupation":"kehittämispäällikkö","advanceVotes":10,"npid":2,"totalVotes":12,"spid":4,"abbr":"SDP","municipalCouncilor":true,"muid":20,"alid":2,"firstname":"Saila","electionDayVotes":2,"pid":"1","finalPosition":0,"electedInformation":"ELECTED","totalVotesPercent":0.5,"nominatorName":{"fi":"Suomen Sosialidemokraattinen Puolue","sv":"Finlands Socialdemokratiska Parti","en":"The Finnish Social Democratic Party"},"caid":28,"position":0,"gender":"2","comparisonData":{"totalVotes":144,"votesTotalChange":-132},"edid":7,"comparativeIndex":0.0,"electionDayVotesPercent":0.2,"nominatorAbbr":{"fi":"SDP","sv":"SDP","en":"SDP"}},{"age":42,"advanceVotesPercent":0.6,"lastname":"Mäntysalo","occupation":"esimies","advanceVotes":6,"npid":2,"totalVotes":12,"spid":4,"abbr":"SDP","municipalCouncilor":false,"muid":20,"alid":2,"firstname":"Mikko","electionDayVotes":6,"pid":"1","finalPosition":0,"electedInformation":"NOT_ELECTED","totalVotesPercent":0.5,"nominatorName":{"fi":"Suomen Sosialidemokraattinen Puolue","sv":"Finlands Socialdemokratiska Parti","en":"The Finnish Social Democratic Party"},"caid":38,"position":0,"gender":"1","comparisonData":{"totalVotes":24,"votesTotalChange":-12},"edid":7,"comparativeIndex":0.0,"electionDayVotesPercent":0.5,"nominatorAbbr":{"fi":"SDP","sv":"SDP","en":"SDP"}},{"age":48,"advanceVotesPercent":0.8,"lastname":"Vaittinen","occupation":"maanviljelijä","advanceVotes":8,"npid":3,"totalVotes":12,"spid":1,"abbr":"KESK","municipalCouncilor":true,"muid":20,"alid":3,"firstname":"Jouni","electionDayVotes":4,"pid":"2","finalPosition":0,"electedInformation":"ELECTED","totalVotesPercent":0.5,"nominatorName":{"fi":"Suomen Keskusta","sv":"Centern i Finland","en":"Centre Party of Finland"},"caid":79,"position":0,"gender":"1","comparisonData":{"totalVotes":117,"votesTotalChange":-105},"edid":7,"comparativeIndex":0.0,"electionDayVotesPercent":0.3,"nominatorAbbr":{"fi":"KESK","sv":"C","en":"CENT"}},{"age":52,"advanceVotesPercent":0.2,"lastname":"Aarnio","occupation":"opettaja","advanceVotes":2,"npid":7,"totalVotes":12,"spid":2,"abbr":"KOK","municipalCouncilor":false,"muid":20,"alid":5,"firstname":"Petri","electionDayVotes":10,"pid":"4","finalPosition":0,"electedInformation":"ON_SUBSTITUTE_PLACE","totalVotesPercent":0.5,"nominatorName":{"fi":"Kansallinen Kokoomus","sv":"Samlingspartiet","en":"National Coalition Party"},"caid":97,"position":0,"gender":"1","comparisonData":{"totalVotes":8,"votesTotalChange":4},"edid":7,"comparativeIndex":0.0,"electionDayVotesPercent":0.8,"nominatorAbbr":{"fi":"KOK","sv":"Saml","en":"NCP"}},{"age":50,"advanceVotesPercent":0.7,"lastname":"Halmela-Taberman","occupation":"filosofian maisteri, lehtori","advanceVotes":7,"npid":2,"totalVotes":11,"spid":4,"abbr":"SDP","municipalCouncilor":false,"muid":20,"alid":2,"firstname":"Hannele","electionDayVotes":4,"pid":"1","finalPosition":0,"electedInformation":"NOT_ELECTED","totalVotesPercent":0.5,"nominatorName":{"fi":"Suomen Sosialidemokraattinen Puolue","sv":"Finlands Socialdemokratiska Parti","en":"The Finnish Social Democratic Party"},"caid":19,"position":0,"gender":"2","comparisonData":{"totalVotes":22,"votesTotalChange":-11},"edid":7,"comparativeIndex":0.0,"electionDayVotesPercent":0.3,"nominatorAbbr":{"fi":"SDP","sv":"SDP","en":"SDP"}},{"age":43,"advanceVotesPercent":0.8,"lastname":"Saarikivi","occupation":"lähihoitaja","advanceVotes":8,"npid":2,"totalVotes":11,"spid":4,"abbr":"SDP","municipalCouncilor":false,"muid":20,"alid":2,"firstname":"Marko","electionDayVotes":3,"pid":"1","finalPosition":0,"electedInformation":"NOT_ELECTED","totalVotesPercent":0.5,"nominatorName":{"fi":"Suomen Sosialidemokraattinen Puolue","sv":"Finlands Socialdemokratiska Parti","en":"The Finnish Social Democratic Party"},"caid":52,"position":0,"gender":"1","comparisonData":{"totalVotes":0,"votesTotalChange":11},"edid":7,"comparativeIndex":0.0,"electionDayVotesPercent":0.3,"nominatorAbbr":{"fi":"SDP","sv":"SDP","en":"SDP"}},{"age":45,"advanceVotesPercent":0.6,"lastname":"Kaajala-Selkama","occupation":"sosiaalityöntekijä, työnohjaaja","advanceVotes":6,"npid":3,"totalVotes":11,"spid":1,"abbr":"KESK","municipalCouncilor":false,"muid":20,"alid":3,"firstname":"Sari","electionDayVotes":5,"pid":"2","finalPosition":0,"electedInformation":"NOT_ELECTED","totalVotesPercent":0.5,"nominatorName":{"fi":"Suomen Keskusta","sv":"Centern i Finland","en":"Centre Party of Finland"},"caid":65,"position":0,"gender":"2","comparisonData":{"totalVotes":0,"votesTotalChange":11},"edid":7,"comparativeIndex":0.0,"electionDayVotesPercent":0.4,"nominatorAbbr":{"fi":"KESK","sv":"C","en":"CENT"}},{"age":43,"advanceVotesPercent":0.2,"lastname":"Kivi","occupation":"kiinteistönhoitaja","advanceVotes":2,"npid":6,"totalVotes":11,"spid":3,"abbr":"PS","municipalCouncilor":false,"muid":20,"alid":4,"firstname":"Marko","electionDayVotes":9,"pid":"23","finalPosition":0,"electedInformation":"ON_SUBSTITUTE_PLACE","totalVotesPercent":0.5,"nominatorName":{"fi":"Perussuomalaiset","sv":"Sannfinländarna","en":"The Finns Party"},"caid":88,"position":0,"gender":"1","comparisonData":{"totalVotes":14,"votesTotalChange":-3},"edid":7,"comparativeIndex":0.0,"electionDayVotesPercent":0.8,"nominatorAbbr":{"fi":"PS","sv":"Sannf","en":"FINNS"}},{"age":33,"advanceVotesPercent":0.5,"lastname":"Puomila","occupation":"myyntiedustaja","advanceVotes":5,"npid":7,"totalVotes":11,"spid":2,"abbr":"KOK","municipalCouncilor":false,"muid":20,"alid":5,"firstname":"Janita","electionDayVotes":6,"pid":"4","finalPosition":0,"electedInformation":"ELECTED","totalVotesPercent":0.5,"nominatorName":{"fi":"Kansallinen Kokoomus","sv":"Samlingspartiet","en":"National Coalition Party"},"caid":112,"position":0,"gender":"2","comparisonData":{"totalVotes":0,"votesTotalChange":11},"edid":7,"comparativeIndex":0.0,"electionDayVotesPercent":0.5,"nominatorAbbr":{"fi":"KOK","sv":"Saml","en":"NCP"}},{"age":51,"advanceVotesPercent":0.8,"lastname":"Laaki","occupation":"metallimies","advanceVotes":8,"npid":2,"totalVotes":10,"spid":4,"abbr":"SDP","municipalCouncilor":false,"muid":20,"alid":2,"firstname":"Markku","electionDayVotes":2,"pid":"1","finalPosition":0,"electedInformation":"NOT_ELECTED","totalVotesPercent":0.4,"nominatorName":{"fi":"Suomen Sosialidemokraattinen Puolue","sv":"Finlands Socialdemokratiska Parti","en":"The Finnish Social Democratic Party"},"caid":33,"position":0,"gender":"1","comparisonData":{"totalVotes":23,"votesTotalChange":-13},"edid":7,"comparativeIndex":0.0,"electionDayVotesPercent":0.2,"nominatorAbbr":{"fi":"SDP","sv":"SDP","en":"SDP"}},{"age":44,"advanceVotesPercent":0.5,"lastname":"Salonen","occupation":"palvelusihteeri","advanceVotes":5,"npid":2,"totalVotes":10,"spid":4,"abbr":"SDP","municipalCouncilor":true,"muid":20,"alid":2,"firstname":"Jouni","electionDayVotes":5,"pid":"1","finalPosition":0,"electedInformation":"ELECTED","totalVotesPercent":0.4,"nominatorName":{"fi":"Suomen Sosialidemokraattinen Puolue","sv":"Finlands Socialdemokratiska Parti","en":"The Finnish Social Democratic Party"},"caid":54,"position":0,"gender":"1","comparisonData":{"totalVotes":78,"votesTotalChange":-68},"edid":7,"comparativeIndex":0.0,"electionDayVotesPercent":0.4,"nominatorAbbr":{"fi":"SDP","sv":"SDP","en":"SDP"}},{"age":20,"advanceVotesPercent":0.4,"lastname":"Hormalainen","occupation":"taksinkuljettaja","advanceVotes":4,"npid":7,"totalVotes":10,"spid":2,"abbr":"KOK","municipalCouncilor":false,"muid":20,"alid":5,"firstname":"Niko","electionDayVotes":6,"pid":"4","finalPosition":0,"electedInformation":"NOT_ELECTED","totalVotesPercent":0.4,"nominatorName":{"fi":"Kansallinen Kokoomus","sv":"Samlingspartiet","en":"National Coalition Party"},"caid":100,"position":0,"gender":"1","comparisonData":{"totalVotes":0,"votesTotalChange":10},"edid":7,"comparativeIndex":0.0,"electionDayVotesPercent":0.5,"nominatorAbbr":{"fi":"KOK","sv":"Saml","en":"NCP"}},{"age":38,"advanceVotesPercent":0.1,"lastname":"Kuusisto","occupation":"yrittäjä","advanceVotes":1,"npid":1,"totalVotes":9,"spid":5,"abbr":"VIHR","municipalCouncilor":false,"muid":20,"alid":1,"firstname":"Kati","electionDayVotes":8,"pid":"13","finalPosition":0,"electedInformation":"ON_SUBSTITUTE_PLACE","totalVotesPercent":0.4,"nominatorName":{"fi":"Vihreä liitto","sv":"Gröna förbundet","en":"Green League"},"caid":5,"position":0,"gender":"2","comparisonData":{"totalVotes":0,"votesTotalChange":9},"edid":7,"comparativeIndex":0.0,"electionDayVotesPercent":0.7,"nominatorAbbr":{"fi":"VIHR","sv":"Gröna","en":"GREEN"}},{"age":35,"advanceVotesPercent":0.3,"lastname":"Orava","occupation":"tietoturvasuunnittelija","advanceVotes":3,"npid":1,"totalVotes":9,"spid":5,"abbr":"VIHR","municipalCouncilor":false,"muid":20,"alid":1,"firstname":"Antti","electionDayVotes":6,"pid":"13","finalPosition":0,"electedInformation":"NOT_ELECTED","totalVotesPercent":0.4,"nominatorName":{"fi":"Vihreä liitto","sv":"Gröna förbundet","en":"Green League"},"caid":10,"position":0,"gender":"1","comparisonData":{"totalVotes":0,"votesTotalChange":9},"edid":7,"comparativeIndex":0.0,"electionDayVotesPercent":0.5,"nominatorAbbr":{"fi":"VIHR","sv":"Gröna","en":"GREEN"}},{"age":57,"advanceVotesPercent":0.3,"lastname":"Salovaara","occupation":"apulaisrehtori","advanceVotes":3,"npid":1,"totalVotes":9,"spid":5,"abbr":"VIHR","municipalCouncilor":false,"muid":20,"alid":1,"firstname":"Kaija-Leena","electionDayVotes":6,"pid":"13","finalPosition":0,"electedInformation":"ON_SUBSTITUTE_PLACE","totalVotesPercent":0.4,"nominatorName":{"fi":"Vihreä liitto","sv":"Gröna förbundet","en":"Green League"},"caid":14,"position":0,"gender":"2","comparisonData":{"totalVotes":0,"votesTotalChange":9},"edid":7,"comparativeIndex":0.0,"electionDayVotesPercent":0.5,"nominatorAbbr":{"fi":"VIHR","sv":"Gröna","en":"GREEN"}},{"age":64,"advanceVotesPercent":0.7,"lastname":"Koppinen","occupation":"eläkeläinen","advanceVotes":7,"npid":2,"totalVotes":9,"spid":4,"abbr":"SDP","municipalCouncilor":false,"muid":20,"alid":2,"firstname":"Veikko","electionDayVotes":2,"pid":"1","finalPosition":0,"electedInformation":"NOT_ELECTED","totalVotesPercent":0.4,"nominatorName":{"fi":"Suomen Sosialidemokraattinen Puolue","sv":"Finlands Socialdemokratiska Parti","en":"The Finnish Social Democratic Party"},"caid":31,"position":0,"gender":"1","comparisonData":{"totalVotes":0,"votesTotalChange":9},"edid":7,"comparativeIndex":0.0,"electionDayVotesPercent":0.2,"nominatorAbbr":{"fi":"SDP","sv":"SDP","en":"SDP"}},{"age":30,"advanceVotesPercent":0.3,"lastname":"Rintala","occupation":"lähihoitaja, sairaanhoitajaopiskelija","advanceVotes":3,"npid":2,"totalVotes":9,"spid":4,"abbr":"SDP","municipalCouncilor":false,"muid":20,"alid":2,"firstname":"Petri","electionDayVotes":6,"pid":"1","finalPosition":0,"electedInformation":"NOT_ELECTED","totalVotesPercent":0.4,"nominatorName":{"fi":"Suomen Sosialidemokraattinen Puolue","sv":"Finlands Socialdemokratiska Parti","en":"The Finnish Social Democratic Party"},"caid":47,"position":0,"gender":"1","comparisonData":{"totalVotes":23,"votesTotalChange":-14},"edid":7,"comparativeIndex":0.0,"electionDayVotesPercent":0.5,"nominatorAbbr":{"fi":"SDP","sv":"SDP","en":"SDP"}},{"age":30,"advanceVotesPercent":0.3,"lastname":"Kontio","occupation":"lastenohjaaja","advanceVotes":3,"npid":3,"totalVotes":9,"spid":1,"abbr":"KESK","municipalCouncilor":false,"muid":20,"alid":3,"firstname":"Timo","electionDayVotes":6,"pid":"2","finalPosition":0,"electedInformation":"NOT_ELECTED","totalVotesPercent":0.4,"nominatorName":{"fi":"Suomen Keskusta","sv":"Centern i Finland","en":"Centre Party of Finland"},"caid":67,"position":0,"gender":"1","comparisonData":{"totalVotes":0,"votesTotalChange":9},"edid":7,"comparativeIndex":0.0,"electionDayVotesPercent":0.5,"nominatorAbbr":{"fi":"KESK","sv":"C","en":"CENT"}},{"age":48,"advanceVotesPercent":0.3,"lastname":"Riekkinen","occupation":"yrittäjä","advanceVotes":3,"npid":6,"totalVotes":9,"spid":3,"abbr":"PS","municipalCouncilor":false,"muid":20,"alid":4,"firstname":"Juhana","electionDayVotes":6,"pid":"23","finalPosition":0,"electedInformation":"NOT_ELECTED","totalVotesPercent":0.4,"nominatorName":{"fi":"Perussuomalaiset","sv":"Sannfinländarna","en":"The Finns Party"},"caid":94,"position":0,"gender":"1","comparisonData":{"totalVotes":25,"votesTotalChange":-16},"edid":7,"comparativeIndex":0.0,"electionDayVotesPercent":0.5,"nominatorAbbr":{"fi":"PS","sv":"Sannf","en":"FINNS"}},{"age":53,"advanceVotesPercent":0.3,"lastname":"Sulin","occupation":"myyntipäällikkö","advanceVotes":3,"npid":7,"totalVotes":9,"spid":2,"abbr":"KOK","municipalCouncilor":false,"muid":20,"alid":5,"firstname":"Niko","electionDayVotes":6,"pid":"4","finalPosition":0,"electedInformation":"NOT_ELECTED","totalVotesPercent":0.4,"nominatorName":{"fi":"Kansallinen Kokoomus","sv":"Samlingspartiet","en":"National Coalition Party"},"caid":118,"position":0,"gender":"1","comparisonData":{"totalVotes":0,"votesTotalChange":9},"edid":7,"comparativeIndex":0.0,"electionDayVotesPercent":0.5,"nominatorAbbr":{"fi":"KOK","sv":"Saml","en":"NCP"}},{"age":38,"advanceVotesPercent":0.3,"lastname":"Allen","occupation":"sijoitusasiantuntija","advanceVotes":3,"npid":8,"totalVotes":9,"spid":6,"abbr":"VAS","municipalCouncilor":false,"muid":20,"alid":6,"firstname":"Teija","electionDayVotes":6,"pid":"15","finalPosition":0,"electedInformation":"NOT_ELECTED","totalVotesPercent":0.4,"nominatorName":{"fi":"Vasemmistoliitto","sv":"Vänsterförbundet","en":"The Left Alliance"},"caid":124,"position":0,"gender":"2","comparisonData":{"totalVotes":0,"votesTotalChange":9},"edid":7,"comparativeIndex":0.0,"electionDayVotesPercent":0.5,"nominatorAbbr":{"fi":"VAS","sv":"VF","en":"LEFT"}},{"age":31,"advanceVotesPercent":0.2,"lastname":"Lindholm","occupation":"yrittäjä","advanceVotes":2,"npid":1,"totalVotes":8,"spid":5,"abbr":"VIHR","municipalCouncilor":false,"muid":20,"alid":1,"firstname":"Elina","electionDayVotes":6,"pid":"13","finalPosition":0,"electedInformation":"NOT_ELECTED","totalVotesPercent":0.4,"nominatorName":{"fi":"Vihreä liitto","sv":"Gröna förbundet","en":"Green League"},"caid":7,"position":0,"gender":"2","comparisonData":{"totalVotes":0,"votesTotalChange":8},"edid":7,"comparativeIndex":0.0,"electionDayVotesPercent":0.5,"nominatorAbbr":{"fi":"VIHR","sv":"Gröna","en":"GREEN"}},{"age":37,"advanceVotesPercent":0.7,"lastname":"Vihervaara","occupation":"humanisti AMK","advanceVotes":7,"npid":7,"totalVotes":8,"spid":2,"abbr":"KOK","municipalCouncilor":false,"muid":20,"alid":5,"firstname":"Hanna-Leena","electionDayVotes":1,"pid":"4","finalPosition":0,"electedInformation":"NOT_ELECTED","totalVotesPercent":0.4,"nominatorName":{"fi":"Kansallinen Kokoomus","sv":"Samlingspartiet","en":"National Coalition Party"},"caid":121,"position":0,"gender":"2","comparisonData":{"totalVotes":25,"votesTotalChange":-17},"edid":7,"comparativeIndex":0.0,"electionDayVotesPercent":0.1,"nominatorAbbr":{"fi":"KOK","sv":"Saml","en":"NCP"}},{"age":35,"advanceVotesPercent":0.2,"lastname":"Kuusisto","occupation":"graafinen suunnittelija","advanceVotes":2,"npid":1,"totalVotes":7,"spid":5,"abbr":"VIHR","municipalCouncilor":false,"muid":20,"alid":1,"firstname":"Katri","electionDayVotes":5,"pid":"13","finalPosition":0,"electedInformation":"NOT_ELECTED","totalVotesPercent":0.3,"nominatorName":{"fi":"Vihreä liitto","sv":"Gröna förbundet","en":"Green League"},"caid":6,"position":0,"gender":"2","comparisonData":{"totalVotes":0,"votesTotalChange":7},"edid":7,"comparativeIndex":0.0,"electionDayVotesPercent":0.4,"nominatorAbbr":{"fi":"VIHR","sv":"Gröna","en":"GREEN"}},{"age":24,"advanceVotesPercent":0.2,"lastname":"Niemi","occupation":"opiskelija, kokki","advanceVotes":2,"npid":1,"totalVotes":7,"spid":5,"abbr":"VIHR","municipalCouncilor":false,"muid":20,"alid":1,"firstname":"Tomas","electionDayVotes":5,"pid":"13","finalPosition":0,"electedInformation":"NOT_ELECTED","totalVotesPercent":0.3,"nominatorName":{"fi":"Vihreä liitto","sv":"Gröna förbundet","en":"Green League"},"caid":9,"position":0,"gender":"1","comparisonData":{"totalVotes":0,"votesTotalChange":7},"edid":7,"comparativeIndex":0.0,"electionDayVotesPercent":0.4,"nominatorAbbr":{"fi":"VIHR","sv":"Gröna","en":"GREEN"}},{"age":42,"advanceVotesPercent":0.2,"lastname":"Loppi","occupation":"asiakkuusvastaava","advanceVotes":2,"npid":2,"totalVotes":7,"spid":4,"abbr":"SDP","municipalCouncilor":true,"muid":20,"alid":2,"firstname":"Inka","electionDayVotes":5,"pid":"1","finalPosition":0,"electedInformation":"ON_SUBSTITUTE_PLACE","totalVotesPercent":0.3,"nominatorName":{"fi":"Suomen Sosialidemokraattinen Puolue","sv":"Finlands Socialdemokratiska Parti","en":"The Finnish Social Democratic Party"},"caid":36,"position":0,"gender":"2","comparisonData":{"totalVotes":59,"votesTotalChange":-52},"edid":7,"comparativeIndex":0.0,"electionDayVotesPercent":0.4,"nominatorAbbr":{"fi":"SDP","sv":"SDP","en":"SDP"}},{"age":66,"advanceVotesPercent":0.2,"lastname":"Koskinen","occupation":"eläkeläinen","advanceVotes":2,"npid":2,"totalVotes":6,"spid":4,"abbr":"SDP","municipalCouncilor":false,"muid":20,"alid":2,"firstname":"Jukka","electionDayVotes":4,"pid":"1","finalPosition":0,"electedInformation":"NOT_ELECTED","totalVotesPercent":0.3,"nominatorName":{"fi":"Suomen Sosialidemokraattinen Puolue","sv":"Finlands Socialdemokratiska Parti","en":"The Finnish Social Democratic Party"},"caid":32,"position":0,"gender":"1","comparisonData":{"totalVotes":16,"votesTotalChange":-10},"edid":7,"comparativeIndex":0.0,"electionDayVotesPercent":0.3,"nominatorAbbr":{"fi":"SDP","sv":"SDP","en":"SDP"}},{"age":59,"advanceVotesPercent":0.3,"lastname":"Sintonen","occupation":"apuvälinekorjaaja","advanceVotes":3,"npid":2,"totalVotes":6,"spid":4,"abbr":"SDP","municipalCouncilor":false,"muid":20,"alid":2,"firstname":"Pekka","electionDayVotes":3,"pid":"1","finalPosition":0,"electedInformation":"NOT_ELECTED","totalVotesPercent":0.3,"nominatorName":{"fi":"Suomen Sosialidemokraattinen Puolue","sv":"Finlands Socialdemokratiska Parti","en":"The Finnish Social Democratic Party"},"caid":55,"position":0,"gender":"1","comparisonData":{"totalVotes":18,"votesTotalChange":-12},"edid":7,"comparativeIndex":0.0,"electionDayVotesPercent":0.3,"nominatorAbbr":{"fi":"SDP","sv":"SDP","en":"SDP"}},{"age":55,"advanceVotesPercent":0.3,"lastname":"Ahonen","occupation":"yrittäjä","advanceVotes":3,"npid":3,"totalVotes":6,"spid":1,"abbr":"KESK","municipalCouncilor":false,"muid":20,"alid":3,"firstname":"Jukka","electionDayVotes":3,"pid":"2","finalPosition":0,"electedInformation":"ELECTED","totalVotesPercent":0.3,"nominatorName":{"fi":"Suomen Keskusta","sv":"Centern i Finland","en":"Centre Party of Finland"},"caid":62,"position":0,"gender":"1","comparisonData":{"totalVotes":0,"votesTotalChange":6},"edid":7,"comparativeIndex":0.0,"electionDayVotesPercent":0.3,"nominatorAbbr":{"fi":"KESK","sv":"C","en":"CENT"}},{"age":19,"advanceVotesPercent":0.3,"lastname":"Heinonen","occupation":"opiskelija","advanceVotes":3,"npid":7,"totalVotes":6,"spid":2,"abbr":"KOK","municipalCouncilor":false,"muid":20,"alid":5,"firstname":"Milla","electionDayVotes":3,"pid":"4","finalPosition":0,"electedInformation":"NOT_ELECTED","totalVotesPercent":0.3,"nominatorName":{"fi":"Kansallinen Kokoomus","sv":"Samlingspartiet","en":"National Coalition Party"},"caid":99,"position":0,"gender":"2","comparisonData":{"totalVotes":0,"votesTotalChange":6},"edid":7,"comparativeIndex":0.0,"electionDayVotesPercent":0.3,"nominatorAbbr":{"fi":"KOK","sv":"Saml","en":"NCP"}},{"age":64,"advanceVotesPercent":0.5,"lastname":"Liimatta","occupation":"sellotaiteilija, eläkeläinen","advanceVotes":5,"npid":7,"totalVotes":6,"spid":2,"abbr":"KOK","municipalCouncilor":false,"muid":20,"alid":5,"firstname":"Jorma","electionDayVotes":1,"pid":"4","finalPosition":0,"electedInformation":"NOT_ELECTED","totalVotesPercent":0.3,"nominatorName":{"fi":"Kansallinen Kokoomus","sv":"Samlingspartiet","en":"National Coalition Party"},"caid":105,"position":0,"gender":"1","comparisonData":{"totalVotes":9,"votesTotalChange":-3},"edid":7,"comparativeIndex":0.0,"electionDayVotesPercent":0.1,"nominatorAbbr":{"fi":"KOK","sv":"Saml","en":"NCP"}},{"age":69,"advanceVotesPercent":0.3,"lastname":"Humaloja","occupation":"kiinteistönhoitaja, eläkeläinen","advanceVotes":3,"npid":8,"totalVotes":6,"spid":6,"abbr":"VAS","municipalCouncilor":true,"muid":20,"alid":6,"firstname":"Matti","electionDayVotes":3,"pid":"15","finalPosition":0,"electedInformation":"ELECTED","totalVotesPercent":0.3,"nominatorName":{"fi":"Vasemmistoliitto","sv":"Vänsterförbundet","en":"The Left Alliance"},"caid":126,"position":0,"gender":"1","comparisonData":{"totalVotes":61,"votesTotalChange":-55},"edid":7,"comparativeIndex":0.0,"electionDayVotesPercent":0.3,"nominatorAbbr":{"fi":"VAS","sv":"VF","en":"LEFT"}},{"age":58,"advanceVotesPercent":0.3,"lastname":"Jara","occupation":"maansiirtokoneasentaja, mekaanikko","advanceVotes":3,"npid":8,"totalVotes":6,"spid":6,"abbr":"VAS","municipalCouncilor":false,"muid":20,"alid":6,"firstname":"Juhani","electionDayVotes":3,"pid":"15","finalPosition":0,"electedInformation":"NOT_ELECTED","totalVotesPercent":0.3,"nominatorName":{"fi":"Vasemmistoliitto","sv":"Vänsterförbundet","en":"The Left Alliance"},"caid":127,"position":0,"gender":"1","comparisonData":{"totalVotes":10,"votesTotalChange":-4},"edid":7,"comparativeIndex":0.0,"electionDayVotesPercent":0.3,"nominatorAbbr":{"fi":"VAS","sv":"VF","en":"LEFT"}},{"age":61,"advanceVotesPercent":0.6,"lastname":"Jussila","occupation":"kodinhoitaja, eläkeläinen","advanceVotes":6,"npid":8,"totalVotes":6,"spid":6,"abbr":"VAS","municipalCouncilor":false,"muid":20,"alid":6,"firstname":"Leila","electionDayVotes":0,"pid":"15","finalPosition":0,"electedInformation":"ON_SUBSTITUTE_PLACE","totalVotesPercent":0.3,"nominatorName":{"fi":"Vasemmistoliitto","sv":"Vänsterförbundet","en":"The Left Alliance"},"caid":128,"position":0,"gender":"2","comparisonData":{"totalVotes":30,"votesTotalChange":-24},"edid":7,"comparativeIndex":0.0,"electionDayVotesPercent":0.0,"nominatorAbbr":{"fi":"VAS","sv":"VF","en":"LEFT"}},{"age":53,"advanceVotesPercent":0.1,"lastname":"Alastalo","occupation":"palvelukoordinaattori","advanceVotes":1,"npid":1,"totalVotes":5,"spid":5,"abbr":"VIHR","municipalCouncilor":false,"muid":20,"alid":1,"firstname":"Hannu","electionDayVotes":4,"pid":"13","finalPosition":0,"electedInformation":"NOT_ELECTED","totalVotesPercent":0.2,"nominatorName":{"fi":"Vihreä liitto","sv":"Gröna förbundet","en":"Green League"},"caid":2,"position":0,"gender":"1","comparisonData":{"totalVotes":38,"votesTotalChange":-33},"edid":7,"comparativeIndex":0.0,"electionDayVotesPercent":0.3,"nominatorAbbr":{"fi":"VIHR","sv":"Gröna","en":"GREEN"}},{"age":37,"advanceVotesPercent":0.0,"lastname":"Naakka","occupation":"teknologiajohtaja, yrittäjä","advanceVotes":0,"npid":1,"totalVotes":5,"spid":5,"abbr":"VIHR","municipalCouncilor":false,"muid":20,"alid":1,"firstname":"Jaakko","electionDayVotes":5,"pid":"13","finalPosition":0,"electedInformation":"NOT_ELECTED","totalVotesPercent":0.2,"nominatorName":{"fi":"Vihreä liitto","sv":"Gröna förbundet","en":"Green League"},"caid":8,"position":0,"gender":"1","comparisonData":{"totalVotes":0,"votesTotalChange":5},"edid":7,"comparativeIndex":0.0,"electionDayVotesPercent":0.4,"nominatorAbbr":{"fi":"VIHR","sv":"Gröna","en":"GREEN"}},{"age":79,"advanceVotesPercent":0.3,"lastname":"Nummi","occupation":"maalari, eläkeläinen","advanceVotes":3,"npid":2,"totalVotes":5,"spid":4,"abbr":"SDP","municipalCouncilor":false,"muid":20,"alid":2,"firstname":"Leo","electionDayVotes":2,"pid":"1","finalPosition":0,"electedInformation":"NOT_ELECTED","totalVotesPercent":0.2,"nominatorName":{"fi":"Suomen Sosialidemokraattinen Puolue","sv":"Finlands Socialdemokratiska Parti","en":"The Finnish Social Democratic Party"},"caid":42,"position":0,"gender":"1","comparisonData":{"totalVotes":15,"votesTotalChange":-10},"edid":7,"comparativeIndex":0.0,"electionDayVotesPercent":0.2,"nominatorAbbr":{"fi":"SDP","sv":"SDP","en":"SDP"}},{"age":53,"advanceVotesPercent":0.1,"lastname":"Tammisto","occupation":"autonkuljettaja","advanceVotes":1,"npid":2,"totalVotes":5,"spid":4,"abbr":"SDP","municipalCouncilor":true,"muid":20,"alid":2,"firstname":"Timo","electionDayVotes":4,"pid":"1","finalPosition":0,"electedInformation":"ON_SUBSTITUTE_PLACE","totalVotesPercent":0.2,"nominatorName":{"fi":"Suomen Sosialidemokraattinen Puolue","sv":"Finlands Socialdemokratiska Parti","en":"The Finnish Social Democratic Party"},"caid":57,"position":0,"gender":"1","comparisonData":{"totalVotes":50,"votesTotalChange":-45},"edid":7,"comparativeIndex":0.0,"electionDayVotesPercent":0.3,"nominatorAbbr":{"fi":"SDP","sv":"SDP","en":"SDP"}},{"age":65,"advanceVotesPercent":0.4,"lastname":"Anttila","occupation":"maaseutuyrittäjä, filosofian kandidaatti","advanceVotes":4,"npid":3,"totalVotes":5,"spid":1,"abbr":"KESK","municipalCouncilor":true,"muid":20,"alid":3,"firstname":"Markku","electionDayVotes":1,"pid":"2","finalPosition":0,"electedInformation":"ON_SUBSTITUTE_PLACE","totalVotesPercent":0.2,"nominatorName":{"fi":"Suomen Keskusta","sv":"Centern i Finland","en":"Centre Party of Finland"},"caid":63,"position":0,"gender":"1","comparisonData":{"totalVotes":121,"votesTotalChange":-116},"edid":7,"comparativeIndex":0.0,"electionDayVotesPercent":0.1,"nominatorAbbr":{"fi":"KESK","sv":"C","en":"CENT"}},{"age":57,"advanceVotesPercent":0.2,"lastname":"Koivuniemi","occupation":"lähihoitajaopiskelija","advanceVotes":2,"npid":3,"totalVotes":5,"spid":1,"abbr":"KESK","municipalCouncilor":false,"muid":20,"alid":3,"firstname":"Sirkka","electionDayVotes":3,"pid":"2","finalPosition":0,"electedInformation":"NOT_ELECTED","totalVotesPercent":0.2,"nominatorName":{"fi":"Suomen Keskusta","sv":"Centern i Finland","en":"Centre Party of Finland"},"caid":66,"position":0,"gender":"2","comparisonData":{"totalVotes":51,"votesTotalChange":-46},"edid":7,"comparativeIndex":0.0,"electionDayVotesPercent":0.3,"nominatorAbbr":{"fi":"KESK","sv":"C","en":"CENT"}},{"age":54,"advanceVotesPercent":0.0,"lastname":"Juutilainen","occupation":"liikenneopettaja","advanceVotes":0,"npid":6,"totalVotes":5,"spid":3,"abbr":"PS","municipalCouncilor":false,"muid":20,"alid":4,"firstname":"Petri","electionDayVotes":5,"pid":"23","finalPosition":0,"electedInformation":"NOT_ELECTED","totalVotesPercent":0.2,"nominatorName":{"fi":"Perussuomalaiset","sv":"Sannfinländarna","en":"The Finns Party"},"caid":87,"position":0,"gender":"1","comparisonData":{"totalVotes":21,"votesTotalChange":-16},"edid":7,"comparativeIndex":0.0,"electionDayVotesPercent":0.4,"nominatorAbbr":{"fi":"PS","sv":"Sannf","en":"FINNS"}},{"age":52,"advanceVotesPercent":0.3,"lastname":"Sakala","occupation":"varhaisjakaja","advanceVotes":3,"npid":6,"totalVotes":5,"spid":3,"abbr":"PS","municipalCouncilor":false,"muid":20,"alid":4,"firstname":"Markku","electionDayVotes":2,"pid":"23","finalPosition":0,"electedInformation":"NOT_ELECTED","totalVotesPercent":0.2,"nominatorName":{"fi":"Perussuomalaiset","sv":"Sannfinländarna","en":"The Finns Party"},"caid":95,"position":0,"gender":"1","comparisonData":{"totalVotes":0,"votesTotalChange":5},"edid":7,"comparativeIndex":0.0,"electionDayVotesPercent":0.2,"nominatorAbbr":{"fi":"PS","sv":"Sannf","en":"FINNS"}},{"age":33,"advanceVotesPercent":0.4,"lastname":"Närkki","occupation":"yrittäjä, maanviljelijä","advanceVotes":4,"npid":7,"totalVotes":5,"spid":2,"abbr":"KOK","municipalCouncilor":true,"muid":20,"alid":5,"firstname":"Tuomo","electionDayVotes":1,"pid":"4","finalPosition":0,"electedInformation":"ON_SUBSTITUTE_PLACE","totalVotesPercent":0.2,"nominatorName":{"fi":"Kansallinen Kokoomus","sv":"Samlingspartiet","en":"National Coalition Party"},"caid":106,"position":0,"gender":"1","comparisonData":{"totalVotes":61,"votesTotalChange":-56},"edid":7,"comparativeIndex":0.0,"electionDayVotesPercent":0.1,"nominatorAbbr":{"fi":"KOK","sv":"Saml","en":"NCP"}},{"age":65,"advanceVotesPercent":0.0,"lastname":"Kivi","occupation":"eläkeläinen","advanceVotes":0,"npid":8,"totalVotes":5,"spid":6,"abbr":"VAS","municipalCouncilor":false,"muid":20,"alid":6,"firstname":"Jorma","electionDayVotes":5,"pid":"15","finalPosition":0,"electedInformation":"ON_SUBSTITUTE_PLACE","totalVotesPercent":0.2,"nominatorName":{"fi":"Vasemmistoliitto","sv":"Vänsterförbundet","en":"The Left Alliance"},"caid":129,"position":0,"gender":"1","comparisonData":{"totalVotes":0,"votesTotalChange":5},"edid":7,"comparativeIndex":0.0,"electionDayVotesPercent":0.4,"nominatorAbbr":{"fi":"VAS","sv":"VF","en":"LEFT"}},{"age":36,"advanceVotesPercent":0.3,"lastname":"Salovaara","occupation":"vakuuttamisasiantuntija, opiskelija","advanceVotes":3,"npid":1,"totalVotes":4,"spid":5,"abbr":"VIHR","municipalCouncilor":false,"muid":20,"alid":1,"firstname":"Anu","electionDayVotes":1,"pid":"13","finalPosition":0,"electedInformation":"NOT_ELECTED","totalVotesPercent":0.2,"nominatorName":{"fi":"Vihreä liitto","sv":"Gröna förbundet","en":"Green League"},"caid":13,"position":0,"gender":"2","comparisonData":{"totalVotes":0,"votesTotalChange":4},"edid":7,"comparativeIndex":0.0,"electionDayVotesPercent":0.1,"nominatorAbbr":{"fi":"VIHR","sv":"Gröna","en":"GREEN"}},{"age":51,"advanceVotesPercent":0.0,"lastname":"Halonen","occupation":"huoltovastaava","advanceVotes":0,"npid":2,"totalVotes":4,"spid":4,"abbr":"SDP","municipalCouncilor":false,"muid":20,"alid":2,"firstname":"Arto","electionDayVotes":4,"pid":"1","finalPosition":0,"electedInformation":"NOT_ELECTED","totalVotesPercent":0.2,"nominatorName":{"fi":"Suomen Sosialidemokraattinen Puolue","sv":"Finlands Socialdemokratiska Parti","en":"The Finnish Social Democratic Party"},"caid":20,"position":0,"gender":"1","comparisonData":{"totalVotes":10,"votesTotalChange":-6},"edid":7,"comparativeIndex":0.0,"electionDayVotesPercent":0.3,"nominatorAbbr":{"fi":"SDP","sv":"SDP","en":"SDP"}},{"age":65,"advanceVotesPercent":0.2,"lastname":"Nieminen","occupation":"operaattori, eläkeläinen","advanceVotes":2,"npid":2,"totalVotes":4,"spid":4,"abbr":"SDP","municipalCouncilor":false,"muid":20,"alid":2,"firstname":"Sakari","electionDayVotes":2,"pid":"1","finalPosition":0,"electedInformation":"NOT_ELECTED","totalVotesPercent":0.2,"nominatorName":{"fi":"Suomen Sosialidemokraattinen Puolue","sv":"Finlands Socialdemokratiska Parti","en":"The Finnish Social Democratic Party"},"caid":39,"position":0,"gender":"1","comparisonData":{"totalVotes":0,"votesTotalChange":4},"edid":7,"comparativeIndex":0.0,"electionDayVotesPercent":0.2,"nominatorAbbr":{"fi":"SDP","sv":"SDP","en":"SDP"}},{"age":37,"advanceVotesPercent":0.2,"lastname":"Rupponen","occupation":"palomies-sairaankuljettaja","advanceVotes":2,"npid":2,"totalVotes":4,"spid":4,"abbr":"SDP","municipalCouncilor":false,"muid":20,"alid":2,"firstname":"Mika","electionDayVotes":2,"pid":"1","finalPosition":0,"electedInformation":"ELECTED","totalVotesPercent":0.2,"nominatorName":{"fi":"Suomen Sosialidemokraattinen Puolue","sv":"Finlands Socialdemokratiska Parti","en":"The Finnish Social Democratic Party"},"caid":50,"position":0,"gender":"1","comparisonData":{"totalVotes":0,"votesTotalChange":4},"edid":7,"comparativeIndex":0.0,"electionDayVotesPercent":0.2,"nominatorAbbr":{"fi":"SDP","sv":"SDP","en":"SDP"}},{"age":58,"advanceVotesPercent":0.3,"lastname":"Tromstedt","occupation":"vastaava hoitaja, sairaanhoitaja","advanceVotes":3,"npid":2,"totalVotes":4,"spid":4,"abbr":"SDP","municipalCouncilor":true,"muid":20,"alid":2,"firstname":"Seija","electionDayVotes":1,"pid":"1","finalPosition":0,"electedInformation":"ON_SUBSTITUTE_PLACE","totalVotesPercent":0.2,"nominatorName":{"fi":"Suomen Sosialidemokraattinen Puolue","sv":"Finlands Socialdemokratiska Parti","en":"The Finnish Social Democratic Party"},"caid":59,"position":0,"gender":"2","comparisonData":{"totalVotes":96,"votesTotalChange":-92},"edid":7,"comparativeIndex":0.0,"electionDayVotesPercent":0.1,"nominatorAbbr":{"fi":"SDP","sv":"SDP","en":"SDP"}},{"age":36,"advanceVotesPercent":0.0,"lastname":"Lehtonen","occupation":"insinööri, opiskelija","advanceVotes":0,"npid":3,"totalVotes":4,"spid":1,"abbr":"KESK","municipalCouncilor":false,"muid":20,"alid":3,"firstname":"Sanna","electionDayVotes":4,"pid":"2","finalPosition":0,"electedInformation":"NOT_ELECTED","totalVotesPercent":0.2,"nominatorName":{"fi":"Suomen Keskusta","sv":"Centern i Finland","en":"Centre Party of Finland"},"caid":72,"position":0,"gender":"2","comparisonData":{"totalVotes":0,"votesTotalChange":4},"edid":7,"comparativeIndex":0.0,"electionDayVotesPercent":0.3,"nominatorAbbr":{"fi":"KESK","sv":"C","en":"CENT"}},{"age":46,"advanceVotesPercent":0.1,"lastname":"Lintunen","occupation":"palvelusuunnittelija","advanceVotes":1,"npid":3,"totalVotes":4,"spid":1,"abbr":"KESK","municipalCouncilor":false,"muid":20,"alid":3,"firstname":"Virpi","electionDayVotes":3,"pid":"2","finalPosition":0,"electedInformation":"NOT_ELECTED","totalVotesPercent":0.2,"nominatorName":{"fi":"Suomen Keskusta","sv":"Centern i Finland","en":"Centre Party of Finland"},"caid":74,"position":0,"gender":"2","comparisonData":{"totalVotes":65,"votesTotalChange":-61},"edid":7,"comparativeIndex":0.0,"electionDayVotesPercent":0.3,"nominatorAbbr":{"fi":"KESK","sv":"C","en":"CENT"}},{"age":43,"advanceVotesPercent":0.1,"lastname":"Pulkkinen","occupation":"ammatillinen opettaja","advanceVotes":1,"npid":3,"totalVotes":4,"spid":1,"abbr":"KESK","municipalCouncilor":false,"muid":20,"alid":3,"firstname":"Mervi","electionDayVotes":3,"pid":"2","finalPosition":0,"electedInformation":"ELECTED","totalVotesPercent":0.2,"nominatorName":{"fi":"Suomen Keskusta","sv":"Centern i Finland","en":"Centre Party of Finland"},"caid":76,"position":0,"gender":"2","comparisonData":{"totalVotes":0,"votesTotalChange":4},"edid":7,"comparativeIndex":0.0,"electionDayVotesPercent":0.3,"nominatorAbbr":{"fi":"KESK","sv":"C","en":"CENT"}},{"age":51,"advanceVotesPercent":0.0,"lastname":"Vesanen","occupation":"tuotantopäällikkö","advanceVotes":0,"npid":3,"totalVotes":4,"spid":1,"abbr":"KESK","municipalCouncilor":false,"muid":20,"alid":3,"firstname":"Pertti","electionDayVotes":4,"pid":"2","finalPosition":0,"electedInformation":"NOT_ELECTED","totalVotesPercent":0.2,"nominatorName":{"fi":"Suomen Keskusta","sv":"Centern i Finland","en":"Centre Party of Finland"},"caid":80,"position":0,"gender":"1","comparisonData":{"totalVotes":0,"votesTotalChange":4},"edid":7,"comparativeIndex":0.0,"electionDayVotesPercent":0.3,"nominatorAbbr":{"fi":"KESK","sv":"C","en":"CENT"}},{"age":54,"advanceVotesPercent":0.1,"lastname":"Andersson","occupation":"isännöitsijä","advanceVotes":1,"npid":6,"totalVotes":4,"spid":3,"abbr":"PS","municipalCouncilor":false,"muid":20,"alid":4,"firstname":"Aki","electionDayVotes":3,"pid":"23","finalPosition":0,"electedInformation":"NOT_ELECTED","totalVotesPercent":0.2,"nominatorName":{"fi":"Perussuomalaiset","sv":"Sannfinländarna","en":"The Finns Party"},"caid":84,"position":0,"gender":"1","comparisonData":{"totalVotes":24,"votesTotalChange":-20},"edid":7,"comparativeIndex":0.0,"electionDayVotesPercent":0.3,"nominatorAbbr":{"fi":"PS","sv":"Sannf","en":"FINNS"}},{"age":35,"advanceVotesPercent":0.0,"lastname":"Pulkkinen","occupation":"lähihoitaja, yrittäjä","advanceVotes":0,"npid":6,"totalVotes":4,"spid":3,"abbr":"PS","municipalCouncilor":false,"muid":20,"alid":4,"firstname":"Elina","electionDayVotes":4,"pid":"23","finalPosition":0,"electedInformation":"NOT_ELECTED","totalVotesPercent":0.2,"nominatorName":{"fi":"Perussuomalaiset","sv":"Sannfinländarna","en":"The Finns Party"},"caid":92,"position":0,"gender":"2","comparisonData":{"totalVotes":0,"votesTotalChange":4},"edid":7,"comparativeIndex":0.0,"electionDayVotesPercent":0.3,"nominatorAbbr":{"fi":"PS","sv":"Sannf","en":"FINNS"}},{"age":30,"advanceVotesPercent":0.0,"lastname":"Rekola","occupation":"lähihoitaja","advanceVotes":0,"npid":6,"totalVotes":4,"spid":3,"abbr":"PS","municipalCouncilor":false,"muid":20,"alid":4,"firstname":"Janika","electionDayVotes":4,"pid":"23","finalPosition":0,"electedInformation":"ELECTED","totalVotesPercent":0.2,"nominatorName":{"fi":"Perussuomalaiset","sv":"Sannfinländarna","en":"The Finns Party"},"caid":93,"position":0,"gender":"2","comparisonData":{"totalVotes":0,"votesTotalChange":4},"edid":7,"comparativeIndex":0.0,"electionDayVotesPercent":0.3,"nominatorAbbr":{"fi":"PS","sv":"Sannf","en":"FINNS"}},{"age":38,"advanceVotesPercent":0.1,"lastname":"Vehka-aho","occupation":"mainosmies, yrittäjä","advanceVotes":1,"npid":7,"totalVotes":4,"spid":2,"abbr":"KOK","municipalCouncilor":false,"muid":20,"alid":5,"firstname":"Jani","electionDayVotes":3,"pid":"4","finalPosition":0,"electedInformation":"NOT_ELECTED","totalVotesPercent":0.2,"nominatorName":{"fi":"Kansallinen Kokoomus","sv":"Samlingspartiet","en":"National Coalition Party"},"caid":120,"position":0,"gender":"1","comparisonData":{"totalVotes":0,"votesTotalChange":4},"edid":7,"comparativeIndex":0.0,"electionDayVotesPercent":0.3,"nominatorAbbr":{"fi":"KOK","sv":"Saml","en":"NCP"}},{"age":52,"advanceVotesPercent":0.2,"lastname":"Laihia","occupation":"filosofian maisteri, työtön","advanceVotes":2,"npid":8,"totalVotes":4,"spid":6,"abbr":"VAS","municipalCouncilor":false,"muid":20,"alid":6,"firstname":"Jari","electionDayVotes":2,"pid":"15","finalPosition":0,"electedInformation":"NOT_ELECTED","totalVotesPercent":0.2,"nominatorName":{"fi":"Vasemmistoliitto","sv":"Vänsterförbundet","en":"The Left Alliance"},"caid":130,"position":0,"gender":"1","comparisonData":{"totalVotes":0,"votesTotalChange":4},"edid":7,"comparativeIndex":0.0,"electionDayVotesPercent":0.2,"nominatorAbbr":{"fi":"VAS","sv":"VF","en":"LEFT"}},{"age":47,"advanceVotesPercent":0.2,"lastname":"Heino","occupation":"lastenohjaaja","advanceVotes":2,"npid":2,"totalVotes":3,"spid":4,"abbr":"SDP","municipalCouncilor":false,"muid":20,"alid":2,"firstname":"Jaana","electionDayVotes":1,"pid":"1","finalPosition":0,"electedInformation":"NOT_ELECTED","totalVotesPercent":0.1,"nominatorName":{"fi":"Suomen Sosialidemokraattinen Puolue","sv":"Finlands Socialdemokratiska Parti","en":"The Finnish Social Democratic Party"},"caid":22,"position":0,"gender":"2","comparisonData":{"totalVotes":0,"votesTotalChange":3},"edid":7,"comparativeIndex":0.0,"electionDayVotesPercent":0.1,"nominatorAbbr":{"fi":"SDP","sv":"SDP","en":"SDP"}},{"age":51,"advanceVotesPercent":0.1,"lastname":"Lahdensivu","occupation":"lastentarhanopettaja","advanceVotes":1,"npid":2,"totalVotes":3,"spid":4,"abbr":"SDP","municipalCouncilor":false,"muid":20,"alid":2,"firstname":"Johanna","electionDayVotes":2,"pid":"1","finalPosition":0,"electedInformation":"ON_SUBSTITUTE_PLACE","totalVotesPercent":0.1,"nominatorName":{"fi":"Suomen Sosialidemokraattinen Puolue","sv":"Finlands Socialdemokratiska Parti","en":"The Finnish Social Democratic Party"},"caid":34,"position":0,"gender":"2","comparisonData":{"totalVotes":0,"votesTotalChange":3},"edid":7,"comparativeIndex":0.0,"electionDayVotesPercent":0.2,"nominatorAbbr":{"fi":"SDP","sv":"SDP","en":"SDP"}},{"age":64,"advanceVotesPercent":0.1,"lastname":"Rantala","occupation":"rehtori, eläkeläinen","advanceVotes":1,"npid":2,"totalVotes":3,"spid":4,"abbr":"SDP","municipalCouncilor":true,"muid":20,"alid":2,"firstname":"Harri","electionDayVotes":2,"pid":"1","finalPosition":0,"electedInformation":"ON_SUBSTITUTE_PLACE","totalVotesPercent":0.1,"nominatorName":{"fi":"Suomen Sosialidemokraattinen Puolue","sv":"Finlands Socialdemokratiska Parti","en":"The Finnish Social Democratic Party"},"caid":46,"position":0,"gender":"1","comparisonData":{"totalVotes":137,"votesTotalChange":-134},"edid":7,"comparativeIndex":0.0,"electionDayVotesPercent":0.2,"nominatorAbbr":{"fi":"SDP","sv":"SDP","en":"SDP"}},{"age":45,"advanceVotesPercent":0.0,"lastname":"Hepo-oja","occupation":"yrittäjä","advanceVotes":0,"npid":3,"totalVotes":3,"spid":1,"abbr":"KESK","municipalCouncilor":false,"muid":20,"alid":3,"firstname":"Tapani","electionDayVotes":3,"pid":"2","finalPosition":0,"electedInformation":"NOT_ELECTED","totalVotesPercent":0.1,"nominatorName":{"fi":"Suomen Keskusta","sv":"Centern i Finland","en":"Centre Party of Finland"},"caid":64,"position":0,"gender":"1","comparisonData":{"totalVotes":0,"votesTotalChange":3},"edid":7,"comparativeIndex":0.0,"electionDayVotesPercent":0.3,"nominatorAbbr":{"fi":"KESK","sv":"C","en":"CENT"}},{"age":52,"advanceVotesPercent":0.1,"lastname":"Lehtonen","occupation":"talousjohtaja","advanceVotes":1,"npid":3,"totalVotes":3,"spid":1,"abbr":"KESK","municipalCouncilor":false,"muid":20,"alid":3,"firstname":"Reijo","electionDayVotes":2,"pid":"2","finalPosition":0,"electedInformation":"NOT_ELECTED","totalVotesPercent":0.1,"nominatorName":{"fi":"Suomen Keskusta","sv":"Centern i Finland","en":"Centre Party of Finland"},"caid":71,"position":0,"gender":"1","comparisonData":{"totalVotes":0,"votesTotalChange":3},"edid":7,"comparativeIndex":0.0,"electionDayVotesPercent":0.2,"nominatorAbbr":{"fi":"KESK","sv":"C","en":"CENT"}},{"age":18,"advanceVotesPercent":0.0,"lastname":"Peltola","occupation":"maaseutuyrittäjä","advanceVotes":0,"npid":3,"totalVotes":3,"spid":1,"abbr":"KESK","municipalCouncilor":false,"muid":20,"alid":3,"firstname":"Kim","electionDayVotes":3,"pid":"2","finalPosition":0,"electedInformation":"NOT_ELECTED","totalVotesPercent":0.1,"nominatorName":{"fi":"Suomen Keskusta","sv":"Centern i Finland","en":"Centre Party of Finland"},"caid":75,"position":0,"gender":"1","comparisonData":{"totalVotes":0,"votesTotalChange":3},"edid":7,"comparativeIndex":0.0,"electionDayVotesPercent":0.3,"nominatorAbbr":{"fi":"KESK","sv":"C","en":"CENT"}},{"age":67,"advanceVotesPercent":0.2,"lastname":"Palonen","occupation":"tuotepäällikkö, eläkeläinen","advanceVotes":2,"npid":6,"totalVotes":3,"spid":3,"abbr":"PS","municipalCouncilor":false,"muid":20,"alid":4,"firstname":"Pentti","electionDayVotes":1,"pid":"23","finalPosition":0,"electedInformation":"NOT_ELECTED","totalVotesPercent":0.1,"nominatorName":{"fi":"Perussuomalaiset","sv":"Sannfinländarna","en":"The Finns Party"},"caid":91,"position":0,"gender":"1","comparisonData":{"totalVotes":16,"votesTotalChange":-13},"edid":7,"comparativeIndex":0.0,"electionDayVotesPercent":0.1,"nominatorAbbr":{"fi":"PS","sv":"Sannf","en":"FINNS"}},{"age":58,"advanceVotesPercent":0.1,"lastname":"Hänninen","occupation":"vartija","advanceVotes":1,"npid":7,"totalVotes":3,"spid":2,"abbr":"KOK","municipalCouncilor":false,"muid":20,"alid":5,"firstname":"Matti","electionDayVotes":2,"pid":"4","finalPosition":0,"electedInformation":"NOT_ELECTED","totalVotesPercent":0.1,"nominatorName":{"fi":"Kansallinen Kokoomus","sv":"Samlingspartiet","en":"National Coalition Party"},"caid":101,"position":0,"gender":"1","comparisonData":{"totalVotes":0,"votesTotalChange":3},"edid":7,"comparativeIndex":0.0,"electionDayVotesPercent":0.2,"nominatorAbbr":{"fi":"KOK","sv":"Saml","en":"NCP"}},{"age":39,"advanceVotesPercent":0.2,"lastname":"Pulkkinen","occupation":"diplomi-insinööri","advanceVotes":2,"npid":7,"totalVotes":3,"spid":2,"abbr":"KOK","municipalCouncilor":false,"muid":20,"alid":5,"firstname":"Timo","electionDayVotes":1,"pid":"4","finalPosition":0,"electedInformation":"NOT_ELECTED","totalVotesPercent":0.1,"nominatorName":{"fi":"Kansallinen Kokoomus","sv":"Samlingspartiet","en":"National Coalition Party"},"caid":111,"position":0,"gender":"1","comparisonData":{"totalVotes":0,"votesTotalChange":3},"edid":7,"comparativeIndex":0.0,"electionDayVotesPercent":0.1,"nominatorAbbr":{"fi":"KOK","sv":"Saml","en":"NCP"}},{"age":36,"advanceVotesPercent":0.0,"lastname":"Hietamaa","occupation":"työtön, opiskelija","advanceVotes":0,"npid":8,"totalVotes":3,"spid":6,"abbr":"VAS","municipalCouncilor":false,"muid":20,"alid":6,"firstname":"Tarmo","electionDayVotes":3,"pid":"15","finalPosition":0,"electedInformation":"NOT_ELECTED","totalVotesPercent":0.1,"nominatorName":{"fi":"Vasemmistoliitto","sv":"Vänsterförbundet","en":"The Left Alliance"},"caid":125,"position":0,"gender":"1","comparisonData":{"totalVotes":0,"votesTotalChange":3},"edid":7,"comparativeIndex":0.0,"electionDayVotesPercent":0.3,"nominatorAbbr":{"fi":"VAS","sv":"VF","en":"LEFT"}},{"age":40,"advanceVotesPercent":0.2,"lastname":"Heikkinen","occupation":"tuotekehitysteknikko","advanceVotes":2,"npid":2,"totalVotes":2,"spid":4,"abbr":"SDP","municipalCouncilor":false,"muid":20,"alid":2,"firstname":"Petri","electionDayVotes":0,"pid":"1","finalPosition":0,"electedInformation":"NOT_ELECTED","totalVotesPercent":0.1,"nominatorName":{"fi":"Suomen Sosialidemokraattinen Puolue","sv":"Finlands Socialdemokratiska Parti","en":"The Finnish Social Democratic Party"},"caid":21,"position":0,"gender":"1","comparisonData":{"totalVotes":0,"votesTotalChange":2},"edid":7,"comparativeIndex":0.0,"electionDayVotesPercent":0.0,"nominatorAbbr":{"fi":"SDP","sv":"SDP","en":"SDP"}},{"age":53,"advanceVotesPercent":0.2,"lastname":"Taberman","occupation":"kasvatustieteiden maisteri, rehtori","advanceVotes":2,"npid":2,"totalVotes":2,"spid":4,"abbr":"SDP","municipalCouncilor":false,"muid":20,"alid":2,"firstname":"Kari","electionDayVotes":0,"pid":"1","finalPosition":0,"electedInformation":"NOT_ELECTED","totalVotesPercent":0.1,"nominatorName":{"fi":"Suomen Sosialidemokraattinen Puolue","sv":"Finlands Socialdemokratiska Parti","en":"The Finnish Social Democratic Party"},"caid":56,"position":0,"gender":"1","comparisonData":{"totalVotes":5,"votesTotalChange":-3},"edid":7,"comparativeIndex":0.0,"electionDayVotesPercent":0.0,"nominatorAbbr":{"fi":"SDP","sv":"SDP","en":"SDP"}},{"age":52,"advanceVotesPercent":0.1,"lastname":"Ylimäki-Pajunen","occupation":"prosessikoordinaattori","advanceVotes":1,"npid":2,"totalVotes":2,"spid":4,"abbr":"SDP","municipalCouncilor":false,"muid":20,"alid":2,"firstname":"Sari","electionDayVotes":1,"pid":"1","finalPosition":0,"electedInformation":"NOT_ELECTED","totalVotesPercent":0.1,"nominatorName":{"fi":"Suomen Sosialidemokraattinen Puolue","sv":"Finlands Socialdemokratiska Parti","en":"The Finnish Social Democratic Party"},"caid":61,"position":0,"gender":"2","comparisonData":{"totalVotes":7,"votesTotalChange":-5},"edid":7,"comparativeIndex":0.0,"electionDayVotesPercent":0.1,"nominatorAbbr":{"fi":"SDP","sv":"SDP","en":"SDP"}},{"age":58,"advanceVotesPercent":0.0,"lastname":"Lampinen","occupation":"yritysneuvoja, maatalous- ja metsätieteiden maisteri","advanceVotes":0,"npid":3,"totalVotes":2,"spid":1,"abbr":"KESK","municipalCouncilor":false,"muid":20,"alid":3,"firstname":"Esko","electionDayVotes":2,"pid":"2","finalPosition":0,"electedInformation":"NOT_ELECTED","totalVotesPercent":0.1,"nominatorName":{"fi":"Suomen Keskusta","sv":"Centern i Finland","en":"Centre Party of Finland"},"caid":70,"position":0,"gender":"1","comparisonData":{"totalVotes":7,"votesTotalChange":-5},"edid":7,"comparativeIndex":0.0,"electionDayVotesPercent":0.2,"nominatorAbbr":{"fi":"KESK","sv":"C","en":"CENT"}},{"age":48,"advanceVotesPercent":0.1,"lastname":"Pola","occupation":"diplomi-insinööri, opettaja","advanceVotes":1,"npid":7,"totalVotes":2,"spid":2,"abbr":"KOK","municipalCouncilor":false,"muid":20,"alid":5,"firstname":"Janne","electionDayVotes":1,"pid":"4","finalPosition":0,"electedInformation":"NOT_ELECTED","totalVotesPercent":0.1,"nominatorName":{"fi":"Kansallinen Kokoomus","sv":"Samlingspartiet","en":"National Coalition Party"},"caid":110,"position":0,"gender":"1","comparisonData":{"totalVotes":20,"votesTotalChange":-18},"edid":7,"comparativeIndex":0.0,"electionDayVotesPercent":0.1,"nominatorAbbr":{"fi":"KOK","sv":"Saml","en":"NCP"}},{"age":38,"advanceVotesPercent":0.0,"lastname":"Santala","occupation":"yrittäjä, muusikko","advanceVotes":0,"npid":1,"totalVotes":1,"spid":5,"abbr":"VIHR","municipalCouncilor":false,"muid":20,"alid":1,"firstname":"Seppo","electionDayVotes":1,"pid":"13","finalPosition":0,"electedInformation":"NOT_ELECTED","totalVotesPercent":0.0,"nominatorName":{"fi":"Vihreä liitto","sv":"Gröna förbundet","en":"Green League"},"caid":15,"position":0,"gender":"1","comparisonData":{"totalVotes":0,"votesTotalChange":1},"edid":7,"comparativeIndex":0.0,"electionDayVotesPercent":0.1,"nominatorAbbr":{"fi":"VIHR","sv":"Gröna","en":"GREEN"}},{"age":41,"advanceVotesPercent":0.1,"lastname":"Palm","occupation":"opiskelija, linja-autonkuljettaja","advanceVotes":1,"npid":2,"totalVotes":1,"spid":4,"abbr":"SDP","municipalCouncilor":true,"muid":20,"alid":2,"firstname":"Henri","electionDayVotes":0,"pid":"1","finalPosition":0,"electedInformation":"NOT_ELECTED","totalVotesPercent":0.0,"nominatorName":{"fi":"Suomen Sosialidemokraattinen Puolue","sv":"Finlands Socialdemokratiska Parti","en":"The Finnish Social Democratic Party"},"caid":45,"position":0,"gender":"1","comparisonData":{"totalVotes":86,"votesTotalChange":-85},"edid":7,"comparativeIndex":0.0,"electionDayVotesPercent":0.0,"nominatorAbbr":{"fi":"SDP","sv":"SDP","en":"SDP"}},{"age":32,"advanceVotesPercent":0.1,"lastname":"Rupponen","occupation":"yrittäjä","advanceVotes":1,"npid":2,"totalVotes":1,"spid":4,"abbr":"SDP","municipalCouncilor":true,"muid":20,"alid":2,"firstname":"Juho","electionDayVotes":0,"pid":"1","finalPosition":0,"electedInformation":"NOT_ELECTED","totalVotesPercent":0.0,"nominatorName":{"fi":"Suomen Sosialidemokraattinen Puolue","sv":"Finlands Socialdemokratiska Parti","en":"The Finnish Social Democratic Party"},"caid":49,"position":0,"gender":"1","comparisonData":{"totalVotes":51,"votesTotalChange":-50},"edid":7,"comparativeIndex":0.0,"electionDayVotesPercent":0.0,"nominatorAbbr":{"fi":"SDP","sv":"SDP","en":"SDP"}},{"age":70,"advanceVotesPercent":0.1,"lastname":"Seppi","occupation":"toimittaja, eläkeläinen","advanceVotes":1,"npid":8,"totalVotes":1,"spid":6,"abbr":"VAS","municipalCouncilor":false,"muid":20,"alid":6,"firstname":"Pirkko","electionDayVotes":0,"pid":"15","finalPosition":0,"electedInformation":"NOT_ELECTED","totalVotesPercent":0.0,"nominatorName":{"fi":"Vasemmistoliitto","sv":"Vänsterförbundet","en":"The Left Alliance"},"caid":132,"position":0,"gender":"2","comparisonData":{"totalVotes":20,"votesTotalChange":-19},"edid":7,"comparativeIndex":0.0,"electionDayVotesPercent":0.0,"nominatorAbbr":{"fi":"VAS","sv":"VF","en":"LEFT"}},{"age":63,"advanceVotesPercent":0.0,"lastname":"Viinikainen","occupation":"eläkeläinen, työnjohtaja","advanceVotes":0,"npid":3,"totalVotes":0,"spid":1,"abbr":"KESK","municipalCouncilor":false,"muid":20,"alid":3,"firstname":"Jukka","electionDayVotes":0,"pid":"2","finalPosition":0,"electedInformation":"NOT_ELECTED","totalVotesPercent":0.0,"nominatorName":{"fi":"Suomen Keskusta","sv":"Centern i Finland","en":"Centre Party of Finland"},"caid":81,"position":0,"gender":"1","comparisonData":{"totalVotes":47,"votesTotalChange":-47},"edid":7,"comparativeIndex":0.0,"electionDayVotesPercent":0.0,"nominatorAbbr":{"fi":"KESK","sv":"C","en":"CENT"}},{"age":72,"advanceVotesPercent":0.0,"lastname":"Heino","occupation":"tekninen johtaja, eläkeläinen","advanceVotes":0,"npid":7,"totalVotes":0,"spid":2,"abbr":"KOK","municipalCouncilor":false,"muid":20,"alid":5,"firstname":"Kari","electionDayVotes":0,"pid":"4","finalPosition":0,"electedInformation":"NOT_ELECTED","totalVotesPercent":0.0,"nominatorName":{"fi":"Kansallinen Kokoomus","sv":"Samlingspartiet","en":"National Coalition Party"},"caid":98,"position":0,"gender":"1","comparisonData":{"totalVotes":20,"votesTotalChange":-20},"edid":7,"comparativeIndex":0.0,"electionDayVotesPercent":0.0,"nominatorAbbr":{"fi":"KOK","sv":"Saml","en":"NCP"}}],"municipalityPollingDistricts":[{"name":{"fi":"Toijalan läntinen","sv":"Toijalan läntinen"},"calculationStatusPercent":100.0,"joinedArea":false,"muid":20,"totalVotingInFinlandTurnout":56.3,"identification":"001","pdid":"001","eligibleVotersInFinlandTotal":4016,"edid":7,"mergedToPdid":""},{"name":{"fi":"Toijalan itäinen","sv":"Toijalan itäinen"},"calculationStatusPercent":100.0,"joinedArea":false,"muid":20,"totalVotingInFinlandTurnout":55.7,"identification":"002","pdid":"002","eligibleVotersInFinlandTotal":2944,"edid":7,"mergedToPdid":""},{"name":{"fi":"Viiala","sv":"Viiala"},"calculationStatusPercent":100.0,"joinedArea":false,"muid":20,"totalVotingInFinlandTurnout":58.5,"identification":"003","pdid":"003","eligibleVotersInFinlandTotal":4218,"edid":7,"mergedToPdid":""},{"name":{"fi":"Kylmäkoski","sv":"Kylmäkoski"},"calculationStatusPercent":100.0,"joinedArea":false,"muid":20,"totalVotingInFinlandTurnout":59.7,"identification":"004","pdid":"004","eligibleVotersInFinlandTotal":2060,"edid":7,"mergedToPdid":""}],"municipality":{"muid":20,"edid":7,"name":{"fi":"Akaa","sv":"Akaa"}}}