{"version":76,"created":"2017-04-09T23:07:24.443Z","electionDetails":{"electionId":"kv2017","electionDate":"2017-04-09T00:00:00.000Z","electionDataPublishTime":"2017-04-09T17:00:00.000Z","name":{"fi":"Kuntavaalit 2017","sv":"Kommunalval 2017","en":"Elections 2017"},"previousElections":{"correspondingCompareElection":{"electionId":"kv2012","electionDate":"2012-10-28T00:00:00.000Z","name":{"fi":"Kuntavaalit 2012","en":"Municipal elections 2012","sv":"Kommunalval 2012"}},"otherCompareElection":{"electionId":"ev2015","electionDate":"2015-04-19T00:00:00.000Z","name":{"fi":"Eduskuntavaalit 2015","en":"Parliamentary election 2015","sv":"Riksdagsval 2015"}}}},"calculationStatus":{"electionDayVotingTurnout":25.5,"invalidAdvanceVotes":14,"calculationPhase":"INITIAL","invalidElectionDayVotes":12,"approvedAdvanceVotes":1485,"advanceVotingTurnout":40.7,"totalVotingTurnoutAbroad":0.0,"name":{"fi":"Kirkonkylä","sv":"Kirkonkylä"},"calculationStatusPercent":100.0,"advanceVotes":1493,"electionDayVotingTurnoutAbroad":0.0,"approvedTotalVotes":2408,"totalVotes":2428,"muid":51,"totalVotingInFinlandTurnout":66.2,"advanceVotingTurnoutAbroad":0.0,"invalidTotalVotes":26,"totalVotingTurnout":66.2,"electionDayVotes":935,"electionDayVotesInFinland":935,"pdid":"002","totalVotesInFinlandMen":0,"eligibleVotersInFinlandTotal":3667,"calculationStatusPercentElectionDayVotes":100.0,"sourceRecordModificationTime":"20170409213929","otherCompareElection":{"eid":"","eligibleVotersInFinlandTotal":0,"advanceVotingInFinlandTurnout":0.0,"electionDayVotingInFinlandTurnout":0.0,"totalVotingInFinlandTurnout":0.0,"approvedVotesTotal":0,"invalidVotesTotal":0},"correspondingCompareElection":{"eid":"","eligibleVotersInFinlandTotal":0,"advanceVotingInFinlandTurnout":0.0,"electionDayVotingInFinlandTurnout":0.0,"totalVotingInFinlandTurnout":0.0,"approvedVotesTotal":0,"invalidVotesTotal":0,"seats":0},"approvedElectionDayVotes":923,"edid":4,"calculationStatusPercentAdvanceVotes":100.0,"electionDayVotingInFinlandTurnout":25.5,"seats":0,"eligibleVotersTotal":3667,"advanceVotesInFinland":1493,"advanceVotingInFinlandTurnout":40.7,"totalVotesInFinland":2428},"partyResults":[{"advanceVotesPercent":39.6,"name":{"fi":"Suomen Keskusta","sv":"Centern i Finland","en":"Centre Party of Finland"},"advanceVotes":588,"npid":5,"totalVotes":897,"spid":1,"abbr":{"fi":"KESK","sv":"C","en":"CENT"},"alid":5,"electionDayVotes":309,"pid":"2","totalVotesPercent":37.3,"nominatorName":{"fi":"Suomen Keskusta","sv":"Centern i Finland","en":"Centre Party of Finland"},"compareData":{"otherCompareElection":{"votesTotalChange":0,"votesTotalPercentChange":0.0,"votesTotal":897,"votesTotalPercent":37.3},"correspondingCompareElection":{"votesTotalChange":0,"votesTotalPercentChange":0.0,"seatChange":0,"votesTotal":897,"votesTotalPercent":37.3,"seatsTotal":0}},"seats":0,"electionDayVotesPercent":33.5,"nominatorAbbr":{"fi":"KESK","sv":"C","en":"CENT"}},{"advanceVotesPercent":25.5,"name":{"fi":"Suomen Sosialidemokraattinen Puolue","sv":"Finlands Socialdemokratiska Parti","en":"The Finnish Social Democratic Party"},"advanceVotes":378,"npid":2,"totalVotes":631,"spid":4,"abbr":{"fi":"SDP","sv":"SDP","en":"SDP"},"alid":2,"electionDayVotes":253,"pid":"1","totalVotesPercent":26.2,"nominatorName":{"fi":"Suomen Sosialidemokraattinen Puolue","sv":"Finlands Socialdemokratiska Parti","en":"The Finnish Social Democratic Party"},"compareData":{"otherCompareElection":{"votesTotalChange":0,"votesTotalPercentChange":0.0,"votesTotal":631,"votesTotalPercent":26.2},"correspondingCompareElection":{"votesTotalChange":0,"votesTotalPercentChange":0.0,"seatChange":0,"votesTotal":631,"votesTotalPercent":26.2,"seatsTotal":0}},"seats":0,"electionDayVotesPercent":27.4,"nominatorAbbr":{"fi":"SDP","sv":"SDP","en":"SDP"}},{"advanceVotesPercent":13.0,"name":{"fi":"Perussuomalaiset","sv":"Sannfinländarna","en":"The Finns Party"},"advanceVotes":193,"npid":3,"totalVotes":337,"spid":3,"abbr":{"fi":"PS","sv":"Sannf","en":"FINNS"},"alid":3,"electionDayVotes":144,"pid":"23","totalVotesPercent":14.0,"nominatorName":{"fi":"Perussuomalaiset","sv":"Sannfinländarna","en":"The Finns Party"},"compareData":{"otherCompareElection":{"votesTotalChange":0,"votesTotalPercentChange":0.0,"votesTotal":337,"votesTotalPercent":14.0},"correspondingCompareElection":{"votesTotalChange":0,"votesTotalPercentChange":0.0,"seatChange":0,"votesTotal":337,"votesTotalPercent":14.0,"seatsTotal":0}},"seats":0,"electionDayVotesPercent":15.6,"nominatorAbbr":{"fi":"PS","sv":"Sannf","en":"FINNS"}},{"advanceVotesPercent":13.7,"name":{"fi":"Kansallinen Kokoomus","sv":"Samlingspartiet","en":"National Coalition Party"},"advanceVotes":203,"npid":4,"totalVotes":316,"spid":2,"abbr":{"fi":"KOK","sv":"Saml","en":"NCP"},"alid":4,"electionDayVotes":113,"pid":"4","totalVotesPercent":13.1,"nominatorName":{"fi":"Kansallinen Kokoomus","sv":"Samlingspartiet","en":"National Coalition Party"},"compareData":{"otherCompareElection":{"votesTotalChange":0,"votesTotalPercentChange":0.0,"votesTotal":316,"votesTotalPercent":13.1},"correspondingCompareElection":{"votesTotalChange":0,"votesTotalPercentChange":0.0,"seatChange":0,"votesTotal":316,"votesTotalPercent":13.1,"seatsTotal":0}},"seats":0,"electionDayVotesPercent":12.2,"nominatorAbbr":{"fi":"KOK","sv":"Saml","en":"NCP"}},{"advanceVotesPercent":5.1,"name":{"fi":"Vasemmistoliitto","sv":"Vänsterförbundet","en":"The Left Alliance"},"advanceVotes":76,"npid":6,"totalVotes":134,"spid":6,"abbr":{"fi":"VAS","sv":"VF","en":"LEFT"},"alid":6,"electionDayVotes":58,"pid":"15","totalVotesPercent":5.6,"nominatorName":{"fi":"Vasemmistoliitto","sv":"Vänsterförbundet","en":"The Left Alliance"},"compareData":{"otherCompareElection":{"votesTotalChange":0,"votesTotalPercentChange":0.0,"votesTotal":134,"votesTotalPercent":5.6},"correspondingCompareElection":{"votesTotalChange":0,"votesTotalPercentChange":0.0,"seatChange":0,"votesTotal":134,"votesTotalPercent":5.6,"seatsTotal":0}},"seats":0,"electionDayVotesPercent":6.3,"nominatorAbbr":{"fi":"VAS","sv":"VF","en":"LEFT"}},{"advanceVotesPercent":1.5,"name":{"fi":"Vihreä liitto","sv":"Gröna förbundet","en":"Green League"},"advanceVotes":23,"npid":1,"totalVotes":50,"spid":5,"abbr":{"fi":"VIHR","sv":"Gröna","en":"GREEN"},"alid":1,"electionDayVotes":27,"pid":"13","totalVotesPercent":2.1,"nominatorName":{"fi":"Vihreä liitto","sv":"Gröna förbundet","en":"Green League"},"compareData":{"otherCompareElection":{"votesTotalChange":0,"votesTotalPercentChange":0.0,"votesTotal":50,"votesTotalPercent":2.1},"correspondingCompareElection":{"votesTotalChange":0,"votesTotalPercentChange":0.0,"seatChange":0,"votesTotal":50,"votesTotalPercent":2.1,"seatsTotal":0}},"seats":0,"electionDayVotesPercent":2.9,"nominatorAbbr":{"fi":"VIHR","sv":"Gröna","en":"GREEN"}},{"advanceVotesPercent":1.6,"name":{"fi":"Suomen Kristillisdemokraatit (KD)","sv":"Kristdemokraterna i Finland (KD)","en":"Christian Democrats in Finland"},"advanceVotes":24,"npid":7,"totalVotes":43,"spid":8,"abbr":{"fi":"KD","sv":"KD","en":"CD"},"alid":7,"electionDayVotes":19,"pid":"9","totalVotesPercent":1.8,"nominatorName":{"fi":"Suomen Kristillisdemokraatit (KD)","sv":"Kristdemokraterna i Finland (KD)","en":"Christian Democrats in Finland"},"compareData":{"otherCompareElection":{"votesTotalChange":0,"votesTotalPercentChange":0.0,"votesTotal":43,"votesTotalPercent":1.8},"correspondingCompareElection":{"votesTotalChange":0,"votesTotalPercentChange":0.0,"seatChange":0,"votesTotal":43,"votesTotalPercent":1.8,"seatsTotal":0}},"seats":0,"electionDayVotesPercent":2.1,"nominatorAbbr":{"fi":"KD","sv":"KD","en":"CD"}}],"candidateResults":[{"age":50,"advanceVotesPercent":7.0,"lastname":"Jalonen","occupation":"luokanopettaja-rehtori","advanceVotes":104,"npid":5,"totalVotes":149,"spid":1,"abbr":"KESK","municipalCouncilor":true,"muid":51,"alid":5,"firstname":"Vesa","electionDayVotes":45,"pid":"2","finalPosition":0,"electedInformation":"ELECTED","totalVotesPercent":6.2,"nominatorName":{"fi":"Suomen Keskusta","sv":"Centern i Finland","en":"Centre Party of Finland"},"caid":96,"position":0,"gender":"1","comparisonData":{"totalVotes":180,"votesTotalChange":-31},"edid":4,"comparativeIndex":0.0,"electionDayVotesPercent":4.9,"nominatorAbbr":{"fi":"KESK","sv":"C","en":"CENT"}},{"age":35,"advanceVotesPercent":4.6,"lastname":"Sjöman","occupation":"sairaanhoitaja","advanceVotes":69,"npid":2,"totalVotes":124,"spid":4,"abbr":"SDP","municipalCouncilor":true,"muid":51,"alid":2,"firstname":"Ilona","electionDayVotes":55,"pid":"1","finalPosition":0,"electedInformation":"ELECTED","totalVotesPercent":5.1,"nominatorName":{"fi":"Suomen Sosialidemokraattinen Puolue","sv":"Finlands Socialdemokratiska Parti","en":"The Finnish Social Democratic Party"},"caid":26,"position":0,"gender":"2","comparisonData":{"totalVotes":127,"votesTotalChange":-3},"edid":4,"comparativeIndex":0.0,"electionDayVotesPercent":6.0,"nominatorAbbr":{"fi":"SDP","sv":"SDP","en":"SDP"}},{"age":56,"advanceVotesPercent":4.4,"lastname":"Mäkitalo","occupation":"metsäasiantuntija","advanceVotes":65,"npid":5,"totalVotes":86,"spid":1,"abbr":"KESK","municipalCouncilor":false,"muid":51,"alid":5,"firstname":"Arto","electionDayVotes":21,"pid":"2","finalPosition":0,"electedInformation":"ELECTED","totalVotesPercent":3.6,"nominatorName":{"fi":"Suomen Keskusta","sv":"Centern i Finland","en":"Centre Party of Finland"},"caid":106,"position":0,"gender":"1","comparisonData":{"totalVotes":0,"votesTotalChange":86},"edid":4,"comparativeIndex":0.0,"electionDayVotesPercent":2.3,"nominatorAbbr":{"fi":"KESK","sv":"C","en":"CENT"}},{"age":50,"advanceVotesPercent":3.2,"lastname":"Nurmi","occupation":"kirvesmies","advanceVotes":47,"npid":2,"totalVotes":83,"spid":4,"abbr":"SDP","municipalCouncilor":false,"muid":51,"alid":2,"firstname":"Mika","electionDayVotes":36,"pid":"1","finalPosition":0,"electedInformation":"ELECTED","totalVotesPercent":3.4,"nominatorName":{"fi":"Suomen Sosialidemokraattinen Puolue","sv":"Finlands Socialdemokratiska Parti","en":"The Finnish Social Democratic Party"},"caid":18,"position":0,"gender":"1","comparisonData":{"totalVotes":44,"votesTotalChange":39},"edid":4,"comparativeIndex":0.0,"electionDayVotesPercent":3.9,"nominatorAbbr":{"fi":"SDP","sv":"SDP","en":"SDP"}},{"age":44,"advanceVotesPercent":2.7,"lastname":"Rantanen","occupation":"teollisuuden putkiasentaja","advanceVotes":40,"npid":3,"totalVotes":80,"spid":3,"abbr":"PS","municipalCouncilor":false,"muid":51,"alid":3,"firstname":"Jani","electionDayVotes":40,"pid":"23","finalPosition":0,"electedInformation":"ELECTED","totalVotesPercent":3.3,"nominatorName":{"fi":"Perussuomalaiset","sv":"Sannfinländarna","en":"The Finns Party"},"caid":44,"position":0,"gender":"1","comparisonData":{"totalVotes":0,"votesTotalChange":80},"edid":4,"comparativeIndex":0.0,"electionDayVotesPercent":4.3,"nominatorAbbr":{"fi":"PS","sv":"Sannf","en":"FINNS"}},{"age":66,"advanceVotesPercent":4.1,"lastname":"Lempainen","occupation":"ekonomi","advanceVotes":61,"npid":5,"totalVotes":79,"spid":1,"abbr":"KESK","municipalCouncilor":true,"muid":51,"alid":5,"firstname":"Seppo","electionDayVotes":18,"pid":"2","finalPosition":0,"electedInformation":"ELECTED","totalVotesPercent":3.3,"nominatorName":{"fi":"Suomen Keskusta","sv":"Centern i Finland","en":"Centre Party of Finland"},"caid":103,"position":0,"gender":"1","comparisonData":{"totalVotes":95,"votesTotalChange":-16},"edid":4,"comparativeIndex":0.0,"electionDayVotesPercent":2.0,"nominatorAbbr":{"fi":"KESK","sv":"C","en":"CENT"}},{"age":41,"advanceVotesPercent":2.1,"lastname":"Salonen","occupation":"sähkötöiden palveluohjaaja, työteknikko","advanceVotes":31,"npid":3,"totalVotes":68,"spid":3,"abbr":"PS","municipalCouncilor":true,"muid":51,"alid":3,"firstname":"Tomi","electionDayVotes":37,"pid":"23","finalPosition":0,"electedInformation":"ELECTED","totalVotesPercent":2.8,"nominatorName":{"fi":"Perussuomalaiset","sv":"Sannfinländarna","en":"The Finns Party"},"caid":47,"position":0,"gender":"1","comparisonData":{"totalVotes":52,"votesTotalChange":16},"edid":4,"comparativeIndex":0.0,"electionDayVotesPercent":4.0,"nominatorAbbr":{"fi":"PS","sv":"Sannf","en":"FINNS"}},{"age":53,"advanceVotesPercent":2.8,"lastname":"From","occupation":"perushoitaja","advanceVotes":41,"npid":2,"totalVotes":61,"spid":4,"abbr":"SDP","municipalCouncilor":true,"muid":51,"alid":2,"firstname":"Minna","electionDayVotes":20,"pid":"1","finalPosition":0,"electedInformation":"ELECTED","totalVotesPercent":2.5,"nominatorName":{"fi":"Suomen Sosialidemokraattinen Puolue","sv":"Finlands Socialdemokratiska Parti","en":"The Finnish Social Democratic Party"},"caid":5,"position":0,"gender":"2","comparisonData":{"totalVotes":62,"votesTotalChange":-1},"edid":4,"comparativeIndex":0.0,"electionDayVotesPercent":2.2,"nominatorAbbr":{"fi":"SDP","sv":"SDP","en":"SDP"}},{"age":48,"advanceVotesPercent":2.6,"lastname":"Tuominen","occupation":"KTM, johtamisvalmentaja","advanceVotes":39,"npid":4,"totalVotes":61,"spid":2,"abbr":"KOK","municipalCouncilor":false,"muid":51,"alid":4,"firstname":"Hanna","electionDayVotes":22,"pid":"4","finalPosition":0,"electedInformation":"ELECTED","totalVotesPercent":2.5,"nominatorName":{"fi":"Kansallinen Kokoomus","sv":"Samlingspartiet","en":"National Coalition Party"},"caid":83,"position":0,"gender":"2","comparisonData":{"totalVotes":0,"votesTotalChange":61},"edid":4,"comparativeIndex":0.0,"electionDayVotesPercent":2.4,"nominatorAbbr":{"fi":"KOK","sv":"Saml","en":"NCP"}},{"age":63,"advanceVotesPercent":2.9,"lastname":"Korpela","occupation":"palvelupäällikkö","advanceVotes":43,"npid":5,"totalVotes":60,"spid":1,"abbr":"KESK","municipalCouncilor":true,"muid":51,"alid":5,"firstname":"Raija","electionDayVotes":17,"pid":"2","finalPosition":0,"electedInformation":"ELECTED","totalVotesPercent":2.5,"nominatorName":{"fi":"Suomen Keskusta","sv":"Centern i Finland","en":"Centre Party of Finland"},"caid":100,"position":0,"gender":"2","comparisonData":{"totalVotes":63,"votesTotalChange":-3},"edid":4,"comparativeIndex":0.0,"electionDayVotesPercent":1.8,"nominatorAbbr":{"fi":"KESK","sv":"C","en":"CENT"}},{"age":59,"advanceVotesPercent":2.3,"lastname":"Tähtivuori","occupation":"yrittäjä","advanceVotes":34,"npid":5,"totalVotes":58,"spid":1,"abbr":"KESK","municipalCouncilor":false,"muid":51,"alid":5,"firstname":"Elina","electionDayVotes":24,"pid":"2","finalPosition":0,"electedInformation":"ELECTED","totalVotesPercent":2.4,"nominatorName":{"fi":"Suomen Keskusta","sv":"Centern i Finland","en":"Centre Party of Finland"},"caid":120,"position":0,"gender":"2","comparisonData":{"totalVotes":90,"votesTotalChange":-32},"edid":4,"comparativeIndex":0.0,"electionDayVotesPercent":2.6,"nominatorAbbr":{"fi":"KESK","sv":"C","en":"CENT"}},{"age":48,"advanceVotesPercent":2.4,"lastname":"Siiri","occupation":"maatalousyrittäjä","advanceVotes":36,"npid":5,"totalVotes":57,"spid":1,"abbr":"KESK","municipalCouncilor":true,"muid":51,"alid":5,"firstname":"Marja-Leena","electionDayVotes":21,"pid":"2","finalPosition":0,"electedInformation":"ELECTED","totalVotesPercent":2.4,"nominatorName":{"fi":"Suomen Keskusta","sv":"Centern i Finland","en":"Centre Party of Finland"},"caid":117,"position":0,"gender":"2","comparisonData":{"totalVotes":45,"votesTotalChange":12},"edid":4,"comparativeIndex":0.0,"electionDayVotesPercent":2.3,"nominatorAbbr":{"fi":"KESK","sv":"C","en":"CENT"}},{"age":42,"advanceVotesPercent":2.5,"lastname":"Luodesmeri","occupation":"yrittäjä","advanceVotes":37,"npid":4,"totalVotes":54,"spid":2,"abbr":"KOK","municipalCouncilor":true,"muid":51,"alid":4,"firstname":"Juuso","electionDayVotes":17,"pid":"4","finalPosition":0,"electedInformation":"ELECTED","totalVotesPercent":2.2,"nominatorName":{"fi":"Kansallinen Kokoomus","sv":"Samlingspartiet","en":"National Coalition Party"},"caid":73,"position":0,"gender":"1","comparisonData":{"totalVotes":40,"votesTotalChange":14},"edid":4,"comparativeIndex":0.0,"electionDayVotesPercent":1.8,"nominatorAbbr":{"fi":"KOK","sv":"Saml","en":"NCP"}},{"age":55,"advanceVotesPercent":2.5,"lastname":"Lahdenranta","occupation":"kirjastonhoitaja, yhteiskuntatieteiden maisteri","advanceVotes":37,"npid":3,"totalVotes":53,"spid":3,"abbr":"PS","municipalCouncilor":false,"muid":51,"alid":3,"firstname":"Ilona","electionDayVotes":16,"pid":"23","finalPosition":0,"electedInformation":"ELECTED","totalVotesPercent":2.2,"nominatorName":{"fi":"Perussuomalaiset","sv":"Sannfinländarna","en":"The Finns Party"},"caid":36,"position":0,"gender":"2","comparisonData":{"totalVotes":0,"votesTotalChange":53},"edid":4,"comparativeIndex":0.0,"electionDayVotesPercent":1.7,"nominatorAbbr":{"fi":"PS","sv":"Sannf","en":"FINNS"}},{"age":42,"advanceVotesPercent":1.5,"lastname":"Hankonen","occupation":"FM","advanceVotes":23,"npid":1,"totalVotes":50,"spid":5,"abbr":"VIHR","municipalCouncilor":false,"muid":51,"alid":1,"firstname":"Ilona","electionDayVotes":27,"pid":"13","finalPosition":0,"electedInformation":"NOT_ELECTED","totalVotesPercent":2.1,"nominatorName":{"fi":"Vihreä liitto","sv":"Gröna förbundet","en":"Green League"},"caid":2,"position":0,"gender":"2","comparisonData":{"totalVotes":11,"votesTotalChange":39},"edid":4,"comparativeIndex":0.0,"electionDayVotesPercent":2.9,"nominatorAbbr":{"fi":"VIHR","sv":"Gröna","en":"GREEN"}},{"age":71,"advanceVotesPercent":2.5,"lastname":"Jalonen","occupation":"eläkeläinen","advanceVotes":37,"npid":2,"totalVotes":49,"spid":4,"abbr":"SDP","municipalCouncilor":false,"muid":51,"alid":2,"firstname":"Sakari","electionDayVotes":12,"pid":"1","finalPosition":0,"electedInformation":"ELECTED","totalVotesPercent":2.0,"nominatorName":{"fi":"Suomen Sosialidemokraattinen Puolue","sv":"Finlands Socialdemokratiska Parti","en":"The Finnish Social Democratic Party"},"caid":7,"position":0,"gender":"1","comparisonData":{"totalVotes":36,"votesTotalChange":13},"edid":4,"comparativeIndex":0.0,"electionDayVotesPercent":1.3,"nominatorAbbr":{"fi":"SDP","sv":"SDP","en":"SDP"}},{"age":55,"advanceVotesPercent":2.0,"lastname":"Nikula","occupation":"maatalousyrittäjä, sähköasentaja","advanceVotes":30,"npid":5,"totalVotes":46,"spid":1,"abbr":"KESK","municipalCouncilor":false,"muid":51,"alid":5,"firstname":"Heimo","electionDayVotes":16,"pid":"2","finalPosition":0,"electedInformation":"ON_SUBSTITUTE_PLACE","totalVotesPercent":1.9,"nominatorName":{"fi":"Suomen Keskusta","sv":"Centern i Finland","en":"Centre Party of Finland"},"caid":108,"position":0,"gender":"1","comparisonData":{"totalVotes":0,"votesTotalChange":46},"edid":4,"comparativeIndex":0.0,"electionDayVotesPercent":1.7,"nominatorAbbr":{"fi":"KESK","sv":"C","en":"CENT"}},{"age":29,"advanceVotesPercent":1.6,"lastname":"Jasu-Näyrä","occupation":"yrittäjä","advanceVotes":24,"npid":5,"totalVotes":45,"spid":1,"abbr":"KESK","municipalCouncilor":true,"muid":51,"alid":5,"firstname":"Jemina","electionDayVotes":21,"pid":"2","finalPosition":0,"electedInformation":"ELECTED","totalVotesPercent":1.9,"nominatorName":{"fi":"Suomen Keskusta","sv":"Centern i Finland","en":"Centre Party of Finland"},"caid":97,"position":0,"gender":"2","comparisonData":{"totalVotes":67,"votesTotalChange":-22},"edid":4,"comparativeIndex":0.0,"electionDayVotesPercent":2.3,"nominatorAbbr":{"fi":"KESK","sv":"C","en":"CENT"}},{"age":42,"advanceVotesPercent":1.7,"lastname":"Valtonen","occupation":"levyseppä","advanceVotes":25,"npid":2,"totalVotes":40,"spid":4,"abbr":"SDP","municipalCouncilor":false,"muid":51,"alid":2,"firstname":"Teemu","electionDayVotes":15,"pid":"1","finalPosition":0,"electedInformation":"ON_SUBSTITUTE_PLACE","totalVotesPercent":1.7,"nominatorName":{"fi":"Suomen Sosialidemokraattinen Puolue","sv":"Finlands Socialdemokratiska Parti","en":"The Finnish Social Democratic Party"},"caid":29,"position":0,"gender":"1","comparisonData":{"totalVotes":26,"votesTotalChange":14},"edid":4,"comparativeIndex":0.0,"electionDayVotesPercent":1.6,"nominatorAbbr":{"fi":"SDP","sv":"SDP","en":"SDP"}},{"age":41,"advanceVotesPercent":2.0,"lastname":"Siitonen","occupation":"sähköasentaja","advanceVotes":29,"npid":2,"totalVotes":39,"spid":4,"abbr":"SDP","municipalCouncilor":true,"muid":51,"alid":2,"firstname":"Miika","electionDayVotes":10,"pid":"1","finalPosition":0,"electedInformation":"ON_SUBSTITUTE_PLACE","totalVotesPercent":1.6,"nominatorName":{"fi":"Suomen Sosialidemokraattinen Puolue","sv":"Finlands Socialdemokratiska Parti","en":"The Finnish Social Democratic Party"},"caid":24,"position":0,"gender":"1","comparisonData":{"totalVotes":45,"votesTotalChange":-6},"edid":4,"comparativeIndex":0.0,"electionDayVotesPercent":1.1,"nominatorAbbr":{"fi":"SDP","sv":"SDP","en":"SDP"}},{"age":65,"advanceVotesPercent":1.6,"lastname":"Sallila","occupation":"yrittäjä","advanceVotes":24,"npid":4,"totalVotes":37,"spid":2,"abbr":"KOK","municipalCouncilor":true,"muid":51,"alid":4,"firstname":"Jarmo","electionDayVotes":13,"pid":"4","finalPosition":0,"electedInformation":"ELECTED","totalVotesPercent":1.5,"nominatorName":{"fi":"Kansallinen Kokoomus","sv":"Samlingspartiet","en":"National Coalition Party"},"caid":80,"position":0,"gender":"1","comparisonData":{"totalVotes":38,"votesTotalChange":-1},"edid":4,"comparativeIndex":0.0,"electionDayVotesPercent":1.4,"nominatorAbbr":{"fi":"KOK","sv":"Saml","en":"NCP"}},{"age":61,"advanceVotesPercent":1.7,"lastname":"Nuurma","occupation":"yrittäjä","advanceVotes":25,"npid":5,"totalVotes":37,"spid":1,"abbr":"KESK","municipalCouncilor":true,"muid":51,"alid":5,"firstname":"Eeva","electionDayVotes":12,"pid":"2","finalPosition":0,"electedInformation":"ON_SUBSTITUTE_PLACE","totalVotesPercent":1.5,"nominatorName":{"fi":"Suomen Keskusta","sv":"Centern i Finland","en":"Centre Party of Finland"},"caid":110,"position":0,"gender":"2","comparisonData":{"totalVotes":82,"votesTotalChange":-45},"edid":4,"comparativeIndex":0.0,"electionDayVotesPercent":1.3,"nominatorAbbr":{"fi":"KESK","sv":"C","en":"CENT"}},{"age":28,"advanceVotesPercent":1.2,"lastname":"Laakso","occupation":"urakoitsija","advanceVotes":18,"npid":2,"totalVotes":32,"spid":4,"abbr":"SDP","municipalCouncilor":true,"muid":51,"alid":2,"firstname":"Petri","electionDayVotes":14,"pid":"1","finalPosition":0,"electedInformation":"ELECTED","totalVotesPercent":1.3,"nominatorName":{"fi":"Suomen Sosialidemokraattinen Puolue","sv":"Finlands Socialdemokratiska Parti","en":"The Finnish Social Democratic Party"},"caid":12,"position":0,"gender":"1","comparisonData":{"totalVotes":54,"votesTotalChange":-22},"edid":4,"comparativeIndex":0.0,"electionDayVotesPercent":1.5,"nominatorAbbr":{"fi":"SDP","sv":"SDP","en":"SDP"}},{"age":46,"advanceVotesPercent":1.3,"lastname":"Ojala","occupation":"toimistosihteeri","advanceVotes":19,"npid":2,"totalVotes":32,"spid":4,"abbr":"SDP","municipalCouncilor":false,"muid":51,"alid":2,"firstname":"Sanna","electionDayVotes":13,"pid":"1","finalPosition":0,"electedInformation":"ON_SUBSTITUTE_PLACE","totalVotesPercent":1.3,"nominatorName":{"fi":"Suomen Sosialidemokraattinen Puolue","sv":"Finlands Socialdemokratiska Parti","en":"The Finnish Social Democratic Party"},"caid":19,"position":0,"gender":"2","comparisonData":{"totalVotes":23,"votesTotalChange":9},"edid":4,"comparativeIndex":0.0,"electionDayVotesPercent":1.4,"nominatorAbbr":{"fi":"SDP","sv":"SDP","en":"SDP"}},{"age":32,"advanceVotesPercent":1.5,"lastname":"Hakala","occupation":"projektipäällikkö","advanceVotes":23,"npid":5,"totalVotes":32,"spid":1,"abbr":"KESK","municipalCouncilor":false,"muid":51,"alid":5,"firstname":"Kari","electionDayVotes":9,"pid":"2","finalPosition":0,"electedInformation":"ON_SUBSTITUTE_PLACE","totalVotesPercent":1.3,"nominatorName":{"fi":"Suomen Keskusta","sv":"Centern i Finland","en":"Centre Party of Finland"},"caid":90,"position":0,"gender":"1","comparisonData":{"totalVotes":0,"votesTotalChange":32},"edid":4,"comparativeIndex":0.0,"electionDayVotesPercent":1.0,"nominatorAbbr":{"fi":"KESK","sv":"C","en":"CENT"}},{"age":41,"advanceVotesPercent":1.3,"lastname":"Hassinen","occupation":"energiatekniikan DI, luvituspäällikkö","advanceVotes":19,"npid":5,"totalVotes":29,"spid":1,"abbr":"KESK","municipalCouncilor":false,"muid":51,"alid":5,"firstname":"Kirsi","electionDayVotes":10,"pid":"2","finalPosition":0,"electedInformation":"ELECTED","totalVotesPercent":1.2,"nominatorName":{"fi":"Suomen Keskusta","sv":"Centern i Finland","en":"Centre Party of Finland"},"caid":92,"position":0,"gender":"2","comparisonData":{"totalVotes":0,"votesTotalChange":29},"edid":4,"comparativeIndex":0.0,"electionDayVotesPercent":1.1,"nominatorAbbr":{"fi":"KESK","sv":"C","en":"CENT"}},{"age":45,"advanceVotesPercent":0.9,"lastname":"Uusi-Marttila","occupation":"kirjanpitäjä","advanceVotes":13,"npid":6,"totalVotes":29,"spid":6,"abbr":"VAS","municipalCouncilor":false,"muid":51,"alid":6,"firstname":"Riika-Liisa","electionDayVotes":16,"pid":"15","finalPosition":0,"electedInformation":"ON_SUBSTITUTE_PLACE","totalVotesPercent":1.2,"nominatorName":{"fi":"Vasemmistoliitto","sv":"Vänsterförbundet","en":"The Left Alliance"},"caid":133,"position":0,"gender":"2","comparisonData":{"totalVotes":21,"votesTotalChange":8},"edid":4,"comparativeIndex":0.0,"electionDayVotesPercent":1.7,"nominatorAbbr":{"fi":"VAS","sv":"VF","en":"LEFT"}},{"age":48,"advanceVotesPercent":0.7,"lastname":"Liimola","occupation":"levyseppä-hitsaaja","advanceVotes":11,"npid":2,"totalVotes":25,"spid":4,"abbr":"SDP","municipalCouncilor":true,"muid":51,"alid":2,"firstname":"Hannu","electionDayVotes":14,"pid":"1","finalPosition":0,"electedInformation":"ELECTED","totalVotesPercent":1.0,"nominatorName":{"fi":"Suomen Sosialidemokraattinen Puolue","sv":"Finlands Socialdemokratiska Parti","en":"The Finnish Social Democratic Party"},"caid":15,"position":0,"gender":"1","comparisonData":{"totalVotes":39,"votesTotalChange":-14},"edid":4,"comparativeIndex":0.0,"electionDayVotesPercent":1.5,"nominatorAbbr":{"fi":"SDP","sv":"SDP","en":"SDP"}},{"age":18,"advanceVotesPercent":1.3,"lastname":"Jalonen","occupation":"opiskelija","advanceVotes":19,"npid":4,"totalVotes":24,"spid":2,"abbr":"KOK","municipalCouncilor":false,"muid":51,"alid":4,"firstname":"Katri","electionDayVotes":5,"pid":"4","finalPosition":0,"electedInformation":"NOT_ELECTED","totalVotesPercent":1.0,"nominatorName":{"fi":"Kansallinen Kokoomus","sv":"Samlingspartiet","en":"National Coalition Party"},"caid":61,"position":0,"gender":"2","comparisonData":{"totalVotes":0,"votesTotalChange":24},"edid":4,"comparativeIndex":0.0,"electionDayVotesPercent":0.5,"nominatorAbbr":{"fi":"KOK","sv":"Saml","en":"NCP"}},{"age":40,"advanceVotesPercent":0.7,"lastname":"Kujala","occupation":"maatalousyrittäjä","advanceVotes":11,"npid":5,"totalVotes":24,"spid":1,"abbr":"KESK","municipalCouncilor":false,"muid":51,"alid":5,"firstname":"Anssi","electionDayVotes":13,"pid":"2","finalPosition":0,"electedInformation":"ON_SUBSTITUTE_PLACE","totalVotesPercent":1.0,"nominatorName":{"fi":"Suomen Keskusta","sv":"Centern i Finland","en":"Centre Party of Finland"},"caid":101,"position":0,"gender":"1","comparisonData":{"totalVotes":37,"votesTotalChange":-13},"edid":4,"comparativeIndex":0.0,"electionDayVotesPercent":1.4,"nominatorAbbr":{"fi":"KESK","sv":"C","en":"CENT"}},{"age":38,"advanceVotesPercent":0.8,"lastname":"Uusi-Uola","occupation":"maanviljelijä, laadunohjausinsinööri","advanceVotes":12,"npid":5,"totalVotes":24,"spid":1,"abbr":"KESK","municipalCouncilor":false,"muid":51,"alid":5,"firstname":"Teppo","electionDayVotes":12,"pid":"2","finalPosition":0,"electedInformation":"ON_SUBSTITUTE_PLACE","totalVotesPercent":1.0,"nominatorName":{"fi":"Suomen Keskusta","sv":"Centern i Finland","en":"Centre Party of Finland"},"caid":121,"position":0,"gender":"1","comparisonData":{"totalVotes":30,"votesTotalChange":-6},"edid":4,"comparativeIndex":0.0,"electionDayVotesPercent":1.3,"nominatorAbbr":{"fi":"KESK","sv":"C","en":"CENT"}},{"age":35,"advanceVotesPercent":1.3,"lastname":"Uusi-Marttila","occupation":"telineasentaja","advanceVotes":20,"npid":6,"totalVotes":23,"spid":6,"abbr":"VAS","municipalCouncilor":false,"muid":51,"alid":6,"firstname":"Tapio","electionDayVotes":3,"pid":"15","finalPosition":0,"electedInformation":"NOT_ELECTED","totalVotesPercent":1.0,"nominatorName":{"fi":"Vasemmistoliitto","sv":"Vänsterförbundet","en":"The Left Alliance"},"caid":134,"position":0,"gender":"1","comparisonData":{"totalVotes":0,"votesTotalChange":23},"edid":4,"comparativeIndex":0.0,"electionDayVotesPercent":0.3,"nominatorAbbr":{"fi":"VAS","sv":"VF","en":"LEFT"}},{"age":45,"advanceVotesPercent":0.8,"lastname":"Kivisalo","occupation":"metallin moniosaaja","advanceVotes":12,"npid":3,"totalVotes":22,"spid":3,"abbr":"PS","municipalCouncilor":true,"muid":51,"alid":3,"firstname":"Jarkko","electionDayVotes":10,"pid":"23","finalPosition":0,"electedInformation":"ON_SUBSTITUTE_PLACE","totalVotesPercent":0.9,"nominatorName":{"fi":"Perussuomalaiset","sv":"Sannfinländarna","en":"The Finns Party"},"caid":35,"position":0,"gender":"1","comparisonData":{"totalVotes":43,"votesTotalChange":-21},"edid":4,"comparativeIndex":0.0,"electionDayVotesPercent":1.1,"nominatorAbbr":{"fi":"PS","sv":"Sannf","en":"FINNS"}},{"age":28,"advanceVotesPercent":0.5,"lastname":"Ranne","occupation":"terveystieteiden maisteri","advanceVotes":8,"npid":5,"totalVotes":22,"spid":1,"abbr":"KESK","municipalCouncilor":false,"muid":51,"alid":5,"firstname":"Emma","electionDayVotes":14,"pid":"2","finalPosition":0,"electedInformation":"ON_SUBSTITUTE_PLACE","totalVotesPercent":0.9,"nominatorName":{"fi":"Suomen Keskusta","sv":"Centern i Finland","en":"Centre Party of Finland"},"caid":114,"position":0,"gender":"2","comparisonData":{"totalVotes":0,"votesTotalChange":22},"edid":4,"comparativeIndex":0.0,"electionDayVotesPercent":1.5,"nominatorAbbr":{"fi":"KESK","sv":"C","en":"CENT"}},{"age":61,"advanceVotesPercent":0.4,"lastname":"Rintanen","occupation":"lymfaterapeutti, fysioterapeutti","advanceVotes":6,"npid":7,"totalVotes":22,"spid":8,"abbr":"KD","municipalCouncilor":false,"muid":51,"alid":7,"firstname":"Tuuli","electionDayVotes":16,"pid":"9","finalPosition":0,"electedInformation":"NOT_ELECTED","totalVotesPercent":0.9,"nominatorName":{"fi":"Suomen Kristillisdemokraatit (KD)","sv":"Kristdemokraterna i Finland (KD)","en":"Christian Democrats in Finland"},"caid":139,"position":0,"gender":"2","comparisonData":{"totalVotes":0,"votesTotalChange":22},"edid":4,"comparativeIndex":0.0,"electionDayVotesPercent":1.7,"nominatorAbbr":{"fi":"KD","sv":"KD","en":"CD"}},{"age":44,"advanceVotesPercent":0.8,"lastname":"Aarnio","occupation":"perhepäivähoitaja","advanceVotes":12,"npid":3,"totalVotes":20,"spid":3,"abbr":"PS","municipalCouncilor":false,"muid":51,"alid":3,"firstname":"Taru","electionDayVotes":8,"pid":"23","finalPosition":0,"electedInformation":"ON_SUBSTITUTE_PLACE","totalVotesPercent":0.8,"nominatorName":{"fi":"Perussuomalaiset","sv":"Sannfinländarna","en":"The Finns Party"},"caid":32,"position":0,"gender":"2","comparisonData":{"totalVotes":40,"votesTotalChange":-20},"edid":4,"comparativeIndex":0.0,"electionDayVotesPercent":0.9,"nominatorAbbr":{"fi":"PS","sv":"Sannf","en":"FINNS"}},{"age":55,"advanceVotesPercent":0.8,"lastname":"Santapere","occupation":"osastonhoitaja","advanceVotes":12,"npid":5,"totalVotes":20,"spid":1,"abbr":"KESK","municipalCouncilor":false,"muid":51,"alid":5,"firstname":"Merja","electionDayVotes":8,"pid":"2","finalPosition":0,"electedInformation":"ON_SUBSTITUTE_PLACE","totalVotesPercent":0.8,"nominatorName":{"fi":"Suomen Keskusta","sv":"Centern i Finland","en":"Centre Party of Finland"},"caid":116,"position":0,"gender":"2","comparisonData":{"totalVotes":0,"votesTotalChange":20},"edid":4,"comparativeIndex":0.0,"electionDayVotesPercent":0.9,"nominatorAbbr":{"fi":"KESK","sv":"C","en":"CENT"}},{"age":42,"advanceVotesPercent":0.8,"lastname":"Suoyrjö","occupation":"ruokapalvelu- ja toimitilatyöntekijä","advanceVotes":12,"npid":2,"totalVotes":19,"spid":4,"abbr":"SDP","municipalCouncilor":false,"muid":51,"alid":2,"firstname":"Irja","electionDayVotes":7,"pid":"1","finalPosition":0,"electedInformation":"ON_SUBSTITUTE_PLACE","totalVotesPercent":0.8,"nominatorName":{"fi":"Suomen Sosialidemokraattinen Puolue","sv":"Finlands Socialdemokratiska Parti","en":"The Finnish Social Democratic Party"},"caid":27,"position":0,"gender":"2","comparisonData":{"totalVotes":14,"votesTotalChange":5},"edid":4,"comparativeIndex":0.0,"electionDayVotesPercent":0.8,"nominatorAbbr":{"fi":"SDP","sv":"SDP","en":"SDP"}},{"age":53,"advanceVotesPercent":0.8,"lastname":"Narmala","occupation":"toimitusjohtaja","advanceVotes":12,"npid":4,"totalVotes":19,"spid":2,"abbr":"KOK","municipalCouncilor":false,"muid":51,"alid":4,"firstname":"Esa-Pekka","electionDayVotes":7,"pid":"4","finalPosition":0,"electedInformation":"ON_SUBSTITUTE_PLACE","totalVotesPercent":0.8,"nominatorName":{"fi":"Kansallinen Kokoomus","sv":"Samlingspartiet","en":"National Coalition Party"},"caid":74,"position":0,"gender":"1","comparisonData":{"totalVotes":0,"votesTotalChange":19},"edid":4,"comparativeIndex":0.0,"electionDayVotesPercent":0.8,"nominatorAbbr":{"fi":"KOK","sv":"Saml","en":"NCP"}},{"age":49,"advanceVotesPercent":0.8,"lastname":"Viinamäki","occupation":"kiinteistönhoitaja","advanceVotes":12,"npid":2,"totalVotes":18,"spid":4,"abbr":"SDP","municipalCouncilor":false,"muid":51,"alid":2,"firstname":"Martti","electionDayVotes":6,"pid":"1","finalPosition":0,"electedInformation":"NOT_ELECTED","totalVotesPercent":0.7,"nominatorName":{"fi":"Suomen Sosialidemokraattinen Puolue","sv":"Finlands Socialdemokratiska Parti","en":"The Finnish Social Democratic Party"},"caid":31,"position":0,"gender":"1","comparisonData":{"totalVotes":25,"votesTotalChange":-7},"edid":4,"comparativeIndex":0.0,"electionDayVotesPercent":0.7,"nominatorAbbr":{"fi":"SDP","sv":"SDP","en":"SDP"}},{"age":51,"advanceVotesPercent":0.9,"lastname":"Varajärvi","occupation":"insinööri","advanceVotes":13,"npid":5,"totalVotes":18,"spid":1,"abbr":"KESK","municipalCouncilor":false,"muid":51,"alid":5,"firstname":"Ilkka","electionDayVotes":5,"pid":"2","finalPosition":0,"electedInformation":"NOT_ELECTED","totalVotesPercent":0.7,"nominatorName":{"fi":"Suomen Keskusta","sv":"Centern i Finland","en":"Centre Party of Finland"},"caid":123,"position":0,"gender":"1","comparisonData":{"totalVotes":24,"votesTotalChange":-6},"edid":4,"comparativeIndex":0.0,"electionDayVotesPercent":0.5,"nominatorAbbr":{"fi":"KESK","sv":"C","en":"CENT"}},{"age":62,"advanceVotesPercent":0.9,"lastname":"Rantanen","occupation":"ammatillinen erityisopettaja","advanceVotes":13,"npid":3,"totalVotes":17,"spid":3,"abbr":"PS","municipalCouncilor":true,"muid":51,"alid":3,"firstname":"Pirjo","electionDayVotes":4,"pid":"23","finalPosition":0,"electedInformation":"ON_SUBSTITUTE_PLACE","totalVotesPercent":0.7,"nominatorName":{"fi":"Perussuomalaiset","sv":"Sannfinländarna","en":"The Finns Party"},"caid":45,"position":0,"gender":"2","comparisonData":{"totalVotes":105,"votesTotalChange":-88},"edid":4,"comparativeIndex":0.0,"electionDayVotesPercent":0.4,"nominatorAbbr":{"fi":"PS","sv":"Sannf","en":"FINNS"}},{"age":18,"advanceVotesPercent":0.8,"lastname":"Karaca","occupation":"opiskelija","advanceVotes":12,"npid":4,"totalVotes":16,"spid":2,"abbr":"KOK","municipalCouncilor":false,"muid":51,"alid":4,"firstname":"Emin","electionDayVotes":4,"pid":"4","finalPosition":0,"electedInformation":"ELECTED","totalVotesPercent":0.7,"nominatorName":{"fi":"Kansallinen Kokoomus","sv":"Samlingspartiet","en":"National Coalition Party"},"caid":64,"position":0,"gender":"1","comparisonData":{"totalVotes":0,"votesTotalChange":16},"edid":4,"comparativeIndex":0.0,"electionDayVotesPercent":0.4,"nominatorAbbr":{"fi":"KOK","sv":"Saml","en":"NCP"}},{"age":50,"advanceVotesPercent":0.7,"lastname":"Laakso","occupation":"tuotantopäällikkö","advanceVotes":11,"npid":4,"totalVotes":16,"spid":2,"abbr":"KOK","municipalCouncilor":false,"muid":51,"alid":4,"firstname":"Päivi","electionDayVotes":5,"pid":"4","finalPosition":0,"electedInformation":"NOT_ELECTED","totalVotesPercent":0.7,"nominatorName":{"fi":"Kansallinen Kokoomus","sv":"Samlingspartiet","en":"National Coalition Party"},"caid":69,"position":0,"gender":"2","comparisonData":{"totalVotes":0,"votesTotalChange":16},"edid":4,"comparativeIndex":0.0,"electionDayVotesPercent":0.5,"nominatorAbbr":{"fi":"KOK","sv":"Saml","en":"NCP"}},{"age":46,"advanceVotesPercent":0.7,"lastname":"Niemi","occupation":"työturvallisuuden kehittämispäällikkö","advanceVotes":10,"npid":4,"totalVotes":16,"spid":2,"abbr":"KOK","municipalCouncilor":false,"muid":51,"alid":4,"firstname":"Sarianna","electionDayVotes":6,"pid":"4","finalPosition":0,"electedInformation":"NOT_ELECTED","totalVotesPercent":0.7,"nominatorName":{"fi":"Kansallinen Kokoomus","sv":"Samlingspartiet","en":"National Coalition Party"},"caid":75,"position":0,"gender":"2","comparisonData":{"totalVotes":0,"votesTotalChange":16},"edid":4,"comparativeIndex":0.0,"electionDayVotesPercent":0.7,"nominatorAbbr":{"fi":"KOK","sv":"Saml","en":"NCP"}},{"age":46,"advanceVotesPercent":0.4,"lastname":"Kopra","occupation":"putkiasentaja","advanceVotes":6,"npid":5,"totalVotes":16,"spid":1,"abbr":"KESK","municipalCouncilor":false,"muid":51,"alid":5,"firstname":"Lasse","electionDayVotes":10,"pid":"2","finalPosition":0,"electedInformation":"ON_SUBSTITUTE_PLACE","totalVotesPercent":0.7,"nominatorName":{"fi":"Suomen Keskusta","sv":"Centern i Finland","en":"Centre Party of Finland"},"caid":98,"position":0,"gender":"1","comparisonData":{"totalVotes":0,"votesTotalChange":16},"edid":4,"comparativeIndex":0.0,"electionDayVotesPercent":1.1,"nominatorAbbr":{"fi":"KESK","sv":"C","en":"CENT"}},{"age":40,"advanceVotesPercent":0.5,"lastname":"Hannila-Salonen","occupation":"lähihoitaja","advanceVotes":8,"npid":6,"totalVotes":16,"spid":6,"abbr":"VAS","municipalCouncilor":false,"muid":51,"alid":6,"firstname":"Virpi","electionDayVotes":8,"pid":"15","finalPosition":0,"electedInformation":"ELECTED","totalVotesPercent":0.7,"nominatorName":{"fi":"Vasemmistoliitto","sv":"Vänsterförbundet","en":"The Left Alliance"},"caid":125,"position":0,"gender":"2","comparisonData":{"totalVotes":24,"votesTotalChange":-8},"edid":4,"comparativeIndex":0.0,"electionDayVotesPercent":0.9,"nominatorAbbr":{"fi":"VAS","sv":"VF","en":"LEFT"}},{"age":65,"advanceVotesPercent":0.8,"lastname":"Saaristo","occupation":"sosiaaliohjaaja, eläkeläinen","advanceVotes":12,"npid":6,"totalVotes":16,"spid":6,"abbr":"VAS","municipalCouncilor":false,"muid":51,"alid":6,"firstname":"Helinä","electionDayVotes":4,"pid":"15","finalPosition":0,"electedInformation":"NOT_ELECTED","totalVotesPercent":0.7,"nominatorName":{"fi":"Vasemmistoliitto","sv":"Vänsterförbundet","en":"The Left Alliance"},"caid":130,"position":0,"gender":"2","comparisonData":{"totalVotes":19,"votesTotalChange":-3},"edid":4,"comparativeIndex":0.0,"electionDayVotesPercent":0.4,"nominatorAbbr":{"fi":"VAS","sv":"VF","en":"LEFT"}},{"age":70,"advanceVotesPercent":0.9,"lastname":"Niemi","occupation":"filosofian maisteri, biologi","advanceVotes":14,"npid":7,"totalVotes":16,"spid":8,"abbr":"KD","municipalCouncilor":false,"muid":51,"alid":7,"firstname":"Reino","electionDayVotes":2,"pid":"9","finalPosition":0,"electedInformation":"NOT_ELECTED","totalVotesPercent":0.7,"nominatorName":{"fi":"Suomen Kristillisdemokraatit (KD)","sv":"Kristdemokraterna i Finland (KD)","en":"Christian Democrats in Finland"},"caid":137,"position":0,"gender":"1","comparisonData":{"totalVotes":27,"votesTotalChange":-11},"edid":4,"comparativeIndex":0.0,"electionDayVotesPercent":0.2,"nominatorAbbr":{"fi":"KD","sv":"KD","en":"CD"}},{"age":34,"advanceVotesPercent":0.4,"lastname":"Veijonaho","occupation":"sosiaaliohjaaja","advanceVotes":6,"npid":2,"totalVotes":14,"spid":4,"abbr":"SDP","municipalCouncilor":false,"muid":51,"alid":2,"firstname":"Outi","electionDayVotes":8,"pid":"1","finalPosition":0,"electedInformation":"ON_SUBSTITUTE_PLACE","totalVotesPercent":0.6,"nominatorName":{"fi":"Suomen Sosialidemokraattinen Puolue","sv":"Finlands Socialdemokratiska Parti","en":"The Finnish Social Democratic Party"},"caid":30,"position":0,"gender":"2","comparisonData":{"totalVotes":0,"votesTotalChange":14},"edid":4,"comparativeIndex":0.0,"electionDayVotesPercent":0.9,"nominatorAbbr":{"fi":"SDP","sv":"SDP","en":"SDP"}},{"age":40,"advanceVotesPercent":0.8,"lastname":"Bitter","occupation":"lukkoseppä, kiinteistömies","advanceVotes":12,"npid":5,"totalVotes":14,"spid":1,"abbr":"KESK","municipalCouncilor":false,"muid":51,"alid":5,"firstname":"Jan","electionDayVotes":2,"pid":"2","finalPosition":0,"electedInformation":"NOT_ELECTED","totalVotesPercent":0.6,"nominatorName":{"fi":"Suomen Keskusta","sv":"Centern i Finland","en":"Centre Party of Finland"},"caid":89,"position":0,"gender":"1","comparisonData":{"totalVotes":0,"votesTotalChange":14},"edid":4,"comparativeIndex":0.0,"electionDayVotesPercent":0.2,"nominatorAbbr":{"fi":"KESK","sv":"C","en":"CENT"}},{"age":37,"advanceVotesPercent":0.3,"lastname":"Mäkinen","occupation":"keittiöpäällikkö, opiskelija","advanceVotes":5,"npid":6,"totalVotes":14,"spid":6,"abbr":"VAS","municipalCouncilor":false,"muid":51,"alid":6,"firstname":"Jarkko","electionDayVotes":9,"pid":"15","finalPosition":0,"electedInformation":"NOT_ELECTED","totalVotesPercent":0.6,"nominatorName":{"fi":"Vasemmistoliitto","sv":"Vänsterförbundet","en":"The Left Alliance"},"caid":128,"position":0,"gender":"1","comparisonData":{"totalVotes":8,"votesTotalChange":6},"edid":4,"comparativeIndex":0.0,"electionDayVotesPercent":1.0,"nominatorAbbr":{"fi":"VAS","sv":"VF","en":"LEFT"}},{"age":40,"advanceVotesPercent":0.3,"lastname":"Harju","occupation":"lastenhoitaja","advanceVotes":4,"npid":2,"totalVotes":13,"spid":4,"abbr":"SDP","municipalCouncilor":false,"muid":51,"alid":2,"firstname":"Anne","electionDayVotes":9,"pid":"1","finalPosition":0,"electedInformation":"NOT_ELECTED","totalVotesPercent":0.5,"nominatorName":{"fi":"Suomen Sosialidemokraattinen Puolue","sv":"Finlands Socialdemokratiska Parti","en":"The Finnish Social Democratic Party"},"caid":6,"position":0,"gender":"2","comparisonData":{"totalVotes":0,"votesTotalChange":13},"edid":4,"comparativeIndex":0.0,"electionDayVotesPercent":1.0,"nominatorAbbr":{"fi":"SDP","sv":"SDP","en":"SDP"}},{"age":55,"advanceVotesPercent":0.4,"lastname":"Lehtonen","occupation":"palomestari","advanceVotes":6,"npid":2,"totalVotes":13,"spid":4,"abbr":"SDP","municipalCouncilor":false,"muid":51,"alid":2,"firstname":"Timo","electionDayVotes":7,"pid":"1","finalPosition":0,"electedInformation":"NOT_ELECTED","totalVotesPercent":0.5,"nominatorName":{"fi":"Suomen Sosialidemokraattinen Puolue","sv":"Finlands Socialdemokratiska Parti","en":"The Finnish Social Democratic Party"},"caid":14,"position":0,"gender":"1","comparisonData":{"totalVotes":0,"votesTotalChange":13},"edid":4,"comparativeIndex":0.0,"electionDayVotesPercent":0.8,"nominatorAbbr":{"fi":"SDP","sv":"SDP","en":"SDP"}},{"age":28,"advanceVotesPercent":0.5,"lastname":"Uusen","occupation":"automaatioasentaja","advanceVotes":7,"npid":3,"totalVotes":13,"spid":3,"abbr":"PS","municipalCouncilor":false,"muid":51,"alid":3,"firstname":"Petri","electionDayVotes":6,"pid":"23","finalPosition":0,"electedInformation":"NOT_ELECTED","totalVotesPercent":0.5,"nominatorName":{"fi":"Perussuomalaiset","sv":"Sannfinländarna","en":"The Finns Party"},"caid":49,"position":0,"gender":"1","comparisonData":{"totalVotes":23,"votesTotalChange":-10},"edid":4,"comparativeIndex":0.0,"electionDayVotesPercent":0.7,"nominatorAbbr":{"fi":"PS","sv":"Sannf","en":"FINNS"}},{"age":36,"advanceVotesPercent":0.5,"lastname":"Uusi-Marttila","occupation":"hevosenkengittäjä, yrittäjä","advanceVotes":8,"npid":3,"totalVotes":13,"spid":3,"abbr":"PS","municipalCouncilor":false,"muid":51,"alid":3,"firstname":"Henri","electionDayVotes":5,"pid":"23","finalPosition":0,"electedInformation":"NOT_ELECTED","totalVotesPercent":0.5,"nominatorName":{"fi":"Perussuomalaiset","sv":"Sannfinländarna","en":"The Finns Party"},"caid":50,"position":0,"gender":"1","comparisonData":{"totalVotes":0,"votesTotalChange":13},"edid":4,"comparativeIndex":0.0,"electionDayVotesPercent":0.5,"nominatorAbbr":{"fi":"PS","sv":"Sannf","en":"FINNS"}},{"age":70,"advanceVotesPercent":0.4,"lastname":"Majaneva","occupation":"aluetoimitsija, eläkeläinen","advanceVotes":6,"npid":6,"totalVotes":13,"spid":6,"abbr":"VAS","municipalCouncilor":true,"muid":51,"alid":6,"firstname":"Paavo","electionDayVotes":7,"pid":"15","finalPosition":0,"electedInformation":"ON_SUBSTITUTE_PLACE","totalVotesPercent":0.5,"nominatorName":{"fi":"Vasemmistoliitto","sv":"Vänsterförbundet","en":"The Left Alliance"},"caid":126,"position":0,"gender":"1","comparisonData":{"totalVotes":66,"votesTotalChange":-53},"edid":4,"comparativeIndex":0.0,"electionDayVotesPercent":0.8,"nominatorAbbr":{"fi":"VAS","sv":"VF","en":"LEFT"}},{"age":44,"advanceVotesPercent":0.6,"lastname":"Pesonen","occupation":"TtM, hoitotyön opettaja","advanceVotes":9,"npid":5,"totalVotes":12,"spid":1,"abbr":"KESK","municipalCouncilor":false,"muid":51,"alid":5,"firstname":"Marja-Liisa","electionDayVotes":3,"pid":"2","finalPosition":0,"electedInformation":"NOT_ELECTED","totalVotesPercent":0.5,"nominatorName":{"fi":"Suomen Keskusta","sv":"Centern i Finland","en":"Centre Party of Finland"},"caid":112,"position":0,"gender":"2","comparisonData":{"totalVotes":0,"votesTotalChange":12},"edid":4,"comparativeIndex":0.0,"electionDayVotesPercent":0.3,"nominatorAbbr":{"fi":"KESK","sv":"C","en":"CENT"}},{"age":42,"advanceVotesPercent":0.2,"lastname":"Korsman","occupation":"perhepäivähoitaja","advanceVotes":3,"npid":2,"totalVotes":11,"spid":4,"abbr":"SDP","municipalCouncilor":false,"muid":51,"alid":2,"firstname":"Raija","electionDayVotes":8,"pid":"1","finalPosition":0,"electedInformation":"NOT_ELECTED","totalVotesPercent":0.5,"nominatorName":{"fi":"Suomen Sosialidemokraattinen Puolue","sv":"Finlands Socialdemokratiska Parti","en":"The Finnish Social Democratic Party"},"caid":11,"position":0,"gender":"2","comparisonData":{"totalVotes":0,"votesTotalChange":11},"edid":4,"comparativeIndex":0.0,"electionDayVotesPercent":0.9,"nominatorAbbr":{"fi":"SDP","sv":"SDP","en":"SDP"}},{"age":39,"advanceVotesPercent":0.4,"lastname":"Laaksonen","occupation":"maatalousyrittäjä","advanceVotes":6,"npid":5,"totalVotes":11,"spid":1,"abbr":"KESK","municipalCouncilor":false,"muid":51,"alid":5,"firstname":"Sanna","electionDayVotes":5,"pid":"2","finalPosition":0,"electedInformation":"NOT_ELECTED","totalVotesPercent":0.5,"nominatorName":{"fi":"Suomen Keskusta","sv":"Centern i Finland","en":"Centre Party of Finland"},"caid":102,"position":0,"gender":"2","comparisonData":{"totalVotes":12,"votesTotalChange":-1},"edid":4,"comparativeIndex":0.0,"electionDayVotesPercent":0.5,"nominatorAbbr":{"fi":"KESK","sv":"C","en":"CENT"}},{"age":51,"advanceVotesPercent":0.5,"lastname":"Antti","occupation":"maatalousyrittäjä","advanceVotes":7,"npid":5,"totalVotes":10,"spid":1,"abbr":"KESK","municipalCouncilor":false,"muid":51,"alid":5,"firstname":"Timo","electionDayVotes":3,"pid":"2","finalPosition":0,"electedInformation":"ELECTED","totalVotesPercent":0.4,"nominatorName":{"fi":"Suomen Keskusta","sv":"Centern i Finland","en":"Centre Party of Finland"},"caid":88,"position":0,"gender":"1","comparisonData":{"totalVotes":0,"votesTotalChange":10},"edid":4,"comparativeIndex":0.0,"electionDayVotesPercent":0.3,"nominatorAbbr":{"fi":"KESK","sv":"C","en":"CENT"}},{"age":60,"advanceVotesPercent":0.4,"lastname":"Blomroos","occupation":"KTM, lehtori","advanceVotes":6,"npid":2,"totalVotes":9,"spid":4,"abbr":"SDP","municipalCouncilor":false,"muid":51,"alid":2,"firstname":"Marja-Leena","electionDayVotes":3,"pid":"1","finalPosition":0,"electedInformation":"ON_SUBSTITUTE_PLACE","totalVotesPercent":0.4,"nominatorName":{"fi":"Suomen Sosialidemokraattinen Puolue","sv":"Finlands Socialdemokratiska Parti","en":"The Finnish Social Democratic Party"},"caid":4,"position":0,"gender":"2","comparisonData":{"totalVotes":0,"votesTotalChange":9},"edid":4,"comparativeIndex":0.0,"electionDayVotesPercent":0.3,"nominatorAbbr":{"fi":"SDP","sv":"SDP","en":"SDP"}},{"age":62,"advanceVotesPercent":0.5,"lastname":"Juhola","occupation":"eläkeläinen","advanceVotes":8,"npid":2,"totalVotes":9,"spid":4,"abbr":"SDP","municipalCouncilor":false,"muid":51,"alid":2,"firstname":"Inga-Liisa","electionDayVotes":1,"pid":"1","finalPosition":0,"electedInformation":"NOT_ELECTED","totalVotesPercent":0.4,"nominatorName":{"fi":"Suomen Sosialidemokraattinen Puolue","sv":"Finlands Socialdemokratiska Parti","en":"The Finnish Social Democratic Party"},"caid":9,"position":0,"gender":"2","comparisonData":{"totalVotes":13,"votesTotalChange":-4},"edid":4,"comparativeIndex":0.0,"electionDayVotesPercent":0.1,"nominatorAbbr":{"fi":"SDP","sv":"SDP","en":"SDP"}},{"age":56,"advanceVotesPercent":0.5,"lastname":"Haapasaari","occupation":"käynnissäpitäjä","advanceVotes":8,"npid":3,"totalVotes":9,"spid":3,"abbr":"PS","municipalCouncilor":false,"muid":51,"alid":3,"firstname":"Ari","electionDayVotes":1,"pid":"23","finalPosition":0,"electedInformation":"NOT_ELECTED","totalVotesPercent":0.4,"nominatorName":{"fi":"Perussuomalaiset","sv":"Sannfinländarna","en":"The Finns Party"},"caid":33,"position":0,"gender":"1","comparisonData":{"totalVotes":18,"votesTotalChange":-9},"edid":4,"comparativeIndex":0.0,"electionDayVotesPercent":0.1,"nominatorAbbr":{"fi":"PS","sv":"Sannf","en":"FINNS"}},{"age":60,"advanceVotesPercent":0.3,"lastname":"Johansson","occupation":"aluepäällikkö","advanceVotes":4,"npid":2,"totalVotes":8,"spid":4,"abbr":"SDP","municipalCouncilor":false,"muid":51,"alid":2,"firstname":"Seija","electionDayVotes":4,"pid":"1","finalPosition":0,"electedInformation":"ON_SUBSTITUTE_PLACE","totalVotesPercent":0.3,"nominatorName":{"fi":"Suomen Sosialidemokraattinen Puolue","sv":"Finlands Socialdemokratiska Parti","en":"The Finnish Social Democratic Party"},"caid":8,"position":0,"gender":"2","comparisonData":{"totalVotes":0,"votesTotalChange":8},"edid":4,"comparativeIndex":0.0,"electionDayVotesPercent":0.4,"nominatorAbbr":{"fi":"SDP","sv":"SDP","en":"SDP"}},{"age":59,"advanceVotesPercent":0.3,"lastname":"Tamminen","occupation":"kiinteistömies","advanceVotes":5,"npid":5,"totalVotes":8,"spid":1,"abbr":"KESK","municipalCouncilor":false,"muid":51,"alid":5,"firstname":"Matti","electionDayVotes":3,"pid":"2","finalPosition":0,"electedInformation":"ON_SUBSTITUTE_PLACE","totalVotesPercent":0.3,"nominatorName":{"fi":"Suomen Keskusta","sv":"Centern i Finland","en":"Centre Party of Finland"},"caid":118,"position":0,"gender":"1","comparisonData":{"totalVotes":0,"votesTotalChange":8},"edid":4,"comparativeIndex":0.0,"electionDayVotesPercent":0.3,"nominatorAbbr":{"fi":"KESK","sv":"C","en":"CENT"}},{"age":35,"advanceVotesPercent":0.4,"lastname":"Sillvan","occupation":"lähihoitaja","advanceVotes":6,"npid":2,"totalVotes":7,"spid":4,"abbr":"SDP","municipalCouncilor":false,"muid":51,"alid":2,"firstname":"Teemu","electionDayVotes":1,"pid":"1","finalPosition":0,"electedInformation":"NOT_ELECTED","totalVotesPercent":0.3,"nominatorName":{"fi":"Suomen Sosialidemokraattinen Puolue","sv":"Finlands Socialdemokratiska Parti","en":"The Finnish Social Democratic Party"},"caid":25,"position":0,"gender":"1","comparisonData":{"totalVotes":0,"votesTotalChange":7},"edid":4,"comparativeIndex":0.0,"electionDayVotesPercent":0.1,"nominatorAbbr":{"fi":"SDP","sv":"SDP","en":"SDP"}},{"age":63,"advanceVotesPercent":0.2,"lastname":"Hoikkala","occupation":"merikapteeni, eläkeläinen","advanceVotes":3,"npid":3,"totalVotes":7,"spid":3,"abbr":"PS","municipalCouncilor":false,"muid":51,"alid":3,"firstname":"Juha-Matti","electionDayVotes":4,"pid":"23","finalPosition":0,"electedInformation":"NOT_ELECTED","totalVotesPercent":0.3,"nominatorName":{"fi":"Perussuomalaiset","sv":"Sannfinländarna","en":"The Finns Party"},"caid":34,"position":0,"gender":"1","comparisonData":{"totalVotes":33,"votesTotalChange":-26},"edid":4,"comparativeIndex":0.0,"electionDayVotesPercent":0.4,"nominatorAbbr":{"fi":"PS","sv":"Sannf","en":"FINNS"}},{"age":36,"advanceVotesPercent":0.1,"lastname":"Roslöf","occupation":"lasityöntekijä, ammattiosaston puheenjohtaja","advanceVotes":2,"npid":3,"totalVotes":7,"spid":3,"abbr":"PS","municipalCouncilor":false,"muid":51,"alid":3,"firstname":"Rami","electionDayVotes":5,"pid":"23","finalPosition":0,"electedInformation":"NOT_ELECTED","totalVotesPercent":0.3,"nominatorName":{"fi":"Perussuomalaiset","sv":"Sannfinländarna","en":"The Finns Party"},"caid":46,"position":0,"gender":"1","comparisonData":{"totalVotes":11,"votesTotalChange":-4},"edid":4,"comparativeIndex":0.0,"electionDayVotesPercent":0.5,"nominatorAbbr":{"fi":"PS","sv":"Sannf","en":"FINNS"}},{"age":39,"advanceVotesPercent":0.2,"lastname":"Syväsalmi","occupation":"FL, tutkija","advanceVotes":3,"npid":4,"totalVotes":7,"spid":2,"abbr":"KOK","municipalCouncilor":false,"muid":51,"alid":4,"firstname":"Emilia","electionDayVotes":4,"pid":"4","finalPosition":0,"electedInformation":"ELECTED","totalVotesPercent":0.3,"nominatorName":{"fi":"Kansallinen Kokoomus","sv":"Samlingspartiet","en":"National Coalition Party"},"caid":82,"position":0,"gender":"2","comparisonData":{"totalVotes":0,"votesTotalChange":7},"edid":4,"comparativeIndex":0.0,"electionDayVotesPercent":0.4,"nominatorAbbr":{"fi":"KOK","sv":"Saml","en":"NCP"}},{"age":41,"advanceVotesPercent":0.3,"lastname":"Miekanmaa","occupation":"MMM, jälkimarkkinointipäällikkö","advanceVotes":4,"npid":5,"totalVotes":7,"spid":1,"abbr":"KESK","municipalCouncilor":false,"muid":51,"alid":5,"firstname":"Markus","electionDayVotes":3,"pid":"2","finalPosition":0,"electedInformation":"NOT_ELECTED","totalVotesPercent":0.3,"nominatorName":{"fi":"Suomen Keskusta","sv":"Centern i Finland","en":"Centre Party of Finland"},"caid":105,"position":0,"gender":"1","comparisonData":{"totalVotes":0,"votesTotalChange":7},"edid":4,"comparativeIndex":0.0,"electionDayVotesPercent":0.3,"nominatorAbbr":{"fi":"KESK","sv":"C","en":"CENT"}},{"age":36,"advanceVotesPercent":0.1,"lastname":"Airaksinen","occupation":"yrittäjä, hevosharrasteohjaaja","advanceVotes":2,"npid":6,"totalVotes":7,"spid":6,"abbr":"VAS","municipalCouncilor":false,"muid":51,"alid":6,"firstname":"Eveliina","electionDayVotes":5,"pid":"15","finalPosition":0,"electedInformation":"NOT_ELECTED","totalVotesPercent":0.3,"nominatorName":{"fi":"Vasemmistoliitto","sv":"Vänsterförbundet","en":"The Left Alliance"},"caid":124,"position":0,"gender":"2","comparisonData":{"totalVotes":0,"votesTotalChange":7},"edid":4,"comparativeIndex":0.0,"electionDayVotesPercent":0.5,"nominatorAbbr":{"fi":"VAS","sv":"VF","en":"LEFT"}},{"age":54,"advanceVotesPercent":0.2,"lastname":"Lampolahti","occupation":"luontotiedon opettaja","advanceVotes":3,"npid":2,"totalVotes":6,"spid":4,"abbr":"SDP","municipalCouncilor":false,"muid":51,"alid":2,"firstname":"Janne","electionDayVotes":3,"pid":"1","finalPosition":0,"electedInformation":"NOT_ELECTED","totalVotesPercent":0.2,"nominatorName":{"fi":"Suomen Sosialidemokraattinen Puolue","sv":"Finlands Socialdemokratiska Parti","en":"The Finnish Social Democratic Party"},"caid":13,"position":0,"gender":"1","comparisonData":{"totalVotes":11,"votesTotalChange":-5},"edid":4,"comparativeIndex":0.0,"electionDayVotesPercent":0.3,"nominatorAbbr":{"fi":"SDP","sv":"SDP","en":"SDP"}},{"age":20,"advanceVotesPercent":0.3,"lastname":"Nordlund","occupation":"työtön","advanceVotes":5,"npid":3,"totalVotes":6,"spid":3,"abbr":"PS","municipalCouncilor":false,"muid":51,"alid":3,"firstname":"Eetu","electionDayVotes":1,"pid":"23","finalPosition":0,"electedInformation":"NOT_ELECTED","totalVotesPercent":0.2,"nominatorName":{"fi":"Perussuomalaiset","sv":"Sannfinländarna","en":"The Finns Party"},"caid":40,"position":0,"gender":"1","comparisonData":{"totalVotes":0,"votesTotalChange":6},"edid":4,"comparativeIndex":0.0,"electionDayVotesPercent":0.1,"nominatorAbbr":{"fi":"PS","sv":"Sannf","en":"FINNS"}},{"age":38,"advanceVotesPercent":0.3,"lastname":"Nurminen","occupation":"eläkeläinen","advanceVotes":5,"npid":3,"totalVotes":6,"spid":3,"abbr":"PS","municipalCouncilor":false,"muid":51,"alid":3,"firstname":"Piia","electionDayVotes":1,"pid":"23","finalPosition":0,"electedInformation":"NOT_ELECTED","totalVotesPercent":0.2,"nominatorName":{"fi":"Perussuomalaiset","sv":"Sannfinländarna","en":"The Finns Party"},"caid":42,"position":0,"gender":"2","comparisonData":{"totalVotes":0,"votesTotalChange":6},"edid":4,"comparativeIndex":0.0,"electionDayVotesPercent":0.1,"nominatorAbbr":{"fi":"PS","sv":"Sannf","en":"FINNS"}},{"age":41,"advanceVotesPercent":0.1,"lastname":"Huhtamaa","occupation":"yrittäjä, maanviljelijä","advanceVotes":1,"npid":4,"totalVotes":6,"spid":2,"abbr":"KOK","municipalCouncilor":false,"muid":51,"alid":4,"firstname":"Henri","electionDayVotes":5,"pid":"4","finalPosition":0,"electedInformation":"NOT_ELECTED","totalVotesPercent":0.2,"nominatorName":{"fi":"Kansallinen Kokoomus","sv":"Samlingspartiet","en":"National Coalition Party"},"caid":58,"position":0,"gender":"1","comparisonData":{"totalVotes":0,"votesTotalChange":6},"edid":4,"comparativeIndex":0.0,"electionDayVotesPercent":0.5,"nominatorAbbr":{"fi":"KOK","sv":"Saml","en":"NCP"}},{"age":41,"advanceVotesPercent":0.3,"lastname":"Kurri","occupation":"SH, etsivä nuorisotyö","advanceVotes":4,"npid":4,"totalVotes":6,"spid":2,"abbr":"KOK","municipalCouncilor":false,"muid":51,"alid":4,"firstname":"Katja","electionDayVotes":2,"pid":"4","finalPosition":0,"electedInformation":"NOT_ELECTED","totalVotesPercent":0.2,"nominatorName":{"fi":"Kansallinen Kokoomus","sv":"Samlingspartiet","en":"National Coalition Party"},"caid":67,"position":0,"gender":"2","comparisonData":{"totalVotes":0,"votesTotalChange":6},"edid":4,"comparativeIndex":0.0,"electionDayVotesPercent":0.2,"nominatorAbbr":{"fi":"KOK","sv":"Saml","en":"NCP"}},{"age":37,"advanceVotesPercent":0.2,"lastname":"Leivo","occupation":"yrittäjä","advanceVotes":3,"npid":4,"totalVotes":6,"spid":2,"abbr":"KOK","municipalCouncilor":false,"muid":51,"alid":4,"firstname":"Ilkka","electionDayVotes":3,"pid":"4","finalPosition":0,"electedInformation":"NOT_ELECTED","totalVotesPercent":0.2,"nominatorName":{"fi":"Kansallinen Kokoomus","sv":"Samlingspartiet","en":"National Coalition Party"},"caid":72,"position":0,"gender":"1","comparisonData":{"totalVotes":9,"votesTotalChange":-3},"edid":4,"comparativeIndex":0.0,"electionDayVotesPercent":0.3,"nominatorAbbr":{"fi":"KOK","sv":"Saml","en":"NCP"}},{"age":59,"advanceVotesPercent":0.3,"lastname":"Rantanen","occupation":"yrittäjä, rakennusmestari","advanceVotes":5,"npid":4,"totalVotes":6,"spid":2,"abbr":"KOK","municipalCouncilor":false,"muid":51,"alid":4,"firstname":"Matti","electionDayVotes":1,"pid":"4","finalPosition":0,"electedInformation":"ON_SUBSTITUTE_PLACE","totalVotesPercent":0.2,"nominatorName":{"fi":"Kansallinen Kokoomus","sv":"Samlingspartiet","en":"National Coalition Party"},"caid":79,"position":0,"gender":"1","comparisonData":{"totalVotes":23,"votesTotalChange":-17},"edid":4,"comparativeIndex":0.0,"electionDayVotesPercent":0.1,"nominatorAbbr":{"fi":"KOK","sv":"Saml","en":"NCP"}},{"age":38,"advanceVotesPercent":0.3,"lastname":"Tunturivuori","occupation":"yrittäjä","advanceVotes":4,"npid":5,"totalVotes":6,"spid":1,"abbr":"KESK","municipalCouncilor":false,"muid":51,"alid":5,"firstname":"Toni","electionDayVotes":2,"pid":"2","finalPosition":0,"electedInformation":"NOT_ELECTED","totalVotesPercent":0.2,"nominatorName":{"fi":"Suomen Keskusta","sv":"Centern i Finland","en":"Centre Party of Finland"},"caid":119,"position":0,"gender":"1","comparisonData":{"totalVotes":11,"votesTotalChange":-5},"edid":4,"comparativeIndex":0.0,"electionDayVotesPercent":0.2,"nominatorAbbr":{"fi":"KESK","sv":"C","en":"CENT"}},{"age":52,"advanceVotesPercent":0.3,"lastname":"Mäkinen","occupation":"yrittäjä","advanceVotes":4,"npid":6,"totalVotes":6,"spid":6,"abbr":"VAS","municipalCouncilor":false,"muid":51,"alid":6,"firstname":"Esa","electionDayVotes":2,"pid":"15","finalPosition":0,"electedInformation":"NOT_ELECTED","totalVotesPercent":0.2,"nominatorName":{"fi":"Vasemmistoliitto","sv":"Vänsterförbundet","en":"The Left Alliance"},"caid":127,"position":0,"gender":"1","comparisonData":{"totalVotes":9,"votesTotalChange":-3},"edid":4,"comparativeIndex":0.0,"electionDayVotesPercent":0.2,"nominatorAbbr":{"fi":"VAS","sv":"VF","en":"LEFT"}},{"age":36,"advanceVotesPercent":0.2,"lastname":"Salo","occupation":"prosessinhoitaja","advanceVotes":3,"npid":2,"totalVotes":5,"spid":4,"abbr":"SDP","municipalCouncilor":false,"muid":51,"alid":2,"firstname":"Jussi","electionDayVotes":2,"pid":"1","finalPosition":0,"electedInformation":"ELECTED","totalVotesPercent":0.2,"nominatorName":{"fi":"Suomen Sosialidemokraattinen Puolue","sv":"Finlands Socialdemokratiska Parti","en":"The Finnish Social Democratic Party"},"caid":22,"position":0,"gender":"1","comparisonData":{"totalVotes":0,"votesTotalChange":5},"edid":4,"comparativeIndex":0.0,"electionDayVotesPercent":0.2,"nominatorAbbr":{"fi":"SDP","sv":"SDP","en":"SDP"}},{"age":22,"advanceVotesPercent":0.1,"lastname":"Venho","occupation":"LVI-asentaja","advanceVotes":2,"npid":3,"totalVotes":5,"spid":3,"abbr":"PS","municipalCouncilor":false,"muid":51,"alid":3,"firstname":"Peetu","electionDayVotes":3,"pid":"23","finalPosition":0,"electedInformation":"NOT_ELECTED","totalVotesPercent":0.2,"nominatorName":{"fi":"Perussuomalaiset","sv":"Sannfinländarna","en":"The Finns Party"},"caid":52,"position":0,"gender":"1","comparisonData":{"totalVotes":0,"votesTotalChange":5},"edid":4,"comparativeIndex":0.0,"electionDayVotesPercent":0.3,"nominatorAbbr":{"fi":"PS","sv":"Sannf","en":"FINNS"}},{"age":38,"advanceVotesPercent":0.1,"lastname":"Isokorpi","occupation":"sosionomi (YAMK), diakoniatyöntekijä","advanceVotes":2,"npid":4,"totalVotes":5,"spid":2,"abbr":"KOK","municipalCouncilor":false,"muid":51,"alid":4,"firstname":"Kristiina","electionDayVotes":3,"pid":"4","finalPosition":0,"electedInformation":"ELECTED","totalVotesPercent":0.2,"nominatorName":{"fi":"Kansallinen Kokoomus","sv":"Samlingspartiet","en":"National Coalition Party"},"caid":60,"position":0,"gender":"2","comparisonData":{"totalVotes":19,"votesTotalChange":-14},"edid":4,"comparativeIndex":0.0,"electionDayVotesPercent":0.3,"nominatorAbbr":{"fi":"KOK","sv":"Saml","en":"NCP"}},{"age":40,"advanceVotesPercent":0.2,"lastname":"Jasu","occupation":"seurakunnan vahtimestari","advanceVotes":3,"npid":4,"totalVotes":5,"spid":2,"abbr":"KOK","municipalCouncilor":false,"muid":51,"alid":4,"firstname":"Hannele","electionDayVotes":2,"pid":"4","finalPosition":0,"electedInformation":"NOT_ELECTED","totalVotesPercent":0.2,"nominatorName":{"fi":"Kansallinen Kokoomus","sv":"Samlingspartiet","en":"National Coalition Party"},"caid":62,"position":0,"gender":"2","comparisonData":{"totalVotes":0,"votesTotalChange":5},"edid":4,"comparativeIndex":0.0,"electionDayVotesPercent":0.2,"nominatorAbbr":{"fi":"KOK","sv":"Saml","en":"NCP"}},{"age":38,"advanceVotesPercent":0.1,"lastname":"Laakeristo","occupation":"DI, tuotantotalous","advanceVotes":1,"npid":4,"totalVotes":5,"spid":2,"abbr":"KOK","municipalCouncilor":false,"muid":51,"alid":4,"firstname":"Jaana","electionDayVotes":4,"pid":"4","finalPosition":0,"electedInformation":"NOT_ELECTED","totalVotesPercent":0.2,"nominatorName":{"fi":"Kansallinen Kokoomus","sv":"Samlingspartiet","en":"National Coalition Party"},"caid":68,"position":0,"gender":"2","comparisonData":{"totalVotes":12,"votesTotalChange":-7},"edid":4,"comparativeIndex":0.0,"electionDayVotesPercent":0.4,"nominatorAbbr":{"fi":"KOK","sv":"Saml","en":"NCP"}},{"age":33,"advanceVotesPercent":0.1,"lastname":"Jaakkola","occupation":"insinööri","advanceVotes":2,"npid":5,"totalVotes":5,"spid":1,"abbr":"KESK","municipalCouncilor":false,"muid":51,"alid":5,"firstname":"Otso","electionDayVotes":3,"pid":"2","finalPosition":0,"electedInformation":"NOT_ELECTED","totalVotesPercent":0.2,"nominatorName":{"fi":"Suomen Keskusta","sv":"Centern i Finland","en":"Centre Party of Finland"},"caid":95,"position":0,"gender":"1","comparisonData":{"totalVotes":20,"votesTotalChange":-15},"edid":4,"comparativeIndex":0.0,"electionDayVotesPercent":0.3,"nominatorAbbr":{"fi":"KESK","sv":"C","en":"CENT"}},{"age":53,"advanceVotesPercent":0.2,"lastname":"Vaitomaa","occupation":"kotitalouden ja terveystiedon lehtori","advanceVotes":3,"npid":5,"totalVotes":5,"spid":1,"abbr":"KESK","municipalCouncilor":true,"muid":51,"alid":5,"firstname":"Marja","electionDayVotes":2,"pid":"2","finalPosition":0,"electedInformation":"ELECTED","totalVotesPercent":0.2,"nominatorName":{"fi":"Suomen Keskusta","sv":"Centern i Finland","en":"Centre Party of Finland"},"caid":122,"position":0,"gender":"2","comparisonData":{"totalVotes":104,"votesTotalChange":-99},"edid":4,"comparativeIndex":0.0,"electionDayVotesPercent":0.2,"nominatorAbbr":{"fi":"KESK","sv":"C","en":"CENT"}},{"age":69,"advanceVotesPercent":0.1,"lastname":"Häyry","occupation":"FM, ympäristötoimen asiantuntija","advanceVotes":1,"npid":4,"totalVotes":4,"spid":2,"abbr":"KOK","municipalCouncilor":false,"muid":51,"alid":4,"firstname":"Ireene","electionDayVotes":3,"pid":"4","finalPosition":0,"electedInformation":"NOT_ELECTED","totalVotesPercent":0.2,"nominatorName":{"fi":"Kansallinen Kokoomus","sv":"Samlingspartiet","en":"National Coalition Party"},"caid":59,"position":0,"gender":"2","comparisonData":{"totalVotes":16,"votesTotalChange":-12},"edid":4,"comparativeIndex":0.0,"electionDayVotesPercent":0.3,"nominatorAbbr":{"fi":"KOK","sv":"Saml","en":"NCP"}},{"age":34,"advanceVotesPercent":0.2,"lastname":"Nordberg","occupation":"yrittäjä","advanceVotes":3,"npid":4,"totalVotes":4,"spid":2,"abbr":"KOK","municipalCouncilor":true,"muid":51,"alid":4,"firstname":"Mikko","electionDayVotes":1,"pid":"4","finalPosition":0,"electedInformation":"ON_SUBSTITUTE_PLACE","totalVotesPercent":0.2,"nominatorName":{"fi":"Kansallinen Kokoomus","sv":"Samlingspartiet","en":"National Coalition Party"},"caid":76,"position":0,"gender":"1","comparisonData":{"totalVotes":30,"votesTotalChange":-26},"edid":4,"comparativeIndex":0.0,"electionDayVotesPercent":0.1,"nominatorAbbr":{"fi":"KOK","sv":"Saml","en":"NCP"}},{"age":23,"advanceVotesPercent":0.1,"lastname":"Siitonen","occupation":"kirjanpitäjä","advanceVotes":1,"npid":6,"totalVotes":4,"spid":6,"abbr":"VAS","municipalCouncilor":false,"muid":51,"alid":6,"firstname":"Fanny","electionDayVotes":3,"pid":"15","finalPosition":0,"electedInformation":"NOT_ELECTED","totalVotesPercent":0.2,"nominatorName":{"fi":"Vasemmistoliitto","sv":"Vänsterförbundet","en":"The Left Alliance"},"caid":132,"position":0,"gender":"2","comparisonData":{"totalVotes":0,"votesTotalChange":4},"edid":4,"comparativeIndex":0.0,"electionDayVotesPercent":0.3,"nominatorAbbr":{"fi":"VAS","sv":"VF","en":"LEFT"}},{"age":57,"advanceVotesPercent":0.2,"lastname":"Ylitalo-Salo","occupation":"pääluottamusmies","advanceVotes":3,"npid":6,"totalVotes":4,"spid":6,"abbr":"VAS","municipalCouncilor":false,"muid":51,"alid":6,"firstname":"Eira","electionDayVotes":1,"pid":"15","finalPosition":0,"electedInformation":"NOT_ELECTED","totalVotesPercent":0.2,"nominatorName":{"fi":"Vasemmistoliitto","sv":"Vänsterförbundet","en":"The Left Alliance"},"caid":135,"position":0,"gender":"2","comparisonData":{"totalVotes":15,"votesTotalChange":-11},"edid":4,"comparativeIndex":0.0,"electionDayVotesPercent":0.1,"nominatorAbbr":{"fi":"VAS","sv":"VF","en":"LEFT"}},{"age":69,"advanceVotesPercent":0.2,"lastname":"Haapanen","occupation":"eläkeläinen","advanceVotes":3,"npid":7,"totalVotes":4,"spid":8,"abbr":"KD","municipalCouncilor":false,"muid":51,"alid":7,"firstname":"Mikko","electionDayVotes":1,"pid":"9","finalPosition":0,"electedInformation":"NOT_ELECTED","totalVotesPercent":0.2,"nominatorName":{"fi":"Suomen Kristillisdemokraatit (KD)","sv":"Kristdemokraterna i Finland (KD)","en":"Christian Democrats in Finland"},"caid":136,"position":0,"gender":"1","comparisonData":{"totalVotes":0,"votesTotalChange":4},"edid":4,"comparativeIndex":0.0,"electionDayVotesPercent":0.1,"nominatorAbbr":{"fi":"KD","sv":"KD","en":"CD"}},{"age":46,"advanceVotesPercent":0.1,"lastname":"Lukkarinen","occupation":"myyjä","advanceVotes":1,"npid":2,"totalVotes":3,"spid":4,"abbr":"SDP","municipalCouncilor":false,"muid":51,"alid":2,"firstname":"Tarja","electionDayVotes":2,"pid":"1","finalPosition":0,"electedInformation":"NOT_ELECTED","totalVotesPercent":0.1,"nominatorName":{"fi":"Suomen Sosialidemokraattinen Puolue","sv":"Finlands Socialdemokratiska Parti","en":"The Finnish Social Democratic Party"},"caid":16,"position":0,"gender":"2","comparisonData":{"totalVotes":15,"votesTotalChange":-12},"edid":4,"comparativeIndex":0.0,"electionDayVotesPercent":0.2,"nominatorAbbr":{"fi":"SDP","sv":"SDP","en":"SDP"}},{"age":42,"advanceVotesPercent":0.1,"lastname":"Paunikallio","occupation":"lähihoitaja","advanceVotes":2,"npid":2,"totalVotes":3,"spid":4,"abbr":"SDP","municipalCouncilor":false,"muid":51,"alid":2,"firstname":"Susanna","electionDayVotes":1,"pid":"1","finalPosition":0,"electedInformation":"ON_SUBSTITUTE_PLACE","totalVotesPercent":0.1,"nominatorName":{"fi":"Suomen Sosialidemokraattinen Puolue","sv":"Finlands Socialdemokratiska Parti","en":"The Finnish Social Democratic Party"},"caid":20,"position":0,"gender":"2","comparisonData":{"totalVotes":13,"votesTotalChange":-10},"edid":4,"comparativeIndex":0.0,"electionDayVotesPercent":0.1,"nominatorAbbr":{"fi":"SDP","sv":"SDP","en":"SDP"}},{"age":37,"advanceVotesPercent":0.1,"lastname":"Varis","occupation":"yrittäjä","advanceVotes":1,"npid":3,"totalVotes":3,"spid":3,"abbr":"PS","municipalCouncilor":false,"muid":51,"alid":3,"firstname":"Sakari","electionDayVotes":2,"pid":"23","finalPosition":0,"electedInformation":"NOT_ELECTED","totalVotesPercent":0.1,"nominatorName":{"fi":"Perussuomalaiset","sv":"Sannfinländarna","en":"The Finns Party"},"caid":51,"position":0,"gender":"1","comparisonData":{"totalVotes":0,"votesTotalChange":3},"edid":4,"comparativeIndex":0.0,"electionDayVotesPercent":0.2,"nominatorAbbr":{"fi":"PS","sv":"Sannf","en":"FINNS"}},{"age":44,"advanceVotesPercent":0.2,"lastname":"Hollmén","occupation":"agrologi (YAMK), tietohallintoasiantuntija","advanceVotes":3,"npid":4,"totalVotes":3,"spid":2,"abbr":"KOK","municipalCouncilor":true,"muid":51,"alid":4,"firstname":"Maria","electionDayVotes":0,"pid":"4","finalPosition":0,"electedInformation":"ELECTED","totalVotesPercent":0.1,"nominatorName":{"fi":"Kansallinen Kokoomus","sv":"Samlingspartiet","en":"National Coalition Party"},"caid":57,"position":0,"gender":"2","comparisonData":{"totalVotes":55,"votesTotalChange":-52},"edid":4,"comparativeIndex":0.0,"electionDayVotesPercent":0.0,"nominatorAbbr":{"fi":"KOK","sv":"Saml","en":"NCP"}},{"age":36,"advanceVotesPercent":0.1,"lastname":"Vihreäluoto","occupation":"huonekaluverhoilija","advanceVotes":2,"npid":4,"totalVotes":3,"spid":2,"abbr":"KOK","municipalCouncilor":false,"muid":51,"alid":4,"firstname":"Heidi","electionDayVotes":1,"pid":"4","finalPosition":0,"electedInformation":"NOT_ELECTED","totalVotesPercent":0.1,"nominatorName":{"fi":"Kansallinen Kokoomus","sv":"Samlingspartiet","en":"National Coalition Party"},"caid":85,"position":0,"gender":"2","comparisonData":{"totalVotes":0,"votesTotalChange":3},"edid":4,"comparativeIndex":0.0,"electionDayVotesPercent":0.1,"nominatorAbbr":{"fi":"KOK","sv":"Saml","en":"NCP"}},{"age":42,"advanceVotesPercent":0.1,"lastname":"Korkeakoski","occupation":"asiantuntija, maatalousyrittäjä","advanceVotes":1,"npid":5,"totalVotes":3,"spid":1,"abbr":"KESK","municipalCouncilor":false,"muid":51,"alid":5,"firstname":"Petri","electionDayVotes":2,"pid":"2","finalPosition":0,"electedInformation":"NOT_ELECTED","totalVotesPercent":0.1,"nominatorName":{"fi":"Suomen Keskusta","sv":"Centern i Finland","en":"Centre Party of Finland"},"caid":99,"position":0,"gender":"1","comparisonData":{"totalVotes":21,"votesTotalChange":-18},"edid":4,"comparativeIndex":0.0,"electionDayVotesPercent":0.2,"nominatorAbbr":{"fi":"KESK","sv":"C","en":"CENT"}},{"age":63,"advanceVotesPercent":0.1,"lastname":"Perkola","occupation":"yrittäjä","advanceVotes":2,"npid":5,"totalVotes":3,"spid":1,"abbr":"KESK","municipalCouncilor":false,"muid":51,"alid":5,"firstname":"Hannu","electionDayVotes":1,"pid":"2","finalPosition":0,"electedInformation":"ELECTED","totalVotesPercent":0.1,"nominatorName":{"fi":"Suomen Keskusta","sv":"Centern i Finland","en":"Centre Party of Finland"},"caid":111,"position":0,"gender":"1","comparisonData":{"totalVotes":0,"votesTotalChange":3},"edid":4,"comparativeIndex":0.0,"electionDayVotesPercent":0.1,"nominatorAbbr":{"fi":"KESK","sv":"C","en":"CENT"}},{"age":56,"advanceVotesPercent":0.1,"lastname":"Rinne","occupation":"ruokapalvelu- ja toimitilatyöntekijä","advanceVotes":1,"npid":5,"totalVotes":3,"spid":1,"abbr":"KESK","municipalCouncilor":false,"muid":51,"alid":5,"firstname":"Leena","electionDayVotes":2,"pid":"2","finalPosition":0,"electedInformation":"NOT_ELECTED","totalVotesPercent":0.1,"nominatorName":{"fi":"Suomen Keskusta","sv":"Centern i Finland","en":"Centre Party of Finland"},"caid":115,"position":0,"gender":"2","comparisonData":{"totalVotes":23,"votesTotalChange":-20},"edid":4,"comparativeIndex":0.0,"electionDayVotesPercent":0.2,"nominatorAbbr":{"fi":"KESK","sv":"C","en":"CENT"}},{"age":67,"advanceVotesPercent":0.1,"lastname":"Koivunen","occupation":"yrittäjä, eläkeläinen","advanceVotes":2,"npid":2,"totalVotes":2,"spid":4,"abbr":"SDP","municipalCouncilor":true,"muid":51,"alid":2,"firstname":"Reijo","electionDayVotes":0,"pid":"1","finalPosition":0,"electedInformation":"ELECTED","totalVotesPercent":0.1,"nominatorName":{"fi":"Suomen Sosialidemokraattinen Puolue","sv":"Finlands Socialdemokratiska Parti","en":"The Finnish Social Democratic Party"},"caid":10,"position":0,"gender":"1","comparisonData":{"totalVotes":97,"votesTotalChange":-95},"edid":4,"comparativeIndex":0.0,"electionDayVotesPercent":0.0,"nominatorAbbr":{"fi":"SDP","sv":"SDP","en":"SDP"}},{"age":68,"advanceVotesPercent":0.1,"lastname":"Nummi","occupation":"eläkeläinen","advanceVotes":2,"npid":2,"totalVotes":2,"spid":4,"abbr":"SDP","municipalCouncilor":true,"muid":51,"alid":2,"firstname":"Olavi","electionDayVotes":0,"pid":"1","finalPosition":0,"electedInformation":"ELECTED","totalVotesPercent":0.1,"nominatorName":{"fi":"Suomen Sosialidemokraattinen Puolue","sv":"Finlands Socialdemokratiska Parti","en":"The Finnish Social Democratic Party"},"caid":17,"position":0,"gender":"1","comparisonData":{"totalVotes":47,"votesTotalChange":-45},"edid":4,"comparativeIndex":0.0,"electionDayVotesPercent":0.0,"nominatorAbbr":{"fi":"SDP","sv":"SDP","en":"SDP"}},{"age":62,"advanceVotesPercent":0.0,"lastname":"Sainio","occupation":"luokanopettaja","advanceVotes":0,"npid":2,"totalVotes":2,"spid":4,"abbr":"SDP","municipalCouncilor":false,"muid":51,"alid":2,"firstname":"Tuula-Marja","electionDayVotes":2,"pid":"1","finalPosition":0,"electedInformation":"ON_SUBSTITUTE_PLACE","totalVotesPercent":0.1,"nominatorName":{"fi":"Suomen Sosialidemokraattinen Puolue","sv":"Finlands Socialdemokratiska Parti","en":"The Finnish Social Democratic Party"},"caid":21,"position":0,"gender":"2","comparisonData":{"totalVotes":63,"votesTotalChange":-61},"edid":4,"comparativeIndex":0.0,"electionDayVotesPercent":0.2,"nominatorAbbr":{"fi":"SDP","sv":"SDP","en":"SDP"}},{"age":38,"advanceVotesPercent":0.1,"lastname":"Lampinen","occupation":"lähihoitaja, opiskelija","advanceVotes":2,"npid":3,"totalVotes":2,"spid":3,"abbr":"PS","municipalCouncilor":false,"muid":51,"alid":3,"firstname":"Riikka","electionDayVotes":0,"pid":"23","finalPosition":0,"electedInformation":"NOT_ELECTED","totalVotesPercent":0.1,"nominatorName":{"fi":"Perussuomalaiset","sv":"Sannfinländarna","en":"The Finns Party"},"caid":37,"position":0,"gender":"2","comparisonData":{"totalVotes":29,"votesTotalChange":-27},"edid":4,"comparativeIndex":0.0,"electionDayVotesPercent":0.0,"nominatorAbbr":{"fi":"PS","sv":"Sannf","en":"FINNS"}},{"age":50,"advanceVotesPercent":0.1,"lastname":"Mustonen","occupation":"lähihoitaja, ohjaaja","advanceVotes":2,"npid":3,"totalVotes":2,"spid":3,"abbr":"PS","municipalCouncilor":true,"muid":51,"alid":3,"firstname":"Elina","electionDayVotes":0,"pid":"23","finalPosition":0,"electedInformation":"ON_SUBSTITUTE_PLACE","totalVotesPercent":0.1,"nominatorName":{"fi":"Perussuomalaiset","sv":"Sannfinländarna","en":"The Finns Party"},"caid":38,"position":0,"gender":"2","comparisonData":{"totalVotes":47,"votesTotalChange":-45},"edid":4,"comparativeIndex":0.0,"electionDayVotesPercent":0.0,"nominatorAbbr":{"fi":"PS","sv":"Sannf","en":"FINNS"}},{"age":42,"advanceVotesPercent":0.1,"lastname":"Mäki","occupation":"mekaanikko, asentaja","advanceVotes":1,"npid":3,"totalVotes":2,"spid":3,"abbr":"PS","municipalCouncilor":false,"muid":51,"alid":3,"firstname":"Jani","electionDayVotes":1,"pid":"23","finalPosition":0,"electedInformation":"NOT_ELECTED","totalVotesPercent":0.1,"nominatorName":{"fi":"Perussuomalaiset","sv":"Sannfinländarna","en":"The Finns Party"},"caid":39,"position":0,"gender":"1","comparisonData":{"totalVotes":0,"votesTotalChange":2},"edid":4,"comparativeIndex":0.0,"electionDayVotesPercent":0.1,"nominatorAbbr":{"fi":"PS","sv":"Sannf","en":"FINNS"}},{"age":58,"advanceVotesPercent":0.1,"lastname":"Tommila","occupation":"muusikko","advanceVotes":2,"npid":3,"totalVotes":2,"spid":3,"abbr":"PS","municipalCouncilor":false,"muid":51,"alid":3,"firstname":"Markku","electionDayVotes":0,"pid":"23","finalPosition":0,"electedInformation":"NOT_ELECTED","totalVotesPercent":0.1,"nominatorName":{"fi":"Perussuomalaiset","sv":"Sannfinländarna","en":"The Finns Party"},"caid":48,"position":0,"gender":"1","comparisonData":{"totalVotes":0,"votesTotalChange":2},"edid":4,"comparativeIndex":0.0,"electionDayVotesPercent":0.0,"nominatorAbbr":{"fi":"PS","sv":"Sannf","en":"FINNS"}},{"age":43,"advanceVotesPercent":0.1,"lastname":"Ahola","occupation":"yrittäjä","advanceVotes":2,"npid":4,"totalVotes":2,"spid":2,"abbr":"KOK","municipalCouncilor":false,"muid":51,"alid":4,"firstname":"Samu","electionDayVotes":0,"pid":"4","finalPosition":0,"electedInformation":"NOT_ELECTED","totalVotesPercent":0.1,"nominatorName":{"fi":"Kansallinen Kokoomus","sv":"Samlingspartiet","en":"National Coalition Party"},"caid":53,"position":0,"gender":"1","comparisonData":{"totalVotes":0,"votesTotalChange":2},"edid":4,"comparativeIndex":0.0,"electionDayVotesPercent":0.0,"nominatorAbbr":{"fi":"KOK","sv":"Saml","en":"NCP"}},{"age":49,"advanceVotesPercent":0.1,"lastname":"Lehtisalo","occupation":"lennonopettaja","advanceVotes":1,"npid":4,"totalVotes":2,"spid":2,"abbr":"KOK","municipalCouncilor":false,"muid":51,"alid":4,"firstname":"Markku","electionDayVotes":1,"pid":"4","finalPosition":0,"electedInformation":"NOT_ELECTED","totalVotesPercent":0.1,"nominatorName":{"fi":"Kansallinen Kokoomus","sv":"Samlingspartiet","en":"National Coalition Party"},"caid":71,"position":0,"gender":"1","comparisonData":{"totalVotes":7,"votesTotalChange":-5},"edid":4,"comparativeIndex":0.0,"electionDayVotesPercent":0.1,"nominatorAbbr":{"fi":"KOK","sv":"Saml","en":"NCP"}},{"age":46,"advanceVotesPercent":0.1,"lastname":"Palin","occupation":"yrittäjä","advanceVotes":1,"npid":4,"totalVotes":2,"spid":2,"abbr":"KOK","municipalCouncilor":false,"muid":51,"alid":4,"firstname":"Sami","electionDayVotes":1,"pid":"4","finalPosition":0,"electedInformation":"NOT_ELECTED","totalVotesPercent":0.1,"nominatorName":{"fi":"Kansallinen Kokoomus","sv":"Samlingspartiet","en":"National Coalition Party"},"caid":78,"position":0,"gender":"1","comparisonData":{"totalVotes":0,"votesTotalChange":2},"edid":4,"comparativeIndex":0.0,"electionDayVotesPercent":0.1,"nominatorAbbr":{"fi":"KOK","sv":"Saml","en":"NCP"}},{"age":69,"advanceVotesPercent":0.1,"lastname":"Valovirta","occupation":"lääkäri, eläkkeellä","advanceVotes":1,"npid":4,"totalVotes":2,"spid":2,"abbr":"KOK","municipalCouncilor":true,"muid":51,"alid":4,"firstname":"Rauno","electionDayVotes":1,"pid":"4","finalPosition":0,"electedInformation":"ON_SUBSTITUTE_PLACE","totalVotesPercent":0.1,"nominatorName":{"fi":"Kansallinen Kokoomus","sv":"Samlingspartiet","en":"National Coalition Party"},"caid":84,"position":0,"gender":"1","comparisonData":{"totalVotes":66,"votesTotalChange":-64},"edid":4,"comparativeIndex":0.0,"electionDayVotesPercent":0.1,"nominatorAbbr":{"fi":"KOK","sv":"Saml","en":"NCP"}},{"age":59,"advanceVotesPercent":0.1,"lastname":"Hannukainen","occupation":"paikkatietoinsinööri","advanceVotes":2,"npid":5,"totalVotes":2,"spid":1,"abbr":"KESK","municipalCouncilor":true,"muid":51,"alid":5,"firstname":"Ritva","electionDayVotes":0,"pid":"2","finalPosition":0,"electedInformation":"ON_SUBSTITUTE_PLACE","totalVotesPercent":0.1,"nominatorName":{"fi":"Suomen Keskusta","sv":"Centern i Finland","en":"Centre Party of Finland"},"caid":91,"position":0,"gender":"2","comparisonData":{"totalVotes":55,"votesTotalChange":-53},"edid":4,"comparativeIndex":0.0,"electionDayVotesPercent":0.0,"nominatorAbbr":{"fi":"KESK","sv":"C","en":"CENT"}},{"age":24,"advanceVotesPercent":0.1,"lastname":"Helminen","occupation":"opiskelija, yrittäjä","advanceVotes":1,"npid":5,"totalVotes":2,"spid":1,"abbr":"KESK","municipalCouncilor":false,"muid":51,"alid":5,"firstname":"Markus","electionDayVotes":1,"pid":"2","finalPosition":0,"electedInformation":"NOT_ELECTED","totalVotesPercent":0.1,"nominatorName":{"fi":"Suomen Keskusta","sv":"Centern i Finland","en":"Centre Party of Finland"},"caid":93,"position":0,"gender":"1","comparisonData":{"totalVotes":0,"votesTotalChange":2},"edid":4,"comparativeIndex":0.0,"electionDayVotesPercent":0.1,"nominatorAbbr":{"fi":"KESK","sv":"C","en":"CENT"}},{"age":54,"advanceVotesPercent":0.1,"lastname":"Marttila","occupation":"yrittäjä","advanceVotes":1,"npid":5,"totalVotes":2,"spid":1,"abbr":"KESK","municipalCouncilor":false,"muid":51,"alid":5,"firstname":"Mikko","electionDayVotes":1,"pid":"2","finalPosition":0,"electedInformation":"ELECTED","totalVotesPercent":0.1,"nominatorName":{"fi":"Suomen Keskusta","sv":"Centern i Finland","en":"Centre Party of Finland"},"caid":104,"position":0,"gender":"1","comparisonData":{"totalVotes":99,"votesTotalChange":-97},"edid":4,"comparativeIndex":0.0,"electionDayVotesPercent":0.1,"nominatorAbbr":{"fi":"KESK","sv":"C","en":"CENT"}},{"age":60,"advanceVotesPercent":0.1,"lastname":"Salo","occupation":"yrittäjä, opettaja","advanceVotes":2,"npid":6,"totalVotes":2,"spid":6,"abbr":"VAS","municipalCouncilor":false,"muid":51,"alid":6,"firstname":"Pertti","electionDayVotes":0,"pid":"15","finalPosition":0,"electedInformation":"NOT_ELECTED","totalVotesPercent":0.1,"nominatorName":{"fi":"Vasemmistoliitto","sv":"Vänsterförbundet","en":"The Left Alliance"},"caid":131,"position":0,"gender":"1","comparisonData":{"totalVotes":3,"votesTotalChange":-1},"edid":4,"comparativeIndex":0.0,"electionDayVotesPercent":0.0,"nominatorAbbr":{"fi":"VAS","sv":"VF","en":"LEFT"}},{"age":55,"advanceVotesPercent":0.1,"lastname":"Alanko-Rehelmä","occupation":"lähihoitaja","advanceVotes":1,"npid":2,"totalVotes":1,"spid":4,"abbr":"SDP","municipalCouncilor":false,"muid":51,"alid":2,"firstname":"Päivi","electionDayVotes":0,"pid":"1","finalPosition":0,"electedInformation":"NOT_ELECTED","totalVotesPercent":0.0,"nominatorName":{"fi":"Suomen Sosialidemokraattinen Puolue","sv":"Finlands Socialdemokratiska Parti","en":"The Finnish Social Democratic Party"},"caid":3,"position":0,"gender":"2","comparisonData":{"totalVotes":0,"votesTotalChange":1},"edid":4,"comparativeIndex":0.0,"electionDayVotesPercent":0.0,"nominatorAbbr":{"fi":"SDP","sv":"SDP","en":"SDP"}},{"age":53,"advanceVotesPercent":0.1,"lastname":"Sengström","occupation":"autonasentaja, yrittäjä","advanceVotes":1,"npid":2,"totalVotes":1,"spid":4,"abbr":"SDP","municipalCouncilor":true,"muid":51,"alid":2,"firstname":"Harri","electionDayVotes":0,"pid":"1","finalPosition":0,"electedInformation":"ON_SUBSTITUTE_PLACE","totalVotesPercent":0.0,"nominatorName":{"fi":"Suomen Sosialidemokraattinen Puolue","sv":"Finlands Socialdemokratiska Parti","en":"The Finnish Social Democratic Party"},"caid":23,"position":0,"gender":"1","comparisonData":{"totalVotes":42,"votesTotalChange":-41},"edid":4,"comparativeIndex":0.0,"electionDayVotesPercent":0.0,"nominatorAbbr":{"fi":"SDP","sv":"SDP","en":"SDP"}},{"age":43,"advanceVotesPercent":0.0,"lastname":"Hakkiluoto-Kartio","occupation":"sosiaalikasvattaja, lapsityöntekijä","advanceVotes":0,"npid":4,"totalVotes":1,"spid":2,"abbr":"KOK","municipalCouncilor":false,"muid":51,"alid":4,"firstname":"Saara","electionDayVotes":1,"pid":"4","finalPosition":0,"electedInformation":"NOT_ELECTED","totalVotesPercent":0.0,"nominatorName":{"fi":"Kansallinen Kokoomus","sv":"Samlingspartiet","en":"National Coalition Party"},"caid":54,"position":0,"gender":"2","comparisonData":{"totalVotes":37,"votesTotalChange":-36},"edid":4,"comparativeIndex":0.0,"electionDayVotesPercent":0.1,"nominatorAbbr":{"fi":"KOK","sv":"Saml","en":"NCP"}},{"age":28,"advanceVotesPercent":0.1,"lastname":"Joensuu","occupation":"kosteusmittaaja, kuivausasentaja","advanceVotes":1,"npid":4,"totalVotes":1,"spid":2,"abbr":"KOK","municipalCouncilor":false,"muid":51,"alid":4,"firstname":"Henri","electionDayVotes":0,"pid":"4","finalPosition":0,"electedInformation":"ON_SUBSTITUTE_PLACE","totalVotesPercent":0.0,"nominatorName":{"fi":"Kansallinen Kokoomus","sv":"Samlingspartiet","en":"National Coalition Party"},"caid":63,"position":0,"gender":"1","comparisonData":{"totalVotes":0,"votesTotalChange":1},"edid":4,"comparativeIndex":0.0,"electionDayVotesPercent":0.0,"nominatorAbbr":{"fi":"KOK","sv":"Saml","en":"NCP"}},{"age":62,"advanceVotesPercent":0.1,"lastname":"Korpela","occupation":"asiakkuuspäällikkö","advanceVotes":1,"npid":4,"totalVotes":1,"spid":2,"abbr":"KOK","municipalCouncilor":false,"muid":51,"alid":4,"firstname":"Kaisu","electionDayVotes":0,"pid":"4","finalPosition":0,"electedInformation":"ON_SUBSTITUTE_PLACE","totalVotesPercent":0.0,"nominatorName":{"fi":"Kansallinen Kokoomus","sv":"Samlingspartiet","en":"National Coalition Party"},"caid":65,"position":0,"gender":"2","comparisonData":{"totalVotes":24,"votesTotalChange":-23},"edid":4,"comparativeIndex":0.0,"electionDayVotesPercent":0.0,"nominatorAbbr":{"fi":"KOK","sv":"Saml","en":"NCP"}},{"age":36,"advanceVotesPercent":0.0,"lastname":"Koskenkorva","occupation":"lähihoitaja","advanceVotes":0,"npid":4,"totalVotes":1,"spid":2,"abbr":"KOK","municipalCouncilor":false,"muid":51,"alid":4,"firstname":"Laura-Liisa","electionDayVotes":1,"pid":"4","finalPosition":0,"electedInformation":"NOT_ELECTED","totalVotesPercent":0.0,"nominatorName":{"fi":"Kansallinen Kokoomus","sv":"Samlingspartiet","en":"National Coalition Party"},"caid":66,"position":0,"gender":"2","comparisonData":{"totalVotes":0,"votesTotalChange":1},"edid":4,"comparativeIndex":0.0,"electionDayVotesPercent":0.1,"nominatorAbbr":{"fi":"KOK","sv":"Saml","en":"NCP"}},{"age":58,"advanceVotesPercent":0.1,"lastname":"Viitanen","occupation":"toimitusjohtaja","advanceVotes":1,"npid":4,"totalVotes":1,"spid":2,"abbr":"KOK","municipalCouncilor":false,"muid":51,"alid":4,"firstname":"Pasi","electionDayVotes":0,"pid":"4","finalPosition":0,"electedInformation":"ON_SUBSTITUTE_PLACE","totalVotesPercent":0.0,"nominatorName":{"fi":"Kansallinen Kokoomus","sv":"Samlingspartiet","en":"National Coalition Party"},"caid":86,"position":0,"gender":"1","comparisonData":{"totalVotes":0,"votesTotalChange":1},"edid":4,"comparativeIndex":0.0,"electionDayVotesPercent":0.0,"nominatorAbbr":{"fi":"KOK","sv":"Saml","en":"NCP"}},{"age":46,"advanceVotesPercent":0.1,"lastname":"Ankelo","occupation":"insinööri, comissioning engineer","advanceVotes":1,"npid":5,"totalVotes":1,"spid":1,"abbr":"KESK","municipalCouncilor":false,"muid":51,"alid":5,"firstname":"Kimmo","electionDayVotes":0,"pid":"2","finalPosition":0,"electedInformation":"ON_SUBSTITUTE_PLACE","totalVotesPercent":0.0,"nominatorName":{"fi":"Suomen Keskusta","sv":"Centern i Finland","en":"Centre Party of Finland"},"caid":87,"position":0,"gender":"1","comparisonData":{"totalVotes":21,"votesTotalChange":-20},"edid":4,"comparativeIndex":0.0,"electionDayVotesPercent":0.0,"nominatorAbbr":{"fi":"KESK","sv":"C","en":"CENT"}},{"age":26,"advanceVotesPercent":0.1,"lastname":"Nordling","occupation":"yo ravintolakokki, kotiäiti","advanceVotes":1,"npid":5,"totalVotes":1,"spid":1,"abbr":"KESK","municipalCouncilor":false,"muid":51,"alid":5,"firstname":"Niina","electionDayVotes":0,"pid":"2","finalPosition":0,"electedInformation":"ON_SUBSTITUTE_PLACE","totalVotesPercent":0.0,"nominatorName":{"fi":"Suomen Keskusta","sv":"Centern i Finland","en":"Centre Party of Finland"},"caid":109,"position":0,"gender":"2","comparisonData":{"totalVotes":17,"votesTotalChange":-16},"edid":4,"comparativeIndex":0.0,"electionDayVotesPercent":0.0,"nominatorAbbr":{"fi":"KESK","sv":"C","en":"CENT"}},{"age":21,"advanceVotesPercent":0.1,"lastname":"Piittala","occupation":"opiskelija","advanceVotes":1,"npid":7,"totalVotes":1,"spid":8,"abbr":"KD","municipalCouncilor":false,"muid":51,"alid":7,"firstname":"Johannes","electionDayVotes":0,"pid":"9","finalPosition":0,"electedInformation":"NOT_ELECTED","totalVotesPercent":0.0,"nominatorName":{"fi":"Suomen Kristillisdemokraatit (KD)","sv":"Kristdemokraterna i Finland (KD)","en":"Christian Democrats in Finland"},"caid":138,"position":0,"gender":"1","comparisonData":{"totalVotes":0,"votesTotalChange":1},"edid":4,"comparativeIndex":0.0,"electionDayVotesPercent":0.0,"nominatorAbbr":{"fi":"KD","sv":"KD","en":"CD"}},{"age":64,"advanceVotesPercent":0.0,"lastname":"Talasma","occupation":"autosähköasentaja","advanceVotes":0,"npid":2,"totalVotes":0,"spid":4,"abbr":"SDP","municipalCouncilor":false,"muid":51,"alid":2,"firstname":"Esa","electionDayVotes":0,"pid":"1","finalPosition":0,"electedInformation":"ELECTED","totalVotesPercent":0.0,"nominatorName":{"fi":"Suomen Sosialidemokraattinen Puolue","sv":"Finlands Socialdemokratiska Parti","en":"The Finnish Social Democratic Party"},"caid":28,"position":0,"gender":"1","comparisonData":{"totalVotes":39,"votesTotalChange":-39},"edid":4,"comparativeIndex":0.0,"electionDayVotesPercent":0.0,"nominatorAbbr":{"fi":"SDP","sv":"SDP","en":"SDP"}},{"age":74,"advanceVotesPercent":0.0,"lastname":"Nordström","occupation":"merimies, eläkeläinen","advanceVotes":0,"npid":3,"totalVotes":0,"spid":3,"abbr":"PS","municipalCouncilor":false,"muid":51,"alid":3,"firstname":"Harry","electionDayVotes":0,"pid":"23","finalPosition":0,"electedInformation":"NOT_ELECTED","totalVotesPercent":0.0,"nominatorName":{"fi":"Perussuomalaiset","sv":"Sannfinländarna","en":"The Finns Party"},"caid":41,"position":0,"gender":"1","comparisonData":{"totalVotes":19,"votesTotalChange":-19},"edid":4,"comparativeIndex":0.0,"electionDayVotesPercent":0.0,"nominatorAbbr":{"fi":"PS","sv":"Sannf","en":"FINNS"}},{"age":60,"advanceVotesPercent":0.0,"lastname":"Peltola","occupation":"koneteknikko","advanceVotes":0,"npid":3,"totalVotes":0,"spid":3,"abbr":"PS","municipalCouncilor":true,"muid":51,"alid":3,"firstname":"Harri","electionDayVotes":0,"pid":"23","finalPosition":0,"electedInformation":"ELECTED","totalVotesPercent":0.0,"nominatorName":{"fi":"Perussuomalaiset","sv":"Sannfinländarna","en":"The Finns Party"},"caid":43,"position":0,"gender":"1","comparisonData":{"totalVotes":57,"votesTotalChange":-57},"edid":4,"comparativeIndex":0.0,"electionDayVotesPercent":0.0,"nominatorAbbr":{"fi":"PS","sv":"Sannf","en":"FINNS"}},{"age":18,"advanceVotesPercent":0.0,"lastname":"Hannukainen","occupation":"opiskelija","advanceVotes":0,"npid":4,"totalVotes":0,"spid":2,"abbr":"KOK","municipalCouncilor":false,"muid":51,"alid":4,"firstname":"Johanna","electionDayVotes":0,"pid":"4","finalPosition":0,"electedInformation":"NOT_ELECTED","totalVotesPercent":0.0,"nominatorName":{"fi":"Kansallinen Kokoomus","sv":"Samlingspartiet","en":"National Coalition Party"},"caid":55,"position":0,"gender":"2","comparisonData":{"totalVotes":0,"votesTotalChange":0},"edid":4,"comparativeIndex":0.0,"electionDayVotesPercent":0.0,"nominatorAbbr":{"fi":"KOK","sv":"Saml","en":"NCP"}},{"age":65,"advanceVotesPercent":0.0,"lastname":"Heino","occupation":"eläkeläinen","advanceVotes":0,"npid":4,"totalVotes":0,"spid":2,"abbr":"KOK","municipalCouncilor":false,"muid":51,"alid":4,"firstname":"Hannu","electionDayVotes":0,"pid":"4","finalPosition":0,"electedInformation":"NOT_ELECTED","totalVotesPercent":0.0,"nominatorName":{"fi":"Kansallinen Kokoomus","sv":"Samlingspartiet","en":"National Coalition Party"},"caid":56,"position":0,"gender":"1","comparisonData":{"totalVotes":6,"votesTotalChange":-6},"edid":4,"comparativeIndex":0.0,"electionDayVotesPercent":0.0,"nominatorAbbr":{"fi":"KOK","sv":"Saml","en":"NCP"}},{"age":40,"advanceVotesPercent":0.0,"lastname":"Lahtinen","occupation":"yrittäjä","advanceVotes":0,"npid":4,"totalVotes":0,"spid":2,"abbr":"KOK","municipalCouncilor":false,"muid":51,"alid":4,"firstname":"Pauli","electionDayVotes":0,"pid":"4","finalPosition":0,"electedInformation":"NOT_ELECTED","totalVotesPercent":0.0,"nominatorName":{"fi":"Kansallinen Kokoomus","sv":"Samlingspartiet","en":"National Coalition Party"},"caid":70,"position":0,"gender":"1","comparisonData":{"totalVotes":0,"votesTotalChange":0},"edid":4,"comparativeIndex":0.0,"electionDayVotesPercent":0.0,"nominatorAbbr":{"fi":"KOK","sv":"Saml","en":"NCP"}},{"age":42,"advanceVotesPercent":0.0,"lastname":"Oras","occupation":"autonkuljettaja","advanceVotes":0,"npid":4,"totalVotes":0,"spid":2,"abbr":"KOK","municipalCouncilor":false,"muid":51,"alid":4,"firstname":"Petri","electionDayVotes":0,"pid":"4","finalPosition":0,"electedInformation":"NOT_ELECTED","totalVotesPercent":0.0,"nominatorName":{"fi":"Kansallinen Kokoomus","sv":"Samlingspartiet","en":"National Coalition Party"},"caid":77,"position":0,"gender":"1","comparisonData":{"totalVotes":6,"votesTotalChange":-6},"edid":4,"comparativeIndex":0.0,"electionDayVotesPercent":0.0,"nominatorAbbr":{"fi":"KOK","sv":"Saml","en":"NCP"}},{"age":54,"advanceVotesPercent":0.0,"lastname":"Suonpää","occupation":"sijoitusneuvoja","advanceVotes":0,"npid":4,"totalVotes":0,"spid":2,"abbr":"KOK","municipalCouncilor":false,"muid":51,"alid":4,"firstname":"Ari","electionDayVotes":0,"pid":"4","finalPosition":0,"electedInformation":"NOT_ELECTED","totalVotesPercent":0.0,"nominatorName":{"fi":"Kansallinen Kokoomus","sv":"Samlingspartiet","en":"National Coalition Party"},"caid":81,"position":0,"gender":"1","comparisonData":{"totalVotes":8,"votesTotalChange":-8},"edid":4,"comparativeIndex":0.0,"electionDayVotesPercent":0.0,"nominatorAbbr":{"fi":"KOK","sv":"Saml","en":"NCP"}},{"age":54,"advanceVotesPercent":0.0,"lastname":"Helminen","occupation":"terveydenhoitaja AMK, perhehoitaja","advanceVotes":0,"npid":5,"totalVotes":0,"spid":1,"abbr":"KESK","municipalCouncilor":false,"muid":51,"alid":5,"firstname":"Tarja","electionDayVotes":0,"pid":"2","finalPosition":0,"electedInformation":"ON_SUBSTITUTE_PLACE","totalVotesPercent":0.0,"nominatorName":{"fi":"Suomen Keskusta","sv":"Centern i Finland","en":"Centre Party of Finland"},"caid":94,"position":0,"gender":"2","comparisonData":{"totalVotes":27,"votesTotalChange":-27},"edid":4,"comparativeIndex":0.0,"electionDayVotesPercent":0.0,"nominatorAbbr":{"fi":"KESK","sv":"C","en":"CENT"}},{"age":63,"advanceVotesPercent":0.0,"lastname":"Männistö","occupation":"eläkeläinen","advanceVotes":0,"npid":5,"totalVotes":0,"spid":1,"abbr":"KESK","municipalCouncilor":true,"muid":51,"alid":5,"firstname":"Harri","electionDayVotes":0,"pid":"2","finalPosition":0,"electedInformation":"NOT_ELECTED","totalVotesPercent":0.0,"nominatorName":{"fi":"Suomen Keskusta","sv":"Centern i Finland","en":"Centre Party of Finland"},"caid":107,"position":0,"gender":"1","comparisonData":{"totalVotes":31,"votesTotalChange":-31},"edid":4,"comparativeIndex":0.0,"electionDayVotesPercent":0.0,"nominatorAbbr":{"fi":"KESK","sv":"C","en":"CENT"}},{"age":55,"advanceVotesPercent":0.0,"lastname":"Päivömaa","occupation":"ympäristönhoitaja","advanceVotes":0,"npid":5,"totalVotes":0,"spid":1,"abbr":"KESK","municipalCouncilor":true,"muid":51,"alid":5,"firstname":"Erkki","electionDayVotes":0,"pid":"2","finalPosition":0,"electedInformation":"ELECTED","totalVotesPercent":0.0,"nominatorName":{"fi":"Suomen Keskusta","sv":"Centern i Finland","en":"Centre Party of Finland"},"caid":113,"position":0,"gender":"1","comparisonData":{"totalVotes":63,"votesTotalChange":-63},"edid":4,"comparativeIndex":0.0,"electionDayVotesPercent":0.0,"nominatorAbbr":{"fi":"KESK","sv":"C","en":"CENT"}},{"age":18,"advanceVotesPercent":0.0,"lastname":"Mäkinen","occupation":"opiskelija","advanceVotes":0,"npid":6,"totalVotes":0,"spid":6,"abbr":"VAS","municipalCouncilor":false,"muid":51,"alid":6,"firstname":"Jessica","electionDayVotes":0,"pid":"15","finalPosition":0,"electedInformation":"NOT_ELECTED","totalVotesPercent":0.0,"nominatorName":{"fi":"Vasemmistoliitto","sv":"Vänsterförbundet","en":"The Left Alliance"},"caid":129,"position":0,"gender":"2","comparisonData":{"totalVotes":0,"votesTotalChange":0},"edid":4,"comparativeIndex":0.0,"electionDayVotesPercent":0.0,"nominatorAbbr":{"fi":"VAS","sv":"VF","en":"LEFT"}}],"municipalityPollingDistricts":[{"name":{"fi":"Luvia","sv":"Luvia"},"calculationStatusPercent":100.0,"joinedArea":false,"muid":51,"totalVotingInFinlandTurnout":69.4,"identification":"001","pdid":"001","eligibleVotersInFinlandTotal":2547,"edid":4,"mergedToPdid":""},{"name":{"fi":"Kirkonkylä","sv":"Kirkonkylä"},"calculationStatusPercent":100.0,"joinedArea":false,"muid":51,"totalVotingInFinlandTurnout":66.2,"identification":"002","pdid":"002","eligibleVotersInFinlandTotal":3667,"edid":4,"mergedToPdid":""},{"name":{"fi":"Lapijoki","sv":"Lapijoki"},"calculationStatusPercent":100.0,"joinedArea":false,"muid":51,"totalVotingInFinlandTurnout":66.9,"identification":"003","pdid":"003","eligibleVotersInFinlandTotal":1186,"edid":4,"mergedToPdid":""}],"municipality":{"muid":51,"edid":4,"name":{"fi":"Eurajoki","sv":"Euraåminne"}}}