{"version":82,"created":"2017-04-09T23:37:26.689Z","electionDetails":{"electionId":"kv2017","electionDate":"2017-04-09T00:00:00.000Z","electionDataPublishTime":"2017-04-09T17:00:00.000Z","name":{"fi":"Kuntavaalit 2017","sv":"Kommunalval 2017","en":"Elections 2017"},"previousElections":{"correspondingCompareElection":{"electionId":"kv2012","electionDate":"2012-10-28T00:00:00.000Z","name":{"fi":"Kuntavaalit 2012","en":"Municipal elections 2012","sv":"Kommunalval 2012"}},"otherCompareElection":{"electionId":"ev2015","electionDate":"2015-04-19T00:00:00.000Z","name":{"fi":"Eduskuntavaalit 2015","en":"Parliamentary election 2015","sv":"Riksdagsval 2015"}}}},"calculationStatus":{"electionDayVotingTurnout":20.3,"invalidAdvanceVotes":6,"calculationPhase":"INITIAL","invalidElectionDayVotes":1,"approvedAdvanceVotes":876,"advanceVotingTurnout":39.7,"totalVotingTurnoutAbroad":0.0,"name":{"fi":"Keskikaupunki","sv":"Keskikaupunki"},"calculationStatusPercent":100.0,"advanceVotes":882,"electionDayVotingTurnoutAbroad":0.0,"approvedTotalVotes":1325,"totalVotes":1332,"muid":75,"totalVotingInFinlandTurnout":60.0,"advanceVotingTurnoutAbroad":0.0,"invalidTotalVotes":7,"totalVotingTurnout":60.0,"electionDayVotes":450,"electionDayVotesInFinland":450,"pdid":"004","totalVotesInFinlandMen":0,"eligibleVotersInFinlandTotal":2220,"calculationStatusPercentElectionDayVotes":100.0,"sourceRecordModificationTime":"20170409214322","otherCompareElection":{"eid":"","eligibleVotersInFinlandTotal":0,"advanceVotingInFinlandTurnout":0.0,"electionDayVotingInFinlandTurnout":0.0,"totalVotingInFinlandTurnout":0.0,"approvedVotesTotal":0,"invalidVotesTotal":0},"correspondingCompareElection":{"eid":"","eligibleVotersInFinlandTotal":0,"advanceVotingInFinlandTurnout":0.0,"electionDayVotingInFinlandTurnout":0.0,"totalVotingInFinlandTurnout":0.0,"approvedVotesTotal":0,"invalidVotesTotal":0,"seats":0},"approvedElectionDayVotes":449,"edid":8,"calculationStatusPercentAdvanceVotes":100.0,"electionDayVotingInFinlandTurnout":20.3,"seats":0,"eligibleVotersTotal":2220,"advanceVotesInFinland":882,"advanceVotingInFinlandTurnout":39.7,"totalVotesInFinland":1332},"partyResults":[{"advanceVotesPercent":35.4,"name":{"fi":"Kansallinen Kokoomus","sv":"Samlingspartiet","en":"National Coalition Party"},"advanceVotes":310,"npid":4,"totalVotes":470,"spid":2,"abbr":{"fi":"KOK","sv":"Saml","en":"NCP"},"alid":4,"electionDayVotes":160,"pid":"4","totalVotesPercent":35.5,"nominatorName":{"fi":"Kansallinen Kokoomus","sv":"Samlingspartiet","en":"National Coalition Party"},"compareData":{"otherCompareElection":{"votesTotalChange":0,"votesTotalPercentChange":0.0,"votesTotal":470,"votesTotalPercent":35.5},"correspondingCompareElection":{"votesTotalChange":0,"votesTotalPercentChange":0.0,"seatChange":0,"votesTotal":470,"votesTotalPercent":35.5,"seatsTotal":0}},"seats":0,"electionDayVotesPercent":35.6,"nominatorAbbr":{"fi":"KOK","sv":"Saml","en":"NCP"}},{"advanceVotesPercent":28.8,"name":{"fi":"Suomen Sosialidemokraattinen Puolue","sv":"Finlands Socialdemokratiska Parti","en":"The Finnish Social Democratic Party"},"advanceVotes":252,"npid":5,"totalVotes":361,"spid":4,"abbr":{"fi":"SDP","sv":"SDP","en":"SDP"},"alid":5,"electionDayVotes":109,"pid":"1","totalVotesPercent":27.2,"nominatorName":{"fi":"Suomen Sosialidemokraattinen Puolue","sv":"Finlands Socialdemokratiska Parti","en":"The Finnish Social Democratic Party"},"compareData":{"otherCompareElection":{"votesTotalChange":0,"votesTotalPercentChange":0.0,"votesTotal":361,"votesTotalPercent":27.2},"correspondingCompareElection":{"votesTotalChange":0,"votesTotalPercentChange":0.0,"seatChange":0,"votesTotal":361,"votesTotalPercent":27.2,"seatsTotal":0}},"seats":0,"electionDayVotesPercent":24.3,"nominatorAbbr":{"fi":"SDP","sv":"SDP","en":"SDP"}},{"advanceVotesPercent":9.9,"name":{"fi":"Vihreä liitto","sv":"Gröna förbundet","en":"Green League"},"advanceVotes":87,"npid":1,"totalVotes":154,"spid":5,"abbr":{"fi":"VIHR","sv":"Gröna","en":"GREEN"},"alid":1,"electionDayVotes":67,"pid":"13","totalVotesPercent":11.6,"nominatorName":{"fi":"Vihreä liitto","sv":"Gröna förbundet","en":"Green League"},"compareData":{"otherCompareElection":{"votesTotalChange":0,"votesTotalPercentChange":0.0,"votesTotal":154,"votesTotalPercent":11.6},"correspondingCompareElection":{"votesTotalChange":0,"votesTotalPercentChange":0.0,"seatChange":0,"votesTotal":154,"votesTotalPercent":11.6,"seatsTotal":0}},"seats":0,"electionDayVotesPercent":14.9,"nominatorAbbr":{"fi":"VIHR","sv":"Gröna","en":"GREEN"}},{"advanceVotesPercent":12.0,"name":{"fi":"Suomen Keskusta","sv":"Centern i Finland","en":"Centre Party of Finland"},"advanceVotes":105,"npid":2,"totalVotes":137,"spid":1,"abbr":{"fi":"KESK","sv":"C","en":"CENT"},"alid":2,"electionDayVotes":32,"pid":"2","totalVotesPercent":10.3,"nominatorName":{"fi":"Suomen Keskusta","sv":"Centern i Finland","en":"Centre Party of Finland"},"compareData":{"otherCompareElection":{"votesTotalChange":0,"votesTotalPercentChange":0.0,"votesTotal":137,"votesTotalPercent":10.3},"correspondingCompareElection":{"votesTotalChange":0,"votesTotalPercentChange":0.0,"seatChange":0,"votesTotal":137,"votesTotalPercent":10.3,"seatsTotal":0}},"seats":0,"electionDayVotesPercent":7.1,"nominatorAbbr":{"fi":"KESK","sv":"C","en":"CENT"}},{"advanceVotesPercent":8.0,"name":{"fi":"Perussuomalaiset","sv":"Sannfinländarna","en":"The Finns Party"},"advanceVotes":70,"npid":7,"totalVotes":123,"spid":3,"abbr":{"fi":"PS","sv":"Sannf","en":"FINNS"},"alid":7,"electionDayVotes":53,"pid":"23","totalVotesPercent":9.3,"nominatorName":{"fi":"Perussuomalaiset","sv":"Sannfinländarna","en":"The Finns Party"},"compareData":{"otherCompareElection":{"votesTotalChange":0,"votesTotalPercentChange":0.0,"votesTotal":123,"votesTotalPercent":9.3},"correspondingCompareElection":{"votesTotalChange":0,"votesTotalPercentChange":0.0,"seatChange":0,"votesTotal":123,"votesTotalPercent":9.3,"seatsTotal":0}},"seats":0,"electionDayVotesPercent":11.8,"nominatorAbbr":{"fi":"PS","sv":"Sannf","en":"FINNS"}},{"advanceVotesPercent":5.7,"name":{"fi":"Suomen Kristillisdemokraatit (KD)","sv":"Kristdemokraterna i Finland (KD)","en":"Christian Democrats in Finland"},"advanceVotes":50,"npid":3,"totalVotes":76,"spid":8,"abbr":{"fi":"KD","sv":"KD","en":"CD"},"alid":3,"electionDayVotes":26,"pid":"9","totalVotesPercent":5.7,"nominatorName":{"fi":"Suomen Kristillisdemokraatit (KD)","sv":"Kristdemokraterna i Finland (KD)","en":"Christian Democrats in Finland"},"compareData":{"otherCompareElection":{"votesTotalChange":0,"votesTotalPercentChange":0.0,"votesTotal":76,"votesTotalPercent":5.7},"correspondingCompareElection":{"votesTotalChange":0,"votesTotalPercentChange":0.0,"seatChange":0,"votesTotal":76,"votesTotalPercent":5.7,"seatsTotal":0}},"seats":0,"electionDayVotesPercent":5.8,"nominatorAbbr":{"fi":"KD","sv":"KD","en":"CD"}},{"advanceVotesPercent":0.2,"name":{"fi":"Kommunistinen Työväenpuolue - Rauhan ja Sosialismin puolesta","sv":"Kommunistiska Arbetarpartiet - För Fred och Socialism","en":"Communist Workers Party (Finland) - For Peace and Socialism"},"advanceVotes":2,"npid":6,"totalVotes":4,"spid":10,"abbr":{"fi":"KTP","sv":"KAP","en":"CWP"},"alid":6,"electionDayVotes":2,"pid":"14","totalVotesPercent":0.3,"nominatorName":{"fi":"Kommunistinen Työväenpuolue - Rauhan ja Sosialismin puolesta","sv":"Kommunistiska Arbetarpartiet - För Fred och Socialism","en":"Communist Workers Party (Finland) - For Peace and Socialism"},"compareData":{"otherCompareElection":{"votesTotalChange":0,"votesTotalPercentChange":0.0,"votesTotal":4,"votesTotalPercent":0.3},"correspondingCompareElection":{"votesTotalChange":0,"votesTotalPercentChange":0.0,"seatChange":0,"votesTotal":4,"votesTotalPercent":0.3,"seatsTotal":0}},"seats":0,"electionDayVotesPercent":0.4,"nominatorAbbr":{"fi":"KTP","sv":"KAP","en":"CWP"}}],"candidateResults":[{"age":42,"advanceVotesPercent":5.6,"lastname":"Inkeroinen","occupation":"FM, eduskunta-avustaja","advanceVotes":49,"npid":4,"totalVotes":71,"spid":2,"abbr":"KOK","municipalCouncilor":true,"muid":75,"alid":4,"firstname":"Elina","electionDayVotes":22,"pid":"4","finalPosition":0,"electedInformation":"ELECTED","totalVotesPercent":5.4,"nominatorName":{"fi":"Kansallinen Kokoomus","sv":"Samlingspartiet","en":"National Coalition Party"},"caid":58,"position":0,"gender":"2","comparisonData":{"totalVotes":143,"votesTotalChange":-72},"edid":8,"comparativeIndex":0.0,"electionDayVotesPercent":4.9,"nominatorAbbr":{"fi":"KOK","sv":"Saml","en":"NCP"}},{"age":44,"advanceVotesPercent":5.4,"lastname":"Erkkilä","occupation":"opettaja, FM","advanceVotes":47,"npid":5,"totalVotes":71,"spid":4,"abbr":"SDP","municipalCouncilor":true,"muid":75,"alid":5,"firstname":"Titta","electionDayVotes":24,"pid":"1","finalPosition":0,"electedInformation":"ELECTED","totalVotesPercent":5.4,"nominatorName":{"fi":"Suomen Sosialidemokraattinen Puolue","sv":"Finlands Socialdemokratiska Parti","en":"The Finnish Social Democratic Party"},"caid":84,"position":0,"gender":"2","comparisonData":{"totalVotes":370,"votesTotalChange":-299},"edid":8,"comparativeIndex":0.0,"electionDayVotesPercent":5.3,"nominatorAbbr":{"fi":"SDP","sv":"SDP","en":"SDP"}},{"age":36,"advanceVotesPercent":4.3,"lastname":"Andrejev","occupation":"ammatillinen erityisopettaja, MBA","advanceVotes":38,"npid":1,"totalVotes":65,"spid":5,"abbr":"VIHR","municipalCouncilor":true,"muid":75,"alid":1,"firstname":"Katja","electionDayVotes":27,"pid":"13","finalPosition":0,"electedInformation":"ELECTED","totalVotesPercent":4.9,"nominatorName":{"fi":"Vihreä liitto","sv":"Gröna förbundet","en":"Green League"},"caid":5,"position":0,"gender":"2","comparisonData":{"totalVotes":297,"votesTotalChange":-232},"edid":8,"comparativeIndex":0.0,"electionDayVotesPercent":6.0,"nominatorAbbr":{"fi":"VIHR","sv":"Gröna","en":"GREEN"}},{"age":70,"advanceVotesPercent":5.7,"lastname":"Rautamaa","occupation":"sairaanhoitaja, eläkeläinen","advanceVotes":50,"npid":4,"totalVotes":58,"spid":2,"abbr":"KOK","municipalCouncilor":true,"muid":75,"alid":4,"firstname":"Eeva","electionDayVotes":8,"pid":"4","finalPosition":0,"electedInformation":"ELECTED","totalVotesPercent":4.4,"nominatorName":{"fi":"Kansallinen Kokoomus","sv":"Samlingspartiet","en":"National Coalition Party"},"caid":70,"position":0,"gender":"2","comparisonData":{"totalVotes":187,"votesTotalChange":-129},"edid":8,"comparativeIndex":0.0,"electionDayVotesPercent":1.8,"nominatorAbbr":{"fi":"KOK","sv":"Saml","en":"NCP"}},{"age":44,"advanceVotesPercent":3.7,"lastname":"Tuomisalo","occupation":"majuri, maavoimien pääkoelentäjä","advanceVotes":32,"npid":4,"totalVotes":54,"spid":2,"abbr":"KOK","municipalCouncilor":false,"muid":75,"alid":4,"firstname":"Tomi","electionDayVotes":22,"pid":"4","finalPosition":0,"electedInformation":"ELECTED","totalVotesPercent":4.1,"nominatorName":{"fi":"Kansallinen Kokoomus","sv":"Samlingspartiet","en":"National Coalition Party"},"caid":76,"position":0,"gender":"1","comparisonData":{"totalVotes":0,"votesTotalChange":54},"edid":8,"comparativeIndex":0.0,"electionDayVotesPercent":4.9,"nominatorAbbr":{"fi":"KOK","sv":"Saml","en":"NCP"}},{"age":56,"advanceVotesPercent":3.7,"lastname":"Porkka","occupation":"ravintolapäällikkö","advanceVotes":32,"npid":5,"totalVotes":51,"spid":4,"abbr":"SDP","municipalCouncilor":false,"muid":75,"alid":5,"firstname":"Markku","electionDayVotes":19,"pid":"1","finalPosition":0,"electedInformation":"ELECTED","totalVotesPercent":3.8,"nominatorName":{"fi":"Suomen Sosialidemokraattinen Puolue","sv":"Finlands Socialdemokratiska Parti","en":"The Finnish Social Democratic Party"},"caid":103,"position":0,"gender":"1","comparisonData":{"totalVotes":66,"votesTotalChange":-15},"edid":8,"comparativeIndex":0.0,"electionDayVotesPercent":4.2,"nominatorAbbr":{"fi":"SDP","sv":"SDP","en":"SDP"}},{"age":55,"advanceVotesPercent":3.5,"lastname":"Suikkanen","occupation":"KM, erityisopettaja","advanceVotes":31,"npid":4,"totalVotes":37,"spid":2,"abbr":"KOK","municipalCouncilor":true,"muid":75,"alid":4,"firstname":"Jaana","electionDayVotes":6,"pid":"4","finalPosition":0,"electedInformation":"ELECTED","totalVotesPercent":2.8,"nominatorName":{"fi":"Kansallinen Kokoomus","sv":"Samlingspartiet","en":"National Coalition Party"},"caid":75,"position":0,"gender":"2","comparisonData":{"totalVotes":165,"votesTotalChange":-128},"edid":8,"comparativeIndex":0.0,"electionDayVotesPercent":1.3,"nominatorAbbr":{"fi":"KOK","sv":"Saml","en":"NCP"}},{"age":43,"advanceVotesPercent":2.4,"lastname":"Rinne","occupation":"osastonylilääkäri","advanceVotes":21,"npid":7,"totalVotes":35,"spid":3,"abbr":"PS","municipalCouncilor":false,"muid":75,"alid":7,"firstname":"Ari","electionDayVotes":14,"pid":"23","finalPosition":0,"electedInformation":"ELECTED","totalVotesPercent":2.6,"nominatorName":{"fi":"Perussuomalaiset","sv":"Sannfinländarna","en":"The Finns Party"},"caid":134,"position":0,"gender":"1","comparisonData":{"totalVotes":0,"votesTotalChange":35},"edid":8,"comparativeIndex":0.0,"electionDayVotesPercent":3.1,"nominatorAbbr":{"fi":"PS","sv":"Sannf","en":"FINNS"}},{"age":46,"advanceVotesPercent":2.1,"lastname":"Vapalahti","occupation":"yrittäjä","advanceVotes":18,"npid":4,"totalVotes":30,"spid":2,"abbr":"KOK","municipalCouncilor":true,"muid":75,"alid":4,"firstname":"Sanna","electionDayVotes":12,"pid":"4","finalPosition":0,"electedInformation":"ELECTED","totalVotesPercent":2.3,"nominatorName":{"fi":"Kansallinen Kokoomus","sv":"Samlingspartiet","en":"National Coalition Party"},"caid":77,"position":0,"gender":"2","comparisonData":{"totalVotes":145,"votesTotalChange":-115},"edid":8,"comparativeIndex":0.0,"electionDayVotesPercent":2.7,"nominatorAbbr":{"fi":"KOK","sv":"Saml","en":"NCP"}},{"age":60,"advanceVotesPercent":2.2,"lastname":"Parjanen","occupation":"osastonhoitaja","advanceVotes":19,"npid":3,"totalVotes":29,"spid":8,"abbr":"KD","municipalCouncilor":true,"muid":75,"alid":3,"firstname":"Pirkko","electionDayVotes":10,"pid":"9","finalPosition":0,"electedInformation":"ELECTED","totalVotesPercent":2.2,"nominatorName":{"fi":"Suomen Kristillisdemokraatit (KD)","sv":"Kristdemokraterna i Finland (KD)","en":"Christian Democrats in Finland"},"caid":51,"position":0,"gender":"2","comparisonData":{"totalVotes":159,"votesTotalChange":-130},"edid":8,"comparativeIndex":0.0,"electionDayVotesPercent":2.2,"nominatorAbbr":{"fi":"KD","sv":"KD","en":"CD"}},{"age":45,"advanceVotesPercent":1.8,"lastname":"Niemi","occupation":"KM, kasvatustieteen lehtori","advanceVotes":16,"npid":4,"totalVotes":28,"spid":2,"abbr":"KOK","municipalCouncilor":true,"muid":75,"alid":4,"firstname":"Milko","electionDayVotes":12,"pid":"4","finalPosition":0,"electedInformation":"ELECTED","totalVotesPercent":2.1,"nominatorName":{"fi":"Kansallinen Kokoomus","sv":"Samlingspartiet","en":"National Coalition Party"},"caid":66,"position":0,"gender":"1","comparisonData":{"totalVotes":97,"votesTotalChange":-69},"edid":8,"comparativeIndex":0.0,"electionDayVotesPercent":2.7,"nominatorAbbr":{"fi":"KOK","sv":"Saml","en":"NCP"}},{"age":47,"advanceVotesPercent":2.3,"lastname":"Ström","occupation":"fysioterapeutti","advanceVotes":20,"npid":4,"totalVotes":27,"spid":2,"abbr":"KOK","municipalCouncilor":false,"muid":75,"alid":4,"firstname":"Ella","electionDayVotes":7,"pid":"4","finalPosition":0,"electedInformation":"ON_SUBSTITUTE_PLACE","totalVotesPercent":2.0,"nominatorName":{"fi":"Kansallinen Kokoomus","sv":"Samlingspartiet","en":"National Coalition Party"},"caid":74,"position":0,"gender":"2","comparisonData":{"totalVotes":0,"votesTotalChange":27},"edid":8,"comparativeIndex":0.0,"electionDayVotesPercent":1.6,"nominatorAbbr":{"fi":"KOK","sv":"Saml","en":"NCP"}},{"age":50,"advanceVotesPercent":0.6,"lastname":"Pasi","occupation":"yrittäjä","advanceVotes":5,"npid":4,"totalVotes":25,"spid":2,"abbr":"KOK","municipalCouncilor":false,"muid":75,"alid":4,"firstname":"Tero","electionDayVotes":20,"pid":"4","finalPosition":0,"electedInformation":"ELECTED","totalVotesPercent":1.9,"nominatorName":{"fi":"Kansallinen Kokoomus","sv":"Samlingspartiet","en":"National Coalition Party"},"caid":67,"position":0,"gender":"1","comparisonData":{"totalVotes":67,"votesTotalChange":-42},"edid":8,"comparativeIndex":0.0,"electionDayVotesPercent":4.5,"nominatorAbbr":{"fi":"KOK","sv":"Saml","en":"NCP"}},{"age":58,"advanceVotesPercent":2.2,"lastname":"Hartikainen","occupation":"majuri evp","advanceVotes":19,"npid":4,"totalVotes":24,"spid":2,"abbr":"KOK","municipalCouncilor":false,"muid":75,"alid":4,"firstname":"Veli-Matti","electionDayVotes":5,"pid":"4","finalPosition":0,"electedInformation":"ELECTED","totalVotesPercent":1.8,"nominatorName":{"fi":"Kansallinen Kokoomus","sv":"Samlingspartiet","en":"National Coalition Party"},"caid":55,"position":0,"gender":"1","comparisonData":{"totalVotes":63,"votesTotalChange":-39},"edid":8,"comparativeIndex":0.0,"electionDayVotesPercent":1.1,"nominatorAbbr":{"fi":"KOK","sv":"Saml","en":"NCP"}},{"age":27,"advanceVotesPercent":1.6,"lastname":"Pakkanen","occupation":"oikeustradenomi","advanceVotes":14,"npid":2,"totalVotes":22,"spid":1,"abbr":"KESK","municipalCouncilor":true,"muid":75,"alid":2,"firstname":"Antti","electionDayVotes":8,"pid":"2","finalPosition":0,"electedInformation":"ELECTED","totalVotesPercent":1.7,"nominatorName":{"fi":"Suomen Keskusta","sv":"Centern i Finland","en":"Centre Party of Finland"},"caid":36,"position":0,"gender":"1","comparisonData":{"totalVotes":176,"votesTotalChange":-154},"edid":8,"comparativeIndex":0.0,"electionDayVotesPercent":1.8,"nominatorAbbr":{"fi":"KESK","sv":"C","en":"CENT"}},{"age":48,"advanceVotesPercent":1.7,"lastname":"Harjumaaskola","occupation":"kirvesmies, alueyksikön luottamusmies","advanceVotes":15,"npid":5,"totalVotes":22,"spid":4,"abbr":"SDP","municipalCouncilor":true,"muid":75,"alid":5,"firstname":"Jarkko","electionDayVotes":7,"pid":"1","finalPosition":0,"electedInformation":"ELECTED","totalVotesPercent":1.7,"nominatorName":{"fi":"Suomen Sosialidemokraattinen Puolue","sv":"Finlands Socialdemokratiska Parti","en":"The Finnish Social Democratic Party"},"caid":87,"position":0,"gender":"1","comparisonData":{"totalVotes":259,"votesTotalChange":-237},"edid":8,"comparativeIndex":0.0,"electionDayVotesPercent":1.6,"nominatorAbbr":{"fi":"SDP","sv":"SDP","en":"SDP"}},{"age":52,"advanceVotesPercent":1.9,"lastname":"Honkanen","occupation":"toiminnanjohtaja, omaishoitaja","advanceVotes":17,"npid":2,"totalVotes":21,"spid":1,"abbr":"KESK","municipalCouncilor":true,"muid":75,"alid":2,"firstname":"Hannah","electionDayVotes":4,"pid":"2","finalPosition":0,"electedInformation":"ELECTED","totalVotesPercent":1.6,"nominatorName":{"fi":"Suomen Keskusta","sv":"Centern i Finland","en":"Centre Party of Finland"},"caid":24,"position":0,"gender":"2","comparisonData":{"totalVotes":189,"votesTotalChange":-168},"edid":8,"comparativeIndex":0.0,"electionDayVotesPercent":0.9,"nominatorAbbr":{"fi":"KESK","sv":"C","en":"CENT"}},{"age":70,"advanceVotesPercent":2.1,"lastname":"Hytönen","occupation":"VTM, eläkeläinen","advanceVotes":18,"npid":5,"totalVotes":21,"spid":4,"abbr":"SDP","municipalCouncilor":true,"muid":75,"alid":5,"firstname":"Riitta","electionDayVotes":3,"pid":"1","finalPosition":0,"electedInformation":"ELECTED","totalVotesPercent":1.6,"nominatorName":{"fi":"Suomen Sosialidemokraattinen Puolue","sv":"Finlands Socialdemokratiska Parti","en":"The Finnish Social Democratic Party"},"caid":91,"position":0,"gender":"2","comparisonData":{"totalVotes":89,"votesTotalChange":-68},"edid":8,"comparativeIndex":0.0,"electionDayVotesPercent":0.7,"nominatorAbbr":{"fi":"SDP","sv":"SDP","en":"SDP"}},{"age":72,"advanceVotesPercent":1.8,"lastname":"Kasari","occupation":"eläkeläinen, ent. pääluottamusmies","advanceVotes":16,"npid":5,"totalVotes":20,"spid":4,"abbr":"SDP","municipalCouncilor":true,"muid":75,"alid":5,"firstname":"Jorma","electionDayVotes":4,"pid":"1","finalPosition":0,"electedInformation":"ELECTED","totalVotesPercent":1.5,"nominatorName":{"fi":"Suomen Sosialidemokraattinen Puolue","sv":"Finlands Socialdemokratiska Parti","en":"The Finnish Social Democratic Party"},"caid":95,"position":0,"gender":"1","comparisonData":{"totalVotes":132,"votesTotalChange":-112},"edid":8,"comparativeIndex":0.0,"electionDayVotesPercent":0.9,"nominatorAbbr":{"fi":"SDP","sv":"SDP","en":"SDP"}},{"age":50,"advanceVotesPercent":1.4,"lastname":"Kankala","occupation":"FM, hallintovirkamies","advanceVotes":12,"npid":4,"totalVotes":19,"spid":2,"abbr":"KOK","municipalCouncilor":false,"muid":75,"alid":4,"firstname":"Satu","electionDayVotes":7,"pid":"4","finalPosition":0,"electedInformation":"ON_SUBSTITUTE_PLACE","totalVotesPercent":1.4,"nominatorName":{"fi":"Kansallinen Kokoomus","sv":"Samlingspartiet","en":"National Coalition Party"},"caid":60,"position":0,"gender":"2","comparisonData":{"totalVotes":0,"votesTotalChange":19},"edid":8,"comparativeIndex":0.0,"electionDayVotesPercent":1.6,"nominatorAbbr":{"fi":"KOK","sv":"Saml","en":"NCP"}},{"age":65,"advanceVotesPercent":1.6,"lastname":"Hämäläinen","occupation":"eläkeläinen","advanceVotes":14,"npid":5,"totalVotes":19,"spid":4,"abbr":"SDP","municipalCouncilor":true,"muid":75,"alid":5,"firstname":"Pentti","electionDayVotes":5,"pid":"1","finalPosition":0,"electedInformation":"ELECTED","totalVotesPercent":1.4,"nominatorName":{"fi":"Suomen Sosialidemokraattinen Puolue","sv":"Finlands Socialdemokratiska Parti","en":"The Finnish Social Democratic Party"},"caid":92,"position":0,"gender":"1","comparisonData":{"totalVotes":166,"votesTotalChange":-147},"edid":8,"comparativeIndex":0.0,"electionDayVotesPercent":1.1,"nominatorAbbr":{"fi":"SDP","sv":"SDP","en":"SDP"}},{"age":69,"advanceVotesPercent":1.5,"lastname":"Porkka","occupation":"kirvesmies, eläkeläinen","advanceVotes":13,"npid":5,"totalVotes":15,"spid":4,"abbr":"SDP","municipalCouncilor":true,"muid":75,"alid":5,"firstname":"Matti","electionDayVotes":2,"pid":"1","finalPosition":0,"electedInformation":"ON_SUBSTITUTE_PLACE","totalVotesPercent":1.1,"nominatorName":{"fi":"Suomen Sosialidemokraattinen Puolue","sv":"Finlands Socialdemokratiska Parti","en":"The Finnish Social Democratic Party"},"caid":104,"position":0,"gender":"1","comparisonData":{"totalVotes":97,"votesTotalChange":-82},"edid":8,"comparativeIndex":0.0,"electionDayVotesPercent":0.4,"nominatorAbbr":{"fi":"SDP","sv":"SDP","en":"SDP"}},{"age":37,"advanceVotesPercent":0.6,"lastname":"Kerkelä","occupation":"asentaja, opiskelija","advanceVotes":5,"npid":7,"totalVotes":15,"spid":3,"abbr":"PS","municipalCouncilor":true,"muid":75,"alid":7,"firstname":"Harri","electionDayVotes":10,"pid":"23","finalPosition":0,"electedInformation":"ELECTED","totalVotesPercent":1.1,"nominatorName":{"fi":"Perussuomalaiset","sv":"Sannfinländarna","en":"The Finns Party"},"caid":122,"position":0,"gender":"1","comparisonData":{"totalVotes":165,"votesTotalChange":-150},"edid":8,"comparativeIndex":0.0,"electionDayVotesPercent":2.2,"nominatorAbbr":{"fi":"PS","sv":"Sannf","en":"FINNS"}},{"age":72,"advanceVotesPercent":1.3,"lastname":"Muurman","occupation":"yhteiskuntatieteiden maisteri, kaupunginvaltuutettu","advanceVotes":11,"npid":7,"totalVotes":15,"spid":3,"abbr":"PS","municipalCouncilor":true,"muid":75,"alid":7,"firstname":"Peter","electionDayVotes":4,"pid":"23","finalPosition":0,"electedInformation":"ELECTED","totalVotesPercent":1.1,"nominatorName":{"fi":"Perussuomalaiset","sv":"Sannfinländarna","en":"The Finns Party"},"caid":126,"position":0,"gender":"1","comparisonData":{"totalVotes":249,"votesTotalChange":-234},"edid":8,"comparativeIndex":0.0,"electionDayVotesPercent":0.9,"nominatorAbbr":{"fi":"PS","sv":"Sannf","en":"FINNS"}},{"age":55,"advanceVotesPercent":0.6,"lastname":"Ahtola","occupation":"lehtori, koulutusvastaava","advanceVotes":5,"npid":1,"totalVotes":14,"spid":5,"abbr":"VIHR","municipalCouncilor":true,"muid":75,"alid":1,"firstname":"Aarni","electionDayVotes":9,"pid":"13","finalPosition":0,"electedInformation":"ELECTED","totalVotesPercent":1.1,"nominatorName":{"fi":"Vihreä liitto","sv":"Gröna förbundet","en":"Green League"},"caid":3,"position":0,"gender":"1","comparisonData":{"totalVotes":77,"votesTotalChange":-63},"edid":8,"comparativeIndex":0.0,"electionDayVotesPercent":2.0,"nominatorAbbr":{"fi":"VIHR","sv":"Gröna","en":"GREEN"}},{"age":44,"advanceVotesPercent":0.9,"lastname":"Airaksinen","occupation":"myyjä, luottamusmies","advanceVotes":8,"npid":5,"totalVotes":14,"spid":4,"abbr":"SDP","municipalCouncilor":false,"muid":75,"alid":5,"firstname":"Jouni","electionDayVotes":6,"pid":"1","finalPosition":0,"electedInformation":"ELECTED","totalVotesPercent":1.1,"nominatorName":{"fi":"Suomen Sosialidemokraattinen Puolue","sv":"Finlands Socialdemokratiska Parti","en":"The Finnish Social Democratic Party"},"caid":83,"position":0,"gender":"1","comparisonData":{"totalVotes":0,"votesTotalChange":14},"edid":8,"comparativeIndex":0.0,"electionDayVotesPercent":1.3,"nominatorAbbr":{"fi":"SDP","sv":"SDP","en":"SDP"}},{"age":25,"advanceVotesPercent":1.3,"lastname":"Peltonen","occupation":"sosionomi AMK","advanceVotes":11,"npid":5,"totalVotes":14,"spid":4,"abbr":"SDP","municipalCouncilor":true,"muid":75,"alid":5,"firstname":"Nina","electionDayVotes":3,"pid":"1","finalPosition":0,"electedInformation":"ELECTED","totalVotesPercent":1.1,"nominatorName":{"fi":"Suomen Sosialidemokraattinen Puolue","sv":"Finlands Socialdemokratiska Parti","en":"The Finnish Social Democratic Party"},"caid":100,"position":0,"gender":"2","comparisonData":{"totalVotes":90,"votesTotalChange":-76},"edid":8,"comparativeIndex":0.0,"electionDayVotesPercent":0.7,"nominatorAbbr":{"fi":"SDP","sv":"SDP","en":"SDP"}},{"age":66,"advanceVotesPercent":1.4,"lastname":"Hauhia","occupation":"perushoitaja, eläkeläinen","advanceVotes":12,"npid":2,"totalVotes":13,"spid":1,"abbr":"KESK","municipalCouncilor":true,"muid":75,"alid":2,"firstname":"Ritva","electionDayVotes":1,"pid":"2","finalPosition":0,"electedInformation":"ELECTED","totalVotesPercent":1.0,"nominatorName":{"fi":"Suomen Keskusta","sv":"Centern i Finland","en":"Centre Party of Finland"},"caid":23,"position":0,"gender":"2","comparisonData":{"totalVotes":96,"votesTotalChange":-83},"edid":8,"comparativeIndex":0.0,"electionDayVotesPercent":0.2,"nominatorAbbr":{"fi":"KESK","sv":"C","en":"CENT"}},{"age":70,"advanceVotesPercent":1.1,"lastname":"Tulokas","occupation":"maatalousyrittäjä","advanceVotes":10,"npid":2,"totalVotes":13,"spid":1,"abbr":"KESK","municipalCouncilor":true,"muid":75,"alid":2,"firstname":"Kalervo","electionDayVotes":3,"pid":"2","finalPosition":0,"electedInformation":"ELECTED","totalVotesPercent":1.0,"nominatorName":{"fi":"Suomen Keskusta","sv":"Centern i Finland","en":"Centre Party of Finland"},"caid":43,"position":0,"gender":"1","comparisonData":{"totalVotes":184,"votesTotalChange":-171},"edid":8,"comparativeIndex":0.0,"electionDayVotesPercent":0.7,"nominatorAbbr":{"fi":"KESK","sv":"C","en":"CENT"}},{"age":71,"advanceVotesPercent":0.9,"lastname":"Ruokonen","occupation":"metsätalousinsinööri","advanceVotes":8,"npid":3,"totalVotes":13,"spid":8,"abbr":"KD","municipalCouncilor":true,"muid":75,"alid":3,"firstname":"Markku","electionDayVotes":5,"pid":"9","finalPosition":0,"electedInformation":"ELECTED","totalVotesPercent":1.0,"nominatorName":{"fi":"Suomen Kristillisdemokraatit (KD)","sv":"Kristdemokraterna i Finland (KD)","en":"Christian Democrats in Finland"},"caid":53,"position":0,"gender":"1","comparisonData":{"totalVotes":97,"votesTotalChange":-84},"edid":8,"comparativeIndex":0.0,"electionDayVotesPercent":1.1,"nominatorAbbr":{"fi":"KD","sv":"KD","en":"CD"}},{"age":71,"advanceVotesPercent":1.3,"lastname":"Lekander","occupation":"toimitusjohtaja, eläkeläinen","advanceVotes":11,"npid":4,"totalVotes":13,"spid":2,"abbr":"KOK","municipalCouncilor":false,"muid":75,"alid":4,"firstname":"Ari","electionDayVotes":2,"pid":"4","finalPosition":0,"electedInformation":"NOT_ELECTED","totalVotesPercent":1.0,"nominatorName":{"fi":"Kansallinen Kokoomus","sv":"Samlingspartiet","en":"National Coalition Party"},"caid":62,"position":0,"gender":"1","comparisonData":{"totalVotes":22,"votesTotalChange":-9},"edid":8,"comparativeIndex":0.0,"electionDayVotesPercent":0.4,"nominatorAbbr":{"fi":"KOK","sv":"Saml","en":"NCP"}},{"age":68,"advanceVotesPercent":0.9,"lastname":"Sakki","occupation":"metsänhoitaja","advanceVotes":8,"npid":5,"totalVotes":13,"spid":4,"abbr":"SDP","municipalCouncilor":false,"muid":75,"alid":5,"firstname":"Timo","electionDayVotes":5,"pid":"1","finalPosition":0,"electedInformation":"ELECTED","totalVotesPercent":1.0,"nominatorName":{"fi":"Suomen Sosialidemokraattinen Puolue","sv":"Finlands Socialdemokratiska Parti","en":"The Finnish Social Democratic Party"},"caid":108,"position":0,"gender":"1","comparisonData":{"totalVotes":74,"votesTotalChange":-61},"edid":8,"comparativeIndex":0.0,"electionDayVotesPercent":1.1,"nominatorAbbr":{"fi":"SDP","sv":"SDP","en":"SDP"}},{"age":58,"advanceVotesPercent":0.7,"lastname":"Kainulainen","occupation":"dosentti, asiantuntija","advanceVotes":6,"npid":1,"totalVotes":12,"spid":5,"abbr":"VIHR","municipalCouncilor":false,"muid":75,"alid":1,"firstname":"Sakari","electionDayVotes":6,"pid":"13","finalPosition":0,"electedInformation":"ON_SUBSTITUTE_PLACE","totalVotesPercent":0.9,"nominatorName":{"fi":"Vihreä liitto","sv":"Gröna förbundet","en":"Green League"},"caid":7,"position":0,"gender":"1","comparisonData":{"totalVotes":0,"votesTotalChange":12},"edid":8,"comparativeIndex":0.0,"electionDayVotesPercent":1.3,"nominatorAbbr":{"fi":"VIHR","sv":"Gröna","en":"GREEN"}},{"age":52,"advanceVotesPercent":0.8,"lastname":"Räsänen","occupation":"liikkeenharjoittaja","advanceVotes":7,"npid":4,"totalVotes":12,"spid":2,"abbr":"KOK","municipalCouncilor":false,"muid":75,"alid":4,"firstname":"Anssi","electionDayVotes":5,"pid":"4","finalPosition":0,"electedInformation":"ON_SUBSTITUTE_PLACE","totalVotesPercent":0.9,"nominatorName":{"fi":"Kansallinen Kokoomus","sv":"Samlingspartiet","en":"National Coalition Party"},"caid":71,"position":0,"gender":"1","comparisonData":{"totalVotes":52,"votesTotalChange":-40},"edid":8,"comparativeIndex":0.0,"electionDayVotesPercent":1.1,"nominatorAbbr":{"fi":"KOK","sv":"Saml","en":"NCP"}},{"age":48,"advanceVotesPercent":1.3,"lastname":"Wilska","occupation":"satamakuraattori","advanceVotes":11,"npid":4,"totalVotes":12,"spid":2,"abbr":"KOK","municipalCouncilor":false,"muid":75,"alid":4,"firstname":"Pekka","electionDayVotes":1,"pid":"4","finalPosition":0,"electedInformation":"ON_SUBSTITUTE_PLACE","totalVotesPercent":0.9,"nominatorName":{"fi":"Kansallinen Kokoomus","sv":"Samlingspartiet","en":"National Coalition Party"},"caid":81,"position":0,"gender":"1","comparisonData":{"totalVotes":0,"votesTotalChange":12},"edid":8,"comparativeIndex":0.0,"electionDayVotesPercent":0.2,"nominatorAbbr":{"fi":"KOK","sv":"Saml","en":"NCP"}},{"age":52,"advanceVotesPercent":0.2,"lastname":"Karnaattu","occupation":"yrittäjä, kiinteistönvälittäjä","advanceVotes":2,"npid":4,"totalVotes":11,"spid":2,"abbr":"KOK","municipalCouncilor":false,"muid":75,"alid":4,"firstname":"Teija","electionDayVotes":9,"pid":"4","finalPosition":0,"electedInformation":"ON_SUBSTITUTE_PLACE","totalVotesPercent":0.8,"nominatorName":{"fi":"Kansallinen Kokoomus","sv":"Samlingspartiet","en":"National Coalition Party"},"caid":61,"position":0,"gender":"2","comparisonData":{"totalVotes":40,"votesTotalChange":-29},"edid":8,"comparativeIndex":0.0,"electionDayVotesPercent":2.0,"nominatorAbbr":{"fi":"KOK","sv":"Saml","en":"NCP"}},{"age":51,"advanceVotesPercent":1.0,"lastname":"Rissanen","occupation":"lähihoitaja, tiiminvetäjä","advanceVotes":9,"npid":5,"totalVotes":11,"spid":4,"abbr":"SDP","municipalCouncilor":true,"muid":75,"alid":5,"firstname":"Jarmo","electionDayVotes":2,"pid":"1","finalPosition":0,"electedInformation":"ON_SUBSTITUTE_PLACE","totalVotesPercent":0.8,"nominatorName":{"fi":"Suomen Sosialidemokraattinen Puolue","sv":"Finlands Socialdemokratiska Parti","en":"The Finnish Social Democratic Party"},"caid":106,"position":0,"gender":"1","comparisonData":{"totalVotes":98,"votesTotalChange":-87},"edid":8,"comparativeIndex":0.0,"electionDayVotesPercent":0.4,"nominatorAbbr":{"fi":"SDP","sv":"SDP","en":"SDP"}},{"age":41,"advanceVotesPercent":0.6,"lastname":"Heijari","occupation":"ylikonstaapeli","advanceVotes":5,"npid":7,"totalVotes":11,"spid":3,"abbr":"PS","municipalCouncilor":false,"muid":75,"alid":7,"firstname":"Kalle","electionDayVotes":6,"pid":"23","finalPosition":0,"electedInformation":"ELECTED","totalVotesPercent":0.8,"nominatorName":{"fi":"Perussuomalaiset","sv":"Sannfinländarna","en":"The Finns Party"},"caid":118,"position":0,"gender":"1","comparisonData":{"totalVotes":0,"votesTotalChange":11},"edid":8,"comparativeIndex":0.0,"electionDayVotesPercent":1.3,"nominatorAbbr":{"fi":"PS","sv":"Sannf","en":"FINNS"}},{"age":55,"advanceVotesPercent":0.8,"lastname":"Koskiaho","occupation":"FM, erityisopettaja","advanceVotes":7,"npid":2,"totalVotes":10,"spid":1,"abbr":"KESK","municipalCouncilor":true,"muid":75,"alid":2,"firstname":"Vesa","electionDayVotes":3,"pid":"2","finalPosition":0,"electedInformation":"ELECTED","totalVotesPercent":0.8,"nominatorName":{"fi":"Suomen Keskusta","sv":"Centern i Finland","en":"Centre Party of Finland"},"caid":32,"position":0,"gender":"1","comparisonData":{"totalVotes":135,"votesTotalChange":-125},"edid":8,"comparativeIndex":0.0,"electionDayVotesPercent":0.7,"nominatorAbbr":{"fi":"KESK","sv":"C","en":"CENT"}},{"age":60,"advanceVotesPercent":0.8,"lastname":"Saksa","occupation":"elokuvaohjaaja","advanceVotes":7,"npid":4,"totalVotes":10,"spid":2,"abbr":"KOK","municipalCouncilor":false,"muid":75,"alid":4,"firstname":"Sakari","electionDayVotes":3,"pid":"4","finalPosition":0,"electedInformation":"ON_SUBSTITUTE_PLACE","totalVotesPercent":0.8,"nominatorName":{"fi":"Kansallinen Kokoomus","sv":"Samlingspartiet","en":"National Coalition Party"},"caid":72,"position":0,"gender":"1","comparisonData":{"totalVotes":14,"votesTotalChange":-4},"edid":8,"comparativeIndex":0.0,"electionDayVotesPercent":0.7,"nominatorAbbr":{"fi":"KOK","sv":"Saml","en":"NCP"}},{"age":53,"advanceVotesPercent":0.8,"lastname":"Seppälä","occupation":"FM, erityisopettaja","advanceVotes":7,"npid":5,"totalVotes":10,"spid":4,"abbr":"SDP","municipalCouncilor":false,"muid":75,"alid":5,"firstname":"Jyrki","electionDayVotes":3,"pid":"1","finalPosition":0,"electedInformation":"ON_SUBSTITUTE_PLACE","totalVotesPercent":0.8,"nominatorName":{"fi":"Suomen Sosialidemokraattinen Puolue","sv":"Finlands Socialdemokratiska Parti","en":"The Finnish Social Democratic Party"},"caid":109,"position":0,"gender":"1","comparisonData":{"totalVotes":20,"votesTotalChange":-10},"edid":8,"comparativeIndex":0.0,"electionDayVotesPercent":0.7,"nominatorAbbr":{"fi":"SDP","sv":"SDP","en":"SDP"}},{"age":50,"advanceVotesPercent":0.6,"lastname":"Kylmälä","occupation":"vahtimestari","advanceVotes":5,"npid":1,"totalVotes":9,"spid":5,"abbr":"VIHR","municipalCouncilor":false,"muid":75,"alid":1,"firstname":"Juha","electionDayVotes":4,"pid":"13","finalPosition":0,"electedInformation":"NOT_ELECTED","totalVotesPercent":0.7,"nominatorName":{"fi":"Vihreä liitto","sv":"Gröna förbundet","en":"Green League"},"caid":10,"position":0,"gender":"1","comparisonData":{"totalVotes":19,"votesTotalChange":-10},"edid":8,"comparativeIndex":0.0,"electionDayVotesPercent":0.9,"nominatorAbbr":{"fi":"VIHR","sv":"Gröna","en":"GREEN"}},{"age":59,"advanceVotesPercent":0.8,"lastname":"Uotila","occupation":"FM","advanceVotes":7,"npid":3,"totalVotes":9,"spid":8,"abbr":"KD","municipalCouncilor":false,"muid":75,"alid":3,"firstname":"Vesa","electionDayVotes":2,"pid":"9","finalPosition":0,"electedInformation":"NOT_ELECTED","totalVotesPercent":0.7,"nominatorName":{"fi":"Suomen Kristillisdemokraatit (KD)","sv":"Kristdemokraterna i Finland (KD)","en":"Christian Democrats in Finland"},"caid":54,"position":0,"gender":"1","comparisonData":{"totalVotes":52,"votesTotalChange":-43},"edid":8,"comparativeIndex":0.0,"electionDayVotesPercent":0.4,"nominatorAbbr":{"fi":"KD","sv":"KD","en":"CD"}},{"age":42,"advanceVotesPercent":0.3,"lastname":"Pärssinen","occupation":"tuntiopettaja","advanceVotes":3,"npid":4,"totalVotes":9,"spid":2,"abbr":"KOK","municipalCouncilor":true,"muid":75,"alid":4,"firstname":"Santtu","electionDayVotes":6,"pid":"4","finalPosition":0,"electedInformation":"ON_SUBSTITUTE_PLACE","totalVotesPercent":0.7,"nominatorName":{"fi":"Kansallinen Kokoomus","sv":"Samlingspartiet","en":"National Coalition Party"},"caid":68,"position":0,"gender":"1","comparisonData":{"totalVotes":89,"votesTotalChange":-80},"edid":8,"comparativeIndex":0.0,"electionDayVotesPercent":1.3,"nominatorAbbr":{"fi":"KOK","sv":"Saml","en":"NCP"}},{"age":65,"advanceVotesPercent":0.9,"lastname":"Heikkilä","occupation":"eläkeläinen","advanceVotes":8,"npid":5,"totalVotes":9,"spid":4,"abbr":"SDP","municipalCouncilor":false,"muid":75,"alid":5,"firstname":"Juha","electionDayVotes":1,"pid":"1","finalPosition":0,"electedInformation":"ELECTED","totalVotesPercent":0.7,"nominatorName":{"fi":"Suomen Sosialidemokraattinen Puolue","sv":"Finlands Socialdemokratiska Parti","en":"The Finnish Social Democratic Party"},"caid":89,"position":0,"gender":"1","comparisonData":{"totalVotes":45,"votesTotalChange":-36},"edid":8,"comparativeIndex":0.0,"electionDayVotesPercent":0.2,"nominatorAbbr":{"fi":"SDP","sv":"SDP","en":"SDP"}},{"age":73,"advanceVotesPercent":0.7,"lastname":"Kormu","occupation":"panostaja, eläkeläinen","advanceVotes":6,"npid":5,"totalVotes":9,"spid":4,"abbr":"SDP","municipalCouncilor":false,"muid":75,"alid":5,"firstname":"Jouni","electionDayVotes":3,"pid":"1","finalPosition":0,"electedInformation":"ELECTED","totalVotesPercent":0.7,"nominatorName":{"fi":"Suomen Sosialidemokraattinen Puolue","sv":"Finlands Socialdemokratiska Parti","en":"The Finnish Social Democratic Party"},"caid":96,"position":0,"gender":"1","comparisonData":{"totalVotes":37,"votesTotalChange":-28},"edid":8,"comparativeIndex":0.0,"electionDayVotesPercent":0.7,"nominatorAbbr":{"fi":"SDP","sv":"SDP","en":"SDP"}},{"age":37,"advanceVotesPercent":0.6,"lastname":"Vaahtovuo","occupation":"kapteeni, sotatieteen maisteri","advanceVotes":5,"npid":1,"totalVotes":8,"spid":5,"abbr":"VIHR","municipalCouncilor":false,"muid":75,"alid":1,"firstname":"Eerika","electionDayVotes":3,"pid":"13","finalPosition":0,"electedInformation":"ELECTED","totalVotesPercent":0.6,"nominatorName":{"fi":"Vihreä liitto","sv":"Gröna förbundet","en":"Green League"},"caid":18,"position":0,"gender":"2","comparisonData":{"totalVotes":0,"votesTotalChange":8},"edid":8,"comparativeIndex":0.0,"electionDayVotesPercent":0.7,"nominatorAbbr":{"fi":"VIHR","sv":"Gröna","en":"GREEN"}},{"age":24,"advanceVotesPercent":0.8,"lastname":"Ojala","occupation":"MMK","advanceVotes":7,"npid":2,"totalVotes":8,"spid":1,"abbr":"KESK","municipalCouncilor":false,"muid":75,"alid":2,"firstname":"Jenna","electionDayVotes":1,"pid":"2","finalPosition":0,"electedInformation":"ON_SUBSTITUTE_PLACE","totalVotesPercent":0.6,"nominatorName":{"fi":"Suomen Keskusta","sv":"Centern i Finland","en":"Centre Party of Finland"},"caid":35,"position":0,"gender":"2","comparisonData":{"totalVotes":0,"votesTotalChange":8},"edid":8,"comparativeIndex":0.0,"electionDayVotesPercent":0.2,"nominatorAbbr":{"fi":"KESK","sv":"C","en":"CENT"}},{"age":52,"advanceVotesPercent":0.6,"lastname":"Laitinen","occupation":"ahtaaja","advanceVotes":5,"npid":3,"totalVotes":8,"spid":8,"abbr":"KD","municipalCouncilor":false,"muid":75,"alid":3,"firstname":"Markku","electionDayVotes":3,"pid":"9","finalPosition":0,"electedInformation":"ON_SUBSTITUTE_PLACE","totalVotesPercent":0.6,"nominatorName":{"fi":"Suomen Kristillisdemokraatit (KD)","sv":"Kristdemokraterna i Finland (KD)","en":"Christian Democrats in Finland"},"caid":48,"position":0,"gender":"1","comparisonData":{"totalVotes":0,"votesTotalChange":8},"edid":8,"comparativeIndex":0.0,"electionDayVotesPercent":0.7,"nominatorAbbr":{"fi":"KD","sv":"KD","en":"CD"}},{"age":19,"advanceVotesPercent":0.2,"lastname":"Virtanen","occupation":"opiskelija","advanceVotes":2,"npid":5,"totalVotes":8,"spid":4,"abbr":"SDP","municipalCouncilor":false,"muid":75,"alid":5,"firstname":"Vili-Valtteri","electionDayVotes":6,"pid":"1","finalPosition":0,"electedInformation":"ELECTED","totalVotesPercent":0.6,"nominatorName":{"fi":"Suomen Sosialidemokraattinen Puolue","sv":"Finlands Socialdemokratiska Parti","en":"The Finnish Social Democratic Party"},"caid":113,"position":0,"gender":"1","comparisonData":{"totalVotes":0,"votesTotalChange":8},"edid":8,"comparativeIndex":0.0,"electionDayVotesPercent":1.3,"nominatorAbbr":{"fi":"SDP","sv":"SDP","en":"SDP"}},{"age":33,"advanceVotesPercent":0.3,"lastname":"Luova","occupation":"FM, äidinkielen opettaja","advanceVotes":3,"npid":1,"totalVotes":7,"spid":5,"abbr":"VIHR","municipalCouncilor":false,"muid":75,"alid":1,"firstname":"Anna-Liisa","electionDayVotes":4,"pid":"13","finalPosition":0,"electedInformation":"ON_SUBSTITUTE_PLACE","totalVotesPercent":0.5,"nominatorName":{"fi":"Vihreä liitto","sv":"Gröna förbundet","en":"Green League"},"caid":13,"position":0,"gender":"2","comparisonData":{"totalVotes":0,"votesTotalChange":7},"edid":8,"comparativeIndex":0.0,"electionDayVotesPercent":0.9,"nominatorAbbr":{"fi":"VIHR","sv":"Gröna","en":"GREEN"}},{"age":42,"advanceVotesPercent":0.5,"lastname":"Peippo","occupation":"myyjä","advanceVotes":4,"npid":1,"totalVotes":7,"spid":5,"abbr":"VIHR","municipalCouncilor":false,"muid":75,"alid":1,"firstname":"Mari","electionDayVotes":3,"pid":"13","finalPosition":0,"electedInformation":"ON_SUBSTITUTE_PLACE","totalVotesPercent":0.5,"nominatorName":{"fi":"Vihreä liitto","sv":"Gröna förbundet","en":"Green League"},"caid":15,"position":0,"gender":"2","comparisonData":{"totalVotes":0,"votesTotalChange":7},"edid":8,"comparativeIndex":0.0,"electionDayVotesPercent":0.7,"nominatorAbbr":{"fi":"VIHR","sv":"Gröna","en":"GREEN"}},{"age":40,"advanceVotesPercent":0.6,"lastname":"Viitala","occupation":"yrittäjä","advanceVotes":5,"npid":1,"totalVotes":7,"spid":5,"abbr":"VIHR","municipalCouncilor":false,"muid":75,"alid":1,"firstname":"Nora","electionDayVotes":2,"pid":"13","finalPosition":0,"electedInformation":"ELECTED","totalVotesPercent":0.5,"nominatorName":{"fi":"Vihreä liitto","sv":"Gröna förbundet","en":"Green League"},"caid":19,"position":0,"gender":"2","comparisonData":{"totalVotes":0,"votesTotalChange":7},"edid":8,"comparativeIndex":0.0,"electionDayVotesPercent":0.4,"nominatorAbbr":{"fi":"VIHR","sv":"Gröna","en":"GREEN"}},{"age":53,"advanceVotesPercent":0.1,"lastname":"Oksman","occupation":"kirjanpitäjä, palkanlaskija","advanceVotes":1,"npid":3,"totalVotes":7,"spid":8,"abbr":"KD","municipalCouncilor":false,"muid":75,"alid":3,"firstname":"Riitta","electionDayVotes":6,"pid":"9","finalPosition":0,"electedInformation":"ON_SUBSTITUTE_PLACE","totalVotesPercent":0.5,"nominatorName":{"fi":"Suomen Kristillisdemokraatit (KD)","sv":"Kristdemokraterna i Finland (KD)","en":"Christian Democrats in Finland"},"caid":50,"position":0,"gender":"2","comparisonData":{"totalVotes":26,"votesTotalChange":-19},"edid":8,"comparativeIndex":0.0,"electionDayVotesPercent":1.3,"nominatorAbbr":{"fi":"KD","sv":"KD","en":"CD"}},{"age":63,"advanceVotesPercent":0.5,"lastname":"Linturi","occupation":"isännöitsijä, yksikön päällikkö","advanceVotes":4,"npid":4,"totalVotes":7,"spid":2,"abbr":"KOK","municipalCouncilor":false,"muid":75,"alid":4,"firstname":"Jarmo","electionDayVotes":3,"pid":"4","finalPosition":0,"electedInformation":"NOT_ELECTED","totalVotesPercent":0.5,"nominatorName":{"fi":"Kansallinen Kokoomus","sv":"Samlingspartiet","en":"National Coalition Party"},"caid":63,"position":0,"gender":"1","comparisonData":{"totalVotes":0,"votesTotalChange":7},"edid":8,"comparativeIndex":0.0,"electionDayVotesPercent":0.7,"nominatorAbbr":{"fi":"KOK","sv":"Saml","en":"NCP"}},{"age":55,"advanceVotesPercent":0.5,"lastname":"Kurvi","occupation":"ICT-suunnittelija","advanceVotes":4,"npid":5,"totalVotes":7,"spid":4,"abbr":"SDP","municipalCouncilor":true,"muid":75,"alid":5,"firstname":"Anne","electionDayVotes":3,"pid":"1","finalPosition":0,"electedInformation":"ON_SUBSTITUTE_PLACE","totalVotesPercent":0.5,"nominatorName":{"fi":"Suomen Sosialidemokraattinen Puolue","sv":"Finlands Socialdemokratiska Parti","en":"The Finnish Social Democratic Party"},"caid":97,"position":0,"gender":"2","comparisonData":{"totalVotes":86,"votesTotalChange":-79},"edid":8,"comparativeIndex":0.0,"electionDayVotesPercent":0.7,"nominatorAbbr":{"fi":"SDP","sv":"SDP","en":"SDP"}},{"age":78,"advanceVotesPercent":0.6,"lastname":"Liljander","occupation":"yrittäjä, eläkeläinen","advanceVotes":5,"npid":5,"totalVotes":7,"spid":4,"abbr":"SDP","municipalCouncilor":false,"muid":75,"alid":5,"firstname":"Kaarina","electionDayVotes":2,"pid":"1","finalPosition":0,"electedInformation":"ON_SUBSTITUTE_PLACE","totalVotesPercent":0.5,"nominatorName":{"fi":"Suomen Sosialidemokraattinen Puolue","sv":"Finlands Socialdemokratiska Parti","en":"The Finnish Social Democratic Party"},"caid":99,"position":0,"gender":"2","comparisonData":{"totalVotes":34,"votesTotalChange":-27},"edid":8,"comparativeIndex":0.0,"electionDayVotesPercent":0.4,"nominatorAbbr":{"fi":"SDP","sv":"SDP","en":"SDP"}},{"age":40,"advanceVotesPercent":0.5,"lastname":"Räsänen","occupation":"yo-merkonomi, karaokejuontaja","advanceVotes":4,"npid":1,"totalVotes":6,"spid":5,"abbr":"VIHR","municipalCouncilor":false,"muid":75,"alid":1,"firstname":"Katja Kala","electionDayVotes":2,"pid":"13","finalPosition":0,"electedInformation":"ELECTED","totalVotesPercent":0.5,"nominatorName":{"fi":"Vihreä liitto","sv":"Gröna förbundet","en":"Green League"},"caid":16,"position":0,"gender":"2","comparisonData":{"totalVotes":0,"votesTotalChange":6},"edid":8,"comparativeIndex":0.0,"electionDayVotesPercent":0.4,"nominatorAbbr":{"fi":"VIHR","sv":"Gröna","en":"GREEN"}},{"age":54,"advanceVotesPercent":0.6,"lastname":"Pousi","occupation":"lastenhoitaja, erityisohjaaja","advanceVotes":5,"npid":2,"totalVotes":6,"spid":1,"abbr":"KESK","municipalCouncilor":true,"muid":75,"alid":2,"firstname":"Ritva-Leena","electionDayVotes":1,"pid":"2","finalPosition":0,"electedInformation":"ELECTED","totalVotesPercent":0.5,"nominatorName":{"fi":"Suomen Keskusta","sv":"Centern i Finland","en":"Centre Party of Finland"},"caid":39,"position":0,"gender":"2","comparisonData":{"totalVotes":85,"votesTotalChange":-79},"edid":8,"comparativeIndex":0.0,"electionDayVotesPercent":0.2,"nominatorAbbr":{"fi":"KESK","sv":"C","en":"CENT"}},{"age":48,"advanceVotesPercent":0.6,"lastname":"Suurnäkki","occupation":"agrologi","advanceVotes":5,"npid":2,"totalVotes":6,"spid":1,"abbr":"KESK","municipalCouncilor":false,"muid":75,"alid":2,"firstname":"Päivi","electionDayVotes":1,"pid":"2","finalPosition":0,"electedInformation":"ON_SUBSTITUTE_PLACE","totalVotesPercent":0.5,"nominatorName":{"fi":"Suomen Keskusta","sv":"Centern i Finland","en":"Centre Party of Finland"},"caid":42,"position":0,"gender":"2","comparisonData":{"totalVotes":84,"votesTotalChange":-78},"edid":8,"comparativeIndex":0.0,"electionDayVotesPercent":0.2,"nominatorAbbr":{"fi":"KESK","sv":"C","en":"CENT"}},{"age":50,"advanceVotesPercent":0.7,"lastname":"Visuri","occupation":"konevuokrausyrittäjä","advanceVotes":6,"npid":4,"totalVotes":6,"spid":2,"abbr":"KOK","municipalCouncilor":false,"muid":75,"alid":4,"firstname":"Mervi","electionDayVotes":0,"pid":"4","finalPosition":0,"electedInformation":"ON_SUBSTITUTE_PLACE","totalVotesPercent":0.5,"nominatorName":{"fi":"Kansallinen Kokoomus","sv":"Samlingspartiet","en":"National Coalition Party"},"caid":79,"position":0,"gender":"2","comparisonData":{"totalVotes":0,"votesTotalChange":6},"edid":8,"comparativeIndex":0.0,"electionDayVotesPercent":0.0,"nominatorAbbr":{"fi":"KOK","sv":"Saml","en":"NCP"}},{"age":18,"advanceVotesPercent":0.7,"lastname":"Rissanen","occupation":"opiskelija","advanceVotes":6,"npid":5,"totalVotes":6,"spid":4,"abbr":"SDP","municipalCouncilor":false,"muid":75,"alid":5,"firstname":"Teea","electionDayVotes":0,"pid":"1","finalPosition":0,"electedInformation":"ON_SUBSTITUTE_PLACE","totalVotesPercent":0.5,"nominatorName":{"fi":"Suomen Sosialidemokraattinen Puolue","sv":"Finlands Socialdemokratiska Parti","en":"The Finnish Social Democratic Party"},"caid":107,"position":0,"gender":"2","comparisonData":{"totalVotes":0,"votesTotalChange":6},"edid":8,"comparativeIndex":0.0,"electionDayVotesPercent":0.0,"nominatorAbbr":{"fi":"SDP","sv":"SDP","en":"SDP"}},{"age":51,"advanceVotesPercent":0.3,"lastname":"Mäkelä","occupation":"tullipäällikkö","advanceVotes":3,"npid":7,"totalVotes":6,"spid":3,"abbr":"PS","municipalCouncilor":false,"muid":75,"alid":7,"firstname":"Anna","electionDayVotes":3,"pid":"23","finalPosition":0,"electedInformation":"ON_SUBSTITUTE_PLACE","totalVotesPercent":0.5,"nominatorName":{"fi":"Perussuomalaiset","sv":"Sannfinländarna","en":"The Finns Party"},"caid":127,"position":0,"gender":"2","comparisonData":{"totalVotes":0,"votesTotalChange":6},"edid":8,"comparativeIndex":0.0,"electionDayVotesPercent":0.7,"nominatorAbbr":{"fi":"PS","sv":"Sannf","en":"FINNS"}},{"age":59,"advanceVotesPercent":0.2,"lastname":"Kontra","occupation":"ohjaaja","advanceVotes":2,"npid":1,"totalVotes":5,"spid":5,"abbr":"VIHR","municipalCouncilor":false,"muid":75,"alid":1,"firstname":"Mikko","electionDayVotes":3,"pid":"13","finalPosition":0,"electedInformation":"NOT_ELECTED","totalVotesPercent":0.4,"nominatorName":{"fi":"Vihreä liitto","sv":"Gröna förbundet","en":"Green League"},"caid":9,"position":0,"gender":"1","comparisonData":{"totalVotes":0,"votesTotalChange":5},"edid":8,"comparativeIndex":0.0,"electionDayVotesPercent":0.7,"nominatorAbbr":{"fi":"VIHR","sv":"Gröna","en":"GREEN"}},{"age":51,"advanceVotesPercent":0.5,"lastname":"Ahola","occupation":"yrittäjä","advanceVotes":4,"npid":2,"totalVotes":5,"spid":1,"abbr":"KESK","municipalCouncilor":false,"muid":75,"alid":2,"firstname":"Milja","electionDayVotes":1,"pid":"2","finalPosition":0,"electedInformation":"ON_SUBSTITUTE_PLACE","totalVotesPercent":0.4,"nominatorName":{"fi":"Suomen Keskusta","sv":"Centern i Finland","en":"Centre Party of Finland"},"caid":20,"position":0,"gender":"2","comparisonData":{"totalVotes":45,"votesTotalChange":-40},"edid":8,"comparativeIndex":0.0,"electionDayVotesPercent":0.2,"nominatorAbbr":{"fi":"KESK","sv":"C","en":"CENT"}},{"age":45,"advanceVotesPercent":0.6,"lastname":"Kitunen","occupation":"agrologi, rakennusmies","advanceVotes":5,"npid":2,"totalVotes":5,"spid":1,"abbr":"KESK","municipalCouncilor":false,"muid":75,"alid":2,"firstname":"Eero","electionDayVotes":0,"pid":"2","finalPosition":0,"electedInformation":"ON_SUBSTITUTE_PLACE","totalVotesPercent":0.4,"nominatorName":{"fi":"Suomen Keskusta","sv":"Centern i Finland","en":"Centre Party of Finland"},"caid":29,"position":0,"gender":"1","comparisonData":{"totalVotes":66,"votesTotalChange":-61},"edid":8,"comparativeIndex":0.0,"electionDayVotesPercent":0.0,"nominatorAbbr":{"fi":"KESK","sv":"C","en":"CENT"}},{"age":59,"advanceVotesPercent":0.6,"lastname":"Koskinen","occupation":"maanviljelijä, yrittäjä","advanceVotes":5,"npid":2,"totalVotes":5,"spid":1,"abbr":"KESK","municipalCouncilor":true,"muid":75,"alid":2,"firstname":"Jaakko","electionDayVotes":0,"pid":"2","finalPosition":0,"electedInformation":"ELECTED","totalVotesPercent":0.4,"nominatorName":{"fi":"Suomen Keskusta","sv":"Centern i Finland","en":"Centre Party of Finland"},"caid":33,"position":0,"gender":"1","comparisonData":{"totalVotes":130,"votesTotalChange":-125},"edid":8,"comparativeIndex":0.0,"electionDayVotesPercent":0.0,"nominatorAbbr":{"fi":"KESK","sv":"C","en":"CENT"}},{"age":69,"advanceVotesPercent":0.6,"lastname":"Nakari","occupation":"yrittäjä, eläkeläinen","advanceVotes":5,"npid":3,"totalVotes":5,"spid":8,"abbr":"KD","municipalCouncilor":false,"muid":75,"alid":3,"firstname":"Martti","electionDayVotes":0,"pid":"9","finalPosition":0,"electedInformation":"NOT_ELECTED","totalVotesPercent":0.4,"nominatorName":{"fi":"Suomen Kristillisdemokraatit (KD)","sv":"Kristdemokraterna i Finland (KD)","en":"Christian Democrats in Finland"},"caid":49,"position":0,"gender":"1","comparisonData":{"totalVotes":0,"votesTotalChange":5},"edid":8,"comparativeIndex":0.0,"electionDayVotesPercent":0.0,"nominatorAbbr":{"fi":"KD","sv":"KD","en":"CD"}},{"age":46,"advanceVotesPercent":0.3,"lastname":"Seppälä","occupation":"rakennusalan yrittäjä","advanceVotes":3,"npid":4,"totalVotes":5,"spid":2,"abbr":"KOK","municipalCouncilor":false,"muid":75,"alid":4,"firstname":"Marko","electionDayVotes":2,"pid":"4","finalPosition":0,"electedInformation":"ON_SUBSTITUTE_PLACE","totalVotesPercent":0.4,"nominatorName":{"fi":"Kansallinen Kokoomus","sv":"Samlingspartiet","en":"National Coalition Party"},"caid":73,"position":0,"gender":"1","comparisonData":{"totalVotes":32,"votesTotalChange":-27},"edid":8,"comparativeIndex":0.0,"electionDayVotesPercent":0.4,"nominatorAbbr":{"fi":"KOK","sv":"Saml","en":"NCP"}},{"age":64,"advanceVotesPercent":0.5,"lastname":"Hiironen","occupation":"eläkeläinen","advanceVotes":4,"npid":5,"totalVotes":5,"spid":4,"abbr":"SDP","municipalCouncilor":false,"muid":75,"alid":5,"firstname":"Seppo","electionDayVotes":1,"pid":"1","finalPosition":0,"electedInformation":"NOT_ELECTED","totalVotesPercent":0.4,"nominatorName":{"fi":"Suomen Sosialidemokraattinen Puolue","sv":"Finlands Socialdemokratiska Parti","en":"The Finnish Social Democratic Party"},"caid":90,"position":0,"gender":"1","comparisonData":{"totalVotes":26,"votesTotalChange":-21},"edid":8,"comparativeIndex":0.0,"electionDayVotesPercent":0.2,"nominatorAbbr":{"fi":"SDP","sv":"SDP","en":"SDP"}},{"age":48,"advanceVotesPercent":0.2,"lastname":"Jaakkola","occupation":"säiliöautonkuljettaja","advanceVotes":2,"npid":5,"totalVotes":5,"spid":4,"abbr":"SDP","municipalCouncilor":false,"muid":75,"alid":5,"firstname":"Tero","electionDayVotes":3,"pid":"1","finalPosition":0,"electedInformation":"ON_SUBSTITUTE_PLACE","totalVotesPercent":0.4,"nominatorName":{"fi":"Suomen Sosialidemokraattinen Puolue","sv":"Finlands Socialdemokratiska Parti","en":"The Finnish Social Democratic Party"},"caid":93,"position":0,"gender":"1","comparisonData":{"totalVotes":50,"votesTotalChange":-45},"edid":8,"comparativeIndex":0.0,"electionDayVotesPercent":0.7,"nominatorAbbr":{"fi":"SDP","sv":"SDP","en":"SDP"}},{"age":33,"advanceVotesPercent":0.1,"lastname":"Nyholm","occupation":"jakelun valvoja, kaupunginvaltuutettu","advanceVotes":1,"npid":7,"totalVotes":5,"spid":3,"abbr":"PS","municipalCouncilor":true,"muid":75,"alid":7,"firstname":"Janne","electionDayVotes":4,"pid":"23","finalPosition":0,"electedInformation":"ELECTED","totalVotesPercent":0.4,"nominatorName":{"fi":"Perussuomalaiset","sv":"Sannfinländarna","en":"The Finns Party"},"caid":129,"position":0,"gender":"1","comparisonData":{"totalVotes":85,"votesTotalChange":-80},"edid":8,"comparativeIndex":0.0,"electionDayVotesPercent":0.9,"nominatorAbbr":{"fi":"PS","sv":"Sannf","en":"FINNS"}},{"age":78,"advanceVotesPercent":0.2,"lastname":"Ahonen","occupation":"eläkeläinen, lehtori","advanceVotes":2,"npid":1,"totalVotes":4,"spid":5,"abbr":"VIHR","municipalCouncilor":false,"muid":75,"alid":1,"firstname":"Raimo","electionDayVotes":2,"pid":"13","finalPosition":0,"electedInformation":"NOT_ELECTED","totalVotesPercent":0.3,"nominatorName":{"fi":"Vihreä liitto","sv":"Gröna förbundet","en":"Green League"},"caid":2,"position":0,"gender":"1","comparisonData":{"totalVotes":13,"votesTotalChange":-9},"edid":8,"comparativeIndex":0.0,"electionDayVotesPercent":0.4,"nominatorAbbr":{"fi":"VIHR","sv":"Gröna","en":"GREEN"}},{"age":41,"advanceVotesPercent":0.5,"lastname":"Harjula","occupation":"KM, opettaja","advanceVotes":4,"npid":2,"totalVotes":4,"spid":1,"abbr":"KESK","municipalCouncilor":false,"muid":75,"alid":2,"firstname":"Pia","electionDayVotes":0,"pid":"2","finalPosition":0,"electedInformation":"NOT_ELECTED","totalVotesPercent":0.3,"nominatorName":{"fi":"Suomen Keskusta","sv":"Centern i Finland","en":"Centre Party of Finland"},"caid":22,"position":0,"gender":"2","comparisonData":{"totalVotes":0,"votesTotalChange":4},"edid":8,"comparativeIndex":0.0,"electionDayVotesPercent":0.0,"nominatorAbbr":{"fi":"KESK","sv":"C","en":"CENT"}},{"age":51,"advanceVotesPercent":0.0,"lastname":"Honkala","occupation":"tradenomi","advanceVotes":0,"npid":4,"totalVotes":4,"spid":2,"abbr":"KOK","municipalCouncilor":false,"muid":75,"alid":4,"firstname":"Jari-Pekka","electionDayVotes":4,"pid":"4","finalPosition":0,"electedInformation":"NOT_ELECTED","totalVotesPercent":0.3,"nominatorName":{"fi":"Kansallinen Kokoomus","sv":"Samlingspartiet","en":"National Coalition Party"},"caid":56,"position":0,"gender":"1","comparisonData":{"totalVotes":0,"votesTotalChange":4},"edid":8,"comparativeIndex":0.0,"electionDayVotesPercent":0.9,"nominatorAbbr":{"fi":"KOK","sv":"Saml","en":"NCP"}},{"age":32,"advanceVotesPercent":0.5,"lastname":"Haukka","occupation":"puheenjohtaja, palkanlaskija","advanceVotes":4,"npid":5,"totalVotes":4,"spid":4,"abbr":"SDP","municipalCouncilor":false,"muid":75,"alid":5,"firstname":"Ville-Veikko","electionDayVotes":0,"pid":"1","finalPosition":0,"electedInformation":"ON_SUBSTITUTE_PLACE","totalVotesPercent":0.3,"nominatorName":{"fi":"Suomen Sosialidemokraattinen Puolue","sv":"Finlands Socialdemokratiska Parti","en":"The Finnish Social Democratic Party"},"caid":88,"position":0,"gender":"1","comparisonData":{"totalVotes":0,"votesTotalChange":4},"edid":8,"comparativeIndex":0.0,"electionDayVotesPercent":0.0,"nominatorAbbr":{"fi":"SDP","sv":"SDP","en":"SDP"}},{"age":71,"advanceVotesPercent":0.2,"lastname":"Ikonen","occupation":"eläkeläinen, yrittäjä","advanceVotes":2,"npid":6,"totalVotes":4,"spid":10,"abbr":"KTP","municipalCouncilor":false,"muid":75,"alid":6,"firstname":"Pertti","electionDayVotes":2,"pid":"14","finalPosition":0,"electedInformation":"NOT_ELECTED","totalVotesPercent":0.3,"nominatorName":{"fi":"Kommunistinen Työväenpuolue - Rauhan ja Sosialismin puolesta","sv":"Kommunistiska Arbetarpartiet - För Fred och Socialism","en":"Communist Workers Party (Finland) - For Peace and Socialism"},"caid":114,"position":0,"gender":"1","comparisonData":{"totalVotes":13,"votesTotalChange":-9},"edid":8,"comparativeIndex":0.0,"electionDayVotesPercent":0.4,"nominatorAbbr":{"fi":"KTP","sv":"KAP","en":"CWP"}},{"age":61,"advanceVotesPercent":0.3,"lastname":"Järvinen","occupation":"turvallisuusalan työntekijä, kauppateknikko","advanceVotes":3,"npid":7,"totalVotes":4,"spid":3,"abbr":"PS","municipalCouncilor":true,"muid":75,"alid":7,"firstname":"Hannu","electionDayVotes":1,"pid":"23","finalPosition":0,"electedInformation":"ON_SUBSTITUTE_PLACE","totalVotesPercent":0.3,"nominatorName":{"fi":"Perussuomalaiset","sv":"Sannfinländarna","en":"The Finns Party"},"caid":119,"position":0,"gender":"1","comparisonData":{"totalVotes":222,"votesTotalChange":-218},"edid":8,"comparativeIndex":0.0,"electionDayVotesPercent":0.2,"nominatorAbbr":{"fi":"PS","sv":"Sannf","en":"FINNS"}},{"age":34,"advanceVotesPercent":0.1,"lastname":"Karpov","occupation":"yrittäjä, huolitsija","advanceVotes":1,"npid":7,"totalVotes":4,"spid":3,"abbr":"PS","municipalCouncilor":false,"muid":75,"alid":7,"firstname":"Juri","electionDayVotes":3,"pid":"23","finalPosition":0,"electedInformation":"ON_SUBSTITUTE_PLACE","totalVotesPercent":0.3,"nominatorName":{"fi":"Perussuomalaiset","sv":"Sannfinländarna","en":"The Finns Party"},"caid":121,"position":0,"gender":"1","comparisonData":{"totalVotes":0,"votesTotalChange":4},"edid":8,"comparativeIndex":0.0,"electionDayVotesPercent":0.7,"nominatorAbbr":{"fi":"PS","sv":"Sannf","en":"FINNS"}},{"age":48,"advanceVotesPercent":0.5,"lastname":"Kuukka","occupation":"ITE-taiteilija, eläkeläinen","advanceVotes":4,"npid":7,"totalVotes":4,"spid":3,"abbr":"PS","municipalCouncilor":false,"muid":75,"alid":7,"firstname":"Vesa","electionDayVotes":0,"pid":"23","finalPosition":0,"electedInformation":"ELECTED","totalVotesPercent":0.3,"nominatorName":{"fi":"Perussuomalaiset","sv":"Sannfinländarna","en":"The Finns Party"},"caid":124,"position":0,"gender":"1","comparisonData":{"totalVotes":0,"votesTotalChange":4},"edid":8,"comparativeIndex":0.0,"electionDayVotesPercent":0.0,"nominatorAbbr":{"fi":"PS","sv":"Sannf","en":"FINNS"}},{"age":56,"advanceVotesPercent":0.2,"lastname":"Reinikka","occupation":"vartija","advanceVotes":2,"npid":7,"totalVotes":4,"spid":3,"abbr":"PS","municipalCouncilor":true,"muid":75,"alid":7,"firstname":"Jari","electionDayVotes":2,"pid":"23","finalPosition":0,"electedInformation":"ELECTED","totalVotesPercent":0.3,"nominatorName":{"fi":"Perussuomalaiset","sv":"Sannfinländarna","en":"The Finns Party"},"caid":132,"position":0,"gender":"1","comparisonData":{"totalVotes":108,"votesTotalChange":-104},"edid":8,"comparativeIndex":0.0,"electionDayVotesPercent":0.4,"nominatorAbbr":{"fi":"PS","sv":"Sannf","en":"FINNS"}},{"age":64,"advanceVotesPercent":0.3,"lastname":"Remes","occupation":"opistoupseeri evp","advanceVotes":3,"npid":7,"totalVotes":4,"spid":3,"abbr":"PS","municipalCouncilor":false,"muid":75,"alid":7,"firstname":"Teuvo","electionDayVotes":1,"pid":"23","finalPosition":0,"electedInformation":"NOT_ELECTED","totalVotesPercent":0.3,"nominatorName":{"fi":"Perussuomalaiset","sv":"Sannfinländarna","en":"The Finns Party"},"caid":133,"position":0,"gender":"1","comparisonData":{"totalVotes":75,"votesTotalChange":-71},"edid":8,"comparativeIndex":0.0,"electionDayVotesPercent":0.2,"nominatorAbbr":{"fi":"PS","sv":"Sannf","en":"FINNS"}},{"age":45,"advanceVotesPercent":0.3,"lastname":"Hämeenniemi","occupation":"palomestari","advanceVotes":3,"npid":2,"totalVotes":3,"spid":1,"abbr":"KESK","municipalCouncilor":false,"muid":75,"alid":2,"firstname":"Jaakko","electionDayVotes":0,"pid":"2","finalPosition":0,"electedInformation":"ON_SUBSTITUTE_PLACE","totalVotesPercent":0.2,"nominatorName":{"fi":"Suomen Keskusta","sv":"Centern i Finland","en":"Centre Party of Finland"},"caid":25,"position":0,"gender":"1","comparisonData":{"totalVotes":56,"votesTotalChange":-53},"edid":8,"comparativeIndex":0.0,"electionDayVotesPercent":0.0,"nominatorAbbr":{"fi":"KESK","sv":"C","en":"CENT"}},{"age":47,"advanceVotesPercent":0.0,"lastname":"Jokela","occupation":"opistoupseeri","advanceVotes":0,"npid":2,"totalVotes":3,"spid":1,"abbr":"KESK","municipalCouncilor":false,"muid":75,"alid":2,"firstname":"Pasi","electionDayVotes":3,"pid":"2","finalPosition":0,"electedInformation":"ON_SUBSTITUTE_PLACE","totalVotesPercent":0.2,"nominatorName":{"fi":"Suomen Keskusta","sv":"Centern i Finland","en":"Centre Party of Finland"},"caid":26,"position":0,"gender":"1","comparisonData":{"totalVotes":47,"votesTotalChange":-44},"edid":8,"comparativeIndex":0.0,"electionDayVotesPercent":0.7,"nominatorAbbr":{"fi":"KESK","sv":"C","en":"CENT"}},{"age":54,"advanceVotesPercent":0.2,"lastname":"Kiuru","occupation":"maanviljelijä","advanceVotes":2,"npid":2,"totalVotes":3,"spid":1,"abbr":"KESK","municipalCouncilor":false,"muid":75,"alid":2,"firstname":"Ismo","electionDayVotes":1,"pid":"2","finalPosition":0,"electedInformation":"ELECTED","totalVotesPercent":0.2,"nominatorName":{"fi":"Suomen Keskusta","sv":"Centern i Finland","en":"Centre Party of Finland"},"caid":30,"position":0,"gender":"1","comparisonData":{"totalVotes":0,"votesTotalChange":3},"edid":8,"comparativeIndex":0.0,"electionDayVotesPercent":0.2,"nominatorAbbr":{"fi":"KESK","sv":"C","en":"CENT"}},{"age":61,"advanceVotesPercent":0.3,"lastname":"Ahonen","occupation":"koneasentaja","advanceVotes":3,"npid":5,"totalVotes":3,"spid":4,"abbr":"SDP","municipalCouncilor":false,"muid":75,"alid":5,"firstname":"Arto","electionDayVotes":0,"pid":"1","finalPosition":0,"electedInformation":"ON_SUBSTITUTE_PLACE","totalVotesPercent":0.2,"nominatorName":{"fi":"Suomen Sosialidemokraattinen Puolue","sv":"Finlands Socialdemokratiska Parti","en":"The Finnish Social Democratic Party"},"caid":82,"position":0,"gender":"1","comparisonData":{"totalVotes":19,"votesTotalChange":-16},"edid":8,"comparativeIndex":0.0,"electionDayVotesPercent":0.0,"nominatorAbbr":{"fi":"SDP","sv":"SDP","en":"SDP"}},{"age":55,"advanceVotesPercent":0.0,"lastname":"Porkka","occupation":"linja-autonkuljettaja","advanceVotes":0,"npid":5,"totalVotes":3,"spid":4,"abbr":"SDP","municipalCouncilor":false,"muid":75,"alid":5,"firstname":"Auvo","electionDayVotes":3,"pid":"1","finalPosition":0,"electedInformation":"ON_SUBSTITUTE_PLACE","totalVotesPercent":0.2,"nominatorName":{"fi":"Suomen Sosialidemokraattinen Puolue","sv":"Finlands Socialdemokratiska Parti","en":"The Finnish Social Democratic Party"},"caid":102,"position":0,"gender":"1","comparisonData":{"totalVotes":38,"votesTotalChange":-35},"edid":8,"comparativeIndex":0.0,"electionDayVotesPercent":0.7,"nominatorAbbr":{"fi":"SDP","sv":"SDP","en":"SDP"}},{"age":75,"advanceVotesPercent":0.3,"lastname":"Soukka","occupation":"eläkeläinen","advanceVotes":3,"npid":5,"totalVotes":3,"spid":4,"abbr":"SDP","municipalCouncilor":false,"muid":75,"alid":5,"firstname":"Aulis","electionDayVotes":0,"pid":"1","finalPosition":0,"electedInformation":"NOT_ELECTED","totalVotesPercent":0.2,"nominatorName":{"fi":"Suomen Sosialidemokraattinen Puolue","sv":"Finlands Socialdemokratiska Parti","en":"The Finnish Social Democratic Party"},"caid":110,"position":0,"gender":"1","comparisonData":{"totalVotes":28,"votesTotalChange":-25},"edid":8,"comparativeIndex":0.0,"electionDayVotesPercent":0.0,"nominatorAbbr":{"fi":"SDP","sv":"SDP","en":"SDP"}},{"age":55,"advanceVotesPercent":0.2,"lastname":"Tykkä","occupation":"raudoittaja","advanceVotes":2,"npid":5,"totalVotes":3,"spid":4,"abbr":"SDP","municipalCouncilor":false,"muid":75,"alid":5,"firstname":"Kai","electionDayVotes":1,"pid":"1","finalPosition":0,"electedInformation":"ON_SUBSTITUTE_PLACE","totalVotesPercent":0.2,"nominatorName":{"fi":"Suomen Sosialidemokraattinen Puolue","sv":"Finlands Socialdemokratiska Parti","en":"The Finnish Social Democratic Party"},"caid":112,"position":0,"gender":"1","comparisonData":{"totalVotes":0,"votesTotalChange":3},"edid":8,"comparativeIndex":0.0,"electionDayVotesPercent":0.2,"nominatorAbbr":{"fi":"SDP","sv":"SDP","en":"SDP"}},{"age":70,"advanceVotesPercent":0.2,"lastname":"Kangas","occupation":"eläkeläinen","advanceVotes":2,"npid":7,"totalVotes":3,"spid":3,"abbr":"PS","municipalCouncilor":false,"muid":75,"alid":7,"firstname":"Timo","electionDayVotes":1,"pid":"23","finalPosition":0,"electedInformation":"NOT_ELECTED","totalVotesPercent":0.2,"nominatorName":{"fi":"Perussuomalaiset","sv":"Sannfinländarna","en":"The Finns Party"},"caid":120,"position":0,"gender":"1","comparisonData":{"totalVotes":49,"votesTotalChange":-46},"edid":8,"comparativeIndex":0.0,"electionDayVotesPercent":0.2,"nominatorAbbr":{"fi":"PS","sv":"Sannf","en":"FINNS"}},{"age":58,"advanceVotesPercent":0.2,"lastname":"Ahtola","occupation":"opettaja","advanceVotes":2,"npid":1,"totalVotes":2,"spid":5,"abbr":"VIHR","municipalCouncilor":false,"muid":75,"alid":1,"firstname":"Tiina","electionDayVotes":0,"pid":"13","finalPosition":0,"electedInformation":"NOT_ELECTED","totalVotesPercent":0.2,"nominatorName":{"fi":"Vihreä liitto","sv":"Gröna förbundet","en":"Green League"},"caid":4,"position":0,"gender":"2","comparisonData":{"totalVotes":14,"votesTotalChange":-12},"edid":8,"comparativeIndex":0.0,"electionDayVotesPercent":0.0,"nominatorAbbr":{"fi":"VIHR","sv":"Gröna","en":"GREEN"}},{"age":49,"advanceVotesPercent":0.1,"lastname":"Kauta","occupation":"perushoitaja","advanceVotes":1,"npid":1,"totalVotes":2,"spid":5,"abbr":"VIHR","municipalCouncilor":false,"muid":75,"alid":1,"firstname":"Sari","electionDayVotes":1,"pid":"13","finalPosition":0,"electedInformation":"ON_SUBSTITUTE_PLACE","totalVotesPercent":0.2,"nominatorName":{"fi":"Vihreä liitto","sv":"Gröna förbundet","en":"Green League"},"caid":8,"position":0,"gender":"2","comparisonData":{"totalVotes":0,"votesTotalChange":2},"edid":8,"comparativeIndex":0.0,"electionDayVotesPercent":0.2,"nominatorAbbr":{"fi":"VIHR","sv":"Gröna","en":"GREEN"}},{"age":54,"advanceVotesPercent":0.2,"lastname":"Lappalainen","occupation":"kemian DI","advanceVotes":2,"npid":1,"totalVotes":2,"spid":5,"abbr":"VIHR","municipalCouncilor":false,"muid":75,"alid":1,"firstname":"Taina","electionDayVotes":0,"pid":"13","finalPosition":0,"electedInformation":"ON_SUBSTITUTE_PLACE","totalVotesPercent":0.2,"nominatorName":{"fi":"Vihreä liitto","sv":"Gröna förbundet","en":"Green League"},"caid":12,"position":0,"gender":"2","comparisonData":{"totalVotes":0,"votesTotalChange":2},"edid":8,"comparativeIndex":0.0,"electionDayVotesPercent":0.0,"nominatorAbbr":{"fi":"VIHR","sv":"Gröna","en":"GREEN"}},{"age":70,"advanceVotesPercent":0.1,"lastname":"Kataikko","occupation":"toimitusjohtaja, yrittäjä","advanceVotes":1,"npid":2,"totalVotes":2,"spid":1,"abbr":"KESK","municipalCouncilor":false,"muid":75,"alid":2,"firstname":"Pekka","electionDayVotes":1,"pid":"2","finalPosition":0,"electedInformation":"ON_SUBSTITUTE_PLACE","totalVotesPercent":0.2,"nominatorName":{"fi":"Suomen Keskusta","sv":"Centern i Finland","en":"Centre Party of Finland"},"caid":27,"position":0,"gender":"1","comparisonData":{"totalVotes":0,"votesTotalChange":2},"edid":8,"comparativeIndex":0.0,"electionDayVotesPercent":0.2,"nominatorAbbr":{"fi":"KESK","sv":"C","en":"CENT"}},{"age":29,"advanceVotesPercent":0.0,"lastname":"Pilli-Zitron","occupation":"lähihoitaja","advanceVotes":0,"npid":2,"totalVotes":2,"spid":1,"abbr":"KESK","municipalCouncilor":false,"muid":75,"alid":2,"firstname":"Virpi","electionDayVotes":2,"pid":"2","finalPosition":0,"electedInformation":"NOT_ELECTED","totalVotesPercent":0.2,"nominatorName":{"fi":"Suomen Keskusta","sv":"Centern i Finland","en":"Centre Party of Finland"},"caid":37,"position":0,"gender":"2","comparisonData":{"totalVotes":0,"votesTotalChange":2},"edid":8,"comparativeIndex":0.0,"electionDayVotesPercent":0.4,"nominatorAbbr":{"fi":"KESK","sv":"C","en":"CENT"}},{"age":66,"advanceVotesPercent":0.2,"lastname":"Kemppi","occupation":"sosiaalityöntekijä, eläkkeellä","advanceVotes":2,"npid":3,"totalVotes":2,"spid":8,"abbr":"KD","municipalCouncilor":false,"muid":75,"alid":3,"firstname":"Jouko","electionDayVotes":0,"pid":"9","finalPosition":0,"electedInformation":"NOT_ELECTED","totalVotesPercent":0.2,"nominatorName":{"fi":"Suomen Kristillisdemokraatit (KD)","sv":"Kristdemokraterna i Finland (KD)","en":"Christian Democrats in Finland"},"caid":46,"position":0,"gender":"1","comparisonData":{"totalVotes":0,"votesTotalChange":2},"edid":8,"comparativeIndex":0.0,"electionDayVotesPercent":0.0,"nominatorAbbr":{"fi":"KD","sv":"KD","en":"CD"}},{"age":69,"advanceVotesPercent":0.2,"lastname":"Korjula","occupation":"insinööri, eläkkeellä","advanceVotes":2,"npid":3,"totalVotes":2,"spid":8,"abbr":"KD","municipalCouncilor":false,"muid":75,"alid":3,"firstname":"Juhani","electionDayVotes":0,"pid":"9","finalPosition":0,"electedInformation":"NOT_ELECTED","totalVotesPercent":0.2,"nominatorName":{"fi":"Suomen Kristillisdemokraatit (KD)","sv":"Kristdemokraterna i Finland (KD)","en":"Christian Democrats in Finland"},"caid":47,"position":0,"gender":"1","comparisonData":{"totalVotes":15,"votesTotalChange":-13},"edid":8,"comparativeIndex":0.0,"electionDayVotesPercent":0.0,"nominatorAbbr":{"fi":"KD","sv":"KD","en":"CD"}},{"age":52,"advanceVotesPercent":0.1,"lastname":"Järvenpää","occupation":"diplomi-insinööri","advanceVotes":1,"npid":4,"totalVotes":2,"spid":2,"abbr":"KOK","municipalCouncilor":false,"muid":75,"alid":4,"firstname":"Aki","electionDayVotes":1,"pid":"4","finalPosition":0,"electedInformation":"NOT_ELECTED","totalVotesPercent":0.2,"nominatorName":{"fi":"Kansallinen Kokoomus","sv":"Samlingspartiet","en":"National Coalition Party"},"caid":59,"position":0,"gender":"1","comparisonData":{"totalVotes":17,"votesTotalChange":-15},"edid":8,"comparativeIndex":0.0,"electionDayVotesPercent":0.2,"nominatorAbbr":{"fi":"KOK","sv":"Saml","en":"NCP"}},{"age":41,"advanceVotesPercent":0.2,"lastname":"Vartiainen","occupation":"sairaanhoitajaopiskelija","advanceVotes":2,"npid":4,"totalVotes":2,"spid":2,"abbr":"KOK","municipalCouncilor":false,"muid":75,"alid":4,"firstname":"Riina","electionDayVotes":0,"pid":"4","finalPosition":0,"electedInformation":"NOT_ELECTED","totalVotesPercent":0.2,"nominatorName":{"fi":"Kansallinen Kokoomus","sv":"Samlingspartiet","en":"National Coalition Party"},"caid":78,"position":0,"gender":"2","comparisonData":{"totalVotes":0,"votesTotalChange":2},"edid":8,"comparativeIndex":0.0,"electionDayVotesPercent":0.0,"nominatorAbbr":{"fi":"KOK","sv":"Saml","en":"NCP"}},{"age":46,"advanceVotesPercent":0.0,"lastname":"Forsman","occupation":"prosessinhoitaja","advanceVotes":0,"npid":5,"totalVotes":2,"spid":4,"abbr":"SDP","municipalCouncilor":false,"muid":75,"alid":5,"firstname":"Jari","electionDayVotes":2,"pid":"1","finalPosition":0,"electedInformation":"NOT_ELECTED","totalVotesPercent":0.2,"nominatorName":{"fi":"Suomen Sosialidemokraattinen Puolue","sv":"Finlands Socialdemokratiska Parti","en":"The Finnish Social Democratic Party"},"caid":85,"position":0,"gender":"1","comparisonData":{"totalVotes":0,"votesTotalChange":2},"edid":8,"comparativeIndex":0.0,"electionDayVotesPercent":0.4,"nominatorAbbr":{"fi":"SDP","sv":"SDP","en":"SDP"}},{"age":44,"advanceVotesPercent":0.2,"lastname":"Lampikari-Olli","occupation":"yrittäjä","advanceVotes":2,"npid":5,"totalVotes":2,"spid":4,"abbr":"SDP","municipalCouncilor":false,"muid":75,"alid":5,"firstname":"Satu","electionDayVotes":0,"pid":"1","finalPosition":0,"electedInformation":"ON_SUBSTITUTE_PLACE","totalVotesPercent":0.2,"nominatorName":{"fi":"Suomen Sosialidemokraattinen Puolue","sv":"Finlands Socialdemokratiska Parti","en":"The Finnish Social Democratic Party"},"caid":98,"position":0,"gender":"2","comparisonData":{"totalVotes":0,"votesTotalChange":2},"edid":8,"comparativeIndex":0.0,"electionDayVotesPercent":0.0,"nominatorAbbr":{"fi":"SDP","sv":"SDP","en":"SDP"}},{"age":65,"advanceVotesPercent":0.2,"lastname":"Riivari","occupation":"freelancer toimittaja","advanceVotes":2,"npid":5,"totalVotes":2,"spid":4,"abbr":"SDP","municipalCouncilor":false,"muid":75,"alid":5,"firstname":"Veijo","electionDayVotes":0,"pid":"1","finalPosition":0,"electedInformation":"NOT_ELECTED","totalVotesPercent":0.2,"nominatorName":{"fi":"Suomen Sosialidemokraattinen Puolue","sv":"Finlands Socialdemokratiska Parti","en":"The Finnish Social Democratic Party"},"caid":105,"position":0,"gender":"1","comparisonData":{"totalVotes":39,"votesTotalChange":-37},"edid":8,"comparativeIndex":0.0,"electionDayVotesPercent":0.0,"nominatorAbbr":{"fi":"SDP","sv":"SDP","en":"SDP"}},{"age":64,"advanceVotesPercent":0.2,"lastname":"Haikka","occupation":"aluevalvoja","advanceVotes":2,"npid":7,"totalVotes":2,"spid":3,"abbr":"PS","municipalCouncilor":false,"muid":75,"alid":7,"firstname":"Tapio","electionDayVotes":0,"pid":"23","finalPosition":0,"electedInformation":"ON_SUBSTITUTE_PLACE","totalVotesPercent":0.2,"nominatorName":{"fi":"Perussuomalaiset","sv":"Sannfinländarna","en":"The Finns Party"},"caid":116,"position":0,"gender":"1","comparisonData":{"totalVotes":0,"votesTotalChange":2},"edid":8,"comparativeIndex":0.0,"electionDayVotesPercent":0.0,"nominatorAbbr":{"fi":"PS","sv":"Sannf","en":"FINNS"}},{"age":45,"advanceVotesPercent":0.2,"lastname":"Hankia","occupation":"laatoittaja, kalusteasentaja","advanceVotes":2,"npid":7,"totalVotes":2,"spid":3,"abbr":"PS","municipalCouncilor":false,"muid":75,"alid":7,"firstname":"Tero","electionDayVotes":0,"pid":"23","finalPosition":0,"electedInformation":"ON_SUBSTITUTE_PLACE","totalVotesPercent":0.2,"nominatorName":{"fi":"Perussuomalaiset","sv":"Sannfinländarna","en":"The Finns Party"},"caid":117,"position":0,"gender":"1","comparisonData":{"totalVotes":58,"votesTotalChange":-56},"edid":8,"comparativeIndex":0.0,"electionDayVotesPercent":0.0,"nominatorAbbr":{"fi":"PS","sv":"Sannf","en":"FINNS"}},{"age":50,"advanceVotesPercent":0.1,"lastname":"Liikkanen","occupation":"sairaanhoitaja","advanceVotes":1,"npid":7,"totalVotes":2,"spid":3,"abbr":"PS","municipalCouncilor":false,"muid":75,"alid":7,"firstname":"Pia","electionDayVotes":1,"pid":"23","finalPosition":0,"electedInformation":"ON_SUBSTITUTE_PLACE","totalVotesPercent":0.2,"nominatorName":{"fi":"Perussuomalaiset","sv":"Sannfinländarna","en":"The Finns Party"},"caid":125,"position":0,"gender":"2","comparisonData":{"totalVotes":0,"votesTotalChange":2},"edid":8,"comparativeIndex":0.0,"electionDayVotesPercent":0.2,"nominatorAbbr":{"fi":"PS","sv":"Sannf","en":"FINNS"}},{"age":67,"advanceVotesPercent":0.1,"lastname":"Piipari","occupation":"eläkeläinen","advanceVotes":1,"npid":7,"totalVotes":2,"spid":3,"abbr":"PS","municipalCouncilor":false,"muid":75,"alid":7,"firstname":"Raimo","electionDayVotes":1,"pid":"23","finalPosition":0,"electedInformation":"NOT_ELECTED","totalVotesPercent":0.2,"nominatorName":{"fi":"Perussuomalaiset","sv":"Sannfinländarna","en":"The Finns Party"},"caid":131,"position":0,"gender":"1","comparisonData":{"totalVotes":14,"votesTotalChange":-12},"edid":8,"comparativeIndex":0.0,"electionDayVotesPercent":0.2,"nominatorAbbr":{"fi":"PS","sv":"Sannf","en":"FINNS"}},{"age":59,"advanceVotesPercent":0.1,"lastname":"Autio","occupation":"puuteollisuusteknikko","advanceVotes":1,"npid":1,"totalVotes":1,"spid":5,"abbr":"VIHR","municipalCouncilor":false,"muid":75,"alid":1,"firstname":"Pekka","electionDayVotes":0,"pid":"13","finalPosition":0,"electedInformation":"NOT_ELECTED","totalVotesPercent":0.1,"nominatorName":{"fi":"Vihreä liitto","sv":"Gröna förbundet","en":"Green League"},"caid":6,"position":0,"gender":"1","comparisonData":{"totalVotes":0,"votesTotalChange":1},"edid":8,"comparativeIndex":0.0,"electionDayVotesPercent":0.0,"nominatorAbbr":{"fi":"VIHR","sv":"Gröna","en":"GREEN"}},{"age":52,"advanceVotesPercent":0.1,"lastname":"Laine","occupation":"FM, vastaava suojelubiologi","advanceVotes":1,"npid":1,"totalVotes":1,"spid":5,"abbr":"VIHR","municipalCouncilor":false,"muid":75,"alid":1,"firstname":"Ari","electionDayVotes":0,"pid":"13","finalPosition":0,"electedInformation":"NOT_ELECTED","totalVotesPercent":0.1,"nominatorName":{"fi":"Vihreä liitto","sv":"Gröna förbundet","en":"Green League"},"caid":11,"position":0,"gender":"1","comparisonData":{"totalVotes":0,"votesTotalChange":1},"edid":8,"comparativeIndex":0.0,"electionDayVotesPercent":0.0,"nominatorAbbr":{"fi":"VIHR","sv":"Gröna","en":"GREEN"}},{"age":61,"advanceVotesPercent":0.1,"lastname":"Palmroth","occupation":"eläkeläinen, sairaanhoitaja","advanceVotes":1,"npid":1,"totalVotes":1,"spid":5,"abbr":"VIHR","municipalCouncilor":false,"muid":75,"alid":1,"firstname":"Maria","electionDayVotes":0,"pid":"13","finalPosition":0,"electedInformation":"NOT_ELECTED","totalVotesPercent":0.1,"nominatorName":{"fi":"Vihreä liitto","sv":"Gröna förbundet","en":"Green League"},"caid":14,"position":0,"gender":"2","comparisonData":{"totalVotes":11,"votesTotalChange":-10},"edid":8,"comparativeIndex":0.0,"electionDayVotesPercent":0.0,"nominatorAbbr":{"fi":"VIHR","sv":"Gröna","en":"GREEN"}},{"age":44,"advanceVotesPercent":0.0,"lastname":"Suoninen","occupation":"opettaja","advanceVotes":0,"npid":1,"totalVotes":1,"spid":5,"abbr":"VIHR","municipalCouncilor":false,"muid":75,"alid":1,"firstname":"Alla","electionDayVotes":1,"pid":"13","finalPosition":0,"electedInformation":"NOT_ELECTED","totalVotesPercent":0.1,"nominatorName":{"fi":"Vihreä liitto","sv":"Gröna förbundet","en":"Green League"},"caid":17,"position":0,"gender":"2","comparisonData":{"totalVotes":0,"votesTotalChange":1},"edid":8,"comparativeIndex":0.0,"electionDayVotesPercent":0.2,"nominatorAbbr":{"fi":"VIHR","sv":"Gröna","en":"GREEN"}},{"age":47,"advanceVotesPercent":0.1,"lastname":"Kauta","occupation":"yrittäjä","advanceVotes":1,"npid":2,"totalVotes":1,"spid":1,"abbr":"KESK","municipalCouncilor":false,"muid":75,"alid":2,"firstname":"Manne","electionDayVotes":0,"pid":"2","finalPosition":0,"electedInformation":"NOT_ELECTED","totalVotesPercent":0.1,"nominatorName":{"fi":"Suomen Keskusta","sv":"Centern i Finland","en":"Centre Party of Finland"},"caid":28,"position":0,"gender":"1","comparisonData":{"totalVotes":22,"votesTotalChange":-21},"edid":8,"comparativeIndex":0.0,"electionDayVotesPercent":0.0,"nominatorAbbr":{"fi":"KESK","sv":"C","en":"CENT"}},{"age":73,"advanceVotesPercent":0.1,"lastname":"Korpijoki","occupation":"KTS-kauppias","advanceVotes":1,"npid":2,"totalVotes":1,"spid":1,"abbr":"KESK","municipalCouncilor":false,"muid":75,"alid":2,"firstname":"Ilmo","electionDayVotes":0,"pid":"2","finalPosition":0,"electedInformation":"NOT_ELECTED","totalVotesPercent":0.1,"nominatorName":{"fi":"Suomen Keskusta","sv":"Centern i Finland","en":"Centre Party of Finland"},"caid":31,"position":0,"gender":"1","comparisonData":{"totalVotes":27,"votesTotalChange":-26},"edid":8,"comparativeIndex":0.0,"electionDayVotesPercent":0.0,"nominatorAbbr":{"fi":"KESK","sv":"C","en":"CENT"}},{"age":46,"advanceVotesPercent":0.1,"lastname":"Posti-Ahokas","occupation":"maanviljelijä","advanceVotes":1,"npid":2,"totalVotes":1,"spid":1,"abbr":"KESK","municipalCouncilor":false,"muid":75,"alid":2,"firstname":"Heikki","electionDayVotes":0,"pid":"2","finalPosition":0,"electedInformation":"ON_SUBSTITUTE_PLACE","totalVotesPercent":0.1,"nominatorName":{"fi":"Suomen Keskusta","sv":"Centern i Finland","en":"Centre Party of Finland"},"caid":38,"position":0,"gender":"1","comparisonData":{"totalVotes":51,"votesTotalChange":-50},"edid":8,"comparativeIndex":0.0,"electionDayVotesPercent":0.0,"nominatorAbbr":{"fi":"KESK","sv":"C","en":"CENT"}},{"age":57,"advanceVotesPercent":0.0,"lastname":"Ristola","occupation":"asennuspäällikkö","advanceVotes":0,"npid":2,"totalVotes":1,"spid":1,"abbr":"KESK","municipalCouncilor":false,"muid":75,"alid":2,"firstname":"Ari","electionDayVotes":1,"pid":"2","finalPosition":0,"electedInformation":"NOT_ELECTED","totalVotesPercent":0.1,"nominatorName":{"fi":"Suomen Keskusta","sv":"Centern i Finland","en":"Centre Party of Finland"},"caid":40,"position":0,"gender":"1","comparisonData":{"totalVotes":16,"votesTotalChange":-15},"edid":8,"comparativeIndex":0.0,"electionDayVotesPercent":0.2,"nominatorAbbr":{"fi":"KESK","sv":"C","en":"CENT"}},{"age":54,"advanceVotesPercent":0.1,"lastname":"Rongas","occupation":"johtaja","advanceVotes":1,"npid":2,"totalVotes":1,"spid":1,"abbr":"KESK","municipalCouncilor":false,"muid":75,"alid":2,"firstname":"Juha Sakari","electionDayVotes":0,"pid":"2","finalPosition":0,"electedInformation":"NOT_ELECTED","totalVotesPercent":0.1,"nominatorName":{"fi":"Suomen Keskusta","sv":"Centern i Finland","en":"Centre Party of Finland"},"caid":41,"position":0,"gender":"1","comparisonData":{"totalVotes":0,"votesTotalChange":1},"edid":8,"comparativeIndex":0.0,"electionDayVotesPercent":0.0,"nominatorAbbr":{"fi":"KESK","sv":"C","en":"CENT"}},{"age":50,"advanceVotesPercent":0.0,"lastname":"Uusiheimala","occupation":"linja-autonkuljettaja","advanceVotes":0,"npid":2,"totalVotes":1,"spid":1,"abbr":"KESK","municipalCouncilor":false,"muid":75,"alid":2,"firstname":"Aarre","electionDayVotes":1,"pid":"2","finalPosition":0,"electedInformation":"NOT_ELECTED","totalVotesPercent":0.1,"nominatorName":{"fi":"Suomen Keskusta","sv":"Centern i Finland","en":"Centre Party of Finland"},"caid":44,"position":0,"gender":"1","comparisonData":{"totalVotes":0,"votesTotalChange":1},"edid":8,"comparativeIndex":0.0,"electionDayVotesPercent":0.2,"nominatorAbbr":{"fi":"KESK","sv":"C","en":"CENT"}},{"age":72,"advanceVotesPercent":0.1,"lastname":"Pohjalainen","occupation":"ICT-tukihenkilö, eläkkeellä","advanceVotes":1,"npid":3,"totalVotes":1,"spid":8,"abbr":"KD","municipalCouncilor":false,"muid":75,"alid":3,"firstname":"Sirpa","electionDayVotes":0,"pid":"9","finalPosition":0,"electedInformation":"NOT_ELECTED","totalVotesPercent":0.1,"nominatorName":{"fi":"Suomen Kristillisdemokraatit (KD)","sv":"Kristdemokraterna i Finland (KD)","en":"Christian Democrats in Finland"},"caid":52,"position":0,"gender":"2","comparisonData":{"totalVotes":0,"votesTotalChange":1},"edid":8,"comparativeIndex":0.0,"electionDayVotesPercent":0.0,"nominatorAbbr":{"fi":"KD","sv":"KD","en":"CD"}},{"age":54,"advanceVotesPercent":0.1,"lastname":"Häkkinen","occupation":"matkailuyrittäjä, artenomi","advanceVotes":1,"npid":4,"totalVotes":1,"spid":2,"abbr":"KOK","municipalCouncilor":false,"muid":75,"alid":4,"firstname":"Virve","electionDayVotes":0,"pid":"4","finalPosition":0,"electedInformation":"NOT_ELECTED","totalVotesPercent":0.1,"nominatorName":{"fi":"Kansallinen Kokoomus","sv":"Samlingspartiet","en":"National Coalition Party"},"caid":57,"position":0,"gender":"2","comparisonData":{"totalVotes":0,"votesTotalChange":1},"edid":8,"comparativeIndex":0.0,"electionDayVotesPercent":0.0,"nominatorAbbr":{"fi":"KOK","sv":"Saml","en":"NCP"}},{"age":50,"advanceVotesPercent":0.0,"lastname":"Lonka","occupation":"yo-merkonomi","advanceVotes":0,"npid":4,"totalVotes":1,"spid":2,"abbr":"KOK","municipalCouncilor":false,"muid":75,"alid":4,"firstname":"Anne","electionDayVotes":1,"pid":"4","finalPosition":0,"electedInformation":"NOT_ELECTED","totalVotesPercent":0.1,"nominatorName":{"fi":"Kansallinen Kokoomus","sv":"Samlingspartiet","en":"National Coalition Party"},"caid":64,"position":0,"gender":"2","comparisonData":{"totalVotes":0,"votesTotalChange":1},"edid":8,"comparativeIndex":0.0,"electionDayVotesPercent":0.2,"nominatorAbbr":{"fi":"KOK","sv":"Saml","en":"NCP"}},{"age":57,"advanceVotesPercent":0.0,"lastname":"Rahikka","occupation":"ravintolapäällikkö","advanceVotes":0,"npid":4,"totalVotes":1,"spid":2,"abbr":"KOK","municipalCouncilor":false,"muid":75,"alid":4,"firstname":"René","electionDayVotes":1,"pid":"4","finalPosition":0,"electedInformation":"NOT_ELECTED","totalVotesPercent":0.1,"nominatorName":{"fi":"Kansallinen Kokoomus","sv":"Samlingspartiet","en":"National Coalition Party"},"caid":69,"position":0,"gender":"1","comparisonData":{"totalVotes":0,"votesTotalChange":1},"edid":8,"comparativeIndex":0.0,"electionDayVotesPercent":0.2,"nominatorAbbr":{"fi":"KOK","sv":"Saml","en":"NCP"}},{"age":55,"advanceVotesPercent":0.0,"lastname":"Vuoksiala","occupation":"kuntohoitaja, yrittäjä","advanceVotes":0,"npid":4,"totalVotes":1,"spid":2,"abbr":"KOK","municipalCouncilor":false,"muid":75,"alid":4,"firstname":"Tuija","electionDayVotes":1,"pid":"4","finalPosition":0,"electedInformation":"ELECTED","totalVotesPercent":0.1,"nominatorName":{"fi":"Kansallinen Kokoomus","sv":"Samlingspartiet","en":"National Coalition Party"},"caid":80,"position":0,"gender":"2","comparisonData":{"totalVotes":69,"votesTotalChange":-68},"edid":8,"comparativeIndex":0.0,"electionDayVotesPercent":0.2,"nominatorAbbr":{"fi":"KOK","sv":"Saml","en":"NCP"}},{"age":64,"advanceVotesPercent":0.1,"lastname":"Junnila","occupation":"vuoroesimies","advanceVotes":1,"npid":5,"totalVotes":1,"spid":4,"abbr":"SDP","municipalCouncilor":false,"muid":75,"alid":5,"firstname":"Veli-Matti","electionDayVotes":0,"pid":"1","finalPosition":0,"electedInformation":"NOT_ELECTED","totalVotesPercent":0.1,"nominatorName":{"fi":"Suomen Sosialidemokraattinen Puolue","sv":"Finlands Socialdemokratiska Parti","en":"The Finnish Social Democratic Party"},"caid":94,"position":0,"gender":"1","comparisonData":{"totalVotes":0,"votesTotalChange":1},"edid":8,"comparativeIndex":0.0,"electionDayVotesPercent":0.0,"nominatorAbbr":{"fi":"SDP","sv":"SDP","en":"SDP"}},{"age":41,"advanceVotesPercent":0.0,"lastname":"Timperi","occupation":"sähköasentaja","advanceVotes":0,"npid":5,"totalVotes":1,"spid":4,"abbr":"SDP","municipalCouncilor":false,"muid":75,"alid":5,"firstname":"Juho","electionDayVotes":1,"pid":"1","finalPosition":0,"electedInformation":"NOT_ELECTED","totalVotesPercent":0.1,"nominatorName":{"fi":"Suomen Sosialidemokraattinen Puolue","sv":"Finlands Socialdemokratiska Parti","en":"The Finnish Social Democratic Party"},"caid":111,"position":0,"gender":"1","comparisonData":{"totalVotes":0,"votesTotalChange":1},"edid":8,"comparativeIndex":0.0,"electionDayVotesPercent":0.2,"nominatorAbbr":{"fi":"SDP","sv":"SDP","en":"SDP"}},{"age":44,"advanceVotesPercent":0.0,"lastname":"Forsström","occupation":"insinööri, opettaja","advanceVotes":0,"npid":7,"totalVotes":1,"spid":3,"abbr":"PS","municipalCouncilor":false,"muid":75,"alid":7,"firstname":"Sami","electionDayVotes":1,"pid":"23","finalPosition":0,"electedInformation":"ON_SUBSTITUTE_PLACE","totalVotesPercent":0.1,"nominatorName":{"fi":"Perussuomalaiset","sv":"Sannfinländarna","en":"The Finns Party"},"caid":115,"position":0,"gender":"1","comparisonData":{"totalVotes":0,"votesTotalChange":1},"edid":8,"comparativeIndex":0.0,"electionDayVotesPercent":0.2,"nominatorAbbr":{"fi":"PS","sv":"Sannf","en":"FINNS"}},{"age":54,"advanceVotesPercent":0.1,"lastname":"Niemelä","occupation":"rakennusmestari","advanceVotes":1,"npid":7,"totalVotes":1,"spid":3,"abbr":"PS","municipalCouncilor":false,"muid":75,"alid":7,"firstname":"Tuomo","electionDayVotes":0,"pid":"23","finalPosition":0,"electedInformation":"NOT_ELECTED","totalVotesPercent":0.1,"nominatorName":{"fi":"Perussuomalaiset","sv":"Sannfinländarna","en":"The Finns Party"},"caid":128,"position":0,"gender":"1","comparisonData":{"totalVotes":35,"votesTotalChange":-34},"edid":8,"comparativeIndex":0.0,"electionDayVotesPercent":0.0,"nominatorAbbr":{"fi":"PS","sv":"Sannf","en":"FINNS"}},{"age":46,"advanceVotesPercent":0.1,"lastname":"Ots","occupation":"filosofian maisteri, aukt. kääntäjä","advanceVotes":1,"npid":7,"totalVotes":1,"spid":3,"abbr":"PS","municipalCouncilor":false,"muid":75,"alid":7,"firstname":"Rain","electionDayVotes":0,"pid":"23","finalPosition":0,"electedInformation":"NOT_ELECTED","totalVotesPercent":0.1,"nominatorName":{"fi":"Perussuomalaiset","sv":"Sannfinländarna","en":"The Finns Party"},"caid":130,"position":0,"gender":"1","comparisonData":{"totalVotes":0,"votesTotalChange":1},"edid":8,"comparativeIndex":0.0,"electionDayVotesPercent":0.0,"nominatorAbbr":{"fi":"PS","sv":"Sannf","en":"FINNS"}},{"age":60,"advanceVotesPercent":0.1,"lastname":"Takanen","occupation":"sekatyömies","advanceVotes":1,"npid":7,"totalVotes":1,"spid":3,"abbr":"PS","municipalCouncilor":false,"muid":75,"alid":7,"firstname":"Esa","electionDayVotes":0,"pid":"23","finalPosition":0,"electedInformation":"NOT_ELECTED","totalVotesPercent":0.1,"nominatorName":{"fi":"Perussuomalaiset","sv":"Sannfinländarna","en":"The Finns Party"},"caid":136,"position":0,"gender":"1","comparisonData":{"totalVotes":18,"votesTotalChange":-17},"edid":8,"comparativeIndex":0.0,"electionDayVotesPercent":0.0,"nominatorAbbr":{"fi":"PS","sv":"Sannf","en":"FINNS"}},{"age":59,"advanceVotesPercent":0.0,"lastname":"Tiilikka","occupation":"trukinkuljettaja, järjestyksenvalvoja","advanceVotes":0,"npid":7,"totalVotes":1,"spid":3,"abbr":"PS","municipalCouncilor":false,"muid":75,"alid":7,"firstname":"Urpo","electionDayVotes":1,"pid":"23","finalPosition":0,"electedInformation":"NOT_ELECTED","totalVotesPercent":0.1,"nominatorName":{"fi":"Perussuomalaiset","sv":"Sannfinländarna","en":"The Finns Party"},"caid":137,"position":0,"gender":"1","comparisonData":{"totalVotes":0,"votesTotalChange":1},"edid":8,"comparativeIndex":0.0,"electionDayVotesPercent":0.2,"nominatorAbbr":{"fi":"PS","sv":"Sannf","en":"FINNS"}},{"age":33,"advanceVotesPercent":0.0,"lastname":"Bibiano","occupation":"urheilujohtamisen kandidaatti","advanceVotes":0,"npid":2,"totalVotes":0,"spid":1,"abbr":"KESK","municipalCouncilor":false,"muid":75,"alid":2,"firstname":"Danny","electionDayVotes":0,"pid":"2","finalPosition":0,"electedInformation":"NOT_ELECTED","totalVotesPercent":0.0,"nominatorName":{"fi":"Suomen Keskusta","sv":"Centern i Finland","en":"Centre Party of Finland"},"caid":21,"position":0,"gender":"1","comparisonData":{"totalVotes":0,"votesTotalChange":0},"edid":8,"comparativeIndex":0.0,"electionDayVotesPercent":0.0,"nominatorAbbr":{"fi":"KESK","sv":"C","en":"CENT"}},{"age":64,"advanceVotesPercent":0.0,"lastname":"Lahtinen","occupation":"ahtaaja","advanceVotes":0,"npid":2,"totalVotes":0,"spid":1,"abbr":"KESK","municipalCouncilor":false,"muid":75,"alid":2,"firstname":"Markku","electionDayVotes":0,"pid":"2","finalPosition":0,"electedInformation":"NOT_ELECTED","totalVotesPercent":0.0,"nominatorName":{"fi":"Suomen Keskusta","sv":"Centern i Finland","en":"Centre Party of Finland"},"caid":34,"position":0,"gender":"1","comparisonData":{"totalVotes":9,"votesTotalChange":-9},"edid":8,"comparativeIndex":0.0,"electionDayVotesPercent":0.0,"nominatorAbbr":{"fi":"KESK","sv":"C","en":"CENT"}},{"age":62,"advanceVotesPercent":0.0,"lastname":"Heiskanen","occupation":"eläkeläinen, vanginvartija","advanceVotes":0,"npid":3,"totalVotes":0,"spid":8,"abbr":"KD","municipalCouncilor":false,"muid":75,"alid":3,"firstname":"Paavo","electionDayVotes":0,"pid":"9","finalPosition":0,"electedInformation":"NOT_ELECTED","totalVotesPercent":0.0,"nominatorName":{"fi":"Suomen Kristillisdemokraatit (KD)","sv":"Kristdemokraterna i Finland (KD)","en":"Christian Democrats in Finland"},"caid":45,"position":0,"gender":"1","comparisonData":{"totalVotes":15,"votesTotalChange":-15},"edid":8,"comparativeIndex":0.0,"electionDayVotesPercent":0.0,"nominatorAbbr":{"fi":"KD","sv":"KD","en":"CD"}},{"age":62,"advanceVotesPercent":0.0,"lastname":"Myyryläinen","occupation":"ATK-ohjelmoija, eläkeläinen","advanceVotes":0,"npid":4,"totalVotes":0,"spid":2,"abbr":"KOK","municipalCouncilor":false,"muid":75,"alid":4,"firstname":"Jari-Pekka","electionDayVotes":0,"pid":"4","finalPosition":0,"electedInformation":"NOT_ELECTED","totalVotesPercent":0.0,"nominatorName":{"fi":"Kansallinen Kokoomus","sv":"Samlingspartiet","en":"National Coalition Party"},"caid":65,"position":0,"gender":"1","comparisonData":{"totalVotes":0,"votesTotalChange":0},"edid":8,"comparativeIndex":0.0,"electionDayVotesPercent":0.0,"nominatorAbbr":{"fi":"KOK","sv":"Saml","en":"NCP"}},{"age":41,"advanceVotesPercent":0.0,"lastname":"Gomez","occupation":"hoitoapulainen","advanceVotes":0,"npid":5,"totalVotes":0,"spid":4,"abbr":"SDP","municipalCouncilor":false,"muid":75,"alid":5,"firstname":"Francis","electionDayVotes":0,"pid":"1","finalPosition":0,"electedInformation":"NOT_ELECTED","totalVotesPercent":0.0,"nominatorName":{"fi":"Suomen Sosialidemokraattinen Puolue","sv":"Finlands Socialdemokratiska Parti","en":"The Finnish Social Democratic Party"},"caid":86,"position":0,"gender":"1","comparisonData":{"totalVotes":0,"votesTotalChange":0},"edid":8,"comparativeIndex":0.0,"electionDayVotesPercent":0.0,"nominatorAbbr":{"fi":"SDP","sv":"SDP","en":"SDP"}},{"age":46,"advanceVotesPercent":0.0,"lastname":"Perälä","occupation":"yrittäjä","advanceVotes":0,"npid":5,"totalVotes":0,"spid":4,"abbr":"SDP","municipalCouncilor":false,"muid":75,"alid":5,"firstname":"Janne","electionDayVotes":0,"pid":"1","finalPosition":0,"electedInformation":"NOT_ELECTED","totalVotesPercent":0.0,"nominatorName":{"fi":"Suomen Sosialidemokraattinen Puolue","sv":"Finlands Socialdemokratiska Parti","en":"The Finnish Social Democratic Party"},"caid":101,"position":0,"gender":"1","comparisonData":{"totalVotes":0,"votesTotalChange":0},"edid":8,"comparativeIndex":0.0,"electionDayVotesPercent":0.0,"nominatorAbbr":{"fi":"SDP","sv":"SDP","en":"SDP"}},{"age":63,"advanceVotesPercent":0.0,"lastname":"Kirjavainen","occupation":"kauppias, eläkeläinen","advanceVotes":0,"npid":7,"totalVotes":0,"spid":3,"abbr":"PS","municipalCouncilor":false,"muid":75,"alid":7,"firstname":"Tapio","electionDayVotes":0,"pid":"23","finalPosition":0,"electedInformation":"NOT_ELECTED","totalVotesPercent":0.0,"nominatorName":{"fi":"Perussuomalaiset","sv":"Sannfinländarna","en":"The Finns Party"},"caid":123,"position":0,"gender":"1","comparisonData":{"totalVotes":40,"votesTotalChange":-40},"edid":8,"comparativeIndex":0.0,"electionDayVotesPercent":0.0,"nominatorAbbr":{"fi":"PS","sv":"Sannf","en":"FINNS"}},{"age":29,"advanceVotesPercent":0.0,"lastname":"Suurnäkki","occupation":"myyjä, tuotepäällikkö","advanceVotes":0,"npid":7,"totalVotes":0,"spid":3,"abbr":"PS","municipalCouncilor":false,"muid":75,"alid":7,"firstname":"Iina","electionDayVotes":0,"pid":"23","finalPosition":0,"electedInformation":"NOT_ELECTED","totalVotesPercent":0.0,"nominatorName":{"fi":"Perussuomalaiset","sv":"Sannfinländarna","en":"The Finns Party"},"caid":135,"position":0,"gender":"2","comparisonData":{"totalVotes":0,"votesTotalChange":0},"edid":8,"comparativeIndex":0.0,"electionDayVotesPercent":0.0,"nominatorAbbr":{"fi":"PS","sv":"Sannf","en":"FINNS"}}],"municipalityPollingDistricts":[{"name":{"fi":"Alakaupunki","sv":"Alakaupunki"},"calculationStatusPercent":100.0,"joinedArea":false,"muid":75,"totalVotingInFinlandTurnout":58.9,"identification":"001","pdid":"001","eligibleVotersInFinlandTotal":2670,"edid":8,"mergedToPdid":""},{"name":{"fi":"Husula","sv":"Husula"},"calculationStatusPercent":100.0,"joinedArea":false,"muid":75,"totalVotingInFinlandTurnout":56.2,"identification":"002","pdid":"002","eligibleVotersInFinlandTotal":2423,"edid":8,"mergedToPdid":""},{"name":{"fi":"Kannusjärvi","sv":"Kannusjärvi"},"calculationStatusPercent":100.0,"joinedArea":false,"muid":75,"totalVotingInFinlandTurnout":67.4,"identification":"003","pdid":"003","eligibleVotersInFinlandTotal":356,"edid":8,"mergedToPdid":""},{"name":{"fi":"Keskikaupunki","sv":"Keskikaupunki"},"calculationStatusPercent":100.0,"joinedArea":false,"muid":75,"totalVotingInFinlandTurnout":60.0,"identification":"004","pdid":"004","eligibleVotersInFinlandTotal":2220,"edid":8,"mergedToPdid":""},{"name":{"fi":"Metsäkylä","sv":"Metsäkylä"},"calculationStatusPercent":100.0,"joinedArea":false,"muid":75,"totalVotingInFinlandTurnout":59.8,"identification":"005","pdid":"005","eligibleVotersInFinlandTotal":393,"edid":8,"mergedToPdid":""},{"name":{"fi":"Neuvoton","sv":"Neuvoton"},"calculationStatusPercent":100.0,"joinedArea":false,"muid":75,"totalVotingInFinlandTurnout":55.9,"identification":"006","pdid":"006","eligibleVotersInFinlandTotal":1110,"edid":8,"mergedToPdid":""},{"name":{"fi":"Poitsila","sv":"Poitsila"},"calculationStatusPercent":100.0,"joinedArea":false,"muid":75,"totalVotingInFinlandTurnout":47.7,"identification":"007","pdid":"007","eligibleVotersInFinlandTotal":2096,"edid":8,"mergedToPdid":""},{"name":{"fi":"Pyhältö","sv":"Pyhältö"},"calculationStatusPercent":100.0,"joinedArea":false,"muid":75,"totalVotingInFinlandTurnout":67.6,"identification":"008","pdid":"008","eligibleVotersInFinlandTotal":398,"edid":8,"mergedToPdid":""},{"name":{"fi":"Saviniemi","sv":"Saviniemi"},"calculationStatusPercent":100.0,"joinedArea":false,"muid":75,"totalVotingInFinlandTurnout":51.0,"identification":"009","pdid":"009","eligibleVotersInFinlandTotal":2774,"edid":8,"mergedToPdid":""},{"name":{"fi":"Summa","sv":"Summa"},"calculationStatusPercent":100.0,"joinedArea":false,"muid":75,"totalVotingInFinlandTurnout":56.8,"identification":"010","pdid":"010","eligibleVotersInFinlandTotal":1971,"edid":8,"mergedToPdid":""},{"name":{"fi":"Vilniemi","sv":"Vilniemi"},"calculationStatusPercent":100.0,"joinedArea":false,"muid":75,"totalVotingInFinlandTurnout":58.5,"identification":"011","pdid":"011","eligibleVotersInFinlandTotal":665,"edid":8,"mergedToPdid":""}],"municipality":{"muid":75,"edid":8,"name":{"fi":"Hamina","sv":"Fredrikshamn"}}}