{"version":50,"created":"2017-04-09T20:57:18.253Z","electionDetails":{"electionId":"kv2017","electionDate":"2017-04-09T00:00:00.000Z","electionDataPublishTime":"2017-04-09T17:00:00.000Z","name":{"fi":"Kuntavaalit 2017","sv":"Kommunalval 2017","en":"Elections 2017"},"previousElections":{"correspondingCompareElection":{"electionId":"kv2012","electionDate":"2012-10-28T00:00:00.000Z","name":{"fi":"Kuntavaalit 2012","en":"Municipal elections 2012","sv":"Kommunalval 2012"}},"otherCompareElection":{"electionId":"ev2015","electionDate":"2015-04-19T00:00:00.000Z","name":{"fi":"Eduskuntavaalit 2015","en":"Parliamentary election 2015","sv":"Riksdagsval 2015"}}}},"calculationStatus":{"electionDayVotingTurnout":26.6,"invalidAdvanceVotes":5,"calculationPhase":"INITIAL","invalidElectionDayVotes":2,"approvedAdvanceVotes":673,"advanceVotingTurnout":27.8,"totalVotingTurnoutAbroad":0.0,"name":{"fi":"Koivula-Myllylä","sv":"Koivula-Myllylä"},"calculationStatusPercent":100.0,"advanceVotes":678,"electionDayVotingTurnoutAbroad":0.0,"approvedTotalVotes":1320,"totalVotes":1327,"muid":560,"totalVotingInFinlandTurnout":54.4,"advanceVotingTurnoutAbroad":0.0,"invalidTotalVotes":7,"totalVotingTurnout":54.4,"electionDayVotes":649,"electionDayVotesInFinland":649,"pdid":"003","totalVotesInFinlandMen":0,"eligibleVotersInFinlandTotal":2440,"calculationStatusPercentElectionDayVotes":100.0,"sourceRecordModificationTime":"20170409215422","otherCompareElection":{"eid":"","eligibleVotersInFinlandTotal":0,"advanceVotingInFinlandTurnout":0.0,"electionDayVotingInFinlandTurnout":0.0,"totalVotingInFinlandTurnout":0.0,"approvedVotesTotal":0,"invalidVotesTotal":0},"correspondingCompareElection":{"eid":"","eligibleVotersInFinlandTotal":0,"advanceVotingInFinlandTurnout":0.0,"electionDayVotingInFinlandTurnout":0.0,"totalVotingInFinlandTurnout":0.0,"approvedVotesTotal":0,"invalidVotesTotal":0,"seats":0},"approvedElectionDayVotes":647,"edid":6,"calculationStatusPercentAdvanceVotes":100.0,"electionDayVotingInFinlandTurnout":26.6,"seats":0,"eligibleVotersTotal":2440,"advanceVotesInFinland":678,"advanceVotingInFinlandTurnout":27.8,"totalVotesInFinland":1327},"partyResults":[{"advanceVotesPercent":29.0,"name":{"fi":"Kansallinen Kokoomus","sv":"Samlingspartiet","en":"National Coalition Party"},"advanceVotes":195,"npid":3,"totalVotes":339,"spid":2,"abbr":{"fi":"KOK","sv":"Saml","en":"NCP"},"alid":2,"electionDayVotes":144,"pid":"4","totalVotesPercent":25.7,"nominatorName":{"fi":"Kansallinen Kokoomus","sv":"Samlingspartiet","en":"National Coalition Party"},"compareData":{"otherCompareElection":{"votesTotalChange":0,"votesTotalPercentChange":0.0,"votesTotal":339,"votesTotalPercent":25.7},"correspondingCompareElection":{"votesTotalChange":0,"votesTotalPercentChange":0.0,"seatChange":0,"votesTotal":339,"votesTotalPercent":25.7,"seatsTotal":0}},"seats":0,"electionDayVotesPercent":22.3,"nominatorAbbr":{"fi":"KOK","sv":"Saml","en":"NCP"}},{"advanceVotesPercent":20.5,"name":{"fi":"Suomen Sosialidemokraattinen Puolue","sv":"Finlands Socialdemokratiska Parti","en":"The Finnish Social Democratic Party"},"advanceVotes":138,"npid":5,"totalVotes":267,"spid":4,"abbr":{"fi":"SDP","sv":"SDP","en":"SDP"},"alid":4,"electionDayVotes":129,"pid":"1","totalVotesPercent":20.2,"nominatorName":{"fi":"Suomen Sosialidemokraattinen Puolue","sv":"Finlands Socialdemokratiska Parti","en":"The Finnish Social Democratic Party"},"compareData":{"otherCompareElection":{"votesTotalChange":0,"votesTotalPercentChange":0.0,"votesTotal":267,"votesTotalPercent":20.2},"correspondingCompareElection":{"votesTotalChange":0,"votesTotalPercentChange":0.0,"seatChange":0,"votesTotal":267,"votesTotalPercent":20.2,"seatsTotal":0}},"seats":0,"electionDayVotesPercent":19.9,"nominatorAbbr":{"fi":"SDP","sv":"SDP","en":"SDP"}},{"advanceVotesPercent":20.2,"name":{"fi":"Suomen Keskusta","sv":"Centern i Finland","en":"Centre Party of Finland"},"advanceVotes":136,"npid":4,"totalVotes":249,"spid":1,"abbr":{"fi":"KESK","sv":"C","en":"CENT"},"alid":3,"electionDayVotes":113,"pid":"2","totalVotesPercent":18.9,"nominatorName":{"fi":"Suomen Keskusta","sv":"Centern i Finland","en":"Centre Party of Finland"},"compareData":{"otherCompareElection":{"votesTotalChange":0,"votesTotalPercentChange":0.0,"votesTotal":249,"votesTotalPercent":18.9},"correspondingCompareElection":{"votesTotalChange":0,"votesTotalPercentChange":0.0,"seatChange":0,"votesTotal":249,"votesTotalPercent":18.9,"seatsTotal":0}},"seats":0,"electionDayVotesPercent":17.5,"nominatorAbbr":{"fi":"KESK","sv":"C","en":"CENT"}},{"advanceVotesPercent":11.0,"name":{"fi":"Perussuomalaiset","sv":"Sannfinländarna","en":"The Finns Party"},"advanceVotes":74,"npid":1,"totalVotes":203,"spid":3,"abbr":{"fi":"PS","sv":"Sannf","en":"FINNS"},"alid":1,"electionDayVotes":129,"pid":"23","totalVotesPercent":15.4,"nominatorName":{"fi":"Perussuomalaiset","sv":"Sannfinländarna","en":"The Finns Party"},"compareData":{"otherCompareElection":{"votesTotalChange":0,"votesTotalPercentChange":0.0,"votesTotal":203,"votesTotalPercent":15.4},"correspondingCompareElection":{"votesTotalChange":0,"votesTotalPercentChange":0.0,"seatChange":0,"votesTotal":203,"votesTotalPercent":15.4,"seatsTotal":0}},"seats":0,"electionDayVotesPercent":19.9,"nominatorAbbr":{"fi":"PS","sv":"Sannf","en":"FINNS"}},{"advanceVotesPercent":6.8,"name":{"fi":"Muut ryhmät","sv":"Övriga grupper","en":"Other groups"},"advanceVotes":46,"npid":9,"totalVotes":107,"spid":99,"abbr":{"fi":"Muut","sv":"Övriga","en":"Others"},"alid":8,"electionDayVotes":61,"pid":"5609","totalVotesPercent":8.1,"nominatorName":{"fi":"Sitoutumaton Orimattila","sv":"Sitoutumaton Orimattila","en":"Sitoutumaton Orimattila"},"compareData":{"otherCompareElection":{"votesTotalChange":0,"votesTotalPercentChange":0.0,"votesTotal":107,"votesTotalPercent":8.1},"correspondingCompareElection":{"votesTotalChange":0,"votesTotalPercentChange":0.0,"seatChange":0,"votesTotal":107,"votesTotalPercent":8.1,"seatsTotal":0}},"seats":0,"electionDayVotesPercent":9.4,"nominatorAbbr":{"fi":"SO","sv":"SO","en":"SO"}},{"advanceVotesPercent":6.5,"name":{"fi":"Vihreä liitto","sv":"Gröna förbundet","en":"Green League"},"advanceVotes":44,"npid":7,"totalVotes":81,"spid":5,"abbr":{"fi":"VIHR","sv":"Gröna","en":"GREEN"},"alid":6,"electionDayVotes":37,"pid":"13","totalVotesPercent":6.1,"nominatorName":{"fi":"Vihreä liitto","sv":"Gröna förbundet","en":"Green League"},"compareData":{"otherCompareElection":{"votesTotalChange":0,"votesTotalPercentChange":0.0,"votesTotal":81,"votesTotalPercent":6.1},"correspondingCompareElection":{"votesTotalChange":0,"votesTotalPercentChange":0.0,"seatChange":0,"votesTotal":81,"votesTotalPercent":6.1,"seatsTotal":0}},"seats":0,"electionDayVotesPercent":5.7,"nominatorAbbr":{"fi":"VIHR","sv":"Gröna","en":"GREEN"}},{"advanceVotesPercent":3.6,"name":{"fi":"Suomen Kristillisdemokraatit (KD)","sv":"Kristdemokraterna i Finland (KD)","en":"Christian Democrats in Finland"},"advanceVotes":24,"npid":2,"totalVotes":31,"spid":8,"abbr":{"fi":"KD","sv":"KD","en":"CD"},"alid":2,"electionDayVotes":7,"pid":"9","totalVotesPercent":2.3,"nominatorName":{"fi":"Suomen Kristillisdemokraatit (KD)","sv":"Kristdemokraterna i Finland (KD)","en":"Christian Democrats in Finland"},"compareData":{"otherCompareElection":{"votesTotalChange":0,"votesTotalPercentChange":0.0,"votesTotal":31,"votesTotalPercent":2.3},"correspondingCompareElection":{"votesTotalChange":0,"votesTotalPercentChange":0.0,"seatChange":0,"votesTotal":31,"votesTotalPercent":2.3,"seatsTotal":0}},"seats":0,"electionDayVotesPercent":1.1,"nominatorAbbr":{"fi":"KD","sv":"KD","en":"CD"}},{"advanceVotesPercent":1.8,"name":{"fi":"Vasemmistoliitto","sv":"Vänsterförbundet","en":"The Left Alliance"},"advanceVotes":12,"npid":6,"totalVotes":24,"spid":6,"abbr":{"fi":"VAS","sv":"VF","en":"LEFT"},"alid":5,"electionDayVotes":12,"pid":"15","totalVotesPercent":1.8,"nominatorName":{"fi":"Vasemmistoliitto","sv":"Vänsterförbundet","en":"The Left Alliance"},"compareData":{"otherCompareElection":{"votesTotalChange":0,"votesTotalPercentChange":0.0,"votesTotal":24,"votesTotalPercent":1.8},"correspondingCompareElection":{"votesTotalChange":0,"votesTotalPercentChange":0.0,"seatChange":0,"votesTotal":24,"votesTotalPercent":1.8,"seatsTotal":0}},"seats":0,"electionDayVotesPercent":1.9,"nominatorAbbr":{"fi":"VAS","sv":"VF","en":"LEFT"}},{"advanceVotesPercent":0.4,"name":{"fi":"Suomen Kommunistinen Puolue","sv":"Finlands Kommunistiska Parti","en":"The Communist Party of Finland"},"advanceVotes":3,"npid":8,"totalVotes":16,"spid":9,"abbr":{"fi":"SKP","sv":"FKP","en":"CPF"},"alid":7,"electionDayVotes":13,"pid":"8","totalVotesPercent":1.2,"nominatorName":{"fi":"Suomen Kommunistinen Puolue","sv":"Finlands Kommunistiska Parti","en":"The Communist Party of Finland"},"compareData":{"otherCompareElection":{"votesTotalChange":0,"votesTotalPercentChange":0.0,"votesTotal":16,"votesTotalPercent":1.2},"correspondingCompareElection":{"votesTotalChange":0,"votesTotalPercentChange":0.0,"seatChange":0,"votesTotal":16,"votesTotalPercent":1.2,"seatsTotal":0}},"seats":0,"electionDayVotesPercent":2.0,"nominatorAbbr":{"fi":"SKP","sv":"FKP","en":"CPF"}},{"advanceVotesPercent":0.1,"name":{"fi":"Muut ryhmät","sv":"Övriga grupper","en":"Other groups"},"advanceVotes":1,"npid":10,"totalVotes":3,"spid":99,"abbr":{"fi":"Muut","sv":"Övriga","en":"Others"},"alid":9,"electionDayVotes":2,"pid":"56010","totalVotesPercent":0.2,"nominatorName":{"fi":"Johanna Törmänen","sv":"Johanna Törmänen","en":"Johanna Törmänen"},"compareData":{"otherCompareElection":{"votesTotalChange":0,"votesTotalPercentChange":0.0,"votesTotal":3,"votesTotalPercent":0.2},"correspondingCompareElection":{"votesTotalChange":0,"votesTotalPercentChange":0.0,"seatChange":0,"votesTotal":3,"votesTotalPercent":0.2,"seatsTotal":0}},"seats":0,"electionDayVotesPercent":0.3,"nominatorAbbr":{"fi":"E115","sv":"E115","en":"E115"}}],"candidateResults":[{"age":42,"advanceVotesPercent":2.7,"lastname":"Erola","occupation":"liikunta-alueiden hoitaja","advanceVotes":18,"npid":1,"totalVotes":60,"spid":3,"abbr":"PS","municipalCouncilor":true,"muid":560,"alid":1,"firstname":"Ville-Petteri","electionDayVotes":42,"pid":"23","finalPosition":0,"electedInformation":"ELECTED","totalVotesPercent":4.5,"nominatorName":{"fi":"Perussuomalaiset","sv":"Sannfinländarna","en":"The Finns Party"},"caid":3,"position":0,"gender":"1","comparisonData":{"totalVotes":227,"votesTotalChange":-167},"edid":6,"comparativeIndex":0.0,"electionDayVotesPercent":6.5,"nominatorAbbr":{"fi":"PS","sv":"Sannf","en":"FINNS"}},{"age":52,"advanceVotesPercent":5.1,"lastname":"Keskevaari","occupation":"eduskunta-avustaja","advanceVotes":34,"npid":3,"totalVotes":47,"spid":2,"abbr":"KOK","municipalCouncilor":true,"muid":560,"alid":2,"firstname":"Jarmo","electionDayVotes":13,"pid":"4","finalPosition":0,"electedInformation":"ELECTED","totalVotesPercent":3.6,"nominatorName":{"fi":"Kansallinen Kokoomus","sv":"Samlingspartiet","en":"National Coalition Party"},"caid":34,"position":0,"gender":"1","comparisonData":{"totalVotes":70,"votesTotalChange":-23},"edid":6,"comparativeIndex":0.0,"electionDayVotesPercent":2.0,"nominatorAbbr":{"fi":"KOK","sv":"Saml","en":"NCP"}},{"age":60,"advanceVotesPercent":3.4,"lastname":"Koivunen","occupation":"perushoitaja","advanceVotes":23,"npid":5,"totalVotes":46,"spid":4,"abbr":"SDP","municipalCouncilor":true,"muid":560,"alid":4,"firstname":"Tuula","electionDayVotes":23,"pid":"1","finalPosition":0,"electedInformation":"ELECTED","totalVotesPercent":3.5,"nominatorName":{"fi":"Suomen Sosialidemokraattinen Puolue","sv":"Finlands Socialdemokratiska Parti","en":"The Finnish Social Democratic Party"},"caid":90,"position":0,"gender":"2","comparisonData":{"totalVotes":204,"votesTotalChange":-158},"edid":6,"comparativeIndex":0.0,"electionDayVotesPercent":3.6,"nominatorAbbr":{"fi":"SDP","sv":"SDP","en":"SDP"}},{"age":43,"advanceVotesPercent":3.3,"lastname":"Saarinen","occupation":"palveluvastaava","advanceVotes":22,"npid":5,"totalVotes":46,"spid":4,"abbr":"SDP","municipalCouncilor":true,"muid":560,"alid":4,"firstname":"Niina","electionDayVotes":24,"pid":"1","finalPosition":0,"electedInformation":"ELECTED","totalVotesPercent":3.5,"nominatorName":{"fi":"Suomen Sosialidemokraattinen Puolue","sv":"Finlands Socialdemokratiska Parti","en":"The Finnish Social Democratic Party"},"caid":96,"position":0,"gender":"2","comparisonData":{"totalVotes":99,"votesTotalChange":-53},"edid":6,"comparativeIndex":0.0,"electionDayVotesPercent":3.7,"nominatorAbbr":{"fi":"SDP","sv":"SDP","en":"SDP"}},{"age":49,"advanceVotesPercent":2.5,"lastname":"Hirvonen","occupation":"maanviljelijä, työnjohtaja","advanceVotes":17,"npid":9,"totalVotes":44,"spid":99,"abbr":"Muut","municipalCouncilor":true,"muid":560,"alid":8,"firstname":"Juha","electionDayVotes":27,"pid":"5609","finalPosition":0,"electedInformation":"ELECTED","totalVotesPercent":3.3,"nominatorName":{"fi":"Sitoutumaton Orimattila","sv":"Sitoutumaton Orimattila","en":"Sitoutumaton Orimattila"},"caid":111,"position":0,"gender":"1","comparisonData":{"totalVotes":118,"votesTotalChange":-74},"edid":6,"comparativeIndex":0.0,"electionDayVotesPercent":4.2,"nominatorAbbr":{"fi":"SO","sv":"SO","en":"SO"}},{"age":36,"advanceVotesPercent":2.2,"lastname":"Kaitaranta","occupation":"veturinkuljettaja","advanceVotes":15,"npid":1,"totalVotes":43,"spid":3,"abbr":"PS","municipalCouncilor":false,"muid":560,"alid":1,"firstname":"Jari","electionDayVotes":28,"pid":"23","finalPosition":0,"electedInformation":"ELECTED","totalVotesPercent":3.3,"nominatorName":{"fi":"Perussuomalaiset","sv":"Sannfinländarna","en":"The Finns Party"},"caid":7,"position":0,"gender":"1","comparisonData":{"totalVotes":0,"votesTotalChange":43},"edid":6,"comparativeIndex":0.0,"electionDayVotesPercent":4.3,"nominatorAbbr":{"fi":"PS","sv":"Sannf","en":"FINNS"}},{"age":55,"advanceVotesPercent":4.8,"lastname":"Jokinen","occupation":"kansanedustaja","advanceVotes":32,"npid":3,"totalVotes":43,"spid":2,"abbr":"KOK","municipalCouncilor":true,"muid":560,"alid":2,"firstname":"Kalle","electionDayVotes":11,"pid":"4","finalPosition":0,"electedInformation":"ELECTED","totalVotesPercent":3.3,"nominatorName":{"fi":"Kansallinen Kokoomus","sv":"Samlingspartiet","en":"National Coalition Party"},"caid":29,"position":0,"gender":"1","comparisonData":{"totalVotes":272,"votesTotalChange":-229},"edid":6,"comparativeIndex":0.0,"electionDayVotesPercent":1.7,"nominatorAbbr":{"fi":"KOK","sv":"Saml","en":"NCP"}},{"age":66,"advanceVotesPercent":3.7,"lastname":"Papinaho","occupation":"terveydenhoitaja","advanceVotes":25,"npid":4,"totalVotes":41,"spid":1,"abbr":"KESK","municipalCouncilor":true,"muid":560,"alid":3,"firstname":"Sirkka-Liisa","electionDayVotes":16,"pid":"2","finalPosition":0,"electedInformation":"ELECTED","totalVotesPercent":3.1,"nominatorName":{"fi":"Suomen Keskusta","sv":"Centern i Finland","en":"Centre Party of Finland"},"caid":73,"position":0,"gender":"2","comparisonData":{"totalVotes":267,"votesTotalChange":-226},"edid":6,"comparativeIndex":0.0,"electionDayVotesPercent":2.5,"nominatorAbbr":{"fi":"KESK","sv":"C","en":"CENT"}},{"age":56,"advanceVotesPercent":4.0,"lastname":"Lonka","occupation":"parturi-kampaaja, yrittäjä","advanceVotes":27,"npid":4,"totalVotes":40,"spid":1,"abbr":"KESK","municipalCouncilor":true,"muid":560,"alid":3,"firstname":"Riitta","electionDayVotes":13,"pid":"2","finalPosition":0,"electedInformation":"ELECTED","totalVotesPercent":3.0,"nominatorName":{"fi":"Suomen Keskusta","sv":"Centern i Finland","en":"Centre Party of Finland"},"caid":66,"position":0,"gender":"2","comparisonData":{"totalVotes":127,"votesTotalChange":-87},"edid":6,"comparativeIndex":0.0,"electionDayVotesPercent":2.0,"nominatorAbbr":{"fi":"KESK","sv":"C","en":"CENT"}},{"age":47,"advanceVotesPercent":3.4,"lastname":"Särkinen","occupation":"yrittäjä","advanceVotes":23,"npid":9,"totalVotes":40,"spid":99,"abbr":"Muut","municipalCouncilor":false,"muid":560,"alid":8,"firstname":"Susanna","electionDayVotes":17,"pid":"5609","finalPosition":0,"electedInformation":"ELECTED","totalVotesPercent":3.0,"nominatorName":{"fi":"Sitoutumaton Orimattila","sv":"Sitoutumaton Orimattila","en":"Sitoutumaton Orimattila"},"caid":113,"position":0,"gender":"2","comparisonData":{"totalVotes":0,"votesTotalChange":40},"edid":6,"comparativeIndex":0.0,"electionDayVotesPercent":2.6,"nominatorAbbr":{"fi":"SO","sv":"SO","en":"SO"}},{"age":78,"advanceVotesPercent":3.4,"lastname":"Laaksonen","occupation":"kapteeni evp","advanceVotes":23,"npid":2,"totalVotes":30,"spid":8,"abbr":"KD","municipalCouncilor":true,"muid":560,"alid":2,"firstname":"Pertti","electionDayVotes":7,"pid":"9","finalPosition":0,"electedInformation":"ELECTED","totalVotesPercent":2.3,"nominatorName":{"fi":"Suomen Kristillisdemokraatit (KD)","sv":"Kristdemokraterna i Finland (KD)","en":"Christian Democrats in Finland"},"caid":21,"position":0,"gender":"1","comparisonData":{"totalVotes":126,"votesTotalChange":-96},"edid":6,"comparativeIndex":0.0,"electionDayVotesPercent":1.1,"nominatorAbbr":{"fi":"KD","sv":"KD","en":"CD"}},{"age":66,"advanceVotesPercent":1.8,"lastname":"Venesjärvi","occupation":"yrittäjä","advanceVotes":12,"npid":1,"totalVotes":29,"spid":3,"abbr":"PS","municipalCouncilor":true,"muid":560,"alid":1,"firstname":"Seppo","electionDayVotes":17,"pid":"23","finalPosition":0,"electedInformation":"ELECTED","totalVotesPercent":2.2,"nominatorName":{"fi":"Perussuomalaiset","sv":"Sannfinländarna","en":"The Finns Party"},"caid":20,"position":0,"gender":"1","comparisonData":{"totalVotes":159,"votesTotalChange":-130},"edid":6,"comparativeIndex":0.0,"electionDayVotesPercent":2.6,"nominatorAbbr":{"fi":"PS","sv":"Sannf","en":"FINNS"}},{"age":25,"advanceVotesPercent":2.2,"lastname":"Jokinen","occupation":"opettaja, filosofian maisteri","advanceVotes":15,"npid":3,"totalVotes":26,"spid":2,"abbr":"KOK","municipalCouncilor":false,"muid":560,"alid":2,"firstname":"Ida","electionDayVotes":11,"pid":"4","finalPosition":0,"electedInformation":"ELECTED","totalVotesPercent":2.0,"nominatorName":{"fi":"Kansallinen Kokoomus","sv":"Samlingspartiet","en":"National Coalition Party"},"caid":28,"position":0,"gender":"2","comparisonData":{"totalVotes":0,"votesTotalChange":26},"edid":6,"comparativeIndex":0.0,"electionDayVotesPercent":1.7,"nominatorAbbr":{"fi":"KOK","sv":"Saml","en":"NCP"}},{"age":33,"advanceVotesPercent":1.8,"lastname":"Nieminen","occupation":"yrittäjä","advanceVotes":12,"npid":4,"totalVotes":26,"spid":1,"abbr":"KESK","municipalCouncilor":true,"muid":560,"alid":3,"firstname":"Tero","electionDayVotes":14,"pid":"2","finalPosition":0,"electedInformation":"ELECTED","totalVotesPercent":2.0,"nominatorName":{"fi":"Suomen Keskusta","sv":"Centern i Finland","en":"Centre Party of Finland"},"caid":70,"position":0,"gender":"1","comparisonData":{"totalVotes":104,"votesTotalChange":-78},"edid":6,"comparativeIndex":0.0,"electionDayVotesPercent":2.2,"nominatorAbbr":{"fi":"KESK","sv":"C","en":"CENT"}},{"age":51,"advanceVotesPercent":1.6,"lastname":"Jokinen","occupation":"koestaja, pääluottamusmies","advanceVotes":11,"npid":5,"totalVotes":24,"spid":4,"abbr":"SDP","municipalCouncilor":true,"muid":560,"alid":4,"firstname":"Jarkko","electionDayVotes":13,"pid":"1","finalPosition":0,"electedInformation":"ELECTED","totalVotesPercent":1.8,"nominatorName":{"fi":"Suomen Sosialidemokraattinen Puolue","sv":"Finlands Socialdemokratiska Parti","en":"The Finnish Social Democratic Party"},"caid":85,"position":0,"gender":"1","comparisonData":{"totalVotes":63,"votesTotalChange":-39},"edid":6,"comparativeIndex":0.0,"electionDayVotesPercent":2.0,"nominatorAbbr":{"fi":"SDP","sv":"SDP","en":"SDP"}},{"age":73,"advanceVotesPercent":1.9,"lastname":"Laatunen","occupation":"apulaisrehtori, eläkeläinen","advanceVotes":13,"npid":5,"totalVotes":24,"spid":4,"abbr":"SDP","municipalCouncilor":true,"muid":560,"alid":4,"firstname":"Kirsti","electionDayVotes":11,"pid":"1","finalPosition":0,"electedInformation":"ELECTED","totalVotesPercent":1.8,"nominatorName":{"fi":"Suomen Sosialidemokraattinen Puolue","sv":"Finlands Socialdemokratiska Parti","en":"The Finnish Social Democratic Party"},"caid":91,"position":0,"gender":"2","comparisonData":{"totalVotes":95,"votesTotalChange":-71},"edid":6,"comparativeIndex":0.0,"electionDayVotesPercent":1.7,"nominatorAbbr":{"fi":"SDP","sv":"SDP","en":"SDP"}},{"age":54,"advanceVotesPercent":1.8,"lastname":"Nieminen","occupation":"rakennusmies","advanceVotes":12,"npid":6,"totalVotes":24,"spid":6,"abbr":"VAS","municipalCouncilor":false,"muid":560,"alid":5,"firstname":"Hannu","electionDayVotes":12,"pid":"15","finalPosition":0,"electedInformation":"NOT_ELECTED","totalVotesPercent":1.8,"nominatorName":{"fi":"Vasemmistoliitto","sv":"Vänsterförbundet","en":"The Left Alliance"},"caid":100,"position":0,"gender":"1","comparisonData":{"totalVotes":0,"votesTotalChange":24},"edid":6,"comparativeIndex":0.0,"electionDayVotesPercent":1.9,"nominatorAbbr":{"fi":"VAS","sv":"VF","en":"LEFT"}},{"age":30,"advanceVotesPercent":0.7,"lastname":"Saarinen","occupation":"järjestelmäkoordinaattori","advanceVotes":5,"npid":4,"totalVotes":23,"spid":1,"abbr":"KESK","municipalCouncilor":false,"muid":560,"alid":3,"firstname":"Ville","electionDayVotes":18,"pid":"2","finalPosition":0,"electedInformation":"ON_SUBSTITUTE_PLACE","totalVotesPercent":1.7,"nominatorName":{"fi":"Suomen Keskusta","sv":"Centern i Finland","en":"Centre Party of Finland"},"caid":76,"position":0,"gender":"1","comparisonData":{"totalVotes":63,"votesTotalChange":-40},"edid":6,"comparativeIndex":0.0,"electionDayVotesPercent":2.8,"nominatorAbbr":{"fi":"KESK","sv":"C","en":"CENT"}},{"age":33,"advanceVotesPercent":1.9,"lastname":"Avelin","occupation":"ympäristö- ja vesitekniikan insinööri","advanceVotes":13,"npid":7,"totalVotes":23,"spid":5,"abbr":"VIHR","municipalCouncilor":false,"muid":560,"alid":6,"firstname":"Venla","electionDayVotes":10,"pid":"13","finalPosition":0,"electedInformation":"ELECTED","totalVotesPercent":1.7,"nominatorName":{"fi":"Vihreä liitto","sv":"Gröna förbundet","en":"Green League"},"caid":101,"position":0,"gender":"2","comparisonData":{"totalVotes":0,"votesTotalChange":23},"edid":6,"comparativeIndex":0.0,"electionDayVotesPercent":1.5,"nominatorAbbr":{"fi":"VIHR","sv":"Gröna","en":"GREEN"}},{"age":70,"advanceVotesPercent":2.5,"lastname":"Ryynänen","occupation":"professori, emeritus","advanceVotes":17,"npid":3,"totalVotes":22,"spid":2,"abbr":"KOK","municipalCouncilor":true,"muid":560,"alid":2,"firstname":"Aimo","electionDayVotes":5,"pid":"4","finalPosition":0,"electedInformation":"ELECTED","totalVotesPercent":1.7,"nominatorName":{"fi":"Kansallinen Kokoomus","sv":"Samlingspartiet","en":"National Coalition Party"},"caid":46,"position":0,"gender":"1","comparisonData":{"totalVotes":187,"votesTotalChange":-165},"edid":6,"comparativeIndex":0.0,"electionDayVotesPercent":0.8,"nominatorAbbr":{"fi":"KOK","sv":"Saml","en":"NCP"}},{"age":54,"advanceVotesPercent":1.5,"lastname":"Jussila","occupation":"tuotantoesimies","advanceVotes":10,"npid":3,"totalVotes":20,"spid":2,"abbr":"KOK","municipalCouncilor":true,"muid":560,"alid":2,"firstname":"Tuomo","electionDayVotes":10,"pid":"4","finalPosition":0,"electedInformation":"ON_SUBSTITUTE_PLACE","totalVotesPercent":1.5,"nominatorName":{"fi":"Kansallinen Kokoomus","sv":"Samlingspartiet","en":"National Coalition Party"},"caid":30,"position":0,"gender":"1","comparisonData":{"totalVotes":61,"votesTotalChange":-41},"edid":6,"comparativeIndex":0.0,"electionDayVotesPercent":1.5,"nominatorAbbr":{"fi":"KOK","sv":"Saml","en":"NCP"}},{"age":61,"advanceVotesPercent":1.5,"lastname":"Karinen","occupation":"diplomi-insinööri","advanceVotes":10,"npid":3,"totalVotes":19,"spid":2,"abbr":"KOK","municipalCouncilor":true,"muid":560,"alid":2,"firstname":"Jussi","electionDayVotes":9,"pid":"4","finalPosition":0,"electedInformation":"ON_SUBSTITUTE_PLACE","totalVotesPercent":1.4,"nominatorName":{"fi":"Kansallinen Kokoomus","sv":"Samlingspartiet","en":"National Coalition Party"},"caid":32,"position":0,"gender":"1","comparisonData":{"totalVotes":65,"votesTotalChange":-46},"edid":6,"comparativeIndex":0.0,"electionDayVotesPercent":1.4,"nominatorAbbr":{"fi":"KOK","sv":"Saml","en":"NCP"}},{"age":35,"advanceVotesPercent":1.0,"lastname":"Lehtelä","occupation":"käsityötieteen opiskelija","advanceVotes":7,"npid":5,"totalVotes":19,"spid":4,"abbr":"SDP","municipalCouncilor":false,"muid":560,"alid":4,"firstname":"Heli","electionDayVotes":12,"pid":"1","finalPosition":0,"electedInformation":"ELECTED","totalVotesPercent":1.4,"nominatorName":{"fi":"Suomen Sosialidemokraattinen Puolue","sv":"Finlands Socialdemokratiska Parti","en":"The Finnish Social Democratic Party"},"caid":93,"position":0,"gender":"2","comparisonData":{"totalVotes":0,"votesTotalChange":19},"edid":6,"comparativeIndex":0.0,"electionDayVotesPercent":1.9,"nominatorAbbr":{"fi":"SDP","sv":"SDP","en":"SDP"}},{"age":44,"advanceVotesPercent":1.6,"lastname":"Heinonen","occupation":"sosiaaliohjaaja","advanceVotes":11,"npid":7,"totalVotes":19,"spid":5,"abbr":"VIHR","municipalCouncilor":false,"muid":560,"alid":6,"firstname":"Esa","electionDayVotes":8,"pid":"13","finalPosition":0,"electedInformation":"ELECTED","totalVotesPercent":1.4,"nominatorName":{"fi":"Vihreä liitto","sv":"Gröna förbundet","en":"Green League"},"caid":102,"position":0,"gender":"1","comparisonData":{"totalVotes":0,"votesTotalChange":19},"edid":6,"comparativeIndex":0.0,"electionDayVotesPercent":1.2,"nominatorAbbr":{"fi":"VIHR","sv":"Gröna","en":"GREEN"}},{"age":40,"advanceVotesPercent":0.7,"lastname":"Sikkilä","occupation":"lähihoitaja","advanceVotes":5,"npid":1,"totalVotes":18,"spid":3,"abbr":"PS","municipalCouncilor":false,"muid":560,"alid":1,"firstname":"Sari","electionDayVotes":13,"pid":"23","finalPosition":0,"electedInformation":"ELECTED","totalVotesPercent":1.4,"nominatorName":{"fi":"Perussuomalaiset","sv":"Sannfinländarna","en":"The Finns Party"},"caid":17,"position":0,"gender":"2","comparisonData":{"totalVotes":0,"votesTotalChange":18},"edid":6,"comparativeIndex":0.0,"electionDayVotesPercent":2.0,"nominatorAbbr":{"fi":"PS","sv":"Sannf","en":"FINNS"}},{"age":43,"advanceVotesPercent":1.3,"lastname":"Vahe","occupation":"toimitusjohtaja","advanceVotes":9,"npid":3,"totalVotes":18,"spid":2,"abbr":"KOK","municipalCouncilor":false,"muid":560,"alid":2,"firstname":"Jussi","electionDayVotes":9,"pid":"4","finalPosition":0,"electedInformation":"ELECTED","totalVotesPercent":1.4,"nominatorName":{"fi":"Kansallinen Kokoomus","sv":"Samlingspartiet","en":"National Coalition Party"},"caid":52,"position":0,"gender":"1","comparisonData":{"totalVotes":0,"votesTotalChange":18},"edid":6,"comparativeIndex":0.0,"electionDayVotesPercent":1.4,"nominatorAbbr":{"fi":"KOK","sv":"Saml","en":"NCP"}},{"age":39,"advanceVotesPercent":1.2,"lastname":"Hakonen","occupation":"yrittäjä, toimitusjohtaja","advanceVotes":8,"npid":3,"totalVotes":17,"spid":2,"abbr":"KOK","municipalCouncilor":false,"muid":560,"alid":2,"firstname":"Saija","electionDayVotes":9,"pid":"4","finalPosition":0,"electedInformation":"ELECTED","totalVotesPercent":1.3,"nominatorName":{"fi":"Kansallinen Kokoomus","sv":"Samlingspartiet","en":"National Coalition Party"},"caid":25,"position":0,"gender":"2","comparisonData":{"totalVotes":0,"votesTotalChange":17},"edid":6,"comparativeIndex":0.0,"electionDayVotesPercent":1.4,"nominatorAbbr":{"fi":"KOK","sv":"Saml","en":"NCP"}},{"age":36,"advanceVotesPercent":0.6,"lastname":"Hämäläinen","occupation":"tuotantojohtaja","advanceVotes":4,"npid":4,"totalVotes":17,"spid":1,"abbr":"KESK","municipalCouncilor":false,"muid":560,"alid":3,"firstname":"Juha","electionDayVotes":13,"pid":"2","finalPosition":0,"electedInformation":"ELECTED","totalVotesPercent":1.3,"nominatorName":{"fi":"Suomen Keskusta","sv":"Centern i Finland","en":"Centre Party of Finland"},"caid":58,"position":0,"gender":"1","comparisonData":{"totalVotes":0,"votesTotalChange":17},"edid":6,"comparativeIndex":0.0,"electionDayVotesPercent":2.0,"nominatorAbbr":{"fi":"KESK","sv":"C","en":"CENT"}},{"age":61,"advanceVotesPercent":1.2,"lastname":"Katajavuori","occupation":"lähihoitaja","advanceVotes":8,"npid":5,"totalVotes":17,"spid":4,"abbr":"SDP","municipalCouncilor":false,"muid":560,"alid":4,"firstname":"Ulla","electionDayVotes":9,"pid":"1","finalPosition":0,"electedInformation":"ELECTED","totalVotesPercent":1.3,"nominatorName":{"fi":"Suomen Sosialidemokraattinen Puolue","sv":"Finlands Socialdemokratiska Parti","en":"The Finnish Social Democratic Party"},"caid":87,"position":0,"gender":"2","comparisonData":{"totalVotes":0,"votesTotalChange":17},"edid":6,"comparativeIndex":0.0,"electionDayVotesPercent":1.4,"nominatorAbbr":{"fi":"SDP","sv":"SDP","en":"SDP"}},{"age":65,"advanceVotesPercent":1.9,"lastname":"Koskela","occupation":"agrologi","advanceVotes":13,"npid":4,"totalVotes":16,"spid":1,"abbr":"KESK","municipalCouncilor":false,"muid":560,"alid":3,"firstname":"Markku","electionDayVotes":3,"pid":"2","finalPosition":0,"electedInformation":"ON_SUBSTITUTE_PLACE","totalVotesPercent":1.2,"nominatorName":{"fi":"Suomen Keskusta","sv":"Centern i Finland","en":"Centre Party of Finland"},"caid":62,"position":0,"gender":"1","comparisonData":{"totalVotes":47,"votesTotalChange":-31},"edid":6,"comparativeIndex":0.0,"electionDayVotesPercent":0.5,"nominatorAbbr":{"fi":"KESK","sv":"C","en":"CENT"}},{"age":45,"advanceVotesPercent":0.9,"lastname":"Hokkanen","occupation":"erityisopettaja","advanceVotes":6,"npid":5,"totalVotes":16,"spid":4,"abbr":"SDP","municipalCouncilor":false,"muid":560,"alid":4,"firstname":"Torsti","electionDayVotes":10,"pid":"1","finalPosition":0,"electedInformation":"ON_SUBSTITUTE_PLACE","totalVotesPercent":1.2,"nominatorName":{"fi":"Suomen Sosialidemokraattinen Puolue","sv":"Finlands Socialdemokratiska Parti","en":"The Finnish Social Democratic Party"},"caid":82,"position":0,"gender":"1","comparisonData":{"totalVotes":0,"votesTotalChange":16},"edid":6,"comparativeIndex":0.0,"electionDayVotesPercent":1.5,"nominatorAbbr":{"fi":"SDP","sv":"SDP","en":"SDP"}},{"age":70,"advanceVotesPercent":0.4,"lastname":"Kataja","occupation":"betonimies, herastuomari","advanceVotes":3,"npid":8,"totalVotes":16,"spid":9,"abbr":"SKP","municipalCouncilor":false,"muid":560,"alid":7,"firstname":"Pentti","electionDayVotes":13,"pid":"8","finalPosition":0,"electedInformation":"NOT_ELECTED","totalVotesPercent":1.2,"nominatorName":{"fi":"Suomen Kommunistinen Puolue","sv":"Finlands Kommunistiska Parti","en":"The Communist Party of Finland"},"caid":107,"position":0,"gender":"1","comparisonData":{"totalVotes":52,"votesTotalChange":-36},"edid":6,"comparativeIndex":0.0,"electionDayVotesPercent":2.0,"nominatorAbbr":{"fi":"SKP","sv":"FKP","en":"CPF"}},{"age":41,"advanceVotesPercent":1.3,"lastname":"Räsänen","occupation":"ylikonemestari","advanceVotes":9,"npid":1,"totalVotes":15,"spid":3,"abbr":"PS","municipalCouncilor":false,"muid":560,"alid":1,"firstname":"Jouni","electionDayVotes":6,"pid":"23","finalPosition":0,"electedInformation":"ELECTED","totalVotesPercent":1.1,"nominatorName":{"fi":"Perussuomalaiset","sv":"Sannfinländarna","en":"The Finns Party"},"caid":15,"position":0,"gender":"1","comparisonData":{"totalVotes":0,"votesTotalChange":15},"edid":6,"comparativeIndex":0.0,"electionDayVotesPercent":0.9,"nominatorAbbr":{"fi":"PS","sv":"Sannf","en":"FINNS"}},{"age":68,"advanceVotesPercent":1.9,"lastname":"Karjalainen","occupation":"sairaanhoitaja, eläkeläinen","advanceVotes":13,"npid":3,"totalVotes":14,"spid":2,"abbr":"KOK","municipalCouncilor":true,"muid":560,"alid":2,"firstname":"Riitta","electionDayVotes":1,"pid":"4","finalPosition":0,"electedInformation":"ELECTED","totalVotesPercent":1.1,"nominatorName":{"fi":"Kansallinen Kokoomus","sv":"Samlingspartiet","en":"National Coalition Party"},"caid":33,"position":0,"gender":"2","comparisonData":{"totalVotes":139,"votesTotalChange":-125},"edid":6,"comparativeIndex":0.0,"electionDayVotesPercent":0.2,"nominatorAbbr":{"fi":"KOK","sv":"Saml","en":"NCP"}},{"age":23,"advanceVotesPercent":1.3,"lastname":"Maunula","occupation":"lastentarhanopettaja opiskelija","advanceVotes":9,"npid":5,"totalVotes":13,"spid":4,"abbr":"SDP","municipalCouncilor":false,"muid":560,"alid":4,"firstname":"Juho-Pekka","electionDayVotes":4,"pid":"1","finalPosition":0,"electedInformation":"ON_SUBSTITUTE_PLACE","totalVotesPercent":1.0,"nominatorName":{"fi":"Suomen Sosialidemokraattinen Puolue","sv":"Finlands Socialdemokratiska Parti","en":"The Finnish Social Democratic Party"},"caid":95,"position":0,"gender":"1","comparisonData":{"totalVotes":0,"votesTotalChange":13},"edid":6,"comparativeIndex":0.0,"electionDayVotesPercent":0.6,"nominatorAbbr":{"fi":"SDP","sv":"SDP","en":"SDP"}},{"age":72,"advanceVotesPercent":1.3,"lastname":"Saarinen","occupation":"linja-autonkuljettaja, eläkeläinen","advanceVotes":9,"npid":5,"totalVotes":13,"spid":4,"abbr":"SDP","municipalCouncilor":false,"muid":560,"alid":4,"firstname":"Mauno","electionDayVotes":4,"pid":"1","finalPosition":0,"electedInformation":"ON_SUBSTITUTE_PLACE","totalVotesPercent":1.0,"nominatorName":{"fi":"Suomen Sosialidemokraattinen Puolue","sv":"Finlands Socialdemokratiska Parti","en":"The Finnish Social Democratic Party"},"caid":97,"position":0,"gender":"1","comparisonData":{"totalVotes":0,"votesTotalChange":13},"edid":6,"comparativeIndex":0.0,"electionDayVotesPercent":0.6,"nominatorAbbr":{"fi":"SDP","sv":"SDP","en":"SDP"}},{"age":58,"advanceVotesPercent":1.5,"lastname":"Vilander","occupation":"tekniikan lisensiaatti","advanceVotes":10,"npid":7,"totalVotes":13,"spid":5,"abbr":"VIHR","municipalCouncilor":false,"muid":560,"alid":6,"firstname":"Matti","electionDayVotes":3,"pid":"13","finalPosition":0,"electedInformation":"ON_SUBSTITUTE_PLACE","totalVotesPercent":1.0,"nominatorName":{"fi":"Vihreä liitto","sv":"Gröna förbundet","en":"Green League"},"caid":106,"position":0,"gender":"1","comparisonData":{"totalVotes":33,"votesTotalChange":-20},"edid":6,"comparativeIndex":0.0,"electionDayVotesPercent":0.5,"nominatorAbbr":{"fi":"VIHR","sv":"Gröna","en":"GREEN"}},{"age":50,"advanceVotesPercent":0.4,"lastname":"Törrönen","occupation":"lehtori, filosofian maisteri","advanceVotes":3,"npid":3,"totalVotes":12,"spid":2,"abbr":"KOK","municipalCouncilor":false,"muid":560,"alid":2,"firstname":"Pekka","electionDayVotes":9,"pid":"4","finalPosition":0,"electedInformation":"ON_SUBSTITUTE_PLACE","totalVotesPercent":0.9,"nominatorName":{"fi":"Kansallinen Kokoomus","sv":"Samlingspartiet","en":"National Coalition Party"},"caid":51,"position":0,"gender":"1","comparisonData":{"totalVotes":32,"votesTotalChange":-20},"edid":6,"comparativeIndex":0.0,"electionDayVotesPercent":1.4,"nominatorAbbr":{"fi":"KOK","sv":"Saml","en":"NCP"}},{"age":34,"advanceVotesPercent":1.0,"lastname":"Tuiskunen","occupation":"maanviljelijä, agrologi AMK","advanceVotes":7,"npid":4,"totalVotes":12,"spid":1,"abbr":"KESK","municipalCouncilor":false,"muid":560,"alid":3,"firstname":"Satu","electionDayVotes":5,"pid":"2","finalPosition":0,"electedInformation":"NOT_ELECTED","totalVotesPercent":0.9,"nominatorName":{"fi":"Suomen Keskusta","sv":"Centern i Finland","en":"Centre Party of Finland"},"caid":81,"position":0,"gender":"2","comparisonData":{"totalVotes":0,"votesTotalChange":12},"edid":6,"comparativeIndex":0.0,"electionDayVotesPercent":0.8,"nominatorAbbr":{"fi":"KESK","sv":"C","en":"CENT"}},{"age":50,"advanceVotesPercent":1.0,"lastname":"Koistinen","occupation":"vastaava ohjaaja","advanceVotes":7,"npid":7,"totalVotes":12,"spid":5,"abbr":"VIHR","municipalCouncilor":false,"muid":560,"alid":6,"firstname":"Minna","electionDayVotes":5,"pid":"13","finalPosition":0,"electedInformation":"ON_SUBSTITUTE_PLACE","totalVotesPercent":0.9,"nominatorName":{"fi":"Vihreä liitto","sv":"Gröna förbundet","en":"Green League"},"caid":104,"position":0,"gender":"2","comparisonData":{"totalVotes":34,"votesTotalChange":-22},"edid":6,"comparativeIndex":0.0,"electionDayVotesPercent":0.8,"nominatorAbbr":{"fi":"VIHR","sv":"Gröna","en":"GREEN"}},{"age":63,"advanceVotesPercent":1.0,"lastname":"Viljanen","occupation":"luonnontieteiden kandidaatti, maanviljelijä","advanceVotes":7,"npid":3,"totalVotes":11,"spid":2,"abbr":"KOK","municipalCouncilor":true,"muid":560,"alid":2,"firstname":"Markku","electionDayVotes":4,"pid":"4","finalPosition":0,"electedInformation":"ELECTED","totalVotesPercent":0.8,"nominatorName":{"fi":"Kansallinen Kokoomus","sv":"Samlingspartiet","en":"National Coalition Party"},"caid":54,"position":0,"gender":"1","comparisonData":{"totalVotes":71,"votesTotalChange":-60},"edid":6,"comparativeIndex":0.0,"electionDayVotesPercent":0.6,"nominatorAbbr":{"fi":"KOK","sv":"Saml","en":"NCP"}},{"age":35,"advanceVotesPercent":0.6,"lastname":"Simola","occupation":"lastenohjaaja","advanceVotes":4,"npid":1,"totalVotes":10,"spid":3,"abbr":"PS","municipalCouncilor":false,"muid":560,"alid":1,"firstname":"Arja","electionDayVotes":6,"pid":"23","finalPosition":0,"electedInformation":"ELECTED","totalVotesPercent":0.8,"nominatorName":{"fi":"Perussuomalaiset","sv":"Sannfinländarna","en":"The Finns Party"},"caid":19,"position":0,"gender":"2","comparisonData":{"totalVotes":0,"votesTotalChange":10},"edid":6,"comparativeIndex":0.0,"electionDayVotesPercent":0.9,"nominatorAbbr":{"fi":"PS","sv":"Sannf","en":"FINNS"}},{"age":73,"advanceVotesPercent":0.9,"lastname":"Kyrö","occupation":"eläkeläinen","advanceVotes":6,"npid":4,"totalVotes":10,"spid":1,"abbr":"KESK","municipalCouncilor":false,"muid":560,"alid":3,"firstname":"Reijo","electionDayVotes":4,"pid":"2","finalPosition":0,"electedInformation":"NOT_ELECTED","totalVotesPercent":0.8,"nominatorName":{"fi":"Suomen Keskusta","sv":"Centern i Finland","en":"Centre Party of Finland"},"caid":64,"position":0,"gender":"1","comparisonData":{"totalVotes":0,"votesTotalChange":10},"edid":6,"comparativeIndex":0.0,"electionDayVotesPercent":0.6,"nominatorAbbr":{"fi":"KESK","sv":"C","en":"CENT"}},{"age":46,"advanceVotesPercent":1.3,"lastname":"Taavila","occupation":"maatalousyrittäjä, sihteeri","advanceVotes":9,"npid":4,"totalVotes":10,"spid":1,"abbr":"KESK","municipalCouncilor":true,"muid":560,"alid":3,"firstname":"Siru","electionDayVotes":1,"pid":"2","finalPosition":0,"electedInformation":"ON_SUBSTITUTE_PLACE","totalVotesPercent":0.8,"nominatorName":{"fi":"Suomen Keskusta","sv":"Centern i Finland","en":"Centre Party of Finland"},"caid":80,"position":0,"gender":"2","comparisonData":{"totalVotes":66,"votesTotalChange":-56},"edid":6,"comparativeIndex":0.0,"electionDayVotesPercent":0.2,"nominatorAbbr":{"fi":"KESK","sv":"C","en":"CENT"}},{"age":47,"advanceVotesPercent":1.0,"lastname":"Koivisto","occupation":"maanviljelijä","advanceVotes":7,"npid":3,"totalVotes":9,"spid":2,"abbr":"KOK","municipalCouncilor":true,"muid":560,"alid":2,"firstname":"Kimmo","electionDayVotes":2,"pid":"4","finalPosition":0,"electedInformation":"NOT_ELECTED","totalVotesPercent":0.7,"nominatorName":{"fi":"Kansallinen Kokoomus","sv":"Samlingspartiet","en":"National Coalition Party"},"caid":36,"position":0,"gender":"1","comparisonData":{"totalVotes":51,"votesTotalChange":-42},"edid":6,"comparativeIndex":0.0,"electionDayVotesPercent":0.3,"nominatorAbbr":{"fi":"KOK","sv":"Saml","en":"NCP"}},{"age":39,"advanceVotesPercent":0.4,"lastname":"Sallinen","occupation":"erityisluokanopettaja, kasvatustieteen maisteri","advanceVotes":3,"npid":3,"totalVotes":9,"spid":2,"abbr":"KOK","municipalCouncilor":false,"muid":560,"alid":2,"firstname":"Jarkko","electionDayVotes":6,"pid":"4","finalPosition":0,"electedInformation":"ON_SUBSTITUTE_PLACE","totalVotesPercent":0.7,"nominatorName":{"fi":"Kansallinen Kokoomus","sv":"Samlingspartiet","en":"National Coalition Party"},"caid":47,"position":0,"gender":"1","comparisonData":{"totalVotes":40,"votesTotalChange":-31},"edid":6,"comparativeIndex":0.0,"electionDayVotesPercent":0.9,"nominatorAbbr":{"fi":"KOK","sv":"Saml","en":"NCP"}},{"age":72,"advanceVotesPercent":1.0,"lastname":"Leino","occupation":"kiinteistönhoitaja, eläkeläinen","advanceVotes":7,"npid":5,"totalVotes":9,"spid":4,"abbr":"SDP","municipalCouncilor":false,"muid":560,"alid":4,"firstname":"Jorma","electionDayVotes":2,"pid":"1","finalPosition":0,"electedInformation":"NOT_ELECTED","totalVotesPercent":0.7,"nominatorName":{"fi":"Suomen Sosialidemokraattinen Puolue","sv":"Finlands Socialdemokratiska Parti","en":"The Finnish Social Democratic Party"},"caid":94,"position":0,"gender":"1","comparisonData":{"totalVotes":22,"votesTotalChange":-13},"edid":6,"comparativeIndex":0.0,"electionDayVotesPercent":0.3,"nominatorAbbr":{"fi":"SDP","sv":"SDP","en":"SDP"}},{"age":46,"advanceVotesPercent":0.3,"lastname":"Kettunen","occupation":"diplomi-insinööri, commercial manager","advanceVotes":2,"npid":3,"totalVotes":8,"spid":2,"abbr":"KOK","municipalCouncilor":false,"muid":560,"alid":2,"firstname":"Jukka","electionDayVotes":6,"pid":"4","finalPosition":0,"electedInformation":"NOT_ELECTED","totalVotesPercent":0.6,"nominatorName":{"fi":"Kansallinen Kokoomus","sv":"Samlingspartiet","en":"National Coalition Party"},"caid":35,"position":0,"gender":"1","comparisonData":{"totalVotes":0,"votesTotalChange":8},"edid":6,"comparativeIndex":0.0,"electionDayVotesPercent":0.9,"nominatorAbbr":{"fi":"KOK","sv":"Saml","en":"NCP"}},{"age":49,"advanceVotesPercent":0.1,"lastname":"Leino","occupation":"yrittäjä","advanceVotes":1,"npid":3,"totalVotes":8,"spid":2,"abbr":"KOK","municipalCouncilor":false,"muid":560,"alid":2,"firstname":"Vesa","electionDayVotes":7,"pid":"4","finalPosition":0,"electedInformation":"ON_SUBSTITUTE_PLACE","totalVotesPercent":0.6,"nominatorName":{"fi":"Kansallinen Kokoomus","sv":"Samlingspartiet","en":"National Coalition Party"},"caid":38,"position":0,"gender":"1","comparisonData":{"totalVotes":0,"votesTotalChange":8},"edid":6,"comparativeIndex":0.0,"electionDayVotesPercent":1.1,"nominatorAbbr":{"fi":"KOK","sv":"Saml","en":"NCP"}},{"age":51,"advanceVotesPercent":0.4,"lastname":"Pelkonen","occupation":"asiantuntija, diplomi-insinööri","advanceVotes":3,"npid":3,"totalVotes":8,"spid":2,"abbr":"KOK","municipalCouncilor":false,"muid":560,"alid":2,"firstname":"Veli","electionDayVotes":5,"pid":"4","finalPosition":0,"electedInformation":"NOT_ELECTED","totalVotesPercent":0.6,"nominatorName":{"fi":"Kansallinen Kokoomus","sv":"Samlingspartiet","en":"National Coalition Party"},"caid":40,"position":0,"gender":"1","comparisonData":{"totalVotes":0,"votesTotalChange":8},"edid":6,"comparativeIndex":0.0,"electionDayVotesPercent":0.8,"nominatorAbbr":{"fi":"KOK","sv":"Saml","en":"NCP"}},{"age":27,"advanceVotesPercent":0.6,"lastname":"Puumala","occupation":"yrittäjä","advanceVotes":4,"npid":3,"totalVotes":8,"spid":2,"abbr":"KOK","municipalCouncilor":false,"muid":560,"alid":2,"firstname":"Katja","electionDayVotes":4,"pid":"4","finalPosition":0,"electedInformation":"NOT_ELECTED","totalVotesPercent":0.6,"nominatorName":{"fi":"Kansallinen Kokoomus","sv":"Samlingspartiet","en":"National Coalition Party"},"caid":43,"position":0,"gender":"2","comparisonData":{"totalVotes":0,"votesTotalChange":8},"edid":6,"comparativeIndex":0.0,"electionDayVotesPercent":0.6,"nominatorAbbr":{"fi":"KOK","sv":"Saml","en":"NCP"}},{"age":66,"advanceVotesPercent":0.6,"lastname":"Kirjavainen","occupation":"yrittäjä, eläkeläinen","advanceVotes":4,"npid":5,"totalVotes":8,"spid":4,"abbr":"SDP","municipalCouncilor":true,"muid":560,"alid":4,"firstname":"Keijo","electionDayVotes":4,"pid":"1","finalPosition":0,"electedInformation":"ON_SUBSTITUTE_PLACE","totalVotesPercent":0.6,"nominatorName":{"fi":"Suomen Sosialidemokraattinen Puolue","sv":"Finlands Socialdemokratiska Parti","en":"The Finnish Social Democratic Party"},"caid":89,"position":0,"gender":"1","comparisonData":{"totalVotes":75,"votesTotalChange":-67},"edid":6,"comparativeIndex":0.0,"electionDayVotesPercent":0.6,"nominatorAbbr":{"fi":"SDP","sv":"SDP","en":"SDP"}},{"age":34,"advanceVotesPercent":0.4,"lastname":"Pietilä","occupation":"yrittäjä, kauppatieteiden maisteri","advanceVotes":3,"npid":3,"totalVotes":7,"spid":2,"abbr":"KOK","municipalCouncilor":false,"muid":560,"alid":2,"firstname":"Matti","electionDayVotes":4,"pid":"4","finalPosition":0,"electedInformation":"ON_SUBSTITUTE_PLACE","totalVotesPercent":0.5,"nominatorName":{"fi":"Kansallinen Kokoomus","sv":"Samlingspartiet","en":"National Coalition Party"},"caid":41,"position":0,"gender":"1","comparisonData":{"totalVotes":17,"votesTotalChange":-10},"edid":6,"comparativeIndex":0.0,"electionDayVotesPercent":0.6,"nominatorAbbr":{"fi":"KOK","sv":"Saml","en":"NCP"}},{"age":50,"advanceVotesPercent":0.4,"lastname":"Kyrö","occupation":"agrologi, tarkastaja","advanceVotes":3,"npid":4,"totalVotes":7,"spid":1,"abbr":"KESK","municipalCouncilor":false,"muid":560,"alid":3,"firstname":"Johanna","electionDayVotes":4,"pid":"2","finalPosition":0,"electedInformation":"ON_SUBSTITUTE_PLACE","totalVotesPercent":0.5,"nominatorName":{"fi":"Suomen Keskusta","sv":"Centern i Finland","en":"Centre Party of Finland"},"caid":63,"position":0,"gender":"2","comparisonData":{"totalVotes":23,"votesTotalChange":-16},"edid":6,"comparativeIndex":0.0,"electionDayVotesPercent":0.6,"nominatorAbbr":{"fi":"KESK","sv":"C","en":"CENT"}},{"age":64,"advanceVotesPercent":0.9,"lastname":"Malmiharju","occupation":"eläkeläinen","advanceVotes":6,"npid":4,"totalVotes":7,"spid":1,"abbr":"KESK","municipalCouncilor":true,"muid":560,"alid":3,"firstname":"Tapio","electionDayVotes":1,"pid":"2","finalPosition":0,"electedInformation":"ELECTED","totalVotesPercent":0.5,"nominatorName":{"fi":"Suomen Keskusta","sv":"Centern i Finland","en":"Centre Party of Finland"},"caid":67,"position":0,"gender":"1","comparisonData":{"totalVotes":221,"votesTotalChange":-214},"edid":6,"comparativeIndex":0.0,"electionDayVotesPercent":0.2,"nominatorAbbr":{"fi":"KESK","sv":"C","en":"CENT"}},{"age":63,"advanceVotesPercent":0.1,"lastname":"Niklander","occupation":"avainasiakaspäällikkö, eläkeläinen","advanceVotes":1,"npid":4,"totalVotes":7,"spid":1,"abbr":"KESK","municipalCouncilor":true,"muid":560,"alid":3,"firstname":"Jorma","electionDayVotes":6,"pid":"2","finalPosition":0,"electedInformation":"ON_SUBSTITUTE_PLACE","totalVotesPercent":0.5,"nominatorName":{"fi":"Suomen Keskusta","sv":"Centern i Finland","en":"Centre Party of Finland"},"caid":71,"position":0,"gender":"1","comparisonData":{"totalVotes":79,"votesTotalChange":-72},"edid":6,"comparativeIndex":0.0,"electionDayVotesPercent":0.9,"nominatorAbbr":{"fi":"KESK","sv":"C","en":"CENT"}},{"age":54,"advanceVotesPercent":0.7,"lastname":"Turunen","occupation":"putkiasentaja","advanceVotes":5,"npid":5,"totalVotes":7,"spid":4,"abbr":"SDP","municipalCouncilor":false,"muid":560,"alid":4,"firstname":"Timo","electionDayVotes":2,"pid":"1","finalPosition":0,"electedInformation":"ON_SUBSTITUTE_PLACE","totalVotesPercent":0.5,"nominatorName":{"fi":"Suomen Sosialidemokraattinen Puolue","sv":"Finlands Socialdemokratiska Parti","en":"The Finnish Social Democratic Party"},"caid":98,"position":0,"gender":"1","comparisonData":{"totalVotes":34,"votesTotalChange":-27},"edid":6,"comparativeIndex":0.0,"electionDayVotesPercent":0.3,"nominatorAbbr":{"fi":"SDP","sv":"SDP","en":"SDP"}},{"age":36,"advanceVotesPercent":0.4,"lastname":"Vilja","occupation":"yrittäjä","advanceVotes":3,"npid":5,"totalVotes":7,"spid":4,"abbr":"SDP","municipalCouncilor":false,"muid":560,"alid":4,"firstname":"Sini","electionDayVotes":4,"pid":"1","finalPosition":0,"electedInformation":"NOT_ELECTED","totalVotesPercent":0.5,"nominatorName":{"fi":"Suomen Sosialidemokraattinen Puolue","sv":"Finlands Socialdemokratiska Parti","en":"The Finnish Social Democratic Party"},"caid":99,"position":0,"gender":"2","comparisonData":{"totalVotes":0,"votesTotalChange":7},"edid":6,"comparativeIndex":0.0,"electionDayVotesPercent":0.6,"nominatorAbbr":{"fi":"SDP","sv":"SDP","en":"SDP"}},{"age":23,"advanceVotesPercent":0.0,"lastname":"Hänninen","occupation":"opiskelija","advanceVotes":0,"npid":7,"totalVotes":7,"spid":5,"abbr":"VIHR","municipalCouncilor":false,"muid":560,"alid":6,"firstname":"Sanja","electionDayVotes":7,"pid":"13","finalPosition":0,"electedInformation":"NOT_ELECTED","totalVotesPercent":0.5,"nominatorName":{"fi":"Vihreä liitto","sv":"Gröna förbundet","en":"Green League"},"caid":103,"position":0,"gender":"2","comparisonData":{"totalVotes":0,"votesTotalChange":7},"edid":6,"comparativeIndex":0.0,"electionDayVotesPercent":1.1,"nominatorAbbr":{"fi":"VIHR","sv":"Gröna","en":"GREEN"}},{"age":47,"advanceVotesPercent":0.4,"lastname":"Kutvonen","occupation":"teknologiajohtaja","advanceVotes":3,"npid":7,"totalVotes":7,"spid":5,"abbr":"VIHR","municipalCouncilor":false,"muid":560,"alid":6,"firstname":"Mikko","electionDayVotes":4,"pid":"13","finalPosition":0,"electedInformation":"NOT_ELECTED","totalVotesPercent":0.5,"nominatorName":{"fi":"Vihreä liitto","sv":"Gröna förbundet","en":"Green League"},"caid":105,"position":0,"gender":"1","comparisonData":{"totalVotes":36,"votesTotalChange":-29},"edid":6,"comparativeIndex":0.0,"electionDayVotesPercent":0.6,"nominatorAbbr":{"fi":"VIHR","sv":"Gröna","en":"GREEN"}},{"age":46,"advanceVotesPercent":0.3,"lastname":"Andersin","occupation":"yrittäjä","advanceVotes":2,"npid":9,"totalVotes":7,"spid":99,"abbr":"Muut","municipalCouncilor":false,"muid":560,"alid":8,"firstname":"Mika","electionDayVotes":5,"pid":"5609","finalPosition":0,"electedInformation":"NOT_ELECTED","totalVotesPercent":0.5,"nominatorName":{"fi":"Sitoutumaton Orimattila","sv":"Sitoutumaton Orimattila","en":"Sitoutumaton Orimattila"},"caid":110,"position":0,"gender":"1","comparisonData":{"totalVotes":0,"votesTotalChange":7},"edid":6,"comparativeIndex":0.0,"electionDayVotesPercent":0.8,"nominatorAbbr":{"fi":"SO","sv":"SO","en":"SO"}},{"age":40,"advanceVotesPercent":0.3,"lastname":"Hanhela","occupation":"sairaanhoitaja AMK","advanceVotes":2,"npid":3,"totalVotes":6,"spid":2,"abbr":"KOK","municipalCouncilor":false,"muid":560,"alid":2,"firstname":"Jenni","electionDayVotes":4,"pid":"4","finalPosition":0,"electedInformation":"NOT_ELECTED","totalVotesPercent":0.5,"nominatorName":{"fi":"Kansallinen Kokoomus","sv":"Samlingspartiet","en":"National Coalition Party"},"caid":26,"position":0,"gender":"2","comparisonData":{"totalVotes":56,"votesTotalChange":-50},"edid":6,"comparativeIndex":0.0,"electionDayVotesPercent":0.6,"nominatorAbbr":{"fi":"KOK","sv":"Saml","en":"NCP"}},{"age":57,"advanceVotesPercent":0.4,"lastname":"Anttila","occupation":"maanviljelijä","advanceVotes":3,"npid":4,"totalVotes":6,"spid":1,"abbr":"KESK","municipalCouncilor":true,"muid":560,"alid":3,"firstname":"Ari","electionDayVotes":3,"pid":"2","finalPosition":0,"electedInformation":"ELECTED","totalVotesPercent":0.5,"nominatorName":{"fi":"Suomen Keskusta","sv":"Centern i Finland","en":"Centre Party of Finland"},"caid":56,"position":0,"gender":"1","comparisonData":{"totalVotes":74,"votesTotalChange":-68},"edid":6,"comparativeIndex":0.0,"electionDayVotesPercent":0.5,"nominatorAbbr":{"fi":"KESK","sv":"C","en":"CENT"}},{"age":48,"advanceVotesPercent":0.6,"lastname":"Hyvönen","occupation":"metallimies, vapaaehtoistyöntekijä","advanceVotes":4,"npid":5,"totalVotes":6,"spid":4,"abbr":"SDP","municipalCouncilor":false,"muid":560,"alid":4,"firstname":"Arto","electionDayVotes":2,"pid":"1","finalPosition":0,"electedInformation":"NOT_ELECTED","totalVotesPercent":0.5,"nominatorName":{"fi":"Suomen Sosialidemokraattinen Puolue","sv":"Finlands Socialdemokratiska Parti","en":"The Finnish Social Democratic Party"},"caid":83,"position":0,"gender":"1","comparisonData":{"totalVotes":0,"votesTotalChange":6},"edid":6,"comparativeIndex":0.0,"electionDayVotesPercent":0.3,"nominatorAbbr":{"fi":"SDP","sv":"SDP","en":"SDP"}},{"age":41,"advanceVotesPercent":0.4,"lastname":"Hämäläinen","occupation":"tilitoimisto-yrittäjä","advanceVotes":3,"npid":9,"totalVotes":6,"spid":99,"abbr":"Muut","municipalCouncilor":false,"muid":560,"alid":8,"firstname":"Mira","electionDayVotes":3,"pid":"5609","finalPosition":0,"electedInformation":"ON_SUBSTITUTE_PLACE","totalVotesPercent":0.5,"nominatorName":{"fi":"Sitoutumaton Orimattila","sv":"Sitoutumaton Orimattila","en":"Sitoutumaton Orimattila"},"caid":109,"position":0,"gender":"2","comparisonData":{"totalVotes":0,"votesTotalChange":6},"edid":6,"comparativeIndex":0.0,"electionDayVotesPercent":0.5,"nominatorAbbr":{"fi":"SO","sv":"SO","en":"SO"}},{"age":79,"advanceVotesPercent":0.3,"lastname":"Hiltunen","occupation":"osastonhoitaja","advanceVotes":2,"npid":1,"totalVotes":5,"spid":3,"abbr":"PS","municipalCouncilor":false,"muid":560,"alid":1,"firstname":"Onni","electionDayVotes":3,"pid":"23","finalPosition":0,"electedInformation":"NOT_ELECTED","totalVotesPercent":0.4,"nominatorName":{"fi":"Perussuomalaiset","sv":"Sannfinländarna","en":"The Finns Party"},"caid":5,"position":0,"gender":"1","comparisonData":{"totalVotes":19,"votesTotalChange":-14},"edid":6,"comparativeIndex":0.0,"electionDayVotesPercent":0.5,"nominatorAbbr":{"fi":"PS","sv":"Sannf","en":"FINNS"}},{"age":58,"advanceVotesPercent":0.6,"lastname":"Neuvonen-Rauhala","occupation":"koulutusjohtaja","advanceVotes":4,"npid":3,"totalVotes":5,"spid":2,"abbr":"KOK","municipalCouncilor":false,"muid":560,"alid":2,"firstname":"Marja-Liisa","electionDayVotes":1,"pid":"4","finalPosition":0,"electedInformation":"NOT_ELECTED","totalVotesPercent":0.4,"nominatorName":{"fi":"Kansallinen Kokoomus","sv":"Samlingspartiet","en":"National Coalition Party"},"caid":39,"position":0,"gender":"2","comparisonData":{"totalVotes":31,"votesTotalChange":-26},"edid":6,"comparativeIndex":0.0,"electionDayVotesPercent":0.2,"nominatorAbbr":{"fi":"KOK","sv":"Saml","en":"NCP"}},{"age":36,"advanceVotesPercent":0.4,"lastname":"Seppälä","occupation":"talouspäällikkö, yhteiskuntatieteiden maisteri","advanceVotes":3,"npid":3,"totalVotes":5,"spid":2,"abbr":"KOK","municipalCouncilor":false,"muid":560,"alid":2,"firstname":"Jarkko","electionDayVotes":2,"pid":"4","finalPosition":0,"electedInformation":"NOT_ELECTED","totalVotesPercent":0.4,"nominatorName":{"fi":"Kansallinen Kokoomus","sv":"Samlingspartiet","en":"National Coalition Party"},"caid":48,"position":0,"gender":"1","comparisonData":{"totalVotes":13,"votesTotalChange":-8},"edid":6,"comparativeIndex":0.0,"electionDayVotesPercent":0.3,"nominatorAbbr":{"fi":"KOK","sv":"Saml","en":"NCP"}},{"age":30,"advanceVotesPercent":0.4,"lastname":"Rönkkö","occupation":"yrittäjä, sähköasentaja","advanceVotes":3,"npid":4,"totalVotes":5,"spid":1,"abbr":"KESK","municipalCouncilor":false,"muid":560,"alid":3,"firstname":"Ilpo","electionDayVotes":2,"pid":"2","finalPosition":0,"electedInformation":"ON_SUBSTITUTE_PLACE","totalVotesPercent":0.4,"nominatorName":{"fi":"Suomen Keskusta","sv":"Centern i Finland","en":"Centre Party of Finland"},"caid":75,"position":0,"gender":"1","comparisonData":{"totalVotes":11,"votesTotalChange":-6},"edid":6,"comparativeIndex":0.0,"electionDayVotesPercent":0.3,"nominatorAbbr":{"fi":"KESK","sv":"C","en":"CENT"}},{"age":52,"advanceVotesPercent":0.6,"lastname":"Kettunen","occupation":"koneasentaja","advanceVotes":4,"npid":5,"totalVotes":5,"spid":4,"abbr":"SDP","municipalCouncilor":false,"muid":560,"alid":4,"firstname":"Jouni","electionDayVotes":1,"pid":"1","finalPosition":0,"electedInformation":"NOT_ELECTED","totalVotesPercent":0.4,"nominatorName":{"fi":"Suomen Sosialidemokraattinen Puolue","sv":"Finlands Socialdemokratiska Parti","en":"The Finnish Social Democratic Party"},"caid":88,"position":0,"gender":"1","comparisonData":{"totalVotes":10,"votesTotalChange":-5},"edid":6,"comparativeIndex":0.0,"electionDayVotesPercent":0.2,"nominatorAbbr":{"fi":"SDP","sv":"SDP","en":"SDP"}},{"age":29,"advanceVotesPercent":0.3,"lastname":"Markkanen","occupation":"päivämestari","advanceVotes":2,"npid":1,"totalVotes":4,"spid":3,"abbr":"PS","municipalCouncilor":true,"muid":560,"alid":1,"firstname":"Jani","electionDayVotes":2,"pid":"23","finalPosition":0,"electedInformation":"ON_SUBSTITUTE_PLACE","totalVotesPercent":0.3,"nominatorName":{"fi":"Perussuomalaiset","sv":"Sannfinländarna","en":"The Finns Party"},"caid":10,"position":0,"gender":"1","comparisonData":{"totalVotes":53,"votesTotalChange":-49},"edid":6,"comparativeIndex":0.0,"electionDayVotesPercent":0.3,"nominatorAbbr":{"fi":"PS","sv":"Sannf","en":"FINNS"}},{"age":74,"advanceVotesPercent":0.1,"lastname":"Mechelin","occupation":"telemekaanikko, eläkeläinen","advanceVotes":1,"npid":1,"totalVotes":4,"spid":3,"abbr":"PS","municipalCouncilor":false,"muid":560,"alid":1,"firstname":"Kalevi","electionDayVotes":3,"pid":"23","finalPosition":0,"electedInformation":"NOT_ELECTED","totalVotesPercent":0.3,"nominatorName":{"fi":"Perussuomalaiset","sv":"Sannfinländarna","en":"The Finns Party"},"caid":11,"position":0,"gender":"1","comparisonData":{"totalVotes":2,"votesTotalChange":2},"edid":6,"comparativeIndex":0.0,"electionDayVotesPercent":0.5,"nominatorAbbr":{"fi":"PS","sv":"Sannf","en":"FINNS"}},{"age":48,"advanceVotesPercent":0.0,"lastname":"Gripenberg","occupation":"toimistosihteeri","advanceVotes":0,"npid":3,"totalVotes":4,"spid":2,"abbr":"KOK","municipalCouncilor":false,"muid":560,"alid":2,"firstname":"Marianna","electionDayVotes":4,"pid":"4","finalPosition":0,"electedInformation":"NOT_ELECTED","totalVotesPercent":0.3,"nominatorName":{"fi":"Kansallinen Kokoomus","sv":"Samlingspartiet","en":"National Coalition Party"},"caid":24,"position":0,"gender":"2","comparisonData":{"totalVotes":9,"votesTotalChange":-5},"edid":6,"comparativeIndex":0.0,"electionDayVotesPercent":0.6,"nominatorAbbr":{"fi":"KOK","sv":"Saml","en":"NCP"}},{"age":41,"advanceVotesPercent":0.1,"lastname":"Lager","occupation":"työnjohtaja, raskas kalusto","advanceVotes":1,"npid":3,"totalVotes":4,"spid":2,"abbr":"KOK","municipalCouncilor":false,"muid":560,"alid":2,"firstname":"Mika","electionDayVotes":3,"pid":"4","finalPosition":0,"electedInformation":"NOT_ELECTED","totalVotesPercent":0.3,"nominatorName":{"fi":"Kansallinen Kokoomus","sv":"Samlingspartiet","en":"National Coalition Party"},"caid":37,"position":0,"gender":"1","comparisonData":{"totalVotes":0,"votesTotalChange":4},"edid":6,"comparativeIndex":0.0,"electionDayVotesPercent":0.5,"nominatorAbbr":{"fi":"KOK","sv":"Saml","en":"NCP"}},{"age":46,"advanceVotesPercent":0.1,"lastname":"Suuronen","occupation":"myyntipäällikkö","advanceVotes":1,"npid":4,"totalVotes":4,"spid":1,"abbr":"KESK","municipalCouncilor":false,"muid":560,"alid":3,"firstname":"Marko","electionDayVotes":3,"pid":"2","finalPosition":0,"electedInformation":"ON_SUBSTITUTE_PLACE","totalVotesPercent":0.3,"nominatorName":{"fi":"Suomen Keskusta","sv":"Centern i Finland","en":"Centre Party of Finland"},"caid":78,"position":0,"gender":"1","comparisonData":{"totalVotes":57,"votesTotalChange":-53},"edid":6,"comparativeIndex":0.0,"electionDayVotesPercent":0.5,"nominatorAbbr":{"fi":"KESK","sv":"C","en":"CENT"}},{"age":53,"advanceVotesPercent":0.1,"lastname":"Åkerman","occupation":"yrittäjä","advanceVotes":1,"npid":9,"totalVotes":4,"spid":99,"abbr":"Muut","municipalCouncilor":false,"muid":560,"alid":8,"firstname":"Marjut","electionDayVotes":3,"pid":"5609","finalPosition":0,"electedInformation":"NOT_ELECTED","totalVotesPercent":0.3,"nominatorName":{"fi":"Sitoutumaton Orimattila","sv":"Sitoutumaton Orimattila","en":"Sitoutumaton Orimattila"},"caid":108,"position":0,"gender":"2","comparisonData":{"totalVotes":0,"votesTotalChange":4},"edid":6,"comparativeIndex":0.0,"electionDayVotesPercent":0.5,"nominatorAbbr":{"fi":"SO","sv":"SO","en":"SO"}},{"age":73,"advanceVotesPercent":0.3,"lastname":"Kaivola","occupation":"eläkeläinen","advanceVotes":2,"npid":1,"totalVotes":3,"spid":3,"abbr":"PS","municipalCouncilor":false,"muid":560,"alid":1,"firstname":"Simo","electionDayVotes":1,"pid":"23","finalPosition":0,"electedInformation":"NOT_ELECTED","totalVotesPercent":0.2,"nominatorName":{"fi":"Perussuomalaiset","sv":"Sannfinländarna","en":"The Finns Party"},"caid":6,"position":0,"gender":"1","comparisonData":{"totalVotes":30,"votesTotalChange":-27},"edid":6,"comparativeIndex":0.0,"electionDayVotesPercent":0.2,"nominatorAbbr":{"fi":"PS","sv":"Sannf","en":"FINNS"}},{"age":59,"advanceVotesPercent":0.1,"lastname":"Ovaska","occupation":"operaattori","advanceVotes":1,"npid":1,"totalVotes":3,"spid":3,"abbr":"PS","municipalCouncilor":false,"muid":560,"alid":1,"firstname":"Harri","electionDayVotes":2,"pid":"23","finalPosition":0,"electedInformation":"NOT_ELECTED","totalVotesPercent":0.2,"nominatorName":{"fi":"Perussuomalaiset","sv":"Sannfinländarna","en":"The Finns Party"},"caid":12,"position":0,"gender":"1","comparisonData":{"totalVotes":0,"votesTotalChange":3},"edid":6,"comparativeIndex":0.0,"electionDayVotesPercent":0.3,"nominatorAbbr":{"fi":"PS","sv":"Sannf","en":"FINNS"}},{"age":39,"advanceVotesPercent":0.3,"lastname":"Huhtala","occupation":"tuotantojohtaja","advanceVotes":2,"npid":3,"totalVotes":3,"spid":2,"abbr":"KOK","municipalCouncilor":true,"muid":560,"alid":2,"firstname":"Anssi","electionDayVotes":1,"pid":"4","finalPosition":0,"electedInformation":"ON_SUBSTITUTE_PLACE","totalVotesPercent":0.2,"nominatorName":{"fi":"Kansallinen Kokoomus","sv":"Samlingspartiet","en":"National Coalition Party"},"caid":27,"position":0,"gender":"1","comparisonData":{"totalVotes":91,"votesTotalChange":-88},"edid":6,"comparativeIndex":0.0,"electionDayVotesPercent":0.2,"nominatorAbbr":{"fi":"KOK","sv":"Saml","en":"NCP"}},{"age":33,"advanceVotesPercent":0.0,"lastname":"Soinoja","occupation":"upseeri, sotatieteen maisteri","advanceVotes":0,"npid":3,"totalVotes":3,"spid":2,"abbr":"KOK","municipalCouncilor":false,"muid":560,"alid":2,"firstname":"Sami","electionDayVotes":3,"pid":"4","finalPosition":0,"electedInformation":"ON_SUBSTITUTE_PLACE","totalVotesPercent":0.2,"nominatorName":{"fi":"Kansallinen Kokoomus","sv":"Samlingspartiet","en":"National Coalition Party"},"caid":49,"position":0,"gender":"1","comparisonData":{"totalVotes":0,"votesTotalChange":3},"edid":6,"comparativeIndex":0.0,"electionDayVotesPercent":0.5,"nominatorAbbr":{"fi":"KOK","sv":"Saml","en":"NCP"}},{"age":44,"advanceVotesPercent":0.4,"lastname":"Heikkinen","occupation":"kehitysvammaisten hoitaja","advanceVotes":3,"npid":4,"totalVotes":3,"spid":1,"abbr":"KESK","municipalCouncilor":false,"muid":560,"alid":3,"firstname":"Sanna","electionDayVotes":0,"pid":"2","finalPosition":0,"electedInformation":"ELECTED","totalVotesPercent":0.2,"nominatorName":{"fi":"Suomen Keskusta","sv":"Centern i Finland","en":"Centre Party of Finland"},"caid":57,"position":0,"gender":"2","comparisonData":{"totalVotes":49,"votesTotalChange":-46},"edid":6,"comparativeIndex":0.0,"electionDayVotesPercent":0.0,"nominatorAbbr":{"fi":"KESK","sv":"C","en":"CENT"}},{"age":37,"advanceVotesPercent":0.3,"lastname":"Mölsä","occupation":"tradenomi, maanviljelijä","advanceVotes":2,"npid":4,"totalVotes":3,"spid":1,"abbr":"KESK","municipalCouncilor":true,"muid":560,"alid":3,"firstname":"Jukka","electionDayVotes":1,"pid":"2","finalPosition":0,"electedInformation":"ELECTED","totalVotesPercent":0.2,"nominatorName":{"fi":"Suomen Keskusta","sv":"Centern i Finland","en":"Centre Party of Finland"},"caid":69,"position":0,"gender":"1","comparisonData":{"totalVotes":102,"votesTotalChange":-99},"edid":6,"comparativeIndex":0.0,"electionDayVotesPercent":0.2,"nominatorAbbr":{"fi":"KESK","sv":"C","en":"CENT"}},{"age":38,"advanceVotesPercent":0.1,"lastname":"Hänninen","occupation":"tradenomi","advanceVotes":1,"npid":5,"totalVotes":3,"spid":4,"abbr":"SDP","municipalCouncilor":false,"muid":560,"alid":4,"firstname":"Jarmo","electionDayVotes":2,"pid":"1","finalPosition":0,"electedInformation":"NOT_ELECTED","totalVotesPercent":0.2,"nominatorName":{"fi":"Suomen Sosialidemokraattinen Puolue","sv":"Finlands Socialdemokratiska Parti","en":"The Finnish Social Democratic Party"},"caid":84,"position":0,"gender":"1","comparisonData":{"totalVotes":0,"votesTotalChange":3},"edid":6,"comparativeIndex":0.0,"electionDayVotesPercent":0.3,"nominatorAbbr":{"fi":"SDP","sv":"SDP","en":"SDP"}},{"age":37,"advanceVotesPercent":0.3,"lastname":"Järvinen","occupation":"arkistonhoitaja","advanceVotes":2,"npid":5,"totalVotes":3,"spid":4,"abbr":"SDP","municipalCouncilor":false,"muid":560,"alid":4,"firstname":"Suvi","electionDayVotes":1,"pid":"1","finalPosition":0,"electedInformation":"ON_SUBSTITUTE_PLACE","totalVotesPercent":0.2,"nominatorName":{"fi":"Suomen Sosialidemokraattinen Puolue","sv":"Finlands Socialdemokratiska Parti","en":"The Finnish Social Democratic Party"},"caid":86,"position":0,"gender":"2","comparisonData":{"totalVotes":0,"votesTotalChange":3},"edid":6,"comparativeIndex":0.0,"electionDayVotesPercent":0.2,"nominatorAbbr":{"fi":"SDP","sv":"SDP","en":"SDP"}},{"age":50,"advanceVotesPercent":0.0,"lastname":"Koskelainen","occupation":"yrittäjä","advanceVotes":0,"npid":9,"totalVotes":3,"spid":99,"abbr":"Muut","municipalCouncilor":false,"muid":560,"alid":8,"firstname":"Harri","electionDayVotes":3,"pid":"5609","finalPosition":0,"electedInformation":"NOT_ELECTED","totalVotesPercent":0.2,"nominatorName":{"fi":"Sitoutumaton Orimattila","sv":"Sitoutumaton Orimattila","en":"Sitoutumaton Orimattila"},"caid":112,"position":0,"gender":"1","comparisonData":{"totalVotes":0,"votesTotalChange":3},"edid":6,"comparativeIndex":0.0,"electionDayVotesPercent":0.5,"nominatorAbbr":{"fi":"SO","sv":"SO","en":"SO"}},{"age":38,"advanceVotesPercent":0.0,"lastname":"Virtanen","occupation":"nuoriso- ja vapaa-ajanohjaaja, henkilökohtainen ohjaaja","advanceVotes":0,"npid":9,"totalVotes":3,"spid":99,"abbr":"Muut","municipalCouncilor":false,"muid":560,"alid":8,"firstname":"Heidi","electionDayVotes":3,"pid":"5609","finalPosition":0,"electedInformation":"ON_SUBSTITUTE_PLACE","totalVotesPercent":0.2,"nominatorName":{"fi":"Sitoutumaton Orimattila","sv":"Sitoutumaton Orimattila","en":"Sitoutumaton Orimattila"},"caid":114,"position":0,"gender":"2","comparisonData":{"totalVotes":0,"votesTotalChange":3},"edid":6,"comparativeIndex":0.0,"electionDayVotesPercent":0.5,"nominatorAbbr":{"fi":"SO","sv":"SO","en":"SO"}},{"age":34,"advanceVotesPercent":0.1,"lastname":"Törmänen","occupation":"yrittäjä","advanceVotes":1,"npid":10,"totalVotes":3,"spid":99,"abbr":"Muut","municipalCouncilor":false,"muid":560,"alid":9,"firstname":"Johanna","electionDayVotes":2,"pid":"56010","finalPosition":0,"electedInformation":"NOT_ELECTED","totalVotesPercent":0.2,"nominatorName":{"fi":"Johanna Törmänen","sv":"Johanna Törmänen","en":"Johanna Törmänen"},"caid":115,"position":0,"gender":"2","comparisonData":{"totalVotes":0,"votesTotalChange":3},"edid":6,"comparativeIndex":0.0,"electionDayVotesPercent":0.3,"nominatorAbbr":{"fi":"E115","sv":"E115","en":"E115"}},{"age":33,"advanceVotesPercent":0.0,"lastname":"Pärssinen","occupation":"tekninen myyjä","advanceVotes":0,"npid":1,"totalVotes":2,"spid":3,"abbr":"PS","municipalCouncilor":false,"muid":560,"alid":1,"firstname":"Anssi","electionDayVotes":2,"pid":"23","finalPosition":0,"electedInformation":"ON_SUBSTITUTE_PLACE","totalVotesPercent":0.2,"nominatorName":{"fi":"Perussuomalaiset","sv":"Sannfinländarna","en":"The Finns Party"},"caid":14,"position":0,"gender":"1","comparisonData":{"totalVotes":0,"votesTotalChange":2},"edid":6,"comparativeIndex":0.0,"electionDayVotesPercent":0.3,"nominatorAbbr":{"fi":"PS","sv":"Sannf","en":"FINNS"}},{"age":71,"advanceVotesPercent":0.1,"lastname":"Salo","occupation":"vientisihteeri, eläkeläinen","advanceVotes":1,"npid":1,"totalVotes":2,"spid":3,"abbr":"PS","municipalCouncilor":false,"muid":560,"alid":1,"firstname":"Sirkku","electionDayVotes":1,"pid":"23","finalPosition":0,"electedInformation":"ON_SUBSTITUTE_PLACE","totalVotesPercent":0.2,"nominatorName":{"fi":"Perussuomalaiset","sv":"Sannfinländarna","en":"The Finns Party"},"caid":16,"position":0,"gender":"2","comparisonData":{"totalVotes":0,"votesTotalChange":2},"edid":6,"comparativeIndex":0.0,"electionDayVotesPercent":0.2,"nominatorAbbr":{"fi":"PS","sv":"Sannf","en":"FINNS"}},{"age":28,"advanceVotesPercent":0.1,"lastname":"Silvennoinen","occupation":"puuseppä","advanceVotes":1,"npid":1,"totalVotes":2,"spid":3,"abbr":"PS","municipalCouncilor":false,"muid":560,"alid":1,"firstname":"Joona","electionDayVotes":1,"pid":"23","finalPosition":0,"electedInformation":"ON_SUBSTITUTE_PLACE","totalVotesPercent":0.2,"nominatorName":{"fi":"Perussuomalaiset","sv":"Sannfinländarna","en":"The Finns Party"},"caid":18,"position":0,"gender":"1","comparisonData":{"totalVotes":0,"votesTotalChange":2},"edid":6,"comparativeIndex":0.0,"electionDayVotesPercent":0.2,"nominatorAbbr":{"fi":"PS","sv":"Sannf","en":"FINNS"}},{"age":65,"advanceVotesPercent":0.1,"lastname":"Rainio","occupation":"toimistosihteeri","advanceVotes":1,"npid":3,"totalVotes":2,"spid":2,"abbr":"KOK","municipalCouncilor":false,"muid":560,"alid":2,"firstname":"Marja","electionDayVotes":1,"pid":"4","finalPosition":0,"electedInformation":"NOT_ELECTED","totalVotesPercent":0.2,"nominatorName":{"fi":"Kansallinen Kokoomus","sv":"Samlingspartiet","en":"National Coalition Party"},"caid":44,"position":0,"gender":"2","comparisonData":{"totalVotes":10,"votesTotalChange":-8},"edid":6,"comparativeIndex":0.0,"electionDayVotesPercent":0.2,"nominatorAbbr":{"fi":"KOK","sv":"Saml","en":"NCP"}},{"age":46,"advanceVotesPercent":0.3,"lastname":"Kiiveri","occupation":"kiinteistönhoitaja","advanceVotes":2,"npid":4,"totalVotes":2,"spid":1,"abbr":"KESK","municipalCouncilor":false,"muid":560,"alid":3,"firstname":"Tommi","electionDayVotes":0,"pid":"2","finalPosition":0,"electedInformation":"NOT_ELECTED","totalVotesPercent":0.2,"nominatorName":{"fi":"Suomen Keskusta","sv":"Centern i Finland","en":"Centre Party of Finland"},"caid":60,"position":0,"gender":"1","comparisonData":{"totalVotes":7,"votesTotalChange":-5},"edid":6,"comparativeIndex":0.0,"electionDayVotesPercent":0.0,"nominatorAbbr":{"fi":"KESK","sv":"C","en":"CENT"}},{"age":37,"advanceVotesPercent":0.1,"lastname":"Mäkelä","occupation":"yrittäjä","advanceVotes":1,"npid":4,"totalVotes":2,"spid":1,"abbr":"KESK","municipalCouncilor":false,"muid":560,"alid":3,"firstname":"Joel","electionDayVotes":1,"pid":"2","finalPosition":0,"electedInformation":"NOT_ELECTED","totalVotesPercent":0.2,"nominatorName":{"fi":"Suomen Keskusta","sv":"Centern i Finland","en":"Centre Party of Finland"},"caid":68,"position":0,"gender":"1","comparisonData":{"totalVotes":21,"votesTotalChange":-19},"edid":6,"comparativeIndex":0.0,"electionDayVotesPercent":0.2,"nominatorAbbr":{"fi":"KESK","sv":"C","en":"CENT"}},{"age":45,"advanceVotesPercent":0.3,"lastname":"Parkkinen","occupation":"bioanalyytikko, ihoterapeutti","advanceVotes":2,"npid":4,"totalVotes":2,"spid":1,"abbr":"KESK","municipalCouncilor":false,"muid":560,"alid":3,"firstname":"Paula","electionDayVotes":0,"pid":"2","finalPosition":0,"electedInformation":"NOT_ELECTED","totalVotesPercent":0.2,"nominatorName":{"fi":"Suomen Keskusta","sv":"Centern i Finland","en":"Centre Party of Finland"},"caid":74,"position":0,"gender":"2","comparisonData":{"totalVotes":6,"votesTotalChange":-4},"edid":6,"comparativeIndex":0.0,"electionDayVotesPercent":0.0,"nominatorAbbr":{"fi":"KESK","sv":"C","en":"CENT"}},{"age":65,"advanceVotesPercent":0.0,"lastname":"Salmén","occupation":"eläkeläinen, yrittäjä","advanceVotes":0,"npid":4,"totalVotes":2,"spid":1,"abbr":"KESK","municipalCouncilor":false,"muid":560,"alid":3,"firstname":"Raimo","electionDayVotes":2,"pid":"2","finalPosition":0,"electedInformation":"NOT_ELECTED","totalVotesPercent":0.2,"nominatorName":{"fi":"Suomen Keskusta","sv":"Centern i Finland","en":"Centre Party of Finland"},"caid":77,"position":0,"gender":"1","comparisonData":{"totalVotes":0,"votesTotalChange":2},"edid":6,"comparativeIndex":0.0,"electionDayVotesPercent":0.3,"nominatorAbbr":{"fi":"KESK","sv":"C","en":"CENT"}},{"age":70,"advanceVotesPercent":0.1,"lastname":"Alonen","occupation":"eläkeläinen","advanceVotes":1,"npid":1,"totalVotes":1,"spid":3,"abbr":"PS","municipalCouncilor":false,"muid":560,"alid":1,"firstname":"Aino","electionDayVotes":0,"pid":"23","finalPosition":0,"electedInformation":"ON_SUBSTITUTE_PLACE","totalVotesPercent":0.1,"nominatorName":{"fi":"Perussuomalaiset","sv":"Sannfinländarna","en":"The Finns Party"},"caid":2,"position":0,"gender":"2","comparisonData":{"totalVotes":25,"votesTotalChange":-24},"edid":6,"comparativeIndex":0.0,"electionDayVotesPercent":0.0,"nominatorAbbr":{"fi":"PS","sv":"Sannf","en":"FINNS"}},{"age":72,"advanceVotesPercent":0.0,"lastname":"Lassila","occupation":"eläkeläinen, yrittäjä","advanceVotes":0,"npid":1,"totalVotes":1,"spid":3,"abbr":"PS","municipalCouncilor":false,"muid":560,"alid":1,"firstname":"Aarre","electionDayVotes":1,"pid":"23","finalPosition":0,"electedInformation":"ON_SUBSTITUTE_PLACE","totalVotesPercent":0.1,"nominatorName":{"fi":"Perussuomalaiset","sv":"Sannfinländarna","en":"The Finns Party"},"caid":9,"position":0,"gender":"1","comparisonData":{"totalVotes":0,"votesTotalChange":1},"edid":6,"comparativeIndex":0.0,"electionDayVotesPercent":0.2,"nominatorAbbr":{"fi":"PS","sv":"Sannf","en":"FINNS"}},{"age":69,"advanceVotesPercent":0.0,"lastname":"Piiroinen","occupation":"käyttöpäällikkö","advanceVotes":0,"npid":1,"totalVotes":1,"spid":3,"abbr":"PS","municipalCouncilor":false,"muid":560,"alid":1,"firstname":"Keijo","electionDayVotes":1,"pid":"23","finalPosition":0,"electedInformation":"NOT_ELECTED","totalVotesPercent":0.1,"nominatorName":{"fi":"Perussuomalaiset","sv":"Sannfinländarna","en":"The Finns Party"},"caid":13,"position":0,"gender":"1","comparisonData":{"totalVotes":21,"votesTotalChange":-20},"edid":6,"comparativeIndex":0.0,"electionDayVotesPercent":0.2,"nominatorAbbr":{"fi":"PS","sv":"Sannf","en":"FINNS"}},{"age":66,"advanceVotesPercent":0.1,"lastname":"Rissanen","occupation":"talouspäällikkö, eläkeläinen","advanceVotes":1,"npid":2,"totalVotes":1,"spid":8,"abbr":"KD","municipalCouncilor":false,"muid":560,"alid":2,"firstname":"Jaakko","electionDayVotes":0,"pid":"9","finalPosition":0,"electedInformation":"NOT_ELECTED","totalVotesPercent":0.1,"nominatorName":{"fi":"Suomen Kristillisdemokraatit (KD)","sv":"Kristdemokraterna i Finland (KD)","en":"Christian Democrats in Finland"},"caid":22,"position":0,"gender":"1","comparisonData":{"totalVotes":0,"votesTotalChange":1},"edid":6,"comparativeIndex":0.0,"electionDayVotesPercent":0.0,"nominatorAbbr":{"fi":"KD","sv":"KD","en":"CD"}},{"age":39,"advanceVotesPercent":0.1,"lastname":"Planting","occupation":"tullitarkastaja","advanceVotes":1,"npid":3,"totalVotes":1,"spid":2,"abbr":"KOK","municipalCouncilor":false,"muid":560,"alid":2,"firstname":"Jussi","electionDayVotes":0,"pid":"4","finalPosition":0,"electedInformation":"NOT_ELECTED","totalVotesPercent":0.1,"nominatorName":{"fi":"Kansallinen Kokoomus","sv":"Samlingspartiet","en":"National Coalition Party"},"caid":42,"position":0,"gender":"1","comparisonData":{"totalVotes":0,"votesTotalChange":1},"edid":6,"comparativeIndex":0.0,"electionDayVotesPercent":0.0,"nominatorAbbr":{"fi":"KOK","sv":"Saml","en":"NCP"}},{"age":46,"advanceVotesPercent":0.0,"lastname":"Kallio","occupation":"maanviljelijä","advanceVotes":0,"npid":4,"totalVotes":1,"spid":1,"abbr":"KESK","municipalCouncilor":false,"muid":560,"alid":3,"firstname":"Riku","electionDayVotes":1,"pid":"2","finalPosition":0,"electedInformation":"NOT_ELECTED","totalVotesPercent":0.1,"nominatorName":{"fi":"Suomen Keskusta","sv":"Centern i Finland","en":"Centre Party of Finland"},"caid":59,"position":0,"gender":"1","comparisonData":{"totalVotes":10,"votesTotalChange":-9},"edid":6,"comparativeIndex":0.0,"electionDayVotesPercent":0.2,"nominatorAbbr":{"fi":"KESK","sv":"C","en":"CENT"}},{"age":67,"advanceVotesPercent":0.0,"lastname":"Kyöstilä","occupation":"maanviljelijä","advanceVotes":0,"npid":4,"totalVotes":1,"spid":1,"abbr":"KESK","municipalCouncilor":false,"muid":560,"alid":3,"firstname":"Mauri","electionDayVotes":1,"pid":"2","finalPosition":0,"electedInformation":"NOT_ELECTED","totalVotesPercent":0.1,"nominatorName":{"fi":"Suomen Keskusta","sv":"Centern i Finland","en":"Centre Party of Finland"},"caid":65,"position":0,"gender":"1","comparisonData":{"totalVotes":16,"votesTotalChange":-15},"edid":6,"comparativeIndex":0.0,"electionDayVotesPercent":0.2,"nominatorAbbr":{"fi":"KESK","sv":"C","en":"CENT"}},{"age":55,"advanceVotesPercent":0.1,"lastname":"Nyman","occupation":"toimitusjohtaja","advanceVotes":1,"npid":4,"totalVotes":1,"spid":1,"abbr":"KESK","municipalCouncilor":false,"muid":560,"alid":3,"firstname":"Pasi","electionDayVotes":0,"pid":"2","finalPosition":0,"electedInformation":"NOT_ELECTED","totalVotesPercent":0.1,"nominatorName":{"fi":"Suomen Keskusta","sv":"Centern i Finland","en":"Centre Party of Finland"},"caid":72,"position":0,"gender":"1","comparisonData":{"totalVotes":0,"votesTotalChange":1},"edid":6,"comparativeIndex":0.0,"electionDayVotesPercent":0.0,"nominatorAbbr":{"fi":"KESK","sv":"C","en":"CENT"}},{"age":49,"advanceVotesPercent":0.0,"lastname":"Taavila","occupation":"yrittäjä","advanceVotes":0,"npid":4,"totalVotes":1,"spid":1,"abbr":"KESK","municipalCouncilor":false,"muid":560,"alid":3,"firstname":"Marko","electionDayVotes":1,"pid":"2","finalPosition":0,"electedInformation":"ON_SUBSTITUTE_PLACE","totalVotesPercent":0.1,"nominatorName":{"fi":"Suomen Keskusta","sv":"Centern i Finland","en":"Centre Party of Finland"},"caid":79,"position":0,"gender":"1","comparisonData":{"totalVotes":0,"votesTotalChange":1},"edid":6,"comparativeIndex":0.0,"electionDayVotesPercent":0.2,"nominatorAbbr":{"fi":"KESK","sv":"C","en":"CENT"}},{"age":61,"advanceVotesPercent":0.0,"lastname":"Lahtinen","occupation":"valvomonhoitaja, eläkeläinen","advanceVotes":0,"npid":5,"totalVotes":1,"spid":4,"abbr":"SDP","municipalCouncilor":false,"muid":560,"alid":4,"firstname":"Olavi","electionDayVotes":1,"pid":"1","finalPosition":0,"electedInformation":"NOT_ELECTED","totalVotesPercent":0.1,"nominatorName":{"fi":"Suomen Sosialidemokraattinen Puolue","sv":"Finlands Socialdemokratiska Parti","en":"The Finnish Social Democratic Party"},"caid":92,"position":0,"gender":"1","comparisonData":{"totalVotes":0,"votesTotalChange":1},"edid":6,"comparativeIndex":0.0,"electionDayVotesPercent":0.2,"nominatorAbbr":{"fi":"SDP","sv":"SDP","en":"SDP"}},{"age":64,"advanceVotesPercent":0.0,"lastname":"Hallalehto","occupation":"eläkeläinen","advanceVotes":0,"npid":1,"totalVotes":0,"spid":3,"abbr":"PS","municipalCouncilor":false,"muid":560,"alid":1,"firstname":"Olavi","electionDayVotes":0,"pid":"23","finalPosition":0,"electedInformation":"NOT_ELECTED","totalVotesPercent":0.0,"nominatorName":{"fi":"Perussuomalaiset","sv":"Sannfinländarna","en":"The Finns Party"},"caid":4,"position":0,"gender":"1","comparisonData":{"totalVotes":0,"votesTotalChange":0},"edid":6,"comparativeIndex":0.0,"electionDayVotesPercent":0.0,"nominatorAbbr":{"fi":"PS","sv":"Sannf","en":"FINNS"}},{"age":49,"advanceVotesPercent":0.0,"lastname":"Korva","occupation":"linja-autonkuljettaja","advanceVotes":0,"npid":1,"totalVotes":0,"spid":3,"abbr":"PS","municipalCouncilor":false,"muid":560,"alid":1,"firstname":"Harri","electionDayVotes":0,"pid":"23","finalPosition":0,"electedInformation":"NOT_ELECTED","totalVotesPercent":0.0,"nominatorName":{"fi":"Perussuomalaiset","sv":"Sannfinländarna","en":"The Finns Party"},"caid":8,"position":0,"gender":"1","comparisonData":{"totalVotes":24,"votesTotalChange":-24},"edid":6,"comparativeIndex":0.0,"electionDayVotesPercent":0.0,"nominatorAbbr":{"fi":"PS","sv":"Sannf","en":"FINNS"}},{"age":60,"advanceVotesPercent":0.0,"lastname":"Aalto","occupation":"kauppatieteiden maisteri","advanceVotes":0,"npid":3,"totalVotes":0,"spid":2,"abbr":"KOK","municipalCouncilor":false,"muid":560,"alid":2,"firstname":"Juha","electionDayVotes":0,"pid":"4","finalPosition":0,"electedInformation":"ON_SUBSTITUTE_PLACE","totalVotesPercent":0.0,"nominatorName":{"fi":"Kansallinen Kokoomus","sv":"Samlingspartiet","en":"National Coalition Party"},"caid":23,"position":0,"gender":"1","comparisonData":{"totalVotes":0,"votesTotalChange":0},"edid":6,"comparativeIndex":0.0,"electionDayVotesPercent":0.0,"nominatorAbbr":{"fi":"KOK","sv":"Saml","en":"NCP"}},{"age":26,"advanceVotesPercent":0.0,"lastname":"Kananen","occupation":"yrittäjä","advanceVotes":0,"npid":3,"totalVotes":0,"spid":2,"abbr":"KOK","municipalCouncilor":false,"muid":560,"alid":2,"firstname":"Juho","electionDayVotes":0,"pid":"4","finalPosition":0,"electedInformation":"NOT_ELECTED","totalVotesPercent":0.0,"nominatorName":{"fi":"Kansallinen Kokoomus","sv":"Samlingspartiet","en":"National Coalition Party"},"caid":31,"position":0,"gender":"1","comparisonData":{"totalVotes":0,"votesTotalChange":0},"edid":6,"comparativeIndex":0.0,"electionDayVotesPercent":0.0,"nominatorAbbr":{"fi":"KOK","sv":"Saml","en":"NCP"}},{"age":64,"advanceVotesPercent":0.0,"lastname":"Ritala","occupation":"yrittäjä, asiantuntija","advanceVotes":0,"npid":3,"totalVotes":0,"spid":2,"abbr":"KOK","municipalCouncilor":false,"muid":560,"alid":2,"firstname":"Leena","electionDayVotes":0,"pid":"4","finalPosition":0,"electedInformation":"NOT_ELECTED","totalVotesPercent":0.0,"nominatorName":{"fi":"Kansallinen Kokoomus","sv":"Samlingspartiet","en":"National Coalition Party"},"caid":45,"position":0,"gender":"2","comparisonData":{"totalVotes":38,"votesTotalChange":-38},"edid":6,"comparativeIndex":0.0,"electionDayVotesPercent":0.0,"nominatorAbbr":{"fi":"KOK","sv":"Saml","en":"NCP"}},{"age":44,"advanceVotesPercent":0.0,"lastname":"Sundvik","occupation":"yrittäjä","advanceVotes":0,"npid":3,"totalVotes":0,"spid":2,"abbr":"KOK","municipalCouncilor":false,"muid":560,"alid":2,"firstname":"Kim","electionDayVotes":0,"pid":"4","finalPosition":0,"electedInformation":"NOT_ELECTED","totalVotesPercent":0.0,"nominatorName":{"fi":"Kansallinen Kokoomus","sv":"Samlingspartiet","en":"National Coalition Party"},"caid":50,"position":0,"gender":"1","comparisonData":{"totalVotes":0,"votesTotalChange":0},"edid":6,"comparativeIndex":0.0,"electionDayVotesPercent":0.0,"nominatorAbbr":{"fi":"KOK","sv":"Saml","en":"NCP"}},{"age":53,"advanceVotesPercent":0.0,"lastname":"Venho","occupation":"yrittäjä","advanceVotes":0,"npid":3,"totalVotes":0,"spid":2,"abbr":"KOK","municipalCouncilor":false,"muid":560,"alid":2,"firstname":"Lasse","electionDayVotes":0,"pid":"4","finalPosition":0,"electedInformation":"NOT_ELECTED","totalVotesPercent":0.0,"nominatorName":{"fi":"Kansallinen Kokoomus","sv":"Samlingspartiet","en":"National Coalition Party"},"caid":53,"position":0,"gender":"1","comparisonData":{"totalVotes":0,"votesTotalChange":0},"edid":6,"comparativeIndex":0.0,"electionDayVotesPercent":0.0,"nominatorAbbr":{"fi":"KOK","sv":"Saml","en":"NCP"}},{"age":57,"advanceVotesPercent":0.0,"lastname":"Väisänen","occupation":"automyyjä","advanceVotes":0,"npid":3,"totalVotes":0,"spid":2,"abbr":"KOK","municipalCouncilor":false,"muid":560,"alid":2,"firstname":"Timo","electionDayVotes":0,"pid":"4","finalPosition":0,"electedInformation":"NOT_ELECTED","totalVotesPercent":0.0,"nominatorName":{"fi":"Kansallinen Kokoomus","sv":"Samlingspartiet","en":"National Coalition Party"},"caid":55,"position":0,"gender":"1","comparisonData":{"totalVotes":7,"votesTotalChange":-7},"edid":6,"comparativeIndex":0.0,"electionDayVotesPercent":0.0,"nominatorAbbr":{"fi":"KOK","sv":"Saml","en":"NCP"}},{"age":47,"advanceVotesPercent":0.0,"lastname":"Koivisto","occupation":"maanviljelijä","advanceVotes":0,"npid":4,"totalVotes":0,"spid":1,"abbr":"KESK","municipalCouncilor":false,"muid":560,"alid":3,"firstname":"Roope","electionDayVotes":0,"pid":"2","finalPosition":0,"electedInformation":"NOT_ELECTED","totalVotesPercent":0.0,"nominatorName":{"fi":"Suomen Keskusta","sv":"Centern i Finland","en":"Centre Party of Finland"},"caid":61,"position":0,"gender":"1","comparisonData":{"totalVotes":12,"votesTotalChange":-12},"edid":6,"comparativeIndex":0.0,"electionDayVotesPercent":0.0,"nominatorAbbr":{"fi":"KESK","sv":"C","en":"CENT"}}],"municipalityPollingDistricts":[{"name":{"fi":"Artjärvi","sv":"Artjärvi"},"calculationStatusPercent":100.0,"joinedArea":false,"muid":560,"totalVotingInFinlandTurnout":52.4,"identification":"001","pdid":"001","eligibleVotersInFinlandTotal":1649,"edid":6,"mergedToPdid":""},{"name":{"fi":"Keskusta","sv":"Keskusta"},"calculationStatusPercent":100.0,"joinedArea":false,"muid":560,"totalVotingInFinlandTurnout":47.3,"identification":"002","pdid":"002","eligibleVotersInFinlandTotal":2616,"edid":6,"mergedToPdid":""},{"name":{"fi":"Koivula-Myllylä","sv":"Koivula-Myllylä"},"calculationStatusPercent":100.0,"joinedArea":false,"muid":560,"totalVotingInFinlandTurnout":54.4,"identification":"003","pdid":"003","eligibleVotersInFinlandTotal":2440,"edid":6,"mergedToPdid":""},{"name":{"fi":"Käkelä","sv":"Käkelä"},"calculationStatusPercent":100.0,"joinedArea":false,"muid":560,"totalVotingInFinlandTurnout":57.5,"identification":"004","pdid":"004","eligibleVotersInFinlandTotal":2725,"edid":6,"mergedToPdid":""},{"name":{"fi":"Pennala-Virenoja","sv":"Pennala-Virenoja"},"calculationStatusPercent":100.0,"joinedArea":false,"muid":560,"totalVotingInFinlandTurnout":55.1,"identification":"005","pdid":"005","eligibleVotersInFinlandTotal":1440,"edid":6,"mergedToPdid":""},{"name":{"fi":"Tönnö","sv":"Tönnö"},"calculationStatusPercent":100.0,"joinedArea":false,"muid":560,"totalVotingInFinlandTurnout":57.4,"identification":"006","pdid":"006","eligibleVotersInFinlandTotal":1958,"edid":6,"mergedToPdid":""}],"municipality":{"muid":560,"edid":6,"name":{"fi":"Orimattila","sv":"Orimattila"}}}