{"version":30,"created":"2017-04-09T19:18:12.888Z","electionDetails":{"electionId":"kv2017","electionDate":"2017-04-09T00:00:00.000Z","electionDataPublishTime":"2017-04-09T17:00:00.000Z","name":{"fi":"Kuntavaalit 2017","sv":"Kommunalval 2017","en":"Elections 2017"},"previousElections":{"correspondingCompareElection":{"electionId":"kv2012","electionDate":"2012-10-28T00:00:00.000Z","name":{"fi":"Kuntavaalit 2012","en":"Municipal elections 2012","sv":"Kommunalval 2012"}},"otherCompareElection":{"electionId":"ev2015","electionDate":"2015-04-19T00:00:00.000Z","name":{"fi":"Eduskuntavaalit 2015","en":"Parliamentary election 2015","sv":"Riksdagsval 2015"}}}},"calculationStatus":{"electionDayVotingTurnout":20.8,"invalidAdvanceVotes":2,"calculationPhase":"INITIAL","invalidElectionDayVotes":2,"approvedAdvanceVotes":429,"advanceVotingTurnout":41.4,"totalVotingTurnoutAbroad":0.0,"name":{"fi":"Isoranta","sv":"Isoranta"},"calculationStatusPercent":100.0,"advanceVotes":431,"electionDayVotingTurnoutAbroad":0.0,"approvedTotalVotes":644,"totalVotes":648,"muid":854,"totalVotingInFinlandTurnout":62.2,"advanceVotingTurnoutAbroad":0.0,"invalidTotalVotes":4,"totalVotingTurnout":62.2,"electionDayVotes":217,"electionDayVotesInFinland":217,"pdid":"001","totalVotesInFinlandMen":0,"eligibleVotersInFinlandTotal":1042,"calculationStatusPercentElectionDayVotes":100.0,"sourceRecordModificationTime":"20170409205021","otherCompareElection":{"eid":"","eligibleVotersInFinlandTotal":0,"advanceVotingInFinlandTurnout":0.0,"electionDayVotingInFinlandTurnout":0.0,"totalVotingInFinlandTurnout":0.0,"approvedVotesTotal":0,"invalidVotesTotal":0},"correspondingCompareElection":{"eid":"","eligibleVotersInFinlandTotal":0,"advanceVotingInFinlandTurnout":0.0,"electionDayVotingInFinlandTurnout":0.0,"totalVotingInFinlandTurnout":0.0,"approvedVotesTotal":0,"invalidVotesTotal":0,"seats":0},"approvedElectionDayVotes":215,"edid":13,"calculationStatusPercentAdvanceVotes":100.0,"electionDayVotingInFinlandTurnout":20.8,"seats":0,"eligibleVotersTotal":1042,"advanceVotesInFinland":431,"advanceVotingInFinlandTurnout":41.4,"totalVotesInFinland":648},"partyResults":[{"advanceVotesPercent":45.2,"name":{"fi":"Suomen Keskusta","sv":"Centern i Finland","en":"Centre Party of Finland"},"advanceVotes":194,"npid":5,"totalVotes":313,"spid":1,"abbr":{"fi":"KESK","sv":"C","en":"CENT"},"alid":4,"electionDayVotes":119,"pid":"2","totalVotesPercent":48.6,"nominatorName":{"fi":"Suomen Keskusta","sv":"Centern i Finland","en":"Centre Party of Finland"},"compareData":{"otherCompareElection":{"votesTotalChange":0,"votesTotalPercentChange":0.0,"votesTotal":313,"votesTotalPercent":48.6},"correspondingCompareElection":{"votesTotalChange":0,"votesTotalPercentChange":0.0,"seatChange":0,"votesTotal":313,"votesTotalPercent":48.6,"seatsTotal":0}},"seats":0,"electionDayVotesPercent":55.3,"nominatorAbbr":{"fi":"KESK","sv":"C","en":"CENT"}},{"advanceVotesPercent":19.3,"name":{"fi":"Vasemmistoliitto","sv":"Vänsterförbundet","en":"The Left Alliance"},"advanceVotes":83,"npid":2,"totalVotes":117,"spid":6,"abbr":{"fi":"VAS","sv":"VF","en":"LEFT"},"alid":1,"electionDayVotes":34,"pid":"15","totalVotesPercent":18.2,"nominatorName":{"fi":"Vasemmistoliitto","sv":"Vänsterförbundet","en":"The Left Alliance"},"compareData":{"otherCompareElection":{"votesTotalChange":0,"votesTotalPercentChange":0.0,"votesTotal":117,"votesTotalPercent":18.2},"correspondingCompareElection":{"votesTotalChange":0,"votesTotalPercentChange":0.0,"seatChange":0,"votesTotal":117,"votesTotalPercent":18.2,"seatsTotal":0}},"seats":0,"electionDayVotesPercent":15.8,"nominatorAbbr":{"fi":"VAS","sv":"VF","en":"LEFT"}},{"advanceVotesPercent":12.8,"name":{"fi":"Suomen Sosialidemokraattinen Puolue","sv":"Finlands Socialdemokratiska Parti","en":"The Finnish Social Democratic Party"},"advanceVotes":55,"npid":1,"totalVotes":74,"spid":4,"abbr":{"fi":"SDP","sv":"SDP","en":"SDP"},"alid":1,"electionDayVotes":19,"pid":"1","totalVotesPercent":11.5,"nominatorName":{"fi":"Suomen Sosialidemokraattinen Puolue","sv":"Finlands Socialdemokratiska Parti","en":"The Finnish Social Democratic Party"},"compareData":{"otherCompareElection":{"votesTotalChange":0,"votesTotalPercentChange":0.0,"votesTotal":74,"votesTotalPercent":11.5},"correspondingCompareElection":{"votesTotalChange":0,"votesTotalPercentChange":0.0,"seatChange":0,"votesTotal":74,"votesTotalPercent":11.5,"seatsTotal":0}},"seats":0,"electionDayVotesPercent":8.8,"nominatorAbbr":{"fi":"SDP","sv":"SDP","en":"SDP"}},{"advanceVotesPercent":8.4,"name":{"fi":"Perussuomalaiset","sv":"Sannfinländarna","en":"The Finns Party"},"advanceVotes":36,"npid":3,"totalVotes":65,"spid":3,"abbr":{"fi":"PS","sv":"Sannf","en":"FINNS"},"alid":2,"electionDayVotes":29,"pid":"23","totalVotesPercent":10.1,"nominatorName":{"fi":"Perussuomalaiset","sv":"Sannfinländarna","en":"The Finns Party"},"compareData":{"otherCompareElection":{"votesTotalChange":0,"votesTotalPercentChange":0.0,"votesTotal":65,"votesTotalPercent":10.1},"correspondingCompareElection":{"votesTotalChange":0,"votesTotalPercentChange":0.0,"seatChange":0,"votesTotal":65,"votesTotalPercent":10.1,"seatsTotal":0}},"seats":0,"electionDayVotesPercent":13.5,"nominatorAbbr":{"fi":"PS","sv":"Sannf","en":"FINNS"}},{"advanceVotesPercent":11.4,"name":{"fi":"Kansallinen Kokoomus","sv":"Samlingspartiet","en":"National Coalition Party"},"advanceVotes":49,"npid":6,"totalVotes":59,"spid":2,"abbr":{"fi":"KOK","sv":"Saml","en":"NCP"},"alid":4,"electionDayVotes":10,"pid":"4","totalVotesPercent":9.2,"nominatorName":{"fi":"Kansallinen Kokoomus","sv":"Samlingspartiet","en":"National Coalition Party"},"compareData":{"otherCompareElection":{"votesTotalChange":0,"votesTotalPercentChange":0.0,"votesTotal":59,"votesTotalPercent":9.2},"correspondingCompareElection":{"votesTotalChange":0,"votesTotalPercentChange":0.0,"seatChange":0,"votesTotal":59,"votesTotalPercent":9.2,"seatsTotal":0}},"seats":0,"electionDayVotesPercent":4.7,"nominatorAbbr":{"fi":"KOK","sv":"Saml","en":"NCP"}},{"advanceVotesPercent":1.4,"name":{"fi":"Vihreä liitto","sv":"Gröna förbundet","en":"Green League"},"advanceVotes":6,"npid":4,"totalVotes":8,"spid":5,"abbr":{"fi":"VIHR","sv":"Gröna","en":"GREEN"},"alid":3,"electionDayVotes":2,"pid":"13","totalVotesPercent":1.2,"nominatorName":{"fi":"Vihreä liitto","sv":"Gröna förbundet","en":"Green League"},"compareData":{"otherCompareElection":{"votesTotalChange":0,"votesTotalPercentChange":0.0,"votesTotal":8,"votesTotalPercent":1.2},"correspondingCompareElection":{"votesTotalChange":0,"votesTotalPercentChange":0.0,"seatChange":0,"votesTotal":8,"votesTotalPercent":1.2,"seatsTotal":0}},"seats":0,"electionDayVotesPercent":0.9,"nominatorAbbr":{"fi":"VIHR","sv":"Gröna","en":"GREEN"}},{"advanceVotesPercent":1.4,"name":{"fi":"Muut ryhmät","sv":"Övriga grupper","en":"Other groups"},"advanceVotes":6,"npid":7,"totalVotes":8,"spid":99,"abbr":{"fi":"Muut","sv":"Övriga","en":"Others"},"alid":5,"electionDayVotes":2,"pid":"8547","totalVotesPercent":1.2,"nominatorName":{"fi":"Tuomo Waara","sv":"Tuomo Waara","en":"Tuomo Waara"},"compareData":{"otherCompareElection":{"votesTotalChange":0,"votesTotalPercentChange":0.0,"votesTotal":8,"votesTotalPercent":1.2},"correspondingCompareElection":{"votesTotalChange":0,"votesTotalPercentChange":0.0,"seatChange":0,"votesTotal":8,"votesTotalPercent":1.2,"seatsTotal":0}},"seats":0,"electionDayVotesPercent":0.9,"nominatorAbbr":{"fi":"E41","sv":"E41","en":"E41"}}],"candidateResults":[{"age":61,"advanceVotesPercent":14.0,"lastname":"Mäkituomas","occupation":"varatuomari","advanceVotes":60,"npid":5,"totalVotes":85,"spid":1,"abbr":"KESK","municipalCouncilor":true,"muid":854,"alid":4,"firstname":"Antti","electionDayVotes":25,"pid":"2","finalPosition":0,"electedInformation":"ELECTED","totalVotesPercent":13.2,"nominatorName":{"fi":"Suomen Keskusta","sv":"Centern i Finland","en":"Centre Party of Finland"},"caid":34,"position":0,"gender":"1","comparisonData":{"totalVotes":182,"votesTotalChange":-97},"edid":13,"comparativeIndex":0.0,"electionDayVotesPercent":11.6,"nominatorAbbr":{"fi":"KESK","sv":"C","en":"CENT"}},{"age":50,"advanceVotesPercent":5.8,"lastname":"Vanha","occupation":"yrittäjä, säveltäjä","advanceVotes":25,"npid":5,"totalVotes":44,"spid":1,"abbr":"KESK","municipalCouncilor":true,"muid":854,"alid":4,"firstname":"Jari","electionDayVotes":19,"pid":"2","finalPosition":0,"electedInformation":"ELECTED","totalVotesPercent":6.8,"nominatorName":{"fi":"Suomen Keskusta","sv":"Centern i Finland","en":"Centre Party of Finland"},"caid":38,"position":0,"gender":"1","comparisonData":{"totalVotes":86,"votesTotalChange":-42},"edid":13,"comparativeIndex":0.0,"electionDayVotesPercent":8.8,"nominatorAbbr":{"fi":"KESK","sv":"C","en":"CENT"}},{"age":68,"advanceVotesPercent":8.4,"lastname":"Muukkonen","occupation":"eläkeläinen","advanceVotes":36,"npid":6,"totalVotes":44,"spid":2,"abbr":"KOK","municipalCouncilor":true,"muid":854,"alid":4,"firstname":"Erkki","electionDayVotes":8,"pid":"4","finalPosition":0,"electedInformation":"ELECTED","totalVotesPercent":6.8,"nominatorName":{"fi":"Kansallinen Kokoomus","sv":"Samlingspartiet","en":"National Coalition Party"},"caid":40,"position":0,"gender":"1","comparisonData":{"totalVotes":107,"votesTotalChange":-63},"edid":13,"comparativeIndex":0.0,"electionDayVotesPercent":3.7,"nominatorAbbr":{"fi":"KOK","sv":"Saml","en":"NCP"}},{"age":61,"advanceVotesPercent":7.0,"lastname":"Laitamaa","occupation":"lastentarhanopettaja","advanceVotes":30,"npid":5,"totalVotes":41,"spid":1,"abbr":"KESK","municipalCouncilor":false,"muid":854,"alid":4,"firstname":"Kaisu","electionDayVotes":11,"pid":"2","finalPosition":0,"electedInformation":"ELECTED","totalVotesPercent":6.4,"nominatorName":{"fi":"Suomen Keskusta","sv":"Centern i Finland","en":"Centre Party of Finland"},"caid":30,"position":0,"gender":"2","comparisonData":{"totalVotes":0,"votesTotalChange":41},"edid":13,"comparativeIndex":0.0,"electionDayVotesPercent":5.1,"nominatorAbbr":{"fi":"KESK","sv":"C","en":"CENT"}},{"age":60,"advanceVotesPercent":6.3,"lastname":"Oksman","occupation":"suunnittelija, toimistosihteeri","advanceVotes":27,"npid":1,"totalVotes":37,"spid":4,"abbr":"SDP","municipalCouncilor":true,"muid":854,"alid":1,"firstname":"Maija Johanna","electionDayVotes":10,"pid":"1","finalPosition":0,"electedInformation":"ELECTED","totalVotesPercent":5.7,"nominatorName":{"fi":"Suomen Sosialidemokraattinen Puolue","sv":"Finlands Socialdemokratiska Parti","en":"The Finnish Social Democratic Party"},"caid":4,"position":0,"gender":"2","comparisonData":{"totalVotes":65,"votesTotalChange":-28},"edid":13,"comparativeIndex":0.0,"electionDayVotesPercent":4.7,"nominatorAbbr":{"fi":"SDP","sv":"SDP","en":"SDP"}},{"age":34,"advanceVotesPercent":4.7,"lastname":"Kilpeläinen-Tuoma","occupation":"luokanopettaja, kasvatustieteen maisteri","advanceVotes":20,"npid":2,"totalVotes":28,"spid":6,"abbr":"VAS","municipalCouncilor":true,"muid":854,"alid":1,"firstname":"Piia","electionDayVotes":8,"pid":"15","finalPosition":0,"electedInformation":"ELECTED","totalVotesPercent":4.3,"nominatorName":{"fi":"Vasemmistoliitto","sv":"Vänsterförbundet","en":"The Left Alliance"},"caid":9,"position":0,"gender":"2","comparisonData":{"totalVotes":72,"votesTotalChange":-44},"edid":13,"comparativeIndex":0.0,"electionDayVotesPercent":3.7,"nominatorAbbr":{"fi":"VAS","sv":"VF","en":"LEFT"}},{"age":58,"advanceVotesPercent":4.9,"lastname":"Keränen","occupation":"maanviljelijä","advanceVotes":21,"npid":2,"totalVotes":27,"spid":6,"abbr":"VAS","municipalCouncilor":true,"muid":854,"alid":1,"firstname":"Simo Petteri","electionDayVotes":6,"pid":"15","finalPosition":0,"electedInformation":"ELECTED","totalVotesPercent":4.2,"nominatorName":{"fi":"Vasemmistoliitto","sv":"Vänsterförbundet","en":"The Left Alliance"},"caid":8,"position":0,"gender":"1","comparisonData":{"totalVotes":111,"votesTotalChange":-84},"edid":13,"comparativeIndex":0.0,"electionDayVotesPercent":2.8,"nominatorAbbr":{"fi":"VAS","sv":"VF","en":"LEFT"}},{"age":59,"advanceVotesPercent":2.6,"lastname":"Södervall","occupation":"liikenneopettaja, freelancer","advanceVotes":11,"npid":3,"totalVotes":27,"spid":3,"abbr":"PS","municipalCouncilor":false,"muid":854,"alid":2,"firstname":"Ari","electionDayVotes":16,"pid":"23","finalPosition":0,"electedInformation":"ON_SUBSTITUTE_PLACE","totalVotesPercent":4.2,"nominatorName":{"fi":"Perussuomalaiset","sv":"Sannfinländarna","en":"The Finns Party"},"caid":20,"position":0,"gender":"1","comparisonData":{"totalVotes":33,"votesTotalChange":-6},"edid":13,"comparativeIndex":0.0,"electionDayVotesPercent":7.4,"nominatorAbbr":{"fi":"PS","sv":"Sannf","en":"FINNS"}},{"age":65,"advanceVotesPercent":4.2,"lastname":"Juuso","occupation":"lähihoitaja","advanceVotes":18,"npid":2,"totalVotes":24,"spid":6,"abbr":"VAS","municipalCouncilor":true,"muid":854,"alid":1,"firstname":"Johannes","electionDayVotes":6,"pid":"15","finalPosition":0,"electedInformation":"ELECTED","totalVotesPercent":3.7,"nominatorName":{"fi":"Vasemmistoliitto","sv":"Vänsterförbundet","en":"The Left Alliance"},"caid":7,"position":0,"gender":"1","comparisonData":{"totalVotes":50,"votesTotalChange":-26},"edid":13,"comparativeIndex":0.0,"electionDayVotesPercent":2.8,"nominatorAbbr":{"fi":"VAS","sv":"VF","en":"LEFT"}},{"age":46,"advanceVotesPercent":1.6,"lastname":"Huusko","occupation":"kokki","advanceVotes":7,"npid":5,"totalVotes":22,"spid":1,"abbr":"KESK","municipalCouncilor":false,"muid":854,"alid":4,"firstname":"Marja-Kristiina","electionDayVotes":15,"pid":"2","finalPosition":0,"electedInformation":"ON_SUBSTITUTE_PLACE","totalVotesPercent":3.4,"nominatorName":{"fi":"Suomen Keskusta","sv":"Centern i Finland","en":"Centre Party of Finland"},"caid":22,"position":0,"gender":"2","comparisonData":{"totalVotes":41,"votesTotalChange":-19},"edid":13,"comparativeIndex":0.0,"electionDayVotesPercent":7.0,"nominatorAbbr":{"fi":"KESK","sv":"C","en":"CENT"}},{"age":55,"advanceVotesPercent":2.1,"lastname":"Koskela","occupation":"paloinsinööri, paloesimies","advanceVotes":9,"npid":5,"totalVotes":20,"spid":1,"abbr":"KESK","municipalCouncilor":true,"muid":854,"alid":4,"firstname":"Ilkka","electionDayVotes":11,"pid":"2","finalPosition":0,"electedInformation":"ELECTED","totalVotesPercent":3.1,"nominatorName":{"fi":"Suomen Keskusta","sv":"Centern i Finland","en":"Centre Party of Finland"},"caid":26,"position":0,"gender":"1","comparisonData":{"totalVotes":46,"votesTotalChange":-26},"edid":13,"comparativeIndex":0.0,"electionDayVotesPercent":5.1,"nominatorAbbr":{"fi":"KESK","sv":"C","en":"CENT"}},{"age":69,"advanceVotesPercent":4.0,"lastname":"Rundgren","occupation":"kiinteistönhoitaja","advanceVotes":17,"npid":1,"totalVotes":19,"spid":4,"abbr":"SDP","municipalCouncilor":false,"muid":854,"alid":1,"firstname":"Lasse","electionDayVotes":2,"pid":"1","finalPosition":0,"electedInformation":"ON_SUBSTITUTE_PLACE","totalVotesPercent":3.0,"nominatorName":{"fi":"Suomen Sosialidemokraattinen Puolue","sv":"Finlands Socialdemokratiska Parti","en":"The Finnish Social Democratic Party"},"caid":6,"position":0,"gender":"1","comparisonData":{"totalVotes":33,"votesTotalChange":-14},"edid":13,"comparativeIndex":0.0,"electionDayVotesPercent":0.9,"nominatorAbbr":{"fi":"SDP","sv":"SDP","en":"SDP"}},{"age":48,"advanceVotesPercent":3.0,"lastname":"Kovalainen","occupation":"poromies, matkailuyrittäjä","advanceVotes":13,"npid":5,"totalVotes":18,"spid":1,"abbr":"KESK","municipalCouncilor":true,"muid":854,"alid":4,"firstname":"Anne-Mari","electionDayVotes":5,"pid":"2","finalPosition":0,"electedInformation":"ELECTED","totalVotesPercent":2.8,"nominatorName":{"fi":"Suomen Keskusta","sv":"Centern i Finland","en":"Centre Party of Finland"},"caid":28,"position":0,"gender":"2","comparisonData":{"totalVotes":65,"votesTotalChange":-47},"edid":13,"comparativeIndex":0.0,"electionDayVotesPercent":2.3,"nominatorAbbr":{"fi":"KESK","sv":"C","en":"CENT"}},{"age":63,"advanceVotesPercent":2.3,"lastname":"Lakkala","occupation":"autonkuljettaja, eläkeläinen","advanceVotes":10,"npid":3,"totalVotes":17,"spid":3,"abbr":"PS","municipalCouncilor":true,"muid":854,"alid":2,"firstname":"Pentti","electionDayVotes":7,"pid":"23","finalPosition":0,"electedInformation":"ELECTED","totalVotesPercent":2.6,"nominatorName":{"fi":"Perussuomalaiset","sv":"Sannfinländarna","en":"The Finns Party"},"caid":16,"position":0,"gender":"1","comparisonData":{"totalVotes":52,"votesTotalChange":-35},"edid":13,"comparativeIndex":0.0,"electionDayVotesPercent":3.3,"nominatorAbbr":{"fi":"PS","sv":"Sannf","en":"FINNS"}},{"age":57,"advanceVotesPercent":2.3,"lastname":"Konttaniemi","occupation":"seurakuntamestari","advanceVotes":10,"npid":5,"totalVotes":16,"spid":1,"abbr":"KESK","municipalCouncilor":true,"muid":854,"alid":4,"firstname":"Jari","electionDayVotes":6,"pid":"2","finalPosition":0,"electedInformation":"ELECTED","totalVotesPercent":2.5,"nominatorName":{"fi":"Suomen Keskusta","sv":"Centern i Finland","en":"Centre Party of Finland"},"caid":25,"position":0,"gender":"1","comparisonData":{"totalVotes":64,"votesTotalChange":-48},"edid":13,"comparativeIndex":0.0,"electionDayVotesPercent":2.8,"nominatorAbbr":{"fi":"KESK","sv":"C","en":"CENT"}},{"age":22,"advanceVotesPercent":3.0,"lastname":"Matti","occupation":"opiskelija","advanceVotes":13,"npid":6,"totalVotes":15,"spid":2,"abbr":"KOK","municipalCouncilor":false,"muid":854,"alid":4,"firstname":"Aapomikko","electionDayVotes":2,"pid":"4","finalPosition":0,"electedInformation":"ON_SUBSTITUTE_PLACE","totalVotesPercent":2.3,"nominatorName":{"fi":"Kansallinen Kokoomus","sv":"Samlingspartiet","en":"National Coalition Party"},"caid":39,"position":0,"gender":"1","comparisonData":{"totalVotes":0,"votesTotalChange":15},"edid":13,"comparativeIndex":0.0,"electionDayVotesPercent":0.9,"nominatorAbbr":{"fi":"KOK","sv":"Saml","en":"NCP"}},{"age":42,"advanceVotesPercent":2.1,"lastname":"Matinlompolo","occupation":"lähihoitaja","advanceVotes":9,"npid":2,"totalVotes":14,"spid":6,"abbr":"VAS","municipalCouncilor":false,"muid":854,"alid":1,"firstname":"Tanja","electionDayVotes":5,"pid":"15","finalPosition":0,"electedInformation":"ELECTED","totalVotesPercent":2.2,"nominatorName":{"fi":"Vasemmistoliitto","sv":"Vänsterförbundet","en":"The Left Alliance"},"caid":10,"position":0,"gender":"2","comparisonData":{"totalVotes":0,"votesTotalChange":14},"edid":13,"comparativeIndex":0.0,"electionDayVotesPercent":2.3,"nominatorAbbr":{"fi":"VAS","sv":"VF","en":"LEFT"}},{"age":37,"advanceVotesPercent":1.4,"lastname":"Kulju","occupation":"yrittäjä","advanceVotes":6,"npid":5,"totalVotes":14,"spid":1,"abbr":"KESK","municipalCouncilor":false,"muid":854,"alid":4,"firstname":"Arto","electionDayVotes":8,"pid":"2","finalPosition":0,"electedInformation":"ON_SUBSTITUTE_PLACE","totalVotesPercent":2.2,"nominatorName":{"fi":"Suomen Keskusta","sv":"Centern i Finland","en":"Centre Party of Finland"},"caid":29,"position":0,"gender":"1","comparisonData":{"totalVotes":0,"votesTotalChange":14},"edid":13,"comparativeIndex":0.0,"electionDayVotesPercent":3.7,"nominatorAbbr":{"fi":"KESK","sv":"C","en":"CENT"}},{"age":34,"advanceVotesPercent":2.1,"lastname":"Niva","occupation":"yrittäjä, metsäkoneenkuljettaja","advanceVotes":9,"npid":1,"totalVotes":12,"spid":4,"abbr":"SDP","municipalCouncilor":false,"muid":854,"alid":1,"firstname":"Janne","electionDayVotes":3,"pid":"1","finalPosition":0,"electedInformation":"ON_SUBSTITUTE_PLACE","totalVotesPercent":1.9,"nominatorName":{"fi":"Suomen Sosialidemokraattinen Puolue","sv":"Finlands Socialdemokratiska Parti","en":"The Finnish Social Democratic Party"},"caid":3,"position":0,"gender":"1","comparisonData":{"totalVotes":17,"votesTotalChange":-5},"edid":13,"comparativeIndex":0.0,"electionDayVotesPercent":1.4,"nominatorAbbr":{"fi":"SDP","sv":"SDP","en":"SDP"}},{"age":50,"advanceVotesPercent":1.6,"lastname":"Suomalainen","occupation":"yrittäjä","advanceVotes":7,"npid":3,"totalVotes":12,"spid":3,"abbr":"PS","municipalCouncilor":false,"muid":854,"alid":2,"firstname":"Marko","electionDayVotes":5,"pid":"23","finalPosition":0,"electedInformation":"ON_SUBSTITUTE_PLACE","totalVotesPercent":1.9,"nominatorName":{"fi":"Perussuomalaiset","sv":"Sannfinländarna","en":"The Finns Party"},"caid":19,"position":0,"gender":"1","comparisonData":{"totalVotes":42,"votesTotalChange":-30},"edid":13,"comparativeIndex":0.0,"electionDayVotesPercent":2.3,"nominatorAbbr":{"fi":"PS","sv":"Sannf","en":"FINNS"}},{"age":45,"advanceVotesPercent":1.2,"lastname":"Syväniemi","occupation":"metsätalousteknikko","advanceVotes":5,"npid":5,"totalVotes":12,"spid":1,"abbr":"KESK","municipalCouncilor":false,"muid":854,"alid":4,"firstname":"Teemu","electionDayVotes":7,"pid":"2","finalPosition":0,"electedInformation":"ON_SUBSTITUTE_PLACE","totalVotesPercent":1.9,"nominatorName":{"fi":"Suomen Keskusta","sv":"Centern i Finland","en":"Centre Party of Finland"},"caid":37,"position":0,"gender":"1","comparisonData":{"totalVotes":0,"votesTotalChange":12},"edid":13,"comparativeIndex":0.0,"electionDayVotesPercent":3.3,"nominatorAbbr":{"fi":"KESK","sv":"C","en":"CENT"}},{"age":54,"advanceVotesPercent":1.4,"lastname":"Tirroniemi","occupation":"betonityömies","advanceVotes":6,"npid":2,"totalVotes":9,"spid":6,"abbr":"VAS","municipalCouncilor":false,"muid":854,"alid":1,"firstname":"Esa","electionDayVotes":3,"pid":"15","finalPosition":0,"electedInformation":"ON_SUBSTITUTE_PLACE","totalVotesPercent":1.4,"nominatorName":{"fi":"Vasemmistoliitto","sv":"Vänsterförbundet","en":"The Left Alliance"},"caid":14,"position":0,"gender":"1","comparisonData":{"totalVotes":27,"votesTotalChange":-18},"edid":13,"comparativeIndex":0.0,"electionDayVotesPercent":1.4,"nominatorAbbr":{"fi":"VAS","sv":"VF","en":"LEFT"}},{"age":44,"advanceVotesPercent":1.6,"lastname":"Konttajärvi","occupation":"lähihoitaja","advanceVotes":7,"npid":5,"totalVotes":9,"spid":1,"abbr":"KESK","municipalCouncilor":false,"muid":854,"alid":4,"firstname":"Sari","electionDayVotes":2,"pid":"2","finalPosition":0,"electedInformation":"NOT_ELECTED","totalVotesPercent":1.4,"nominatorName":{"fi":"Suomen Keskusta","sv":"Centern i Finland","en":"Centre Party of Finland"},"caid":24,"position":0,"gender":"2","comparisonData":{"totalVotes":0,"votesTotalChange":9},"edid":13,"comparativeIndex":0.0,"electionDayVotesPercent":0.9,"nominatorAbbr":{"fi":"KESK","sv":"C","en":"CENT"}},{"age":35,"advanceVotesPercent":0.7,"lastname":"Paakki","occupation":"lähihoitaja","advanceVotes":3,"npid":2,"totalVotes":8,"spid":6,"abbr":"VAS","municipalCouncilor":false,"muid":854,"alid":1,"firstname":"Teppo","electionDayVotes":5,"pid":"15","finalPosition":0,"electedInformation":"NOT_ELECTED","totalVotesPercent":1.2,"nominatorName":{"fi":"Vasemmistoliitto","sv":"Vänsterförbundet","en":"The Left Alliance"},"caid":12,"position":0,"gender":"1","comparisonData":{"totalVotes":0,"votesTotalChange":8},"edid":13,"comparativeIndex":0.0,"electionDayVotesPercent":2.3,"nominatorAbbr":{"fi":"VAS","sv":"VF","en":"LEFT"}},{"age":62,"advanceVotesPercent":1.4,"lastname":"Orajärvi","occupation":"prosessitekniikan ja käynnissäpidon lehtori, yrittäjyyden tradenomi","advanceVotes":6,"npid":4,"totalVotes":8,"spid":5,"abbr":"VIHR","municipalCouncilor":false,"muid":854,"alid":3,"firstname":"Pauli","electionDayVotes":2,"pid":"13","finalPosition":0,"electedInformation":"NOT_ELECTED","totalVotesPercent":1.2,"nominatorName":{"fi":"Vihreä liitto","sv":"Gröna förbundet","en":"Green League"},"caid":21,"position":0,"gender":"1","comparisonData":{"totalVotes":0,"votesTotalChange":8},"edid":13,"comparativeIndex":0.0,"electionDayVotesPercent":0.9,"nominatorAbbr":{"fi":"VIHR","sv":"Gröna","en":"GREEN"}},{"age":67,"advanceVotesPercent":1.6,"lastname":"Hytönen","occupation":"metsäkoneenkuljettaja","advanceVotes":7,"npid":5,"totalVotes":8,"spid":1,"abbr":"KESK","municipalCouncilor":false,"muid":854,"alid":4,"firstname":"Otto","electionDayVotes":1,"pid":"2","finalPosition":0,"electedInformation":"NOT_ELECTED","totalVotesPercent":1.2,"nominatorName":{"fi":"Suomen Keskusta","sv":"Centern i Finland","en":"Centre Party of Finland"},"caid":23,"position":0,"gender":"1","comparisonData":{"totalVotes":0,"votesTotalChange":8},"edid":13,"comparativeIndex":0.0,"electionDayVotesPercent":0.5,"nominatorAbbr":{"fi":"KESK","sv":"C","en":"CENT"}},{"age":38,"advanceVotesPercent":0.7,"lastname":"Koskenniemi","occupation":"maatilan emäntä","advanceVotes":3,"npid":5,"totalVotes":8,"spid":1,"abbr":"KESK","municipalCouncilor":true,"muid":854,"alid":4,"firstname":"Paulina","electionDayVotes":5,"pid":"2","finalPosition":0,"electedInformation":"ON_SUBSTITUTE_PLACE","totalVotesPercent":1.2,"nominatorName":{"fi":"Suomen Keskusta","sv":"Centern i Finland","en":"Centre Party of Finland"},"caid":27,"position":0,"gender":"2","comparisonData":{"totalVotes":62,"votesTotalChange":-54},"edid":13,"comparativeIndex":0.0,"electionDayVotesPercent":2.3,"nominatorAbbr":{"fi":"KESK","sv":"C","en":"CENT"}},{"age":67,"advanceVotesPercent":1.4,"lastname":"Waara","occupation":"kaivosmies, eläkeläinen","advanceVotes":6,"npid":7,"totalVotes":8,"spid":99,"abbr":"Muut","municipalCouncilor":true,"muid":854,"alid":5,"firstname":"Tuomo","electionDayVotes":2,"pid":"8547","finalPosition":0,"electedInformation":"NOT_ELECTED","totalVotesPercent":1.2,"nominatorName":{"fi":"Tuomo Waara","sv":"Tuomo Waara","en":"Tuomo Waara"},"caid":41,"position":0,"gender":"1","comparisonData":{"totalVotes":86,"votesTotalChange":-78},"edid":13,"comparativeIndex":0.0,"electionDayVotesPercent":0.9,"nominatorAbbr":{"fi":"E41","sv":"E41","en":"E41"}},{"age":65,"advanceVotesPercent":1.2,"lastname":"Senbom","occupation":"eläkeläinen","advanceVotes":5,"npid":5,"totalVotes":7,"spid":1,"abbr":"KESK","municipalCouncilor":false,"muid":854,"alid":4,"firstname":"Leila","electionDayVotes":2,"pid":"2","finalPosition":0,"electedInformation":"NOT_ELECTED","totalVotesPercent":1.1,"nominatorName":{"fi":"Suomen Keskusta","sv":"Centern i Finland","en":"Centre Party of Finland"},"caid":36,"position":0,"gender":"2","comparisonData":{"totalVotes":18,"votesTotalChange":-11},"edid":13,"comparativeIndex":0.0,"electionDayVotesPercent":0.9,"nominatorAbbr":{"fi":"KESK","sv":"C","en":"CENT"}},{"age":62,"advanceVotesPercent":0.5,"lastname":"Pakisjärvi","occupation":"myyntisuunnittelija","advanceVotes":2,"npid":1,"totalVotes":6,"spid":4,"abbr":"SDP","municipalCouncilor":false,"muid":854,"alid":1,"firstname":"Maija-Liisa","electionDayVotes":4,"pid":"1","finalPosition":0,"electedInformation":"ON_SUBSTITUTE_PLACE","totalVotesPercent":0.9,"nominatorName":{"fi":"Suomen Sosialidemokraattinen Puolue","sv":"Finlands Socialdemokratiska Parti","en":"The Finnish Social Democratic Party"},"caid":5,"position":0,"gender":"2","comparisonData":{"totalVotes":19,"votesTotalChange":-13},"edid":13,"comparativeIndex":0.0,"electionDayVotesPercent":1.9,"nominatorAbbr":{"fi":"SDP","sv":"SDP","en":"SDP"}},{"age":34,"advanceVotesPercent":1.2,"lastname":"Romakkaniemi","occupation":"maatalouslomittaja, maanviljelijä","advanceVotes":5,"npid":3,"totalVotes":6,"spid":3,"abbr":"PS","municipalCouncilor":false,"muid":854,"alid":2,"firstname":"Hanna-Mari","electionDayVotes":1,"pid":"23","finalPosition":0,"electedInformation":"NOT_ELECTED","totalVotesPercent":0.9,"nominatorName":{"fi":"Perussuomalaiset","sv":"Sannfinländarna","en":"The Finns Party"},"caid":17,"position":0,"gender":"2","comparisonData":{"totalVotes":0,"votesTotalChange":6},"edid":13,"comparativeIndex":0.0,"electionDayVotesPercent":0.5,"nominatorAbbr":{"fi":"PS","sv":"Sannf","en":"FINNS"}},{"age":62,"advanceVotesPercent":0.7,"lastname":"Uusi-Seppälä","occupation":"maatalouslomittaja","advanceVotes":3,"npid":2,"totalVotes":4,"spid":6,"abbr":"VAS","municipalCouncilor":false,"muid":854,"alid":1,"firstname":"Oili","electionDayVotes":1,"pid":"15","finalPosition":0,"electedInformation":"NOT_ELECTED","totalVotesPercent":0.6,"nominatorName":{"fi":"Vasemmistoliitto","sv":"Vänsterförbundet","en":"The Left Alliance"},"caid":15,"position":0,"gender":"2","comparisonData":{"totalVotes":21,"votesTotalChange":-17},"edid":13,"comparativeIndex":0.0,"electionDayVotesPercent":0.5,"nominatorAbbr":{"fi":"VAS","sv":"VF","en":"LEFT"}},{"age":66,"advanceVotesPercent":0.7,"lastname":"Moberg","occupation":"kiinteistönhoitaja, eläkeläinen","advanceVotes":3,"npid":5,"totalVotes":4,"spid":1,"abbr":"KESK","municipalCouncilor":false,"muid":854,"alid":4,"firstname":"Kai","electionDayVotes":1,"pid":"2","finalPosition":0,"electedInformation":"ON_SUBSTITUTE_PLACE","totalVotesPercent":0.6,"nominatorName":{"fi":"Suomen Keskusta","sv":"Centern i Finland","en":"Centre Party of Finland"},"caid":33,"position":0,"gender":"1","comparisonData":{"totalVotes":0,"votesTotalChange":4},"edid":13,"comparativeIndex":0.0,"electionDayVotesPercent":0.5,"nominatorAbbr":{"fi":"KESK","sv":"C","en":"CENT"}},{"age":67,"advanceVotesPercent":0.7,"lastname":"Mäntynenä","occupation":"maanviljelijä, eläkeläinen","advanceVotes":3,"npid":2,"totalVotes":3,"spid":6,"abbr":"VAS","municipalCouncilor":false,"muid":854,"alid":1,"firstname":"Mauri","electionDayVotes":0,"pid":"15","finalPosition":0,"electedInformation":"NOT_ELECTED","totalVotesPercent":0.5,"nominatorName":{"fi":"Vasemmistoliitto","sv":"Vänsterförbundet","en":"The Left Alliance"},"caid":11,"position":0,"gender":"1","comparisonData":{"totalVotes":13,"votesTotalChange":-10},"edid":13,"comparativeIndex":0.0,"electionDayVotesPercent":0.0,"nominatorAbbr":{"fi":"VAS","sv":"VF","en":"LEFT"}},{"age":62,"advanceVotesPercent":0.7,"lastname":"Satta","occupation":"yrittäjä","advanceVotes":3,"npid":3,"totalVotes":3,"spid":3,"abbr":"PS","municipalCouncilor":false,"muid":854,"alid":2,"firstname":"Jouni","electionDayVotes":0,"pid":"23","finalPosition":0,"electedInformation":"NOT_ELECTED","totalVotesPercent":0.5,"nominatorName":{"fi":"Perussuomalaiset","sv":"Sannfinländarna","en":"The Finns Party"},"caid":18,"position":0,"gender":"1","comparisonData":{"totalVotes":0,"votesTotalChange":3},"edid":13,"comparativeIndex":0.0,"electionDayVotesPercent":0.0,"nominatorAbbr":{"fi":"PS","sv":"Sannf","en":"FINNS"}},{"age":20,"advanceVotesPercent":0.5,"lastname":"Lindgren","occupation":"opiskelija","advanceVotes":2,"npid":5,"totalVotes":3,"spid":1,"abbr":"KESK","municipalCouncilor":false,"muid":854,"alid":4,"firstname":"Leif","electionDayVotes":1,"pid":"2","finalPosition":0,"electedInformation":"NOT_ELECTED","totalVotesPercent":0.5,"nominatorName":{"fi":"Suomen Keskusta","sv":"Centern i Finland","en":"Centre Party of Finland"},"caid":32,"position":0,"gender":"1","comparisonData":{"totalVotes":0,"votesTotalChange":3},"edid":13,"comparativeIndex":0.0,"electionDayVotesPercent":0.5,"nominatorAbbr":{"fi":"KESK","sv":"C","en":"CENT"}},{"age":54,"advanceVotesPercent":0.5,"lastname":"Lakkapää","occupation":"kaivostyömies","advanceVotes":2,"npid":5,"totalVotes":2,"spid":1,"abbr":"KESK","municipalCouncilor":false,"muid":854,"alid":4,"firstname":"Sakari","electionDayVotes":0,"pid":"2","finalPosition":0,"electedInformation":"ON_SUBSTITUTE_PLACE","totalVotesPercent":0.3,"nominatorName":{"fi":"Suomen Keskusta","sv":"Centern i Finland","en":"Centre Party of Finland"},"caid":31,"position":0,"gender":"1","comparisonData":{"totalVotes":0,"votesTotalChange":2},"edid":13,"comparativeIndex":0.0,"electionDayVotesPercent":0.0,"nominatorAbbr":{"fi":"KESK","sv":"C","en":"CENT"}},{"age":71,"advanceVotesPercent":0.0,"lastname":"Kataja","occupation":"iv-asentaja","advanceVotes":0,"npid":1,"totalVotes":0,"spid":4,"abbr":"SDP","municipalCouncilor":false,"muid":854,"alid":1,"firstname":"Kauko","electionDayVotes":0,"pid":"1","finalPosition":0,"electedInformation":"ON_SUBSTITUTE_PLACE","totalVotesPercent":0.0,"nominatorName":{"fi":"Suomen Sosialidemokraattinen Puolue","sv":"Finlands Socialdemokratiska Parti","en":"The Finnish Social Democratic Party"},"caid":2,"position":0,"gender":"1","comparisonData":{"totalVotes":0,"votesTotalChange":0},"edid":13,"comparativeIndex":0.0,"electionDayVotesPercent":0.0,"nominatorAbbr":{"fi":"SDP","sv":"SDP","en":"SDP"}},{"age":69,"advanceVotesPercent":0.0,"lastname":"Piittinen","occupation":"prosessinhoitaja, eläkeläinen","advanceVotes":0,"npid":2,"totalVotes":0,"spid":6,"abbr":"VAS","municipalCouncilor":false,"muid":854,"alid":1,"firstname":"Tuure","electionDayVotes":0,"pid":"15","finalPosition":0,"electedInformation":"NOT_ELECTED","totalVotesPercent":0.0,"nominatorName":{"fi":"Vasemmistoliitto","sv":"Vänsterförbundet","en":"The Left Alliance"},"caid":13,"position":0,"gender":"1","comparisonData":{"totalVotes":0,"votesTotalChange":0},"edid":13,"comparativeIndex":0.0,"electionDayVotesPercent":0.0,"nominatorAbbr":{"fi":"VAS","sv":"VF","en":"LEFT"}},{"age":49,"advanceVotesPercent":0.0,"lastname":"Rantamäki","occupation":"metallityöntekijä","advanceVotes":0,"npid":5,"totalVotes":0,"spid":1,"abbr":"KESK","municipalCouncilor":false,"muid":854,"alid":4,"firstname":"Kari","electionDayVotes":0,"pid":"2","finalPosition":0,"electedInformation":"NOT_ELECTED","totalVotesPercent":0.0,"nominatorName":{"fi":"Suomen Keskusta","sv":"Centern i Finland","en":"Centre Party of Finland"},"caid":35,"position":0,"gender":"1","comparisonData":{"totalVotes":9,"votesTotalChange":-9},"edid":13,"comparativeIndex":0.0,"electionDayVotesPercent":0.0,"nominatorAbbr":{"fi":"KESK","sv":"C","en":"CENT"}}],"municipalityPollingDistricts":[{"name":{"fi":"Isoranta","sv":"Isoranta"},"calculationStatusPercent":100.0,"joinedArea":false,"muid":854,"totalVotingInFinlandTurnout":62.2,"identification":"001","pdid":"001","eligibleVotersInFinlandTotal":1042,"edid":13,"mergedToPdid":""},{"name":{"fi":"Lankojärvi","sv":"Lankojärvi"},"calculationStatusPercent":100.0,"joinedArea":false,"muid":854,"totalVotingInFinlandTurnout":78.6,"identification":"002","pdid":"002","eligibleVotersInFinlandTotal":336,"edid":13,"mergedToPdid":""},{"name":{"fi":"Konttajärvi","sv":"Konttajärvi"},"calculationStatusPercent":100.0,"joinedArea":false,"muid":854,"totalVotingInFinlandTurnout":66.8,"identification":"003","pdid":"003","eligibleVotersInFinlandTotal":211,"edid":13,"mergedToPdid":""},{"name":{"fi":"Turtola","sv":"Turtola"},"calculationStatusPercent":100.0,"joinedArea":false,"muid":854,"totalVotingInFinlandTurnout":62.2,"identification":"004","pdid":"004","eligibleVotersInFinlandTotal":431,"edid":13,"mergedToPdid":""},{"name":{"fi":"Yliranta","sv":"Yliranta"},"calculationStatusPercent":100.0,"joinedArea":false,"muid":854,"totalVotingInFinlandTurnout":69.5,"identification":"005","pdid":"005","eligibleVotersInFinlandTotal":1100,"edid":13,"mergedToPdid":""}],"municipality":{"muid":854,"edid":13,"name":{"fi":"Pello","sv":"Pello"}}}