{"version":30,"created":"2017-04-09T19:18:06.712Z","electionDetails":{"electionId":"kv2017","electionDate":"2017-04-09T00:00:00.000Z","electionDataPublishTime":"2017-04-09T17:00:00.000Z","name":{"fi":"Kuntavaalit 2017","sv":"Kommunalval 2017","en":"Elections 2017"},"previousElections":{"correspondingCompareElection":{"electionId":"kv2012","electionDate":"2012-10-28T00:00:00.000Z","name":{"fi":"Kuntavaalit 2012","en":"Municipal elections 2012","sv":"Kommunalval 2012"}},"otherCompareElection":{"electionId":"ev2015","electionDate":"2015-04-19T00:00:00.000Z","name":{"fi":"Eduskuntavaalit 2015","en":"Parliamentary election 2015","sv":"Riksdagsval 2015"}}}},"calculationStatus":{"electionDayVotingTurnout":18.4,"invalidAdvanceVotes":3,"calculationPhase":"INITIAL","invalidElectionDayVotes":1,"approvedAdvanceVotes":805,"advanceVotingTurnout":36.3,"totalVotingTurnoutAbroad":0.0,"name":{"fi":"Korpisalmi II","sv":"Korpisalmi II"},"calculationStatusPercent":100.0,"advanceVotes":808,"electionDayVotingTurnoutAbroad":0.0,"approvedTotalVotes":1216,"totalVotes":1219,"muid":290,"totalVotingInFinlandTurnout":54.7,"advanceVotingTurnoutAbroad":0.0,"invalidTotalVotes":4,"totalVotingTurnout":54.7,"electionDayVotes":411,"electionDayVotesInFinland":411,"pdid":"006","totalVotesInFinlandMen":0,"eligibleVotersInFinlandTotal":2228,"calculationStatusPercentElectionDayVotes":100.0,"sourceRecordModificationTime":"20170409212350","otherCompareElection":{"eid":"","eligibleVotersInFinlandTotal":0,"advanceVotingInFinlandTurnout":0.0,"electionDayVotingInFinlandTurnout":0.0,"totalVotingInFinlandTurnout":0.0,"approvedVotesTotal":0,"invalidVotesTotal":0},"correspondingCompareElection":{"eid":"","eligibleVotersInFinlandTotal":0,"advanceVotingInFinlandTurnout":0.0,"electionDayVotingInFinlandTurnout":0.0,"totalVotingInFinlandTurnout":0.0,"approvedVotesTotal":0,"invalidVotesTotal":0,"seats":0},"approvedElectionDayVotes":411,"edid":12,"calculationStatusPercentAdvanceVotes":100.0,"electionDayVotingInFinlandTurnout":18.4,"seats":0,"eligibleVotersTotal":2228,"advanceVotesInFinland":808,"advanceVotingInFinlandTurnout":36.3,"totalVotesInFinland":1219},"partyResults":[{"advanceVotesPercent":43.4,"name":{"fi":"Suomen Keskusta","sv":"Centern i Finland","en":"Centre Party of Finland"},"advanceVotes":349,"npid":5,"totalVotes":511,"spid":1,"abbr":{"fi":"KESK","sv":"C","en":"CENT"},"alid":5,"electionDayVotes":162,"pid":"2","totalVotesPercent":42.0,"nominatorName":{"fi":"Suomen Keskusta","sv":"Centern i Finland","en":"Centre Party of Finland"},"compareData":{"otherCompareElection":{"votesTotalChange":0,"votesTotalPercentChange":0.0,"votesTotal":511,"votesTotalPercent":42.0},"correspondingCompareElection":{"votesTotalChange":0,"votesTotalPercentChange":0.0,"seatChange":0,"votesTotal":511,"votesTotalPercent":42.0,"seatsTotal":0}},"seats":0,"electionDayVotesPercent":39.4,"nominatorAbbr":{"fi":"KESK","sv":"C","en":"CENT"}},{"advanceVotesPercent":18.4,"name":{"fi":"Perussuomalaiset","sv":"Sannfinländarna","en":"The Finns Party"},"advanceVotes":148,"npid":2,"totalVotes":245,"spid":3,"abbr":{"fi":"PS","sv":"Sannf","en":"FINNS"},"alid":2,"electionDayVotes":97,"pid":"23","totalVotesPercent":20.1,"nominatorName":{"fi":"Perussuomalaiset","sv":"Sannfinländarna","en":"The Finns Party"},"compareData":{"otherCompareElection":{"votesTotalChange":0,"votesTotalPercentChange":0.0,"votesTotal":245,"votesTotalPercent":20.1},"correspondingCompareElection":{"votesTotalChange":0,"votesTotalPercentChange":0.0,"seatChange":0,"votesTotal":245,"votesTotalPercent":20.1,"seatsTotal":0}},"seats":0,"electionDayVotesPercent":23.6,"nominatorAbbr":{"fi":"PS","sv":"Sannf","en":"FINNS"}},{"advanceVotesPercent":12.0,"name":{"fi":"Suomen Sosialidemokraattinen Puolue","sv":"Finlands Socialdemokratiska Parti","en":"The Finnish Social Democratic Party"},"advanceVotes":97,"npid":1,"totalVotes":140,"spid":4,"abbr":{"fi":"SDP","sv":"SDP","en":"SDP"},"alid":1,"electionDayVotes":43,"pid":"1","totalVotesPercent":11.5,"nominatorName":{"fi":"Suomen Sosialidemokraattinen Puolue","sv":"Finlands Socialdemokratiska Parti","en":"The Finnish Social Democratic Party"},"compareData":{"otherCompareElection":{"votesTotalChange":0,"votesTotalPercentChange":0.0,"votesTotal":140,"votesTotalPercent":11.5},"correspondingCompareElection":{"votesTotalChange":0,"votesTotalPercentChange":0.0,"seatChange":0,"votesTotal":140,"votesTotalPercent":11.5,"seatsTotal":0}},"seats":0,"electionDayVotesPercent":10.5,"nominatorAbbr":{"fi":"SDP","sv":"SDP","en":"SDP"}},{"advanceVotesPercent":8.4,"name":{"fi":"Vasemmistoliitto","sv":"Vänsterförbundet","en":"The Left Alliance"},"advanceVotes":68,"npid":4,"totalVotes":99,"spid":6,"abbr":{"fi":"VAS","sv":"VF","en":"LEFT"},"alid":4,"electionDayVotes":31,"pid":"15","totalVotesPercent":8.1,"nominatorName":{"fi":"Vasemmistoliitto","sv":"Vänsterförbundet","en":"The Left Alliance"},"compareData":{"otherCompareElection":{"votesTotalChange":0,"votesTotalPercentChange":0.0,"votesTotal":99,"votesTotalPercent":8.1},"correspondingCompareElection":{"votesTotalChange":0,"votesTotalPercentChange":0.0,"seatChange":0,"votesTotal":99,"votesTotalPercent":8.1,"seatsTotal":0}},"seats":0,"electionDayVotesPercent":7.5,"nominatorAbbr":{"fi":"VAS","sv":"VF","en":"LEFT"}},{"advanceVotesPercent":7.8,"name":{"fi":"Kansallinen Kokoomus","sv":"Samlingspartiet","en":"National Coalition Party"},"advanceVotes":63,"npid":6,"totalVotes":94,"spid":2,"abbr":{"fi":"KOK","sv":"Saml","en":"NCP"},"alid":6,"electionDayVotes":31,"pid":"4","totalVotesPercent":7.7,"nominatorName":{"fi":"Kansallinen Kokoomus","sv":"Samlingspartiet","en":"National Coalition Party"},"compareData":{"otherCompareElection":{"votesTotalChange":0,"votesTotalPercentChange":0.0,"votesTotal":94,"votesTotalPercent":7.7},"correspondingCompareElection":{"votesTotalChange":0,"votesTotalPercentChange":0.0,"seatChange":0,"votesTotal":94,"votesTotalPercent":7.7,"seatsTotal":0}},"seats":0,"electionDayVotesPercent":7.5,"nominatorAbbr":{"fi":"KOK","sv":"Saml","en":"NCP"}},{"advanceVotesPercent":5.5,"name":{"fi":"Vihreä liitto","sv":"Gröna förbundet","en":"Green League"},"advanceVotes":44,"npid":7,"totalVotes":72,"spid":5,"abbr":{"fi":"VIHR","sv":"Gröna","en":"GREEN"},"alid":7,"electionDayVotes":28,"pid":"13","totalVotesPercent":5.9,"nominatorName":{"fi":"Vihreä liitto","sv":"Gröna förbundet","en":"Green League"},"compareData":{"otherCompareElection":{"votesTotalChange":0,"votesTotalPercentChange":0.0,"votesTotal":72,"votesTotalPercent":5.9},"correspondingCompareElection":{"votesTotalChange":0,"votesTotalPercentChange":0.0,"seatChange":0,"votesTotal":72,"votesTotalPercent":5.9,"seatsTotal":0}},"seats":0,"electionDayVotesPercent":6.8,"nominatorAbbr":{"fi":"VIHR","sv":"Gröna","en":"GREEN"}},{"advanceVotesPercent":4.5,"name":{"fi":"Suomen Kristillisdemokraatit (KD)","sv":"Kristdemokraterna i Finland (KD)","en":"Christian Democrats in Finland"},"advanceVotes":36,"npid":3,"totalVotes":55,"spid":8,"abbr":{"fi":"KD","sv":"KD","en":"CD"},"alid":3,"electionDayVotes":19,"pid":"9","totalVotesPercent":4.5,"nominatorName":{"fi":"Suomen Kristillisdemokraatit (KD)","sv":"Kristdemokraterna i Finland (KD)","en":"Christian Democrats in Finland"},"compareData":{"otherCompareElection":{"votesTotalChange":0,"votesTotalPercentChange":0.0,"votesTotal":55,"votesTotalPercent":4.5},"correspondingCompareElection":{"votesTotalChange":0,"votesTotalPercentChange":0.0,"seatChange":0,"votesTotal":55,"votesTotalPercent":4.5,"seatsTotal":0}},"seats":0,"electionDayVotesPercent":4.6,"nominatorAbbr":{"fi":"KD","sv":"KD","en":"CD"}}],"candidateResults":[{"age":29,"advanceVotesPercent":7.8,"lastname":"Kettunen","occupation":"opiskelija","advanceVotes":63,"npid":5,"totalVotes":98,"spid":1,"abbr":"KESK","municipalCouncilor":true,"muid":290,"alid":5,"firstname":"Tuomas","electionDayVotes":35,"pid":"2","finalPosition":0,"electedInformation":"ELECTED","totalVotesPercent":8.1,"nominatorName":{"fi":"Suomen Keskusta","sv":"Centern i Finland","en":"Centre Party of Finland"},"caid":50,"position":0,"gender":"1","comparisonData":{"totalVotes":81,"votesTotalChange":17},"edid":12,"comparativeIndex":0.0,"electionDayVotesPercent":8.5,"nominatorAbbr":{"fi":"KESK","sv":"C","en":"CENT"}},{"age":60,"advanceVotesPercent":4.0,"lastname":"Kinnunen","occupation":"palvelupäällikkö, työterveyshoitaja","advanceVotes":32,"npid":5,"totalVotes":49,"spid":1,"abbr":"KESK","municipalCouncilor":true,"muid":290,"alid":5,"firstname":"Anneli","electionDayVotes":17,"pid":"2","finalPosition":0,"electedInformation":"ELECTED","totalVotesPercent":4.0,"nominatorName":{"fi":"Suomen Keskusta","sv":"Centern i Finland","en":"Centre Party of Finland"},"caid":51,"position":0,"gender":"2","comparisonData":{"totalVotes":201,"votesTotalChange":-152},"edid":12,"comparativeIndex":0.0,"electionDayVotesPercent":4.1,"nominatorAbbr":{"fi":"KESK","sv":"C","en":"CENT"}},{"age":56,"advanceVotesPercent":3.5,"lastname":"Kyllönen","occupation":"työnjohtaja, suunnittelija","advanceVotes":28,"npid":5,"totalVotes":47,"spid":1,"abbr":"KESK","municipalCouncilor":false,"muid":290,"alid":5,"firstname":"Jorma","electionDayVotes":19,"pid":"2","finalPosition":0,"electedInformation":"ELECTED","totalVotesPercent":3.9,"nominatorName":{"fi":"Suomen Keskusta","sv":"Centern i Finland","en":"Centre Party of Finland"},"caid":72,"position":0,"gender":"1","comparisonData":{"totalVotes":0,"votesTotalChange":47},"edid":12,"comparativeIndex":0.0,"electionDayVotesPercent":4.6,"nominatorAbbr":{"fi":"KESK","sv":"C","en":"CENT"}},{"age":41,"advanceVotesPercent":3.2,"lastname":"Komulainen","occupation":"lähihoitaja","advanceVotes":26,"npid":2,"totalVotes":43,"spid":3,"abbr":"PS","municipalCouncilor":true,"muid":290,"alid":2,"firstname":"Antti","electionDayVotes":17,"pid":"23","finalPosition":0,"electedInformation":"ELECTED","totalVotesPercent":3.5,"nominatorName":{"fi":"Perussuomalaiset","sv":"Sannfinländarna","en":"The Finns Party"},"caid":16,"position":0,"gender":"1","comparisonData":{"totalVotes":127,"votesTotalChange":-84},"edid":12,"comparativeIndex":0.0,"electionDayVotesPercent":4.1,"nominatorAbbr":{"fi":"PS","sv":"Sannf","en":"FINNS"}},{"age":71,"advanceVotesPercent":3.9,"lastname":"Nikulainen","occupation":"rovasti","advanceVotes":31,"npid":1,"totalVotes":42,"spid":4,"abbr":"SDP","municipalCouncilor":true,"muid":290,"alid":1,"firstname":"Kari","electionDayVotes":11,"pid":"1","finalPosition":0,"electedInformation":"ELECTED","totalVotesPercent":3.5,"nominatorName":{"fi":"Suomen Sosialidemokraattinen Puolue","sv":"Finlands Socialdemokratiska Parti","en":"The Finnish Social Democratic Party"},"caid":5,"position":0,"gender":"1","comparisonData":{"totalVotes":286,"votesTotalChange":-244},"edid":12,"comparativeIndex":0.0,"electionDayVotesPercent":2.7,"nominatorAbbr":{"fi":"SDP","sv":"SDP","en":"SDP"}},{"age":34,"advanceVotesPercent":2.9,"lastname":"Klemetti","occupation":"yrittäjä","advanceVotes":23,"npid":2,"totalVotes":36,"spid":3,"abbr":"PS","municipalCouncilor":false,"muid":290,"alid":2,"firstname":"Timo","electionDayVotes":13,"pid":"23","finalPosition":0,"electedInformation":"ELECTED","totalVotesPercent":3.0,"nominatorName":{"fi":"Perussuomalaiset","sv":"Sannfinländarna","en":"The Finns Party"},"caid":15,"position":0,"gender":"1","comparisonData":{"totalVotes":0,"votesTotalChange":36},"edid":12,"comparativeIndex":0.0,"electionDayVotesPercent":3.2,"nominatorAbbr":{"fi":"PS","sv":"Sannf","en":"FINNS"}},{"age":67,"advanceVotesPercent":3.4,"lastname":"Piirainen","occupation":"eläkeläinen","advanceVotes":27,"npid":4,"totalVotes":36,"spid":6,"abbr":"VAS","municipalCouncilor":true,"muid":290,"alid":4,"firstname":"Mauri","electionDayVotes":9,"pid":"15","finalPosition":0,"electedInformation":"ELECTED","totalVotesPercent":3.0,"nominatorName":{"fi":"Vasemmistoliitto","sv":"Vänsterförbundet","en":"The Left Alliance"},"caid":42,"position":0,"gender":"1","comparisonData":{"totalVotes":116,"votesTotalChange":-80},"edid":12,"comparativeIndex":0.0,"electionDayVotesPercent":2.2,"nominatorAbbr":{"fi":"VAS","sv":"VF","en":"LEFT"}},{"age":66,"advanceVotesPercent":3.1,"lastname":"Pollari","occupation":"kauppatieteiden kandidaatti","advanceVotes":25,"npid":6,"totalVotes":36,"spid":2,"abbr":"KOK","municipalCouncilor":false,"muid":290,"alid":6,"firstname":"Matti-Jussi","electionDayVotes":11,"pid":"4","finalPosition":0,"electedInformation":"ELECTED","totalVotesPercent":3.0,"nominatorName":{"fi":"Kansallinen Kokoomus","sv":"Samlingspartiet","en":"National Coalition Party"},"caid":75,"position":0,"gender":"1","comparisonData":{"totalVotes":0,"votesTotalChange":36},"edid":12,"comparativeIndex":0.0,"electionDayVotesPercent":2.7,"nominatorAbbr":{"fi":"KOK","sv":"Saml","en":"NCP"}},{"age":69,"advanceVotesPercent":3.4,"lastname":"Tervamäki","occupation":"erätarkastaja, evp.","advanceVotes":27,"npid":1,"totalVotes":34,"spid":4,"abbr":"SDP","municipalCouncilor":true,"muid":290,"alid":1,"firstname":"Aimo","electionDayVotes":7,"pid":"1","finalPosition":0,"electedInformation":"ELECTED","totalVotesPercent":2.8,"nominatorName":{"fi":"Suomen Sosialidemokraattinen Puolue","sv":"Finlands Socialdemokratiska Parti","en":"The Finnish Social Democratic Party"},"caid":10,"position":0,"gender":"1","comparisonData":{"totalVotes":225,"votesTotalChange":-191},"edid":12,"comparativeIndex":0.0,"electionDayVotesPercent":1.7,"nominatorAbbr":{"fi":"SDP","sv":"SDP","en":"SDP"}},{"age":60,"advanceVotesPercent":3.2,"lastname":"Innilä","occupation":"yrittäjä","advanceVotes":26,"npid":5,"totalVotes":32,"spid":1,"abbr":"KESK","municipalCouncilor":false,"muid":290,"alid":5,"firstname":"Ari","electionDayVotes":6,"pid":"2","finalPosition":0,"electedInformation":"ELECTED","totalVotesPercent":2.6,"nominatorName":{"fi":"Suomen Keskusta","sv":"Centern i Finland","en":"Centre Party of Finland"},"caid":49,"position":0,"gender":"1","comparisonData":{"totalVotes":0,"votesTotalChange":32},"edid":12,"comparativeIndex":0.0,"electionDayVotesPercent":1.5,"nominatorAbbr":{"fi":"KESK","sv":"C","en":"CENT"}},{"age":49,"advanceVotesPercent":2.5,"lastname":"Karjalainen","occupation":"luokanopettaja, kasvatustieteen maisteri","advanceVotes":20,"npid":6,"totalVotes":30,"spid":2,"abbr":"KOK","municipalCouncilor":true,"muid":290,"alid":6,"firstname":"Minna","electionDayVotes":10,"pid":"4","finalPosition":0,"electedInformation":"ELECTED","totalVotesPercent":2.5,"nominatorName":{"fi":"Kansallinen Kokoomus","sv":"Samlingspartiet","en":"National Coalition Party"},"caid":73,"position":0,"gender":"2","comparisonData":{"totalVotes":94,"votesTotalChange":-64},"edid":12,"comparativeIndex":0.0,"electionDayVotesPercent":2.4,"nominatorAbbr":{"fi":"KOK","sv":"Saml","en":"NCP"}},{"age":61,"advanceVotesPercent":2.6,"lastname":"Inget","occupation":"erityisluokanopettaja","advanceVotes":21,"npid":3,"totalVotes":28,"spid":8,"abbr":"KD","municipalCouncilor":false,"muid":290,"alid":3,"firstname":"Maija","electionDayVotes":7,"pid":"9","finalPosition":0,"electedInformation":"ELECTED","totalVotesPercent":2.3,"nominatorName":{"fi":"Suomen Kristillisdemokraatit (KD)","sv":"Kristdemokraterna i Finland (KD)","en":"Christian Democrats in Finland"},"caid":34,"position":0,"gender":"2","comparisonData":{"totalVotes":0,"votesTotalChange":28},"edid":12,"comparativeIndex":0.0,"electionDayVotesPercent":1.7,"nominatorAbbr":{"fi":"KD","sv":"KD","en":"CD"}},{"age":29,"advanceVotesPercent":1.7,"lastname":"Piirainen","occupation":"lvi-asentaja","advanceVotes":14,"npid":2,"totalVotes":26,"spid":3,"abbr":"PS","municipalCouncilor":false,"muid":290,"alid":2,"firstname":"Timo","electionDayVotes":12,"pid":"23","finalPosition":0,"electedInformation":"ELECTED","totalVotesPercent":2.1,"nominatorName":{"fi":"Perussuomalaiset","sv":"Sannfinländarna","en":"The Finns Party"},"caid":29,"position":0,"gender":"1","comparisonData":{"totalVotes":0,"votesTotalChange":26},"edid":12,"comparativeIndex":0.0,"electionDayVotesPercent":2.9,"nominatorAbbr":{"fi":"PS","sv":"Sannf","en":"FINNS"}},{"age":59,"advanceVotesPercent":2.5,"lastname":"Virtanen","occupation":"omaishoitaja","advanceVotes":20,"npid":4,"totalVotes":26,"spid":6,"abbr":"VAS","municipalCouncilor":true,"muid":290,"alid":4,"firstname":"Kirsi","electionDayVotes":6,"pid":"15","finalPosition":0,"electedInformation":"ELECTED","totalVotesPercent":2.1,"nominatorName":{"fi":"Vasemmistoliitto","sv":"Vänsterförbundet","en":"The Left Alliance"},"caid":44,"position":0,"gender":"2","comparisonData":{"totalVotes":44,"votesTotalChange":-18},"edid":12,"comparativeIndex":0.0,"electionDayVotesPercent":1.5,"nominatorAbbr":{"fi":"VAS","sv":"VF","en":"LEFT"}},{"age":67,"advanceVotesPercent":2.1,"lastname":"Pääkkönen","occupation":"valtiotieteen maisteri","advanceVotes":17,"npid":5,"totalVotes":23,"spid":1,"abbr":"KESK","municipalCouncilor":false,"muid":290,"alid":5,"firstname":"Ritva","electionDayVotes":6,"pid":"2","finalPosition":0,"electedInformation":"ELECTED","totalVotesPercent":1.9,"nominatorName":{"fi":"Suomen Keskusta","sv":"Centern i Finland","en":"Centre Party of Finland"},"caid":66,"position":0,"gender":"2","comparisonData":{"totalVotes":0,"votesTotalChange":23},"edid":12,"comparativeIndex":0.0,"electionDayVotesPercent":1.5,"nominatorAbbr":{"fi":"KESK","sv":"C","en":"CENT"}},{"age":64,"advanceVotesPercent":1.6,"lastname":"Mikkola","occupation":"psykologi","advanceVotes":13,"npid":3,"totalVotes":22,"spid":8,"abbr":"KD","municipalCouncilor":false,"muid":290,"alid":3,"firstname":"Jaakko","electionDayVotes":9,"pid":"9","finalPosition":0,"electedInformation":"ELECTED","totalVotesPercent":1.8,"nominatorName":{"fi":"Suomen Kristillisdemokraatit (KD)","sv":"Kristdemokraterna i Finland (KD)","en":"Christian Democrats in Finland"},"caid":35,"position":0,"gender":"1","comparisonData":{"totalVotes":0,"votesTotalChange":22},"edid":12,"comparativeIndex":0.0,"electionDayVotesPercent":2.2,"nominatorAbbr":{"fi":"KD","sv":"KD","en":"CD"}},{"age":59,"advanceVotesPercent":2.6,"lastname":"Malinen","occupation":"maanviljelijä","advanceVotes":21,"npid":5,"totalVotes":22,"spid":1,"abbr":"KESK","municipalCouncilor":false,"muid":290,"alid":5,"firstname":"Arto","electionDayVotes":1,"pid":"2","finalPosition":0,"electedInformation":"ELECTED","totalVotesPercent":1.8,"nominatorName":{"fi":"Suomen Keskusta","sv":"Centern i Finland","en":"Centre Party of Finland"},"caid":56,"position":0,"gender":"1","comparisonData":{"totalVotes":0,"votesTotalChange":22},"edid":12,"comparativeIndex":0.0,"electionDayVotesPercent":0.2,"nominatorAbbr":{"fi":"KESK","sv":"C","en":"CENT"}},{"age":46,"advanceVotesPercent":2.0,"lastname":"Rauhala","occupation":"opettaja, filosofian maisteri","advanceVotes":16,"npid":5,"totalVotes":21,"spid":1,"abbr":"KESK","municipalCouncilor":true,"muid":290,"alid":5,"firstname":"Maarit","electionDayVotes":5,"pid":"2","finalPosition":0,"electedInformation":"ELECTED","totalVotesPercent":1.7,"nominatorName":{"fi":"Suomen Keskusta","sv":"Centern i Finland","en":"Centre Party of Finland"},"caid":69,"position":0,"gender":"2","comparisonData":{"totalVotes":47,"votesTotalChange":-26},"edid":12,"comparativeIndex":0.0,"electionDayVotesPercent":1.2,"nominatorAbbr":{"fi":"KESK","sv":"C","en":"CENT"}},{"age":55,"advanceVotesPercent":1.1,"lastname":"Piipponen","occupation":"koulutussuunnittelija","advanceVotes":9,"npid":1,"totalVotes":20,"spid":4,"abbr":"SDP","municipalCouncilor":true,"muid":290,"alid":1,"firstname":"Eira","electionDayVotes":11,"pid":"1","finalPosition":0,"electedInformation":"ELECTED","totalVotesPercent":1.6,"nominatorName":{"fi":"Suomen Sosialidemokraattinen Puolue","sv":"Finlands Socialdemokratiska Parti","en":"The Finnish Social Democratic Party"},"caid":7,"position":0,"gender":"2","comparisonData":{"totalVotes":55,"votesTotalChange":-35},"edid":12,"comparativeIndex":0.0,"electionDayVotesPercent":2.7,"nominatorAbbr":{"fi":"SDP","sv":"SDP","en":"SDP"}},{"age":49,"advanceVotesPercent":1.6,"lastname":"Pulkkinen","occupation":"maanviljelijä, opettaja","advanceVotes":13,"npid":5,"totalVotes":20,"spid":1,"abbr":"KESK","municipalCouncilor":false,"muid":290,"alid":5,"firstname":"Jussi","electionDayVotes":7,"pid":"2","finalPosition":0,"electedInformation":"ELECTED","totalVotesPercent":1.6,"nominatorName":{"fi":"Suomen Keskusta","sv":"Centern i Finland","en":"Centre Party of Finland"},"caid":64,"position":0,"gender":"1","comparisonData":{"totalVotes":0,"votesTotalChange":20},"edid":12,"comparativeIndex":0.0,"electionDayVotesPercent":1.7,"nominatorAbbr":{"fi":"KESK","sv":"C","en":"CENT"}},{"age":67,"advanceVotesPercent":1.2,"lastname":"Tikkanen","occupation":"valtiotieteen lisensiaatti","advanceVotes":10,"npid":5,"totalVotes":18,"spid":1,"abbr":"KESK","municipalCouncilor":true,"muid":290,"alid":5,"firstname":"Veikko","electionDayVotes":8,"pid":"2","finalPosition":0,"electedInformation":"ELECTED","totalVotesPercent":1.5,"nominatorName":{"fi":"Suomen Keskusta","sv":"Centern i Finland","en":"Centre Party of Finland"},"caid":71,"position":0,"gender":"1","comparisonData":{"totalVotes":53,"votesTotalChange":-35},"edid":12,"comparativeIndex":0.0,"electionDayVotesPercent":1.9,"nominatorAbbr":{"fi":"KESK","sv":"C","en":"CENT"}},{"age":37,"advanceVotesPercent":1.5,"lastname":"Ohtonen","occupation":"yrittäjä","advanceVotes":12,"npid":5,"totalVotes":17,"spid":1,"abbr":"KESK","municipalCouncilor":false,"muid":290,"alid":5,"firstname":"Jyri","electionDayVotes":5,"pid":"2","finalPosition":0,"electedInformation":"ELECTED","totalVotesPercent":1.4,"nominatorName":{"fi":"Suomen Keskusta","sv":"Centern i Finland","en":"Centre Party of Finland"},"caid":62,"position":0,"gender":"1","comparisonData":{"totalVotes":0,"votesTotalChange":17},"edid":12,"comparativeIndex":0.0,"electionDayVotesPercent":1.2,"nominatorAbbr":{"fi":"KESK","sv":"C","en":"CENT"}},{"age":20,"advanceVotesPercent":1.2,"lastname":"Oinas-Panuma","occupation":"opiskelija","advanceVotes":10,"npid":5,"totalVotes":17,"spid":1,"abbr":"KESK","municipalCouncilor":false,"muid":290,"alid":5,"firstname":"Kaisa","electionDayVotes":7,"pid":"2","finalPosition":0,"electedInformation":"ELECTED","totalVotesPercent":1.4,"nominatorName":{"fi":"Suomen Keskusta","sv":"Centern i Finland","en":"Centre Party of Finland"},"caid":63,"position":0,"gender":"2","comparisonData":{"totalVotes":0,"votesTotalChange":17},"edid":12,"comparativeIndex":0.0,"electionDayVotesPercent":1.7,"nominatorAbbr":{"fi":"KESK","sv":"C","en":"CENT"}},{"age":67,"advanceVotesPercent":1.6,"lastname":"Peltonen","occupation":"lehtori, eläkeläinen","advanceVotes":13,"npid":1,"totalVotes":16,"spid":4,"abbr":"SDP","municipalCouncilor":true,"muid":290,"alid":1,"firstname":"Kari","electionDayVotes":3,"pid":"1","finalPosition":0,"electedInformation":"ELECTED","totalVotesPercent":1.3,"nominatorName":{"fi":"Suomen Sosialidemokraattinen Puolue","sv":"Finlands Socialdemokratiska Parti","en":"The Finnish Social Democratic Party"},"caid":6,"position":0,"gender":"1","comparisonData":{"totalVotes":37,"votesTotalChange":-21},"edid":12,"comparativeIndex":0.0,"electionDayVotesPercent":0.7,"nominatorAbbr":{"fi":"SDP","sv":"SDP","en":"SDP"}},{"age":59,"advanceVotesPercent":1.4,"lastname":"Komulainen","occupation":"yrittäjä, toimitusjohtaja","advanceVotes":11,"npid":2,"totalVotes":16,"spid":3,"abbr":"PS","municipalCouncilor":true,"muid":290,"alid":2,"firstname":"Ilmo","electionDayVotes":5,"pid":"23","finalPosition":0,"electedInformation":"ELECTED","totalVotesPercent":1.3,"nominatorName":{"fi":"Perussuomalaiset","sv":"Sannfinländarna","en":"The Finns Party"},"caid":17,"position":0,"gender":"1","comparisonData":{"totalVotes":80,"votesTotalChange":-64},"edid":12,"comparativeIndex":0.0,"electionDayVotesPercent":1.2,"nominatorAbbr":{"fi":"PS","sv":"Sannf","en":"FINNS"}},{"age":62,"advanceVotesPercent":1.0,"lastname":"Kyllönen","occupation":"nosturinkuljettaja","advanceVotes":8,"npid":2,"totalVotes":16,"spid":3,"abbr":"PS","municipalCouncilor":true,"muid":290,"alid":2,"firstname":"Unto","electionDayVotes":8,"pid":"23","finalPosition":0,"electedInformation":"ELECTED","totalVotesPercent":1.3,"nominatorName":{"fi":"Perussuomalaiset","sv":"Sannfinländarna","en":"The Finns Party"},"caid":22,"position":0,"gender":"1","comparisonData":{"totalVotes":63,"votesTotalChange":-47},"edid":12,"comparativeIndex":0.0,"electionDayVotesPercent":1.9,"nominatorAbbr":{"fi":"PS","sv":"Sannf","en":"FINNS"}},{"age":67,"advanceVotesPercent":1.4,"lastname":"Heikkinen","occupation":"metsätalousteknikko","advanceVotes":11,"npid":5,"totalVotes":16,"spid":1,"abbr":"KESK","municipalCouncilor":true,"muid":290,"alid":5,"firstname":"Pekka","electionDayVotes":5,"pid":"2","finalPosition":0,"electedInformation":"ELECTED","totalVotesPercent":1.3,"nominatorName":{"fi":"Suomen Keskusta","sv":"Centern i Finland","en":"Centre Party of Finland"},"caid":46,"position":0,"gender":"1","comparisonData":{"totalVotes":157,"votesTotalChange":-141},"edid":12,"comparativeIndex":0.0,"electionDayVotesPercent":1.2,"nominatorAbbr":{"fi":"KESK","sv":"C","en":"CENT"}},{"age":66,"advanceVotesPercent":1.1,"lastname":"Huotari","occupation":"metsätalousteknikko","advanceVotes":9,"npid":5,"totalVotes":16,"spid":1,"abbr":"KESK","municipalCouncilor":true,"muid":290,"alid":5,"firstname":"Väinö","electionDayVotes":7,"pid":"2","finalPosition":0,"electedInformation":"ELECTED","totalVotesPercent":1.3,"nominatorName":{"fi":"Suomen Keskusta","sv":"Centern i Finland","en":"Centre Party of Finland"},"caid":48,"position":0,"gender":"1","comparisonData":{"totalVotes":54,"votesTotalChange":-38},"edid":12,"comparativeIndex":0.0,"electionDayVotesPercent":1.7,"nominatorAbbr":{"fi":"KESK","sv":"C","en":"CENT"}},{"age":67,"advanceVotesPercent":1.7,"lastname":"Kähkönen","occupation":"metsätalousyrittäjä","advanceVotes":14,"npid":5,"totalVotes":16,"spid":1,"abbr":"KESK","municipalCouncilor":true,"muid":290,"alid":5,"firstname":"Eino","electionDayVotes":2,"pid":"2","finalPosition":0,"electedInformation":"ELECTED","totalVotesPercent":1.3,"nominatorName":{"fi":"Suomen Keskusta","sv":"Centern i Finland","en":"Centre Party of Finland"},"caid":54,"position":0,"gender":"1","comparisonData":{"totalVotes":51,"votesTotalChange":-35},"edid":12,"comparativeIndex":0.0,"electionDayVotesPercent":0.5,"nominatorAbbr":{"fi":"KESK","sv":"C","en":"CENT"}},{"age":69,"advanceVotesPercent":1.6,"lastname":"Pääkkönen","occupation":"tiemestari","advanceVotes":13,"npid":5,"totalVotes":16,"spid":1,"abbr":"KESK","municipalCouncilor":true,"muid":290,"alid":5,"firstname":"Matti","electionDayVotes":3,"pid":"2","finalPosition":0,"electedInformation":"ELECTED","totalVotesPercent":1.3,"nominatorName":{"fi":"Suomen Keskusta","sv":"Centern i Finland","en":"Centre Party of Finland"},"caid":65,"position":0,"gender":"1","comparisonData":{"totalVotes":127,"votesTotalChange":-111},"edid":12,"comparativeIndex":0.0,"electionDayVotesPercent":0.7,"nominatorAbbr":{"fi":"KESK","sv":"C","en":"CENT"}},{"age":63,"advanceVotesPercent":1.5,"lastname":"Sorjonen","occupation":"työmies","advanceVotes":12,"npid":2,"totalVotes":14,"spid":3,"abbr":"PS","municipalCouncilor":true,"muid":290,"alid":2,"firstname":"Pentti","electionDayVotes":2,"pid":"23","finalPosition":0,"electedInformation":"ELECTED","totalVotesPercent":1.2,"nominatorName":{"fi":"Perussuomalaiset","sv":"Sannfinländarna","en":"The Finns Party"},"caid":32,"position":0,"gender":"1","comparisonData":{"totalVotes":46,"votesTotalChange":-32},"edid":12,"comparativeIndex":0.0,"electionDayVotesPercent":0.5,"nominatorAbbr":{"fi":"PS","sv":"Sannf","en":"FINNS"}},{"age":30,"advanceVotesPercent":1.1,"lastname":"Kilponen","occupation":"järjestyksenvalvoja","advanceVotes":9,"npid":4,"totalVotes":14,"spid":6,"abbr":"VAS","municipalCouncilor":false,"muid":290,"alid":4,"firstname":"Antti","electionDayVotes":5,"pid":"15","finalPosition":0,"electedInformation":"ON_SUBSTITUTE_PLACE","totalVotesPercent":1.2,"nominatorName":{"fi":"Vasemmistoliitto","sv":"Vänsterförbundet","en":"The Left Alliance"},"caid":38,"position":0,"gender":"1","comparisonData":{"totalVotes":34,"votesTotalChange":-20},"edid":12,"comparativeIndex":0.0,"electionDayVotesPercent":1.2,"nominatorAbbr":{"fi":"VAS","sv":"VF","en":"LEFT"}},{"age":41,"advanceVotesPercent":0.6,"lastname":"Ainasoja","occupation":"kiinteistönhoitaja","advanceVotes":5,"npid":1,"totalVotes":13,"spid":4,"abbr":"SDP","municipalCouncilor":false,"muid":290,"alid":1,"firstname":"Miia","electionDayVotes":8,"pid":"1","finalPosition":0,"electedInformation":"ON_SUBSTITUTE_PLACE","totalVotesPercent":1.1,"nominatorName":{"fi":"Suomen Sosialidemokraattinen Puolue","sv":"Finlands Socialdemokratiska Parti","en":"The Finnish Social Democratic Party"},"caid":3,"position":0,"gender":"2","comparisonData":{"totalVotes":21,"votesTotalChange":-8},"edid":12,"comparativeIndex":0.0,"electionDayVotesPercent":1.9,"nominatorAbbr":{"fi":"SDP","sv":"SDP","en":"SDP"}},{"age":52,"advanceVotesPercent":0.9,"lastname":"Komulainen","occupation":"maatalousyrittäjä","advanceVotes":7,"npid":5,"totalVotes":13,"spid":1,"abbr":"KESK","municipalCouncilor":true,"muid":290,"alid":5,"firstname":"Eija","electionDayVotes":6,"pid":"2","finalPosition":0,"electedInformation":"ELECTED","totalVotesPercent":1.1,"nominatorName":{"fi":"Suomen Keskusta","sv":"Centern i Finland","en":"Centre Party of Finland"},"caid":52,"position":0,"gender":"2","comparisonData":{"totalVotes":82,"votesTotalChange":-69},"edid":12,"comparativeIndex":0.0,"electionDayVotesPercent":1.5,"nominatorAbbr":{"fi":"KESK","sv":"C","en":"CENT"}},{"age":35,"advanceVotesPercent":0.7,"lastname":"Ryynänen","occupation":"yrittäjä","advanceVotes":6,"npid":6,"totalVotes":13,"spid":2,"abbr":"KOK","municipalCouncilor":false,"muid":290,"alid":6,"firstname":"Ilkka","electionDayVotes":7,"pid":"4","finalPosition":0,"electedInformation":"ON_SUBSTITUTE_PLACE","totalVotesPercent":1.1,"nominatorName":{"fi":"Kansallinen Kokoomus","sv":"Samlingspartiet","en":"National Coalition Party"},"caid":76,"position":0,"gender":"1","comparisonData":{"totalVotes":0,"votesTotalChange":13},"edid":12,"comparativeIndex":0.0,"electionDayVotesPercent":1.7,"nominatorAbbr":{"fi":"KOK","sv":"Saml","en":"NCP"}},{"age":64,"advanceVotesPercent":1.1,"lastname":"Suihko","occupation":"filosofian maisteri, äidinkielen ja kirjallisuuden opettaja","advanceVotes":9,"npid":7,"totalVotes":13,"spid":5,"abbr":"VIHR","municipalCouncilor":true,"muid":290,"alid":7,"firstname":"Marja-Stiina","electionDayVotes":4,"pid":"13","finalPosition":0,"electedInformation":"ELECTED","totalVotesPercent":1.1,"nominatorName":{"fi":"Vihreä liitto","sv":"Gröna förbundet","en":"Green League"},"caid":90,"position":0,"gender":"2","comparisonData":{"totalVotes":48,"votesTotalChange":-35},"edid":12,"comparativeIndex":0.0,"electionDayVotesPercent":1.0,"nominatorAbbr":{"fi":"VIHR","sv":"Gröna","en":"GREEN"}},{"age":49,"advanceVotesPercent":0.6,"lastname":"Pääkkönen","occupation":"myyjä","advanceVotes":5,"npid":5,"totalVotes":12,"spid":1,"abbr":"KESK","municipalCouncilor":false,"muid":290,"alid":5,"firstname":"Sirpa","electionDayVotes":7,"pid":"2","finalPosition":0,"electedInformation":"ON_SUBSTITUTE_PLACE","totalVotesPercent":1.0,"nominatorName":{"fi":"Suomen Keskusta","sv":"Centern i Finland","en":"Centre Party of Finland"},"caid":67,"position":0,"gender":"2","comparisonData":{"totalVotes":27,"votesTotalChange":-15},"edid":12,"comparativeIndex":0.0,"electionDayVotesPercent":1.7,"nominatorAbbr":{"fi":"KESK","sv":"C","en":"CENT"}},{"age":56,"advanceVotesPercent":0.7,"lastname":"Lehtonen","occupation":"luutnantti, evp.","advanceVotes":6,"npid":2,"totalVotes":11,"spid":3,"abbr":"PS","municipalCouncilor":false,"muid":290,"alid":2,"firstname":"Harri","electionDayVotes":5,"pid":"23","finalPosition":0,"electedInformation":"ON_SUBSTITUTE_PLACE","totalVotesPercent":0.9,"nominatorName":{"fi":"Perussuomalaiset","sv":"Sannfinländarna","en":"The Finns Party"},"caid":23,"position":0,"gender":"1","comparisonData":{"totalVotes":0,"votesTotalChange":11},"edid":12,"comparativeIndex":0.0,"electionDayVotesPercent":1.2,"nominatorAbbr":{"fi":"PS","sv":"Sannf","en":"FINNS"}},{"age":46,"advanceVotesPercent":0.9,"lastname":"Lehtonen","occupation":"taksiautoilija","advanceVotes":7,"npid":2,"totalVotes":11,"spid":3,"abbr":"PS","municipalCouncilor":false,"muid":290,"alid":2,"firstname":"Janne","electionDayVotes":4,"pid":"23","finalPosition":0,"electedInformation":"ELECTED","totalVotesPercent":0.9,"nominatorName":{"fi":"Perussuomalaiset","sv":"Sannfinländarna","en":"The Finns Party"},"caid":24,"position":0,"gender":"1","comparisonData":{"totalVotes":0,"votesTotalChange":11},"edid":12,"comparativeIndex":0.0,"electionDayVotesPercent":1.0,"nominatorAbbr":{"fi":"PS","sv":"Sannf","en":"FINNS"}},{"age":58,"advanceVotesPercent":0.6,"lastname":"Sarvela","occupation":"hammaslääkäri, tietokirjailija","advanceVotes":5,"npid":7,"totalVotes":11,"spid":5,"abbr":"VIHR","municipalCouncilor":false,"muid":290,"alid":7,"firstname":"Kati","electionDayVotes":6,"pid":"13","finalPosition":0,"electedInformation":"NOT_ELECTED","totalVotesPercent":0.9,"nominatorName":{"fi":"Vihreä liitto","sv":"Gröna förbundet","en":"Green League"},"caid":89,"position":0,"gender":"2","comparisonData":{"totalVotes":0,"votesTotalChange":11},"edid":12,"comparativeIndex":0.0,"electionDayVotesPercent":1.5,"nominatorAbbr":{"fi":"VIHR","sv":"Gröna","en":"GREEN"}},{"age":42,"advanceVotesPercent":0.1,"lastname":"Heikkinen","occupation":"lähihoitaja","advanceVotes":1,"npid":2,"totalVotes":10,"spid":3,"abbr":"PS","municipalCouncilor":false,"muid":290,"alid":2,"firstname":"Satu","electionDayVotes":9,"pid":"23","finalPosition":0,"electedInformation":"NOT_ELECTED","totalVotesPercent":0.8,"nominatorName":{"fi":"Perussuomalaiset","sv":"Sannfinländarna","en":"The Finns Party"},"caid":12,"position":0,"gender":"2","comparisonData":{"totalVotes":0,"votesTotalChange":10},"edid":12,"comparativeIndex":0.0,"electionDayVotesPercent":2.2,"nominatorAbbr":{"fi":"PS","sv":"Sannf","en":"FINNS"}},{"age":58,"advanceVotesPercent":0.7,"lastname":"Kyllönen","occupation":"toiminnanohjaaja","advanceVotes":6,"npid":4,"totalVotes":10,"spid":6,"abbr":"VAS","municipalCouncilor":false,"muid":290,"alid":4,"firstname":"Seija","electionDayVotes":4,"pid":"15","finalPosition":0,"electedInformation":"ON_SUBSTITUTE_PLACE","totalVotesPercent":0.8,"nominatorName":{"fi":"Vasemmistoliitto","sv":"Vänsterförbundet","en":"The Left Alliance"},"caid":39,"position":0,"gender":"2","comparisonData":{"totalVotes":30,"votesTotalChange":-20},"edid":12,"comparativeIndex":0.0,"electionDayVotesPercent":1.0,"nominatorAbbr":{"fi":"VAS","sv":"VF","en":"LEFT"}},{"age":61,"advanceVotesPercent":0.9,"lastname":"Mäntymäki","occupation":"talouspäällikkö","advanceVotes":7,"npid":5,"totalVotes":10,"spid":1,"abbr":"KESK","municipalCouncilor":false,"muid":290,"alid":5,"firstname":"Paavo","electionDayVotes":3,"pid":"2","finalPosition":0,"electedInformation":"ON_SUBSTITUTE_PLACE","totalVotesPercent":0.8,"nominatorName":{"fi":"Suomen Keskusta","sv":"Centern i Finland","en":"Centre Party of Finland"},"caid":59,"position":0,"gender":"1","comparisonData":{"totalVotes":0,"votesTotalChange":10},"edid":12,"comparativeIndex":0.0,"electionDayVotesPercent":0.7,"nominatorAbbr":{"fi":"KESK","sv":"C","en":"CENT"}},{"age":45,"advanceVotesPercent":0.7,"lastname":"Haverinen","occupation":"opettaja","advanceVotes":6,"npid":7,"totalVotes":10,"spid":5,"abbr":"VIHR","municipalCouncilor":false,"muid":290,"alid":7,"firstname":"Päivi","electionDayVotes":4,"pid":"13","finalPosition":0,"electedInformation":"ELECTED","totalVotesPercent":0.8,"nominatorName":{"fi":"Vihreä liitto","sv":"Gröna förbundet","en":"Green League"},"caid":79,"position":0,"gender":"2","comparisonData":{"totalVotes":0,"votesTotalChange":10},"edid":12,"comparativeIndex":0.0,"electionDayVotesPercent":1.0,"nominatorAbbr":{"fi":"VIHR","sv":"Gröna","en":"GREEN"}},{"age":31,"advanceVotesPercent":0.9,"lastname":"Nyman","occupation":"filosofian maisteri, hankekoordinaattori","advanceVotes":7,"npid":7,"totalVotes":10,"spid":5,"abbr":"VIHR","municipalCouncilor":false,"muid":290,"alid":7,"firstname":"Ville","electionDayVotes":3,"pid":"13","finalPosition":0,"electedInformation":"ON_SUBSTITUTE_PLACE","totalVotesPercent":0.8,"nominatorName":{"fi":"Vihreä liitto","sv":"Gröna förbundet","en":"Green League"},"caid":84,"position":0,"gender":"1","comparisonData":{"totalVotes":0,"votesTotalChange":10},"edid":12,"comparativeIndex":0.0,"electionDayVotesPercent":0.7,"nominatorAbbr":{"fi":"VIHR","sv":"Gröna","en":"GREEN"}},{"age":65,"advanceVotesPercent":0.6,"lastname":"Miettinen","occupation":"rajavartija, evp.","advanceVotes":5,"npid":2,"totalVotes":9,"spid":3,"abbr":"PS","municipalCouncilor":true,"muid":290,"alid":2,"firstname":"Jouko","electionDayVotes":4,"pid":"23","finalPosition":0,"electedInformation":"ON_SUBSTITUTE_PLACE","totalVotesPercent":0.7,"nominatorName":{"fi":"Perussuomalaiset","sv":"Sannfinländarna","en":"The Finns Party"},"caid":25,"position":0,"gender":"1","comparisonData":{"totalVotes":50,"votesTotalChange":-41},"edid":12,"comparativeIndex":0.0,"electionDayVotesPercent":1.0,"nominatorAbbr":{"fi":"PS","sv":"Sannf","en":"FINNS"}},{"age":34,"advanceVotesPercent":0.9,"lastname":"Seilonen","occupation":"yhdistelmä-ajoneuvonkuljettaja","advanceVotes":7,"npid":2,"totalVotes":9,"spid":3,"abbr":"PS","municipalCouncilor":false,"muid":290,"alid":2,"firstname":"Mika","electionDayVotes":2,"pid":"23","finalPosition":0,"electedInformation":"ON_SUBSTITUTE_PLACE","totalVotesPercent":0.7,"nominatorName":{"fi":"Perussuomalaiset","sv":"Sannfinländarna","en":"The Finns Party"},"caid":31,"position":0,"gender":"1","comparisonData":{"totalVotes":0,"votesTotalChange":9},"edid":12,"comparativeIndex":0.0,"electionDayVotesPercent":0.5,"nominatorAbbr":{"fi":"PS","sv":"Sannf","en":"FINNS"}},{"age":51,"advanceVotesPercent":0.7,"lastname":"Määttä","occupation":"yrittäjä, opiskelija","advanceVotes":6,"npid":5,"totalVotes":9,"spid":1,"abbr":"KESK","municipalCouncilor":false,"muid":290,"alid":5,"firstname":"Tuomo","electionDayVotes":3,"pid":"2","finalPosition":0,"electedInformation":"ON_SUBSTITUTE_PLACE","totalVotesPercent":0.7,"nominatorName":{"fi":"Suomen Keskusta","sv":"Centern i Finland","en":"Centre Party of Finland"},"caid":61,"position":0,"gender":"1","comparisonData":{"totalVotes":0,"votesTotalChange":9},"edid":12,"comparativeIndex":0.0,"electionDayVotesPercent":0.7,"nominatorAbbr":{"fi":"KESK","sv":"C","en":"CENT"}},{"age":52,"advanceVotesPercent":0.6,"lastname":"Sankilampi","occupation":"ylitarkastaja","advanceVotes":5,"npid":6,"totalVotes":8,"spid":2,"abbr":"KOK","municipalCouncilor":false,"muid":290,"alid":6,"firstname":"Jaana","electionDayVotes":3,"pid":"4","finalPosition":0,"electedInformation":"ON_SUBSTITUTE_PLACE","totalVotesPercent":0.7,"nominatorName":{"fi":"Kansallinen Kokoomus","sv":"Samlingspartiet","en":"National Coalition Party"},"caid":78,"position":0,"gender":"2","comparisonData":{"totalVotes":242,"votesTotalChange":-234},"edid":12,"comparativeIndex":0.0,"electionDayVotesPercent":0.7,"nominatorAbbr":{"fi":"KOK","sv":"Saml","en":"NCP"}},{"age":31,"advanceVotesPercent":0.6,"lastname":"Määttä","occupation":"elementtityöntekijä, työsuojeluvaltuutettu","advanceVotes":5,"npid":2,"totalVotes":7,"spid":3,"abbr":"PS","municipalCouncilor":false,"muid":290,"alid":2,"firstname":"Satu","electionDayVotes":2,"pid":"23","finalPosition":0,"electedInformation":"ON_SUBSTITUTE_PLACE","totalVotesPercent":0.6,"nominatorName":{"fi":"Perussuomalaiset","sv":"Sannfinländarna","en":"The Finns Party"},"caid":27,"position":0,"gender":"2","comparisonData":{"totalVotes":0,"votesTotalChange":7},"edid":12,"comparativeIndex":0.0,"electionDayVotesPercent":0.5,"nominatorAbbr":{"fi":"PS","sv":"Sannf","en":"FINNS"}},{"age":35,"advanceVotesPercent":0.4,"lastname":"Heikura","occupation":"kasvatustieteen maisteri, osuuskuntayrittäjä","advanceVotes":3,"npid":7,"totalVotes":7,"spid":5,"abbr":"VIHR","municipalCouncilor":false,"muid":290,"alid":7,"firstname":"Mari","electionDayVotes":4,"pid":"13","finalPosition":0,"electedInformation":"ON_SUBSTITUTE_PLACE","totalVotesPercent":0.6,"nominatorName":{"fi":"Vihreä liitto","sv":"Gröna förbundet","en":"Green League"},"caid":80,"position":0,"gender":"2","comparisonData":{"totalVotes":24,"votesTotalChange":-17},"edid":12,"comparativeIndex":0.0,"electionDayVotesPercent":1.0,"nominatorAbbr":{"fi":"VIHR","sv":"Gröna","en":"GREEN"}},{"age":41,"advanceVotesPercent":0.4,"lastname":"Kyllönen","occupation":"autonkuljettaja","advanceVotes":3,"npid":2,"totalVotes":6,"spid":3,"abbr":"PS","municipalCouncilor":false,"muid":290,"alid":2,"firstname":"Markus","electionDayVotes":3,"pid":"23","finalPosition":0,"electedInformation":"ON_SUBSTITUTE_PLACE","totalVotesPercent":0.5,"nominatorName":{"fi":"Perussuomalaiset","sv":"Sannfinländarna","en":"The Finns Party"},"caid":19,"position":0,"gender":"1","comparisonData":{"totalVotes":0,"votesTotalChange":6},"edid":12,"comparativeIndex":0.0,"electionDayVotesPercent":0.7,"nominatorAbbr":{"fi":"PS","sv":"Sannf","en":"FINNS"}},{"age":57,"advanceVotesPercent":0.4,"lastname":"Kyllönen","occupation":"yrittäjä","advanceVotes":3,"npid":2,"totalVotes":6,"spid":3,"abbr":"PS","municipalCouncilor":false,"muid":290,"alid":2,"firstname":"Olga","electionDayVotes":3,"pid":"23","finalPosition":0,"electedInformation":"ON_SUBSTITUTE_PLACE","totalVotesPercent":0.5,"nominatorName":{"fi":"Perussuomalaiset","sv":"Sannfinländarna","en":"The Finns Party"},"caid":20,"position":0,"gender":"2","comparisonData":{"totalVotes":0,"votesTotalChange":6},"edid":12,"comparativeIndex":0.0,"electionDayVotesPercent":0.7,"nominatorAbbr":{"fi":"PS","sv":"Sannf","en":"FINNS"}},{"age":28,"advanceVotesPercent":0.2,"lastname":"Limnell","occupation":"opiskelija, taiteilija","advanceVotes":2,"npid":4,"totalVotes":6,"spid":6,"abbr":"VAS","municipalCouncilor":false,"muid":290,"alid":4,"firstname":"Noora","electionDayVotes":4,"pid":"15","finalPosition":0,"electedInformation":"NOT_ELECTED","totalVotesPercent":0.5,"nominatorName":{"fi":"Vasemmistoliitto","sv":"Vänsterförbundet","en":"The Left Alliance"},"caid":40,"position":0,"gender":"2","comparisonData":{"totalVotes":0,"votesTotalChange":6},"edid":12,"comparativeIndex":0.0,"electionDayVotesPercent":1.0,"nominatorAbbr":{"fi":"VAS","sv":"VF","en":"LEFT"}},{"age":69,"advanceVotesPercent":0.6,"lastname":"Kuula","occupation":"lehtori","advanceVotes":5,"npid":5,"totalVotes":6,"spid":1,"abbr":"KESK","municipalCouncilor":false,"muid":290,"alid":5,"firstname":"Mauri","electionDayVotes":1,"pid":"2","finalPosition":0,"electedInformation":"ON_SUBSTITUTE_PLACE","totalVotesPercent":0.5,"nominatorName":{"fi":"Suomen Keskusta","sv":"Centern i Finland","en":"Centre Party of Finland"},"caid":53,"position":0,"gender":"1","comparisonData":{"totalVotes":0,"votesTotalChange":6},"edid":12,"comparativeIndex":0.0,"electionDayVotesPercent":0.2,"nominatorAbbr":{"fi":"KESK","sv":"C","en":"CENT"}},{"age":68,"advanceVotesPercent":0.6,"lastname":"Malinen","occupation":"elintarviketyöntekijä","advanceVotes":5,"npid":5,"totalVotes":6,"spid":1,"abbr":"KESK","municipalCouncilor":false,"muid":290,"alid":5,"firstname":"Liisa","electionDayVotes":1,"pid":"2","finalPosition":0,"electedInformation":"ON_SUBSTITUTE_PLACE","totalVotesPercent":0.5,"nominatorName":{"fi":"Suomen Keskusta","sv":"Centern i Finland","en":"Centre Party of Finland"},"caid":57,"position":0,"gender":"2","comparisonData":{"totalVotes":15,"votesTotalChange":-9},"edid":12,"comparativeIndex":0.0,"electionDayVotesPercent":0.2,"nominatorAbbr":{"fi":"KESK","sv":"C","en":"CENT"}},{"age":71,"advanceVotesPercent":0.6,"lastname":"Seppänen","occupation":"maanviljelijä, eläkeläinen","advanceVotes":5,"npid":5,"totalVotes":6,"spid":1,"abbr":"KESK","municipalCouncilor":false,"muid":290,"alid":5,"firstname":"Teuvo","electionDayVotes":1,"pid":"2","finalPosition":0,"electedInformation":"ON_SUBSTITUTE_PLACE","totalVotesPercent":0.5,"nominatorName":{"fi":"Suomen Keskusta","sv":"Centern i Finland","en":"Centre Party of Finland"},"caid":70,"position":0,"gender":"1","comparisonData":{"totalVotes":34,"votesTotalChange":-28},"edid":12,"comparativeIndex":0.0,"electionDayVotesPercent":0.2,"nominatorAbbr":{"fi":"KESK","sv":"C","en":"CENT"}},{"age":68,"advanceVotesPercent":0.7,"lastname":"Saarimaa","occupation":"toiminnanjohtaja","advanceVotes":6,"npid":6,"totalVotes":6,"spid":2,"abbr":"KOK","municipalCouncilor":false,"muid":290,"alid":6,"firstname":"Pertti","electionDayVotes":0,"pid":"4","finalPosition":0,"electedInformation":"NOT_ELECTED","totalVotesPercent":0.5,"nominatorName":{"fi":"Kansallinen Kokoomus","sv":"Samlingspartiet","en":"National Coalition Party"},"caid":77,"position":0,"gender":"1","comparisonData":{"totalVotes":0,"votesTotalChange":6},"edid":12,"comparativeIndex":0.0,"electionDayVotesPercent":0.0,"nominatorAbbr":{"fi":"KOK","sv":"Saml","en":"NCP"}},{"age":64,"advanceVotesPercent":0.5,"lastname":"Aaltonen","occupation":"lakimies, varatuomari","advanceVotes":4,"npid":1,"totalVotes":5,"spid":4,"abbr":"SDP","municipalCouncilor":false,"muid":290,"alid":1,"firstname":"Keijo","electionDayVotes":1,"pid":"1","finalPosition":0,"electedInformation":"ON_SUBSTITUTE_PLACE","totalVotesPercent":0.4,"nominatorName":{"fi":"Suomen Sosialidemokraattinen Puolue","sv":"Finlands Socialdemokratiska Parti","en":"The Finnish Social Democratic Party"},"caid":2,"position":0,"gender":"1","comparisonData":{"totalVotes":20,"votesTotalChange":-15},"edid":12,"comparativeIndex":0.0,"electionDayVotesPercent":0.2,"nominatorAbbr":{"fi":"SDP","sv":"SDP","en":"SDP"}},{"age":58,"advanceVotesPercent":0.4,"lastname":"Pikkarainen","occupation":"trukinkuljettaja","advanceVotes":3,"npid":1,"totalVotes":5,"spid":4,"abbr":"SDP","municipalCouncilor":false,"muid":290,"alid":1,"firstname":"Ensio","electionDayVotes":2,"pid":"1","finalPosition":0,"electedInformation":"ON_SUBSTITUTE_PLACE","totalVotesPercent":0.4,"nominatorName":{"fi":"Suomen Sosialidemokraattinen Puolue","sv":"Finlands Socialdemokratiska Parti","en":"The Finnish Social Democratic Party"},"caid":8,"position":0,"gender":"1","comparisonData":{"totalVotes":8,"votesTotalChange":-3},"edid":12,"comparativeIndex":0.0,"electionDayVotesPercent":0.5,"nominatorAbbr":{"fi":"SDP","sv":"SDP","en":"SDP"}},{"age":43,"advanceVotesPercent":0.4,"lastname":"Haverinen","occupation":"yrittäjä","advanceVotes":3,"npid":2,"totalVotes":5,"spid":3,"abbr":"PS","municipalCouncilor":false,"muid":290,"alid":2,"firstname":"Vesa","electionDayVotes":2,"pid":"23","finalPosition":0,"electedInformation":"NOT_ELECTED","totalVotesPercent":0.4,"nominatorName":{"fi":"Perussuomalaiset","sv":"Sannfinländarna","en":"The Finns Party"},"caid":11,"position":0,"gender":"1","comparisonData":{"totalVotes":0,"votesTotalChange":5},"edid":12,"comparativeIndex":0.0,"electionDayVotesPercent":0.5,"nominatorAbbr":{"fi":"PS","sv":"Sannf","en":"FINNS"}},{"age":66,"advanceVotesPercent":0.6,"lastname":"Komulainen","occupation":"työmies","advanceVotes":5,"npid":2,"totalVotes":5,"spid":3,"abbr":"PS","municipalCouncilor":false,"muid":290,"alid":2,"firstname":"Kaarlo","electionDayVotes":0,"pid":"23","finalPosition":0,"electedInformation":"NOT_ELECTED","totalVotesPercent":0.4,"nominatorName":{"fi":"Perussuomalaiset","sv":"Sannfinländarna","en":"The Finns Party"},"caid":18,"position":0,"gender":"1","comparisonData":{"totalVotes":0,"votesTotalChange":5},"edid":12,"comparativeIndex":0.0,"electionDayVotesPercent":0.0,"nominatorAbbr":{"fi":"PS","sv":"Sannf","en":"FINNS"}},{"age":60,"advanceVotesPercent":0.2,"lastname":"Romppanen","occupation":"myyjä","advanceVotes":2,"npid":3,"totalVotes":5,"spid":8,"abbr":"KD","municipalCouncilor":false,"muid":290,"alid":3,"firstname":"Kaija","electionDayVotes":3,"pid":"9","finalPosition":0,"electedInformation":"ON_SUBSTITUTE_PLACE","totalVotesPercent":0.4,"nominatorName":{"fi":"Suomen Kristillisdemokraatit (KD)","sv":"Kristdemokraterna i Finland (KD)","en":"Christian Democrats in Finland"},"caid":37,"position":0,"gender":"2","comparisonData":{"totalVotes":0,"votesTotalChange":5},"edid":12,"comparativeIndex":0.0,"electionDayVotesPercent":0.7,"nominatorAbbr":{"fi":"KD","sv":"KD","en":"CD"}},{"age":55,"advanceVotesPercent":0.2,"lastname":"Huotari","occupation":"metsätalousyrittäjä","advanceVotes":2,"npid":5,"totalVotes":5,"spid":1,"abbr":"KESK","municipalCouncilor":false,"muid":290,"alid":5,"firstname":"Timo","electionDayVotes":3,"pid":"2","finalPosition":0,"electedInformation":"ON_SUBSTITUTE_PLACE","totalVotesPercent":0.4,"nominatorName":{"fi":"Suomen Keskusta","sv":"Centern i Finland","en":"Centre Party of Finland"},"caid":47,"position":0,"gender":"1","comparisonData":{"totalVotes":33,"votesTotalChange":-28},"edid":12,"comparativeIndex":0.0,"electionDayVotesPercent":0.7,"nominatorAbbr":{"fi":"KESK","sv":"C","en":"CENT"}},{"age":71,"advanceVotesPercent":0.6,"lastname":"Määttä","occupation":"sosiaalikasvattaja, diakoni","advanceVotes":5,"npid":5,"totalVotes":5,"spid":1,"abbr":"KESK","municipalCouncilor":false,"muid":290,"alid":5,"firstname":"Rauha","electionDayVotes":0,"pid":"2","finalPosition":0,"electedInformation":"ON_SUBSTITUTE_PLACE","totalVotesPercent":0.4,"nominatorName":{"fi":"Suomen Keskusta","sv":"Centern i Finland","en":"Centre Party of Finland"},"caid":60,"position":0,"gender":"2","comparisonData":{"totalVotes":18,"votesTotalChange":-13},"edid":12,"comparativeIndex":0.0,"electionDayVotesPercent":0.0,"nominatorAbbr":{"fi":"KESK","sv":"C","en":"CENT"}},{"age":53,"advanceVotesPercent":0.4,"lastname":"Palsio","occupation":"yrittäjä","advanceVotes":3,"npid":7,"totalVotes":5,"spid":5,"abbr":"VIHR","municipalCouncilor":false,"muid":290,"alid":7,"firstname":"Maija","electionDayVotes":2,"pid":"13","finalPosition":0,"electedInformation":"NOT_ELECTED","totalVotesPercent":0.4,"nominatorName":{"fi":"Vihreä liitto","sv":"Gröna förbundet","en":"Green League"},"caid":85,"position":0,"gender":"2","comparisonData":{"totalVotes":0,"votesTotalChange":5},"edid":12,"comparativeIndex":0.0,"electionDayVotesPercent":0.5,"nominatorAbbr":{"fi":"VIHR","sv":"Gröna","en":"GREEN"}},{"age":68,"advanceVotesPercent":0.4,"lastname":"Sallinen","occupation":"lastentarhanopettaja, eläkeläinen","advanceVotes":3,"npid":7,"totalVotes":5,"spid":5,"abbr":"VIHR","municipalCouncilor":false,"muid":290,"alid":7,"firstname":"Sointu","electionDayVotes":2,"pid":"13","finalPosition":0,"electedInformation":"NOT_ELECTED","totalVotesPercent":0.4,"nominatorName":{"fi":"Vihreä liitto","sv":"Gröna förbundet","en":"Green League"},"caid":86,"position":0,"gender":"2","comparisonData":{"totalVotes":13,"votesTotalChange":-8},"edid":12,"comparativeIndex":0.0,"electionDayVotesPercent":0.5,"nominatorAbbr":{"fi":"VIHR","sv":"Gröna","en":"GREEN"}},{"age":44,"advanceVotesPercent":0.5,"lastname":"Riikonen","occupation":"kirjailija, kevyt yrittäjä","advanceVotes":4,"npid":1,"totalVotes":4,"spid":4,"abbr":"SDP","municipalCouncilor":false,"muid":290,"alid":1,"firstname":"Virpi","electionDayVotes":0,"pid":"1","finalPosition":0,"electedInformation":"ON_SUBSTITUTE_PLACE","totalVotesPercent":0.3,"nominatorName":{"fi":"Suomen Sosialidemokraattinen Puolue","sv":"Finlands Socialdemokratiska Parti","en":"The Finnish Social Democratic Party"},"caid":9,"position":0,"gender":"2","comparisonData":{"totalVotes":0,"votesTotalChange":4},"edid":12,"comparativeIndex":0.0,"electionDayVotesPercent":0.0,"nominatorAbbr":{"fi":"SDP","sv":"SDP","en":"SDP"}},{"age":62,"advanceVotesPercent":0.2,"lastname":"Härkönen","occupation":"lastenohjaaja, yrittäjä","advanceVotes":2,"npid":2,"totalVotes":4,"spid":3,"abbr":"PS","municipalCouncilor":true,"muid":290,"alid":2,"firstname":"Riitta-Maria","electionDayVotes":2,"pid":"23","finalPosition":0,"electedInformation":"NOT_ELECTED","totalVotesPercent":0.3,"nominatorName":{"fi":"Perussuomalaiset","sv":"Sannfinländarna","en":"The Finns Party"},"caid":13,"position":0,"gender":"2","comparisonData":{"totalVotes":40,"votesTotalChange":-36},"edid":12,"comparativeIndex":0.0,"electionDayVotesPercent":0.5,"nominatorAbbr":{"fi":"PS","sv":"Sannf","en":"FINNS"}},{"age":26,"advanceVotesPercent":0.2,"lastname":"Kilponen","occupation":"kirvesmies","advanceVotes":2,"npid":2,"totalVotes":4,"spid":3,"abbr":"PS","municipalCouncilor":false,"muid":290,"alid":2,"firstname":"Vikke","electionDayVotes":2,"pid":"23","finalPosition":0,"electedInformation":"ON_SUBSTITUTE_PLACE","totalVotesPercent":0.3,"nominatorName":{"fi":"Perussuomalaiset","sv":"Sannfinländarna","en":"The Finns Party"},"caid":14,"position":0,"gender":"1","comparisonData":{"totalVotes":18,"votesTotalChange":-14},"edid":12,"comparativeIndex":0.0,"electionDayVotesPercent":0.5,"nominatorAbbr":{"fi":"PS","sv":"Sannf","en":"FINNS"}},{"age":23,"advanceVotesPercent":0.2,"lastname":"Kyllönen","occupation":"sekatyömies","advanceVotes":2,"npid":2,"totalVotes":4,"spid":3,"abbr":"PS","municipalCouncilor":false,"muid":290,"alid":2,"firstname":"Santtu","electionDayVotes":2,"pid":"23","finalPosition":0,"electedInformation":"NOT_ELECTED","totalVotesPercent":0.3,"nominatorName":{"fi":"Perussuomalaiset","sv":"Sannfinländarna","en":"The Finns Party"},"caid":21,"position":0,"gender":"1","comparisonData":{"totalVotes":0,"votesTotalChange":4},"edid":12,"comparativeIndex":0.0,"electionDayVotesPercent":0.5,"nominatorAbbr":{"fi":"PS","sv":"Sannf","en":"FINNS"}},{"age":23,"advanceVotesPercent":0.1,"lastname":"Ruotsalainen","occupation":"media-assistentti","advanceVotes":1,"npid":4,"totalVotes":4,"spid":6,"abbr":"VAS","municipalCouncilor":false,"muid":290,"alid":4,"firstname":"Milla","electionDayVotes":3,"pid":"15","finalPosition":0,"electedInformation":"NOT_ELECTED","totalVotesPercent":0.3,"nominatorName":{"fi":"Vasemmistoliitto","sv":"Vänsterförbundet","en":"The Left Alliance"},"caid":43,"position":0,"gender":"2","comparisonData":{"totalVotes":0,"votesTotalChange":4},"edid":12,"comparativeIndex":0.0,"electionDayVotesPercent":0.7,"nominatorAbbr":{"fi":"VAS","sv":"VF","en":"LEFT"}},{"age":68,"advanceVotesPercent":0.4,"lastname":"Kärnä","occupation":"tuohimestari","advanceVotes":3,"npid":5,"totalVotes":4,"spid":1,"abbr":"KESK","municipalCouncilor":false,"muid":290,"alid":5,"firstname":"Heimo","electionDayVotes":1,"pid":"2","finalPosition":0,"electedInformation":"ON_SUBSTITUTE_PLACE","totalVotesPercent":0.3,"nominatorName":{"fi":"Suomen Keskusta","sv":"Centern i Finland","en":"Centre Party of Finland"},"caid":55,"position":0,"gender":"1","comparisonData":{"totalVotes":14,"votesTotalChange":-10},"edid":12,"comparativeIndex":0.0,"electionDayVotesPercent":0.2,"nominatorAbbr":{"fi":"KESK","sv":"C","en":"CENT"}},{"age":64,"advanceVotesPercent":0.2,"lastname":"Pöllänen","occupation":"insinööri","advanceVotes":2,"npid":5,"totalVotes":4,"spid":1,"abbr":"KESK","municipalCouncilor":false,"muid":290,"alid":5,"firstname":"Eero","electionDayVotes":2,"pid":"2","finalPosition":0,"electedInformation":"ON_SUBSTITUTE_PLACE","totalVotesPercent":0.3,"nominatorName":{"fi":"Suomen Keskusta","sv":"Centern i Finland","en":"Centre Party of Finland"},"caid":68,"position":0,"gender":"1","comparisonData":{"totalVotes":29,"votesTotalChange":-25},"edid":12,"comparativeIndex":0.0,"electionDayVotesPercent":0.5,"nominatorAbbr":{"fi":"KESK","sv":"C","en":"CENT"}},{"age":62,"advanceVotesPercent":0.2,"lastname":"Huttu-Hiltunen","occupation":"musiikin tohtori, kansanmusiikintutkija","advanceVotes":2,"npid":7,"totalVotes":4,"spid":5,"abbr":"VIHR","municipalCouncilor":false,"muid":290,"alid":7,"firstname":"Pekka","electionDayVotes":2,"pid":"13","finalPosition":0,"electedInformation":"NOT_ELECTED","totalVotesPercent":0.3,"nominatorName":{"fi":"Vihreä liitto","sv":"Gröna förbundet","en":"Green League"},"caid":81,"position":0,"gender":"1","comparisonData":{"totalVotes":0,"votesTotalChange":4},"edid":12,"comparativeIndex":0.0,"electionDayVotesPercent":0.5,"nominatorAbbr":{"fi":"VIHR","sv":"Gröna","en":"GREEN"}},{"age":51,"advanceVotesPercent":0.5,"lastname":"Salmensuo-Heikkinen","occupation":"tradenomi, asiakaspalvelija","advanceVotes":4,"npid":7,"totalVotes":4,"spid":5,"abbr":"VIHR","municipalCouncilor":false,"muid":290,"alid":7,"firstname":"Eira","electionDayVotes":0,"pid":"13","finalPosition":0,"electedInformation":"NOT_ELECTED","totalVotesPercent":0.3,"nominatorName":{"fi":"Vihreä liitto","sv":"Gröna förbundet","en":"Green League"},"caid":88,"position":0,"gender":"2","comparisonData":{"totalVotes":9,"votesTotalChange":-5},"edid":12,"comparativeIndex":0.0,"electionDayVotesPercent":0.0,"nominatorAbbr":{"fi":"VIHR","sv":"Gröna","en":"GREEN"}},{"age":56,"advanceVotesPercent":0.4,"lastname":"Määttä","occupation":"keittiöapulainen","advanceVotes":3,"npid":2,"totalVotes":3,"spid":3,"abbr":"PS","municipalCouncilor":false,"muid":290,"alid":2,"firstname":"Kaija","electionDayVotes":0,"pid":"23","finalPosition":0,"electedInformation":"NOT_ELECTED","totalVotesPercent":0.2,"nominatorName":{"fi":"Perussuomalaiset","sv":"Sannfinländarna","en":"The Finns Party"},"caid":26,"position":0,"gender":"2","comparisonData":{"totalVotes":0,"votesTotalChange":3},"edid":12,"comparativeIndex":0.0,"electionDayVotesPercent":0.0,"nominatorAbbr":{"fi":"PS","sv":"Sannf","en":"FINNS"}},{"age":53,"advanceVotesPercent":0.4,"lastname":"Morozova","occupation":"lähihoitaja","advanceVotes":3,"npid":4,"totalVotes":3,"spid":6,"abbr":"VAS","municipalCouncilor":false,"muid":290,"alid":4,"firstname":"Marjatta","electionDayVotes":0,"pid":"15","finalPosition":0,"electedInformation":"NOT_ELECTED","totalVotesPercent":0.2,"nominatorName":{"fi":"Vasemmistoliitto","sv":"Vänsterförbundet","en":"The Left Alliance"},"caid":41,"position":0,"gender":"2","comparisonData":{"totalVotes":0,"votesTotalChange":3},"edid":12,"comparativeIndex":0.0,"electionDayVotesPercent":0.0,"nominatorAbbr":{"fi":"VAS","sv":"VF","en":"LEFT"}},{"age":51,"advanceVotesPercent":0.2,"lastname":"Mäntylä","occupation":"musiikin maisteri, kitaransoiton lehtori","advanceVotes":2,"npid":7,"totalVotes":3,"spid":5,"abbr":"VIHR","municipalCouncilor":false,"muid":290,"alid":7,"firstname":"Mari","electionDayVotes":1,"pid":"13","finalPosition":0,"electedInformation":"NOT_ELECTED","totalVotesPercent":0.2,"nominatorName":{"fi":"Vihreä liitto","sv":"Gröna förbundet","en":"Green League"},"caid":83,"position":0,"gender":"2","comparisonData":{"totalVotes":0,"votesTotalChange":3},"edid":12,"comparativeIndex":0.0,"electionDayVotesPercent":0.2,"nominatorAbbr":{"fi":"VIHR","sv":"Gröna","en":"GREEN"}},{"age":28,"advanceVotesPercent":0.1,"lastname":"Eskola","occupation":"opiskelija, insinööri","advanceVotes":1,"npid":5,"totalVotes":2,"spid":1,"abbr":"KESK","municipalCouncilor":false,"muid":290,"alid":5,"firstname":"Susanna","electionDayVotes":1,"pid":"2","finalPosition":0,"electedInformation":"ON_SUBSTITUTE_PLACE","totalVotesPercent":0.2,"nominatorName":{"fi":"Suomen Keskusta","sv":"Centern i Finland","en":"Centre Party of Finland"},"caid":45,"position":0,"gender":"2","comparisonData":{"totalVotes":0,"votesTotalChange":2},"edid":12,"comparativeIndex":0.0,"electionDayVotesPercent":0.2,"nominatorAbbr":{"fi":"KESK","sv":"C","en":"CENT"}},{"age":72,"advanceVotesPercent":0.1,"lastname":"Kyllönen","occupation":"metsuri, eläkeläinen","advanceVotes":1,"npid":1,"totalVotes":1,"spid":4,"abbr":"SDP","municipalCouncilor":false,"muid":290,"alid":1,"firstname":"Onni","electionDayVotes":0,"pid":"1","finalPosition":0,"electedInformation":"NOT_ELECTED","totalVotesPercent":0.1,"nominatorName":{"fi":"Suomen Sosialidemokraattinen Puolue","sv":"Finlands Socialdemokratiska Parti","en":"The Finnish Social Democratic Party"},"caid":4,"position":0,"gender":"1","comparisonData":{"totalVotes":1,"votesTotalChange":0},"edid":12,"comparativeIndex":0.0,"electionDayVotesPercent":0.0,"nominatorAbbr":{"fi":"SDP","sv":"SDP","en":"SDP"}},{"age":49,"advanceVotesPercent":0.1,"lastname":"Malinen","occupation":"maanviljelijä","advanceVotes":1,"npid":5,"totalVotes":1,"spid":1,"abbr":"KESK","municipalCouncilor":false,"muid":290,"alid":5,"firstname":"Reijo","electionDayVotes":0,"pid":"2","finalPosition":0,"electedInformation":"ON_SUBSTITUTE_PLACE","totalVotesPercent":0.1,"nominatorName":{"fi":"Suomen Keskusta","sv":"Centern i Finland","en":"Centre Party of Finland"},"caid":58,"position":0,"gender":"1","comparisonData":{"totalVotes":13,"votesTotalChange":-12},"edid":12,"comparativeIndex":0.0,"electionDayVotesPercent":0.0,"nominatorAbbr":{"fi":"KESK","sv":"C","en":"CENT"}},{"age":54,"advanceVotesPercent":0.1,"lastname":"Mannersuo","occupation":"luonto-ohjaaja","advanceVotes":1,"npid":6,"totalVotes":1,"spid":2,"abbr":"KOK","municipalCouncilor":false,"muid":290,"alid":6,"firstname":"Erja","electionDayVotes":0,"pid":"4","finalPosition":0,"electedInformation":"NOT_ELECTED","totalVotesPercent":0.1,"nominatorName":{"fi":"Kansallinen Kokoomus","sv":"Samlingspartiet","en":"National Coalition Party"},"caid":74,"position":0,"gender":"2","comparisonData":{"totalVotes":37,"votesTotalChange":-36},"edid":12,"comparativeIndex":0.0,"electionDayVotesPercent":0.0,"nominatorAbbr":{"fi":"KOK","sv":"Saml","en":"NCP"}},{"age":41,"advanceVotesPercent":0.0,"lastname":"Niskanen","occupation":"lihamestari, myyjä","advanceVotes":0,"npid":2,"totalVotes":0,"spid":3,"abbr":"PS","municipalCouncilor":false,"muid":290,"alid":2,"firstname":"Tatiana","electionDayVotes":0,"pid":"23","finalPosition":0,"electedInformation":"NOT_ELECTED","totalVotesPercent":0.0,"nominatorName":{"fi":"Perussuomalaiset","sv":"Sannfinländarna","en":"The Finns Party"},"caid":28,"position":0,"gender":"2","comparisonData":{"totalVotes":0,"votesTotalChange":0},"edid":12,"comparativeIndex":0.0,"electionDayVotesPercent":0.0,"nominatorAbbr":{"fi":"PS","sv":"Sannf","en":"FINNS"}},{"age":53,"advanceVotesPercent":0.0,"lastname":"Pulkkinen","occupation":"elementtisaumaaja","advanceVotes":0,"npid":2,"totalVotes":0,"spid":3,"abbr":"PS","municipalCouncilor":false,"muid":290,"alid":2,"firstname":"Ismo","electionDayVotes":0,"pid":"23","finalPosition":0,"electedInformation":"NOT_ELECTED","totalVotesPercent":0.0,"nominatorName":{"fi":"Perussuomalaiset","sv":"Sannfinländarna","en":"The Finns Party"},"caid":30,"position":0,"gender":"1","comparisonData":{"totalVotes":0,"votesTotalChange":0},"edid":12,"comparativeIndex":0.0,"electionDayVotesPercent":0.0,"nominatorAbbr":{"fi":"PS","sv":"Sannf","en":"FINNS"}},{"age":71,"advanceVotesPercent":0.0,"lastname":"Harinen","occupation":"dir.cant.","advanceVotes":0,"npid":3,"totalVotes":0,"spid":8,"abbr":"KD","municipalCouncilor":false,"muid":290,"alid":3,"firstname":"Tauno","electionDayVotes":0,"pid":"9","finalPosition":0,"electedInformation":"ON_SUBSTITUTE_PLACE","totalVotesPercent":0.0,"nominatorName":{"fi":"Suomen Kristillisdemokraatit (KD)","sv":"Kristdemokraterna i Finland (KD)","en":"Christian Democrats in Finland"},"caid":33,"position":0,"gender":"1","comparisonData":{"totalVotes":40,"votesTotalChange":-40},"edid":12,"comparativeIndex":0.0,"electionDayVotesPercent":0.0,"nominatorAbbr":{"fi":"KD","sv":"KD","en":"CD"}},{"age":47,"advanceVotesPercent":0.0,"lastname":"Navarro-Karppinen","occupation":"kokki, yrittäjä","advanceVotes":0,"npid":3,"totalVotes":0,"spid":8,"abbr":"KD","municipalCouncilor":false,"muid":290,"alid":3,"firstname":"May","electionDayVotes":0,"pid":"9","finalPosition":0,"electedInformation":"NOT_ELECTED","totalVotesPercent":0.0,"nominatorName":{"fi":"Suomen Kristillisdemokraatit (KD)","sv":"Kristdemokraterna i Finland (KD)","en":"Christian Democrats in Finland"},"caid":36,"position":0,"gender":"2","comparisonData":{"totalVotes":0,"votesTotalChange":0},"edid":12,"comparativeIndex":0.0,"electionDayVotesPercent":0.0,"nominatorAbbr":{"fi":"KD","sv":"KD","en":"CD"}},{"age":33,"advanceVotesPercent":0.0,"lastname":"Kuusisto","occupation":"muotoilija, yrittäjä","advanceVotes":0,"npid":7,"totalVotes":0,"spid":5,"abbr":"VIHR","municipalCouncilor":false,"muid":290,"alid":7,"firstname":"Jonna","electionDayVotes":0,"pid":"13","finalPosition":0,"electedInformation":"NOT_ELECTED","totalVotesPercent":0.0,"nominatorName":{"fi":"Vihreä liitto","sv":"Gröna förbundet","en":"Green League"},"caid":82,"position":0,"gender":"2","comparisonData":{"totalVotes":0,"votesTotalChange":0},"edid":12,"comparativeIndex":0.0,"electionDayVotesPercent":0.0,"nominatorAbbr":{"fi":"VIHR","sv":"Gröna","en":"GREEN"}},{"age":70,"advanceVotesPercent":0.0,"lastname":"Sallinen","occupation":"rovasti","advanceVotes":0,"npid":7,"totalVotes":0,"spid":5,"abbr":"VIHR","municipalCouncilor":false,"muid":290,"alid":7,"firstname":"Veli-Matti","electionDayVotes":0,"pid":"13","finalPosition":0,"electedInformation":"NOT_ELECTED","totalVotesPercent":0.0,"nominatorName":{"fi":"Vihreä liitto","sv":"Gröna förbundet","en":"Green League"},"caid":87,"position":0,"gender":"1","comparisonData":{"totalVotes":6,"votesTotalChange":-6},"edid":12,"comparativeIndex":0.0,"electionDayVotesPercent":0.0,"nominatorAbbr":{"fi":"VIHR","sv":"Gröna","en":"GREEN"}},{"age":52,"advanceVotesPercent":0.0,"lastname":"Ylijoki","occupation":"agrologi","advanceVotes":0,"npid":7,"totalVotes":0,"spid":5,"abbr":"VIHR","municipalCouncilor":false,"muid":290,"alid":7,"firstname":"Janne","electionDayVotes":0,"pid":"13","finalPosition":0,"electedInformation":"NOT_ELECTED","totalVotesPercent":0.0,"nominatorName":{"fi":"Vihreä liitto","sv":"Gröna förbundet","en":"Green League"},"caid":91,"position":0,"gender":"1","comparisonData":{"totalVotes":0,"votesTotalChange":0},"edid":12,"comparativeIndex":0.0,"electionDayVotesPercent":0.0,"nominatorAbbr":{"fi":"VIHR","sv":"Gröna","en":"GREEN"}}],"municipalityPollingDistricts":[{"name":{"fi":"Hietaperä","sv":"Hietaperä"},"calculationStatusPercent":100.0,"joinedArea":true,"muid":290,"totalVotingInFinlandTurnout":56.3,"identification":"001","pdid":"001","eligibleVotersInFinlandTotal":368,"edid":12,"mergedToPdid":""},{"name":{"fi":"Iivantiira","sv":"Iivantiira"},"calculationStatusPercent":100.0,"joinedArea":true,"muid":290,"totalVotingInFinlandTurnout":59.8,"identification":"002","pdid":"002","eligibleVotersInFinlandTotal":234,"edid":12,"mergedToPdid":""},{"name":{"fi":"Lentiira","sv":"Lentiira"},"calculationStatusPercent":100.0,"joinedArea":true,"muid":290,"totalVotingInFinlandTurnout":60.1,"identification":"003","pdid":"003","eligibleVotersInFinlandTotal":268,"edid":12,"mergedToPdid":""},{"name":{"fi":"Saarikoski","sv":"Saarikoski"},"calculationStatusPercent":100.0,"joinedArea":false,"muid":290,"totalVotingInFinlandTurnout":56.1,"identification":"004","pdid":"004","eligibleVotersInFinlandTotal":1748,"edid":12,"mergedToPdid":""},{"name":{"fi":"Korpisalmi I","sv":"Korpisalmi I"},"calculationStatusPercent":100.0,"joinedArea":false,"muid":290,"totalVotingInFinlandTurnout":56.3,"identification":"005","pdid":"005","eligibleVotersInFinlandTotal":2515,"edid":12,"mergedToPdid":""},{"name":{"fi":"Korpisalmi II","sv":"Korpisalmi II"},"calculationStatusPercent":100.0,"joinedArea":false,"muid":290,"totalVotingInFinlandTurnout":54.7,"identification":"006","pdid":"006","eligibleVotersInFinlandTotal":2228,"edid":12,"mergedToPdid":""}],"municipality":{"muid":290,"edid":12,"name":{"fi":"Kuhmo","sv":"Kuhmo"}}}