{"version":60,"created":"2017-04-09T21:47:53.764Z","electionDetails":{"electionId":"kv2017","electionDate":"2017-04-09T00:00:00.000Z","electionDataPublishTime":"2017-04-09T17:00:00.000Z","name":{"fi":"Kuntavaalit 2017","sv":"Kommunalval 2017","en":"Elections 2017"},"previousElections":{"correspondingCompareElection":{"electionId":"kv2012","electionDate":"2012-10-28T00:00:00.000Z","name":{"fi":"Kuntavaalit 2012","en":"Municipal elections 2012","sv":"Kommunalval 2012"}},"otherCompareElection":{"electionId":"ev2015","electionDate":"2015-04-19T00:00:00.000Z","name":{"fi":"Eduskuntavaalit 2015","en":"Parliamentary election 2015","sv":"Riksdagsval 2015"}}}},"calculationStatus":{"electionDayVotingTurnout":30.3,"invalidAdvanceVotes":0,"calculationPhase":"INITIAL","invalidElectionDayVotes":0,"approvedAdvanceVotes":77,"advanceVotingTurnout":36.5,"totalVotingTurnoutAbroad":0.0,"name":{"fi":"Konttajärvi","sv":"Konttajärvi"},"calculationStatusPercent":100.0,"advanceVotes":77,"electionDayVotingTurnoutAbroad":0.0,"approvedTotalVotes":141,"totalVotes":141,"muid":854,"totalVotingInFinlandTurnout":66.8,"advanceVotingTurnoutAbroad":0.0,"invalidTotalVotes":0,"totalVotingTurnout":66.8,"electionDayVotes":64,"electionDayVotesInFinland":64,"pdid":"003","totalVotesInFinlandMen":0,"eligibleVotersInFinlandTotal":211,"calculationStatusPercentElectionDayVotes":100.0,"sourceRecordModificationTime":"20170409205638","otherCompareElection":{"eid":"","eligibleVotersInFinlandTotal":0,"advanceVotingInFinlandTurnout":0.0,"electionDayVotingInFinlandTurnout":0.0,"totalVotingInFinlandTurnout":0.0,"approvedVotesTotal":0,"invalidVotesTotal":0},"correspondingCompareElection":{"eid":"","eligibleVotersInFinlandTotal":0,"advanceVotingInFinlandTurnout":0.0,"electionDayVotingInFinlandTurnout":0.0,"totalVotingInFinlandTurnout":0.0,"approvedVotesTotal":0,"invalidVotesTotal":0,"seats":0},"approvedElectionDayVotes":64,"edid":13,"calculationStatusPercentAdvanceVotes":100.0,"electionDayVotingInFinlandTurnout":30.3,"seats":0,"eligibleVotersTotal":211,"advanceVotesInFinland":77,"advanceVotingInFinlandTurnout":36.5,"totalVotesInFinland":141},"partyResults":[{"advanceVotesPercent":53.2,"name":{"fi":"Suomen Keskusta","sv":"Centern i Finland","en":"Centre Party of Finland"},"advanceVotes":41,"npid":5,"totalVotes":89,"spid":1,"abbr":{"fi":"KESK","sv":"C","en":"CENT"},"alid":4,"electionDayVotes":48,"pid":"2","totalVotesPercent":63.1,"nominatorName":{"fi":"Suomen Keskusta","sv":"Centern i Finland","en":"Centre Party of Finland"},"compareData":{"otherCompareElection":{"votesTotalChange":0,"votesTotalPercentChange":0.0,"votesTotal":89,"votesTotalPercent":63.1},"correspondingCompareElection":{"votesTotalChange":0,"votesTotalPercentChange":0.0,"seatChange":0,"votesTotal":89,"votesTotalPercent":63.1,"seatsTotal":0}},"seats":0,"electionDayVotesPercent":75.0,"nominatorAbbr":{"fi":"KESK","sv":"C","en":"CENT"}},{"advanceVotesPercent":29.9,"name":{"fi":"Vasemmistoliitto","sv":"Vänsterförbundet","en":"The Left Alliance"},"advanceVotes":23,"npid":2,"totalVotes":32,"spid":6,"abbr":{"fi":"VAS","sv":"VF","en":"LEFT"},"alid":1,"electionDayVotes":9,"pid":"15","totalVotesPercent":22.7,"nominatorName":{"fi":"Vasemmistoliitto","sv":"Vänsterförbundet","en":"The Left Alliance"},"compareData":{"otherCompareElection":{"votesTotalChange":0,"votesTotalPercentChange":0.0,"votesTotal":32,"votesTotalPercent":22.7},"correspondingCompareElection":{"votesTotalChange":0,"votesTotalPercentChange":0.0,"seatChange":0,"votesTotal":32,"votesTotalPercent":22.7,"seatsTotal":0}},"seats":0,"electionDayVotesPercent":14.1,"nominatorAbbr":{"fi":"VAS","sv":"VF","en":"LEFT"}},{"advanceVotesPercent":3.9,"name":{"fi":"Perussuomalaiset","sv":"Sannfinländarna","en":"The Finns Party"},"advanceVotes":3,"npid":3,"totalVotes":9,"spid":3,"abbr":{"fi":"PS","sv":"Sannf","en":"FINNS"},"alid":2,"electionDayVotes":6,"pid":"23","totalVotesPercent":6.4,"nominatorName":{"fi":"Perussuomalaiset","sv":"Sannfinländarna","en":"The Finns Party"},"compareData":{"otherCompareElection":{"votesTotalChange":0,"votesTotalPercentChange":0.0,"votesTotal":9,"votesTotalPercent":6.4},"correspondingCompareElection":{"votesTotalChange":0,"votesTotalPercentChange":0.0,"seatChange":0,"votesTotal":9,"votesTotalPercent":6.4,"seatsTotal":0}},"seats":0,"electionDayVotesPercent":9.4,"nominatorAbbr":{"fi":"PS","sv":"Sannf","en":"FINNS"}},{"advanceVotesPercent":9.1,"name":{"fi":"Suomen Sosialidemokraattinen Puolue","sv":"Finlands Socialdemokratiska Parti","en":"The Finnish Social Democratic Party"},"advanceVotes":7,"npid":1,"totalVotes":8,"spid":4,"abbr":{"fi":"SDP","sv":"SDP","en":"SDP"},"alid":1,"electionDayVotes":1,"pid":"1","totalVotesPercent":5.7,"nominatorName":{"fi":"Suomen Sosialidemokraattinen Puolue","sv":"Finlands Socialdemokratiska Parti","en":"The Finnish Social Democratic Party"},"compareData":{"otherCompareElection":{"votesTotalChange":0,"votesTotalPercentChange":0.0,"votesTotal":8,"votesTotalPercent":5.7},"correspondingCompareElection":{"votesTotalChange":0,"votesTotalPercentChange":0.0,"seatChange":0,"votesTotal":8,"votesTotalPercent":5.7,"seatsTotal":0}},"seats":0,"electionDayVotesPercent":1.6,"nominatorAbbr":{"fi":"SDP","sv":"SDP","en":"SDP"}},{"advanceVotesPercent":2.6,"name":{"fi":"Vihreä liitto","sv":"Gröna förbundet","en":"Green League"},"advanceVotes":2,"npid":4,"totalVotes":2,"spid":5,"abbr":{"fi":"VIHR","sv":"Gröna","en":"GREEN"},"alid":3,"electionDayVotes":0,"pid":"13","totalVotesPercent":1.4,"nominatorName":{"fi":"Vihreä liitto","sv":"Gröna förbundet","en":"Green League"},"compareData":{"otherCompareElection":{"votesTotalChange":0,"votesTotalPercentChange":0.0,"votesTotal":2,"votesTotalPercent":1.4},"correspondingCompareElection":{"votesTotalChange":0,"votesTotalPercentChange":0.0,"seatChange":0,"votesTotal":2,"votesTotalPercent":1.4,"seatsTotal":0}},"seats":0,"electionDayVotesPercent":0.0,"nominatorAbbr":{"fi":"VIHR","sv":"Gröna","en":"GREEN"}},{"advanceVotesPercent":1.3,"name":{"fi":"Kansallinen Kokoomus","sv":"Samlingspartiet","en":"National Coalition Party"},"advanceVotes":1,"npid":6,"totalVotes":1,"spid":2,"abbr":{"fi":"KOK","sv":"Saml","en":"NCP"},"alid":4,"electionDayVotes":0,"pid":"4","totalVotesPercent":0.7,"nominatorName":{"fi":"Kansallinen Kokoomus","sv":"Samlingspartiet","en":"National Coalition Party"},"compareData":{"otherCompareElection":{"votesTotalChange":0,"votesTotalPercentChange":0.0,"votesTotal":1,"votesTotalPercent":0.7},"correspondingCompareElection":{"votesTotalChange":0,"votesTotalPercentChange":0.0,"seatChange":0,"votesTotal":1,"votesTotalPercent":0.7,"seatsTotal":0}},"seats":0,"electionDayVotesPercent":0.0,"nominatorAbbr":{"fi":"KOK","sv":"Saml","en":"NCP"}},{"advanceVotesPercent":0.0,"name":{"fi":"Muut ryhmät","sv":"Övriga grupper","en":"Other groups"},"advanceVotes":0,"npid":7,"totalVotes":0,"spid":99,"abbr":{"fi":"Muut","sv":"Övriga","en":"Others"},"alid":5,"electionDayVotes":0,"pid":"8547","totalVotesPercent":0.0,"nominatorName":{"fi":"Tuomo Waara","sv":"Tuomo Waara","en":"Tuomo Waara"},"compareData":{"otherCompareElection":{"votesTotalChange":0,"votesTotalPercentChange":0.0,"votesTotal":0,"votesTotalPercent":0.0},"correspondingCompareElection":{"votesTotalChange":0,"votesTotalPercentChange":0.0,"seatChange":0,"votesTotal":0,"votesTotalPercent":0.0,"seatsTotal":0}},"seats":0,"electionDayVotesPercent":0.0,"nominatorAbbr":{"fi":"E41","sv":"E41","en":"E41"}}],"candidateResults":[{"age":57,"advanceVotesPercent":29.9,"lastname":"Konttaniemi","occupation":"seurakuntamestari","advanceVotes":23,"npid":5,"totalVotes":52,"spid":1,"abbr":"KESK","municipalCouncilor":true,"muid":854,"alid":4,"firstname":"Jari","electionDayVotes":29,"pid":"2","finalPosition":0,"electedInformation":"ELECTED","totalVotesPercent":36.9,"nominatorName":{"fi":"Suomen Keskusta","sv":"Centern i Finland","en":"Centre Party of Finland"},"caid":25,"position":0,"gender":"1","comparisonData":{"totalVotes":64,"votesTotalChange":-12},"edid":13,"comparativeIndex":0.0,"electionDayVotesPercent":45.3,"nominatorAbbr":{"fi":"KESK","sv":"C","en":"CENT"}},{"age":58,"advanceVotesPercent":14.3,"lastname":"Keränen","occupation":"maanviljelijä","advanceVotes":11,"npid":2,"totalVotes":15,"spid":6,"abbr":"VAS","municipalCouncilor":true,"muid":854,"alid":1,"firstname":"Simo Petteri","electionDayVotes":4,"pid":"15","finalPosition":0,"electedInformation":"ELECTED","totalVotesPercent":10.6,"nominatorName":{"fi":"Vasemmistoliitto","sv":"Vänsterförbundet","en":"The Left Alliance"},"caid":8,"position":0,"gender":"1","comparisonData":{"totalVotes":111,"votesTotalChange":-96},"edid":13,"comparativeIndex":0.0,"electionDayVotesPercent":6.3,"nominatorAbbr":{"fi":"VAS","sv":"VF","en":"LEFT"}},{"age":48,"advanceVotesPercent":7.8,"lastname":"Kovalainen","occupation":"poromies, matkailuyrittäjä","advanceVotes":6,"npid":5,"totalVotes":8,"spid":1,"abbr":"KESK","municipalCouncilor":true,"muid":854,"alid":4,"firstname":"Anne-Mari","electionDayVotes":2,"pid":"2","finalPosition":0,"electedInformation":"ELECTED","totalVotesPercent":5.7,"nominatorName":{"fi":"Suomen Keskusta","sv":"Centern i Finland","en":"Centre Party of Finland"},"caid":28,"position":0,"gender":"2","comparisonData":{"totalVotes":65,"votesTotalChange":-57},"edid":13,"comparativeIndex":0.0,"electionDayVotesPercent":3.1,"nominatorAbbr":{"fi":"KESK","sv":"C","en":"CENT"}},{"age":65,"advanceVotesPercent":3.9,"lastname":"Senbom","occupation":"eläkeläinen","advanceVotes":3,"npid":5,"totalVotes":7,"spid":1,"abbr":"KESK","municipalCouncilor":false,"muid":854,"alid":4,"firstname":"Leila","electionDayVotes":4,"pid":"2","finalPosition":0,"electedInformation":"NOT_ELECTED","totalVotesPercent":5.0,"nominatorName":{"fi":"Suomen Keskusta","sv":"Centern i Finland","en":"Centre Party of Finland"},"caid":36,"position":0,"gender":"2","comparisonData":{"totalVotes":18,"votesTotalChange":-11},"edid":13,"comparativeIndex":0.0,"electionDayVotesPercent":6.3,"nominatorAbbr":{"fi":"KESK","sv":"C","en":"CENT"}},{"age":67,"advanceVotesPercent":2.6,"lastname":"Hytönen","occupation":"metsäkoneenkuljettaja","advanceVotes":2,"npid":5,"totalVotes":6,"spid":1,"abbr":"KESK","municipalCouncilor":false,"muid":854,"alid":4,"firstname":"Otto","electionDayVotes":4,"pid":"2","finalPosition":0,"electedInformation":"NOT_ELECTED","totalVotesPercent":4.3,"nominatorName":{"fi":"Suomen Keskusta","sv":"Centern i Finland","en":"Centre Party of Finland"},"caid":23,"position":0,"gender":"1","comparisonData":{"totalVotes":0,"votesTotalChange":6},"edid":13,"comparativeIndex":0.0,"electionDayVotesPercent":6.3,"nominatorAbbr":{"fi":"KESK","sv":"C","en":"CENT"}},{"age":34,"advanceVotesPercent":5.2,"lastname":"Kilpeläinen-Tuoma","occupation":"luokanopettaja, kasvatustieteen maisteri","advanceVotes":4,"npid":2,"totalVotes":4,"spid":6,"abbr":"VAS","municipalCouncilor":true,"muid":854,"alid":1,"firstname":"Piia","electionDayVotes":0,"pid":"15","finalPosition":0,"electedInformation":"ELECTED","totalVotesPercent":2.8,"nominatorName":{"fi":"Vasemmistoliitto","sv":"Vänsterförbundet","en":"The Left Alliance"},"caid":9,"position":0,"gender":"2","comparisonData":{"totalVotes":72,"votesTotalChange":-68},"edid":13,"comparativeIndex":0.0,"electionDayVotesPercent":0.0,"nominatorAbbr":{"fi":"VAS","sv":"VF","en":"LEFT"}},{"age":54,"advanceVotesPercent":2.6,"lastname":"Tirroniemi","occupation":"betonityömies","advanceVotes":2,"npid":2,"totalVotes":4,"spid":6,"abbr":"VAS","municipalCouncilor":false,"muid":854,"alid":1,"firstname":"Esa","electionDayVotes":2,"pid":"15","finalPosition":0,"electedInformation":"ON_SUBSTITUTE_PLACE","totalVotesPercent":2.8,"nominatorName":{"fi":"Vasemmistoliitto","sv":"Vänsterförbundet","en":"The Left Alliance"},"caid":14,"position":0,"gender":"1","comparisonData":{"totalVotes":27,"votesTotalChange":-23},"edid":13,"comparativeIndex":0.0,"electionDayVotesPercent":3.1,"nominatorAbbr":{"fi":"VAS","sv":"VF","en":"LEFT"}},{"age":46,"advanceVotesPercent":1.3,"lastname":"Huusko","occupation":"kokki","advanceVotes":1,"npid":5,"totalVotes":4,"spid":1,"abbr":"KESK","municipalCouncilor":false,"muid":854,"alid":4,"firstname":"Marja-Kristiina","electionDayVotes":3,"pid":"2","finalPosition":0,"electedInformation":"ON_SUBSTITUTE_PLACE","totalVotesPercent":2.8,"nominatorName":{"fi":"Suomen Keskusta","sv":"Centern i Finland","en":"Centre Party of Finland"},"caid":22,"position":0,"gender":"2","comparisonData":{"totalVotes":41,"votesTotalChange":-37},"edid":13,"comparativeIndex":0.0,"electionDayVotesPercent":4.7,"nominatorAbbr":{"fi":"KESK","sv":"C","en":"CENT"}},{"age":60,"advanceVotesPercent":3.9,"lastname":"Oksman","occupation":"suunnittelija, toimistosihteeri","advanceVotes":3,"npid":1,"totalVotes":3,"spid":4,"abbr":"SDP","municipalCouncilor":true,"muid":854,"alid":1,"firstname":"Maija Johanna","electionDayVotes":0,"pid":"1","finalPosition":0,"electedInformation":"ELECTED","totalVotesPercent":2.1,"nominatorName":{"fi":"Suomen Sosialidemokraattinen Puolue","sv":"Finlands Socialdemokratiska Parti","en":"The Finnish Social Democratic Party"},"caid":4,"position":0,"gender":"2","comparisonData":{"totalVotes":65,"votesTotalChange":-62},"edid":13,"comparativeIndex":0.0,"electionDayVotesPercent":0.0,"nominatorAbbr":{"fi":"SDP","sv":"SDP","en":"SDP"}},{"age":42,"advanceVotesPercent":0.0,"lastname":"Matinlompolo","occupation":"lähihoitaja","advanceVotes":0,"npid":2,"totalVotes":3,"spid":6,"abbr":"VAS","municipalCouncilor":false,"muid":854,"alid":1,"firstname":"Tanja","electionDayVotes":3,"pid":"15","finalPosition":0,"electedInformation":"ELECTED","totalVotesPercent":2.1,"nominatorName":{"fi":"Vasemmistoliitto","sv":"Vänsterförbundet","en":"The Left Alliance"},"caid":10,"position":0,"gender":"2","comparisonData":{"totalVotes":0,"votesTotalChange":3},"edid":13,"comparativeIndex":0.0,"electionDayVotesPercent":4.7,"nominatorAbbr":{"fi":"VAS","sv":"VF","en":"LEFT"}},{"age":67,"advanceVotesPercent":3.9,"lastname":"Mäntynenä","occupation":"maanviljelijä, eläkeläinen","advanceVotes":3,"npid":2,"totalVotes":3,"spid":6,"abbr":"VAS","municipalCouncilor":false,"muid":854,"alid":1,"firstname":"Mauri","electionDayVotes":0,"pid":"15","finalPosition":0,"electedInformation":"NOT_ELECTED","totalVotesPercent":2.1,"nominatorName":{"fi":"Vasemmistoliitto","sv":"Vänsterförbundet","en":"The Left Alliance"},"caid":11,"position":0,"gender":"1","comparisonData":{"totalVotes":13,"votesTotalChange":-10},"edid":13,"comparativeIndex":0.0,"electionDayVotesPercent":0.0,"nominatorAbbr":{"fi":"VAS","sv":"VF","en":"LEFT"}},{"age":35,"advanceVotesPercent":3.9,"lastname":"Paakki","occupation":"lähihoitaja","advanceVotes":3,"npid":2,"totalVotes":3,"spid":6,"abbr":"VAS","municipalCouncilor":false,"muid":854,"alid":1,"firstname":"Teppo","electionDayVotes":0,"pid":"15","finalPosition":0,"electedInformation":"NOT_ELECTED","totalVotesPercent":2.1,"nominatorName":{"fi":"Vasemmistoliitto","sv":"Vänsterförbundet","en":"The Left Alliance"},"caid":12,"position":0,"gender":"1","comparisonData":{"totalVotes":0,"votesTotalChange":3},"edid":13,"comparativeIndex":0.0,"electionDayVotesPercent":0.0,"nominatorAbbr":{"fi":"VAS","sv":"VF","en":"LEFT"}},{"age":34,"advanceVotesPercent":1.3,"lastname":"Romakkaniemi","occupation":"maatalouslomittaja, maanviljelijä","advanceVotes":1,"npid":3,"totalVotes":3,"spid":3,"abbr":"PS","municipalCouncilor":false,"muid":854,"alid":2,"firstname":"Hanna-Mari","electionDayVotes":2,"pid":"23","finalPosition":0,"electedInformation":"NOT_ELECTED","totalVotesPercent":2.1,"nominatorName":{"fi":"Perussuomalaiset","sv":"Sannfinländarna","en":"The Finns Party"},"caid":17,"position":0,"gender":"2","comparisonData":{"totalVotes":0,"votesTotalChange":3},"edid":13,"comparativeIndex":0.0,"electionDayVotesPercent":3.1,"nominatorAbbr":{"fi":"PS","sv":"Sannf","en":"FINNS"}},{"age":59,"advanceVotesPercent":1.3,"lastname":"Södervall","occupation":"liikenneopettaja, freelancer","advanceVotes":1,"npid":3,"totalVotes":3,"spid":3,"abbr":"PS","municipalCouncilor":false,"muid":854,"alid":2,"firstname":"Ari","electionDayVotes":2,"pid":"23","finalPosition":0,"electedInformation":"ON_SUBSTITUTE_PLACE","totalVotesPercent":2.1,"nominatorName":{"fi":"Perussuomalaiset","sv":"Sannfinländarna","en":"The Finns Party"},"caid":20,"position":0,"gender":"1","comparisonData":{"totalVotes":33,"votesTotalChange":-30},"edid":13,"comparativeIndex":0.0,"electionDayVotesPercent":3.1,"nominatorAbbr":{"fi":"PS","sv":"Sannf","en":"FINNS"}},{"age":61,"advanceVotesPercent":2.6,"lastname":"Mäkituomas","occupation":"varatuomari","advanceVotes":2,"npid":5,"totalVotes":3,"spid":1,"abbr":"KESK","municipalCouncilor":true,"muid":854,"alid":4,"firstname":"Antti","electionDayVotes":1,"pid":"2","finalPosition":0,"electedInformation":"ELECTED","totalVotesPercent":2.1,"nominatorName":{"fi":"Suomen Keskusta","sv":"Centern i Finland","en":"Centre Party of Finland"},"caid":34,"position":0,"gender":"1","comparisonData":{"totalVotes":182,"votesTotalChange":-179},"edid":13,"comparativeIndex":0.0,"electionDayVotesPercent":1.6,"nominatorAbbr":{"fi":"KESK","sv":"C","en":"CENT"}},{"age":62,"advanceVotesPercent":2.6,"lastname":"Pakisjärvi","occupation":"myyntisuunnittelija","advanceVotes":2,"npid":1,"totalVotes":2,"spid":4,"abbr":"SDP","municipalCouncilor":false,"muid":854,"alid":1,"firstname":"Maija-Liisa","electionDayVotes":0,"pid":"1","finalPosition":0,"electedInformation":"ON_SUBSTITUTE_PLACE","totalVotesPercent":1.4,"nominatorName":{"fi":"Suomen Sosialidemokraattinen Puolue","sv":"Finlands Socialdemokratiska Parti","en":"The Finnish Social Democratic Party"},"caid":5,"position":0,"gender":"2","comparisonData":{"totalVotes":19,"votesTotalChange":-17},"edid":13,"comparativeIndex":0.0,"electionDayVotesPercent":0.0,"nominatorAbbr":{"fi":"SDP","sv":"SDP","en":"SDP"}},{"age":69,"advanceVotesPercent":1.3,"lastname":"Rundgren","occupation":"kiinteistönhoitaja","advanceVotes":1,"npid":1,"totalVotes":2,"spid":4,"abbr":"SDP","municipalCouncilor":false,"muid":854,"alid":1,"firstname":"Lasse","electionDayVotes":1,"pid":"1","finalPosition":0,"electedInformation":"ON_SUBSTITUTE_PLACE","totalVotesPercent":1.4,"nominatorName":{"fi":"Suomen Sosialidemokraattinen Puolue","sv":"Finlands Socialdemokratiska Parti","en":"The Finnish Social Democratic Party"},"caid":6,"position":0,"gender":"1","comparisonData":{"totalVotes":33,"votesTotalChange":-31},"edid":13,"comparativeIndex":0.0,"electionDayVotesPercent":1.6,"nominatorAbbr":{"fi":"SDP","sv":"SDP","en":"SDP"}},{"age":63,"advanceVotesPercent":0.0,"lastname":"Lakkala","occupation":"autonkuljettaja, eläkeläinen","advanceVotes":0,"npid":3,"totalVotes":2,"spid":3,"abbr":"PS","municipalCouncilor":true,"muid":854,"alid":2,"firstname":"Pentti","electionDayVotes":2,"pid":"23","finalPosition":0,"electedInformation":"ELECTED","totalVotesPercent":1.4,"nominatorName":{"fi":"Perussuomalaiset","sv":"Sannfinländarna","en":"The Finns Party"},"caid":16,"position":0,"gender":"1","comparisonData":{"totalVotes":52,"votesTotalChange":-50},"edid":13,"comparativeIndex":0.0,"electionDayVotesPercent":3.1,"nominatorAbbr":{"fi":"PS","sv":"Sannf","en":"FINNS"}},{"age":62,"advanceVotesPercent":2.6,"lastname":"Orajärvi","occupation":"prosessitekniikan ja käynnissäpidon lehtori, yrittäjyyden tradenomi","advanceVotes":2,"npid":4,"totalVotes":2,"spid":5,"abbr":"VIHR","municipalCouncilor":false,"muid":854,"alid":3,"firstname":"Pauli","electionDayVotes":0,"pid":"13","finalPosition":0,"electedInformation":"NOT_ELECTED","totalVotesPercent":1.4,"nominatorName":{"fi":"Vihreä liitto","sv":"Gröna förbundet","en":"Green League"},"caid":21,"position":0,"gender":"1","comparisonData":{"totalVotes":0,"votesTotalChange":2},"edid":13,"comparativeIndex":0.0,"electionDayVotesPercent":0.0,"nominatorAbbr":{"fi":"VIHR","sv":"Gröna","en":"GREEN"}},{"age":55,"advanceVotesPercent":2.6,"lastname":"Koskela","occupation":"paloinsinööri, paloesimies","advanceVotes":2,"npid":5,"totalVotes":2,"spid":1,"abbr":"KESK","municipalCouncilor":true,"muid":854,"alid":4,"firstname":"Ilkka","electionDayVotes":0,"pid":"2","finalPosition":0,"electedInformation":"ELECTED","totalVotesPercent":1.4,"nominatorName":{"fi":"Suomen Keskusta","sv":"Centern i Finland","en":"Centre Party of Finland"},"caid":26,"position":0,"gender":"1","comparisonData":{"totalVotes":46,"votesTotalChange":-44},"edid":13,"comparativeIndex":0.0,"electionDayVotesPercent":0.0,"nominatorAbbr":{"fi":"KESK","sv":"C","en":"CENT"}},{"age":38,"advanceVotesPercent":1.3,"lastname":"Koskenniemi","occupation":"maatilan emäntä","advanceVotes":1,"npid":5,"totalVotes":2,"spid":1,"abbr":"KESK","municipalCouncilor":true,"muid":854,"alid":4,"firstname":"Paulina","electionDayVotes":1,"pid":"2","finalPosition":0,"electedInformation":"ON_SUBSTITUTE_PLACE","totalVotesPercent":1.4,"nominatorName":{"fi":"Suomen Keskusta","sv":"Centern i Finland","en":"Centre Party of Finland"},"caid":27,"position":0,"gender":"2","comparisonData":{"totalVotes":62,"votesTotalChange":-60},"edid":13,"comparativeIndex":0.0,"electionDayVotesPercent":1.6,"nominatorAbbr":{"fi":"KESK","sv":"C","en":"CENT"}},{"age":37,"advanceVotesPercent":1.3,"lastname":"Kulju","occupation":"yrittäjä","advanceVotes":1,"npid":5,"totalVotes":2,"spid":1,"abbr":"KESK","municipalCouncilor":false,"muid":854,"alid":4,"firstname":"Arto","electionDayVotes":1,"pid":"2","finalPosition":0,"electedInformation":"ON_SUBSTITUTE_PLACE","totalVotesPercent":1.4,"nominatorName":{"fi":"Suomen Keskusta","sv":"Centern i Finland","en":"Centre Party of Finland"},"caid":29,"position":0,"gender":"1","comparisonData":{"totalVotes":0,"votesTotalChange":2},"edid":13,"comparativeIndex":0.0,"electionDayVotesPercent":1.6,"nominatorAbbr":{"fi":"KESK","sv":"C","en":"CENT"}},{"age":34,"advanceVotesPercent":1.3,"lastname":"Niva","occupation":"yrittäjä, metsäkoneenkuljettaja","advanceVotes":1,"npid":1,"totalVotes":1,"spid":4,"abbr":"SDP","municipalCouncilor":false,"muid":854,"alid":1,"firstname":"Janne","electionDayVotes":0,"pid":"1","finalPosition":0,"electedInformation":"ON_SUBSTITUTE_PLACE","totalVotesPercent":0.7,"nominatorName":{"fi":"Suomen Sosialidemokraattinen Puolue","sv":"Finlands Socialdemokratiska Parti","en":"The Finnish Social Democratic Party"},"caid":3,"position":0,"gender":"1","comparisonData":{"totalVotes":17,"votesTotalChange":-16},"edid":13,"comparativeIndex":0.0,"electionDayVotesPercent":0.0,"nominatorAbbr":{"fi":"SDP","sv":"SDP","en":"SDP"}},{"age":50,"advanceVotesPercent":1.3,"lastname":"Suomalainen","occupation":"yrittäjä","advanceVotes":1,"npid":3,"totalVotes":1,"spid":3,"abbr":"PS","municipalCouncilor":false,"muid":854,"alid":2,"firstname":"Marko","electionDayVotes":0,"pid":"23","finalPosition":0,"electedInformation":"ON_SUBSTITUTE_PLACE","totalVotesPercent":0.7,"nominatorName":{"fi":"Perussuomalaiset","sv":"Sannfinländarna","en":"The Finns Party"},"caid":19,"position":0,"gender":"1","comparisonData":{"totalVotes":42,"votesTotalChange":-41},"edid":13,"comparativeIndex":0.0,"electionDayVotesPercent":0.0,"nominatorAbbr":{"fi":"PS","sv":"Sannf","en":"FINNS"}},{"age":44,"advanceVotesPercent":0.0,"lastname":"Konttajärvi","occupation":"lähihoitaja","advanceVotes":0,"npid":5,"totalVotes":1,"spid":1,"abbr":"KESK","municipalCouncilor":false,"muid":854,"alid":4,"firstname":"Sari","electionDayVotes":1,"pid":"2","finalPosition":0,"electedInformation":"NOT_ELECTED","totalVotesPercent":0.7,"nominatorName":{"fi":"Suomen Keskusta","sv":"Centern i Finland","en":"Centre Party of Finland"},"caid":24,"position":0,"gender":"2","comparisonData":{"totalVotes":0,"votesTotalChange":1},"edid":13,"comparativeIndex":0.0,"electionDayVotesPercent":1.6,"nominatorAbbr":{"fi":"KESK","sv":"C","en":"CENT"}},{"age":61,"advanceVotesPercent":0.0,"lastname":"Laitamaa","occupation":"lastentarhanopettaja","advanceVotes":0,"npid":5,"totalVotes":1,"spid":1,"abbr":"KESK","municipalCouncilor":false,"muid":854,"alid":4,"firstname":"Kaisu","electionDayVotes":1,"pid":"2","finalPosition":0,"electedInformation":"ELECTED","totalVotesPercent":0.7,"nominatorName":{"fi":"Suomen Keskusta","sv":"Centern i Finland","en":"Centre Party of Finland"},"caid":30,"position":0,"gender":"2","comparisonData":{"totalVotes":0,"votesTotalChange":1},"edid":13,"comparativeIndex":0.0,"electionDayVotesPercent":1.6,"nominatorAbbr":{"fi":"KESK","sv":"C","en":"CENT"}},{"age":20,"advanceVotesPercent":0.0,"lastname":"Lindgren","occupation":"opiskelija","advanceVotes":0,"npid":5,"totalVotes":1,"spid":1,"abbr":"KESK","municipalCouncilor":false,"muid":854,"alid":4,"firstname":"Leif","electionDayVotes":1,"pid":"2","finalPosition":0,"electedInformation":"NOT_ELECTED","totalVotesPercent":0.7,"nominatorName":{"fi":"Suomen Keskusta","sv":"Centern i Finland","en":"Centre Party of Finland"},"caid":32,"position":0,"gender":"1","comparisonData":{"totalVotes":0,"votesTotalChange":1},"edid":13,"comparativeIndex":0.0,"electionDayVotesPercent":1.6,"nominatorAbbr":{"fi":"KESK","sv":"C","en":"CENT"}},{"age":68,"advanceVotesPercent":1.3,"lastname":"Muukkonen","occupation":"eläkeläinen","advanceVotes":1,"npid":6,"totalVotes":1,"spid":2,"abbr":"KOK","municipalCouncilor":true,"muid":854,"alid":4,"firstname":"Erkki","electionDayVotes":0,"pid":"4","finalPosition":0,"electedInformation":"ELECTED","totalVotesPercent":0.7,"nominatorName":{"fi":"Kansallinen Kokoomus","sv":"Samlingspartiet","en":"National Coalition Party"},"caid":40,"position":0,"gender":"1","comparisonData":{"totalVotes":107,"votesTotalChange":-106},"edid":13,"comparativeIndex":0.0,"electionDayVotesPercent":0.0,"nominatorAbbr":{"fi":"KOK","sv":"Saml","en":"NCP"}},{"age":71,"advanceVotesPercent":0.0,"lastname":"Kataja","occupation":"iv-asentaja","advanceVotes":0,"npid":1,"totalVotes":0,"spid":4,"abbr":"SDP","municipalCouncilor":false,"muid":854,"alid":1,"firstname":"Kauko","electionDayVotes":0,"pid":"1","finalPosition":0,"electedInformation":"ON_SUBSTITUTE_PLACE","totalVotesPercent":0.0,"nominatorName":{"fi":"Suomen Sosialidemokraattinen Puolue","sv":"Finlands Socialdemokratiska Parti","en":"The Finnish Social Democratic Party"},"caid":2,"position":0,"gender":"1","comparisonData":{"totalVotes":0,"votesTotalChange":0},"edid":13,"comparativeIndex":0.0,"electionDayVotesPercent":0.0,"nominatorAbbr":{"fi":"SDP","sv":"SDP","en":"SDP"}},{"age":65,"advanceVotesPercent":0.0,"lastname":"Juuso","occupation":"lähihoitaja","advanceVotes":0,"npid":2,"totalVotes":0,"spid":6,"abbr":"VAS","municipalCouncilor":true,"muid":854,"alid":1,"firstname":"Johannes","electionDayVotes":0,"pid":"15","finalPosition":0,"electedInformation":"ELECTED","totalVotesPercent":0.0,"nominatorName":{"fi":"Vasemmistoliitto","sv":"Vänsterförbundet","en":"The Left Alliance"},"caid":7,"position":0,"gender":"1","comparisonData":{"totalVotes":50,"votesTotalChange":-50},"edid":13,"comparativeIndex":0.0,"electionDayVotesPercent":0.0,"nominatorAbbr":{"fi":"VAS","sv":"VF","en":"LEFT"}},{"age":69,"advanceVotesPercent":0.0,"lastname":"Piittinen","occupation":"prosessinhoitaja, eläkeläinen","advanceVotes":0,"npid":2,"totalVotes":0,"spid":6,"abbr":"VAS","municipalCouncilor":false,"muid":854,"alid":1,"firstname":"Tuure","electionDayVotes":0,"pid":"15","finalPosition":0,"electedInformation":"NOT_ELECTED","totalVotesPercent":0.0,"nominatorName":{"fi":"Vasemmistoliitto","sv":"Vänsterförbundet","en":"The Left Alliance"},"caid":13,"position":0,"gender":"1","comparisonData":{"totalVotes":0,"votesTotalChange":0},"edid":13,"comparativeIndex":0.0,"electionDayVotesPercent":0.0,"nominatorAbbr":{"fi":"VAS","sv":"VF","en":"LEFT"}},{"age":62,"advanceVotesPercent":0.0,"lastname":"Uusi-Seppälä","occupation":"maatalouslomittaja","advanceVotes":0,"npid":2,"totalVotes":0,"spid":6,"abbr":"VAS","municipalCouncilor":false,"muid":854,"alid":1,"firstname":"Oili","electionDayVotes":0,"pid":"15","finalPosition":0,"electedInformation":"NOT_ELECTED","totalVotesPercent":0.0,"nominatorName":{"fi":"Vasemmistoliitto","sv":"Vänsterförbundet","en":"The Left Alliance"},"caid":15,"position":0,"gender":"2","comparisonData":{"totalVotes":21,"votesTotalChange":-21},"edid":13,"comparativeIndex":0.0,"electionDayVotesPercent":0.0,"nominatorAbbr":{"fi":"VAS","sv":"VF","en":"LEFT"}},{"age":62,"advanceVotesPercent":0.0,"lastname":"Satta","occupation":"yrittäjä","advanceVotes":0,"npid":3,"totalVotes":0,"spid":3,"abbr":"PS","municipalCouncilor":false,"muid":854,"alid":2,"firstname":"Jouni","electionDayVotes":0,"pid":"23","finalPosition":0,"electedInformation":"NOT_ELECTED","totalVotesPercent":0.0,"nominatorName":{"fi":"Perussuomalaiset","sv":"Sannfinländarna","en":"The Finns Party"},"caid":18,"position":0,"gender":"1","comparisonData":{"totalVotes":0,"votesTotalChange":0},"edid":13,"comparativeIndex":0.0,"electionDayVotesPercent":0.0,"nominatorAbbr":{"fi":"PS","sv":"Sannf","en":"FINNS"}},{"age":54,"advanceVotesPercent":0.0,"lastname":"Lakkapää","occupation":"kaivostyömies","advanceVotes":0,"npid":5,"totalVotes":0,"spid":1,"abbr":"KESK","municipalCouncilor":false,"muid":854,"alid":4,"firstname":"Sakari","electionDayVotes":0,"pid":"2","finalPosition":0,"electedInformation":"ON_SUBSTITUTE_PLACE","totalVotesPercent":0.0,"nominatorName":{"fi":"Suomen Keskusta","sv":"Centern i Finland","en":"Centre Party of Finland"},"caid":31,"position":0,"gender":"1","comparisonData":{"totalVotes":0,"votesTotalChange":0},"edid":13,"comparativeIndex":0.0,"electionDayVotesPercent":0.0,"nominatorAbbr":{"fi":"KESK","sv":"C","en":"CENT"}},{"age":66,"advanceVotesPercent":0.0,"lastname":"Moberg","occupation":"kiinteistönhoitaja, eläkeläinen","advanceVotes":0,"npid":5,"totalVotes":0,"spid":1,"abbr":"KESK","municipalCouncilor":false,"muid":854,"alid":4,"firstname":"Kai","electionDayVotes":0,"pid":"2","finalPosition":0,"electedInformation":"ON_SUBSTITUTE_PLACE","totalVotesPercent":0.0,"nominatorName":{"fi":"Suomen Keskusta","sv":"Centern i Finland","en":"Centre Party of Finland"},"caid":33,"position":0,"gender":"1","comparisonData":{"totalVotes":0,"votesTotalChange":0},"edid":13,"comparativeIndex":0.0,"electionDayVotesPercent":0.0,"nominatorAbbr":{"fi":"KESK","sv":"C","en":"CENT"}},{"age":49,"advanceVotesPercent":0.0,"lastname":"Rantamäki","occupation":"metallityöntekijä","advanceVotes":0,"npid":5,"totalVotes":0,"spid":1,"abbr":"KESK","municipalCouncilor":false,"muid":854,"alid":4,"firstname":"Kari","electionDayVotes":0,"pid":"2","finalPosition":0,"electedInformation":"NOT_ELECTED","totalVotesPercent":0.0,"nominatorName":{"fi":"Suomen Keskusta","sv":"Centern i Finland","en":"Centre Party of Finland"},"caid":35,"position":0,"gender":"1","comparisonData":{"totalVotes":9,"votesTotalChange":-9},"edid":13,"comparativeIndex":0.0,"electionDayVotesPercent":0.0,"nominatorAbbr":{"fi":"KESK","sv":"C","en":"CENT"}},{"age":45,"advanceVotesPercent":0.0,"lastname":"Syväniemi","occupation":"metsätalousteknikko","advanceVotes":0,"npid":5,"totalVotes":0,"spid":1,"abbr":"KESK","municipalCouncilor":false,"muid":854,"alid":4,"firstname":"Teemu","electionDayVotes":0,"pid":"2","finalPosition":0,"electedInformation":"ON_SUBSTITUTE_PLACE","totalVotesPercent":0.0,"nominatorName":{"fi":"Suomen Keskusta","sv":"Centern i Finland","en":"Centre Party of Finland"},"caid":37,"position":0,"gender":"1","comparisonData":{"totalVotes":0,"votesTotalChange":0},"edid":13,"comparativeIndex":0.0,"electionDayVotesPercent":0.0,"nominatorAbbr":{"fi":"KESK","sv":"C","en":"CENT"}},{"age":50,"advanceVotesPercent":0.0,"lastname":"Vanha","occupation":"yrittäjä, säveltäjä","advanceVotes":0,"npid":5,"totalVotes":0,"spid":1,"abbr":"KESK","municipalCouncilor":true,"muid":854,"alid":4,"firstname":"Jari","electionDayVotes":0,"pid":"2","finalPosition":0,"electedInformation":"ELECTED","totalVotesPercent":0.0,"nominatorName":{"fi":"Suomen Keskusta","sv":"Centern i Finland","en":"Centre Party of Finland"},"caid":38,"position":0,"gender":"1","comparisonData":{"totalVotes":86,"votesTotalChange":-86},"edid":13,"comparativeIndex":0.0,"electionDayVotesPercent":0.0,"nominatorAbbr":{"fi":"KESK","sv":"C","en":"CENT"}},{"age":22,"advanceVotesPercent":0.0,"lastname":"Matti","occupation":"opiskelija","advanceVotes":0,"npid":6,"totalVotes":0,"spid":2,"abbr":"KOK","municipalCouncilor":false,"muid":854,"alid":4,"firstname":"Aapomikko","electionDayVotes":0,"pid":"4","finalPosition":0,"electedInformation":"ON_SUBSTITUTE_PLACE","totalVotesPercent":0.0,"nominatorName":{"fi":"Kansallinen Kokoomus","sv":"Samlingspartiet","en":"National Coalition Party"},"caid":39,"position":0,"gender":"1","comparisonData":{"totalVotes":0,"votesTotalChange":0},"edid":13,"comparativeIndex":0.0,"electionDayVotesPercent":0.0,"nominatorAbbr":{"fi":"KOK","sv":"Saml","en":"NCP"}},{"age":67,"advanceVotesPercent":0.0,"lastname":"Waara","occupation":"kaivosmies, eläkeläinen","advanceVotes":0,"npid":7,"totalVotes":0,"spid":99,"abbr":"Muut","municipalCouncilor":true,"muid":854,"alid":5,"firstname":"Tuomo","electionDayVotes":0,"pid":"8547","finalPosition":0,"electedInformation":"NOT_ELECTED","totalVotesPercent":0.0,"nominatorName":{"fi":"Tuomo Waara","sv":"Tuomo Waara","en":"Tuomo Waara"},"caid":41,"position":0,"gender":"1","comparisonData":{"totalVotes":86,"votesTotalChange":-86},"edid":13,"comparativeIndex":0.0,"electionDayVotesPercent":0.0,"nominatorAbbr":{"fi":"E41","sv":"E41","en":"E41"}}],"municipalityPollingDistricts":[{"name":{"fi":"Isoranta","sv":"Isoranta"},"calculationStatusPercent":100.0,"joinedArea":false,"muid":854,"totalVotingInFinlandTurnout":62.2,"identification":"001","pdid":"001","eligibleVotersInFinlandTotal":1042,"edid":13,"mergedToPdid":""},{"name":{"fi":"Lankojärvi","sv":"Lankojärvi"},"calculationStatusPercent":100.0,"joinedArea":false,"muid":854,"totalVotingInFinlandTurnout":78.6,"identification":"002","pdid":"002","eligibleVotersInFinlandTotal":336,"edid":13,"mergedToPdid":""},{"name":{"fi":"Konttajärvi","sv":"Konttajärvi"},"calculationStatusPercent":100.0,"joinedArea":false,"muid":854,"totalVotingInFinlandTurnout":66.8,"identification":"003","pdid":"003","eligibleVotersInFinlandTotal":211,"edid":13,"mergedToPdid":""},{"name":{"fi":"Turtola","sv":"Turtola"},"calculationStatusPercent":100.0,"joinedArea":false,"muid":854,"totalVotingInFinlandTurnout":62.2,"identification":"004","pdid":"004","eligibleVotersInFinlandTotal":431,"edid":13,"mergedToPdid":""},{"name":{"fi":"Yliranta","sv":"Yliranta"},"calculationStatusPercent":100.0,"joinedArea":false,"muid":854,"totalVotingInFinlandTurnout":69.5,"identification":"005","pdid":"005","eligibleVotersInFinlandTotal":1100,"edid":13,"mergedToPdid":""}],"municipality":{"muid":854,"edid":13,"name":{"fi":"Pello","sv":"Pello"}}}