{"version":70,"created":"2017-04-09T22:37:27.195Z","electionDetails":{"electionId":"kv2017","electionDate":"2017-04-09T00:00:00.000Z","electionDataPublishTime":"2017-04-09T17:00:00.000Z","name":{"fi":"Kuntavaalit 2017","sv":"Kommunalval 2017","en":"Elections 2017"},"previousElections":{"correspondingCompareElection":{"electionId":"kv2012","electionDate":"2012-10-28T00:00:00.000Z","name":{"fi":"Kuntavaalit 2012","en":"Municipal elections 2012","sv":"Kommunalval 2012"}},"otherCompareElection":{"electionId":"ev2015","electionDate":"2015-04-19T00:00:00.000Z","name":{"fi":"Eduskuntavaalit 2015","en":"Parliamentary election 2015","sv":"Riksdagsval 2015"}}}},"calculationStatus":{"electionDayVotingTurnout":46.8,"invalidAdvanceVotes":0,"calculationPhase":"INITIAL","invalidElectionDayVotes":0,"approvedAdvanceVotes":105,"advanceVotingTurnout":28.8,"totalVotingTurnoutAbroad":0.0,"name":{"fi":"Pohjois-Tammela","sv":"Pohjois-Tammela"},"calculationStatusPercent":100.0,"advanceVotes":105,"electionDayVotingTurnoutAbroad":0.0,"approvedTotalVotes":276,"totalVotes":276,"muid":834,"totalVotingInFinlandTurnout":75.6,"advanceVotingTurnoutAbroad":0.0,"invalidTotalVotes":0,"totalVotingTurnout":75.6,"electionDayVotes":171,"electionDayVotesInFinland":171,"pdid":"002","totalVotesInFinlandMen":0,"eligibleVotersInFinlandTotal":365,"calculationStatusPercentElectionDayVotes":100.0,"sourceRecordModificationTime":"20170409205110","otherCompareElection":{"eid":"","eligibleVotersInFinlandTotal":0,"advanceVotingInFinlandTurnout":0.0,"electionDayVotingInFinlandTurnout":0.0,"totalVotingInFinlandTurnout":0.0,"approvedVotesTotal":0,"invalidVotesTotal":0},"correspondingCompareElection":{"eid":"","eligibleVotersInFinlandTotal":0,"advanceVotingInFinlandTurnout":0.0,"electionDayVotingInFinlandTurnout":0.0,"totalVotingInFinlandTurnout":0.0,"approvedVotesTotal":0,"invalidVotesTotal":0,"seats":0},"approvedElectionDayVotes":171,"edid":6,"calculationStatusPercentAdvanceVotes":100.0,"electionDayVotingInFinlandTurnout":46.8,"seats":0,"eligibleVotersTotal":365,"advanceVotesInFinland":105,"advanceVotingInFinlandTurnout":28.8,"totalVotesInFinland":276},"partyResults":[{"advanceVotesPercent":54.3,"name":{"fi":"Suomen Keskusta","sv":"Centern i Finland","en":"Centre Party of Finland"},"advanceVotes":57,"npid":1,"totalVotes":176,"spid":1,"abbr":{"fi":"KESK","sv":"C","en":"CENT"},"alid":1,"electionDayVotes":119,"pid":"2","totalVotesPercent":63.8,"nominatorName":{"fi":"Suomen Keskusta","sv":"Centern i Finland","en":"Centre Party of Finland"},"compareData":{"otherCompareElection":{"votesTotalChange":0,"votesTotalPercentChange":0.0,"votesTotal":176,"votesTotalPercent":63.8},"correspondingCompareElection":{"votesTotalChange":0,"votesTotalPercentChange":0.0,"seatChange":0,"votesTotal":176,"votesTotalPercent":63.8,"seatsTotal":0}},"seats":0,"electionDayVotesPercent":69.6,"nominatorAbbr":{"fi":"KESK","sv":"C","en":"CENT"}},{"advanceVotesPercent":15.2,"name":{"fi":"Suomen Sosialidemokraattinen Puolue","sv":"Finlands Socialdemokratiska Parti","en":"The Finnish Social Democratic Party"},"advanceVotes":16,"npid":7,"totalVotes":27,"spid":4,"abbr":{"fi":"SDP","sv":"SDP","en":"SDP"},"alid":7,"electionDayVotes":11,"pid":"1","totalVotesPercent":9.8,"nominatorName":{"fi":"Suomen Sosialidemokraattinen Puolue","sv":"Finlands Socialdemokratiska Parti","en":"The Finnish Social Democratic Party"},"compareData":{"otherCompareElection":{"votesTotalChange":0,"votesTotalPercentChange":0.0,"votesTotal":27,"votesTotalPercent":9.8},"correspondingCompareElection":{"votesTotalChange":0,"votesTotalPercentChange":0.0,"seatChange":0,"votesTotal":27,"votesTotalPercent":9.8,"seatsTotal":0}},"seats":0,"electionDayVotesPercent":6.4,"nominatorAbbr":{"fi":"SDP","sv":"SDP","en":"SDP"}},{"advanceVotesPercent":5.7,"name":{"fi":"Muut ryhmät","sv":"Övriga grupper","en":"Other groups"},"advanceVotes":6,"npid":9,"totalVotes":26,"spid":99,"abbr":{"fi":"Muut","sv":"Övriga","en":"Others"},"alid":9,"electionDayVotes":20,"pid":"8349","totalVotesPercent":9.4,"nominatorName":{"fi":"Meidän Tammela yhteislista","sv":"Meidän Tammela yhteislista","en":"Meidän Tammela yhteislista"},"compareData":{"otherCompareElection":{"votesTotalChange":0,"votesTotalPercentChange":0.0,"votesTotal":26,"votesTotalPercent":9.4},"correspondingCompareElection":{"votesTotalChange":0,"votesTotalPercentChange":0.0,"seatChange":0,"votesTotal":26,"votesTotalPercent":9.4,"seatsTotal":0}},"seats":0,"electionDayVotesPercent":11.7,"nominatorAbbr":{"fi":"Me Ta","sv":"Me Ta","en":"Me Ta"}},{"advanceVotesPercent":11.4,"name":{"fi":"Kansallinen Kokoomus","sv":"Samlingspartiet","en":"National Coalition Party"},"advanceVotes":12,"npid":4,"totalVotes":22,"spid":2,"abbr":{"fi":"KOK","sv":"Saml","en":"NCP"},"alid":4,"electionDayVotes":10,"pid":"4","totalVotesPercent":8.0,"nominatorName":{"fi":"Kansallinen Kokoomus","sv":"Samlingspartiet","en":"National Coalition Party"},"compareData":{"otherCompareElection":{"votesTotalChange":0,"votesTotalPercentChange":0.0,"votesTotal":22,"votesTotalPercent":8.0},"correspondingCompareElection":{"votesTotalChange":0,"votesTotalPercentChange":0.0,"seatChange":0,"votesTotal":22,"votesTotalPercent":8.0,"seatsTotal":0}},"seats":0,"electionDayVotesPercent":5.8,"nominatorAbbr":{"fi":"KOK","sv":"Saml","en":"NCP"}},{"advanceVotesPercent":6.7,"name":{"fi":"Vasemmistoliitto","sv":"Vänsterförbundet","en":"The Left Alliance"},"advanceVotes":7,"npid":6,"totalVotes":13,"spid":6,"abbr":{"fi":"VAS","sv":"VF","en":"LEFT"},"alid":6,"electionDayVotes":6,"pid":"15","totalVotesPercent":4.7,"nominatorName":{"fi":"Vasemmistoliitto","sv":"Vänsterförbundet","en":"The Left Alliance"},"compareData":{"otherCompareElection":{"votesTotalChange":0,"votesTotalPercentChange":0.0,"votesTotal":13,"votesTotalPercent":4.7},"correspondingCompareElection":{"votesTotalChange":0,"votesTotalPercentChange":0.0,"seatChange":0,"votesTotal":13,"votesTotalPercent":4.7,"seatsTotal":0}},"seats":0,"electionDayVotesPercent":3.5,"nominatorAbbr":{"fi":"VAS","sv":"VF","en":"LEFT"}},{"advanceVotesPercent":3.8,"name":{"fi":"Perussuomalaiset","sv":"Sannfinländarna","en":"The Finns Party"},"advanceVotes":4,"npid":5,"totalVotes":6,"spid":3,"abbr":{"fi":"PS","sv":"Sannf","en":"FINNS"},"alid":5,"electionDayVotes":2,"pid":"23","totalVotesPercent":2.2,"nominatorName":{"fi":"Perussuomalaiset","sv":"Sannfinländarna","en":"The Finns Party"},"compareData":{"otherCompareElection":{"votesTotalChange":0,"votesTotalPercentChange":0.0,"votesTotal":6,"votesTotalPercent":2.2},"correspondingCompareElection":{"votesTotalChange":0,"votesTotalPercentChange":0.0,"seatChange":0,"votesTotal":6,"votesTotalPercent":2.2,"seatsTotal":0}},"seats":0,"electionDayVotesPercent":1.2,"nominatorAbbr":{"fi":"PS","sv":"Sannf","en":"FINNS"}},{"advanceVotesPercent":1.9,"name":{"fi":"Suomen Kristillisdemokraatit (KD)","sv":"Kristdemokraterna i Finland (KD)","en":"Christian Democrats in Finland"},"advanceVotes":2,"npid":3,"totalVotes":5,"spid":8,"abbr":{"fi":"KD","sv":"KD","en":"CD"},"alid":3,"electionDayVotes":3,"pid":"9","totalVotesPercent":1.8,"nominatorName":{"fi":"Suomen Kristillisdemokraatit (KD)","sv":"Kristdemokraterna i Finland (KD)","en":"Christian Democrats in Finland"},"compareData":{"otherCompareElection":{"votesTotalChange":0,"votesTotalPercentChange":0.0,"votesTotal":5,"votesTotalPercent":1.8},"correspondingCompareElection":{"votesTotalChange":0,"votesTotalPercentChange":0.0,"seatChange":0,"votesTotal":5,"votesTotalPercent":1.8,"seatsTotal":0}},"seats":0,"electionDayVotesPercent":1.8,"nominatorAbbr":{"fi":"KD","sv":"KD","en":"CD"}},{"advanceVotesPercent":1.0,"name":{"fi":"Vihreä liitto","sv":"Gröna förbundet","en":"Green League"},"advanceVotes":1,"npid":2,"totalVotes":1,"spid":5,"abbr":{"fi":"VIHR","sv":"Gröna","en":"GREEN"},"alid":2,"electionDayVotes":0,"pid":"13","totalVotesPercent":0.4,"nominatorName":{"fi":"Vihreä liitto","sv":"Gröna förbundet","en":"Green League"},"compareData":{"otherCompareElection":{"votesTotalChange":0,"votesTotalPercentChange":0.0,"votesTotal":1,"votesTotalPercent":0.4},"correspondingCompareElection":{"votesTotalChange":0,"votesTotalPercentChange":0.0,"seatChange":0,"votesTotal":1,"votesTotalPercent":0.4,"seatsTotal":0}},"seats":0,"electionDayVotesPercent":0.0,"nominatorAbbr":{"fi":"VIHR","sv":"Gröna","en":"GREEN"}},{"advanceVotesPercent":0.0,"name":{"fi":"Piraattipuolue","sv":"Piratpartiet","en":"Pirate Party of Finland"},"advanceVotes":0,"npid":8,"totalVotes":0,"spid":12,"abbr":{"fi":"PIR","sv":"Pir","en":"PIR"},"alid":8,"electionDayVotes":0,"pid":"30","totalVotesPercent":0.0,"nominatorName":{"fi":"Piraattipuolue","sv":"Piratpartiet","en":"Pirate Party of Finland"},"compareData":{"otherCompareElection":{"votesTotalChange":0,"votesTotalPercentChange":0.0,"votesTotal":0,"votesTotalPercent":0.0},"correspondingCompareElection":{"votesTotalChange":0,"votesTotalPercentChange":0.0,"seatChange":0,"votesTotal":0,"votesTotalPercent":0.0,"seatsTotal":0}},"seats":0,"electionDayVotesPercent":0.0,"nominatorAbbr":{"fi":"PIR","sv":"Pir","en":"PIR"}}],"candidateResults":[{"age":53,"advanceVotesPercent":25.7,"lastname":"Ylitalo","occupation":"metsätalousyrittäjä, tietokoneasentaja","advanceVotes":27,"npid":1,"totalVotes":53,"spid":1,"abbr":"KESK","municipalCouncilor":false,"muid":834,"alid":1,"firstname":"Anne","electionDayVotes":26,"pid":"2","finalPosition":0,"electedInformation":"ELECTED","totalVotesPercent":19.2,"nominatorName":{"fi":"Suomen Keskusta","sv":"Centern i Finland","en":"Centre Party of Finland"},"caid":22,"position":0,"gender":"2","comparisonData":{"totalVotes":0,"votesTotalChange":53},"edid":6,"comparativeIndex":0.0,"electionDayVotesPercent":15.2,"nominatorAbbr":{"fi":"KESK","sv":"C","en":"CENT"}},{"age":27,"advanceVotesPercent":9.5,"lastname":"Rahkonen","occupation":"finance specialist","advanceVotes":10,"npid":1,"totalVotes":41,"spid":1,"abbr":"KESK","municipalCouncilor":true,"muid":834,"alid":1,"firstname":"Maija-Stiina","electionDayVotes":31,"pid":"2","finalPosition":0,"electedInformation":"ELECTED","totalVotesPercent":14.9,"nominatorName":{"fi":"Suomen Keskusta","sv":"Centern i Finland","en":"Centre Party of Finland"},"caid":12,"position":0,"gender":"2","comparisonData":{"totalVotes":132,"votesTotalChange":-91},"edid":6,"comparativeIndex":0.0,"electionDayVotesPercent":18.1,"nominatorAbbr":{"fi":"KESK","sv":"C","en":"CENT"}},{"age":67,"advanceVotesPercent":4.8,"lastname":"Tuovinen","occupation":"MMT, eläkeläinen","advanceVotes":5,"npid":1,"totalVotes":35,"spid":1,"abbr":"KESK","municipalCouncilor":false,"muid":834,"alid":1,"firstname":"Tuomo","electionDayVotes":30,"pid":"2","finalPosition":0,"electedInformation":"ELECTED","totalVotesPercent":12.7,"nominatorName":{"fi":"Suomen Keskusta","sv":"Centern i Finland","en":"Centre Party of Finland"},"caid":18,"position":0,"gender":"1","comparisonData":{"totalVotes":0,"votesTotalChange":35},"edid":6,"comparativeIndex":0.0,"electionDayVotesPercent":17.5,"nominatorAbbr":{"fi":"KESK","sv":"C","en":"CENT"}},{"age":49,"advanceVotesPercent":5.7,"lastname":"Pietilä","occupation":"rakennusmestari, AmO","advanceVotes":6,"npid":1,"totalVotes":34,"spid":1,"abbr":"KESK","municipalCouncilor":false,"muid":834,"alid":1,"firstname":"Mikko","electionDayVotes":28,"pid":"2","finalPosition":0,"electedInformation":"ELECTED","totalVotesPercent":12.3,"nominatorName":{"fi":"Suomen Keskusta","sv":"Centern i Finland","en":"Centre Party of Finland"},"caid":9,"position":0,"gender":"1","comparisonData":{"totalVotes":0,"votesTotalChange":34},"edid":6,"comparativeIndex":0.0,"electionDayVotesPercent":16.4,"nominatorAbbr":{"fi":"KESK","sv":"C","en":"CENT"}},{"age":35,"advanceVotesPercent":2.9,"lastname":"Tuovinen","occupation":"yrittäjä, koti-isä","advanceVotes":3,"npid":9,"totalVotes":19,"spid":99,"abbr":"Muut","municipalCouncilor":false,"muid":834,"alid":9,"firstname":"Ilkka","electionDayVotes":16,"pid":"8349","finalPosition":0,"electedInformation":"ELECTED","totalVotesPercent":6.9,"nominatorName":{"fi":"Meidän Tammela yhteislista","sv":"Meidän Tammela yhteislista","en":"Meidän Tammela yhteislista"},"caid":80,"position":0,"gender":"1","comparisonData":{"totalVotes":0,"votesTotalChange":19},"edid":6,"comparativeIndex":0.0,"electionDayVotesPercent":9.4,"nominatorAbbr":{"fi":"Me Ta","sv":"Me Ta","en":"Me Ta"}},{"age":20,"advanceVotesPercent":2.9,"lastname":"Lukkala","occupation":"sähköasentaja, opiskelija","advanceVotes":3,"npid":4,"totalVotes":7,"spid":2,"abbr":"KOK","municipalCouncilor":false,"muid":834,"alid":4,"firstname":"Joni","electionDayVotes":4,"pid":"4","finalPosition":0,"electedInformation":"NOT_ELECTED","totalVotesPercent":2.5,"nominatorName":{"fi":"Kansallinen Kokoomus","sv":"Samlingspartiet","en":"National Coalition Party"},"caid":38,"position":0,"gender":"1","comparisonData":{"totalVotes":0,"votesTotalChange":7},"edid":6,"comparativeIndex":0.0,"electionDayVotesPercent":2.3,"nominatorAbbr":{"fi":"KOK","sv":"Saml","en":"NCP"}},{"age":40,"advanceVotesPercent":1.9,"lastname":"Vähä-Herttua","occupation":"asianajosihteeri, tradenomi","advanceVotes":2,"npid":6,"totalVotes":7,"spid":6,"abbr":"VAS","municipalCouncilor":true,"muid":834,"alid":6,"firstname":"Susanna","electionDayVotes":5,"pid":"15","finalPosition":0,"electedInformation":"ELECTED","totalVotesPercent":2.5,"nominatorName":{"fi":"Vasemmistoliitto","sv":"Vänsterförbundet","en":"The Left Alliance"},"caid":56,"position":0,"gender":"2","comparisonData":{"totalVotes":66,"votesTotalChange":-59},"edid":6,"comparativeIndex":0.0,"electionDayVotesPercent":2.9,"nominatorAbbr":{"fi":"VAS","sv":"VF","en":"LEFT"}},{"age":60,"advanceVotesPercent":3.8,"lastname":"Alasentie","occupation":"yrittäjä","advanceVotes":4,"npid":4,"totalVotes":6,"spid":2,"abbr":"KOK","municipalCouncilor":true,"muid":834,"alid":4,"firstname":"Antti","electionDayVotes":2,"pid":"4","finalPosition":0,"electedInformation":"ELECTED","totalVotesPercent":2.2,"nominatorName":{"fi":"Kansallinen Kokoomus","sv":"Samlingspartiet","en":"National Coalition Party"},"caid":32,"position":0,"gender":"1","comparisonData":{"totalVotes":72,"votesTotalChange":-66},"edid":6,"comparativeIndex":0.0,"electionDayVotesPercent":1.2,"nominatorAbbr":{"fi":"KOK","sv":"Saml","en":"NCP"}},{"age":42,"advanceVotesPercent":1.9,"lastname":"Saaristo","occupation":"tuntiopettaja, yrittäjä","advanceVotes":2,"npid":7,"totalVotes":6,"spid":4,"abbr":"SDP","municipalCouncilor":false,"muid":834,"alid":7,"firstname":"Outi","electionDayVotes":4,"pid":"1","finalPosition":0,"electedInformation":"ON_SUBSTITUTE_PLACE","totalVotesPercent":2.2,"nominatorName":{"fi":"Suomen Sosialidemokraattinen Puolue","sv":"Finlands Socialdemokratiska Parti","en":"The Finnish Social Democratic Party"},"caid":69,"position":0,"gender":"2","comparisonData":{"totalVotes":35,"votesTotalChange":-29},"edid":6,"comparativeIndex":0.0,"electionDayVotesPercent":2.3,"nominatorAbbr":{"fi":"SDP","sv":"SDP","en":"SDP"}},{"age":73,"advanceVotesPercent":3.8,"lastname":"Kallio","occupation":"eläkeläinen","advanceVotes":4,"npid":6,"totalVotes":5,"spid":6,"abbr":"VAS","municipalCouncilor":false,"muid":834,"alid":6,"firstname":"Onni","electionDayVotes":1,"pid":"15","finalPosition":0,"electedInformation":"ON_SUBSTITUTE_PLACE","totalVotesPercent":1.8,"nominatorName":{"fi":"Vasemmistoliitto","sv":"Vänsterförbundet","en":"The Left Alliance"},"caid":58,"position":0,"gender":"1","comparisonData":{"totalVotes":48,"votesTotalChange":-43},"edid":6,"comparativeIndex":0.0,"electionDayVotesPercent":0.6,"nominatorAbbr":{"fi":"VAS","sv":"VF","en":"LEFT"}},{"age":67,"advanceVotesPercent":4.8,"lastname":"Vainio","occupation":"työnjohtaja, eläkkeellä","advanceVotes":5,"npid":7,"totalVotes":5,"spid":4,"abbr":"SDP","municipalCouncilor":true,"muid":834,"alid":7,"firstname":"Heikki","electionDayVotes":0,"pid":"1","finalPosition":0,"electedInformation":"ELECTED","totalVotesPercent":1.8,"nominatorName":{"fi":"Suomen Sosialidemokraattinen Puolue","sv":"Finlands Socialdemokratiska Parti","en":"The Finnish Social Democratic Party"},"caid":73,"position":0,"gender":"1","comparisonData":{"totalVotes":73,"votesTotalChange":-68},"edid":6,"comparativeIndex":0.0,"electionDayVotesPercent":0.0,"nominatorAbbr":{"fi":"SDP","sv":"SDP","en":"SDP"}},{"age":52,"advanceVotesPercent":1.9,"lastname":"Ojansuu","occupation":"puutarhuri","advanceVotes":2,"npid":7,"totalVotes":4,"spid":4,"abbr":"SDP","municipalCouncilor":true,"muid":834,"alid":7,"firstname":"Ismo","electionDayVotes":2,"pid":"1","finalPosition":0,"electedInformation":"ELECTED","totalVotesPercent":1.4,"nominatorName":{"fi":"Suomen Sosialidemokraattinen Puolue","sv":"Finlands Socialdemokratiska Parti","en":"The Finnish Social Democratic Party"},"caid":66,"position":0,"gender":"1","comparisonData":{"totalVotes":102,"votesTotalChange":-98},"edid":6,"comparativeIndex":0.0,"electionDayVotesPercent":1.2,"nominatorAbbr":{"fi":"SDP","sv":"SDP","en":"SDP"}},{"age":52,"advanceVotesPercent":2.9,"lastname":"Laine","occupation":"yrittäjä","advanceVotes":3,"npid":1,"totalVotes":3,"spid":1,"abbr":"KESK","municipalCouncilor":false,"muid":834,"alid":1,"firstname":"Mika","electionDayVotes":0,"pid":"2","finalPosition":0,"electedInformation":"ON_SUBSTITUTE_PLACE","totalVotesPercent":1.1,"nominatorName":{"fi":"Suomen Keskusta","sv":"Centern i Finland","en":"Centre Party of Finland"},"caid":5,"position":0,"gender":"1","comparisonData":{"totalVotes":31,"votesTotalChange":-28},"edid":6,"comparativeIndex":0.0,"electionDayVotesPercent":0.0,"nominatorAbbr":{"fi":"KESK","sv":"C","en":"CENT"}},{"age":48,"advanceVotesPercent":1.0,"lastname":"Peltonen","occupation":"erityisopettaja, KM","advanceVotes":1,"npid":3,"totalVotes":3,"spid":8,"abbr":"KD","municipalCouncilor":true,"muid":834,"alid":3,"firstname":"Susanna","electionDayVotes":2,"pid":"9","finalPosition":0,"electedInformation":"NOT_ELECTED","totalVotesPercent":1.1,"nominatorName":{"fi":"Suomen Kristillisdemokraatit (KD)","sv":"Kristdemokraterna i Finland (KD)","en":"Christian Democrats in Finland"},"caid":30,"position":0,"gender":"2","comparisonData":{"totalVotes":66,"votesTotalChange":-63},"edid":6,"comparativeIndex":0.0,"electionDayVotesPercent":1.2,"nominatorAbbr":{"fi":"KD","sv":"KD","en":"CD"}},{"age":49,"advanceVotesPercent":1.0,"lastname":"Lintukorpi","occupation":"asentaja","advanceVotes":1,"npid":5,"totalVotes":3,"spid":3,"abbr":"PS","municipalCouncilor":true,"muid":834,"alid":5,"firstname":"Matti","electionDayVotes":2,"pid":"23","finalPosition":0,"electedInformation":"ELECTED","totalVotesPercent":1.1,"nominatorName":{"fi":"Perussuomalaiset","sv":"Sannfinländarna","en":"The Finns Party"},"caid":53,"position":0,"gender":"1","comparisonData":{"totalVotes":228,"votesTotalChange":-225},"edid":6,"comparativeIndex":0.0,"electionDayVotesPercent":1.2,"nominatorAbbr":{"fi":"PS","sv":"Sannf","en":"FINNS"}},{"age":50,"advanceVotesPercent":1.0,"lastname":"Kovaleff","occupation":"opiskelija","advanceVotes":1,"npid":7,"totalVotes":3,"spid":4,"abbr":"SDP","municipalCouncilor":false,"muid":834,"alid":7,"firstname":"Jussi","electionDayVotes":2,"pid":"1","finalPosition":0,"electedInformation":"ON_SUBSTITUTE_PLACE","totalVotesPercent":1.1,"nominatorName":{"fi":"Suomen Sosialidemokraattinen Puolue","sv":"Finlands Socialdemokratiska Parti","en":"The Finnish Social Democratic Party"},"caid":61,"position":0,"gender":"1","comparisonData":{"totalVotes":0,"votesTotalChange":3},"edid":6,"comparativeIndex":0.0,"electionDayVotesPercent":1.2,"nominatorAbbr":{"fi":"SDP","sv":"SDP","en":"SDP"}},{"age":62,"advanceVotesPercent":2.9,"lastname":"Sillanpää","occupation":"rakennusmestari","advanceVotes":3,"npid":7,"totalVotes":3,"spid":4,"abbr":"SDP","municipalCouncilor":false,"muid":834,"alid":7,"firstname":"Heikki","electionDayVotes":0,"pid":"1","finalPosition":0,"electedInformation":"ON_SUBSTITUTE_PLACE","totalVotesPercent":1.1,"nominatorName":{"fi":"Suomen Sosialidemokraattinen Puolue","sv":"Finlands Socialdemokratiska Parti","en":"The Finnish Social Democratic Party"},"caid":70,"position":0,"gender":"1","comparisonData":{"totalVotes":0,"votesTotalChange":3},"edid":6,"comparativeIndex":0.0,"electionDayVotesPercent":0.0,"nominatorAbbr":{"fi":"SDP","sv":"SDP","en":"SDP"}},{"age":33,"advanceVotesPercent":1.0,"lastname":"Rantala","occupation":"pelastusmestari","advanceVotes":1,"npid":9,"totalVotes":3,"spid":99,"abbr":"Muut","municipalCouncilor":false,"muid":834,"alid":9,"firstname":"Tuomas","electionDayVotes":2,"pid":"8349","finalPosition":0,"electedInformation":"ELECTED","totalVotesPercent":1.1,"nominatorName":{"fi":"Meidän Tammela yhteislista","sv":"Meidän Tammela yhteislista","en":"Meidän Tammela yhteislista"},"caid":77,"position":0,"gender":"1","comparisonData":{"totalVotes":0,"votesTotalChange":3},"edid":6,"comparativeIndex":0.0,"electionDayVotesPercent":1.2,"nominatorAbbr":{"fi":"Me Ta","sv":"Me Ta","en":"Me Ta"}},{"age":39,"advanceVotesPercent":1.9,"lastname":"Suutela","occupation":"äiti, sairaanhoitaja","advanceVotes":2,"npid":9,"totalVotes":3,"spid":99,"abbr":"Muut","municipalCouncilor":false,"muid":834,"alid":9,"firstname":"Katariina","electionDayVotes":1,"pid":"8349","finalPosition":0,"electedInformation":"ELECTED","totalVotesPercent":1.1,"nominatorName":{"fi":"Meidän Tammela yhteislista","sv":"Meidän Tammela yhteislista","en":"Meidän Tammela yhteislista"},"caid":79,"position":0,"gender":"2","comparisonData":{"totalVotes":0,"votesTotalChange":3},"edid":6,"comparativeIndex":0.0,"electionDayVotesPercent":0.6,"nominatorAbbr":{"fi":"Me Ta","sv":"Me Ta","en":"Me Ta"}},{"age":36,"advanceVotesPercent":1.9,"lastname":"Hintsanen","occupation":"yrittäjä, toimitusjohtaja","advanceVotes":2,"npid":1,"totalVotes":2,"spid":1,"abbr":"KESK","municipalCouncilor":false,"muid":834,"alid":1,"firstname":"Petri","electionDayVotes":0,"pid":"2","finalPosition":0,"electedInformation":"ON_SUBSTITUTE_PLACE","totalVotesPercent":0.7,"nominatorName":{"fi":"Suomen Keskusta","sv":"Centern i Finland","en":"Centre Party of Finland"},"caid":2,"position":0,"gender":"1","comparisonData":{"totalVotes":0,"votesTotalChange":2},"edid":6,"comparativeIndex":0.0,"electionDayVotesPercent":0.0,"nominatorAbbr":{"fi":"KESK","sv":"C","en":"CENT"}},{"age":51,"advanceVotesPercent":1.0,"lastname":"Nissilä","occupation":"yrittäjä","advanceVotes":1,"npid":1,"totalVotes":2,"spid":1,"abbr":"KESK","municipalCouncilor":true,"muid":834,"alid":1,"firstname":"Minna","electionDayVotes":1,"pid":"2","finalPosition":0,"electedInformation":"ELECTED","totalVotesPercent":0.7,"nominatorName":{"fi":"Suomen Keskusta","sv":"Centern i Finland","en":"Centre Party of Finland"},"caid":6,"position":0,"gender":"2","comparisonData":{"totalVotes":76,"votesTotalChange":-74},"edid":6,"comparativeIndex":0.0,"electionDayVotesPercent":0.6,"nominatorAbbr":{"fi":"KESK","sv":"C","en":"CENT"}},{"age":41,"advanceVotesPercent":1.9,"lastname":"Patjas","occupation":"toimistotyöntekijä, opiskelija","advanceVotes":2,"npid":1,"totalVotes":2,"spid":1,"abbr":"KESK","municipalCouncilor":false,"muid":834,"alid":1,"firstname":"Tiina-Liisa","electionDayVotes":0,"pid":"2","finalPosition":0,"electedInformation":"ON_SUBSTITUTE_PLACE","totalVotesPercent":0.7,"nominatorName":{"fi":"Suomen Keskusta","sv":"Centern i Finland","en":"Centre Party of Finland"},"caid":8,"position":0,"gender":"2","comparisonData":{"totalVotes":0,"votesTotalChange":2},"edid":6,"comparativeIndex":0.0,"electionDayVotesPercent":0.0,"nominatorAbbr":{"fi":"KESK","sv":"C","en":"CENT"}},{"age":44,"advanceVotesPercent":0.0,"lastname":"Pärssinen","occupation":"karjamestari, agrologi","advanceVotes":0,"npid":1,"totalVotes":2,"spid":1,"abbr":"KESK","municipalCouncilor":true,"muid":834,"alid":1,"firstname":"Simo","electionDayVotes":2,"pid":"2","finalPosition":0,"electedInformation":"ELECTED","totalVotesPercent":0.7,"nominatorName":{"fi":"Suomen Keskusta","sv":"Centern i Finland","en":"Centre Party of Finland"},"caid":11,"position":0,"gender":"1","comparisonData":{"totalVotes":63,"votesTotalChange":-61},"edid":6,"comparativeIndex":0.0,"electionDayVotesPercent":1.2,"nominatorAbbr":{"fi":"KESK","sv":"C","en":"CENT"}},{"age":48,"advanceVotesPercent":1.0,"lastname":"Peltonen","occupation":"opettaja, FM","advanceVotes":1,"npid":3,"totalVotes":2,"spid":8,"abbr":"KD","municipalCouncilor":false,"muid":834,"alid":3,"firstname":"Juha","electionDayVotes":1,"pid":"9","finalPosition":0,"electedInformation":"NOT_ELECTED","totalVotesPercent":0.7,"nominatorName":{"fi":"Suomen Kristillisdemokraatit (KD)","sv":"Kristdemokraterna i Finland (KD)","en":"Christian Democrats in Finland"},"caid":29,"position":0,"gender":"1","comparisonData":{"totalVotes":15,"votesTotalChange":-13},"edid":6,"comparativeIndex":0.0,"electionDayVotesPercent":0.6,"nominatorAbbr":{"fi":"KD","sv":"KD","en":"CD"}},{"age":38,"advanceVotesPercent":1.9,"lastname":"Rämö","occupation":"väitöskirjatutkija, VTM","advanceVotes":2,"npid":4,"totalVotes":2,"spid":2,"abbr":"KOK","municipalCouncilor":false,"muid":834,"alid":4,"firstname":"Johanna","electionDayVotes":0,"pid":"4","finalPosition":0,"electedInformation":"ON_SUBSTITUTE_PLACE","totalVotesPercent":0.7,"nominatorName":{"fi":"Kansallinen Kokoomus","sv":"Samlingspartiet","en":"National Coalition Party"},"caid":42,"position":0,"gender":"2","comparisonData":{"totalVotes":0,"votesTotalChange":2},"edid":6,"comparativeIndex":0.0,"electionDayVotesPercent":0.0,"nominatorAbbr":{"fi":"KOK","sv":"Saml","en":"NCP"}},{"age":47,"advanceVotesPercent":0.0,"lastname":"Siltainsuu","occupation":"diplomi-insinööri","advanceVotes":0,"npid":4,"totalVotes":2,"spid":2,"abbr":"KOK","municipalCouncilor":false,"muid":834,"alid":4,"firstname":"Sami","electionDayVotes":2,"pid":"4","finalPosition":0,"electedInformation":"NOT_ELECTED","totalVotesPercent":0.7,"nominatorName":{"fi":"Kansallinen Kokoomus","sv":"Samlingspartiet","en":"National Coalition Party"},"caid":46,"position":0,"gender":"1","comparisonData":{"totalVotes":0,"votesTotalChange":2},"edid":6,"comparativeIndex":0.0,"electionDayVotesPercent":1.2,"nominatorAbbr":{"fi":"KOK","sv":"Saml","en":"NCP"}},{"age":49,"advanceVotesPercent":1.9,"lastname":"Leino","occupation":"kassatyöntekijä","advanceVotes":2,"npid":5,"totalVotes":2,"spid":3,"abbr":"PS","municipalCouncilor":false,"muid":834,"alid":5,"firstname":"Kati","electionDayVotes":0,"pid":"23","finalPosition":0,"electedInformation":"ON_SUBSTITUTE_PLACE","totalVotesPercent":0.7,"nominatorName":{"fi":"Perussuomalaiset","sv":"Sannfinländarna","en":"The Finns Party"},"caid":51,"position":0,"gender":"2","comparisonData":{"totalVotes":0,"votesTotalChange":2},"edid":6,"comparativeIndex":0.0,"electionDayVotesPercent":0.0,"nominatorAbbr":{"fi":"PS","sv":"Sannf","en":"FINNS"}},{"age":49,"advanceVotesPercent":1.9,"lastname":"Kaakinen","occupation":"sosionomi AMK","advanceVotes":2,"npid":7,"totalVotes":2,"spid":4,"abbr":"SDP","municipalCouncilor":true,"muid":834,"alid":7,"firstname":"Sari","electionDayVotes":0,"pid":"1","finalPosition":0,"electedInformation":"ELECTED","totalVotesPercent":0.7,"nominatorName":{"fi":"Suomen Sosialidemokraattinen Puolue","sv":"Finlands Socialdemokratiska Parti","en":"The Finnish Social Democratic Party"},"caid":60,"position":0,"gender":"2","comparisonData":{"totalVotes":95,"votesTotalChange":-93},"edid":6,"comparativeIndex":0.0,"electionDayVotesPercent":0.0,"nominatorAbbr":{"fi":"SDP","sv":"SDP","en":"SDP"}},{"age":57,"advanceVotesPercent":1.0,"lastname":"Simola","occupation":"työnjohtaja, agrologi AMK","advanceVotes":1,"npid":1,"totalVotes":1,"spid":1,"abbr":"KESK","municipalCouncilor":false,"muid":834,"alid":1,"firstname":"Jukka","electionDayVotes":0,"pid":"2","finalPosition":0,"electedInformation":"ON_SUBSTITUTE_PLACE","totalVotesPercent":0.4,"nominatorName":{"fi":"Suomen Keskusta","sv":"Centern i Finland","en":"Centre Party of Finland"},"caid":17,"position":0,"gender":"1","comparisonData":{"totalVotes":0,"votesTotalChange":1},"edid":6,"comparativeIndex":0.0,"electionDayVotesPercent":0.0,"nominatorAbbr":{"fi":"KESK","sv":"C","en":"CENT"}},{"age":46,"advanceVotesPercent":0.0,"lastname":"Vihreäsaari","occupation":"toimitusjohtaja, yrittäjä","advanceVotes":0,"npid":1,"totalVotes":1,"spid":1,"abbr":"KESK","municipalCouncilor":false,"muid":834,"alid":1,"firstname":"Janne","electionDayVotes":1,"pid":"2","finalPosition":0,"electedInformation":"ON_SUBSTITUTE_PLACE","totalVotesPercent":0.4,"nominatorName":{"fi":"Suomen Keskusta","sv":"Centern i Finland","en":"Centre Party of Finland"},"caid":19,"position":0,"gender":"1","comparisonData":{"totalVotes":18,"votesTotalChange":-17},"edid":6,"comparativeIndex":0.0,"electionDayVotesPercent":0.6,"nominatorAbbr":{"fi":"KESK","sv":"C","en":"CENT"}},{"age":49,"advanceVotesPercent":1.0,"lastname":"Liinaharja","occupation":"maaseutuyrittäjä","advanceVotes":1,"npid":2,"totalVotes":1,"spid":5,"abbr":"VIHR","municipalCouncilor":true,"muid":834,"alid":2,"firstname":"Kristiina","electionDayVotes":0,"pid":"13","finalPosition":0,"electedInformation":"ON_SUBSTITUTE_PLACE","totalVotesPercent":0.4,"nominatorName":{"fi":"Vihreä liitto","sv":"Gröna förbundet","en":"Green League"},"caid":25,"position":0,"gender":"2","comparisonData":{"totalVotes":124,"votesTotalChange":-123},"edid":6,"comparativeIndex":0.0,"electionDayVotesPercent":0.0,"nominatorAbbr":{"fi":"VIHR","sv":"Gröna","en":"GREEN"}},{"age":40,"advanceVotesPercent":1.0,"lastname":"Alarto","occupation":"tuotepäällikkö, logistiikkainsinööri","advanceVotes":1,"npid":4,"totalVotes":1,"spid":2,"abbr":"KOK","municipalCouncilor":false,"muid":834,"alid":4,"firstname":"Manu","electionDayVotes":0,"pid":"4","finalPosition":0,"electedInformation":"ELECTED","totalVotesPercent":0.4,"nominatorName":{"fi":"Kansallinen Kokoomus","sv":"Samlingspartiet","en":"National Coalition Party"},"caid":31,"position":0,"gender":"1","comparisonData":{"totalVotes":32,"votesTotalChange":-31},"edid":6,"comparativeIndex":0.0,"electionDayVotesPercent":0.0,"nominatorAbbr":{"fi":"KOK","sv":"Saml","en":"NCP"}},{"age":60,"advanceVotesPercent":1.0,"lastname":"Kannisto","occupation":"yrittäjä","advanceVotes":1,"npid":4,"totalVotes":1,"spid":2,"abbr":"KOK","municipalCouncilor":false,"muid":834,"alid":4,"firstname":"Pekka","electionDayVotes":0,"pid":"4","finalPosition":0,"electedInformation":"ON_SUBSTITUTE_PLACE","totalVotesPercent":0.4,"nominatorName":{"fi":"Kansallinen Kokoomus","sv":"Samlingspartiet","en":"National Coalition Party"},"caid":34,"position":0,"gender":"1","comparisonData":{"totalVotes":15,"votesTotalChange":-14},"edid":6,"comparativeIndex":0.0,"electionDayVotesPercent":0.0,"nominatorAbbr":{"fi":"KOK","sv":"Saml","en":"NCP"}},{"age":48,"advanceVotesPercent":0.0,"lastname":"Koivula","occupation":"torikauppias","advanceVotes":0,"npid":4,"totalVotes":1,"spid":2,"abbr":"KOK","municipalCouncilor":false,"muid":834,"alid":4,"firstname":"Jarkko","electionDayVotes":1,"pid":"4","finalPosition":0,"electedInformation":"ON_SUBSTITUTE_PLACE","totalVotesPercent":0.4,"nominatorName":{"fi":"Kansallinen Kokoomus","sv":"Samlingspartiet","en":"National Coalition Party"},"caid":36,"position":0,"gender":"1","comparisonData":{"totalVotes":0,"votesTotalChange":1},"edid":6,"comparativeIndex":0.0,"electionDayVotesPercent":0.6,"nominatorAbbr":{"fi":"KOK","sv":"Saml","en":"NCP"}},{"age":39,"advanceVotesPercent":1.0,"lastname":"Lahtinen","occupation":"sairaanhoitaja, kätilö","advanceVotes":1,"npid":4,"totalVotes":1,"spid":2,"abbr":"KOK","municipalCouncilor":false,"muid":834,"alid":4,"firstname":"Susanna","electionDayVotes":0,"pid":"4","finalPosition":0,"electedInformation":"ELECTED","totalVotesPercent":0.4,"nominatorName":{"fi":"Kansallinen Kokoomus","sv":"Samlingspartiet","en":"National Coalition Party"},"caid":37,"position":0,"gender":"2","comparisonData":{"totalVotes":0,"votesTotalChange":1},"edid":6,"comparativeIndex":0.0,"electionDayVotesPercent":0.0,"nominatorAbbr":{"fi":"KOK","sv":"Saml","en":"NCP"}},{"age":63,"advanceVotesPercent":0.0,"lastname":"Malinen","occupation":"työsuojelupäällikkö","advanceVotes":0,"npid":4,"totalVotes":1,"spid":2,"abbr":"KOK","municipalCouncilor":false,"muid":834,"alid":4,"firstname":"Jukka","electionDayVotes":1,"pid":"4","finalPosition":0,"electedInformation":"NOT_ELECTED","totalVotesPercent":0.4,"nominatorName":{"fi":"Kansallinen Kokoomus","sv":"Samlingspartiet","en":"National Coalition Party"},"caid":39,"position":0,"gender":"1","comparisonData":{"totalVotes":0,"votesTotalChange":1},"edid":6,"comparativeIndex":0.0,"electionDayVotesPercent":0.6,"nominatorAbbr":{"fi":"KOK","sv":"Saml","en":"NCP"}},{"age":25,"advanceVotesPercent":1.0,"lastname":"Leino","occupation":"toimistotyöntekijä","advanceVotes":1,"npid":5,"totalVotes":1,"spid":3,"abbr":"PS","municipalCouncilor":false,"muid":834,"alid":5,"firstname":"Tuuli","electionDayVotes":0,"pid":"23","finalPosition":0,"electedInformation":"NOT_ELECTED","totalVotesPercent":0.4,"nominatorName":{"fi":"Perussuomalaiset","sv":"Sannfinländarna","en":"The Finns Party"},"caid":52,"position":0,"gender":"2","comparisonData":{"totalVotes":0,"votesTotalChange":1},"edid":6,"comparativeIndex":0.0,"electionDayVotesPercent":0.0,"nominatorAbbr":{"fi":"PS","sv":"Sannf","en":"FINNS"}},{"age":42,"advanceVotesPercent":1.0,"lastname":"Rantanen","occupation":"sairaanhoitaja","advanceVotes":1,"npid":6,"totalVotes":1,"spid":6,"abbr":"VAS","municipalCouncilor":false,"muid":834,"alid":6,"firstname":"Auli","electionDayVotes":0,"pid":"15","finalPosition":0,"electedInformation":"ON_SUBSTITUTE_PLACE","totalVotesPercent":0.4,"nominatorName":{"fi":"Vasemmistoliitto","sv":"Vänsterförbundet","en":"The Left Alliance"},"caid":57,"position":0,"gender":"2","comparisonData":{"totalVotes":32,"votesTotalChange":-31},"edid":6,"comparativeIndex":0.0,"electionDayVotesPercent":0.0,"nominatorAbbr":{"fi":"VAS","sv":"VF","en":"LEFT"}},{"age":20,"advanceVotesPercent":0.0,"lastname":"Malin","occupation":"opiskelija","advanceVotes":0,"npid":7,"totalVotes":1,"spid":4,"abbr":"SDP","municipalCouncilor":false,"muid":834,"alid":7,"firstname":"Milla","electionDayVotes":1,"pid":"1","finalPosition":0,"electedInformation":"ON_SUBSTITUTE_PLACE","totalVotesPercent":0.4,"nominatorName":{"fi":"Suomen Sosialidemokraattinen Puolue","sv":"Finlands Socialdemokratiska Parti","en":"The Finnish Social Democratic Party"},"caid":63,"position":0,"gender":"2","comparisonData":{"totalVotes":0,"votesTotalChange":1},"edid":6,"comparativeIndex":0.0,"electionDayVotesPercent":0.6,"nominatorAbbr":{"fi":"SDP","sv":"SDP","en":"SDP"}},{"age":42,"advanceVotesPercent":0.0,"lastname":"Pajunen","occupation":"ostaja","advanceVotes":0,"npid":7,"totalVotes":1,"spid":4,"abbr":"SDP","municipalCouncilor":true,"muid":834,"alid":7,"firstname":"Ville","electionDayVotes":1,"pid":"1","finalPosition":0,"electedInformation":"ON_SUBSTITUTE_PLACE","totalVotesPercent":0.4,"nominatorName":{"fi":"Suomen Sosialidemokraattinen Puolue","sv":"Finlands Socialdemokratiska Parti","en":"The Finnish Social Democratic Party"},"caid":67,"position":0,"gender":"1","comparisonData":{"totalVotes":59,"votesTotalChange":-58},"edid":6,"comparativeIndex":0.0,"electionDayVotesPercent":0.6,"nominatorAbbr":{"fi":"SDP","sv":"SDP","en":"SDP"}},{"age":57,"advanceVotesPercent":0.0,"lastname":"Syrjälä","occupation":"yrittäjä","advanceVotes":0,"npid":7,"totalVotes":1,"spid":4,"abbr":"SDP","municipalCouncilor":true,"muid":834,"alid":7,"firstname":"Taito","electionDayVotes":1,"pid":"1","finalPosition":0,"electedInformation":"ELECTED","totalVotesPercent":0.4,"nominatorName":{"fi":"Suomen Sosialidemokraattinen Puolue","sv":"Finlands Socialdemokratiska Parti","en":"The Finnish Social Democratic Party"},"caid":71,"position":0,"gender":"1","comparisonData":{"totalVotes":66,"votesTotalChange":-65},"edid":6,"comparativeIndex":0.0,"electionDayVotesPercent":0.6,"nominatorAbbr":{"fi":"SDP","sv":"SDP","en":"SDP"}},{"age":56,"advanceVotesPercent":1.0,"lastname":"Vehmas","occupation":"päivähoitaja","advanceVotes":1,"npid":7,"totalVotes":1,"spid":4,"abbr":"SDP","municipalCouncilor":true,"muid":834,"alid":7,"firstname":"Leena","electionDayVotes":0,"pid":"1","finalPosition":0,"electedInformation":"ELECTED","totalVotesPercent":0.4,"nominatorName":{"fi":"Suomen Sosialidemokraattinen Puolue","sv":"Finlands Socialdemokratiska Parti","en":"The Finnish Social Democratic Party"},"caid":74,"position":0,"gender":"2","comparisonData":{"totalVotes":85,"votesTotalChange":-84},"edid":6,"comparativeIndex":0.0,"electionDayVotesPercent":0.0,"nominatorAbbr":{"fi":"SDP","sv":"SDP","en":"SDP"}},{"age":70,"advanceVotesPercent":0.0,"lastname":"Salama","occupation":"yrittäjä, eläkkeellä","advanceVotes":0,"npid":9,"totalVotes":1,"spid":99,"abbr":"Muut","municipalCouncilor":false,"muid":834,"alid":9,"firstname":"Erkki","electionDayVotes":1,"pid":"8349","finalPosition":0,"electedInformation":"ON_SUBSTITUTE_PLACE","totalVotesPercent":0.4,"nominatorName":{"fi":"Meidän Tammela yhteislista","sv":"Meidän Tammela yhteislista","en":"Meidän Tammela yhteislista"},"caid":78,"position":0,"gender":"1","comparisonData":{"totalVotes":0,"votesTotalChange":1},"edid":6,"comparativeIndex":0.0,"electionDayVotesPercent":0.6,"nominatorAbbr":{"fi":"Me Ta","sv":"Me Ta","en":"Me Ta"}},{"age":47,"advanceVotesPercent":0.0,"lastname":"Hätönen","occupation":"opistoupseeri, evp","advanceVotes":0,"npid":1,"totalVotes":0,"spid":1,"abbr":"KESK","municipalCouncilor":false,"muid":834,"alid":1,"firstname":"Marko","electionDayVotes":0,"pid":"2","finalPosition":0,"electedInformation":"ELECTED","totalVotesPercent":0.0,"nominatorName":{"fi":"Suomen Keskusta","sv":"Centern i Finland","en":"Centre Party of Finland"},"caid":3,"position":0,"gender":"1","comparisonData":{"totalVotes":0,"votesTotalChange":0},"edid":6,"comparativeIndex":0.0,"electionDayVotesPercent":0.0,"nominatorAbbr":{"fi":"KESK","sv":"C","en":"CENT"}},{"age":34,"advanceVotesPercent":0.0,"lastname":"Kaunisto","occupation":"lehtori","advanceVotes":0,"npid":1,"totalVotes":0,"spid":1,"abbr":"KESK","municipalCouncilor":false,"muid":834,"alid":1,"firstname":"Jyri","electionDayVotes":0,"pid":"2","finalPosition":0,"electedInformation":"ELECTED","totalVotesPercent":0.0,"nominatorName":{"fi":"Suomen Keskusta","sv":"Centern i Finland","en":"Centre Party of Finland"},"caid":4,"position":0,"gender":"1","comparisonData":{"totalVotes":0,"votesTotalChange":0},"edid":6,"comparativeIndex":0.0,"electionDayVotesPercent":0.0,"nominatorAbbr":{"fi":"KESK","sv":"C","en":"CENT"}},{"age":57,"advanceVotesPercent":0.0,"lastname":"Ojansuu","occupation":"myyjä, mv.","advanceVotes":0,"npid":1,"totalVotes":0,"spid":1,"abbr":"KESK","municipalCouncilor":true,"muid":834,"alid":1,"firstname":"Juha","electionDayVotes":0,"pid":"2","finalPosition":0,"electedInformation":"ELECTED","totalVotesPercent":0.0,"nominatorName":{"fi":"Suomen Keskusta","sv":"Centern i Finland","en":"Centre Party of Finland"},"caid":7,"position":0,"gender":"1","comparisonData":{"totalVotes":62,"votesTotalChange":-62},"edid":6,"comparativeIndex":0.0,"electionDayVotesPercent":0.0,"nominatorAbbr":{"fi":"KESK","sv":"C","en":"CENT"}},{"age":55,"advanceVotesPercent":0.0,"lastname":"Pura","occupation":"maanviljelijä","advanceVotes":0,"npid":1,"totalVotes":0,"spid":1,"abbr":"KESK","municipalCouncilor":true,"muid":834,"alid":1,"firstname":"Eero","electionDayVotes":0,"pid":"2","finalPosition":0,"electedInformation":"ELECTED","totalVotesPercent":0.0,"nominatorName":{"fi":"Suomen Keskusta","sv":"Centern i Finland","en":"Centre Party of Finland"},"caid":10,"position":0,"gender":"1","comparisonData":{"totalVotes":78,"votesTotalChange":-78},"edid":6,"comparativeIndex":0.0,"electionDayVotesPercent":0.0,"nominatorAbbr":{"fi":"KESK","sv":"C","en":"CENT"}},{"age":69,"advanceVotesPercent":0.0,"lastname":"Ranttila","occupation":"yrittäjä, eläkeläinen","advanceVotes":0,"npid":1,"totalVotes":0,"spid":1,"abbr":"KESK","municipalCouncilor":false,"muid":834,"alid":1,"firstname":"Margit","electionDayVotes":0,"pid":"2","finalPosition":0,"electedInformation":"NOT_ELECTED","totalVotesPercent":0.0,"nominatorName":{"fi":"Suomen Keskusta","sv":"Centern i Finland","en":"Centre Party of Finland"},"caid":13,"position":0,"gender":"2","comparisonData":{"totalVotes":17,"votesTotalChange":-17},"edid":6,"comparativeIndex":0.0,"electionDayVotesPercent":0.0,"nominatorAbbr":{"fi":"KESK","sv":"C","en":"CENT"}},{"age":36,"advanceVotesPercent":0.0,"lastname":"Rauhaniemi","occupation":"sairaanhoitaja, kätilö","advanceVotes":0,"npid":1,"totalVotes":0,"spid":1,"abbr":"KESK","municipalCouncilor":true,"muid":834,"alid":1,"firstname":"Jenni","electionDayVotes":0,"pid":"2","finalPosition":0,"electedInformation":"ON_SUBSTITUTE_PLACE","totalVotesPercent":0.0,"nominatorName":{"fi":"Suomen Keskusta","sv":"Centern i Finland","en":"Centre Party of Finland"},"caid":14,"position":0,"gender":"2","comparisonData":{"totalVotes":59,"votesTotalChange":-59},"edid":6,"comparativeIndex":0.0,"electionDayVotesPercent":0.0,"nominatorAbbr":{"fi":"KESK","sv":"C","en":"CENT"}},{"age":22,"advanceVotesPercent":0.0,"lastname":"Rauhaniemi","occupation":"opiskelija","advanceVotes":0,"npid":1,"totalVotes":0,"spid":1,"abbr":"KESK","municipalCouncilor":false,"muid":834,"alid":1,"firstname":"Santra","electionDayVotes":0,"pid":"2","finalPosition":0,"electedInformation":"ON_SUBSTITUTE_PLACE","totalVotesPercent":0.0,"nominatorName":{"fi":"Suomen Keskusta","sv":"Centern i Finland","en":"Centre Party of Finland"},"caid":15,"position":0,"gender":"2","comparisonData":{"totalVotes":0,"votesTotalChange":0},"edid":6,"comparativeIndex":0.0,"electionDayVotesPercent":0.0,"nominatorAbbr":{"fi":"KESK","sv":"C","en":"CENT"}},{"age":26,"advanceVotesPercent":0.0,"lastname":"Simelius","occupation":"yrittäjä, leipuri-kondiittori","advanceVotes":0,"npid":1,"totalVotes":0,"spid":1,"abbr":"KESK","municipalCouncilor":false,"muid":834,"alid":1,"firstname":"Katariina","electionDayVotes":0,"pid":"2","finalPosition":0,"electedInformation":"ON_SUBSTITUTE_PLACE","totalVotesPercent":0.0,"nominatorName":{"fi":"Suomen Keskusta","sv":"Centern i Finland","en":"Centre Party of Finland"},"caid":16,"position":0,"gender":"2","comparisonData":{"totalVotes":0,"votesTotalChange":0},"edid":6,"comparativeIndex":0.0,"electionDayVotesPercent":0.0,"nominatorAbbr":{"fi":"KESK","sv":"C","en":"CENT"}},{"age":43,"advanceVotesPercent":0.0,"lastname":"Virolainen","occupation":"agrologi AMK, maanviljelijä","advanceVotes":0,"npid":1,"totalVotes":0,"spid":1,"abbr":"KESK","municipalCouncilor":false,"muid":834,"alid":1,"firstname":"Tomi","electionDayVotes":0,"pid":"2","finalPosition":0,"electedInformation":"ON_SUBSTITUTE_PLACE","totalVotesPercent":0.0,"nominatorName":{"fi":"Suomen Keskusta","sv":"Centern i Finland","en":"Centre Party of Finland"},"caid":20,"position":0,"gender":"1","comparisonData":{"totalVotes":30,"votesTotalChange":-30},"edid":6,"comparativeIndex":0.0,"electionDayVotesPercent":0.0,"nominatorAbbr":{"fi":"KESK","sv":"C","en":"CENT"}},{"age":68,"advanceVotesPercent":0.0,"lastname":"Virtanen","occupation":"hallintojohtaja, eläkeläinen","advanceVotes":0,"npid":1,"totalVotes":0,"spid":1,"abbr":"KESK","municipalCouncilor":false,"muid":834,"alid":1,"firstname":"Keijo","electionDayVotes":0,"pid":"2","finalPosition":0,"electedInformation":"ON_SUBSTITUTE_PLACE","totalVotesPercent":0.0,"nominatorName":{"fi":"Suomen Keskusta","sv":"Centern i Finland","en":"Centre Party of Finland"},"caid":21,"position":0,"gender":"1","comparisonData":{"totalVotes":0,"votesTotalChange":0},"edid":6,"comparativeIndex":0.0,"electionDayVotesPercent":0.0,"nominatorAbbr":{"fi":"KESK","sv":"C","en":"CENT"}},{"age":37,"advanceVotesPercent":0.0,"lastname":"Honkala","occupation":"ympäristöinsinööri","advanceVotes":0,"npid":2,"totalVotes":0,"spid":5,"abbr":"VIHR","municipalCouncilor":false,"muid":834,"alid":2,"firstname":"Niina","electionDayVotes":0,"pid":"13","finalPosition":0,"electedInformation":"ON_SUBSTITUTE_PLACE","totalVotesPercent":0.0,"nominatorName":{"fi":"Vihreä liitto","sv":"Gröna förbundet","en":"Green League"},"caid":23,"position":0,"gender":"2","comparisonData":{"totalVotes":0,"votesTotalChange":0},"edid":6,"comparativeIndex":0.0,"electionDayVotesPercent":0.0,"nominatorAbbr":{"fi":"VIHR","sv":"Gröna","en":"GREEN"}},{"age":30,"advanceVotesPercent":0.0,"lastname":"Karjula","occupation":"metsäluonnonhoitaja","advanceVotes":0,"npid":2,"totalVotes":0,"spid":5,"abbr":"VIHR","municipalCouncilor":false,"muid":834,"alid":2,"firstname":"Aarne","electionDayVotes":0,"pid":"13","finalPosition":0,"electedInformation":"NOT_ELECTED","totalVotesPercent":0.0,"nominatorName":{"fi":"Vihreä liitto","sv":"Gröna förbundet","en":"Green League"},"caid":24,"position":0,"gender":"1","comparisonData":{"totalVotes":0,"votesTotalChange":0},"edid":6,"comparativeIndex":0.0,"electionDayVotesPercent":0.0,"nominatorAbbr":{"fi":"VIHR","sv":"Gröna","en":"GREEN"}},{"age":56,"advanceVotesPercent":0.0,"lastname":"Löfstedt","occupation":"lääketieteen lisenssiaatti","advanceVotes":0,"npid":2,"totalVotes":0,"spid":5,"abbr":"VIHR","municipalCouncilor":false,"muid":834,"alid":2,"firstname":"Jan","electionDayVotes":0,"pid":"13","finalPosition":0,"electedInformation":"ELECTED","totalVotesPercent":0.0,"nominatorName":{"fi":"Vihreä liitto","sv":"Gröna förbundet","en":"Green League"},"caid":26,"position":0,"gender":"1","comparisonData":{"totalVotes":0,"votesTotalChange":0},"edid":6,"comparativeIndex":0.0,"electionDayVotesPercent":0.0,"nominatorAbbr":{"fi":"VIHR","sv":"Gröna","en":"GREEN"}},{"age":62,"advanceVotesPercent":0.0,"lastname":"Ryyppö","occupation":"erä- ja luonto-opas","advanceVotes":0,"npid":2,"totalVotes":0,"spid":5,"abbr":"VIHR","municipalCouncilor":false,"muid":834,"alid":2,"firstname":"Sinikka","electionDayVotes":0,"pid":"13","finalPosition":0,"electedInformation":"NOT_ELECTED","totalVotesPercent":0.0,"nominatorName":{"fi":"Vihreä liitto","sv":"Gröna förbundet","en":"Green League"},"caid":27,"position":0,"gender":"2","comparisonData":{"totalVotes":15,"votesTotalChange":-15},"edid":6,"comparativeIndex":0.0,"electionDayVotesPercent":0.0,"nominatorAbbr":{"fi":"VIHR","sv":"Gröna","en":"GREEN"}},{"age":63,"advanceVotesPercent":0.0,"lastname":"Korpi","occupation":"ryhmäavustaja","advanceVotes":0,"npid":3,"totalVotes":0,"spid":8,"abbr":"KD","municipalCouncilor":false,"muid":834,"alid":3,"firstname":"Hannele","electionDayVotes":0,"pid":"9","finalPosition":0,"electedInformation":"NOT_ELECTED","totalVotesPercent":0.0,"nominatorName":{"fi":"Suomen Kristillisdemokraatit (KD)","sv":"Kristdemokraterna i Finland (KD)","en":"Christian Democrats in Finland"},"caid":28,"position":0,"gender":"2","comparisonData":{"totalVotes":7,"votesTotalChange":-7},"edid":6,"comparativeIndex":0.0,"electionDayVotesPercent":0.0,"nominatorAbbr":{"fi":"KD","sv":"KD","en":"CD"}},{"age":61,"advanceVotesPercent":0.0,"lastname":"Jasu","occupation":"erityisopettaja, eläkeläinen","advanceVotes":0,"npid":4,"totalVotes":0,"spid":2,"abbr":"KOK","municipalCouncilor":true,"muid":834,"alid":4,"firstname":"Olli-Pekka","electionDayVotes":0,"pid":"4","finalPosition":0,"electedInformation":"ELECTED","totalVotesPercent":0.0,"nominatorName":{"fi":"Kansallinen Kokoomus","sv":"Samlingspartiet","en":"National Coalition Party"},"caid":33,"position":0,"gender":"1","comparisonData":{"totalVotes":59,"votesTotalChange":-59},"edid":6,"comparativeIndex":0.0,"electionDayVotesPercent":0.0,"nominatorAbbr":{"fi":"KOK","sv":"Saml","en":"NCP"}},{"age":28,"advanceVotesPercent":0.0,"lastname":"Kinnunen","occupation":"myyntipäällikkö","advanceVotes":0,"npid":4,"totalVotes":0,"spid":2,"abbr":"KOK","municipalCouncilor":false,"muid":834,"alid":4,"firstname":"Antti","electionDayVotes":0,"pid":"4","finalPosition":0,"electedInformation":"NOT_ELECTED","totalVotesPercent":0.0,"nominatorName":{"fi":"Kansallinen Kokoomus","sv":"Samlingspartiet","en":"National Coalition Party"},"caid":35,"position":0,"gender":"1","comparisonData":{"totalVotes":0,"votesTotalChange":0},"edid":6,"comparativeIndex":0.0,"electionDayVotesPercent":0.0,"nominatorAbbr":{"fi":"KOK","sv":"Saml","en":"NCP"}},{"age":63,"advanceVotesPercent":0.0,"lastname":"Mansikkaniemi","occupation":"eläkeläinen","advanceVotes":0,"npid":4,"totalVotes":0,"spid":2,"abbr":"KOK","municipalCouncilor":false,"muid":834,"alid":4,"firstname":"Jukka","electionDayVotes":0,"pid":"4","finalPosition":0,"electedInformation":"NOT_ELECTED","totalVotesPercent":0.0,"nominatorName":{"fi":"Kansallinen Kokoomus","sv":"Samlingspartiet","en":"National Coalition Party"},"caid":40,"position":0,"gender":"1","comparisonData":{"totalVotes":13,"votesTotalChange":-13},"edid":6,"comparativeIndex":0.0,"electionDayVotesPercent":0.0,"nominatorAbbr":{"fi":"KOK","sv":"Saml","en":"NCP"}},{"age":45,"advanceVotesPercent":0.0,"lastname":"Nissinen","occupation":"tekninen isännöitsijä","advanceVotes":0,"npid":4,"totalVotes":0,"spid":2,"abbr":"KOK","municipalCouncilor":false,"muid":834,"alid":4,"firstname":"Jere","electionDayVotes":0,"pid":"4","finalPosition":0,"electedInformation":"NOT_ELECTED","totalVotesPercent":0.0,"nominatorName":{"fi":"Kansallinen Kokoomus","sv":"Samlingspartiet","en":"National Coalition Party"},"caid":41,"position":0,"gender":"1","comparisonData":{"totalVotes":0,"votesTotalChange":0},"edid":6,"comparativeIndex":0.0,"electionDayVotesPercent":0.0,"nominatorAbbr":{"fi":"KOK","sv":"Saml","en":"NCP"}},{"age":34,"advanceVotesPercent":0.0,"lastname":"Rämö","occupation":"laatupäällikkö, insinööri","advanceVotes":0,"npid":4,"totalVotes":0,"spid":2,"abbr":"KOK","municipalCouncilor":false,"muid":834,"alid":4,"firstname":"Johannes","electionDayVotes":0,"pid":"4","finalPosition":0,"electedInformation":"ELECTED","totalVotesPercent":0.0,"nominatorName":{"fi":"Kansallinen Kokoomus","sv":"Samlingspartiet","en":"National Coalition Party"},"caid":43,"position":0,"gender":"1","comparisonData":{"totalVotes":36,"votesTotalChange":-36},"edid":6,"comparativeIndex":0.0,"electionDayVotesPercent":0.0,"nominatorAbbr":{"fi":"KOK","sv":"Saml","en":"NCP"}},{"age":67,"advanceVotesPercent":0.0,"lastname":"Saarinen","occupation":"yrittäjä","advanceVotes":0,"npid":4,"totalVotes":0,"spid":2,"abbr":"KOK","municipalCouncilor":false,"muid":834,"alid":4,"firstname":"Olli","electionDayVotes":0,"pid":"4","finalPosition":0,"electedInformation":"NOT_ELECTED","totalVotesPercent":0.0,"nominatorName":{"fi":"Kansallinen Kokoomus","sv":"Samlingspartiet","en":"National Coalition Party"},"caid":44,"position":0,"gender":"1","comparisonData":{"totalVotes":0,"votesTotalChange":0},"edid":6,"comparativeIndex":0.0,"electionDayVotesPercent":0.0,"nominatorAbbr":{"fi":"KOK","sv":"Saml","en":"NCP"}},{"age":45,"advanceVotesPercent":0.0,"lastname":"Siikonen","occupation":"yrittäjä","advanceVotes":0,"npid":4,"totalVotes":0,"spid":2,"abbr":"KOK","municipalCouncilor":false,"muid":834,"alid":4,"firstname":"Janne","electionDayVotes":0,"pid":"4","finalPosition":0,"electedInformation":"ON_SUBSTITUTE_PLACE","totalVotesPercent":0.0,"nominatorName":{"fi":"Kansallinen Kokoomus","sv":"Samlingspartiet","en":"National Coalition Party"},"caid":45,"position":0,"gender":"1","comparisonData":{"totalVotes":2,"votesTotalChange":-2},"edid":6,"comparativeIndex":0.0,"electionDayVotesPercent":0.0,"nominatorAbbr":{"fi":"KOK","sv":"Saml","en":"NCP"}},{"age":66,"advanceVotesPercent":0.0,"lastname":"Suomi","occupation":"lehtori, pääluottamusmies","advanceVotes":0,"npid":4,"totalVotes":0,"spid":2,"abbr":"KOK","municipalCouncilor":false,"muid":834,"alid":4,"firstname":"Sirpa","electionDayVotes":0,"pid":"4","finalPosition":0,"electedInformation":"NOT_ELECTED","totalVotesPercent":0.0,"nominatorName":{"fi":"Kansallinen Kokoomus","sv":"Samlingspartiet","en":"National Coalition Party"},"caid":47,"position":0,"gender":"2","comparisonData":{"totalVotes":0,"votesTotalChange":0},"edid":6,"comparativeIndex":0.0,"electionDayVotesPercent":0.0,"nominatorAbbr":{"fi":"KOK","sv":"Saml","en":"NCP"}},{"age":48,"advanceVotesPercent":0.0,"lastname":"Uusitalo","occupation":"sairaanhoitaja","advanceVotes":0,"npid":4,"totalVotes":0,"spid":2,"abbr":"KOK","municipalCouncilor":false,"muid":834,"alid":4,"firstname":"Terhi","electionDayVotes":0,"pid":"4","finalPosition":0,"electedInformation":"ON_SUBSTITUTE_PLACE","totalVotesPercent":0.0,"nominatorName":{"fi":"Kansallinen Kokoomus","sv":"Samlingspartiet","en":"National Coalition Party"},"caid":48,"position":0,"gender":"2","comparisonData":{"totalVotes":0,"votesTotalChange":0},"edid":6,"comparativeIndex":0.0,"electionDayVotesPercent":0.0,"nominatorAbbr":{"fi":"KOK","sv":"Saml","en":"NCP"}},{"age":33,"advanceVotesPercent":0.0,"lastname":"Viitanen","occupation":"opiskelija","advanceVotes":0,"npid":4,"totalVotes":0,"spid":2,"abbr":"KOK","municipalCouncilor":false,"muid":834,"alid":4,"firstname":"Nina","electionDayVotes":0,"pid":"4","finalPosition":0,"electedInformation":"NOT_ELECTED","totalVotesPercent":0.0,"nominatorName":{"fi":"Kansallinen Kokoomus","sv":"Samlingspartiet","en":"National Coalition Party"},"caid":49,"position":0,"gender":"2","comparisonData":{"totalVotes":0,"votesTotalChange":0},"edid":6,"comparativeIndex":0.0,"electionDayVotesPercent":0.0,"nominatorAbbr":{"fi":"KOK","sv":"Saml","en":"NCP"}},{"age":32,"advanceVotesPercent":0.0,"lastname":"Virtanen","occupation":"sairaanhoitaja","advanceVotes":0,"npid":4,"totalVotes":0,"spid":2,"abbr":"KOK","municipalCouncilor":false,"muid":834,"alid":4,"firstname":"Minna","electionDayVotes":0,"pid":"4","finalPosition":0,"electedInformation":"NOT_ELECTED","totalVotesPercent":0.0,"nominatorName":{"fi":"Kansallinen Kokoomus","sv":"Samlingspartiet","en":"National Coalition Party"},"caid":50,"position":0,"gender":"2","comparisonData":{"totalVotes":0,"votesTotalChange":0},"edid":6,"comparativeIndex":0.0,"electionDayVotesPercent":0.0,"nominatorAbbr":{"fi":"KOK","sv":"Saml","en":"NCP"}},{"age":49,"advanceVotesPercent":0.0,"lastname":"Lintukorpi","occupation":"vaatehuollon työntekijä","advanceVotes":0,"npid":5,"totalVotes":0,"spid":3,"abbr":"PS","municipalCouncilor":false,"muid":834,"alid":5,"firstname":"Pia","electionDayVotes":0,"pid":"23","finalPosition":0,"electedInformation":"ON_SUBSTITUTE_PLACE","totalVotesPercent":0.0,"nominatorName":{"fi":"Perussuomalaiset","sv":"Sannfinländarna","en":"The Finns Party"},"caid":54,"position":0,"gender":"2","comparisonData":{"totalVotes":0,"votesTotalChange":0},"edid":6,"comparativeIndex":0.0,"electionDayVotesPercent":0.0,"nominatorAbbr":{"fi":"PS","sv":"Sannf","en":"FINNS"}},{"age":78,"advanceVotesPercent":0.0,"lastname":"Paulamäki","occupation":"insinööri","advanceVotes":0,"npid":5,"totalVotes":0,"spid":3,"abbr":"PS","municipalCouncilor":false,"muid":834,"alid":5,"firstname":"Heikki","electionDayVotes":0,"pid":"23","finalPosition":0,"electedInformation":"NOT_ELECTED","totalVotesPercent":0.0,"nominatorName":{"fi":"Perussuomalaiset","sv":"Sannfinländarna","en":"The Finns Party"},"caid":55,"position":0,"gender":"1","comparisonData":{"totalVotes":0,"votesTotalChange":0},"edid":6,"comparativeIndex":0.0,"electionDayVotesPercent":0.0,"nominatorAbbr":{"fi":"PS","sv":"Sannf","en":"FINNS"}},{"age":35,"advanceVotesPercent":0.0,"lastname":"Österberg","occupation":"nuorisotyöntekijä","advanceVotes":0,"npid":6,"totalVotes":0,"spid":6,"abbr":"VAS","municipalCouncilor":false,"muid":834,"alid":6,"firstname":"Linda","electionDayVotes":0,"pid":"15","finalPosition":0,"electedInformation":"NOT_ELECTED","totalVotesPercent":0.0,"nominatorName":{"fi":"Vasemmistoliitto","sv":"Vänsterförbundet","en":"The Left Alliance"},"caid":59,"position":0,"gender":"2","comparisonData":{"totalVotes":0,"votesTotalChange":0},"edid":6,"comparativeIndex":0.0,"electionDayVotesPercent":0.0,"nominatorAbbr":{"fi":"VAS","sv":"VF","en":"LEFT"}},{"age":52,"advanceVotesPercent":0.0,"lastname":"Laajalehto","occupation":"KM, opinto-ohjaaja","advanceVotes":0,"npid":7,"totalVotes":0,"spid":4,"abbr":"SDP","municipalCouncilor":false,"muid":834,"alid":7,"firstname":"Arja","electionDayVotes":0,"pid":"1","finalPosition":0,"electedInformation":"ELECTED","totalVotesPercent":0.0,"nominatorName":{"fi":"Suomen Sosialidemokraattinen Puolue","sv":"Finlands Socialdemokratiska Parti","en":"The Finnish Social Democratic Party"},"caid":62,"position":0,"gender":"2","comparisonData":{"totalVotes":0,"votesTotalChange":0},"edid":6,"comparativeIndex":0.0,"electionDayVotesPercent":0.0,"nominatorAbbr":{"fi":"SDP","sv":"SDP","en":"SDP"}},{"age":47,"advanceVotesPercent":0.0,"lastname":"Malin-Santos","occupation":"sairaanhoitaja AMK, yrittäjä","advanceVotes":0,"npid":7,"totalVotes":0,"spid":4,"abbr":"SDP","municipalCouncilor":false,"muid":834,"alid":7,"firstname":"Mervi","electionDayVotes":0,"pid":"1","finalPosition":0,"electedInformation":"NOT_ELECTED","totalVotesPercent":0.0,"nominatorName":{"fi":"Suomen Sosialidemokraattinen Puolue","sv":"Finlands Socialdemokratiska Parti","en":"The Finnish Social Democratic Party"},"caid":64,"position":0,"gender":"2","comparisonData":{"totalVotes":26,"votesTotalChange":-26},"edid":6,"comparativeIndex":0.0,"electionDayVotesPercent":0.0,"nominatorAbbr":{"fi":"SDP","sv":"SDP","en":"SDP"}},{"age":64,"advanceVotesPercent":0.0,"lastname":"Mikkola","occupation":"eläkeläinen","advanceVotes":0,"npid":7,"totalVotes":0,"spid":4,"abbr":"SDP","municipalCouncilor":false,"muid":834,"alid":7,"firstname":"Simo","electionDayVotes":0,"pid":"1","finalPosition":0,"electedInformation":"NOT_ELECTED","totalVotesPercent":0.0,"nominatorName":{"fi":"Suomen Sosialidemokraattinen Puolue","sv":"Finlands Socialdemokratiska Parti","en":"The Finnish Social Democratic Party"},"caid":65,"position":0,"gender":"1","comparisonData":{"totalVotes":6,"votesTotalChange":-6},"edid":6,"comparativeIndex":0.0,"electionDayVotesPercent":0.0,"nominatorAbbr":{"fi":"SDP","sv":"SDP","en":"SDP"}},{"age":41,"advanceVotesPercent":0.0,"lastname":"Pokka","occupation":"kaivinkoneenkuljettaja","advanceVotes":0,"npid":7,"totalVotes":0,"spid":4,"abbr":"SDP","municipalCouncilor":false,"muid":834,"alid":7,"firstname":"Esa","electionDayVotes":0,"pid":"1","finalPosition":0,"electedInformation":"NOT_ELECTED","totalVotesPercent":0.0,"nominatorName":{"fi":"Suomen Sosialidemokraattinen Puolue","sv":"Finlands Socialdemokratiska Parti","en":"The Finnish Social Democratic Party"},"caid":68,"position":0,"gender":"1","comparisonData":{"totalVotes":11,"votesTotalChange":-11},"edid":6,"comparativeIndex":0.0,"electionDayVotesPercent":0.0,"nominatorAbbr":{"fi":"SDP","sv":"SDP","en":"SDP"}},{"age":56,"advanceVotesPercent":0.0,"lastname":"Tulander","occupation":"eläkeläinen","advanceVotes":0,"npid":7,"totalVotes":0,"spid":4,"abbr":"SDP","municipalCouncilor":false,"muid":834,"alid":7,"firstname":"Taisto","electionDayVotes":0,"pid":"1","finalPosition":0,"electedInformation":"ON_SUBSTITUTE_PLACE","totalVotesPercent":0.0,"nominatorName":{"fi":"Suomen Sosialidemokraattinen Puolue","sv":"Finlands Socialdemokratiska Parti","en":"The Finnish Social Democratic Party"},"caid":72,"position":0,"gender":"1","comparisonData":{"totalVotes":16,"votesTotalChange":-16},"edid":6,"comparativeIndex":0.0,"electionDayVotesPercent":0.0,"nominatorAbbr":{"fi":"SDP","sv":"SDP","en":"SDP"}},{"age":35,"advanceVotesPercent":0.0,"lastname":"Kukkonen","occupation":"yrittäjä","advanceVotes":0,"npid":8,"totalVotes":0,"spid":12,"abbr":"PIR","municipalCouncilor":false,"muid":834,"alid":8,"firstname":"Mikko","electionDayVotes":0,"pid":"30","finalPosition":0,"electedInformation":"NOT_ELECTED","totalVotesPercent":0.0,"nominatorName":{"fi":"Piraattipuolue","sv":"Piratpartiet","en":"Pirate Party of Finland"},"caid":75,"position":0,"gender":"1","comparisonData":{"totalVotes":0,"votesTotalChange":0},"edid":6,"comparativeIndex":0.0,"electionDayVotesPercent":0.0,"nominatorAbbr":{"fi":"PIR","sv":"Pir","en":"PIR"}},{"age":49,"advanceVotesPercent":0.0,"lastname":"Nieminen","occupation":"menetelmäsuunnittelija, työntutkija","advanceVotes":0,"npid":9,"totalVotes":0,"spid":99,"abbr":"Muut","municipalCouncilor":false,"muid":834,"alid":9,"firstname":"Tero","electionDayVotes":0,"pid":"8349","finalPosition":0,"electedInformation":"ON_SUBSTITUTE_PLACE","totalVotesPercent":0.0,"nominatorName":{"fi":"Meidän Tammela yhteislista","sv":"Meidän Tammela yhteislista","en":"Meidän Tammela yhteislista"},"caid":76,"position":0,"gender":"1","comparisonData":{"totalVotes":0,"votesTotalChange":0},"edid":6,"comparativeIndex":0.0,"electionDayVotesPercent":0.0,"nominatorAbbr":{"fi":"Me Ta","sv":"Me Ta","en":"Me Ta"}}],"municipalityPollingDistricts":[{"name":{"fi":"Kirkonkylä","sv":"Kirkonkylä"},"calculationStatusPercent":100.0,"joinedArea":false,"muid":834,"totalVotingInFinlandTurnout":64.3,"identification":"001","pdid":"001","eligibleVotersInFinlandTotal":2891,"edid":6,"mergedToPdid":""},{"name":{"fi":"Pohjois-Tammela","sv":"Pohjois-Tammela"},"calculationStatusPercent":100.0,"joinedArea":false,"muid":834,"totalVotingInFinlandTurnout":75.6,"identification":"002","pdid":"002","eligibleVotersInFinlandTotal":365,"edid":6,"mergedToPdid":""},{"name":{"fi":"Porras","sv":"Porras"},"calculationStatusPercent":100.0,"joinedArea":false,"muid":834,"totalVotingInFinlandTurnout":69.7,"identification":"003","pdid":"003","eligibleVotersInFinlandTotal":659,"edid":6,"mergedToPdid":""},{"name":{"fi":"Riihivalkama","sv":"Riihivalkama"},"calculationStatusPercent":100.0,"joinedArea":false,"muid":834,"totalVotingInFinlandTurnout":65.5,"identification":"004","pdid":"004","eligibleVotersInFinlandTotal":1079,"edid":6,"mergedToPdid":""}],"municipality":{"muid":834,"edid":6,"name":{"fi":"Tammela","sv":"Tammela"}}}