{"version":70,"created":"2017-04-09T22:37:28.155Z","electionDetails":{"electionId":"kv2017","electionDate":"2017-04-09T00:00:00.000Z","electionDataPublishTime":"2017-04-09T17:00:00.000Z","name":{"fi":"Kuntavaalit 2017","sv":"Kommunalval 2017","en":"Elections 2017"},"previousElections":{"correspondingCompareElection":{"electionId":"kv2012","electionDate":"2012-10-28T00:00:00.000Z","name":{"fi":"Kuntavaalit 2012","en":"Municipal elections 2012","sv":"Kommunalval 2012"}},"otherCompareElection":{"electionId":"ev2015","electionDate":"2015-04-19T00:00:00.000Z","name":{"fi":"Eduskuntavaalit 2015","en":"Parliamentary election 2015","sv":"Riksdagsval 2015"}}}},"calculationStatus":{"electionDayVotingTurnout":44.9,"invalidAdvanceVotes":1,"calculationPhase":"INITIAL","invalidElectionDayVotes":0,"approvedAdvanceVotes":90,"advanceVotingTurnout":36.8,"totalVotingTurnoutAbroad":0.0,"name":{"fi":"Pohjaslahti","sv":"Pohjaslahti"},"calculationStatusPercent":100.0,"advanceVotes":91,"electionDayVotingTurnoutAbroad":0.0,"approvedTotalVotes":201,"totalVotes":202,"muid":508,"totalVotingInFinlandTurnout":81.8,"advanceVotingTurnoutAbroad":0.0,"invalidTotalVotes":1,"totalVotingTurnout":81.8,"electionDayVotes":111,"electionDayVotesInFinland":111,"pdid":"003","totalVotesInFinlandMen":0,"eligibleVotersInFinlandTotal":247,"calculationStatusPercentElectionDayVotes":100.0,"sourceRecordModificationTime":"20170409204331","otherCompareElection":{"eid":"","eligibleVotersInFinlandTotal":0,"advanceVotingInFinlandTurnout":0.0,"electionDayVotingInFinlandTurnout":0.0,"totalVotingInFinlandTurnout":0.0,"approvedVotesTotal":0,"invalidVotesTotal":0},"correspondingCompareElection":{"eid":"","eligibleVotersInFinlandTotal":0,"advanceVotingInFinlandTurnout":0.0,"electionDayVotingInFinlandTurnout":0.0,"totalVotingInFinlandTurnout":0.0,"approvedVotesTotal":0,"invalidVotesTotal":0,"seats":0},"approvedElectionDayVotes":111,"edid":7,"calculationStatusPercentAdvanceVotes":100.0,"electionDayVotingInFinlandTurnout":44.9,"seats":0,"eligibleVotersTotal":247,"advanceVotesInFinland":91,"advanceVotingInFinlandTurnout":36.8,"totalVotesInFinland":202},"partyResults":[{"advanceVotesPercent":57.8,"name":{"fi":"Suomen Keskusta","sv":"Centern i Finland","en":"Centre Party of Finland"},"advanceVotes":52,"npid":7,"totalVotes":136,"spid":1,"abbr":{"fi":"KESK","sv":"C","en":"CENT"},"alid":7,"electionDayVotes":84,"pid":"2","totalVotesPercent":67.7,"nominatorName":{"fi":"Suomen Keskusta","sv":"Centern i Finland","en":"Centre Party of Finland"},"compareData":{"otherCompareElection":{"votesTotalChange":0,"votesTotalPercentChange":0.0,"votesTotal":136,"votesTotalPercent":67.7},"correspondingCompareElection":{"votesTotalChange":0,"votesTotalPercentChange":0.0,"seatChange":0,"votesTotal":136,"votesTotalPercent":67.7,"seatsTotal":0}},"seats":0,"electionDayVotesPercent":75.7,"nominatorAbbr":{"fi":"KESK","sv":"C","en":"CENT"}},{"advanceVotesPercent":16.7,"name":{"fi":"Suomen Sosialidemokraattinen Puolue","sv":"Finlands Socialdemokratiska Parti","en":"The Finnish Social Democratic Party"},"advanceVotes":15,"npid":5,"totalVotes":30,"spid":4,"abbr":{"fi":"SDP","sv":"SDP","en":"SDP"},"alid":5,"electionDayVotes":15,"pid":"1","totalVotesPercent":14.9,"nominatorName":{"fi":"Suomen Sosialidemokraattinen Puolue","sv":"Finlands Socialdemokratiska Parti","en":"The Finnish Social Democratic Party"},"compareData":{"otherCompareElection":{"votesTotalChange":0,"votesTotalPercentChange":0.0,"votesTotal":30,"votesTotalPercent":14.9},"correspondingCompareElection":{"votesTotalChange":0,"votesTotalPercentChange":0.0,"seatChange":0,"votesTotal":30,"votesTotalPercent":14.9,"seatsTotal":0}},"seats":0,"electionDayVotesPercent":13.5,"nominatorAbbr":{"fi":"SDP","sv":"SDP","en":"SDP"}},{"advanceVotesPercent":10.0,"name":{"fi":"Vasemmistoliitto","sv":"Vänsterförbundet","en":"The Left Alliance"},"advanceVotes":9,"npid":4,"totalVotes":13,"spid":6,"abbr":{"fi":"VAS","sv":"VF","en":"LEFT"},"alid":4,"electionDayVotes":4,"pid":"15","totalVotesPercent":6.5,"nominatorName":{"fi":"Vasemmistoliitto","sv":"Vänsterförbundet","en":"The Left Alliance"},"compareData":{"otherCompareElection":{"votesTotalChange":0,"votesTotalPercentChange":0.0,"votesTotal":13,"votesTotalPercent":6.5},"correspondingCompareElection":{"votesTotalChange":0,"votesTotalPercentChange":0.0,"seatChange":0,"votesTotal":13,"votesTotalPercent":6.5,"seatsTotal":0}},"seats":0,"electionDayVotesPercent":3.6,"nominatorAbbr":{"fi":"VAS","sv":"VF","en":"LEFT"}},{"advanceVotesPercent":5.6,"name":{"fi":"Kansallinen Kokoomus","sv":"Samlingspartiet","en":"National Coalition Party"},"advanceVotes":5,"npid":3,"totalVotes":8,"spid":2,"abbr":{"fi":"KOK","sv":"Saml","en":"NCP"},"alid":3,"electionDayVotes":3,"pid":"4","totalVotesPercent":4.0,"nominatorName":{"fi":"Kansallinen Kokoomus","sv":"Samlingspartiet","en":"National Coalition Party"},"compareData":{"otherCompareElection":{"votesTotalChange":0,"votesTotalPercentChange":0.0,"votesTotal":8,"votesTotalPercent":4.0},"correspondingCompareElection":{"votesTotalChange":0,"votesTotalPercentChange":0.0,"seatChange":0,"votesTotal":8,"votesTotalPercent":4.0,"seatsTotal":0}},"seats":0,"electionDayVotesPercent":2.7,"nominatorAbbr":{"fi":"KOK","sv":"Saml","en":"NCP"}},{"advanceVotesPercent":6.7,"name":{"fi":"Perussuomalaiset","sv":"Sannfinländarna","en":"The Finns Party"},"advanceVotes":6,"npid":2,"totalVotes":6,"spid":3,"abbr":{"fi":"PS","sv":"Sannf","en":"FINNS"},"alid":2,"electionDayVotes":0,"pid":"23","totalVotesPercent":3.0,"nominatorName":{"fi":"Perussuomalaiset","sv":"Sannfinländarna","en":"The Finns Party"},"compareData":{"otherCompareElection":{"votesTotalChange":0,"votesTotalPercentChange":0.0,"votesTotal":6,"votesTotalPercent":3.0},"correspondingCompareElection":{"votesTotalChange":0,"votesTotalPercentChange":0.0,"seatChange":0,"votesTotal":6,"votesTotalPercent":3.0,"seatsTotal":0}},"seats":0,"electionDayVotesPercent":0.0,"nominatorAbbr":{"fi":"PS","sv":"Sannf","en":"FINNS"}},{"advanceVotesPercent":3.3,"name":{"fi":"Vihreä liitto","sv":"Gröna förbundet","en":"Green League"},"advanceVotes":3,"npid":1,"totalVotes":6,"spid":5,"abbr":{"fi":"VIHR","sv":"Gröna","en":"GREEN"},"alid":1,"electionDayVotes":3,"pid":"13","totalVotesPercent":3.0,"nominatorName":{"fi":"Vihreä liitto","sv":"Gröna förbundet","en":"Green League"},"compareData":{"otherCompareElection":{"votesTotalChange":0,"votesTotalPercentChange":0.0,"votesTotal":6,"votesTotalPercent":3.0},"correspondingCompareElection":{"votesTotalChange":0,"votesTotalPercentChange":0.0,"seatChange":0,"votesTotal":6,"votesTotalPercent":3.0,"seatsTotal":0}},"seats":0,"electionDayVotesPercent":2.7,"nominatorAbbr":{"fi":"VIHR","sv":"Gröna","en":"GREEN"}},{"advanceVotesPercent":0.0,"name":{"fi":"Suomen Kristillisdemokraatit (KD)","sv":"Kristdemokraterna i Finland (KD)","en":"Christian Democrats in Finland"},"advanceVotes":0,"npid":6,"totalVotes":2,"spid":8,"abbr":{"fi":"KD","sv":"KD","en":"CD"},"alid":6,"electionDayVotes":2,"pid":"9","totalVotesPercent":1.0,"nominatorName":{"fi":"Suomen Kristillisdemokraatit (KD)","sv":"Kristdemokraterna i Finland (KD)","en":"Christian Democrats in Finland"},"compareData":{"otherCompareElection":{"votesTotalChange":0,"votesTotalPercentChange":0.0,"votesTotal":2,"votesTotalPercent":1.0},"correspondingCompareElection":{"votesTotalChange":0,"votesTotalPercentChange":0.0,"seatChange":0,"votesTotal":2,"votesTotalPercent":1.0,"seatsTotal":0}},"seats":0,"electionDayVotesPercent":1.8,"nominatorAbbr":{"fi":"KD","sv":"KD","en":"CD"}}],"candidateResults":[{"age":36,"advanceVotesPercent":12.2,"lastname":"Peltola","occupation":"yrittäjä, maanviljelijä","advanceVotes":11,"npid":7,"totalVotes":42,"spid":1,"abbr":"KESK","municipalCouncilor":false,"muid":508,"alid":7,"firstname":"Janne","electionDayVotes":31,"pid":"2","finalPosition":0,"electedInformation":"ELECTED","totalVotesPercent":20.9,"nominatorName":{"fi":"Suomen Keskusta","sv":"Centern i Finland","en":"Centre Party of Finland"},"caid":84,"position":0,"gender":"1","comparisonData":{"totalVotes":0,"votesTotalChange":42},"edid":7,"comparativeIndex":0.0,"electionDayVotesPercent":27.9,"nominatorAbbr":{"fi":"KESK","sv":"C","en":"CENT"}},{"age":54,"advanceVotesPercent":13.3,"lastname":"Pirttilahti","occupation":"kansanedustaja","advanceVotes":12,"npid":7,"totalVotes":30,"spid":1,"abbr":"KESK","municipalCouncilor":true,"muid":508,"alid":7,"firstname":"Arto","electionDayVotes":18,"pid":"2","finalPosition":0,"electedInformation":"ELECTED","totalVotesPercent":14.9,"nominatorName":{"fi":"Suomen Keskusta","sv":"Centern i Finland","en":"Centre Party of Finland"},"caid":85,"position":0,"gender":"1","comparisonData":{"totalVotes":313,"votesTotalChange":-283},"edid":7,"comparativeIndex":0.0,"electionDayVotesPercent":16.2,"nominatorAbbr":{"fi":"KESK","sv":"C","en":"CENT"}},{"age":58,"advanceVotesPercent":5.6,"lastname":"Lampinen","occupation":"FM, asiantuntija","advanceVotes":5,"npid":7,"totalVotes":21,"spid":1,"abbr":"KESK","municipalCouncilor":false,"muid":508,"alid":7,"firstname":"Arto","electionDayVotes":16,"pid":"2","finalPosition":0,"electedInformation":"ELECTED","totalVotesPercent":10.4,"nominatorName":{"fi":"Suomen Keskusta","sv":"Centern i Finland","en":"Centre Party of Finland"},"caid":77,"position":0,"gender":"1","comparisonData":{"totalVotes":0,"votesTotalChange":21},"edid":7,"comparativeIndex":0.0,"electionDayVotesPercent":14.4,"nominatorAbbr":{"fi":"KESK","sv":"C","en":"CENT"}},{"age":45,"advanceVotesPercent":10.0,"lastname":"Liettyä","occupation":"agrologi (AMK), maaseutusihteeri","advanceVotes":9,"npid":7,"totalVotes":16,"spid":1,"abbr":"KESK","municipalCouncilor":true,"muid":508,"alid":7,"firstname":"Anna-Liisa","electionDayVotes":7,"pid":"2","finalPosition":0,"electedInformation":"ELECTED","totalVotesPercent":8.0,"nominatorName":{"fi":"Suomen Keskusta","sv":"Centern i Finland","en":"Centre Party of Finland"},"caid":79,"position":0,"gender":"2","comparisonData":{"totalVotes":49,"votesTotalChange":-33},"edid":7,"comparativeIndex":0.0,"electionDayVotesPercent":6.3,"nominatorAbbr":{"fi":"KESK","sv":"C","en":"CENT"}},{"age":72,"advanceVotesPercent":6.7,"lastname":"Anttila","occupation":"henkilöstöpäällikkö, eläkeläinen","advanceVotes":6,"npid":5,"totalVotes":12,"spid":4,"abbr":"SDP","municipalCouncilor":true,"muid":508,"alid":5,"firstname":"Martti","electionDayVotes":6,"pid":"1","finalPosition":0,"electedInformation":"ELECTED","totalVotesPercent":6.0,"nominatorName":{"fi":"Suomen Sosialidemokraattinen Puolue","sv":"Finlands Socialdemokratiska Parti","en":"The Finnish Social Democratic Party"},"caid":34,"position":0,"gender":"1","comparisonData":{"totalVotes":84,"votesTotalChange":-72},"edid":7,"comparativeIndex":0.0,"electionDayVotesPercent":5.4,"nominatorAbbr":{"fi":"SDP","sv":"SDP","en":"SDP"}},{"age":38,"advanceVotesPercent":3.3,"lastname":"Väisänen","occupation":"rakennusinsinööri, projektipäällikkö","advanceVotes":3,"npid":7,"totalVotes":8,"spid":1,"abbr":"KESK","municipalCouncilor":false,"muid":508,"alid":7,"firstname":"Sirpa","electionDayVotes":5,"pid":"2","finalPosition":0,"electedInformation":"ON_SUBSTITUTE_PLACE","totalVotesPercent":4.0,"nominatorName":{"fi":"Suomen Keskusta","sv":"Centern i Finland","en":"Centre Party of Finland"},"caid":89,"position":0,"gender":"2","comparisonData":{"totalVotes":32,"votesTotalChange":-24},"edid":7,"comparativeIndex":0.0,"electionDayVotesPercent":4.5,"nominatorAbbr":{"fi":"KESK","sv":"C","en":"CENT"}},{"age":36,"advanceVotesPercent":2.2,"lastname":"Ala-Herttuala","occupation":"tradenomi, lähihoitaja","advanceVotes":2,"npid":5,"totalVotes":7,"spid":4,"abbr":"SDP","municipalCouncilor":true,"muid":508,"alid":5,"firstname":"Marika","electionDayVotes":5,"pid":"1","finalPosition":0,"electedInformation":"ELECTED","totalVotesPercent":3.5,"nominatorName":{"fi":"Suomen Sosialidemokraattinen Puolue","sv":"Finlands Socialdemokratiska Parti","en":"The Finnish Social Democratic Party"},"caid":33,"position":0,"gender":"2","comparisonData":{"totalVotes":91,"votesTotalChange":-84},"edid":7,"comparativeIndex":0.0,"electionDayVotesPercent":4.5,"nominatorAbbr":{"fi":"SDP","sv":"SDP","en":"SDP"}},{"age":28,"advanceVotesPercent":3.3,"lastname":"Hakala","occupation":"sairaanhoitaja","advanceVotes":3,"npid":1,"totalVotes":6,"spid":5,"abbr":"VIHR","municipalCouncilor":true,"muid":508,"alid":1,"firstname":"Henna","electionDayVotes":3,"pid":"13","finalPosition":0,"electedInformation":"ELECTED","totalVotesPercent":3.0,"nominatorName":{"fi":"Vihreä liitto","sv":"Gröna förbundet","en":"Green League"},"caid":3,"position":0,"gender":"2","comparisonData":{"totalVotes":66,"votesTotalChange":-60},"edid":7,"comparativeIndex":0.0,"electionDayVotesPercent":2.7,"nominatorAbbr":{"fi":"VIHR","sv":"Gröna","en":"GREEN"}},{"age":61,"advanceVotesPercent":4.4,"lastname":"Paananen","occupation":"CNC-koneistaja","advanceVotes":4,"npid":4,"totalVotes":6,"spid":6,"abbr":"VAS","municipalCouncilor":true,"muid":508,"alid":4,"firstname":"Pentti","electionDayVotes":2,"pid":"15","finalPosition":0,"electedInformation":"ELECTED","totalVotesPercent":3.0,"nominatorName":{"fi":"Vasemmistoliitto","sv":"Vänsterförbundet","en":"The Left Alliance"},"caid":30,"position":0,"gender":"1","comparisonData":{"totalVotes":121,"votesTotalChange":-115},"edid":7,"comparativeIndex":0.0,"electionDayVotesPercent":1.8,"nominatorAbbr":{"fi":"VAS","sv":"VF","en":"LEFT"}},{"age":65,"advanceVotesPercent":0.0,"lastname":"Kujala","occupation":"eläkeläinen","advanceVotes":0,"npid":7,"totalVotes":5,"spid":1,"abbr":"KESK","municipalCouncilor":false,"muid":508,"alid":7,"firstname":"Heli","electionDayVotes":5,"pid":"2","finalPosition":0,"electedInformation":"NOT_ELECTED","totalVotesPercent":2.5,"nominatorName":{"fi":"Suomen Keskusta","sv":"Centern i Finland","en":"Centre Party of Finland"},"caid":76,"position":0,"gender":"2","comparisonData":{"totalVotes":0,"votesTotalChange":5},"edid":7,"comparativeIndex":0.0,"electionDayVotesPercent":4.5,"nominatorAbbr":{"fi":"KESK","sv":"C","en":"CENT"}},{"age":54,"advanceVotesPercent":4.4,"lastname":"Tukia","occupation":"maatalousyrittäjä","advanceVotes":4,"npid":2,"totalVotes":4,"spid":3,"abbr":"PS","municipalCouncilor":true,"muid":508,"alid":2,"firstname":"Timo","electionDayVotes":0,"pid":"23","finalPosition":0,"electedInformation":"ELECTED","totalVotesPercent":2.0,"nominatorName":{"fi":"Perussuomalaiset","sv":"Sannfinländarna","en":"The Finns Party"},"caid":15,"position":0,"gender":"1","comparisonData":{"totalVotes":477,"votesTotalChange":-473},"edid":7,"comparativeIndex":0.0,"electionDayVotesPercent":0.0,"nominatorAbbr":{"fi":"PS","sv":"Sannf","en":"FINNS"}},{"age":55,"advanceVotesPercent":2.2,"lastname":"Ylä-Pynnönen","occupation":"KTM, maatalousyrittäjä","advanceVotes":2,"npid":3,"totalVotes":4,"spid":2,"abbr":"KOK","municipalCouncilor":true,"muid":508,"alid":3,"firstname":"Hilkka","electionDayVotes":2,"pid":"4","finalPosition":0,"electedInformation":"ELECTED","totalVotesPercent":2.0,"nominatorName":{"fi":"Kansallinen Kokoomus","sv":"Samlingspartiet","en":"National Coalition Party"},"caid":24,"position":0,"gender":"2","comparisonData":{"totalVotes":154,"votesTotalChange":-150},"edid":7,"comparativeIndex":0.0,"electionDayVotesPercent":1.8,"nominatorAbbr":{"fi":"KOK","sv":"Saml","en":"NCP"}},{"age":25,"advanceVotesPercent":3.3,"lastname":"Kivilahti","occupation":"agrologi, maa- ja metsätalousyrittäjä","advanceVotes":3,"npid":7,"totalVotes":4,"spid":1,"abbr":"KESK","municipalCouncilor":false,"muid":508,"alid":7,"firstname":"Timo","electionDayVotes":1,"pid":"2","finalPosition":0,"electedInformation":"ON_SUBSTITUTE_PLACE","totalVotesPercent":2.0,"nominatorName":{"fi":"Suomen Keskusta","sv":"Centern i Finland","en":"Centre Party of Finland"},"caid":75,"position":0,"gender":"1","comparisonData":{"totalVotes":0,"votesTotalChange":4},"edid":7,"comparativeIndex":0.0,"electionDayVotesPercent":0.9,"nominatorAbbr":{"fi":"KESK","sv":"C","en":"CENT"}},{"age":83,"advanceVotesPercent":4.4,"lastname":"Mäkelä","occupation":"yrittäjä, eläkeläinen","advanceVotes":4,"npid":7,"totalVotes":4,"spid":1,"abbr":"KESK","municipalCouncilor":true,"muid":508,"alid":7,"firstname":"Tauno","electionDayVotes":0,"pid":"2","finalPosition":0,"electedInformation":"ELECTED","totalVotesPercent":2.0,"nominatorName":{"fi":"Suomen Keskusta","sv":"Centern i Finland","en":"Centre Party of Finland"},"caid":80,"position":0,"gender":"1","comparisonData":{"totalVotes":86,"votesTotalChange":-82},"edid":7,"comparativeIndex":0.0,"electionDayVotesPercent":0.0,"nominatorAbbr":{"fi":"KESK","sv":"C","en":"CENT"}},{"age":60,"advanceVotesPercent":2.2,"lastname":"Suntila","occupation":"postinjakaja, työtön","advanceVotes":2,"npid":5,"totalVotes":3,"spid":4,"abbr":"SDP","municipalCouncilor":false,"muid":508,"alid":5,"firstname":"Veijo","electionDayVotes":1,"pid":"1","finalPosition":0,"electedInformation":"ON_SUBSTITUTE_PLACE","totalVotesPercent":1.5,"nominatorName":{"fi":"Suomen Sosialidemokraattinen Puolue","sv":"Finlands Socialdemokratiska Parti","en":"The Finnish Social Democratic Party"},"caid":60,"position":0,"gender":"1","comparisonData":{"totalVotes":0,"votesTotalChange":3},"edid":7,"comparativeIndex":0.0,"electionDayVotesPercent":0.9,"nominatorAbbr":{"fi":"SDP","sv":"SDP","en":"SDP"}},{"age":65,"advanceVotesPercent":3.3,"lastname":"Salmi","occupation":"kapteeni evp","advanceVotes":3,"npid":7,"totalVotes":3,"spid":1,"abbr":"KESK","municipalCouncilor":false,"muid":508,"alid":7,"firstname":"Kalevi","electionDayVotes":0,"pid":"2","finalPosition":0,"electedInformation":"ON_SUBSTITUTE_PLACE","totalVotesPercent":1.5,"nominatorName":{"fi":"Suomen Keskusta","sv":"Centern i Finland","en":"Centre Party of Finland"},"caid":88,"position":0,"gender":"1","comparisonData":{"totalVotes":21,"votesTotalChange":-18},"edid":7,"comparativeIndex":0.0,"electionDayVotesPercent":0.0,"nominatorAbbr":{"fi":"KESK","sv":"C","en":"CENT"}},{"age":51,"advanceVotesPercent":2.2,"lastname":"Anttila","occupation":"fysioterapeutti","advanceVotes":2,"npid":3,"totalVotes":2,"spid":2,"abbr":"KOK","municipalCouncilor":true,"muid":508,"alid":3,"firstname":"Mira","electionDayVotes":0,"pid":"4","finalPosition":0,"electedInformation":"ELECTED","totalVotesPercent":1.0,"nominatorName":{"fi":"Kansallinen Kokoomus","sv":"Samlingspartiet","en":"National Coalition Party"},"caid":17,"position":0,"gender":"2","comparisonData":{"totalVotes":141,"votesTotalChange":-139},"edid":7,"comparativeIndex":0.0,"electionDayVotesPercent":0.0,"nominatorAbbr":{"fi":"KOK","sv":"Saml","en":"NCP"}},{"age":52,"advanceVotesPercent":1.1,"lastname":"Kouvonen","occupation":"toimitusjohtaja","advanceVotes":1,"npid":3,"totalVotes":2,"spid":2,"abbr":"KOK","municipalCouncilor":true,"muid":508,"alid":3,"firstname":"Sami","electionDayVotes":1,"pid":"4","finalPosition":0,"electedInformation":"ELECTED","totalVotesPercent":1.0,"nominatorName":{"fi":"Kansallinen Kokoomus","sv":"Samlingspartiet","en":"National Coalition Party"},"caid":20,"position":0,"gender":"1","comparisonData":{"totalVotes":161,"votesTotalChange":-159},"edid":7,"comparativeIndex":0.0,"electionDayVotesPercent":0.9,"nominatorAbbr":{"fi":"KOK","sv":"Saml","en":"NCP"}},{"age":33,"advanceVotesPercent":1.1,"lastname":"Määttänen","occupation":"teollinen muotoilija","advanceVotes":1,"npid":4,"totalVotes":2,"spid":6,"abbr":"VAS","municipalCouncilor":false,"muid":508,"alid":4,"firstname":"Mikko","electionDayVotes":1,"pid":"15","finalPosition":0,"electedInformation":"ON_SUBSTITUTE_PLACE","totalVotesPercent":1.0,"nominatorName":{"fi":"Vasemmistoliitto","sv":"Vänsterförbundet","en":"The Left Alliance"},"caid":29,"position":0,"gender":"1","comparisonData":{"totalVotes":0,"votesTotalChange":2},"edid":7,"comparativeIndex":0.0,"electionDayVotesPercent":0.9,"nominatorAbbr":{"fi":"VAS","sv":"VF","en":"LEFT"}},{"age":24,"advanceVotesPercent":2.2,"lastname":"Syrjänen","occupation":"opiskelija, asiakaspalvelija","advanceVotes":2,"npid":4,"totalVotes":2,"spid":6,"abbr":"VAS","municipalCouncilor":false,"muid":508,"alid":4,"firstname":"Rilla","electionDayVotes":0,"pid":"15","finalPosition":0,"electedInformation":"ON_SUBSTITUTE_PLACE","totalVotesPercent":1.0,"nominatorName":{"fi":"Vasemmistoliitto","sv":"Vänsterförbundet","en":"The Left Alliance"},"caid":32,"position":0,"gender":"2","comparisonData":{"totalVotes":0,"votesTotalChange":2},"edid":7,"comparativeIndex":0.0,"electionDayVotesPercent":0.0,"nominatorAbbr":{"fi":"VAS","sv":"VF","en":"LEFT"}},{"age":69,"advanceVotesPercent":1.1,"lastname":"Mikkola","occupation":"liikuntapaikkamestari, eläkeläinen","advanceVotes":1,"npid":5,"totalVotes":2,"spid":4,"abbr":"SDP","municipalCouncilor":false,"muid":508,"alid":5,"firstname":"Esa","electionDayVotes":1,"pid":"1","finalPosition":0,"electedInformation":"ELECTED","totalVotesPercent":1.0,"nominatorName":{"fi":"Suomen Sosialidemokraattinen Puolue","sv":"Finlands Socialdemokratiska Parti","en":"The Finnish Social Democratic Party"},"caid":49,"position":0,"gender":"1","comparisonData":{"totalVotes":0,"votesTotalChange":2},"edid":7,"comparativeIndex":0.0,"electionDayVotesPercent":0.9,"nominatorAbbr":{"fi":"SDP","sv":"SDP","en":"SDP"}},{"age":55,"advanceVotesPercent":0.0,"lastname":"Rauhalammi","occupation":"hallintopäällikkö","advanceVotes":0,"npid":6,"totalVotes":2,"spid":8,"abbr":"KD","municipalCouncilor":true,"muid":508,"alid":6,"firstname":"Timo","electionDayVotes":2,"pid":"9","finalPosition":0,"electedInformation":"ELECTED","totalVotesPercent":1.0,"nominatorName":{"fi":"Suomen Kristillisdemokraatit (KD)","sv":"Kristdemokraterna i Finland (KD)","en":"Christian Democrats in Finland"},"caid":71,"position":0,"gender":"1","comparisonData":{"totalVotes":72,"votesTotalChange":-70},"edid":7,"comparativeIndex":0.0,"electionDayVotesPercent":1.8,"nominatorAbbr":{"fi":"KD","sv":"KD","en":"CD"}},{"age":35,"advanceVotesPercent":1.1,"lastname":"Happonen","occupation":"laitemekaanikko","advanceVotes":1,"npid":2,"totalVotes":1,"spid":3,"abbr":"PS","municipalCouncilor":false,"muid":508,"alid":2,"firstname":"Teemu","electionDayVotes":0,"pid":"23","finalPosition":0,"electedInformation":"ELECTED","totalVotesPercent":0.5,"nominatorName":{"fi":"Perussuomalaiset","sv":"Sannfinländarna","en":"The Finns Party"},"caid":8,"position":0,"gender":"1","comparisonData":{"totalVotes":0,"votesTotalChange":1},"edid":7,"comparativeIndex":0.0,"electionDayVotesPercent":0.0,"nominatorAbbr":{"fi":"PS","sv":"Sannf","en":"FINNS"}},{"age":44,"advanceVotesPercent":1.1,"lastname":"Päivärinta","occupation":"yrittäjä, taksiautoilija","advanceVotes":1,"npid":2,"totalVotes":1,"spid":3,"abbr":"PS","municipalCouncilor":false,"muid":508,"alid":2,"firstname":"Sari","electionDayVotes":0,"pid":"23","finalPosition":0,"electedInformation":"ON_SUBSTITUTE_PLACE","totalVotesPercent":0.5,"nominatorName":{"fi":"Perussuomalaiset","sv":"Sannfinländarna","en":"The Finns Party"},"caid":12,"position":0,"gender":"2","comparisonData":{"totalVotes":0,"votesTotalChange":1},"edid":7,"comparativeIndex":0.0,"electionDayVotesPercent":0.0,"nominatorAbbr":{"fi":"PS","sv":"Sannf","en":"FINNS"}},{"age":51,"advanceVotesPercent":1.1,"lastname":"Helander","occupation":"sairaanhoitaja","advanceVotes":1,"npid":4,"totalVotes":1,"spid":6,"abbr":"VAS","municipalCouncilor":true,"muid":508,"alid":4,"firstname":"Anneli","electionDayVotes":0,"pid":"15","finalPosition":0,"electedInformation":"ELECTED","totalVotesPercent":0.5,"nominatorName":{"fi":"Vasemmistoliitto","sv":"Vänsterförbundet","en":"The Left Alliance"},"caid":26,"position":0,"gender":"2","comparisonData":{"totalVotes":49,"votesTotalChange":-48},"edid":7,"comparativeIndex":0.0,"electionDayVotesPercent":0.0,"nominatorAbbr":{"fi":"VAS","sv":"VF","en":"LEFT"}},{"age":81,"advanceVotesPercent":1.1,"lastname":"Juvonen","occupation":"raittiustoimenjohtaja, eläkeläinen","advanceVotes":1,"npid":4,"totalVotes":1,"spid":6,"abbr":"VAS","municipalCouncilor":false,"muid":508,"alid":4,"firstname":"Ada","electionDayVotes":0,"pid":"15","finalPosition":0,"electedInformation":"NOT_ELECTED","totalVotesPercent":0.5,"nominatorName":{"fi":"Vasemmistoliitto","sv":"Vänsterförbundet","en":"The Left Alliance"},"caid":27,"position":0,"gender":"2","comparisonData":{"totalVotes":12,"votesTotalChange":-11},"edid":7,"comparativeIndex":0.0,"electionDayVotesPercent":0.0,"nominatorAbbr":{"fi":"VAS","sv":"VF","en":"LEFT"}},{"age":64,"advanceVotesPercent":0.0,"lastname":"Pihlajamäki","occupation":"eläkeläinen","advanceVotes":0,"npid":4,"totalVotes":1,"spid":6,"abbr":"VAS","municipalCouncilor":false,"muid":508,"alid":4,"firstname":"Risto","electionDayVotes":1,"pid":"15","finalPosition":0,"electedInformation":"NOT_ELECTED","totalVotesPercent":0.5,"nominatorName":{"fi":"Vasemmistoliitto","sv":"Vänsterförbundet","en":"The Left Alliance"},"caid":31,"position":0,"gender":"1","comparisonData":{"totalVotes":17,"votesTotalChange":-16},"edid":7,"comparativeIndex":0.0,"electionDayVotesPercent":0.9,"nominatorAbbr":{"fi":"VAS","sv":"VF","en":"LEFT"}},{"age":63,"advanceVotesPercent":1.1,"lastname":"Aronen","occupation":"kiinteistönhoitaja","advanceVotes":1,"npid":5,"totalVotes":1,"spid":4,"abbr":"SDP","municipalCouncilor":false,"muid":508,"alid":5,"firstname":"Tommi","electionDayVotes":0,"pid":"1","finalPosition":0,"electedInformation":"ELECTED","totalVotesPercent":0.5,"nominatorName":{"fi":"Suomen Sosialidemokraattinen Puolue","sv":"Finlands Socialdemokratiska Parti","en":"The Finnish Social Democratic Party"},"caid":35,"position":0,"gender":"1","comparisonData":{"totalVotes":0,"votesTotalChange":1},"edid":7,"comparativeIndex":0.0,"electionDayVotesPercent":0.0,"nominatorAbbr":{"fi":"SDP","sv":"SDP","en":"SDP"}},{"age":61,"advanceVotesPercent":1.1,"lastname":"Hietanen","occupation":"kirvesmies, pääluottamusmies","advanceVotes":1,"npid":5,"totalVotes":1,"spid":4,"abbr":"SDP","municipalCouncilor":false,"muid":508,"alid":5,"firstname":"Kalevi","electionDayVotes":0,"pid":"1","finalPosition":0,"electedInformation":"ELECTED","totalVotesPercent":0.5,"nominatorName":{"fi":"Suomen Sosialidemokraattinen Puolue","sv":"Finlands Socialdemokratiska Parti","en":"The Finnish Social Democratic Party"},"caid":37,"position":0,"gender":"1","comparisonData":{"totalVotes":0,"votesTotalChange":1},"edid":7,"comparativeIndex":0.0,"electionDayVotesPercent":0.0,"nominatorAbbr":{"fi":"SDP","sv":"SDP","en":"SDP"}},{"age":35,"advanceVotesPercent":1.1,"lastname":"Peltonen","occupation":"prosessinhoitaja","advanceVotes":1,"npid":5,"totalVotes":1,"spid":4,"abbr":"SDP","municipalCouncilor":false,"muid":508,"alid":5,"firstname":"Riikka","electionDayVotes":0,"pid":"1","finalPosition":0,"electedInformation":"ON_SUBSTITUTE_PLACE","totalVotesPercent":0.5,"nominatorName":{"fi":"Suomen Sosialidemokraattinen Puolue","sv":"Finlands Socialdemokratiska Parti","en":"The Finnish Social Democratic Party"},"caid":54,"position":0,"gender":"2","comparisonData":{"totalVotes":0,"votesTotalChange":1},"edid":7,"comparativeIndex":0.0,"electionDayVotesPercent":0.0,"nominatorAbbr":{"fi":"SDP","sv":"SDP","en":"SDP"}},{"age":61,"advanceVotesPercent":0.0,"lastname":"Pirttijärvi","occupation":"yhteiskuntatieteiden lisensiaatti","advanceVotes":0,"npid":5,"totalVotes":1,"spid":4,"abbr":"SDP","municipalCouncilor":true,"muid":508,"alid":5,"firstname":"Eero","electionDayVotes":1,"pid":"1","finalPosition":0,"electedInformation":"ELECTED","totalVotesPercent":0.5,"nominatorName":{"fi":"Suomen Sosialidemokraattinen Puolue","sv":"Finlands Socialdemokratiska Parti","en":"The Finnish Social Democratic Party"},"caid":55,"position":0,"gender":"1","comparisonData":{"totalVotes":57,"votesTotalChange":-56},"edid":7,"comparativeIndex":0.0,"electionDayVotesPercent":0.9,"nominatorAbbr":{"fi":"SDP","sv":"SDP","en":"SDP"}},{"age":65,"advanceVotesPercent":1.1,"lastname":"Siltanen","occupation":"toimitusjohtaja, eläkeläinen","advanceVotes":1,"npid":5,"totalVotes":1,"spid":4,"abbr":"SDP","municipalCouncilor":true,"muid":508,"alid":5,"firstname":"Lasse","electionDayVotes":0,"pid":"1","finalPosition":0,"electedInformation":"ELECTED","totalVotesPercent":0.5,"nominatorName":{"fi":"Suomen Sosialidemokraattinen Puolue","sv":"Finlands Socialdemokratiska Parti","en":"The Finnish Social Democratic Party"},"caid":59,"position":0,"gender":"1","comparisonData":{"totalVotes":160,"votesTotalChange":-159},"edid":7,"comparativeIndex":0.0,"electionDayVotesPercent":0.0,"nominatorAbbr":{"fi":"SDP","sv":"SDP","en":"SDP"}},{"age":50,"advanceVotesPercent":0.0,"lastname":"Turpeinen","occupation":"insinööri (AMK), opettaja","advanceVotes":0,"npid":5,"totalVotes":1,"spid":4,"abbr":"SDP","municipalCouncilor":false,"muid":508,"alid":5,"firstname":"Jari","electionDayVotes":1,"pid":"1","finalPosition":0,"electedInformation":"ON_SUBSTITUTE_PLACE","totalVotesPercent":0.5,"nominatorName":{"fi":"Suomen Sosialidemokraattinen Puolue","sv":"Finlands Socialdemokratiska Parti","en":"The Finnish Social Democratic Party"},"caid":61,"position":0,"gender":"1","comparisonData":{"totalVotes":32,"votesTotalChange":-31},"edid":7,"comparativeIndex":0.0,"electionDayVotesPercent":0.9,"nominatorAbbr":{"fi":"SDP","sv":"SDP","en":"SDP"}},{"age":61,"advanceVotesPercent":1.1,"lastname":"Kivilahti","occupation":"maanviljelijä","advanceVotes":1,"npid":7,"totalVotes":1,"spid":1,"abbr":"KESK","municipalCouncilor":true,"muid":508,"alid":7,"firstname":"Mikko","electionDayVotes":0,"pid":"2","finalPosition":0,"electedInformation":"ELECTED","totalVotesPercent":0.5,"nominatorName":{"fi":"Suomen Keskusta","sv":"Centern i Finland","en":"Centre Party of Finland"},"caid":74,"position":0,"gender":"1","comparisonData":{"totalVotes":145,"votesTotalChange":-144},"edid":7,"comparativeIndex":0.0,"electionDayVotesPercent":0.0,"nominatorAbbr":{"fi":"KESK","sv":"C","en":"CENT"}},{"age":61,"advanceVotesPercent":1.1,"lastname":"Mäkinen","occupation":"yrittäjä, parturi-kampaaja","advanceVotes":1,"npid":7,"totalVotes":1,"spid":1,"abbr":"KESK","municipalCouncilor":true,"muid":508,"alid":7,"firstname":"Alli","electionDayVotes":0,"pid":"2","finalPosition":0,"electedInformation":"ELECTED","totalVotesPercent":0.5,"nominatorName":{"fi":"Suomen Keskusta","sv":"Centern i Finland","en":"Centre Party of Finland"},"caid":81,"position":0,"gender":"2","comparisonData":{"totalVotes":163,"votesTotalChange":-162},"edid":7,"comparativeIndex":0.0,"electionDayVotesPercent":0.0,"nominatorAbbr":{"fi":"KESK","sv":"C","en":"CENT"}},{"age":37,"advanceVotesPercent":0.0,"lastname":"Pirttilahti","occupation":"sairaanhoitaja (AMK)","advanceVotes":0,"npid":7,"totalVotes":1,"spid":1,"abbr":"KESK","municipalCouncilor":true,"muid":508,"alid":7,"firstname":"Tea","electionDayVotes":1,"pid":"2","finalPosition":0,"electedInformation":"ELECTED","totalVotesPercent":0.5,"nominatorName":{"fi":"Suomen Keskusta","sv":"Centern i Finland","en":"Centre Party of Finland"},"caid":86,"position":0,"gender":"2","comparisonData":{"totalVotes":72,"votesTotalChange":-71},"edid":7,"comparativeIndex":0.0,"electionDayVotesPercent":0.9,"nominatorAbbr":{"fi":"KESK","sv":"C","en":"CENT"}},{"age":43,"advanceVotesPercent":0.0,"lastname":"Haapoja","occupation":"IT-suunnittelija","advanceVotes":0,"npid":1,"totalVotes":0,"spid":5,"abbr":"VIHR","municipalCouncilor":false,"muid":508,"alid":1,"firstname":"Jani","electionDayVotes":0,"pid":"13","finalPosition":0,"electedInformation":"ON_SUBSTITUTE_PLACE","totalVotesPercent":0.0,"nominatorName":{"fi":"Vihreä liitto","sv":"Gröna förbundet","en":"Green League"},"caid":2,"position":0,"gender":"1","comparisonData":{"totalVotes":49,"votesTotalChange":-49},"edid":7,"comparativeIndex":0.0,"electionDayVotesPercent":0.0,"nominatorAbbr":{"fi":"VIHR","sv":"Gröna","en":"GREEN"}},{"age":34,"advanceVotesPercent":0.0,"lastname":"Hakala","occupation":"postityöntekijä","advanceVotes":0,"npid":1,"totalVotes":0,"spid":5,"abbr":"VIHR","municipalCouncilor":false,"muid":508,"alid":1,"firstname":"Timo","electionDayVotes":0,"pid":"13","finalPosition":0,"electedInformation":"ELECTED","totalVotesPercent":0.0,"nominatorName":{"fi":"Vihreä liitto","sv":"Gröna förbundet","en":"Green League"},"caid":4,"position":0,"gender":"1","comparisonData":{"totalVotes":0,"votesTotalChange":0},"edid":7,"comparativeIndex":0.0,"electionDayVotesPercent":0.0,"nominatorAbbr":{"fi":"VIHR","sv":"Gröna","en":"GREEN"}},{"age":42,"advanceVotesPercent":0.0,"lastname":"Korhonen","occupation":"röntgenhoitaja","advanceVotes":0,"npid":1,"totalVotes":0,"spid":5,"abbr":"VIHR","municipalCouncilor":false,"muid":508,"alid":1,"firstname":"Riina","electionDayVotes":0,"pid":"13","finalPosition":0,"electedInformation":"ON_SUBSTITUTE_PLACE","totalVotesPercent":0.0,"nominatorName":{"fi":"Vihreä liitto","sv":"Gröna förbundet","en":"Green League"},"caid":5,"position":0,"gender":"2","comparisonData":{"totalVotes":39,"votesTotalChange":-39},"edid":7,"comparativeIndex":0.0,"electionDayVotesPercent":0.0,"nominatorAbbr":{"fi":"VIHR","sv":"Gröna","en":"GREEN"}},{"age":50,"advanceVotesPercent":0.0,"lastname":"Lundell","occupation":"TaM, kuvataiteen lehtori","advanceVotes":0,"npid":1,"totalVotes":0,"spid":5,"abbr":"VIHR","municipalCouncilor":false,"muid":508,"alid":1,"firstname":"Leea","electionDayVotes":0,"pid":"13","finalPosition":0,"electedInformation":"ELECTED","totalVotesPercent":0.0,"nominatorName":{"fi":"Vihreä liitto","sv":"Gröna förbundet","en":"Green League"},"caid":6,"position":0,"gender":"2","comparisonData":{"totalVotes":0,"votesTotalChange":0},"edid":7,"comparativeIndex":0.0,"electionDayVotesPercent":0.0,"nominatorAbbr":{"fi":"VIHR","sv":"Gröna","en":"GREEN"}},{"age":41,"advanceVotesPercent":0.0,"lastname":"Frisk","occupation":"metsäkoneenkuljettaja","advanceVotes":0,"npid":2,"totalVotes":0,"spid":3,"abbr":"PS","municipalCouncilor":false,"muid":508,"alid":2,"firstname":"Jani","electionDayVotes":0,"pid":"23","finalPosition":0,"electedInformation":"ELECTED","totalVotesPercent":0.0,"nominatorName":{"fi":"Perussuomalaiset","sv":"Sannfinländarna","en":"The Finns Party"},"caid":7,"position":0,"gender":"1","comparisonData":{"totalVotes":0,"votesTotalChange":0},"edid":7,"comparativeIndex":0.0,"electionDayVotesPercent":0.0,"nominatorAbbr":{"fi":"PS","sv":"Sannf","en":"FINNS"}},{"age":39,"advanceVotesPercent":0.0,"lastname":"Lahtinen","occupation":"prosessinhoitaja","advanceVotes":0,"npid":2,"totalVotes":0,"spid":3,"abbr":"PS","municipalCouncilor":false,"muid":508,"alid":2,"firstname":"Janne","electionDayVotes":0,"pid":"23","finalPosition":0,"electedInformation":"ELECTED","totalVotesPercent":0.0,"nominatorName":{"fi":"Perussuomalaiset","sv":"Sannfinländarna","en":"The Finns Party"},"caid":9,"position":0,"gender":"1","comparisonData":{"totalVotes":0,"votesTotalChange":0},"edid":7,"comparativeIndex":0.0,"electionDayVotesPercent":0.0,"nominatorAbbr":{"fi":"PS","sv":"Sannf","en":"FINNS"}},{"age":62,"advanceVotesPercent":0.0,"lastname":"Neulaniemi","occupation":"tuotantopäällikkö","advanceVotes":0,"npid":2,"totalVotes":0,"spid":3,"abbr":"PS","municipalCouncilor":true,"muid":508,"alid":2,"firstname":"Keijo","electionDayVotes":0,"pid":"23","finalPosition":0,"electedInformation":"ON_SUBSTITUTE_PLACE","totalVotesPercent":0.0,"nominatorName":{"fi":"Perussuomalaiset","sv":"Sannfinländarna","en":"The Finns Party"},"caid":10,"position":0,"gender":"1","comparisonData":{"totalVotes":53,"votesTotalChange":-53},"edid":7,"comparativeIndex":0.0,"electionDayVotesPercent":0.0,"nominatorAbbr":{"fi":"PS","sv":"Sannf","en":"FINNS"}},{"age":58,"advanceVotesPercent":0.0,"lastname":"Pohjonen","occupation":"eläkeläinen","advanceVotes":0,"npid":2,"totalVotes":0,"spid":3,"abbr":"PS","municipalCouncilor":true,"muid":508,"alid":2,"firstname":"Osmo","electionDayVotes":0,"pid":"23","finalPosition":0,"electedInformation":"NOT_ELECTED","totalVotesPercent":0.0,"nominatorName":{"fi":"Perussuomalaiset","sv":"Sannfinländarna","en":"The Finns Party"},"caid":11,"position":0,"gender":"1","comparisonData":{"totalVotes":30,"votesTotalChange":-30},"edid":7,"comparativeIndex":0.0,"electionDayVotesPercent":0.0,"nominatorAbbr":{"fi":"PS","sv":"Sannf","en":"FINNS"}},{"age":33,"advanceVotesPercent":0.0,"lastname":"Stålhammar","occupation":"yrittäjä","advanceVotes":0,"npid":2,"totalVotes":0,"spid":3,"abbr":"PS","municipalCouncilor":false,"muid":508,"alid":2,"firstname":"Roy","electionDayVotes":0,"pid":"23","finalPosition":0,"electedInformation":"ON_SUBSTITUTE_PLACE","totalVotesPercent":0.0,"nominatorName":{"fi":"Perussuomalaiset","sv":"Sannfinländarna","en":"The Finns Party"},"caid":13,"position":0,"gender":"1","comparisonData":{"totalVotes":0,"votesTotalChange":0},"edid":7,"comparativeIndex":0.0,"electionDayVotesPercent":0.0,"nominatorAbbr":{"fi":"PS","sv":"Sannf","en":"FINNS"}},{"age":42,"advanceVotesPercent":0.0,"lastname":"Suoranta","occupation":"lähihoitaja","advanceVotes":0,"npid":2,"totalVotes":0,"spid":3,"abbr":"PS","municipalCouncilor":false,"muid":508,"alid":2,"firstname":"Sari","electionDayVotes":0,"pid":"23","finalPosition":0,"electedInformation":"NOT_ELECTED","totalVotesPercent":0.0,"nominatorName":{"fi":"Perussuomalaiset","sv":"Sannfinländarna","en":"The Finns Party"},"caid":14,"position":0,"gender":"2","comparisonData":{"totalVotes":0,"votesTotalChange":0},"edid":7,"comparativeIndex":0.0,"electionDayVotesPercent":0.0,"nominatorAbbr":{"fi":"PS","sv":"Sannf","en":"FINNS"}},{"age":68,"advanceVotesPercent":0.0,"lastname":"Wickström","occupation":"yrittäjä, eläkeläinen","advanceVotes":0,"npid":2,"totalVotes":0,"spid":3,"abbr":"PS","municipalCouncilor":false,"muid":508,"alid":2,"firstname":"Tapio","electionDayVotes":0,"pid":"23","finalPosition":0,"electedInformation":"ON_SUBSTITUTE_PLACE","totalVotesPercent":0.0,"nominatorName":{"fi":"Perussuomalaiset","sv":"Sannfinländarna","en":"The Finns Party"},"caid":16,"position":0,"gender":"1","comparisonData":{"totalVotes":0,"votesTotalChange":0},"edid":7,"comparativeIndex":0.0,"electionDayVotesPercent":0.0,"nominatorAbbr":{"fi":"PS","sv":"Sannf","en":"FINNS"}},{"age":22,"advanceVotesPercent":0.0,"lastname":"Dmitriev","occupation":"lähihoitaja","advanceVotes":0,"npid":3,"totalVotes":0,"spid":2,"abbr":"KOK","municipalCouncilor":false,"muid":508,"alid":3,"firstname":"Konstantin","electionDayVotes":0,"pid":"4","finalPosition":0,"electedInformation":"ON_SUBSTITUTE_PLACE","totalVotesPercent":0.0,"nominatorName":{"fi":"Kansallinen Kokoomus","sv":"Samlingspartiet","en":"National Coalition Party"},"caid":18,"position":0,"gender":"1","comparisonData":{"totalVotes":26,"votesTotalChange":-26},"edid":7,"comparativeIndex":0.0,"electionDayVotesPercent":0.0,"nominatorAbbr":{"fi":"KOK","sv":"Saml","en":"NCP"}},{"age":69,"advanceVotesPercent":0.0,"lastname":"Kilpi","occupation":"DI, eläkeläinen","advanceVotes":0,"npid":3,"totalVotes":0,"spid":2,"abbr":"KOK","municipalCouncilor":false,"muid":508,"alid":3,"firstname":"Antti","electionDayVotes":0,"pid":"4","finalPosition":0,"electedInformation":"ON_SUBSTITUTE_PLACE","totalVotesPercent":0.0,"nominatorName":{"fi":"Kansallinen Kokoomus","sv":"Samlingspartiet","en":"National Coalition Party"},"caid":19,"position":0,"gender":"1","comparisonData":{"totalVotes":0,"votesTotalChange":0},"edid":7,"comparativeIndex":0.0,"electionDayVotesPercent":0.0,"nominatorAbbr":{"fi":"KOK","sv":"Saml","en":"NCP"}},{"age":66,"advanceVotesPercent":0.0,"lastname":"Matilainen","occupation":"eläkeläinen","advanceVotes":0,"npid":3,"totalVotes":0,"spid":2,"abbr":"KOK","municipalCouncilor":true,"muid":508,"alid":3,"firstname":"Mauri","electionDayVotes":0,"pid":"4","finalPosition":0,"electedInformation":"ON_SUBSTITUTE_PLACE","totalVotesPercent":0.0,"nominatorName":{"fi":"Kansallinen Kokoomus","sv":"Samlingspartiet","en":"National Coalition Party"},"caid":21,"position":0,"gender":"1","comparisonData":{"totalVotes":64,"votesTotalChange":-64},"edid":7,"comparativeIndex":0.0,"electionDayVotesPercent":0.0,"nominatorAbbr":{"fi":"KOK","sv":"Saml","en":"NCP"}},{"age":70,"advanceVotesPercent":0.0,"lastname":"Timonen","occupation":"FM, eläkeläinen","advanceVotes":0,"npid":3,"totalVotes":0,"spid":2,"abbr":"KOK","municipalCouncilor":true,"muid":508,"alid":3,"firstname":"Pertti","electionDayVotes":0,"pid":"4","finalPosition":0,"electedInformation":"ELECTED","totalVotesPercent":0.0,"nominatorName":{"fi":"Kansallinen Kokoomus","sv":"Samlingspartiet","en":"National Coalition Party"},"caid":22,"position":0,"gender":"1","comparisonData":{"totalVotes":100,"votesTotalChange":-100},"edid":7,"comparativeIndex":0.0,"electionDayVotesPercent":0.0,"nominatorAbbr":{"fi":"KOK","sv":"Saml","en":"NCP"}},{"age":64,"advanceVotesPercent":0.0,"lastname":"Viitanen","occupation":"rakennusinsinööri, eläkeläinen","advanceVotes":0,"npid":3,"totalVotes":0,"spid":2,"abbr":"KOK","municipalCouncilor":false,"muid":508,"alid":3,"firstname":"Erkki","electionDayVotes":0,"pid":"4","finalPosition":0,"electedInformation":"ON_SUBSTITUTE_PLACE","totalVotesPercent":0.0,"nominatorName":{"fi":"Kansallinen Kokoomus","sv":"Samlingspartiet","en":"National Coalition Party"},"caid":23,"position":0,"gender":"1","comparisonData":{"totalVotes":0,"votesTotalChange":0},"edid":7,"comparativeIndex":0.0,"electionDayVotesPercent":0.0,"nominatorAbbr":{"fi":"KOK","sv":"Saml","en":"NCP"}},{"age":59,"advanceVotesPercent":0.0,"lastname":"Hakanen","occupation":"painaja","advanceVotes":0,"npid":4,"totalVotes":0,"spid":6,"abbr":"VAS","municipalCouncilor":false,"muid":508,"alid":4,"firstname":"Esko","electionDayVotes":0,"pid":"15","finalPosition":0,"electedInformation":"NOT_ELECTED","totalVotesPercent":0.0,"nominatorName":{"fi":"Vasemmistoliitto","sv":"Vänsterförbundet","en":"The Left Alliance"},"caid":25,"position":0,"gender":"1","comparisonData":{"totalVotes":0,"votesTotalChange":0},"edid":7,"comparativeIndex":0.0,"electionDayVotesPercent":0.0,"nominatorAbbr":{"fi":"VAS","sv":"VF","en":"LEFT"}},{"age":48,"advanceVotesPercent":0.0,"lastname":"Muhonen","occupation":"eläkeläinen, opiskelija","advanceVotes":0,"npid":4,"totalVotes":0,"spid":6,"abbr":"VAS","municipalCouncilor":false,"muid":508,"alid":4,"firstname":"Jouni","electionDayVotes":0,"pid":"15","finalPosition":0,"electedInformation":"NOT_ELECTED","totalVotesPercent":0.0,"nominatorName":{"fi":"Vasemmistoliitto","sv":"Vänsterförbundet","en":"The Left Alliance"},"caid":28,"position":0,"gender":"1","comparisonData":{"totalVotes":27,"votesTotalChange":-27},"edid":7,"comparativeIndex":0.0,"electionDayVotesPercent":0.0,"nominatorAbbr":{"fi":"VAS","sv":"VF","en":"LEFT"}},{"age":68,"advanceVotesPercent":0.0,"lastname":"Blomqvist","occupation":"eläkeläinen","advanceVotes":0,"npid":5,"totalVotes":0,"spid":4,"abbr":"SDP","municipalCouncilor":false,"muid":508,"alid":5,"firstname":"Håkan","electionDayVotes":0,"pid":"1","finalPosition":0,"electedInformation":"ON_SUBSTITUTE_PLACE","totalVotesPercent":0.0,"nominatorName":{"fi":"Suomen Sosialidemokraattinen Puolue","sv":"Finlands Socialdemokratiska Parti","en":"The Finnish Social Democratic Party"},"caid":36,"position":0,"gender":"1","comparisonData":{"totalVotes":0,"votesTotalChange":0},"edid":7,"comparativeIndex":0.0,"electionDayVotesPercent":0.0,"nominatorAbbr":{"fi":"SDP","sv":"SDP","en":"SDP"}},{"age":43,"advanceVotesPercent":0.0,"lastname":"Hurme","occupation":"putkimies","advanceVotes":0,"npid":5,"totalVotes":0,"spid":4,"abbr":"SDP","municipalCouncilor":false,"muid":508,"alid":5,"firstname":"Teijo","electionDayVotes":0,"pid":"1","finalPosition":0,"electedInformation":"NOT_ELECTED","totalVotesPercent":0.0,"nominatorName":{"fi":"Suomen Sosialidemokraattinen Puolue","sv":"Finlands Socialdemokratiska Parti","en":"The Finnish Social Democratic Party"},"caid":38,"position":0,"gender":"1","comparisonData":{"totalVotes":0,"votesTotalChange":0},"edid":7,"comparativeIndex":0.0,"electionDayVotesPercent":0.0,"nominatorAbbr":{"fi":"SDP","sv":"SDP","en":"SDP"}},{"age":61,"advanceVotesPercent":0.0,"lastname":"Jatkola","occupation":"koneistaja","advanceVotes":0,"npid":5,"totalVotes":0,"spid":4,"abbr":"SDP","municipalCouncilor":true,"muid":508,"alid":5,"firstname":"Ilkka","electionDayVotes":0,"pid":"1","finalPosition":0,"electedInformation":"ELECTED","totalVotesPercent":0.0,"nominatorName":{"fi":"Suomen Sosialidemokraattinen Puolue","sv":"Finlands Socialdemokratiska Parti","en":"The Finnish Social Democratic Party"},"caid":39,"position":0,"gender":"1","comparisonData":{"totalVotes":83,"votesTotalChange":-83},"edid":7,"comparativeIndex":0.0,"electionDayVotesPercent":0.0,"nominatorAbbr":{"fi":"SDP","sv":"SDP","en":"SDP"}},{"age":69,"advanceVotesPercent":0.0,"lastname":"Juurakko","occupation":"palkanlaskija, eläkeläinen","advanceVotes":0,"npid":5,"totalVotes":0,"spid":4,"abbr":"SDP","municipalCouncilor":false,"muid":508,"alid":5,"firstname":"Tuula","electionDayVotes":0,"pid":"1","finalPosition":0,"electedInformation":"ELECTED","totalVotesPercent":0.0,"nominatorName":{"fi":"Suomen Sosialidemokraattinen Puolue","sv":"Finlands Socialdemokratiska Parti","en":"The Finnish Social Democratic Party"},"caid":40,"position":0,"gender":"2","comparisonData":{"totalVotes":0,"votesTotalChange":0},"edid":7,"comparativeIndex":0.0,"electionDayVotesPercent":0.0,"nominatorAbbr":{"fi":"SDP","sv":"SDP","en":"SDP"}},{"age":69,"advanceVotesPercent":0.0,"lastname":"Järvinen","occupation":"sihteeri, eläkeläinen","advanceVotes":0,"npid":5,"totalVotes":0,"spid":4,"abbr":"SDP","municipalCouncilor":false,"muid":508,"alid":5,"firstname":"Marru","electionDayVotes":0,"pid":"1","finalPosition":0,"electedInformation":"ON_SUBSTITUTE_PLACE","totalVotesPercent":0.0,"nominatorName":{"fi":"Suomen Sosialidemokraattinen Puolue","sv":"Finlands Socialdemokratiska Parti","en":"The Finnish Social Democratic Party"},"caid":41,"position":0,"gender":"2","comparisonData":{"totalVotes":38,"votesTotalChange":-38},"edid":7,"comparativeIndex":0.0,"electionDayVotesPercent":0.0,"nominatorAbbr":{"fi":"SDP","sv":"SDP","en":"SDP"}},{"age":54,"advanceVotesPercent":0.0,"lastname":"Koivu","occupation":"työsuojeluvaltuutettu","advanceVotes":0,"npid":5,"totalVotes":0,"spid":4,"abbr":"SDP","municipalCouncilor":true,"muid":508,"alid":5,"firstname":"Ahti","electionDayVotes":0,"pid":"1","finalPosition":0,"electedInformation":"ELECTED","totalVotesPercent":0.0,"nominatorName":{"fi":"Suomen Sosialidemokraattinen Puolue","sv":"Finlands Socialdemokratiska Parti","en":"The Finnish Social Democratic Party"},"caid":42,"position":0,"gender":"1","comparisonData":{"totalVotes":63,"votesTotalChange":-63},"edid":7,"comparativeIndex":0.0,"electionDayVotesPercent":0.0,"nominatorAbbr":{"fi":"SDP","sv":"SDP","en":"SDP"}},{"age":50,"advanceVotesPercent":0.0,"lastname":"Koskinen","occupation":"opettaja","advanceVotes":0,"npid":5,"totalVotes":0,"spid":4,"abbr":"SDP","municipalCouncilor":false,"muid":508,"alid":5,"firstname":"Tatjana","electionDayVotes":0,"pid":"1","finalPosition":0,"electedInformation":"NOT_ELECTED","totalVotesPercent":0.0,"nominatorName":{"fi":"Suomen Sosialidemokraattinen Puolue","sv":"Finlands Socialdemokratiska Parti","en":"The Finnish Social Democratic Party"},"caid":43,"position":0,"gender":"2","comparisonData":{"totalVotes":16,"votesTotalChange":-16},"edid":7,"comparativeIndex":0.0,"electionDayVotesPercent":0.0,"nominatorAbbr":{"fi":"SDP","sv":"SDP","en":"SDP"}},{"age":64,"advanceVotesPercent":0.0,"lastname":"Lahtinen","occupation":"paperityöntekijä, eläkeläinen","advanceVotes":0,"npid":5,"totalVotes":0,"spid":4,"abbr":"SDP","municipalCouncilor":false,"muid":508,"alid":5,"firstname":"Jyrki","electionDayVotes":0,"pid":"1","finalPosition":0,"electedInformation":"ELECTED","totalVotesPercent":0.0,"nominatorName":{"fi":"Suomen Sosialidemokraattinen Puolue","sv":"Finlands Socialdemokratiska Parti","en":"The Finnish Social Democratic Party"},"caid":44,"position":0,"gender":"1","comparisonData":{"totalVotes":51,"votesTotalChange":-51},"edid":7,"comparativeIndex":0.0,"electionDayVotesPercent":0.0,"nominatorAbbr":{"fi":"SDP","sv":"SDP","en":"SDP"}},{"age":72,"advanceVotesPercent":0.0,"lastname":"Lahtinen","occupation":"eläkeläinen","advanceVotes":0,"npid":5,"totalVotes":0,"spid":4,"abbr":"SDP","municipalCouncilor":false,"muid":508,"alid":5,"firstname":"Kyllikki","electionDayVotes":0,"pid":"1","finalPosition":0,"electedInformation":"ON_SUBSTITUTE_PLACE","totalVotesPercent":0.0,"nominatorName":{"fi":"Suomen Sosialidemokraattinen Puolue","sv":"Finlands Socialdemokratiska Parti","en":"The Finnish Social Democratic Party"},"caid":45,"position":0,"gender":"2","comparisonData":{"totalVotes":26,"votesTotalChange":-26},"edid":7,"comparativeIndex":0.0,"electionDayVotesPercent":0.0,"nominatorAbbr":{"fi":"SDP","sv":"SDP","en":"SDP"}},{"age":78,"advanceVotesPercent":0.0,"lastname":"Laurinmäki","occupation":"eläkeläinen","advanceVotes":0,"npid":5,"totalVotes":0,"spid":4,"abbr":"SDP","municipalCouncilor":false,"muid":508,"alid":5,"firstname":"Matti","electionDayVotes":0,"pid":"1","finalPosition":0,"electedInformation":"NOT_ELECTED","totalVotesPercent":0.0,"nominatorName":{"fi":"Suomen Sosialidemokraattinen Puolue","sv":"Finlands Socialdemokratiska Parti","en":"The Finnish Social Democratic Party"},"caid":46,"position":0,"gender":"1","comparisonData":{"totalVotes":19,"votesTotalChange":-19},"edid":7,"comparativeIndex":0.0,"electionDayVotesPercent":0.0,"nominatorAbbr":{"fi":"SDP","sv":"SDP","en":"SDP"}},{"age":56,"advanceVotesPercent":0.0,"lastname":"Lehtinen","occupation":"konepuuseppä, pääluottamusmies","advanceVotes":0,"npid":5,"totalVotes":0,"spid":4,"abbr":"SDP","municipalCouncilor":false,"muid":508,"alid":5,"firstname":"Arto","electionDayVotes":0,"pid":"1","finalPosition":0,"electedInformation":"ELECTED","totalVotesPercent":0.0,"nominatorName":{"fi":"Suomen Sosialidemokraattinen Puolue","sv":"Finlands Socialdemokratiska Parti","en":"The Finnish Social Democratic Party"},"caid":47,"position":0,"gender":"1","comparisonData":{"totalVotes":24,"votesTotalChange":-24},"edid":7,"comparativeIndex":0.0,"electionDayVotesPercent":0.0,"nominatorAbbr":{"fi":"SDP","sv":"SDP","en":"SDP"}},{"age":40,"advanceVotesPercent":0.0,"lastname":"Lintula","occupation":"diakonissa","advanceVotes":0,"npid":5,"totalVotes":0,"spid":4,"abbr":"SDP","municipalCouncilor":false,"muid":508,"alid":5,"firstname":"Saila","electionDayVotes":0,"pid":"1","finalPosition":0,"electedInformation":"ELECTED","totalVotesPercent":0.0,"nominatorName":{"fi":"Suomen Sosialidemokraattinen Puolue","sv":"Finlands Socialdemokratiska Parti","en":"The Finnish Social Democratic Party"},"caid":48,"position":0,"gender":"2","comparisonData":{"totalVotes":0,"votesTotalChange":0},"edid":7,"comparativeIndex":0.0,"electionDayVotesPercent":0.0,"nominatorAbbr":{"fi":"SDP","sv":"SDP","en":"SDP"}},{"age":64,"advanceVotesPercent":0.0,"lastname":"Mikkonen","occupation":"sosiaaliohjaaja, eläkeläinen","advanceVotes":0,"npid":5,"totalVotes":0,"spid":4,"abbr":"SDP","municipalCouncilor":false,"muid":508,"alid":5,"firstname":"Pirjo","electionDayVotes":0,"pid":"1","finalPosition":0,"electedInformation":"ON_SUBSTITUTE_PLACE","totalVotesPercent":0.0,"nominatorName":{"fi":"Suomen Sosialidemokraattinen Puolue","sv":"Finlands Socialdemokratiska Parti","en":"The Finnish Social Democratic Party"},"caid":50,"position":0,"gender":"2","comparisonData":{"totalVotes":46,"votesTotalChange":-46},"edid":7,"comparativeIndex":0.0,"electionDayVotesPercent":0.0,"nominatorAbbr":{"fi":"SDP","sv":"SDP","en":"SDP"}},{"age":46,"advanceVotesPercent":0.0,"lastname":"Moksén","occupation":"lähihoitaja","advanceVotes":0,"npid":5,"totalVotes":0,"spid":4,"abbr":"SDP","municipalCouncilor":false,"muid":508,"alid":5,"firstname":"Mika","electionDayVotes":0,"pid":"1","finalPosition":0,"electedInformation":"ON_SUBSTITUTE_PLACE","totalVotesPercent":0.0,"nominatorName":{"fi":"Suomen Sosialidemokraattinen Puolue","sv":"Finlands Socialdemokratiska Parti","en":"The Finnish Social Democratic Party"},"caid":51,"position":0,"gender":"1","comparisonData":{"totalVotes":27,"votesTotalChange":-27},"edid":7,"comparativeIndex":0.0,"electionDayVotesPercent":0.0,"nominatorAbbr":{"fi":"SDP","sv":"SDP","en":"SDP"}},{"age":45,"advanceVotesPercent":0.0,"lastname":"Nieminen","occupation":"voimalaitoskäyttäjä","advanceVotes":0,"npid":5,"totalVotes":0,"spid":4,"abbr":"SDP","municipalCouncilor":false,"muid":508,"alid":5,"firstname":"Kalle","electionDayVotes":0,"pid":"1","finalPosition":0,"electedInformation":"NOT_ELECTED","totalVotesPercent":0.0,"nominatorName":{"fi":"Suomen Sosialidemokraattinen Puolue","sv":"Finlands Socialdemokratiska Parti","en":"The Finnish Social Democratic Party"},"caid":52,"position":0,"gender":"1","comparisonData":{"totalVotes":17,"votesTotalChange":-17},"edid":7,"comparativeIndex":0.0,"electionDayVotesPercent":0.0,"nominatorAbbr":{"fi":"SDP","sv":"SDP","en":"SDP"}},{"age":58,"advanceVotesPercent":0.0,"lastname":"Pellonpää","occupation":"lähihoitaja","advanceVotes":0,"npid":5,"totalVotes":0,"spid":4,"abbr":"SDP","municipalCouncilor":false,"muid":508,"alid":5,"firstname":"Pasi","electionDayVotes":0,"pid":"1","finalPosition":0,"electedInformation":"NOT_ELECTED","totalVotesPercent":0.0,"nominatorName":{"fi":"Suomen Sosialidemokraattinen Puolue","sv":"Finlands Socialdemokratiska Parti","en":"The Finnish Social Democratic Party"},"caid":53,"position":0,"gender":"1","comparisonData":{"totalVotes":13,"votesTotalChange":-13},"edid":7,"comparativeIndex":0.0,"electionDayVotesPercent":0.0,"nominatorAbbr":{"fi":"SDP","sv":"SDP","en":"SDP"}},{"age":31,"advanceVotesPercent":0.0,"lastname":"Pohja","occupation":"lentokoneasentaja","advanceVotes":0,"npid":5,"totalVotes":0,"spid":4,"abbr":"SDP","municipalCouncilor":true,"muid":508,"alid":5,"firstname":"Paavo","electionDayVotes":0,"pid":"1","finalPosition":0,"electedInformation":"ON_SUBSTITUTE_PLACE","totalVotesPercent":0.0,"nominatorName":{"fi":"Suomen Sosialidemokraattinen Puolue","sv":"Finlands Socialdemokratiska Parti","en":"The Finnish Social Democratic Party"},"caid":56,"position":0,"gender":"1","comparisonData":{"totalVotes":53,"votesTotalChange":-53},"edid":7,"comparativeIndex":0.0,"electionDayVotesPercent":0.0,"nominatorAbbr":{"fi":"SDP","sv":"SDP","en":"SDP"}},{"age":60,"advanceVotesPercent":0.0,"lastname":"Pohjala","occupation":"mittausmies","advanceVotes":0,"npid":5,"totalVotes":0,"spid":4,"abbr":"SDP","municipalCouncilor":false,"muid":508,"alid":5,"firstname":"Jukka","electionDayVotes":0,"pid":"1","finalPosition":0,"electedInformation":"NOT_ELECTED","totalVotesPercent":0.0,"nominatorName":{"fi":"Suomen Sosialidemokraattinen Puolue","sv":"Finlands Socialdemokratiska Parti","en":"The Finnish Social Democratic Party"},"caid":57,"position":0,"gender":"1","comparisonData":{"totalVotes":11,"votesTotalChange":-11},"edid":7,"comparativeIndex":0.0,"electionDayVotesPercent":0.0,"nominatorAbbr":{"fi":"SDP","sv":"SDP","en":"SDP"}},{"age":54,"advanceVotesPercent":0.0,"lastname":"Pohjonen","occupation":"eläkeläinen","advanceVotes":0,"npid":5,"totalVotes":0,"spid":4,"abbr":"SDP","municipalCouncilor":false,"muid":508,"alid":5,"firstname":"Sakari","electionDayVotes":0,"pid":"1","finalPosition":0,"electedInformation":"ON_SUBSTITUTE_PLACE","totalVotesPercent":0.0,"nominatorName":{"fi":"Suomen Sosialidemokraattinen Puolue","sv":"Finlands Socialdemokratiska Parti","en":"The Finnish Social Democratic Party"},"caid":58,"position":0,"gender":"1","comparisonData":{"totalVotes":0,"votesTotalChange":0},"edid":7,"comparativeIndex":0.0,"electionDayVotesPercent":0.0,"nominatorAbbr":{"fi":"SDP","sv":"SDP","en":"SDP"}},{"age":48,"advanceVotesPercent":0.0,"lastname":"Turpeinen","occupation":"linja-autonkuljettaja","advanceVotes":0,"npid":5,"totalVotes":0,"spid":4,"abbr":"SDP","municipalCouncilor":false,"muid":508,"alid":5,"firstname":"Jyri","electionDayVotes":0,"pid":"1","finalPosition":0,"electedInformation":"ON_SUBSTITUTE_PLACE","totalVotesPercent":0.0,"nominatorName":{"fi":"Suomen Sosialidemokraattinen Puolue","sv":"Finlands Socialdemokratiska Parti","en":"The Finnish Social Democratic Party"},"caid":62,"position":0,"gender":"1","comparisonData":{"totalVotes":0,"votesTotalChange":0},"edid":7,"comparativeIndex":0.0,"electionDayVotesPercent":0.0,"nominatorAbbr":{"fi":"SDP","sv":"SDP","en":"SDP"}},{"age":48,"advanceVotesPercent":0.0,"lastname":"Virtanen","occupation":"kiinteistönhoitaja","advanceVotes":0,"npid":5,"totalVotes":0,"spid":4,"abbr":"SDP","municipalCouncilor":false,"muid":508,"alid":5,"firstname":"Jari","electionDayVotes":0,"pid":"1","finalPosition":0,"electedInformation":"NOT_ELECTED","totalVotesPercent":0.0,"nominatorName":{"fi":"Suomen Sosialidemokraattinen Puolue","sv":"Finlands Socialdemokratiska Parti","en":"The Finnish Social Democratic Party"},"caid":63,"position":0,"gender":"1","comparisonData":{"totalVotes":0,"votesTotalChange":0},"edid":7,"comparativeIndex":0.0,"electionDayVotesPercent":0.0,"nominatorAbbr":{"fi":"SDP","sv":"SDP","en":"SDP"}},{"age":25,"advanceVotesPercent":0.0,"lastname":"Vuorinen","occupation":"parturi-kampaaja, kosmetologi","advanceVotes":0,"npid":5,"totalVotes":0,"spid":4,"abbr":"SDP","municipalCouncilor":false,"muid":508,"alid":5,"firstname":"Nina","electionDayVotes":0,"pid":"1","finalPosition":0,"electedInformation":"NOT_ELECTED","totalVotesPercent":0.0,"nominatorName":{"fi":"Suomen Sosialidemokraattinen Puolue","sv":"Finlands Socialdemokratiska Parti","en":"The Finnish Social Democratic Party"},"caid":64,"position":0,"gender":"2","comparisonData":{"totalVotes":0,"votesTotalChange":0},"edid":7,"comparativeIndex":0.0,"electionDayVotesPercent":0.0,"nominatorAbbr":{"fi":"SDP","sv":"SDP","en":"SDP"}},{"age":56,"advanceVotesPercent":0.0,"lastname":"Vuorinen","occupation":"eläkeläinen","advanceVotes":0,"npid":5,"totalVotes":0,"spid":4,"abbr":"SDP","municipalCouncilor":false,"muid":508,"alid":5,"firstname":"Tommi","electionDayVotes":0,"pid":"1","finalPosition":0,"electedInformation":"ON_SUBSTITUTE_PLACE","totalVotesPercent":0.0,"nominatorName":{"fi":"Suomen Sosialidemokraattinen Puolue","sv":"Finlands Socialdemokratiska Parti","en":"The Finnish Social Democratic Party"},"caid":65,"position":0,"gender":"1","comparisonData":{"totalVotes":0,"votesTotalChange":0},"edid":7,"comparativeIndex":0.0,"electionDayVotesPercent":0.0,"nominatorAbbr":{"fi":"SDP","sv":"SDP","en":"SDP"}},{"age":69,"advanceVotesPercent":0.0,"lastname":"Välimäki","occupation":"työsuojeluvaltuutettu, eläkeläinen","advanceVotes":0,"npid":5,"totalVotes":0,"spid":4,"abbr":"SDP","municipalCouncilor":false,"muid":508,"alid":5,"firstname":"Auli","electionDayVotes":0,"pid":"1","finalPosition":0,"electedInformation":"ON_SUBSTITUTE_PLACE","totalVotesPercent":0.0,"nominatorName":{"fi":"Suomen Sosialidemokraattinen Puolue","sv":"Finlands Socialdemokratiska Parti","en":"The Finnish Social Democratic Party"},"caid":66,"position":0,"gender":"2","comparisonData":{"totalVotes":45,"votesTotalChange":-45},"edid":7,"comparativeIndex":0.0,"electionDayVotesPercent":0.0,"nominatorAbbr":{"fi":"SDP","sv":"SDP","en":"SDP"}},{"age":69,"advanceVotesPercent":0.0,"lastname":"Anttila","occupation":"liikenneopettaja, sahansoittaja","advanceVotes":0,"npid":6,"totalVotes":0,"spid":8,"abbr":"KD","municipalCouncilor":false,"muid":508,"alid":6,"firstname":"Kari","electionDayVotes":0,"pid":"9","finalPosition":0,"electedInformation":"ON_SUBSTITUTE_PLACE","totalVotesPercent":0.0,"nominatorName":{"fi":"Suomen Kristillisdemokraatit (KD)","sv":"Kristdemokraterna i Finland (KD)","en":"Christian Democrats in Finland"},"caid":67,"position":0,"gender":"1","comparisonData":{"totalVotes":54,"votesTotalChange":-54},"edid":7,"comparativeIndex":0.0,"electionDayVotesPercent":0.0,"nominatorAbbr":{"fi":"KD","sv":"KD","en":"CD"}},{"age":58,"advanceVotesPercent":0.0,"lastname":"Mathlin","occupation":"asiakaspalvelija, näyttelyvalvoja","advanceVotes":0,"npid":6,"totalVotes":0,"spid":8,"abbr":"KD","municipalCouncilor":false,"muid":508,"alid":6,"firstname":"Hannele","electionDayVotes":0,"pid":"9","finalPosition":0,"electedInformation":"NOT_ELECTED","totalVotesPercent":0.0,"nominatorName":{"fi":"Suomen Kristillisdemokraatit (KD)","sv":"Kristdemokraterna i Finland (KD)","en":"Christian Democrats in Finland"},"caid":68,"position":0,"gender":"2","comparisonData":{"totalVotes":0,"votesTotalChange":0},"edid":7,"comparativeIndex":0.0,"electionDayVotesPercent":0.0,"nominatorAbbr":{"fi":"KD","sv":"KD","en":"CD"}},{"age":34,"advanceVotesPercent":0.0,"lastname":"Meronen","occupation":"lähihoitaja","advanceVotes":0,"npid":6,"totalVotes":0,"spid":8,"abbr":"KD","municipalCouncilor":false,"muid":508,"alid":6,"firstname":"Maaret","electionDayVotes":0,"pid":"9","finalPosition":0,"electedInformation":"NOT_ELECTED","totalVotesPercent":0.0,"nominatorName":{"fi":"Suomen Kristillisdemokraatit (KD)","sv":"Kristdemokraterna i Finland (KD)","en":"Christian Democrats in Finland"},"caid":69,"position":0,"gender":"2","comparisonData":{"totalVotes":0,"votesTotalChange":0},"edid":7,"comparativeIndex":0.0,"electionDayVotesPercent":0.0,"nominatorAbbr":{"fi":"KD","sv":"KD","en":"CD"}},{"age":34,"advanceVotesPercent":0.0,"lastname":"Meronen","occupation":"jäteasemanhoitaja, urheiluselostaja","advanceVotes":0,"npid":6,"totalVotes":0,"spid":8,"abbr":"KD","municipalCouncilor":false,"muid":508,"alid":6,"firstname":"Tommi","electionDayVotes":0,"pid":"9","finalPosition":0,"electedInformation":"NOT_ELECTED","totalVotesPercent":0.0,"nominatorName":{"fi":"Suomen Kristillisdemokraatit (KD)","sv":"Kristdemokraterna i Finland (KD)","en":"Christian Democrats in Finland"},"caid":70,"position":0,"gender":"1","comparisonData":{"totalVotes":14,"votesTotalChange":-14},"edid":7,"comparativeIndex":0.0,"electionDayVotesPercent":0.0,"nominatorAbbr":{"fi":"KD","sv":"KD","en":"CD"}},{"age":57,"advanceVotesPercent":0.0,"lastname":"Saarenmaa","occupation":"psykologian- ja teologian maisteri, aikuiskouluttaja","advanceVotes":0,"npid":6,"totalVotes":0,"spid":8,"abbr":"KD","municipalCouncilor":false,"muid":508,"alid":6,"firstname":"Eija","electionDayVotes":0,"pid":"9","finalPosition":0,"electedInformation":"ON_SUBSTITUTE_PLACE","totalVotesPercent":0.0,"nominatorName":{"fi":"Suomen Kristillisdemokraatit (KD)","sv":"Kristdemokraterna i Finland (KD)","en":"Christian Democrats in Finland"},"caid":72,"position":0,"gender":"2","comparisonData":{"totalVotes":0,"votesTotalChange":0},"edid":7,"comparativeIndex":0.0,"electionDayVotesPercent":0.0,"nominatorAbbr":{"fi":"KD","sv":"KD","en":"CD"}},{"age":19,"advanceVotesPercent":0.0,"lastname":"Anttila","occupation":"opiskelija","advanceVotes":0,"npid":7,"totalVotes":0,"spid":1,"abbr":"KESK","municipalCouncilor":false,"muid":508,"alid":7,"firstname":"Lasse","electionDayVotes":0,"pid":"2","finalPosition":0,"electedInformation":"ON_SUBSTITUTE_PLACE","totalVotesPercent":0.0,"nominatorName":{"fi":"Suomen Keskusta","sv":"Centern i Finland","en":"Centre Party of Finland"},"caid":73,"position":0,"gender":"1","comparisonData":{"totalVotes":0,"votesTotalChange":0},"edid":7,"comparativeIndex":0.0,"electionDayVotesPercent":0.0,"nominatorAbbr":{"fi":"KESK","sv":"C","en":"CENT"}},{"age":69,"advanceVotesPercent":0.0,"lastname":"Lauronen","occupation":"YM, pankinjohtaja (eläkkeellä)","advanceVotes":0,"npid":7,"totalVotes":0,"spid":1,"abbr":"KESK","municipalCouncilor":true,"muid":508,"alid":7,"firstname":"Erkki","electionDayVotes":0,"pid":"2","finalPosition":0,"electedInformation":"ON_SUBSTITUTE_PLACE","totalVotesPercent":0.0,"nominatorName":{"fi":"Suomen Keskusta","sv":"Centern i Finland","en":"Centre Party of Finland"},"caid":78,"position":0,"gender":"1","comparisonData":{"totalVotes":76,"votesTotalChange":-76},"edid":7,"comparativeIndex":0.0,"electionDayVotesPercent":0.0,"nominatorAbbr":{"fi":"KESK","sv":"C","en":"CENT"}},{"age":71,"advanceVotesPercent":0.0,"lastname":"Niittymäki","occupation":"maaseutuyrittäjä, eläkeläinen","advanceVotes":0,"npid":7,"totalVotes":0,"spid":1,"abbr":"KESK","municipalCouncilor":true,"muid":508,"alid":7,"firstname":"Antti","electionDayVotes":0,"pid":"2","finalPosition":0,"electedInformation":"ON_SUBSTITUTE_PLACE","totalVotesPercent":0.0,"nominatorName":{"fi":"Suomen Keskusta","sv":"Centern i Finland","en":"Centre Party of Finland"},"caid":82,"position":0,"gender":"1","comparisonData":{"totalVotes":59,"votesTotalChange":-59},"edid":7,"comparativeIndex":0.0,"electionDayVotesPercent":0.0,"nominatorAbbr":{"fi":"KESK","sv":"C","en":"CENT"}},{"age":29,"advanceVotesPercent":0.0,"lastname":"Ollila","occupation":"myyjä","advanceVotes":0,"npid":7,"totalVotes":0,"spid":1,"abbr":"KESK","municipalCouncilor":false,"muid":508,"alid":7,"firstname":"Santtu","electionDayVotes":0,"pid":"2","finalPosition":0,"electedInformation":"NOT_ELECTED","totalVotesPercent":0.0,"nominatorName":{"fi":"Suomen Keskusta","sv":"Centern i Finland","en":"Centre Party of Finland"},"caid":83,"position":0,"gender":"1","comparisonData":{"totalVotes":19,"votesTotalChange":-19},"edid":7,"comparativeIndex":0.0,"electionDayVotesPercent":0.0,"nominatorAbbr":{"fi":"KESK","sv":"C","en":"CENT"}},{"age":47,"advanceVotesPercent":0.0,"lastname":"Ruohonen","occupation":"myyntipäällikkö","advanceVotes":0,"npid":7,"totalVotes":0,"spid":1,"abbr":"KESK","municipalCouncilor":false,"muid":508,"alid":7,"firstname":"Mika","electionDayVotes":0,"pid":"2","finalPosition":0,"electedInformation":"ON_SUBSTITUTE_PLACE","totalVotesPercent":0.0,"nominatorName":{"fi":"Suomen Keskusta","sv":"Centern i Finland","en":"Centre Party of Finland"},"caid":87,"position":0,"gender":"1","comparisonData":{"totalVotes":0,"votesTotalChange":0},"edid":7,"comparativeIndex":0.0,"electionDayVotesPercent":0.0,"nominatorAbbr":{"fi":"KESK","sv":"C","en":"CENT"}},{"age":43,"advanceVotesPercent":0.0,"lastname":"Välkki","occupation":"kahvilatyöntekijä, myyjä","advanceVotes":0,"npid":7,"totalVotes":0,"spid":1,"abbr":"KESK","municipalCouncilor":false,"muid":508,"alid":7,"firstname":"Minna","electionDayVotes":0,"pid":"2","finalPosition":0,"electedInformation":"ON_SUBSTITUTE_PLACE","totalVotesPercent":0.0,"nominatorName":{"fi":"Suomen Keskusta","sv":"Centern i Finland","en":"Centre Party of Finland"},"caid":90,"position":0,"gender":"2","comparisonData":{"totalVotes":0,"votesTotalChange":0},"edid":7,"comparativeIndex":0.0,"electionDayVotesPercent":0.0,"nominatorAbbr":{"fi":"KESK","sv":"C","en":"CENT"}}],"municipalityPollingDistricts":[{"name":{"fi":"Vilppula","sv":"Vilppula"},"calculationStatusPercent":100.0,"joinedArea":false,"muid":508,"totalVotingInFinlandTurnout":58.8,"identification":"001","pdid":"001","eligibleVotersInFinlandTotal":2640,"edid":7,"mergedToPdid":""},{"name":{"fi":"Kolho","sv":"Kolho"},"calculationStatusPercent":100.0,"joinedArea":false,"muid":508,"totalVotingInFinlandTurnout":61.4,"identification":"002","pdid":"002","eligibleVotersInFinlandTotal":932,"edid":7,"mergedToPdid":""},{"name":{"fi":"Pohjaslahti","sv":"Pohjaslahti"},"calculationStatusPercent":100.0,"joinedArea":false,"muid":508,"totalVotingInFinlandTurnout":81.8,"identification":"003","pdid":"003","eligibleVotersInFinlandTotal":247,"edid":7,"mergedToPdid":""},{"name":{"fi":"Koskela","sv":"Koskela"},"calculationStatusPercent":100.0,"joinedArea":false,"muid":508,"totalVotingInFinlandTurnout":58.5,"identification":"004","pdid":"004","eligibleVotersInFinlandTotal":3588,"edid":7,"mergedToPdid":""},{"name":{"fi":"Mänttä","sv":"Mänttä"},"calculationStatusPercent":100.0,"joinedArea":false,"muid":508,"totalVotingInFinlandTurnout":52.5,"identification":"005","pdid":"005","eligibleVotersInFinlandTotal":1348,"edid":7,"mergedToPdid":""}],"municipality":{"muid":508,"edid":7,"name":{"fi":"Mänttä-Vilppula","sv":"Mänttä-Vilppula"}}}