{"version":70,"created":"2017-04-09T22:37:28.014Z","electionDetails":{"electionId":"kv2017","electionDate":"2017-04-09T00:00:00.000Z","electionDataPublishTime":"2017-04-09T17:00:00.000Z","name":{"fi":"Kuntavaalit 2017","sv":"Kommunalval 2017","en":"Elections 2017"},"previousElections":{"correspondingCompareElection":{"electionId":"kv2012","electionDate":"2012-10-28T00:00:00.000Z","name":{"fi":"Kuntavaalit 2012","en":"Municipal elections 2012","sv":"Kommunalval 2012"}},"otherCompareElection":{"electionId":"ev2015","electionDate":"2015-04-19T00:00:00.000Z","name":{"fi":"Eduskuntavaalit 2015","en":"Parliamentary election 2015","sv":"Riksdagsval 2015"}}}},"calculationStatus":{"electionDayVotingTurnout":30.6,"invalidAdvanceVotes":2,"calculationPhase":"INITIAL","invalidElectionDayVotes":4,"approvedAdvanceVotes":743,"advanceVotingTurnout":28.2,"totalVotingTurnoutAbroad":0.0,"name":{"fi":"Vilppula","sv":"Vilppula"},"calculationStatusPercent":100.0,"advanceVotes":745,"electionDayVotingTurnoutAbroad":0.0,"approvedTotalVotes":1547,"totalVotes":1553,"muid":508,"totalVotingInFinlandTurnout":58.8,"advanceVotingTurnoutAbroad":0.0,"invalidTotalVotes":6,"totalVotingTurnout":58.8,"electionDayVotes":808,"electionDayVotesInFinland":808,"pdid":"001","totalVotesInFinlandMen":0,"eligibleVotersInFinlandTotal":2640,"calculationStatusPercentElectionDayVotes":100.0,"sourceRecordModificationTime":"20170409213759","otherCompareElection":{"eid":"","eligibleVotersInFinlandTotal":0,"advanceVotingInFinlandTurnout":0.0,"electionDayVotingInFinlandTurnout":0.0,"totalVotingInFinlandTurnout":0.0,"approvedVotesTotal":0,"invalidVotesTotal":0},"correspondingCompareElection":{"eid":"","eligibleVotersInFinlandTotal":0,"advanceVotingInFinlandTurnout":0.0,"electionDayVotingInFinlandTurnout":0.0,"totalVotingInFinlandTurnout":0.0,"approvedVotesTotal":0,"invalidVotesTotal":0,"seats":0},"approvedElectionDayVotes":804,"edid":7,"calculationStatusPercentAdvanceVotes":100.0,"electionDayVotingInFinlandTurnout":30.6,"seats":0,"eligibleVotersTotal":2640,"advanceVotesInFinland":745,"advanceVotingInFinlandTurnout":28.2,"totalVotesInFinland":1553},"partyResults":[{"advanceVotesPercent":32.8,"name":{"fi":"Suomen Keskusta","sv":"Centern i Finland","en":"Centre Party of Finland"},"advanceVotes":244,"npid":7,"totalVotes":483,"spid":1,"abbr":{"fi":"KESK","sv":"C","en":"CENT"},"alid":7,"electionDayVotes":239,"pid":"2","totalVotesPercent":31.2,"nominatorName":{"fi":"Suomen Keskusta","sv":"Centern i Finland","en":"Centre Party of Finland"},"compareData":{"otherCompareElection":{"votesTotalChange":0,"votesTotalPercentChange":0.0,"votesTotal":483,"votesTotalPercent":31.2},"correspondingCompareElection":{"votesTotalChange":0,"votesTotalPercentChange":0.0,"seatChange":0,"votesTotal":483,"votesTotalPercent":31.2,"seatsTotal":0}},"seats":0,"electionDayVotesPercent":29.7,"nominatorAbbr":{"fi":"KESK","sv":"C","en":"CENT"}},{"advanceVotesPercent":27.5,"name":{"fi":"Suomen Sosialidemokraattinen Puolue","sv":"Finlands Socialdemokratiska Parti","en":"The Finnish Social Democratic Party"},"advanceVotes":204,"npid":5,"totalVotes":423,"spid":4,"abbr":{"fi":"SDP","sv":"SDP","en":"SDP"},"alid":5,"electionDayVotes":219,"pid":"1","totalVotesPercent":27.3,"nominatorName":{"fi":"Suomen Sosialidemokraattinen Puolue","sv":"Finlands Socialdemokratiska Parti","en":"The Finnish Social Democratic Party"},"compareData":{"otherCompareElection":{"votesTotalChange":0,"votesTotalPercentChange":0.0,"votesTotal":423,"votesTotalPercent":27.3},"correspondingCompareElection":{"votesTotalChange":0,"votesTotalPercentChange":0.0,"seatChange":0,"votesTotal":423,"votesTotalPercent":27.3,"seatsTotal":0}},"seats":0,"electionDayVotesPercent":27.2,"nominatorAbbr":{"fi":"SDP","sv":"SDP","en":"SDP"}},{"advanceVotesPercent":11.8,"name":{"fi":"Perussuomalaiset","sv":"Sannfinländarna","en":"The Finns Party"},"advanceVotes":88,"npid":2,"totalVotes":218,"spid":3,"abbr":{"fi":"PS","sv":"Sannf","en":"FINNS"},"alid":2,"electionDayVotes":130,"pid":"23","totalVotesPercent":14.1,"nominatorName":{"fi":"Perussuomalaiset","sv":"Sannfinländarna","en":"The Finns Party"},"compareData":{"otherCompareElection":{"votesTotalChange":0,"votesTotalPercentChange":0.0,"votesTotal":218,"votesTotalPercent":14.1},"correspondingCompareElection":{"votesTotalChange":0,"votesTotalPercentChange":0.0,"seatChange":0,"votesTotal":218,"votesTotalPercent":14.1,"seatsTotal":0}},"seats":0,"electionDayVotesPercent":16.2,"nominatorAbbr":{"fi":"PS","sv":"Sannf","en":"FINNS"}},{"advanceVotesPercent":10.5,"name":{"fi":"Kansallinen Kokoomus","sv":"Samlingspartiet","en":"National Coalition Party"},"advanceVotes":78,"npid":3,"totalVotes":153,"spid":2,"abbr":{"fi":"KOK","sv":"Saml","en":"NCP"},"alid":3,"electionDayVotes":75,"pid":"4","totalVotesPercent":9.9,"nominatorName":{"fi":"Kansallinen Kokoomus","sv":"Samlingspartiet","en":"National Coalition Party"},"compareData":{"otherCompareElection":{"votesTotalChange":0,"votesTotalPercentChange":0.0,"votesTotal":153,"votesTotalPercent":9.9},"correspondingCompareElection":{"votesTotalChange":0,"votesTotalPercentChange":0.0,"seatChange":0,"votesTotal":153,"votesTotalPercent":9.9,"seatsTotal":0}},"seats":0,"electionDayVotesPercent":9.3,"nominatorAbbr":{"fi":"KOK","sv":"Saml","en":"NCP"}},{"advanceVotesPercent":6.9,"name":{"fi":"Vihreä liitto","sv":"Gröna förbundet","en":"Green League"},"advanceVotes":51,"npid":1,"totalVotes":106,"spid":5,"abbr":{"fi":"VIHR","sv":"Gröna","en":"GREEN"},"alid":1,"electionDayVotes":55,"pid":"13","totalVotesPercent":6.9,"nominatorName":{"fi":"Vihreä liitto","sv":"Gröna förbundet","en":"Green League"},"compareData":{"otherCompareElection":{"votesTotalChange":0,"votesTotalPercentChange":0.0,"votesTotal":106,"votesTotalPercent":6.9},"correspondingCompareElection":{"votesTotalChange":0,"votesTotalPercentChange":0.0,"seatChange":0,"votesTotal":106,"votesTotalPercent":6.9,"seatsTotal":0}},"seats":0,"electionDayVotesPercent":6.8,"nominatorAbbr":{"fi":"VIHR","sv":"Gröna","en":"GREEN"}},{"advanceVotesPercent":6.1,"name":{"fi":"Vasemmistoliitto","sv":"Vänsterförbundet","en":"The Left Alliance"},"advanceVotes":45,"npid":4,"totalVotes":94,"spid":6,"abbr":{"fi":"VAS","sv":"VF","en":"LEFT"},"alid":4,"electionDayVotes":49,"pid":"15","totalVotesPercent":6.1,"nominatorName":{"fi":"Vasemmistoliitto","sv":"Vänsterförbundet","en":"The Left Alliance"},"compareData":{"otherCompareElection":{"votesTotalChange":0,"votesTotalPercentChange":0.0,"votesTotal":94,"votesTotalPercent":6.1},"correspondingCompareElection":{"votesTotalChange":0,"votesTotalPercentChange":0.0,"seatChange":0,"votesTotal":94,"votesTotalPercent":6.1,"seatsTotal":0}},"seats":0,"electionDayVotesPercent":6.1,"nominatorAbbr":{"fi":"VAS","sv":"VF","en":"LEFT"}},{"advanceVotesPercent":4.4,"name":{"fi":"Suomen Kristillisdemokraatit (KD)","sv":"Kristdemokraterna i Finland (KD)","en":"Christian Democrats in Finland"},"advanceVotes":33,"npid":6,"totalVotes":70,"spid":8,"abbr":{"fi":"KD","sv":"KD","en":"CD"},"alid":6,"electionDayVotes":37,"pid":"9","totalVotesPercent":4.5,"nominatorName":{"fi":"Suomen Kristillisdemokraatit (KD)","sv":"Kristdemokraterna i Finland (KD)","en":"Christian Democrats in Finland"},"compareData":{"otherCompareElection":{"votesTotalChange":0,"votesTotalPercentChange":0.0,"votesTotal":70,"votesTotalPercent":4.5},"correspondingCompareElection":{"votesTotalChange":0,"votesTotalPercentChange":0.0,"seatChange":0,"votesTotal":70,"votesTotalPercent":4.5,"seatsTotal":0}},"seats":0,"electionDayVotesPercent":4.6,"nominatorAbbr":{"fi":"KD","sv":"KD","en":"CD"}}],"candidateResults":[{"age":61,"advanceVotesPercent":5.4,"lastname":"Mäkinen","occupation":"yrittäjä, parturi-kampaaja","advanceVotes":40,"npid":7,"totalVotes":76,"spid":1,"abbr":"KESK","municipalCouncilor":true,"muid":508,"alid":7,"firstname":"Alli","electionDayVotes":36,"pid":"2","finalPosition":0,"electedInformation":"ELECTED","totalVotesPercent":4.9,"nominatorName":{"fi":"Suomen Keskusta","sv":"Centern i Finland","en":"Centre Party of Finland"},"caid":81,"position":0,"gender":"2","comparisonData":{"totalVotes":163,"votesTotalChange":-87},"edid":7,"comparativeIndex":0.0,"electionDayVotesPercent":4.5,"nominatorAbbr":{"fi":"KESK","sv":"C","en":"CENT"}},{"age":54,"advanceVotesPercent":4.2,"lastname":"Tukia","occupation":"maatalousyrittäjä","advanceVotes":31,"npid":2,"totalVotes":71,"spid":3,"abbr":"PS","municipalCouncilor":true,"muid":508,"alid":2,"firstname":"Timo","electionDayVotes":40,"pid":"23","finalPosition":0,"electedInformation":"ELECTED","totalVotesPercent":4.6,"nominatorName":{"fi":"Perussuomalaiset","sv":"Sannfinländarna","en":"The Finns Party"},"caid":15,"position":0,"gender":"1","comparisonData":{"totalVotes":477,"votesTotalChange":-406},"edid":7,"comparativeIndex":0.0,"electionDayVotesPercent":5.0,"nominatorAbbr":{"fi":"PS","sv":"Sannf","en":"FINNS"}},{"age":36,"advanceVotesPercent":4.6,"lastname":"Ala-Herttuala","occupation":"tradenomi, lähihoitaja","advanceVotes":34,"npid":5,"totalVotes":71,"spid":4,"abbr":"SDP","municipalCouncilor":true,"muid":508,"alid":5,"firstname":"Marika","electionDayVotes":37,"pid":"1","finalPosition":0,"electedInformation":"ELECTED","totalVotesPercent":4.6,"nominatorName":{"fi":"Suomen Sosialidemokraattinen Puolue","sv":"Finlands Socialdemokratiska Parti","en":"The Finnish Social Democratic Party"},"caid":33,"position":0,"gender":"2","comparisonData":{"totalVotes":91,"votesTotalChange":-20},"edid":7,"comparativeIndex":0.0,"electionDayVotesPercent":4.6,"nominatorAbbr":{"fi":"SDP","sv":"SDP","en":"SDP"}},{"age":54,"advanceVotesPercent":5.2,"lastname":"Pirttilahti","occupation":"kansanedustaja","advanceVotes":39,"npid":7,"totalVotes":69,"spid":1,"abbr":"KESK","municipalCouncilor":true,"muid":508,"alid":7,"firstname":"Arto","electionDayVotes":30,"pid":"2","finalPosition":0,"electedInformation":"ELECTED","totalVotesPercent":4.5,"nominatorName":{"fi":"Suomen Keskusta","sv":"Centern i Finland","en":"Centre Party of Finland"},"caid":85,"position":0,"gender":"1","comparisonData":{"totalVotes":313,"votesTotalChange":-244},"edid":7,"comparativeIndex":0.0,"electionDayVotesPercent":3.7,"nominatorAbbr":{"fi":"KESK","sv":"C","en":"CENT"}},{"age":58,"advanceVotesPercent":3.9,"lastname":"Lampinen","occupation":"FM, asiantuntija","advanceVotes":29,"npid":7,"totalVotes":66,"spid":1,"abbr":"KESK","municipalCouncilor":false,"muid":508,"alid":7,"firstname":"Arto","electionDayVotes":37,"pid":"2","finalPosition":0,"electedInformation":"ELECTED","totalVotesPercent":4.3,"nominatorName":{"fi":"Suomen Keskusta","sv":"Centern i Finland","en":"Centre Party of Finland"},"caid":77,"position":0,"gender":"1","comparisonData":{"totalVotes":0,"votesTotalChange":66},"edid":7,"comparativeIndex":0.0,"electionDayVotesPercent":4.6,"nominatorAbbr":{"fi":"KESK","sv":"C","en":"CENT"}},{"age":41,"advanceVotesPercent":2.7,"lastname":"Frisk","occupation":"metsäkoneenkuljettaja","advanceVotes":20,"npid":2,"totalVotes":59,"spid":3,"abbr":"PS","municipalCouncilor":false,"muid":508,"alid":2,"firstname":"Jani","electionDayVotes":39,"pid":"23","finalPosition":0,"electedInformation":"ELECTED","totalVotesPercent":3.8,"nominatorName":{"fi":"Perussuomalaiset","sv":"Sannfinländarna","en":"The Finns Party"},"caid":7,"position":0,"gender":"1","comparisonData":{"totalVotes":0,"votesTotalChange":59},"edid":7,"comparativeIndex":0.0,"electionDayVotesPercent":4.9,"nominatorAbbr":{"fi":"PS","sv":"Sannf","en":"FINNS"}},{"age":61,"advanceVotesPercent":4.0,"lastname":"Hietanen","occupation":"kirvesmies, pääluottamusmies","advanceVotes":30,"npid":5,"totalVotes":58,"spid":4,"abbr":"SDP","municipalCouncilor":false,"muid":508,"alid":5,"firstname":"Kalevi","electionDayVotes":28,"pid":"1","finalPosition":0,"electedInformation":"ELECTED","totalVotesPercent":3.7,"nominatorName":{"fi":"Suomen Sosialidemokraattinen Puolue","sv":"Finlands Socialdemokratiska Parti","en":"The Finnish Social Democratic Party"},"caid":37,"position":0,"gender":"1","comparisonData":{"totalVotes":0,"votesTotalChange":58},"edid":7,"comparativeIndex":0.0,"electionDayVotesPercent":3.5,"nominatorAbbr":{"fi":"SDP","sv":"SDP","en":"SDP"}},{"age":61,"advanceVotesPercent":4.6,"lastname":"Kivilahti","occupation":"maanviljelijä","advanceVotes":34,"npid":7,"totalVotes":57,"spid":1,"abbr":"KESK","municipalCouncilor":true,"muid":508,"alid":7,"firstname":"Mikko","electionDayVotes":23,"pid":"2","finalPosition":0,"electedInformation":"ELECTED","totalVotesPercent":3.7,"nominatorName":{"fi":"Suomen Keskusta","sv":"Centern i Finland","en":"Centre Party of Finland"},"caid":74,"position":0,"gender":"1","comparisonData":{"totalVotes":145,"votesTotalChange":-88},"edid":7,"comparativeIndex":0.0,"electionDayVotesPercent":2.9,"nominatorAbbr":{"fi":"KESK","sv":"C","en":"CENT"}},{"age":55,"advanceVotesPercent":3.0,"lastname":"Ylä-Pynnönen","occupation":"KTM, maatalousyrittäjä","advanceVotes":22,"npid":3,"totalVotes":53,"spid":2,"abbr":"KOK","municipalCouncilor":true,"muid":508,"alid":3,"firstname":"Hilkka","electionDayVotes":31,"pid":"4","finalPosition":0,"electedInformation":"ELECTED","totalVotesPercent":3.4,"nominatorName":{"fi":"Kansallinen Kokoomus","sv":"Samlingspartiet","en":"National Coalition Party"},"caid":24,"position":0,"gender":"2","comparisonData":{"totalVotes":154,"votesTotalChange":-101},"edid":7,"comparativeIndex":0.0,"electionDayVotesPercent":3.9,"nominatorAbbr":{"fi":"KOK","sv":"Saml","en":"NCP"}},{"age":63,"advanceVotesPercent":2.7,"lastname":"Aronen","occupation":"kiinteistönhoitaja","advanceVotes":20,"npid":5,"totalVotes":52,"spid":4,"abbr":"SDP","municipalCouncilor":false,"muid":508,"alid":5,"firstname":"Tommi","electionDayVotes":32,"pid":"1","finalPosition":0,"electedInformation":"ELECTED","totalVotesPercent":3.4,"nominatorName":{"fi":"Suomen Sosialidemokraattinen Puolue","sv":"Finlands Socialdemokratiska Parti","en":"The Finnish Social Democratic Party"},"caid":35,"position":0,"gender":"1","comparisonData":{"totalVotes":0,"votesTotalChange":52},"edid":7,"comparativeIndex":0.0,"electionDayVotesPercent":4.0,"nominatorAbbr":{"fi":"SDP","sv":"SDP","en":"SDP"}},{"age":50,"advanceVotesPercent":2.8,"lastname":"Lundell","occupation":"TaM, kuvataiteen lehtori","advanceVotes":21,"npid":1,"totalVotes":47,"spid":5,"abbr":"VIHR","municipalCouncilor":false,"muid":508,"alid":1,"firstname":"Leea","electionDayVotes":26,"pid":"13","finalPosition":0,"electedInformation":"ELECTED","totalVotesPercent":3.0,"nominatorName":{"fi":"Vihreä liitto","sv":"Gröna förbundet","en":"Green League"},"caid":6,"position":0,"gender":"2","comparisonData":{"totalVotes":0,"votesTotalChange":47},"edid":7,"comparativeIndex":0.0,"electionDayVotesPercent":3.2,"nominatorAbbr":{"fi":"VIHR","sv":"Gröna","en":"GREEN"}},{"age":83,"advanceVotesPercent":3.8,"lastname":"Mäkelä","occupation":"yrittäjä, eläkeläinen","advanceVotes":28,"npid":7,"totalVotes":47,"spid":1,"abbr":"KESK","municipalCouncilor":true,"muid":508,"alid":7,"firstname":"Tauno","electionDayVotes":19,"pid":"2","finalPosition":0,"electedInformation":"ELECTED","totalVotesPercent":3.0,"nominatorName":{"fi":"Suomen Keskusta","sv":"Centern i Finland","en":"Centre Party of Finland"},"caid":80,"position":0,"gender":"1","comparisonData":{"totalVotes":86,"votesTotalChange":-39},"edid":7,"comparativeIndex":0.0,"electionDayVotesPercent":2.4,"nominatorAbbr":{"fi":"KESK","sv":"C","en":"CENT"}},{"age":55,"advanceVotesPercent":2.7,"lastname":"Rauhalammi","occupation":"hallintopäällikkö","advanceVotes":20,"npid":6,"totalVotes":42,"spid":8,"abbr":"KD","municipalCouncilor":true,"muid":508,"alid":6,"firstname":"Timo","electionDayVotes":22,"pid":"9","finalPosition":0,"electedInformation":"ELECTED","totalVotesPercent":2.7,"nominatorName":{"fi":"Suomen Kristillisdemokraatit (KD)","sv":"Kristdemokraterna i Finland (KD)","en":"Christian Democrats in Finland"},"caid":71,"position":0,"gender":"1","comparisonData":{"totalVotes":72,"votesTotalChange":-30},"edid":7,"comparativeIndex":0.0,"electionDayVotesPercent":2.7,"nominatorAbbr":{"fi":"KD","sv":"KD","en":"CD"}},{"age":28,"advanceVotesPercent":2.8,"lastname":"Hakala","occupation":"sairaanhoitaja","advanceVotes":21,"npid":1,"totalVotes":39,"spid":5,"abbr":"VIHR","municipalCouncilor":true,"muid":508,"alid":1,"firstname":"Henna","electionDayVotes":18,"pid":"13","finalPosition":0,"electedInformation":"ELECTED","totalVotesPercent":2.5,"nominatorName":{"fi":"Vihreä liitto","sv":"Gröna förbundet","en":"Green League"},"caid":3,"position":0,"gender":"2","comparisonData":{"totalVotes":66,"votesTotalChange":-27},"edid":7,"comparativeIndex":0.0,"electionDayVotesPercent":2.2,"nominatorAbbr":{"fi":"VIHR","sv":"Gröna","en":"GREEN"}},{"age":52,"advanceVotesPercent":2.4,"lastname":"Kouvonen","occupation":"toimitusjohtaja","advanceVotes":18,"npid":3,"totalVotes":37,"spid":2,"abbr":"KOK","municipalCouncilor":true,"muid":508,"alid":3,"firstname":"Sami","electionDayVotes":19,"pid":"4","finalPosition":0,"electedInformation":"ELECTED","totalVotesPercent":2.4,"nominatorName":{"fi":"Kansallinen Kokoomus","sv":"Samlingspartiet","en":"National Coalition Party"},"caid":20,"position":0,"gender":"1","comparisonData":{"totalVotes":161,"votesTotalChange":-124},"edid":7,"comparativeIndex":0.0,"electionDayVotesPercent":2.4,"nominatorAbbr":{"fi":"KOK","sv":"Saml","en":"NCP"}},{"age":69,"advanceVotesPercent":2.8,"lastname":"Mikkola","occupation":"liikuntapaikkamestari, eläkeläinen","advanceVotes":21,"npid":5,"totalVotes":37,"spid":4,"abbr":"SDP","municipalCouncilor":false,"muid":508,"alid":5,"firstname":"Esa","electionDayVotes":16,"pid":"1","finalPosition":0,"electedInformation":"ELECTED","totalVotesPercent":2.4,"nominatorName":{"fi":"Suomen Sosialidemokraattinen Puolue","sv":"Finlands Socialdemokratiska Parti","en":"The Finnish Social Democratic Party"},"caid":49,"position":0,"gender":"1","comparisonData":{"totalVotes":0,"votesTotalChange":37},"edid":7,"comparativeIndex":0.0,"electionDayVotesPercent":2.0,"nominatorAbbr":{"fi":"SDP","sv":"SDP","en":"SDP"}},{"age":19,"advanceVotesPercent":1.3,"lastname":"Anttila","occupation":"opiskelija","advanceVotes":10,"npid":7,"totalVotes":30,"spid":1,"abbr":"KESK","municipalCouncilor":false,"muid":508,"alid":7,"firstname":"Lasse","electionDayVotes":20,"pid":"2","finalPosition":0,"electedInformation":"ON_SUBSTITUTE_PLACE","totalVotesPercent":1.9,"nominatorName":{"fi":"Suomen Keskusta","sv":"Centern i Finland","en":"Centre Party of Finland"},"caid":73,"position":0,"gender":"1","comparisonData":{"totalVotes":0,"votesTotalChange":30},"edid":7,"comparativeIndex":0.0,"electionDayVotesPercent":2.5,"nominatorAbbr":{"fi":"KESK","sv":"C","en":"CENT"}},{"age":61,"advanceVotesPercent":1.9,"lastname":"Paananen","occupation":"CNC-koneistaja","advanceVotes":14,"npid":4,"totalVotes":28,"spid":6,"abbr":"VAS","municipalCouncilor":true,"muid":508,"alid":4,"firstname":"Pentti","electionDayVotes":14,"pid":"15","finalPosition":0,"electedInformation":"ELECTED","totalVotesPercent":1.8,"nominatorName":{"fi":"Vasemmistoliitto","sv":"Vänsterförbundet","en":"The Left Alliance"},"caid":30,"position":0,"gender":"1","comparisonData":{"totalVotes":121,"votesTotalChange":-93},"edid":7,"comparativeIndex":0.0,"electionDayVotesPercent":1.7,"nominatorAbbr":{"fi":"VAS","sv":"VF","en":"LEFT"}},{"age":44,"advanceVotesPercent":1.6,"lastname":"Päivärinta","occupation":"yrittäjä, taksiautoilija","advanceVotes":12,"npid":2,"totalVotes":27,"spid":3,"abbr":"PS","municipalCouncilor":false,"muid":508,"alid":2,"firstname":"Sari","electionDayVotes":15,"pid":"23","finalPosition":0,"electedInformation":"ON_SUBSTITUTE_PLACE","totalVotesPercent":1.7,"nominatorName":{"fi":"Perussuomalaiset","sv":"Sannfinländarna","en":"The Finns Party"},"caid":12,"position":0,"gender":"2","comparisonData":{"totalVotes":0,"votesTotalChange":27},"edid":7,"comparativeIndex":0.0,"electionDayVotesPercent":1.9,"nominatorAbbr":{"fi":"PS","sv":"Sannf","en":"FINNS"}},{"age":37,"advanceVotesPercent":2.2,"lastname":"Pirttilahti","occupation":"sairaanhoitaja (AMK)","advanceVotes":16,"npid":7,"totalVotes":27,"spid":1,"abbr":"KESK","municipalCouncilor":true,"muid":508,"alid":7,"firstname":"Tea","electionDayVotes":11,"pid":"2","finalPosition":0,"electedInformation":"ELECTED","totalVotesPercent":1.7,"nominatorName":{"fi":"Suomen Keskusta","sv":"Centern i Finland","en":"Centre Party of Finland"},"caid":86,"position":0,"gender":"2","comparisonData":{"totalVotes":72,"votesTotalChange":-45},"edid":7,"comparativeIndex":0.0,"electionDayVotesPercent":1.4,"nominatorAbbr":{"fi":"KESK","sv":"C","en":"CENT"}},{"age":71,"advanceVotesPercent":2.0,"lastname":"Niittymäki","occupation":"maaseutuyrittäjä, eläkeläinen","advanceVotes":15,"npid":7,"totalVotes":23,"spid":1,"abbr":"KESK","municipalCouncilor":true,"muid":508,"alid":7,"firstname":"Antti","electionDayVotes":8,"pid":"2","finalPosition":0,"electedInformation":"ON_SUBSTITUTE_PLACE","totalVotesPercent":1.5,"nominatorName":{"fi":"Suomen Keskusta","sv":"Centern i Finland","en":"Centre Party of Finland"},"caid":82,"position":0,"gender":"1","comparisonData":{"totalVotes":59,"votesTotalChange":-36},"edid":7,"comparativeIndex":0.0,"electionDayVotesPercent":1.0,"nominatorAbbr":{"fi":"KESK","sv":"C","en":"CENT"}},{"age":51,"advanceVotesPercent":1.3,"lastname":"Anttila","occupation":"fysioterapeutti","advanceVotes":10,"npid":3,"totalVotes":21,"spid":2,"abbr":"KOK","municipalCouncilor":true,"muid":508,"alid":3,"firstname":"Mira","electionDayVotes":11,"pid":"4","finalPosition":0,"electedInformation":"ELECTED","totalVotesPercent":1.4,"nominatorName":{"fi":"Kansallinen Kokoomus","sv":"Samlingspartiet","en":"National Coalition Party"},"caid":17,"position":0,"gender":"2","comparisonData":{"totalVotes":141,"votesTotalChange":-120},"edid":7,"comparativeIndex":0.0,"electionDayVotesPercent":1.4,"nominatorAbbr":{"fi":"KOK","sv":"Saml","en":"NCP"}},{"age":69,"advanceVotesPercent":1.3,"lastname":"Juurakko","occupation":"palkanlaskija, eläkeläinen","advanceVotes":10,"npid":5,"totalVotes":20,"spid":4,"abbr":"SDP","municipalCouncilor":false,"muid":508,"alid":5,"firstname":"Tuula","electionDayVotes":10,"pid":"1","finalPosition":0,"electedInformation":"ELECTED","totalVotesPercent":1.3,"nominatorName":{"fi":"Suomen Sosialidemokraattinen Puolue","sv":"Finlands Socialdemokratiska Parti","en":"The Finnish Social Democratic Party"},"caid":40,"position":0,"gender":"2","comparisonData":{"totalVotes":0,"votesTotalChange":20},"edid":7,"comparativeIndex":0.0,"electionDayVotesPercent":1.2,"nominatorAbbr":{"fi":"SDP","sv":"SDP","en":"SDP"}},{"age":25,"advanceVotesPercent":1.7,"lastname":"Kivilahti","occupation":"agrologi, maa- ja metsätalousyrittäjä","advanceVotes":13,"npid":7,"totalVotes":19,"spid":1,"abbr":"KESK","municipalCouncilor":false,"muid":508,"alid":7,"firstname":"Timo","electionDayVotes":6,"pid":"2","finalPosition":0,"electedInformation":"ON_SUBSTITUTE_PLACE","totalVotesPercent":1.2,"nominatorName":{"fi":"Suomen Keskusta","sv":"Centern i Finland","en":"Centre Party of Finland"},"caid":75,"position":0,"gender":"1","comparisonData":{"totalVotes":0,"votesTotalChange":19},"edid":7,"comparativeIndex":0.0,"electionDayVotesPercent":0.7,"nominatorAbbr":{"fi":"KESK","sv":"C","en":"CENT"}},{"age":61,"advanceVotesPercent":1.3,"lastname":"Pirttijärvi","occupation":"yhteiskuntatieteiden lisensiaatti","advanceVotes":10,"npid":5,"totalVotes":17,"spid":4,"abbr":"SDP","municipalCouncilor":true,"muid":508,"alid":5,"firstname":"Eero","electionDayVotes":7,"pid":"1","finalPosition":0,"electedInformation":"ELECTED","totalVotesPercent":1.1,"nominatorName":{"fi":"Suomen Sosialidemokraattinen Puolue","sv":"Finlands Socialdemokratiska Parti","en":"The Finnish Social Democratic Party"},"caid":55,"position":0,"gender":"1","comparisonData":{"totalVotes":57,"votesTotalChange":-40},"edid":7,"comparativeIndex":0.0,"electionDayVotesPercent":0.9,"nominatorAbbr":{"fi":"SDP","sv":"SDP","en":"SDP"}},{"age":54,"advanceVotesPercent":0.8,"lastname":"Pohjonen","occupation":"eläkeläinen","advanceVotes":6,"npid":5,"totalVotes":17,"spid":4,"abbr":"SDP","municipalCouncilor":false,"muid":508,"alid":5,"firstname":"Sakari","electionDayVotes":11,"pid":"1","finalPosition":0,"electedInformation":"ON_SUBSTITUTE_PLACE","totalVotesPercent":1.1,"nominatorName":{"fi":"Suomen Sosialidemokraattinen Puolue","sv":"Finlands Socialdemokratiska Parti","en":"The Finnish Social Democratic Party"},"caid":58,"position":0,"gender":"1","comparisonData":{"totalVotes":0,"votesTotalChange":17},"edid":7,"comparativeIndex":0.0,"electionDayVotesPercent":1.4,"nominatorAbbr":{"fi":"SDP","sv":"SDP","en":"SDP"}},{"age":65,"advanceVotesPercent":0.9,"lastname":"Salmi","occupation":"kapteeni evp","advanceVotes":7,"npid":7,"totalVotes":17,"spid":1,"abbr":"KESK","municipalCouncilor":false,"muid":508,"alid":7,"firstname":"Kalevi","electionDayVotes":10,"pid":"2","finalPosition":0,"electedInformation":"ON_SUBSTITUTE_PLACE","totalVotesPercent":1.1,"nominatorName":{"fi":"Suomen Keskusta","sv":"Centern i Finland","en":"Centre Party of Finland"},"caid":88,"position":0,"gender":"1","comparisonData":{"totalVotes":21,"votesTotalChange":-4},"edid":7,"comparativeIndex":0.0,"electionDayVotesPercent":1.2,"nominatorAbbr":{"fi":"KESK","sv":"C","en":"CENT"}},{"age":51,"advanceVotesPercent":1.1,"lastname":"Helander","occupation":"sairaanhoitaja","advanceVotes":8,"npid":4,"totalVotes":16,"spid":6,"abbr":"VAS","municipalCouncilor":true,"muid":508,"alid":4,"firstname":"Anneli","electionDayVotes":8,"pid":"15","finalPosition":0,"electedInformation":"ELECTED","totalVotesPercent":1.0,"nominatorName":{"fi":"Vasemmistoliitto","sv":"Vänsterförbundet","en":"The Left Alliance"},"caid":26,"position":0,"gender":"2","comparisonData":{"totalVotes":49,"votesTotalChange":-33},"edid":7,"comparativeIndex":0.0,"electionDayVotesPercent":1.0,"nominatorAbbr":{"fi":"VAS","sv":"VF","en":"LEFT"}},{"age":69,"advanceVotesPercent":0.7,"lastname":"Anttila","occupation":"liikenneopettaja, sahansoittaja","advanceVotes":5,"npid":6,"totalVotes":16,"spid":8,"abbr":"KD","municipalCouncilor":false,"muid":508,"alid":6,"firstname":"Kari","electionDayVotes":11,"pid":"9","finalPosition":0,"electedInformation":"ON_SUBSTITUTE_PLACE","totalVotesPercent":1.0,"nominatorName":{"fi":"Suomen Kristillisdemokraatit (KD)","sv":"Kristdemokraterna i Finland (KD)","en":"Christian Democrats in Finland"},"caid":67,"position":0,"gender":"1","comparisonData":{"totalVotes":54,"votesTotalChange":-38},"edid":7,"comparativeIndex":0.0,"electionDayVotesPercent":1.4,"nominatorAbbr":{"fi":"KD","sv":"KD","en":"CD"}},{"age":45,"advanceVotesPercent":0.4,"lastname":"Liettyä","occupation":"agrologi (AMK), maaseutusihteeri","advanceVotes":3,"npid":7,"totalVotes":16,"spid":1,"abbr":"KESK","municipalCouncilor":true,"muid":508,"alid":7,"firstname":"Anna-Liisa","electionDayVotes":13,"pid":"2","finalPosition":0,"electedInformation":"ELECTED","totalVotesPercent":1.0,"nominatorName":{"fi":"Suomen Keskusta","sv":"Centern i Finland","en":"Centre Party of Finland"},"caid":79,"position":0,"gender":"2","comparisonData":{"totalVotes":49,"votesTotalChange":-33},"edid":7,"comparativeIndex":0.0,"electionDayVotesPercent":1.6,"nominatorAbbr":{"fi":"KESK","sv":"C","en":"CENT"}},{"age":72,"advanceVotesPercent":1.2,"lastname":"Anttila","occupation":"henkilöstöpäällikkö, eläkeläinen","advanceVotes":9,"npid":5,"totalVotes":15,"spid":4,"abbr":"SDP","municipalCouncilor":true,"muid":508,"alid":5,"firstname":"Martti","electionDayVotes":6,"pid":"1","finalPosition":0,"electedInformation":"ELECTED","totalVotesPercent":1.0,"nominatorName":{"fi":"Suomen Sosialidemokraattinen Puolue","sv":"Finlands Socialdemokratiska Parti","en":"The Finnish Social Democratic Party"},"caid":34,"position":0,"gender":"1","comparisonData":{"totalVotes":84,"votesTotalChange":-69},"edid":7,"comparativeIndex":0.0,"electionDayVotesPercent":0.7,"nominatorAbbr":{"fi":"SDP","sv":"SDP","en":"SDP"}},{"age":66,"advanceVotesPercent":1.5,"lastname":"Matilainen","occupation":"eläkeläinen","advanceVotes":11,"npid":3,"totalVotes":14,"spid":2,"abbr":"KOK","municipalCouncilor":true,"muid":508,"alid":3,"firstname":"Mauri","electionDayVotes":3,"pid":"4","finalPosition":0,"electedInformation":"ON_SUBSTITUTE_PLACE","totalVotesPercent":0.9,"nominatorName":{"fi":"Kansallinen Kokoomus","sv":"Samlingspartiet","en":"National Coalition Party"},"caid":21,"position":0,"gender":"1","comparisonData":{"totalVotes":64,"votesTotalChange":-50},"edid":7,"comparativeIndex":0.0,"electionDayVotesPercent":0.4,"nominatorAbbr":{"fi":"KOK","sv":"Saml","en":"NCP"}},{"age":33,"advanceVotesPercent":0.7,"lastname":"Määttänen","occupation":"teollinen muotoilija","advanceVotes":5,"npid":4,"totalVotes":14,"spid":6,"abbr":"VAS","municipalCouncilor":false,"muid":508,"alid":4,"firstname":"Mikko","electionDayVotes":9,"pid":"15","finalPosition":0,"electedInformation":"ON_SUBSTITUTE_PLACE","totalVotesPercent":0.9,"nominatorName":{"fi":"Vasemmistoliitto","sv":"Vänsterförbundet","en":"The Left Alliance"},"caid":29,"position":0,"gender":"1","comparisonData":{"totalVotes":0,"votesTotalChange":14},"edid":7,"comparativeIndex":0.0,"electionDayVotesPercent":1.1,"nominatorAbbr":{"fi":"VAS","sv":"VF","en":"LEFT"}},{"age":48,"advanceVotesPercent":0.8,"lastname":"Muhonen","occupation":"eläkeläinen, opiskelija","advanceVotes":6,"npid":4,"totalVotes":13,"spid":6,"abbr":"VAS","municipalCouncilor":false,"muid":508,"alid":4,"firstname":"Jouni","electionDayVotes":7,"pid":"15","finalPosition":0,"electedInformation":"NOT_ELECTED","totalVotesPercent":0.8,"nominatorName":{"fi":"Vasemmistoliitto","sv":"Vänsterförbundet","en":"The Left Alliance"},"caid":28,"position":0,"gender":"1","comparisonData":{"totalVotes":27,"votesTotalChange":-14},"edid":7,"comparativeIndex":0.0,"electionDayVotesPercent":0.9,"nominatorAbbr":{"fi":"VAS","sv":"VF","en":"LEFT"}},{"age":48,"advanceVotesPercent":0.8,"lastname":"Turpeinen","occupation":"linja-autonkuljettaja","advanceVotes":6,"npid":5,"totalVotes":13,"spid":4,"abbr":"SDP","municipalCouncilor":false,"muid":508,"alid":5,"firstname":"Jyri","electionDayVotes":7,"pid":"1","finalPosition":0,"electedInformation":"ON_SUBSTITUTE_PLACE","totalVotesPercent":0.8,"nominatorName":{"fi":"Suomen Sosialidemokraattinen Puolue","sv":"Finlands Socialdemokratiska Parti","en":"The Finnish Social Democratic Party"},"caid":62,"position":0,"gender":"1","comparisonData":{"totalVotes":0,"votesTotalChange":13},"edid":7,"comparativeIndex":0.0,"electionDayVotesPercent":0.9,"nominatorAbbr":{"fi":"SDP","sv":"SDP","en":"SDP"}},{"age":62,"advanceVotesPercent":0.5,"lastname":"Neulaniemi","occupation":"tuotantopäällikkö","advanceVotes":4,"npid":2,"totalVotes":12,"spid":3,"abbr":"PS","municipalCouncilor":true,"muid":508,"alid":2,"firstname":"Keijo","electionDayVotes":8,"pid":"23","finalPosition":0,"electedInformation":"ON_SUBSTITUTE_PLACE","totalVotesPercent":0.8,"nominatorName":{"fi":"Perussuomalaiset","sv":"Sannfinländarna","en":"The Finns Party"},"caid":10,"position":0,"gender":"1","comparisonData":{"totalVotes":53,"votesTotalChange":-41},"edid":7,"comparativeIndex":0.0,"electionDayVotesPercent":1.0,"nominatorAbbr":{"fi":"PS","sv":"Sannf","en":"FINNS"}},{"age":60,"advanceVotesPercent":0.8,"lastname":"Suntila","occupation":"postinjakaja, työtön","advanceVotes":6,"npid":5,"totalVotes":11,"spid":4,"abbr":"SDP","municipalCouncilor":false,"muid":508,"alid":5,"firstname":"Veijo","electionDayVotes":5,"pid":"1","finalPosition":0,"electedInformation":"ON_SUBSTITUTE_PLACE","totalVotesPercent":0.7,"nominatorName":{"fi":"Suomen Sosialidemokraattinen Puolue","sv":"Finlands Socialdemokratiska Parti","en":"The Finnish Social Democratic Party"},"caid":60,"position":0,"gender":"1","comparisonData":{"totalVotes":0,"votesTotalChange":11},"edid":7,"comparativeIndex":0.0,"electionDayVotesPercent":0.6,"nominatorAbbr":{"fi":"SDP","sv":"SDP","en":"SDP"}},{"age":43,"advanceVotesPercent":0.5,"lastname":"Välkki","occupation":"kahvilatyöntekijä, myyjä","advanceVotes":4,"npid":7,"totalVotes":11,"spid":1,"abbr":"KESK","municipalCouncilor":false,"muid":508,"alid":7,"firstname":"Minna","electionDayVotes":7,"pid":"2","finalPosition":0,"electedInformation":"ON_SUBSTITUTE_PLACE","totalVotesPercent":0.7,"nominatorName":{"fi":"Suomen Keskusta","sv":"Centern i Finland","en":"Centre Party of Finland"},"caid":90,"position":0,"gender":"2","comparisonData":{"totalVotes":0,"votesTotalChange":11},"edid":7,"comparativeIndex":0.0,"electionDayVotesPercent":0.9,"nominatorAbbr":{"fi":"KESK","sv":"C","en":"CENT"}},{"age":39,"advanceVotesPercent":0.5,"lastname":"Lahtinen","occupation":"prosessinhoitaja","advanceVotes":4,"npid":2,"totalVotes":10,"spid":3,"abbr":"PS","municipalCouncilor":false,"muid":508,"alid":2,"firstname":"Janne","electionDayVotes":6,"pid":"23","finalPosition":0,"electedInformation":"ELECTED","totalVotesPercent":0.6,"nominatorName":{"fi":"Perussuomalaiset","sv":"Sannfinländarna","en":"The Finns Party"},"caid":9,"position":0,"gender":"1","comparisonData":{"totalVotes":0,"votesTotalChange":10},"edid":7,"comparativeIndex":0.0,"electionDayVotesPercent":0.7,"nominatorAbbr":{"fi":"PS","sv":"Sannf","en":"FINNS"}},{"age":33,"advanceVotesPercent":0.1,"lastname":"Stålhammar","occupation":"yrittäjä","advanceVotes":1,"npid":2,"totalVotes":10,"spid":3,"abbr":"PS","municipalCouncilor":false,"muid":508,"alid":2,"firstname":"Roy","electionDayVotes":9,"pid":"23","finalPosition":0,"electedInformation":"ON_SUBSTITUTE_PLACE","totalVotesPercent":0.6,"nominatorName":{"fi":"Perussuomalaiset","sv":"Sannfinländarna","en":"The Finns Party"},"caid":13,"position":0,"gender":"1","comparisonData":{"totalVotes":0,"votesTotalChange":10},"edid":7,"comparativeIndex":0.0,"electionDayVotesPercent":1.1,"nominatorAbbr":{"fi":"PS","sv":"Sannf","en":"FINNS"}},{"age":54,"advanceVotesPercent":0.3,"lastname":"Koivu","occupation":"työsuojeluvaltuutettu","advanceVotes":2,"npid":5,"totalVotes":10,"spid":4,"abbr":"SDP","municipalCouncilor":true,"muid":508,"alid":5,"firstname":"Ahti","electionDayVotes":8,"pid":"1","finalPosition":0,"electedInformation":"ELECTED","totalVotesPercent":0.6,"nominatorName":{"fi":"Suomen Sosialidemokraattinen Puolue","sv":"Finlands Socialdemokratiska Parti","en":"The Finnish Social Democratic Party"},"caid":42,"position":0,"gender":"1","comparisonData":{"totalVotes":63,"votesTotalChange":-53},"edid":7,"comparativeIndex":0.0,"electionDayVotesPercent":1.0,"nominatorAbbr":{"fi":"SDP","sv":"SDP","en":"SDP"}},{"age":42,"advanceVotesPercent":0.7,"lastname":"Korhonen","occupation":"röntgenhoitaja","advanceVotes":5,"npid":1,"totalVotes":9,"spid":5,"abbr":"VIHR","municipalCouncilor":false,"muid":508,"alid":1,"firstname":"Riina","electionDayVotes":4,"pid":"13","finalPosition":0,"electedInformation":"ON_SUBSTITUTE_PLACE","totalVotesPercent":0.6,"nominatorName":{"fi":"Vihreä liitto","sv":"Gröna förbundet","en":"Green League"},"caid":5,"position":0,"gender":"2","comparisonData":{"totalVotes":39,"votesTotalChange":-30},"edid":7,"comparativeIndex":0.0,"electionDayVotesPercent":0.5,"nominatorAbbr":{"fi":"VIHR","sv":"Gröna","en":"GREEN"}},{"age":22,"advanceVotesPercent":0.8,"lastname":"Dmitriev","occupation":"lähihoitaja","advanceVotes":6,"npid":3,"totalVotes":9,"spid":2,"abbr":"KOK","municipalCouncilor":false,"muid":508,"alid":3,"firstname":"Konstantin","electionDayVotes":3,"pid":"4","finalPosition":0,"electedInformation":"ON_SUBSTITUTE_PLACE","totalVotesPercent":0.6,"nominatorName":{"fi":"Kansallinen Kokoomus","sv":"Samlingspartiet","en":"National Coalition Party"},"caid":18,"position":0,"gender":"1","comparisonData":{"totalVotes":26,"votesTotalChange":-17},"edid":7,"comparativeIndex":0.0,"electionDayVotesPercent":0.4,"nominatorAbbr":{"fi":"KOK","sv":"Saml","en":"NCP"}},{"age":61,"advanceVotesPercent":0.4,"lastname":"Jatkola","occupation":"koneistaja","advanceVotes":3,"npid":5,"totalVotes":9,"spid":4,"abbr":"SDP","municipalCouncilor":true,"muid":508,"alid":5,"firstname":"Ilkka","electionDayVotes":6,"pid":"1","finalPosition":0,"electedInformation":"ELECTED","totalVotesPercent":0.6,"nominatorName":{"fi":"Suomen Sosialidemokraattinen Puolue","sv":"Finlands Socialdemokratiska Parti","en":"The Finnish Social Democratic Party"},"caid":39,"position":0,"gender":"1","comparisonData":{"totalVotes":83,"votesTotalChange":-74},"edid":7,"comparativeIndex":0.0,"electionDayVotesPercent":0.7,"nominatorAbbr":{"fi":"SDP","sv":"SDP","en":"SDP"}},{"age":31,"advanceVotesPercent":0.5,"lastname":"Pohja","occupation":"lentokoneasentaja","advanceVotes":4,"npid":5,"totalVotes":9,"spid":4,"abbr":"SDP","municipalCouncilor":true,"muid":508,"alid":5,"firstname":"Paavo","electionDayVotes":5,"pid":"1","finalPosition":0,"electedInformation":"ON_SUBSTITUTE_PLACE","totalVotesPercent":0.6,"nominatorName":{"fi":"Suomen Sosialidemokraattinen Puolue","sv":"Finlands Socialdemokratiska Parti","en":"The Finnish Social Democratic Party"},"caid":56,"position":0,"gender":"1","comparisonData":{"totalVotes":53,"votesTotalChange":-44},"edid":7,"comparativeIndex":0.0,"electionDayVotesPercent":0.6,"nominatorAbbr":{"fi":"SDP","sv":"SDP","en":"SDP"}},{"age":36,"advanceVotesPercent":0.4,"lastname":"Peltola","occupation":"yrittäjä, maanviljelijä","advanceVotes":3,"npid":7,"totalVotes":9,"spid":1,"abbr":"KESK","municipalCouncilor":false,"muid":508,"alid":7,"firstname":"Janne","electionDayVotes":6,"pid":"2","finalPosition":0,"electedInformation":"ELECTED","totalVotesPercent":0.6,"nominatorName":{"fi":"Suomen Keskusta","sv":"Centern i Finland","en":"Centre Party of Finland"},"caid":84,"position":0,"gender":"1","comparisonData":{"totalVotes":0,"votesTotalChange":9},"edid":7,"comparativeIndex":0.0,"electionDayVotesPercent":0.7,"nominatorAbbr":{"fi":"KESK","sv":"C","en":"CENT"}},{"age":35,"advanceVotesPercent":0.7,"lastname":"Happonen","occupation":"laitemekaanikko","advanceVotes":5,"npid":2,"totalVotes":8,"spid":3,"abbr":"PS","municipalCouncilor":false,"muid":508,"alid":2,"firstname":"Teemu","electionDayVotes":3,"pid":"23","finalPosition":0,"electedInformation":"ELECTED","totalVotesPercent":0.5,"nominatorName":{"fi":"Perussuomalaiset","sv":"Sannfinländarna","en":"The Finns Party"},"caid":8,"position":0,"gender":"1","comparisonData":{"totalVotes":0,"votesTotalChange":8},"edid":7,"comparativeIndex":0.0,"electionDayVotesPercent":0.4,"nominatorAbbr":{"fi":"PS","sv":"Sannf","en":"FINNS"}},{"age":68,"advanceVotesPercent":0.4,"lastname":"Wickström","occupation":"yrittäjä, eläkeläinen","advanceVotes":3,"npid":2,"totalVotes":8,"spid":3,"abbr":"PS","municipalCouncilor":false,"muid":508,"alid":2,"firstname":"Tapio","electionDayVotes":5,"pid":"23","finalPosition":0,"electedInformation":"ON_SUBSTITUTE_PLACE","totalVotesPercent":0.5,"nominatorName":{"fi":"Perussuomalaiset","sv":"Sannfinländarna","en":"The Finns Party"},"caid":16,"position":0,"gender":"1","comparisonData":{"totalVotes":0,"votesTotalChange":8},"edid":7,"comparativeIndex":0.0,"electionDayVotesPercent":0.6,"nominatorAbbr":{"fi":"PS","sv":"Sannf","en":"FINNS"}},{"age":24,"advanceVotesPercent":0.5,"lastname":"Syrjänen","occupation":"opiskelija, asiakaspalvelija","advanceVotes":4,"npid":4,"totalVotes":8,"spid":6,"abbr":"VAS","municipalCouncilor":false,"muid":508,"alid":4,"firstname":"Rilla","electionDayVotes":4,"pid":"15","finalPosition":0,"electedInformation":"ON_SUBSTITUTE_PLACE","totalVotesPercent":0.5,"nominatorName":{"fi":"Vasemmistoliitto","sv":"Vänsterförbundet","en":"The Left Alliance"},"caid":32,"position":0,"gender":"2","comparisonData":{"totalVotes":0,"votesTotalChange":8},"edid":7,"comparativeIndex":0.0,"electionDayVotesPercent":0.5,"nominatorAbbr":{"fi":"VAS","sv":"VF","en":"LEFT"}},{"age":40,"advanceVotesPercent":0.7,"lastname":"Lintula","occupation":"diakonissa","advanceVotes":5,"npid":5,"totalVotes":8,"spid":4,"abbr":"SDP","municipalCouncilor":false,"muid":508,"alid":5,"firstname":"Saila","electionDayVotes":3,"pid":"1","finalPosition":0,"electedInformation":"ELECTED","totalVotesPercent":0.5,"nominatorName":{"fi":"Suomen Sosialidemokraattinen Puolue","sv":"Finlands Socialdemokratiska Parti","en":"The Finnish Social Democratic Party"},"caid":48,"position":0,"gender":"2","comparisonData":{"totalVotes":0,"votesTotalChange":8},"edid":7,"comparativeIndex":0.0,"electionDayVotesPercent":0.4,"nominatorAbbr":{"fi":"SDP","sv":"SDP","en":"SDP"}},{"age":56,"advanceVotesPercent":0.5,"lastname":"Vuorinen","occupation":"eläkeläinen","advanceVotes":4,"npid":5,"totalVotes":8,"spid":4,"abbr":"SDP","municipalCouncilor":false,"muid":508,"alid":5,"firstname":"Tommi","electionDayVotes":4,"pid":"1","finalPosition":0,"electedInformation":"ON_SUBSTITUTE_PLACE","totalVotesPercent":0.5,"nominatorName":{"fi":"Suomen Sosialidemokraattinen Puolue","sv":"Finlands Socialdemokratiska Parti","en":"The Finnish Social Democratic Party"},"caid":65,"position":0,"gender":"1","comparisonData":{"totalVotes":0,"votesTotalChange":8},"edid":7,"comparativeIndex":0.0,"electionDayVotesPercent":0.5,"nominatorAbbr":{"fi":"SDP","sv":"SDP","en":"SDP"}},{"age":58,"advanceVotesPercent":0.7,"lastname":"Pohjonen","occupation":"eläkeläinen","advanceVotes":5,"npid":2,"totalVotes":7,"spid":3,"abbr":"PS","municipalCouncilor":true,"muid":508,"alid":2,"firstname":"Osmo","electionDayVotes":2,"pid":"23","finalPosition":0,"electedInformation":"NOT_ELECTED","totalVotesPercent":0.5,"nominatorName":{"fi":"Perussuomalaiset","sv":"Sannfinländarna","en":"The Finns Party"},"caid":11,"position":0,"gender":"1","comparisonData":{"totalVotes":30,"votesTotalChange":-23},"edid":7,"comparativeIndex":0.0,"electionDayVotesPercent":0.2,"nominatorAbbr":{"fi":"PS","sv":"Sannf","en":"FINNS"}},{"age":69,"advanceVotesPercent":0.7,"lastname":"Kilpi","occupation":"DI, eläkeläinen","advanceVotes":5,"npid":3,"totalVotes":7,"spid":2,"abbr":"KOK","municipalCouncilor":false,"muid":508,"alid":3,"firstname":"Antti","electionDayVotes":2,"pid":"4","finalPosition":0,"electedInformation":"ON_SUBSTITUTE_PLACE","totalVotesPercent":0.5,"nominatorName":{"fi":"Kansallinen Kokoomus","sv":"Samlingspartiet","en":"National Coalition Party"},"caid":19,"position":0,"gender":"1","comparisonData":{"totalVotes":0,"votesTotalChange":7},"edid":7,"comparativeIndex":0.0,"electionDayVotesPercent":0.2,"nominatorAbbr":{"fi":"KOK","sv":"Saml","en":"NCP"}},{"age":64,"advanceVotesPercent":0.3,"lastname":"Pihlajamäki","occupation":"eläkeläinen","advanceVotes":2,"npid":4,"totalVotes":7,"spid":6,"abbr":"VAS","municipalCouncilor":false,"muid":508,"alid":4,"firstname":"Risto","electionDayVotes":5,"pid":"15","finalPosition":0,"electedInformation":"NOT_ELECTED","totalVotesPercent":0.5,"nominatorName":{"fi":"Vasemmistoliitto","sv":"Vänsterförbundet","en":"The Left Alliance"},"caid":31,"position":0,"gender":"1","comparisonData":{"totalVotes":17,"votesTotalChange":-10},"edid":7,"comparativeIndex":0.0,"electionDayVotesPercent":0.6,"nominatorAbbr":{"fi":"VAS","sv":"VF","en":"LEFT"}},{"age":64,"advanceVotesPercent":0.8,"lastname":"Lahtinen","occupation":"paperityöntekijä, eläkeläinen","advanceVotes":6,"npid":5,"totalVotes":7,"spid":4,"abbr":"SDP","municipalCouncilor":false,"muid":508,"alid":5,"firstname":"Jyrki","electionDayVotes":1,"pid":"1","finalPosition":0,"electedInformation":"ELECTED","totalVotesPercent":0.5,"nominatorName":{"fi":"Suomen Sosialidemokraattinen Puolue","sv":"Finlands Socialdemokratiska Parti","en":"The Finnish Social Democratic Party"},"caid":44,"position":0,"gender":"1","comparisonData":{"totalVotes":51,"votesTotalChange":-44},"edid":7,"comparativeIndex":0.0,"electionDayVotesPercent":0.1,"nominatorAbbr":{"fi":"SDP","sv":"SDP","en":"SDP"}},{"age":78,"advanceVotesPercent":0.8,"lastname":"Laurinmäki","occupation":"eläkeläinen","advanceVotes":6,"npid":5,"totalVotes":7,"spid":4,"abbr":"SDP","municipalCouncilor":false,"muid":508,"alid":5,"firstname":"Matti","electionDayVotes":1,"pid":"1","finalPosition":0,"electedInformation":"NOT_ELECTED","totalVotesPercent":0.5,"nominatorName":{"fi":"Suomen Sosialidemokraattinen Puolue","sv":"Finlands Socialdemokratiska Parti","en":"The Finnish Social Democratic Party"},"caid":46,"position":0,"gender":"1","comparisonData":{"totalVotes":19,"votesTotalChange":-12},"edid":7,"comparativeIndex":0.0,"electionDayVotesPercent":0.1,"nominatorAbbr":{"fi":"SDP","sv":"SDP","en":"SDP"}},{"age":65,"advanceVotesPercent":0.3,"lastname":"Siltanen","occupation":"toimitusjohtaja, eläkeläinen","advanceVotes":2,"npid":5,"totalVotes":7,"spid":4,"abbr":"SDP","municipalCouncilor":true,"muid":508,"alid":5,"firstname":"Lasse","electionDayVotes":5,"pid":"1","finalPosition":0,"electedInformation":"ELECTED","totalVotesPercent":0.5,"nominatorName":{"fi":"Suomen Sosialidemokraattinen Puolue","sv":"Finlands Socialdemokratiska Parti","en":"The Finnish Social Democratic Party"},"caid":59,"position":0,"gender":"1","comparisonData":{"totalVotes":160,"votesTotalChange":-153},"edid":7,"comparativeIndex":0.0,"electionDayVotesPercent":0.6,"nominatorAbbr":{"fi":"SDP","sv":"SDP","en":"SDP"}},{"age":25,"advanceVotesPercent":0.4,"lastname":"Vuorinen","occupation":"parturi-kampaaja, kosmetologi","advanceVotes":3,"npid":5,"totalVotes":7,"spid":4,"abbr":"SDP","municipalCouncilor":false,"muid":508,"alid":5,"firstname":"Nina","electionDayVotes":4,"pid":"1","finalPosition":0,"electedInformation":"NOT_ELECTED","totalVotesPercent":0.5,"nominatorName":{"fi":"Suomen Sosialidemokraattinen Puolue","sv":"Finlands Socialdemokratiska Parti","en":"The Finnish Social Democratic Party"},"caid":64,"position":0,"gender":"2","comparisonData":{"totalVotes":0,"votesTotalChange":7},"edid":7,"comparativeIndex":0.0,"electionDayVotesPercent":0.5,"nominatorAbbr":{"fi":"SDP","sv":"SDP","en":"SDP"}},{"age":34,"advanceVotesPercent":0.3,"lastname":"Hakala","occupation":"postityöntekijä","advanceVotes":2,"npid":1,"totalVotes":6,"spid":5,"abbr":"VIHR","municipalCouncilor":false,"muid":508,"alid":1,"firstname":"Timo","electionDayVotes":4,"pid":"13","finalPosition":0,"electedInformation":"ELECTED","totalVotesPercent":0.4,"nominatorName":{"fi":"Vihreä liitto","sv":"Gröna förbundet","en":"Green League"},"caid":4,"position":0,"gender":"1","comparisonData":{"totalVotes":0,"votesTotalChange":6},"edid":7,"comparativeIndex":0.0,"electionDayVotesPercent":0.5,"nominatorAbbr":{"fi":"VIHR","sv":"Gröna","en":"GREEN"}},{"age":42,"advanceVotesPercent":0.4,"lastname":"Suoranta","occupation":"lähihoitaja","advanceVotes":3,"npid":2,"totalVotes":6,"spid":3,"abbr":"PS","municipalCouncilor":false,"muid":508,"alid":2,"firstname":"Sari","electionDayVotes":3,"pid":"23","finalPosition":0,"electedInformation":"NOT_ELECTED","totalVotesPercent":0.4,"nominatorName":{"fi":"Perussuomalaiset","sv":"Sannfinländarna","en":"The Finns Party"},"caid":14,"position":0,"gender":"2","comparisonData":{"totalVotes":0,"votesTotalChange":6},"edid":7,"comparativeIndex":0.0,"electionDayVotesPercent":0.4,"nominatorAbbr":{"fi":"PS","sv":"Sannf","en":"FINNS"}},{"age":70,"advanceVotesPercent":0.3,"lastname":"Timonen","occupation":"FM, eläkeläinen","advanceVotes":2,"npid":3,"totalVotes":6,"spid":2,"abbr":"KOK","municipalCouncilor":true,"muid":508,"alid":3,"firstname":"Pertti","electionDayVotes":4,"pid":"4","finalPosition":0,"electedInformation":"ELECTED","totalVotesPercent":0.4,"nominatorName":{"fi":"Kansallinen Kokoomus","sv":"Samlingspartiet","en":"National Coalition Party"},"caid":22,"position":0,"gender":"1","comparisonData":{"totalVotes":100,"votesTotalChange":-94},"edid":7,"comparativeIndex":0.0,"electionDayVotesPercent":0.5,"nominatorAbbr":{"fi":"KOK","sv":"Saml","en":"NCP"}},{"age":64,"advanceVotesPercent":0.5,"lastname":"Viitanen","occupation":"rakennusinsinööri, eläkeläinen","advanceVotes":4,"npid":3,"totalVotes":6,"spid":2,"abbr":"KOK","municipalCouncilor":false,"muid":508,"alid":3,"firstname":"Erkki","electionDayVotes":2,"pid":"4","finalPosition":0,"electedInformation":"ON_SUBSTITUTE_PLACE","totalVotesPercent":0.4,"nominatorName":{"fi":"Kansallinen Kokoomus","sv":"Samlingspartiet","en":"National Coalition Party"},"caid":23,"position":0,"gender":"1","comparisonData":{"totalVotes":0,"votesTotalChange":6},"edid":7,"comparativeIndex":0.0,"electionDayVotesPercent":0.2,"nominatorAbbr":{"fi":"KOK","sv":"Saml","en":"NCP"}},{"age":64,"advanceVotesPercent":0.3,"lastname":"Mikkonen","occupation":"sosiaaliohjaaja, eläkeläinen","advanceVotes":2,"npid":5,"totalVotes":6,"spid":4,"abbr":"SDP","municipalCouncilor":false,"muid":508,"alid":5,"firstname":"Pirjo","electionDayVotes":4,"pid":"1","finalPosition":0,"electedInformation":"ON_SUBSTITUTE_PLACE","totalVotesPercent":0.4,"nominatorName":{"fi":"Suomen Sosialidemokraattinen Puolue","sv":"Finlands Socialdemokratiska Parti","en":"The Finnish Social Democratic Party"},"caid":50,"position":0,"gender":"2","comparisonData":{"totalVotes":46,"votesTotalChange":-40},"edid":7,"comparativeIndex":0.0,"electionDayVotesPercent":0.5,"nominatorAbbr":{"fi":"SDP","sv":"SDP","en":"SDP"}},{"age":58,"advanceVotesPercent":0.1,"lastname":"Pellonpää","occupation":"lähihoitaja","advanceVotes":1,"npid":5,"totalVotes":6,"spid":4,"abbr":"SDP","municipalCouncilor":false,"muid":508,"alid":5,"firstname":"Pasi","electionDayVotes":5,"pid":"1","finalPosition":0,"electedInformation":"NOT_ELECTED","totalVotesPercent":0.4,"nominatorName":{"fi":"Suomen Sosialidemokraattinen Puolue","sv":"Finlands Socialdemokratiska Parti","en":"The Finnish Social Democratic Party"},"caid":53,"position":0,"gender":"1","comparisonData":{"totalVotes":13,"votesTotalChange":-7},"edid":7,"comparativeIndex":0.0,"electionDayVotesPercent":0.6,"nominatorAbbr":{"fi":"SDP","sv":"SDP","en":"SDP"}},{"age":69,"advanceVotesPercent":0.3,"lastname":"Lauronen","occupation":"YM, pankinjohtaja (eläkkeellä)","advanceVotes":2,"npid":7,"totalVotes":6,"spid":1,"abbr":"KESK","municipalCouncilor":true,"muid":508,"alid":7,"firstname":"Erkki","electionDayVotes":4,"pid":"2","finalPosition":0,"electedInformation":"ON_SUBSTITUTE_PLACE","totalVotesPercent":0.4,"nominatorName":{"fi":"Suomen Keskusta","sv":"Centern i Finland","en":"Centre Party of Finland"},"caid":78,"position":0,"gender":"1","comparisonData":{"totalVotes":76,"votesTotalChange":-70},"edid":7,"comparativeIndex":0.0,"electionDayVotesPercent":0.5,"nominatorAbbr":{"fi":"KESK","sv":"C","en":"CENT"}},{"age":43,"advanceVotesPercent":0.3,"lastname":"Haapoja","occupation":"IT-suunnittelija","advanceVotes":2,"npid":1,"totalVotes":5,"spid":5,"abbr":"VIHR","municipalCouncilor":false,"muid":508,"alid":1,"firstname":"Jani","electionDayVotes":3,"pid":"13","finalPosition":0,"electedInformation":"ON_SUBSTITUTE_PLACE","totalVotesPercent":0.3,"nominatorName":{"fi":"Vihreä liitto","sv":"Gröna förbundet","en":"Green League"},"caid":2,"position":0,"gender":"1","comparisonData":{"totalVotes":49,"votesTotalChange":-44},"edid":7,"comparativeIndex":0.0,"electionDayVotesPercent":0.4,"nominatorAbbr":{"fi":"VIHR","sv":"Gröna","en":"GREEN"}},{"age":81,"advanceVotesPercent":0.5,"lastname":"Juvonen","occupation":"raittiustoimenjohtaja, eläkeläinen","advanceVotes":4,"npid":4,"totalVotes":5,"spid":6,"abbr":"VAS","municipalCouncilor":false,"muid":508,"alid":4,"firstname":"Ada","electionDayVotes":1,"pid":"15","finalPosition":0,"electedInformation":"NOT_ELECTED","totalVotesPercent":0.3,"nominatorName":{"fi":"Vasemmistoliitto","sv":"Vänsterförbundet","en":"The Left Alliance"},"caid":27,"position":0,"gender":"2","comparisonData":{"totalVotes":12,"votesTotalChange":-7},"edid":7,"comparativeIndex":0.0,"electionDayVotesPercent":0.1,"nominatorAbbr":{"fi":"VAS","sv":"VF","en":"LEFT"}},{"age":57,"advanceVotesPercent":0.5,"lastname":"Saarenmaa","occupation":"psykologian- ja teologian maisteri, aikuiskouluttaja","advanceVotes":4,"npid":6,"totalVotes":5,"spid":8,"abbr":"KD","municipalCouncilor":false,"muid":508,"alid":6,"firstname":"Eija","electionDayVotes":1,"pid":"9","finalPosition":0,"electedInformation":"ON_SUBSTITUTE_PLACE","totalVotesPercent":0.3,"nominatorName":{"fi":"Suomen Kristillisdemokraatit (KD)","sv":"Kristdemokraterna i Finland (KD)","en":"Christian Democrats in Finland"},"caid":72,"position":0,"gender":"2","comparisonData":{"totalVotes":0,"votesTotalChange":5},"edid":7,"comparativeIndex":0.0,"electionDayVotesPercent":0.1,"nominatorAbbr":{"fi":"KD","sv":"KD","en":"CD"}},{"age":69,"advanceVotesPercent":0.4,"lastname":"Järvinen","occupation":"sihteeri, eläkeläinen","advanceVotes":3,"npid":5,"totalVotes":4,"spid":4,"abbr":"SDP","municipalCouncilor":false,"muid":508,"alid":5,"firstname":"Marru","electionDayVotes":1,"pid":"1","finalPosition":0,"electedInformation":"ON_SUBSTITUTE_PLACE","totalVotesPercent":0.3,"nominatorName":{"fi":"Suomen Sosialidemokraattinen Puolue","sv":"Finlands Socialdemokratiska Parti","en":"The Finnish Social Democratic Party"},"caid":41,"position":0,"gender":"2","comparisonData":{"totalVotes":38,"votesTotalChange":-34},"edid":7,"comparativeIndex":0.0,"electionDayVotesPercent":0.1,"nominatorAbbr":{"fi":"SDP","sv":"SDP","en":"SDP"}},{"age":56,"advanceVotesPercent":0.1,"lastname":"Lehtinen","occupation":"konepuuseppä, pääluottamusmies","advanceVotes":1,"npid":5,"totalVotes":4,"spid":4,"abbr":"SDP","municipalCouncilor":false,"muid":508,"alid":5,"firstname":"Arto","electionDayVotes":3,"pid":"1","finalPosition":0,"electedInformation":"ELECTED","totalVotesPercent":0.3,"nominatorName":{"fi":"Suomen Sosialidemokraattinen Puolue","sv":"Finlands Socialdemokratiska Parti","en":"The Finnish Social Democratic Party"},"caid":47,"position":0,"gender":"1","comparisonData":{"totalVotes":24,"votesTotalChange":-20},"edid":7,"comparativeIndex":0.0,"electionDayVotesPercent":0.4,"nominatorAbbr":{"fi":"SDP","sv":"SDP","en":"SDP"}},{"age":34,"advanceVotesPercent":0.4,"lastname":"Meronen","occupation":"lähihoitaja","advanceVotes":3,"npid":6,"totalVotes":4,"spid":8,"abbr":"KD","municipalCouncilor":false,"muid":508,"alid":6,"firstname":"Maaret","electionDayVotes":1,"pid":"9","finalPosition":0,"electedInformation":"NOT_ELECTED","totalVotesPercent":0.3,"nominatorName":{"fi":"Suomen Kristillisdemokraatit (KD)","sv":"Kristdemokraterna i Finland (KD)","en":"Christian Democrats in Finland"},"caid":69,"position":0,"gender":"2","comparisonData":{"totalVotes":0,"votesTotalChange":4},"edid":7,"comparativeIndex":0.0,"electionDayVotesPercent":0.1,"nominatorAbbr":{"fi":"KD","sv":"KD","en":"CD"}},{"age":47,"advanceVotesPercent":0.0,"lastname":"Ruohonen","occupation":"myyntipäällikkö","advanceVotes":0,"npid":7,"totalVotes":4,"spid":1,"abbr":"KESK","municipalCouncilor":false,"muid":508,"alid":7,"firstname":"Mika","electionDayVotes":4,"pid":"2","finalPosition":0,"electedInformation":"ON_SUBSTITUTE_PLACE","totalVotesPercent":0.3,"nominatorName":{"fi":"Suomen Keskusta","sv":"Centern i Finland","en":"Centre Party of Finland"},"caid":87,"position":0,"gender":"1","comparisonData":{"totalVotes":0,"votesTotalChange":4},"edid":7,"comparativeIndex":0.0,"electionDayVotesPercent":0.5,"nominatorAbbr":{"fi":"KESK","sv":"C","en":"CENT"}},{"age":59,"advanceVotesPercent":0.3,"lastname":"Hakanen","occupation":"painaja","advanceVotes":2,"npid":4,"totalVotes":3,"spid":6,"abbr":"VAS","municipalCouncilor":false,"muid":508,"alid":4,"firstname":"Esko","electionDayVotes":1,"pid":"15","finalPosition":0,"electedInformation":"NOT_ELECTED","totalVotesPercent":0.2,"nominatorName":{"fi":"Vasemmistoliitto","sv":"Vänsterförbundet","en":"The Left Alliance"},"caid":25,"position":0,"gender":"1","comparisonData":{"totalVotes":0,"votesTotalChange":3},"edid":7,"comparativeIndex":0.0,"electionDayVotesPercent":0.1,"nominatorAbbr":{"fi":"VAS","sv":"VF","en":"LEFT"}},{"age":43,"advanceVotesPercent":0.0,"lastname":"Hurme","occupation":"putkimies","advanceVotes":0,"npid":5,"totalVotes":3,"spid":4,"abbr":"SDP","municipalCouncilor":false,"muid":508,"alid":5,"firstname":"Teijo","electionDayVotes":3,"pid":"1","finalPosition":0,"electedInformation":"NOT_ELECTED","totalVotesPercent":0.2,"nominatorName":{"fi":"Suomen Sosialidemokraattinen Puolue","sv":"Finlands Socialdemokratiska Parti","en":"The Finnish Social Democratic Party"},"caid":38,"position":0,"gender":"1","comparisonData":{"totalVotes":0,"votesTotalChange":3},"edid":7,"comparativeIndex":0.0,"electionDayVotesPercent":0.4,"nominatorAbbr":{"fi":"SDP","sv":"SDP","en":"SDP"}},{"age":35,"advanceVotesPercent":0.1,"lastname":"Peltonen","occupation":"prosessinhoitaja","advanceVotes":1,"npid":5,"totalVotes":3,"spid":4,"abbr":"SDP","municipalCouncilor":false,"muid":508,"alid":5,"firstname":"Riikka","electionDayVotes":2,"pid":"1","finalPosition":0,"electedInformation":"ON_SUBSTITUTE_PLACE","totalVotesPercent":0.2,"nominatorName":{"fi":"Suomen Sosialidemokraattinen Puolue","sv":"Finlands Socialdemokratiska Parti","en":"The Finnish Social Democratic Party"},"caid":54,"position":0,"gender":"2","comparisonData":{"totalVotes":0,"votesTotalChange":3},"edid":7,"comparativeIndex":0.0,"electionDayVotesPercent":0.2,"nominatorAbbr":{"fi":"SDP","sv":"SDP","en":"SDP"}},{"age":50,"advanceVotesPercent":0.3,"lastname":"Turpeinen","occupation":"insinööri (AMK), opettaja","advanceVotes":2,"npid":5,"totalVotes":3,"spid":4,"abbr":"SDP","municipalCouncilor":false,"muid":508,"alid":5,"firstname":"Jari","electionDayVotes":1,"pid":"1","finalPosition":0,"electedInformation":"ON_SUBSTITUTE_PLACE","totalVotesPercent":0.2,"nominatorName":{"fi":"Suomen Sosialidemokraattinen Puolue","sv":"Finlands Socialdemokratiska Parti","en":"The Finnish Social Democratic Party"},"caid":61,"position":0,"gender":"1","comparisonData":{"totalVotes":32,"votesTotalChange":-29},"edid":7,"comparativeIndex":0.0,"electionDayVotesPercent":0.1,"nominatorAbbr":{"fi":"SDP","sv":"SDP","en":"SDP"}},{"age":69,"advanceVotesPercent":0.0,"lastname":"Välimäki","occupation":"työsuojeluvaltuutettu, eläkeläinen","advanceVotes":0,"npid":5,"totalVotes":3,"spid":4,"abbr":"SDP","municipalCouncilor":false,"muid":508,"alid":5,"firstname":"Auli","electionDayVotes":3,"pid":"1","finalPosition":0,"electedInformation":"ON_SUBSTITUTE_PLACE","totalVotesPercent":0.2,"nominatorName":{"fi":"Suomen Sosialidemokraattinen Puolue","sv":"Finlands Socialdemokratiska Parti","en":"The Finnish Social Democratic Party"},"caid":66,"position":0,"gender":"2","comparisonData":{"totalVotes":45,"votesTotalChange":-42},"edid":7,"comparativeIndex":0.0,"electionDayVotesPercent":0.4,"nominatorAbbr":{"fi":"SDP","sv":"SDP","en":"SDP"}},{"age":29,"advanceVotesPercent":0.1,"lastname":"Ollila","occupation":"myyjä","advanceVotes":1,"npid":7,"totalVotes":3,"spid":1,"abbr":"KESK","municipalCouncilor":false,"muid":508,"alid":7,"firstname":"Santtu","electionDayVotes":2,"pid":"2","finalPosition":0,"electedInformation":"NOT_ELECTED","totalVotesPercent":0.2,"nominatorName":{"fi":"Suomen Keskusta","sv":"Centern i Finland","en":"Centre Party of Finland"},"caid":83,"position":0,"gender":"1","comparisonData":{"totalVotes":19,"votesTotalChange":-16},"edid":7,"comparativeIndex":0.0,"electionDayVotesPercent":0.2,"nominatorAbbr":{"fi":"KESK","sv":"C","en":"CENT"}},{"age":38,"advanceVotesPercent":0.0,"lastname":"Väisänen","occupation":"rakennusinsinööri, projektipäällikkö","advanceVotes":0,"npid":7,"totalVotes":3,"spid":1,"abbr":"KESK","municipalCouncilor":false,"muid":508,"alid":7,"firstname":"Sirpa","electionDayVotes":3,"pid":"2","finalPosition":0,"electedInformation":"ON_SUBSTITUTE_PLACE","totalVotesPercent":0.2,"nominatorName":{"fi":"Suomen Keskusta","sv":"Centern i Finland","en":"Centre Party of Finland"},"caid":89,"position":0,"gender":"2","comparisonData":{"totalVotes":32,"votesTotalChange":-29},"edid":7,"comparativeIndex":0.0,"electionDayVotesPercent":0.4,"nominatorAbbr":{"fi":"KESK","sv":"C","en":"CENT"}},{"age":72,"advanceVotesPercent":0.3,"lastname":"Lahtinen","occupation":"eläkeläinen","advanceVotes":2,"npid":5,"totalVotes":2,"spid":4,"abbr":"SDP","municipalCouncilor":false,"muid":508,"alid":5,"firstname":"Kyllikki","electionDayVotes":0,"pid":"1","finalPosition":0,"electedInformation":"ON_SUBSTITUTE_PLACE","totalVotesPercent":0.1,"nominatorName":{"fi":"Suomen Sosialidemokraattinen Puolue","sv":"Finlands Socialdemokratiska Parti","en":"The Finnish Social Democratic Party"},"caid":45,"position":0,"gender":"2","comparisonData":{"totalVotes":26,"votesTotalChange":-24},"edid":7,"comparativeIndex":0.0,"electionDayVotesPercent":0.0,"nominatorAbbr":{"fi":"SDP","sv":"SDP","en":"SDP"}},{"age":46,"advanceVotesPercent":0.3,"lastname":"Moksén","occupation":"lähihoitaja","advanceVotes":2,"npid":5,"totalVotes":2,"spid":4,"abbr":"SDP","municipalCouncilor":false,"muid":508,"alid":5,"firstname":"Mika","electionDayVotes":0,"pid":"1","finalPosition":0,"electedInformation":"ON_SUBSTITUTE_PLACE","totalVotesPercent":0.1,"nominatorName":{"fi":"Suomen Sosialidemokraattinen Puolue","sv":"Finlands Socialdemokratiska Parti","en":"The Finnish Social Democratic Party"},"caid":51,"position":0,"gender":"1","comparisonData":{"totalVotes":27,"votesTotalChange":-25},"edid":7,"comparativeIndex":0.0,"electionDayVotesPercent":0.0,"nominatorAbbr":{"fi":"SDP","sv":"SDP","en":"SDP"}},{"age":34,"advanceVotesPercent":0.1,"lastname":"Meronen","occupation":"jäteasemanhoitaja, urheiluselostaja","advanceVotes":1,"npid":6,"totalVotes":2,"spid":8,"abbr":"KD","municipalCouncilor":false,"muid":508,"alid":6,"firstname":"Tommi","electionDayVotes":1,"pid":"9","finalPosition":0,"electedInformation":"NOT_ELECTED","totalVotesPercent":0.1,"nominatorName":{"fi":"Suomen Kristillisdemokraatit (KD)","sv":"Kristdemokraterna i Finland (KD)","en":"Christian Democrats in Finland"},"caid":70,"position":0,"gender":"1","comparisonData":{"totalVotes":14,"votesTotalChange":-12},"edid":7,"comparativeIndex":0.0,"electionDayVotesPercent":0.1,"nominatorAbbr":{"fi":"KD","sv":"KD","en":"CD"}},{"age":68,"advanceVotesPercent":0.1,"lastname":"Blomqvist","occupation":"eläkeläinen","advanceVotes":1,"npid":5,"totalVotes":1,"spid":4,"abbr":"SDP","municipalCouncilor":false,"muid":508,"alid":5,"firstname":"Håkan","electionDayVotes":0,"pid":"1","finalPosition":0,"electedInformation":"ON_SUBSTITUTE_PLACE","totalVotesPercent":0.1,"nominatorName":{"fi":"Suomen Sosialidemokraattinen Puolue","sv":"Finlands Socialdemokratiska Parti","en":"The Finnish Social Democratic Party"},"caid":36,"position":0,"gender":"1","comparisonData":{"totalVotes":0,"votesTotalChange":1},"edid":7,"comparativeIndex":0.0,"electionDayVotesPercent":0.0,"nominatorAbbr":{"fi":"SDP","sv":"SDP","en":"SDP"}},{"age":50,"advanceVotesPercent":0.0,"lastname":"Koskinen","occupation":"opettaja","advanceVotes":0,"npid":5,"totalVotes":1,"spid":4,"abbr":"SDP","municipalCouncilor":false,"muid":508,"alid":5,"firstname":"Tatjana","electionDayVotes":1,"pid":"1","finalPosition":0,"electedInformation":"NOT_ELECTED","totalVotesPercent":0.1,"nominatorName":{"fi":"Suomen Sosialidemokraattinen Puolue","sv":"Finlands Socialdemokratiska Parti","en":"The Finnish Social Democratic Party"},"caid":43,"position":0,"gender":"2","comparisonData":{"totalVotes":16,"votesTotalChange":-15},"edid":7,"comparativeIndex":0.0,"electionDayVotesPercent":0.1,"nominatorAbbr":{"fi":"SDP","sv":"SDP","en":"SDP"}},{"age":45,"advanceVotesPercent":0.1,"lastname":"Nieminen","occupation":"voimalaitoskäyttäjä","advanceVotes":1,"npid":5,"totalVotes":1,"spid":4,"abbr":"SDP","municipalCouncilor":false,"muid":508,"alid":5,"firstname":"Kalle","electionDayVotes":0,"pid":"1","finalPosition":0,"electedInformation":"NOT_ELECTED","totalVotesPercent":0.1,"nominatorName":{"fi":"Suomen Sosialidemokraattinen Puolue","sv":"Finlands Socialdemokratiska Parti","en":"The Finnish Social Democratic Party"},"caid":52,"position":0,"gender":"1","comparisonData":{"totalVotes":17,"votesTotalChange":-16},"edid":7,"comparativeIndex":0.0,"electionDayVotesPercent":0.0,"nominatorAbbr":{"fi":"SDP","sv":"SDP","en":"SDP"}},{"age":48,"advanceVotesPercent":0.1,"lastname":"Virtanen","occupation":"kiinteistönhoitaja","advanceVotes":1,"npid":5,"totalVotes":1,"spid":4,"abbr":"SDP","municipalCouncilor":false,"muid":508,"alid":5,"firstname":"Jari","electionDayVotes":0,"pid":"1","finalPosition":0,"electedInformation":"NOT_ELECTED","totalVotesPercent":0.1,"nominatorName":{"fi":"Suomen Sosialidemokraattinen Puolue","sv":"Finlands Socialdemokratiska Parti","en":"The Finnish Social Democratic Party"},"caid":63,"position":0,"gender":"1","comparisonData":{"totalVotes":0,"votesTotalChange":1},"edid":7,"comparativeIndex":0.0,"electionDayVotesPercent":0.0,"nominatorAbbr":{"fi":"SDP","sv":"SDP","en":"SDP"}},{"age":58,"advanceVotesPercent":0.0,"lastname":"Mathlin","occupation":"asiakaspalvelija, näyttelyvalvoja","advanceVotes":0,"npid":6,"totalVotes":1,"spid":8,"abbr":"KD","municipalCouncilor":false,"muid":508,"alid":6,"firstname":"Hannele","electionDayVotes":1,"pid":"9","finalPosition":0,"electedInformation":"NOT_ELECTED","totalVotesPercent":0.1,"nominatorName":{"fi":"Suomen Kristillisdemokraatit (KD)","sv":"Kristdemokraterna i Finland (KD)","en":"Christian Democrats in Finland"},"caid":68,"position":0,"gender":"2","comparisonData":{"totalVotes":0,"votesTotalChange":1},"edid":7,"comparativeIndex":0.0,"electionDayVotesPercent":0.1,"nominatorAbbr":{"fi":"KD","sv":"KD","en":"CD"}},{"age":60,"advanceVotesPercent":0.0,"lastname":"Pohjala","occupation":"mittausmies","advanceVotes":0,"npid":5,"totalVotes":0,"spid":4,"abbr":"SDP","municipalCouncilor":false,"muid":508,"alid":5,"firstname":"Jukka","electionDayVotes":0,"pid":"1","finalPosition":0,"electedInformation":"NOT_ELECTED","totalVotesPercent":0.0,"nominatorName":{"fi":"Suomen Sosialidemokraattinen Puolue","sv":"Finlands Socialdemokratiska Parti","en":"The Finnish Social Democratic Party"},"caid":57,"position":0,"gender":"1","comparisonData":{"totalVotes":11,"votesTotalChange":-11},"edid":7,"comparativeIndex":0.0,"electionDayVotesPercent":0.0,"nominatorAbbr":{"fi":"SDP","sv":"SDP","en":"SDP"}},{"age":65,"advanceVotesPercent":0.0,"lastname":"Kujala","occupation":"eläkeläinen","advanceVotes":0,"npid":7,"totalVotes":0,"spid":1,"abbr":"KESK","municipalCouncilor":false,"muid":508,"alid":7,"firstname":"Heli","electionDayVotes":0,"pid":"2","finalPosition":0,"electedInformation":"NOT_ELECTED","totalVotesPercent":0.0,"nominatorName":{"fi":"Suomen Keskusta","sv":"Centern i Finland","en":"Centre Party of Finland"},"caid":76,"position":0,"gender":"2","comparisonData":{"totalVotes":0,"votesTotalChange":0},"edid":7,"comparativeIndex":0.0,"electionDayVotesPercent":0.0,"nominatorAbbr":{"fi":"KESK","sv":"C","en":"CENT"}}],"municipalityPollingDistricts":[{"name":{"fi":"Vilppula","sv":"Vilppula"},"calculationStatusPercent":100.0,"joinedArea":false,"muid":508,"totalVotingInFinlandTurnout":58.8,"identification":"001","pdid":"001","eligibleVotersInFinlandTotal":2640,"edid":7,"mergedToPdid":""},{"name":{"fi":"Kolho","sv":"Kolho"},"calculationStatusPercent":100.0,"joinedArea":false,"muid":508,"totalVotingInFinlandTurnout":61.4,"identification":"002","pdid":"002","eligibleVotersInFinlandTotal":932,"edid":7,"mergedToPdid":""},{"name":{"fi":"Pohjaslahti","sv":"Pohjaslahti"},"calculationStatusPercent":100.0,"joinedArea":false,"muid":508,"totalVotingInFinlandTurnout":81.8,"identification":"003","pdid":"003","eligibleVotersInFinlandTotal":247,"edid":7,"mergedToPdid":""},{"name":{"fi":"Koskela","sv":"Koskela"},"calculationStatusPercent":100.0,"joinedArea":false,"muid":508,"totalVotingInFinlandTurnout":58.5,"identification":"004","pdid":"004","eligibleVotersInFinlandTotal":3588,"edid":7,"mergedToPdid":""},{"name":{"fi":"Mänttä","sv":"Mänttä"},"calculationStatusPercent":100.0,"joinedArea":false,"muid":508,"totalVotingInFinlandTurnout":52.5,"identification":"005","pdid":"005","eligibleVotersInFinlandTotal":1348,"edid":7,"mergedToPdid":""}],"municipality":{"muid":508,"edid":7,"name":{"fi":"Mänttä-Vilppula","sv":"Mänttä-Vilppula"}}}