{"version":72,"created":"2017-04-09T22:47:48.304Z","electionDetails":{"electionId":"kv2017","electionDate":"2017-04-09T00:00:00.000Z","electionDataPublishTime":"2017-04-09T17:00:00.000Z","name":{"fi":"Kuntavaalit 2017","sv":"Kommunalval 2017","en":"Elections 2017"},"previousElections":{"correspondingCompareElection":{"electionId":"kv2012","electionDate":"2012-10-28T00:00:00.000Z","name":{"fi":"Kuntavaalit 2012","en":"Municipal elections 2012","sv":"Kommunalval 2012"}},"otherCompareElection":{"electionId":"ev2015","electionDate":"2015-04-19T00:00:00.000Z","name":{"fi":"Eduskuntavaalit 2015","en":"Parliamentary election 2015","sv":"Riksdagsval 2015"}}}},"calculationStatus":{"electionDayVotingTurnout":31.9,"invalidAdvanceVotes":4,"calculationPhase":"INITIAL","invalidElectionDayVotes":9,"approvedAdvanceVotes":518,"advanceVotingTurnout":26.0,"totalVotingTurnoutAbroad":0.0,"name":{"fi":"Kirkonkylä","sv":"Kirkonkylä"},"calculationStatusPercent":100.0,"advanceVotes":522,"electionDayVotingTurnoutAbroad":0.0,"approvedTotalVotes":1151,"totalVotes":1164,"muid":9,"totalVotingInFinlandTurnout":57.9,"advanceVotingTurnoutAbroad":0.0,"invalidTotalVotes":13,"totalVotingTurnout":57.9,"electionDayVotes":642,"electionDayVotesInFinland":642,"pdid":"001","totalVotesInFinlandMen":0,"eligibleVotersInFinlandTotal":2011,"calculationStatusPercentElectionDayVotes":100.0,"sourceRecordModificationTime":"20170409213539","otherCompareElection":{"eid":"","eligibleVotersInFinlandTotal":0,"advanceVotingInFinlandTurnout":0.0,"electionDayVotingInFinlandTurnout":0.0,"totalVotingInFinlandTurnout":0.0,"approvedVotesTotal":0,"invalidVotesTotal":0},"correspondingCompareElection":{"eid":"","eligibleVotersInFinlandTotal":0,"advanceVotingInFinlandTurnout":0.0,"electionDayVotingInFinlandTurnout":0.0,"totalVotingInFinlandTurnout":0.0,"approvedVotesTotal":0,"invalidVotesTotal":0,"seats":0},"approvedElectionDayVotes":633,"edid":12,"calculationStatusPercentAdvanceVotes":100.0,"electionDayVotingInFinlandTurnout":31.9,"seats":0,"eligibleVotersTotal":2011,"advanceVotesInFinland":522,"advanceVotingInFinlandTurnout":26.0,"totalVotesInFinland":1164},"partyResults":[{"advanceVotesPercent":62.7,"name":{"fi":"Suomen Keskusta","sv":"Centern i Finland","en":"Centre Party of Finland"},"advanceVotes":325,"npid":2,"totalVotes":691,"spid":1,"abbr":{"fi":"KESK","sv":"C","en":"CENT"},"alid":2,"electionDayVotes":366,"pid":"2","totalVotesPercent":60.0,"nominatorName":{"fi":"Suomen Keskusta","sv":"Centern i Finland","en":"Centre Party of Finland"},"compareData":{"otherCompareElection":{"votesTotalChange":0,"votesTotalPercentChange":0.0,"votesTotal":691,"votesTotalPercent":60.0},"correspondingCompareElection":{"votesTotalChange":0,"votesTotalPercentChange":0.0,"seatChange":0,"votesTotal":691,"votesTotalPercent":60.0,"seatsTotal":0}},"seats":0,"electionDayVotesPercent":57.8,"nominatorAbbr":{"fi":"KESK","sv":"C","en":"CENT"}},{"advanceVotesPercent":10.4,"name":{"fi":"Perussuomalaiset","sv":"Sannfinländarna","en":"The Finns Party"},"advanceVotes":54,"npid":6,"totalVotes":177,"spid":3,"abbr":{"fi":"PS","sv":"Sannf","en":"FINNS"},"alid":4,"electionDayVotes":123,"pid":"23","totalVotesPercent":15.4,"nominatorName":{"fi":"Perussuomalaiset","sv":"Sannfinländarna","en":"The Finns Party"},"compareData":{"otherCompareElection":{"votesTotalChange":0,"votesTotalPercentChange":0.0,"votesTotal":177,"votesTotalPercent":15.4},"correspondingCompareElection":{"votesTotalChange":0,"votesTotalPercentChange":0.0,"seatChange":0,"votesTotal":177,"votesTotalPercent":15.4,"seatsTotal":0}},"seats":0,"electionDayVotesPercent":19.4,"nominatorAbbr":{"fi":"PS","sv":"Sannf","en":"FINNS"}},{"advanceVotesPercent":6.0,"name":{"fi":"Vihreä liitto","sv":"Gröna förbundet","en":"Green League"},"advanceVotes":31,"npid":3,"totalVotes":82,"spid":5,"abbr":{"fi":"VIHR","sv":"Gröna","en":"GREEN"},"alid":3,"electionDayVotes":51,"pid":"13","totalVotesPercent":7.1,"nominatorName":{"fi":"Vihreä liitto","sv":"Gröna förbundet","en":"Green League"},"compareData":{"otherCompareElection":{"votesTotalChange":0,"votesTotalPercentChange":0.0,"votesTotal":82,"votesTotalPercent":7.1},"correspondingCompareElection":{"votesTotalChange":0,"votesTotalPercentChange":0.0,"seatChange":0,"votesTotal":82,"votesTotalPercent":7.1,"seatsTotal":0}},"seats":0,"electionDayVotesPercent":8.1,"nominatorAbbr":{"fi":"VIHR","sv":"Gröna","en":"GREEN"}},{"advanceVotesPercent":9.1,"name":{"fi":"Suomen Kristillisdemokraatit (KD)","sv":"Kristdemokraterna i Finland (KD)","en":"Christian Democrats in Finland"},"advanceVotes":47,"npid":5,"totalVotes":81,"spid":8,"abbr":{"fi":"KD","sv":"KD","en":"CD"},"alid":4,"electionDayVotes":34,"pid":"9","totalVotesPercent":7.0,"nominatorName":{"fi":"Suomen Kristillisdemokraatit (KD)","sv":"Kristdemokraterna i Finland (KD)","en":"Christian Democrats in Finland"},"compareData":{"otherCompareElection":{"votesTotalChange":0,"votesTotalPercentChange":0.0,"votesTotal":81,"votesTotalPercent":7.0},"correspondingCompareElection":{"votesTotalChange":0,"votesTotalPercentChange":0.0,"seatChange":0,"votesTotal":81,"votesTotalPercent":7.0,"seatsTotal":0}},"seats":0,"electionDayVotesPercent":5.4,"nominatorAbbr":{"fi":"KD","sv":"KD","en":"CD"}},{"advanceVotesPercent":4.8,"name":{"fi":"Vasemmistoliitto","sv":"Vänsterförbundet","en":"The Left Alliance"},"advanceVotes":25,"npid":4,"totalVotes":49,"spid":6,"abbr":{"fi":"VAS","sv":"VF","en":"LEFT"},"alid":4,"electionDayVotes":24,"pid":"15","totalVotesPercent":4.3,"nominatorName":{"fi":"Vasemmistoliitto","sv":"Vänsterförbundet","en":"The Left Alliance"},"compareData":{"otherCompareElection":{"votesTotalChange":0,"votesTotalPercentChange":0.0,"votesTotal":49,"votesTotalPercent":4.3},"correspondingCompareElection":{"votesTotalChange":0,"votesTotalPercentChange":0.0,"seatChange":0,"votesTotal":49,"votesTotalPercent":4.3,"seatsTotal":0}},"seats":0,"electionDayVotesPercent":3.8,"nominatorAbbr":{"fi":"VAS","sv":"VF","en":"LEFT"}},{"advanceVotesPercent":4.2,"name":{"fi":"Kansallinen Kokoomus","sv":"Samlingspartiet","en":"National Coalition Party"},"advanceVotes":22,"npid":7,"totalVotes":39,"spid":2,"abbr":{"fi":"KOK","sv":"Saml","en":"NCP"},"alid":4,"electionDayVotes":17,"pid":"4","totalVotesPercent":3.4,"nominatorName":{"fi":"Kansallinen Kokoomus","sv":"Samlingspartiet","en":"National Coalition Party"},"compareData":{"otherCompareElection":{"votesTotalChange":0,"votesTotalPercentChange":0.0,"votesTotal":39,"votesTotalPercent":3.4},"correspondingCompareElection":{"votesTotalChange":0,"votesTotalPercentChange":0.0,"seatChange":0,"votesTotal":39,"votesTotalPercent":3.4,"seatsTotal":0}},"seats":0,"electionDayVotesPercent":2.7,"nominatorAbbr":{"fi":"KOK","sv":"Saml","en":"NCP"}},{"advanceVotesPercent":2.7,"name":{"fi":"Suomen Sosialidemokraattinen Puolue","sv":"Finlands Socialdemokratiska Parti","en":"The Finnish Social Democratic Party"},"advanceVotes":14,"npid":1,"totalVotes":32,"spid":4,"abbr":{"fi":"SDP","sv":"SDP","en":"SDP"},"alid":1,"electionDayVotes":18,"pid":"1","totalVotesPercent":2.8,"nominatorName":{"fi":"Suomen Sosialidemokraattinen Puolue","sv":"Finlands Socialdemokratiska Parti","en":"The Finnish Social Democratic Party"},"compareData":{"otherCompareElection":{"votesTotalChange":0,"votesTotalPercentChange":0.0,"votesTotal":32,"votesTotalPercent":2.8},"correspondingCompareElection":{"votesTotalChange":0,"votesTotalPercentChange":0.0,"seatChange":0,"votesTotal":32,"votesTotalPercent":2.8,"seatsTotal":0}},"seats":0,"electionDayVotesPercent":2.8,"nominatorAbbr":{"fi":"SDP","sv":"SDP","en":"SDP"}}],"candidateResults":[{"age":24,"advanceVotesPercent":5.0,"lastname":"Ojala","occupation":"puutarhuri, opiskelija","advanceVotes":26,"npid":2,"totalVotes":87,"spid":1,"abbr":"KESK","municipalCouncilor":false,"muid":9,"alid":2,"firstname":"Reeta","electionDayVotes":61,"pid":"2","finalPosition":0,"electedInformation":"ELECTED","totalVotesPercent":7.6,"nominatorName":{"fi":"Suomen Keskusta","sv":"Centern i Finland","en":"Centre Party of Finland"},"caid":15,"position":0,"gender":"2","comparisonData":{"totalVotes":0,"votesTotalChange":87},"edid":12,"comparativeIndex":0.0,"electionDayVotesPercent":9.6,"nominatorAbbr":{"fi":"KESK","sv":"C","en":"CENT"}},{"age":50,"advanceVotesPercent":5.4,"lastname":"Nahkala","occupation":"yrittäjä","advanceVotes":28,"npid":2,"totalVotes":85,"spid":1,"abbr":"KESK","municipalCouncilor":true,"muid":9,"alid":2,"firstname":"Jarmo","electionDayVotes":57,"pid":"2","finalPosition":0,"electedInformation":"ELECTED","totalVotesPercent":7.4,"nominatorName":{"fi":"Suomen Keskusta","sv":"Centern i Finland","en":"Centre Party of Finland"},"caid":14,"position":0,"gender":"1","comparisonData":{"totalVotes":58,"votesTotalChange":27},"edid":12,"comparativeIndex":0.0,"electionDayVotesPercent":9.0,"nominatorAbbr":{"fi":"KESK","sv":"C","en":"CENT"}},{"age":56,"advanceVotesPercent":9.1,"lastname":"Vähäkangas","occupation":"psykiatrinen sairaanhoitaja, perheterapeutti","advanceVotes":47,"npid":5,"totalVotes":81,"spid":8,"abbr":"KD","municipalCouncilor":false,"muid":9,"alid":4,"firstname":"Juha","electionDayVotes":34,"pid":"9","finalPosition":0,"electedInformation":"ELECTED","totalVotesPercent":7.0,"nominatorName":{"fi":"Suomen Kristillisdemokraatit (KD)","sv":"Kristdemokraterna i Finland (KD)","en":"Christian Democrats in Finland"},"caid":24,"position":0,"gender":"1","comparisonData":{"totalVotes":0,"votesTotalChange":81},"edid":12,"comparativeIndex":0.0,"electionDayVotesPercent":5.4,"nominatorAbbr":{"fi":"KD","sv":"KD","en":"CD"}},{"age":58,"advanceVotesPercent":6.4,"lastname":"Brax","occupation":"terveydenhoitaja","advanceVotes":33,"npid":2,"totalVotes":74,"spid":1,"abbr":"KESK","municipalCouncilor":true,"muid":9,"alid":2,"firstname":"Anna-Leena","electionDayVotes":41,"pid":"2","finalPosition":0,"electedInformation":"ELECTED","totalVotesPercent":6.4,"nominatorName":{"fi":"Suomen Keskusta","sv":"Centern i Finland","en":"Centre Party of Finland"},"caid":4,"position":0,"gender":"2","comparisonData":{"totalVotes":61,"votesTotalChange":13},"edid":12,"comparativeIndex":0.0,"electionDayVotesPercent":6.5,"nominatorAbbr":{"fi":"KESK","sv":"C","en":"CENT"}},{"age":45,"advanceVotesPercent":4.2,"lastname":"Isokääntä","occupation":"ammatillinen opettaja","advanceVotes":22,"npid":3,"totalVotes":64,"spid":5,"abbr":"VIHR","municipalCouncilor":false,"muid":9,"alid":3,"firstname":"Jani","electionDayVotes":42,"pid":"13","finalPosition":0,"electedInformation":"ELECTED","totalVotesPercent":5.6,"nominatorName":{"fi":"Vihreä liitto","sv":"Gröna förbundet","en":"Green League"},"caid":19,"position":0,"gender":"1","comparisonData":{"totalVotes":0,"votesTotalChange":64},"edid":12,"comparativeIndex":0.0,"electionDayVotesPercent":6.6,"nominatorAbbr":{"fi":"VIHR","sv":"Gröna","en":"GREEN"}},{"age":34,"advanceVotesPercent":4.2,"lastname":"Havisto","occupation":"elementtityöntekijä","advanceVotes":22,"npid":6,"totalVotes":58,"spid":3,"abbr":"PS","municipalCouncilor":false,"muid":9,"alid":4,"firstname":"Janne","electionDayVotes":36,"pid":"23","finalPosition":0,"electedInformation":"ELECTED","totalVotesPercent":5.0,"nominatorName":{"fi":"Perussuomalaiset","sv":"Sannfinländarna","en":"The Finns Party"},"caid":25,"position":0,"gender":"1","comparisonData":{"totalVotes":0,"votesTotalChange":58},"edid":12,"comparativeIndex":0.0,"electionDayVotesPercent":5.7,"nominatorAbbr":{"fi":"PS","sv":"Sannf","en":"FINNS"}},{"age":39,"advanceVotesPercent":2.5,"lastname":"Keskinen","occupation":"yrittäjä","advanceVotes":13,"npid":6,"totalVotes":52,"spid":3,"abbr":"PS","municipalCouncilor":false,"muid":9,"alid":4,"firstname":"Petri","electionDayVotes":39,"pid":"23","finalPosition":0,"electedInformation":"ELECTED","totalVotesPercent":4.5,"nominatorName":{"fi":"Perussuomalaiset","sv":"Sannfinländarna","en":"The Finns Party"},"caid":26,"position":0,"gender":"1","comparisonData":{"totalVotes":0,"votesTotalChange":52},"edid":12,"comparativeIndex":0.0,"electionDayVotesPercent":6.2,"nominatorAbbr":{"fi":"PS","sv":"Sannf","en":"FINNS"}},{"age":64,"advanceVotesPercent":4.4,"lastname":"Sipilä","occupation":"yhteiskuntatieteiden kandidaatti (YTK), merkonomi","advanceVotes":23,"npid":2,"totalVotes":50,"spid":1,"abbr":"KESK","municipalCouncilor":false,"muid":9,"alid":2,"firstname":"Annikki","electionDayVotes":27,"pid":"2","finalPosition":0,"electedInformation":"ELECTED","totalVotesPercent":4.3,"nominatorName":{"fi":"Suomen Keskusta","sv":"Centern i Finland","en":"Centre Party of Finland"},"caid":18,"position":0,"gender":"2","comparisonData":{"totalVotes":0,"votesTotalChange":50},"edid":12,"comparativeIndex":0.0,"electionDayVotesPercent":4.3,"nominatorAbbr":{"fi":"KESK","sv":"C","en":"CENT"}},{"age":60,"advanceVotesPercent":5.4,"lastname":"Isokääntä","occupation":"emäntä","advanceVotes":28,"npid":2,"totalVotes":48,"spid":1,"abbr":"KESK","municipalCouncilor":true,"muid":9,"alid":2,"firstname":"Marja","electionDayVotes":20,"pid":"2","finalPosition":0,"electedInformation":"ELECTED","totalVotesPercent":4.2,"nominatorName":{"fi":"Suomen Keskusta","sv":"Centern i Finland","en":"Centre Party of Finland"},"caid":7,"position":0,"gender":"2","comparisonData":{"totalVotes":43,"votesTotalChange":5},"edid":12,"comparativeIndex":0.0,"electionDayVotesPercent":3.2,"nominatorAbbr":{"fi":"KESK","sv":"C","en":"CENT"}},{"age":50,"advanceVotesPercent":5.2,"lastname":"Kivimaa","occupation":"lähihoitaja, opiskelija","advanceVotes":27,"npid":2,"totalVotes":45,"spid":1,"abbr":"KESK","municipalCouncilor":false,"muid":9,"alid":2,"firstname":"Eveliina","electionDayVotes":18,"pid":"2","finalPosition":0,"electedInformation":"ELECTED","totalVotesPercent":3.9,"nominatorName":{"fi":"Suomen Keskusta","sv":"Centern i Finland","en":"Centre Party of Finland"},"caid":12,"position":0,"gender":"2","comparisonData":{"totalVotes":0,"votesTotalChange":45},"edid":12,"comparativeIndex":0.0,"electionDayVotesPercent":2.8,"nominatorAbbr":{"fi":"KESK","sv":"C","en":"CENT"}},{"age":53,"advanceVotesPercent":4.2,"lastname":"Jutila","occupation":"johdon sihteeri","advanceVotes":22,"npid":2,"totalVotes":43,"spid":1,"abbr":"KESK","municipalCouncilor":true,"muid":9,"alid":2,"firstname":"Maarit","electionDayVotes":21,"pid":"2","finalPosition":0,"electedInformation":"ELECTED","totalVotesPercent":3.7,"nominatorName":{"fi":"Suomen Keskusta","sv":"Centern i Finland","en":"Centre Party of Finland"},"caid":11,"position":0,"gender":"2","comparisonData":{"totalVotes":24,"votesTotalChange":19},"edid":12,"comparativeIndex":0.0,"electionDayVotesPercent":3.3,"nominatorAbbr":{"fi":"KESK","sv":"C","en":"CENT"}},{"age":57,"advanceVotesPercent":4.2,"lastname":"Alahautala","occupation":"maaseutuyrittäjä","advanceVotes":22,"npid":2,"totalVotes":40,"spid":1,"abbr":"KESK","municipalCouncilor":true,"muid":9,"alid":2,"firstname":"Osmo","electionDayVotes":18,"pid":"2","finalPosition":0,"electedInformation":"ELECTED","totalVotesPercent":3.5,"nominatorName":{"fi":"Suomen Keskusta","sv":"Centern i Finland","en":"Centre Party of Finland"},"caid":3,"position":0,"gender":"1","comparisonData":{"totalVotes":26,"votesTotalChange":14},"edid":12,"comparativeIndex":0.0,"electionDayVotesPercent":2.8,"nominatorAbbr":{"fi":"KESK","sv":"C","en":"CENT"}},{"age":68,"advanceVotesPercent":4.2,"lastname":"Nuorala","occupation":"yhteiskuntatieteiden maisteri, ammatillinen opettaja","advanceVotes":22,"npid":7,"totalVotes":39,"spid":2,"abbr":"KOK","municipalCouncilor":false,"muid":9,"alid":4,"firstname":"Aili","electionDayVotes":17,"pid":"4","finalPosition":0,"electedInformation":"ELECTED","totalVotesPercent":3.4,"nominatorName":{"fi":"Kansallinen Kokoomus","sv":"Samlingspartiet","en":"National Coalition Party"},"caid":30,"position":0,"gender":"2","comparisonData":{"totalVotes":0,"votesTotalChange":39},"edid":12,"comparativeIndex":0.0,"electionDayVotesPercent":2.7,"nominatorAbbr":{"fi":"KOK","sv":"Saml","en":"NCP"}},{"age":57,"advanceVotesPercent":3.7,"lastname":"Jutila","occupation":"hammaslääkäri","advanceVotes":19,"npid":2,"totalVotes":37,"spid":1,"abbr":"KESK","municipalCouncilor":true,"muid":9,"alid":2,"firstname":"Eija","electionDayVotes":18,"pid":"2","finalPosition":0,"electedInformation":"ELECTED","totalVotesPercent":3.2,"nominatorName":{"fi":"Suomen Keskusta","sv":"Centern i Finland","en":"Centre Party of Finland"},"caid":10,"position":0,"gender":"2","comparisonData":{"totalVotes":44,"votesTotalChange":-7},"edid":12,"comparativeIndex":0.0,"electionDayVotesPercent":2.8,"nominatorAbbr":{"fi":"KESK","sv":"C","en":"CENT"}},{"age":43,"advanceVotesPercent":2.3,"lastname":"Hannus","occupation":"yrittäjä","advanceVotes":12,"npid":2,"totalVotes":34,"spid":1,"abbr":"KESK","municipalCouncilor":false,"muid":9,"alid":2,"firstname":"Jani","electionDayVotes":22,"pid":"2","finalPosition":0,"electedInformation":"ELECTED","totalVotesPercent":3.0,"nominatorName":{"fi":"Suomen Keskusta","sv":"Centern i Finland","en":"Centre Party of Finland"},"caid":6,"position":0,"gender":"1","comparisonData":{"totalVotes":9,"votesTotalChange":25},"edid":12,"comparativeIndex":0.0,"electionDayVotesPercent":3.5,"nominatorAbbr":{"fi":"KESK","sv":"C","en":"CENT"}},{"age":29,"advanceVotesPercent":2.7,"lastname":"Hihnala","occupation":"rakennusmies","advanceVotes":14,"npid":1,"totalVotes":32,"spid":4,"abbr":"SDP","municipalCouncilor":false,"muid":9,"alid":1,"firstname":"Ville","electionDayVotes":18,"pid":"1","finalPosition":0,"electedInformation":"NOT_ELECTED","totalVotesPercent":2.8,"nominatorName":{"fi":"Suomen Sosialidemokraattinen Puolue","sv":"Finlands Socialdemokratiska Parti","en":"The Finnish Social Democratic Party"},"caid":2,"position":0,"gender":"1","comparisonData":{"totalVotes":0,"votesTotalChange":32},"edid":12,"comparativeIndex":0.0,"electionDayVotesPercent":2.8,"nominatorAbbr":{"fi":"SDP","sv":"SDP","en":"SDP"}},{"age":52,"advanceVotesPercent":3.7,"lastname":"Hannula","occupation":"eläinlääkäri","advanceVotes":19,"npid":2,"totalVotes":32,"spid":1,"abbr":"KESK","municipalCouncilor":true,"muid":9,"alid":2,"firstname":"Kaija","electionDayVotes":13,"pid":"2","finalPosition":0,"electedInformation":"ELECTED","totalVotesPercent":2.8,"nominatorName":{"fi":"Suomen Keskusta","sv":"Centern i Finland","en":"Centre Party of Finland"},"caid":5,"position":0,"gender":"2","comparisonData":{"totalVotes":32,"votesTotalChange":0},"edid":12,"comparativeIndex":0.0,"electionDayVotesPercent":2.1,"nominatorAbbr":{"fi":"KESK","sv":"C","en":"CENT"}},{"age":53,"advanceVotesPercent":4.1,"lastname":"Raudaskoski-Pudas","occupation":"lähihoitaja","advanceVotes":21,"npid":2,"totalVotes":32,"spid":1,"abbr":"KESK","municipalCouncilor":false,"muid":9,"alid":2,"firstname":"Anita","electionDayVotes":11,"pid":"2","finalPosition":0,"electedInformation":"ELECTED","totalVotesPercent":2.8,"nominatorName":{"fi":"Suomen Keskusta","sv":"Centern i Finland","en":"Centre Party of Finland"},"caid":16,"position":0,"gender":"2","comparisonData":{"totalVotes":23,"votesTotalChange":9},"edid":12,"comparativeIndex":0.0,"electionDayVotesPercent":1.7,"nominatorAbbr":{"fi":"KESK","sv":"C","en":"CENT"}},{"age":63,"advanceVotesPercent":2.7,"lastname":"Isotalus","occupation":"maanviljelijä","advanceVotes":14,"npid":2,"totalVotes":27,"spid":1,"abbr":"KESK","municipalCouncilor":false,"muid":9,"alid":2,"firstname":"Aaro","electionDayVotes":13,"pid":"2","finalPosition":0,"electedInformation":"ELECTED","totalVotesPercent":2.3,"nominatorName":{"fi":"Suomen Keskusta","sv":"Centern i Finland","en":"Centre Party of Finland"},"caid":9,"position":0,"gender":"1","comparisonData":{"totalVotes":0,"votesTotalChange":27},"edid":12,"comparativeIndex":0.0,"electionDayVotesPercent":2.1,"nominatorAbbr":{"fi":"KESK","sv":"C","en":"CENT"}},{"age":41,"advanceVotesPercent":2.9,"lastname":"Isokääntä","occupation":"maatalousyrittäjä, autonkuljettaja","advanceVotes":15,"npid":2,"totalVotes":26,"spid":1,"abbr":"KESK","municipalCouncilor":false,"muid":9,"alid":2,"firstname":"Risto","electionDayVotes":11,"pid":"2","finalPosition":0,"electedInformation":"ON_SUBSTITUTE_PLACE","totalVotesPercent":2.3,"nominatorName":{"fi":"Suomen Keskusta","sv":"Centern i Finland","en":"Centre Party of Finland"},"caid":8,"position":0,"gender":"1","comparisonData":{"totalVotes":0,"votesTotalChange":26},"edid":12,"comparativeIndex":0.0,"electionDayVotesPercent":1.7,"nominatorAbbr":{"fi":"KESK","sv":"C","en":"CENT"}},{"age":36,"advanceVotesPercent":2.5,"lastname":"Kääntä","occupation":"toimistotyöntekijä","advanceVotes":13,"npid":2,"totalVotes":26,"spid":1,"abbr":"KESK","municipalCouncilor":true,"muid":9,"alid":2,"firstname":"Marika","electionDayVotes":13,"pid":"2","finalPosition":0,"electedInformation":"ON_SUBSTITUTE_PLACE","totalVotesPercent":2.3,"nominatorName":{"fi":"Suomen Keskusta","sv":"Centern i Finland","en":"Centre Party of Finland"},"caid":13,"position":0,"gender":"2","comparisonData":{"totalVotes":26,"votesTotalChange":0},"edid":12,"comparativeIndex":0.0,"electionDayVotesPercent":2.1,"nominatorAbbr":{"fi":"KESK","sv":"C","en":"CENT"}},{"age":54,"advanceVotesPercent":3.1,"lastname":"Björkbacka","occupation":"yrittäjä","advanceVotes":16,"npid":4,"totalVotes":25,"spid":6,"abbr":"VAS","municipalCouncilor":false,"muid":9,"alid":4,"firstname":"Sauli","electionDayVotes":9,"pid":"15","finalPosition":0,"electedInformation":"ELECTED","totalVotesPercent":2.2,"nominatorName":{"fi":"Vasemmistoliitto","sv":"Vänsterförbundet","en":"The Left Alliance"},"caid":23,"position":0,"gender":"1","comparisonData":{"totalVotes":18,"votesTotalChange":7},"edid":12,"comparativeIndex":0.0,"electionDayVotesPercent":1.4,"nominatorAbbr":{"fi":"VAS","sv":"VF","en":"LEFT"}},{"age":60,"advanceVotesPercent":1.5,"lastname":"Nahkala","occupation":"työmies","advanceVotes":8,"npid":6,"totalVotes":25,"spid":3,"abbr":"PS","municipalCouncilor":true,"muid":9,"alid":4,"firstname":"Kari","electionDayVotes":17,"pid":"23","finalPosition":0,"electedInformation":"ELECTED","totalVotesPercent":2.2,"nominatorName":{"fi":"Perussuomalaiset","sv":"Sannfinländarna","en":"The Finns Party"},"caid":28,"position":0,"gender":"1","comparisonData":{"totalVotes":24,"votesTotalChange":1},"edid":12,"comparativeIndex":0.0,"electionDayVotesPercent":2.7,"nominatorAbbr":{"fi":"PS","sv":"Sannf","en":"FINNS"}},{"age":29,"advanceVotesPercent":0.4,"lastname":"Laitala","occupation":"pintakäsittelijä","advanceVotes":2,"npid":6,"totalVotes":21,"spid":3,"abbr":"PS","municipalCouncilor":false,"muid":9,"alid":4,"firstname":"Ville","electionDayVotes":19,"pid":"23","finalPosition":0,"electedInformation":"ELECTED","totalVotesPercent":1.8,"nominatorName":{"fi":"Perussuomalaiset","sv":"Sannfinländarna","en":"The Finns Party"},"caid":27,"position":0,"gender":"1","comparisonData":{"totalVotes":0,"votesTotalChange":21},"edid":12,"comparativeIndex":0.0,"electionDayVotesPercent":3.0,"nominatorAbbr":{"fi":"PS","sv":"Sannf","en":"FINNS"}},{"age":56,"advanceVotesPercent":1.7,"lastname":"Nahkala","occupation":"asentaja","advanceVotes":9,"npid":6,"totalVotes":21,"spid":3,"abbr":"PS","municipalCouncilor":false,"muid":9,"alid":4,"firstname":"Esa","electionDayVotes":12,"pid":"23","finalPosition":0,"electedInformation":"ON_SUBSTITUTE_PLACE","totalVotesPercent":1.8,"nominatorName":{"fi":"Perussuomalaiset","sv":"Sannfinländarna","en":"The Finns Party"},"caid":29,"position":0,"gender":"1","comparisonData":{"totalVotes":0,"votesTotalChange":21},"edid":12,"comparativeIndex":0.0,"electionDayVotesPercent":1.9,"nominatorAbbr":{"fi":"PS","sv":"Sannf","en":"FINNS"}},{"age":44,"advanceVotesPercent":1.7,"lastname":"Krook","occupation":"apulaisrehtori","advanceVotes":9,"npid":3,"totalVotes":18,"spid":5,"abbr":"VIHR","municipalCouncilor":false,"muid":9,"alid":3,"firstname":"Kari","electionDayVotes":9,"pid":"13","finalPosition":0,"electedInformation":"ON_SUBSTITUTE_PLACE","totalVotesPercent":1.6,"nominatorName":{"fi":"Vihreä liitto","sv":"Gröna förbundet","en":"Green League"},"caid":20,"position":0,"gender":"1","comparisonData":{"totalVotes":0,"votesTotalChange":18},"edid":12,"comparativeIndex":0.0,"electionDayVotesPercent":1.4,"nominatorAbbr":{"fi":"VIHR","sv":"Gröna","en":"GREEN"}},{"age":68,"advanceVotesPercent":1.2,"lastname":"Pyy","occupation":"eläkeläinen","advanceVotes":6,"npid":4,"totalVotes":15,"spid":6,"abbr":"VAS","municipalCouncilor":false,"muid":9,"alid":4,"firstname":"Martti","electionDayVotes":9,"pid":"15","finalPosition":0,"electedInformation":"ON_SUBSTITUTE_PLACE","totalVotesPercent":1.3,"nominatorName":{"fi":"Vasemmistoliitto","sv":"Vänsterförbundet","en":"The Left Alliance"},"caid":22,"position":0,"gender":"1","comparisonData":{"totalVotes":0,"votesTotalChange":15},"edid":12,"comparativeIndex":0.0,"electionDayVotesPercent":1.4,"nominatorAbbr":{"fi":"VAS","sv":"VF","en":"LEFT"}},{"age":64,"advanceVotesPercent":0.6,"lastname":"Soukka","occupation":"eläkeläinen","advanceVotes":3,"npid":4,"totalVotes":9,"spid":6,"abbr":"VAS","municipalCouncilor":false,"muid":9,"alid":4,"firstname":"Heleena","electionDayVotes":6,"pid":"15","finalPosition":0,"electedInformation":"ON_SUBSTITUTE_PLACE","totalVotesPercent":0.8,"nominatorName":{"fi":"Vasemmistoliitto","sv":"Vänsterförbundet","en":"The Left Alliance"},"caid":21,"position":0,"gender":"2","comparisonData":{"totalVotes":0,"votesTotalChange":9},"edid":12,"comparativeIndex":0.0,"electionDayVotesPercent":0.9,"nominatorAbbr":{"fi":"VAS","sv":"VF","en":"LEFT"}},{"age":43,"advanceVotesPercent":0.6,"lastname":"Salopuro","occupation":"kuljettaja","advanceVotes":3,"npid":2,"totalVotes":5,"spid":1,"abbr":"KESK","municipalCouncilor":false,"muid":9,"alid":2,"firstname":"Sakari","electionDayVotes":2,"pid":"2","finalPosition":0,"electedInformation":"ON_SUBSTITUTE_PLACE","totalVotesPercent":0.4,"nominatorName":{"fi":"Suomen Keskusta","sv":"Centern i Finland","en":"Centre Party of Finland"},"caid":17,"position":0,"gender":"1","comparisonData":{"totalVotes":0,"votesTotalChange":5},"edid":12,"comparativeIndex":0.0,"electionDayVotesPercent":0.3,"nominatorAbbr":{"fi":"KESK","sv":"C","en":"CENT"}}],"municipalityPollingDistricts":[{"name":{"fi":"Kirkonkylä","sv":"Kirkonkylä"},"calculationStatusPercent":100.0,"joinedArea":false,"muid":9,"totalVotingInFinlandTurnout":57.9,"identification":"001","pdid":"001","eligibleVotersInFinlandTotal":2011,"edid":12,"mergedToPdid":""}],"municipality":{"muid":9,"edid":12,"name":{"fi":"Alavieska","sv":"Alavieska"}}}