{"version":57,"created":"2017-04-09T21:32:33.044Z","electionDetails":{"electionId":"kv2017","electionDate":"2017-04-09T00:00:00.000Z","electionDataPublishTime":"2017-04-09T17:00:00.000Z","name":{"fi":"Kuntavaalit 2017","sv":"Kommunalval 2017","en":"Elections 2017"},"previousElections":{"correspondingCompareElection":{"electionId":"kv2012","electionDate":"2012-10-28T00:00:00.000Z","name":{"fi":"Kuntavaalit 2012","en":"Municipal elections 2012","sv":"Kommunalval 2012"}},"otherCompareElection":{"electionId":"ev2015","electionDate":"2015-04-19T00:00:00.000Z","name":{"fi":"Eduskuntavaalit 2015","en":"Parliamentary election 2015","sv":"Riksdagsval 2015"}}}},"calculationStatus":{"electionDayVotingTurnout":23.7,"invalidAdvanceVotes":4,"calculationPhase":"INITIAL","invalidElectionDayVotes":3,"approvedAdvanceVotes":537,"advanceVotingTurnout":43.8,"totalVotingTurnoutAbroad":0.0,"name":{"fi":"Enonkoski","sv":"Enonkoski"},"calculationStatusPercent":100.0,"advanceVotes":541,"electionDayVotingTurnoutAbroad":0.0,"approvedTotalVotes":826,"totalVotes":833,"muid":46,"totalVotingInFinlandTurnout":67.5,"advanceVotingTurnoutAbroad":0.0,"invalidTotalVotes":7,"totalVotingTurnout":67.5,"electionDayVotes":292,"electionDayVotesInFinland":292,"pdid":"001","totalVotesInFinlandMen":0,"eligibleVotersInFinlandTotal":1234,"calculationStatusPercentElectionDayVotes":100.0,"sourceRecordModificationTime":"20170409204319","otherCompareElection":{"eid":"","eligibleVotersInFinlandTotal":0,"advanceVotingInFinlandTurnout":0.0,"electionDayVotingInFinlandTurnout":0.0,"totalVotingInFinlandTurnout":0.0,"approvedVotesTotal":0,"invalidVotesTotal":0},"correspondingCompareElection":{"eid":"","eligibleVotersInFinlandTotal":0,"advanceVotingInFinlandTurnout":0.0,"electionDayVotingInFinlandTurnout":0.0,"totalVotingInFinlandTurnout":0.0,"approvedVotesTotal":0,"invalidVotesTotal":0,"seats":0},"approvedElectionDayVotes":289,"edid":8,"calculationStatusPercentAdvanceVotes":100.0,"electionDayVotingInFinlandTurnout":23.7,"seats":0,"eligibleVotersTotal":1234,"advanceVotesInFinland":541,"advanceVotingInFinlandTurnout":43.8,"totalVotesInFinland":833},"partyResults":[{"advanceVotesPercent":53.6,"name":{"fi":"Suomen Keskusta","sv":"Centern i Finland","en":"Centre Party of Finland"},"advanceVotes":288,"npid":1,"totalVotes":442,"spid":1,"abbr":{"fi":"KESK","sv":"C","en":"CENT"},"alid":1,"electionDayVotes":154,"pid":"2","totalVotesPercent":53.5,"nominatorName":{"fi":"Suomen Keskusta","sv":"Centern i Finland","en":"Centre Party of Finland"},"compareData":{"otherCompareElection":{"votesTotalChange":0,"votesTotalPercentChange":0.0,"votesTotal":442,"votesTotalPercent":53.5},"correspondingCompareElection":{"votesTotalChange":0,"votesTotalPercentChange":0.0,"seatChange":0,"votesTotal":442,"votesTotalPercent":53.5,"seatsTotal":0}},"seats":0,"electionDayVotesPercent":53.3,"nominatorAbbr":{"fi":"KESK","sv":"C","en":"CENT"}},{"advanceVotesPercent":32.2,"name":{"fi":"Suomen Sosialidemokraattinen Puolue","sv":"Finlands Socialdemokratiska Parti","en":"The Finnish Social Democratic Party"},"advanceVotes":173,"npid":2,"totalVotes":261,"spid":4,"abbr":{"fi":"SDP","sv":"SDP","en":"SDP"},"alid":2,"electionDayVotes":88,"pid":"1","totalVotesPercent":31.6,"nominatorName":{"fi":"Suomen Sosialidemokraattinen Puolue","sv":"Finlands Socialdemokratiska Parti","en":"The Finnish Social Democratic Party"},"compareData":{"otherCompareElection":{"votesTotalChange":0,"votesTotalPercentChange":0.0,"votesTotal":261,"votesTotalPercent":31.6},"correspondingCompareElection":{"votesTotalChange":0,"votesTotalPercentChange":0.0,"seatChange":0,"votesTotal":261,"votesTotalPercent":31.6,"seatsTotal":0}},"seats":0,"electionDayVotesPercent":30.4,"nominatorAbbr":{"fi":"SDP","sv":"SDP","en":"SDP"}},{"advanceVotesPercent":6.5,"name":{"fi":"Suomen Kristillisdemokraatit (KD)","sv":"Kristdemokraterna i Finland (KD)","en":"Christian Democrats in Finland"},"advanceVotes":35,"npid":3,"totalVotes":67,"spid":8,"abbr":{"fi":"KD","sv":"KD","en":"CD"},"alid":3,"electionDayVotes":32,"pid":"9","totalVotesPercent":8.1,"nominatorName":{"fi":"Suomen Kristillisdemokraatit (KD)","sv":"Kristdemokraterna i Finland (KD)","en":"Christian Democrats in Finland"},"compareData":{"otherCompareElection":{"votesTotalChange":0,"votesTotalPercentChange":0.0,"votesTotal":67,"votesTotalPercent":8.1},"correspondingCompareElection":{"votesTotalChange":0,"votesTotalPercentChange":0.0,"seatChange":0,"votesTotal":67,"votesTotalPercent":8.1,"seatsTotal":0}},"seats":0,"electionDayVotesPercent":11.1,"nominatorAbbr":{"fi":"KD","sv":"KD","en":"CD"}},{"advanceVotesPercent":7.6,"name":{"fi":"Perussuomalaiset","sv":"Sannfinländarna","en":"The Finns Party"},"advanceVotes":41,"npid":4,"totalVotes":56,"spid":3,"abbr":{"fi":"PS","sv":"Sannf","en":"FINNS"},"alid":4,"electionDayVotes":15,"pid":"23","totalVotesPercent":6.8,"nominatorName":{"fi":"Perussuomalaiset","sv":"Sannfinländarna","en":"The Finns Party"},"compareData":{"otherCompareElection":{"votesTotalChange":0,"votesTotalPercentChange":0.0,"votesTotal":56,"votesTotalPercent":6.8},"correspondingCompareElection":{"votesTotalChange":0,"votesTotalPercentChange":0.0,"seatChange":0,"votesTotal":56,"votesTotalPercent":6.8,"seatsTotal":0}},"seats":0,"electionDayVotesPercent":5.2,"nominatorAbbr":{"fi":"PS","sv":"Sannf","en":"FINNS"}}],"candidateResults":[{"age":68,"advanceVotesPercent":8.0,"lastname":"Nurmio","occupation":"kalatalousteknikko","advanceVotes":43,"npid":2,"totalVotes":60,"spid":4,"abbr":"SDP","municipalCouncilor":true,"muid":46,"alid":2,"firstname":"Tauno","electionDayVotes":17,"pid":"1","finalPosition":0,"electedInformation":"ELECTED","totalVotesPercent":7.3,"nominatorName":{"fi":"Suomen Sosialidemokraattinen Puolue","sv":"Finlands Socialdemokratiska Parti","en":"The Finnish Social Democratic Party"},"caid":28,"position":0,"gender":"1","comparisonData":{"totalVotes":40,"votesTotalChange":20},"edid":8,"comparativeIndex":0.0,"electionDayVotesPercent":5.9,"nominatorAbbr":{"fi":"SDP","sv":"SDP","en":"SDP"}},{"age":38,"advanceVotesPercent":6.0,"lastname":"Laukkanen","occupation":"vanhempi konstaapeli","advanceVotes":32,"npid":1,"totalVotes":49,"spid":1,"abbr":"KESK","municipalCouncilor":false,"muid":46,"alid":1,"firstname":"Kati","electionDayVotes":17,"pid":"2","finalPosition":0,"electedInformation":"ELECTED","totalVotesPercent":5.9,"nominatorName":{"fi":"Suomen Keskusta","sv":"Centern i Finland","en":"Centre Party of Finland"},"caid":6,"position":0,"gender":"2","comparisonData":{"totalVotes":0,"votesTotalChange":49},"edid":8,"comparativeIndex":0.0,"electionDayVotesPercent":5.9,"nominatorAbbr":{"fi":"KESK","sv":"C","en":"CENT"}},{"age":48,"advanceVotesPercent":7.8,"lastname":"Turunen","occupation":"maanviljelijä, metsäyrittäjä","advanceVotes":42,"npid":1,"totalVotes":47,"spid":1,"abbr":"KESK","municipalCouncilor":true,"muid":46,"alid":1,"firstname":"Kari","electionDayVotes":5,"pid":"2","finalPosition":0,"electedInformation":"ELECTED","totalVotesPercent":5.7,"nominatorName":{"fi":"Suomen Keskusta","sv":"Centern i Finland","en":"Centre Party of Finland"},"caid":20,"position":0,"gender":"1","comparisonData":{"totalVotes":49,"votesTotalChange":-2},"edid":8,"comparativeIndex":0.0,"electionDayVotesPercent":1.7,"nominatorAbbr":{"fi":"KESK","sv":"C","en":"CENT"}},{"age":61,"advanceVotesPercent":5.8,"lastname":"Männynsalo","occupation":"ent. yrittäjä","advanceVotes":31,"npid":2,"totalVotes":42,"spid":4,"abbr":"SDP","municipalCouncilor":true,"muid":46,"alid":2,"firstname":"Keijo","electionDayVotes":11,"pid":"1","finalPosition":0,"electedInformation":"ELECTED","totalVotesPercent":5.1,"nominatorName":{"fi":"Suomen Sosialidemokraattinen Puolue","sv":"Finlands Socialdemokratiska Parti","en":"The Finnish Social Democratic Party"},"caid":26,"position":0,"gender":"1","comparisonData":{"totalVotes":20,"votesTotalChange":22},"edid":8,"comparativeIndex":0.0,"electionDayVotesPercent":3.8,"nominatorAbbr":{"fi":"SDP","sv":"SDP","en":"SDP"}},{"age":65,"advanceVotesPercent":5.0,"lastname":"Liukko","occupation":"opettaja","advanceVotes":27,"npid":3,"totalVotes":42,"spid":8,"abbr":"KD","municipalCouncilor":true,"muid":46,"alid":3,"firstname":"Helena","electionDayVotes":15,"pid":"9","finalPosition":0,"electedInformation":"ELECTED","totalVotesPercent":5.1,"nominatorName":{"fi":"Suomen Kristillisdemokraatit (KD)","sv":"Kristdemokraterna i Finland (KD)","en":"Christian Democrats in Finland"},"caid":34,"position":0,"gender":"2","comparisonData":{"totalVotes":33,"votesTotalChange":9},"edid":8,"comparativeIndex":0.0,"electionDayVotesPercent":5.2,"nominatorAbbr":{"fi":"KD","sv":"KD","en":"CD"}},{"age":49,"advanceVotesPercent":5.6,"lastname":"Rönkkö","occupation":"perushoitaja, luottamusmies","advanceVotes":30,"npid":4,"totalVotes":41,"spid":3,"abbr":"PS","municipalCouncilor":true,"muid":46,"alid":4,"firstname":"Teija","electionDayVotes":11,"pid":"23","finalPosition":0,"electedInformation":"ELECTED","totalVotesPercent":5.0,"nominatorName":{"fi":"Perussuomalaiset","sv":"Sannfinländarna","en":"The Finns Party"},"caid":37,"position":0,"gender":"2","comparisonData":{"totalVotes":52,"votesTotalChange":-11},"edid":8,"comparativeIndex":0.0,"electionDayVotesPercent":3.8,"nominatorAbbr":{"fi":"PS","sv":"Sannf","en":"FINNS"}},{"age":35,"advanceVotesPercent":3.9,"lastname":"Nousiainen","occupation":"metsänhoitaja","advanceVotes":21,"npid":1,"totalVotes":38,"spid":1,"abbr":"KESK","municipalCouncilor":false,"muid":46,"alid":1,"firstname":"Juha","electionDayVotes":17,"pid":"2","finalPosition":0,"electedInformation":"ELECTED","totalVotesPercent":4.6,"nominatorName":{"fi":"Suomen Keskusta","sv":"Centern i Finland","en":"Centre Party of Finland"},"caid":15,"position":0,"gender":"1","comparisonData":{"totalVotes":0,"votesTotalChange":38},"edid":8,"comparativeIndex":0.0,"electionDayVotesPercent":5.9,"nominatorAbbr":{"fi":"KESK","sv":"C","en":"CENT"}},{"age":54,"advanceVotesPercent":5.4,"lastname":"Purhonen","occupation":"maanviljelijä","advanceVotes":29,"npid":1,"totalVotes":36,"spid":1,"abbr":"KESK","municipalCouncilor":true,"muid":46,"alid":1,"firstname":"Petri","electionDayVotes":7,"pid":"2","finalPosition":0,"electedInformation":"ELECTED","totalVotesPercent":4.4,"nominatorName":{"fi":"Suomen Keskusta","sv":"Centern i Finland","en":"Centre Party of Finland"},"caid":17,"position":0,"gender":"1","comparisonData":{"totalVotes":31,"votesTotalChange":5},"edid":8,"comparativeIndex":0.0,"electionDayVotesPercent":2.4,"nominatorAbbr":{"fi":"KESK","sv":"C","en":"CENT"}},{"age":40,"advanceVotesPercent":4.1,"lastname":"Niiranen","occupation":"maanviljelijä, MMM","advanceVotes":22,"npid":1,"totalVotes":33,"spid":1,"abbr":"KESK","municipalCouncilor":true,"muid":46,"alid":1,"firstname":"Lauri","electionDayVotes":11,"pid":"2","finalPosition":0,"electedInformation":"ELECTED","totalVotesPercent":4.0,"nominatorName":{"fi":"Suomen Keskusta","sv":"Centern i Finland","en":"Centre Party of Finland"},"caid":14,"position":0,"gender":"1","comparisonData":{"totalVotes":51,"votesTotalChange":-18},"edid":8,"comparativeIndex":0.0,"electionDayVotesPercent":3.8,"nominatorAbbr":{"fi":"KESK","sv":"C","en":"CENT"}},{"age":30,"advanceVotesPercent":4.3,"lastname":"Malmstedt","occupation":"tradenomi, asiakasneuvoja","advanceVotes":23,"npid":1,"totalVotes":32,"spid":1,"abbr":"KESK","municipalCouncilor":true,"muid":46,"alid":1,"firstname":"Jonna","electionDayVotes":9,"pid":"2","finalPosition":0,"electedInformation":"ELECTED","totalVotesPercent":3.9,"nominatorName":{"fi":"Suomen Keskusta","sv":"Centern i Finland","en":"Centre Party of Finland"},"caid":11,"position":0,"gender":"2","comparisonData":{"totalVotes":24,"votesTotalChange":8},"edid":8,"comparativeIndex":0.0,"electionDayVotesPercent":3.1,"nominatorAbbr":{"fi":"KESK","sv":"C","en":"CENT"}},{"age":70,"advanceVotesPercent":4.8,"lastname":"Laitinen","occupation":"lakiasiainsihteeri","advanceVotes":26,"npid":2,"totalVotes":32,"spid":4,"abbr":"SDP","municipalCouncilor":true,"muid":46,"alid":2,"firstname":"Marja","electionDayVotes":6,"pid":"1","finalPosition":0,"electedInformation":"ELECTED","totalVotesPercent":3.9,"nominatorName":{"fi":"Suomen Sosialidemokraattinen Puolue","sv":"Finlands Socialdemokratiska Parti","en":"The Finnish Social Democratic Party"},"caid":24,"position":0,"gender":"2","comparisonData":{"totalVotes":48,"votesTotalChange":-16},"edid":8,"comparativeIndex":0.0,"electionDayVotesPercent":2.1,"nominatorAbbr":{"fi":"SDP","sv":"SDP","en":"SDP"}},{"age":63,"advanceVotesPercent":2.6,"lastname":"Muhonen","occupation":"metsuri","advanceVotes":14,"npid":1,"totalVotes":27,"spid":1,"abbr":"KESK","municipalCouncilor":false,"muid":46,"alid":1,"firstname":"Aki","electionDayVotes":13,"pid":"2","finalPosition":0,"electedInformation":"ELECTED","totalVotesPercent":3.3,"nominatorName":{"fi":"Suomen Keskusta","sv":"Centern i Finland","en":"Centre Party of Finland"},"caid":13,"position":0,"gender":"1","comparisonData":{"totalVotes":20,"votesTotalChange":7},"edid":8,"comparativeIndex":0.0,"electionDayVotesPercent":4.5,"nominatorAbbr":{"fi":"KESK","sv":"C","en":"CENT"}},{"age":56,"advanceVotesPercent":1.9,"lastname":"Kukko","occupation":"maanviljelijä","advanceVotes":10,"npid":1,"totalVotes":25,"spid":1,"abbr":"KESK","municipalCouncilor":true,"muid":46,"alid":1,"firstname":"Juha","electionDayVotes":15,"pid":"2","finalPosition":0,"electedInformation":"ELECTED","totalVotesPercent":3.0,"nominatorName":{"fi":"Suomen Keskusta","sv":"Centern i Finland","en":"Centre Party of Finland"},"caid":5,"position":0,"gender":"1","comparisonData":{"totalVotes":22,"votesTotalChange":3},"edid":8,"comparativeIndex":0.0,"electionDayVotesPercent":5.2,"nominatorAbbr":{"fi":"KESK","sv":"C","en":"CENT"}},{"age":53,"advanceVotesPercent":2.0,"lastname":"Pöllänen","occupation":"maanviljejlijä","advanceVotes":11,"npid":1,"totalVotes":25,"spid":1,"abbr":"KESK","municipalCouncilor":true,"muid":46,"alid":1,"firstname":"Harri","electionDayVotes":14,"pid":"2","finalPosition":0,"electedInformation":"ELECTED","totalVotesPercent":3.0,"nominatorName":{"fi":"Suomen Keskusta","sv":"Centern i Finland","en":"Centre Party of Finland"},"caid":18,"position":0,"gender":"1","comparisonData":{"totalVotes":37,"votesTotalChange":-12},"edid":8,"comparativeIndex":0.0,"electionDayVotesPercent":4.8,"nominatorAbbr":{"fi":"KESK","sv":"C","en":"CENT"}},{"age":45,"advanceVotesPercent":1.5,"lastname":"Ratia","occupation":"yksityinen perhepäivähoitaja","advanceVotes":8,"npid":3,"totalVotes":25,"spid":8,"abbr":"KD","municipalCouncilor":false,"muid":46,"alid":3,"firstname":"Sanna","electionDayVotes":17,"pid":"9","finalPosition":0,"electedInformation":"ON_SUBSTITUTE_PLACE","totalVotesPercent":3.0,"nominatorName":{"fi":"Suomen Kristillisdemokraatit (KD)","sv":"Kristdemokraterna i Finland (KD)","en":"Christian Democrats in Finland"},"caid":35,"position":0,"gender":"2","comparisonData":{"totalVotes":14,"votesTotalChange":11},"edid":8,"comparativeIndex":0.0,"electionDayVotesPercent":5.9,"nominatorAbbr":{"fi":"KD","sv":"KD","en":"CD"}},{"age":69,"advanceVotesPercent":3.4,"lastname":"Kautonen","occupation":"agrologi, MjD","advanceVotes":18,"npid":1,"totalVotes":22,"spid":1,"abbr":"KESK","municipalCouncilor":true,"muid":46,"alid":1,"firstname":"Tuomo","electionDayVotes":4,"pid":"2","finalPosition":0,"electedInformation":"ELECTED","totalVotesPercent":2.7,"nominatorName":{"fi":"Suomen Keskusta","sv":"Centern i Finland","en":"Centre Party of Finland"},"caid":4,"position":0,"gender":"1","comparisonData":{"totalVotes":37,"votesTotalChange":-15},"edid":8,"comparativeIndex":0.0,"electionDayVotesPercent":1.4,"nominatorAbbr":{"fi":"KESK","sv":"C","en":"CENT"}},{"age":54,"advanceVotesPercent":2.4,"lastname":"Loikkanen","occupation":"metsätalousinsinööri, yrittäjä","advanceVotes":13,"npid":1,"totalVotes":22,"spid":1,"abbr":"KESK","municipalCouncilor":true,"muid":46,"alid":1,"firstname":"Timo","electionDayVotes":9,"pid":"2","finalPosition":0,"electedInformation":"ON_SUBSTITUTE_PLACE","totalVotesPercent":2.7,"nominatorName":{"fi":"Suomen Keskusta","sv":"Centern i Finland","en":"Centre Party of Finland"},"caid":7,"position":0,"gender":"1","comparisonData":{"totalVotes":33,"votesTotalChange":-11},"edid":8,"comparativeIndex":0.0,"electionDayVotesPercent":3.1,"nominatorAbbr":{"fi":"KESK","sv":"C","en":"CENT"}},{"age":54,"advanceVotesPercent":2.6,"lastname":"Kylliäinen","occupation":"taksi/linja-autonkuljettaja","advanceVotes":14,"npid":2,"totalVotes":22,"spid":4,"abbr":"SDP","municipalCouncilor":true,"muid":46,"alid":2,"firstname":"Heikki","electionDayVotes":8,"pid":"1","finalPosition":0,"electedInformation":"ELECTED","totalVotesPercent":2.7,"nominatorName":{"fi":"Suomen Sosialidemokraattinen Puolue","sv":"Finlands Socialdemokratiska Parti","en":"The Finnish Social Democratic Party"},"caid":23,"position":0,"gender":"1","comparisonData":{"totalVotes":25,"votesTotalChange":-3},"edid":8,"comparativeIndex":0.0,"electionDayVotesPercent":2.8,"nominatorAbbr":{"fi":"SDP","sv":"SDP","en":"SDP"}},{"age":31,"advanceVotesPercent":1.5,"lastname":"Luukkainen","occupation":"maanviljelijä","advanceVotes":8,"npid":1,"totalVotes":19,"spid":1,"abbr":"KESK","municipalCouncilor":false,"muid":46,"alid":1,"firstname":"Jari","electionDayVotes":11,"pid":"2","finalPosition":0,"electedInformation":"ON_SUBSTITUTE_PLACE","totalVotesPercent":2.3,"nominatorName":{"fi":"Suomen Keskusta","sv":"Centern i Finland","en":"Centre Party of Finland"},"caid":8,"position":0,"gender":"1","comparisonData":{"totalVotes":0,"votesTotalChange":19},"edid":8,"comparativeIndex":0.0,"electionDayVotesPercent":3.8,"nominatorAbbr":{"fi":"KESK","sv":"C","en":"CENT"}},{"age":31,"advanceVotesPercent":2.6,"lastname":"Lyytikäinen","occupation":"maatalousyrittäjä, sairaanhoitaja","advanceVotes":14,"npid":1,"totalVotes":19,"spid":1,"abbr":"KESK","municipalCouncilor":false,"muid":46,"alid":1,"firstname":"Henni","electionDayVotes":5,"pid":"2","finalPosition":0,"electedInformation":"ON_SUBSTITUTE_PLACE","totalVotesPercent":2.3,"nominatorName":{"fi":"Suomen Keskusta","sv":"Centern i Finland","en":"Centre Party of Finland"},"caid":9,"position":0,"gender":"2","comparisonData":{"totalVotes":0,"votesTotalChange":19},"edid":8,"comparativeIndex":0.0,"electionDayVotesPercent":1.7,"nominatorAbbr":{"fi":"KESK","sv":"C","en":"CENT"}},{"age":68,"advanceVotesPercent":3.0,"lastname":"Klemettinen","occupation":"keittiöapulainen","advanceVotes":16,"npid":2,"totalVotes":19,"spid":4,"abbr":"SDP","municipalCouncilor":false,"muid":46,"alid":2,"firstname":"Helvi","electionDayVotes":3,"pid":"1","finalPosition":0,"electedInformation":"ELECTED","totalVotesPercent":2.3,"nominatorName":{"fi":"Suomen Sosialidemokraattinen Puolue","sv":"Finlands Socialdemokratiska Parti","en":"The Finnish Social Democratic Party"},"caid":22,"position":0,"gender":"2","comparisonData":{"totalVotes":9,"votesTotalChange":10},"edid":8,"comparativeIndex":0.0,"electionDayVotesPercent":1.0,"nominatorAbbr":{"fi":"SDP","sv":"SDP","en":"SDP"}},{"age":52,"advanceVotesPercent":1.1,"lastname":"Natunen","occupation":"lähihoitaja","advanceVotes":6,"npid":2,"totalVotes":16,"spid":4,"abbr":"SDP","municipalCouncilor":false,"muid":46,"alid":2,"firstname":"Tiina","electionDayVotes":10,"pid":"1","finalPosition":0,"electedInformation":"ON_SUBSTITUTE_PLACE","totalVotesPercent":1.9,"nominatorName":{"fi":"Suomen Sosialidemokraattinen Puolue","sv":"Finlands Socialdemokratiska Parti","en":"The Finnish Social Democratic Party"},"caid":27,"position":0,"gender":"2","comparisonData":{"totalVotes":9,"votesTotalChange":7},"edid":8,"comparativeIndex":0.0,"electionDayVotesPercent":3.5,"nominatorAbbr":{"fi":"SDP","sv":"SDP","en":"SDP"}},{"age":52,"advanceVotesPercent":1.7,"lastname":"Lyytikäinen","occupation":"linja-autonkuljettaja, työsuojeluvaltuutettu","advanceVotes":9,"npid":2,"totalVotes":15,"spid":4,"abbr":"SDP","municipalCouncilor":false,"muid":46,"alid":2,"firstname":"Timo","electionDayVotes":6,"pid":"1","finalPosition":0,"electedInformation":"ON_SUBSTITUTE_PLACE","totalVotesPercent":1.8,"nominatorName":{"fi":"Suomen Sosialidemokraattinen Puolue","sv":"Finlands Socialdemokratiska Parti","en":"The Finnish Social Democratic Party"},"caid":25,"position":0,"gender":"1","comparisonData":{"totalVotes":0,"votesTotalChange":15},"edid":8,"comparativeIndex":0.0,"electionDayVotesPercent":2.1,"nominatorAbbr":{"fi":"SDP","sv":"SDP","en":"SDP"}},{"age":41,"advanceVotesPercent":1.1,"lastname":"Suvela","occupation":"lähihoitaja","advanceVotes":6,"npid":2,"totalVotes":15,"spid":4,"abbr":"SDP","municipalCouncilor":false,"muid":46,"alid":2,"firstname":"Piia","electionDayVotes":9,"pid":"1","finalPosition":0,"electedInformation":"ON_SUBSTITUTE_PLACE","totalVotesPercent":1.8,"nominatorName":{"fi":"Suomen Sosialidemokraattinen Puolue","sv":"Finlands Socialdemokratiska Parti","en":"The Finnish Social Democratic Party"},"caid":33,"position":0,"gender":"2","comparisonData":{"totalVotes":0,"votesTotalChange":15},"edid":8,"comparativeIndex":0.0,"electionDayVotesPercent":3.1,"nominatorAbbr":{"fi":"SDP","sv":"SDP","en":"SDP"}},{"age":67,"advanceVotesPercent":2.0,"lastname":"Natunen","occupation":"pajavastaava, eläkeläinen","advanceVotes":11,"npid":4,"totalVotes":15,"spid":3,"abbr":"PS","municipalCouncilor":false,"muid":46,"alid":4,"firstname":"Esa","electionDayVotes":4,"pid":"23","finalPosition":0,"electedInformation":"ON_SUBSTITUTE_PLACE","totalVotesPercent":1.8,"nominatorName":{"fi":"Perussuomalaiset","sv":"Sannfinländarna","en":"The Finns Party"},"caid":36,"position":0,"gender":"1","comparisonData":{"totalVotes":43,"votesTotalChange":-28},"edid":8,"comparativeIndex":0.0,"electionDayVotesPercent":1.4,"nominatorAbbr":{"fi":"PS","sv":"Sannf","en":"FINNS"}},{"age":37,"advanceVotesPercent":1.7,"lastname":"Lyytikäinen","occupation":"yrittäjä","advanceVotes":9,"npid":1,"totalVotes":13,"spid":1,"abbr":"KESK","municipalCouncilor":false,"muid":46,"alid":1,"firstname":"Marko","electionDayVotes":4,"pid":"2","finalPosition":0,"electedInformation":"ON_SUBSTITUTE_PLACE","totalVotesPercent":1.6,"nominatorName":{"fi":"Suomen Keskusta","sv":"Centern i Finland","en":"Centre Party of Finland"},"caid":10,"position":0,"gender":"1","comparisonData":{"totalVotes":16,"votesTotalChange":-3},"edid":8,"comparativeIndex":0.0,"electionDayVotesPercent":1.4,"nominatorAbbr":{"fi":"KESK","sv":"C","en":"CENT"}},{"age":73,"advanceVotesPercent":0.6,"lastname":"Redsven","occupation":"myymäläpäällikkö","advanceVotes":3,"npid":2,"totalVotes":13,"spid":4,"abbr":"SDP","municipalCouncilor":false,"muid":46,"alid":2,"firstname":"Ahti","electionDayVotes":10,"pid":"1","finalPosition":0,"electedInformation":"ON_SUBSTITUTE_PLACE","totalVotesPercent":1.6,"nominatorName":{"fi":"Suomen Sosialidemokraattinen Puolue","sv":"Finlands Socialdemokratiska Parti","en":"The Finnish Social Democratic Party"},"caid":32,"position":0,"gender":"1","comparisonData":{"totalVotes":10,"votesTotalChange":3},"edid":8,"comparativeIndex":0.0,"electionDayVotesPercent":3.5,"nominatorAbbr":{"fi":"SDP","sv":"SDP","en":"SDP"}},{"age":72,"advanceVotesPercent":2.2,"lastname":"Järveläinen","occupation":"yrittäjä","advanceVotes":12,"npid":1,"totalVotes":12,"spid":1,"abbr":"KESK","municipalCouncilor":false,"muid":46,"alid":1,"firstname":"Asko","electionDayVotes":0,"pid":"2","finalPosition":0,"electedInformation":"ON_SUBSTITUTE_PLACE","totalVotesPercent":1.5,"nominatorName":{"fi":"Suomen Keskusta","sv":"Centern i Finland","en":"Centre Party of Finland"},"caid":3,"position":0,"gender":"1","comparisonData":{"totalVotes":0,"votesTotalChange":12},"edid":8,"comparativeIndex":0.0,"electionDayVotesPercent":0.0,"nominatorAbbr":{"fi":"KESK","sv":"C","en":"CENT"}},{"age":65,"advanceVotesPercent":1.5,"lastname":"Huoman","occupation":"metsäyrittäjä, eläkeläinen","advanceVotes":8,"npid":1,"totalVotes":9,"spid":1,"abbr":"KESK","municipalCouncilor":false,"muid":46,"alid":1,"firstname":"Hannu","electionDayVotes":1,"pid":"2","finalPosition":0,"electedInformation":"ON_SUBSTITUTE_PLACE","totalVotesPercent":1.1,"nominatorName":{"fi":"Suomen Keskusta","sv":"Centern i Finland","en":"Centre Party of Finland"},"caid":2,"position":0,"gender":"1","comparisonData":{"totalVotes":11,"votesTotalChange":-2},"edid":8,"comparativeIndex":0.0,"electionDayVotesPercent":0.3,"nominatorAbbr":{"fi":"KESK","sv":"C","en":"CENT"}},{"age":35,"advanceVotesPercent":0.2,"lastname":"Montonen","occupation":"talonrakentaja","advanceVotes":1,"npid":1,"totalVotes":9,"spid":1,"abbr":"KESK","municipalCouncilor":false,"muid":46,"alid":1,"firstname":"Antti","electionDayVotes":8,"pid":"2","finalPosition":0,"electedInformation":"ON_SUBSTITUTE_PLACE","totalVotesPercent":1.1,"nominatorName":{"fi":"Suomen Keskusta","sv":"Centern i Finland","en":"Centre Party of Finland"},"caid":12,"position":0,"gender":"1","comparisonData":{"totalVotes":10,"votesTotalChange":-1},"edid":8,"comparativeIndex":0.0,"electionDayVotesPercent":2.8,"nominatorAbbr":{"fi":"KESK","sv":"C","en":"CENT"}},{"age":61,"advanceVotesPercent":1.1,"lastname":"Karvinen","occupation":"teknikko","advanceVotes":6,"npid":2,"totalVotes":9,"spid":4,"abbr":"SDP","municipalCouncilor":false,"muid":46,"alid":2,"firstname":"Seppo","electionDayVotes":3,"pid":"1","finalPosition":0,"electedInformation":"ON_SUBSTITUTE_PLACE","totalVotesPercent":1.1,"nominatorName":{"fi":"Suomen Sosialidemokraattinen Puolue","sv":"Finlands Socialdemokratiska Parti","en":"The Finnish Social Democratic Party"},"caid":21,"position":0,"gender":"1","comparisonData":{"totalVotes":4,"votesTotalChange":5},"edid":8,"comparativeIndex":0.0,"electionDayVotesPercent":1.0,"nominatorAbbr":{"fi":"SDP","sv":"SDP","en":"SDP"}},{"age":65,"advanceVotesPercent":0.9,"lastname":"Peltonen","occupation":"autonkuljettaja","advanceVotes":5,"npid":2,"totalVotes":7,"spid":4,"abbr":"SDP","municipalCouncilor":false,"muid":46,"alid":2,"firstname":"Olli","electionDayVotes":2,"pid":"1","finalPosition":0,"electedInformation":"NOT_ELECTED","totalVotesPercent":0.8,"nominatorName":{"fi":"Suomen Sosialidemokraattinen Puolue","sv":"Finlands Socialdemokratiska Parti","en":"The Finnish Social Democratic Party"},"caid":30,"position":0,"gender":"1","comparisonData":{"totalVotes":4,"votesTotalChange":3},"edid":8,"comparativeIndex":0.0,"electionDayVotesPercent":0.7,"nominatorAbbr":{"fi":"SDP","sv":"SDP","en":"SDP"}},{"age":64,"advanceVotesPercent":1.1,"lastname":"Pakarinen","occupation":"lähihoitaja","advanceVotes":6,"npid":2,"totalVotes":6,"spid":4,"abbr":"SDP","municipalCouncilor":false,"muid":46,"alid":2,"firstname":"Vuokko","electionDayVotes":0,"pid":"1","finalPosition":0,"electedInformation":"NOT_ELECTED","totalVotesPercent":0.7,"nominatorName":{"fi":"Suomen Sosialidemokraattinen Puolue","sv":"Finlands Socialdemokratiska Parti","en":"The Finnish Social Democratic Party"},"caid":29,"position":0,"gender":"2","comparisonData":{"totalVotes":0,"votesTotalChange":6},"edid":8,"comparativeIndex":0.0,"electionDayVotesPercent":0.0,"nominatorAbbr":{"fi":"SDP","sv":"SDP","en":"SDP"}},{"age":68,"advanceVotesPercent":0.4,"lastname":"Pesonen","occupation":"ent. maanviljelijä","advanceVotes":2,"npid":2,"totalVotes":5,"spid":4,"abbr":"SDP","municipalCouncilor":false,"muid":46,"alid":2,"firstname":"Matti","electionDayVotes":3,"pid":"1","finalPosition":0,"electedInformation":"NOT_ELECTED","totalVotesPercent":0.6,"nominatorName":{"fi":"Suomen Sosialidemokraattinen Puolue","sv":"Finlands Socialdemokratiska Parti","en":"The Finnish Social Democratic Party"},"caid":31,"position":0,"gender":"1","comparisonData":{"totalVotes":0,"votesTotalChange":5},"edid":8,"comparativeIndex":0.0,"electionDayVotesPercent":1.0,"nominatorAbbr":{"fi":"SDP","sv":"SDP","en":"SDP"}},{"age":46,"advanceVotesPercent":0.2,"lastname":"Sanio","occupation":"maanviljelijä","advanceVotes":1,"npid":1,"totalVotes":3,"spid":1,"abbr":"KESK","municipalCouncilor":false,"muid":46,"alid":1,"firstname":"Hannu","electionDayVotes":2,"pid":"2","finalPosition":0,"electedInformation":"ON_SUBSTITUTE_PLACE","totalVotesPercent":0.4,"nominatorName":{"fi":"Suomen Keskusta","sv":"Centern i Finland","en":"Centre Party of Finland"},"caid":19,"position":0,"gender":"1","comparisonData":{"totalVotes":2,"votesTotalChange":1},"edid":8,"comparativeIndex":0.0,"electionDayVotesPercent":0.7,"nominatorAbbr":{"fi":"KESK","sv":"C","en":"CENT"}},{"age":53,"advanceVotesPercent":0.0,"lastname":"Partanen","occupation":"seurakuntamestari, eläkeläinen","advanceVotes":0,"npid":1,"totalVotes":2,"spid":1,"abbr":"KESK","municipalCouncilor":false,"muid":46,"alid":1,"firstname":"Arsi","electionDayVotes":2,"pid":"2","finalPosition":0,"electedInformation":"ON_SUBSTITUTE_PLACE","totalVotesPercent":0.2,"nominatorName":{"fi":"Suomen Keskusta","sv":"Centern i Finland","en":"Centre Party of Finland"},"caid":16,"position":0,"gender":"1","comparisonData":{"totalVotes":0,"votesTotalChange":2},"edid":8,"comparativeIndex":0.0,"electionDayVotesPercent":0.7,"nominatorAbbr":{"fi":"KESK","sv":"C","en":"CENT"}}],"municipalityPollingDistricts":[{"name":{"fi":"Enonkoski","sv":"Enonkoski"},"calculationStatusPercent":100.0,"joinedArea":false,"muid":46,"totalVotingInFinlandTurnout":67.5,"identification":"001","pdid":"001","eligibleVotersInFinlandTotal":1234,"edid":8,"mergedToPdid":""}],"municipality":{"muid":46,"edid":8,"name":{"fi":"Enonkoski","sv":"Enonkoski"}}}