{"version":30,"created":"2017-04-09T19:17:51.163Z","electionDetails":{"electionId":"kv2017","electionDate":"2017-04-09T00:00:00.000Z","electionDataPublishTime":"2017-04-09T17:00:00.000Z","name":{"fi":"Kuntavaalit 2017","sv":"Kommunalval 2017","en":"Elections 2017"},"previousElections":{"correspondingCompareElection":{"electionId":"kv2012","electionDate":"2012-10-28T00:00:00.000Z","name":{"fi":"Kuntavaalit 2012","en":"Municipal elections 2012","sv":"Kommunalval 2012"}},"otherCompareElection":{"electionId":"ev2015","electionDate":"2015-04-19T00:00:00.000Z","name":{"fi":"Eduskuntavaalit 2015","en":"Parliamentary election 2015","sv":"Riksdagsval 2015"}}}},"calculationStatus":{"electionDayVotingTurnout":27.5,"invalidAdvanceVotes":1,"calculationPhase":"INITIAL","invalidElectionDayVotes":1,"approvedAdvanceVotes":219,"advanceVotingTurnout":39.0,"totalVotingTurnoutAbroad":0.0,"name":{"fi":"Suur-Miehikkälä","sv":"Suur-Miehikkälä"},"calculationStatusPercent":100.0,"advanceVotes":220,"electionDayVotingTurnoutAbroad":0.0,"approvedTotalVotes":373,"totalVotes":375,"muid":489,"totalVotingInFinlandTurnout":66.5,"advanceVotingTurnoutAbroad":0.0,"invalidTotalVotes":2,"totalVotingTurnout":66.5,"electionDayVotes":155,"electionDayVotesInFinland":155,"pdid":"003","totalVotesInFinlandMen":0,"eligibleVotersInFinlandTotal":564,"calculationStatusPercentElectionDayVotes":100.0,"sourceRecordModificationTime":"20170409202947","otherCompareElection":{"eid":"","eligibleVotersInFinlandTotal":0,"advanceVotingInFinlandTurnout":0.0,"electionDayVotingInFinlandTurnout":0.0,"totalVotingInFinlandTurnout":0.0,"approvedVotesTotal":0,"invalidVotesTotal":0},"correspondingCompareElection":{"eid":"","eligibleVotersInFinlandTotal":0,"advanceVotingInFinlandTurnout":0.0,"electionDayVotingInFinlandTurnout":0.0,"totalVotingInFinlandTurnout":0.0,"approvedVotesTotal":0,"invalidVotesTotal":0,"seats":0},"approvedElectionDayVotes":154,"edid":8,"calculationStatusPercentAdvanceVotes":100.0,"electionDayVotingInFinlandTurnout":27.5,"seats":0,"eligibleVotersTotal":564,"advanceVotesInFinland":220,"advanceVotingInFinlandTurnout":39.0,"totalVotesInFinland":375},"partyResults":[{"advanceVotesPercent":60.7,"name":{"fi":"Suomen Keskusta","sv":"Centern i Finland","en":"Centre Party of Finland"},"advanceVotes":133,"npid":1,"totalVotes":241,"spid":1,"abbr":{"fi":"KESK","sv":"C","en":"CENT"},"alid":1,"electionDayVotes":108,"pid":"2","totalVotesPercent":64.6,"nominatorName":{"fi":"Suomen Keskusta","sv":"Centern i Finland","en":"Centre Party of Finland"},"compareData":{"otherCompareElection":{"votesTotalChange":0,"votesTotalPercentChange":0.0,"votesTotal":241,"votesTotalPercent":64.6},"correspondingCompareElection":{"votesTotalChange":0,"votesTotalPercentChange":0.0,"seatChange":0,"votesTotal":241,"votesTotalPercent":64.6,"seatsTotal":0}},"seats":0,"electionDayVotesPercent":70.1,"nominatorAbbr":{"fi":"KESK","sv":"C","en":"CENT"}},{"advanceVotesPercent":26.9,"name":{"fi":"Kansallinen Kokoomus","sv":"Samlingspartiet","en":"National Coalition Party"},"advanceVotes":59,"npid":3,"totalVotes":98,"spid":2,"abbr":{"fi":"KOK","sv":"Saml","en":"NCP"},"alid":3,"electionDayVotes":39,"pid":"4","totalVotesPercent":26.3,"nominatorName":{"fi":"Kansallinen Kokoomus","sv":"Samlingspartiet","en":"National Coalition Party"},"compareData":{"otherCompareElection":{"votesTotalChange":0,"votesTotalPercentChange":0.0,"votesTotal":98,"votesTotalPercent":26.3},"correspondingCompareElection":{"votesTotalChange":0,"votesTotalPercentChange":0.0,"seatChange":0,"votesTotal":98,"votesTotalPercent":26.3,"seatsTotal":0}},"seats":0,"electionDayVotesPercent":25.3,"nominatorAbbr":{"fi":"KOK","sv":"Saml","en":"NCP"}},{"advanceVotesPercent":12.3,"name":{"fi":"Suomen Sosialidemokraattinen Puolue","sv":"Finlands Socialdemokratiska Parti","en":"The Finnish Social Democratic Party"},"advanceVotes":27,"npid":2,"totalVotes":34,"spid":4,"abbr":{"fi":"SDP","sv":"SDP","en":"SDP"},"alid":2,"electionDayVotes":7,"pid":"1","totalVotesPercent":9.1,"nominatorName":{"fi":"Suomen Sosialidemokraattinen Puolue","sv":"Finlands Socialdemokratiska Parti","en":"The Finnish Social Democratic Party"},"compareData":{"otherCompareElection":{"votesTotalChange":0,"votesTotalPercentChange":0.0,"votesTotal":34,"votesTotalPercent":9.1},"correspondingCompareElection":{"votesTotalChange":0,"votesTotalPercentChange":0.0,"seatChange":0,"votesTotal":34,"votesTotalPercent":9.1,"seatsTotal":0}},"seats":0,"electionDayVotesPercent":4.5,"nominatorAbbr":{"fi":"SDP","sv":"SDP","en":"SDP"}}],"candidateResults":[{"age":59,"advanceVotesPercent":17.8,"lastname":"Alastalo","occupation":"sairaanhoitaja YAMK, mielenterveyspalvelujen esimies","advanceVotes":39,"npid":1,"totalVotes":61,"spid":1,"abbr":"KESK","municipalCouncilor":true,"muid":489,"alid":1,"firstname":"Tarja","electionDayVotes":22,"pid":"2","finalPosition":0,"electedInformation":"ELECTED","totalVotesPercent":16.4,"nominatorName":{"fi":"Suomen Keskusta","sv":"Centern i Finland","en":"Centre Party of Finland"},"caid":2,"position":0,"gender":"2","comparisonData":{"totalVotes":128,"votesTotalChange":-67},"edid":8,"comparativeIndex":0.0,"electionDayVotesPercent":14.3,"nominatorAbbr":{"fi":"KESK","sv":"C","en":"CENT"}},{"age":27,"advanceVotesPercent":4.6,"lastname":"Tylli","occupation":"talonrakentaja","advanceVotes":10,"npid":1,"totalVotes":38,"spid":1,"abbr":"KESK","municipalCouncilor":true,"muid":489,"alid":1,"firstname":"Markus","electionDayVotes":28,"pid":"2","finalPosition":0,"electedInformation":"ELECTED","totalVotesPercent":10.2,"nominatorName":{"fi":"Suomen Keskusta","sv":"Centern i Finland","en":"Centre Party of Finland"},"caid":21,"position":0,"gender":"1","comparisonData":{"totalVotes":51,"votesTotalChange":-13},"edid":8,"comparativeIndex":0.0,"electionDayVotesPercent":18.2,"nominatorAbbr":{"fi":"KESK","sv":"C","en":"CENT"}},{"age":68,"advanceVotesPercent":10.5,"lastname":"Kataikko","occupation":"eläkeläinen","advanceVotes":23,"npid":1,"totalVotes":34,"spid":1,"abbr":"KESK","municipalCouncilor":true,"muid":489,"alid":1,"firstname":"Leena","electionDayVotes":11,"pid":"2","finalPosition":0,"electedInformation":"ELECTED","totalVotesPercent":9.1,"nominatorName":{"fi":"Suomen Keskusta","sv":"Centern i Finland","en":"Centre Party of Finland"},"caid":6,"position":0,"gender":"2","comparisonData":{"totalVotes":44,"votesTotalChange":-10},"edid":8,"comparativeIndex":0.0,"electionDayVotesPercent":7.1,"nominatorAbbr":{"fi":"KESK","sv":"C","en":"CENT"}},{"age":47,"advanceVotesPercent":12.3,"lastname":"Paldan","occupation":"sosiaaliohjaaja","advanceVotes":27,"npid":2,"totalVotes":34,"spid":4,"abbr":"SDP","municipalCouncilor":true,"muid":489,"alid":2,"firstname":"Katja","electionDayVotes":7,"pid":"1","finalPosition":0,"electedInformation":"ELECTED","totalVotesPercent":9.1,"nominatorName":{"fi":"Suomen Sosialidemokraattinen Puolue","sv":"Finlands Socialdemokratiska Parti","en":"The Finnish Social Democratic Party"},"caid":23,"position":0,"gender":"2","comparisonData":{"totalVotes":18,"votesTotalChange":16},"edid":8,"comparativeIndex":0.0,"electionDayVotesPercent":4.5,"nominatorAbbr":{"fi":"SDP","sv":"SDP","en":"SDP"}},{"age":40,"advanceVotesPercent":6.8,"lastname":"Hallikainen","occupation":"artisti","advanceVotes":15,"npid":3,"totalVotes":26,"spid":2,"abbr":"KOK","municipalCouncilor":true,"muid":489,"alid":3,"firstname":"Jukka","electionDayVotes":11,"pid":"4","finalPosition":0,"electedInformation":"ELECTED","totalVotesPercent":7.0,"nominatorName":{"fi":"Kansallinen Kokoomus","sv":"Samlingspartiet","en":"National Coalition Party"},"caid":24,"position":0,"gender":"1","comparisonData":{"totalVotes":47,"votesTotalChange":-21},"edid":8,"comparativeIndex":0.0,"electionDayVotesPercent":7.1,"nominatorAbbr":{"fi":"KOK","sv":"Saml","en":"NCP"}},{"age":57,"advanceVotesPercent":8.2,"lastname":"Rikkola","occupation":"maatalousyrittäjä","advanceVotes":18,"npid":1,"totalVotes":24,"spid":1,"abbr":"KESK","municipalCouncilor":true,"muid":489,"alid":1,"firstname":"Riitta","electionDayVotes":6,"pid":"2","finalPosition":0,"electedInformation":"ELECTED","totalVotesPercent":6.4,"nominatorName":{"fi":"Suomen Keskusta","sv":"Centern i Finland","en":"Centre Party of Finland"},"caid":15,"position":0,"gender":"2","comparisonData":{"totalVotes":44,"votesTotalChange":-20},"edid":8,"comparativeIndex":0.0,"electionDayVotesPercent":3.9,"nominatorAbbr":{"fi":"KESK","sv":"C","en":"CENT"}},{"age":37,"advanceVotesPercent":6.4,"lastname":"Korpela","occupation":"koneenhoitaja","advanceVotes":14,"npid":3,"totalVotes":21,"spid":2,"abbr":"KOK","municipalCouncilor":false,"muid":489,"alid":3,"firstname":"Jani","electionDayVotes":7,"pid":"4","finalPosition":0,"electedInformation":"ELECTED","totalVotesPercent":5.6,"nominatorName":{"fi":"Kansallinen Kokoomus","sv":"Samlingspartiet","en":"National Coalition Party"},"caid":30,"position":0,"gender":"1","comparisonData":{"totalVotes":0,"votesTotalChange":21},"edid":8,"comparativeIndex":0.0,"electionDayVotesPercent":4.5,"nominatorAbbr":{"fi":"KOK","sv":"Saml","en":"NCP"}},{"age":50,"advanceVotesPercent":5.5,"lastname":"Suomalainen","occupation":"laskentaekonomi","advanceVotes":12,"npid":3,"totalVotes":17,"spid":2,"abbr":"KOK","municipalCouncilor":true,"muid":489,"alid":3,"firstname":"Tuula","electionDayVotes":5,"pid":"4","finalPosition":0,"electedInformation":"ELECTED","totalVotesPercent":4.6,"nominatorName":{"fi":"Kansallinen Kokoomus","sv":"Samlingspartiet","en":"National Coalition Party"},"caid":25,"position":0,"gender":"2","comparisonData":{"totalVotes":26,"votesTotalChange":-9},"edid":8,"comparativeIndex":0.0,"electionDayVotesPercent":3.2,"nominatorAbbr":{"fi":"KOK","sv":"Saml","en":"NCP"}},{"age":41,"advanceVotesPercent":3.7,"lastname":"Korpela","occupation":"yrittäjä","advanceVotes":8,"npid":1,"totalVotes":14,"spid":1,"abbr":"KESK","municipalCouncilor":false,"muid":489,"alid":1,"firstname":"Marko","electionDayVotes":6,"pid":"2","finalPosition":0,"electedInformation":"ELECTED","totalVotesPercent":3.8,"nominatorName":{"fi":"Suomen Keskusta","sv":"Centern i Finland","en":"Centre Party of Finland"},"caid":10,"position":0,"gender":"1","comparisonData":{"totalVotes":0,"votesTotalChange":14},"edid":8,"comparativeIndex":0.0,"electionDayVotesPercent":3.9,"nominatorAbbr":{"fi":"KESK","sv":"C","en":"CENT"}},{"age":41,"advanceVotesPercent":2.7,"lastname":"Taina","occupation":"kotiäiti, yrittäjä","advanceVotes":6,"npid":1,"totalVotes":12,"spid":1,"abbr":"KESK","municipalCouncilor":true,"muid":489,"alid":1,"firstname":"Kati","electionDayVotes":6,"pid":"2","finalPosition":0,"electedInformation":"ON_SUBSTITUTE_PLACE","totalVotesPercent":3.2,"nominatorName":{"fi":"Suomen Keskusta","sv":"Centern i Finland","en":"Centre Party of Finland"},"caid":19,"position":0,"gender":"2","comparisonData":{"totalVotes":33,"votesTotalChange":-21},"edid":8,"comparativeIndex":0.0,"electionDayVotesPercent":3.9,"nominatorAbbr":{"fi":"KESK","sv":"C","en":"CENT"}},{"age":72,"advanceVotesPercent":3.7,"lastname":"Korpela","occupation":"yrittäjä, eläkeläinen","advanceVotes":8,"npid":1,"totalVotes":11,"spid":1,"abbr":"KESK","municipalCouncilor":true,"muid":489,"alid":1,"firstname":"Markku","electionDayVotes":3,"pid":"2","finalPosition":0,"electedInformation":"ON_SUBSTITUTE_PLACE","totalVotesPercent":2.9,"nominatorName":{"fi":"Suomen Keskusta","sv":"Centern i Finland","en":"Centre Party of Finland"},"caid":9,"position":0,"gender":"1","comparisonData":{"totalVotes":24,"votesTotalChange":-13},"edid":8,"comparativeIndex":0.0,"electionDayVotesPercent":1.9,"nominatorAbbr":{"fi":"KESK","sv":"C","en":"CENT"}},{"age":38,"advanceVotesPercent":1.8,"lastname":"Rikkola","occupation":"hotellivirkailija","advanceVotes":4,"npid":1,"totalVotes":10,"spid":1,"abbr":"KESK","municipalCouncilor":false,"muid":489,"alid":1,"firstname":"Kaisa","electionDayVotes":6,"pid":"2","finalPosition":0,"electedInformation":"ON_SUBSTITUTE_PLACE","totalVotesPercent":2.7,"nominatorName":{"fi":"Suomen Keskusta","sv":"Centern i Finland","en":"Centre Party of Finland"},"caid":14,"position":0,"gender":"2","comparisonData":{"totalVotes":0,"votesTotalChange":10},"edid":8,"comparativeIndex":0.0,"electionDayVotesPercent":3.9,"nominatorAbbr":{"fi":"KESK","sv":"C","en":"CENT"}},{"age":22,"advanceVotesPercent":1.4,"lastname":"Kivelä","occupation":"opiskelija","advanceVotes":3,"npid":1,"totalVotes":8,"spid":1,"abbr":"KESK","municipalCouncilor":false,"muid":489,"alid":1,"firstname":"Annakaisa","electionDayVotes":5,"pid":"2","finalPosition":0,"electedInformation":"ELECTED","totalVotesPercent":2.1,"nominatorName":{"fi":"Suomen Keskusta","sv":"Centern i Finland","en":"Centre Party of Finland"},"caid":8,"position":0,"gender":"2","comparisonData":{"totalVotes":0,"votesTotalChange":8},"edid":8,"comparativeIndex":0.0,"electionDayVotesPercent":3.2,"nominatorAbbr":{"fi":"KESK","sv":"C","en":"CENT"}},{"age":52,"advanceVotesPercent":2.3,"lastname":"Astola","occupation":"kappalainen, oikeusnotaari","advanceVotes":5,"npid":3,"totalVotes":8,"spid":2,"abbr":"KOK","municipalCouncilor":true,"muid":489,"alid":3,"firstname":"Matti","electionDayVotes":3,"pid":"4","finalPosition":0,"electedInformation":"ELECTED","totalVotesPercent":2.1,"nominatorName":{"fi":"Kansallinen Kokoomus","sv":"Samlingspartiet","en":"National Coalition Party"},"caid":34,"position":0,"gender":"1","comparisonData":{"totalVotes":28,"votesTotalChange":-20},"edid":8,"comparativeIndex":0.0,"electionDayVotesPercent":1.9,"nominatorAbbr":{"fi":"KOK","sv":"Saml","en":"NCP"}},{"age":39,"advanceVotesPercent":2.3,"lastname":"Laapas","occupation":"agrologi AMK","advanceVotes":5,"npid":1,"totalVotes":7,"spid":1,"abbr":"KESK","municipalCouncilor":false,"muid":489,"alid":1,"firstname":"Asko","electionDayVotes":2,"pid":"2","finalPosition":0,"electedInformation":"ELECTED","totalVotesPercent":1.9,"nominatorName":{"fi":"Suomen Keskusta","sv":"Centern i Finland","en":"Centre Party of Finland"},"caid":12,"position":0,"gender":"1","comparisonData":{"totalVotes":0,"votesTotalChange":7},"edid":8,"comparativeIndex":0.0,"electionDayVotesPercent":1.3,"nominatorAbbr":{"fi":"KESK","sv":"C","en":"CENT"}},{"age":69,"advanceVotesPercent":0.9,"lastname":"Myllymäki","occupation":"eläkeläinen","advanceVotes":2,"npid":3,"totalVotes":6,"spid":2,"abbr":"KOK","municipalCouncilor":false,"muid":489,"alid":3,"firstname":"Tenho","electionDayVotes":4,"pid":"4","finalPosition":0,"electedInformation":"NOT_ELECTED","totalVotesPercent":1.6,"nominatorName":{"fi":"Kansallinen Kokoomus","sv":"Samlingspartiet","en":"National Coalition Party"},"caid":36,"position":0,"gender":"1","comparisonData":{"totalVotes":11,"votesTotalChange":-5},"edid":8,"comparativeIndex":0.0,"electionDayVotesPercent":2.6,"nominatorAbbr":{"fi":"KOK","sv":"Saml","en":"NCP"}},{"age":28,"advanceVotesPercent":0.5,"lastname":"Ylä-Kotola","occupation":"linja-autonkuljettaja","advanceVotes":1,"npid":1,"totalVotes":5,"spid":1,"abbr":"KESK","municipalCouncilor":false,"muid":489,"alid":1,"firstname":"Juho","electionDayVotes":4,"pid":"2","finalPosition":0,"electedInformation":"ELECTED","totalVotesPercent":1.3,"nominatorName":{"fi":"Suomen Keskusta","sv":"Centern i Finland","en":"Centre Party of Finland"},"caid":22,"position":0,"gender":"1","comparisonData":{"totalVotes":0,"votesTotalChange":5},"edid":8,"comparativeIndex":0.0,"electionDayVotesPercent":2.6,"nominatorAbbr":{"fi":"KESK","sv":"C","en":"CENT"}},{"age":41,"advanceVotesPercent":0.9,"lastname":"Aho","occupation":"autonkuljettaja","advanceVotes":2,"npid":3,"totalVotes":5,"spid":2,"abbr":"KOK","municipalCouncilor":false,"muid":489,"alid":3,"firstname":"Jani","electionDayVotes":3,"pid":"4","finalPosition":0,"electedInformation":"NOT_ELECTED","totalVotesPercent":1.3,"nominatorName":{"fi":"Kansallinen Kokoomus","sv":"Samlingspartiet","en":"National Coalition Party"},"caid":28,"position":0,"gender":"1","comparisonData":{"totalVotes":0,"votesTotalChange":5},"edid":8,"comparativeIndex":0.0,"electionDayVotesPercent":1.9,"nominatorAbbr":{"fi":"KOK","sv":"Saml","en":"NCP"}},{"age":53,"advanceVotesPercent":1.8,"lastname":"Törönen","occupation":"lähihoitaja, yrittäjä","advanceVotes":4,"npid":3,"totalVotes":5,"spid":2,"abbr":"KOK","municipalCouncilor":false,"muid":489,"alid":3,"firstname":"Katriina","electionDayVotes":1,"pid":"4","finalPosition":0,"electedInformation":"ON_SUBSTITUTE_PLACE","totalVotesPercent":1.3,"nominatorName":{"fi":"Kansallinen Kokoomus","sv":"Samlingspartiet","en":"National Coalition Party"},"caid":31,"position":0,"gender":"2","comparisonData":{"totalVotes":0,"votesTotalChange":5},"edid":8,"comparativeIndex":0.0,"electionDayVotesPercent":0.6,"nominatorAbbr":{"fi":"KOK","sv":"Saml","en":"NCP"}},{"age":49,"advanceVotesPercent":0.5,"lastname":"Husu","occupation":"sairaanhoitaja","advanceVotes":1,"npid":1,"totalVotes":4,"spid":1,"abbr":"KESK","municipalCouncilor":true,"muid":489,"alid":1,"firstname":"Sirpa","electionDayVotes":3,"pid":"2","finalPosition":0,"electedInformation":"ELECTED","totalVotesPercent":1.1,"nominatorName":{"fi":"Suomen Keskusta","sv":"Centern i Finland","en":"Centre Party of Finland"},"caid":5,"position":0,"gender":"2","comparisonData":{"totalVotes":33,"votesTotalChange":-29},"edid":8,"comparativeIndex":0.0,"electionDayVotesPercent":1.9,"nominatorAbbr":{"fi":"KESK","sv":"C","en":"CENT"}},{"age":46,"advanceVotesPercent":0.9,"lastname":"Mäkelä","occupation":"yrittäjä","advanceVotes":2,"npid":3,"totalVotes":4,"spid":2,"abbr":"KOK","municipalCouncilor":false,"muid":489,"alid":3,"firstname":"Piia","electionDayVotes":2,"pid":"4","finalPosition":0,"electedInformation":"ON_SUBSTITUTE_PLACE","totalVotesPercent":1.1,"nominatorName":{"fi":"Kansallinen Kokoomus","sv":"Samlingspartiet","en":"National Coalition Party"},"caid":29,"position":0,"gender":"2","comparisonData":{"totalVotes":0,"votesTotalChange":4},"edid":8,"comparativeIndex":0.0,"electionDayVotesPercent":1.3,"nominatorAbbr":{"fi":"KOK","sv":"Saml","en":"NCP"}},{"age":50,"advanceVotesPercent":1.4,"lastname":"Heinonen","occupation":"maatalousyrittäjä","advanceVotes":3,"npid":1,"totalVotes":3,"spid":1,"abbr":"KESK","municipalCouncilor":true,"muid":489,"alid":1,"firstname":"Jari","electionDayVotes":0,"pid":"2","finalPosition":0,"electedInformation":"ELECTED","totalVotesPercent":0.8,"nominatorName":{"fi":"Suomen Keskusta","sv":"Centern i Finland","en":"Centre Party of Finland"},"caid":3,"position":0,"gender":"1","comparisonData":{"totalVotes":58,"votesTotalChange":-55},"edid":8,"comparativeIndex":0.0,"electionDayVotesPercent":0.0,"nominatorAbbr":{"fi":"KESK","sv":"C","en":"CENT"}},{"age":52,"advanceVotesPercent":0.0,"lastname":"Kärhä","occupation":"kapteeni evp","advanceVotes":0,"npid":1,"totalVotes":3,"spid":1,"abbr":"KESK","municipalCouncilor":false,"muid":489,"alid":1,"firstname":"Ismo","electionDayVotes":3,"pid":"2","finalPosition":0,"electedInformation":"ELECTED","totalVotesPercent":0.8,"nominatorName":{"fi":"Suomen Keskusta","sv":"Centern i Finland","en":"Centre Party of Finland"},"caid":11,"position":0,"gender":"1","comparisonData":{"totalVotes":0,"votesTotalChange":3},"edid":8,"comparativeIndex":0.0,"electionDayVotesPercent":1.9,"nominatorAbbr":{"fi":"KESK","sv":"C","en":"CENT"}},{"age":35,"advanceVotesPercent":0.5,"lastname":"Kirppu","occupation":"maanviljelijä","advanceVotes":1,"npid":3,"totalVotes":3,"spid":2,"abbr":"KOK","municipalCouncilor":true,"muid":489,"alid":3,"firstname":"Eetu","electionDayVotes":2,"pid":"4","finalPosition":0,"electedInformation":"ELECTED","totalVotesPercent":0.8,"nominatorName":{"fi":"Kansallinen Kokoomus","sv":"Samlingspartiet","en":"National Coalition Party"},"caid":26,"position":0,"gender":"1","comparisonData":{"totalVotes":29,"votesTotalChange":-26},"edid":8,"comparativeIndex":0.0,"electionDayVotesPercent":1.3,"nominatorAbbr":{"fi":"KOK","sv":"Saml","en":"NCP"}},{"age":63,"advanceVotesPercent":0.9,"lastname":"Pakkanen","occupation":"eläkeläinen","advanceVotes":2,"npid":1,"totalVotes":2,"spid":1,"abbr":"KESK","municipalCouncilor":true,"muid":489,"alid":1,"firstname":"Raimo","electionDayVotes":0,"pid":"2","finalPosition":0,"electedInformation":"ELECTED","totalVotesPercent":0.5,"nominatorName":{"fi":"Suomen Keskusta","sv":"Centern i Finland","en":"Centre Party of Finland"},"caid":13,"position":0,"gender":"1","comparisonData":{"totalVotes":41,"votesTotalChange":-39},"edid":8,"comparativeIndex":0.0,"electionDayVotesPercent":0.0,"nominatorAbbr":{"fi":"KESK","sv":"C","en":"CENT"}},{"age":23,"advanceVotesPercent":0.0,"lastname":"Suoknuuti","occupation":"opiskelija","advanceVotes":0,"npid":1,"totalVotes":2,"spid":1,"abbr":"KESK","municipalCouncilor":false,"muid":489,"alid":1,"firstname":"Mikko","electionDayVotes":2,"pid":"2","finalPosition":0,"electedInformation":"ON_SUBSTITUTE_PLACE","totalVotesPercent":0.5,"nominatorName":{"fi":"Suomen Keskusta","sv":"Centern i Finland","en":"Centre Party of Finland"},"caid":18,"position":0,"gender":"1","comparisonData":{"totalVotes":0,"votesTotalChange":2},"edid":8,"comparativeIndex":0.0,"electionDayVotesPercent":1.3,"nominatorAbbr":{"fi":"KESK","sv":"C","en":"CENT"}},{"age":26,"advanceVotesPercent":0.9,"lastname":"Vanhala","occupation":"kirjanpitäjä","advanceVotes":2,"npid":3,"totalVotes":2,"spid":2,"abbr":"KOK","municipalCouncilor":false,"muid":489,"alid":3,"firstname":"Antti","electionDayVotes":0,"pid":"4","finalPosition":0,"electedInformation":"ON_SUBSTITUTE_PLACE","totalVotesPercent":0.5,"nominatorName":{"fi":"Kansallinen Kokoomus","sv":"Samlingspartiet","en":"National Coalition Party"},"caid":32,"position":0,"gender":"1","comparisonData":{"totalVotes":0,"votesTotalChange":2},"edid":8,"comparativeIndex":0.0,"electionDayVotesPercent":0.0,"nominatorAbbr":{"fi":"KOK","sv":"Saml","en":"NCP"}},{"age":46,"advanceVotesPercent":0.5,"lastname":"Roine","occupation":"maatalouslomittaja","advanceVotes":1,"npid":1,"totalVotes":1,"spid":1,"abbr":"KESK","municipalCouncilor":false,"muid":489,"alid":1,"firstname":"Tonja","electionDayVotes":0,"pid":"2","finalPosition":0,"electedInformation":"ON_SUBSTITUTE_PLACE","totalVotesPercent":0.3,"nominatorName":{"fi":"Suomen Keskusta","sv":"Centern i Finland","en":"Centre Party of Finland"},"caid":16,"position":0,"gender":"2","comparisonData":{"totalVotes":0,"votesTotalChange":1},"edid":8,"comparativeIndex":0.0,"electionDayVotesPercent":0.0,"nominatorAbbr":{"fi":"KESK","sv":"C","en":"CENT"}},{"age":70,"advanceVotesPercent":0.5,"lastname":"Ruoppa","occupation":"maanviljelijä, eläkeläinen","advanceVotes":1,"npid":1,"totalVotes":1,"spid":1,"abbr":"KESK","municipalCouncilor":true,"muid":489,"alid":1,"firstname":"Pekka","electionDayVotes":0,"pid":"2","finalPosition":0,"electedInformation":"ON_SUBSTITUTE_PLACE","totalVotesPercent":0.3,"nominatorName":{"fi":"Suomen Keskusta","sv":"Centern i Finland","en":"Centre Party of Finland"},"caid":17,"position":0,"gender":"1","comparisonData":{"totalVotes":33,"votesTotalChange":-32},"edid":8,"comparativeIndex":0.0,"electionDayVotesPercent":0.0,"nominatorAbbr":{"fi":"KESK","sv":"C","en":"CENT"}},{"age":50,"advanceVotesPercent":0.0,"lastname":"Tenkanen-Salmela","occupation":"sairaanhoitaja, hoitotyön opettaja TtK","advanceVotes":0,"npid":1,"totalVotes":1,"spid":1,"abbr":"KESK","municipalCouncilor":true,"muid":489,"alid":1,"firstname":"Riitta","electionDayVotes":1,"pid":"2","finalPosition":0,"electedInformation":"ELECTED","totalVotesPercent":0.3,"nominatorName":{"fi":"Suomen Keskusta","sv":"Centern i Finland","en":"Centre Party of Finland"},"caid":20,"position":0,"gender":"2","comparisonData":{"totalVotes":21,"votesTotalChange":-20},"edid":8,"comparativeIndex":0.0,"electionDayVotesPercent":0.6,"nominatorAbbr":{"fi":"KESK","sv":"C","en":"CENT"}},{"age":44,"advanceVotesPercent":0.0,"lastname":"Oikarinen","occupation":"tulliylitarkastaja","advanceVotes":0,"npid":3,"totalVotes":1,"spid":2,"abbr":"KOK","municipalCouncilor":false,"muid":489,"alid":3,"firstname":"Petri","electionDayVotes":1,"pid":"4","finalPosition":0,"electedInformation":"NOT_ELECTED","totalVotesPercent":0.3,"nominatorName":{"fi":"Kansallinen Kokoomus","sv":"Samlingspartiet","en":"National Coalition Party"},"caid":37,"position":0,"gender":"1","comparisonData":{"totalVotes":17,"votesTotalChange":-16},"edid":8,"comparativeIndex":0.0,"electionDayVotesPercent":0.6,"nominatorAbbr":{"fi":"KOK","sv":"Saml","en":"NCP"}},{"age":56,"advanceVotesPercent":0.0,"lastname":"Hurtta","occupation":"koneenkuljettaja","advanceVotes":0,"npid":1,"totalVotes":0,"spid":1,"abbr":"KESK","municipalCouncilor":true,"muid":489,"alid":1,"firstname":"Tarmo","electionDayVotes":0,"pid":"2","finalPosition":0,"electedInformation":"ELECTED","totalVotesPercent":0.0,"nominatorName":{"fi":"Suomen Keskusta","sv":"Centern i Finland","en":"Centre Party of Finland"},"caid":4,"position":0,"gender":"1","comparisonData":{"totalVotes":20,"votesTotalChange":-20},"edid":8,"comparativeIndex":0.0,"electionDayVotesPercent":0.0,"nominatorAbbr":{"fi":"KESK","sv":"C","en":"CENT"}},{"age":61,"advanceVotesPercent":0.0,"lastname":"Kirkkopelto-Pakarinen","occupation":"HSO-sihteeri","advanceVotes":0,"npid":1,"totalVotes":0,"spid":1,"abbr":"KESK","municipalCouncilor":true,"muid":489,"alid":1,"firstname":"Wilma","electionDayVotes":0,"pid":"2","finalPosition":0,"electedInformation":"ELECTED","totalVotesPercent":0.0,"nominatorName":{"fi":"Suomen Keskusta","sv":"Centern i Finland","en":"Centre Party of Finland"},"caid":7,"position":0,"gender":"2","comparisonData":{"totalVotes":40,"votesTotalChange":-40},"edid":8,"comparativeIndex":0.0,"electionDayVotesPercent":0.0,"nominatorAbbr":{"fi":"KESK","sv":"C","en":"CENT"}},{"age":32,"advanceVotesPercent":0.0,"lastname":"Harju","occupation":"hanketyöntekijä","advanceVotes":0,"npid":3,"totalVotes":0,"spid":2,"abbr":"KOK","municipalCouncilor":false,"muid":489,"alid":3,"firstname":"Noora","electionDayVotes":0,"pid":"4","finalPosition":0,"electedInformation":"NOT_ELECTED","totalVotesPercent":0.0,"nominatorName":{"fi":"Kansallinen Kokoomus","sv":"Samlingspartiet","en":"National Coalition Party"},"caid":27,"position":0,"gender":"2","comparisonData":{"totalVotes":0,"votesTotalChange":0},"edid":8,"comparativeIndex":0.0,"electionDayVotesPercent":0.0,"nominatorAbbr":{"fi":"KOK","sv":"Saml","en":"NCP"}},{"age":69,"advanceVotesPercent":0.0,"lastname":"Oikarinen","occupation":"eläkeläinen","advanceVotes":0,"npid":3,"totalVotes":0,"spid":2,"abbr":"KOK","municipalCouncilor":false,"muid":489,"alid":3,"firstname":"Toini","electionDayVotes":0,"pid":"4","finalPosition":0,"electedInformation":"ON_SUBSTITUTE_PLACE","totalVotesPercent":0.0,"nominatorName":{"fi":"Kansallinen Kokoomus","sv":"Samlingspartiet","en":"National Coalition Party"},"caid":33,"position":0,"gender":"2","comparisonData":{"totalVotes":5,"votesTotalChange":-5},"edid":8,"comparativeIndex":0.0,"electionDayVotesPercent":0.0,"nominatorAbbr":{"fi":"KOK","sv":"Saml","en":"NCP"}},{"age":49,"advanceVotesPercent":0.0,"lastname":"Jokimies","occupation":"yrittäjä","advanceVotes":0,"npid":3,"totalVotes":0,"spid":2,"abbr":"KOK","municipalCouncilor":false,"muid":489,"alid":3,"firstname":"Riku","electionDayVotes":0,"pid":"4","finalPosition":0,"electedInformation":"ON_SUBSTITUTE_PLACE","totalVotesPercent":0.0,"nominatorName":{"fi":"Kansallinen Kokoomus","sv":"Samlingspartiet","en":"National Coalition Party"},"caid":35,"position":0,"gender":"1","comparisonData":{"totalVotes":16,"votesTotalChange":-16},"edid":8,"comparativeIndex":0.0,"electionDayVotesPercent":0.0,"nominatorAbbr":{"fi":"KOK","sv":"Saml","en":"NCP"}}],"municipalityPollingDistricts":[{"name":{"fi":"Muurikkala","sv":"Muurikkala"},"calculationStatusPercent":100.0,"joinedArea":true,"muid":489,"totalVotingInFinlandTurnout":55.4,"identification":"001","pdid":"001","eligibleVotersInFinlandTotal":242,"edid":8,"mergedToPdid":""},{"name":{"fi":"Saivikkala","sv":"Saivikkala"},"calculationStatusPercent":100.0,"joinedArea":false,"muid":489,"totalVotingInFinlandTurnout":58.8,"identification":"002","pdid":"002","eligibleVotersInFinlandTotal":921,"edid":8,"mergedToPdid":""},{"name":{"fi":"Suur-Miehikkälä","sv":"Suur-Miehikkälä"},"calculationStatusPercent":100.0,"joinedArea":false,"muid":489,"totalVotingInFinlandTurnout":66.5,"identification":"003","pdid":"003","eligibleVotersInFinlandTotal":564,"edid":8,"mergedToPdid":""}],"municipality":{"muid":489,"edid":8,"name":{"fi":"Miehikkälä","sv":"Miehikkälä"}}}