{"version":30,"created":"2017-04-09T19:17:51.770Z","electionDetails":{"electionId":"kv2017","electionDate":"2017-04-09T00:00:00.000Z","electionDataPublishTime":"2017-04-09T17:00:00.000Z","name":{"fi":"Kuntavaalit 2017","sv":"Kommunalval 2017","en":"Elections 2017"},"previousElections":{"correspondingCompareElection":{"electionId":"kv2012","electionDate":"2012-10-28T00:00:00.000Z","name":{"fi":"Kuntavaalit 2012","en":"Municipal elections 2012","sv":"Kommunalval 2012"}},"otherCompareElection":{"electionId":"ev2015","electionDate":"2015-04-19T00:00:00.000Z","name":{"fi":"Eduskuntavaalit 2015","en":"Parliamentary election 2015","sv":"Riksdagsval 2015"}}}},"calculationStatus":{"electionDayVotingTurnout":28.7,"invalidAdvanceVotes":6,"calculationPhase":"INITIAL","invalidElectionDayVotes":2,"approvedAdvanceVotes":927,"advanceVotingTurnout":30.3,"totalVotingTurnoutAbroad":0.0,"name":{"fi":"Kirkonkylä","sv":"Kirkonkylä"},"calculationStatusPercent":100.0,"advanceVotes":933,"electionDayVotingTurnoutAbroad":0.0,"approvedTotalVotes":1813,"totalVotes":1819,"muid":507,"totalVotingInFinlandTurnout":59.0,"advanceVotingTurnoutAbroad":0.0,"invalidTotalVotes":8,"totalVotingTurnout":59.0,"electionDayVotes":886,"electionDayVotesInFinland":886,"pdid":"002","totalVotesInFinlandMen":0,"eligibleVotersInFinlandTotal":3083,"calculationStatusPercentElectionDayVotes":100.0,"sourceRecordModificationTime":"20170409215144","otherCompareElection":{"eid":"","eligibleVotersInFinlandTotal":0,"advanceVotingInFinlandTurnout":0.0,"electionDayVotingInFinlandTurnout":0.0,"totalVotingInFinlandTurnout":0.0,"approvedVotesTotal":0,"invalidVotesTotal":0},"correspondingCompareElection":{"eid":"","eligibleVotersInFinlandTotal":0,"advanceVotingInFinlandTurnout":0.0,"electionDayVotingInFinlandTurnout":0.0,"totalVotingInFinlandTurnout":0.0,"approvedVotesTotal":0,"invalidVotesTotal":0,"seats":0},"approvedElectionDayVotes":886,"edid":8,"calculationStatusPercentAdvanceVotes":100.0,"electionDayVotingInFinlandTurnout":28.7,"seats":0,"eligibleVotersTotal":3083,"advanceVotesInFinland":933,"advanceVotingInFinlandTurnout":30.3,"totalVotesInFinland":1819},"partyResults":[{"advanceVotesPercent":29.0,"name":{"fi":"Suomen Keskusta","sv":"Centern i Finland","en":"Centre Party of Finland"},"advanceVotes":269,"npid":5,"totalVotes":501,"spid":1,"abbr":{"fi":"KESK","sv":"C","en":"CENT"},"alid":5,"electionDayVotes":232,"pid":"2","totalVotesPercent":27.6,"nominatorName":{"fi":"Suomen Keskusta","sv":"Centern i Finland","en":"Centre Party of Finland"},"compareData":{"otherCompareElection":{"votesTotalChange":0,"votesTotalPercentChange":0.0,"votesTotal":501,"votesTotalPercent":27.6},"correspondingCompareElection":{"votesTotalChange":0,"votesTotalPercentChange":0.0,"seatChange":0,"votesTotal":501,"votesTotalPercent":27.6,"seatsTotal":0}},"seats":0,"electionDayVotesPercent":26.2,"nominatorAbbr":{"fi":"KESK","sv":"C","en":"CENT"}},{"advanceVotesPercent":22.9,"name":{"fi":"Kansallinen Kokoomus","sv":"Samlingspartiet","en":"National Coalition Party"},"advanceVotes":212,"npid":7,"totalVotes":395,"spid":2,"abbr":{"fi":"KOK","sv":"Saml","en":"NCP"},"alid":7,"electionDayVotes":183,"pid":"4","totalVotesPercent":21.8,"nominatorName":{"fi":"Kansallinen Kokoomus","sv":"Samlingspartiet","en":"National Coalition Party"},"compareData":{"otherCompareElection":{"votesTotalChange":0,"votesTotalPercentChange":0.0,"votesTotal":395,"votesTotalPercent":21.8},"correspondingCompareElection":{"votesTotalChange":0,"votesTotalPercentChange":0.0,"seatChange":0,"votesTotal":395,"votesTotalPercent":21.8,"seatsTotal":0}},"seats":0,"electionDayVotesPercent":20.7,"nominatorAbbr":{"fi":"KOK","sv":"Saml","en":"NCP"}},{"advanceVotesPercent":19.7,"name":{"fi":"Suomen Sosialidemokraattinen Puolue","sv":"Finlands Socialdemokratiska Parti","en":"The Finnish Social Democratic Party"},"advanceVotes":183,"npid":1,"totalVotes":358,"spid":4,"abbr":{"fi":"SDP","sv":"SDP","en":"SDP"},"alid":1,"electionDayVotes":175,"pid":"1","totalVotesPercent":19.7,"nominatorName":{"fi":"Suomen Sosialidemokraattinen Puolue","sv":"Finlands Socialdemokratiska Parti","en":"The Finnish Social Democratic Party"},"compareData":{"otherCompareElection":{"votesTotalChange":0,"votesTotalPercentChange":0.0,"votesTotal":358,"votesTotalPercent":19.7},"correspondingCompareElection":{"votesTotalChange":0,"votesTotalPercentChange":0.0,"seatChange":0,"votesTotal":358,"votesTotalPercent":19.7,"seatsTotal":0}},"seats":0,"electionDayVotesPercent":19.8,"nominatorAbbr":{"fi":"SDP","sv":"SDP","en":"SDP"}},{"advanceVotesPercent":10.8,"name":{"fi":"Muut ryhmät","sv":"Övriga grupper","en":"Other groups"},"advanceVotes":100,"npid":8,"totalVotes":211,"spid":99,"abbr":{"fi":"Muut","sv":"Övriga","en":"Others"},"alid":8,"electionDayVotes":111,"pid":"5078","totalVotesPercent":11.6,"nominatorName":{"fi":"Puolueisiin Sitoutumattomien yhteislista","sv":"Puolueisiin Sitoutumattomien yhteislista","en":"Puolueisiin Sitoutumattomien yhteislista"},"compareData":{"otherCompareElection":{"votesTotalChange":0,"votesTotalPercentChange":0.0,"votesTotal":211,"votesTotalPercent":11.6},"correspondingCompareElection":{"votesTotalChange":0,"votesTotalPercentChange":0.0,"seatChange":0,"votesTotal":211,"votesTotalPercent":11.6,"seatsTotal":0}},"seats":0,"electionDayVotesPercent":12.5,"nominatorAbbr":{"fi":"YL1","sv":"YL1","en":"YL1"}},{"advanceVotesPercent":9.9,"name":{"fi":"Perussuomalaiset","sv":"Sannfinländarna","en":"The Finns Party"},"advanceVotes":92,"npid":6,"totalVotes":201,"spid":3,"abbr":{"fi":"PS","sv":"Sannf","en":"FINNS"},"alid":6,"electionDayVotes":109,"pid":"23","totalVotesPercent":11.1,"nominatorName":{"fi":"Perussuomalaiset","sv":"Sannfinländarna","en":"The Finns Party"},"compareData":{"otherCompareElection":{"votesTotalChange":0,"votesTotalPercentChange":0.0,"votesTotal":201,"votesTotalPercent":11.1},"correspondingCompareElection":{"votesTotalChange":0,"votesTotalPercentChange":0.0,"seatChange":0,"votesTotal":201,"votesTotalPercent":11.1,"seatsTotal":0}},"seats":0,"electionDayVotesPercent":12.3,"nominatorAbbr":{"fi":"PS","sv":"Sannf","en":"FINNS"}},{"advanceVotesPercent":4.2,"name":{"fi":"Suomen Kristillisdemokraatit (KD)","sv":"Kristdemokraterna i Finland (KD)","en":"Christian Democrats in Finland"},"advanceVotes":39,"npid":3,"totalVotes":84,"spid":8,"abbr":{"fi":"KD","sv":"KD","en":"CD"},"alid":3,"electionDayVotes":45,"pid":"9","totalVotesPercent":4.6,"nominatorName":{"fi":"Suomen Kristillisdemokraatit (KD)","sv":"Kristdemokraterna i Finland (KD)","en":"Christian Democrats in Finland"},"compareData":{"otherCompareElection":{"votesTotalChange":0,"votesTotalPercentChange":0.0,"votesTotal":84,"votesTotalPercent":4.6},"correspondingCompareElection":{"votesTotalChange":0,"votesTotalPercentChange":0.0,"seatChange":0,"votesTotal":84,"votesTotalPercent":4.6,"seatsTotal":0}},"seats":0,"electionDayVotesPercent":5.1,"nominatorAbbr":{"fi":"KD","sv":"KD","en":"CD"}},{"advanceVotesPercent":3.2,"name":{"fi":"Vihreä liitto","sv":"Gröna förbundet","en":"Green League"},"advanceVotes":30,"npid":2,"totalVotes":54,"spid":5,"abbr":{"fi":"VIHR","sv":"Gröna","en":"GREEN"},"alid":2,"electionDayVotes":24,"pid":"13","totalVotesPercent":3.0,"nominatorName":{"fi":"Vihreä liitto","sv":"Gröna förbundet","en":"Green League"},"compareData":{"otherCompareElection":{"votesTotalChange":0,"votesTotalPercentChange":0.0,"votesTotal":54,"votesTotalPercent":3.0},"correspondingCompareElection":{"votesTotalChange":0,"votesTotalPercentChange":0.0,"seatChange":0,"votesTotal":54,"votesTotalPercent":3.0,"seatsTotal":0}},"seats":0,"electionDayVotesPercent":2.7,"nominatorAbbr":{"fi":"VIHR","sv":"Gröna","en":"GREEN"}},{"advanceVotesPercent":0.2,"name":{"fi":"Suomen Kommunistinen Puolue","sv":"Finlands Kommunistiska Parti","en":"The Communist Party of Finland"},"advanceVotes":2,"npid":4,"totalVotes":9,"spid":9,"abbr":{"fi":"SKP","sv":"FKP","en":"CPF"},"alid":4,"electionDayVotes":7,"pid":"8","totalVotesPercent":0.5,"nominatorName":{"fi":"Suomen Kommunistinen Puolue","sv":"Finlands Kommunistiska Parti","en":"The Communist Party of Finland"},"compareData":{"otherCompareElection":{"votesTotalChange":0,"votesTotalPercentChange":0.0,"votesTotal":9,"votesTotalPercent":0.5},"correspondingCompareElection":{"votesTotalChange":0,"votesTotalPercentChange":0.0,"seatChange":0,"votesTotal":9,"votesTotalPercent":0.5,"seatsTotal":0}},"seats":0,"electionDayVotesPercent":0.8,"nominatorAbbr":{"fi":"SKP","sv":"FKP","en":"CPF"}}],"candidateResults":[{"age":46,"advanceVotesPercent":6.3,"lastname":"Hartonen-Pulkka","occupation":"lähihoitaja, sairaanhoitajaopiskelija","advanceVotes":58,"npid":6,"totalVotes":110,"spid":3,"abbr":"PS","municipalCouncilor":true,"muid":507,"alid":6,"firstname":"Tanja","electionDayVotes":52,"pid":"23","finalPosition":0,"electedInformation":"ELECTED","totalVotesPercent":6.1,"nominatorName":{"fi":"Perussuomalaiset","sv":"Sannfinländarna","en":"The Finns Party"},"caid":54,"position":0,"gender":"2","comparisonData":{"totalVotes":335,"votesTotalChange":-225},"edid":8,"comparativeIndex":0.0,"electionDayVotesPercent":5.9,"nominatorAbbr":{"fi":"PS","sv":"Sannf","en":"FINNS"}},{"age":72,"advanceVotesPercent":5.7,"lastname":"Kuoksa","occupation":"DI, eläkeläinen","advanceVotes":53,"npid":1,"totalVotes":109,"spid":4,"abbr":"SDP","municipalCouncilor":true,"muid":507,"alid":1,"firstname":"Timo","electionDayVotes":56,"pid":"1","finalPosition":0,"electedInformation":"ELECTED","totalVotesPercent":6.0,"nominatorName":{"fi":"Suomen Sosialidemokraattinen Puolue","sv":"Finlands Socialdemokratiska Parti","en":"The Finnish Social Democratic Party"},"caid":7,"position":0,"gender":"1","comparisonData":{"totalVotes":47,"votesTotalChange":62},"edid":8,"comparativeIndex":0.0,"electionDayVotesPercent":6.3,"nominatorAbbr":{"fi":"SDP","sv":"SDP","en":"SDP"}},{"age":32,"advanceVotesPercent":6.0,"lastname":"Häkkänen","occupation":"kansanedustaja, lakimies","advanceVotes":56,"npid":7,"totalVotes":88,"spid":2,"abbr":"KOK","municipalCouncilor":true,"muid":507,"alid":7,"firstname":"Antti","electionDayVotes":32,"pid":"4","finalPosition":0,"electedInformation":"ELECTED","totalVotesPercent":4.9,"nominatorName":{"fi":"Kansallinen Kokoomus","sv":"Samlingspartiet","en":"National Coalition Party"},"caid":59,"position":0,"gender":"1","comparisonData":{"totalVotes":103,"votesTotalChange":-15},"edid":8,"comparativeIndex":0.0,"electionDayVotesPercent":3.6,"nominatorAbbr":{"fi":"KOK","sv":"Saml","en":"NCP"}},{"age":41,"advanceVotesPercent":3.8,"lastname":"Hämäläinen","occupation":"sosionomi, ohjaaja","advanceVotes":35,"npid":1,"totalVotes":77,"spid":4,"abbr":"SDP","municipalCouncilor":false,"muid":507,"alid":1,"firstname":"Birgit","electionDayVotes":42,"pid":"1","finalPosition":0,"electedInformation":"ELECTED","totalVotesPercent":4.2,"nominatorName":{"fi":"Suomen Sosialidemokraattinen Puolue","sv":"Finlands Socialdemokratiska Parti","en":"The Finnish Social Democratic Party"},"caid":5,"position":0,"gender":"2","comparisonData":{"totalVotes":0,"votesTotalChange":77},"edid":8,"comparativeIndex":0.0,"electionDayVotesPercent":4.7,"nominatorAbbr":{"fi":"SDP","sv":"SDP","en":"SDP"}},{"age":57,"advanceVotesPercent":4.0,"lastname":"Hartonen","occupation":"varastomies","advanceVotes":37,"npid":1,"totalVotes":54,"spid":4,"abbr":"SDP","municipalCouncilor":true,"muid":507,"alid":1,"firstname":"Ari","electionDayVotes":17,"pid":"1","finalPosition":0,"electedInformation":"ELECTED","totalVotesPercent":3.0,"nominatorName":{"fi":"Suomen Sosialidemokraattinen Puolue","sv":"Finlands Socialdemokratiska Parti","en":"The Finnish Social Democratic Party"},"caid":3,"position":0,"gender":"1","comparisonData":{"totalVotes":107,"votesTotalChange":-53},"edid":8,"comparativeIndex":0.0,"electionDayVotesPercent":1.9,"nominatorAbbr":{"fi":"SDP","sv":"SDP","en":"SDP"}},{"age":18,"advanceVotesPercent":3.2,"lastname":"Kovanen","occupation":"opiskelija","advanceVotes":30,"npid":2,"totalVotes":54,"spid":5,"abbr":"VIHR","municipalCouncilor":false,"muid":507,"alid":2,"firstname":"Matti","electionDayVotes":24,"pid":"13","finalPosition":0,"electedInformation":"NOT_ELECTED","totalVotesPercent":3.0,"nominatorName":{"fi":"Vihreä liitto","sv":"Gröna förbundet","en":"Green League"},"caid":16,"position":0,"gender":"1","comparisonData":{"totalVotes":0,"votesTotalChange":54},"edid":8,"comparativeIndex":0.0,"electionDayVotesPercent":2.7,"nominatorAbbr":{"fi":"VIHR","sv":"Gröna","en":"GREEN"}},{"age":41,"advanceVotesPercent":2.5,"lastname":"Hämäläinen","occupation":"autonkuljettaja","advanceVotes":23,"npid":6,"totalVotes":54,"spid":3,"abbr":"PS","municipalCouncilor":true,"muid":507,"alid":6,"firstname":"Tapio","electionDayVotes":31,"pid":"23","finalPosition":0,"electedInformation":"ELECTED","totalVotesPercent":3.0,"nominatorName":{"fi":"Perussuomalaiset","sv":"Sannfinländarna","en":"The Finns Party"},"caid":51,"position":0,"gender":"1","comparisonData":{"totalVotes":41,"votesTotalChange":13},"edid":8,"comparativeIndex":0.0,"electionDayVotesPercent":3.5,"nominatorAbbr":{"fi":"PS","sv":"Sannf","en":"FINNS"}},{"age":41,"advanceVotesPercent":2.0,"lastname":"Paasonen","occupation":"yrittäjä","advanceVotes":19,"npid":8,"totalVotes":51,"spid":99,"abbr":"Muut","municipalCouncilor":true,"muid":507,"alid":8,"firstname":"Jani","electionDayVotes":32,"pid":"5078","finalPosition":0,"electedInformation":"ELECTED","totalVotesPercent":2.8,"nominatorName":{"fi":"Puolueisiin Sitoutumattomien yhteislista","sv":"Puolueisiin Sitoutumattomien yhteislista","en":"Puolueisiin Sitoutumattomien yhteislista"},"caid":79,"position":0,"gender":"1","comparisonData":{"totalVotes":46,"votesTotalChange":5},"edid":8,"comparativeIndex":0.0,"electionDayVotesPercent":3.6,"nominatorAbbr":{"fi":"YL1","sv":"YL1","en":"YL1"}},{"age":43,"advanceVotesPercent":2.6,"lastname":"Kantola","occupation":"kanttori","advanceVotes":24,"npid":3,"totalVotes":49,"spid":8,"abbr":"KD","municipalCouncilor":false,"muid":507,"alid":3,"firstname":"Eero","electionDayVotes":25,"pid":"9","finalPosition":0,"electedInformation":"ELECTED","totalVotesPercent":2.7,"nominatorName":{"fi":"Suomen Kristillisdemokraatit (KD)","sv":"Kristdemokraterna i Finland (KD)","en":"Christian Democrats in Finland"},"caid":17,"position":0,"gender":"1","comparisonData":{"totalVotes":0,"votesTotalChange":49},"edid":8,"comparativeIndex":0.0,"electionDayVotesPercent":2.8,"nominatorAbbr":{"fi":"KD","sv":"KD","en":"CD"}},{"age":29,"advanceVotesPercent":2.5,"lastname":"Mäenpää","occupation":"kulttuurituottaja YAMK","advanceVotes":23,"npid":5,"totalVotes":48,"spid":1,"abbr":"KESK","municipalCouncilor":false,"muid":507,"alid":5,"firstname":"Eveliina","electionDayVotes":25,"pid":"2","finalPosition":0,"electedInformation":"ELECTED","totalVotesPercent":2.6,"nominatorName":{"fi":"Suomen Keskusta","sv":"Centern i Finland","en":"Centre Party of Finland"},"caid":39,"position":0,"gender":"2","comparisonData":{"totalVotes":44,"votesTotalChange":4},"edid":8,"comparativeIndex":0.0,"electionDayVotesPercent":2.8,"nominatorAbbr":{"fi":"KESK","sv":"C","en":"CENT"}},{"age":54,"advanceVotesPercent":2.7,"lastname":"Lamponen","occupation":"kiinteistöpäällikkö","advanceVotes":25,"npid":5,"totalVotes":46,"spid":1,"abbr":"KESK","municipalCouncilor":true,"muid":507,"alid":5,"firstname":"Markku","electionDayVotes":21,"pid":"2","finalPosition":0,"electedInformation":"ELECTED","totalVotesPercent":2.5,"nominatorName":{"fi":"Suomen Keskusta","sv":"Centern i Finland","en":"Centre Party of Finland"},"caid":31,"position":0,"gender":"1","comparisonData":{"totalVotes":67,"votesTotalChange":-21},"edid":8,"comparativeIndex":0.0,"electionDayVotesPercent":2.4,"nominatorAbbr":{"fi":"KESK","sv":"C","en":"CENT"}},{"age":49,"advanceVotesPercent":3.2,"lastname":"Ruohoranta","occupation":"myymäläpäällikkö","advanceVotes":30,"npid":5,"totalVotes":46,"spid":1,"abbr":"KESK","municipalCouncilor":true,"muid":507,"alid":5,"firstname":"Mika","electionDayVotes":16,"pid":"2","finalPosition":0,"electedInformation":"ELECTED","totalVotesPercent":2.5,"nominatorName":{"fi":"Suomen Keskusta","sv":"Centern i Finland","en":"Centre Party of Finland"},"caid":46,"position":0,"gender":"1","comparisonData":{"totalVotes":65,"votesTotalChange":-19},"edid":8,"comparativeIndex":0.0,"electionDayVotesPercent":1.8,"nominatorAbbr":{"fi":"KESK","sv":"C","en":"CENT"}},{"age":65,"advanceVotesPercent":2.9,"lastname":"Honkanen","occupation":"maaseutuyrittäjä","advanceVotes":27,"npid":5,"totalVotes":45,"spid":1,"abbr":"KESK","municipalCouncilor":true,"muid":507,"alid":5,"firstname":"Ilpo","electionDayVotes":18,"pid":"2","finalPosition":0,"electedInformation":"ELECTED","totalVotesPercent":2.5,"nominatorName":{"fi":"Suomen Keskusta","sv":"Centern i Finland","en":"Centre Party of Finland"},"caid":25,"position":0,"gender":"1","comparisonData":{"totalVotes":82,"votesTotalChange":-37},"edid":8,"comparativeIndex":0.0,"electionDayVotesPercent":2.0,"nominatorAbbr":{"fi":"KESK","sv":"C","en":"CENT"}},{"age":68,"advanceVotesPercent":3.5,"lastname":"Häkkänen","occupation":"kunnallisneuvos, varatuomari","advanceVotes":32,"npid":7,"totalVotes":44,"spid":2,"abbr":"KOK","municipalCouncilor":true,"muid":507,"alid":7,"firstname":"Markku","electionDayVotes":12,"pid":"4","finalPosition":0,"electedInformation":"ELECTED","totalVotesPercent":2.4,"nominatorName":{"fi":"Kansallinen Kokoomus","sv":"Samlingspartiet","en":"National Coalition Party"},"caid":60,"position":0,"gender":"1","comparisonData":{"totalVotes":76,"votesTotalChange":-32},"edid":8,"comparativeIndex":0.0,"electionDayVotesPercent":1.4,"nominatorAbbr":{"fi":"KOK","sv":"Saml","en":"NCP"}},{"age":50,"advanceVotesPercent":2.4,"lastname":"Pekkanen","occupation":"KM, luokanopettaja","advanceVotes":22,"npid":5,"totalVotes":43,"spid":1,"abbr":"KESK","municipalCouncilor":true,"muid":507,"alid":5,"firstname":"Leena","electionDayVotes":21,"pid":"2","finalPosition":0,"electedInformation":"ELECTED","totalVotesPercent":2.4,"nominatorName":{"fi":"Suomen Keskusta","sv":"Centern i Finland","en":"Centre Party of Finland"},"caid":44,"position":0,"gender":"2","comparisonData":{"totalVotes":135,"votesTotalChange":-92},"edid":8,"comparativeIndex":0.0,"electionDayVotesPercent":2.4,"nominatorAbbr":{"fi":"KESK","sv":"C","en":"CENT"}},{"age":64,"advanceVotesPercent":1.7,"lastname":"Mustonen","occupation":"kiinteistöneuvos, eläkeläinen","advanceVotes":16,"npid":8,"totalVotes":37,"spid":99,"abbr":"Muut","municipalCouncilor":true,"muid":507,"alid":8,"firstname":"Antti","electionDayVotes":21,"pid":"5078","finalPosition":0,"electedInformation":"ELECTED","totalVotesPercent":2.0,"nominatorName":{"fi":"Puolueisiin Sitoutumattomien yhteislista","sv":"Puolueisiin Sitoutumattomien yhteislista","en":"Puolueisiin Sitoutumattomien yhteislista"},"caid":78,"position":0,"gender":"1","comparisonData":{"totalVotes":88,"votesTotalChange":-51},"edid":8,"comparativeIndex":0.0,"electionDayVotesPercent":2.4,"nominatorAbbr":{"fi":"YL1","sv":"YL1","en":"YL1"}},{"age":49,"advanceVotesPercent":1.8,"lastname":"Kettunen","occupation":"yrittäjä","advanceVotes":17,"npid":5,"totalVotes":35,"spid":1,"abbr":"KESK","municipalCouncilor":false,"muid":507,"alid":5,"firstname":"Seppo","electionDayVotes":18,"pid":"2","finalPosition":0,"electedInformation":"ELECTED","totalVotesPercent":1.9,"nominatorName":{"fi":"Suomen Keskusta","sv":"Centern i Finland","en":"Centre Party of Finland"},"caid":29,"position":0,"gender":"1","comparisonData":{"totalVotes":0,"votesTotalChange":35},"edid":8,"comparativeIndex":0.0,"electionDayVotesPercent":2.0,"nominatorAbbr":{"fi":"KESK","sv":"C","en":"CENT"}},{"age":54,"advanceVotesPercent":2.3,"lastname":"Huovinen","occupation":"YTM, etsivä nuorisotyöntekijä","advanceVotes":21,"npid":8,"totalVotes":34,"spid":99,"abbr":"Muut","municipalCouncilor":true,"muid":507,"alid":8,"firstname":"Markku","electionDayVotes":13,"pid":"5078","finalPosition":0,"electedInformation":"ELECTED","totalVotesPercent":1.9,"nominatorName":{"fi":"Puolueisiin Sitoutumattomien yhteislista","sv":"Puolueisiin Sitoutumattomien yhteislista","en":"Puolueisiin Sitoutumattomien yhteislista"},"caid":76,"position":0,"gender":"1","comparisonData":{"totalVotes":46,"votesTotalChange":-12},"edid":8,"comparativeIndex":0.0,"electionDayVotesPercent":1.5,"nominatorAbbr":{"fi":"YL1","sv":"YL1","en":"YL1"}},{"age":53,"advanceVotesPercent":2.6,"lastname":"Hujanen","occupation":"sairaanhoitaja, tukipalvelukoordinaattori","advanceVotes":24,"npid":7,"totalVotes":33,"spid":2,"abbr":"KOK","municipalCouncilor":true,"muid":507,"alid":7,"firstname":"Seppo","electionDayVotes":9,"pid":"4","finalPosition":0,"electedInformation":"ELECTED","totalVotesPercent":1.8,"nominatorName":{"fi":"Kansallinen Kokoomus","sv":"Samlingspartiet","en":"National Coalition Party"},"caid":58,"position":0,"gender":"1","comparisonData":{"totalVotes":70,"votesTotalChange":-37},"edid":8,"comparativeIndex":0.0,"electionDayVotesPercent":1.0,"nominatorAbbr":{"fi":"KOK","sv":"Saml","en":"NCP"}},{"age":54,"advanceVotesPercent":1.6,"lastname":"Vallin","occupation":"ohjaaja, sosionomi (AMK)","advanceVotes":15,"npid":8,"totalVotes":30,"spid":99,"abbr":"Muut","municipalCouncilor":false,"muid":507,"alid":8,"firstname":"Juha","electionDayVotes":15,"pid":"5078","finalPosition":0,"electedInformation":"ON_SUBSTITUTE_PLACE","totalVotesPercent":1.7,"nominatorName":{"fi":"Puolueisiin Sitoutumattomien yhteislista","sv":"Puolueisiin Sitoutumattomien yhteislista","en":"Puolueisiin Sitoutumattomien yhteislista"},"caid":81,"position":0,"gender":"1","comparisonData":{"totalVotes":32,"votesTotalChange":-2},"edid":8,"comparativeIndex":0.0,"electionDayVotesPercent":1.7,"nominatorAbbr":{"fi":"YL1","sv":"YL1","en":"YL1"}},{"age":55,"advanceVotesPercent":1.8,"lastname":"Karjalainen","occupation":"maanviljelijä","advanceVotes":17,"npid":7,"totalVotes":29,"spid":2,"abbr":"KOK","municipalCouncilor":false,"muid":507,"alid":7,"firstname":"Panu","electionDayVotes":12,"pid":"4","finalPosition":0,"electedInformation":"ELECTED","totalVotesPercent":1.6,"nominatorName":{"fi":"Kansallinen Kokoomus","sv":"Samlingspartiet","en":"National Coalition Party"},"caid":63,"position":0,"gender":"1","comparisonData":{"totalVotes":31,"votesTotalChange":-2},"edid":8,"comparativeIndex":0.0,"electionDayVotesPercent":1.4,"nominatorAbbr":{"fi":"KOK","sv":"Saml","en":"NCP"}},{"age":35,"advanceVotesPercent":1.0,"lastname":"Haajanen","occupation":"maanviljelijä, maanviljelysteknikko","advanceVotes":9,"npid":7,"totalVotes":26,"spid":2,"abbr":"KOK","municipalCouncilor":false,"muid":507,"alid":7,"firstname":"Janne","electionDayVotes":17,"pid":"4","finalPosition":0,"electedInformation":"ON_SUBSTITUTE_PLACE","totalVotesPercent":1.4,"nominatorName":{"fi":"Kansallinen Kokoomus","sv":"Samlingspartiet","en":"National Coalition Party"},"caid":55,"position":0,"gender":"1","comparisonData":{"totalVotes":16,"votesTotalChange":10},"edid":8,"comparativeIndex":0.0,"electionDayVotesPercent":1.9,"nominatorAbbr":{"fi":"KOK","sv":"Saml","en":"NCP"}},{"age":49,"advanceVotesPercent":0.8,"lastname":"Taipale","occupation":"isännöitsijä, yrittäjä","advanceVotes":7,"npid":7,"totalVotes":26,"spid":2,"abbr":"KOK","municipalCouncilor":false,"muid":507,"alid":7,"firstname":"Mauri","electionDayVotes":19,"pid":"4","finalPosition":0,"electedInformation":"ON_SUBSTITUTE_PLACE","totalVotesPercent":1.4,"nominatorName":{"fi":"Kansallinen Kokoomus","sv":"Samlingspartiet","en":"National Coalition Party"},"caid":71,"position":0,"gender":"1","comparisonData":{"totalVotes":34,"votesTotalChange":-8},"edid":8,"comparativeIndex":0.0,"electionDayVotesPercent":2.1,"nominatorAbbr":{"fi":"KOK","sv":"Saml","en":"NCP"}},{"age":60,"advanceVotesPercent":1.0,"lastname":"Partio","occupation":"evl evp","advanceVotes":9,"npid":5,"totalVotes":25,"spid":1,"abbr":"KESK","municipalCouncilor":true,"muid":507,"alid":5,"firstname":"Ismo","electionDayVotes":16,"pid":"2","finalPosition":0,"electedInformation":"ELECTED","totalVotesPercent":1.4,"nominatorName":{"fi":"Suomen Keskusta","sv":"Centern i Finland","en":"Centre Party of Finland"},"caid":43,"position":0,"gender":"1","comparisonData":{"totalVotes":74,"votesTotalChange":-49},"edid":8,"comparativeIndex":0.0,"electionDayVotesPercent":1.8,"nominatorAbbr":{"fi":"KESK","sv":"C","en":"CENT"}},{"age":53,"advanceVotesPercent":0.8,"lastname":"Lopperi","occupation":"kehityspäällikkö, yhteiskuntatieteiden maisteri","advanceVotes":7,"npid":7,"totalVotes":24,"spid":2,"abbr":"KOK","municipalCouncilor":false,"muid":507,"alid":7,"firstname":"Jaana","electionDayVotes":17,"pid":"4","finalPosition":0,"electedInformation":"ELECTED","totalVotesPercent":1.3,"nominatorName":{"fi":"Kansallinen Kokoomus","sv":"Samlingspartiet","en":"National Coalition Party"},"caid":66,"position":0,"gender":"2","comparisonData":{"totalVotes":0,"votesTotalChange":24},"edid":8,"comparativeIndex":0.0,"electionDayVotesPercent":1.9,"nominatorAbbr":{"fi":"KOK","sv":"Saml","en":"NCP"}},{"age":34,"advanceVotesPercent":1.7,"lastname":"Lyytikäinen","occupation":"myyjä","advanceVotes":16,"npid":1,"totalVotes":21,"spid":4,"abbr":"SDP","municipalCouncilor":false,"muid":507,"alid":1,"firstname":"Mikko","electionDayVotes":5,"pid":"1","finalPosition":0,"electedInformation":"ELECTED","totalVotesPercent":1.2,"nominatorName":{"fi":"Suomen Sosialidemokraattinen Puolue","sv":"Finlands Socialdemokratiska Parti","en":"The Finnish Social Democratic Party"},"caid":10,"position":0,"gender":"1","comparisonData":{"totalVotes":0,"votesTotalChange":21},"edid":8,"comparativeIndex":0.0,"electionDayVotesPercent":0.6,"nominatorAbbr":{"fi":"SDP","sv":"SDP","en":"SDP"}},{"age":51,"advanceVotesPercent":1.5,"lastname":"Lantta","occupation":"emäntä","advanceVotes":14,"npid":5,"totalVotes":21,"spid":1,"abbr":"KESK","municipalCouncilor":true,"muid":507,"alid":5,"firstname":"Sari","electionDayVotes":7,"pid":"2","finalPosition":0,"electedInformation":"ELECTED","totalVotesPercent":1.2,"nominatorName":{"fi":"Suomen Keskusta","sv":"Centern i Finland","en":"Centre Party of Finland"},"caid":32,"position":0,"gender":"2","comparisonData":{"totalVotes":61,"votesTotalChange":-40},"edid":8,"comparativeIndex":0.0,"electionDayVotesPercent":0.8,"nominatorAbbr":{"fi":"KESK","sv":"C","en":"CENT"}},{"age":53,"advanceVotesPercent":1.7,"lastname":"Leppäkumpu","occupation":"operaattori","advanceVotes":16,"npid":5,"totalVotes":21,"spid":1,"abbr":"KESK","municipalCouncilor":true,"muid":507,"alid":5,"firstname":"Raimo","electionDayVotes":5,"pid":"2","finalPosition":0,"electedInformation":"ON_SUBSTITUTE_PLACE","totalVotesPercent":1.2,"nominatorName":{"fi":"Suomen Keskusta","sv":"Centern i Finland","en":"Centre Party of Finland"},"caid":33,"position":0,"gender":"1","comparisonData":{"totalVotes":47,"votesTotalChange":-26},"edid":8,"comparativeIndex":0.0,"electionDayVotesPercent":0.6,"nominatorAbbr":{"fi":"KESK","sv":"C","en":"CENT"}},{"age":40,"advanceVotesPercent":1.0,"lastname":"Kähkönen","occupation":"kotihoidon esimies, terveystieteiden maisteri","advanceVotes":9,"npid":7,"totalVotes":21,"spid":2,"abbr":"KOK","municipalCouncilor":false,"muid":507,"alid":7,"firstname":"Anniina","electionDayVotes":12,"pid":"4","finalPosition":0,"electedInformation":"ON_SUBSTITUTE_PLACE","totalVotesPercent":1.2,"nominatorName":{"fi":"Kansallinen Kokoomus","sv":"Samlingspartiet","en":"National Coalition Party"},"caid":65,"position":0,"gender":"2","comparisonData":{"totalVotes":30,"votesTotalChange":-9},"edid":8,"comparativeIndex":0.0,"electionDayVotesPercent":1.4,"nominatorAbbr":{"fi":"KOK","sv":"Saml","en":"NCP"}},{"age":54,"advanceVotesPercent":0.3,"lastname":"Penttinen","occupation":"talonmies","advanceVotes":3,"npid":1,"totalVotes":19,"spid":4,"abbr":"SDP","municipalCouncilor":false,"muid":507,"alid":1,"firstname":"Tapani","electionDayVotes":16,"pid":"1","finalPosition":0,"electedInformation":"ELECTED","totalVotesPercent":1.0,"nominatorName":{"fi":"Suomen Sosialidemokraattinen Puolue","sv":"Finlands Socialdemokratiska Parti","en":"The Finnish Social Democratic Party"},"caid":12,"position":0,"gender":"1","comparisonData":{"totalVotes":43,"votesTotalChange":-24},"edid":8,"comparativeIndex":0.0,"electionDayVotesPercent":1.8,"nominatorAbbr":{"fi":"SDP","sv":"SDP","en":"SDP"}},{"age":71,"advanceVotesPercent":1.1,"lastname":"Saarinen","occupation":"eläkeläinen","advanceVotes":10,"npid":3,"totalVotes":19,"spid":8,"abbr":"KD","municipalCouncilor":false,"muid":507,"alid":3,"firstname":"Anneli","electionDayVotes":9,"pid":"9","finalPosition":0,"electedInformation":"ON_SUBSTITUTE_PLACE","totalVotesPercent":1.0,"nominatorName":{"fi":"Suomen Kristillisdemokraatit (KD)","sv":"Kristdemokraterna i Finland (KD)","en":"Christian Democrats in Finland"},"caid":18,"position":0,"gender":"2","comparisonData":{"totalVotes":0,"votesTotalChange":19},"edid":8,"comparativeIndex":0.0,"electionDayVotesPercent":1.0,"nominatorAbbr":{"fi":"KD","sv":"KD","en":"CD"}},{"age":48,"advanceVotesPercent":1.5,"lastname":"Paasonen","occupation":"yrittäjä","advanceVotes":14,"npid":5,"totalVotes":19,"spid":1,"abbr":"KESK","municipalCouncilor":false,"muid":507,"alid":5,"firstname":"Kirsi","electionDayVotes":5,"pid":"2","finalPosition":0,"electedInformation":"ON_SUBSTITUTE_PLACE","totalVotesPercent":1.0,"nominatorName":{"fi":"Suomen Keskusta","sv":"Centern i Finland","en":"Centre Party of Finland"},"caid":42,"position":0,"gender":"2","comparisonData":{"totalVotes":28,"votesTotalChange":-9},"edid":8,"comparativeIndex":0.0,"electionDayVotesPercent":0.6,"nominatorAbbr":{"fi":"KESK","sv":"C","en":"CENT"}},{"age":49,"advanceVotesPercent":1.2,"lastname":"Heikkilä","occupation":"hum.kand., yrittäjä","advanceVotes":11,"npid":8,"totalVotes":19,"spid":99,"abbr":"Muut","municipalCouncilor":false,"muid":507,"alid":8,"firstname":"Juha","electionDayVotes":8,"pid":"5078","finalPosition":0,"electedInformation":"NOT_ELECTED","totalVotesPercent":1.0,"nominatorName":{"fi":"Puolueisiin Sitoutumattomien yhteislista","sv":"Puolueisiin Sitoutumattomien yhteislista","en":"Puolueisiin Sitoutumattomien yhteislista"},"caid":75,"position":0,"gender":"1","comparisonData":{"totalVotes":0,"votesTotalChange":19},"edid":8,"comparativeIndex":0.0,"electionDayVotesPercent":0.9,"nominatorAbbr":{"fi":"YL1","sv":"YL1","en":"YL1"}},{"age":55,"advanceVotesPercent":0.8,"lastname":"Heikkilä","occupation":"erikoisammattimies","advanceVotes":7,"npid":5,"totalVotes":18,"spid":1,"abbr":"KESK","municipalCouncilor":false,"muid":507,"alid":5,"firstname":"Pekka","electionDayVotes":11,"pid":"2","finalPosition":0,"electedInformation":"ON_SUBSTITUTE_PLACE","totalVotesPercent":1.0,"nominatorName":{"fi":"Suomen Keskusta","sv":"Centern i Finland","en":"Centre Party of Finland"},"caid":24,"position":0,"gender":"1","comparisonData":{"totalVotes":0,"votesTotalChange":18},"edid":8,"comparativeIndex":0.0,"electionDayVotesPercent":1.2,"nominatorAbbr":{"fi":"KESK","sv":"C","en":"CENT"}},{"age":68,"advanceVotesPercent":1.3,"lastname":"Krakau","occupation":"atk-kouluttaja","advanceVotes":12,"npid":5,"totalVotes":18,"spid":1,"abbr":"KESK","municipalCouncilor":false,"muid":507,"alid":5,"firstname":"Tapani","electionDayVotes":6,"pid":"2","finalPosition":0,"electedInformation":"ON_SUBSTITUTE_PLACE","totalVotesPercent":1.0,"nominatorName":{"fi":"Suomen Keskusta","sv":"Centern i Finland","en":"Centre Party of Finland"},"caid":30,"position":0,"gender":"1","comparisonData":{"totalVotes":5,"votesTotalChange":13},"edid":8,"comparativeIndex":0.0,"electionDayVotesPercent":0.7,"nominatorAbbr":{"fi":"KESK","sv":"C","en":"CENT"}},{"age":20,"advanceVotesPercent":0.5,"lastname":"Penttinen","occupation":"metsäkoneenkuljettaja","advanceVotes":5,"npid":5,"totalVotes":18,"spid":1,"abbr":"KESK","municipalCouncilor":false,"muid":507,"alid":5,"firstname":"Aleksi","electionDayVotes":13,"pid":"2","finalPosition":0,"electedInformation":"ELECTED","totalVotesPercent":1.0,"nominatorName":{"fi":"Suomen Keskusta","sv":"Centern i Finland","en":"Centre Party of Finland"},"caid":45,"position":0,"gender":"1","comparisonData":{"totalVotes":0,"votesTotalChange":18},"edid":8,"comparativeIndex":0.0,"electionDayVotesPercent":1.5,"nominatorAbbr":{"fi":"KESK","sv":"C","en":"CENT"}},{"age":61,"advanceVotesPercent":0.5,"lastname":"Turtiainen","occupation":"CNC-koneistaja","advanceVotes":5,"npid":6,"totalVotes":18,"spid":3,"abbr":"PS","municipalCouncilor":true,"muid":507,"alid":6,"firstname":"Anssi","electionDayVotes":13,"pid":"23","finalPosition":0,"electedInformation":"ELECTED","totalVotesPercent":1.0,"nominatorName":{"fi":"Perussuomalaiset","sv":"Sannfinländarna","en":"The Finns Party"},"caid":52,"position":0,"gender":"1","comparisonData":{"totalVotes":33,"votesTotalChange":-15},"edid":8,"comparativeIndex":0.0,"electionDayVotesPercent":1.5,"nominatorAbbr":{"fi":"PS","sv":"Sannf","en":"FINNS"}},{"age":30,"advanceVotesPercent":1.0,"lastname":"Pekkanen","occupation":"postityöntekijä, sairaanhoitajaopiskelija","advanceVotes":9,"npid":7,"totalVotes":16,"spid":2,"abbr":"KOK","municipalCouncilor":false,"muid":507,"alid":7,"firstname":"Aki","electionDayVotes":7,"pid":"4","finalPosition":0,"electedInformation":"ON_SUBSTITUTE_PLACE","totalVotesPercent":0.9,"nominatorName":{"fi":"Kansallinen Kokoomus","sv":"Samlingspartiet","en":"National Coalition Party"},"caid":68,"position":0,"gender":"1","comparisonData":{"totalVotes":21,"votesTotalChange":-5},"edid":8,"comparativeIndex":0.0,"electionDayVotesPercent":0.8,"nominatorAbbr":{"fi":"KOK","sv":"Saml","en":"NCP"}},{"age":42,"advanceVotesPercent":0.8,"lastname":"Hytönen","occupation":"työvalmentaja","advanceVotes":7,"npid":5,"totalVotes":15,"spid":1,"abbr":"KESK","municipalCouncilor":false,"muid":507,"alid":5,"firstname":"Minna","electionDayVotes":8,"pid":"2","finalPosition":0,"electedInformation":"ON_SUBSTITUTE_PLACE","totalVotesPercent":0.8,"nominatorName":{"fi":"Suomen Keskusta","sv":"Centern i Finland","en":"Centre Party of Finland"},"caid":26,"position":0,"gender":"2","comparisonData":{"totalVotes":0,"votesTotalChange":15},"edid":8,"comparativeIndex":0.0,"electionDayVotesPercent":0.9,"nominatorAbbr":{"fi":"KESK","sv":"C","en":"CENT"}},{"age":48,"advanceVotesPercent":0.9,"lastname":"Paasonen","occupation":"yrittäjä","advanceVotes":8,"npid":5,"totalVotes":15,"spid":1,"abbr":"KESK","municipalCouncilor":false,"muid":507,"alid":5,"firstname":"Janne","electionDayVotes":7,"pid":"2","finalPosition":0,"electedInformation":"ON_SUBSTITUTE_PLACE","totalVotesPercent":0.8,"nominatorName":{"fi":"Suomen Keskusta","sv":"Centern i Finland","en":"Centre Party of Finland"},"caid":41,"position":0,"gender":"1","comparisonData":{"totalVotes":0,"votesTotalChange":15},"edid":8,"comparativeIndex":0.0,"electionDayVotesPercent":0.8,"nominatorAbbr":{"fi":"KESK","sv":"C","en":"CENT"}},{"age":64,"advanceVotesPercent":1.4,"lastname":"Torniainen","occupation":"sairaanhoitaja","advanceVotes":13,"npid":7,"totalVotes":15,"spid":2,"abbr":"KOK","municipalCouncilor":true,"muid":507,"alid":7,"firstname":"Liisa","electionDayVotes":2,"pid":"4","finalPosition":0,"electedInformation":"ON_SUBSTITUTE_PLACE","totalVotesPercent":0.8,"nominatorName":{"fi":"Kansallinen Kokoomus","sv":"Samlingspartiet","en":"National Coalition Party"},"caid":73,"position":0,"gender":"2","comparisonData":{"totalVotes":36,"votesTotalChange":-21},"edid":8,"comparativeIndex":0.0,"electionDayVotesPercent":0.2,"nominatorAbbr":{"fi":"KOK","sv":"Saml","en":"NCP"}},{"age":21,"advanceVotesPercent":0.3,"lastname":"Löyskä","occupation":"yrittäjä, muusikko","advanceVotes":3,"npid":5,"totalVotes":14,"spid":1,"abbr":"KESK","municipalCouncilor":false,"muid":507,"alid":5,"firstname":"Jan-Erik","electionDayVotes":11,"pid":"2","finalPosition":0,"electedInformation":"NOT_ELECTED","totalVotesPercent":0.8,"nominatorName":{"fi":"Suomen Keskusta","sv":"Centern i Finland","en":"Centre Party of Finland"},"caid":36,"position":0,"gender":"1","comparisonData":{"totalVotes":0,"votesTotalChange":14},"edid":8,"comparativeIndex":0.0,"electionDayVotesPercent":1.2,"nominatorAbbr":{"fi":"KESK","sv":"C","en":"CENT"}},{"age":60,"advanceVotesPercent":1.2,"lastname":"Rantanen","occupation":"sosiaaliohjaaja, eläkeläinen","advanceVotes":11,"npid":8,"totalVotes":14,"spid":99,"abbr":"Muut","municipalCouncilor":false,"muid":507,"alid":8,"firstname":"Raili","electionDayVotes":3,"pid":"5078","finalPosition":0,"electedInformation":"ON_SUBSTITUTE_PLACE","totalVotesPercent":0.8,"nominatorName":{"fi":"Puolueisiin Sitoutumattomien yhteislista","sv":"Puolueisiin Sitoutumattomien yhteislista","en":"Puolueisiin Sitoutumattomien yhteislista"},"caid":80,"position":0,"gender":"2","comparisonData":{"totalVotes":37,"votesTotalChange":-23},"edid":8,"comparativeIndex":0.0,"electionDayVotesPercent":0.3,"nominatorAbbr":{"fi":"YL1","sv":"YL1","en":"YL1"}},{"age":45,"advanceVotesPercent":0.8,"lastname":"Lamponen","occupation":"palvelusihteeri, lähihoitaja","advanceVotes":7,"npid":1,"totalVotes":13,"spid":4,"abbr":"SDP","municipalCouncilor":false,"muid":507,"alid":1,"firstname":"Mia","electionDayVotes":6,"pid":"1","finalPosition":0,"electedInformation":"ON_SUBSTITUTE_PLACE","totalVotesPercent":0.7,"nominatorName":{"fi":"Suomen Sosialidemokraattinen Puolue","sv":"Finlands Socialdemokratiska Parti","en":"The Finnish Social Democratic Party"},"caid":9,"position":0,"gender":"2","comparisonData":{"totalVotes":0,"votesTotalChange":13},"edid":8,"comparativeIndex":0.0,"electionDayVotesPercent":0.7,"nominatorAbbr":{"fi":"SDP","sv":"SDP","en":"SDP"}},{"age":48,"advanceVotesPercent":0.4,"lastname":"Ollikainen","occupation":"laitosmies, pääluottamusmies","advanceVotes":4,"npid":1,"totalVotes":13,"spid":4,"abbr":"SDP","municipalCouncilor":false,"muid":507,"alid":1,"firstname":"Tero","electionDayVotes":9,"pid":"1","finalPosition":0,"electedInformation":"ON_SUBSTITUTE_PLACE","totalVotesPercent":0.7,"nominatorName":{"fi":"Suomen Sosialidemokraattinen Puolue","sv":"Finlands Socialdemokratiska Parti","en":"The Finnish Social Democratic Party"},"caid":11,"position":0,"gender":"1","comparisonData":{"totalVotes":0,"votesTotalChange":13},"edid":8,"comparativeIndex":0.0,"electionDayVotesPercent":1.0,"nominatorAbbr":{"fi":"SDP","sv":"SDP","en":"SDP"}},{"age":46,"advanceVotesPercent":0.2,"lastname":"Ahvenainen","occupation":"asentaja, puolivak. palokunnan yksikönjohtaja","advanceVotes":2,"npid":8,"totalVotes":13,"spid":99,"abbr":"Muut","municipalCouncilor":false,"muid":507,"alid":8,"firstname":"Jarkko","electionDayVotes":11,"pid":"5078","finalPosition":0,"electedInformation":"NOT_ELECTED","totalVotesPercent":0.7,"nominatorName":{"fi":"Puolueisiin Sitoutumattomien yhteislista","sv":"Puolueisiin Sitoutumattomien yhteislista","en":"Puolueisiin Sitoutumattomien yhteislista"},"caid":74,"position":0,"gender":"1","comparisonData":{"totalVotes":12,"votesTotalChange":1},"edid":8,"comparativeIndex":0.0,"electionDayVotesPercent":1.2,"nominatorAbbr":{"fi":"YL1","sv":"YL1","en":"YL1"}},{"age":65,"advanceVotesPercent":0.5,"lastname":"Lahti","occupation":"sähkömestari","advanceVotes":5,"npid":8,"totalVotes":13,"spid":99,"abbr":"Muut","municipalCouncilor":false,"muid":507,"alid":8,"firstname":"Pertti","electionDayVotes":8,"pid":"5078","finalPosition":0,"electedInformation":"ON_SUBSTITUTE_PLACE","totalVotesPercent":0.7,"nominatorName":{"fi":"Puolueisiin Sitoutumattomien yhteislista","sv":"Puolueisiin Sitoutumattomien yhteislista","en":"Puolueisiin Sitoutumattomien yhteislista"},"caid":77,"position":0,"gender":"1","comparisonData":{"totalVotes":0,"votesTotalChange":13},"edid":8,"comparativeIndex":0.0,"electionDayVotesPercent":0.9,"nominatorAbbr":{"fi":"YL1","sv":"YL1","en":"YL1"}},{"age":18,"advanceVotesPercent":0.5,"lastname":"Alsaifi","occupation":"opiskelija","advanceVotes":5,"npid":1,"totalVotes":12,"spid":4,"abbr":"SDP","municipalCouncilor":false,"muid":507,"alid":1,"firstname":"Jalal","electionDayVotes":7,"pid":"1","finalPosition":0,"electedInformation":"ON_SUBSTITUTE_PLACE","totalVotesPercent":0.7,"nominatorName":{"fi":"Suomen Sosialidemokraattinen Puolue","sv":"Finlands Socialdemokratiska Parti","en":"The Finnish Social Democratic Party"},"caid":2,"position":0,"gender":"1","comparisonData":{"totalVotes":0,"votesTotalChange":12},"edid":8,"comparativeIndex":0.0,"electionDayVotesPercent":0.8,"nominatorAbbr":{"fi":"SDP","sv":"SDP","en":"SDP"}},{"age":53,"advanceVotesPercent":0.1,"lastname":"Halinen","occupation":"lähihoitaja","advanceVotes":1,"npid":7,"totalVotes":12,"spid":2,"abbr":"KOK","municipalCouncilor":false,"muid":507,"alid":7,"firstname":"Erja","electionDayVotes":11,"pid":"4","finalPosition":0,"electedInformation":"NOT_ELECTED","totalVotesPercent":0.7,"nominatorName":{"fi":"Kansallinen Kokoomus","sv":"Samlingspartiet","en":"National Coalition Party"},"caid":56,"position":0,"gender":"2","comparisonData":{"totalVotes":12,"votesTotalChange":0},"edid":8,"comparativeIndex":0.0,"electionDayVotesPercent":1.2,"nominatorAbbr":{"fi":"KOK","sv":"Saml","en":"NCP"}},{"age":31,"advanceVotesPercent":0.2,"lastname":"Kasurinen","occupation":"sairaanhoitaja, yrittäjä","advanceVotes":2,"npid":6,"totalVotes":11,"spid":3,"abbr":"PS","municipalCouncilor":false,"muid":507,"alid":6,"firstname":"Jenni","electionDayVotes":9,"pid":"23","finalPosition":0,"electedInformation":"ON_SUBSTITUTE_PLACE","totalVotesPercent":0.6,"nominatorName":{"fi":"Perussuomalaiset","sv":"Sannfinländarna","en":"The Finns Party"},"caid":53,"position":0,"gender":"2","comparisonData":{"totalVotes":16,"votesTotalChange":-5},"edid":8,"comparativeIndex":0.0,"electionDayVotesPercent":1.0,"nominatorAbbr":{"fi":"PS","sv":"Sannf","en":"FINNS"}},{"age":22,"advanceVotesPercent":0.5,"lastname":"Hoteila","occupation":"hallintotieteiden yo","advanceVotes":5,"npid":7,"totalVotes":11,"spid":2,"abbr":"KOK","municipalCouncilor":false,"muid":507,"alid":7,"firstname":"Iina","electionDayVotes":6,"pid":"4","finalPosition":0,"electedInformation":"NOT_ELECTED","totalVotesPercent":0.6,"nominatorName":{"fi":"Kansallinen Kokoomus","sv":"Samlingspartiet","en":"National Coalition Party"},"caid":57,"position":0,"gender":"2","comparisonData":{"totalVotes":23,"votesTotalChange":-12},"edid":8,"comparativeIndex":0.0,"electionDayVotesPercent":0.7,"nominatorAbbr":{"fi":"KOK","sv":"Saml","en":"NCP"}},{"age":46,"advanceVotesPercent":0.6,"lastname":"Juvonen","occupation":"lehtori, tekniikan tohtori","advanceVotes":6,"npid":7,"totalVotes":11,"spid":2,"abbr":"KOK","municipalCouncilor":false,"muid":507,"alid":7,"firstname":"Pasi","electionDayVotes":5,"pid":"4","finalPosition":0,"electedInformation":"ON_SUBSTITUTE_PLACE","totalVotesPercent":0.6,"nominatorName":{"fi":"Kansallinen Kokoomus","sv":"Samlingspartiet","en":"National Coalition Party"},"caid":62,"position":0,"gender":"1","comparisonData":{"totalVotes":0,"votesTotalChange":11},"edid":8,"comparativeIndex":0.0,"electionDayVotesPercent":0.6,"nominatorAbbr":{"fi":"KOK","sv":"Saml","en":"NCP"}},{"age":63,"advanceVotesPercent":0.2,"lastname":"Kattainen","occupation":"suuhygienisti, eläkeläinen","advanceVotes":2,"npid":3,"totalVotes":10,"spid":8,"abbr":"KD","municipalCouncilor":false,"muid":507,"alid":3,"firstname":"Sirpa","electionDayVotes":8,"pid":"9","finalPosition":0,"electedInformation":"ON_SUBSTITUTE_PLACE","totalVotesPercent":0.6,"nominatorName":{"fi":"Suomen Kristillisdemokraatit (KD)","sv":"Kristdemokraterna i Finland (KD)","en":"Christian Democrats in Finland"},"caid":22,"position":0,"gender":"2","comparisonData":{"totalVotes":62,"votesTotalChange":-52},"edid":8,"comparativeIndex":0.0,"electionDayVotesPercent":0.9,"nominatorAbbr":{"fi":"KD","sv":"KD","en":"CD"}},{"age":53,"advanceVotesPercent":0.3,"lastname":"Suomi","occupation":"lähihoitaja","advanceVotes":3,"npid":1,"totalVotes":9,"spid":4,"abbr":"SDP","municipalCouncilor":false,"muid":507,"alid":1,"firstname":"Pekka","electionDayVotes":6,"pid":"1","finalPosition":0,"electedInformation":"ON_SUBSTITUTE_PLACE","totalVotesPercent":0.5,"nominatorName":{"fi":"Suomen Sosialidemokraattinen Puolue","sv":"Finlands Socialdemokratiska Parti","en":"The Finnish Social Democratic Party"},"caid":14,"position":0,"gender":"1","comparisonData":{"totalVotes":0,"votesTotalChange":9},"edid":8,"comparativeIndex":0.0,"electionDayVotesPercent":0.7,"nominatorAbbr":{"fi":"SDP","sv":"SDP","en":"SDP"}},{"age":72,"advanceVotesPercent":0.2,"lastname":"Väisänen","occupation":"kirvesmies, eläkeläinen","advanceVotes":2,"npid":4,"totalVotes":9,"spid":9,"abbr":"SKP","municipalCouncilor":false,"muid":507,"alid":4,"firstname":"Ano","electionDayVotes":7,"pid":"8","finalPosition":0,"electedInformation":"NOT_ELECTED","totalVotesPercent":0.5,"nominatorName":{"fi":"Suomen Kommunistinen Puolue","sv":"Finlands Kommunistiska Parti","en":"The Communist Party of Finland"},"caid":23,"position":0,"gender":"1","comparisonData":{"totalVotes":26,"votesTotalChange":-17},"edid":8,"comparativeIndex":0.0,"electionDayVotesPercent":0.8,"nominatorAbbr":{"fi":"SKP","sv":"FKP","en":"CPF"}},{"age":40,"advanceVotesPercent":0.6,"lastname":"Jukola","occupation":"metsätoimihenkilö, metsätalousinsinööri","advanceVotes":6,"npid":7,"totalVotes":9,"spid":2,"abbr":"KOK","municipalCouncilor":false,"muid":507,"alid":7,"firstname":"Heta","electionDayVotes":3,"pid":"4","finalPosition":0,"electedInformation":"ELECTED","totalVotesPercent":0.5,"nominatorName":{"fi":"Kansallinen Kokoomus","sv":"Samlingspartiet","en":"National Coalition Party"},"caid":61,"position":0,"gender":"2","comparisonData":{"totalVotes":28,"votesTotalChange":-19},"edid":8,"comparativeIndex":0.0,"electionDayVotesPercent":0.3,"nominatorAbbr":{"fi":"KOK","sv":"Saml","en":"NCP"}},{"age":38,"advanceVotesPercent":0.4,"lastname":"Siitarinen","occupation":"varastopäällikkö, insinööri","advanceVotes":4,"npid":7,"totalVotes":9,"spid":2,"abbr":"KOK","municipalCouncilor":false,"muid":507,"alid":7,"firstname":"Ari","electionDayVotes":5,"pid":"4","finalPosition":0,"electedInformation":"NOT_ELECTED","totalVotesPercent":0.5,"nominatorName":{"fi":"Kansallinen Kokoomus","sv":"Samlingspartiet","en":"National Coalition Party"},"caid":70,"position":0,"gender":"1","comparisonData":{"totalVotes":0,"votesTotalChange":9},"edid":8,"comparativeIndex":0.0,"electionDayVotesPercent":0.6,"nominatorAbbr":{"fi":"KOK","sv":"Saml","en":"NCP"}},{"age":53,"advanceVotesPercent":0.5,"lastname":"Lamponen","occupation":"asettaja, terämies","advanceVotes":5,"npid":1,"totalVotes":8,"spid":4,"abbr":"SDP","municipalCouncilor":false,"muid":507,"alid":1,"firstname":"Jari","electionDayVotes":3,"pid":"1","finalPosition":0,"electedInformation":"NOT_ELECTED","totalVotesPercent":0.4,"nominatorName":{"fi":"Suomen Sosialidemokraattinen Puolue","sv":"Finlands Socialdemokratiska Parti","en":"The Finnish Social Democratic Party"},"caid":8,"position":0,"gender":"1","comparisonData":{"totalVotes":12,"votesTotalChange":-4},"edid":8,"comparativeIndex":0.0,"electionDayVotesPercent":0.3,"nominatorAbbr":{"fi":"SDP","sv":"SDP","en":"SDP"}},{"age":38,"advanceVotesPercent":0.4,"lastname":"Mutka","occupation":"ratsastuksenohjaaja","advanceVotes":4,"npid":5,"totalVotes":8,"spid":1,"abbr":"KESK","municipalCouncilor":false,"muid":507,"alid":5,"firstname":"Katariina","electionDayVotes":4,"pid":"2","finalPosition":0,"electedInformation":"ON_SUBSTITUTE_PLACE","totalVotesPercent":0.4,"nominatorName":{"fi":"Suomen Keskusta","sv":"Centern i Finland","en":"Centre Party of Finland"},"caid":38,"position":0,"gender":"2","comparisonData":{"totalVotes":27,"votesTotalChange":-19},"edid":8,"comparativeIndex":0.0,"electionDayVotesPercent":0.5,"nominatorAbbr":{"fi":"KESK","sv":"C","en":"CENT"}},{"age":61,"advanceVotesPercent":0.4,"lastname":"Hyökki","occupation":"puu/rakennusteknikko","advanceVotes":4,"npid":6,"totalVotes":8,"spid":3,"abbr":"PS","municipalCouncilor":false,"muid":507,"alid":6,"firstname":"Ilkka","electionDayVotes":4,"pid":"23","finalPosition":0,"electedInformation":"ON_SUBSTITUTE_PLACE","totalVotesPercent":0.4,"nominatorName":{"fi":"Perussuomalaiset","sv":"Sannfinländarna","en":"The Finns Party"},"caid":50,"position":0,"gender":"1","comparisonData":{"totalVotes":0,"votesTotalChange":8},"edid":8,"comparativeIndex":0.0,"electionDayVotesPercent":0.5,"nominatorAbbr":{"fi":"PS","sv":"Sannf","en":"FINNS"}},{"age":58,"advanceVotesPercent":0.8,"lastname":"Rimpeläinen","occupation":"vanerityöntekijä, vplm","advanceVotes":7,"npid":1,"totalVotes":7,"spid":4,"abbr":"SDP","municipalCouncilor":false,"muid":507,"alid":1,"firstname":"Kari","electionDayVotes":0,"pid":"1","finalPosition":0,"electedInformation":"ON_SUBSTITUTE_PLACE","totalVotesPercent":0.4,"nominatorName":{"fi":"Suomen Sosialidemokraattinen Puolue","sv":"Finlands Socialdemokratiska Parti","en":"The Finnish Social Democratic Party"},"caid":13,"position":0,"gender":"1","comparisonData":{"totalVotes":11,"votesTotalChange":-4},"edid":8,"comparativeIndex":0.0,"electionDayVotesPercent":0.0,"nominatorAbbr":{"fi":"SDP","sv":"SDP","en":"SDP"}},{"age":61,"advanceVotesPercent":0.4,"lastname":"Tiilikainen","occupation":"lihanleikkaaja","advanceVotes":4,"npid":1,"totalVotes":7,"spid":4,"abbr":"SDP","municipalCouncilor":false,"muid":507,"alid":1,"firstname":"Markku","electionDayVotes":3,"pid":"1","finalPosition":0,"electedInformation":"NOT_ELECTED","totalVotesPercent":0.4,"nominatorName":{"fi":"Suomen Sosialidemokraattinen Puolue","sv":"Finlands Socialdemokratiska Parti","en":"The Finnish Social Democratic Party"},"caid":15,"position":0,"gender":"1","comparisonData":{"totalVotes":9,"votesTotalChange":-2},"edid":8,"comparativeIndex":0.0,"electionDayVotesPercent":0.3,"nominatorAbbr":{"fi":"SDP","sv":"SDP","en":"SDP"}},{"age":34,"advanceVotesPercent":0.3,"lastname":"Hyyryläinen","occupation":"maanviljelijä","advanceVotes":3,"npid":5,"totalVotes":7,"spid":1,"abbr":"KESK","municipalCouncilor":false,"muid":507,"alid":5,"firstname":"Antti","electionDayVotes":4,"pid":"2","finalPosition":0,"electedInformation":"ON_SUBSTITUTE_PLACE","totalVotesPercent":0.4,"nominatorName":{"fi":"Suomen Keskusta","sv":"Centern i Finland","en":"Centre Party of Finland"},"caid":27,"position":0,"gender":"1","comparisonData":{"totalVotes":0,"votesTotalChange":7},"edid":8,"comparativeIndex":0.0,"electionDayVotesPercent":0.5,"nominatorAbbr":{"fi":"KESK","sv":"C","en":"CENT"}},{"age":45,"advanceVotesPercent":0.3,"lastname":"Saloranta","occupation":"sairaanhoitaja","advanceVotes":3,"npid":5,"totalVotes":7,"spid":1,"abbr":"KESK","municipalCouncilor":false,"muid":507,"alid":5,"firstname":"Nina","electionDayVotes":4,"pid":"2","finalPosition":0,"electedInformation":"ON_SUBSTITUTE_PLACE","totalVotesPercent":0.4,"nominatorName":{"fi":"Suomen Keskusta","sv":"Centern i Finland","en":"Centre Party of Finland"},"caid":47,"position":0,"gender":"2","comparisonData":{"totalVotes":0,"votesTotalChange":7},"edid":8,"comparativeIndex":0.0,"electionDayVotesPercent":0.5,"nominatorAbbr":{"fi":"KESK","sv":"C","en":"CENT"}},{"age":60,"advanceVotesPercent":0.5,"lastname":"Suoniemi","occupation":"toimitusjohtaja","advanceVotes":5,"npid":5,"totalVotes":7,"spid":1,"abbr":"KESK","municipalCouncilor":true,"muid":507,"alid":5,"firstname":"Rauno","electionDayVotes":2,"pid":"2","finalPosition":0,"electedInformation":"NOT_ELECTED","totalVotesPercent":0.4,"nominatorName":{"fi":"Suomen Keskusta","sv":"Centern i Finland","en":"Centre Party of Finland"},"caid":48,"position":0,"gender":"1","comparisonData":{"totalVotes":54,"votesTotalChange":-47},"edid":8,"comparativeIndex":0.0,"electionDayVotesPercent":0.2,"nominatorAbbr":{"fi":"KESK","sv":"C","en":"CENT"}},{"age":51,"advanceVotesPercent":0.2,"lastname":"Jussila","occupation":"yrittäjä, kokki","advanceVotes":2,"npid":1,"totalVotes":6,"spid":4,"abbr":"SDP","municipalCouncilor":false,"muid":507,"alid":1,"firstname":"Riina","electionDayVotes":4,"pid":"1","finalPosition":0,"electedInformation":"NOT_ELECTED","totalVotesPercent":0.3,"nominatorName":{"fi":"Suomen Sosialidemokraattinen Puolue","sv":"Finlands Socialdemokratiska Parti","en":"The Finnish Social Democratic Party"},"caid":6,"position":0,"gender":"2","comparisonData":{"totalVotes":18,"votesTotalChange":-12},"edid":8,"comparativeIndex":0.0,"electionDayVotesPercent":0.5,"nominatorAbbr":{"fi":"SDP","sv":"SDP","en":"SDP"}},{"age":34,"advanceVotesPercent":0.2,"lastname":"Kohonen","occupation":"koulunkäyntiavustaja, lähihoitaja","advanceVotes":2,"npid":7,"totalVotes":6,"spid":2,"abbr":"KOK","municipalCouncilor":false,"muid":507,"alid":7,"firstname":"Matti","electionDayVotes":4,"pid":"4","finalPosition":0,"electedInformation":"NOT_ELECTED","totalVotesPercent":0.3,"nominatorName":{"fi":"Kansallinen Kokoomus","sv":"Samlingspartiet","en":"National Coalition Party"},"caid":64,"position":0,"gender":"1","comparisonData":{"totalVotes":0,"votesTotalChange":6},"edid":8,"comparativeIndex":0.0,"electionDayVotesPercent":0.5,"nominatorAbbr":{"fi":"KOK","sv":"Saml","en":"NCP"}},{"age":18,"advanceVotesPercent":0.1,"lastname":"Tirri","occupation":"opiskelija","advanceVotes":1,"npid":7,"totalVotes":6,"spid":2,"abbr":"KOK","municipalCouncilor":false,"muid":507,"alid":7,"firstname":"Olli","electionDayVotes":5,"pid":"4","finalPosition":0,"electedInformation":"NOT_ELECTED","totalVotesPercent":0.3,"nominatorName":{"fi":"Kansallinen Kokoomus","sv":"Samlingspartiet","en":"National Coalition Party"},"caid":72,"position":0,"gender":"1","comparisonData":{"totalVotes":0,"votesTotalChange":6},"edid":8,"comparativeIndex":0.0,"electionDayVotesPercent":0.6,"nominatorAbbr":{"fi":"KOK","sv":"Saml","en":"NCP"}},{"age":52,"advanceVotesPercent":0.3,"lastname":"Hällback","occupation":"ylivahtimestari","advanceVotes":3,"npid":5,"totalVotes":5,"spid":1,"abbr":"KESK","municipalCouncilor":false,"muid":507,"alid":5,"firstname":"Kimmo","electionDayVotes":2,"pid":"2","finalPosition":0,"electedInformation":"NOT_ELECTED","totalVotesPercent":0.3,"nominatorName":{"fi":"Suomen Keskusta","sv":"Centern i Finland","en":"Centre Party of Finland"},"caid":28,"position":0,"gender":"1","comparisonData":{"totalVotes":10,"votesTotalChange":-5},"edid":8,"comparativeIndex":0.0,"electionDayVotesPercent":0.2,"nominatorAbbr":{"fi":"KESK","sv":"C","en":"CENT"}},{"age":26,"advanceVotesPercent":0.0,"lastname":"Lyömiö","occupation":"lähihoitaja, opiskelija","advanceVotes":0,"npid":5,"totalVotes":5,"spid":1,"abbr":"KESK","municipalCouncilor":false,"muid":507,"alid":5,"firstname":"Noora","electionDayVotes":5,"pid":"2","finalPosition":0,"electedInformation":"NOT_ELECTED","totalVotesPercent":0.3,"nominatorName":{"fi":"Suomen Keskusta","sv":"Centern i Finland","en":"Centre Party of Finland"},"caid":35,"position":0,"gender":"2","comparisonData":{"totalVotes":0,"votesTotalChange":5},"edid":8,"comparativeIndex":0.0,"electionDayVotesPercent":0.6,"nominatorAbbr":{"fi":"KESK","sv":"C","en":"CENT"}},{"age":55,"advanceVotesPercent":0.5,"lastname":"Paakkari","occupation":"keittiömestari, toiminnanohjaaja","advanceVotes":5,"npid":5,"totalVotes":5,"spid":1,"abbr":"KESK","municipalCouncilor":false,"muid":507,"alid":5,"firstname":"Isto","electionDayVotes":0,"pid":"2","finalPosition":0,"electedInformation":"NOT_ELECTED","totalVotesPercent":0.3,"nominatorName":{"fi":"Suomen Keskusta","sv":"Centern i Finland","en":"Centre Party of Finland"},"caid":40,"position":0,"gender":"1","comparisonData":{"totalVotes":0,"votesTotalChange":5},"edid":8,"comparativeIndex":0.0,"electionDayVotesPercent":0.0,"nominatorAbbr":{"fi":"KESK","sv":"C","en":"CENT"}},{"age":58,"advanceVotesPercent":0.2,"lastname":"Tervo","occupation":"kasvatustieteiden maisteri","advanceVotes":2,"npid":5,"totalVotes":5,"spid":1,"abbr":"KESK","municipalCouncilor":false,"muid":507,"alid":5,"firstname":"Pirkko","electionDayVotes":3,"pid":"2","finalPosition":0,"electedInformation":"NOT_ELECTED","totalVotesPercent":0.3,"nominatorName":{"fi":"Suomen Keskusta","sv":"Centern i Finland","en":"Centre Party of Finland"},"caid":49,"position":0,"gender":"2","comparisonData":{"totalVotes":21,"votesTotalChange":-16},"edid":8,"comparativeIndex":0.0,"electionDayVotesPercent":0.3,"nominatorAbbr":{"fi":"KESK","sv":"C","en":"CENT"}},{"age":41,"advanceVotesPercent":0.4,"lastname":"Siebenberg","occupation":"maanviljelijä, koneurakoitsija","advanceVotes":4,"npid":7,"totalVotes":5,"spid":2,"abbr":"KOK","municipalCouncilor":false,"muid":507,"alid":7,"firstname":"Juha","electionDayVotes":1,"pid":"4","finalPosition":0,"electedInformation":"NOT_ELECTED","totalVotesPercent":0.3,"nominatorName":{"fi":"Kansallinen Kokoomus","sv":"Samlingspartiet","en":"National Coalition Party"},"caid":69,"position":0,"gender":"1","comparisonData":{"totalVotes":11,"votesTotalChange":-6},"edid":8,"comparativeIndex":0.0,"electionDayVotesPercent":0.1,"nominatorAbbr":{"fi":"KOK","sv":"Saml","en":"NCP"}},{"age":74,"advanceVotesPercent":0.0,"lastname":"Norén","occupation":"metsätalousinsinööri","advanceVotes":0,"npid":7,"totalVotes":4,"spid":2,"abbr":"KOK","municipalCouncilor":false,"muid":507,"alid":7,"firstname":"Tarmo","electionDayVotes":4,"pid":"4","finalPosition":0,"electedInformation":"NOT_ELECTED","totalVotesPercent":0.2,"nominatorName":{"fi":"Kansallinen Kokoomus","sv":"Samlingspartiet","en":"National Coalition Party"},"caid":67,"position":0,"gender":"1","comparisonData":{"totalVotes":0,"votesTotalChange":4},"edid":8,"comparativeIndex":0.0,"electionDayVotesPercent":0.5,"nominatorAbbr":{"fi":"KOK","sv":"Saml","en":"NCP"}},{"age":46,"advanceVotesPercent":0.2,"lastname":"Hartonen","occupation":"opiskelija","advanceVotes":2,"npid":1,"totalVotes":3,"spid":4,"abbr":"SDP","municipalCouncilor":false,"muid":507,"alid":1,"firstname":"Seppo","electionDayVotes":1,"pid":"1","finalPosition":0,"electedInformation":"NOT_ELECTED","totalVotesPercent":0.2,"nominatorName":{"fi":"Suomen Sosialidemokraattinen Puolue","sv":"Finlands Socialdemokratiska Parti","en":"The Finnish Social Democratic Party"},"caid":4,"position":0,"gender":"1","comparisonData":{"totalVotes":0,"votesTotalChange":3},"edid":8,"comparativeIndex":0.0,"electionDayVotesPercent":0.1,"nominatorAbbr":{"fi":"SDP","sv":"SDP","en":"SDP"}},{"age":29,"advanceVotesPercent":0.2,"lastname":"Svart","occupation":"varastotyöntekijä, eläkeläinen","advanceVotes":2,"npid":3,"totalVotes":3,"spid":8,"abbr":"KD","municipalCouncilor":false,"muid":507,"alid":3,"firstname":"Roope","electionDayVotes":1,"pid":"9","finalPosition":0,"electedInformation":"NOT_ELECTED","totalVotesPercent":0.2,"nominatorName":{"fi":"Suomen Kristillisdemokraatit (KD)","sv":"Kristdemokraterna i Finland (KD)","en":"Christian Democrats in Finland"},"caid":19,"position":0,"gender":"1","comparisonData":{"totalVotes":15,"votesTotalChange":-12},"edid":8,"comparativeIndex":0.0,"electionDayVotesPercent":0.1,"nominatorAbbr":{"fi":"KD","sv":"KD","en":"CD"}},{"age":68,"advanceVotesPercent":0.1,"lastname":"Auvinen","occupation":"eläkeläinen","advanceVotes":1,"npid":3,"totalVotes":3,"spid":8,"abbr":"KD","municipalCouncilor":false,"muid":507,"alid":3,"firstname":"Unto","electionDayVotes":2,"pid":"9","finalPosition":0,"electedInformation":"NOT_ELECTED","totalVotesPercent":0.2,"nominatorName":{"fi":"Suomen Kristillisdemokraatit (KD)","sv":"Kristdemokraterna i Finland (KD)","en":"Christian Democrats in Finland"},"caid":21,"position":0,"gender":"1","comparisonData":{"totalVotes":18,"votesTotalChange":-15},"edid":8,"comparativeIndex":0.0,"electionDayVotesPercent":0.2,"nominatorAbbr":{"fi":"KD","sv":"KD","en":"CD"}},{"age":55,"advanceVotesPercent":0.3,"lastname":"Mustonen","occupation":"kauppatieteiden maisteri, yksikön johtaja","advanceVotes":3,"npid":5,"totalVotes":3,"spid":1,"abbr":"KESK","municipalCouncilor":false,"muid":507,"alid":5,"firstname":"Jukka","electionDayVotes":0,"pid":"2","finalPosition":0,"electedInformation":"NOT_ELECTED","totalVotesPercent":0.2,"nominatorName":{"fi":"Suomen Keskusta","sv":"Centern i Finland","en":"Centre Party of Finland"},"caid":37,"position":0,"gender":"1","comparisonData":{"totalVotes":0,"votesTotalChange":3},"edid":8,"comparativeIndex":0.0,"electionDayVotesPercent":0.0,"nominatorAbbr":{"fi":"KESK","sv":"C","en":"CENT"}},{"age":73,"advanceVotesPercent":0.2,"lastname":"Lindroos","occupation":"eläkeläinen","advanceVotes":2,"npid":5,"totalVotes":2,"spid":1,"abbr":"KESK","municipalCouncilor":false,"muid":507,"alid":5,"firstname":"Tuula","electionDayVotes":0,"pid":"2","finalPosition":0,"electedInformation":"NOT_ELECTED","totalVotesPercent":0.1,"nominatorName":{"fi":"Suomen Keskusta","sv":"Centern i Finland","en":"Centre Party of Finland"},"caid":34,"position":0,"gender":"2","comparisonData":{"totalVotes":0,"votesTotalChange":2},"edid":8,"comparativeIndex":0.0,"electionDayVotesPercent":0.0,"nominatorAbbr":{"fi":"KESK","sv":"C","en":"CENT"}},{"age":55,"advanceVotesPercent":0.0,"lastname":"Schwartz","occupation":"eläkeläinen","advanceVotes":0,"npid":3,"totalVotes":0,"spid":8,"abbr":"KD","municipalCouncilor":false,"muid":507,"alid":3,"firstname":"Sointu","electionDayVotes":0,"pid":"9","finalPosition":0,"electedInformation":"NOT_ELECTED","totalVotesPercent":0.0,"nominatorName":{"fi":"Suomen Kristillisdemokraatit (KD)","sv":"Kristdemokraterna i Finland (KD)","en":"Christian Democrats in Finland"},"caid":20,"position":0,"gender":"2","comparisonData":{"totalVotes":0,"votesTotalChange":0},"edid":8,"comparativeIndex":0.0,"electionDayVotesPercent":0.0,"nominatorAbbr":{"fi":"KD","sv":"KD","en":"CD"}}],"municipalityPollingDistricts":[{"name":{"fi":"Asema","sv":"Asema"},"calculationStatusPercent":100.0,"joinedArea":false,"muid":507,"totalVotingInFinlandTurnout":59.5,"identification":"001","pdid":"001","eligibleVotersInFinlandTotal":2055,"edid":8,"mergedToPdid":""},{"name":{"fi":"Kirkonkylä","sv":"Kirkonkylä"},"calculationStatusPercent":100.0,"joinedArea":false,"muid":507,"totalVotingInFinlandTurnout":59.0,"identification":"002","pdid":"002","eligibleVotersInFinlandTotal":3083,"edid":8,"mergedToPdid":""}],"municipality":{"muid":507,"edid":8,"name":{"fi":"Mäntyharju","sv":"Mäntyharju"}}}