{"version":60,"created":"2017-04-09T21:47:46.088Z","electionDetails":{"electionId":"kv2017","electionDate":"2017-04-09T00:00:00.000Z","electionDataPublishTime":"2017-04-09T17:00:00.000Z","name":{"fi":"Kuntavaalit 2017","sv":"Kommunalval 2017","en":"Elections 2017"},"previousElections":{"correspondingCompareElection":{"electionId":"kv2012","electionDate":"2012-10-28T00:00:00.000Z","name":{"fi":"Kuntavaalit 2012","en":"Municipal elections 2012","sv":"Kommunalval 2012"}},"otherCompareElection":{"electionId":"ev2015","electionDate":"2015-04-19T00:00:00.000Z","name":{"fi":"Eduskuntavaalit 2015","en":"Parliamentary election 2015","sv":"Riksdagsval 2015"}}}},"calculationStatus":{"electionDayVotingTurnout":23.9,"invalidAdvanceVotes":0,"calculationPhase":"INITIAL","invalidElectionDayVotes":0,"approvedAdvanceVotes":0,"advanceVotingTurnout":32.3,"totalVotingTurnoutAbroad":0.0,"name":{"fi":"Hietaperä","sv":"Hietaperä"},"calculationStatusPercent":100.0,"advanceVotes":119,"electionDayVotingTurnoutAbroad":0.0,"approvedTotalVotes":208,"totalVotes":207,"muid":290,"totalVotingInFinlandTurnout":56.3,"advanceVotingTurnoutAbroad":0.0,"invalidTotalVotes":0,"totalVotingTurnout":56.3,"electionDayVotes":88,"electionDayVotesInFinland":88,"pdid":"001","totalVotesInFinlandMen":0,"eligibleVotersInFinlandTotal":368,"calculationStatusPercentElectionDayVotes":100.0,"sourceRecordModificationTime":"20170409205520","otherCompareElection":{"eid":"","eligibleVotersInFinlandTotal":0,"advanceVotingInFinlandTurnout":0.0,"electionDayVotingInFinlandTurnout":0.0,"totalVotingInFinlandTurnout":0.0,"approvedVotesTotal":0,"invalidVotesTotal":0},"correspondingCompareElection":{"eid":"","eligibleVotersInFinlandTotal":0,"advanceVotingInFinlandTurnout":0.0,"electionDayVotingInFinlandTurnout":0.0,"totalVotingInFinlandTurnout":0.0,"approvedVotesTotal":0,"invalidVotesTotal":0,"seats":0},"approvedElectionDayVotes":208,"edid":12,"calculationStatusPercentAdvanceVotes":100.0,"electionDayVotingInFinlandTurnout":23.9,"seats":0,"eligibleVotersTotal":368,"advanceVotesInFinland":119,"advanceVotingInFinlandTurnout":32.3,"totalVotesInFinland":207},"partyResults":[{"advanceVotesPercent":0.0,"name":{"fi":"Suomen Keskusta","sv":"Centern i Finland","en":"Centre Party of Finland"},"advanceVotes":0,"npid":5,"totalVotes":112,"spid":1,"abbr":{"fi":"KESK","sv":"C","en":"CENT"},"alid":5,"electionDayVotes":112,"pid":"2","totalVotesPercent":53.8,"nominatorName":{"fi":"Suomen Keskusta","sv":"Centern i Finland","en":"Centre Party of Finland"},"compareData":{"otherCompareElection":{"votesTotalChange":0,"votesTotalPercentChange":0.0,"votesTotal":112,"votesTotalPercent":53.8},"correspondingCompareElection":{"votesTotalChange":0,"votesTotalPercentChange":0.0,"seatChange":0,"votesTotal":112,"votesTotalPercent":53.8,"seatsTotal":0}},"seats":0,"electionDayVotesPercent":53.8,"nominatorAbbr":{"fi":"KESK","sv":"C","en":"CENT"}},{"advanceVotesPercent":0.0,"name":{"fi":"Perussuomalaiset","sv":"Sannfinländarna","en":"The Finns Party"},"advanceVotes":0,"npid":2,"totalVotes":32,"spid":3,"abbr":{"fi":"PS","sv":"Sannf","en":"FINNS"},"alid":2,"electionDayVotes":32,"pid":"23","totalVotesPercent":15.4,"nominatorName":{"fi":"Perussuomalaiset","sv":"Sannfinländarna","en":"The Finns Party"},"compareData":{"otherCompareElection":{"votesTotalChange":0,"votesTotalPercentChange":0.0,"votesTotal":32,"votesTotalPercent":15.4},"correspondingCompareElection":{"votesTotalChange":0,"votesTotalPercentChange":0.0,"seatChange":0,"votesTotal":32,"votesTotalPercent":15.4,"seatsTotal":0}},"seats":0,"electionDayVotesPercent":15.4,"nominatorAbbr":{"fi":"PS","sv":"Sannf","en":"FINNS"}},{"advanceVotesPercent":0.0,"name":{"fi":"Suomen Sosialidemokraattinen Puolue","sv":"Finlands Socialdemokratiska Parti","en":"The Finnish Social Democratic Party"},"advanceVotes":0,"npid":1,"totalVotes":20,"spid":4,"abbr":{"fi":"SDP","sv":"SDP","en":"SDP"},"alid":1,"electionDayVotes":20,"pid":"1","totalVotesPercent":9.6,"nominatorName":{"fi":"Suomen Sosialidemokraattinen Puolue","sv":"Finlands Socialdemokratiska Parti","en":"The Finnish Social Democratic Party"},"compareData":{"otherCompareElection":{"votesTotalChange":0,"votesTotalPercentChange":0.0,"votesTotal":20,"votesTotalPercent":9.6},"correspondingCompareElection":{"votesTotalChange":0,"votesTotalPercentChange":0.0,"seatChange":0,"votesTotal":20,"votesTotalPercent":9.6,"seatsTotal":0}},"seats":0,"electionDayVotesPercent":9.6,"nominatorAbbr":{"fi":"SDP","sv":"SDP","en":"SDP"}},{"advanceVotesPercent":0.0,"name":{"fi":"Vihreä liitto","sv":"Gröna förbundet","en":"Green League"},"advanceVotes":0,"npid":7,"totalVotes":19,"spid":5,"abbr":{"fi":"VIHR","sv":"Gröna","en":"GREEN"},"alid":7,"electionDayVotes":19,"pid":"13","totalVotesPercent":9.1,"nominatorName":{"fi":"Vihreä liitto","sv":"Gröna förbundet","en":"Green League"},"compareData":{"otherCompareElection":{"votesTotalChange":0,"votesTotalPercentChange":0.0,"votesTotal":19,"votesTotalPercent":9.1},"correspondingCompareElection":{"votesTotalChange":0,"votesTotalPercentChange":0.0,"seatChange":0,"votesTotal":19,"votesTotalPercent":9.1,"seatsTotal":0}},"seats":0,"electionDayVotesPercent":9.1,"nominatorAbbr":{"fi":"VIHR","sv":"Gröna","en":"GREEN"}},{"advanceVotesPercent":0.0,"name":{"fi":"Vasemmistoliitto","sv":"Vänsterförbundet","en":"The Left Alliance"},"advanceVotes":0,"npid":4,"totalVotes":13,"spid":6,"abbr":{"fi":"VAS","sv":"VF","en":"LEFT"},"alid":4,"electionDayVotes":13,"pid":"15","totalVotesPercent":6.3,"nominatorName":{"fi":"Vasemmistoliitto","sv":"Vänsterförbundet","en":"The Left Alliance"},"compareData":{"otherCompareElection":{"votesTotalChange":0,"votesTotalPercentChange":0.0,"votesTotal":13,"votesTotalPercent":6.3},"correspondingCompareElection":{"votesTotalChange":0,"votesTotalPercentChange":0.0,"seatChange":0,"votesTotal":13,"votesTotalPercent":6.3,"seatsTotal":0}},"seats":0,"electionDayVotesPercent":6.3,"nominatorAbbr":{"fi":"VAS","sv":"VF","en":"LEFT"}},{"advanceVotesPercent":0.0,"name":{"fi":"Suomen Kristillisdemokraatit (KD)","sv":"Kristdemokraterna i Finland (KD)","en":"Christian Democrats in Finland"},"advanceVotes":0,"npid":3,"totalVotes":9,"spid":8,"abbr":{"fi":"KD","sv":"KD","en":"CD"},"alid":3,"electionDayVotes":9,"pid":"9","totalVotesPercent":4.3,"nominatorName":{"fi":"Suomen Kristillisdemokraatit (KD)","sv":"Kristdemokraterna i Finland (KD)","en":"Christian Democrats in Finland"},"compareData":{"otherCompareElection":{"votesTotalChange":0,"votesTotalPercentChange":0.0,"votesTotal":9,"votesTotalPercent":4.3},"correspondingCompareElection":{"votesTotalChange":0,"votesTotalPercentChange":0.0,"seatChange":0,"votesTotal":9,"votesTotalPercent":4.3,"seatsTotal":0}},"seats":0,"electionDayVotesPercent":4.3,"nominatorAbbr":{"fi":"KD","sv":"KD","en":"CD"}},{"advanceVotesPercent":0.0,"name":{"fi":"Kansallinen Kokoomus","sv":"Samlingspartiet","en":"National Coalition Party"},"advanceVotes":0,"npid":6,"totalVotes":3,"spid":2,"abbr":{"fi":"KOK","sv":"Saml","en":"NCP"},"alid":6,"electionDayVotes":3,"pid":"4","totalVotesPercent":1.4,"nominatorName":{"fi":"Kansallinen Kokoomus","sv":"Samlingspartiet","en":"National Coalition Party"},"compareData":{"otherCompareElection":{"votesTotalChange":0,"votesTotalPercentChange":0.0,"votesTotal":3,"votesTotalPercent":1.4},"correspondingCompareElection":{"votesTotalChange":0,"votesTotalPercentChange":0.0,"seatChange":0,"votesTotal":3,"votesTotalPercent":1.4,"seatsTotal":0}},"seats":0,"electionDayVotesPercent":1.4,"nominatorAbbr":{"fi":"KOK","sv":"Saml","en":"NCP"}}],"candidateResults":[{"age":29,"advanceVotesPercent":0.0,"lastname":"Kettunen","occupation":"opiskelija","advanceVotes":0,"npid":5,"totalVotes":27,"spid":1,"abbr":"KESK","municipalCouncilor":true,"muid":290,"alid":5,"firstname":"Tuomas","electionDayVotes":27,"pid":"2","finalPosition":0,"electedInformation":"ELECTED","totalVotesPercent":13.0,"nominatorName":{"fi":"Suomen Keskusta","sv":"Centern i Finland","en":"Centre Party of Finland"},"caid":50,"position":0,"gender":"1","comparisonData":{"totalVotes":81,"votesTotalChange":-54},"edid":12,"comparativeIndex":0.0,"electionDayVotesPercent":13.0,"nominatorAbbr":{"fi":"KESK","sv":"C","en":"CENT"}},{"age":69,"advanceVotesPercent":0.0,"lastname":"Pääkkönen","occupation":"tiemestari","advanceVotes":0,"npid":5,"totalVotes":24,"spid":1,"abbr":"KESK","municipalCouncilor":true,"muid":290,"alid":5,"firstname":"Matti","electionDayVotes":24,"pid":"2","finalPosition":0,"electedInformation":"ELECTED","totalVotesPercent":11.5,"nominatorName":{"fi":"Suomen Keskusta","sv":"Centern i Finland","en":"Centre Party of Finland"},"caid":65,"position":0,"gender":"1","comparisonData":{"totalVotes":127,"votesTotalChange":-103},"edid":12,"comparativeIndex":0.0,"electionDayVotesPercent":11.5,"nominatorAbbr":{"fi":"KESK","sv":"C","en":"CENT"}},{"age":60,"advanceVotesPercent":0.0,"lastname":"Kinnunen","occupation":"palvelupäällikkö, työterveyshoitaja","advanceVotes":0,"npid":5,"totalVotes":10,"spid":1,"abbr":"KESK","municipalCouncilor":true,"muid":290,"alid":5,"firstname":"Anneli","electionDayVotes":10,"pid":"2","finalPosition":0,"electedInformation":"ELECTED","totalVotesPercent":4.8,"nominatorName":{"fi":"Suomen Keskusta","sv":"Centern i Finland","en":"Centre Party of Finland"},"caid":51,"position":0,"gender":"2","comparisonData":{"totalVotes":201,"votesTotalChange":-191},"edid":12,"comparativeIndex":0.0,"electionDayVotesPercent":4.8,"nominatorAbbr":{"fi":"KESK","sv":"C","en":"CENT"}},{"age":66,"advanceVotesPercent":0.0,"lastname":"Huotari","occupation":"metsätalousteknikko","advanceVotes":0,"npid":5,"totalVotes":9,"spid":1,"abbr":"KESK","municipalCouncilor":true,"muid":290,"alid":5,"firstname":"Väinö","electionDayVotes":9,"pid":"2","finalPosition":0,"electedInformation":"ELECTED","totalVotesPercent":4.3,"nominatorName":{"fi":"Suomen Keskusta","sv":"Centern i Finland","en":"Centre Party of Finland"},"caid":48,"position":0,"gender":"1","comparisonData":{"totalVotes":54,"votesTotalChange":-45},"edid":12,"comparativeIndex":0.0,"electionDayVotesPercent":4.3,"nominatorAbbr":{"fi":"KESK","sv":"C","en":"CENT"}},{"age":67,"advanceVotesPercent":0.0,"lastname":"Piirainen","occupation":"eläkeläinen","advanceVotes":0,"npid":4,"totalVotes":8,"spid":6,"abbr":"VAS","municipalCouncilor":true,"muid":290,"alid":4,"firstname":"Mauri","electionDayVotes":8,"pid":"15","finalPosition":0,"electedInformation":"ELECTED","totalVotesPercent":3.8,"nominatorName":{"fi":"Vasemmistoliitto","sv":"Vänsterförbundet","en":"The Left Alliance"},"caid":42,"position":0,"gender":"1","comparisonData":{"totalVotes":116,"votesTotalChange":-108},"edid":12,"comparativeIndex":0.0,"electionDayVotesPercent":3.8,"nominatorAbbr":{"fi":"VAS","sv":"VF","en":"LEFT"}},{"age":35,"advanceVotesPercent":0.0,"lastname":"Heikura","occupation":"kasvatustieteen maisteri, osuuskuntayrittäjä","advanceVotes":0,"npid":7,"totalVotes":8,"spid":5,"abbr":"VIHR","municipalCouncilor":false,"muid":290,"alid":7,"firstname":"Mari","electionDayVotes":8,"pid":"13","finalPosition":0,"electedInformation":"ON_SUBSTITUTE_PLACE","totalVotesPercent":3.8,"nominatorName":{"fi":"Vihreä liitto","sv":"Gröna förbundet","en":"Green League"},"caid":80,"position":0,"gender":"2","comparisonData":{"totalVotes":24,"votesTotalChange":-16},"edid":12,"comparativeIndex":0.0,"electionDayVotesPercent":3.8,"nominatorAbbr":{"fi":"VIHR","sv":"Gröna","en":"GREEN"}},{"age":37,"advanceVotesPercent":0.0,"lastname":"Ohtonen","occupation":"yrittäjä","advanceVotes":0,"npid":5,"totalVotes":7,"spid":1,"abbr":"KESK","municipalCouncilor":false,"muid":290,"alid":5,"firstname":"Jyri","electionDayVotes":7,"pid":"2","finalPosition":0,"electedInformation":"ELECTED","totalVotesPercent":3.4,"nominatorName":{"fi":"Suomen Keskusta","sv":"Centern i Finland","en":"Centre Party of Finland"},"caid":62,"position":0,"gender":"1","comparisonData":{"totalVotes":0,"votesTotalChange":7},"edid":12,"comparativeIndex":0.0,"electionDayVotesPercent":3.4,"nominatorAbbr":{"fi":"KESK","sv":"C","en":"CENT"}},{"age":71,"advanceVotesPercent":0.0,"lastname":"Nikulainen","occupation":"rovasti","advanceVotes":0,"npid":1,"totalVotes":6,"spid":4,"abbr":"SDP","municipalCouncilor":true,"muid":290,"alid":1,"firstname":"Kari","electionDayVotes":6,"pid":"1","finalPosition":0,"electedInformation":"ELECTED","totalVotesPercent":2.9,"nominatorName":{"fi":"Suomen Sosialidemokraattinen Puolue","sv":"Finlands Socialdemokratiska Parti","en":"The Finnish Social Democratic Party"},"caid":5,"position":0,"gender":"1","comparisonData":{"totalVotes":286,"votesTotalChange":-280},"edid":12,"comparativeIndex":0.0,"electionDayVotesPercent":2.9,"nominatorAbbr":{"fi":"SDP","sv":"SDP","en":"SDP"}},{"age":29,"advanceVotesPercent":0.0,"lastname":"Piirainen","occupation":"lvi-asentaja","advanceVotes":0,"npid":2,"totalVotes":6,"spid":3,"abbr":"PS","municipalCouncilor":false,"muid":290,"alid":2,"firstname":"Timo","electionDayVotes":6,"pid":"23","finalPosition":0,"electedInformation":"ELECTED","totalVotesPercent":2.9,"nominatorName":{"fi":"Perussuomalaiset","sv":"Sannfinländarna","en":"The Finns Party"},"caid":29,"position":0,"gender":"1","comparisonData":{"totalVotes":0,"votesTotalChange":6},"edid":12,"comparativeIndex":0.0,"electionDayVotesPercent":2.9,"nominatorAbbr":{"fi":"PS","sv":"Sannf","en":"FINNS"}},{"age":61,"advanceVotesPercent":0.0,"lastname":"Inget","occupation":"erityisluokanopettaja","advanceVotes":0,"npid":3,"totalVotes":6,"spid":8,"abbr":"KD","municipalCouncilor":false,"muid":290,"alid":3,"firstname":"Maija","electionDayVotes":6,"pid":"9","finalPosition":0,"electedInformation":"ELECTED","totalVotesPercent":2.9,"nominatorName":{"fi":"Suomen Kristillisdemokraatit (KD)","sv":"Kristdemokraterna i Finland (KD)","en":"Christian Democrats in Finland"},"caid":34,"position":0,"gender":"2","comparisonData":{"totalVotes":0,"votesTotalChange":6},"edid":12,"comparativeIndex":0.0,"electionDayVotesPercent":2.9,"nominatorAbbr":{"fi":"KD","sv":"KD","en":"CD"}},{"age":67,"advanceVotesPercent":0.0,"lastname":"Tikkanen","occupation":"valtiotieteen lisensiaatti","advanceVotes":0,"npid":5,"totalVotes":6,"spid":1,"abbr":"KESK","municipalCouncilor":true,"muid":290,"alid":5,"firstname":"Veikko","electionDayVotes":6,"pid":"2","finalPosition":0,"electedInformation":"ELECTED","totalVotesPercent":2.9,"nominatorName":{"fi":"Suomen Keskusta","sv":"Centern i Finland","en":"Centre Party of Finland"},"caid":71,"position":0,"gender":"1","comparisonData":{"totalVotes":53,"votesTotalChange":-47},"edid":12,"comparativeIndex":0.0,"electionDayVotesPercent":2.9,"nominatorAbbr":{"fi":"KESK","sv":"C","en":"CENT"}},{"age":69,"advanceVotesPercent":0.0,"lastname":"Tervamäki","occupation":"erätarkastaja, evp.","advanceVotes":0,"npid":1,"totalVotes":5,"spid":4,"abbr":"SDP","municipalCouncilor":true,"muid":290,"alid":1,"firstname":"Aimo","electionDayVotes":5,"pid":"1","finalPosition":0,"electedInformation":"ELECTED","totalVotesPercent":2.4,"nominatorName":{"fi":"Suomen Sosialidemokraattinen Puolue","sv":"Finlands Socialdemokratiska Parti","en":"The Finnish Social Democratic Party"},"caid":10,"position":0,"gender":"1","comparisonData":{"totalVotes":225,"votesTotalChange":-220},"edid":12,"comparativeIndex":0.0,"electionDayVotesPercent":2.4,"nominatorAbbr":{"fi":"SDP","sv":"SDP","en":"SDP"}},{"age":59,"advanceVotesPercent":0.0,"lastname":"Malinen","occupation":"maanviljelijä","advanceVotes":0,"npid":5,"totalVotes":5,"spid":1,"abbr":"KESK","municipalCouncilor":false,"muid":290,"alid":5,"firstname":"Arto","electionDayVotes":5,"pid":"2","finalPosition":0,"electedInformation":"ELECTED","totalVotesPercent":2.4,"nominatorName":{"fi":"Suomen Keskusta","sv":"Centern i Finland","en":"Centre Party of Finland"},"caid":56,"position":0,"gender":"1","comparisonData":{"totalVotes":0,"votesTotalChange":5},"edid":12,"comparativeIndex":0.0,"electionDayVotesPercent":2.4,"nominatorAbbr":{"fi":"KESK","sv":"C","en":"CENT"}},{"age":52,"advanceVotesPercent":0.0,"lastname":"Komulainen","occupation":"maatalousyrittäjä","advanceVotes":0,"npid":5,"totalVotes":4,"spid":1,"abbr":"KESK","municipalCouncilor":true,"muid":290,"alid":5,"firstname":"Eija","electionDayVotes":4,"pid":"2","finalPosition":0,"electedInformation":"ELECTED","totalVotesPercent":1.9,"nominatorName":{"fi":"Suomen Keskusta","sv":"Centern i Finland","en":"Centre Party of Finland"},"caid":52,"position":0,"gender":"2","comparisonData":{"totalVotes":82,"votesTotalChange":-78},"edid":12,"comparativeIndex":0.0,"electionDayVotesPercent":1.9,"nominatorAbbr":{"fi":"KESK","sv":"C","en":"CENT"}},{"age":20,"advanceVotesPercent":0.0,"lastname":"Oinas-Panuma","occupation":"opiskelija","advanceVotes":0,"npid":5,"totalVotes":4,"spid":1,"abbr":"KESK","municipalCouncilor":false,"muid":290,"alid":5,"firstname":"Kaisa","electionDayVotes":4,"pid":"2","finalPosition":0,"electedInformation":"ELECTED","totalVotesPercent":1.9,"nominatorName":{"fi":"Suomen Keskusta","sv":"Centern i Finland","en":"Centre Party of Finland"},"caid":63,"position":0,"gender":"2","comparisonData":{"totalVotes":0,"votesTotalChange":4},"edid":12,"comparativeIndex":0.0,"electionDayVotesPercent":1.9,"nominatorAbbr":{"fi":"KESK","sv":"C","en":"CENT"}},{"age":49,"advanceVotesPercent":0.0,"lastname":"Pulkkinen","occupation":"maanviljelijä, opettaja","advanceVotes":0,"npid":5,"totalVotes":4,"spid":1,"abbr":"KESK","municipalCouncilor":false,"muid":290,"alid":5,"firstname":"Jussi","electionDayVotes":4,"pid":"2","finalPosition":0,"electedInformation":"ELECTED","totalVotesPercent":1.9,"nominatorName":{"fi":"Suomen Keskusta","sv":"Centern i Finland","en":"Centre Party of Finland"},"caid":64,"position":0,"gender":"1","comparisonData":{"totalVotes":0,"votesTotalChange":4},"edid":12,"comparativeIndex":0.0,"electionDayVotesPercent":1.9,"nominatorAbbr":{"fi":"KESK","sv":"C","en":"CENT"}},{"age":55,"advanceVotesPercent":0.0,"lastname":"Piipponen","occupation":"koulutussuunnittelija","advanceVotes":0,"npid":1,"totalVotes":3,"spid":4,"abbr":"SDP","municipalCouncilor":true,"muid":290,"alid":1,"firstname":"Eira","electionDayVotes":3,"pid":"1","finalPosition":0,"electedInformation":"ELECTED","totalVotesPercent":1.4,"nominatorName":{"fi":"Suomen Sosialidemokraattinen Puolue","sv":"Finlands Socialdemokratiska Parti","en":"The Finnish Social Democratic Party"},"caid":7,"position":0,"gender":"2","comparisonData":{"totalVotes":55,"votesTotalChange":-52},"edid":12,"comparativeIndex":0.0,"electionDayVotesPercent":1.4,"nominatorAbbr":{"fi":"SDP","sv":"SDP","en":"SDP"}},{"age":26,"advanceVotesPercent":0.0,"lastname":"Kilponen","occupation":"kirvesmies","advanceVotes":0,"npid":2,"totalVotes":3,"spid":3,"abbr":"PS","municipalCouncilor":false,"muid":290,"alid":2,"firstname":"Vikke","electionDayVotes":3,"pid":"23","finalPosition":0,"electedInformation":"ON_SUBSTITUTE_PLACE","totalVotesPercent":1.4,"nominatorName":{"fi":"Perussuomalaiset","sv":"Sannfinländarna","en":"The Finns Party"},"caid":14,"position":0,"gender":"1","comparisonData":{"totalVotes":18,"votesTotalChange":-15},"edid":12,"comparativeIndex":0.0,"electionDayVotesPercent":1.4,"nominatorAbbr":{"fi":"PS","sv":"Sannf","en":"FINNS"}},{"age":41,"advanceVotesPercent":0.0,"lastname":"Komulainen","occupation":"lähihoitaja","advanceVotes":0,"npid":2,"totalVotes":3,"spid":3,"abbr":"PS","municipalCouncilor":true,"muid":290,"alid":2,"firstname":"Antti","electionDayVotes":3,"pid":"23","finalPosition":0,"electedInformation":"ELECTED","totalVotesPercent":1.4,"nominatorName":{"fi":"Perussuomalaiset","sv":"Sannfinländarna","en":"The Finns Party"},"caid":16,"position":0,"gender":"1","comparisonData":{"totalVotes":127,"votesTotalChange":-124},"edid":12,"comparativeIndex":0.0,"electionDayVotesPercent":1.4,"nominatorAbbr":{"fi":"PS","sv":"Sannf","en":"FINNS"}},{"age":59,"advanceVotesPercent":0.0,"lastname":"Komulainen","occupation":"yrittäjä, toimitusjohtaja","advanceVotes":0,"npid":2,"totalVotes":3,"spid":3,"abbr":"PS","municipalCouncilor":true,"muid":290,"alid":2,"firstname":"Ilmo","electionDayVotes":3,"pid":"23","finalPosition":0,"electedInformation":"ELECTED","totalVotesPercent":1.4,"nominatorName":{"fi":"Perussuomalaiset","sv":"Sannfinländarna","en":"The Finns Party"},"caid":17,"position":0,"gender":"1","comparisonData":{"totalVotes":80,"votesTotalChange":-77},"edid":12,"comparativeIndex":0.0,"electionDayVotesPercent":1.4,"nominatorAbbr":{"fi":"PS","sv":"Sannf","en":"FINNS"}},{"age":62,"advanceVotesPercent":0.0,"lastname":"Kyllönen","occupation":"nosturinkuljettaja","advanceVotes":0,"npid":2,"totalVotes":3,"spid":3,"abbr":"PS","municipalCouncilor":true,"muid":290,"alid":2,"firstname":"Unto","electionDayVotes":3,"pid":"23","finalPosition":0,"electedInformation":"ELECTED","totalVotesPercent":1.4,"nominatorName":{"fi":"Perussuomalaiset","sv":"Sannfinländarna","en":"The Finns Party"},"caid":22,"position":0,"gender":"1","comparisonData":{"totalVotes":63,"votesTotalChange":-60},"edid":12,"comparativeIndex":0.0,"electionDayVotesPercent":1.4,"nominatorAbbr":{"fi":"PS","sv":"Sannf","en":"FINNS"}},{"age":65,"advanceVotesPercent":0.0,"lastname":"Miettinen","occupation":"rajavartija, evp.","advanceVotes":0,"npid":2,"totalVotes":3,"spid":3,"abbr":"PS","municipalCouncilor":true,"muid":290,"alid":2,"firstname":"Jouko","electionDayVotes":3,"pid":"23","finalPosition":0,"electedInformation":"ON_SUBSTITUTE_PLACE","totalVotesPercent":1.4,"nominatorName":{"fi":"Perussuomalaiset","sv":"Sannfinländarna","en":"The Finns Party"},"caid":25,"position":0,"gender":"1","comparisonData":{"totalVotes":50,"votesTotalChange":-47},"edid":12,"comparativeIndex":0.0,"electionDayVotesPercent":1.4,"nominatorAbbr":{"fi":"PS","sv":"Sannf","en":"FINNS"}},{"age":31,"advanceVotesPercent":0.0,"lastname":"Määttä","occupation":"elementtityöntekijä, työsuojeluvaltuutettu","advanceVotes":0,"npid":2,"totalVotes":3,"spid":3,"abbr":"PS","municipalCouncilor":false,"muid":290,"alid":2,"firstname":"Satu","electionDayVotes":3,"pid":"23","finalPosition":0,"electedInformation":"ON_SUBSTITUTE_PLACE","totalVotesPercent":1.4,"nominatorName":{"fi":"Perussuomalaiset","sv":"Sannfinländarna","en":"The Finns Party"},"caid":27,"position":0,"gender":"2","comparisonData":{"totalVotes":0,"votesTotalChange":3},"edid":12,"comparativeIndex":0.0,"electionDayVotesPercent":1.4,"nominatorAbbr":{"fi":"PS","sv":"Sannf","en":"FINNS"}},{"age":63,"advanceVotesPercent":0.0,"lastname":"Sorjonen","occupation":"työmies","advanceVotes":0,"npid":2,"totalVotes":3,"spid":3,"abbr":"PS","municipalCouncilor":true,"muid":290,"alid":2,"firstname":"Pentti","electionDayVotes":3,"pid":"23","finalPosition":0,"electedInformation":"ELECTED","totalVotesPercent":1.4,"nominatorName":{"fi":"Perussuomalaiset","sv":"Sannfinländarna","en":"The Finns Party"},"caid":32,"position":0,"gender":"1","comparisonData":{"totalVotes":46,"votesTotalChange":-43},"edid":12,"comparativeIndex":0.0,"electionDayVotesPercent":1.4,"nominatorAbbr":{"fi":"PS","sv":"Sannf","en":"FINNS"}},{"age":71,"advanceVotesPercent":0.0,"lastname":"Seppänen","occupation":"maanviljelijä, eläkeläinen","advanceVotes":0,"npid":5,"totalVotes":3,"spid":1,"abbr":"KESK","municipalCouncilor":false,"muid":290,"alid":5,"firstname":"Teuvo","electionDayVotes":3,"pid":"2","finalPosition":0,"electedInformation":"ON_SUBSTITUTE_PLACE","totalVotesPercent":1.4,"nominatorName":{"fi":"Suomen Keskusta","sv":"Centern i Finland","en":"Centre Party of Finland"},"caid":70,"position":0,"gender":"1","comparisonData":{"totalVotes":34,"votesTotalChange":-31},"edid":12,"comparativeIndex":0.0,"electionDayVotesPercent":1.4,"nominatorAbbr":{"fi":"KESK","sv":"C","en":"CENT"}},{"age":49,"advanceVotesPercent":0.0,"lastname":"Karjalainen","occupation":"luokanopettaja, kasvatustieteen maisteri","advanceVotes":0,"npid":6,"totalVotes":3,"spid":2,"abbr":"KOK","municipalCouncilor":true,"muid":290,"alid":6,"firstname":"Minna","electionDayVotes":3,"pid":"4","finalPosition":0,"electedInformation":"ELECTED","totalVotesPercent":1.4,"nominatorName":{"fi":"Kansallinen Kokoomus","sv":"Samlingspartiet","en":"National Coalition Party"},"caid":73,"position":0,"gender":"2","comparisonData":{"totalVotes":94,"votesTotalChange":-91},"edid":12,"comparativeIndex":0.0,"electionDayVotesPercent":1.4,"nominatorAbbr":{"fi":"KOK","sv":"Saml","en":"NCP"}},{"age":41,"advanceVotesPercent":0.0,"lastname":"Ainasoja","occupation":"kiinteistönhoitaja","advanceVotes":0,"npid":1,"totalVotes":2,"spid":4,"abbr":"SDP","municipalCouncilor":false,"muid":290,"alid":1,"firstname":"Miia","electionDayVotes":2,"pid":"1","finalPosition":0,"electedInformation":"ON_SUBSTITUTE_PLACE","totalVotesPercent":1.0,"nominatorName":{"fi":"Suomen Sosialidemokraattinen Puolue","sv":"Finlands Socialdemokratiska Parti","en":"The Finnish Social Democratic Party"},"caid":3,"position":0,"gender":"2","comparisonData":{"totalVotes":21,"votesTotalChange":-19},"edid":12,"comparativeIndex":0.0,"electionDayVotesPercent":1.0,"nominatorAbbr":{"fi":"SDP","sv":"SDP","en":"SDP"}},{"age":44,"advanceVotesPercent":0.0,"lastname":"Riikonen","occupation":"kirjailija, kevyt yrittäjä","advanceVotes":0,"npid":1,"totalVotes":2,"spid":4,"abbr":"SDP","municipalCouncilor":false,"muid":290,"alid":1,"firstname":"Virpi","electionDayVotes":2,"pid":"1","finalPosition":0,"electedInformation":"ON_SUBSTITUTE_PLACE","totalVotesPercent":1.0,"nominatorName":{"fi":"Suomen Sosialidemokraattinen Puolue","sv":"Finlands Socialdemokratiska Parti","en":"The Finnish Social Democratic Party"},"caid":9,"position":0,"gender":"2","comparisonData":{"totalVotes":0,"votesTotalChange":2},"edid":12,"comparativeIndex":0.0,"electionDayVotesPercent":1.0,"nominatorAbbr":{"fi":"SDP","sv":"SDP","en":"SDP"}},{"age":34,"advanceVotesPercent":0.0,"lastname":"Klemetti","occupation":"yrittäjä","advanceVotes":0,"npid":2,"totalVotes":2,"spid":3,"abbr":"PS","municipalCouncilor":false,"muid":290,"alid":2,"firstname":"Timo","electionDayVotes":2,"pid":"23","finalPosition":0,"electedInformation":"ELECTED","totalVotesPercent":1.0,"nominatorName":{"fi":"Perussuomalaiset","sv":"Sannfinländarna","en":"The Finns Party"},"caid":15,"position":0,"gender":"1","comparisonData":{"totalVotes":0,"votesTotalChange":2},"edid":12,"comparativeIndex":0.0,"electionDayVotesPercent":1.0,"nominatorAbbr":{"fi":"PS","sv":"Sannf","en":"FINNS"}},{"age":34,"advanceVotesPercent":0.0,"lastname":"Seilonen","occupation":"yhdistelmä-ajoneuvonkuljettaja","advanceVotes":0,"npid":2,"totalVotes":2,"spid":3,"abbr":"PS","municipalCouncilor":false,"muid":290,"alid":2,"firstname":"Mika","electionDayVotes":2,"pid":"23","finalPosition":0,"electedInformation":"ON_SUBSTITUTE_PLACE","totalVotesPercent":1.0,"nominatorName":{"fi":"Perussuomalaiset","sv":"Sannfinländarna","en":"The Finns Party"},"caid":31,"position":0,"gender":"1","comparisonData":{"totalVotes":0,"votesTotalChange":2},"edid":12,"comparativeIndex":0.0,"electionDayVotesPercent":1.0,"nominatorAbbr":{"fi":"PS","sv":"Sannf","en":"FINNS"}},{"age":47,"advanceVotesPercent":0.0,"lastname":"Navarro-Karppinen","occupation":"kokki, yrittäjä","advanceVotes":0,"npid":3,"totalVotes":2,"spid":8,"abbr":"KD","municipalCouncilor":false,"muid":290,"alid":3,"firstname":"May","electionDayVotes":2,"pid":"9","finalPosition":0,"electedInformation":"NOT_ELECTED","totalVotesPercent":1.0,"nominatorName":{"fi":"Suomen Kristillisdemokraatit (KD)","sv":"Kristdemokraterna i Finland (KD)","en":"Christian Democrats in Finland"},"caid":36,"position":0,"gender":"2","comparisonData":{"totalVotes":0,"votesTotalChange":2},"edid":12,"comparativeIndex":0.0,"electionDayVotesPercent":1.0,"nominatorAbbr":{"fi":"KD","sv":"KD","en":"CD"}},{"age":30,"advanceVotesPercent":0.0,"lastname":"Kilponen","occupation":"järjestyksenvalvoja","advanceVotes":0,"npid":4,"totalVotes":2,"spid":6,"abbr":"VAS","municipalCouncilor":false,"muid":290,"alid":4,"firstname":"Antti","electionDayVotes":2,"pid":"15","finalPosition":0,"electedInformation":"ON_SUBSTITUTE_PLACE","totalVotesPercent":1.0,"nominatorName":{"fi":"Vasemmistoliitto","sv":"Vänsterförbundet","en":"The Left Alliance"},"caid":38,"position":0,"gender":"1","comparisonData":{"totalVotes":34,"votesTotalChange":-32},"edid":12,"comparativeIndex":0.0,"electionDayVotesPercent":1.0,"nominatorAbbr":{"fi":"VAS","sv":"VF","en":"LEFT"}},{"age":58,"advanceVotesPercent":0.0,"lastname":"Kyllönen","occupation":"toiminnanohjaaja","advanceVotes":0,"npid":4,"totalVotes":2,"spid":6,"abbr":"VAS","municipalCouncilor":false,"muid":290,"alid":4,"firstname":"Seija","electionDayVotes":2,"pid":"15","finalPosition":0,"electedInformation":"ON_SUBSTITUTE_PLACE","totalVotesPercent":1.0,"nominatorName":{"fi":"Vasemmistoliitto","sv":"Vänsterförbundet","en":"The Left Alliance"},"caid":39,"position":0,"gender":"2","comparisonData":{"totalVotes":30,"votesTotalChange":-28},"edid":12,"comparativeIndex":0.0,"electionDayVotesPercent":1.0,"nominatorAbbr":{"fi":"VAS","sv":"VF","en":"LEFT"}},{"age":60,"advanceVotesPercent":0.0,"lastname":"Innilä","occupation":"yrittäjä","advanceVotes":0,"npid":5,"totalVotes":2,"spid":1,"abbr":"KESK","municipalCouncilor":false,"muid":290,"alid":5,"firstname":"Ari","electionDayVotes":2,"pid":"2","finalPosition":0,"electedInformation":"ELECTED","totalVotesPercent":1.0,"nominatorName":{"fi":"Suomen Keskusta","sv":"Centern i Finland","en":"Centre Party of Finland"},"caid":49,"position":0,"gender":"1","comparisonData":{"totalVotes":0,"votesTotalChange":2},"edid":12,"comparativeIndex":0.0,"electionDayVotesPercent":1.0,"nominatorAbbr":{"fi":"KESK","sv":"C","en":"CENT"}},{"age":67,"advanceVotesPercent":0.0,"lastname":"Kähkönen","occupation":"metsätalousyrittäjä","advanceVotes":0,"npid":5,"totalVotes":2,"spid":1,"abbr":"KESK","municipalCouncilor":true,"muid":290,"alid":5,"firstname":"Eino","electionDayVotes":2,"pid":"2","finalPosition":0,"electedInformation":"ELECTED","totalVotesPercent":1.0,"nominatorName":{"fi":"Suomen Keskusta","sv":"Centern i Finland","en":"Centre Party of Finland"},"caid":54,"position":0,"gender":"1","comparisonData":{"totalVotes":51,"votesTotalChange":-49},"edid":12,"comparativeIndex":0.0,"electionDayVotesPercent":1.0,"nominatorAbbr":{"fi":"KESK","sv":"C","en":"CENT"}},{"age":45,"advanceVotesPercent":0.0,"lastname":"Haverinen","occupation":"opettaja","advanceVotes":0,"npid":7,"totalVotes":2,"spid":5,"abbr":"VIHR","municipalCouncilor":false,"muid":290,"alid":7,"firstname":"Päivi","electionDayVotes":2,"pid":"13","finalPosition":0,"electedInformation":"ELECTED","totalVotesPercent":1.0,"nominatorName":{"fi":"Vihreä liitto","sv":"Gröna förbundet","en":"Green League"},"caid":79,"position":0,"gender":"2","comparisonData":{"totalVotes":0,"votesTotalChange":2},"edid":12,"comparativeIndex":0.0,"electionDayVotesPercent":1.0,"nominatorAbbr":{"fi":"VIHR","sv":"Gröna","en":"GREEN"}},{"age":31,"advanceVotesPercent":0.0,"lastname":"Nyman","occupation":"filosofian maisteri, hankekoordinaattori","advanceVotes":0,"npid":7,"totalVotes":2,"spid":5,"abbr":"VIHR","municipalCouncilor":false,"muid":290,"alid":7,"firstname":"Ville","electionDayVotes":2,"pid":"13","finalPosition":0,"electedInformation":"ON_SUBSTITUTE_PLACE","totalVotesPercent":1.0,"nominatorName":{"fi":"Vihreä liitto","sv":"Gröna förbundet","en":"Green League"},"caid":84,"position":0,"gender":"1","comparisonData":{"totalVotes":0,"votesTotalChange":2},"edid":12,"comparativeIndex":0.0,"electionDayVotesPercent":1.0,"nominatorAbbr":{"fi":"VIHR","sv":"Gröna","en":"GREEN"}},{"age":64,"advanceVotesPercent":0.0,"lastname":"Suihko","occupation":"filosofian maisteri, äidinkielen ja kirjallisuuden opettaja","advanceVotes":0,"npid":7,"totalVotes":2,"spid":5,"abbr":"VIHR","municipalCouncilor":true,"muid":290,"alid":7,"firstname":"Marja-Stiina","electionDayVotes":2,"pid":"13","finalPosition":0,"electedInformation":"ELECTED","totalVotesPercent":1.0,"nominatorName":{"fi":"Vihreä liitto","sv":"Gröna förbundet","en":"Green League"},"caid":90,"position":0,"gender":"2","comparisonData":{"totalVotes":48,"votesTotalChange":-46},"edid":12,"comparativeIndex":0.0,"electionDayVotesPercent":1.0,"nominatorAbbr":{"fi":"VIHR","sv":"Gröna","en":"GREEN"}},{"age":64,"advanceVotesPercent":0.0,"lastname":"Aaltonen","occupation":"lakimies, varatuomari","advanceVotes":0,"npid":1,"totalVotes":1,"spid":4,"abbr":"SDP","municipalCouncilor":false,"muid":290,"alid":1,"firstname":"Keijo","electionDayVotes":1,"pid":"1","finalPosition":0,"electedInformation":"ON_SUBSTITUTE_PLACE","totalVotesPercent":0.5,"nominatorName":{"fi":"Suomen Sosialidemokraattinen Puolue","sv":"Finlands Socialdemokratiska Parti","en":"The Finnish Social Democratic Party"},"caid":2,"position":0,"gender":"1","comparisonData":{"totalVotes":20,"votesTotalChange":-19},"edid":12,"comparativeIndex":0.0,"electionDayVotesPercent":0.5,"nominatorAbbr":{"fi":"SDP","sv":"SDP","en":"SDP"}},{"age":67,"advanceVotesPercent":0.0,"lastname":"Peltonen","occupation":"lehtori, eläkeläinen","advanceVotes":0,"npid":1,"totalVotes":1,"spid":4,"abbr":"SDP","municipalCouncilor":true,"muid":290,"alid":1,"firstname":"Kari","electionDayVotes":1,"pid":"1","finalPosition":0,"electedInformation":"ELECTED","totalVotesPercent":0.5,"nominatorName":{"fi":"Suomen Sosialidemokraattinen Puolue","sv":"Finlands Socialdemokratiska Parti","en":"The Finnish Social Democratic Party"},"caid":6,"position":0,"gender":"1","comparisonData":{"totalVotes":37,"votesTotalChange":-36},"edid":12,"comparativeIndex":0.0,"electionDayVotesPercent":0.5,"nominatorAbbr":{"fi":"SDP","sv":"SDP","en":"SDP"}},{"age":23,"advanceVotesPercent":0.0,"lastname":"Kyllönen","occupation":"sekatyömies","advanceVotes":0,"npid":2,"totalVotes":1,"spid":3,"abbr":"PS","municipalCouncilor":false,"muid":290,"alid":2,"firstname":"Santtu","electionDayVotes":1,"pid":"23","finalPosition":0,"electedInformation":"NOT_ELECTED","totalVotesPercent":0.5,"nominatorName":{"fi":"Perussuomalaiset","sv":"Sannfinländarna","en":"The Finns Party"},"caid":21,"position":0,"gender":"1","comparisonData":{"totalVotes":0,"votesTotalChange":1},"edid":12,"comparativeIndex":0.0,"electionDayVotesPercent":0.5,"nominatorAbbr":{"fi":"PS","sv":"Sannf","en":"FINNS"}},{"age":64,"advanceVotesPercent":0.0,"lastname":"Mikkola","occupation":"psykologi","advanceVotes":0,"npid":3,"totalVotes":1,"spid":8,"abbr":"KD","municipalCouncilor":false,"muid":290,"alid":3,"firstname":"Jaakko","electionDayVotes":1,"pid":"9","finalPosition":0,"electedInformation":"ELECTED","totalVotesPercent":0.5,"nominatorName":{"fi":"Suomen Kristillisdemokraatit (KD)","sv":"Kristdemokraterna i Finland (KD)","en":"Christian Democrats in Finland"},"caid":35,"position":0,"gender":"1","comparisonData":{"totalVotes":0,"votesTotalChange":1},"edid":12,"comparativeIndex":0.0,"electionDayVotesPercent":0.5,"nominatorAbbr":{"fi":"KD","sv":"KD","en":"CD"}},{"age":23,"advanceVotesPercent":0.0,"lastname":"Ruotsalainen","occupation":"media-assistentti","advanceVotes":0,"npid":4,"totalVotes":1,"spid":6,"abbr":"VAS","municipalCouncilor":false,"muid":290,"alid":4,"firstname":"Milla","electionDayVotes":1,"pid":"15","finalPosition":0,"electedInformation":"NOT_ELECTED","totalVotesPercent":0.5,"nominatorName":{"fi":"Vasemmistoliitto","sv":"Vänsterförbundet","en":"The Left Alliance"},"caid":43,"position":0,"gender":"2","comparisonData":{"totalVotes":0,"votesTotalChange":1},"edid":12,"comparativeIndex":0.0,"electionDayVotesPercent":0.5,"nominatorAbbr":{"fi":"VAS","sv":"VF","en":"LEFT"}},{"age":28,"advanceVotesPercent":0.0,"lastname":"Eskola","occupation":"opiskelija, insinööri","advanceVotes":0,"npid":5,"totalVotes":1,"spid":1,"abbr":"KESK","municipalCouncilor":false,"muid":290,"alid":5,"firstname":"Susanna","electionDayVotes":1,"pid":"2","finalPosition":0,"electedInformation":"ON_SUBSTITUTE_PLACE","totalVotesPercent":0.5,"nominatorName":{"fi":"Suomen Keskusta","sv":"Centern i Finland","en":"Centre Party of Finland"},"caid":45,"position":0,"gender":"2","comparisonData":{"totalVotes":0,"votesTotalChange":1},"edid":12,"comparativeIndex":0.0,"electionDayVotesPercent":0.5,"nominatorAbbr":{"fi":"KESK","sv":"C","en":"CENT"}},{"age":49,"advanceVotesPercent":0.0,"lastname":"Pääkkönen","occupation":"myyjä","advanceVotes":0,"npid":5,"totalVotes":1,"spid":1,"abbr":"KESK","municipalCouncilor":false,"muid":290,"alid":5,"firstname":"Sirpa","electionDayVotes":1,"pid":"2","finalPosition":0,"electedInformation":"ON_SUBSTITUTE_PLACE","totalVotesPercent":0.5,"nominatorName":{"fi":"Suomen Keskusta","sv":"Centern i Finland","en":"Centre Party of Finland"},"caid":67,"position":0,"gender":"2","comparisonData":{"totalVotes":27,"votesTotalChange":-26},"edid":12,"comparativeIndex":0.0,"electionDayVotesPercent":0.5,"nominatorAbbr":{"fi":"KESK","sv":"C","en":"CENT"}},{"age":64,"advanceVotesPercent":0.0,"lastname":"Pöllänen","occupation":"insinööri","advanceVotes":0,"npid":5,"totalVotes":1,"spid":1,"abbr":"KESK","municipalCouncilor":false,"muid":290,"alid":5,"firstname":"Eero","electionDayVotes":1,"pid":"2","finalPosition":0,"electedInformation":"ON_SUBSTITUTE_PLACE","totalVotesPercent":0.5,"nominatorName":{"fi":"Suomen Keskusta","sv":"Centern i Finland","en":"Centre Party of Finland"},"caid":68,"position":0,"gender":"1","comparisonData":{"totalVotes":29,"votesTotalChange":-28},"edid":12,"comparativeIndex":0.0,"electionDayVotesPercent":0.5,"nominatorAbbr":{"fi":"KESK","sv":"C","en":"CENT"}},{"age":46,"advanceVotesPercent":0.0,"lastname":"Rauhala","occupation":"opettaja, filosofian maisteri","advanceVotes":0,"npid":5,"totalVotes":1,"spid":1,"abbr":"KESK","municipalCouncilor":true,"muid":290,"alid":5,"firstname":"Maarit","electionDayVotes":1,"pid":"2","finalPosition":0,"electedInformation":"ELECTED","totalVotesPercent":0.5,"nominatorName":{"fi":"Suomen Keskusta","sv":"Centern i Finland","en":"Centre Party of Finland"},"caid":69,"position":0,"gender":"2","comparisonData":{"totalVotes":47,"votesTotalChange":-46},"edid":12,"comparativeIndex":0.0,"electionDayVotesPercent":0.5,"nominatorAbbr":{"fi":"KESK","sv":"C","en":"CENT"}},{"age":56,"advanceVotesPercent":0.0,"lastname":"Kyllönen","occupation":"työnjohtaja, suunnittelija","advanceVotes":0,"npid":5,"totalVotes":1,"spid":1,"abbr":"KESK","municipalCouncilor":false,"muid":290,"alid":5,"firstname":"Jorma","electionDayVotes":1,"pid":"2","finalPosition":0,"electedInformation":"ELECTED","totalVotesPercent":0.5,"nominatorName":{"fi":"Suomen Keskusta","sv":"Centern i Finland","en":"Centre Party of Finland"},"caid":72,"position":0,"gender":"1","comparisonData":{"totalVotes":0,"votesTotalChange":1},"edid":12,"comparativeIndex":0.0,"electionDayVotesPercent":0.5,"nominatorAbbr":{"fi":"KESK","sv":"C","en":"CENT"}},{"age":62,"advanceVotesPercent":0.0,"lastname":"Huttu-Hiltunen","occupation":"musiikin tohtori, kansanmusiikintutkija","advanceVotes":0,"npid":7,"totalVotes":1,"spid":5,"abbr":"VIHR","municipalCouncilor":false,"muid":290,"alid":7,"firstname":"Pekka","electionDayVotes":1,"pid":"13","finalPosition":0,"electedInformation":"NOT_ELECTED","totalVotesPercent":0.5,"nominatorName":{"fi":"Vihreä liitto","sv":"Gröna förbundet","en":"Green League"},"caid":81,"position":0,"gender":"1","comparisonData":{"totalVotes":0,"votesTotalChange":1},"edid":12,"comparativeIndex":0.0,"electionDayVotesPercent":0.5,"nominatorAbbr":{"fi":"VIHR","sv":"Gröna","en":"GREEN"}},{"age":51,"advanceVotesPercent":0.0,"lastname":"Mäntylä","occupation":"musiikin maisteri, kitaransoiton lehtori","advanceVotes":0,"npid":7,"totalVotes":1,"spid":5,"abbr":"VIHR","municipalCouncilor":false,"muid":290,"alid":7,"firstname":"Mari","electionDayVotes":1,"pid":"13","finalPosition":0,"electedInformation":"NOT_ELECTED","totalVotesPercent":0.5,"nominatorName":{"fi":"Vihreä liitto","sv":"Gröna förbundet","en":"Green League"},"caid":83,"position":0,"gender":"2","comparisonData":{"totalVotes":0,"votesTotalChange":1},"edid":12,"comparativeIndex":0.0,"electionDayVotesPercent":0.5,"nominatorAbbr":{"fi":"VIHR","sv":"Gröna","en":"GREEN"}},{"age":53,"advanceVotesPercent":0.0,"lastname":"Palsio","occupation":"yrittäjä","advanceVotes":0,"npid":7,"totalVotes":1,"spid":5,"abbr":"VIHR","municipalCouncilor":false,"muid":290,"alid":7,"firstname":"Maija","electionDayVotes":1,"pid":"13","finalPosition":0,"electedInformation":"NOT_ELECTED","totalVotesPercent":0.5,"nominatorName":{"fi":"Vihreä liitto","sv":"Gröna förbundet","en":"Green League"},"caid":85,"position":0,"gender":"2","comparisonData":{"totalVotes":0,"votesTotalChange":1},"edid":12,"comparativeIndex":0.0,"electionDayVotesPercent":0.5,"nominatorAbbr":{"fi":"VIHR","sv":"Gröna","en":"GREEN"}},{"age":68,"advanceVotesPercent":0.0,"lastname":"Sallinen","occupation":"lastentarhanopettaja, eläkeläinen","advanceVotes":0,"npid":7,"totalVotes":1,"spid":5,"abbr":"VIHR","municipalCouncilor":false,"muid":290,"alid":7,"firstname":"Sointu","electionDayVotes":1,"pid":"13","finalPosition":0,"electedInformation":"NOT_ELECTED","totalVotesPercent":0.5,"nominatorName":{"fi":"Vihreä liitto","sv":"Gröna förbundet","en":"Green League"},"caid":86,"position":0,"gender":"2","comparisonData":{"totalVotes":13,"votesTotalChange":-12},"edid":12,"comparativeIndex":0.0,"electionDayVotesPercent":0.5,"nominatorAbbr":{"fi":"VIHR","sv":"Gröna","en":"GREEN"}},{"age":58,"advanceVotesPercent":0.0,"lastname":"Sarvela","occupation":"hammaslääkäri, tietokirjailija","advanceVotes":0,"npid":7,"totalVotes":1,"spid":5,"abbr":"VIHR","municipalCouncilor":false,"muid":290,"alid":7,"firstname":"Kati","electionDayVotes":1,"pid":"13","finalPosition":0,"electedInformation":"NOT_ELECTED","totalVotesPercent":0.5,"nominatorName":{"fi":"Vihreä liitto","sv":"Gröna förbundet","en":"Green League"},"caid":89,"position":0,"gender":"2","comparisonData":{"totalVotes":0,"votesTotalChange":1},"edid":12,"comparativeIndex":0.0,"electionDayVotesPercent":0.5,"nominatorAbbr":{"fi":"VIHR","sv":"Gröna","en":"GREEN"}},{"age":72,"advanceVotesPercent":0.0,"lastname":"Kyllönen","occupation":"metsuri, eläkeläinen","advanceVotes":0,"npid":1,"totalVotes":0,"spid":4,"abbr":"SDP","municipalCouncilor":false,"muid":290,"alid":1,"firstname":"Onni","electionDayVotes":0,"pid":"1","finalPosition":0,"electedInformation":"NOT_ELECTED","totalVotesPercent":0.0,"nominatorName":{"fi":"Suomen Sosialidemokraattinen Puolue","sv":"Finlands Socialdemokratiska Parti","en":"The Finnish Social Democratic Party"},"caid":4,"position":0,"gender":"1","comparisonData":{"totalVotes":1,"votesTotalChange":-1},"edid":12,"comparativeIndex":0.0,"electionDayVotesPercent":0.0,"nominatorAbbr":{"fi":"SDP","sv":"SDP","en":"SDP"}},{"age":58,"advanceVotesPercent":0.0,"lastname":"Pikkarainen","occupation":"trukinkuljettaja","advanceVotes":0,"npid":1,"totalVotes":0,"spid":4,"abbr":"SDP","municipalCouncilor":false,"muid":290,"alid":1,"firstname":"Ensio","electionDayVotes":0,"pid":"1","finalPosition":0,"electedInformation":"ON_SUBSTITUTE_PLACE","totalVotesPercent":0.0,"nominatorName":{"fi":"Suomen Sosialidemokraattinen Puolue","sv":"Finlands Socialdemokratiska Parti","en":"The Finnish Social Democratic Party"},"caid":8,"position":0,"gender":"1","comparisonData":{"totalVotes":8,"votesTotalChange":-8},"edid":12,"comparativeIndex":0.0,"electionDayVotesPercent":0.0,"nominatorAbbr":{"fi":"SDP","sv":"SDP","en":"SDP"}},{"age":43,"advanceVotesPercent":0.0,"lastname":"Haverinen","occupation":"yrittäjä","advanceVotes":0,"npid":2,"totalVotes":0,"spid":3,"abbr":"PS","municipalCouncilor":false,"muid":290,"alid":2,"firstname":"Vesa","electionDayVotes":0,"pid":"23","finalPosition":0,"electedInformation":"NOT_ELECTED","totalVotesPercent":0.0,"nominatorName":{"fi":"Perussuomalaiset","sv":"Sannfinländarna","en":"The Finns Party"},"caid":11,"position":0,"gender":"1","comparisonData":{"totalVotes":0,"votesTotalChange":0},"edid":12,"comparativeIndex":0.0,"electionDayVotesPercent":0.0,"nominatorAbbr":{"fi":"PS","sv":"Sannf","en":"FINNS"}},{"age":42,"advanceVotesPercent":0.0,"lastname":"Heikkinen","occupation":"lähihoitaja","advanceVotes":0,"npid":2,"totalVotes":0,"spid":3,"abbr":"PS","municipalCouncilor":false,"muid":290,"alid":2,"firstname":"Satu","electionDayVotes":0,"pid":"23","finalPosition":0,"electedInformation":"NOT_ELECTED","totalVotesPercent":0.0,"nominatorName":{"fi":"Perussuomalaiset","sv":"Sannfinländarna","en":"The Finns Party"},"caid":12,"position":0,"gender":"2","comparisonData":{"totalVotes":0,"votesTotalChange":0},"edid":12,"comparativeIndex":0.0,"electionDayVotesPercent":0.0,"nominatorAbbr":{"fi":"PS","sv":"Sannf","en":"FINNS"}},{"age":62,"advanceVotesPercent":0.0,"lastname":"Härkönen","occupation":"lastenohjaaja, yrittäjä","advanceVotes":0,"npid":2,"totalVotes":0,"spid":3,"abbr":"PS","municipalCouncilor":true,"muid":290,"alid":2,"firstname":"Riitta-Maria","electionDayVotes":0,"pid":"23","finalPosition":0,"electedInformation":"NOT_ELECTED","totalVotesPercent":0.0,"nominatorName":{"fi":"Perussuomalaiset","sv":"Sannfinländarna","en":"The Finns Party"},"caid":13,"position":0,"gender":"2","comparisonData":{"totalVotes":40,"votesTotalChange":-40},"edid":12,"comparativeIndex":0.0,"electionDayVotesPercent":0.0,"nominatorAbbr":{"fi":"PS","sv":"Sannf","en":"FINNS"}},{"age":66,"advanceVotesPercent":0.0,"lastname":"Komulainen","occupation":"työmies","advanceVotes":0,"npid":2,"totalVotes":0,"spid":3,"abbr":"PS","municipalCouncilor":false,"muid":290,"alid":2,"firstname":"Kaarlo","electionDayVotes":0,"pid":"23","finalPosition":0,"electedInformation":"NOT_ELECTED","totalVotesPercent":0.0,"nominatorName":{"fi":"Perussuomalaiset","sv":"Sannfinländarna","en":"The Finns Party"},"caid":18,"position":0,"gender":"1","comparisonData":{"totalVotes":0,"votesTotalChange":0},"edid":12,"comparativeIndex":0.0,"electionDayVotesPercent":0.0,"nominatorAbbr":{"fi":"PS","sv":"Sannf","en":"FINNS"}},{"age":41,"advanceVotesPercent":0.0,"lastname":"Kyllönen","occupation":"autonkuljettaja","advanceVotes":0,"npid":2,"totalVotes":0,"spid":3,"abbr":"PS","municipalCouncilor":false,"muid":290,"alid":2,"firstname":"Markus","electionDayVotes":0,"pid":"23","finalPosition":0,"electedInformation":"ON_SUBSTITUTE_PLACE","totalVotesPercent":0.0,"nominatorName":{"fi":"Perussuomalaiset","sv":"Sannfinländarna","en":"The Finns Party"},"caid":19,"position":0,"gender":"1","comparisonData":{"totalVotes":0,"votesTotalChange":0},"edid":12,"comparativeIndex":0.0,"electionDayVotesPercent":0.0,"nominatorAbbr":{"fi":"PS","sv":"Sannf","en":"FINNS"}},{"age":57,"advanceVotesPercent":0.0,"lastname":"Kyllönen","occupation":"yrittäjä","advanceVotes":0,"npid":2,"totalVotes":0,"spid":3,"abbr":"PS","municipalCouncilor":false,"muid":290,"alid":2,"firstname":"Olga","electionDayVotes":0,"pid":"23","finalPosition":0,"electedInformation":"ON_SUBSTITUTE_PLACE","totalVotesPercent":0.0,"nominatorName":{"fi":"Perussuomalaiset","sv":"Sannfinländarna","en":"The Finns Party"},"caid":20,"position":0,"gender":"2","comparisonData":{"totalVotes":0,"votesTotalChange":0},"edid":12,"comparativeIndex":0.0,"electionDayVotesPercent":0.0,"nominatorAbbr":{"fi":"PS","sv":"Sannf","en":"FINNS"}},{"age":56,"advanceVotesPercent":0.0,"lastname":"Lehtonen","occupation":"luutnantti, evp.","advanceVotes":0,"npid":2,"totalVotes":0,"spid":3,"abbr":"PS","municipalCouncilor":false,"muid":290,"alid":2,"firstname":"Harri","electionDayVotes":0,"pid":"23","finalPosition":0,"electedInformation":"ON_SUBSTITUTE_PLACE","totalVotesPercent":0.0,"nominatorName":{"fi":"Perussuomalaiset","sv":"Sannfinländarna","en":"The Finns Party"},"caid":23,"position":0,"gender":"1","comparisonData":{"totalVotes":0,"votesTotalChange":0},"edid":12,"comparativeIndex":0.0,"electionDayVotesPercent":0.0,"nominatorAbbr":{"fi":"PS","sv":"Sannf","en":"FINNS"}},{"age":46,"advanceVotesPercent":0.0,"lastname":"Lehtonen","occupation":"taksiautoilija","advanceVotes":0,"npid":2,"totalVotes":0,"spid":3,"abbr":"PS","municipalCouncilor":false,"muid":290,"alid":2,"firstname":"Janne","electionDayVotes":0,"pid":"23","finalPosition":0,"electedInformation":"ELECTED","totalVotesPercent":0.0,"nominatorName":{"fi":"Perussuomalaiset","sv":"Sannfinländarna","en":"The Finns Party"},"caid":24,"position":0,"gender":"1","comparisonData":{"totalVotes":0,"votesTotalChange":0},"edid":12,"comparativeIndex":0.0,"electionDayVotesPercent":0.0,"nominatorAbbr":{"fi":"PS","sv":"Sannf","en":"FINNS"}},{"age":56,"advanceVotesPercent":0.0,"lastname":"Määttä","occupation":"keittiöapulainen","advanceVotes":0,"npid":2,"totalVotes":0,"spid":3,"abbr":"PS","municipalCouncilor":false,"muid":290,"alid":2,"firstname":"Kaija","electionDayVotes":0,"pid":"23","finalPosition":0,"electedInformation":"NOT_ELECTED","totalVotesPercent":0.0,"nominatorName":{"fi":"Perussuomalaiset","sv":"Sannfinländarna","en":"The Finns Party"},"caid":26,"position":0,"gender":"2","comparisonData":{"totalVotes":0,"votesTotalChange":0},"edid":12,"comparativeIndex":0.0,"electionDayVotesPercent":0.0,"nominatorAbbr":{"fi":"PS","sv":"Sannf","en":"FINNS"}},{"age":41,"advanceVotesPercent":0.0,"lastname":"Niskanen","occupation":"lihamestari, myyjä","advanceVotes":0,"npid":2,"totalVotes":0,"spid":3,"abbr":"PS","municipalCouncilor":false,"muid":290,"alid":2,"firstname":"Tatiana","electionDayVotes":0,"pid":"23","finalPosition":0,"electedInformation":"NOT_ELECTED","totalVotesPercent":0.0,"nominatorName":{"fi":"Perussuomalaiset","sv":"Sannfinländarna","en":"The Finns Party"},"caid":28,"position":0,"gender":"2","comparisonData":{"totalVotes":0,"votesTotalChange":0},"edid":12,"comparativeIndex":0.0,"electionDayVotesPercent":0.0,"nominatorAbbr":{"fi":"PS","sv":"Sannf","en":"FINNS"}},{"age":53,"advanceVotesPercent":0.0,"lastname":"Pulkkinen","occupation":"elementtisaumaaja","advanceVotes":0,"npid":2,"totalVotes":0,"spid":3,"abbr":"PS","municipalCouncilor":false,"muid":290,"alid":2,"firstname":"Ismo","electionDayVotes":0,"pid":"23","finalPosition":0,"electedInformation":"NOT_ELECTED","totalVotesPercent":0.0,"nominatorName":{"fi":"Perussuomalaiset","sv":"Sannfinländarna","en":"The Finns Party"},"caid":30,"position":0,"gender":"1","comparisonData":{"totalVotes":0,"votesTotalChange":0},"edid":12,"comparativeIndex":0.0,"electionDayVotesPercent":0.0,"nominatorAbbr":{"fi":"PS","sv":"Sannf","en":"FINNS"}},{"age":71,"advanceVotesPercent":0.0,"lastname":"Harinen","occupation":"dir.cant.","advanceVotes":0,"npid":3,"totalVotes":0,"spid":8,"abbr":"KD","municipalCouncilor":false,"muid":290,"alid":3,"firstname":"Tauno","electionDayVotes":0,"pid":"9","finalPosition":0,"electedInformation":"ON_SUBSTITUTE_PLACE","totalVotesPercent":0.0,"nominatorName":{"fi":"Suomen Kristillisdemokraatit (KD)","sv":"Kristdemokraterna i Finland (KD)","en":"Christian Democrats in Finland"},"caid":33,"position":0,"gender":"1","comparisonData":{"totalVotes":40,"votesTotalChange":-40},"edid":12,"comparativeIndex":0.0,"electionDayVotesPercent":0.0,"nominatorAbbr":{"fi":"KD","sv":"KD","en":"CD"}},{"age":60,"advanceVotesPercent":0.0,"lastname":"Romppanen","occupation":"myyjä","advanceVotes":0,"npid":3,"totalVotes":0,"spid":8,"abbr":"KD","municipalCouncilor":false,"muid":290,"alid":3,"firstname":"Kaija","electionDayVotes":0,"pid":"9","finalPosition":0,"electedInformation":"ON_SUBSTITUTE_PLACE","totalVotesPercent":0.0,"nominatorName":{"fi":"Suomen Kristillisdemokraatit (KD)","sv":"Kristdemokraterna i Finland (KD)","en":"Christian Democrats in Finland"},"caid":37,"position":0,"gender":"2","comparisonData":{"totalVotes":0,"votesTotalChange":0},"edid":12,"comparativeIndex":0.0,"electionDayVotesPercent":0.0,"nominatorAbbr":{"fi":"KD","sv":"KD","en":"CD"}},{"age":28,"advanceVotesPercent":0.0,"lastname":"Limnell","occupation":"opiskelija, taiteilija","advanceVotes":0,"npid":4,"totalVotes":0,"spid":6,"abbr":"VAS","municipalCouncilor":false,"muid":290,"alid":4,"firstname":"Noora","electionDayVotes":0,"pid":"15","finalPosition":0,"electedInformation":"NOT_ELECTED","totalVotesPercent":0.0,"nominatorName":{"fi":"Vasemmistoliitto","sv":"Vänsterförbundet","en":"The Left Alliance"},"caid":40,"position":0,"gender":"2","comparisonData":{"totalVotes":0,"votesTotalChange":0},"edid":12,"comparativeIndex":0.0,"electionDayVotesPercent":0.0,"nominatorAbbr":{"fi":"VAS","sv":"VF","en":"LEFT"}},{"age":53,"advanceVotesPercent":0.0,"lastname":"Morozova","occupation":"lähihoitaja","advanceVotes":0,"npid":4,"totalVotes":0,"spid":6,"abbr":"VAS","municipalCouncilor":false,"muid":290,"alid":4,"firstname":"Marjatta","electionDayVotes":0,"pid":"15","finalPosition":0,"electedInformation":"NOT_ELECTED","totalVotesPercent":0.0,"nominatorName":{"fi":"Vasemmistoliitto","sv":"Vänsterförbundet","en":"The Left Alliance"},"caid":41,"position":0,"gender":"2","comparisonData":{"totalVotes":0,"votesTotalChange":0},"edid":12,"comparativeIndex":0.0,"electionDayVotesPercent":0.0,"nominatorAbbr":{"fi":"VAS","sv":"VF","en":"LEFT"}},{"age":59,"advanceVotesPercent":0.0,"lastname":"Virtanen","occupation":"omaishoitaja","advanceVotes":0,"npid":4,"totalVotes":0,"spid":6,"abbr":"VAS","municipalCouncilor":true,"muid":290,"alid":4,"firstname":"Kirsi","electionDayVotes":0,"pid":"15","finalPosition":0,"electedInformation":"ELECTED","totalVotesPercent":0.0,"nominatorName":{"fi":"Vasemmistoliitto","sv":"Vänsterförbundet","en":"The Left Alliance"},"caid":44,"position":0,"gender":"2","comparisonData":{"totalVotes":44,"votesTotalChange":-44},"edid":12,"comparativeIndex":0.0,"electionDayVotesPercent":0.0,"nominatorAbbr":{"fi":"VAS","sv":"VF","en":"LEFT"}},{"age":67,"advanceVotesPercent":0.0,"lastname":"Heikkinen","occupation":"metsätalousteknikko","advanceVotes":0,"npid":5,"totalVotes":0,"spid":1,"abbr":"KESK","municipalCouncilor":true,"muid":290,"alid":5,"firstname":"Pekka","electionDayVotes":0,"pid":"2","finalPosition":0,"electedInformation":"ELECTED","totalVotesPercent":0.0,"nominatorName":{"fi":"Suomen Keskusta","sv":"Centern i Finland","en":"Centre Party of Finland"},"caid":46,"position":0,"gender":"1","comparisonData":{"totalVotes":157,"votesTotalChange":-157},"edid":12,"comparativeIndex":0.0,"electionDayVotesPercent":0.0,"nominatorAbbr":{"fi":"KESK","sv":"C","en":"CENT"}},{"age":55,"advanceVotesPercent":0.0,"lastname":"Huotari","occupation":"metsätalousyrittäjä","advanceVotes":0,"npid":5,"totalVotes":0,"spid":1,"abbr":"KESK","municipalCouncilor":false,"muid":290,"alid":5,"firstname":"Timo","electionDayVotes":0,"pid":"2","finalPosition":0,"electedInformation":"ON_SUBSTITUTE_PLACE","totalVotesPercent":0.0,"nominatorName":{"fi":"Suomen Keskusta","sv":"Centern i Finland","en":"Centre Party of Finland"},"caid":47,"position":0,"gender":"1","comparisonData":{"totalVotes":33,"votesTotalChange":-33},"edid":12,"comparativeIndex":0.0,"electionDayVotesPercent":0.0,"nominatorAbbr":{"fi":"KESK","sv":"C","en":"CENT"}},{"age":69,"advanceVotesPercent":0.0,"lastname":"Kuula","occupation":"lehtori","advanceVotes":0,"npid":5,"totalVotes":0,"spid":1,"abbr":"KESK","municipalCouncilor":false,"muid":290,"alid":5,"firstname":"Mauri","electionDayVotes":0,"pid":"2","finalPosition":0,"electedInformation":"ON_SUBSTITUTE_PLACE","totalVotesPercent":0.0,"nominatorName":{"fi":"Suomen Keskusta","sv":"Centern i Finland","en":"Centre Party of Finland"},"caid":53,"position":0,"gender":"1","comparisonData":{"totalVotes":0,"votesTotalChange":0},"edid":12,"comparativeIndex":0.0,"electionDayVotesPercent":0.0,"nominatorAbbr":{"fi":"KESK","sv":"C","en":"CENT"}},{"age":68,"advanceVotesPercent":0.0,"lastname":"Kärnä","occupation":"tuohimestari","advanceVotes":0,"npid":5,"totalVotes":0,"spid":1,"abbr":"KESK","municipalCouncilor":false,"muid":290,"alid":5,"firstname":"Heimo","electionDayVotes":0,"pid":"2","finalPosition":0,"electedInformation":"ON_SUBSTITUTE_PLACE","totalVotesPercent":0.0,"nominatorName":{"fi":"Suomen Keskusta","sv":"Centern i Finland","en":"Centre Party of Finland"},"caid":55,"position":0,"gender":"1","comparisonData":{"totalVotes":14,"votesTotalChange":-14},"edid":12,"comparativeIndex":0.0,"electionDayVotesPercent":0.0,"nominatorAbbr":{"fi":"KESK","sv":"C","en":"CENT"}},{"age":68,"advanceVotesPercent":0.0,"lastname":"Malinen","occupation":"elintarviketyöntekijä","advanceVotes":0,"npid":5,"totalVotes":0,"spid":1,"abbr":"KESK","municipalCouncilor":false,"muid":290,"alid":5,"firstname":"Liisa","electionDayVotes":0,"pid":"2","finalPosition":0,"electedInformation":"ON_SUBSTITUTE_PLACE","totalVotesPercent":0.0,"nominatorName":{"fi":"Suomen Keskusta","sv":"Centern i Finland","en":"Centre Party of Finland"},"caid":57,"position":0,"gender":"2","comparisonData":{"totalVotes":15,"votesTotalChange":-15},"edid":12,"comparativeIndex":0.0,"electionDayVotesPercent":0.0,"nominatorAbbr":{"fi":"KESK","sv":"C","en":"CENT"}},{"age":49,"advanceVotesPercent":0.0,"lastname":"Malinen","occupation":"maanviljelijä","advanceVotes":0,"npid":5,"totalVotes":0,"spid":1,"abbr":"KESK","municipalCouncilor":false,"muid":290,"alid":5,"firstname":"Reijo","electionDayVotes":0,"pid":"2","finalPosition":0,"electedInformation":"ON_SUBSTITUTE_PLACE","totalVotesPercent":0.0,"nominatorName":{"fi":"Suomen Keskusta","sv":"Centern i Finland","en":"Centre Party of Finland"},"caid":58,"position":0,"gender":"1","comparisonData":{"totalVotes":13,"votesTotalChange":-13},"edid":12,"comparativeIndex":0.0,"electionDayVotesPercent":0.0,"nominatorAbbr":{"fi":"KESK","sv":"C","en":"CENT"}},{"age":61,"advanceVotesPercent":0.0,"lastname":"Mäntymäki","occupation":"talouspäällikkö","advanceVotes":0,"npid":5,"totalVotes":0,"spid":1,"abbr":"KESK","municipalCouncilor":false,"muid":290,"alid":5,"firstname":"Paavo","electionDayVotes":0,"pid":"2","finalPosition":0,"electedInformation":"ON_SUBSTITUTE_PLACE","totalVotesPercent":0.0,"nominatorName":{"fi":"Suomen Keskusta","sv":"Centern i Finland","en":"Centre Party of Finland"},"caid":59,"position":0,"gender":"1","comparisonData":{"totalVotes":0,"votesTotalChange":0},"edid":12,"comparativeIndex":0.0,"electionDayVotesPercent":0.0,"nominatorAbbr":{"fi":"KESK","sv":"C","en":"CENT"}},{"age":71,"advanceVotesPercent":0.0,"lastname":"Määttä","occupation":"sosiaalikasvattaja, diakoni","advanceVotes":0,"npid":5,"totalVotes":0,"spid":1,"abbr":"KESK","municipalCouncilor":false,"muid":290,"alid":5,"firstname":"Rauha","electionDayVotes":0,"pid":"2","finalPosition":0,"electedInformation":"ON_SUBSTITUTE_PLACE","totalVotesPercent":0.0,"nominatorName":{"fi":"Suomen Keskusta","sv":"Centern i Finland","en":"Centre Party of Finland"},"caid":60,"position":0,"gender":"2","comparisonData":{"totalVotes":18,"votesTotalChange":-18},"edid":12,"comparativeIndex":0.0,"electionDayVotesPercent":0.0,"nominatorAbbr":{"fi":"KESK","sv":"C","en":"CENT"}},{"age":51,"advanceVotesPercent":0.0,"lastname":"Määttä","occupation":"yrittäjä, opiskelija","advanceVotes":0,"npid":5,"totalVotes":0,"spid":1,"abbr":"KESK","municipalCouncilor":false,"muid":290,"alid":5,"firstname":"Tuomo","electionDayVotes":0,"pid":"2","finalPosition":0,"electedInformation":"ON_SUBSTITUTE_PLACE","totalVotesPercent":0.0,"nominatorName":{"fi":"Suomen Keskusta","sv":"Centern i Finland","en":"Centre Party of Finland"},"caid":61,"position":0,"gender":"1","comparisonData":{"totalVotes":0,"votesTotalChange":0},"edid":12,"comparativeIndex":0.0,"electionDayVotesPercent":0.0,"nominatorAbbr":{"fi":"KESK","sv":"C","en":"CENT"}},{"age":67,"advanceVotesPercent":0.0,"lastname":"Pääkkönen","occupation":"valtiotieteen maisteri","advanceVotes":0,"npid":5,"totalVotes":0,"spid":1,"abbr":"KESK","municipalCouncilor":false,"muid":290,"alid":5,"firstname":"Ritva","electionDayVotes":0,"pid":"2","finalPosition":0,"electedInformation":"ELECTED","totalVotesPercent":0.0,"nominatorName":{"fi":"Suomen Keskusta","sv":"Centern i Finland","en":"Centre Party of Finland"},"caid":66,"position":0,"gender":"2","comparisonData":{"totalVotes":0,"votesTotalChange":0},"edid":12,"comparativeIndex":0.0,"electionDayVotesPercent":0.0,"nominatorAbbr":{"fi":"KESK","sv":"C","en":"CENT"}},{"age":54,"advanceVotesPercent":0.0,"lastname":"Mannersuo","occupation":"luonto-ohjaaja","advanceVotes":0,"npid":6,"totalVotes":0,"spid":2,"abbr":"KOK","municipalCouncilor":false,"muid":290,"alid":6,"firstname":"Erja","electionDayVotes":0,"pid":"4","finalPosition":0,"electedInformation":"NOT_ELECTED","totalVotesPercent":0.0,"nominatorName":{"fi":"Kansallinen Kokoomus","sv":"Samlingspartiet","en":"National Coalition Party"},"caid":74,"position":0,"gender":"2","comparisonData":{"totalVotes":37,"votesTotalChange":-37},"edid":12,"comparativeIndex":0.0,"electionDayVotesPercent":0.0,"nominatorAbbr":{"fi":"KOK","sv":"Saml","en":"NCP"}},{"age":66,"advanceVotesPercent":0.0,"lastname":"Pollari","occupation":"kauppatieteiden kandidaatti","advanceVotes":0,"npid":6,"totalVotes":0,"spid":2,"abbr":"KOK","municipalCouncilor":false,"muid":290,"alid":6,"firstname":"Matti-Jussi","electionDayVotes":0,"pid":"4","finalPosition":0,"electedInformation":"ELECTED","totalVotesPercent":0.0,"nominatorName":{"fi":"Kansallinen Kokoomus","sv":"Samlingspartiet","en":"National Coalition Party"},"caid":75,"position":0,"gender":"1","comparisonData":{"totalVotes":0,"votesTotalChange":0},"edid":12,"comparativeIndex":0.0,"electionDayVotesPercent":0.0,"nominatorAbbr":{"fi":"KOK","sv":"Saml","en":"NCP"}},{"age":35,"advanceVotesPercent":0.0,"lastname":"Ryynänen","occupation":"yrittäjä","advanceVotes":0,"npid":6,"totalVotes":0,"spid":2,"abbr":"KOK","municipalCouncilor":false,"muid":290,"alid":6,"firstname":"Ilkka","electionDayVotes":0,"pid":"4","finalPosition":0,"electedInformation":"ON_SUBSTITUTE_PLACE","totalVotesPercent":0.0,"nominatorName":{"fi":"Kansallinen Kokoomus","sv":"Samlingspartiet","en":"National Coalition Party"},"caid":76,"position":0,"gender":"1","comparisonData":{"totalVotes":0,"votesTotalChange":0},"edid":12,"comparativeIndex":0.0,"electionDayVotesPercent":0.0,"nominatorAbbr":{"fi":"KOK","sv":"Saml","en":"NCP"}},{"age":68,"advanceVotesPercent":0.0,"lastname":"Saarimaa","occupation":"toiminnanjohtaja","advanceVotes":0,"npid":6,"totalVotes":0,"spid":2,"abbr":"KOK","municipalCouncilor":false,"muid":290,"alid":6,"firstname":"Pertti","electionDayVotes":0,"pid":"4","finalPosition":0,"electedInformation":"NOT_ELECTED","totalVotesPercent":0.0,"nominatorName":{"fi":"Kansallinen Kokoomus","sv":"Samlingspartiet","en":"National Coalition Party"},"caid":77,"position":0,"gender":"1","comparisonData":{"totalVotes":0,"votesTotalChange":0},"edid":12,"comparativeIndex":0.0,"electionDayVotesPercent":0.0,"nominatorAbbr":{"fi":"KOK","sv":"Saml","en":"NCP"}},{"age":52,"advanceVotesPercent":0.0,"lastname":"Sankilampi","occupation":"ylitarkastaja","advanceVotes":0,"npid":6,"totalVotes":0,"spid":2,"abbr":"KOK","municipalCouncilor":false,"muid":290,"alid":6,"firstname":"Jaana","electionDayVotes":0,"pid":"4","finalPosition":0,"electedInformation":"ON_SUBSTITUTE_PLACE","totalVotesPercent":0.0,"nominatorName":{"fi":"Kansallinen Kokoomus","sv":"Samlingspartiet","en":"National Coalition Party"},"caid":78,"position":0,"gender":"2","comparisonData":{"totalVotes":242,"votesTotalChange":-242},"edid":12,"comparativeIndex":0.0,"electionDayVotesPercent":0.0,"nominatorAbbr":{"fi":"KOK","sv":"Saml","en":"NCP"}},{"age":33,"advanceVotesPercent":0.0,"lastname":"Kuusisto","occupation":"muotoilija, yrittäjä","advanceVotes":0,"npid":7,"totalVotes":0,"spid":5,"abbr":"VIHR","municipalCouncilor":false,"muid":290,"alid":7,"firstname":"Jonna","electionDayVotes":0,"pid":"13","finalPosition":0,"electedInformation":"NOT_ELECTED","totalVotesPercent":0.0,"nominatorName":{"fi":"Vihreä liitto","sv":"Gröna förbundet","en":"Green League"},"caid":82,"position":0,"gender":"2","comparisonData":{"totalVotes":0,"votesTotalChange":0},"edid":12,"comparativeIndex":0.0,"electionDayVotesPercent":0.0,"nominatorAbbr":{"fi":"VIHR","sv":"Gröna","en":"GREEN"}},{"age":70,"advanceVotesPercent":0.0,"lastname":"Sallinen","occupation":"rovasti","advanceVotes":0,"npid":7,"totalVotes":0,"spid":5,"abbr":"VIHR","municipalCouncilor":false,"muid":290,"alid":7,"firstname":"Veli-Matti","electionDayVotes":0,"pid":"13","finalPosition":0,"electedInformation":"NOT_ELECTED","totalVotesPercent":0.0,"nominatorName":{"fi":"Vihreä liitto","sv":"Gröna förbundet","en":"Green League"},"caid":87,"position":0,"gender":"1","comparisonData":{"totalVotes":6,"votesTotalChange":-6},"edid":12,"comparativeIndex":0.0,"electionDayVotesPercent":0.0,"nominatorAbbr":{"fi":"VIHR","sv":"Gröna","en":"GREEN"}},{"age":51,"advanceVotesPercent":0.0,"lastname":"Salmensuo-Heikkinen","occupation":"tradenomi, asiakaspalvelija","advanceVotes":0,"npid":7,"totalVotes":0,"spid":5,"abbr":"VIHR","municipalCouncilor":false,"muid":290,"alid":7,"firstname":"Eira","electionDayVotes":0,"pid":"13","finalPosition":0,"electedInformation":"NOT_ELECTED","totalVotesPercent":0.0,"nominatorName":{"fi":"Vihreä liitto","sv":"Gröna förbundet","en":"Green League"},"caid":88,"position":0,"gender":"2","comparisonData":{"totalVotes":9,"votesTotalChange":-9},"edid":12,"comparativeIndex":0.0,"electionDayVotesPercent":0.0,"nominatorAbbr":{"fi":"VIHR","sv":"Gröna","en":"GREEN"}},{"age":52,"advanceVotesPercent":0.0,"lastname":"Ylijoki","occupation":"agrologi","advanceVotes":0,"npid":7,"totalVotes":0,"spid":5,"abbr":"VIHR","municipalCouncilor":false,"muid":290,"alid":7,"firstname":"Janne","electionDayVotes":0,"pid":"13","finalPosition":0,"electedInformation":"NOT_ELECTED","totalVotesPercent":0.0,"nominatorName":{"fi":"Vihreä liitto","sv":"Gröna förbundet","en":"Green League"},"caid":91,"position":0,"gender":"1","comparisonData":{"totalVotes":0,"votesTotalChange":0},"edid":12,"comparativeIndex":0.0,"electionDayVotesPercent":0.0,"nominatorAbbr":{"fi":"VIHR","sv":"Gröna","en":"GREEN"}}],"municipalityPollingDistricts":[{"name":{"fi":"Hietaperä","sv":"Hietaperä"},"calculationStatusPercent":100.0,"joinedArea":true,"muid":290,"totalVotingInFinlandTurnout":56.3,"identification":"001","pdid":"001","eligibleVotersInFinlandTotal":368,"edid":12,"mergedToPdid":""},{"name":{"fi":"Iivantiira","sv":"Iivantiira"},"calculationStatusPercent":100.0,"joinedArea":true,"muid":290,"totalVotingInFinlandTurnout":59.8,"identification":"002","pdid":"002","eligibleVotersInFinlandTotal":234,"edid":12,"mergedToPdid":""},{"name":{"fi":"Lentiira","sv":"Lentiira"},"calculationStatusPercent":100.0,"joinedArea":true,"muid":290,"totalVotingInFinlandTurnout":60.1,"identification":"003","pdid":"003","eligibleVotersInFinlandTotal":268,"edid":12,"mergedToPdid":""},{"name":{"fi":"Saarikoski","sv":"Saarikoski"},"calculationStatusPercent":100.0,"joinedArea":false,"muid":290,"totalVotingInFinlandTurnout":56.1,"identification":"004","pdid":"004","eligibleVotersInFinlandTotal":1748,"edid":12,"mergedToPdid":""},{"name":{"fi":"Korpisalmi I","sv":"Korpisalmi I"},"calculationStatusPercent":100.0,"joinedArea":false,"muid":290,"totalVotingInFinlandTurnout":56.3,"identification":"005","pdid":"005","eligibleVotersInFinlandTotal":2515,"edid":12,"mergedToPdid":""},{"name":{"fi":"Korpisalmi II","sv":"Korpisalmi II"},"calculationStatusPercent":100.0,"joinedArea":false,"muid":290,"totalVotingInFinlandTurnout":54.7,"identification":"006","pdid":"006","eligibleVotersInFinlandTotal":2228,"edid":12,"mergedToPdid":""}],"municipality":{"muid":290,"edid":12,"name":{"fi":"Kuhmo","sv":"Kuhmo"}}}