{"version":72,"created":"2017-04-09T22:47:53.490Z","electionDetails":{"electionId":"kv2017","electionDate":"2017-04-09T00:00:00.000Z","electionDataPublishTime":"2017-04-09T17:00:00.000Z","name":{"fi":"Kuntavaalit 2017","sv":"Kommunalval 2017","en":"Elections 2017"},"previousElections":{"correspondingCompareElection":{"electionId":"kv2012","electionDate":"2012-10-28T00:00:00.000Z","name":{"fi":"Kuntavaalit 2012","en":"Municipal elections 2012","sv":"Kommunalval 2012"}},"otherCompareElection":{"electionId":"ev2015","electionDate":"2015-04-19T00:00:00.000Z","name":{"fi":"Eduskuntavaalit 2015","en":"Parliamentary election 2015","sv":"Riksdagsval 2015"}}}},"calculationStatus":{"electionDayVotingTurnout":30.8,"invalidAdvanceVotes":3,"calculationPhase":"INITIAL","invalidElectionDayVotes":0,"approvedAdvanceVotes":151,"advanceVotingTurnout":48.4,"totalVotingTurnoutAbroad":0.0,"name":{"fi":"Nunnanen-Peltovuoma-Vuontisjärvi","sv":"Nunnanen-Peltovuoma-Vuontisjärvi"},"calculationStatusPercent":100.0,"advanceVotes":154,"electionDayVotingTurnoutAbroad":0.0,"approvedTotalVotes":249,"totalVotes":252,"muid":47,"totalVotingInFinlandTurnout":79.2,"advanceVotingTurnoutAbroad":0.0,"invalidTotalVotes":3,"totalVotingTurnout":79.2,"electionDayVotes":98,"electionDayVotesInFinland":98,"pdid":"004","totalVotesInFinlandMen":0,"eligibleVotersInFinlandTotal":318,"calculationStatusPercentElectionDayVotes":100.0,"sourceRecordModificationTime":"20170409203305","otherCompareElection":{"eid":"","eligibleVotersInFinlandTotal":0,"advanceVotingInFinlandTurnout":0.0,"electionDayVotingInFinlandTurnout":0.0,"totalVotingInFinlandTurnout":0.0,"approvedVotesTotal":0,"invalidVotesTotal":0},"correspondingCompareElection":{"eid":"","eligibleVotersInFinlandTotal":0,"advanceVotingInFinlandTurnout":0.0,"electionDayVotingInFinlandTurnout":0.0,"totalVotingInFinlandTurnout":0.0,"approvedVotesTotal":0,"invalidVotesTotal":0,"seats":0},"approvedElectionDayVotes":98,"edid":13,"calculationStatusPercentAdvanceVotes":100.0,"electionDayVotingInFinlandTurnout":30.8,"seats":0,"eligibleVotersTotal":318,"advanceVotesInFinland":154,"advanceVotingInFinlandTurnout":48.4,"totalVotesInFinland":252},"partyResults":[{"advanceVotesPercent":64.9,"name":{"fi":"Suomen Keskusta","sv":"Centern i Finland","en":"Centre Party of Finland"},"advanceVotes":98,"npid":4,"totalVotes":171,"spid":1,"abbr":{"fi":"KESK","sv":"C","en":"CENT"},"alid":3,"electionDayVotes":73,"pid":"2","totalVotesPercent":68.7,"nominatorName":{"fi":"Suomen Keskusta","sv":"Centern i Finland","en":"Centre Party of Finland"},"compareData":{"otherCompareElection":{"votesTotalChange":0,"votesTotalPercentChange":0.0,"votesTotal":171,"votesTotalPercent":68.7},"correspondingCompareElection":{"votesTotalChange":0,"votesTotalPercentChange":0.0,"seatChange":0,"votesTotal":171,"votesTotalPercent":68.7,"seatsTotal":0}},"seats":0,"electionDayVotesPercent":74.5,"nominatorAbbr":{"fi":"KESK","sv":"C","en":"CENT"}},{"advanceVotesPercent":8.6,"name":{"fi":"Vihreä liitto","sv":"Gröna förbundet","en":"Green League"},"advanceVotes":13,"npid":1,"totalVotes":25,"spid":5,"abbr":{"fi":"VIHR","sv":"Gröna","en":"GREEN"},"alid":1,"electionDayVotes":12,"pid":"13","totalVotesPercent":10.0,"nominatorName":{"fi":"Vihreä liitto","sv":"Gröna förbundet","en":"Green League"},"compareData":{"otherCompareElection":{"votesTotalChange":0,"votesTotalPercentChange":0.0,"votesTotal":25,"votesTotalPercent":10.0},"correspondingCompareElection":{"votesTotalChange":0,"votesTotalPercentChange":0.0,"seatChange":0,"votesTotal":25,"votesTotalPercent":10.0,"seatsTotal":0}},"seats":0,"electionDayVotesPercent":12.2,"nominatorAbbr":{"fi":"VIHR","sv":"Gröna","en":"GREEN"}},{"advanceVotesPercent":9.9,"name":{"fi":"Suomen Kristillisdemokraatit (KD)","sv":"Kristdemokraterna i Finland (KD)","en":"Christian Democrats in Finland"},"advanceVotes":15,"npid":3,"totalVotes":22,"spid":8,"abbr":{"fi":"KD","sv":"KD","en":"CD"},"alid":2,"electionDayVotes":7,"pid":"9","totalVotesPercent":8.8,"nominatorName":{"fi":"Suomen Kristillisdemokraatit (KD)","sv":"Kristdemokraterna i Finland (KD)","en":"Christian Democrats in Finland"},"compareData":{"otherCompareElection":{"votesTotalChange":0,"votesTotalPercentChange":0.0,"votesTotal":22,"votesTotalPercent":8.8},"correspondingCompareElection":{"votesTotalChange":0,"votesTotalPercentChange":0.0,"seatChange":0,"votesTotal":22,"votesTotalPercent":8.8,"seatsTotal":0}},"seats":0,"electionDayVotesPercent":7.1,"nominatorAbbr":{"fi":"KD","sv":"KD","en":"CD"}},{"advanceVotesPercent":13.2,"name":{"fi":"Muut ryhmät","sv":"Övriga grupper","en":"Other groups"},"advanceVotes":20,"npid":5,"totalVotes":21,"spid":99,"abbr":{"fi":"Muut","sv":"Övriga","en":"Others"},"alid":4,"electionDayVotes":1,"pid":"0475","totalVotesPercent":8.4,"nominatorName":{"fi":"Johtti Sápmelaccat rs:n yhteislista","sv":"Johtti Sápmelaccat rs:n yhteislista","en":"Johtti Sápmelaccat rs:n yhteislista"},"compareData":{"otherCompareElection":{"votesTotalChange":0,"votesTotalPercentChange":0.0,"votesTotal":21,"votesTotalPercent":8.4},"correspondingCompareElection":{"votesTotalChange":0,"votesTotalPercentChange":0.0,"seatChange":0,"votesTotal":21,"votesTotalPercent":8.4,"seatsTotal":0}},"seats":0,"electionDayVotesPercent":1.0,"nominatorAbbr":{"fi":"YL JS","sv":"YL JS","en":"YL JS"}},{"advanceVotesPercent":3.3,"name":{"fi":"Kansallinen Kokoomus","sv":"Samlingspartiet","en":"National Coalition Party"},"advanceVotes":5,"npid":2,"totalVotes":10,"spid":2,"abbr":{"fi":"KOK","sv":"Saml","en":"NCP"},"alid":2,"electionDayVotes":5,"pid":"4","totalVotesPercent":4.0,"nominatorName":{"fi":"Kansallinen Kokoomus","sv":"Samlingspartiet","en":"National Coalition Party"},"compareData":{"otherCompareElection":{"votesTotalChange":0,"votesTotalPercentChange":0.0,"votesTotal":10,"votesTotalPercent":4.0},"correspondingCompareElection":{"votesTotalChange":0,"votesTotalPercentChange":0.0,"seatChange":0,"votesTotal":10,"votesTotalPercent":4.0,"seatsTotal":0}},"seats":0,"electionDayVotesPercent":5.1,"nominatorAbbr":{"fi":"KOK","sv":"Saml","en":"NCP"}}],"candidateResults":[{"age":66,"advanceVotesPercent":18.5,"lastname":"Keinovaara","occupation":"eläkeläinen","advanceVotes":28,"npid":4,"totalVotes":37,"spid":1,"abbr":"KESK","municipalCouncilor":true,"muid":47,"alid":3,"firstname":"Ulla","electionDayVotes":9,"pid":"2","finalPosition":0,"electedInformation":"ELECTED","totalVotesPercent":14.9,"nominatorName":{"fi":"Suomen Keskusta","sv":"Centern i Finland","en":"Centre Party of Finland"},"caid":18,"position":0,"gender":"2","comparisonData":{"totalVotes":28,"votesTotalChange":9},"edid":13,"comparativeIndex":0.0,"electionDayVotesPercent":9.2,"nominatorAbbr":{"fi":"KESK","sv":"C","en":"CENT"}},{"age":60,"advanceVotesPercent":6.6,"lastname":"Keskitalo","occupation":"poromies","advanceVotes":10,"npid":4,"totalVotes":26,"spid":1,"abbr":"KESK","municipalCouncilor":false,"muid":47,"alid":3,"firstname":"Pentti Kalevi","electionDayVotes":16,"pid":"2","finalPosition":0,"electedInformation":"ELECTED","totalVotesPercent":10.4,"nominatorName":{"fi":"Suomen Keskusta","sv":"Centern i Finland","en":"Centre Party of Finland"},"caid":19,"position":0,"gender":"1","comparisonData":{"totalVotes":0,"votesTotalChange":26},"edid":13,"comparativeIndex":0.0,"electionDayVotesPercent":16.3,"nominatorAbbr":{"fi":"KESK","sv":"C","en":"CENT"}},{"age":36,"advanceVotesPercent":7.9,"lastname":"Eira","occupation":"kunnanvaltuutettu","advanceVotes":12,"npid":1,"totalVotes":24,"spid":5,"abbr":"VIHR","municipalCouncilor":true,"muid":47,"alid":1,"firstname":"Birgitta","electionDayVotes":12,"pid":"13","finalPosition":0,"electedInformation":"ELECTED","totalVotesPercent":9.6,"nominatorName":{"fi":"Vihreä liitto","sv":"Gröna förbundet","en":"Green League"},"caid":2,"position":0,"gender":"2","comparisonData":{"totalVotes":48,"votesTotalChange":-24},"edid":13,"comparativeIndex":0.0,"electionDayVotesPercent":12.2,"nominatorAbbr":{"fi":"VIHR","sv":"Gröna","en":"GREEN"}},{"age":52,"advanceVotesPercent":9.3,"lastname":"Keskitalo","occupation":"yrittäjä","advanceVotes":14,"npid":4,"totalVotes":23,"spid":1,"abbr":"KESK","municipalCouncilor":true,"muid":47,"alid":3,"firstname":"Sari","electionDayVotes":9,"pid":"2","finalPosition":0,"electedInformation":"ELECTED","totalVotesPercent":9.2,"nominatorName":{"fi":"Suomen Keskusta","sv":"Centern i Finland","en":"Centre Party of Finland"},"caid":20,"position":0,"gender":"2","comparisonData":{"totalVotes":45,"votesTotalChange":-22},"edid":13,"comparativeIndex":0.0,"electionDayVotesPercent":9.2,"nominatorAbbr":{"fi":"KESK","sv":"C","en":"CENT"}},{"age":64,"advanceVotesPercent":9.9,"lastname":"Kurkela","occupation":"kerho-ohjaaja","advanceVotes":15,"npid":3,"totalVotes":22,"spid":8,"abbr":"KD","municipalCouncilor":true,"muid":47,"alid":2,"firstname":"Outi","electionDayVotes":7,"pid":"9","finalPosition":0,"electedInformation":"ELECTED","totalVotesPercent":8.8,"nominatorName":{"fi":"Suomen Kristillisdemokraatit (KD)","sv":"Kristdemokraterna i Finland (KD)","en":"Christian Democrats in Finland"},"caid":13,"position":0,"gender":"2","comparisonData":{"totalVotes":56,"votesTotalChange":-34},"edid":13,"comparativeIndex":0.0,"electionDayVotesPercent":7.1,"nominatorAbbr":{"fi":"KD","sv":"KD","en":"CD"}},{"age":68,"advanceVotesPercent":5.3,"lastname":"Peltovuoma","occupation":"eläkeläinen, julkishallinnon merkonomi","advanceVotes":8,"npid":4,"totalVotes":17,"spid":1,"abbr":"KESK","municipalCouncilor":false,"muid":47,"alid":3,"firstname":"Alpo","electionDayVotes":9,"pid":"2","finalPosition":0,"electedInformation":"ON_SUBSTITUTE_PLACE","totalVotesPercent":6.8,"nominatorName":{"fi":"Suomen Keskusta","sv":"Centern i Finland","en":"Centre Party of Finland"},"caid":29,"position":0,"gender":"1","comparisonData":{"totalVotes":19,"votesTotalChange":-2},"edid":13,"comparativeIndex":0.0,"electionDayVotesPercent":9.2,"nominatorAbbr":{"fi":"KESK","sv":"C","en":"CENT"}},{"age":45,"advanceVotesPercent":0.0,"lastname":"Niemelä","occupation":"kiinteistönhoitaja","advanceVotes":0,"npid":4,"totalVotes":13,"spid":1,"abbr":"KESK","municipalCouncilor":false,"muid":47,"alid":3,"firstname":"Rami","electionDayVotes":13,"pid":"2","finalPosition":0,"electedInformation":"ON_SUBSTITUTE_PLACE","totalVotesPercent":5.2,"nominatorName":{"fi":"Suomen Keskusta","sv":"Centern i Finland","en":"Centre Party of Finland"},"caid":27,"position":0,"gender":"1","comparisonData":{"totalVotes":0,"votesTotalChange":13},"edid":13,"comparativeIndex":0.0,"electionDayVotesPercent":13.3,"nominatorAbbr":{"fi":"KESK","sv":"C","en":"CENT"}},{"age":34,"advanceVotesPercent":7.3,"lastname":"Näkkäläjärvi","occupation":"kehitysjohtaja","advanceVotes":11,"npid":5,"totalVotes":12,"spid":99,"abbr":"Muut","municipalCouncilor":true,"muid":47,"alid":4,"firstname":"Janne","electionDayVotes":1,"pid":"0475","finalPosition":0,"electedInformation":"ELECTED","totalVotesPercent":4.8,"nominatorName":{"fi":"Johtti Sápmelaccat rs:n yhteislista","sv":"Johtti Sápmelaccat rs:n yhteislista","en":"Johtti Sápmelaccat rs:n yhteislista"},"caid":34,"position":0,"gender":"1","comparisonData":{"totalVotes":43,"votesTotalChange":-31},"edid":13,"comparativeIndex":0.0,"electionDayVotesPercent":1.0,"nominatorAbbr":{"fi":"YL JS","sv":"YL JS","en":"YL JS"}},{"age":64,"advanceVotesPercent":2.0,"lastname":"Eira-Keskitalo","occupation":"vastaava hoitaja, sairaanhoitaja","advanceVotes":3,"npid":4,"totalVotes":9,"spid":1,"abbr":"KESK","municipalCouncilor":true,"muid":47,"alid":3,"firstname":"Satu-Marja","electionDayVotes":6,"pid":"2","finalPosition":0,"electedInformation":"ON_SUBSTITUTE_PLACE","totalVotesPercent":3.6,"nominatorName":{"fi":"Suomen Keskusta","sv":"Centern i Finland","en":"Centre Party of Finland"},"caid":16,"position":0,"gender":"2","comparisonData":{"totalVotes":37,"votesTotalChange":-28},"edid":13,"comparativeIndex":0.0,"electionDayVotesPercent":6.1,"nominatorAbbr":{"fi":"KESK","sv":"C","en":"CENT"}},{"age":33,"advanceVotesPercent":6.0,"lastname":"Vieltojärvi","occupation":"talonrakentaja, ylioppilas","advanceVotes":9,"npid":4,"totalVotes":9,"spid":1,"abbr":"KESK","municipalCouncilor":false,"muid":47,"alid":3,"firstname":"Matias","electionDayVotes":0,"pid":"2","finalPosition":0,"electedInformation":"ON_SUBSTITUTE_PLACE","totalVotesPercent":3.6,"nominatorName":{"fi":"Suomen Keskusta","sv":"Centern i Finland","en":"Centre Party of Finland"},"caid":31,"position":0,"gender":"1","comparisonData":{"totalVotes":0,"votesTotalChange":9},"edid":13,"comparativeIndex":0.0,"electionDayVotesPercent":0.0,"nominatorAbbr":{"fi":"KESK","sv":"C","en":"CENT"}},{"age":51,"advanceVotesPercent":2.6,"lastname":"Palojärvi","occupation":"toiminnanohjaaja","advanceVotes":4,"npid":4,"totalVotes":8,"spid":1,"abbr":"KESK","municipalCouncilor":false,"muid":47,"alid":3,"firstname":"Leena","electionDayVotes":4,"pid":"2","finalPosition":0,"electedInformation":"ON_SUBSTITUTE_PLACE","totalVotesPercent":3.2,"nominatorName":{"fi":"Suomen Keskusta","sv":"Centern i Finland","en":"Centre Party of Finland"},"caid":28,"position":0,"gender":"2","comparisonData":{"totalVotes":15,"votesTotalChange":-7},"edid":13,"comparativeIndex":0.0,"electionDayVotesPercent":4.1,"nominatorAbbr":{"fi":"KESK","sv":"C","en":"CENT"}},{"age":49,"advanceVotesPercent":3.3,"lastname":"Kuusela","occupation":"myyjä","advanceVotes":5,"npid":4,"totalVotes":7,"spid":1,"abbr":"KESK","municipalCouncilor":false,"muid":47,"alid":3,"firstname":"Anni","electionDayVotes":2,"pid":"2","finalPosition":0,"electedInformation":"ON_SUBSTITUTE_PLACE","totalVotesPercent":2.8,"nominatorName":{"fi":"Suomen Keskusta","sv":"Centern i Finland","en":"Centre Party of Finland"},"caid":24,"position":0,"gender":"2","comparisonData":{"totalVotes":11,"votesTotalChange":-4},"edid":13,"comparativeIndex":0.0,"electionDayVotesPercent":2.0,"nominatorAbbr":{"fi":"KESK","sv":"C","en":"CENT"}},{"age":56,"advanceVotesPercent":3.3,"lastname":"Alatörmänen","occupation":"projektipäällikkö, tietoliikenneasentaja","advanceVotes":5,"npid":4,"totalVotes":6,"spid":1,"abbr":"KESK","municipalCouncilor":true,"muid":47,"alid":3,"firstname":"Seppo","electionDayVotes":1,"pid":"2","finalPosition":0,"electedInformation":"ELECTED","totalVotesPercent":2.4,"nominatorName":{"fi":"Suomen Keskusta","sv":"Centern i Finland","en":"Centre Party of Finland"},"caid":15,"position":0,"gender":"1","comparisonData":{"totalVotes":63,"votesTotalChange":-57},"edid":13,"comparativeIndex":0.0,"electionDayVotesPercent":1.0,"nominatorAbbr":{"fi":"KESK","sv":"C","en":"CENT"}},{"age":54,"advanceVotesPercent":4.0,"lastname":"Mäntyvaara","occupation":"yrittäjä","advanceVotes":6,"npid":4,"totalVotes":6,"spid":1,"abbr":"KESK","municipalCouncilor":false,"muid":47,"alid":3,"firstname":"Juha-Pekka","electionDayVotes":0,"pid":"2","finalPosition":0,"electedInformation":"ELECTED","totalVotesPercent":2.4,"nominatorName":{"fi":"Suomen Keskusta","sv":"Centern i Finland","en":"Centre Party of Finland"},"caid":26,"position":0,"gender":"1","comparisonData":{"totalVotes":0,"votesTotalChange":6},"edid":13,"comparativeIndex":0.0,"electionDayVotesPercent":0.0,"nominatorAbbr":{"fi":"KESK","sv":"C","en":"CENT"}},{"age":45,"advanceVotesPercent":0.7,"lastname":"Mäkitalo","occupation":"kokki","advanceVotes":1,"npid":2,"totalVotes":5,"spid":2,"abbr":"KOK","municipalCouncilor":false,"muid":47,"alid":2,"firstname":"Taru","electionDayVotes":4,"pid":"4","finalPosition":0,"electedInformation":"ELECTED","totalVotesPercent":2.0,"nominatorName":{"fi":"Kansallinen Kokoomus","sv":"Samlingspartiet","en":"National Coalition Party"},"caid":9,"position":0,"gender":"2","comparisonData":{"totalVotes":0,"votesTotalChange":5},"edid":13,"comparativeIndex":0.0,"electionDayVotesPercent":4.1,"nominatorAbbr":{"fi":"KOK","sv":"Saml","en":"NCP"}},{"age":32,"advanceVotesPercent":1.3,"lastname":"Peteri","occupation":"lapsi- ja varhaisnuorisotyön ohjaaja","advanceVotes":2,"npid":4,"totalVotes":4,"spid":1,"abbr":"KESK","municipalCouncilor":false,"muid":47,"alid":3,"firstname":"Jenni","electionDayVotes":2,"pid":"2","finalPosition":0,"electedInformation":"ON_SUBSTITUTE_PLACE","totalVotesPercent":1.6,"nominatorName":{"fi":"Suomen Keskusta","sv":"Centern i Finland","en":"Centre Party of Finland"},"caid":30,"position":0,"gender":"2","comparisonData":{"totalVotes":0,"votesTotalChange":4},"edid":13,"comparativeIndex":0.0,"electionDayVotesPercent":2.0,"nominatorAbbr":{"fi":"KESK","sv":"C","en":"CENT"}},{"age":62,"advanceVotesPercent":1.3,"lastname":"Kultima","occupation":"yrittäjä","advanceVotes":2,"npid":4,"totalVotes":3,"spid":1,"abbr":"KESK","municipalCouncilor":false,"muid":47,"alid":3,"firstname":"Unto","electionDayVotes":1,"pid":"2","finalPosition":0,"electedInformation":"ELECTED","totalVotesPercent":1.2,"nominatorName":{"fi":"Suomen Keskusta","sv":"Centern i Finland","en":"Centre Party of Finland"},"caid":23,"position":0,"gender":"1","comparisonData":{"totalVotes":25,"votesTotalChange":-22},"edid":13,"comparativeIndex":0.0,"electionDayVotesPercent":1.0,"nominatorAbbr":{"fi":"KESK","sv":"C","en":"CENT"}},{"age":36,"advanceVotesPercent":2.0,"lastname":"Juuso","occupation":"poromies","advanceVotes":3,"npid":5,"totalVotes":3,"spid":99,"abbr":"Muut","municipalCouncilor":false,"muid":47,"alid":4,"firstname":"Per-Oula","electionDayVotes":0,"pid":"0475","finalPosition":0,"electedInformation":"NOT_ELECTED","totalVotesPercent":1.2,"nominatorName":{"fi":"Johtti Sápmelaccat rs:n yhteislista","sv":"Johtti Sápmelaccat rs:n yhteislista","en":"Johtti Sápmelaccat rs:n yhteislista"},"caid":35,"position":0,"gender":"1","comparisonData":{"totalVotes":21,"votesTotalChange":-18},"edid":13,"comparativeIndex":0.0,"electionDayVotesPercent":0.0,"nominatorAbbr":{"fi":"YL JS","sv":"YL JS","en":"YL JS"}},{"age":54,"advanceVotesPercent":2.0,"lastname":"Ranta","occupation":"poroisäntä","advanceVotes":3,"npid":5,"totalVotes":3,"spid":99,"abbr":"Muut","municipalCouncilor":true,"muid":47,"alid":4,"firstname":"Hannu","electionDayVotes":0,"pid":"0475","finalPosition":0,"electedInformation":"ELECTED","totalVotesPercent":1.2,"nominatorName":{"fi":"Johtti Sápmelaccat rs:n yhteislista","sv":"Johtti Sápmelaccat rs:n yhteislista","en":"Johtti Sápmelaccat rs:n yhteislista"},"caid":36,"position":0,"gender":"1","comparisonData":{"totalVotes":33,"votesTotalChange":-30},"edid":13,"comparativeIndex":0.0,"electionDayVotesPercent":0.0,"nominatorAbbr":{"fi":"YL JS","sv":"YL JS","en":"YL JS"}},{"age":60,"advanceVotesPercent":0.7,"lastname":"Kultima","occupation":"yrittäjä","advanceVotes":1,"npid":4,"totalVotes":2,"spid":1,"abbr":"KESK","municipalCouncilor":true,"muid":47,"alid":3,"firstname":"Elli-Maria","electionDayVotes":1,"pid":"2","finalPosition":0,"electedInformation":"ELECTED","totalVotesPercent":0.8,"nominatorName":{"fi":"Suomen Keskusta","sv":"Centern i Finland","en":"Centre Party of Finland"},"caid":22,"position":0,"gender":"2","comparisonData":{"totalVotes":52,"votesTotalChange":-50},"edid":13,"comparativeIndex":0.0,"electionDayVotesPercent":1.0,"nominatorAbbr":{"fi":"KESK","sv":"C","en":"CENT"}},{"age":39,"advanceVotesPercent":1.3,"lastname":"Juuso","occupation":"saamen kielen opettaja","advanceVotes":2,"npid":5,"totalVotes":2,"spid":99,"abbr":"Muut","municipalCouncilor":true,"muid":47,"alid":4,"firstname":"Berit-Ellen","electionDayVotes":0,"pid":"0475","finalPosition":0,"electedInformation":"ON_SUBSTITUTE_PLACE","totalVotesPercent":0.8,"nominatorName":{"fi":"Johtti Sápmelaccat rs:n yhteislista","sv":"Johtti Sápmelaccat rs:n yhteislista","en":"Johtti Sápmelaccat rs:n yhteislista"},"caid":38,"position":0,"gender":"2","comparisonData":{"totalVotes":42,"votesTotalChange":-40},"edid":13,"comparativeIndex":0.0,"electionDayVotesPercent":0.0,"nominatorAbbr":{"fi":"YL JS","sv":"YL JS","en":"YL JS"}},{"age":63,"advanceVotesPercent":0.7,"lastname":"Lehto","occupation":"työvalmentaja","advanceVotes":1,"npid":1,"totalVotes":1,"spid":5,"abbr":"VIHR","municipalCouncilor":false,"muid":47,"alid":1,"firstname":"Olli","electionDayVotes":0,"pid":"13","finalPosition":0,"electedInformation":"ON_SUBSTITUTE_PLACE","totalVotesPercent":0.4,"nominatorName":{"fi":"Vihreä liitto","sv":"Gröna förbundet","en":"Green League"},"caid":5,"position":0,"gender":"1","comparisonData":{"totalVotes":0,"votesTotalChange":1},"edid":13,"comparativeIndex":0.0,"electionDayVotesPercent":0.0,"nominatorAbbr":{"fi":"VIHR","sv":"Gröna","en":"GREEN"}},{"age":62,"advanceVotesPercent":0.7,"lastname":"Hautamäki","occupation":"matkailuyrittäjä","advanceVotes":1,"npid":2,"totalVotes":1,"spid":2,"abbr":"KOK","municipalCouncilor":true,"muid":47,"alid":2,"firstname":"Helinä","electionDayVotes":0,"pid":"4","finalPosition":0,"electedInformation":"ELECTED","totalVotesPercent":0.4,"nominatorName":{"fi":"Kansallinen Kokoomus","sv":"Samlingspartiet","en":"National Coalition Party"},"caid":6,"position":0,"gender":"2","comparisonData":{"totalVotes":44,"votesTotalChange":-43},"edid":13,"comparativeIndex":0.0,"electionDayVotesPercent":0.0,"nominatorAbbr":{"fi":"KOK","sv":"Saml","en":"NCP"}},{"age":49,"advanceVotesPercent":0.7,"lastname":"Heikura","occupation":"yrittäjä","advanceVotes":1,"npid":2,"totalVotes":1,"spid":2,"abbr":"KOK","municipalCouncilor":false,"muid":47,"alid":2,"firstname":"Mika","electionDayVotes":0,"pid":"4","finalPosition":0,"electedInformation":"ON_SUBSTITUTE_PLACE","totalVotesPercent":0.4,"nominatorName":{"fi":"Kansallinen Kokoomus","sv":"Samlingspartiet","en":"National Coalition Party"},"caid":7,"position":0,"gender":"1","comparisonData":{"totalVotes":0,"votesTotalChange":1},"edid":13,"comparativeIndex":0.0,"electionDayVotesPercent":0.0,"nominatorAbbr":{"fi":"KOK","sv":"Saml","en":"NCP"}},{"age":33,"advanceVotesPercent":0.7,"lastname":"Rousu-Karlsen","occupation":"yrittäjä","advanceVotes":1,"npid":2,"totalVotes":1,"spid":2,"abbr":"KOK","municipalCouncilor":false,"muid":47,"alid":2,"firstname":"Elina","electionDayVotes":0,"pid":"4","finalPosition":0,"electedInformation":"ELECTED","totalVotesPercent":0.4,"nominatorName":{"fi":"Kansallinen Kokoomus","sv":"Samlingspartiet","en":"National Coalition Party"},"caid":10,"position":0,"gender":"2","comparisonData":{"totalVotes":0,"votesTotalChange":1},"edid":13,"comparativeIndex":0.0,"electionDayVotesPercent":0.0,"nominatorAbbr":{"fi":"KOK","sv":"Saml","en":"NCP"}},{"age":43,"advanceVotesPercent":0.0,"lastname":"Suopanki","occupation":"mekaanikko","advanceVotes":0,"npid":2,"totalVotes":1,"spid":2,"abbr":"KOK","municipalCouncilor":false,"muid":47,"alid":2,"firstname":"Tapani","electionDayVotes":1,"pid":"4","finalPosition":0,"electedInformation":"ON_SUBSTITUTE_PLACE","totalVotesPercent":0.4,"nominatorName":{"fi":"Kansallinen Kokoomus","sv":"Samlingspartiet","en":"National Coalition Party"},"caid":11,"position":0,"gender":"1","comparisonData":{"totalVotes":0,"votesTotalChange":1},"edid":13,"comparativeIndex":0.0,"electionDayVotesPercent":1.0,"nominatorAbbr":{"fi":"KOK","sv":"Saml","en":"NCP"}},{"age":63,"advanceVotesPercent":0.7,"lastname":"Tonteri","occupation":"faktori","advanceVotes":1,"npid":2,"totalVotes":1,"spid":2,"abbr":"KOK","municipalCouncilor":false,"muid":47,"alid":2,"firstname":"Antti","electionDayVotes":0,"pid":"4","finalPosition":0,"electedInformation":"ON_SUBSTITUTE_PLACE","totalVotesPercent":0.4,"nominatorName":{"fi":"Kansallinen Kokoomus","sv":"Samlingspartiet","en":"National Coalition Party"},"caid":12,"position":0,"gender":"1","comparisonData":{"totalVotes":11,"votesTotalChange":-10},"edid":13,"comparativeIndex":0.0,"electionDayVotesPercent":0.0,"nominatorAbbr":{"fi":"KOK","sv":"Saml","en":"NCP"}},{"age":65,"advanceVotesPercent":0.7,"lastname":"Alamattila","occupation":"eläkeläinen","advanceVotes":1,"npid":4,"totalVotes":1,"spid":1,"abbr":"KESK","municipalCouncilor":true,"muid":47,"alid":3,"firstname":"Jaakko","electionDayVotes":0,"pid":"2","finalPosition":0,"electedInformation":"ELECTED","totalVotesPercent":0.4,"nominatorName":{"fi":"Suomen Keskusta","sv":"Centern i Finland","en":"Centre Party of Finland"},"caid":14,"position":0,"gender":"1","comparisonData":{"totalVotes":40,"votesTotalChange":-39},"edid":13,"comparativeIndex":0.0,"electionDayVotesPercent":0.0,"nominatorAbbr":{"fi":"KESK","sv":"C","en":"CENT"}},{"age":36,"advanceVotesPercent":0.7,"lastname":"Valkeapää","occupation":"merkonomi, kotiäiti","advanceVotes":1,"npid":5,"totalVotes":1,"spid":99,"abbr":"Muut","municipalCouncilor":false,"muid":47,"alid":4,"firstname":"Tytti","electionDayVotes":0,"pid":"0475","finalPosition":0,"electedInformation":"NOT_ELECTED","totalVotesPercent":0.4,"nominatorName":{"fi":"Johtti Sápmelaccat rs:n yhteislista","sv":"Johtti Sápmelaccat rs:n yhteislista","en":"Johtti Sápmelaccat rs:n yhteislista"},"caid":33,"position":0,"gender":"2","comparisonData":{"totalVotes":7,"votesTotalChange":-6},"edid":13,"comparativeIndex":0.0,"electionDayVotesPercent":0.0,"nominatorAbbr":{"fi":"YL JS","sv":"YL JS","en":"YL JS"}},{"age":35,"advanceVotesPercent":0.0,"lastname":"Kultima","occupation":"yrittäjä","advanceVotes":0,"npid":1,"totalVotes":0,"spid":5,"abbr":"VIHR","municipalCouncilor":false,"muid":47,"alid":1,"firstname":"Jari","electionDayVotes":0,"pid":"13","finalPosition":0,"electedInformation":"NOT_ELECTED","totalVotesPercent":0.0,"nominatorName":{"fi":"Vihreä liitto","sv":"Gröna förbundet","en":"Green League"},"caid":3,"position":0,"gender":"1","comparisonData":{"totalVotes":0,"votesTotalChange":0},"edid":13,"comparativeIndex":0.0,"electionDayVotesPercent":0.0,"nominatorAbbr":{"fi":"VIHR","sv":"Gröna","en":"GREEN"}},{"age":38,"advanceVotesPercent":0.0,"lastname":"Labba","occupation":"luokanopettaja","advanceVotes":0,"npid":1,"totalVotes":0,"spid":5,"abbr":"VIHR","municipalCouncilor":false,"muid":47,"alid":1,"firstname":"Virpi","electionDayVotes":0,"pid":"13","finalPosition":0,"electedInformation":"ON_SUBSTITUTE_PLACE","totalVotesPercent":0.0,"nominatorName":{"fi":"Vihreä liitto","sv":"Gröna förbundet","en":"Green League"},"caid":4,"position":0,"gender":"2","comparisonData":{"totalVotes":15,"votesTotalChange":-15},"edid":13,"comparativeIndex":0.0,"electionDayVotesPercent":0.0,"nominatorAbbr":{"fi":"VIHR","sv":"Gröna","en":"GREEN"}},{"age":18,"advanceVotesPercent":0.0,"lastname":"Kirkkala","occupation":"opiskelija","advanceVotes":0,"npid":2,"totalVotes":0,"spid":2,"abbr":"KOK","municipalCouncilor":false,"muid":47,"alid":2,"firstname":"Santeri","electionDayVotes":0,"pid":"4","finalPosition":0,"electedInformation":"ELECTED","totalVotesPercent":0.0,"nominatorName":{"fi":"Kansallinen Kokoomus","sv":"Samlingspartiet","en":"National Coalition Party"},"caid":8,"position":0,"gender":"1","comparisonData":{"totalVotes":0,"votesTotalChange":0},"edid":13,"comparativeIndex":0.0,"electionDayVotesPercent":0.0,"nominatorAbbr":{"fi":"KOK","sv":"Saml","en":"NCP"}},{"age":43,"advanceVotesPercent":0.0,"lastname":"Juuso","occupation":"lähihoitaja","advanceVotes":0,"npid":4,"totalVotes":0,"spid":1,"abbr":"KESK","municipalCouncilor":false,"muid":47,"alid":3,"firstname":"Piia","electionDayVotes":0,"pid":"2","finalPosition":0,"electedInformation":"ELECTED","totalVotesPercent":0.0,"nominatorName":{"fi":"Suomen Keskusta","sv":"Centern i Finland","en":"Centre Party of Finland"},"caid":17,"position":0,"gender":"2","comparisonData":{"totalVotes":0,"votesTotalChange":0},"edid":13,"comparativeIndex":0.0,"electionDayVotesPercent":0.0,"nominatorAbbr":{"fi":"KESK","sv":"C","en":"CENT"}},{"age":51,"advanceVotesPercent":0.0,"lastname":"Kotavuopio","occupation":"yrittäjä","advanceVotes":0,"npid":4,"totalVotes":0,"spid":1,"abbr":"KESK","municipalCouncilor":true,"muid":47,"alid":3,"firstname":"Kari","electionDayVotes":0,"pid":"2","finalPosition":0,"electedInformation":"ON_SUBSTITUTE_PLACE","totalVotesPercent":0.0,"nominatorName":{"fi":"Suomen Keskusta","sv":"Centern i Finland","en":"Centre Party of Finland"},"caid":21,"position":0,"gender":"1","comparisonData":{"totalVotes":38,"votesTotalChange":-38},"edid":13,"comparativeIndex":0.0,"electionDayVotesPercent":0.0,"nominatorAbbr":{"fi":"KESK","sv":"C","en":"CENT"}},{"age":51,"advanceVotesPercent":0.0,"lastname":"Mannela","occupation":"rakennusmies","advanceVotes":0,"npid":4,"totalVotes":0,"spid":1,"abbr":"KESK","municipalCouncilor":false,"muid":47,"alid":3,"firstname":"Reijo","electionDayVotes":0,"pid":"2","finalPosition":0,"electedInformation":"ON_SUBSTITUTE_PLACE","totalVotesPercent":0.0,"nominatorName":{"fi":"Suomen Keskusta","sv":"Centern i Finland","en":"Centre Party of Finland"},"caid":25,"position":0,"gender":"1","comparisonData":{"totalVotes":0,"votesTotalChange":0},"edid":13,"comparativeIndex":0.0,"electionDayVotesPercent":0.0,"nominatorAbbr":{"fi":"KESK","sv":"C","en":"CENT"}},{"age":70,"advanceVotesPercent":0.0,"lastname":"Vuontisjärvi","occupation":"matkailuyrittäjä, LuKand","advanceVotes":0,"npid":4,"totalVotes":0,"spid":1,"abbr":"KESK","municipalCouncilor":false,"muid":47,"alid":3,"firstname":"Alpo","electionDayVotes":0,"pid":"2","finalPosition":0,"electedInformation":"NOT_ELECTED","totalVotesPercent":0.0,"nominatorName":{"fi":"Suomen Keskusta","sv":"Centern i Finland","en":"Centre Party of Finland"},"caid":32,"position":0,"gender":"1","comparisonData":{"totalVotes":0,"votesTotalChange":0},"edid":13,"comparativeIndex":0.0,"electionDayVotesPercent":0.0,"nominatorAbbr":{"fi":"KESK","sv":"C","en":"CENT"}},{"age":58,"advanceVotesPercent":0.0,"lastname":"Heikkilä","occupation":"yliopistotutkija","advanceVotes":0,"npid":5,"totalVotes":0,"spid":99,"abbr":"Muut","municipalCouncilor":false,"muid":47,"alid":4,"firstname":"Lydia","electionDayVotes":0,"pid":"0475","finalPosition":0,"electedInformation":"NOT_ELECTED","totalVotesPercent":0.0,"nominatorName":{"fi":"Johtti Sápmelaccat rs:n yhteislista","sv":"Johtti Sápmelaccat rs:n yhteislista","en":"Johtti Sápmelaccat rs:n yhteislista"},"caid":37,"position":0,"gender":"2","comparisonData":{"totalVotes":13,"votesTotalChange":-13},"edid":13,"comparativeIndex":0.0,"electionDayVotesPercent":0.0,"nominatorAbbr":{"fi":"YL JS","sv":"YL JS","en":"YL JS"}},{"age":23,"advanceVotesPercent":0.0,"lastname":"Näkkälä","occupation":"opiskelija","advanceVotes":0,"npid":5,"totalVotes":0,"spid":99,"abbr":"Muut","municipalCouncilor":false,"muid":47,"alid":4,"firstname":"Kiia","electionDayVotes":0,"pid":"0475","finalPosition":0,"electedInformation":"NOT_ELECTED","totalVotesPercent":0.0,"nominatorName":{"fi":"Johtti Sápmelaccat rs:n yhteislista","sv":"Johtti Sápmelaccat rs:n yhteislista","en":"Johtti Sápmelaccat rs:n yhteislista"},"caid":39,"position":0,"gender":"2","comparisonData":{"totalVotes":8,"votesTotalChange":-8},"edid":13,"comparativeIndex":0.0,"electionDayVotesPercent":0.0,"nominatorAbbr":{"fi":"YL JS","sv":"YL JS","en":"YL JS"}},{"age":62,"advanceVotesPercent":0.0,"lastname":"Palojärvi","occupation":"poromies","advanceVotes":0,"npid":5,"totalVotes":0,"spid":99,"abbr":"Muut","municipalCouncilor":false,"muid":47,"alid":4,"firstname":"Oula-Matti","electionDayVotes":0,"pid":"0475","finalPosition":0,"electedInformation":"ON_SUBSTITUTE_PLACE","totalVotesPercent":0.0,"nominatorName":{"fi":"Johtti Sápmelaccat rs:n yhteislista","sv":"Johtti Sápmelaccat rs:n yhteislista","en":"Johtti Sápmelaccat rs:n yhteislista"},"caid":40,"position":0,"gender":"1","comparisonData":{"totalVotes":8,"votesTotalChange":-8},"edid":13,"comparativeIndex":0.0,"electionDayVotesPercent":0.0,"nominatorAbbr":{"fi":"YL JS","sv":"YL JS","en":"YL JS"}}],"municipalityPollingDistricts":[{"name":{"fi":"Hetta-Leppäjärvi-Palojoensuu","sv":"Hetta-Leppäjärvi-Palojoensuu"},"calculationStatusPercent":100.0,"joinedArea":false,"muid":47,"totalVotingInFinlandTurnout":63.6,"identification":"001","pdid":"001","eligibleVotersInFinlandTotal":872,"edid":13,"mergedToPdid":""},{"name":{"fi":"Kaaresuvanto","sv":"Kaaresuvanto"},"calculationStatusPercent":100.0,"joinedArea":true,"muid":47,"totalVotingInFinlandTurnout":56.9,"identification":"002","pdid":"002","eligibleVotersInFinlandTotal":269,"edid":13,"mergedToPdid":""},{"name":{"fi":"Kilpisjärvi","sv":"Kilpisjärvi"},"calculationStatusPercent":100.0,"joinedArea":true,"muid":47,"totalVotingInFinlandTurnout":72.9,"identification":"003","pdid":"003","eligibleVotersInFinlandTotal":140,"edid":13,"mergedToPdid":""},{"name":{"fi":"Nunnanen-Peltovuoma-Vuontisjärvi","sv":"Nunnanen-Peltovuoma-Vuontisjärvi"},"calculationStatusPercent":100.0,"joinedArea":false,"muid":47,"totalVotingInFinlandTurnout":79.2,"identification":"004","pdid":"004","eligibleVotersInFinlandTotal":318,"edid":13,"mergedToPdid":""}],"municipality":{"muid":47,"edid":13,"name":{"fi":"Enontekiö","sv":"Enontekis"}}}