{"version":57,"created":"2017-04-09T21:32:50.785Z","electionDetails":{"electionId":"kv2017","electionDate":"2017-04-09T00:00:00.000Z","electionDataPublishTime":"2017-04-09T17:00:00.000Z","name":{"fi":"Kuntavaalit 2017","sv":"Kommunalval 2017","en":"Elections 2017"},"previousElections":{"correspondingCompareElection":{"electionId":"kv2012","electionDate":"2012-10-28T00:00:00.000Z","name":{"fi":"Kuntavaalit 2012","en":"Municipal elections 2012","sv":"Kommunalval 2012"}},"otherCompareElection":{"electionId":"ev2015","electionDate":"2015-04-19T00:00:00.000Z","name":{"fi":"Eduskuntavaalit 2015","en":"Parliamentary election 2015","sv":"Riksdagsval 2015"}}}},"calculationStatus":{"electionDayVotingTurnout":37.1,"invalidAdvanceVotes":0,"calculationPhase":"INITIAL","invalidElectionDayVotes":0,"approvedAdvanceVotes":112,"advanceVotingTurnout":27.7,"totalVotingTurnoutAbroad":0.0,"name":{"fi":"Vattukylä","sv":"Vattukylä"},"calculationStatusPercent":100.0,"advanceVotes":112,"electionDayVotingTurnoutAbroad":0.0,"approvedTotalVotes":262,"totalVotes":262,"muid":71,"totalVotingInFinlandTurnout":64.9,"advanceVotingTurnoutAbroad":0.0,"invalidTotalVotes":0,"totalVotingTurnout":64.9,"electionDayVotes":150,"electionDayVotesInFinland":150,"pdid":"006","totalVotesInFinlandMen":0,"eligibleVotersInFinlandTotal":404,"calculationStatusPercentElectionDayVotes":100.0,"sourceRecordModificationTime":"20170409202516","otherCompareElection":{"eid":"","eligibleVotersInFinlandTotal":0,"advanceVotingInFinlandTurnout":0.0,"electionDayVotingInFinlandTurnout":0.0,"totalVotingInFinlandTurnout":0.0,"approvedVotesTotal":0,"invalidVotesTotal":0},"correspondingCompareElection":{"eid":"","eligibleVotersInFinlandTotal":0,"advanceVotingInFinlandTurnout":0.0,"electionDayVotingInFinlandTurnout":0.0,"totalVotingInFinlandTurnout":0.0,"approvedVotesTotal":0,"invalidVotesTotal":0,"seats":0},"approvedElectionDayVotes":150,"edid":12,"calculationStatusPercentAdvanceVotes":100.0,"electionDayVotingInFinlandTurnout":37.1,"seats":0,"eligibleVotersTotal":404,"advanceVotesInFinland":112,"advanceVotingInFinlandTurnout":27.7,"totalVotesInFinland":262},"partyResults":[{"advanceVotesPercent":79.5,"name":{"fi":"Suomen Keskusta","sv":"Centern i Finland","en":"Centre Party of Finland"},"advanceVotes":89,"npid":3,"totalVotes":210,"spid":1,"abbr":{"fi":"KESK","sv":"C","en":"CENT"},"alid":3,"electionDayVotes":121,"pid":"2","totalVotesPercent":80.2,"nominatorName":{"fi":"Suomen Keskusta","sv":"Centern i Finland","en":"Centre Party of Finland"},"compareData":{"otherCompareElection":{"votesTotalChange":0,"votesTotalPercentChange":0.0,"votesTotal":210,"votesTotalPercent":80.2},"correspondingCompareElection":{"votesTotalChange":0,"votesTotalPercentChange":0.0,"seatChange":0,"votesTotal":210,"votesTotalPercent":80.2,"seatsTotal":0}},"seats":0,"electionDayVotesPercent":80.7,"nominatorAbbr":{"fi":"KESK","sv":"C","en":"CENT"}},{"advanceVotesPercent":17.0,"name":{"fi":"Vasemmistoliitto","sv":"Vänsterförbundet","en":"The Left Alliance"},"advanceVotes":19,"npid":2,"totalVotes":32,"spid":6,"abbr":{"fi":"VAS","sv":"VF","en":"LEFT"},"alid":2,"electionDayVotes":13,"pid":"15","totalVotesPercent":12.2,"nominatorName":{"fi":"Vasemmistoliitto","sv":"Vänsterförbundet","en":"The Left Alliance"},"compareData":{"otherCompareElection":{"votesTotalChange":0,"votesTotalPercentChange":0.0,"votesTotal":32,"votesTotalPercent":12.2},"correspondingCompareElection":{"votesTotalChange":0,"votesTotalPercentChange":0.0,"seatChange":0,"votesTotal":32,"votesTotalPercent":12.2,"seatsTotal":0}},"seats":0,"electionDayVotesPercent":8.7,"nominatorAbbr":{"fi":"VAS","sv":"VF","en":"LEFT"}},{"advanceVotesPercent":1.8,"name":{"fi":"Perussuomalaiset","sv":"Sannfinländarna","en":"The Finns Party"},"advanceVotes":2,"npid":1,"totalVotes":9,"spid":3,"abbr":{"fi":"PS","sv":"Sannf","en":"FINNS"},"alid":1,"electionDayVotes":7,"pid":"23","totalVotesPercent":3.4,"nominatorName":{"fi":"Perussuomalaiset","sv":"Sannfinländarna","en":"The Finns Party"},"compareData":{"otherCompareElection":{"votesTotalChange":0,"votesTotalPercentChange":0.0,"votesTotal":9,"votesTotalPercent":3.4},"correspondingCompareElection":{"votesTotalChange":0,"votesTotalPercentChange":0.0,"seatChange":0,"votesTotal":9,"votesTotalPercent":3.4,"seatsTotal":0}},"seats":0,"electionDayVotesPercent":4.7,"nominatorAbbr":{"fi":"PS","sv":"Sannf","en":"FINNS"}},{"advanceVotesPercent":1.8,"name":{"fi":"Kansallinen Kokoomus","sv":"Samlingspartiet","en":"National Coalition Party"},"advanceVotes":2,"npid":5,"totalVotes":8,"spid":2,"abbr":{"fi":"KOK","sv":"Saml","en":"NCP"},"alid":5,"electionDayVotes":6,"pid":"4","totalVotesPercent":3.1,"nominatorName":{"fi":"Kansallinen Kokoomus","sv":"Samlingspartiet","en":"National Coalition Party"},"compareData":{"otherCompareElection":{"votesTotalChange":0,"votesTotalPercentChange":0.0,"votesTotal":8,"votesTotalPercent":3.1},"correspondingCompareElection":{"votesTotalChange":0,"votesTotalPercentChange":0.0,"seatChange":0,"votesTotal":8,"votesTotalPercent":3.1,"seatsTotal":0}},"seats":0,"electionDayVotesPercent":4.0,"nominatorAbbr":{"fi":"KOK","sv":"Saml","en":"NCP"}},{"advanceVotesPercent":0.0,"name":{"fi":"Suomen Sosialidemokraattinen Puolue","sv":"Finlands Socialdemokratiska Parti","en":"The Finnish Social Democratic Party"},"advanceVotes":0,"npid":4,"totalVotes":3,"spid":4,"abbr":{"fi":"SDP","sv":"SDP","en":"SDP"},"alid":4,"electionDayVotes":3,"pid":"1","totalVotesPercent":1.1,"nominatorName":{"fi":"Suomen Sosialidemokraattinen Puolue","sv":"Finlands Socialdemokratiska Parti","en":"The Finnish Social Democratic Party"},"compareData":{"otherCompareElection":{"votesTotalChange":0,"votesTotalPercentChange":0.0,"votesTotal":3,"votesTotalPercent":1.1},"correspondingCompareElection":{"votesTotalChange":0,"votesTotalPercentChange":0.0,"seatChange":0,"votesTotal":3,"votesTotalPercent":1.1,"seatsTotal":0}},"seats":0,"electionDayVotesPercent":2.0,"nominatorAbbr":{"fi":"SDP","sv":"SDP","en":"SDP"}}],"candidateResults":[{"age":32,"advanceVotesPercent":12.5,"lastname":"Hänninen","occupation":"yrittäjä","advanceVotes":14,"npid":3,"totalVotes":38,"spid":1,"abbr":"KESK","municipalCouncilor":false,"muid":71,"alid":3,"firstname":"Pekka","electionDayVotes":24,"pid":"2","finalPosition":0,"electedInformation":"ELECTED","totalVotesPercent":14.5,"nominatorName":{"fi":"Suomen Keskusta","sv":"Centern i Finland","en":"Centre Party of Finland"},"caid":36,"position":0,"gender":"1","comparisonData":{"totalVotes":0,"votesTotalChange":38},"edid":12,"comparativeIndex":0.0,"electionDayVotesPercent":16.0,"nominatorAbbr":{"fi":"KESK","sv":"C","en":"CENT"}},{"age":31,"advanceVotesPercent":14.3,"lastname":"Murtoperä","occupation":"yrittäjä","advanceVotes":16,"npid":3,"totalVotes":28,"spid":1,"abbr":"KESK","municipalCouncilor":false,"muid":71,"alid":3,"firstname":"Taneli","electionDayVotes":12,"pid":"2","finalPosition":0,"electedInformation":"ELECTED","totalVotesPercent":10.7,"nominatorName":{"fi":"Suomen Keskusta","sv":"Centern i Finland","en":"Centre Party of Finland"},"caid":45,"position":0,"gender":"1","comparisonData":{"totalVotes":0,"votesTotalChange":28},"edid":12,"comparativeIndex":0.0,"electionDayVotesPercent":8.0,"nominatorAbbr":{"fi":"KESK","sv":"C","en":"CENT"}},{"age":45,"advanceVotesPercent":5.4,"lastname":"Koukka","occupation":"yrittäjä","advanceVotes":6,"npid":3,"totalVotes":19,"spid":1,"abbr":"KESK","municipalCouncilor":false,"muid":71,"alid":3,"firstname":"Jari","electionDayVotes":13,"pid":"2","finalPosition":0,"electedInformation":"ELECTED","totalVotesPercent":7.3,"nominatorName":{"fi":"Suomen Keskusta","sv":"Centern i Finland","en":"Centre Party of Finland"},"caid":42,"position":0,"gender":"1","comparisonData":{"totalVotes":32,"votesTotalChange":-13},"edid":12,"comparativeIndex":0.0,"electionDayVotesPercent":8.7,"nominatorAbbr":{"fi":"KESK","sv":"C","en":"CENT"}},{"age":53,"advanceVotesPercent":8.9,"lastname":"Kolehmainen","occupation":"yrittäjä","advanceVotes":10,"npid":3,"totalVotes":17,"spid":1,"abbr":"KESK","municipalCouncilor":true,"muid":71,"alid":3,"firstname":"Anri","electionDayVotes":7,"pid":"2","finalPosition":0,"electedInformation":"ELECTED","totalVotesPercent":6.5,"nominatorName":{"fi":"Suomen Keskusta","sv":"Centern i Finland","en":"Centre Party of Finland"},"caid":41,"position":0,"gender":"2","comparisonData":{"totalVotes":77,"votesTotalChange":-60},"edid":12,"comparativeIndex":0.0,"electionDayVotesPercent":4.7,"nominatorAbbr":{"fi":"KESK","sv":"C","en":"CENT"}},{"age":61,"advanceVotesPercent":3.6,"lastname":"Kanala","occupation":"metsäkoneyrittäjä","advanceVotes":4,"npid":3,"totalVotes":12,"spid":1,"abbr":"KESK","municipalCouncilor":false,"muid":71,"alid":3,"firstname":"Jouni","electionDayVotes":8,"pid":"2","finalPosition":0,"electedInformation":"ON_SUBSTITUTE_PLACE","totalVotesPercent":4.6,"nominatorName":{"fi":"Suomen Keskusta","sv":"Centern i Finland","en":"Centre Party of Finland"},"caid":39,"position":0,"gender":"1","comparisonData":{"totalVotes":0,"votesTotalChange":12},"edid":12,"comparativeIndex":0.0,"electionDayVotesPercent":5.3,"nominatorAbbr":{"fi":"KESK","sv":"C","en":"CENT"}},{"age":76,"advanceVotesPercent":8.0,"lastname":"Saukko","occupation":"kiinteistönhoitaja, eläkkeellä","advanceVotes":9,"npid":2,"totalVotes":11,"spid":6,"abbr":"VAS","municipalCouncilor":true,"muid":71,"alid":2,"firstname":"Viljo (Ville)","electionDayVotes":2,"pid":"15","finalPosition":0,"electedInformation":"ELECTED","totalVotesPercent":4.2,"nominatorName":{"fi":"Vasemmistoliitto","sv":"Vänsterförbundet","en":"The Left Alliance"},"caid":30,"position":0,"gender":"1","comparisonData":{"totalVotes":91,"votesTotalChange":-80},"edid":12,"comparativeIndex":0.0,"electionDayVotesPercent":1.3,"nominatorAbbr":{"fi":"VAS","sv":"VF","en":"LEFT"}},{"age":48,"advanceVotesPercent":2.7,"lastname":"Laitila","occupation":"yrittäjä","advanceVotes":3,"npid":3,"totalVotes":11,"spid":1,"abbr":"KESK","municipalCouncilor":true,"muid":71,"alid":3,"firstname":"Markku","electionDayVotes":8,"pid":"2","finalPosition":0,"electedInformation":"ELECTED","totalVotesPercent":4.2,"nominatorName":{"fi":"Suomen Keskusta","sv":"Centern i Finland","en":"Centre Party of Finland"},"caid":43,"position":0,"gender":"1","comparisonData":{"totalVotes":72,"votesTotalChange":-61},"edid":12,"comparativeIndex":0.0,"electionDayVotesPercent":5.3,"nominatorAbbr":{"fi":"KESK","sv":"C","en":"CENT"}},{"age":60,"advanceVotesPercent":0.9,"lastname":"Niemelä","occupation":"maatilan emäntä","advanceVotes":1,"npid":3,"totalVotes":10,"spid":1,"abbr":"KESK","municipalCouncilor":true,"muid":71,"alid":3,"firstname":"Helinä","electionDayVotes":9,"pid":"2","finalPosition":0,"electedInformation":"ELECTED","totalVotesPercent":3.8,"nominatorName":{"fi":"Suomen Keskusta","sv":"Centern i Finland","en":"Centre Party of Finland"},"caid":47,"position":0,"gender":"2","comparisonData":{"totalVotes":72,"votesTotalChange":-62},"edid":12,"comparativeIndex":0.0,"electionDayVotesPercent":6.0,"nominatorAbbr":{"fi":"KESK","sv":"C","en":"CENT"}},{"age":32,"advanceVotesPercent":2.7,"lastname":"Nuolioja","occupation":"restonomi","advanceVotes":3,"npid":3,"totalVotes":10,"spid":1,"abbr":"KESK","municipalCouncilor":false,"muid":71,"alid":3,"firstname":"Riikka-Kaisa","electionDayVotes":7,"pid":"2","finalPosition":0,"electedInformation":"ELECTED","totalVotesPercent":3.8,"nominatorName":{"fi":"Suomen Keskusta","sv":"Centern i Finland","en":"Centre Party of Finland"},"caid":48,"position":0,"gender":"2","comparisonData":{"totalVotes":0,"votesTotalChange":10},"edid":12,"comparativeIndex":0.0,"electionDayVotesPercent":4.7,"nominatorAbbr":{"fi":"KESK","sv":"C","en":"CENT"}},{"age":60,"advanceVotesPercent":4.5,"lastname":"Pitkälä","occupation":"agrologi (AMK), vakuutusasiamies","advanceVotes":5,"npid":3,"totalVotes":9,"spid":1,"abbr":"KESK","municipalCouncilor":true,"muid":71,"alid":3,"firstname":"Heikki","electionDayVotes":4,"pid":"2","finalPosition":0,"electedInformation":"ELECTED","totalVotesPercent":3.4,"nominatorName":{"fi":"Suomen Keskusta","sv":"Centern i Finland","en":"Centre Party of Finland"},"caid":50,"position":0,"gender":"1","comparisonData":{"totalVotes":83,"votesTotalChange":-74},"edid":12,"comparativeIndex":0.0,"electionDayVotesPercent":2.7,"nominatorAbbr":{"fi":"KESK","sv":"C","en":"CENT"}},{"age":54,"advanceVotesPercent":3.6,"lastname":"Riuttanen","occupation":"työnohjaaja","advanceVotes":4,"npid":3,"totalVotes":9,"spid":1,"abbr":"KESK","municipalCouncilor":true,"muid":71,"alid":3,"firstname":"Hannu","electionDayVotes":5,"pid":"2","finalPosition":0,"electedInformation":"ELECTED","totalVotesPercent":3.4,"nominatorName":{"fi":"Suomen Keskusta","sv":"Centern i Finland","en":"Centre Party of Finland"},"caid":53,"position":0,"gender":"1","comparisonData":{"totalVotes":78,"votesTotalChange":-69},"edid":12,"comparativeIndex":0.0,"electionDayVotesPercent":3.3,"nominatorAbbr":{"fi":"KESK","sv":"C","en":"CENT"}},{"age":64,"advanceVotesPercent":4.5,"lastname":"Joentakanen","occupation":"opettaja","advanceVotes":5,"npid":2,"totalVotes":8,"spid":6,"abbr":"VAS","municipalCouncilor":false,"muid":71,"alid":2,"firstname":"Esko","electionDayVotes":3,"pid":"15","finalPosition":0,"electedInformation":"ELECTED","totalVotesPercent":3.1,"nominatorName":{"fi":"Vasemmistoliitto","sv":"Vänsterförbundet","en":"The Left Alliance"},"caid":23,"position":0,"gender":"1","comparisonData":{"totalVotes":31,"votesTotalChange":-23},"edid":12,"comparativeIndex":0.0,"electionDayVotesPercent":2.0,"nominatorAbbr":{"fi":"VAS","sv":"VF","en":"LEFT"}},{"age":38,"advanceVotesPercent":2.7,"lastname":"Ollila","occupation":"agrologi (AMK), maatalousyrittäjä","advanceVotes":3,"npid":3,"totalVotes":8,"spid":1,"abbr":"KESK","municipalCouncilor":false,"muid":71,"alid":3,"firstname":"Päivi","electionDayVotes":5,"pid":"2","finalPosition":0,"electedInformation":"ELECTED","totalVotesPercent":3.1,"nominatorName":{"fi":"Suomen Keskusta","sv":"Centern i Finland","en":"Centre Party of Finland"},"caid":49,"position":0,"gender":"2","comparisonData":{"totalVotes":0,"votesTotalChange":8},"edid":12,"comparativeIndex":0.0,"electionDayVotesPercent":3.3,"nominatorAbbr":{"fi":"KESK","sv":"C","en":"CENT"}},{"age":42,"advanceVotesPercent":0.9,"lastname":"Lehtola","occupation":"ensihoitoesimies","advanceVotes":1,"npid":3,"totalVotes":5,"spid":1,"abbr":"KESK","municipalCouncilor":false,"muid":71,"alid":3,"firstname":"Jaakko","electionDayVotes":4,"pid":"2","finalPosition":0,"electedInformation":"ELECTED","totalVotesPercent":1.9,"nominatorName":{"fi":"Suomen Keskusta","sv":"Centern i Finland","en":"Centre Party of Finland"},"caid":44,"position":0,"gender":"1","comparisonData":{"totalVotes":0,"votesTotalChange":5},"edid":12,"comparativeIndex":0.0,"electionDayVotesPercent":2.7,"nominatorAbbr":{"fi":"KESK","sv":"C","en":"CENT"}},{"age":62,"advanceVotesPercent":4.5,"lastname":"von Schulmann","occupation":"eläkeläinen","advanceVotes":5,"npid":3,"totalVotes":5,"spid":1,"abbr":"KESK","municipalCouncilor":true,"muid":71,"alid":3,"firstname":"Ronald","electionDayVotes":0,"pid":"2","finalPosition":0,"electedInformation":"ELECTED","totalVotesPercent":1.9,"nominatorName":{"fi":"Suomen Keskusta","sv":"Centern i Finland","en":"Centre Party of Finland"},"caid":55,"position":0,"gender":"1","comparisonData":{"totalVotes":44,"votesTotalChange":-39},"edid":12,"comparativeIndex":0.0,"electionDayVotesPercent":0.0,"nominatorAbbr":{"fi":"KESK","sv":"C","en":"CENT"}},{"age":46,"advanceVotesPercent":0.0,"lastname":"Sirviö","occupation":"elektroniikkatyöntekijä","advanceVotes":0,"npid":2,"totalVotes":4,"spid":6,"abbr":"VAS","municipalCouncilor":false,"muid":71,"alid":2,"firstname":"Tellervo","electionDayVotes":4,"pid":"15","finalPosition":0,"electedInformation":"ELECTED","totalVotesPercent":1.5,"nominatorName":{"fi":"Vasemmistoliitto","sv":"Vänsterförbundet","en":"The Left Alliance"},"caid":31,"position":0,"gender":"2","comparisonData":{"totalVotes":0,"votesTotalChange":4},"edid":12,"comparativeIndex":0.0,"electionDayVotesPercent":2.7,"nominatorAbbr":{"fi":"VAS","sv":"VF","en":"LEFT"}},{"age":44,"advanceVotesPercent":0.9,"lastname":"Mäkinen","occupation":"kansanedustajan avustaja","advanceVotes":1,"npid":3,"totalVotes":4,"spid":1,"abbr":"KESK","municipalCouncilor":false,"muid":71,"alid":3,"firstname":"Janne","electionDayVotes":3,"pid":"2","finalPosition":0,"electedInformation":"ON_SUBSTITUTE_PLACE","totalVotesPercent":1.5,"nominatorName":{"fi":"Suomen Keskusta","sv":"Centern i Finland","en":"Centre Party of Finland"},"caid":46,"position":0,"gender":"1","comparisonData":{"totalVotes":0,"votesTotalChange":4},"edid":12,"comparativeIndex":0.0,"electionDayVotesPercent":2.0,"nominatorAbbr":{"fi":"KESK","sv":"C","en":"CENT"}},{"age":61,"advanceVotesPercent":0.9,"lastname":"Pitkälä","occupation":"emäntä","advanceVotes":1,"npid":3,"totalVotes":4,"spid":1,"abbr":"KESK","municipalCouncilor":true,"muid":71,"alid":3,"firstname":"Helena","electionDayVotes":3,"pid":"2","finalPosition":0,"electedInformation":"ON_SUBSTITUTE_PLACE","totalVotesPercent":1.5,"nominatorName":{"fi":"Suomen Keskusta","sv":"Centern i Finland","en":"Centre Party of Finland"},"caid":51,"position":0,"gender":"2","comparisonData":{"totalVotes":36,"votesTotalChange":-32},"edid":12,"comparativeIndex":0.0,"electionDayVotesPercent":2.0,"nominatorAbbr":{"fi":"KESK","sv":"C","en":"CENT"}},{"age":36,"advanceVotesPercent":0.0,"lastname":"Valkovirta","occupation":"ensihoitaja","advanceVotes":0,"npid":5,"totalVotes":4,"spid":2,"abbr":"KOK","municipalCouncilor":false,"muid":71,"alid":5,"firstname":"Pauliina","electionDayVotes":4,"pid":"4","finalPosition":0,"electedInformation":"ELECTED","totalVotesPercent":1.5,"nominatorName":{"fi":"Kansallinen Kokoomus","sv":"Samlingspartiet","en":"National Coalition Party"},"caid":66,"position":0,"gender":"2","comparisonData":{"totalVotes":0,"votesTotalChange":4},"edid":12,"comparativeIndex":0.0,"electionDayVotesPercent":2.7,"nominatorAbbr":{"fi":"KOK","sv":"Saml","en":"NCP"}},{"age":69,"advanceVotesPercent":0.9,"lastname":"Joentakanen","occupation":"koneistaja, eläkkeellä","advanceVotes":1,"npid":2,"totalVotes":3,"spid":6,"abbr":"VAS","municipalCouncilor":false,"muid":71,"alid":2,"firstname":"Juhani","electionDayVotes":2,"pid":"15","finalPosition":0,"electedInformation":"ON_SUBSTITUTE_PLACE","totalVotesPercent":1.1,"nominatorName":{"fi":"Vasemmistoliitto","sv":"Vänsterförbundet","en":"The Left Alliance"},"caid":24,"position":0,"gender":"1","comparisonData":{"totalVotes":0,"votesTotalChange":3},"edid":12,"comparativeIndex":0.0,"electionDayVotesPercent":1.3,"nominatorAbbr":{"fi":"VAS","sv":"VF","en":"LEFT"}},{"age":60,"advanceVotesPercent":1.8,"lastname":"Halla-aho","occupation":"yrittäjä","advanceVotes":2,"npid":3,"totalVotes":3,"spid":1,"abbr":"KESK","municipalCouncilor":true,"muid":71,"alid":3,"firstname":"Heikki","electionDayVotes":1,"pid":"2","finalPosition":0,"electedInformation":"ELECTED","totalVotesPercent":1.1,"nominatorName":{"fi":"Suomen Keskusta","sv":"Centern i Finland","en":"Centre Party of Finland"},"caid":35,"position":0,"gender":"1","comparisonData":{"totalVotes":87,"votesTotalChange":-84},"edid":12,"comparativeIndex":0.0,"electionDayVotesPercent":0.7,"nominatorAbbr":{"fi":"KESK","sv":"C","en":"CENT"}},{"age":58,"advanceVotesPercent":1.8,"lastname":"Särkipaju","occupation":"kotitalousteknikko, puutarhuri","advanceVotes":2,"npid":3,"totalVotes":3,"spid":1,"abbr":"KESK","municipalCouncilor":false,"muid":71,"alid":3,"firstname":"Leila","electionDayVotes":1,"pid":"2","finalPosition":0,"electedInformation":"ELECTED","totalVotesPercent":1.1,"nominatorName":{"fi":"Suomen Keskusta","sv":"Centern i Finland","en":"Centre Party of Finland"},"caid":58,"position":0,"gender":"2","comparisonData":{"totalVotes":35,"votesTotalChange":-32},"edid":12,"comparativeIndex":0.0,"electionDayVotesPercent":0.7,"nominatorAbbr":{"fi":"KESK","sv":"C","en":"CENT"}},{"age":61,"advanceVotesPercent":0.0,"lastname":"Vinkki","occupation":"yrittäjä","advanceVotes":0,"npid":3,"totalVotes":3,"spid":1,"abbr":"KESK","municipalCouncilor":true,"muid":71,"alid":3,"firstname":"Esko","electionDayVotes":3,"pid":"2","finalPosition":0,"electedInformation":"ON_SUBSTITUTE_PLACE","totalVotesPercent":1.1,"nominatorName":{"fi":"Suomen Keskusta","sv":"Centern i Finland","en":"Centre Party of Finland"},"caid":60,"position":0,"gender":"1","comparisonData":{"totalVotes":66,"votesTotalChange":-63},"edid":12,"comparativeIndex":0.0,"electionDayVotesPercent":2.0,"nominatorAbbr":{"fi":"KESK","sv":"C","en":"CENT"}},{"age":61,"advanceVotesPercent":0.9,"lastname":"Ylikauma","occupation":"tuotantovastaava","advanceVotes":1,"npid":3,"totalVotes":3,"spid":1,"abbr":"KESK","municipalCouncilor":false,"muid":71,"alid":3,"firstname":"Juhani","electionDayVotes":2,"pid":"2","finalPosition":0,"electedInformation":"ON_SUBSTITUTE_PLACE","totalVotesPercent":1.1,"nominatorName":{"fi":"Suomen Keskusta","sv":"Centern i Finland","en":"Centre Party of Finland"},"caid":62,"position":0,"gender":"1","comparisonData":{"totalVotes":0,"votesTotalChange":3},"edid":12,"comparativeIndex":0.0,"electionDayVotesPercent":1.3,"nominatorAbbr":{"fi":"KESK","sv":"C","en":"CENT"}},{"age":49,"advanceVotesPercent":0.0,"lastname":"Repo","occupation":"luokanopettaja","advanceVotes":0,"npid":1,"totalVotes":2,"spid":3,"abbr":"PS","municipalCouncilor":true,"muid":71,"alid":1,"firstname":"Ilkka","electionDayVotes":2,"pid":"23","finalPosition":0,"electedInformation":"ELECTED","totalVotesPercent":0.8,"nominatorName":{"fi":"Perussuomalaiset","sv":"Sannfinländarna","en":"The Finns Party"},"caid":13,"position":0,"gender":"1","comparisonData":{"totalVotes":42,"votesTotalChange":-40},"edid":12,"comparativeIndex":0.0,"electionDayVotesPercent":1.3,"nominatorAbbr":{"fi":"PS","sv":"Sannf","en":"FINNS"}},{"age":60,"advanceVotesPercent":0.0,"lastname":"Viinala","occupation":"maanviljelijä","advanceVotes":0,"npid":1,"totalVotes":2,"spid":3,"abbr":"PS","municipalCouncilor":true,"muid":71,"alid":1,"firstname":"Jarmo","electionDayVotes":2,"pid":"23","finalPosition":0,"electedInformation":"ELECTED","totalVotesPercent":0.8,"nominatorName":{"fi":"Perussuomalaiset","sv":"Sannfinländarna","en":"The Finns Party"},"caid":18,"position":0,"gender":"1","comparisonData":{"totalVotes":54,"votesTotalChange":-52},"edid":12,"comparativeIndex":0.0,"electionDayVotesPercent":1.3,"nominatorAbbr":{"fi":"PS","sv":"Sannf","en":"FINNS"}},{"age":56,"advanceVotesPercent":0.9,"lastname":"Paavola","occupation":"rakennusmies","advanceVotes":1,"npid":2,"totalVotes":2,"spid":6,"abbr":"VAS","municipalCouncilor":false,"muid":71,"alid":2,"firstname":"Antti","electionDayVotes":1,"pid":"15","finalPosition":0,"electedInformation":"ON_SUBSTITUTE_PLACE","totalVotesPercent":0.8,"nominatorName":{"fi":"Vasemmistoliitto","sv":"Vänsterförbundet","en":"The Left Alliance"},"caid":28,"position":0,"gender":"1","comparisonData":{"totalVotes":0,"votesTotalChange":2},"edid":12,"comparativeIndex":0.0,"electionDayVotesPercent":0.7,"nominatorAbbr":{"fi":"VAS","sv":"VF","en":"LEFT"}},{"age":53,"advanceVotesPercent":1.8,"lastname":"Pekkala","occupation":"ryhmäpäällikkö","advanceVotes":2,"npid":2,"totalVotes":2,"spid":6,"abbr":"VAS","municipalCouncilor":false,"muid":71,"alid":2,"firstname":"Outi","electionDayVotes":0,"pid":"15","finalPosition":0,"electedInformation":"ELECTED","totalVotesPercent":0.8,"nominatorName":{"fi":"Vasemmistoliitto","sv":"Vänsterförbundet","en":"The Left Alliance"},"caid":29,"position":0,"gender":"2","comparisonData":{"totalVotes":0,"votesTotalChange":2},"edid":12,"comparativeIndex":0.0,"electionDayVotesPercent":0.0,"nominatorAbbr":{"fi":"VAS","sv":"VF","en":"LEFT"}},{"age":64,"advanceVotesPercent":1.8,"lastname":"Eskola","occupation":"eläkeläinen","advanceVotes":2,"npid":3,"totalVotes":2,"spid":1,"abbr":"KESK","municipalCouncilor":true,"muid":71,"alid":3,"firstname":"Jouko","electionDayVotes":0,"pid":"2","finalPosition":0,"electedInformation":"ON_SUBSTITUTE_PLACE","totalVotesPercent":0.8,"nominatorName":{"fi":"Suomen Keskusta","sv":"Centern i Finland","en":"Centre Party of Finland"},"caid":34,"position":0,"gender":"1","comparisonData":{"totalVotes":39,"votesTotalChange":-37},"edid":12,"comparativeIndex":0.0,"electionDayVotesPercent":0.0,"nominatorAbbr":{"fi":"KESK","sv":"C","en":"CENT"}},{"age":62,"advanceVotesPercent":1.8,"lastname":"Jaakonaho","occupation":"fysioterapeutti","advanceVotes":2,"npid":3,"totalVotes":2,"spid":1,"abbr":"KESK","municipalCouncilor":false,"muid":71,"alid":3,"firstname":"Niilo","electionDayVotes":0,"pid":"2","finalPosition":0,"electedInformation":"ON_SUBSTITUTE_PLACE","totalVotesPercent":0.8,"nominatorName":{"fi":"Suomen Keskusta","sv":"Centern i Finland","en":"Centre Party of Finland"},"caid":38,"position":0,"gender":"1","comparisonData":{"totalVotes":0,"votesTotalChange":2},"edid":12,"comparativeIndex":0.0,"electionDayVotesPercent":0.0,"nominatorAbbr":{"fi":"KESK","sv":"C","en":"CENT"}},{"age":65,"advanceVotesPercent":0.0,"lastname":"Ryyti","occupation":"verkostosuunnittelija, eläkeläinen","advanceVotes":0,"npid":4,"totalVotes":2,"spid":4,"abbr":"SDP","municipalCouncilor":true,"muid":71,"alid":4,"firstname":"Jouni","electionDayVotes":2,"pid":"1","finalPosition":0,"electedInformation":"NOT_ELECTED","totalVotesPercent":0.8,"nominatorName":{"fi":"Suomen Sosialidemokraattinen Puolue","sv":"Finlands Socialdemokratiska Parti","en":"The Finnish Social Democratic Party"},"caid":63,"position":0,"gender":"1","comparisonData":{"totalVotes":64,"votesTotalChange":-62},"edid":12,"comparativeIndex":0.0,"electionDayVotesPercent":1.3,"nominatorAbbr":{"fi":"SDP","sv":"SDP","en":"SDP"}},{"age":37,"advanceVotesPercent":0.0,"lastname":"Riekki","occupation":"yrittäjä","advanceVotes":0,"npid":5,"totalVotes":2,"spid":2,"abbr":"KOK","municipalCouncilor":false,"muid":71,"alid":5,"firstname":"Esa","electionDayVotes":2,"pid":"4","finalPosition":0,"electedInformation":"ON_SUBSTITUTE_PLACE","totalVotesPercent":0.8,"nominatorName":{"fi":"Kansallinen Kokoomus","sv":"Samlingspartiet","en":"National Coalition Party"},"caid":69,"position":0,"gender":"1","comparisonData":{"totalVotes":33,"votesTotalChange":-31},"edid":12,"comparativeIndex":0.0,"electionDayVotesPercent":1.3,"nominatorAbbr":{"fi":"KOK","sv":"Saml","en":"NCP"}},{"age":51,"advanceVotesPercent":0.9,"lastname":"Ahola","occupation":"maanviljelijä, urakoitsija","advanceVotes":1,"npid":1,"totalVotes":1,"spid":3,"abbr":"PS","municipalCouncilor":false,"muid":71,"alid":1,"firstname":"Matti","electionDayVotes":0,"pid":"23","finalPosition":0,"electedInformation":"NOT_ELECTED","totalVotesPercent":0.4,"nominatorName":{"fi":"Perussuomalaiset","sv":"Sannfinländarna","en":"The Finns Party"},"caid":2,"position":0,"gender":"1","comparisonData":{"totalVotes":10,"votesTotalChange":-9},"edid":12,"comparativeIndex":0.0,"electionDayVotesPercent":0.0,"nominatorAbbr":{"fi":"PS","sv":"Sannf","en":"FINNS"}},{"age":73,"advanceVotesPercent":0.0,"lastname":"Maliniemi","occupation":"vaihetyöntekijä, eläkeläinen","advanceVotes":0,"npid":1,"totalVotes":1,"spid":3,"abbr":"PS","municipalCouncilor":false,"muid":71,"alid":1,"firstname":"Taimi","electionDayVotes":1,"pid":"23","finalPosition":0,"electedInformation":"ON_SUBSTITUTE_PLACE","totalVotesPercent":0.4,"nominatorName":{"fi":"Perussuomalaiset","sv":"Sannfinländarna","en":"The Finns Party"},"caid":9,"position":0,"gender":"2","comparisonData":{"totalVotes":0,"votesTotalChange":1},"edid":12,"comparativeIndex":0.0,"electionDayVotesPercent":0.7,"nominatorAbbr":{"fi":"PS","sv":"Sannf","en":"FINNS"}},{"age":41,"advanceVotesPercent":0.0,"lastname":"Murtomäki","occupation":"autovaraosavälittäjä","advanceVotes":0,"npid":1,"totalVotes":1,"spid":3,"abbr":"PS","municipalCouncilor":false,"muid":71,"alid":1,"firstname":"Juha","electionDayVotes":1,"pid":"23","finalPosition":0,"electedInformation":"NOT_ELECTED","totalVotesPercent":0.4,"nominatorName":{"fi":"Perussuomalaiset","sv":"Sannfinländarna","en":"The Finns Party"},"caid":10,"position":0,"gender":"1","comparisonData":{"totalVotes":0,"votesTotalChange":1},"edid":12,"comparativeIndex":0.0,"electionDayVotesPercent":0.7,"nominatorAbbr":{"fi":"PS","sv":"Sannf","en":"FINNS"}},{"age":62,"advanceVotesPercent":0.9,"lastname":"Nätti","occupation":"vesilaitosasentaja","advanceVotes":1,"npid":1,"totalVotes":1,"spid":3,"abbr":"PS","municipalCouncilor":true,"muid":71,"alid":1,"firstname":"Tarmo","electionDayVotes":0,"pid":"23","finalPosition":0,"electedInformation":"ON_SUBSTITUTE_PLACE","totalVotesPercent":0.4,"nominatorName":{"fi":"Perussuomalaiset","sv":"Sannfinländarna","en":"The Finns Party"},"caid":12,"position":0,"gender":"1","comparisonData":{"totalVotes":24,"votesTotalChange":-23},"edid":12,"comparativeIndex":0.0,"electionDayVotesPercent":0.0,"nominatorAbbr":{"fi":"PS","sv":"Sannf","en":"FINNS"}},{"age":61,"advanceVotesPercent":0.0,"lastname":"Wähä-Tuisku","occupation":"eläkeläinen","advanceVotes":0,"npid":1,"totalVotes":1,"spid":3,"abbr":"PS","municipalCouncilor":false,"muid":71,"alid":1,"firstname":"Juhani","electionDayVotes":1,"pid":"23","finalPosition":0,"electedInformation":"NOT_ELECTED","totalVotesPercent":0.4,"nominatorName":{"fi":"Perussuomalaiset","sv":"Sannfinländarna","en":"The Finns Party"},"caid":19,"position":0,"gender":"1","comparisonData":{"totalVotes":5,"votesTotalChange":-4},"edid":12,"comparativeIndex":0.0,"electionDayVotesPercent":0.7,"nominatorAbbr":{"fi":"PS","sv":"Sannf","en":"FINNS"}},{"age":68,"advanceVotesPercent":0.9,"lastname":"Järvenpää","occupation":"toiminnanjohtaja","advanceVotes":1,"npid":2,"totalVotes":1,"spid":6,"abbr":"VAS","municipalCouncilor":true,"muid":71,"alid":2,"firstname":"Helvi","electionDayVotes":0,"pid":"15","finalPosition":0,"electedInformation":"ELECTED","totalVotesPercent":0.4,"nominatorName":{"fi":"Vasemmistoliitto","sv":"Vänsterförbundet","en":"The Left Alliance"},"caid":25,"position":0,"gender":"2","comparisonData":{"totalVotes":72,"votesTotalChange":-71},"edid":12,"comparativeIndex":0.0,"electionDayVotesPercent":0.0,"nominatorAbbr":{"fi":"VAS","sv":"VF","en":"LEFT"}},{"age":69,"advanceVotesPercent":0.0,"lastname":"Kallio","occupation":"autonkuljettaja","advanceVotes":0,"npid":2,"totalVotes":1,"spid":6,"abbr":"VAS","municipalCouncilor":false,"muid":71,"alid":2,"firstname":"Timo","electionDayVotes":1,"pid":"15","finalPosition":0,"electedInformation":"NOT_ELECTED","totalVotesPercent":0.4,"nominatorName":{"fi":"Vasemmistoliitto","sv":"Vänsterförbundet","en":"The Left Alliance"},"caid":26,"position":0,"gender":"1","comparisonData":{"totalVotes":8,"votesTotalChange":-7},"edid":12,"comparativeIndex":0.0,"electionDayVotesPercent":0.7,"nominatorAbbr":{"fi":"VAS","sv":"VF","en":"LEFT"}},{"age":45,"advanceVotesPercent":0.0,"lastname":"Isoaho","occupation":"maa- ja metsätalousyrittäjä","advanceVotes":0,"npid":3,"totalVotes":1,"spid":1,"abbr":"KESK","municipalCouncilor":false,"muid":71,"alid":3,"firstname":"Kyösti","electionDayVotes":1,"pid":"2","finalPosition":0,"electedInformation":"ON_SUBSTITUTE_PLACE","totalVotesPercent":0.4,"nominatorName":{"fi":"Suomen Keskusta","sv":"Centern i Finland","en":"Centre Party of Finland"},"caid":37,"position":0,"gender":"1","comparisonData":{"totalVotes":36,"votesTotalChange":-35},"edid":12,"comparativeIndex":0.0,"electionDayVotesPercent":0.7,"nominatorAbbr":{"fi":"KESK","sv":"C","en":"CENT"}},{"age":33,"advanceVotesPercent":0.9,"lastname":"Ritola","occupation":"yrittäjä","advanceVotes":1,"npid":3,"totalVotes":1,"spid":1,"abbr":"KESK","municipalCouncilor":false,"muid":71,"alid":3,"firstname":"Sami","electionDayVotes":0,"pid":"2","finalPosition":0,"electedInformation":"ELECTED","totalVotesPercent":0.4,"nominatorName":{"fi":"Suomen Keskusta","sv":"Centern i Finland","en":"Centre Party of Finland"},"caid":52,"position":0,"gender":"1","comparisonData":{"totalVotes":0,"votesTotalChange":1},"edid":12,"comparativeIndex":0.0,"electionDayVotesPercent":0.0,"nominatorAbbr":{"fi":"KESK","sv":"C","en":"CENT"}},{"age":40,"advanceVotesPercent":0.9,"lastname":"Seppä","occupation":"sairaanhoitaja, maahanmuuttajien ohjaaja","advanceVotes":1,"npid":3,"totalVotes":1,"spid":1,"abbr":"KESK","municipalCouncilor":false,"muid":71,"alid":3,"firstname":"Diana","electionDayVotes":0,"pid":"2","finalPosition":0,"electedInformation":"ELECTED","totalVotesPercent":0.4,"nominatorName":{"fi":"Suomen Keskusta","sv":"Centern i Finland","en":"Centre Party of Finland"},"caid":56,"position":0,"gender":"2","comparisonData":{"totalVotes":31,"votesTotalChange":-30},"edid":12,"comparativeIndex":0.0,"electionDayVotesPercent":0.0,"nominatorAbbr":{"fi":"KESK","sv":"C","en":"CENT"}},{"age":24,"advanceVotesPercent":0.0,"lastname":"Soronen","occupation":"opiskelija, liikuntatieteiden kandidaatti","advanceVotes":0,"npid":3,"totalVotes":1,"spid":1,"abbr":"KESK","municipalCouncilor":false,"muid":71,"alid":3,"firstname":"Elisa","electionDayVotes":1,"pid":"2","finalPosition":0,"electedInformation":"ON_SUBSTITUTE_PLACE","totalVotesPercent":0.4,"nominatorName":{"fi":"Suomen Keskusta","sv":"Centern i Finland","en":"Centre Party of Finland"},"caid":57,"position":0,"gender":"2","comparisonData":{"totalVotes":0,"votesTotalChange":1},"edid":12,"comparativeIndex":0.0,"electionDayVotesPercent":0.7,"nominatorAbbr":{"fi":"KESK","sv":"C","en":"CENT"}},{"age":60,"advanceVotesPercent":0.9,"lastname":"Vuorenmaa","occupation":"metsätalousyrittäjä","advanceVotes":1,"npid":3,"totalVotes":1,"spid":1,"abbr":"KESK","municipalCouncilor":true,"muid":71,"alid":3,"firstname":"Heino","electionDayVotes":0,"pid":"2","finalPosition":0,"electedInformation":"ELECTED","totalVotesPercent":0.4,"nominatorName":{"fi":"Suomen Keskusta","sv":"Centern i Finland","en":"Centre Party of Finland"},"caid":61,"position":0,"gender":"1","comparisonData":{"totalVotes":75,"votesTotalChange":-74},"edid":12,"comparativeIndex":0.0,"electionDayVotesPercent":0.0,"nominatorAbbr":{"fi":"KESK","sv":"C","en":"CENT"}},{"age":43,"advanceVotesPercent":0.0,"lastname":"Silvola","occupation":"voimalaitoskäyttäjä, pääluottamusmies","advanceVotes":0,"npid":4,"totalVotes":1,"spid":4,"abbr":"SDP","municipalCouncilor":false,"muid":71,"alid":4,"firstname":"Marko","electionDayVotes":1,"pid":"1","finalPosition":0,"electedInformation":"NOT_ELECTED","totalVotesPercent":0.4,"nominatorName":{"fi":"Suomen Sosialidemokraattinen Puolue","sv":"Finlands Socialdemokratiska Parti","en":"The Finnish Social Democratic Party"},"caid":64,"position":0,"gender":"1","comparisonData":{"totalVotes":0,"votesTotalChange":1},"edid":12,"comparativeIndex":0.0,"electionDayVotesPercent":0.7,"nominatorAbbr":{"fi":"SDP","sv":"SDP","en":"SDP"}},{"age":61,"advanceVotesPercent":0.9,"lastname":"Heikkilä","occupation":"lehtori","advanceVotes":1,"npid":5,"totalVotes":1,"spid":2,"abbr":"KOK","municipalCouncilor":false,"muid":71,"alid":5,"firstname":"Raili","electionDayVotes":0,"pid":"4","finalPosition":0,"electedInformation":"NOT_ELECTED","totalVotesPercent":0.4,"nominatorName":{"fi":"Kansallinen Kokoomus","sv":"Samlingspartiet","en":"National Coalition Party"},"caid":67,"position":0,"gender":"2","comparisonData":{"totalVotes":7,"votesTotalChange":-6},"edid":12,"comparativeIndex":0.0,"electionDayVotesPercent":0.0,"nominatorAbbr":{"fi":"KOK","sv":"Saml","en":"NCP"}},{"age":48,"advanceVotesPercent":0.9,"lastname":"Meriläinen","occupation":"yrittäjä","advanceVotes":1,"npid":5,"totalVotes":1,"spid":2,"abbr":"KOK","municipalCouncilor":false,"muid":71,"alid":5,"firstname":"Jari","electionDayVotes":0,"pid":"4","finalPosition":0,"electedInformation":"ON_SUBSTITUTE_PLACE","totalVotesPercent":0.4,"nominatorName":{"fi":"Kansallinen Kokoomus","sv":"Samlingspartiet","en":"National Coalition Party"},"caid":68,"position":0,"gender":"1","comparisonData":{"totalVotes":0,"votesTotalChange":1},"edid":12,"comparativeIndex":0.0,"electionDayVotesPercent":0.0,"nominatorAbbr":{"fi":"KOK","sv":"Saml","en":"NCP"}},{"age":63,"advanceVotesPercent":0.0,"lastname":"Grönfors","occupation":"eläkeläinen","advanceVotes":0,"npid":1,"totalVotes":0,"spid":3,"abbr":"PS","municipalCouncilor":false,"muid":71,"alid":1,"firstname":"Alinda","electionDayVotes":0,"pid":"23","finalPosition":0,"electedInformation":"NOT_ELECTED","totalVotesPercent":0.0,"nominatorName":{"fi":"Perussuomalaiset","sv":"Sannfinländarna","en":"The Finns Party"},"caid":3,"position":0,"gender":"2","comparisonData":{"totalVotes":5,"votesTotalChange":-5},"edid":12,"comparativeIndex":0.0,"electionDayVotesPercent":0.0,"nominatorAbbr":{"fi":"PS","sv":"Sannf","en":"FINNS"}},{"age":55,"advanceVotesPercent":0.0,"lastname":"Jauhiainen","occupation":"maanviljelijä","advanceVotes":0,"npid":1,"totalVotes":0,"spid":3,"abbr":"PS","municipalCouncilor":false,"muid":71,"alid":1,"firstname":"Esko","electionDayVotes":0,"pid":"23","finalPosition":0,"electedInformation":"NOT_ELECTED","totalVotesPercent":0.0,"nominatorName":{"fi":"Perussuomalaiset","sv":"Sannfinländarna","en":"The Finns Party"},"caid":4,"position":0,"gender":"1","comparisonData":{"totalVotes":0,"votesTotalChange":0},"edid":12,"comparativeIndex":0.0,"electionDayVotesPercent":0.0,"nominatorAbbr":{"fi":"PS","sv":"Sannf","en":"FINNS"}},{"age":20,"advanceVotesPercent":0.0,"lastname":"Junno","occupation":"siivooja, opiskelija","advanceVotes":0,"npid":1,"totalVotes":0,"spid":3,"abbr":"PS","municipalCouncilor":false,"muid":71,"alid":1,"firstname":"Reetta","electionDayVotes":0,"pid":"23","finalPosition":0,"electedInformation":"ON_SUBSTITUTE_PLACE","totalVotesPercent":0.0,"nominatorName":{"fi":"Perussuomalaiset","sv":"Sannfinländarna","en":"The Finns Party"},"caid":5,"position":0,"gender":"2","comparisonData":{"totalVotes":0,"votesTotalChange":0},"edid":12,"comparativeIndex":0.0,"electionDayVotesPercent":0.0,"nominatorAbbr":{"fi":"PS","sv":"Sannf","en":"FINNS"}},{"age":39,"advanceVotesPercent":0.0,"lastname":"Keckman","occupation":"autoasentaja","advanceVotes":0,"npid":1,"totalVotes":0,"spid":3,"abbr":"PS","municipalCouncilor":false,"muid":71,"alid":1,"firstname":"Sami","electionDayVotes":0,"pid":"23","finalPosition":0,"electedInformation":"NOT_ELECTED","totalVotesPercent":0.0,"nominatorName":{"fi":"Perussuomalaiset","sv":"Sannfinländarna","en":"The Finns Party"},"caid":6,"position":0,"gender":"1","comparisonData":{"totalVotes":0,"votesTotalChange":0},"edid":12,"comparativeIndex":0.0,"electionDayVotesPercent":0.0,"nominatorAbbr":{"fi":"PS","sv":"Sannf","en":"FINNS"}},{"age":22,"advanceVotesPercent":0.0,"lastname":"Kinnunen","occupation":"talonrakentaja","advanceVotes":0,"npid":1,"totalVotes":0,"spid":3,"abbr":"PS","municipalCouncilor":false,"muid":71,"alid":1,"firstname":"Taneli","electionDayVotes":0,"pid":"23","finalPosition":0,"electedInformation":"ELECTED","totalVotesPercent":0.0,"nominatorName":{"fi":"Perussuomalaiset","sv":"Sannfinländarna","en":"The Finns Party"},"caid":7,"position":0,"gender":"1","comparisonData":{"totalVotes":0,"votesTotalChange":0},"edid":12,"comparativeIndex":0.0,"electionDayVotesPercent":0.0,"nominatorAbbr":{"fi":"PS","sv":"Sannf","en":"FINNS"}},{"age":82,"advanceVotesPercent":0.0,"lastname":"Laitinen","occupation":"eläkeläinen","advanceVotes":0,"npid":1,"totalVotes":0,"spid":3,"abbr":"PS","municipalCouncilor":false,"muid":71,"alid":1,"firstname":"Eino","electionDayVotes":0,"pid":"23","finalPosition":0,"electedInformation":"NOT_ELECTED","totalVotesPercent":0.0,"nominatorName":{"fi":"Perussuomalaiset","sv":"Sannfinländarna","en":"The Finns Party"},"caid":8,"position":0,"gender":"1","comparisonData":{"totalVotes":7,"votesTotalChange":-7},"edid":12,"comparativeIndex":0.0,"electionDayVotesPercent":0.0,"nominatorAbbr":{"fi":"PS","sv":"Sannf","en":"FINNS"}},{"age":40,"advanceVotesPercent":0.0,"lastname":"Männikkö","occupation":"sahatyömies","advanceVotes":0,"npid":1,"totalVotes":0,"spid":3,"abbr":"PS","municipalCouncilor":false,"muid":71,"alid":1,"firstname":"Toni","electionDayVotes":0,"pid":"23","finalPosition":0,"electedInformation":"NOT_ELECTED","totalVotesPercent":0.0,"nominatorName":{"fi":"Perussuomalaiset","sv":"Sannfinländarna","en":"The Finns Party"},"caid":11,"position":0,"gender":"1","comparisonData":{"totalVotes":0,"votesTotalChange":0},"edid":12,"comparativeIndex":0.0,"electionDayVotesPercent":0.0,"nominatorAbbr":{"fi":"PS","sv":"Sannf","en":"FINNS"}},{"age":49,"advanceVotesPercent":0.0,"lastname":"Törmälehto","occupation":"vartija","advanceVotes":0,"npid":1,"totalVotes":0,"spid":3,"abbr":"PS","municipalCouncilor":false,"muid":71,"alid":1,"firstname":"Teijo","electionDayVotes":0,"pid":"23","finalPosition":0,"electedInformation":"NOT_ELECTED","totalVotesPercent":0.0,"nominatorName":{"fi":"Perussuomalaiset","sv":"Sannfinländarna","en":"The Finns Party"},"caid":14,"position":0,"gender":"1","comparisonData":{"totalVotes":8,"votesTotalChange":-8},"edid":12,"comparativeIndex":0.0,"electionDayVotesPercent":0.0,"nominatorAbbr":{"fi":"PS","sv":"Sannf","en":"FINNS"}},{"age":50,"advanceVotesPercent":0.0,"lastname":"Vatjus","occupation":"lomitustyönjohtaja, hieroja","advanceVotes":0,"npid":1,"totalVotes":0,"spid":3,"abbr":"PS","municipalCouncilor":false,"muid":71,"alid":1,"firstname":"Sari","electionDayVotes":0,"pid":"23","finalPosition":0,"electedInformation":"ELECTED","totalVotesPercent":0.0,"nominatorName":{"fi":"Perussuomalaiset","sv":"Sannfinländarna","en":"The Finns Party"},"caid":15,"position":0,"gender":"2","comparisonData":{"totalVotes":0,"votesTotalChange":0},"edid":12,"comparativeIndex":0.0,"electionDayVotesPercent":0.0,"nominatorAbbr":{"fi":"PS","sv":"Sannf","en":"FINNS"}},{"age":33,"advanceVotesPercent":0.0,"lastname":"Vesalainen","occupation":"suurtalouskokki","advanceVotes":0,"npid":1,"totalVotes":0,"spid":3,"abbr":"PS","municipalCouncilor":false,"muid":71,"alid":1,"firstname":"Ari","electionDayVotes":0,"pid":"23","finalPosition":0,"electedInformation":"NOT_ELECTED","totalVotesPercent":0.0,"nominatorName":{"fi":"Perussuomalaiset","sv":"Sannfinländarna","en":"The Finns Party"},"caid":16,"position":0,"gender":"1","comparisonData":{"totalVotes":5,"votesTotalChange":-5},"edid":12,"comparativeIndex":0.0,"electionDayVotesPercent":0.0,"nominatorAbbr":{"fi":"PS","sv":"Sannf","en":"FINNS"}},{"age":33,"advanceVotesPercent":0.0,"lastname":"Viinala","occupation":"lähihoitaja","advanceVotes":0,"npid":1,"totalVotes":0,"spid":3,"abbr":"PS","municipalCouncilor":false,"muid":71,"alid":1,"firstname":"Arja","electionDayVotes":0,"pid":"23","finalPosition":0,"electedInformation":"ON_SUBSTITUTE_PLACE","totalVotesPercent":0.0,"nominatorName":{"fi":"Perussuomalaiset","sv":"Sannfinländarna","en":"The Finns Party"},"caid":17,"position":0,"gender":"2","comparisonData":{"totalVotes":0,"votesTotalChange":0},"edid":12,"comparativeIndex":0.0,"electionDayVotesPercent":0.0,"nominatorAbbr":{"fi":"PS","sv":"Sannf","en":"FINNS"}},{"age":58,"advanceVotesPercent":0.0,"lastname":"Aakko","occupation":"kirvesmies","advanceVotes":0,"npid":2,"totalVotes":0,"spid":6,"abbr":"VAS","municipalCouncilor":false,"muid":71,"alid":2,"firstname":"Aulis","electionDayVotes":0,"pid":"15","finalPosition":0,"electedInformation":"ON_SUBSTITUTE_PLACE","totalVotesPercent":0.0,"nominatorName":{"fi":"Vasemmistoliitto","sv":"Vänsterförbundet","en":"The Left Alliance"},"caid":20,"position":0,"gender":"1","comparisonData":{"totalVotes":25,"votesTotalChange":-25},"edid":12,"comparativeIndex":0.0,"electionDayVotesPercent":0.0,"nominatorAbbr":{"fi":"VAS","sv":"VF","en":"LEFT"}},{"age":28,"advanceVotesPercent":0.0,"lastname":"Aho","occupation":"puutarhuri","advanceVotes":0,"npid":2,"totalVotes":0,"spid":6,"abbr":"VAS","municipalCouncilor":false,"muid":71,"alid":2,"firstname":"Laura","electionDayVotes":0,"pid":"15","finalPosition":0,"electedInformation":"NOT_ELECTED","totalVotesPercent":0.0,"nominatorName":{"fi":"Vasemmistoliitto","sv":"Vänsterförbundet","en":"The Left Alliance"},"caid":21,"position":0,"gender":"2","comparisonData":{"totalVotes":1,"votesTotalChange":-1},"edid":12,"comparativeIndex":0.0,"electionDayVotesPercent":0.0,"nominatorAbbr":{"fi":"VAS","sv":"VF","en":"LEFT"}},{"age":51,"advanceVotesPercent":0.0,"lastname":"Hytinmäki","occupation":"kirvesmies","advanceVotes":0,"npid":2,"totalVotes":0,"spid":6,"abbr":"VAS","municipalCouncilor":false,"muid":71,"alid":2,"firstname":"Heikki","electionDayVotes":0,"pid":"15","finalPosition":0,"electedInformation":"ON_SUBSTITUTE_PLACE","totalVotesPercent":0.0,"nominatorName":{"fi":"Vasemmistoliitto","sv":"Vänsterförbundet","en":"The Left Alliance"},"caid":22,"position":0,"gender":"1","comparisonData":{"totalVotes":12,"votesTotalChange":-12},"edid":12,"comparativeIndex":0.0,"electionDayVotesPercent":0.0,"nominatorAbbr":{"fi":"VAS","sv":"VF","en":"LEFT"}},{"age":47,"advanceVotesPercent":0.0,"lastname":"Kollin","occupation":"järjestelmäasiantuntija","advanceVotes":0,"npid":2,"totalVotes":0,"spid":6,"abbr":"VAS","municipalCouncilor":false,"muid":71,"alid":2,"firstname":"Janne","electionDayVotes":0,"pid":"15","finalPosition":0,"electedInformation":"ON_SUBSTITUTE_PLACE","totalVotesPercent":0.0,"nominatorName":{"fi":"Vasemmistoliitto","sv":"Vänsterförbundet","en":"The Left Alliance"},"caid":27,"position":0,"gender":"1","comparisonData":{"totalVotes":40,"votesTotalChange":-40},"edid":12,"comparativeIndex":0.0,"electionDayVotesPercent":0.0,"nominatorAbbr":{"fi":"VAS","sv":"VF","en":"LEFT"}},{"age":63,"advanceVotesPercent":0.0,"lastname":"Tapia Olguin","occupation":"lastenhoitaja, lähihoitaja","advanceVotes":0,"npid":2,"totalVotes":0,"spid":6,"abbr":"VAS","municipalCouncilor":false,"muid":71,"alid":2,"firstname":"Elvi","electionDayVotes":0,"pid":"15","finalPosition":0,"electedInformation":"NOT_ELECTED","totalVotesPercent":0.0,"nominatorName":{"fi":"Vasemmistoliitto","sv":"Vänsterförbundet","en":"The Left Alliance"},"caid":32,"position":0,"gender":"2","comparisonData":{"totalVotes":4,"votesTotalChange":-4},"edid":12,"comparativeIndex":0.0,"electionDayVotesPercent":0.0,"nominatorAbbr":{"fi":"VAS","sv":"VF","en":"LEFT"}},{"age":39,"advanceVotesPercent":0.0,"lastname":"Törmälehto","occupation":"ympäristötyöntekijä, vartija","advanceVotes":0,"npid":2,"totalVotes":0,"spid":6,"abbr":"VAS","municipalCouncilor":false,"muid":71,"alid":2,"firstname":"Marko","electionDayVotes":0,"pid":"15","finalPosition":0,"electedInformation":"NOT_ELECTED","totalVotesPercent":0.0,"nominatorName":{"fi":"Vasemmistoliitto","sv":"Vänsterförbundet","en":"The Left Alliance"},"caid":33,"position":0,"gender":"1","comparisonData":{"totalVotes":14,"votesTotalChange":-14},"edid":12,"comparativeIndex":0.0,"electionDayVotesPercent":0.0,"nominatorAbbr":{"fi":"VAS","sv":"VF","en":"LEFT"}},{"age":64,"advanceVotesPercent":0.0,"lastname":"Karstunen","occupation":"eläkeläinen","advanceVotes":0,"npid":3,"totalVotes":0,"spid":1,"abbr":"KESK","municipalCouncilor":false,"muid":71,"alid":3,"firstname":"Hannu","electionDayVotes":0,"pid":"2","finalPosition":0,"electedInformation":"ON_SUBSTITUTE_PLACE","totalVotesPercent":0.0,"nominatorName":{"fi":"Suomen Keskusta","sv":"Centern i Finland","en":"Centre Party of Finland"},"caid":40,"position":0,"gender":"1","comparisonData":{"totalVotes":0,"votesTotalChange":0},"edid":12,"comparativeIndex":0.0,"electionDayVotesPercent":0.0,"nominatorAbbr":{"fi":"KESK","sv":"C","en":"CENT"}},{"age":57,"advanceVotesPercent":0.0,"lastname":"Savikoski","occupation":"maanviljelijä, yrittäjä","advanceVotes":0,"npid":3,"totalVotes":0,"spid":1,"abbr":"KESK","municipalCouncilor":true,"muid":71,"alid":3,"firstname":"Outi","electionDayVotes":0,"pid":"2","finalPosition":0,"electedInformation":"ON_SUBSTITUTE_PLACE","totalVotesPercent":0.0,"nominatorName":{"fi":"Suomen Keskusta","sv":"Centern i Finland","en":"Centre Party of Finland"},"caid":54,"position":0,"gender":"2","comparisonData":{"totalVotes":43,"votesTotalChange":-43},"edid":12,"comparativeIndex":0.0,"electionDayVotesPercent":0.0,"nominatorAbbr":{"fi":"KESK","sv":"C","en":"CENT"}},{"age":45,"advanceVotesPercent":0.0,"lastname":"Uusitalo","occupation":"yrittäjä","advanceVotes":0,"npid":3,"totalVotes":0,"spid":1,"abbr":"KESK","municipalCouncilor":false,"muid":71,"alid":3,"firstname":"Marko","electionDayVotes":0,"pid":"2","finalPosition":0,"electedInformation":"ON_SUBSTITUTE_PLACE","totalVotesPercent":0.0,"nominatorName":{"fi":"Suomen Keskusta","sv":"Centern i Finland","en":"Centre Party of Finland"},"caid":59,"position":0,"gender":"1","comparisonData":{"totalVotes":31,"votesTotalChange":-31},"edid":12,"comparativeIndex":0.0,"electionDayVotesPercent":0.0,"nominatorAbbr":{"fi":"KESK","sv":"C","en":"CENT"}},{"age":48,"advanceVotesPercent":0.0,"lastname":"Eriksson","occupation":"yrittäjä, toimitusjohtaja","advanceVotes":0,"npid":5,"totalVotes":0,"spid":2,"abbr":"KOK","municipalCouncilor":false,"muid":71,"alid":5,"firstname":"Peter","electionDayVotes":0,"pid":"4","finalPosition":0,"electedInformation":"NOT_ELECTED","totalVotesPercent":0.0,"nominatorName":{"fi":"Kansallinen Kokoomus","sv":"Samlingspartiet","en":"National Coalition Party"},"caid":65,"position":0,"gender":"1","comparisonData":{"totalVotes":0,"votesTotalChange":0},"edid":12,"comparativeIndex":0.0,"electionDayVotesPercent":0.0,"nominatorAbbr":{"fi":"KOK","sv":"Saml","en":"NCP"}},{"age":77,"advanceVotesPercent":0.0,"lastname":"Pyy","occupation":"lehtori, emerita","advanceVotes":0,"npid":5,"totalVotes":0,"spid":2,"abbr":"KOK","municipalCouncilor":false,"muid":71,"alid":5,"firstname":"Paula","electionDayVotes":0,"pid":"4","finalPosition":0,"electedInformation":"NOT_ELECTED","totalVotesPercent":0.0,"nominatorName":{"fi":"Kansallinen Kokoomus","sv":"Samlingspartiet","en":"National Coalition Party"},"caid":70,"position":0,"gender":"2","comparisonData":{"totalVotes":16,"votesTotalChange":-16},"edid":12,"comparativeIndex":0.0,"electionDayVotesPercent":0.0,"nominatorAbbr":{"fi":"KOK","sv":"Saml","en":"NCP"}},{"age":54,"advanceVotesPercent":0.0,"lastname":"Paavola","occupation":"merkonomi, lehdenjakaja","advanceVotes":0,"npid":5,"totalVotes":0,"spid":2,"abbr":"KOK","municipalCouncilor":false,"muid":71,"alid":5,"firstname":"Tuulikki","electionDayVotes":0,"pid":"4","finalPosition":0,"electedInformation":"NOT_ELECTED","totalVotesPercent":0.0,"nominatorName":{"fi":"Kansallinen Kokoomus","sv":"Samlingspartiet","en":"National Coalition Party"},"caid":71,"position":0,"gender":"2","comparisonData":{"totalVotes":6,"votesTotalChange":-6},"edid":12,"comparativeIndex":0.0,"electionDayVotesPercent":0.0,"nominatorAbbr":{"fi":"KOK","sv":"Saml","en":"NCP"}}],"municipalityPollingDistricts":[{"name":{"fi":"Ainali","sv":"Ainali"},"calculationStatusPercent":100.0,"joinedArea":false,"muid":71,"totalVotingInFinlandTurnout":64.4,"identification":"001","pdid":"001","eligibleVotersInFinlandTotal":289,"edid":12,"mergedToPdid":""},{"name":{"fi":"Mieluskylä","sv":"Mieluskylä"},"calculationStatusPercent":100.0,"joinedArea":false,"muid":71,"totalVotingInFinlandTurnout":62.9,"identification":"002","pdid":"002","eligibleVotersInFinlandTotal":439,"edid":12,"mergedToPdid":""},{"name":{"fi":"Alaranta","sv":"Alaranta"},"calculationStatusPercent":100.0,"joinedArea":false,"muid":71,"totalVotingInFinlandTurnout":56.0,"identification":"003","pdid":"003","eligibleVotersInFinlandTotal":1753,"edid":12,"mergedToPdid":""},{"name":{"fi":"Kirkonkylä","sv":"Kirkonkylä"},"calculationStatusPercent":100.0,"joinedArea":false,"muid":71,"totalVotingInFinlandTurnout":58.8,"identification":"004","pdid":"004","eligibleVotersInFinlandTotal":1480,"edid":12,"mergedToPdid":""},{"name":{"fi":"Kytökylä","sv":"Kytökylä"},"calculationStatusPercent":100.0,"joinedArea":false,"muid":71,"totalVotingInFinlandTurnout":63.6,"identification":"005","pdid":"005","eligibleVotersInFinlandTotal":393,"edid":12,"mergedToPdid":""},{"name":{"fi":"Vattukylä","sv":"Vattukylä"},"calculationStatusPercent":100.0,"joinedArea":false,"muid":71,"totalVotingInFinlandTurnout":64.9,"identification":"006","pdid":"006","eligibleVotersInFinlandTotal":404,"edid":12,"mergedToPdid":""},{"name":{"fi":"Vatjusjärvi","sv":"Vatjusjärvi"},"calculationStatusPercent":100.0,"joinedArea":false,"muid":71,"totalVotingInFinlandTurnout":65.1,"identification":"007","pdid":"007","eligibleVotersInFinlandTotal":516,"edid":12,"mergedToPdid":""}],"municipality":{"muid":71,"edid":12,"name":{"fi":"Haapavesi","sv":"Haapavesi"}}}