{"version":40,"created":"2017-04-09T20:07:58.472Z","electionDetails":{"electionId":"kv2017","electionDate":"2017-04-09T00:00:00.000Z","electionDataPublishTime":"2017-04-09T17:00:00.000Z","name":{"fi":"Kuntavaalit 2017","sv":"Kommunalval 2017","en":"Elections 2017"},"previousElections":{"correspondingCompareElection":{"electionId":"kv2012","electionDate":"2012-10-28T00:00:00.000Z","name":{"fi":"Kuntavaalit 2012","en":"Municipal elections 2012","sv":"Kommunalval 2012"}},"otherCompareElection":{"electionId":"ev2015","electionDate":"2015-04-19T00:00:00.000Z","name":{"fi":"Eduskuntavaalit 2015","en":"Parliamentary election 2015","sv":"Riksdagsval 2015"}}}},"calculationStatus":{"electionDayVotingTurnout":26.3,"invalidAdvanceVotes":3,"calculationPhase":"INITIAL","invalidElectionDayVotes":2,"approvedAdvanceVotes":713,"advanceVotingTurnout":35.5,"totalVotingTurnoutAbroad":0.0,"name":{"fi":"Kirkonkylä","sv":"Kirkonkylä"},"calculationStatusPercent":100.0,"advanceVotes":716,"electionDayVotingTurnoutAbroad":0.0,"approvedTotalVotes":1241,"totalVotes":1246,"muid":601,"totalVotingInFinlandTurnout":61.8,"advanceVotingTurnoutAbroad":0.0,"invalidTotalVotes":5,"totalVotingTurnout":61.8,"electionDayVotes":530,"electionDayVotesInFinland":530,"pdid":"003","totalVotesInFinlandMen":0,"eligibleVotersInFinlandTotal":2015,"calculationStatusPercentElectionDayVotes":100.0,"sourceRecordModificationTime":"20170409214409","otherCompareElection":{"eid":"","eligibleVotersInFinlandTotal":0,"advanceVotingInFinlandTurnout":0.0,"electionDayVotingInFinlandTurnout":0.0,"totalVotingInFinlandTurnout":0.0,"approvedVotesTotal":0,"invalidVotesTotal":0},"correspondingCompareElection":{"eid":"","eligibleVotersInFinlandTotal":0,"advanceVotingInFinlandTurnout":0.0,"electionDayVotingInFinlandTurnout":0.0,"totalVotingInFinlandTurnout":0.0,"approvedVotesTotal":0,"invalidVotesTotal":0,"seats":0},"approvedElectionDayVotes":528,"edid":11,"calculationStatusPercentAdvanceVotes":100.0,"electionDayVotingInFinlandTurnout":26.3,"seats":0,"eligibleVotersTotal":2015,"advanceVotesInFinland":716,"advanceVotingInFinlandTurnout":35.5,"totalVotesInFinland":1246},"partyResults":[{"advanceVotesPercent":35.1,"name":{"fi":"Suomen Keskusta","sv":"Centern i Finland","en":"Centre Party of Finland"},"advanceVotes":250,"npid":5,"totalVotes":425,"spid":1,"abbr":{"fi":"KESK","sv":"C","en":"CENT"},"alid":5,"electionDayVotes":175,"pid":"2","totalVotesPercent":34.2,"nominatorName":{"fi":"Suomen Keskusta","sv":"Centern i Finland","en":"Centre Party of Finland"},"compareData":{"otherCompareElection":{"votesTotalChange":0,"votesTotalPercentChange":0.0,"votesTotal":425,"votesTotalPercent":34.2},"correspondingCompareElection":{"votesTotalChange":0,"votesTotalPercentChange":0.0,"seatChange":0,"votesTotal":425,"votesTotalPercent":34.2,"seatsTotal":0}},"seats":0,"electionDayVotesPercent":33.1,"nominatorAbbr":{"fi":"KESK","sv":"C","en":"CENT"}},{"advanceVotesPercent":27.3,"name":{"fi":"Suomen Sosialidemokraattinen Puolue","sv":"Finlands Socialdemokratiska Parti","en":"The Finnish Social Democratic Party"},"advanceVotes":195,"npid":4,"totalVotes":333,"spid":4,"abbr":{"fi":"SDP","sv":"SDP","en":"SDP"},"alid":4,"electionDayVotes":138,"pid":"1","totalVotesPercent":26.8,"nominatorName":{"fi":"Suomen Sosialidemokraattinen Puolue","sv":"Finlands Socialdemokratiska Parti","en":"The Finnish Social Democratic Party"},"compareData":{"otherCompareElection":{"votesTotalChange":0,"votesTotalPercentChange":0.0,"votesTotal":333,"votesTotalPercent":26.8},"correspondingCompareElection":{"votesTotalChange":0,"votesTotalPercentChange":0.0,"seatChange":0,"votesTotal":333,"votesTotalPercent":26.8,"seatsTotal":0}},"seats":0,"electionDayVotesPercent":26.1,"nominatorAbbr":{"fi":"SDP","sv":"SDP","en":"SDP"}},{"advanceVotesPercent":13.3,"name":{"fi":"Muut ryhmät","sv":"Övriga grupper","en":"Other groups"},"advanceVotes":95,"npid":6,"totalVotes":206,"spid":99,"abbr":{"fi":"Muut","sv":"Övriga","en":"Others"},"alid":6,"electionDayVotes":111,"pid":"6016","totalVotesPercent":16.6,"nominatorName":{"fi":"Pihtiputaan Parhaaksi yhteislista","sv":"Pihtiputaan Parhaaksi yhteislista","en":"Pihtiputaan Parhaaksi yhteislista"},"compareData":{"otherCompareElection":{"votesTotalChange":0,"votesTotalPercentChange":0.0,"votesTotal":206,"votesTotalPercent":16.6},"correspondingCompareElection":{"votesTotalChange":0,"votesTotalPercentChange":0.0,"seatChange":0,"votesTotal":206,"votesTotalPercent":16.6,"seatsTotal":0}},"seats":0,"electionDayVotesPercent":21.0,"nominatorAbbr":{"fi":"YL1","sv":"YL1","en":"YL1"}},{"advanceVotesPercent":8.0,"name":{"fi":"Perussuomalaiset","sv":"Sannfinländarna","en":"The Finns Party"},"advanceVotes":57,"npid":2,"totalVotes":109,"spid":3,"abbr":{"fi":"PS","sv":"Sannf","en":"FINNS"},"alid":2,"electionDayVotes":52,"pid":"23","totalVotesPercent":8.8,"nominatorName":{"fi":"Perussuomalaiset","sv":"Sannfinländarna","en":"The Finns Party"},"compareData":{"otherCompareElection":{"votesTotalChange":0,"votesTotalPercentChange":0.0,"votesTotal":109,"votesTotalPercent":8.8},"correspondingCompareElection":{"votesTotalChange":0,"votesTotalPercentChange":0.0,"seatChange":0,"votesTotal":109,"votesTotalPercent":8.8,"seatsTotal":0}},"seats":0,"electionDayVotesPercent":9.8,"nominatorAbbr":{"fi":"PS","sv":"Sannf","en":"FINNS"}},{"advanceVotesPercent":9.3,"name":{"fi":"Vasemmistoliitto","sv":"Vänsterförbundet","en":"The Left Alliance"},"advanceVotes":66,"npid":3,"totalVotes":96,"spid":6,"abbr":{"fi":"VAS","sv":"VF","en":"LEFT"},"alid":3,"electionDayVotes":30,"pid":"15","totalVotesPercent":7.7,"nominatorName":{"fi":"Vasemmistoliitto","sv":"Vänsterförbundet","en":"The Left Alliance"},"compareData":{"otherCompareElection":{"votesTotalChange":0,"votesTotalPercentChange":0.0,"votesTotal":96,"votesTotalPercent":7.7},"correspondingCompareElection":{"votesTotalChange":0,"votesTotalPercentChange":0.0,"seatChange":0,"votesTotal":96,"votesTotalPercent":7.7,"seatsTotal":0}},"seats":0,"electionDayVotesPercent":5.7,"nominatorAbbr":{"fi":"VAS","sv":"VF","en":"LEFT"}},{"advanceVotesPercent":7.0,"name":{"fi":"Kansallinen Kokoomus","sv":"Samlingspartiet","en":"National Coalition Party"},"advanceVotes":50,"npid":1,"totalVotes":71,"spid":2,"abbr":{"fi":"KOK","sv":"Saml","en":"NCP"},"alid":1,"electionDayVotes":21,"pid":"4","totalVotesPercent":5.7,"nominatorName":{"fi":"Kansallinen Kokoomus","sv":"Samlingspartiet","en":"National Coalition Party"},"compareData":{"otherCompareElection":{"votesTotalChange":0,"votesTotalPercentChange":0.0,"votesTotal":71,"votesTotalPercent":5.7},"correspondingCompareElection":{"votesTotalChange":0,"votesTotalPercentChange":0.0,"seatChange":0,"votesTotal":71,"votesTotalPercent":5.7,"seatsTotal":0}},"seats":0,"electionDayVotesPercent":4.0,"nominatorAbbr":{"fi":"KOK","sv":"Saml","en":"NCP"}},{"advanceVotesPercent":0.0,"name":{"fi":"Muut ryhmät","sv":"Övriga grupper","en":"Other groups"},"advanceVotes":0,"npid":7,"totalVotes":1,"spid":99,"abbr":{"fi":"Muut","sv":"Övriga","en":"Others"},"alid":7,"electionDayVotes":1,"pid":"6017","totalVotesPercent":0.1,"nominatorName":{"fi":"Mauno Sevon","sv":"Mauno Sevon","en":"Mauno Sevon"},"compareData":{"otherCompareElection":{"votesTotalChange":0,"votesTotalPercentChange":0.0,"votesTotal":1,"votesTotalPercent":0.1},"correspondingCompareElection":{"votesTotalChange":0,"votesTotalPercentChange":0.0,"seatChange":0,"votesTotal":1,"votesTotalPercent":0.1,"seatsTotal":0}},"seats":0,"electionDayVotesPercent":0.2,"nominatorAbbr":{"fi":"E81","sv":"E81","en":"E81"}}],"candidateResults":[{"age":61,"advanceVotesPercent":6.3,"lastname":"Räisänen","occupation":"rehtori","advanceVotes":45,"npid":4,"totalVotes":77,"spid":4,"abbr":"SDP","municipalCouncilor":false,"muid":601,"alid":4,"firstname":"Pentti","electionDayVotes":32,"pid":"1","finalPosition":0,"electedInformation":"ELECTED","totalVotesPercent":6.2,"nominatorName":{"fi":"Suomen Sosialidemokraattinen Puolue","sv":"Finlands Socialdemokratiska Parti","en":"The Finnish Social Democratic Party"},"caid":43,"position":0,"gender":"1","comparisonData":{"totalVotes":0,"votesTotalChange":77},"edid":11,"comparativeIndex":0.0,"electionDayVotesPercent":6.1,"nominatorAbbr":{"fi":"SDP","sv":"SDP","en":"SDP"}},{"age":44,"advanceVotesPercent":5.9,"lastname":"Paananen","occupation":"työtoiminnan ohjaaja","advanceVotes":42,"npid":4,"totalVotes":62,"spid":4,"abbr":"SDP","municipalCouncilor":false,"muid":601,"alid":4,"firstname":"Karri","electionDayVotes":20,"pid":"1","finalPosition":0,"electedInformation":"ELECTED","totalVotesPercent":5.0,"nominatorName":{"fi":"Suomen Sosialidemokraattinen Puolue","sv":"Finlands Socialdemokratiska Parti","en":"The Finnish Social Democratic Party"},"caid":39,"position":0,"gender":"1","comparisonData":{"totalVotes":24,"votesTotalChange":38},"edid":11,"comparativeIndex":0.0,"electionDayVotesPercent":3.8,"nominatorAbbr":{"fi":"SDP","sv":"SDP","en":"SDP"}},{"age":58,"advanceVotesPercent":4.8,"lastname":"Kananen","occupation":"kenttämestari","advanceVotes":34,"npid":5,"totalVotes":59,"spid":1,"abbr":"KESK","municipalCouncilor":true,"muid":601,"alid":5,"firstname":"Markku","electionDayVotes":25,"pid":"2","finalPosition":0,"electedInformation":"ELECTED","totalVotesPercent":4.8,"nominatorName":{"fi":"Suomen Keskusta","sv":"Centern i Finland","en":"Centre Party of Finland"},"caid":54,"position":0,"gender":"1","comparisonData":{"totalVotes":75,"votesTotalChange":-16},"edid":11,"comparativeIndex":0.0,"electionDayVotesPercent":4.7,"nominatorAbbr":{"fi":"KESK","sv":"C","en":"CENT"}},{"age":27,"advanceVotesPercent":5.2,"lastname":"Lahtinen","occupation":"yrittäjä","advanceVotes":37,"npid":1,"totalVotes":48,"spid":2,"abbr":"KOK","municipalCouncilor":true,"muid":601,"alid":1,"firstname":"Juuso","electionDayVotes":11,"pid":"4","finalPosition":0,"electedInformation":"ELECTED","totalVotesPercent":3.9,"nominatorName":{"fi":"Kansallinen Kokoomus","sv":"Samlingspartiet","en":"National Coalition Party"},"caid":4,"position":0,"gender":"1","comparisonData":{"totalVotes":48,"votesTotalChange":0},"edid":11,"comparativeIndex":0.0,"electionDayVotesPercent":2.1,"nominatorAbbr":{"fi":"KOK","sv":"Saml","en":"NCP"}},{"age":70,"advanceVotesPercent":3.1,"lastname":"Jämsén","occupation":"eläkeläinen","advanceVotes":22,"npid":4,"totalVotes":46,"spid":4,"abbr":"SDP","municipalCouncilor":true,"muid":601,"alid":4,"firstname":"Reijo","electionDayVotes":24,"pid":"1","finalPosition":0,"electedInformation":"ELECTED","totalVotesPercent":3.7,"nominatorName":{"fi":"Suomen Sosialidemokraattinen Puolue","sv":"Finlands Socialdemokratiska Parti","en":"The Finnish Social Democratic Party"},"caid":33,"position":0,"gender":"1","comparisonData":{"totalVotes":57,"votesTotalChange":-11},"edid":11,"comparativeIndex":0.0,"electionDayVotesPercent":4.5,"nominatorAbbr":{"fi":"SDP","sv":"SDP","en":"SDP"}},{"age":43,"advanceVotesPercent":3.8,"lastname":"Ylälehto","occupation":"yrittäjä","advanceVotes":27,"npid":5,"totalVotes":45,"spid":1,"abbr":"KESK","municipalCouncilor":true,"muid":601,"alid":5,"firstname":"Jani","electionDayVotes":18,"pid":"2","finalPosition":0,"electedInformation":"ELECTED","totalVotesPercent":3.6,"nominatorName":{"fi":"Suomen Keskusta","sv":"Centern i Finland","en":"Centre Party of Finland"},"caid":67,"position":0,"gender":"1","comparisonData":{"totalVotes":87,"votesTotalChange":-42},"edid":11,"comparativeIndex":0.0,"electionDayVotesPercent":3.4,"nominatorAbbr":{"fi":"KESK","sv":"C","en":"CENT"}},{"age":60,"advanceVotesPercent":3.2,"lastname":"Mattola","occupation":"nuorisotyönohjaaja","advanceVotes":23,"npid":6,"totalVotes":44,"spid":99,"abbr":"Muut","municipalCouncilor":false,"muid":601,"alid":6,"firstname":"Tauno","electionDayVotes":21,"pid":"6016","finalPosition":0,"electedInformation":"ELECTED","totalVotesPercent":3.5,"nominatorName":{"fi":"Pihtiputaan Parhaaksi yhteislista","sv":"Pihtiputaan Parhaaksi yhteislista","en":"Pihtiputaan Parhaaksi yhteislista"},"caid":70,"position":0,"gender":"1","comparisonData":{"totalVotes":0,"votesTotalChange":44},"edid":11,"comparativeIndex":0.0,"electionDayVotesPercent":4.0,"nominatorAbbr":{"fi":"YL1","sv":"YL1","en":"YL1"}},{"age":69,"advanceVotesPercent":2.2,"lastname":"Kahilainen","occupation":"tuottaja","advanceVotes":16,"npid":6,"totalVotes":43,"spid":99,"abbr":"Muut","municipalCouncilor":true,"muid":601,"alid":6,"firstname":"Seppo","electionDayVotes":27,"pid":"6016","finalPosition":0,"electedInformation":"ELECTED","totalVotesPercent":3.5,"nominatorName":{"fi":"Pihtiputaan Parhaaksi yhteislista","sv":"Pihtiputaan Parhaaksi yhteislista","en":"Pihtiputaan Parhaaksi yhteislista"},"caid":68,"position":0,"gender":"1","comparisonData":{"totalVotes":81,"votesTotalChange":-38},"edid":11,"comparativeIndex":0.0,"electionDayVotesPercent":5.1,"nominatorAbbr":{"fi":"YL1","sv":"YL1","en":"YL1"}},{"age":39,"advanceVotesPercent":1.4,"lastname":"Skantz","occupation":"yrittäjä","advanceVotes":10,"npid":6,"totalVotes":37,"spid":99,"abbr":"Muut","municipalCouncilor":false,"muid":601,"alid":6,"firstname":"Tuomas","electionDayVotes":27,"pid":"6016","finalPosition":0,"electedInformation":"ELECTED","totalVotesPercent":3.0,"nominatorName":{"fi":"Pihtiputaan Parhaaksi yhteislista","sv":"Pihtiputaan Parhaaksi yhteislista","en":"Pihtiputaan Parhaaksi yhteislista"},"caid":78,"position":0,"gender":"1","comparisonData":{"totalVotes":0,"votesTotalChange":37},"edid":11,"comparativeIndex":0.0,"electionDayVotesPercent":5.1,"nominatorAbbr":{"fi":"YL1","sv":"YL1","en":"YL1"}},{"age":43,"advanceVotesPercent":2.4,"lastname":"Tiainen","occupation":"koneistaja, järjestyksenvalvoja","advanceVotes":17,"npid":2,"totalVotes":34,"spid":3,"abbr":"PS","municipalCouncilor":true,"muid":601,"alid":2,"firstname":"Marko","electionDayVotes":17,"pid":"23","finalPosition":0,"electedInformation":"ELECTED","totalVotesPercent":2.7,"nominatorName":{"fi":"Perussuomalaiset","sv":"Sannfinländarna","en":"The Finns Party"},"caid":23,"position":0,"gender":"1","comparisonData":{"totalVotes":44,"votesTotalChange":-10},"edid":11,"comparativeIndex":0.0,"electionDayVotesPercent":3.2,"nominatorAbbr":{"fi":"PS","sv":"Sannf","en":"FINNS"}},{"age":52,"advanceVotesPercent":2.8,"lastname":"Kangasluoma","occupation":"marketpäällikkö","advanceVotes":20,"npid":5,"totalVotes":34,"spid":1,"abbr":"KESK","municipalCouncilor":false,"muid":601,"alid":5,"firstname":"Taina","electionDayVotes":14,"pid":"2","finalPosition":0,"electedInformation":"ELECTED","totalVotesPercent":2.7,"nominatorName":{"fi":"Suomen Keskusta","sv":"Centern i Finland","en":"Centre Party of Finland"},"caid":55,"position":0,"gender":"2","comparisonData":{"totalVotes":0,"votesTotalChange":34},"edid":11,"comparativeIndex":0.0,"electionDayVotesPercent":2.7,"nominatorAbbr":{"fi":"KESK","sv":"C","en":"CENT"}},{"age":70,"advanceVotesPercent":2.9,"lastname":"Saastamoinen","occupation":"vapaaehtoistyöntekijä","advanceVotes":21,"npid":3,"totalVotes":32,"spid":6,"abbr":"VAS","municipalCouncilor":true,"muid":601,"alid":3,"firstname":"Tapio","electionDayVotes":11,"pid":"15","finalPosition":0,"electedInformation":"ELECTED","totalVotesPercent":2.6,"nominatorName":{"fi":"Vasemmistoliitto","sv":"Vänsterförbundet","en":"The Left Alliance"},"caid":31,"position":0,"gender":"1","comparisonData":{"totalVotes":73,"votesTotalChange":-41},"edid":11,"comparativeIndex":0.0,"electionDayVotesPercent":2.1,"nominatorAbbr":{"fi":"VAS","sv":"VF","en":"LEFT"}},{"age":35,"advanceVotesPercent":2.0,"lastname":"Jämsén","occupation":"autonkuljettaja","advanceVotes":14,"npid":4,"totalVotes":29,"spid":4,"abbr":"SDP","municipalCouncilor":true,"muid":601,"alid":4,"firstname":"Tomi","electionDayVotes":15,"pid":"1","finalPosition":0,"electedInformation":"ELECTED","totalVotesPercent":2.3,"nominatorName":{"fi":"Suomen Sosialidemokraattinen Puolue","sv":"Finlands Socialdemokratiska Parti","en":"The Finnish Social Democratic Party"},"caid":34,"position":0,"gender":"1","comparisonData":{"totalVotes":43,"votesTotalChange":-14},"edid":11,"comparativeIndex":0.0,"electionDayVotesPercent":2.8,"nominatorAbbr":{"fi":"SDP","sv":"SDP","en":"SDP"}},{"age":49,"advanceVotesPercent":2.9,"lastname":"Aho","occupation":"metsäasiantuntija","advanceVotes":21,"npid":5,"totalVotes":29,"spid":1,"abbr":"KESK","municipalCouncilor":false,"muid":601,"alid":5,"firstname":"Hannu","electionDayVotes":8,"pid":"2","finalPosition":0,"electedInformation":"ELECTED","totalVotesPercent":2.3,"nominatorName":{"fi":"Suomen Keskusta","sv":"Centern i Finland","en":"Centre Party of Finland"},"caid":46,"position":0,"gender":"1","comparisonData":{"totalVotes":0,"votesTotalChange":29},"edid":11,"comparativeIndex":0.0,"electionDayVotesPercent":1.5,"nominatorAbbr":{"fi":"KESK","sv":"C","en":"CENT"}},{"age":38,"advanceVotesPercent":2.7,"lastname":"Jämsén","occupation":"maatalousyrittäjä","advanceVotes":19,"npid":5,"totalVotes":29,"spid":1,"abbr":"KESK","municipalCouncilor":true,"muid":601,"alid":5,"firstname":"Teppo","electionDayVotes":10,"pid":"2","finalPosition":0,"electedInformation":"ELECTED","totalVotesPercent":2.3,"nominatorName":{"fi":"Suomen Keskusta","sv":"Centern i Finland","en":"Centre Party of Finland"},"caid":52,"position":0,"gender":"1","comparisonData":{"totalVotes":103,"votesTotalChange":-74},"edid":11,"comparativeIndex":0.0,"electionDayVotesPercent":1.9,"nominatorAbbr":{"fi":"KESK","sv":"C","en":"CENT"}},{"age":44,"advanceVotesPercent":2.1,"lastname":"Mikkonen","occupation":"lähihoitaja, tradenomi","advanceVotes":15,"npid":5,"totalVotes":29,"spid":1,"abbr":"KESK","municipalCouncilor":false,"muid":601,"alid":5,"firstname":"Tuulia","electionDayVotes":14,"pid":"2","finalPosition":0,"electedInformation":"ELECTED","totalVotesPercent":2.3,"nominatorName":{"fi":"Suomen Keskusta","sv":"Centern i Finland","en":"Centre Party of Finland"},"caid":60,"position":0,"gender":"2","comparisonData":{"totalVotes":0,"votesTotalChange":29},"edid":11,"comparativeIndex":0.0,"electionDayVotesPercent":2.7,"nominatorAbbr":{"fi":"KESK","sv":"C","en":"CENT"}},{"age":42,"advanceVotesPercent":2.4,"lastname":"Logren","occupation":"lähihoitaja","advanceVotes":17,"npid":4,"totalVotes":27,"spid":4,"abbr":"SDP","municipalCouncilor":false,"muid":601,"alid":4,"firstname":"Marjo","electionDayVotes":10,"pid":"1","finalPosition":0,"electedInformation":"ELECTED","totalVotesPercent":2.2,"nominatorName":{"fi":"Suomen Sosialidemokraattinen Puolue","sv":"Finlands Socialdemokratiska Parti","en":"The Finnish Social Democratic Party"},"caid":37,"position":0,"gender":"2","comparisonData":{"totalVotes":27,"votesTotalChange":0},"edid":11,"comparativeIndex":0.0,"electionDayVotesPercent":1.9,"nominatorAbbr":{"fi":"SDP","sv":"SDP","en":"SDP"}},{"age":62,"advanceVotesPercent":1.7,"lastname":"Parkkonen","occupation":"yrittäjä","advanceVotes":12,"npid":4,"totalVotes":27,"spid":4,"abbr":"SDP","municipalCouncilor":true,"muid":601,"alid":4,"firstname":"Kari","electionDayVotes":15,"pid":"1","finalPosition":0,"electedInformation":"ELECTED","totalVotesPercent":2.2,"nominatorName":{"fi":"Suomen Sosialidemokraattinen Puolue","sv":"Finlands Socialdemokratiska Parti","en":"The Finnish Social Democratic Party"},"caid":42,"position":0,"gender":"1","comparisonData":{"totalVotes":59,"votesTotalChange":-32},"edid":11,"comparativeIndex":0.0,"electionDayVotesPercent":2.8,"nominatorAbbr":{"fi":"SDP","sv":"SDP","en":"SDP"}},{"age":69,"advanceVotesPercent":1.4,"lastname":"Kananen","occupation":"eläkeläinen, yrittäjä","advanceVotes":10,"npid":5,"totalVotes":24,"spid":1,"abbr":"KESK","municipalCouncilor":true,"muid":601,"alid":5,"firstname":"Erkki","electionDayVotes":14,"pid":"2","finalPosition":0,"electedInformation":"ELECTED","totalVotesPercent":1.9,"nominatorName":{"fi":"Suomen Keskusta","sv":"Centern i Finland","en":"Centre Party of Finland"},"caid":53,"position":0,"gender":"1","comparisonData":{"totalVotes":62,"votesTotalChange":-38},"edid":11,"comparativeIndex":0.0,"electionDayVotesPercent":2.7,"nominatorAbbr":{"fi":"KESK","sv":"C","en":"CENT"}},{"age":54,"advanceVotesPercent":2.0,"lastname":"Pietiläinen","occupation":"maaseutuyrittäjä","advanceVotes":14,"npid":5,"totalVotes":24,"spid":1,"abbr":"KESK","municipalCouncilor":true,"muid":601,"alid":5,"firstname":"Ismo","electionDayVotes":10,"pid":"2","finalPosition":0,"electedInformation":"ON_SUBSTITUTE_PLACE","totalVotesPercent":1.9,"nominatorName":{"fi":"Suomen Keskusta","sv":"Centern i Finland","en":"Centre Party of Finland"},"caid":62,"position":0,"gender":"1","comparisonData":{"totalVotes":45,"votesTotalChange":-21},"edid":11,"comparativeIndex":0.0,"electionDayVotesPercent":1.9,"nominatorAbbr":{"fi":"KESK","sv":"C","en":"CENT"}},{"age":67,"advanceVotesPercent":2.1,"lastname":"Sutinen","occupation":"rikosylikonstaapeli evp, eläkeläinen","advanceVotes":15,"npid":5,"totalVotes":24,"spid":1,"abbr":"KESK","municipalCouncilor":true,"muid":601,"alid":5,"firstname":"Pekka","electionDayVotes":9,"pid":"2","finalPosition":0,"electedInformation":"ELECTED","totalVotesPercent":1.9,"nominatorName":{"fi":"Suomen Keskusta","sv":"Centern i Finland","en":"Centre Party of Finland"},"caid":65,"position":0,"gender":"1","comparisonData":{"totalVotes":77,"votesTotalChange":-53},"edid":11,"comparativeIndex":0.0,"electionDayVotesPercent":1.7,"nominatorAbbr":{"fi":"KESK","sv":"C","en":"CENT"}},{"age":50,"advanceVotesPercent":2.5,"lastname":"Hjelmeroos-Haapasalo","occupation":"FM, opettaja","advanceVotes":18,"npid":5,"totalVotes":23,"spid":1,"abbr":"KESK","municipalCouncilor":true,"muid":601,"alid":5,"firstname":"Heli","electionDayVotes":5,"pid":"2","finalPosition":0,"electedInformation":"ON_SUBSTITUTE_PLACE","totalVotesPercent":1.9,"nominatorName":{"fi":"Suomen Keskusta","sv":"Centern i Finland","en":"Centre Party of Finland"},"caid":49,"position":0,"gender":"2","comparisonData":{"totalVotes":48,"votesTotalChange":-25},"edid":11,"comparativeIndex":0.0,"electionDayVotesPercent":0.9,"nominatorAbbr":{"fi":"KESK","sv":"C","en":"CENT"}},{"age":51,"advanceVotesPercent":1.7,"lastname":"Hollanti","occupation":"maatalousyrittäjä","advanceVotes":12,"npid":5,"totalVotes":23,"spid":1,"abbr":"KESK","municipalCouncilor":true,"muid":601,"alid":5,"firstname":"Jyrki","electionDayVotes":11,"pid":"2","finalPosition":0,"electedInformation":"ELECTED","totalVotesPercent":1.9,"nominatorName":{"fi":"Suomen Keskusta","sv":"Centern i Finland","en":"Centre Party of Finland"},"caid":50,"position":0,"gender":"1","comparisonData":{"totalVotes":70,"votesTotalChange":-47},"edid":11,"comparativeIndex":0.0,"electionDayVotesPercent":2.1,"nominatorAbbr":{"fi":"KESK","sv":"C","en":"CENT"}},{"age":62,"advanceVotesPercent":2.2,"lastname":"Ihalainen","occupation":"kirvesmies","advanceVotes":16,"npid":3,"totalVotes":22,"spid":6,"abbr":"VAS","municipalCouncilor":false,"muid":601,"alid":3,"firstname":"Jarmo","electionDayVotes":6,"pid":"15","finalPosition":0,"electedInformation":"ELECTED","totalVotesPercent":1.8,"nominatorName":{"fi":"Vasemmistoliitto","sv":"Vänsterförbundet","en":"The Left Alliance"},"caid":27,"position":0,"gender":"1","comparisonData":{"totalVotes":0,"votesTotalChange":22},"edid":11,"comparativeIndex":0.0,"electionDayVotesPercent":1.1,"nominatorAbbr":{"fi":"VAS","sv":"VF","en":"LEFT"}},{"age":62,"advanceVotesPercent":2.0,"lastname":"Nykänen","occupation":"seuratoimihenkilö","advanceVotes":14,"npid":6,"totalVotes":21,"spid":99,"abbr":"Muut","municipalCouncilor":false,"muid":601,"alid":6,"firstname":"Onni","electionDayVotes":7,"pid":"6016","finalPosition":0,"electedInformation":"ELECTED","totalVotesPercent":1.7,"nominatorName":{"fi":"Pihtiputaan Parhaaksi yhteislista","sv":"Pihtiputaan Parhaaksi yhteislista","en":"Pihtiputaan Parhaaksi yhteislista"},"caid":71,"position":0,"gender":"1","comparisonData":{"totalVotes":0,"votesTotalChange":21},"edid":11,"comparativeIndex":0.0,"electionDayVotesPercent":1.3,"nominatorAbbr":{"fi":"YL1","sv":"YL1","en":"YL1"}},{"age":39,"advanceVotesPercent":1.7,"lastname":"Karvonen","occupation":"pääluottamusmies, työpajanohjaaja","advanceVotes":12,"npid":3,"totalVotes":20,"spid":6,"abbr":"VAS","municipalCouncilor":false,"muid":601,"alid":3,"firstname":"Juha","electionDayVotes":8,"pid":"15","finalPosition":0,"electedInformation":"ON_SUBSTITUTE_PLACE","totalVotesPercent":1.6,"nominatorName":{"fi":"Vasemmistoliitto","sv":"Vänsterförbundet","en":"The Left Alliance"},"caid":28,"position":0,"gender":"1","comparisonData":{"totalVotes":0,"votesTotalChange":20},"edid":11,"comparativeIndex":0.0,"electionDayVotesPercent":1.5,"nominatorAbbr":{"fi":"VAS","sv":"VF","en":"LEFT"}},{"age":56,"advanceVotesPercent":1.3,"lastname":"Soisalo","occupation":"nuohooja, yrittäjä","advanceVotes":9,"npid":6,"totalVotes":20,"spid":99,"abbr":"Muut","municipalCouncilor":false,"muid":601,"alid":6,"firstname":"Tuomo","electionDayVotes":11,"pid":"6016","finalPosition":0,"electedInformation":"ON_SUBSTITUTE_PLACE","totalVotesPercent":1.6,"nominatorName":{"fi":"Pihtiputaan Parhaaksi yhteislista","sv":"Pihtiputaan Parhaaksi yhteislista","en":"Pihtiputaan Parhaaksi yhteislista"},"caid":69,"position":0,"gender":"1","comparisonData":{"totalVotes":0,"votesTotalChange":20},"edid":11,"comparativeIndex":0.0,"electionDayVotesPercent":2.1,"nominatorAbbr":{"fi":"YL1","sv":"YL1","en":"YL1"}},{"age":35,"advanceVotesPercent":2.0,"lastname":"Marttinen","occupation":"sairaanhoitaja","advanceVotes":14,"npid":3,"totalVotes":17,"spid":6,"abbr":"VAS","municipalCouncilor":true,"muid":601,"alid":3,"firstname":"Heli","electionDayVotes":3,"pid":"15","finalPosition":0,"electedInformation":"ON_SUBSTITUTE_PLACE","totalVotesPercent":1.4,"nominatorName":{"fi":"Vasemmistoliitto","sv":"Vänsterförbundet","en":"The Left Alliance"},"caid":29,"position":0,"gender":"2","comparisonData":{"totalVotes":20,"votesTotalChange":-3},"edid":11,"comparativeIndex":0.0,"electionDayVotesPercent":0.6,"nominatorAbbr":{"fi":"VAS","sv":"VF","en":"LEFT"}},{"age":64,"advanceVotesPercent":1.8,"lastname":"Paananen","occupation":"kirjanpitäjä","advanceVotes":13,"npid":4,"totalVotes":17,"spid":4,"abbr":"SDP","municipalCouncilor":false,"muid":601,"alid":4,"firstname":"Terttu","electionDayVotes":4,"pid":"1","finalPosition":0,"electedInformation":"ON_SUBSTITUTE_PLACE","totalVotesPercent":1.4,"nominatorName":{"fi":"Suomen Sosialidemokraattinen Puolue","sv":"Finlands Socialdemokratiska Parti","en":"The Finnish Social Democratic Party"},"caid":40,"position":0,"gender":"2","comparisonData":{"totalVotes":0,"votesTotalChange":17},"edid":11,"comparativeIndex":0.0,"electionDayVotesPercent":0.8,"nominatorAbbr":{"fi":"SDP","sv":"SDP","en":"SDP"}},{"age":48,"advanceVotesPercent":1.4,"lastname":"Kananen","occupation":"ravitsemistyönjohtaja","advanceVotes":10,"npid":4,"totalVotes":16,"spid":4,"abbr":"SDP","municipalCouncilor":false,"muid":601,"alid":4,"firstname":"Aira","electionDayVotes":6,"pid":"1","finalPosition":0,"electedInformation":"ON_SUBSTITUTE_PLACE","totalVotesPercent":1.3,"nominatorName":{"fi":"Suomen Sosialidemokraattinen Puolue","sv":"Finlands Socialdemokratiska Parti","en":"The Finnish Social Democratic Party"},"caid":35,"position":0,"gender":"2","comparisonData":{"totalVotes":0,"votesTotalChange":16},"edid":11,"comparativeIndex":0.0,"electionDayVotesPercent":1.1,"nominatorAbbr":{"fi":"SDP","sv":"SDP","en":"SDP"}},{"age":59,"advanceVotesPercent":1.0,"lastname":"Närhi","occupation":"talousvastaava","advanceVotes":7,"npid":5,"totalVotes":16,"spid":1,"abbr":"KESK","municipalCouncilor":true,"muid":601,"alid":5,"firstname":"Sirpa","electionDayVotes":9,"pid":"2","finalPosition":0,"electedInformation":"ELECTED","totalVotesPercent":1.3,"nominatorName":{"fi":"Suomen Keskusta","sv":"Centern i Finland","en":"Centre Party of Finland"},"caid":61,"position":0,"gender":"2","comparisonData":{"totalVotes":61,"votesTotalChange":-45},"edid":11,"comparativeIndex":0.0,"electionDayVotesPercent":1.7,"nominatorAbbr":{"fi":"KESK","sv":"C","en":"CENT"}},{"age":62,"advanceVotesPercent":1.5,"lastname":"Kiljala","occupation":"lääkäri","advanceVotes":11,"npid":5,"totalVotes":15,"spid":1,"abbr":"KESK","municipalCouncilor":true,"muid":601,"alid":5,"firstname":"Eija","electionDayVotes":4,"pid":"2","finalPosition":0,"electedInformation":"ON_SUBSTITUTE_PLACE","totalVotesPercent":1.2,"nominatorName":{"fi":"Suomen Keskusta","sv":"Centern i Finland","en":"Centre Party of Finland"},"caid":56,"position":0,"gender":"2","comparisonData":{"totalVotes":63,"votesTotalChange":-48},"edid":11,"comparativeIndex":0.0,"electionDayVotesPercent":0.8,"nominatorAbbr":{"fi":"KESK","sv":"C","en":"CENT"}},{"age":40,"advanceVotesPercent":0.8,"lastname":"Ahola","occupation":"yrittäjä","advanceVotes":6,"npid":5,"totalVotes":12,"spid":1,"abbr":"KESK","municipalCouncilor":false,"muid":601,"alid":5,"firstname":"Jaana","electionDayVotes":6,"pid":"2","finalPosition":0,"electedInformation":"ELECTED","totalVotesPercent":1.0,"nominatorName":{"fi":"Suomen Keskusta","sv":"Centern i Finland","en":"Centre Party of Finland"},"caid":47,"position":0,"gender":"2","comparisonData":{"totalVotes":0,"votesTotalChange":12},"edid":11,"comparativeIndex":0.0,"electionDayVotesPercent":1.1,"nominatorAbbr":{"fi":"KESK","sv":"C","en":"CENT"}},{"age":61,"advanceVotesPercent":0.8,"lastname":"Pärnänen","occupation":"maanviljelijä","advanceVotes":6,"npid":5,"totalVotes":10,"spid":1,"abbr":"KESK","municipalCouncilor":true,"muid":601,"alid":5,"firstname":"Raimo","electionDayVotes":4,"pid":"2","finalPosition":0,"electedInformation":"ELECTED","totalVotesPercent":0.8,"nominatorName":{"fi":"Suomen Keskusta","sv":"Centern i Finland","en":"Centre Party of Finland"},"caid":64,"position":0,"gender":"1","comparisonData":{"totalVotes":48,"votesTotalChange":-38},"edid":11,"comparativeIndex":0.0,"electionDayVotesPercent":0.8,"nominatorAbbr":{"fi":"KESK","sv":"C","en":"CENT"}},{"age":41,"advanceVotesPercent":1.0,"lastname":"Manninen","occupation":"yrittäjä, eläkeläinen","advanceVotes":7,"npid":6,"totalVotes":10,"spid":99,"abbr":"Muut","municipalCouncilor":false,"muid":601,"alid":6,"firstname":"Jarkko","electionDayVotes":3,"pid":"6016","finalPosition":0,"electedInformation":"ON_SUBSTITUTE_PLACE","totalVotesPercent":0.8,"nominatorName":{"fi":"Pihtiputaan Parhaaksi yhteislista","sv":"Pihtiputaan Parhaaksi yhteislista","en":"Pihtiputaan Parhaaksi yhteislista"},"caid":73,"position":0,"gender":"1","comparisonData":{"totalVotes":0,"votesTotalChange":10},"edid":11,"comparativeIndex":0.0,"electionDayVotesPercent":0.6,"nominatorAbbr":{"fi":"YL1","sv":"YL1","en":"YL1"}},{"age":70,"advanceVotesPercent":0.7,"lastname":"Pasanen","occupation":"kirvesmies, eläkeläinen","advanceVotes":5,"npid":2,"totalVotes":9,"spid":3,"abbr":"PS","municipalCouncilor":false,"muid":601,"alid":2,"firstname":"Sulo","electionDayVotes":4,"pid":"23","finalPosition":0,"electedInformation":"NOT_ELECTED","totalVotesPercent":0.7,"nominatorName":{"fi":"Perussuomalaiset","sv":"Sannfinländarna","en":"The Finns Party"},"caid":20,"position":0,"gender":"1","comparisonData":{"totalVotes":0,"votesTotalChange":9},"edid":11,"comparativeIndex":0.0,"electionDayVotesPercent":0.8,"nominatorAbbr":{"fi":"PS","sv":"Sannf","en":"FINNS"}},{"age":62,"advanceVotesPercent":0.8,"lastname":"Paananen","occupation":"mediamyyjä","advanceVotes":6,"npid":4,"totalVotes":9,"spid":4,"abbr":"SDP","municipalCouncilor":false,"muid":601,"alid":4,"firstname":"Helena","electionDayVotes":3,"pid":"1","finalPosition":0,"electedInformation":"ON_SUBSTITUTE_PLACE","totalVotesPercent":0.7,"nominatorName":{"fi":"Suomen Sosialidemokraattinen Puolue","sv":"Finlands Socialdemokratiska Parti","en":"The Finnish Social Democratic Party"},"caid":38,"position":0,"gender":"2","comparisonData":{"totalVotes":0,"votesTotalChange":9},"edid":11,"comparativeIndex":0.0,"electionDayVotesPercent":0.6,"nominatorAbbr":{"fi":"SDP","sv":"SDP","en":"SDP"}},{"age":69,"advanceVotesPercent":0.7,"lastname":"Sorri","occupation":"eläkeläinen","advanceVotes":5,"npid":4,"totalVotes":9,"spid":4,"abbr":"SDP","municipalCouncilor":false,"muid":601,"alid":4,"firstname":"Annikki","electionDayVotes":4,"pid":"1","finalPosition":0,"electedInformation":"ON_SUBSTITUTE_PLACE","totalVotesPercent":0.7,"nominatorName":{"fi":"Suomen Sosialidemokraattinen Puolue","sv":"Finlands Socialdemokratiska Parti","en":"The Finnish Social Democratic Party"},"caid":44,"position":0,"gender":"2","comparisonData":{"totalVotes":0,"votesTotalChange":9},"edid":11,"comparativeIndex":0.0,"electionDayVotesPercent":0.8,"nominatorAbbr":{"fi":"SDP","sv":"SDP","en":"SDP"}},{"age":36,"advanceVotesPercent":0.1,"lastname":"Paananen","occupation":"yrittäjä, autoilija","advanceVotes":1,"npid":2,"totalVotes":8,"spid":3,"abbr":"PS","municipalCouncilor":false,"muid":601,"alid":2,"firstname":"Ari","electionDayVotes":7,"pid":"23","finalPosition":0,"electedInformation":"NOT_ELECTED","totalVotesPercent":0.6,"nominatorName":{"fi":"Perussuomalaiset","sv":"Sannfinländarna","en":"The Finns Party"},"caid":19,"position":0,"gender":"1","comparisonData":{"totalVotes":0,"votesTotalChange":8},"edid":11,"comparativeIndex":0.0,"electionDayVotesPercent":1.3,"nominatorAbbr":{"fi":"PS","sv":"Sannf","en":"FINNS"}},{"age":39,"advanceVotesPercent":0.7,"lastname":"Tiainen","occupation":"laitoshuoltaja","advanceVotes":5,"npid":2,"totalVotes":8,"spid":3,"abbr":"PS","municipalCouncilor":false,"muid":601,"alid":2,"firstname":"Marjo","electionDayVotes":3,"pid":"23","finalPosition":0,"electedInformation":"NOT_ELECTED","totalVotesPercent":0.6,"nominatorName":{"fi":"Perussuomalaiset","sv":"Sannfinländarna","en":"The Finns Party"},"caid":22,"position":0,"gender":"2","comparisonData":{"totalVotes":14,"votesTotalChange":-6},"edid":11,"comparativeIndex":0.0,"electionDayVotesPercent":0.6,"nominatorAbbr":{"fi":"PS","sv":"Sannf","en":"FINNS"}},{"age":39,"advanceVotesPercent":0.6,"lastname":"Mikkonen","occupation":"palvelujohtaja","advanceVotes":4,"npid":6,"totalVotes":8,"spid":99,"abbr":"Muut","municipalCouncilor":false,"muid":601,"alid":6,"firstname":"Maria","electionDayVotes":4,"pid":"6016","finalPosition":0,"electedInformation":"ON_SUBSTITUTE_PLACE","totalVotesPercent":0.6,"nominatorName":{"fi":"Pihtiputaan Parhaaksi yhteislista","sv":"Pihtiputaan Parhaaksi yhteislista","en":"Pihtiputaan Parhaaksi yhteislista"},"caid":76,"position":0,"gender":"2","comparisonData":{"totalVotes":0,"votesTotalChange":8},"edid":11,"comparativeIndex":0.0,"electionDayVotesPercent":0.8,"nominatorAbbr":{"fi":"YL1","sv":"YL1","en":"YL1"}},{"age":66,"advanceVotesPercent":0.6,"lastname":"Lohtander","occupation":"yrittäjä","advanceVotes":4,"npid":1,"totalVotes":7,"spid":2,"abbr":"KOK","municipalCouncilor":false,"muid":601,"alid":1,"firstname":"Helka","electionDayVotes":3,"pid":"4","finalPosition":0,"electedInformation":"ON_SUBSTITUTE_PLACE","totalVotesPercent":0.6,"nominatorName":{"fi":"Kansallinen Kokoomus","sv":"Samlingspartiet","en":"National Coalition Party"},"caid":5,"position":0,"gender":"2","comparisonData":{"totalVotes":9,"votesTotalChange":-2},"edid":11,"comparativeIndex":0.0,"electionDayVotesPercent":0.6,"nominatorAbbr":{"fi":"KOK","sv":"Saml","en":"NCP"}},{"age":31,"advanceVotesPercent":0.3,"lastname":"Varha","occupation":"johtava liikenneopettaja","advanceVotes":2,"npid":2,"totalVotes":7,"spid":3,"abbr":"PS","municipalCouncilor":false,"muid":601,"alid":2,"firstname":"Antti","electionDayVotes":5,"pid":"23","finalPosition":0,"electedInformation":"NOT_ELECTED","totalVotesPercent":0.6,"nominatorName":{"fi":"Perussuomalaiset","sv":"Sannfinländarna","en":"The Finns Party"},"caid":25,"position":0,"gender":"1","comparisonData":{"totalVotes":0,"votesTotalChange":7},"edid":11,"comparativeIndex":0.0,"electionDayVotesPercent":0.9,"nominatorAbbr":{"fi":"PS","sv":"Sannf","en":"FINNS"}},{"age":55,"advanceVotesPercent":0.6,"lastname":"Hämäläinen","occupation":"mv, putkiasentaja","advanceVotes":4,"npid":5,"totalVotes":7,"spid":1,"abbr":"KESK","municipalCouncilor":false,"muid":601,"alid":5,"firstname":"Jouni","electionDayVotes":3,"pid":"2","finalPosition":0,"electedInformation":"ON_SUBSTITUTE_PLACE","totalVotesPercent":0.6,"nominatorName":{"fi":"Suomen Keskusta","sv":"Centern i Finland","en":"Centre Party of Finland"},"caid":51,"position":0,"gender":"1","comparisonData":{"totalVotes":0,"votesTotalChange":7},"edid":11,"comparativeIndex":0.0,"electionDayVotesPercent":0.6,"nominatorAbbr":{"fi":"KESK","sv":"C","en":"CENT"}},{"age":69,"advanceVotesPercent":0.7,"lastname":"Kivinen","occupation":"eläkeläinen","advanceVotes":5,"npid":5,"totalVotes":7,"spid":1,"abbr":"KESK","municipalCouncilor":true,"muid":601,"alid":5,"firstname":"Paula","electionDayVotes":2,"pid":"2","finalPosition":0,"electedInformation":"ON_SUBSTITUTE_PLACE","totalVotesPercent":0.6,"nominatorName":{"fi":"Suomen Keskusta","sv":"Centern i Finland","en":"Centre Party of Finland"},"caid":57,"position":0,"gender":"2","comparisonData":{"totalVotes":53,"votesTotalChange":-46},"edid":11,"comparativeIndex":0.0,"electionDayVotesPercent":0.4,"nominatorAbbr":{"fi":"KESK","sv":"C","en":"CENT"}},{"age":49,"advanceVotesPercent":0.6,"lastname":"Järvelin","occupation":"yrittäjä","advanceVotes":4,"npid":6,"totalVotes":7,"spid":99,"abbr":"Muut","municipalCouncilor":false,"muid":601,"alid":6,"firstname":"Kimmo","electionDayVotes":3,"pid":"6016","finalPosition":0,"electedInformation":"NOT_ELECTED","totalVotesPercent":0.6,"nominatorName":{"fi":"Pihtiputaan Parhaaksi yhteislista","sv":"Pihtiputaan Parhaaksi yhteislista","en":"Pihtiputaan Parhaaksi yhteislista"},"caid":75,"position":0,"gender":"1","comparisonData":{"totalVotes":11,"votesTotalChange":-4},"edid":11,"comparativeIndex":0.0,"electionDayVotesPercent":0.6,"nominatorAbbr":{"fi":"YL1","sv":"YL1","en":"YL1"}},{"age":55,"advanceVotesPercent":0.1,"lastname":"Arvola","occupation":"yrittäjä","advanceVotes":1,"npid":1,"totalVotes":6,"spid":2,"abbr":"KOK","municipalCouncilor":false,"muid":601,"alid":1,"firstname":"Raija","electionDayVotes":5,"pid":"4","finalPosition":0,"electedInformation":"NOT_ELECTED","totalVotesPercent":0.5,"nominatorName":{"fi":"Kansallinen Kokoomus","sv":"Samlingspartiet","en":"National Coalition Party"},"caid":2,"position":0,"gender":"2","comparisonData":{"totalVotes":19,"votesTotalChange":-13},"edid":11,"comparativeIndex":0.0,"electionDayVotesPercent":0.9,"nominatorAbbr":{"fi":"KOK","sv":"Saml","en":"NCP"}},{"age":38,"advanceVotesPercent":0.8,"lastname":"Matilainen","occupation":"yrittäjä","advanceVotes":6,"npid":2,"totalVotes":6,"spid":3,"abbr":"PS","municipalCouncilor":false,"muid":601,"alid":2,"firstname":"Jukka","electionDayVotes":0,"pid":"23","finalPosition":0,"electedInformation":"ON_SUBSTITUTE_PLACE","totalVotesPercent":0.5,"nominatorName":{"fi":"Perussuomalaiset","sv":"Sannfinländarna","en":"The Finns Party"},"caid":15,"position":0,"gender":"1","comparisonData":{"totalVotes":0,"votesTotalChange":6},"edid":11,"comparativeIndex":0.0,"electionDayVotesPercent":0.0,"nominatorAbbr":{"fi":"PS","sv":"Sannf","en":"FINNS"}},{"age":38,"advanceVotesPercent":0.4,"lastname":"Paananen","occupation":"lähihoitaja","advanceVotes":3,"npid":4,"totalVotes":6,"spid":4,"abbr":"SDP","municipalCouncilor":false,"muid":601,"alid":4,"firstname":"Virve","electionDayVotes":3,"pid":"1","finalPosition":0,"electedInformation":"ON_SUBSTITUTE_PLACE","totalVotesPercent":0.5,"nominatorName":{"fi":"Suomen Sosialidemokraattinen Puolue","sv":"Finlands Socialdemokratiska Parti","en":"The Finnish Social Democratic Party"},"caid":41,"position":0,"gender":"2","comparisonData":{"totalVotes":0,"votesTotalChange":6},"edid":11,"comparativeIndex":0.0,"electionDayVotesPercent":0.6,"nominatorAbbr":{"fi":"SDP","sv":"SDP","en":"SDP"}},{"age":19,"advanceVotesPercent":0.7,"lastname":"Pennala","occupation":"opiskelija","advanceVotes":5,"npid":1,"totalVotes":5,"spid":2,"abbr":"KOK","municipalCouncilor":false,"muid":601,"alid":1,"firstname":"Antti","electionDayVotes":0,"pid":"4","finalPosition":0,"electedInformation":"NOT_ELECTED","totalVotesPercent":0.4,"nominatorName":{"fi":"Kansallinen Kokoomus","sv":"Samlingspartiet","en":"National Coalition Party"},"caid":7,"position":0,"gender":"1","comparisonData":{"totalVotes":0,"votesTotalChange":5},"edid":11,"comparativeIndex":0.0,"electionDayVotesPercent":0.0,"nominatorAbbr":{"fi":"KOK","sv":"Saml","en":"NCP"}},{"age":38,"advanceVotesPercent":0.1,"lastname":"Ikonen","occupation":"liikenneopettaja","advanceVotes":1,"npid":2,"totalVotes":5,"spid":3,"abbr":"PS","municipalCouncilor":false,"muid":601,"alid":2,"firstname":"Miikka","electionDayVotes":4,"pid":"23","finalPosition":0,"electedInformation":"NOT_ELECTED","totalVotesPercent":0.4,"nominatorName":{"fi":"Perussuomalaiset","sv":"Sannfinländarna","en":"The Finns Party"},"caid":9,"position":0,"gender":"1","comparisonData":{"totalVotes":0,"votesTotalChange":5},"edid":11,"comparativeIndex":0.0,"electionDayVotesPercent":0.8,"nominatorAbbr":{"fi":"PS","sv":"Sannf","en":"FINNS"}},{"age":66,"advanceVotesPercent":0.3,"lastname":"Kolehmainen","occupation":"eläkeläinen","advanceVotes":2,"npid":2,"totalVotes":5,"spid":3,"abbr":"PS","municipalCouncilor":true,"muid":601,"alid":2,"firstname":"Heikki","electionDayVotes":3,"pid":"23","finalPosition":0,"electedInformation":"NOT_ELECTED","totalVotesPercent":0.4,"nominatorName":{"fi":"Perussuomalaiset","sv":"Sannfinländarna","en":"The Finns Party"},"caid":13,"position":0,"gender":"1","comparisonData":{"totalVotes":44,"votesTotalChange":-39},"edid":11,"comparativeIndex":0.0,"electionDayVotesPercent":0.6,"nominatorAbbr":{"fi":"PS","sv":"Sannf","en":"FINNS"}},{"age":66,"advanceVotesPercent":0.4,"lastname":"Pennanen","occupation":"eläkeläinen","advanceVotes":3,"npid":3,"totalVotes":5,"spid":6,"abbr":"VAS","municipalCouncilor":false,"muid":601,"alid":3,"firstname":"Tuula","electionDayVotes":2,"pid":"15","finalPosition":0,"electedInformation":"NOT_ELECTED","totalVotesPercent":0.4,"nominatorName":{"fi":"Vasemmistoliitto","sv":"Vänsterförbundet","en":"The Left Alliance"},"caid":30,"position":0,"gender":"2","comparisonData":{"totalVotes":0,"votesTotalChange":5},"edid":11,"comparativeIndex":0.0,"electionDayVotesPercent":0.4,"nominatorAbbr":{"fi":"VAS","sv":"VF","en":"LEFT"}},{"age":66,"advanceVotesPercent":0.1,"lastname":"Kuha","occupation":"yrittäjä","advanceVotes":1,"npid":5,"totalVotes":5,"spid":1,"abbr":"KESK","municipalCouncilor":false,"muid":601,"alid":5,"firstname":"Martti","electionDayVotes":4,"pid":"2","finalPosition":0,"electedInformation":"ON_SUBSTITUTE_PLACE","totalVotesPercent":0.4,"nominatorName":{"fi":"Suomen Keskusta","sv":"Centern i Finland","en":"Centre Party of Finland"},"caid":58,"position":0,"gender":"1","comparisonData":{"totalVotes":23,"votesTotalChange":-18},"edid":11,"comparativeIndex":0.0,"electionDayVotesPercent":0.8,"nominatorAbbr":{"fi":"KESK","sv":"C","en":"CENT"}},{"age":58,"advanceVotesPercent":0.3,"lastname":"Mäkelä-Varis","occupation":"hammashoitaja","advanceVotes":2,"npid":6,"totalVotes":5,"spid":99,"abbr":"Muut","municipalCouncilor":false,"muid":601,"alid":6,"firstname":"Terttu","electionDayVotes":3,"pid":"6016","finalPosition":0,"electedInformation":"NOT_ELECTED","totalVotesPercent":0.4,"nominatorName":{"fi":"Pihtiputaan Parhaaksi yhteislista","sv":"Pihtiputaan Parhaaksi yhteislista","en":"Pihtiputaan Parhaaksi yhteislista"},"caid":77,"position":0,"gender":"2","comparisonData":{"totalVotes":0,"votesTotalChange":5},"edid":11,"comparativeIndex":0.0,"electionDayVotesPercent":0.6,"nominatorAbbr":{"fi":"YL1","sv":"YL1","en":"YL1"}},{"age":68,"advanceVotesPercent":0.3,"lastname":"Hytönen","occupation":"yrittäjä","advanceVotes":2,"npid":1,"totalVotes":4,"spid":2,"abbr":"KOK","municipalCouncilor":false,"muid":601,"alid":1,"firstname":"Pentti","electionDayVotes":2,"pid":"4","finalPosition":0,"electedInformation":"ON_SUBSTITUTE_PLACE","totalVotesPercent":0.3,"nominatorName":{"fi":"Kansallinen Kokoomus","sv":"Samlingspartiet","en":"National Coalition Party"},"caid":3,"position":0,"gender":"1","comparisonData":{"totalVotes":3,"votesTotalChange":1},"edid":11,"comparativeIndex":0.0,"electionDayVotesPercent":0.4,"nominatorAbbr":{"fi":"KOK","sv":"Saml","en":"NCP"}},{"age":37,"advanceVotesPercent":0.4,"lastname":"Haikara","occupation":"maalaamon työntekijä","advanceVotes":3,"npid":2,"totalVotes":4,"spid":3,"abbr":"PS","municipalCouncilor":false,"muid":601,"alid":2,"firstname":"Minna","electionDayVotes":1,"pid":"23","finalPosition":0,"electedInformation":"NOT_ELECTED","totalVotesPercent":0.3,"nominatorName":{"fi":"Perussuomalaiset","sv":"Sannfinländarna","en":"The Finns Party"},"caid":8,"position":0,"gender":"2","comparisonData":{"totalVotes":0,"votesTotalChange":4},"edid":11,"comparativeIndex":0.0,"electionDayVotesPercent":0.2,"nominatorAbbr":{"fi":"PS","sv":"Sannf","en":"FINNS"}},{"age":32,"advanceVotesPercent":0.1,"lastname":"Nenye","occupation":"rakennusmies","advanceVotes":1,"npid":2,"totalVotes":4,"spid":3,"abbr":"PS","municipalCouncilor":false,"muid":601,"alid":2,"firstname":"Niko","electionDayVotes":3,"pid":"23","finalPosition":0,"electedInformation":"NOT_ELECTED","totalVotesPercent":0.3,"nominatorName":{"fi":"Perussuomalaiset","sv":"Sannfinländarna","en":"The Finns Party"},"caid":17,"position":0,"gender":"1","comparisonData":{"totalVotes":29,"votesTotalChange":-25},"edid":11,"comparativeIndex":0.0,"electionDayVotesPercent":0.6,"nominatorAbbr":{"fi":"PS","sv":"Sannf","en":"FINNS"}},{"age":49,"advanceVotesPercent":0.6,"lastname":"Vouti","occupation":"lähihoitajaopiskelija","advanceVotes":4,"npid":4,"totalVotes":4,"spid":4,"abbr":"SDP","municipalCouncilor":false,"muid":601,"alid":4,"firstname":"Kirsi","electionDayVotes":0,"pid":"1","finalPosition":0,"electedInformation":"NOT_ELECTED","totalVotesPercent":0.3,"nominatorName":{"fi":"Suomen Sosialidemokraattinen Puolue","sv":"Finlands Socialdemokratiska Parti","en":"The Finnish Social Democratic Party"},"caid":45,"position":0,"gender":"2","comparisonData":{"totalVotes":0,"votesTotalChange":4},"edid":11,"comparativeIndex":0.0,"electionDayVotesPercent":0.0,"nominatorAbbr":{"fi":"SDP","sv":"SDP","en":"SDP"}},{"age":48,"advanceVotesPercent":0.1,"lastname":"Ahomaa","occupation":"maatalouslomittaja, luottamusmies","advanceVotes":1,"npid":5,"totalVotes":4,"spid":1,"abbr":"KESK","municipalCouncilor":false,"muid":601,"alid":5,"firstname":"Päivi","electionDayVotes":3,"pid":"2","finalPosition":0,"electedInformation":"ON_SUBSTITUTE_PLACE","totalVotesPercent":0.3,"nominatorName":{"fi":"Suomen Keskusta","sv":"Centern i Finland","en":"Centre Party of Finland"},"caid":48,"position":0,"gender":"2","comparisonData":{"totalVotes":0,"votesTotalChange":4},"edid":11,"comparativeIndex":0.0,"electionDayVotesPercent":0.6,"nominatorAbbr":{"fi":"KESK","sv":"C","en":"CENT"}},{"age":62,"advanceVotesPercent":0.3,"lastname":"Pärnänen","occupation":"työtön","advanceVotes":2,"npid":5,"totalVotes":4,"spid":1,"abbr":"KESK","municipalCouncilor":false,"muid":601,"alid":5,"firstname":"Markku","electionDayVotes":2,"pid":"2","finalPosition":0,"electedInformation":"ON_SUBSTITUTE_PLACE","totalVotesPercent":0.3,"nominatorName":{"fi":"Suomen Keskusta","sv":"Centern i Finland","en":"Centre Party of Finland"},"caid":63,"position":0,"gender":"1","comparisonData":{"totalVotes":3,"votesTotalChange":1},"edid":11,"comparativeIndex":0.0,"electionDayVotesPercent":0.4,"nominatorAbbr":{"fi":"KESK","sv":"C","en":"CENT"}},{"age":52,"advanceVotesPercent":0.3,"lastname":"Pasanen","occupation":"mediamyyjä","advanceVotes":2,"npid":6,"totalVotes":4,"spid":99,"abbr":"Muut","municipalCouncilor":false,"muid":601,"alid":6,"firstname":"Paula","electionDayVotes":2,"pid":"6016","finalPosition":0,"electedInformation":"ON_SUBSTITUTE_PLACE","totalVotesPercent":0.3,"nominatorName":{"fi":"Pihtiputaan Parhaaksi yhteislista","sv":"Pihtiputaan Parhaaksi yhteislista","en":"Pihtiputaan Parhaaksi yhteislista"},"caid":72,"position":0,"gender":"2","comparisonData":{"totalVotes":0,"votesTotalChange":4},"edid":11,"comparativeIndex":0.0,"electionDayVotesPercent":0.4,"nominatorAbbr":{"fi":"YL1","sv":"YL1","en":"YL1"}},{"age":40,"advanceVotesPercent":0.1,"lastname":"Kumpulainen","occupation":"yrittäjä","advanceVotes":1,"npid":6,"totalVotes":4,"spid":99,"abbr":"Muut","municipalCouncilor":false,"muid":601,"alid":6,"firstname":"Mervi","electionDayVotes":3,"pid":"6016","finalPosition":0,"electedInformation":"NOT_ELECTED","totalVotesPercent":0.3,"nominatorName":{"fi":"Pihtiputaan Parhaaksi yhteislista","sv":"Pihtiputaan Parhaaksi yhteislista","en":"Pihtiputaan Parhaaksi yhteislista"},"caid":74,"position":0,"gender":"2","comparisonData":{"totalVotes":0,"votesTotalChange":4},"edid":11,"comparativeIndex":0.0,"electionDayVotesPercent":0.6,"nominatorAbbr":{"fi":"YL1","sv":"YL1","en":"YL1"}},{"age":42,"advanceVotesPercent":0.3,"lastname":"Karppinen","occupation":"myyjä","advanceVotes":2,"npid":2,"totalVotes":3,"spid":3,"abbr":"PS","municipalCouncilor":false,"muid":601,"alid":2,"firstname":"Minna","electionDayVotes":1,"pid":"23","finalPosition":0,"electedInformation":"ELECTED","totalVotesPercent":0.2,"nominatorName":{"fi":"Perussuomalaiset","sv":"Sannfinländarna","en":"The Finns Party"},"caid":11,"position":0,"gender":"2","comparisonData":{"totalVotes":0,"votesTotalChange":3},"edid":11,"comparativeIndex":0.0,"electionDayVotesPercent":0.2,"nominatorAbbr":{"fi":"PS","sv":"Sannf","en":"FINNS"}},{"age":40,"advanceVotesPercent":0.1,"lastname":"Kolehmainen","occupation":"koneistaja","advanceVotes":1,"npid":2,"totalVotes":3,"spid":3,"abbr":"PS","municipalCouncilor":false,"muid":601,"alid":2,"firstname":"Jorma","electionDayVotes":2,"pid":"23","finalPosition":0,"electedInformation":"ON_SUBSTITUTE_PLACE","totalVotesPercent":0.2,"nominatorName":{"fi":"Perussuomalaiset","sv":"Sannfinländarna","en":"The Finns Party"},"caid":14,"position":0,"gender":"1","comparisonData":{"totalVotes":0,"votesTotalChange":3},"edid":11,"comparativeIndex":0.0,"electionDayVotesPercent":0.4,"nominatorAbbr":{"fi":"PS","sv":"Sannf","en":"FINNS"}},{"age":61,"advanceVotesPercent":0.4,"lastname":"Saarinen","occupation":"kirvesmies, eläkeläinen","advanceVotes":3,"npid":2,"totalVotes":3,"spid":3,"abbr":"PS","municipalCouncilor":false,"muid":601,"alid":2,"firstname":"Ilpo","electionDayVotes":0,"pid":"23","finalPosition":0,"electedInformation":"NOT_ELECTED","totalVotesPercent":0.2,"nominatorName":{"fi":"Perussuomalaiset","sv":"Sannfinländarna","en":"The Finns Party"},"caid":21,"position":0,"gender":"1","comparisonData":{"totalVotes":0,"votesTotalChange":3},"edid":11,"comparativeIndex":0.0,"electionDayVotesPercent":0.0,"nominatorAbbr":{"fi":"PS","sv":"Sannf","en":"FINNS"}},{"age":55,"advanceVotesPercent":0.4,"lastname":"Tilli","occupation":"eläkeläinen","advanceVotes":3,"npid":2,"totalVotes":3,"spid":3,"abbr":"PS","municipalCouncilor":false,"muid":601,"alid":2,"firstname":"Anne-Maria","electionDayVotes":0,"pid":"23","finalPosition":0,"electedInformation":"NOT_ELECTED","totalVotesPercent":0.2,"nominatorName":{"fi":"Perussuomalaiset","sv":"Sannfinländarna","en":"The Finns Party"},"caid":24,"position":0,"gender":"2","comparisonData":{"totalVotes":42,"votesTotalChange":-39},"edid":11,"comparativeIndex":0.0,"electionDayVotesPercent":0.0,"nominatorAbbr":{"fi":"PS","sv":"Sannf","en":"FINNS"}},{"age":60,"advanceVotesPercent":0.1,"lastname":"Vehviläinen","occupation":"siivooja, ompelija","advanceVotes":1,"npid":2,"totalVotes":3,"spid":3,"abbr":"PS","municipalCouncilor":false,"muid":601,"alid":2,"firstname":"Virpi","electionDayVotes":2,"pid":"23","finalPosition":0,"electedInformation":"NOT_ELECTED","totalVotesPercent":0.2,"nominatorName":{"fi":"Perussuomalaiset","sv":"Sannfinländarna","en":"The Finns Party"},"caid":26,"position":0,"gender":"2","comparisonData":{"totalVotes":0,"votesTotalChange":3},"edid":11,"comparativeIndex":0.0,"electionDayVotesPercent":0.4,"nominatorAbbr":{"fi":"PS","sv":"Sannf","en":"FINNS"}},{"age":22,"advanceVotesPercent":0.3,"lastname":"Jetsonen","occupation":"yhdistelmäajoneuvonkuljettaja","advanceVotes":2,"npid":4,"totalVotes":3,"spid":4,"abbr":"SDP","municipalCouncilor":false,"muid":601,"alid":4,"firstname":"Sakari","electionDayVotes":1,"pid":"1","finalPosition":0,"electedInformation":"ON_SUBSTITUTE_PLACE","totalVotesPercent":0.2,"nominatorName":{"fi":"Suomen Sosialidemokraattinen Puolue","sv":"Finlands Socialdemokratiska Parti","en":"The Finnish Social Democratic Party"},"caid":32,"position":0,"gender":"1","comparisonData":{"totalVotes":0,"votesTotalChange":3},"edid":11,"comparativeIndex":0.0,"electionDayVotesPercent":0.2,"nominatorAbbr":{"fi":"SDP","sv":"SDP","en":"SDP"}},{"age":52,"advanceVotesPercent":0.4,"lastname":"Kahilainen","occupation":"yrittäjä","advanceVotes":3,"npid":6,"totalVotes":3,"spid":99,"abbr":"Muut","municipalCouncilor":false,"muid":601,"alid":6,"firstname":"Marko","electionDayVotes":0,"pid":"6016","finalPosition":0,"electedInformation":"NOT_ELECTED","totalVotesPercent":0.2,"nominatorName":{"fi":"Pihtiputaan Parhaaksi yhteislista","sv":"Pihtiputaan Parhaaksi yhteislista","en":"Pihtiputaan Parhaaksi yhteislista"},"caid":79,"position":0,"gender":"1","comparisonData":{"totalVotes":0,"votesTotalChange":3},"edid":11,"comparativeIndex":0.0,"electionDayVotesPercent":0.0,"nominatorAbbr":{"fi":"YL1","sv":"YL1","en":"YL1"}},{"age":62,"advanceVotesPercent":0.3,"lastname":"Metsälä","occupation":"yo-merkonomi, työtön","advanceVotes":2,"npid":2,"totalVotes":2,"spid":3,"abbr":"PS","municipalCouncilor":false,"muid":601,"alid":2,"firstname":"Risto","electionDayVotes":0,"pid":"23","finalPosition":0,"electedInformation":"NOT_ELECTED","totalVotesPercent":0.2,"nominatorName":{"fi":"Perussuomalaiset","sv":"Sannfinländarna","en":"The Finns Party"},"caid":16,"position":0,"gender":"1","comparisonData":{"totalVotes":0,"votesTotalChange":2},"edid":11,"comparativeIndex":0.0,"electionDayVotesPercent":0.0,"nominatorAbbr":{"fi":"PS","sv":"Sannf","en":"FINNS"}},{"age":61,"advanceVotesPercent":0.3,"lastname":"Kärkkäinen","occupation":"maatalousyrittäjä, kauppias","advanceVotes":2,"npid":5,"totalVotes":2,"spid":1,"abbr":"KESK","municipalCouncilor":false,"muid":601,"alid":5,"firstname":"Pekka","electionDayVotes":0,"pid":"2","finalPosition":0,"electedInformation":"ON_SUBSTITUTE_PLACE","totalVotesPercent":0.2,"nominatorName":{"fi":"Suomen Keskusta","sv":"Centern i Finland","en":"Centre Party of Finland"},"caid":59,"position":0,"gender":"1","comparisonData":{"totalVotes":24,"votesTotalChange":-22},"edid":11,"comparativeIndex":0.0,"electionDayVotesPercent":0.0,"nominatorAbbr":{"fi":"KESK","sv":"C","en":"CENT"}},{"age":64,"advanceVotesPercent":0.1,"lastname":"Maalahti","occupation":"yrittäjä","advanceVotes":1,"npid":1,"totalVotes":1,"spid":2,"abbr":"KOK","municipalCouncilor":false,"muid":601,"alid":1,"firstname":"Pirkko","electionDayVotes":0,"pid":"4","finalPosition":0,"electedInformation":"NOT_ELECTED","totalVotesPercent":0.1,"nominatorName":{"fi":"Kansallinen Kokoomus","sv":"Samlingspartiet","en":"National Coalition Party"},"caid":6,"position":0,"gender":"2","comparisonData":{"totalVotes":7,"votesTotalChange":-6},"edid":11,"comparativeIndex":0.0,"electionDayVotesPercent":0.0,"nominatorAbbr":{"fi":"KOK","sv":"Saml","en":"NCP"}},{"age":56,"advanceVotesPercent":0.1,"lastname":"Kahelin","occupation":"varastomies, puuseppä","advanceVotes":1,"npid":2,"totalVotes":1,"spid":3,"abbr":"PS","municipalCouncilor":false,"muid":601,"alid":2,"firstname":"Martti","electionDayVotes":0,"pid":"23","finalPosition":0,"electedInformation":"NOT_ELECTED","totalVotesPercent":0.1,"nominatorName":{"fi":"Perussuomalaiset","sv":"Sannfinländarna","en":"The Finns Party"},"caid":10,"position":0,"gender":"1","comparisonData":{"totalVotes":0,"votesTotalChange":1},"edid":11,"comparativeIndex":0.0,"electionDayVotesPercent":0.0,"nominatorAbbr":{"fi":"PS","sv":"Sannf","en":"FINNS"}},{"age":37,"advanceVotesPercent":0.1,"lastname":"Paananen","occupation":"toimistotyöntekijä","advanceVotes":1,"npid":2,"totalVotes":1,"spid":3,"abbr":"PS","municipalCouncilor":false,"muid":601,"alid":2,"firstname":"Annika","electionDayVotes":0,"pid":"23","finalPosition":0,"electedInformation":"NOT_ELECTED","totalVotesPercent":0.1,"nominatorName":{"fi":"Perussuomalaiset","sv":"Sannfinländarna","en":"The Finns Party"},"caid":18,"position":0,"gender":"2","comparisonData":{"totalVotes":0,"votesTotalChange":1},"edid":11,"comparativeIndex":0.0,"electionDayVotesPercent":0.0,"nominatorAbbr":{"fi":"PS","sv":"Sannf","en":"FINNS"}},{"age":30,"advanceVotesPercent":0.0,"lastname":"Kivimaa","occupation":"hevostalouden opiskelija","advanceVotes":0,"npid":4,"totalVotes":1,"spid":4,"abbr":"SDP","municipalCouncilor":false,"muid":601,"alid":4,"firstname":"Petra","electionDayVotes":1,"pid":"1","finalPosition":0,"electedInformation":"NOT_ELECTED","totalVotesPercent":0.1,"nominatorName":{"fi":"Suomen Sosialidemokraattinen Puolue","sv":"Finlands Socialdemokratiska Parti","en":"The Finnish Social Democratic Party"},"caid":36,"position":0,"gender":"2","comparisonData":{"totalVotes":0,"votesTotalChange":1},"edid":11,"comparativeIndex":0.0,"electionDayVotesPercent":0.2,"nominatorAbbr":{"fi":"SDP","sv":"SDP","en":"SDP"}},{"age":51,"advanceVotesPercent":0.0,"lastname":"Sevon","occupation":"agrologi","advanceVotes":0,"npid":7,"totalVotes":1,"spid":99,"abbr":"Muut","municipalCouncilor":false,"muid":601,"alid":7,"firstname":"Mauno","electionDayVotes":1,"pid":"6017","finalPosition":0,"electedInformation":"NOT_ELECTED","totalVotesPercent":0.1,"nominatorName":{"fi":"Mauno Sevon","sv":"Mauno Sevon","en":"Mauno Sevon"},"caid":81,"position":0,"gender":"1","comparisonData":{"totalVotes":0,"votesTotalChange":1},"edid":11,"comparativeIndex":0.0,"electionDayVotesPercent":0.2,"nominatorAbbr":{"fi":"E81","sv":"E81","en":"E81"}},{"age":73,"advanceVotesPercent":0.0,"lastname":"Kenttälä","occupation":"kodinhoitaja, eläkeläinen","advanceVotes":0,"npid":2,"totalVotes":0,"spid":3,"abbr":"PS","municipalCouncilor":false,"muid":601,"alid":2,"firstname":"Heljä","electionDayVotes":0,"pid":"23","finalPosition":0,"electedInformation":"NOT_ELECTED","totalVotesPercent":0.0,"nominatorName":{"fi":"Perussuomalaiset","sv":"Sannfinländarna","en":"The Finns Party"},"caid":12,"position":0,"gender":"2","comparisonData":{"totalVotes":8,"votesTotalChange":-8},"edid":11,"comparativeIndex":0.0,"electionDayVotesPercent":0.0,"nominatorAbbr":{"fi":"PS","sv":"Sannf","en":"FINNS"}},{"age":58,"advanceVotesPercent":0.0,"lastname":"Toikkanen","occupation":"eläkeläinen","advanceVotes":0,"npid":5,"totalVotes":0,"spid":1,"abbr":"KESK","municipalCouncilor":false,"muid":601,"alid":5,"firstname":"Irma","electionDayVotes":0,"pid":"2","finalPosition":0,"electedInformation":"ON_SUBSTITUTE_PLACE","totalVotesPercent":0.0,"nominatorName":{"fi":"Suomen Keskusta","sv":"Centern i Finland","en":"Centre Party of Finland"},"caid":66,"position":0,"gender":"2","comparisonData":{"totalVotes":7,"votesTotalChange":-7},"edid":11,"comparativeIndex":0.0,"electionDayVotesPercent":0.0,"nominatorAbbr":{"fi":"KESK","sv":"C","en":"CENT"}},{"age":53,"advanceVotesPercent":0.0,"lastname":"Tiainen","occupation":"yrittäjä","advanceVotes":0,"npid":6,"totalVotes":0,"spid":99,"abbr":"Muut","municipalCouncilor":false,"muid":601,"alid":6,"firstname":"Arto","electionDayVotes":0,"pid":"6016","finalPosition":0,"electedInformation":"NOT_ELECTED","totalVotesPercent":0.0,"nominatorName":{"fi":"Pihtiputaan Parhaaksi yhteislista","sv":"Pihtiputaan Parhaaksi yhteislista","en":"Pihtiputaan Parhaaksi yhteislista"},"caid":80,"position":0,"gender":"1","comparisonData":{"totalVotes":0,"votesTotalChange":0},"edid":11,"comparativeIndex":0.0,"electionDayVotesPercent":0.0,"nominatorAbbr":{"fi":"YL1","sv":"YL1","en":"YL1"}}],"municipalityPollingDistricts":[{"name":{"fi":"Alvajärvi","sv":"Alvajärvi"},"calculationStatusPercent":100.0,"joinedArea":false,"muid":601,"totalVotingInFinlandTurnout":71.1,"identification":"001","pdid":"001","eligibleVotersInFinlandTotal":197,"edid":11,"mergedToPdid":""},{"name":{"fi":"Elämäjärvi-Peninki","sv":"Elämäjärvi-Peninki"},"calculationStatusPercent":100.0,"joinedArea":false,"muid":601,"totalVotingInFinlandTurnout":62.2,"identification":"002","pdid":"002","eligibleVotersInFinlandTotal":381,"edid":11,"mergedToPdid":""},{"name":{"fi":"Kirkonkylä","sv":"Kirkonkylä"},"calculationStatusPercent":100.0,"joinedArea":false,"muid":601,"totalVotingInFinlandTurnout":61.8,"identification":"003","pdid":"003","eligibleVotersInFinlandTotal":2015,"edid":11,"mergedToPdid":""},{"name":{"fi":"Korppinen","sv":"Korppinen"},"calculationStatusPercent":100.0,"joinedArea":false,"muid":601,"totalVotingInFinlandTurnout":66.1,"identification":"004","pdid":"004","eligibleVotersInFinlandTotal":310,"edid":11,"mergedToPdid":""},{"name":{"fi":"Muurasjärvi","sv":"Muurasjärvi"},"calculationStatusPercent":100.0,"joinedArea":false,"muid":601,"totalVotingInFinlandTurnout":63.8,"identification":"005","pdid":"005","eligibleVotersInFinlandTotal":475,"edid":11,"mergedToPdid":""}],"municipality":{"muid":601,"edid":11,"name":{"fi":"Pihtipudas","sv":"Pihtipudas"}}}