{"version":40,"created":"2017-04-09T20:07:58.091Z","electionDetails":{"electionId":"kv2017","electionDate":"2017-04-09T00:00:00.000Z","electionDataPublishTime":"2017-04-09T17:00:00.000Z","name":{"fi":"Kuntavaalit 2017","sv":"Kommunalval 2017","en":"Elections 2017"},"previousElections":{"correspondingCompareElection":{"electionId":"kv2012","electionDate":"2012-10-28T00:00:00.000Z","name":{"fi":"Kuntavaalit 2012","en":"Municipal elections 2012","sv":"Kommunalval 2012"}},"otherCompareElection":{"electionId":"ev2015","electionDate":"2015-04-19T00:00:00.000Z","name":{"fi":"Eduskuntavaalit 2015","en":"Parliamentary election 2015","sv":"Riksdagsval 2015"}}}},"calculationStatus":{"electionDayVotingTurnout":24.8,"invalidAdvanceVotes":4,"calculationPhase":"INITIAL","invalidElectionDayVotes":7,"approvedAdvanceVotes":1190,"advanceVotingTurnout":32.1,"totalVotingTurnoutAbroad":0.0,"name":{"fi":"Keskustan läntinen","sv":"Keskustan läntinen"},"calculationStatusPercent":100.0,"advanceVotes":1194,"electionDayVotingTurnoutAbroad":0.0,"approvedTotalVotes":2106,"totalVotes":2117,"muid":249,"totalVotingInFinlandTurnout":57.0,"advanceVotingTurnoutAbroad":0.0,"invalidTotalVotes":11,"totalVotingTurnout":57.0,"electionDayVotes":923,"electionDayVotesInFinland":923,"pdid":"001","totalVotesInFinlandMen":0,"eligibleVotersInFinlandTotal":3716,"calculationStatusPercentElectionDayVotes":100.0,"sourceRecordModificationTime":"20170409212149","otherCompareElection":{"eid":"","eligibleVotersInFinlandTotal":0,"advanceVotingInFinlandTurnout":0.0,"electionDayVotingInFinlandTurnout":0.0,"totalVotingInFinlandTurnout":0.0,"approvedVotesTotal":0,"invalidVotesTotal":0},"correspondingCompareElection":{"eid":"","eligibleVotersInFinlandTotal":0,"advanceVotingInFinlandTurnout":0.0,"electionDayVotingInFinlandTurnout":0.0,"totalVotingInFinlandTurnout":0.0,"approvedVotesTotal":0,"invalidVotesTotal":0,"seats":0},"approvedElectionDayVotes":916,"edid":11,"calculationStatusPercentAdvanceVotes":100.0,"electionDayVotingInFinlandTurnout":24.8,"seats":0,"eligibleVotersTotal":3716,"advanceVotesInFinland":1194,"advanceVotingInFinlandTurnout":32.1,"totalVotesInFinland":2117},"partyResults":[{"advanceVotesPercent":34.6,"name":{"fi":"Suomen Sosialidemokraattinen Puolue","sv":"Finlands Socialdemokratiska Parti","en":"The Finnish Social Democratic Party"},"advanceVotes":412,"npid":3,"totalVotes":690,"spid":4,"abbr":{"fi":"SDP","sv":"SDP","en":"SDP"},"alid":3,"electionDayVotes":278,"pid":"1","totalVotesPercent":32.8,"nominatorName":{"fi":"Suomen Sosialidemokraattinen Puolue","sv":"Finlands Socialdemokratiska Parti","en":"The Finnish Social Democratic Party"},"compareData":{"otherCompareElection":{"votesTotalChange":0,"votesTotalPercentChange":0.0,"votesTotal":690,"votesTotalPercent":32.8},"correspondingCompareElection":{"votesTotalChange":0,"votesTotalPercentChange":0.0,"seatChange":0,"votesTotal":690,"votesTotalPercent":32.8,"seatsTotal":0}},"seats":0,"electionDayVotesPercent":30.3,"nominatorAbbr":{"fi":"SDP","sv":"SDP","en":"SDP"}},{"advanceVotesPercent":23.9,"name":{"fi":"Suomen Keskusta","sv":"Centern i Finland","en":"Centre Party of Finland"},"advanceVotes":284,"npid":1,"totalVotes":531,"spid":1,"abbr":{"fi":"KESK","sv":"C","en":"CENT"},"alid":1,"electionDayVotes":247,"pid":"2","totalVotesPercent":25.2,"nominatorName":{"fi":"Suomen Keskusta","sv":"Centern i Finland","en":"Centre Party of Finland"},"compareData":{"otherCompareElection":{"votesTotalChange":0,"votesTotalPercentChange":0.0,"votesTotal":531,"votesTotalPercent":25.2},"correspondingCompareElection":{"votesTotalChange":0,"votesTotalPercentChange":0.0,"seatChange":0,"votesTotal":531,"votesTotalPercent":25.2,"seatsTotal":0}},"seats":0,"electionDayVotesPercent":27.0,"nominatorAbbr":{"fi":"KESK","sv":"C","en":"CENT"}},{"advanceVotesPercent":12.9,"name":{"fi":"Suomen Kristillisdemokraatit (KD)","sv":"Kristdemokraterna i Finland (KD)","en":"Christian Democrats in Finland"},"advanceVotes":153,"npid":7,"totalVotes":246,"spid":8,"abbr":{"fi":"KD","sv":"KD","en":"CD"},"alid":7,"electionDayVotes":93,"pid":"9","totalVotesPercent":11.7,"nominatorName":{"fi":"Suomen Kristillisdemokraatit (KD)","sv":"Kristdemokraterna i Finland (KD)","en":"Christian Democrats in Finland"},"compareData":{"otherCompareElection":{"votesTotalChange":0,"votesTotalPercentChange":0.0,"votesTotal":246,"votesTotalPercent":11.7},"correspondingCompareElection":{"votesTotalChange":0,"votesTotalPercentChange":0.0,"seatChange":0,"votesTotal":246,"votesTotalPercent":11.7,"seatsTotal":0}},"seats":0,"electionDayVotesPercent":10.2,"nominatorAbbr":{"fi":"KD","sv":"KD","en":"CD"}},{"advanceVotesPercent":11.1,"name":{"fi":"Kansallinen Kokoomus","sv":"Samlingspartiet","en":"National Coalition Party"},"advanceVotes":132,"npid":6,"totalVotes":245,"spid":2,"abbr":{"fi":"KOK","sv":"Saml","en":"NCP"},"alid":6,"electionDayVotes":113,"pid":"4","totalVotesPercent":11.6,"nominatorName":{"fi":"Kansallinen Kokoomus","sv":"Samlingspartiet","en":"National Coalition Party"},"compareData":{"otherCompareElection":{"votesTotalChange":0,"votesTotalPercentChange":0.0,"votesTotal":245,"votesTotalPercent":11.6},"correspondingCompareElection":{"votesTotalChange":0,"votesTotalPercentChange":0.0,"seatChange":0,"votesTotal":245,"votesTotalPercent":11.6,"seatsTotal":0}},"seats":0,"electionDayVotesPercent":12.3,"nominatorAbbr":{"fi":"KOK","sv":"Saml","en":"NCP"}},{"advanceVotesPercent":8.5,"name":{"fi":"Perussuomalaiset","sv":"Sannfinländarna","en":"The Finns Party"},"advanceVotes":101,"npid":4,"totalVotes":194,"spid":3,"abbr":{"fi":"PS","sv":"Sannf","en":"FINNS"},"alid":4,"electionDayVotes":93,"pid":"23","totalVotesPercent":9.2,"nominatorName":{"fi":"Perussuomalaiset","sv":"Sannfinländarna","en":"The Finns Party"},"compareData":{"otherCompareElection":{"votesTotalChange":0,"votesTotalPercentChange":0.0,"votesTotal":194,"votesTotalPercent":9.2},"correspondingCompareElection":{"votesTotalChange":0,"votesTotalPercentChange":0.0,"seatChange":0,"votesTotal":194,"votesTotalPercent":9.2,"seatsTotal":0}},"seats":0,"electionDayVotesPercent":10.2,"nominatorAbbr":{"fi":"PS","sv":"Sannf","en":"FINNS"}},{"advanceVotesPercent":4.5,"name":{"fi":"Vihreä liitto","sv":"Gröna förbundet","en":"Green League"},"advanceVotes":54,"npid":5,"totalVotes":116,"spid":5,"abbr":{"fi":"VIHR","sv":"Gröna","en":"GREEN"},"alid":5,"electionDayVotes":62,"pid":"13","totalVotesPercent":5.5,"nominatorName":{"fi":"Vihreä liitto","sv":"Gröna förbundet","en":"Green League"},"compareData":{"otherCompareElection":{"votesTotalChange":0,"votesTotalPercentChange":0.0,"votesTotal":116,"votesTotalPercent":5.5},"correspondingCompareElection":{"votesTotalChange":0,"votesTotalPercentChange":0.0,"seatChange":0,"votesTotal":116,"votesTotalPercent":5.5,"seatsTotal":0}},"seats":0,"electionDayVotesPercent":6.8,"nominatorAbbr":{"fi":"VIHR","sv":"Gröna","en":"GREEN"}},{"advanceVotesPercent":3.1,"name":{"fi":"Vasemmistoliitto","sv":"Vänsterförbundet","en":"The Left Alliance"},"advanceVotes":37,"npid":2,"totalVotes":57,"spid":6,"abbr":{"fi":"VAS","sv":"VF","en":"LEFT"},"alid":2,"electionDayVotes":20,"pid":"15","totalVotesPercent":2.7,"nominatorName":{"fi":"Vasemmistoliitto","sv":"Vänsterförbundet","en":"The Left Alliance"},"compareData":{"otherCompareElection":{"votesTotalChange":0,"votesTotalPercentChange":0.0,"votesTotal":57,"votesTotalPercent":2.7},"correspondingCompareElection":{"votesTotalChange":0,"votesTotalPercentChange":0.0,"seatChange":0,"votesTotal":57,"votesTotalPercent":2.7,"seatsTotal":0}},"seats":0,"electionDayVotesPercent":2.2,"nominatorAbbr":{"fi":"VAS","sv":"VF","en":"LEFT"}},{"advanceVotesPercent":1.4,"name":{"fi":"Muut ryhmät","sv":"Övriga grupper","en":"Other groups"},"advanceVotes":17,"npid":8,"totalVotes":27,"spid":99,"abbr":{"fi":"Muut","sv":"Övriga","en":"Others"},"alid":8,"electionDayVotes":10,"pid":"2498","totalVotesPercent":1.3,"nominatorName":{"fi":"Ryhmien demokratian- sekä vallanvalvonta -yhteislista","sv":"Ryhmien demokratian- sekä vallanvalvonta -yhteislista","en":"Ryhmien demokratian- sekä vallanvalvonta -yhteislista"},"compareData":{"otherCompareElection":{"votesTotalChange":0,"votesTotalPercentChange":0.0,"votesTotal":27,"votesTotalPercent":1.3},"correspondingCompareElection":{"votesTotalChange":0,"votesTotalPercentChange":0.0,"seatChange":0,"votesTotal":27,"votesTotalPercent":1.3,"seatsTotal":0}},"seats":0,"electionDayVotesPercent":1.1,"nominatorAbbr":{"fi":"YL1","sv":"YL1","en":"YL1"}}],"candidateResults":[{"age":66,"advanceVotesPercent":12.4,"lastname":"Puro","occupation":"lääkäri","advanceVotes":147,"npid":3,"totalVotes":217,"spid":4,"abbr":"SDP","municipalCouncilor":false,"muid":249,"alid":3,"firstname":"Markku","electionDayVotes":70,"pid":"1","finalPosition":0,"electedInformation":"ELECTED","totalVotesPercent":10.3,"nominatorName":{"fi":"Suomen Sosialidemokraattinen Puolue","sv":"Finlands Socialdemokratiska Parti","en":"The Finnish Social Democratic Party"},"caid":37,"position":0,"gender":"1","comparisonData":{"totalVotes":0,"votesTotalChange":217},"edid":11,"comparativeIndex":0.0,"electionDayVotesPercent":7.6,"nominatorAbbr":{"fi":"SDP","sv":"SDP","en":"SDP"}},{"age":69,"advanceVotesPercent":5.5,"lastname":"Oinonen","occupation":"sijaispappi","advanceVotes":65,"npid":1,"totalVotes":109,"spid":1,"abbr":"KESK","municipalCouncilor":true,"muid":249,"alid":1,"firstname":"Lauri","electionDayVotes":44,"pid":"2","finalPosition":0,"electedInformation":"ELECTED","totalVotesPercent":5.2,"nominatorName":{"fi":"Suomen Keskusta","sv":"Centern i Finland","en":"Centre Party of Finland"},"caid":14,"position":0,"gender":"1","comparisonData":{"totalVotes":370,"votesTotalChange":-261},"edid":11,"comparativeIndex":0.0,"electionDayVotesPercent":4.8,"nominatorAbbr":{"fi":"KESK","sv":"C","en":"CENT"}},{"age":54,"advanceVotesPercent":4.5,"lastname":"Laurila","occupation":"toimistosihteeri","advanceVotes":54,"npid":3,"totalVotes":90,"spid":4,"abbr":"SDP","municipalCouncilor":true,"muid":249,"alid":3,"firstname":"Leena","electionDayVotes":36,"pid":"1","finalPosition":0,"electedInformation":"ELECTED","totalVotesPercent":4.3,"nominatorName":{"fi":"Suomen Sosialidemokraattinen Puolue","sv":"Finlands Socialdemokratiska Parti","en":"The Finnish Social Democratic Party"},"caid":32,"position":0,"gender":"2","comparisonData":{"totalVotes":170,"votesTotalChange":-80},"edid":11,"comparativeIndex":0.0,"electionDayVotesPercent":3.9,"nominatorAbbr":{"fi":"SDP","sv":"SDP","en":"SDP"}},{"age":55,"advanceVotesPercent":4.4,"lastname":"Träff","occupation":"sähköasentaja","advanceVotes":52,"npid":3,"totalVotes":84,"spid":4,"abbr":"SDP","municipalCouncilor":true,"muid":249,"alid":3,"firstname":"Henry","electionDayVotes":32,"pid":"1","finalPosition":0,"electedInformation":"ELECTED","totalVotesPercent":4.0,"nominatorName":{"fi":"Suomen Sosialidemokraattinen Puolue","sv":"Finlands Socialdemokratiska Parti","en":"The Finnish Social Democratic Party"},"caid":39,"position":0,"gender":"1","comparisonData":{"totalVotes":179,"votesTotalChange":-95},"edid":11,"comparativeIndex":0.0,"electionDayVotesPercent":3.5,"nominatorAbbr":{"fi":"SDP","sv":"SDP","en":"SDP"}},{"age":36,"advanceVotesPercent":2.1,"lastname":"Koikkalainen","occupation":"toimitusjohtaja, yrittäjä","advanceVotes":25,"npid":6,"totalVotes":78,"spid":2,"abbr":"KOK","municipalCouncilor":false,"muid":249,"alid":6,"firstname":"Emilia","electionDayVotes":53,"pid":"4","finalPosition":0,"electedInformation":"ELECTED","totalVotesPercent":3.7,"nominatorName":{"fi":"Kansallinen Kokoomus","sv":"Samlingspartiet","en":"National Coalition Party"},"caid":65,"position":0,"gender":"2","comparisonData":{"totalVotes":0,"votesTotalChange":78},"edid":11,"comparativeIndex":0.0,"electionDayVotesPercent":5.8,"nominatorAbbr":{"fi":"KOK","sv":"Saml","en":"NCP"}},{"age":57,"advanceVotesPercent":4.1,"lastname":"Ahonen","occupation":"osastonhoitaja","advanceVotes":49,"npid":3,"totalVotes":77,"spid":4,"abbr":"SDP","municipalCouncilor":true,"muid":249,"alid":3,"firstname":"Merja","electionDayVotes":28,"pid":"1","finalPosition":0,"electedInformation":"ELECTED","totalVotesPercent":3.7,"nominatorName":{"fi":"Suomen Sosialidemokraattinen Puolue","sv":"Finlands Socialdemokratiska Parti","en":"The Finnish Social Democratic Party"},"caid":24,"position":0,"gender":"2","comparisonData":{"totalVotes":143,"votesTotalChange":-66},"edid":11,"comparativeIndex":0.0,"electionDayVotesPercent":3.1,"nominatorAbbr":{"fi":"SDP","sv":"SDP","en":"SDP"}},{"age":68,"advanceVotesPercent":3.8,"lastname":"Haapala","occupation":"pastori","advanceVotes":45,"npid":7,"totalVotes":71,"spid":8,"abbr":"KD","municipalCouncilor":true,"muid":249,"alid":7,"firstname":"Onni","electionDayVotes":26,"pid":"9","finalPosition":0,"electedInformation":"ELECTED","totalVotesPercent":3.4,"nominatorName":{"fi":"Suomen Kristillisdemokraatit (KD)","sv":"Kristdemokraterna i Finland (KD)","en":"Christian Democrats in Finland"},"caid":75,"position":0,"gender":"1","comparisonData":{"totalVotes":175,"votesTotalChange":-104},"edid":11,"comparativeIndex":0.0,"electionDayVotesPercent":2.8,"nominatorAbbr":{"fi":"KD","sv":"KD","en":"CD"}},{"age":50,"advanceVotesPercent":3.1,"lastname":"Tuominen","occupation":"toimitusjohtaja","advanceVotes":37,"npid":1,"totalVotes":66,"spid":1,"abbr":"KESK","municipalCouncilor":true,"muid":249,"alid":1,"firstname":"Petri","electionDayVotes":29,"pid":"2","finalPosition":0,"electedInformation":"ELECTED","totalVotesPercent":3.1,"nominatorName":{"fi":"Suomen Keskusta","sv":"Centern i Finland","en":"Centre Party of Finland"},"caid":19,"position":0,"gender":"1","comparisonData":{"totalVotes":162,"votesTotalChange":-96},"edid":11,"comparativeIndex":0.0,"electionDayVotesPercent":3.2,"nominatorAbbr":{"fi":"KESK","sv":"C","en":"CENT"}},{"age":39,"advanceVotesPercent":2.0,"lastname":"Kajosmäki","occupation":"toimistosihteeri","advanceVotes":24,"npid":3,"totalVotes":58,"spid":4,"abbr":"SDP","municipalCouncilor":true,"muid":249,"alid":3,"firstname":"Maija","electionDayVotes":34,"pid":"1","finalPosition":0,"electedInformation":"ELECTED","totalVotesPercent":2.8,"nominatorName":{"fi":"Suomen Sosialidemokraattinen Puolue","sv":"Finlands Socialdemokratiska Parti","en":"The Finnish Social Democratic Party"},"caid":26,"position":0,"gender":"2","comparisonData":{"totalVotes":117,"votesTotalChange":-59},"edid":11,"comparativeIndex":0.0,"electionDayVotesPercent":3.7,"nominatorAbbr":{"fi":"SDP","sv":"SDP","en":"SDP"}},{"age":60,"advanceVotesPercent":2.9,"lastname":"Paappanen","occupation":"toiminnanjohtaja","advanceVotes":35,"npid":6,"totalVotes":52,"spid":2,"abbr":"KOK","municipalCouncilor":true,"muid":249,"alid":6,"firstname":"Tapio","electionDayVotes":17,"pid":"4","finalPosition":0,"electedInformation":"ELECTED","totalVotesPercent":2.5,"nominatorName":{"fi":"Kansallinen Kokoomus","sv":"Samlingspartiet","en":"National Coalition Party"},"caid":68,"position":0,"gender":"1","comparisonData":{"totalVotes":71,"votesTotalChange":-19},"edid":11,"comparativeIndex":0.0,"electionDayVotesPercent":1.9,"nominatorAbbr":{"fi":"KOK","sv":"Saml","en":"NCP"}},{"age":66,"advanceVotesPercent":2.2,"lastname":"Mikkonen","occupation":"diakoni, sosionomi YAMK","advanceVotes":26,"npid":5,"totalVotes":49,"spid":5,"abbr":"VIHR","municipalCouncilor":false,"muid":249,"alid":5,"firstname":"Unto","electionDayVotes":23,"pid":"13","finalPosition":0,"electedInformation":"ON_SUBSTITUTE_PLACE","totalVotesPercent":2.3,"nominatorName":{"fi":"Vihreä liitto","sv":"Gröna förbundet","en":"Green League"},"caid":57,"position":0,"gender":"1","comparisonData":{"totalVotes":0,"votesTotalChange":49},"edid":11,"comparativeIndex":0.0,"electionDayVotesPercent":2.5,"nominatorAbbr":{"fi":"VIHR","sv":"Gröna","en":"GREEN"}},{"age":34,"advanceVotesPercent":1.6,"lastname":"Paananen","occupation":"metsäasiantuntija, metsätalousinsinööri AMK","advanceVotes":19,"npid":1,"totalVotes":46,"spid":1,"abbr":"KESK","municipalCouncilor":false,"muid":249,"alid":1,"firstname":"Riikka","electionDayVotes":27,"pid":"2","finalPosition":0,"electedInformation":"ELECTED","totalVotesPercent":2.2,"nominatorName":{"fi":"Suomen Keskusta","sv":"Centern i Finland","en":"Centre Party of Finland"},"caid":15,"position":0,"gender":"2","comparisonData":{"totalVotes":0,"votesTotalChange":46},"edid":11,"comparativeIndex":0.0,"electionDayVotesPercent":2.9,"nominatorAbbr":{"fi":"KESK","sv":"C","en":"CENT"}},{"age":56,"advanceVotesPercent":1.8,"lastname":"Oksanen","occupation":"kunnossapitoasentaja","advanceVotes":21,"npid":4,"totalVotes":45,"spid":3,"abbr":"PS","municipalCouncilor":true,"muid":249,"alid":4,"firstname":"Harri","electionDayVotes":24,"pid":"23","finalPosition":0,"electedInformation":"ELECTED","totalVotesPercent":2.1,"nominatorName":{"fi":"Perussuomalaiset","sv":"Sannfinländarna","en":"The Finns Party"},"caid":49,"position":0,"gender":"1","comparisonData":{"totalVotes":255,"votesTotalChange":-210},"edid":11,"comparativeIndex":0.0,"electionDayVotesPercent":2.6,"nominatorAbbr":{"fi":"PS","sv":"Sannf","en":"FINNS"}},{"age":33,"advanceVotesPercent":1.1,"lastname":"Ylikauppila","occupation":"yrittäjä","advanceVotes":13,"npid":5,"totalVotes":37,"spid":5,"abbr":"VIHR","municipalCouncilor":false,"muid":249,"alid":5,"firstname":"Pekka","electionDayVotes":24,"pid":"13","finalPosition":0,"electedInformation":"ELECTED","totalVotesPercent":1.8,"nominatorName":{"fi":"Vihreä liitto","sv":"Gröna förbundet","en":"Green League"},"caid":60,"position":0,"gender":"1","comparisonData":{"totalVotes":0,"votesTotalChange":37},"edid":11,"comparativeIndex":0.0,"electionDayVotesPercent":2.6,"nominatorAbbr":{"fi":"VIHR","sv":"Gröna","en":"GREEN"}},{"age":65,"advanceVotesPercent":1.4,"lastname":"Houhala","occupation":"yrittäjä","advanceVotes":17,"npid":1,"totalVotes":36,"spid":1,"abbr":"KESK","municipalCouncilor":false,"muid":249,"alid":1,"firstname":"Leo","electionDayVotes":19,"pid":"2","finalPosition":0,"electedInformation":"ELECTED","totalVotesPercent":1.7,"nominatorName":{"fi":"Suomen Keskusta","sv":"Centern i Finland","en":"Centre Party of Finland"},"caid":4,"position":0,"gender":"1","comparisonData":{"totalVotes":0,"votesTotalChange":36},"edid":11,"comparativeIndex":0.0,"electionDayVotesPercent":2.1,"nominatorAbbr":{"fi":"KESK","sv":"C","en":"CENT"}},{"age":31,"advanceVotesPercent":1.8,"lastname":"Kässi-Jokinen","occupation":"agrologi AMK","advanceVotes":21,"npid":1,"totalVotes":36,"spid":1,"abbr":"KESK","municipalCouncilor":true,"muid":249,"alid":1,"firstname":"Saara","electionDayVotes":15,"pid":"2","finalPosition":0,"electedInformation":"ELECTED","totalVotesPercent":1.7,"nominatorName":{"fi":"Suomen Keskusta","sv":"Centern i Finland","en":"Centre Party of Finland"},"caid":10,"position":0,"gender":"2","comparisonData":{"totalVotes":83,"votesTotalChange":-47},"edid":11,"comparativeIndex":0.0,"electionDayVotesPercent":1.6,"nominatorAbbr":{"fi":"KESK","sv":"C","en":"CENT"}},{"age":34,"advanceVotesPercent":1.5,"lastname":"Röppänen","occupation":"ensihoitaja","advanceVotes":18,"npid":4,"totalVotes":36,"spid":3,"abbr":"PS","municipalCouncilor":true,"muid":249,"alid":4,"firstname":"Joonas","electionDayVotes":18,"pid":"23","finalPosition":0,"electedInformation":"ELECTED","totalVotesPercent":1.7,"nominatorName":{"fi":"Perussuomalaiset","sv":"Sannfinländarna","en":"The Finns Party"},"caid":56,"position":0,"gender":"1","comparisonData":{"totalVotes":54,"votesTotalChange":-18},"edid":11,"comparativeIndex":0.0,"electionDayVotesPercent":2.0,"nominatorAbbr":{"fi":"PS","sv":"Sannf","en":"FINNS"}},{"age":57,"advanceVotesPercent":1.5,"lastname":"Huuskola","occupation":"aluepalomestari","advanceVotes":18,"npid":1,"totalVotes":34,"spid":1,"abbr":"KESK","municipalCouncilor":false,"muid":249,"alid":1,"firstname":"Mika","electionDayVotes":16,"pid":"2","finalPosition":0,"electedInformation":"ELECTED","totalVotesPercent":1.6,"nominatorName":{"fi":"Suomen Keskusta","sv":"Centern i Finland","en":"Centre Party of Finland"},"caid":5,"position":0,"gender":"1","comparisonData":{"totalVotes":48,"votesTotalChange":-14},"edid":11,"comparativeIndex":0.0,"electionDayVotesPercent":1.7,"nominatorAbbr":{"fi":"KESK","sv":"C","en":"CENT"}},{"age":37,"advanceVotesPercent":1.9,"lastname":"Saarinen","occupation":"työntekijä, pääluottamusmies","advanceVotes":23,"npid":2,"totalVotes":34,"spid":6,"abbr":"VAS","municipalCouncilor":false,"muid":249,"alid":2,"firstname":"Ville","electionDayVotes":11,"pid":"15","finalPosition":0,"electedInformation":"ELECTED","totalVotesPercent":1.6,"nominatorName":{"fi":"Vasemmistoliitto","sv":"Vänsterförbundet","en":"The Left Alliance"},"caid":23,"position":0,"gender":"1","comparisonData":{"totalVotes":58,"votesTotalChange":-24},"edid":11,"comparativeIndex":0.0,"electionDayVotesPercent":1.2,"nominatorAbbr":{"fi":"VAS","sv":"VF","en":"LEFT"}},{"age":53,"advanceVotesPercent":1.1,"lastname":"Riikonen","occupation":"aamu- ja iltapäivätoiminnan ohjaaja","advanceVotes":13,"npid":1,"totalVotes":33,"spid":1,"abbr":"KESK","municipalCouncilor":false,"muid":249,"alid":1,"firstname":"Tuomo","electionDayVotes":20,"pid":"2","finalPosition":0,"electedInformation":"ELECTED","totalVotesPercent":1.6,"nominatorName":{"fi":"Suomen Keskusta","sv":"Centern i Finland","en":"Centre Party of Finland"},"caid":16,"position":0,"gender":"1","comparisonData":{"totalVotes":32,"votesTotalChange":1},"edid":11,"comparativeIndex":0.0,"electionDayVotesPercent":2.2,"nominatorAbbr":{"fi":"KESK","sv":"C","en":"CENT"}},{"age":54,"advanceVotesPercent":1.8,"lastname":"Kukkamo","occupation":"FM","advanceVotes":21,"npid":1,"totalVotes":32,"spid":1,"abbr":"KESK","municipalCouncilor":true,"muid":249,"alid":1,"firstname":"Helena","electionDayVotes":11,"pid":"2","finalPosition":0,"electedInformation":"ELECTED","totalVotesPercent":1.5,"nominatorName":{"fi":"Suomen Keskusta","sv":"Centern i Finland","en":"Centre Party of Finland"},"caid":9,"position":0,"gender":"2","comparisonData":{"totalVotes":67,"votesTotalChange":-35},"edid":11,"comparativeIndex":0.0,"electionDayVotesPercent":1.2,"nominatorAbbr":{"fi":"KESK","sv":"C","en":"CENT"}},{"age":64,"advanceVotesPercent":1.3,"lastname":"Sipponen","occupation":"hoitaja, eläkeläinen","advanceVotes":15,"npid":1,"totalVotes":32,"spid":1,"abbr":"KESK","municipalCouncilor":true,"muid":249,"alid":1,"firstname":"Hellevi","electionDayVotes":17,"pid":"2","finalPosition":0,"electedInformation":"ON_SUBSTITUTE_PLACE","totalVotesPercent":1.5,"nominatorName":{"fi":"Suomen Keskusta","sv":"Centern i Finland","en":"Centre Party of Finland"},"caid":18,"position":0,"gender":"2","comparisonData":{"totalVotes":93,"votesTotalChange":-61},"edid":11,"comparativeIndex":0.0,"electionDayVotesPercent":1.9,"nominatorAbbr":{"fi":"KESK","sv":"C","en":"CENT"}},{"age":56,"advanceVotesPercent":1.3,"lastname":"Jämsä","occupation":"isännöitsijä","advanceVotes":16,"npid":6,"totalVotes":32,"spid":2,"abbr":"KOK","municipalCouncilor":true,"muid":249,"alid":6,"firstname":"Simo","electionDayVotes":16,"pid":"4","finalPosition":0,"electedInformation":"ON_SUBSTITUTE_PLACE","totalVotesPercent":1.5,"nominatorName":{"fi":"Kansallinen Kokoomus","sv":"Samlingspartiet","en":"National Coalition Party"},"caid":63,"position":0,"gender":"1","comparisonData":{"totalVotes":133,"votesTotalChange":-101},"edid":11,"comparativeIndex":0.0,"electionDayVotesPercent":1.7,"nominatorAbbr":{"fi":"KOK","sv":"Saml","en":"NCP"}},{"age":65,"advanceVotesPercent":1.8,"lastname":"Keskinen","occupation":"metsäasiantuntija","advanceVotes":21,"npid":7,"totalVotes":31,"spid":8,"abbr":"KD","municipalCouncilor":false,"muid":249,"alid":7,"firstname":"Martti","electionDayVotes":10,"pid":"9","finalPosition":0,"electedInformation":"ELECTED","totalVotesPercent":1.5,"nominatorName":{"fi":"Suomen Kristillisdemokraatit (KD)","sv":"Kristdemokraterna i Finland (KD)","en":"Christian Democrats in Finland"},"caid":77,"position":0,"gender":"1","comparisonData":{"totalVotes":0,"votesTotalChange":31},"edid":11,"comparativeIndex":0.0,"electionDayVotesPercent":1.1,"nominatorAbbr":{"fi":"KD","sv":"KD","en":"CD"}},{"age":50,"advanceVotesPercent":0.9,"lastname":"Nieminen","occupation":"kirjatyöntekijä","advanceVotes":11,"npid":3,"totalVotes":30,"spid":4,"abbr":"SDP","municipalCouncilor":false,"muid":249,"alid":3,"firstname":"Risto","electionDayVotes":19,"pid":"1","finalPosition":0,"electedInformation":"ELECTED","totalVotesPercent":1.4,"nominatorName":{"fi":"Suomen Sosialidemokraattinen Puolue","sv":"Finlands Socialdemokratiska Parti","en":"The Finnish Social Democratic Party"},"caid":33,"position":0,"gender":"1","comparisonData":{"totalVotes":0,"votesTotalChange":30},"edid":11,"comparativeIndex":0.0,"electionDayVotesPercent":2.1,"nominatorAbbr":{"fi":"SDP","sv":"SDP","en":"SDP"}},{"age":53,"advanceVotesPercent":1.5,"lastname":"Santaniemi","occupation":"maanviljelijä, metsätalousinsinööri","advanceVotes":18,"npid":6,"totalVotes":29,"spid":2,"abbr":"KOK","municipalCouncilor":true,"muid":249,"alid":6,"firstname":"Jussi","electionDayVotes":11,"pid":"4","finalPosition":0,"electedInformation":"ELECTED","totalVotesPercent":1.4,"nominatorName":{"fi":"Kansallinen Kokoomus","sv":"Samlingspartiet","en":"National Coalition Party"},"caid":71,"position":0,"gender":"1","comparisonData":{"totalVotes":114,"votesTotalChange":-85},"edid":11,"comparativeIndex":0.0,"electionDayVotesPercent":1.2,"nominatorAbbr":{"fi":"KOK","sv":"Saml","en":"NCP"}},{"age":48,"advanceVotesPercent":1.1,"lastname":"Nissinen","occupation":"kirjatyöntekijä","advanceVotes":13,"npid":1,"totalVotes":26,"spid":1,"abbr":"KESK","municipalCouncilor":true,"muid":249,"alid":1,"firstname":"Mika","electionDayVotes":13,"pid":"2","finalPosition":0,"electedInformation":"ON_SUBSTITUTE_PLACE","totalVotesPercent":1.2,"nominatorName":{"fi":"Suomen Keskusta","sv":"Centern i Finland","en":"Centre Party of Finland"},"caid":13,"position":0,"gender":"1","comparisonData":{"totalVotes":84,"votesTotalChange":-58},"edid":11,"comparativeIndex":0.0,"electionDayVotesPercent":1.4,"nominatorAbbr":{"fi":"KESK","sv":"C","en":"CENT"}},{"age":64,"advanceVotesPercent":1.3,"lastname":"Ryynänen","occupation":"vanhempi konstaapeli","advanceVotes":16,"npid":7,"totalVotes":26,"spid":8,"abbr":"KD","municipalCouncilor":false,"muid":249,"alid":7,"firstname":"Esa","electionDayVotes":10,"pid":"9","finalPosition":0,"electedInformation":"ELECTED","totalVotesPercent":1.2,"nominatorName":{"fi":"Suomen Kristillisdemokraatit (KD)","sv":"Kristdemokraterna i Finland (KD)","en":"Christian Democrats in Finland"},"caid":81,"position":0,"gender":"1","comparisonData":{"totalVotes":0,"votesTotalChange":26},"edid":11,"comparativeIndex":0.0,"electionDayVotesPercent":1.1,"nominatorAbbr":{"fi":"KD","sv":"KD","en":"CD"}},{"age":30,"advanceVotesPercent":1.1,"lastname":"Nelimarkka","occupation":"myyjä","advanceVotes":13,"npid":5,"totalVotes":25,"spid":5,"abbr":"VIHR","municipalCouncilor":false,"muid":249,"alid":5,"firstname":"Hanna","electionDayVotes":12,"pid":"13","finalPosition":0,"electedInformation":"ON_SUBSTITUTE_PLACE","totalVotesPercent":1.2,"nominatorName":{"fi":"Vihreä liitto","sv":"Gröna förbundet","en":"Green League"},"caid":58,"position":0,"gender":"2","comparisonData":{"totalVotes":0,"votesTotalChange":25},"edid":11,"comparativeIndex":0.0,"electionDayVotesPercent":1.3,"nominatorAbbr":{"fi":"VIHR","sv":"Gröna","en":"GREEN"}},{"age":58,"advanceVotesPercent":1.3,"lastname":"Kaijanmäki","occupation":"kirvesmies","advanceVotes":15,"npid":1,"totalVotes":21,"spid":1,"abbr":"KESK","municipalCouncilor":true,"muid":249,"alid":1,"firstname":"Timo","electionDayVotes":6,"pid":"2","finalPosition":0,"electedInformation":"ELECTED","totalVotesPercent":1.0,"nominatorName":{"fi":"Suomen Keskusta","sv":"Centern i Finland","en":"Centre Party of Finland"},"caid":6,"position":0,"gender":"1","comparisonData":{"totalVotes":71,"votesTotalChange":-50},"edid":11,"comparativeIndex":0.0,"electionDayVotesPercent":0.7,"nominatorAbbr":{"fi":"KESK","sv":"C","en":"CENT"}},{"age":46,"advanceVotesPercent":0.7,"lastname":"Järvinen","occupation":"sairaanhoitaja, terveystieteiden opiskelija","advanceVotes":8,"npid":4,"totalVotes":21,"spid":3,"abbr":"PS","municipalCouncilor":false,"muid":249,"alid":4,"firstname":"Virpi","electionDayVotes":13,"pid":"23","finalPosition":0,"electedInformation":"ELECTED","totalVotesPercent":1.0,"nominatorName":{"fi":"Perussuomalaiset","sv":"Sannfinländarna","en":"The Finns Party"},"caid":43,"position":0,"gender":"2","comparisonData":{"totalVotes":0,"votesTotalChange":21},"edid":11,"comparativeIndex":0.0,"electionDayVotesPercent":1.4,"nominatorAbbr":{"fi":"PS","sv":"Sannf","en":"FINNS"}},{"age":62,"advanceVotesPercent":0.8,"lastname":"Ryynänen","occupation":"hammaslääketieteen lisensiaatti","advanceVotes":9,"npid":7,"totalVotes":20,"spid":8,"abbr":"KD","municipalCouncilor":false,"muid":249,"alid":7,"firstname":"Riitta","electionDayVotes":11,"pid":"9","finalPosition":0,"electedInformation":"ON_SUBSTITUTE_PLACE","totalVotesPercent":0.9,"nominatorName":{"fi":"Suomen Kristillisdemokraatit (KD)","sv":"Kristdemokraterna i Finland (KD)","en":"Christian Democrats in Finland"},"caid":82,"position":0,"gender":"2","comparisonData":{"totalVotes":0,"votesTotalChange":20},"edid":11,"comparativeIndex":0.0,"electionDayVotesPercent":1.2,"nominatorAbbr":{"fi":"KD","sv":"KD","en":"CD"}},{"age":41,"advanceVotesPercent":1.1,"lastname":"Simsiö","occupation":"maahanmuuttokoordinaattori","advanceVotes":13,"npid":7,"totalVotes":20,"spid":8,"abbr":"KD","municipalCouncilor":false,"muid":249,"alid":7,"firstname":"Marika","electionDayVotes":7,"pid":"9","finalPosition":0,"electedInformation":"ELECTED","totalVotesPercent":0.9,"nominatorName":{"fi":"Suomen Kristillisdemokraatit (KD)","sv":"Kristdemokraterna i Finland (KD)","en":"Christian Democrats in Finland"},"caid":83,"position":0,"gender":"2","comparisonData":{"totalVotes":0,"votesTotalChange":20},"edid":11,"comparativeIndex":0.0,"electionDayVotesPercent":0.8,"nominatorAbbr":{"fi":"KD","sv":"KD","en":"CD"}},{"age":57,"advanceVotesPercent":1.2,"lastname":"Rantanen","occupation":"yrittäjä","advanceVotes":14,"npid":4,"totalVotes":19,"spid":3,"abbr":"PS","municipalCouncilor":false,"muid":249,"alid":4,"firstname":"Hannu","electionDayVotes":5,"pid":"23","finalPosition":0,"electedInformation":"ON_SUBSTITUTE_PLACE","totalVotesPercent":0.9,"nominatorName":{"fi":"Perussuomalaiset","sv":"Sannfinländarna","en":"The Finns Party"},"caid":54,"position":0,"gender":"1","comparisonData":{"totalVotes":0,"votesTotalChange":19},"edid":11,"comparativeIndex":0.0,"electionDayVotesPercent":0.5,"nominatorAbbr":{"fi":"PS","sv":"Sannf","en":"FINNS"}},{"age":53,"advanceVotesPercent":1.1,"lastname":"Pylvänäinen","occupation":"kiinteistösihteeri, eläkeläinen","advanceVotes":13,"npid":2,"totalVotes":18,"spid":6,"abbr":"VAS","municipalCouncilor":false,"muid":249,"alid":2,"firstname":"Jaana","electionDayVotes":5,"pid":"15","finalPosition":0,"electedInformation":"ON_SUBSTITUTE_PLACE","totalVotesPercent":0.9,"nominatorName":{"fi":"Vasemmistoliitto","sv":"Vänsterförbundet","en":"The Left Alliance"},"caid":22,"position":0,"gender":"2","comparisonData":{"totalVotes":0,"votesTotalChange":18},"edid":11,"comparativeIndex":0.0,"electionDayVotesPercent":0.5,"nominatorAbbr":{"fi":"VAS","sv":"VF","en":"LEFT"}},{"age":56,"advanceVotesPercent":0.8,"lastname":"Kakkuri","occupation":"puhdistamonhoitaja","advanceVotes":9,"npid":3,"totalVotes":18,"spid":4,"abbr":"SDP","municipalCouncilor":true,"muid":249,"alid":3,"firstname":"Ari","electionDayVotes":9,"pid":"1","finalPosition":0,"electedInformation":"ELECTED","totalVotesPercent":0.9,"nominatorName":{"fi":"Suomen Sosialidemokraattinen Puolue","sv":"Finlands Socialdemokratiska Parti","en":"The Finnish Social Democratic Party"},"caid":27,"position":0,"gender":"1","comparisonData":{"totalVotes":65,"votesTotalChange":-47},"edid":11,"comparativeIndex":0.0,"electionDayVotesPercent":1.0,"nominatorAbbr":{"fi":"SDP","sv":"SDP","en":"SDP"}},{"age":53,"advanceVotesPercent":0.9,"lastname":"Mörsky","occupation":"teollisuustoimihenkilö, liiketaloustradenomi","advanceVotes":11,"npid":6,"totalVotes":18,"spid":2,"abbr":"KOK","municipalCouncilor":false,"muid":249,"alid":6,"firstname":"Janne","electionDayVotes":7,"pid":"4","finalPosition":0,"electedInformation":"ON_SUBSTITUTE_PLACE","totalVotesPercent":0.9,"nominatorName":{"fi":"Kansallinen Kokoomus","sv":"Samlingspartiet","en":"National Coalition Party"},"caid":67,"position":0,"gender":"1","comparisonData":{"totalVotes":0,"votesTotalChange":18},"edid":11,"comparativeIndex":0.0,"electionDayVotesPercent":0.8,"nominatorAbbr":{"fi":"KOK","sv":"Saml","en":"NCP"}},{"age":50,"advanceVotesPercent":1.1,"lastname":"Asunmaa","occupation":"sosiaaliohjaaja, hoitaja","advanceVotes":13,"npid":7,"totalVotes":18,"spid":8,"abbr":"KD","municipalCouncilor":true,"muid":249,"alid":7,"firstname":"Kaija","electionDayVotes":5,"pid":"9","finalPosition":0,"electedInformation":"ON_SUBSTITUTE_PLACE","totalVotesPercent":0.9,"nominatorName":{"fi":"Suomen Kristillisdemokraatit (KD)","sv":"Kristdemokraterna i Finland (KD)","en":"Christian Democrats in Finland"},"caid":73,"position":0,"gender":"2","comparisonData":{"totalVotes":75,"votesTotalChange":-57},"edid":11,"comparativeIndex":0.0,"electionDayVotesPercent":0.5,"nominatorAbbr":{"fi":"KD","sv":"KD","en":"CD"}},{"age":59,"advanceVotesPercent":0.3,"lastname":"Hokkanen","occupation":"yrittäjä","advanceVotes":4,"npid":7,"totalVotes":17,"spid":8,"abbr":"KD","municipalCouncilor":false,"muid":249,"alid":7,"firstname":"Alpo","electionDayVotes":13,"pid":"9","finalPosition":0,"electedInformation":"ON_SUBSTITUTE_PLACE","totalVotesPercent":0.8,"nominatorName":{"fi":"Suomen Kristillisdemokraatit (KD)","sv":"Kristdemokraterna i Finland (KD)","en":"Christian Democrats in Finland"},"caid":76,"position":0,"gender":"1","comparisonData":{"totalVotes":0,"votesTotalChange":17},"edid":11,"comparativeIndex":0.0,"electionDayVotesPercent":1.4,"nominatorAbbr":{"fi":"KD","sv":"KD","en":"CD"}},{"age":45,"advanceVotesPercent":0.8,"lastname":"Turunen","occupation":"huoltoteknikko","advanceVotes":10,"npid":3,"totalVotes":16,"spid":4,"abbr":"SDP","municipalCouncilor":false,"muid":249,"alid":3,"firstname":"Ola","electionDayVotes":6,"pid":"1","finalPosition":0,"electedInformation":"ON_SUBSTITUTE_PLACE","totalVotesPercent":0.8,"nominatorName":{"fi":"Suomen Sosialidemokraattinen Puolue","sv":"Finlands Socialdemokratiska Parti","en":"The Finnish Social Democratic Party"},"caid":40,"position":0,"gender":"1","comparisonData":{"totalVotes":16,"votesTotalChange":0},"edid":11,"comparativeIndex":0.0,"electionDayVotesPercent":0.7,"nominatorAbbr":{"fi":"SDP","sv":"SDP","en":"SDP"}},{"age":41,"advanceVotesPercent":0.8,"lastname":"Valkeisenmäki","occupation":"sosiaaliohjaaja, kuntoutuksenohjaaja","advanceVotes":10,"npid":4,"totalVotes":16,"spid":3,"abbr":"PS","municipalCouncilor":false,"muid":249,"alid":4,"firstname":"Sanna","electionDayVotes":6,"pid":"23","finalPosition":0,"electedInformation":"ON_SUBSTITUTE_PLACE","totalVotesPercent":0.8,"nominatorName":{"fi":"Perussuomalaiset","sv":"Sannfinländarna","en":"The Finns Party"},"caid":44,"position":0,"gender":"2","comparisonData":{"totalVotes":0,"votesTotalChange":16},"edid":11,"comparativeIndex":0.0,"electionDayVotesPercent":0.7,"nominatorAbbr":{"fi":"PS","sv":"Sannf","en":"FINNS"}},{"age":40,"advanceVotesPercent":0.8,"lastname":"Hautamäki","occupation":"sitomokoneenhoitaja, osaston luottamusmies","advanceVotes":9,"npid":3,"totalVotes":15,"spid":4,"abbr":"SDP","municipalCouncilor":false,"muid":249,"alid":3,"firstname":"Jari","electionDayVotes":6,"pid":"1","finalPosition":0,"electedInformation":"ELECTED","totalVotesPercent":0.7,"nominatorName":{"fi":"Suomen Sosialidemokraattinen Puolue","sv":"Finlands Socialdemokratiska Parti","en":"The Finnish Social Democratic Party"},"caid":25,"position":0,"gender":"1","comparisonData":{"totalVotes":0,"votesTotalChange":15},"edid":11,"comparativeIndex":0.0,"electionDayVotesPercent":0.7,"nominatorAbbr":{"fi":"SDP","sv":"SDP","en":"SDP"}},{"age":41,"advanceVotesPercent":0.7,"lastname":"Kovanen","occupation":"paperityöntekijä","advanceVotes":8,"npid":3,"totalVotes":15,"spid":4,"abbr":"SDP","municipalCouncilor":false,"muid":249,"alid":3,"firstname":"Pasi","electionDayVotes":7,"pid":"1","finalPosition":0,"electedInformation":"ELECTED","totalVotesPercent":0.7,"nominatorName":{"fi":"Suomen Sosialidemokraattinen Puolue","sv":"Finlands Socialdemokratiska Parti","en":"The Finnish Social Democratic Party"},"caid":29,"position":0,"gender":"1","comparisonData":{"totalVotes":0,"votesTotalChange":15},"edid":11,"comparativeIndex":0.0,"electionDayVotesPercent":0.8,"nominatorAbbr":{"fi":"SDP","sv":"SDP","en":"SDP"}},{"age":65,"advanceVotesPercent":0.5,"lastname":"Pohjola","occupation":"yksityisyrittäjä, eläkeläinen","advanceVotes":6,"npid":4,"totalVotes":15,"spid":3,"abbr":"PS","municipalCouncilor":false,"muid":249,"alid":4,"firstname":"Olavi","electionDayVotes":9,"pid":"23","finalPosition":0,"electedInformation":"ON_SUBSTITUTE_PLACE","totalVotesPercent":0.7,"nominatorName":{"fi":"Perussuomalaiset","sv":"Sannfinländarna","en":"The Finns Party"},"caid":50,"position":0,"gender":"1","comparisonData":{"totalVotes":35,"votesTotalChange":-20},"edid":11,"comparativeIndex":0.0,"electionDayVotesPercent":1.0,"nominatorAbbr":{"fi":"PS","sv":"Sannf","en":"FINNS"}},{"age":60,"advanceVotesPercent":0.9,"lastname":"Annala","occupation":"autoilija","advanceVotes":11,"npid":7,"totalVotes":15,"spid":8,"abbr":"KD","municipalCouncilor":false,"muid":249,"alid":7,"firstname":"Antti","electionDayVotes":4,"pid":"9","finalPosition":0,"electedInformation":"ON_SUBSTITUTE_PLACE","totalVotesPercent":0.7,"nominatorName":{"fi":"Suomen Kristillisdemokraatit (KD)","sv":"Kristdemokraterna i Finland (KD)","en":"Christian Democrats in Finland"},"caid":72,"position":0,"gender":"1","comparisonData":{"totalVotes":35,"votesTotalChange":-20},"edid":11,"comparativeIndex":0.0,"electionDayVotesPercent":0.4,"nominatorAbbr":{"fi":"KD","sv":"KD","en":"CD"}},{"age":24,"advanceVotesPercent":0.3,"lastname":"Ala-Keturi","occupation":"opiskelija, psykologian kandidaatti PsK","advanceVotes":3,"npid":1,"totalVotes":13,"spid":1,"abbr":"KESK","municipalCouncilor":false,"muid":249,"alid":1,"firstname":"Terhi","electionDayVotes":10,"pid":"2","finalPosition":0,"electedInformation":"ON_SUBSTITUTE_PLACE","totalVotesPercent":0.6,"nominatorName":{"fi":"Suomen Keskusta","sv":"Centern i Finland","en":"Centre Party of Finland"},"caid":2,"position":0,"gender":"2","comparisonData":{"totalVotes":0,"votesTotalChange":13},"edid":11,"comparativeIndex":0.0,"electionDayVotesPercent":1.1,"nominatorAbbr":{"fi":"KESK","sv":"C","en":"CENT"}},{"age":68,"advanceVotesPercent":0.8,"lastname":"Kuusela","occupation":"eläkeläinen","advanceVotes":10,"npid":3,"totalVotes":13,"spid":4,"abbr":"SDP","municipalCouncilor":false,"muid":249,"alid":3,"firstname":"Maaret","electionDayVotes":3,"pid":"1","finalPosition":0,"electedInformation":"ON_SUBSTITUTE_PLACE","totalVotesPercent":0.6,"nominatorName":{"fi":"Suomen Sosialidemokraattinen Puolue","sv":"Finlands Socialdemokratiska Parti","en":"The Finnish Social Democratic Party"},"caid":30,"position":0,"gender":"2","comparisonData":{"totalVotes":25,"votesTotalChange":-12},"edid":11,"comparativeIndex":0.0,"electionDayVotesPercent":0.3,"nominatorAbbr":{"fi":"SDP","sv":"SDP","en":"SDP"}},{"age":48,"advanceVotesPercent":0.7,"lastname":"Lampinen","occupation":"ammattikalastaja, yrittäjä","advanceVotes":8,"npid":8,"totalVotes":13,"spid":99,"abbr":"Muut","municipalCouncilor":false,"muid":249,"alid":8,"firstname":"Seppo","electionDayVotes":5,"pid":"2498","finalPosition":0,"electedInformation":"NOT_ELECTED","totalVotesPercent":0.6,"nominatorName":{"fi":"Ryhmien demokratian- sekä vallanvalvonta -yhteislista","sv":"Ryhmien demokratian- sekä vallanvalvonta -yhteislista","en":"Ryhmien demokratian- sekä vallanvalvonta -yhteislista"},"caid":85,"position":0,"gender":"1","comparisonData":{"totalVotes":61,"votesTotalChange":-48},"edid":11,"comparativeIndex":0.0,"electionDayVotesPercent":0.5,"nominatorAbbr":{"fi":"YL1","sv":"YL1","en":"YL1"}},{"age":66,"advanceVotesPercent":0.4,"lastname":"Viitanen","occupation":"offsetpainaja","advanceVotes":5,"npid":3,"totalVotes":12,"spid":4,"abbr":"SDP","municipalCouncilor":false,"muid":249,"alid":3,"firstname":"Raimo","electionDayVotes":7,"pid":"1","finalPosition":0,"electedInformation":"ON_SUBSTITUTE_PLACE","totalVotesPercent":0.6,"nominatorName":{"fi":"Suomen Sosialidemokraattinen Puolue","sv":"Finlands Socialdemokratiska Parti","en":"The Finnish Social Democratic Party"},"caid":42,"position":0,"gender":"1","comparisonData":{"totalVotes":56,"votesTotalChange":-44},"edid":11,"comparativeIndex":0.0,"electionDayVotesPercent":0.8,"nominatorAbbr":{"fi":"SDP","sv":"SDP","en":"SDP"}},{"age":48,"advanceVotesPercent":0.4,"lastname":"Riihimäki","occupation":"rakennusmestari","advanceVotes":5,"npid":4,"totalVotes":12,"spid":3,"abbr":"PS","municipalCouncilor":false,"muid":249,"alid":4,"firstname":"Marko","electionDayVotes":7,"pid":"23","finalPosition":0,"electedInformation":"ELECTED","totalVotesPercent":0.6,"nominatorName":{"fi":"Perussuomalaiset","sv":"Sannfinländarna","en":"The Finns Party"},"caid":55,"position":0,"gender":"1","comparisonData":{"totalVotes":0,"votesTotalChange":12},"edid":11,"comparativeIndex":0.0,"electionDayVotesPercent":0.8,"nominatorAbbr":{"fi":"PS","sv":"Sannf","en":"FINNS"}},{"age":46,"advanceVotesPercent":0.7,"lastname":"Murtomäki","occupation":"maatalousyrittäjä","advanceVotes":8,"npid":1,"totalVotes":11,"spid":1,"abbr":"KESK","municipalCouncilor":false,"muid":249,"alid":1,"firstname":"Esko","electionDayVotes":3,"pid":"2","finalPosition":0,"electedInformation":"ON_SUBSTITUTE_PLACE","totalVotesPercent":0.5,"nominatorName":{"fi":"Suomen Keskusta","sv":"Centern i Finland","en":"Centre Party of Finland"},"caid":12,"position":0,"gender":"1","comparisonData":{"totalVotes":14,"votesTotalChange":-3},"edid":11,"comparativeIndex":0.0,"electionDayVotesPercent":0.3,"nominatorAbbr":{"fi":"KESK","sv":"C","en":"CENT"}},{"age":58,"advanceVotesPercent":0.4,"lastname":"Kiiski","occupation":"materiaalityöntekijä","advanceVotes":5,"npid":3,"totalVotes":11,"spid":4,"abbr":"SDP","municipalCouncilor":false,"muid":249,"alid":3,"firstname":"Jukka","electionDayVotes":6,"pid":"1","finalPosition":0,"electedInformation":"ON_SUBSTITUTE_PLACE","totalVotesPercent":0.5,"nominatorName":{"fi":"Suomen Sosialidemokraattinen Puolue","sv":"Finlands Socialdemokratiska Parti","en":"The Finnish Social Democratic Party"},"caid":28,"position":0,"gender":"1","comparisonData":{"totalVotes":28,"votesTotalChange":-17},"edid":11,"comparativeIndex":0.0,"electionDayVotesPercent":0.7,"nominatorAbbr":{"fi":"SDP","sv":"SDP","en":"SDP"}},{"age":72,"advanceVotesPercent":0.7,"lastname":"Länkinen","occupation":"eläkeläinen","advanceVotes":8,"npid":6,"totalVotes":11,"spid":2,"abbr":"KOK","municipalCouncilor":false,"muid":249,"alid":6,"firstname":"Marja","electionDayVotes":3,"pid":"4","finalPosition":0,"electedInformation":"ON_SUBSTITUTE_PLACE","totalVotesPercent":0.5,"nominatorName":{"fi":"Kansallinen Kokoomus","sv":"Samlingspartiet","en":"National Coalition Party"},"caid":66,"position":0,"gender":"2","comparisonData":{"totalVotes":25,"votesTotalChange":-14},"edid":11,"comparativeIndex":0.0,"electionDayVotesPercent":0.3,"nominatorAbbr":{"fi":"KOK","sv":"Saml","en":"NCP"}},{"age":45,"advanceVotesPercent":0.5,"lastname":"Calis","occupation":"särmääjä","advanceVotes":6,"npid":1,"totalVotes":10,"spid":1,"abbr":"KESK","municipalCouncilor":false,"muid":249,"alid":1,"firstname":"Ali","electionDayVotes":4,"pid":"2","finalPosition":0,"electedInformation":"ON_SUBSTITUTE_PLACE","totalVotesPercent":0.5,"nominatorName":{"fi":"Suomen Keskusta","sv":"Centern i Finland","en":"Centre Party of Finland"},"caid":3,"position":0,"gender":"1","comparisonData":{"totalVotes":0,"votesTotalChange":10},"edid":11,"comparativeIndex":0.0,"electionDayVotesPercent":0.4,"nominatorAbbr":{"fi":"KESK","sv":"C","en":"CENT"}},{"age":65,"advanceVotesPercent":0.7,"lastname":"Uusoksa","occupation":"lähihoitaja","advanceVotes":8,"npid":3,"totalVotes":10,"spid":4,"abbr":"SDP","municipalCouncilor":false,"muid":249,"alid":3,"firstname":"Aila","electionDayVotes":2,"pid":"1","finalPosition":0,"electedInformation":"ON_SUBSTITUTE_PLACE","totalVotesPercent":0.5,"nominatorName":{"fi":"Suomen Sosialidemokraattinen Puolue","sv":"Finlands Socialdemokratiska Parti","en":"The Finnish Social Democratic Party"},"caid":41,"position":0,"gender":"2","comparisonData":{"totalVotes":8,"votesTotalChange":2},"edid":11,"comparativeIndex":0.0,"electionDayVotesPercent":0.2,"nominatorAbbr":{"fi":"SDP","sv":"SDP","en":"SDP"}},{"age":64,"advanceVotesPercent":0.8,"lastname":"Kotimäki","occupation":"kemisti, kirjoittaja-puhuja","advanceVotes":9,"npid":8,"totalVotes":10,"spid":99,"abbr":"Muut","municipalCouncilor":true,"muid":249,"alid":8,"firstname":"Ilari","electionDayVotes":1,"pid":"2498","finalPosition":0,"electedInformation":"NOT_ELECTED","totalVotesPercent":0.5,"nominatorName":{"fi":"Ryhmien demokratian- sekä vallanvalvonta -yhteislista","sv":"Ryhmien demokratian- sekä vallanvalvonta -yhteislista","en":"Ryhmien demokratian- sekä vallanvalvonta -yhteislista"},"caid":84,"position":0,"gender":"1","comparisonData":{"totalVotes":103,"votesTotalChange":-93},"edid":11,"comparativeIndex":0.0,"electionDayVotesPercent":0.1,"nominatorAbbr":{"fi":"YL1","sv":"YL1","en":"YL1"}},{"age":42,"advanceVotesPercent":0.3,"lastname":"Pessinen","occupation":"ruokahuollon esimies","advanceVotes":4,"npid":3,"totalVotes":9,"spid":4,"abbr":"SDP","municipalCouncilor":false,"muid":249,"alid":3,"firstname":"Minna","electionDayVotes":5,"pid":"1","finalPosition":0,"electedInformation":"ELECTED","totalVotesPercent":0.4,"nominatorName":{"fi":"Suomen Sosialidemokraattinen Puolue","sv":"Finlands Socialdemokratiska Parti","en":"The Finnish Social Democratic Party"},"caid":35,"position":0,"gender":"2","comparisonData":{"totalVotes":0,"votesTotalChange":9},"edid":11,"comparativeIndex":0.0,"electionDayVotesPercent":0.5,"nominatorAbbr":{"fi":"SDP","sv":"SDP","en":"SDP"}},{"age":64,"advanceVotesPercent":0.5,"lastname":"Kankimäki","occupation":"teknikko, eläkeläinen","advanceVotes":6,"npid":6,"totalVotes":9,"spid":2,"abbr":"KOK","municipalCouncilor":true,"muid":249,"alid":6,"firstname":"Heikki","electionDayVotes":3,"pid":"4","finalPosition":0,"electedInformation":"ELECTED","totalVotesPercent":0.4,"nominatorName":{"fi":"Kansallinen Kokoomus","sv":"Samlingspartiet","en":"National Coalition Party"},"caid":64,"position":0,"gender":"1","comparisonData":{"totalVotes":61,"votesTotalChange":-52},"edid":11,"comparativeIndex":0.0,"electionDayVotesPercent":0.3,"nominatorAbbr":{"fi":"KOK","sv":"Saml","en":"NCP"}},{"age":69,"advanceVotesPercent":0.5,"lastname":"Riihonen","occupation":"agronomi","advanceVotes":6,"npid":7,"totalVotes":9,"spid":8,"abbr":"KD","municipalCouncilor":false,"muid":249,"alid":7,"firstname":"Tuomo","electionDayVotes":3,"pid":"9","finalPosition":0,"electedInformation":"NOT_ELECTED","totalVotesPercent":0.4,"nominatorName":{"fi":"Suomen Kristillisdemokraatit (KD)","sv":"Kristdemokraterna i Finland (KD)","en":"Christian Democrats in Finland"},"caid":80,"position":0,"gender":"1","comparisonData":{"totalVotes":0,"votesTotalChange":9},"edid":11,"comparativeIndex":0.0,"electionDayVotesPercent":0.3,"nominatorAbbr":{"fi":"KD","sv":"KD","en":"CD"}},{"age":60,"advanceVotesPercent":0.3,"lastname":"Heinonen","occupation":"eläkeläinen, varastomestari","advanceVotes":3,"npid":4,"totalVotes":8,"spid":3,"abbr":"PS","municipalCouncilor":true,"muid":249,"alid":4,"firstname":"Petri","electionDayVotes":5,"pid":"23","finalPosition":0,"electedInformation":"NOT_ELECTED","totalVotesPercent":0.4,"nominatorName":{"fi":"Perussuomalaiset","sv":"Sannfinländarna","en":"The Finns Party"},"caid":45,"position":0,"gender":"1","comparisonData":{"totalVotes":64,"votesTotalChange":-56},"edid":11,"comparativeIndex":0.0,"electionDayVotesPercent":0.5,"nominatorAbbr":{"fi":"PS","sv":"Sannf","en":"FINNS"}},{"age":19,"advanceVotesPercent":0.6,"lastname":"Jämsä","occupation":"opiskelija","advanceVotes":7,"npid":6,"totalVotes":8,"spid":2,"abbr":"KOK","municipalCouncilor":false,"muid":249,"alid":6,"firstname":"Matleena","electionDayVotes":1,"pid":"4","finalPosition":0,"electedInformation":"ON_SUBSTITUTE_PLACE","totalVotesPercent":0.4,"nominatorName":{"fi":"Kansallinen Kokoomus","sv":"Samlingspartiet","en":"National Coalition Party"},"caid":62,"position":0,"gender":"2","comparisonData":{"totalVotes":0,"votesTotalChange":8},"edid":11,"comparativeIndex":0.0,"electionDayVotesPercent":0.1,"nominatorAbbr":{"fi":"KOK","sv":"Saml","en":"NCP"}},{"age":51,"advanceVotesPercent":0.2,"lastname":"Rusila","occupation":"lähihoitaja","advanceVotes":2,"npid":1,"totalVotes":7,"spid":1,"abbr":"KESK","municipalCouncilor":false,"muid":249,"alid":1,"firstname":"Riitta","electionDayVotes":5,"pid":"2","finalPosition":0,"electedInformation":"ON_SUBSTITUTE_PLACE","totalVotesPercent":0.3,"nominatorName":{"fi":"Suomen Keskusta","sv":"Centern i Finland","en":"Centre Party of Finland"},"caid":17,"position":0,"gender":"2","comparisonData":{"totalVotes":0,"votesTotalChange":7},"edid":11,"comparativeIndex":0.0,"electionDayVotesPercent":0.5,"nominatorAbbr":{"fi":"KESK","sv":"C","en":"CENT"}},{"age":49,"advanceVotesPercent":0.5,"lastname":"Jyväsjärvi","occupation":"kiinteistönhoitaja","advanceVotes":6,"npid":4,"totalVotes":7,"spid":3,"abbr":"PS","municipalCouncilor":false,"muid":249,"alid":4,"firstname":"Risto","electionDayVotes":1,"pid":"23","finalPosition":0,"electedInformation":"NOT_ELECTED","totalVotesPercent":0.3,"nominatorName":{"fi":"Perussuomalaiset","sv":"Sannfinländarna","en":"The Finns Party"},"caid":47,"position":0,"gender":"1","comparisonData":{"totalVotes":0,"votesTotalChange":7},"edid":11,"comparativeIndex":0.0,"electionDayVotesPercent":0.1,"nominatorAbbr":{"fi":"PS","sv":"Sannf","en":"FINNS"}},{"age":64,"advanceVotesPercent":0.5,"lastname":"Rapo","occupation":"opistoupseeri, kapteeni evp","advanceVotes":6,"npid":4,"totalVotes":7,"spid":3,"abbr":"PS","municipalCouncilor":false,"muid":249,"alid":4,"firstname":"Markku","electionDayVotes":1,"pid":"23","finalPosition":0,"electedInformation":"NOT_ELECTED","totalVotesPercent":0.3,"nominatorName":{"fi":"Perussuomalaiset","sv":"Sannfinländarna","en":"The Finns Party"},"caid":53,"position":0,"gender":"1","comparisonData":{"totalVotes":33,"votesTotalChange":-26},"edid":11,"comparativeIndex":0.0,"electionDayVotesPercent":0.1,"nominatorAbbr":{"fi":"PS","sv":"Sannf","en":"FINNS"}},{"age":69,"advanceVotesPercent":0.5,"lastname":"Koskinen","occupation":"projektijohtaja, insinööri","advanceVotes":6,"npid":7,"totalVotes":7,"spid":8,"abbr":"KD","municipalCouncilor":false,"muid":249,"alid":7,"firstname":"Timo","electionDayVotes":1,"pid":"9","finalPosition":0,"electedInformation":"NOT_ELECTED","totalVotesPercent":0.3,"nominatorName":{"fi":"Suomen Kristillisdemokraatit (KD)","sv":"Kristdemokraterna i Finland (KD)","en":"Christian Democrats in Finland"},"caid":78,"position":0,"gender":"1","comparisonData":{"totalVotes":0,"votesTotalChange":7},"edid":11,"comparativeIndex":0.0,"electionDayVotesPercent":0.1,"nominatorAbbr":{"fi":"KD","sv":"KD","en":"CD"}},{"age":41,"advanceVotesPercent":0.3,"lastname":"Kanerva","occupation":"lähihoitaja","advanceVotes":3,"npid":1,"totalVotes":6,"spid":1,"abbr":"KESK","municipalCouncilor":false,"muid":249,"alid":1,"firstname":"Katja","electionDayVotes":3,"pid":"2","finalPosition":0,"electedInformation":"ELECTED","totalVotesPercent":0.3,"nominatorName":{"fi":"Suomen Keskusta","sv":"Centern i Finland","en":"Centre Party of Finland"},"caid":7,"position":0,"gender":"2","comparisonData":{"totalVotes":0,"votesTotalChange":6},"edid":11,"comparativeIndex":0.0,"electionDayVotesPercent":0.3,"nominatorAbbr":{"fi":"KESK","sv":"C","en":"CENT"}},{"age":21,"advanceVotesPercent":0.2,"lastname":"Lintula","occupation":"kuorma-auton kuljettaja","advanceVotes":2,"npid":1,"totalVotes":6,"spid":1,"abbr":"KESK","municipalCouncilor":false,"muid":249,"alid":1,"firstname":"Juho","electionDayVotes":4,"pid":"2","finalPosition":0,"electedInformation":"ON_SUBSTITUTE_PLACE","totalVotesPercent":0.3,"nominatorName":{"fi":"Suomen Keskusta","sv":"Centern i Finland","en":"Centre Party of Finland"},"caid":11,"position":0,"gender":"1","comparisonData":{"totalVotes":0,"votesTotalChange":6},"edid":11,"comparativeIndex":0.0,"electionDayVotesPercent":0.4,"nominatorAbbr":{"fi":"KESK","sv":"C","en":"CENT"}},{"age":35,"advanceVotesPercent":0.2,"lastname":"Ruokola","occupation":"sähköasentaja","advanceVotes":2,"npid":3,"totalVotes":6,"spid":4,"abbr":"SDP","municipalCouncilor":false,"muid":249,"alid":3,"firstname":"Marko","electionDayVotes":4,"pid":"1","finalPosition":0,"electedInformation":"ELECTED","totalVotesPercent":0.3,"nominatorName":{"fi":"Suomen Sosialidemokraattinen Puolue","sv":"Finlands Socialdemokratiska Parti","en":"The Finnish Social Democratic Party"},"caid":38,"position":0,"gender":"1","comparisonData":{"totalVotes":0,"votesTotalChange":6},"edid":11,"comparativeIndex":0.0,"electionDayVotesPercent":0.4,"nominatorAbbr":{"fi":"SDP","sv":"SDP","en":"SDP"}},{"age":26,"advanceVotesPercent":0.5,"lastname":"Ekqvist","occupation":"kokki, vartija","advanceVotes":6,"npid":7,"totalVotes":6,"spid":8,"abbr":"KD","municipalCouncilor":false,"muid":249,"alid":7,"firstname":"Niko","electionDayVotes":0,"pid":"9","finalPosition":0,"electedInformation":"NOT_ELECTED","totalVotesPercent":0.3,"nominatorName":{"fi":"Suomen Kristillisdemokraatit (KD)","sv":"Kristdemokraterna i Finland (KD)","en":"Christian Democrats in Finland"},"caid":74,"position":0,"gender":"1","comparisonData":{"totalVotes":0,"votesTotalChange":6},"edid":11,"comparativeIndex":0.0,"electionDayVotesPercent":0.0,"nominatorAbbr":{"fi":"KD","sv":"KD","en":"CD"}},{"age":38,"advanceVotesPercent":0.3,"lastname":"Nuotio","occupation":"kenttätyöntekijä","advanceVotes":3,"npid":7,"totalVotes":6,"spid":8,"abbr":"KD","municipalCouncilor":false,"muid":249,"alid":7,"firstname":"Mia-Mari","electionDayVotes":3,"pid":"9","finalPosition":0,"electedInformation":"NOT_ELECTED","totalVotesPercent":0.3,"nominatorName":{"fi":"Suomen Kristillisdemokraatit (KD)","sv":"Kristdemokraterna i Finland (KD)","en":"Christian Democrats in Finland"},"caid":79,"position":0,"gender":"2","comparisonData":{"totalVotes":0,"votesTotalChange":6},"edid":11,"comparativeIndex":0.0,"electionDayVotesPercent":0.3,"nominatorAbbr":{"fi":"KD","sv":"KD","en":"CD"}},{"age":58,"advanceVotesPercent":0.1,"lastname":"Lehtonen","occupation":"linja-autonkuljettaja, työtön","advanceVotes":1,"npid":2,"totalVotes":5,"spid":6,"abbr":"VAS","municipalCouncilor":false,"muid":249,"alid":2,"firstname":"Liisa","electionDayVotes":4,"pid":"15","finalPosition":0,"electedInformation":"ON_SUBSTITUTE_PLACE","totalVotesPercent":0.2,"nominatorName":{"fi":"Vasemmistoliitto","sv":"Vänsterförbundet","en":"The Left Alliance"},"caid":21,"position":0,"gender":"2","comparisonData":{"totalVotes":0,"votesTotalChange":5},"edid":11,"comparativeIndex":0.0,"electionDayVotesPercent":0.4,"nominatorAbbr":{"fi":"VAS","sv":"VF","en":"LEFT"}},{"age":65,"advanceVotesPercent":0.3,"lastname":"Piesala","occupation":"taksinkuljettaja","advanceVotes":3,"npid":3,"totalVotes":5,"spid":4,"abbr":"SDP","municipalCouncilor":false,"muid":249,"alid":3,"firstname":"Timo","electionDayVotes":2,"pid":"1","finalPosition":0,"electedInformation":"ON_SUBSTITUTE_PLACE","totalVotesPercent":0.2,"nominatorName":{"fi":"Suomen Sosialidemokraattinen Puolue","sv":"Finlands Socialdemokratiska Parti","en":"The Finnish Social Democratic Party"},"caid":36,"position":0,"gender":"1","comparisonData":{"totalVotes":51,"votesTotalChange":-46},"edid":11,"comparativeIndex":0.0,"electionDayVotesPercent":0.2,"nominatorAbbr":{"fi":"SDP","sv":"SDP","en":"SDP"}},{"age":65,"advanceVotesPercent":0.2,"lastname":"Vehmasaho","occupation":"betonilaborantti, eläkeläinen","advanceVotes":2,"npid":5,"totalVotes":5,"spid":5,"abbr":"VIHR","municipalCouncilor":false,"muid":249,"alid":5,"firstname":"Reijo","electionDayVotes":3,"pid":"13","finalPosition":0,"electedInformation":"NOT_ELECTED","totalVotesPercent":0.2,"nominatorName":{"fi":"Vihreä liitto","sv":"Gröna förbundet","en":"Green League"},"caid":59,"position":0,"gender":"1","comparisonData":{"totalVotes":18,"votesTotalChange":-13},"edid":11,"comparativeIndex":0.0,"electionDayVotesPercent":0.3,"nominatorAbbr":{"fi":"VIHR","sv":"Gröna","en":"GREEN"}},{"age":57,"advanceVotesPercent":0.3,"lastname":"Vesterinen","occupation":"agrologi, myyjä","advanceVotes":4,"npid":1,"totalVotes":4,"spid":1,"abbr":"KESK","municipalCouncilor":false,"muid":249,"alid":1,"firstname":"Kari","electionDayVotes":0,"pid":"2","finalPosition":0,"electedInformation":"ON_SUBSTITUTE_PLACE","totalVotesPercent":0.2,"nominatorName":{"fi":"Suomen Keskusta","sv":"Centern i Finland","en":"Centre Party of Finland"},"caid":20,"position":0,"gender":"1","comparisonData":{"totalVotes":34,"votesTotalChange":-30},"edid":11,"comparativeIndex":0.0,"electionDayVotesPercent":0.0,"nominatorAbbr":{"fi":"KESK","sv":"C","en":"CENT"}},{"age":38,"advanceVotesPercent":0.2,"lastname":"Paananen","occupation":"siivooja, yrittäjä","advanceVotes":2,"npid":3,"totalVotes":4,"spid":4,"abbr":"SDP","municipalCouncilor":false,"muid":249,"alid":3,"firstname":"Hanne","electionDayVotes":2,"pid":"1","finalPosition":0,"electedInformation":"ON_SUBSTITUTE_PLACE","totalVotesPercent":0.2,"nominatorName":{"fi":"Suomen Sosialidemokraattinen Puolue","sv":"Finlands Socialdemokratiska Parti","en":"The Finnish Social Democratic Party"},"caid":34,"position":0,"gender":"2","comparisonData":{"totalVotes":0,"votesTotalChange":4},"edid":11,"comparativeIndex":0.0,"electionDayVotesPercent":0.2,"nominatorAbbr":{"fi":"SDP","sv":"SDP","en":"SDP"}},{"age":26,"advanceVotesPercent":0.0,"lastname":"Koskela","occupation":"yrittäjä","advanceVotes":0,"npid":8,"totalVotes":4,"spid":99,"abbr":"Muut","municipalCouncilor":false,"muid":249,"alid":8,"firstname":"Anton","electionDayVotes":4,"pid":"2498","finalPosition":0,"electedInformation":"NOT_ELECTED","totalVotesPercent":0.2,"nominatorName":{"fi":"Ryhmien demokratian- sekä vallanvalvonta -yhteislista","sv":"Ryhmien demokratian- sekä vallanvalvonta -yhteislista","en":"Ryhmien demokratian- sekä vallanvalvonta -yhteislista"},"caid":86,"position":0,"gender":"1","comparisonData":{"totalVotes":0,"votesTotalChange":4},"edid":11,"comparativeIndex":0.0,"electionDayVotesPercent":0.4,"nominatorAbbr":{"fi":"YL1","sv":"YL1","en":"YL1"}},{"age":50,"advanceVotesPercent":0.2,"lastname":"Kanerva-Murtomäki","occupation":"keittäjä, ravintolakokki","advanceVotes":2,"npid":1,"totalVotes":3,"spid":1,"abbr":"KESK","municipalCouncilor":false,"muid":249,"alid":1,"firstname":"Marjut","electionDayVotes":1,"pid":"2","finalPosition":0,"electedInformation":"ON_SUBSTITUTE_PLACE","totalVotesPercent":0.1,"nominatorName":{"fi":"Suomen Keskusta","sv":"Centern i Finland","en":"Centre Party of Finland"},"caid":8,"position":0,"gender":"2","comparisonData":{"totalVotes":0,"votesTotalChange":3},"edid":11,"comparativeIndex":0.0,"electionDayVotesPercent":0.1,"nominatorAbbr":{"fi":"KESK","sv":"C","en":"CENT"}},{"age":70,"advanceVotesPercent":0.1,"lastname":"Heinonen","occupation":"insinööri, eläkeläinen","advanceVotes":1,"npid":4,"totalVotes":3,"spid":3,"abbr":"PS","municipalCouncilor":false,"muid":249,"alid":4,"firstname":"Tuomas","electionDayVotes":2,"pid":"23","finalPosition":0,"electedInformation":"ON_SUBSTITUTE_PLACE","totalVotesPercent":0.1,"nominatorName":{"fi":"Perussuomalaiset","sv":"Sannfinländarna","en":"The Finns Party"},"caid":46,"position":0,"gender":"1","comparisonData":{"totalVotes":55,"votesTotalChange":-52},"edid":11,"comparativeIndex":0.0,"electionDayVotesPercent":0.2,"nominatorAbbr":{"fi":"PS","sv":"Sannf","en":"FINNS"}},{"age":69,"advanceVotesPercent":0.1,"lastname":"Kyngäs","occupation":"eläkeläinen, maatalouslomittaja","advanceVotes":1,"npid":4,"totalVotes":3,"spid":3,"abbr":"PS","municipalCouncilor":false,"muid":249,"alid":4,"firstname":"Ismo","electionDayVotes":2,"pid":"23","finalPosition":0,"electedInformation":"NOT_ELECTED","totalVotesPercent":0.1,"nominatorName":{"fi":"Perussuomalaiset","sv":"Sannfinländarna","en":"The Finns Party"},"caid":48,"position":0,"gender":"1","comparisonData":{"totalVotes":17,"votesTotalChange":-14},"edid":11,"comparativeIndex":0.0,"electionDayVotesPercent":0.2,"nominatorAbbr":{"fi":"PS","sv":"Sannf","en":"FINNS"}},{"age":64,"advanceVotesPercent":0.3,"lastname":"Junnonen","occupation":"eläkeläinen","advanceVotes":3,"npid":6,"totalVotes":3,"spid":2,"abbr":"KOK","municipalCouncilor":false,"muid":249,"alid":6,"firstname":"Tuire","electionDayVotes":0,"pid":"4","finalPosition":0,"electedInformation":"NOT_ELECTED","totalVotesPercent":0.1,"nominatorName":{"fi":"Kansallinen Kokoomus","sv":"Samlingspartiet","en":"National Coalition Party"},"caid":61,"position":0,"gender":"2","comparisonData":{"totalVotes":0,"votesTotalChange":3},"edid":11,"comparativeIndex":0.0,"electionDayVotesPercent":0.0,"nominatorAbbr":{"fi":"KOK","sv":"Saml","en":"NCP"}},{"age":73,"advanceVotesPercent":0.2,"lastname":"Palmén","occupation":"piiripäällikkö","advanceVotes":2,"npid":6,"totalVotes":3,"spid":2,"abbr":"KOK","municipalCouncilor":false,"muid":249,"alid":6,"firstname":"Esa","electionDayVotes":1,"pid":"4","finalPosition":0,"electedInformation":"NOT_ELECTED","totalVotesPercent":0.1,"nominatorName":{"fi":"Kansallinen Kokoomus","sv":"Samlingspartiet","en":"National Coalition Party"},"caid":69,"position":0,"gender":"1","comparisonData":{"totalVotes":0,"votesTotalChange":3},"edid":11,"comparativeIndex":0.0,"electionDayVotesPercent":0.1,"nominatorAbbr":{"fi":"KOK","sv":"Saml","en":"NCP"}},{"age":58,"advanceVotesPercent":0.1,"lastname":"Rusila","occupation":"huoltomyyjä","advanceVotes":1,"npid":6,"totalVotes":2,"spid":2,"abbr":"KOK","municipalCouncilor":false,"muid":249,"alid":6,"firstname":"Keijo","electionDayVotes":1,"pid":"4","finalPosition":0,"electedInformation":"NOT_ELECTED","totalVotesPercent":0.1,"nominatorName":{"fi":"Kansallinen Kokoomus","sv":"Samlingspartiet","en":"National Coalition Party"},"caid":70,"position":0,"gender":"1","comparisonData":{"totalVotes":14,"votesTotalChange":-12},"edid":11,"comparativeIndex":0.0,"electionDayVotesPercent":0.1,"nominatorAbbr":{"fi":"KOK","sv":"Saml","en":"NCP"}},{"age":71,"advanceVotesPercent":0.1,"lastname":"Pohjonen","occupation":"eläkeläinen, ylipostimies","advanceVotes":1,"npid":4,"totalVotes":1,"spid":3,"abbr":"PS","municipalCouncilor":true,"muid":249,"alid":4,"firstname":"Antero","electionDayVotes":0,"pid":"23","finalPosition":0,"electedInformation":"NOT_ELECTED","totalVotesPercent":0.0,"nominatorName":{"fi":"Perussuomalaiset","sv":"Sannfinländarna","en":"The Finns Party"},"caid":51,"position":0,"gender":"1","comparisonData":{"totalVotes":77,"votesTotalChange":-76},"edid":11,"comparativeIndex":0.0,"electionDayVotesPercent":0.0,"nominatorAbbr":{"fi":"PS","sv":"Sannf","en":"FINNS"}},{"age":50,"advanceVotesPercent":0.1,"lastname":"Pohjonen","occupation":"hitsaaja, rakennusmies","advanceVotes":1,"npid":4,"totalVotes":1,"spid":3,"abbr":"PS","municipalCouncilor":false,"muid":249,"alid":4,"firstname":"Ari","electionDayVotes":0,"pid":"23","finalPosition":0,"electedInformation":"NOT_ELECTED","totalVotesPercent":0.0,"nominatorName":{"fi":"Perussuomalaiset","sv":"Sannfinländarna","en":"The Finns Party"},"caid":52,"position":0,"gender":"1","comparisonData":{"totalVotes":11,"votesTotalChange":-10},"edid":11,"comparativeIndex":0.0,"electionDayVotesPercent":0.0,"nominatorAbbr":{"fi":"PS","sv":"Sannf","en":"FINNS"}},{"age":41,"advanceVotesPercent":0.0,"lastname":"Kyllästinen","occupation":"kiinteistönhoitaja","advanceVotes":0,"npid":3,"totalVotes":0,"spid":4,"abbr":"SDP","municipalCouncilor":false,"muid":249,"alid":3,"firstname":"Tuomo","electionDayVotes":0,"pid":"1","finalPosition":0,"electedInformation":"ON_SUBSTITUTE_PLACE","totalVotesPercent":0.0,"nominatorName":{"fi":"Suomen Sosialidemokraattinen Puolue","sv":"Finlands Socialdemokratiska Parti","en":"The Finnish Social Democratic Party"},"caid":31,"position":0,"gender":"1","comparisonData":{"totalVotes":0,"votesTotalChange":0},"edid":11,"comparativeIndex":0.0,"electionDayVotesPercent":0.0,"nominatorAbbr":{"fi":"SDP","sv":"SDP","en":"SDP"}}],"municipalityPollingDistricts":[{"name":{"fi":"Keskustan läntinen","sv":"Keskustan läntinen"},"calculationStatusPercent":100.0,"joinedArea":false,"muid":249,"totalVotingInFinlandTurnout":57.0,"identification":"001","pdid":"001","eligibleVotersInFinlandTotal":3716,"edid":11,"mergedToPdid":""},{"name":{"fi":"Keskustan itäinen","sv":"Keskustan itäinen"},"calculationStatusPercent":100.0,"joinedArea":false,"muid":249,"totalVotingInFinlandTurnout":63.7,"identification":"002","pdid":"002","eligibleVotersInFinlandTotal":2620,"edid":11,"mergedToPdid":""},{"name":{"fi":"Haapamäki","sv":"Haapamäki"},"calculationStatusPercent":100.0,"joinedArea":false,"muid":249,"totalVotingInFinlandTurnout":58.3,"identification":"003","pdid":"003","eligibleVotersInFinlandTotal":1018,"edid":11,"mergedToPdid":""},{"name":{"fi":"Pihlajavesi","sv":"Pihlajavesi"},"calculationStatusPercent":100.0,"joinedArea":false,"muid":249,"totalVotingInFinlandTurnout":67.8,"identification":"004","pdid":"004","eligibleVotersInFinlandTotal":447,"edid":11,"mergedToPdid":""},{"name":{"fi":"Pohjoislahti","sv":"Pohjoislahti"},"calculationStatusPercent":100.0,"joinedArea":false,"muid":249,"totalVotingInFinlandTurnout":72.0,"identification":"005","pdid":"005","eligibleVotersInFinlandTotal":457,"edid":11,"mergedToPdid":""}],"municipality":{"muid":249,"edid":11,"name":{"fi":"Keuruu","sv":"Keuruu"}}}