{"version":40,"created":"2017-04-09T20:07:58.092Z","electionDetails":{"electionId":"kv2017","electionDate":"2017-04-09T00:00:00.000Z","electionDataPublishTime":"2017-04-09T17:00:00.000Z","name":{"fi":"Kuntavaalit 2017","sv":"Kommunalval 2017","en":"Elections 2017"},"previousElections":{"correspondingCompareElection":{"electionId":"kv2012","electionDate":"2012-10-28T00:00:00.000Z","name":{"fi":"Kuntavaalit 2012","en":"Municipal elections 2012","sv":"Kommunalval 2012"}},"otherCompareElection":{"electionId":"ev2015","electionDate":"2015-04-19T00:00:00.000Z","name":{"fi":"Eduskuntavaalit 2015","en":"Parliamentary election 2015","sv":"Riksdagsval 2015"}}}},"calculationStatus":{"electionDayVotingTurnout":33.1,"invalidAdvanceVotes":3,"calculationPhase":"INITIAL","invalidElectionDayVotes":4,"approvedAdvanceVotes":799,"advanceVotingTurnout":30.6,"totalVotingTurnoutAbroad":0.0,"name":{"fi":"Keskustan itäinen","sv":"Keskustan itäinen"},"calculationStatusPercent":100.0,"advanceVotes":802,"electionDayVotingTurnoutAbroad":0.0,"approvedTotalVotes":1662,"totalVotes":1669,"muid":249,"totalVotingInFinlandTurnout":63.7,"advanceVotingTurnoutAbroad":0.0,"invalidTotalVotes":7,"totalVotingTurnout":63.7,"electionDayVotes":867,"electionDayVotesInFinland":867,"pdid":"002","totalVotesInFinlandMen":0,"eligibleVotersInFinlandTotal":2620,"calculationStatusPercentElectionDayVotes":100.0,"sourceRecordModificationTime":"20170409213741","otherCompareElection":{"eid":"","eligibleVotersInFinlandTotal":0,"advanceVotingInFinlandTurnout":0.0,"electionDayVotingInFinlandTurnout":0.0,"totalVotingInFinlandTurnout":0.0,"approvedVotesTotal":0,"invalidVotesTotal":0},"correspondingCompareElection":{"eid":"","eligibleVotersInFinlandTotal":0,"advanceVotingInFinlandTurnout":0.0,"electionDayVotingInFinlandTurnout":0.0,"totalVotingInFinlandTurnout":0.0,"approvedVotesTotal":0,"invalidVotesTotal":0,"seats":0},"approvedElectionDayVotes":863,"edid":11,"calculationStatusPercentAdvanceVotes":100.0,"electionDayVotingInFinlandTurnout":33.1,"seats":0,"eligibleVotersTotal":2620,"advanceVotesInFinland":802,"advanceVotingInFinlandTurnout":30.6,"totalVotesInFinland":1669},"partyResults":[{"advanceVotesPercent":32.8,"name":{"fi":"Suomen Sosialidemokraattinen Puolue","sv":"Finlands Socialdemokratiska Parti","en":"The Finnish Social Democratic Party"},"advanceVotes":262,"npid":3,"totalVotes":519,"spid":4,"abbr":{"fi":"SDP","sv":"SDP","en":"SDP"},"alid":3,"electionDayVotes":257,"pid":"1","totalVotesPercent":31.2,"nominatorName":{"fi":"Suomen Sosialidemokraattinen Puolue","sv":"Finlands Socialdemokratiska Parti","en":"The Finnish Social Democratic Party"},"compareData":{"otherCompareElection":{"votesTotalChange":0,"votesTotalPercentChange":0.0,"votesTotal":519,"votesTotalPercent":31.2},"correspondingCompareElection":{"votesTotalChange":0,"votesTotalPercentChange":0.0,"seatChange":0,"votesTotal":519,"votesTotalPercent":31.2,"seatsTotal":0}},"seats":0,"electionDayVotesPercent":29.8,"nominatorAbbr":{"fi":"SDP","sv":"SDP","en":"SDP"}},{"advanceVotesPercent":25.0,"name":{"fi":"Suomen Keskusta","sv":"Centern i Finland","en":"Centre Party of Finland"},"advanceVotes":200,"npid":1,"totalVotes":419,"spid":1,"abbr":{"fi":"KESK","sv":"C","en":"CENT"},"alid":1,"electionDayVotes":219,"pid":"2","totalVotesPercent":25.2,"nominatorName":{"fi":"Suomen Keskusta","sv":"Centern i Finland","en":"Centre Party of Finland"},"compareData":{"otherCompareElection":{"votesTotalChange":0,"votesTotalPercentChange":0.0,"votesTotal":419,"votesTotalPercent":25.2},"correspondingCompareElection":{"votesTotalChange":0,"votesTotalPercentChange":0.0,"seatChange":0,"votesTotal":419,"votesTotalPercent":25.2,"seatsTotal":0}},"seats":0,"electionDayVotesPercent":25.4,"nominatorAbbr":{"fi":"KESK","sv":"C","en":"CENT"}},{"advanceVotesPercent":10.9,"name":{"fi":"Perussuomalaiset","sv":"Sannfinländarna","en":"The Finns Party"},"advanceVotes":87,"npid":4,"totalVotes":220,"spid":3,"abbr":{"fi":"PS","sv":"Sannf","en":"FINNS"},"alid":4,"electionDayVotes":133,"pid":"23","totalVotesPercent":13.2,"nominatorName":{"fi":"Perussuomalaiset","sv":"Sannfinländarna","en":"The Finns Party"},"compareData":{"otherCompareElection":{"votesTotalChange":0,"votesTotalPercentChange":0.0,"votesTotal":220,"votesTotalPercent":13.2},"correspondingCompareElection":{"votesTotalChange":0,"votesTotalPercentChange":0.0,"seatChange":0,"votesTotal":220,"votesTotalPercent":13.2,"seatsTotal":0}},"seats":0,"electionDayVotesPercent":15.4,"nominatorAbbr":{"fi":"PS","sv":"Sannf","en":"FINNS"}},{"advanceVotesPercent":13.9,"name":{"fi":"Kansallinen Kokoomus","sv":"Samlingspartiet","en":"National Coalition Party"},"advanceVotes":111,"npid":6,"totalVotes":206,"spid":2,"abbr":{"fi":"KOK","sv":"Saml","en":"NCP"},"alid":6,"electionDayVotes":95,"pid":"4","totalVotesPercent":12.4,"nominatorName":{"fi":"Kansallinen Kokoomus","sv":"Samlingspartiet","en":"National Coalition Party"},"compareData":{"otherCompareElection":{"votesTotalChange":0,"votesTotalPercentChange":0.0,"votesTotal":206,"votesTotalPercent":12.4},"correspondingCompareElection":{"votesTotalChange":0,"votesTotalPercentChange":0.0,"seatChange":0,"votesTotal":206,"votesTotalPercent":12.4,"seatsTotal":0}},"seats":0,"electionDayVotesPercent":11.0,"nominatorAbbr":{"fi":"KOK","sv":"Saml","en":"NCP"}},{"advanceVotesPercent":10.1,"name":{"fi":"Suomen Kristillisdemokraatit (KD)","sv":"Kristdemokraterna i Finland (KD)","en":"Christian Democrats in Finland"},"advanceVotes":81,"npid":7,"totalVotes":156,"spid":8,"abbr":{"fi":"KD","sv":"KD","en":"CD"},"alid":7,"electionDayVotes":75,"pid":"9","totalVotesPercent":9.4,"nominatorName":{"fi":"Suomen Kristillisdemokraatit (KD)","sv":"Kristdemokraterna i Finland (KD)","en":"Christian Democrats in Finland"},"compareData":{"otherCompareElection":{"votesTotalChange":0,"votesTotalPercentChange":0.0,"votesTotal":156,"votesTotalPercent":9.4},"correspondingCompareElection":{"votesTotalChange":0,"votesTotalPercentChange":0.0,"seatChange":0,"votesTotal":156,"votesTotalPercent":9.4,"seatsTotal":0}},"seats":0,"electionDayVotesPercent":8.7,"nominatorAbbr":{"fi":"KD","sv":"KD","en":"CD"}},{"advanceVotesPercent":3.4,"name":{"fi":"Vihreä liitto","sv":"Gröna förbundet","en":"Green League"},"advanceVotes":27,"npid":5,"totalVotes":77,"spid":5,"abbr":{"fi":"VIHR","sv":"Gröna","en":"GREEN"},"alid":5,"electionDayVotes":50,"pid":"13","totalVotesPercent":4.6,"nominatorName":{"fi":"Vihreä liitto","sv":"Gröna förbundet","en":"Green League"},"compareData":{"otherCompareElection":{"votesTotalChange":0,"votesTotalPercentChange":0.0,"votesTotal":77,"votesTotalPercent":4.6},"correspondingCompareElection":{"votesTotalChange":0,"votesTotalPercentChange":0.0,"seatChange":0,"votesTotal":77,"votesTotalPercent":4.6,"seatsTotal":0}},"seats":0,"electionDayVotesPercent":5.8,"nominatorAbbr":{"fi":"VIHR","sv":"Gröna","en":"GREEN"}},{"advanceVotesPercent":2.4,"name":{"fi":"Vasemmistoliitto","sv":"Vänsterförbundet","en":"The Left Alliance"},"advanceVotes":19,"npid":2,"totalVotes":46,"spid":6,"abbr":{"fi":"VAS","sv":"VF","en":"LEFT"},"alid":2,"electionDayVotes":27,"pid":"15","totalVotesPercent":2.8,"nominatorName":{"fi":"Vasemmistoliitto","sv":"Vänsterförbundet","en":"The Left Alliance"},"compareData":{"otherCompareElection":{"votesTotalChange":0,"votesTotalPercentChange":0.0,"votesTotal":46,"votesTotalPercent":2.8},"correspondingCompareElection":{"votesTotalChange":0,"votesTotalPercentChange":0.0,"seatChange":0,"votesTotal":46,"votesTotalPercent":2.8,"seatsTotal":0}},"seats":0,"electionDayVotesPercent":3.1,"nominatorAbbr":{"fi":"VAS","sv":"VF","en":"LEFT"}},{"advanceVotesPercent":1.5,"name":{"fi":"Muut ryhmät","sv":"Övriga grupper","en":"Other groups"},"advanceVotes":12,"npid":8,"totalVotes":19,"spid":99,"abbr":{"fi":"Muut","sv":"Övriga","en":"Others"},"alid":8,"electionDayVotes":7,"pid":"2498","totalVotesPercent":1.1,"nominatorName":{"fi":"Ryhmien demokratian- sekä vallanvalvonta -yhteislista","sv":"Ryhmien demokratian- sekä vallanvalvonta -yhteislista","en":"Ryhmien demokratian- sekä vallanvalvonta -yhteislista"},"compareData":{"otherCompareElection":{"votesTotalChange":0,"votesTotalPercentChange":0.0,"votesTotal":19,"votesTotalPercent":1.1},"correspondingCompareElection":{"votesTotalChange":0,"votesTotalPercentChange":0.0,"seatChange":0,"votesTotal":19,"votesTotalPercent":1.1,"seatsTotal":0}},"seats":0,"electionDayVotesPercent":0.8,"nominatorAbbr":{"fi":"YL1","sv":"YL1","en":"YL1"}}],"candidateResults":[{"age":66,"advanceVotesPercent":11.1,"lastname":"Puro","occupation":"lääkäri","advanceVotes":89,"npid":3,"totalVotes":180,"spid":4,"abbr":"SDP","municipalCouncilor":false,"muid":249,"alid":3,"firstname":"Markku","electionDayVotes":91,"pid":"1","finalPosition":0,"electedInformation":"ELECTED","totalVotesPercent":10.8,"nominatorName":{"fi":"Suomen Sosialidemokraattinen Puolue","sv":"Finlands Socialdemokratiska Parti","en":"The Finnish Social Democratic Party"},"caid":37,"position":0,"gender":"1","comparisonData":{"totalVotes":0,"votesTotalChange":180},"edid":11,"comparativeIndex":0.0,"electionDayVotesPercent":10.5,"nominatorAbbr":{"fi":"SDP","sv":"SDP","en":"SDP"}},{"age":69,"advanceVotesPercent":5.9,"lastname":"Oinonen","occupation":"sijaispappi","advanceVotes":47,"npid":1,"totalVotes":89,"spid":1,"abbr":"KESK","municipalCouncilor":true,"muid":249,"alid":1,"firstname":"Lauri","electionDayVotes":42,"pid":"2","finalPosition":0,"electedInformation":"ELECTED","totalVotesPercent":5.4,"nominatorName":{"fi":"Suomen Keskusta","sv":"Centern i Finland","en":"Centre Party of Finland"},"caid":14,"position":0,"gender":"1","comparisonData":{"totalVotes":370,"votesTotalChange":-281},"edid":11,"comparativeIndex":0.0,"electionDayVotesPercent":4.9,"nominatorAbbr":{"fi":"KESK","sv":"C","en":"CENT"}},{"age":50,"advanceVotesPercent":3.9,"lastname":"Tuominen","occupation":"toimitusjohtaja","advanceVotes":31,"npid":1,"totalVotes":64,"spid":1,"abbr":"KESK","municipalCouncilor":true,"muid":249,"alid":1,"firstname":"Petri","electionDayVotes":33,"pid":"2","finalPosition":0,"electedInformation":"ELECTED","totalVotesPercent":3.9,"nominatorName":{"fi":"Suomen Keskusta","sv":"Centern i Finland","en":"Centre Party of Finland"},"caid":19,"position":0,"gender":"1","comparisonData":{"totalVotes":162,"votesTotalChange":-98},"edid":11,"comparativeIndex":0.0,"electionDayVotesPercent":3.8,"nominatorAbbr":{"fi":"KESK","sv":"C","en":"CENT"}},{"age":54,"advanceVotesPercent":4.6,"lastname":"Laurila","occupation":"toimistosihteeri","advanceVotes":37,"npid":3,"totalVotes":58,"spid":4,"abbr":"SDP","municipalCouncilor":true,"muid":249,"alid":3,"firstname":"Leena","electionDayVotes":21,"pid":"1","finalPosition":0,"electedInformation":"ELECTED","totalVotesPercent":3.5,"nominatorName":{"fi":"Suomen Sosialidemokraattinen Puolue","sv":"Finlands Socialdemokratiska Parti","en":"The Finnish Social Democratic Party"},"caid":32,"position":0,"gender":"2","comparisonData":{"totalVotes":170,"votesTotalChange":-112},"edid":11,"comparativeIndex":0.0,"electionDayVotesPercent":2.4,"nominatorAbbr":{"fi":"SDP","sv":"SDP","en":"SDP"}},{"age":57,"advanceVotesPercent":4.3,"lastname":"Ahonen","occupation":"osastonhoitaja","advanceVotes":34,"npid":3,"totalVotes":57,"spid":4,"abbr":"SDP","municipalCouncilor":true,"muid":249,"alid":3,"firstname":"Merja","electionDayVotes":23,"pid":"1","finalPosition":0,"electedInformation":"ELECTED","totalVotesPercent":3.4,"nominatorName":{"fi":"Suomen Sosialidemokraattinen Puolue","sv":"Finlands Socialdemokratiska Parti","en":"The Finnish Social Democratic Party"},"caid":24,"position":0,"gender":"2","comparisonData":{"totalVotes":143,"votesTotalChange":-86},"edid":11,"comparativeIndex":0.0,"electionDayVotesPercent":2.7,"nominatorAbbr":{"fi":"SDP","sv":"SDP","en":"SDP"}},{"age":36,"advanceVotesPercent":3.1,"lastname":"Koikkalainen","occupation":"toimitusjohtaja, yrittäjä","advanceVotes":25,"npid":6,"totalVotes":55,"spid":2,"abbr":"KOK","municipalCouncilor":false,"muid":249,"alid":6,"firstname":"Emilia","electionDayVotes":30,"pid":"4","finalPosition":0,"electedInformation":"ELECTED","totalVotesPercent":3.3,"nominatorName":{"fi":"Kansallinen Kokoomus","sv":"Samlingspartiet","en":"National Coalition Party"},"caid":65,"position":0,"gender":"2","comparisonData":{"totalVotes":0,"votesTotalChange":55},"edid":11,"comparativeIndex":0.0,"electionDayVotesPercent":3.5,"nominatorAbbr":{"fi":"KOK","sv":"Saml","en":"NCP"}},{"age":34,"advanceVotesPercent":2.4,"lastname":"Röppänen","occupation":"ensihoitaja","advanceVotes":19,"npid":4,"totalVotes":52,"spid":3,"abbr":"PS","municipalCouncilor":true,"muid":249,"alid":4,"firstname":"Joonas","electionDayVotes":33,"pid":"23","finalPosition":0,"electedInformation":"ELECTED","totalVotesPercent":3.1,"nominatorName":{"fi":"Perussuomalaiset","sv":"Sannfinländarna","en":"The Finns Party"},"caid":56,"position":0,"gender":"1","comparisonData":{"totalVotes":54,"votesTotalChange":-2},"edid":11,"comparativeIndex":0.0,"electionDayVotesPercent":3.8,"nominatorAbbr":{"fi":"PS","sv":"Sannf","en":"FINNS"}},{"age":53,"advanceVotesPercent":2.6,"lastname":"Santaniemi","occupation":"maanviljelijä, metsätalousinsinööri","advanceVotes":21,"npid":6,"totalVotes":51,"spid":2,"abbr":"KOK","municipalCouncilor":true,"muid":249,"alid":6,"firstname":"Jussi","electionDayVotes":30,"pid":"4","finalPosition":0,"electedInformation":"ELECTED","totalVotesPercent":3.1,"nominatorName":{"fi":"Kansallinen Kokoomus","sv":"Samlingspartiet","en":"National Coalition Party"},"caid":71,"position":0,"gender":"1","comparisonData":{"totalVotes":114,"votesTotalChange":-63},"edid":11,"comparativeIndex":0.0,"electionDayVotesPercent":3.5,"nominatorAbbr":{"fi":"KOK","sv":"Saml","en":"NCP"}},{"age":55,"advanceVotesPercent":3.4,"lastname":"Träff","occupation":"sähköasentaja","advanceVotes":27,"npid":3,"totalVotes":50,"spid":4,"abbr":"SDP","municipalCouncilor":true,"muid":249,"alid":3,"firstname":"Henry","electionDayVotes":23,"pid":"1","finalPosition":0,"electedInformation":"ELECTED","totalVotesPercent":3.0,"nominatorName":{"fi":"Suomen Sosialidemokraattinen Puolue","sv":"Finlands Socialdemokratiska Parti","en":"The Finnish Social Democratic Party"},"caid":39,"position":0,"gender":"1","comparisonData":{"totalVotes":179,"votesTotalChange":-129},"edid":11,"comparativeIndex":0.0,"electionDayVotesPercent":2.7,"nominatorAbbr":{"fi":"SDP","sv":"SDP","en":"SDP"}},{"age":56,"advanceVotesPercent":2.8,"lastname":"Oksanen","occupation":"kunnossapitoasentaja","advanceVotes":22,"npid":4,"totalVotes":50,"spid":3,"abbr":"PS","municipalCouncilor":true,"muid":249,"alid":4,"firstname":"Harri","electionDayVotes":28,"pid":"23","finalPosition":0,"electedInformation":"ELECTED","totalVotesPercent":3.0,"nominatorName":{"fi":"Perussuomalaiset","sv":"Sannfinländarna","en":"The Finns Party"},"caid":49,"position":0,"gender":"1","comparisonData":{"totalVotes":255,"votesTotalChange":-205},"edid":11,"comparativeIndex":0.0,"electionDayVotesPercent":3.2,"nominatorAbbr":{"fi":"PS","sv":"Sannf","en":"FINNS"}},{"age":34,"advanceVotesPercent":1.3,"lastname":"Paananen","occupation":"metsäasiantuntija, metsätalousinsinööri AMK","advanceVotes":10,"npid":1,"totalVotes":41,"spid":1,"abbr":"KESK","municipalCouncilor":false,"muid":249,"alid":1,"firstname":"Riikka","electionDayVotes":31,"pid":"2","finalPosition":0,"electedInformation":"ELECTED","totalVotesPercent":2.5,"nominatorName":{"fi":"Suomen Keskusta","sv":"Centern i Finland","en":"Centre Party of Finland"},"caid":15,"position":0,"gender":"2","comparisonData":{"totalVotes":0,"votesTotalChange":41},"edid":11,"comparativeIndex":0.0,"electionDayVotesPercent":3.6,"nominatorAbbr":{"fi":"KESK","sv":"C","en":"CENT"}},{"age":39,"advanceVotesPercent":2.6,"lastname":"Kajosmäki","occupation":"toimistosihteeri","advanceVotes":21,"npid":3,"totalVotes":40,"spid":4,"abbr":"SDP","municipalCouncilor":true,"muid":249,"alid":3,"firstname":"Maija","electionDayVotes":19,"pid":"1","finalPosition":0,"electedInformation":"ELECTED","totalVotesPercent":2.4,"nominatorName":{"fi":"Suomen Sosialidemokraattinen Puolue","sv":"Finlands Socialdemokratiska Parti","en":"The Finnish Social Democratic Party"},"caid":26,"position":0,"gender":"2","comparisonData":{"totalVotes":117,"votesTotalChange":-77},"edid":11,"comparativeIndex":0.0,"electionDayVotesPercent":2.2,"nominatorAbbr":{"fi":"SDP","sv":"SDP","en":"SDP"}},{"age":68,"advanceVotesPercent":2.0,"lastname":"Haapala","occupation":"pastori","advanceVotes":16,"npid":7,"totalVotes":32,"spid":8,"abbr":"KD","municipalCouncilor":true,"muid":249,"alid":7,"firstname":"Onni","electionDayVotes":16,"pid":"9","finalPosition":0,"electedInformation":"ELECTED","totalVotesPercent":1.9,"nominatorName":{"fi":"Suomen Kristillisdemokraatit (KD)","sv":"Kristdemokraterna i Finland (KD)","en":"Christian Democrats in Finland"},"caid":75,"position":0,"gender":"1","comparisonData":{"totalVotes":175,"votesTotalChange":-143},"edid":11,"comparativeIndex":0.0,"electionDayVotesPercent":1.9,"nominatorAbbr":{"fi":"KD","sv":"KD","en":"CD"}},{"age":33,"advanceVotesPercent":0.6,"lastname":"Ylikauppila","occupation":"yrittäjä","advanceVotes":5,"npid":5,"totalVotes":31,"spid":5,"abbr":"VIHR","municipalCouncilor":false,"muid":249,"alid":5,"firstname":"Pekka","electionDayVotes":26,"pid":"13","finalPosition":0,"electedInformation":"ELECTED","totalVotesPercent":1.9,"nominatorName":{"fi":"Vihreä liitto","sv":"Gröna förbundet","en":"Green League"},"caid":60,"position":0,"gender":"1","comparisonData":{"totalVotes":0,"votesTotalChange":31},"edid":11,"comparativeIndex":0.0,"electionDayVotesPercent":3.0,"nominatorAbbr":{"fi":"VIHR","sv":"Gröna","en":"GREEN"}},{"age":31,"advanceVotesPercent":2.1,"lastname":"Kässi-Jokinen","occupation":"agrologi AMK","advanceVotes":17,"npid":1,"totalVotes":30,"spid":1,"abbr":"KESK","municipalCouncilor":true,"muid":249,"alid":1,"firstname":"Saara","electionDayVotes":13,"pid":"2","finalPosition":0,"electedInformation":"ELECTED","totalVotesPercent":1.8,"nominatorName":{"fi":"Suomen Keskusta","sv":"Centern i Finland","en":"Centre Party of Finland"},"caid":10,"position":0,"gender":"2","comparisonData":{"totalVotes":83,"votesTotalChange":-53},"edid":11,"comparativeIndex":0.0,"electionDayVotesPercent":1.5,"nominatorAbbr":{"fi":"KESK","sv":"C","en":"CENT"}},{"age":60,"advanceVotesPercent":2.4,"lastname":"Paappanen","occupation":"toiminnanjohtaja","advanceVotes":19,"npid":6,"totalVotes":30,"spid":2,"abbr":"KOK","municipalCouncilor":true,"muid":249,"alid":6,"firstname":"Tapio","electionDayVotes":11,"pid":"4","finalPosition":0,"electedInformation":"ELECTED","totalVotesPercent":1.8,"nominatorName":{"fi":"Kansallinen Kokoomus","sv":"Samlingspartiet","en":"National Coalition Party"},"caid":68,"position":0,"gender":"1","comparisonData":{"totalVotes":71,"votesTotalChange":-41},"edid":11,"comparativeIndex":0.0,"electionDayVotesPercent":1.3,"nominatorAbbr":{"fi":"KOK","sv":"Saml","en":"NCP"}},{"age":65,"advanceVotesPercent":2.0,"lastname":"Houhala","occupation":"yrittäjä","advanceVotes":16,"npid":1,"totalVotes":27,"spid":1,"abbr":"KESK","municipalCouncilor":false,"muid":249,"alid":1,"firstname":"Leo","electionDayVotes":11,"pid":"2","finalPosition":0,"electedInformation":"ELECTED","totalVotesPercent":1.6,"nominatorName":{"fi":"Suomen Keskusta","sv":"Centern i Finland","en":"Centre Party of Finland"},"caid":4,"position":0,"gender":"1","comparisonData":{"totalVotes":0,"votesTotalChange":27},"edid":11,"comparativeIndex":0.0,"electionDayVotesPercent":1.3,"nominatorAbbr":{"fi":"KESK","sv":"C","en":"CENT"}},{"age":54,"advanceVotesPercent":1.8,"lastname":"Kukkamo","occupation":"FM","advanceVotes":14,"npid":1,"totalVotes":26,"spid":1,"abbr":"KESK","municipalCouncilor":true,"muid":249,"alid":1,"firstname":"Helena","electionDayVotes":12,"pid":"2","finalPosition":0,"electedInformation":"ELECTED","totalVotesPercent":1.6,"nominatorName":{"fi":"Suomen Keskusta","sv":"Centern i Finland","en":"Centre Party of Finland"},"caid":9,"position":0,"gender":"2","comparisonData":{"totalVotes":67,"votesTotalChange":-41},"edid":11,"comparativeIndex":0.0,"electionDayVotesPercent":1.4,"nominatorAbbr":{"fi":"KESK","sv":"C","en":"CENT"}},{"age":37,"advanceVotesPercent":1.4,"lastname":"Saarinen","occupation":"työntekijä, pääluottamusmies","advanceVotes":11,"npid":2,"totalVotes":26,"spid":6,"abbr":"VAS","municipalCouncilor":false,"muid":249,"alid":2,"firstname":"Ville","electionDayVotes":15,"pid":"15","finalPosition":0,"electedInformation":"ELECTED","totalVotesPercent":1.6,"nominatorName":{"fi":"Vasemmistoliitto","sv":"Vänsterförbundet","en":"The Left Alliance"},"caid":23,"position":0,"gender":"1","comparisonData":{"totalVotes":58,"votesTotalChange":-32},"edid":11,"comparativeIndex":0.0,"electionDayVotesPercent":1.7,"nominatorAbbr":{"fi":"VAS","sv":"VF","en":"LEFT"}},{"age":48,"advanceVotesPercent":1.1,"lastname":"Riihimäki","occupation":"rakennusmestari","advanceVotes":9,"npid":4,"totalVotes":26,"spid":3,"abbr":"PS","municipalCouncilor":false,"muid":249,"alid":4,"firstname":"Marko","electionDayVotes":17,"pid":"23","finalPosition":0,"electedInformation":"ELECTED","totalVotesPercent":1.6,"nominatorName":{"fi":"Perussuomalaiset","sv":"Sannfinländarna","en":"The Finns Party"},"caid":55,"position":0,"gender":"1","comparisonData":{"totalVotes":0,"votesTotalChange":26},"edid":11,"comparativeIndex":0.0,"electionDayVotesPercent":2.0,"nominatorAbbr":{"fi":"PS","sv":"Sannf","en":"FINNS"}},{"age":58,"advanceVotesPercent":1.6,"lastname":"Kaijanmäki","occupation":"kirvesmies","advanceVotes":13,"npid":1,"totalVotes":25,"spid":1,"abbr":"KESK","municipalCouncilor":true,"muid":249,"alid":1,"firstname":"Timo","electionDayVotes":12,"pid":"2","finalPosition":0,"electedInformation":"ELECTED","totalVotesPercent":1.5,"nominatorName":{"fi":"Suomen Keskusta","sv":"Centern i Finland","en":"Centre Party of Finland"},"caid":6,"position":0,"gender":"1","comparisonData":{"totalVotes":71,"votesTotalChange":-46},"edid":11,"comparativeIndex":0.0,"electionDayVotesPercent":1.4,"nominatorAbbr":{"fi":"KESK","sv":"C","en":"CENT"}},{"age":40,"advanceVotesPercent":1.4,"lastname":"Hautamäki","occupation":"sitomokoneenhoitaja, osaston luottamusmies","advanceVotes":11,"npid":3,"totalVotes":24,"spid":4,"abbr":"SDP","municipalCouncilor":false,"muid":249,"alid":3,"firstname":"Jari","electionDayVotes":13,"pid":"1","finalPosition":0,"electedInformation":"ELECTED","totalVotesPercent":1.4,"nominatorName":{"fi":"Suomen Sosialidemokraattinen Puolue","sv":"Finlands Socialdemokratiska Parti","en":"The Finnish Social Democratic Party"},"caid":25,"position":0,"gender":"1","comparisonData":{"totalVotes":0,"votesTotalChange":24},"edid":11,"comparativeIndex":0.0,"electionDayVotesPercent":1.5,"nominatorAbbr":{"fi":"SDP","sv":"SDP","en":"SDP"}},{"age":66,"advanceVotesPercent":1.4,"lastname":"Mikkonen","occupation":"diakoni, sosionomi YAMK","advanceVotes":11,"npid":5,"totalVotes":23,"spid":5,"abbr":"VIHR","municipalCouncilor":false,"muid":249,"alid":5,"firstname":"Unto","electionDayVotes":12,"pid":"13","finalPosition":0,"electedInformation":"ON_SUBSTITUTE_PLACE","totalVotesPercent":1.4,"nominatorName":{"fi":"Vihreä liitto","sv":"Gröna förbundet","en":"Green League"},"caid":57,"position":0,"gender":"1","comparisonData":{"totalVotes":0,"votesTotalChange":23},"edid":11,"comparativeIndex":0.0,"electionDayVotesPercent":1.4,"nominatorAbbr":{"fi":"VIHR","sv":"Gröna","en":"GREEN"}},{"age":48,"advanceVotesPercent":1.3,"lastname":"Nissinen","occupation":"kirjatyöntekijä","advanceVotes":10,"npid":1,"totalVotes":22,"spid":1,"abbr":"KESK","municipalCouncilor":true,"muid":249,"alid":1,"firstname":"Mika","electionDayVotes":12,"pid":"2","finalPosition":0,"electedInformation":"ON_SUBSTITUTE_PLACE","totalVotesPercent":1.3,"nominatorName":{"fi":"Suomen Keskusta","sv":"Centern i Finland","en":"Centre Party of Finland"},"caid":13,"position":0,"gender":"1","comparisonData":{"totalVotes":84,"votesTotalChange":-62},"edid":11,"comparativeIndex":0.0,"electionDayVotesPercent":1.4,"nominatorAbbr":{"fi":"KESK","sv":"C","en":"CENT"}},{"age":57,"advanceVotesPercent":1.0,"lastname":"Rantanen","occupation":"yrittäjä","advanceVotes":8,"npid":4,"totalVotes":22,"spid":3,"abbr":"PS","municipalCouncilor":false,"muid":249,"alid":4,"firstname":"Hannu","electionDayVotes":14,"pid":"23","finalPosition":0,"electedInformation":"ON_SUBSTITUTE_PLACE","totalVotesPercent":1.3,"nominatorName":{"fi":"Perussuomalaiset","sv":"Sannfinländarna","en":"The Finns Party"},"caid":54,"position":0,"gender":"1","comparisonData":{"totalVotes":0,"votesTotalChange":22},"edid":11,"comparativeIndex":0.0,"electionDayVotesPercent":1.6,"nominatorAbbr":{"fi":"PS","sv":"Sannf","en":"FINNS"}},{"age":64,"advanceVotesPercent":1.8,"lastname":"Ryynänen","occupation":"vanhempi konstaapeli","advanceVotes":14,"npid":7,"totalVotes":22,"spid":8,"abbr":"KD","municipalCouncilor":false,"muid":249,"alid":7,"firstname":"Esa","electionDayVotes":8,"pid":"9","finalPosition":0,"electedInformation":"ELECTED","totalVotesPercent":1.3,"nominatorName":{"fi":"Suomen Kristillisdemokraatit (KD)","sv":"Kristdemokraterna i Finland (KD)","en":"Christian Democrats in Finland"},"caid":81,"position":0,"gender":"1","comparisonData":{"totalVotes":0,"votesTotalChange":22},"edid":11,"comparativeIndex":0.0,"electionDayVotesPercent":0.9,"nominatorAbbr":{"fi":"KD","sv":"KD","en":"CD"}},{"age":56,"advanceVotesPercent":0.6,"lastname":"Kakkuri","occupation":"puhdistamonhoitaja","advanceVotes":5,"npid":3,"totalVotes":21,"spid":4,"abbr":"SDP","municipalCouncilor":true,"muid":249,"alid":3,"firstname":"Ari","electionDayVotes":16,"pid":"1","finalPosition":0,"electedInformation":"ELECTED","totalVotesPercent":1.3,"nominatorName":{"fi":"Suomen Sosialidemokraattinen Puolue","sv":"Finlands Socialdemokratiska Parti","en":"The Finnish Social Democratic Party"},"caid":27,"position":0,"gender":"1","comparisonData":{"totalVotes":65,"votesTotalChange":-44},"edid":11,"comparativeIndex":0.0,"electionDayVotesPercent":1.9,"nominatorAbbr":{"fi":"SDP","sv":"SDP","en":"SDP"}},{"age":46,"advanceVotesPercent":1.3,"lastname":"Järvinen","occupation":"sairaanhoitaja, terveystieteiden opiskelija","advanceVotes":10,"npid":4,"totalVotes":21,"spid":3,"abbr":"PS","municipalCouncilor":false,"muid":249,"alid":4,"firstname":"Virpi","electionDayVotes":11,"pid":"23","finalPosition":0,"electedInformation":"ELECTED","totalVotesPercent":1.3,"nominatorName":{"fi":"Perussuomalaiset","sv":"Sannfinländarna","en":"The Finns Party"},"caid":43,"position":0,"gender":"2","comparisonData":{"totalVotes":0,"votesTotalChange":21},"edid":11,"comparativeIndex":0.0,"electionDayVotesPercent":1.3,"nominatorAbbr":{"fi":"PS","sv":"Sannf","en":"FINNS"}},{"age":53,"advanceVotesPercent":1.3,"lastname":"Riikonen","occupation":"aamu- ja iltapäivätoiminnan ohjaaja","advanceVotes":10,"npid":1,"totalVotes":20,"spid":1,"abbr":"KESK","municipalCouncilor":false,"muid":249,"alid":1,"firstname":"Tuomo","electionDayVotes":10,"pid":"2","finalPosition":0,"electedInformation":"ELECTED","totalVotesPercent":1.2,"nominatorName":{"fi":"Suomen Keskusta","sv":"Centern i Finland","en":"Centre Party of Finland"},"caid":16,"position":0,"gender":"1","comparisonData":{"totalVotes":32,"votesTotalChange":-12},"edid":11,"comparativeIndex":0.0,"electionDayVotesPercent":1.2,"nominatorAbbr":{"fi":"KESK","sv":"C","en":"CENT"}},{"age":30,"advanceVotesPercent":1.3,"lastname":"Nelimarkka","occupation":"myyjä","advanceVotes":10,"npid":5,"totalVotes":20,"spid":5,"abbr":"VIHR","municipalCouncilor":false,"muid":249,"alid":5,"firstname":"Hanna","electionDayVotes":10,"pid":"13","finalPosition":0,"electedInformation":"ON_SUBSTITUTE_PLACE","totalVotesPercent":1.2,"nominatorName":{"fi":"Vihreä liitto","sv":"Gröna förbundet","en":"Green League"},"caid":58,"position":0,"gender":"2","comparisonData":{"totalVotes":0,"votesTotalChange":20},"edid":11,"comparativeIndex":0.0,"electionDayVotesPercent":1.2,"nominatorAbbr":{"fi":"VIHR","sv":"Gröna","en":"GREEN"}},{"age":72,"advanceVotesPercent":2.1,"lastname":"Länkinen","occupation":"eläkeläinen","advanceVotes":17,"npid":6,"totalVotes":20,"spid":2,"abbr":"KOK","municipalCouncilor":false,"muid":249,"alid":6,"firstname":"Marja","electionDayVotes":3,"pid":"4","finalPosition":0,"electedInformation":"ON_SUBSTITUTE_PLACE","totalVotesPercent":1.2,"nominatorName":{"fi":"Kansallinen Kokoomus","sv":"Samlingspartiet","en":"National Coalition Party"},"caid":66,"position":0,"gender":"2","comparisonData":{"totalVotes":25,"votesTotalChange":-5},"edid":11,"comparativeIndex":0.0,"electionDayVotesPercent":0.3,"nominatorAbbr":{"fi":"KOK","sv":"Saml","en":"NCP"}},{"age":57,"advanceVotesPercent":1.4,"lastname":"Huuskola","occupation":"aluepalomestari","advanceVotes":11,"npid":1,"totalVotes":18,"spid":1,"abbr":"KESK","municipalCouncilor":false,"muid":249,"alid":1,"firstname":"Mika","electionDayVotes":7,"pid":"2","finalPosition":0,"electedInformation":"ELECTED","totalVotesPercent":1.1,"nominatorName":{"fi":"Suomen Keskusta","sv":"Centern i Finland","en":"Centre Party of Finland"},"caid":5,"position":0,"gender":"1","comparisonData":{"totalVotes":48,"votesTotalChange":-30},"edid":11,"comparativeIndex":0.0,"electionDayVotesPercent":0.8,"nominatorAbbr":{"fi":"KESK","sv":"C","en":"CENT"}},{"age":64,"advanceVotesPercent":0.8,"lastname":"Sipponen","occupation":"hoitaja, eläkeläinen","advanceVotes":6,"npid":1,"totalVotes":17,"spid":1,"abbr":"KESK","municipalCouncilor":true,"muid":249,"alid":1,"firstname":"Hellevi","electionDayVotes":11,"pid":"2","finalPosition":0,"electedInformation":"ON_SUBSTITUTE_PLACE","totalVotesPercent":1.0,"nominatorName":{"fi":"Suomen Keskusta","sv":"Centern i Finland","en":"Centre Party of Finland"},"caid":18,"position":0,"gender":"2","comparisonData":{"totalVotes":93,"votesTotalChange":-76},"edid":11,"comparativeIndex":0.0,"electionDayVotesPercent":1.3,"nominatorAbbr":{"fi":"KESK","sv":"C","en":"CENT"}},{"age":56,"advanceVotesPercent":1.5,"lastname":"Jämsä","occupation":"isännöitsijä","advanceVotes":12,"npid":6,"totalVotes":17,"spid":2,"abbr":"KOK","municipalCouncilor":true,"muid":249,"alid":6,"firstname":"Simo","electionDayVotes":5,"pid":"4","finalPosition":0,"electedInformation":"ON_SUBSTITUTE_PLACE","totalVotesPercent":1.0,"nominatorName":{"fi":"Kansallinen Kokoomus","sv":"Samlingspartiet","en":"National Coalition Party"},"caid":63,"position":0,"gender":"1","comparisonData":{"totalVotes":133,"votesTotalChange":-116},"edid":11,"comparativeIndex":0.0,"electionDayVotesPercent":0.6,"nominatorAbbr":{"fi":"KOK","sv":"Saml","en":"NCP"}},{"age":59,"advanceVotesPercent":0.8,"lastname":"Hokkanen","occupation":"yrittäjä","advanceVotes":6,"npid":7,"totalVotes":17,"spid":8,"abbr":"KD","municipalCouncilor":false,"muid":249,"alid":7,"firstname":"Alpo","electionDayVotes":11,"pid":"9","finalPosition":0,"electedInformation":"ON_SUBSTITUTE_PLACE","totalVotesPercent":1.0,"nominatorName":{"fi":"Suomen Kristillisdemokraatit (KD)","sv":"Kristdemokraterna i Finland (KD)","en":"Christian Democrats in Finland"},"caid":76,"position":0,"gender":"1","comparisonData":{"totalVotes":0,"votesTotalChange":17},"edid":11,"comparativeIndex":0.0,"electionDayVotesPercent":1.3,"nominatorAbbr":{"fi":"KD","sv":"KD","en":"CD"}},{"age":65,"advanceVotesPercent":1.1,"lastname":"Keskinen","occupation":"metsäasiantuntija","advanceVotes":9,"npid":7,"totalVotes":16,"spid":8,"abbr":"KD","municipalCouncilor":false,"muid":249,"alid":7,"firstname":"Martti","electionDayVotes":7,"pid":"9","finalPosition":0,"electedInformation":"ELECTED","totalVotesPercent":1.0,"nominatorName":{"fi":"Suomen Kristillisdemokraatit (KD)","sv":"Kristdemokraterna i Finland (KD)","en":"Christian Democrats in Finland"},"caid":77,"position":0,"gender":"1","comparisonData":{"totalVotes":0,"votesTotalChange":16},"edid":11,"comparativeIndex":0.0,"electionDayVotesPercent":0.8,"nominatorAbbr":{"fi":"KD","sv":"KD","en":"CD"}},{"age":65,"advanceVotesPercent":0.6,"lastname":"Pohjola","occupation":"yksityisyrittäjä, eläkeläinen","advanceVotes":5,"npid":4,"totalVotes":14,"spid":3,"abbr":"PS","municipalCouncilor":false,"muid":249,"alid":4,"firstname":"Olavi","electionDayVotes":9,"pid":"23","finalPosition":0,"electedInformation":"ON_SUBSTITUTE_PLACE","totalVotesPercent":0.8,"nominatorName":{"fi":"Perussuomalaiset","sv":"Sannfinländarna","en":"The Finns Party"},"caid":50,"position":0,"gender":"1","comparisonData":{"totalVotes":35,"votesTotalChange":-21},"edid":11,"comparativeIndex":0.0,"electionDayVotesPercent":1.0,"nominatorAbbr":{"fi":"PS","sv":"Sannf","en":"FINNS"}},{"age":64,"advanceVotesPercent":0.9,"lastname":"Kankimäki","occupation":"teknikko, eläkeläinen","advanceVotes":7,"npid":6,"totalVotes":14,"spid":2,"abbr":"KOK","municipalCouncilor":true,"muid":249,"alid":6,"firstname":"Heikki","electionDayVotes":7,"pid":"4","finalPosition":0,"electedInformation":"ELECTED","totalVotesPercent":0.8,"nominatorName":{"fi":"Kansallinen Kokoomus","sv":"Samlingspartiet","en":"National Coalition Party"},"caid":64,"position":0,"gender":"1","comparisonData":{"totalVotes":61,"votesTotalChange":-47},"edid":11,"comparativeIndex":0.0,"electionDayVotesPercent":0.8,"nominatorAbbr":{"fi":"KOK","sv":"Saml","en":"NCP"}},{"age":58,"advanceVotesPercent":0.6,"lastname":"Lehtonen","occupation":"linja-autonkuljettaja, työtön","advanceVotes":5,"npid":2,"totalVotes":13,"spid":6,"abbr":"VAS","municipalCouncilor":false,"muid":249,"alid":2,"firstname":"Liisa","electionDayVotes":8,"pid":"15","finalPosition":0,"electedInformation":"ON_SUBSTITUTE_PLACE","totalVotesPercent":0.8,"nominatorName":{"fi":"Vasemmistoliitto","sv":"Vänsterförbundet","en":"The Left Alliance"},"caid":21,"position":0,"gender":"2","comparisonData":{"totalVotes":0,"votesTotalChange":13},"edid":11,"comparativeIndex":0.0,"electionDayVotesPercent":0.9,"nominatorAbbr":{"fi":"VAS","sv":"VF","en":"LEFT"}},{"age":58,"advanceVotesPercent":0.8,"lastname":"Kiiski","occupation":"materiaalityöntekijä","advanceVotes":6,"npid":3,"totalVotes":13,"spid":4,"abbr":"SDP","municipalCouncilor":false,"muid":249,"alid":3,"firstname":"Jukka","electionDayVotes":7,"pid":"1","finalPosition":0,"electedInformation":"ON_SUBSTITUTE_PLACE","totalVotesPercent":0.8,"nominatorName":{"fi":"Suomen Sosialidemokraattinen Puolue","sv":"Finlands Socialdemokratiska Parti","en":"The Finnish Social Democratic Party"},"caid":28,"position":0,"gender":"1","comparisonData":{"totalVotes":28,"votesTotalChange":-15},"edid":11,"comparativeIndex":0.0,"electionDayVotesPercent":0.8,"nominatorAbbr":{"fi":"SDP","sv":"SDP","en":"SDP"}},{"age":41,"advanceVotesPercent":0.1,"lastname":"Kovanen","occupation":"paperityöntekijä","advanceVotes":1,"npid":3,"totalVotes":13,"spid":4,"abbr":"SDP","municipalCouncilor":false,"muid":249,"alid":3,"firstname":"Pasi","electionDayVotes":12,"pid":"1","finalPosition":0,"electedInformation":"ELECTED","totalVotesPercent":0.8,"nominatorName":{"fi":"Suomen Sosialidemokraattinen Puolue","sv":"Finlands Socialdemokratiska Parti","en":"The Finnish Social Democratic Party"},"caid":29,"position":0,"gender":"1","comparisonData":{"totalVotes":0,"votesTotalChange":13},"edid":11,"comparativeIndex":0.0,"electionDayVotesPercent":1.4,"nominatorAbbr":{"fi":"SDP","sv":"SDP","en":"SDP"}},{"age":41,"advanceVotesPercent":0.5,"lastname":"Simsiö","occupation":"maahanmuuttokoordinaattori","advanceVotes":4,"npid":7,"totalVotes":13,"spid":8,"abbr":"KD","municipalCouncilor":false,"muid":249,"alid":7,"firstname":"Marika","electionDayVotes":9,"pid":"9","finalPosition":0,"electedInformation":"ELECTED","totalVotesPercent":0.8,"nominatorName":{"fi":"Suomen Kristillisdemokraatit (KD)","sv":"Kristdemokraterna i Finland (KD)","en":"Christian Democrats in Finland"},"caid":83,"position":0,"gender":"2","comparisonData":{"totalVotes":0,"votesTotalChange":13},"edid":11,"comparativeIndex":0.0,"electionDayVotesPercent":1.0,"nominatorAbbr":{"fi":"KD","sv":"KD","en":"CD"}},{"age":41,"advanceVotesPercent":0.6,"lastname":"Valkeisenmäki","occupation":"sosiaaliohjaaja, kuntoutuksenohjaaja","advanceVotes":5,"npid":4,"totalVotes":12,"spid":3,"abbr":"PS","municipalCouncilor":false,"muid":249,"alid":4,"firstname":"Sanna","electionDayVotes":7,"pid":"23","finalPosition":0,"electedInformation":"ON_SUBSTITUTE_PLACE","totalVotesPercent":0.7,"nominatorName":{"fi":"Perussuomalaiset","sv":"Sannfinländarna","en":"The Finns Party"},"caid":44,"position":0,"gender":"2","comparisonData":{"totalVotes":0,"votesTotalChange":12},"edid":11,"comparativeIndex":0.0,"electionDayVotesPercent":0.8,"nominatorAbbr":{"fi":"PS","sv":"Sannf","en":"FINNS"}},{"age":62,"advanceVotesPercent":0.6,"lastname":"Ryynänen","occupation":"hammaslääketieteen lisensiaatti","advanceVotes":5,"npid":7,"totalVotes":12,"spid":8,"abbr":"KD","municipalCouncilor":false,"muid":249,"alid":7,"firstname":"Riitta","electionDayVotes":7,"pid":"9","finalPosition":0,"electedInformation":"ON_SUBSTITUTE_PLACE","totalVotesPercent":0.7,"nominatorName":{"fi":"Suomen Kristillisdemokraatit (KD)","sv":"Kristdemokraterna i Finland (KD)","en":"Christian Democrats in Finland"},"caid":82,"position":0,"gender":"2","comparisonData":{"totalVotes":0,"votesTotalChange":12},"edid":11,"comparativeIndex":0.0,"electionDayVotesPercent":0.8,"nominatorAbbr":{"fi":"KD","sv":"KD","en":"CD"}},{"age":24,"advanceVotesPercent":0.4,"lastname":"Ala-Keturi","occupation":"opiskelija, psykologian kandidaatti PsK","advanceVotes":3,"npid":1,"totalVotes":11,"spid":1,"abbr":"KESK","municipalCouncilor":false,"muid":249,"alid":1,"firstname":"Terhi","electionDayVotes":8,"pid":"2","finalPosition":0,"electedInformation":"ON_SUBSTITUTE_PLACE","totalVotesPercent":0.7,"nominatorName":{"fi":"Suomen Keskusta","sv":"Centern i Finland","en":"Centre Party of Finland"},"caid":2,"position":0,"gender":"2","comparisonData":{"totalVotes":0,"votesTotalChange":11},"edid":11,"comparativeIndex":0.0,"electionDayVotesPercent":0.9,"nominatorAbbr":{"fi":"KESK","sv":"C","en":"CENT"}},{"age":50,"advanceVotesPercent":0.5,"lastname":"Nieminen","occupation":"kirjatyöntekijä","advanceVotes":4,"npid":3,"totalVotes":11,"spid":4,"abbr":"SDP","municipalCouncilor":false,"muid":249,"alid":3,"firstname":"Risto","electionDayVotes":7,"pid":"1","finalPosition":0,"electedInformation":"ELECTED","totalVotesPercent":0.7,"nominatorName":{"fi":"Suomen Sosialidemokraattinen Puolue","sv":"Finlands Socialdemokratiska Parti","en":"The Finnish Social Democratic Party"},"caid":33,"position":0,"gender":"1","comparisonData":{"totalVotes":0,"votesTotalChange":11},"edid":11,"comparativeIndex":0.0,"electionDayVotesPercent":0.8,"nominatorAbbr":{"fi":"SDP","sv":"SDP","en":"SDP"}},{"age":66,"advanceVotesPercent":0.5,"lastname":"Viitanen","occupation":"offsetpainaja","advanceVotes":4,"npid":3,"totalVotes":11,"spid":4,"abbr":"SDP","municipalCouncilor":false,"muid":249,"alid":3,"firstname":"Raimo","electionDayVotes":7,"pid":"1","finalPosition":0,"electedInformation":"ON_SUBSTITUTE_PLACE","totalVotesPercent":0.7,"nominatorName":{"fi":"Suomen Sosialidemokraattinen Puolue","sv":"Finlands Socialdemokratiska Parti","en":"The Finnish Social Democratic Party"},"caid":42,"position":0,"gender":"1","comparisonData":{"totalVotes":56,"votesTotalChange":-45},"edid":11,"comparativeIndex":0.0,"electionDayVotesPercent":0.8,"nominatorAbbr":{"fi":"SDP","sv":"SDP","en":"SDP"}},{"age":50,"advanceVotesPercent":0.5,"lastname":"Asunmaa","occupation":"sosiaaliohjaaja, hoitaja","advanceVotes":4,"npid":7,"totalVotes":11,"spid":8,"abbr":"KD","municipalCouncilor":true,"muid":249,"alid":7,"firstname":"Kaija","electionDayVotes":7,"pid":"9","finalPosition":0,"electedInformation":"ON_SUBSTITUTE_PLACE","totalVotesPercent":0.7,"nominatorName":{"fi":"Suomen Kristillisdemokraatit (KD)","sv":"Kristdemokraterna i Finland (KD)","en":"Christian Democrats in Finland"},"caid":73,"position":0,"gender":"2","comparisonData":{"totalVotes":75,"votesTotalChange":-64},"edid":11,"comparativeIndex":0.0,"electionDayVotesPercent":0.8,"nominatorAbbr":{"fi":"KD","sv":"KD","en":"CD"}},{"age":69,"advanceVotesPercent":1.3,"lastname":"Koskinen","occupation":"projektijohtaja, insinööri","advanceVotes":10,"npid":7,"totalVotes":11,"spid":8,"abbr":"KD","municipalCouncilor":false,"muid":249,"alid":7,"firstname":"Timo","electionDayVotes":1,"pid":"9","finalPosition":0,"electedInformation":"NOT_ELECTED","totalVotesPercent":0.7,"nominatorName":{"fi":"Suomen Kristillisdemokraatit (KD)","sv":"Kristdemokraterna i Finland (KD)","en":"Christian Democrats in Finland"},"caid":78,"position":0,"gender":"1","comparisonData":{"totalVotes":0,"votesTotalChange":11},"edid":11,"comparativeIndex":0.0,"electionDayVotesPercent":0.1,"nominatorAbbr":{"fi":"KD","sv":"KD","en":"CD"}},{"age":45,"advanceVotesPercent":0.5,"lastname":"Turunen","occupation":"huoltoteknikko","advanceVotes":4,"npid":3,"totalVotes":10,"spid":4,"abbr":"SDP","municipalCouncilor":false,"muid":249,"alid":3,"firstname":"Ola","electionDayVotes":6,"pid":"1","finalPosition":0,"electedInformation":"ON_SUBSTITUTE_PLACE","totalVotesPercent":0.6,"nominatorName":{"fi":"Suomen Sosialidemokraattinen Puolue","sv":"Finlands Socialdemokratiska Parti","en":"The Finnish Social Democratic Party"},"caid":40,"position":0,"gender":"1","comparisonData":{"totalVotes":16,"votesTotalChange":-6},"edid":11,"comparativeIndex":0.0,"electionDayVotesPercent":0.7,"nominatorAbbr":{"fi":"SDP","sv":"SDP","en":"SDP"}},{"age":60,"advanceVotesPercent":0.6,"lastname":"Annala","occupation":"autoilija","advanceVotes":5,"npid":7,"totalVotes":10,"spid":8,"abbr":"KD","municipalCouncilor":false,"muid":249,"alid":7,"firstname":"Antti","electionDayVotes":5,"pid":"9","finalPosition":0,"electedInformation":"ON_SUBSTITUTE_PLACE","totalVotesPercent":0.6,"nominatorName":{"fi":"Suomen Kristillisdemokraatit (KD)","sv":"Kristdemokraterna i Finland (KD)","en":"Christian Democrats in Finland"},"caid":72,"position":0,"gender":"1","comparisonData":{"totalVotes":35,"votesTotalChange":-25},"edid":11,"comparativeIndex":0.0,"electionDayVotesPercent":0.6,"nominatorAbbr":{"fi":"KD","sv":"KD","en":"CD"}},{"age":64,"advanceVotesPercent":0.9,"lastname":"Kotimäki","occupation":"kemisti, kirjoittaja-puhuja","advanceVotes":7,"npid":8,"totalVotes":10,"spid":99,"abbr":"Muut","municipalCouncilor":true,"muid":249,"alid":8,"firstname":"Ilari","electionDayVotes":3,"pid":"2498","finalPosition":0,"electedInformation":"NOT_ELECTED","totalVotesPercent":0.6,"nominatorName":{"fi":"Ryhmien demokratian- sekä vallanvalvonta -yhteislista","sv":"Ryhmien demokratian- sekä vallanvalvonta -yhteislista","en":"Ryhmien demokratian- sekä vallanvalvonta -yhteislista"},"caid":84,"position":0,"gender":"1","comparisonData":{"totalVotes":103,"votesTotalChange":-93},"edid":11,"comparativeIndex":0.0,"electionDayVotesPercent":0.3,"nominatorAbbr":{"fi":"YL1","sv":"YL1","en":"YL1"}},{"age":45,"advanceVotesPercent":0.3,"lastname":"Calis","occupation":"särmääjä","advanceVotes":2,"npid":1,"totalVotes":9,"spid":1,"abbr":"KESK","municipalCouncilor":false,"muid":249,"alid":1,"firstname":"Ali","electionDayVotes":7,"pid":"2","finalPosition":0,"electedInformation":"ON_SUBSTITUTE_PLACE","totalVotesPercent":0.5,"nominatorName":{"fi":"Suomen Keskusta","sv":"Centern i Finland","en":"Centre Party of Finland"},"caid":3,"position":0,"gender":"1","comparisonData":{"totalVotes":0,"votesTotalChange":9},"edid":11,"comparativeIndex":0.0,"electionDayVotesPercent":0.8,"nominatorAbbr":{"fi":"KESK","sv":"C","en":"CENT"}},{"age":19,"advanceVotesPercent":0.5,"lastname":"Jämsä","occupation":"opiskelija","advanceVotes":4,"npid":6,"totalVotes":9,"spid":2,"abbr":"KOK","municipalCouncilor":false,"muid":249,"alid":6,"firstname":"Matleena","electionDayVotes":5,"pid":"4","finalPosition":0,"electedInformation":"ON_SUBSTITUTE_PLACE","totalVotesPercent":0.5,"nominatorName":{"fi":"Kansallinen Kokoomus","sv":"Samlingspartiet","en":"National Coalition Party"},"caid":62,"position":0,"gender":"2","comparisonData":{"totalVotes":0,"votesTotalChange":9},"edid":11,"comparativeIndex":0.0,"electionDayVotesPercent":0.6,"nominatorAbbr":{"fi":"KOK","sv":"Saml","en":"NCP"}},{"age":53,"advanceVotesPercent":0.4,"lastname":"Pylvänäinen","occupation":"kiinteistösihteeri, eläkeläinen","advanceVotes":3,"npid":2,"totalVotes":7,"spid":6,"abbr":"VAS","municipalCouncilor":false,"muid":249,"alid":2,"firstname":"Jaana","electionDayVotes":4,"pid":"15","finalPosition":0,"electedInformation":"ON_SUBSTITUTE_PLACE","totalVotesPercent":0.4,"nominatorName":{"fi":"Vasemmistoliitto","sv":"Vänsterförbundet","en":"The Left Alliance"},"caid":22,"position":0,"gender":"2","comparisonData":{"totalVotes":0,"votesTotalChange":7},"edid":11,"comparativeIndex":0.0,"electionDayVotesPercent":0.5,"nominatorAbbr":{"fi":"VAS","sv":"VF","en":"LEFT"}},{"age":38,"advanceVotesPercent":0.4,"lastname":"Paananen","occupation":"siivooja, yrittäjä","advanceVotes":3,"npid":3,"totalVotes":7,"spid":4,"abbr":"SDP","municipalCouncilor":false,"muid":249,"alid":3,"firstname":"Hanne","electionDayVotes":4,"pid":"1","finalPosition":0,"electedInformation":"ON_SUBSTITUTE_PLACE","totalVotesPercent":0.4,"nominatorName":{"fi":"Suomen Sosialidemokraattinen Puolue","sv":"Finlands Socialdemokratiska Parti","en":"The Finnish Social Democratic Party"},"caid":34,"position":0,"gender":"2","comparisonData":{"totalVotes":0,"votesTotalChange":7},"edid":11,"comparativeIndex":0.0,"electionDayVotesPercent":0.5,"nominatorAbbr":{"fi":"SDP","sv":"SDP","en":"SDP"}},{"age":48,"advanceVotesPercent":0.4,"lastname":"Lampinen","occupation":"ammattikalastaja, yrittäjä","advanceVotes":3,"npid":8,"totalVotes":7,"spid":99,"abbr":"Muut","municipalCouncilor":false,"muid":249,"alid":8,"firstname":"Seppo","electionDayVotes":4,"pid":"2498","finalPosition":0,"electedInformation":"NOT_ELECTED","totalVotesPercent":0.4,"nominatorName":{"fi":"Ryhmien demokratian- sekä vallanvalvonta -yhteislista","sv":"Ryhmien demokratian- sekä vallanvalvonta -yhteislista","en":"Ryhmien demokratian- sekä vallanvalvonta -yhteislista"},"caid":85,"position":0,"gender":"1","comparisonData":{"totalVotes":61,"votesTotalChange":-54},"edid":11,"comparativeIndex":0.0,"electionDayVotesPercent":0.5,"nominatorAbbr":{"fi":"YL1","sv":"YL1","en":"YL1"}},{"age":41,"advanceVotesPercent":0.3,"lastname":"Kanerva","occupation":"lähihoitaja","advanceVotes":2,"npid":1,"totalVotes":6,"spid":1,"abbr":"KESK","municipalCouncilor":false,"muid":249,"alid":1,"firstname":"Katja","electionDayVotes":4,"pid":"2","finalPosition":0,"electedInformation":"ELECTED","totalVotesPercent":0.4,"nominatorName":{"fi":"Suomen Keskusta","sv":"Centern i Finland","en":"Centre Party of Finland"},"caid":7,"position":0,"gender":"2","comparisonData":{"totalVotes":0,"votesTotalChange":6},"edid":11,"comparativeIndex":0.0,"electionDayVotesPercent":0.5,"nominatorAbbr":{"fi":"KESK","sv":"C","en":"CENT"}},{"age":65,"advanceVotesPercent":0.4,"lastname":"Piesala","occupation":"taksinkuljettaja","advanceVotes":3,"npid":3,"totalVotes":6,"spid":4,"abbr":"SDP","municipalCouncilor":false,"muid":249,"alid":3,"firstname":"Timo","electionDayVotes":3,"pid":"1","finalPosition":0,"electedInformation":"ON_SUBSTITUTE_PLACE","totalVotesPercent":0.4,"nominatorName":{"fi":"Suomen Sosialidemokraattinen Puolue","sv":"Finlands Socialdemokratiska Parti","en":"The Finnish Social Democratic Party"},"caid":36,"position":0,"gender":"1","comparisonData":{"totalVotes":51,"votesTotalChange":-45},"edid":11,"comparativeIndex":0.0,"electionDayVotesPercent":0.3,"nominatorAbbr":{"fi":"SDP","sv":"SDP","en":"SDP"}},{"age":35,"advanceVotesPercent":0.4,"lastname":"Ruokola","occupation":"sähköasentaja","advanceVotes":3,"npid":3,"totalVotes":6,"spid":4,"abbr":"SDP","municipalCouncilor":false,"muid":249,"alid":3,"firstname":"Marko","electionDayVotes":3,"pid":"1","finalPosition":0,"electedInformation":"ELECTED","totalVotesPercent":0.4,"nominatorName":{"fi":"Suomen Sosialidemokraattinen Puolue","sv":"Finlands Socialdemokratiska Parti","en":"The Finnish Social Democratic Party"},"caid":38,"position":0,"gender":"1","comparisonData":{"totalVotes":0,"votesTotalChange":6},"edid":11,"comparativeIndex":0.0,"electionDayVotesPercent":0.3,"nominatorAbbr":{"fi":"SDP","sv":"SDP","en":"SDP"}},{"age":49,"advanceVotesPercent":0.3,"lastname":"Jyväsjärvi","occupation":"kiinteistönhoitaja","advanceVotes":2,"npid":4,"totalVotes":6,"spid":3,"abbr":"PS","municipalCouncilor":false,"muid":249,"alid":4,"firstname":"Risto","electionDayVotes":4,"pid":"23","finalPosition":0,"electedInformation":"NOT_ELECTED","totalVotesPercent":0.4,"nominatorName":{"fi":"Perussuomalaiset","sv":"Sannfinländarna","en":"The Finns Party"},"caid":47,"position":0,"gender":"1","comparisonData":{"totalVotes":0,"votesTotalChange":6},"edid":11,"comparativeIndex":0.0,"electionDayVotesPercent":0.5,"nominatorAbbr":{"fi":"PS","sv":"Sannf","en":"FINNS"}},{"age":38,"advanceVotesPercent":0.6,"lastname":"Nuotio","occupation":"kenttätyöntekijä","advanceVotes":5,"npid":7,"totalVotes":6,"spid":8,"abbr":"KD","municipalCouncilor":false,"muid":249,"alid":7,"firstname":"Mia-Mari","electionDayVotes":1,"pid":"9","finalPosition":0,"electedInformation":"NOT_ELECTED","totalVotesPercent":0.4,"nominatorName":{"fi":"Suomen Kristillisdemokraatit (KD)","sv":"Kristdemokraterna i Finland (KD)","en":"Christian Democrats in Finland"},"caid":79,"position":0,"gender":"2","comparisonData":{"totalVotes":0,"votesTotalChange":6},"edid":11,"comparativeIndex":0.0,"electionDayVotesPercent":0.1,"nominatorAbbr":{"fi":"KD","sv":"KD","en":"CD"}},{"age":68,"advanceVotesPercent":0.5,"lastname":"Kuusela","occupation":"eläkeläinen","advanceVotes":4,"npid":3,"totalVotes":5,"spid":4,"abbr":"SDP","municipalCouncilor":false,"muid":249,"alid":3,"firstname":"Maaret","electionDayVotes":1,"pid":"1","finalPosition":0,"electedInformation":"ON_SUBSTITUTE_PLACE","totalVotesPercent":0.3,"nominatorName":{"fi":"Suomen Sosialidemokraattinen Puolue","sv":"Finlands Socialdemokratiska Parti","en":"The Finnish Social Democratic Party"},"caid":30,"position":0,"gender":"2","comparisonData":{"totalVotes":25,"votesTotalChange":-20},"edid":11,"comparativeIndex":0.0,"electionDayVotesPercent":0.1,"nominatorAbbr":{"fi":"SDP","sv":"SDP","en":"SDP"}},{"age":65,"advanceVotesPercent":0.5,"lastname":"Uusoksa","occupation":"lähihoitaja","advanceVotes":4,"npid":3,"totalVotes":5,"spid":4,"abbr":"SDP","municipalCouncilor":false,"muid":249,"alid":3,"firstname":"Aila","electionDayVotes":1,"pid":"1","finalPosition":0,"electedInformation":"ON_SUBSTITUTE_PLACE","totalVotesPercent":0.3,"nominatorName":{"fi":"Suomen Sosialidemokraattinen Puolue","sv":"Finlands Socialdemokratiska Parti","en":"The Finnish Social Democratic Party"},"caid":41,"position":0,"gender":"2","comparisonData":{"totalVotes":8,"votesTotalChange":-3},"edid":11,"comparativeIndex":0.0,"electionDayVotesPercent":0.1,"nominatorAbbr":{"fi":"SDP","sv":"SDP","en":"SDP"}},{"age":60,"advanceVotesPercent":0.1,"lastname":"Heinonen","occupation":"eläkeläinen, varastomestari","advanceVotes":1,"npid":4,"totalVotes":5,"spid":3,"abbr":"PS","municipalCouncilor":true,"muid":249,"alid":4,"firstname":"Petri","electionDayVotes":4,"pid":"23","finalPosition":0,"electedInformation":"NOT_ELECTED","totalVotesPercent":0.3,"nominatorName":{"fi":"Perussuomalaiset","sv":"Sannfinländarna","en":"The Finns Party"},"caid":45,"position":0,"gender":"1","comparisonData":{"totalVotes":64,"votesTotalChange":-59},"edid":11,"comparativeIndex":0.0,"electionDayVotesPercent":0.5,"nominatorAbbr":{"fi":"PS","sv":"Sannf","en":"FINNS"}},{"age":69,"advanceVotesPercent":0.3,"lastname":"Riihonen","occupation":"agronomi","advanceVotes":2,"npid":7,"totalVotes":5,"spid":8,"abbr":"KD","municipalCouncilor":false,"muid":249,"alid":7,"firstname":"Tuomo","electionDayVotes":3,"pid":"9","finalPosition":0,"electedInformation":"NOT_ELECTED","totalVotesPercent":0.3,"nominatorName":{"fi":"Suomen Kristillisdemokraatit (KD)","sv":"Kristdemokraterna i Finland (KD)","en":"Christian Democrats in Finland"},"caid":80,"position":0,"gender":"1","comparisonData":{"totalVotes":0,"votesTotalChange":5},"edid":11,"comparativeIndex":0.0,"electionDayVotesPercent":0.3,"nominatorAbbr":{"fi":"KD","sv":"KD","en":"CD"}},{"age":21,"advanceVotesPercent":0.0,"lastname":"Lintula","occupation":"kuorma-auton kuljettaja","advanceVotes":0,"npid":1,"totalVotes":4,"spid":1,"abbr":"KESK","municipalCouncilor":false,"muid":249,"alid":1,"firstname":"Juho","electionDayVotes":4,"pid":"2","finalPosition":0,"electedInformation":"ON_SUBSTITUTE_PLACE","totalVotesPercent":0.2,"nominatorName":{"fi":"Suomen Keskusta","sv":"Centern i Finland","en":"Centre Party of Finland"},"caid":11,"position":0,"gender":"1","comparisonData":{"totalVotes":0,"votesTotalChange":4},"edid":11,"comparativeIndex":0.0,"electionDayVotesPercent":0.5,"nominatorAbbr":{"fi":"KESK","sv":"C","en":"CENT"}},{"age":46,"advanceVotesPercent":0.3,"lastname":"Murtomäki","occupation":"maatalousyrittäjä","advanceVotes":2,"npid":1,"totalVotes":4,"spid":1,"abbr":"KESK","municipalCouncilor":false,"muid":249,"alid":1,"firstname":"Esko","electionDayVotes":2,"pid":"2","finalPosition":0,"electedInformation":"ON_SUBSTITUTE_PLACE","totalVotesPercent":0.2,"nominatorName":{"fi":"Suomen Keskusta","sv":"Centern i Finland","en":"Centre Party of Finland"},"caid":12,"position":0,"gender":"1","comparisonData":{"totalVotes":14,"votesTotalChange":-10},"edid":11,"comparativeIndex":0.0,"electionDayVotesPercent":0.2,"nominatorAbbr":{"fi":"KESK","sv":"C","en":"CENT"}},{"age":50,"advanceVotesPercent":0.1,"lastname":"Pohjonen","occupation":"hitsaaja, rakennusmies","advanceVotes":1,"npid":4,"totalVotes":4,"spid":3,"abbr":"PS","municipalCouncilor":false,"muid":249,"alid":4,"firstname":"Ari","electionDayVotes":3,"pid":"23","finalPosition":0,"electedInformation":"NOT_ELECTED","totalVotesPercent":0.2,"nominatorName":{"fi":"Perussuomalaiset","sv":"Sannfinländarna","en":"The Finns Party"},"caid":52,"position":0,"gender":"1","comparisonData":{"totalVotes":11,"votesTotalChange":-7},"edid":11,"comparativeIndex":0.0,"electionDayVotesPercent":0.3,"nominatorAbbr":{"fi":"PS","sv":"Sannf","en":"FINNS"}},{"age":53,"advanceVotesPercent":0.4,"lastname":"Mörsky","occupation":"teollisuustoimihenkilö, liiketaloustradenomi","advanceVotes":3,"npid":6,"totalVotes":4,"spid":2,"abbr":"KOK","municipalCouncilor":false,"muid":249,"alid":6,"firstname":"Janne","electionDayVotes":1,"pid":"4","finalPosition":0,"electedInformation":"ON_SUBSTITUTE_PLACE","totalVotesPercent":0.2,"nominatorName":{"fi":"Kansallinen Kokoomus","sv":"Samlingspartiet","en":"National Coalition Party"},"caid":67,"position":0,"gender":"1","comparisonData":{"totalVotes":0,"votesTotalChange":4},"edid":11,"comparativeIndex":0.0,"electionDayVotesPercent":0.1,"nominatorAbbr":{"fi":"KOK","sv":"Saml","en":"NCP"}},{"age":51,"advanceVotesPercent":0.4,"lastname":"Rusila","occupation":"lähihoitaja","advanceVotes":3,"npid":1,"totalVotes":3,"spid":1,"abbr":"KESK","municipalCouncilor":false,"muid":249,"alid":1,"firstname":"Riitta","electionDayVotes":0,"pid":"2","finalPosition":0,"electedInformation":"ON_SUBSTITUTE_PLACE","totalVotesPercent":0.2,"nominatorName":{"fi":"Suomen Keskusta","sv":"Centern i Finland","en":"Centre Party of Finland"},"caid":17,"position":0,"gender":"2","comparisonData":{"totalVotes":0,"votesTotalChange":3},"edid":11,"comparativeIndex":0.0,"electionDayVotesPercent":0.0,"nominatorAbbr":{"fi":"KESK","sv":"C","en":"CENT"}},{"age":57,"advanceVotesPercent":0.4,"lastname":"Vesterinen","occupation":"agrologi, myyjä","advanceVotes":3,"npid":1,"totalVotes":3,"spid":1,"abbr":"KESK","municipalCouncilor":false,"muid":249,"alid":1,"firstname":"Kari","electionDayVotes":0,"pid":"2","finalPosition":0,"electedInformation":"ON_SUBSTITUTE_PLACE","totalVotesPercent":0.2,"nominatorName":{"fi":"Suomen Keskusta","sv":"Centern i Finland","en":"Centre Party of Finland"},"caid":20,"position":0,"gender":"1","comparisonData":{"totalVotes":34,"votesTotalChange":-31},"edid":11,"comparativeIndex":0.0,"electionDayVotesPercent":0.0,"nominatorAbbr":{"fi":"KESK","sv":"C","en":"CENT"}},{"age":64,"advanceVotesPercent":0.1,"lastname":"Rapo","occupation":"opistoupseeri, kapteeni evp","advanceVotes":1,"npid":4,"totalVotes":3,"spid":3,"abbr":"PS","municipalCouncilor":false,"muid":249,"alid":4,"firstname":"Markku","electionDayVotes":2,"pid":"23","finalPosition":0,"electedInformation":"NOT_ELECTED","totalVotesPercent":0.2,"nominatorName":{"fi":"Perussuomalaiset","sv":"Sannfinländarna","en":"The Finns Party"},"caid":53,"position":0,"gender":"1","comparisonData":{"totalVotes":33,"votesTotalChange":-30},"edid":11,"comparativeIndex":0.0,"electionDayVotesPercent":0.2,"nominatorAbbr":{"fi":"PS","sv":"Sannf","en":"FINNS"}},{"age":65,"advanceVotesPercent":0.1,"lastname":"Vehmasaho","occupation":"betonilaborantti, eläkeläinen","advanceVotes":1,"npid":5,"totalVotes":3,"spid":5,"abbr":"VIHR","municipalCouncilor":false,"muid":249,"alid":5,"firstname":"Reijo","electionDayVotes":2,"pid":"13","finalPosition":0,"electedInformation":"NOT_ELECTED","totalVotesPercent":0.2,"nominatorName":{"fi":"Vihreä liitto","sv":"Gröna förbundet","en":"Green League"},"caid":59,"position":0,"gender":"1","comparisonData":{"totalVotes":18,"votesTotalChange":-15},"edid":11,"comparativeIndex":0.0,"electionDayVotesPercent":0.2,"nominatorAbbr":{"fi":"VIHR","sv":"Gröna","en":"GREEN"}},{"age":42,"advanceVotesPercent":0.3,"lastname":"Pessinen","occupation":"ruokahuollon esimies","advanceVotes":2,"npid":3,"totalVotes":2,"spid":4,"abbr":"SDP","municipalCouncilor":false,"muid":249,"alid":3,"firstname":"Minna","electionDayVotes":0,"pid":"1","finalPosition":0,"electedInformation":"ELECTED","totalVotesPercent":0.1,"nominatorName":{"fi":"Suomen Sosialidemokraattinen Puolue","sv":"Finlands Socialdemokratiska Parti","en":"The Finnish Social Democratic Party"},"caid":35,"position":0,"gender":"2","comparisonData":{"totalVotes":0,"votesTotalChange":2},"edid":11,"comparativeIndex":0.0,"electionDayVotesPercent":0.0,"nominatorAbbr":{"fi":"SDP","sv":"SDP","en":"SDP"}},{"age":70,"advanceVotesPercent":0.3,"lastname":"Heinonen","occupation":"insinööri, eläkeläinen","advanceVotes":2,"npid":4,"totalVotes":2,"spid":3,"abbr":"PS","municipalCouncilor":false,"muid":249,"alid":4,"firstname":"Tuomas","electionDayVotes":0,"pid":"23","finalPosition":0,"electedInformation":"ON_SUBSTITUTE_PLACE","totalVotesPercent":0.1,"nominatorName":{"fi":"Perussuomalaiset","sv":"Sannfinländarna","en":"The Finns Party"},"caid":46,"position":0,"gender":"1","comparisonData":{"totalVotes":55,"votesTotalChange":-53},"edid":11,"comparativeIndex":0.0,"electionDayVotesPercent":0.0,"nominatorAbbr":{"fi":"PS","sv":"Sannf","en":"FINNS"}},{"age":69,"advanceVotesPercent":0.1,"lastname":"Kyngäs","occupation":"eläkeläinen, maatalouslomittaja","advanceVotes":1,"npid":4,"totalVotes":2,"spid":3,"abbr":"PS","municipalCouncilor":false,"muid":249,"alid":4,"firstname":"Ismo","electionDayVotes":1,"pid":"23","finalPosition":0,"electedInformation":"NOT_ELECTED","totalVotesPercent":0.1,"nominatorName":{"fi":"Perussuomalaiset","sv":"Sannfinländarna","en":"The Finns Party"},"caid":48,"position":0,"gender":"1","comparisonData":{"totalVotes":17,"votesTotalChange":-15},"edid":11,"comparativeIndex":0.0,"electionDayVotesPercent":0.1,"nominatorAbbr":{"fi":"PS","sv":"Sannf","en":"FINNS"}},{"age":64,"advanceVotesPercent":0.1,"lastname":"Junnonen","occupation":"eläkeläinen","advanceVotes":1,"npid":6,"totalVotes":2,"spid":2,"abbr":"KOK","municipalCouncilor":false,"muid":249,"alid":6,"firstname":"Tuire","electionDayVotes":1,"pid":"4","finalPosition":0,"electedInformation":"NOT_ELECTED","totalVotesPercent":0.1,"nominatorName":{"fi":"Kansallinen Kokoomus","sv":"Samlingspartiet","en":"National Coalition Party"},"caid":61,"position":0,"gender":"2","comparisonData":{"totalVotes":0,"votesTotalChange":2},"edid":11,"comparativeIndex":0.0,"electionDayVotesPercent":0.1,"nominatorAbbr":{"fi":"KOK","sv":"Saml","en":"NCP"}},{"age":73,"advanceVotesPercent":0.3,"lastname":"Palmén","occupation":"piiripäällikkö","advanceVotes":2,"npid":6,"totalVotes":2,"spid":2,"abbr":"KOK","municipalCouncilor":false,"muid":249,"alid":6,"firstname":"Esa","electionDayVotes":0,"pid":"4","finalPosition":0,"electedInformation":"NOT_ELECTED","totalVotesPercent":0.1,"nominatorName":{"fi":"Kansallinen Kokoomus","sv":"Samlingspartiet","en":"National Coalition Party"},"caid":69,"position":0,"gender":"1","comparisonData":{"totalVotes":0,"votesTotalChange":2},"edid":11,"comparativeIndex":0.0,"electionDayVotesPercent":0.0,"nominatorAbbr":{"fi":"KOK","sv":"Saml","en":"NCP"}},{"age":58,"advanceVotesPercent":0.0,"lastname":"Rusila","occupation":"huoltomyyjä","advanceVotes":0,"npid":6,"totalVotes":2,"spid":2,"abbr":"KOK","municipalCouncilor":false,"muid":249,"alid":6,"firstname":"Keijo","electionDayVotes":2,"pid":"4","finalPosition":0,"electedInformation":"NOT_ELECTED","totalVotesPercent":0.1,"nominatorName":{"fi":"Kansallinen Kokoomus","sv":"Samlingspartiet","en":"National Coalition Party"},"caid":70,"position":0,"gender":"1","comparisonData":{"totalVotes":14,"votesTotalChange":-12},"edid":11,"comparativeIndex":0.0,"electionDayVotesPercent":0.2,"nominatorAbbr":{"fi":"KOK","sv":"Saml","en":"NCP"}},{"age":26,"advanceVotesPercent":0.3,"lastname":"Koskela","occupation":"yrittäjä","advanceVotes":2,"npid":8,"totalVotes":2,"spid":99,"abbr":"Muut","municipalCouncilor":false,"muid":249,"alid":8,"firstname":"Anton","electionDayVotes":0,"pid":"2498","finalPosition":0,"electedInformation":"NOT_ELECTED","totalVotesPercent":0.1,"nominatorName":{"fi":"Ryhmien demokratian- sekä vallanvalvonta -yhteislista","sv":"Ryhmien demokratian- sekä vallanvalvonta -yhteislista","en":"Ryhmien demokratian- sekä vallanvalvonta -yhteislista"},"caid":86,"position":0,"gender":"1","comparisonData":{"totalVotes":0,"votesTotalChange":2},"edid":11,"comparativeIndex":0.0,"electionDayVotesPercent":0.0,"nominatorAbbr":{"fi":"YL1","sv":"YL1","en":"YL1"}},{"age":71,"advanceVotesPercent":0.1,"lastname":"Pohjonen","occupation":"eläkeläinen, ylipostimies","advanceVotes":1,"npid":4,"totalVotes":1,"spid":3,"abbr":"PS","municipalCouncilor":true,"muid":249,"alid":4,"firstname":"Antero","electionDayVotes":0,"pid":"23","finalPosition":0,"electedInformation":"NOT_ELECTED","totalVotesPercent":0.1,"nominatorName":{"fi":"Perussuomalaiset","sv":"Sannfinländarna","en":"The Finns Party"},"caid":51,"position":0,"gender":"1","comparisonData":{"totalVotes":77,"votesTotalChange":-76},"edid":11,"comparativeIndex":0.0,"electionDayVotesPercent":0.0,"nominatorAbbr":{"fi":"PS","sv":"Sannf","en":"FINNS"}},{"age":26,"advanceVotesPercent":0.1,"lastname":"Ekqvist","occupation":"kokki, vartija","advanceVotes":1,"npid":7,"totalVotes":1,"spid":8,"abbr":"KD","municipalCouncilor":false,"muid":249,"alid":7,"firstname":"Niko","electionDayVotes":0,"pid":"9","finalPosition":0,"electedInformation":"NOT_ELECTED","totalVotesPercent":0.1,"nominatorName":{"fi":"Suomen Kristillisdemokraatit (KD)","sv":"Kristdemokraterna i Finland (KD)","en":"Christian Democrats in Finland"},"caid":74,"position":0,"gender":"1","comparisonData":{"totalVotes":0,"votesTotalChange":1},"edid":11,"comparativeIndex":0.0,"electionDayVotesPercent":0.0,"nominatorAbbr":{"fi":"KD","sv":"KD","en":"CD"}},{"age":50,"advanceVotesPercent":0.0,"lastname":"Kanerva-Murtomäki","occupation":"keittäjä, ravintolakokki","advanceVotes":0,"npid":1,"totalVotes":0,"spid":1,"abbr":"KESK","municipalCouncilor":false,"muid":249,"alid":1,"firstname":"Marjut","electionDayVotes":0,"pid":"2","finalPosition":0,"electedInformation":"ON_SUBSTITUTE_PLACE","totalVotesPercent":0.0,"nominatorName":{"fi":"Suomen Keskusta","sv":"Centern i Finland","en":"Centre Party of Finland"},"caid":8,"position":0,"gender":"2","comparisonData":{"totalVotes":0,"votesTotalChange":0},"edid":11,"comparativeIndex":0.0,"electionDayVotesPercent":0.0,"nominatorAbbr":{"fi":"KESK","sv":"C","en":"CENT"}},{"age":41,"advanceVotesPercent":0.0,"lastname":"Kyllästinen","occupation":"kiinteistönhoitaja","advanceVotes":0,"npid":3,"totalVotes":0,"spid":4,"abbr":"SDP","municipalCouncilor":false,"muid":249,"alid":3,"firstname":"Tuomo","electionDayVotes":0,"pid":"1","finalPosition":0,"electedInformation":"ON_SUBSTITUTE_PLACE","totalVotesPercent":0.0,"nominatorName":{"fi":"Suomen Sosialidemokraattinen Puolue","sv":"Finlands Socialdemokratiska Parti","en":"The Finnish Social Democratic Party"},"caid":31,"position":0,"gender":"1","comparisonData":{"totalVotes":0,"votesTotalChange":0},"edid":11,"comparativeIndex":0.0,"electionDayVotesPercent":0.0,"nominatorAbbr":{"fi":"SDP","sv":"SDP","en":"SDP"}}],"municipalityPollingDistricts":[{"name":{"fi":"Keskustan läntinen","sv":"Keskustan läntinen"},"calculationStatusPercent":100.0,"joinedArea":false,"muid":249,"totalVotingInFinlandTurnout":57.0,"identification":"001","pdid":"001","eligibleVotersInFinlandTotal":3716,"edid":11,"mergedToPdid":""},{"name":{"fi":"Keskustan itäinen","sv":"Keskustan itäinen"},"calculationStatusPercent":100.0,"joinedArea":false,"muid":249,"totalVotingInFinlandTurnout":63.7,"identification":"002","pdid":"002","eligibleVotersInFinlandTotal":2620,"edid":11,"mergedToPdid":""},{"name":{"fi":"Haapamäki","sv":"Haapamäki"},"calculationStatusPercent":100.0,"joinedArea":false,"muid":249,"totalVotingInFinlandTurnout":58.3,"identification":"003","pdid":"003","eligibleVotersInFinlandTotal":1018,"edid":11,"mergedToPdid":""},{"name":{"fi":"Pihlajavesi","sv":"Pihlajavesi"},"calculationStatusPercent":100.0,"joinedArea":false,"muid":249,"totalVotingInFinlandTurnout":67.8,"identification":"004","pdid":"004","eligibleVotersInFinlandTotal":447,"edid":11,"mergedToPdid":""},{"name":{"fi":"Pohjoislahti","sv":"Pohjoislahti"},"calculationStatusPercent":100.0,"joinedArea":false,"muid":249,"totalVotingInFinlandTurnout":72.0,"identification":"005","pdid":"005","eligibleVotersInFinlandTotal":457,"edid":11,"mergedToPdid":""}],"municipality":{"muid":249,"edid":11,"name":{"fi":"Keuruu","sv":"Keuruu"}}}