{"version":82,"created":"2017-04-09T23:37:05.058Z","electionDetails":{"electionId":"kv2017","electionDate":"2017-04-09T00:00:00.000Z","electionDataPublishTime":"2017-04-09T17:00:00.000Z","name":{"fi":"Kuntavaalit 2017","sv":"Kommunalval 2017","en":"Elections 2017"},"previousElections":{"correspondingCompareElection":{"electionId":"kv2012","electionDate":"2012-10-28T00:00:00.000Z","name":{"fi":"Kuntavaalit 2012","en":"Municipal elections 2012","sv":"Kommunalval 2012"}},"otherCompareElection":{"electionId":"ev2015","electionDate":"2015-04-19T00:00:00.000Z","name":{"fi":"Eduskuntavaalit 2015","en":"Parliamentary election 2015","sv":"Riksdagsval 2015"}}}},"calculationStatus":{"electionDayVotingTurnout":38.3,"invalidAdvanceVotes":1,"calculationPhase":"INITIAL","invalidElectionDayVotes":3,"approvedAdvanceVotes":323,"advanceVotingTurnout":27.4,"totalVotingTurnoutAbroad":0.0,"name":{"fi":"Hanko pohjoinen","sv":"Hangö norra"},"calculationStatusPercent":100.0,"advanceVotes":324,"electionDayVotingTurnoutAbroad":0.0,"approvedTotalVotes":773,"totalVotes":777,"muid":78,"totalVotingInFinlandTurnout":65.7,"advanceVotingTurnoutAbroad":0.0,"invalidTotalVotes":4,"totalVotingTurnout":65.7,"electionDayVotes":453,"electionDayVotesInFinland":453,"pdid":"004","totalVotesInFinlandMen":0,"eligibleVotersInFinlandTotal":1183,"calculationStatusPercentElectionDayVotes":100.0,"sourceRecordModificationTime":"20170409220711","otherCompareElection":{"eid":"","eligibleVotersInFinlandTotal":0,"advanceVotingInFinlandTurnout":0.0,"electionDayVotingInFinlandTurnout":0.0,"totalVotingInFinlandTurnout":0.0,"approvedVotesTotal":0,"invalidVotesTotal":0},"correspondingCompareElection":{"eid":"","eligibleVotersInFinlandTotal":0,"advanceVotingInFinlandTurnout":0.0,"electionDayVotingInFinlandTurnout":0.0,"totalVotingInFinlandTurnout":0.0,"approvedVotesTotal":0,"invalidVotesTotal":0,"seats":0},"approvedElectionDayVotes":450,"edid":2,"calculationStatusPercentAdvanceVotes":100.0,"electionDayVotingInFinlandTurnout":38.3,"seats":0,"eligibleVotersTotal":1183,"advanceVotesInFinland":324,"advanceVotingInFinlandTurnout":27.4,"totalVotesInFinland":777},"partyResults":[{"advanceVotesPercent":31.6,"name":{"fi":"Suomen Sosialidemokraattinen Puolue","sv":"Finlands Socialdemokratiska Parti","en":"The Finnish Social Democratic Party"},"advanceVotes":102,"npid":6,"totalVotes":252,"spid":4,"abbr":{"fi":"SDP","sv":"SDP","en":"SDP"},"alid":6,"electionDayVotes":150,"pid":"1","totalVotesPercent":32.6,"nominatorName":{"fi":"Suomen Sosialidemokraattinen Puolue","sv":"Finlands Socialdemokratiska Parti","en":"The Finnish Social Democratic Party"},"compareData":{"otherCompareElection":{"votesTotalChange":0,"votesTotalPercentChange":0.0,"votesTotal":252,"votesTotalPercent":32.6},"correspondingCompareElection":{"votesTotalChange":0,"votesTotalPercentChange":0.0,"seatChange":0,"votesTotal":252,"votesTotalPercent":32.6,"seatsTotal":0}},"seats":0,"electionDayVotesPercent":33.3,"nominatorAbbr":{"fi":"SDP","sv":"SDP","en":"SDP"}},{"advanceVotesPercent":19.8,"name":{"fi":"Suomen ruotsalainen kansanpuolue","sv":"Svenska folkpartiet i Finland","en":"Swedish People's Party in Finland"},"advanceVotes":64,"npid":1,"totalVotes":165,"spid":7,"abbr":{"fi":"RKP","sv":"SFP","en":"SPP"},"alid":1,"electionDayVotes":101,"pid":"5","totalVotesPercent":21.3,"nominatorName":{"fi":"Suomen ruotsalainen kansanpuolue","sv":"Svenska folkpartiet i Finland","en":"Swedish People's Party in Finland"},"compareData":{"otherCompareElection":{"votesTotalChange":0,"votesTotalPercentChange":0.0,"votesTotal":165,"votesTotalPercent":21.3},"correspondingCompareElection":{"votesTotalChange":0,"votesTotalPercentChange":0.0,"seatChange":0,"votesTotal":165,"votesTotalPercent":21.3,"seatsTotal":0}},"seats":0,"electionDayVotesPercent":22.4,"nominatorAbbr":{"fi":"RKP","sv":"SFP","en":"SPP"}},{"advanceVotesPercent":17.0,"name":{"fi":"Vasemmistoliitto","sv":"Vänsterförbundet","en":"The Left Alliance"},"advanceVotes":55,"npid":8,"totalVotes":117,"spid":6,"abbr":{"fi":"VAS","sv":"VF","en":"LEFT"},"alid":8,"electionDayVotes":62,"pid":"15","totalVotesPercent":15.1,"nominatorName":{"fi":"Vasemmistoliitto","sv":"Vänsterförbundet","en":"The Left Alliance"},"compareData":{"otherCompareElection":{"votesTotalChange":0,"votesTotalPercentChange":0.0,"votesTotal":117,"votesTotalPercent":15.1},"correspondingCompareElection":{"votesTotalChange":0,"votesTotalPercentChange":0.0,"seatChange":0,"votesTotal":117,"votesTotalPercent":15.1,"seatsTotal":0}},"seats":0,"electionDayVotesPercent":13.8,"nominatorAbbr":{"fi":"VAS","sv":"VF","en":"LEFT"}},{"advanceVotesPercent":7.1,"name":{"fi":"Perussuomalaiset","sv":"Sannfinländarna","en":"The Finns Party"},"advanceVotes":23,"npid":5,"totalVotes":67,"spid":3,"abbr":{"fi":"PS","sv":"Sannf","en":"FINNS"},"alid":5,"electionDayVotes":44,"pid":"23","totalVotesPercent":8.7,"nominatorName":{"fi":"Perussuomalaiset","sv":"Sannfinländarna","en":"The Finns Party"},"compareData":{"otherCompareElection":{"votesTotalChange":0,"votesTotalPercentChange":0.0,"votesTotal":67,"votesTotalPercent":8.7},"correspondingCompareElection":{"votesTotalChange":0,"votesTotalPercentChange":0.0,"seatChange":0,"votesTotal":67,"votesTotalPercent":8.7,"seatsTotal":0}},"seats":0,"electionDayVotesPercent":9.8,"nominatorAbbr":{"fi":"PS","sv":"Sannf","en":"FINNS"}},{"advanceVotesPercent":7.1,"name":{"fi":"Kansallinen Kokoomus","sv":"Samlingspartiet","en":"National Coalition Party"},"advanceVotes":23,"npid":7,"totalVotes":52,"spid":2,"abbr":{"fi":"KOK","sv":"Saml","en":"NCP"},"alid":7,"electionDayVotes":29,"pid":"4","totalVotesPercent":6.7,"nominatorName":{"fi":"Kansallinen Kokoomus","sv":"Samlingspartiet","en":"National Coalition Party"},"compareData":{"otherCompareElection":{"votesTotalChange":0,"votesTotalPercentChange":0.0,"votesTotal":52,"votesTotalPercent":6.7},"correspondingCompareElection":{"votesTotalChange":0,"votesTotalPercentChange":0.0,"seatChange":0,"votesTotal":52,"votesTotalPercent":6.7,"seatsTotal":0}},"seats":0,"electionDayVotesPercent":6.4,"nominatorAbbr":{"fi":"KOK","sv":"Saml","en":"NCP"}},{"advanceVotesPercent":8.0,"name":{"fi":"Muut ryhmät","sv":"Övriga grupper","en":"Other groups"},"advanceVotes":26,"npid":9,"totalVotes":49,"spid":99,"abbr":{"fi":"Muut","sv":"Övriga","en":"Others"},"alid":9,"electionDayVotes":23,"pid":"0789","totalVotesPercent":6.3,"nominatorName":{"fi":"Hanko 2016 Hangö sitoutumattomat obundna","sv":"Hanko 2016 Hangö sitoutumattomat obundna","en":"Hanko 2016 Hangö sitoutumattomat obundna"},"compareData":{"otherCompareElection":{"votesTotalChange":0,"votesTotalPercentChange":0.0,"votesTotal":49,"votesTotalPercent":6.3},"correspondingCompareElection":{"votesTotalChange":0,"votesTotalPercentChange":0.0,"seatChange":0,"votesTotal":49,"votesTotalPercent":6.3,"seatsTotal":0}},"seats":0,"electionDayVotesPercent":5.1,"nominatorAbbr":{"fi":"YL1","sv":"YL1","en":"YL1"}},{"advanceVotesPercent":4.3,"name":{"fi":"Suomen Kommunistinen Puolue","sv":"Finlands Kommunistiska Parti","en":"The Communist Party of Finland"},"advanceVotes":14,"npid":4,"totalVotes":31,"spid":9,"abbr":{"fi":"SKP","sv":"FKP","en":"CPF"},"alid":4,"electionDayVotes":17,"pid":"8","totalVotesPercent":4.0,"nominatorName":{"fi":"Suomen Kommunistinen Puolue","sv":"Finlands Kommunistiska Parti","en":"The Communist Party of Finland"},"compareData":{"otherCompareElection":{"votesTotalChange":0,"votesTotalPercentChange":0.0,"votesTotal":31,"votesTotalPercent":4.0},"correspondingCompareElection":{"votesTotalChange":0,"votesTotalPercentChange":0.0,"seatChange":0,"votesTotal":31,"votesTotalPercent":4.0,"seatsTotal":0}},"seats":0,"electionDayVotesPercent":3.8,"nominatorAbbr":{"fi":"SKP","sv":"FKP","en":"CPF"}},{"advanceVotesPercent":2.8,"name":{"fi":"Vihreä liitto","sv":"Gröna förbundet","en":"Green League"},"advanceVotes":9,"npid":2,"totalVotes":25,"spid":5,"abbr":{"fi":"VIHR","sv":"Gröna","en":"GREEN"},"alid":2,"electionDayVotes":16,"pid":"13","totalVotesPercent":3.2,"nominatorName":{"fi":"Vihreä liitto","sv":"Gröna förbundet","en":"Green League"},"compareData":{"otherCompareElection":{"votesTotalChange":0,"votesTotalPercentChange":0.0,"votesTotal":25,"votesTotalPercent":3.2},"correspondingCompareElection":{"votesTotalChange":0,"votesTotalPercentChange":0.0,"seatChange":0,"votesTotal":25,"votesTotalPercent":3.2,"seatsTotal":0}},"seats":0,"electionDayVotesPercent":3.6,"nominatorAbbr":{"fi":"VIHR","sv":"Gröna","en":"GREEN"}},{"advanceVotesPercent":2.2,"name":{"fi":"Suomen Kristillisdemokraatit (KD)","sv":"Kristdemokraterna i Finland (KD)","en":"Christian Democrats in Finland"},"advanceVotes":7,"npid":3,"totalVotes":15,"spid":8,"abbr":{"fi":"KD","sv":"KD","en":"CD"},"alid":3,"electionDayVotes":8,"pid":"9","totalVotesPercent":1.9,"nominatorName":{"fi":"Suomen Kristillisdemokraatit (KD)","sv":"Kristdemokraterna i Finland (KD)","en":"Christian Democrats in Finland"},"compareData":{"otherCompareElection":{"votesTotalChange":0,"votesTotalPercentChange":0.0,"votesTotal":15,"votesTotalPercent":1.9},"correspondingCompareElection":{"votesTotalChange":0,"votesTotalPercentChange":0.0,"seatChange":0,"votesTotal":15,"votesTotalPercent":1.9,"seatsTotal":0}},"seats":0,"electionDayVotesPercent":1.8,"nominatorAbbr":{"fi":"KD","sv":"KD","en":"CD"}}],"candidateResults":[{"age":46,"advanceVotesPercent":5.0,"lastname":"Ruuska","occupation":"työnjohtaja","advanceVotes":16,"npid":5,"totalVotes":51,"spid":3,"abbr":"PS","municipalCouncilor":true,"muid":78,"alid":5,"firstname":"Pertti","electionDayVotes":35,"pid":"23","finalPosition":0,"electedInformation":"ELECTED","totalVotesPercent":6.6,"nominatorName":{"fi":"Perussuomalaiset","sv":"Sannfinländarna","en":"The Finns Party"},"caid":42,"position":0,"gender":"1","comparisonData":{"totalVotes":163,"votesTotalChange":-112},"edid":2,"comparativeIndex":0.0,"electionDayVotesPercent":7.8,"nominatorAbbr":{"fi":"PS","sv":"Sannf","en":"FINNS"}},{"age":51,"advanceVotesPercent":2.5,"lastname":"Nousiainen","occupation":"erityisnuoriso-ohjaaja","advanceVotes":8,"npid":6,"totalVotes":41,"spid":4,"abbr":"SDP","municipalCouncilor":true,"muid":78,"alid":6,"firstname":"Jorma","electionDayVotes":33,"pid":"1","finalPosition":0,"electedInformation":"ELECTED","totalVotesPercent":5.3,"nominatorName":{"fi":"Suomen Sosialidemokraattinen Puolue","sv":"Finlands Socialdemokratiska Parti","en":"The Finnish Social Democratic Party"},"caid":60,"position":0,"gender":"1","comparisonData":{"totalVotes":141,"votesTotalChange":-100},"edid":2,"comparativeIndex":0.0,"electionDayVotesPercent":7.3,"nominatorAbbr":{"fi":"SDP","sv":"SDP","en":"SDP"}},{"age":63,"advanceVotesPercent":2.5,"lastname":"Ekholm","occupation":"dipl.ekon., pensionär","advanceVotes":8,"npid":1,"totalVotes":34,"spid":7,"abbr":"RKP","municipalCouncilor":false,"muid":78,"alid":1,"firstname":"Torbjörn","electionDayVotes":26,"pid":"5","finalPosition":0,"electedInformation":"ELECTED","totalVotesPercent":4.4,"nominatorName":{"fi":"Suomen ruotsalainen kansanpuolue","sv":"Svenska folkpartiet i Finland","en":"Swedish People's Party in Finland"},"caid":5,"position":0,"gender":"1","comparisonData":{"totalVotes":0,"votesTotalChange":34},"edid":2,"comparativeIndex":0.0,"electionDayVotesPercent":5.8,"nominatorAbbr":{"fi":"RKP","sv":"SFP","en":"SPP"}},{"age":64,"advanceVotesPercent":4.6,"lastname":"Gran","occupation":"social- och patientombudsman, sosiaali- ja potilasasiamies","advanceVotes":15,"npid":8,"totalVotes":30,"spid":6,"abbr":"VAS","municipalCouncilor":true,"muid":78,"alid":8,"firstname":"Birgitta","electionDayVotes":15,"pid":"15","finalPosition":0,"electedInformation":"ELECTED","totalVotesPercent":3.9,"nominatorName":{"fi":"Vasemmistoliitto","sv":"Vänsterförbundet","en":"The Left Alliance"},"caid":89,"position":0,"gender":"2","comparisonData":{"totalVotes":151,"votesTotalChange":-121},"edid":2,"comparativeIndex":0.0,"electionDayVotesPercent":3.3,"nominatorAbbr":{"fi":"VAS","sv":"VF","en":"LEFT"}},{"age":41,"advanceVotesPercent":1.5,"lastname":"Hedback","occupation":"parturi-kampaaja, yrittäjä","advanceVotes":5,"npid":6,"totalVotes":26,"spid":4,"abbr":"SDP","municipalCouncilor":false,"muid":78,"alid":6,"firstname":"Mari","electionDayVotes":21,"pid":"1","finalPosition":0,"electedInformation":"ELECTED","totalVotesPercent":3.4,"nominatorName":{"fi":"Suomen Sosialidemokraattinen Puolue","sv":"Finlands Socialdemokratiska Parti","en":"The Finnish Social Democratic Party"},"caid":48,"position":0,"gender":"2","comparisonData":{"totalVotes":0,"votesTotalChange":26},"edid":2,"comparativeIndex":0.0,"electionDayVotesPercent":4.7,"nominatorAbbr":{"fi":"SDP","sv":"SDP","en":"SDP"}},{"age":68,"advanceVotesPercent":3.7,"lastname":"Peni","occupation":"eläkeläinen","advanceVotes":12,"npid":8,"totalVotes":22,"spid":6,"abbr":"VAS","municipalCouncilor":true,"muid":78,"alid":8,"firstname":"Raili","electionDayVotes":10,"pid":"15","finalPosition":0,"electedInformation":"ELECTED","totalVotesPercent":2.8,"nominatorName":{"fi":"Vasemmistoliitto","sv":"Vänsterförbundet","en":"The Left Alliance"},"caid":96,"position":0,"gender":"2","comparisonData":{"totalVotes":73,"votesTotalChange":-51},"edid":2,"comparativeIndex":0.0,"electionDayVotesPercent":2.2,"nominatorAbbr":{"fi":"VAS","sv":"VF","en":"LEFT"}},{"age":55,"advanceVotesPercent":3.1,"lastname":"Lesch-Saarinen","occupation":"exportsekreterare","advanceVotes":10,"npid":1,"totalVotes":21,"spid":7,"abbr":"RKP","municipalCouncilor":true,"muid":78,"alid":1,"firstname":"Helena","electionDayVotes":11,"pid":"5","finalPosition":0,"electedInformation":"ELECTED","totalVotesPercent":2.7,"nominatorName":{"fi":"Suomen ruotsalainen kansanpuolue","sv":"Svenska folkpartiet i Finland","en":"Swedish People's Party in Finland"},"caid":12,"position":0,"gender":"2","comparisonData":{"totalVotes":71,"votesTotalChange":-50},"edid":2,"comparativeIndex":0.0,"electionDayVotesPercent":2.4,"nominatorAbbr":{"fi":"RKP","sv":"SFP","en":"SPP"}},{"age":55,"advanceVotesPercent":3.7,"lastname":"Karvinen","occupation":"luokanopettaja","advanceVotes":12,"npid":7,"totalVotes":21,"spid":2,"abbr":"KOK","municipalCouncilor":true,"muid":78,"alid":7,"firstname":"Jari","electionDayVotes":9,"pid":"4","finalPosition":0,"electedInformation":"ELECTED","totalVotesPercent":2.7,"nominatorName":{"fi":"Kansallinen Kokoomus","sv":"Samlingspartiet","en":"National Coalition Party"},"caid":85,"position":0,"gender":"1","comparisonData":{"totalVotes":58,"votesTotalChange":-37},"edid":2,"comparativeIndex":0.0,"electionDayVotesPercent":2.0,"nominatorAbbr":{"fi":"KOK","sv":"Saml","en":"NCP"}},{"age":36,"advanceVotesPercent":1.9,"lastname":"Varpalahti","occupation":"sairaanhoitaja AMK, sjukskötare YH","advanceVotes":6,"npid":8,"totalVotes":19,"spid":6,"abbr":"VAS","municipalCouncilor":false,"muid":78,"alid":8,"firstname":"Hanna","electionDayVotes":13,"pid":"15","finalPosition":0,"electedInformation":"ELECTED","totalVotesPercent":2.5,"nominatorName":{"fi":"Vasemmistoliitto","sv":"Vänsterförbundet","en":"The Left Alliance"},"caid":97,"position":0,"gender":"2","comparisonData":{"totalVotes":0,"votesTotalChange":19},"edid":2,"comparativeIndex":0.0,"electionDayVotesPercent":2.9,"nominatorAbbr":{"fi":"VAS","sv":"VF","en":"LEFT"}},{"age":71,"advanceVotesPercent":2.8,"lastname":"Wikberg","occupation":"tennislärare","advanceVotes":9,"npid":1,"totalVotes":17,"spid":7,"abbr":"RKP","municipalCouncilor":true,"muid":78,"alid":1,"firstname":"Barbro","electionDayVotes":8,"pid":"5","finalPosition":0,"electedInformation":"ELECTED","totalVotesPercent":2.2,"nominatorName":{"fi":"Suomen ruotsalainen kansanpuolue","sv":"Svenska folkpartiet i Finland","en":"Swedish People's Party in Finland"},"caid":22,"position":0,"gender":"2","comparisonData":{"totalVotes":104,"votesTotalChange":-87},"edid":2,"comparativeIndex":0.0,"electionDayVotesPercent":1.8,"nominatorAbbr":{"fi":"RKP","sv":"SFP","en":"SPP"}},{"age":35,"advanceVotesPercent":2.8,"lastname":"Niemi","occupation":"toimittaja","advanceVotes":9,"npid":4,"totalVotes":16,"spid":9,"abbr":"SKP","municipalCouncilor":true,"muid":78,"alid":4,"firstname":"Marko","electionDayVotes":7,"pid":"8","finalPosition":0,"electedInformation":"ELECTED","totalVotesPercent":2.1,"nominatorName":{"fi":"Suomen Kommunistinen Puolue","sv":"Finlands Kommunistiska Parti","en":"The Communist Party of Finland"},"caid":34,"position":0,"gender":"1","comparisonData":{"totalVotes":134,"votesTotalChange":-118},"edid":2,"comparativeIndex":0.0,"electionDayVotesPercent":1.6,"nominatorAbbr":{"fi":"SKP","sv":"FKP","en":"CPF"}},{"age":63,"advanceVotesPercent":3.1,"lastname":"Nyström","occupation":"kalastaja, eläkel.","advanceVotes":10,"npid":9,"totalVotes":15,"spid":99,"abbr":"Muut","municipalCouncilor":false,"muid":78,"alid":9,"firstname":"Rolf","electionDayVotes":5,"pid":"0789","finalPosition":0,"electedInformation":"ELECTED","totalVotesPercent":1.9,"nominatorName":{"fi":"Hanko 2016 Hangö sitoutumattomat obundna","sv":"Hanko 2016 Hangö sitoutumattomat obundna","en":"Hanko 2016 Hangö sitoutumattomat obundna"},"caid":98,"position":0,"gender":"1","comparisonData":{"totalVotes":0,"votesTotalChange":15},"edid":2,"comparativeIndex":0.0,"electionDayVotesPercent":1.1,"nominatorAbbr":{"fi":"YL1","sv":"YL1","en":"YL1"}},{"age":69,"advanceVotesPercent":2.8,"lastname":"Kemppainen","occupation":"hitsaaja, eläkk.","advanceVotes":9,"npid":6,"totalVotes":14,"spid":4,"abbr":"SDP","municipalCouncilor":false,"muid":78,"alid":6,"firstname":"Pekka","electionDayVotes":5,"pid":"1","finalPosition":0,"electedInformation":"ON_SUBSTITUTE_PLACE","totalVotesPercent":1.8,"nominatorName":{"fi":"Suomen Sosialidemokraattinen Puolue","sv":"Finlands Socialdemokratiska Parti","en":"The Finnish Social Democratic Party"},"caid":57,"position":0,"gender":"1","comparisonData":{"totalVotes":0,"votesTotalChange":14},"edid":2,"comparativeIndex":0.0,"electionDayVotesPercent":1.1,"nominatorAbbr":{"fi":"SDP","sv":"SDP","en":"SDP"}},{"age":39,"advanceVotesPercent":0.0,"lastname":"Mäkelä","occupation":"lopputarkastaja, slutgranskare","advanceVotes":0,"npid":8,"totalVotes":14,"spid":6,"abbr":"VAS","municipalCouncilor":false,"muid":78,"alid":8,"firstname":"Katja","electionDayVotes":14,"pid":"15","finalPosition":0,"electedInformation":"ON_SUBSTITUTE_PLACE","totalVotesPercent":1.8,"nominatorName":{"fi":"Vasemmistoliitto","sv":"Vänsterförbundet","en":"The Left Alliance"},"caid":94,"position":0,"gender":"2","comparisonData":{"totalVotes":17,"votesTotalChange":-3},"edid":2,"comparativeIndex":0.0,"electionDayVotesPercent":3.1,"nominatorAbbr":{"fi":"VAS","sv":"VF","en":"LEFT"}},{"age":44,"advanceVotesPercent":1.9,"lastname":"Malén","occupation":"palomies","advanceVotes":6,"npid":9,"totalVotes":14,"spid":99,"abbr":"Muut","municipalCouncilor":false,"muid":78,"alid":9,"firstname":"Anders","electionDayVotes":8,"pid":"0789","finalPosition":0,"electedInformation":"ON_SUBSTITUTE_PLACE","totalVotesPercent":1.8,"nominatorName":{"fi":"Hanko 2016 Hangö sitoutumattomat obundna","sv":"Hanko 2016 Hangö sitoutumattomat obundna","en":"Hanko 2016 Hangö sitoutumattomat obundna"},"caid":100,"position":0,"gender":"1","comparisonData":{"totalVotes":0,"votesTotalChange":14},"edid":2,"comparativeIndex":0.0,"electionDayVotesPercent":1.8,"nominatorAbbr":{"fi":"YL1","sv":"YL1","en":"YL1"}},{"age":35,"advanceVotesPercent":1.5,"lastname":"Wikström","occupation":"ekonomie magister, juris magister","advanceVotes":5,"npid":1,"totalVotes":13,"spid":7,"abbr":"RKP","municipalCouncilor":true,"muid":78,"alid":1,"firstname":"Johan","electionDayVotes":8,"pid":"5","finalPosition":0,"electedInformation":"ELECTED","totalVotesPercent":1.7,"nominatorName":{"fi":"Suomen ruotsalainen kansanpuolue","sv":"Svenska folkpartiet i Finland","en":"Swedish People's Party in Finland"},"caid":23,"position":0,"gender":"1","comparisonData":{"totalVotes":62,"votesTotalChange":-49},"edid":2,"comparativeIndex":0.0,"electionDayVotesPercent":1.8,"nominatorAbbr":{"fi":"RKP","sv":"SFP","en":"SPP"}},{"age":72,"advanceVotesPercent":2.2,"lastname":"Tolvanen","occupation":"asentaja, eläkk.","advanceVotes":7,"npid":6,"totalVotes":13,"spid":4,"abbr":"SDP","municipalCouncilor":true,"muid":78,"alid":6,"firstname":"Esko","electionDayVotes":6,"pid":"1","finalPosition":0,"electedInformation":"ON_SUBSTITUTE_PLACE","totalVotesPercent":1.7,"nominatorName":{"fi":"Suomen Sosialidemokraattinen Puolue","sv":"Finlands Socialdemokratiska Parti","en":"The Finnish Social Democratic Party"},"caid":68,"position":0,"gender":"1","comparisonData":{"totalVotes":69,"votesTotalChange":-56},"edid":2,"comparativeIndex":0.0,"electionDayVotesPercent":1.3,"nominatorAbbr":{"fi":"SDP","sv":"SDP","en":"SDP"}},{"age":61,"advanceVotesPercent":1.5,"lastname":"Koli","occupation":"LVIS-urakoitsija","advanceVotes":5,"npid":9,"totalVotes":13,"spid":99,"abbr":"Muut","municipalCouncilor":true,"muid":78,"alid":9,"firstname":"Eero","electionDayVotes":8,"pid":"0789","finalPosition":0,"electedInformation":"ELECTED","totalVotesPercent":1.7,"nominatorName":{"fi":"Hanko 2016 Hangö sitoutumattomat obundna","sv":"Hanko 2016 Hangö sitoutumattomat obundna","en":"Hanko 2016 Hangö sitoutumattomat obundna"},"caid":102,"position":0,"gender":"1","comparisonData":{"totalVotes":79,"votesTotalChange":-66},"edid":2,"comparativeIndex":0.0,"electionDayVotesPercent":1.8,"nominatorAbbr":{"fi":"YL1","sv":"YL1","en":"YL1"}},{"age":51,"advanceVotesPercent":1.9,"lastname":"Köppä","occupation":"valokuvaaja","advanceVotes":6,"npid":2,"totalVotes":12,"spid":5,"abbr":"VIHR","municipalCouncilor":false,"muid":78,"alid":2,"firstname":"Teemu","electionDayVotes":6,"pid":"13","finalPosition":0,"electedInformation":"ELECTED","totalVotesPercent":1.6,"nominatorName":{"fi":"Vihreä liitto","sv":"Gröna förbundet","en":"Green League"},"caid":25,"position":0,"gender":"1","comparisonData":{"totalVotes":0,"votesTotalChange":12},"edid":2,"comparativeIndex":0.0,"electionDayVotesPercent":1.3,"nominatorAbbr":{"fi":"VIHR","sv":"Gröna","en":"GREEN"}},{"age":73,"advanceVotesPercent":1.9,"lastname":"Kavander","occupation":"yrittäjä eläkk., företagare i.a.","advanceVotes":6,"npid":6,"totalVotes":11,"spid":4,"abbr":"SDP","municipalCouncilor":true,"muid":78,"alid":6,"firstname":"Jouko","electionDayVotes":5,"pid":"1","finalPosition":0,"electedInformation":"ELECTED","totalVotesPercent":1.4,"nominatorName":{"fi":"Suomen Sosialidemokraattinen Puolue","sv":"Finlands Socialdemokratiska Parti","en":"The Finnish Social Democratic Party"},"caid":55,"position":0,"gender":"1","comparisonData":{"totalVotes":93,"votesTotalChange":-82},"edid":2,"comparativeIndex":0.0,"electionDayVotesPercent":1.1,"nominatorAbbr":{"fi":"SDP","sv":"SDP","en":"SDP"}},{"age":62,"advanceVotesPercent":2.8,"lastname":"Pääkkö","occupation":"myyntijohtaja","advanceVotes":9,"npid":6,"totalVotes":11,"spid":4,"abbr":"SDP","municipalCouncilor":true,"muid":78,"alid":6,"firstname":"Aila","electionDayVotes":2,"pid":"1","finalPosition":0,"electedInformation":"ELECTED","totalVotesPercent":1.4,"nominatorName":{"fi":"Suomen Sosialidemokraattinen Puolue","sv":"Finlands Socialdemokratiska Parti","en":"The Finnish Social Democratic Party"},"caid":63,"position":0,"gender":"2","comparisonData":{"totalVotes":81,"votesTotalChange":-70},"edid":2,"comparativeIndex":0.0,"electionDayVotesPercent":0.4,"nominatorAbbr":{"fi":"SDP","sv":"SDP","en":"SDP"}},{"age":42,"advanceVotesPercent":0.9,"lastname":"Mattsson","occupation":"försäljning, kundbetjäning","advanceVotes":3,"npid":1,"totalVotes":10,"spid":7,"abbr":"RKP","municipalCouncilor":false,"muid":78,"alid":1,"firstname":"Christian","electionDayVotes":7,"pid":"5","finalPosition":0,"electedInformation":"ELECTED","totalVotesPercent":1.3,"nominatorName":{"fi":"Suomen ruotsalainen kansanpuolue","sv":"Svenska folkpartiet i Finland","en":"Swedish People's Party in Finland"},"caid":13,"position":0,"gender":"1","comparisonData":{"totalVotes":0,"votesTotalChange":10},"edid":2,"comparativeIndex":0.0,"electionDayVotesPercent":1.6,"nominatorAbbr":{"fi":"RKP","sv":"SFP","en":"SPP"}},{"age":79,"advanceVotesPercent":1.9,"lastname":"Kaunismaa","occupation":"tekn.lis., rehtori","advanceVotes":6,"npid":3,"totalVotes":10,"spid":8,"abbr":"KD","municipalCouncilor":false,"muid":78,"alid":3,"firstname":"Juha","electionDayVotes":4,"pid":"9","finalPosition":0,"electedInformation":"NOT_ELECTED","totalVotesPercent":1.3,"nominatorName":{"fi":"Suomen Kristillisdemokraatit (KD)","sv":"Kristdemokraterna i Finland (KD)","en":"Christian Democrats in Finland"},"caid":29,"position":0,"gender":"1","comparisonData":{"totalVotes":28,"votesTotalChange":-18},"edid":2,"comparativeIndex":0.0,"electionDayVotesPercent":0.9,"nominatorAbbr":{"fi":"KD","sv":"KD","en":"CD"}},{"age":43,"advanceVotesPercent":0.9,"lastname":"Haahti","occupation":"yrittäjä, kuva/tekstiilitaiteilija","advanceVotes":3,"npid":4,"totalVotes":10,"spid":9,"abbr":"SKP","municipalCouncilor":false,"muid":78,"alid":4,"firstname":"Mira","electionDayVotes":7,"pid":"8","finalPosition":0,"electedInformation":"ON_SUBSTITUTE_PLACE","totalVotesPercent":1.3,"nominatorName":{"fi":"Suomen Kommunistinen Puolue","sv":"Finlands Kommunistiska Parti","en":"The Communist Party of Finland"},"caid":40,"position":0,"gender":"2","comparisonData":{"totalVotes":0,"votesTotalChange":10},"edid":2,"comparativeIndex":0.0,"electionDayVotesPercent":1.6,"nominatorAbbr":{"fi":"SKP","sv":"FKP","en":"CPF"}},{"age":43,"advanceVotesPercent":1.2,"lastname":"Pulkkinen","occupation":"myyjä","advanceVotes":4,"npid":6,"totalVotes":10,"spid":4,"abbr":"SDP","municipalCouncilor":true,"muid":78,"alid":6,"firstname":"Jaana","electionDayVotes":6,"pid":"1","finalPosition":0,"electedInformation":"ELECTED","totalVotesPercent":1.3,"nominatorName":{"fi":"Suomen Sosialidemokraattinen Puolue","sv":"Finlands Socialdemokratiska Parti","en":"The Finnish Social Democratic Party"},"caid":62,"position":0,"gender":"2","comparisonData":{"totalVotes":60,"votesTotalChange":-50},"edid":2,"comparativeIndex":0.0,"electionDayVotesPercent":1.3,"nominatorAbbr":{"fi":"SDP","sv":"SDP","en":"SDP"}},{"age":61,"advanceVotesPercent":2.5,"lastname":"Hyttinen","occupation":"työympäristötoimitsija","advanceVotes":8,"npid":8,"totalVotes":10,"spid":6,"abbr":"VAS","municipalCouncilor":true,"muid":78,"alid":8,"firstname":"Urpo","electionDayVotes":2,"pid":"15","finalPosition":0,"electedInformation":"ELECTED","totalVotesPercent":1.3,"nominatorName":{"fi":"Vasemmistoliitto","sv":"Vänsterförbundet","en":"The Left Alliance"},"caid":90,"position":0,"gender":"1","comparisonData":{"totalVotes":62,"votesTotalChange":-52},"edid":2,"comparativeIndex":0.0,"electionDayVotesPercent":0.4,"nominatorAbbr":{"fi":"VAS","sv":"VF","en":"LEFT"}},{"age":21,"advanceVotesPercent":0.6,"lastname":"Sjöblom","occupation":"studerande","advanceVotes":2,"npid":1,"totalVotes":9,"spid":7,"abbr":"RKP","municipalCouncilor":false,"muid":78,"alid":1,"firstname":"Theo","electionDayVotes":7,"pid":"5","finalPosition":0,"electedInformation":"ELECTED","totalVotesPercent":1.2,"nominatorName":{"fi":"Suomen ruotsalainen kansanpuolue","sv":"Svenska folkpartiet i Finland","en":"Swedish People's Party in Finland"},"caid":18,"position":0,"gender":"1","comparisonData":{"totalVotes":0,"votesTotalChange":9},"edid":2,"comparativeIndex":0.0,"electionDayVotesPercent":1.6,"nominatorAbbr":{"fi":"RKP","sv":"SFP","en":"SPP"}},{"age":68,"advanceVotesPercent":0.9,"lastname":"Söderholm","occupation":"tandläkare","advanceVotes":3,"npid":1,"totalVotes":9,"spid":7,"abbr":"RKP","municipalCouncilor":true,"muid":78,"alid":1,"firstname":"Sture","electionDayVotes":6,"pid":"5","finalPosition":0,"electedInformation":"ELECTED","totalVotesPercent":1.2,"nominatorName":{"fi":"Suomen ruotsalainen kansanpuolue","sv":"Svenska folkpartiet i Finland","en":"Swedish People's Party in Finland"},"caid":19,"position":0,"gender":"1","comparisonData":{"totalVotes":195,"votesTotalChange":-186},"edid":2,"comparativeIndex":0.0,"electionDayVotesPercent":1.3,"nominatorAbbr":{"fi":"RKP","sv":"SFP","en":"SPP"}},{"age":61,"advanceVotesPercent":1.5,"lastname":"Holm","occupation":"koneasentaja","advanceVotes":5,"npid":6,"totalVotes":9,"spid":4,"abbr":"SDP","municipalCouncilor":false,"muid":78,"alid":6,"firstname":"Henry","electionDayVotes":4,"pid":"1","finalPosition":0,"electedInformation":"NOT_ELECTED","totalVotesPercent":1.2,"nominatorName":{"fi":"Suomen Sosialidemokraattinen Puolue","sv":"Finlands Socialdemokratiska Parti","en":"The Finnish Social Democratic Party"},"caid":49,"position":0,"gender":"1","comparisonData":{"totalVotes":45,"votesTotalChange":-36},"edid":2,"comparativeIndex":0.0,"electionDayVotesPercent":0.9,"nominatorAbbr":{"fi":"SDP","sv":"SDP","en":"SDP"}},{"age":31,"advanceVotesPercent":0.6,"lastname":"Sander","occupation":"yrittäjä","advanceVotes":2,"npid":7,"totalVotes":9,"spid":2,"abbr":"KOK","municipalCouncilor":false,"muid":78,"alid":7,"firstname":"Tarmo","electionDayVotes":7,"pid":"4","finalPosition":0,"electedInformation":"ON_SUBSTITUTE_PLACE","totalVotesPercent":1.2,"nominatorName":{"fi":"Kansallinen Kokoomus","sv":"Samlingspartiet","en":"National Coalition Party"},"caid":84,"position":0,"gender":"1","comparisonData":{"totalVotes":0,"votesTotalChange":9},"edid":2,"comparativeIndex":0.0,"electionDayVotesPercent":1.6,"nominatorAbbr":{"fi":"KOK","sv":"Saml","en":"NCP"}},{"age":54,"advanceVotesPercent":1.2,"lastname":"Immonen","occupation":"paloesimies, brandförman","advanceVotes":4,"npid":6,"totalVotes":8,"spid":4,"abbr":"SDP","municipalCouncilor":false,"muid":78,"alid":6,"firstname":"Jarkko","electionDayVotes":4,"pid":"1","finalPosition":0,"electedInformation":"ON_SUBSTITUTE_PLACE","totalVotesPercent":1.0,"nominatorName":{"fi":"Suomen Sosialidemokraattinen Puolue","sv":"Finlands Socialdemokratiska Parti","en":"The Finnish Social Democratic Party"},"caid":51,"position":0,"gender":"1","comparisonData":{"totalVotes":0,"votesTotalChange":8},"edid":2,"comparativeIndex":0.0,"electionDayVotesPercent":0.9,"nominatorAbbr":{"fi":"SDP","sv":"SDP","en":"SDP"}},{"age":54,"advanceVotesPercent":1.5,"lastname":"Förström","occupation":"autom.ing., autom.ins.","advanceVotes":5,"npid":6,"totalVotes":8,"spid":4,"abbr":"SDP","municipalCouncilor":false,"muid":78,"alid":6,"firstname":"Bernt","electionDayVotes":3,"pid":"1","finalPosition":0,"electedInformation":"ON_SUBSTITUTE_PLACE","totalVotesPercent":1.0,"nominatorName":{"fi":"Suomen Sosialidemokraattinen Puolue","sv":"Finlands Socialdemokratiska Parti","en":"The Finnish Social Democratic Party"},"caid":73,"position":0,"gender":"1","comparisonData":{"totalVotes":36,"votesTotalChange":-28},"edid":2,"comparativeIndex":0.0,"electionDayVotesPercent":0.7,"nominatorAbbr":{"fi":"SDP","sv":"SDP","en":"SDP"}},{"age":72,"advanceVotesPercent":1.5,"lastname":"Nyberg","occupation":"pensionär, eläkeläinen","advanceVotes":5,"npid":6,"totalVotes":8,"spid":4,"abbr":"SDP","municipalCouncilor":true,"muid":78,"alid":6,"firstname":"Lars","electionDayVotes":3,"pid":"1","finalPosition":0,"electedInformation":"ON_SUBSTITUTE_PLACE","totalVotesPercent":1.0,"nominatorName":{"fi":"Suomen Sosialidemokraattinen Puolue","sv":"Finlands Socialdemokratiska Parti","en":"The Finnish Social Democratic Party"},"caid":75,"position":0,"gender":"1","comparisonData":{"totalVotes":73,"votesTotalChange":-65},"edid":2,"comparativeIndex":0.0,"electionDayVotesPercent":0.7,"nominatorAbbr":{"fi":"SDP","sv":"SDP","en":"SDP"}},{"age":43,"advanceVotesPercent":0.0,"lastname":"Rönnblad","occupation":"torghandlare, torikauppias","advanceVotes":0,"npid":6,"totalVotes":8,"spid":4,"abbr":"SDP","municipalCouncilor":false,"muid":78,"alid":6,"firstname":"Tom","electionDayVotes":8,"pid":"1","finalPosition":0,"electedInformation":"ELECTED","totalVotesPercent":1.0,"nominatorName":{"fi":"Suomen Sosialidemokraattinen Puolue","sv":"Finlands Socialdemokratiska Parti","en":"The Finnish Social Democratic Party"},"caid":77,"position":0,"gender":"1","comparisonData":{"totalVotes":0,"votesTotalChange":8},"edid":2,"comparativeIndex":0.0,"electionDayVotesPercent":1.8,"nominatorAbbr":{"fi":"SDP","sv":"SDP","en":"SDP"}},{"age":67,"advanceVotesPercent":0.9,"lastname":"Niemi","occupation":"ingenjör, pensionär","advanceVotes":3,"npid":1,"totalVotes":7,"spid":7,"abbr":"RKP","municipalCouncilor":false,"muid":78,"alid":1,"firstname":"Kalle","electionDayVotes":4,"pid":"5","finalPosition":0,"electedInformation":"ON_SUBSTITUTE_PLACE","totalVotesPercent":0.9,"nominatorName":{"fi":"Suomen ruotsalainen kansanpuolue","sv":"Svenska folkpartiet i Finland","en":"Swedish People's Party in Finland"},"caid":14,"position":0,"gender":"1","comparisonData":{"totalVotes":18,"votesTotalChange":-11},"edid":2,"comparativeIndex":0.0,"electionDayVotesPercent":0.9,"nominatorAbbr":{"fi":"RKP","sv":"SFP","en":"SPP"}},{"age":71,"advanceVotesPercent":0.3,"lastname":"Sahlstedt","occupation":"arkitekt","advanceVotes":1,"npid":1,"totalVotes":7,"spid":7,"abbr":"RKP","municipalCouncilor":true,"muid":78,"alid":1,"firstname":"Yrjö","electionDayVotes":6,"pid":"5","finalPosition":0,"electedInformation":"ELECTED","totalVotesPercent":0.9,"nominatorName":{"fi":"Suomen ruotsalainen kansanpuolue","sv":"Svenska folkpartiet i Finland","en":"Swedish People's Party in Finland"},"caid":17,"position":0,"gender":"1","comparisonData":{"totalVotes":66,"votesTotalChange":-59},"edid":2,"comparativeIndex":0.0,"electionDayVotesPercent":1.3,"nominatorAbbr":{"fi":"RKP","sv":"SFP","en":"SPP"}},{"age":31,"advanceVotesPercent":0.9,"lastname":"Teikari","occupation":"speditör","advanceVotes":3,"npid":1,"totalVotes":7,"spid":7,"abbr":"RKP","municipalCouncilor":false,"muid":78,"alid":1,"firstname":"Anna","electionDayVotes":4,"pid":"5","finalPosition":0,"electedInformation":"ON_SUBSTITUTE_PLACE","totalVotesPercent":0.9,"nominatorName":{"fi":"Suomen ruotsalainen kansanpuolue","sv":"Svenska folkpartiet i Finland","en":"Swedish People's Party in Finland"},"caid":20,"position":0,"gender":"2","comparisonData":{"totalVotes":0,"votesTotalChange":7},"edid":2,"comparativeIndex":0.0,"electionDayVotesPercent":0.9,"nominatorAbbr":{"fi":"RKP","sv":"SFP","en":"SPP"}},{"age":59,"advanceVotesPercent":1.2,"lastname":"Baarman","occupation":"yrkeshandledare","advanceVotes":4,"npid":6,"totalVotes":7,"spid":4,"abbr":"SDP","municipalCouncilor":true,"muid":78,"alid":6,"firstname":"Peter","electionDayVotes":3,"pid":"1","finalPosition":0,"electedInformation":"ON_SUBSTITUTE_PLACE","totalVotesPercent":0.9,"nominatorName":{"fi":"Suomen Sosialidemokraattinen Puolue","sv":"Finlands Socialdemokratiska Parti","en":"The Finnish Social Democratic Party"},"caid":70,"position":0,"gender":"1","comparisonData":{"totalVotes":59,"votesTotalChange":-52},"edid":2,"comparativeIndex":0.0,"electionDayVotesPercent":0.7,"nominatorAbbr":{"fi":"SDP","sv":"SDP","en":"SDP"}},{"age":36,"advanceVotesPercent":0.3,"lastname":"Heinänen","occupation":"sairaanhoitaja, hoivakodin johtaja","advanceVotes":1,"npid":7,"totalVotes":7,"spid":2,"abbr":"KOK","municipalCouncilor":false,"muid":78,"alid":7,"firstname":"Pirkko","electionDayVotes":6,"pid":"4","finalPosition":0,"electedInformation":"ELECTED","totalVotesPercent":0.9,"nominatorName":{"fi":"Kansallinen Kokoomus","sv":"Samlingspartiet","en":"National Coalition Party"},"caid":83,"position":0,"gender":"2","comparisonData":{"totalVotes":25,"votesTotalChange":-18},"edid":2,"comparativeIndex":0.0,"electionDayVotesPercent":1.3,"nominatorAbbr":{"fi":"KOK","sv":"Saml","en":"NCP"}},{"age":47,"advanceVotesPercent":0.6,"lastname":"Kindt-Sarojärvi","occupation":"opettaja","advanceVotes":2,"npid":2,"totalVotes":6,"spid":5,"abbr":"VIHR","municipalCouncilor":false,"muid":78,"alid":2,"firstname":"Krista","electionDayVotes":4,"pid":"13","finalPosition":0,"electedInformation":"ON_SUBSTITUTE_PLACE","totalVotesPercent":0.8,"nominatorName":{"fi":"Vihreä liitto","sv":"Gröna förbundet","en":"Green League"},"caid":24,"position":0,"gender":"2","comparisonData":{"totalVotes":0,"votesTotalChange":6},"edid":2,"comparativeIndex":0.0,"electionDayVotesPercent":0.9,"nominatorAbbr":{"fi":"VIHR","sv":"Gröna","en":"GREEN"}},{"age":31,"advanceVotesPercent":0.3,"lastname":"Särs","occupation":"ahtaaja","advanceVotes":1,"npid":5,"totalVotes":6,"spid":3,"abbr":"PS","municipalCouncilor":false,"muid":78,"alid":5,"firstname":"Tony","electionDayVotes":5,"pid":"23","finalPosition":0,"electedInformation":"ELECTED","totalVotesPercent":0.8,"nominatorName":{"fi":"Perussuomalaiset","sv":"Sannfinländarna","en":"The Finns Party"},"caid":44,"position":0,"gender":"1","comparisonData":{"totalVotes":0,"votesTotalChange":6},"edid":2,"comparativeIndex":0.0,"electionDayVotesPercent":1.1,"nominatorAbbr":{"fi":"PS","sv":"Sannf","en":"FINNS"}},{"age":65,"advanceVotesPercent":0.6,"lastname":"Järvinen","occupation":"pensionär, eläkeläinen","advanceVotes":2,"npid":6,"totalVotes":6,"spid":4,"abbr":"SDP","municipalCouncilor":true,"muid":78,"alid":6,"firstname":"Katrin","electionDayVotes":4,"pid":"1","finalPosition":0,"electedInformation":"ON_SUBSTITUTE_PLACE","totalVotesPercent":0.8,"nominatorName":{"fi":"Suomen Sosialidemokraattinen Puolue","sv":"Finlands Socialdemokratiska Parti","en":"The Finnish Social Democratic Party"},"caid":53,"position":0,"gender":"2","comparisonData":{"totalVotes":56,"votesTotalChange":-50},"edid":2,"comparativeIndex":0.0,"electionDayVotesPercent":0.9,"nominatorAbbr":{"fi":"SDP","sv":"SDP","en":"SDP"}},{"age":38,"advanceVotesPercent":0.6,"lastname":"Reitamaa","occupation":"työnjohtaja, arbetsledare","advanceVotes":2,"npid":6,"totalVotes":6,"spid":4,"abbr":"SDP","municipalCouncilor":false,"muid":78,"alid":6,"firstname":"Marko","electionDayVotes":4,"pid":"1","finalPosition":0,"electedInformation":"ELECTED","totalVotesPercent":0.8,"nominatorName":{"fi":"Suomen Sosialidemokraattinen Puolue","sv":"Finlands Socialdemokratiska Parti","en":"The Finnish Social Democratic Party"},"caid":64,"position":0,"gender":"1","comparisonData":{"totalVotes":37,"votesTotalChange":-31},"edid":2,"comparativeIndex":0.0,"electionDayVotesPercent":0.9,"nominatorAbbr":{"fi":"SDP","sv":"SDP","en":"SDP"}},{"age":62,"advanceVotesPercent":0.9,"lastname":"Böckerman","occupation":"företagare, yrittäjä","advanceVotes":3,"npid":6,"totalVotes":6,"spid":4,"abbr":"SDP","municipalCouncilor":true,"muid":78,"alid":6,"firstname":"Ulf","electionDayVotes":3,"pid":"1","finalPosition":0,"electedInformation":"ON_SUBSTITUTE_PLACE","totalVotesPercent":0.8,"nominatorName":{"fi":"Suomen Sosialidemokraattinen Puolue","sv":"Finlands Socialdemokratiska Parti","en":"The Finnish Social Democratic Party"},"caid":71,"position":0,"gender":"1","comparisonData":{"totalVotes":61,"votesTotalChange":-55},"edid":2,"comparativeIndex":0.0,"electionDayVotesPercent":0.7,"nominatorAbbr":{"fi":"SDP","sv":"SDP","en":"SDP"}},{"age":79,"advanceVotesPercent":1.5,"lastname":"Lindström","occupation":"pensionär, eläkeläinen","advanceVotes":5,"npid":6,"totalVotes":6,"spid":4,"abbr":"SDP","municipalCouncilor":true,"muid":78,"alid":6,"firstname":"Ulf","electionDayVotes":1,"pid":"1","finalPosition":0,"electedInformation":"ELECTED","totalVotesPercent":0.8,"nominatorName":{"fi":"Suomen Sosialidemokraattinen Puolue","sv":"Finlands Socialdemokratiska Parti","en":"The Finnish Social Democratic Party"},"caid":74,"position":0,"gender":"1","comparisonData":{"totalVotes":150,"votesTotalChange":-144},"edid":2,"comparativeIndex":0.0,"electionDayVotesPercent":0.2,"nominatorAbbr":{"fi":"SDP","sv":"SDP","en":"SDP"}},{"age":75,"advanceVotesPercent":0.6,"lastname":"Sandblom","occupation":"pensionär, eläkeläinen","advanceVotes":2,"npid":6,"totalVotes":6,"spid":4,"abbr":"SDP","municipalCouncilor":false,"muid":78,"alid":6,"firstname":"Otto","electionDayVotes":4,"pid":"1","finalPosition":0,"electedInformation":"NOT_ELECTED","totalVotesPercent":0.8,"nominatorName":{"fi":"Suomen Sosialidemokraattinen Puolue","sv":"Finlands Socialdemokratiska Parti","en":"The Finnish Social Democratic Party"},"caid":78,"position":0,"gender":"1","comparisonData":{"totalVotes":15,"votesTotalChange":-9},"edid":2,"comparativeIndex":0.0,"electionDayVotesPercent":0.9,"nominatorAbbr":{"fi":"SDP","sv":"SDP","en":"SDP"}},{"age":69,"advanceVotesPercent":1.5,"lastname":"Hållfast","occupation":"eläkeläinen","advanceVotes":5,"npid":8,"totalVotes":6,"spid":6,"abbr":"VAS","municipalCouncilor":false,"muid":78,"alid":8,"firstname":"Kari","electionDayVotes":1,"pid":"15","finalPosition":0,"electedInformation":"NOT_ELECTED","totalVotesPercent":0.8,"nominatorName":{"fi":"Vasemmistoliitto","sv":"Vänsterförbundet","en":"The Left Alliance"},"caid":91,"position":0,"gender":"1","comparisonData":{"totalVotes":7,"votesTotalChange":-1},"edid":2,"comparativeIndex":0.0,"electionDayVotesPercent":0.2,"nominatorAbbr":{"fi":"VAS","sv":"VF","en":"LEFT"}},{"age":57,"advanceVotesPercent":0.0,"lastname":"Kinnunen","occupation":"liikuntapaikkojen hoitaja","advanceVotes":0,"npid":8,"totalVotes":6,"spid":6,"abbr":"VAS","municipalCouncilor":false,"muid":78,"alid":8,"firstname":"Seppo","electionDayVotes":6,"pid":"15","finalPosition":0,"electedInformation":"ON_SUBSTITUTE_PLACE","totalVotesPercent":0.8,"nominatorName":{"fi":"Vasemmistoliitto","sv":"Vänsterförbundet","en":"The Left Alliance"},"caid":93,"position":0,"gender":"1","comparisonData":{"totalVotes":28,"votesTotalChange":-22},"edid":2,"comparativeIndex":0.0,"electionDayVotesPercent":1.3,"nominatorAbbr":{"fi":"VAS","sv":"VF","en":"LEFT"}},{"age":43,"advanceVotesPercent":0.3,"lastname":"Louhelainen","occupation":"lastenohjaaja, lasten- ja nuorten erityisohjaaja","advanceVotes":1,"npid":2,"totalVotes":5,"spid":5,"abbr":"VIHR","municipalCouncilor":false,"muid":78,"alid":2,"firstname":"Pia","electionDayVotes":4,"pid":"13","finalPosition":0,"electedInformation":"ON_SUBSTITUTE_PLACE","totalVotesPercent":0.6,"nominatorName":{"fi":"Vihreä liitto","sv":"Gröna förbundet","en":"Green League"},"caid":27,"position":0,"gender":"2","comparisonData":{"totalVotes":0,"votesTotalChange":5},"edid":2,"comparativeIndex":0.0,"electionDayVotesPercent":0.9,"nominatorAbbr":{"fi":"VIHR","sv":"Gröna","en":"GREEN"}},{"age":71,"advanceVotesPercent":0.9,"lastname":"Tuunanen","occupation":"insinööri","advanceVotes":3,"npid":5,"totalVotes":5,"spid":3,"abbr":"PS","municipalCouncilor":true,"muid":78,"alid":5,"firstname":"Pekka","electionDayVotes":2,"pid":"23","finalPosition":0,"electedInformation":"ON_SUBSTITUTE_PLACE","totalVotesPercent":0.6,"nominatorName":{"fi":"Perussuomalaiset","sv":"Sannfinländarna","en":"The Finns Party"},"caid":45,"position":0,"gender":"1","comparisonData":{"totalVotes":76,"votesTotalChange":-71},"edid":2,"comparativeIndex":0.0,"electionDayVotesPercent":0.4,"nominatorAbbr":{"fi":"PS","sv":"Sannf","en":"FINNS"}},{"age":39,"advanceVotesPercent":0.3,"lastname":"Karvinen","occupation":"kotiäiti","advanceVotes":1,"npid":6,"totalVotes":5,"spid":4,"abbr":"SDP","municipalCouncilor":false,"muid":78,"alid":6,"firstname":"Emilia","electionDayVotes":4,"pid":"1","finalPosition":0,"electedInformation":"NOT_ELECTED","totalVotesPercent":0.6,"nominatorName":{"fi":"Suomen Sosialidemokraattinen Puolue","sv":"Finlands Socialdemokratiska Parti","en":"The Finnish Social Democratic Party"},"caid":54,"position":0,"gender":"2","comparisonData":{"totalVotes":0,"votesTotalChange":5},"edid":2,"comparativeIndex":0.0,"electionDayVotesPercent":0.9,"nominatorAbbr":{"fi":"SDP","sv":"SDP","en":"SDP"}},{"age":46,"advanceVotesPercent":1.2,"lastname":"Nylund","occupation":"merkonomi","advanceVotes":4,"npid":6,"totalVotes":5,"spid":4,"abbr":"SDP","municipalCouncilor":true,"muid":78,"alid":6,"firstname":"Kirsi","electionDayVotes":1,"pid":"1","finalPosition":0,"electedInformation":"ELECTED","totalVotesPercent":0.6,"nominatorName":{"fi":"Suomen Sosialidemokraattinen Puolue","sv":"Finlands Socialdemokratiska Parti","en":"The Finnish Social Democratic Party"},"caid":61,"position":0,"gender":"2","comparisonData":{"totalVotes":64,"votesTotalChange":-59},"edid":2,"comparativeIndex":0.0,"electionDayVotesPercent":0.2,"nominatorAbbr":{"fi":"SDP","sv":"SDP","en":"SDP"}},{"age":28,"advanceVotesPercent":0.3,"lastname":"Sinkkonen","occupation":"minilinja-asentaja","advanceVotes":1,"npid":6,"totalVotes":5,"spid":4,"abbr":"SDP","municipalCouncilor":false,"muid":78,"alid":6,"firstname":"Antti","electionDayVotes":4,"pid":"1","finalPosition":0,"electedInformation":"NOT_ELECTED","totalVotesPercent":0.6,"nominatorName":{"fi":"Suomen Sosialidemokraattinen Puolue","sv":"Finlands Socialdemokratiska Parti","en":"The Finnish Social Democratic Party"},"caid":66,"position":0,"gender":"1","comparisonData":{"totalVotes":0,"votesTotalChange":5},"edid":2,"comparativeIndex":0.0,"electionDayVotesPercent":0.9,"nominatorAbbr":{"fi":"SDP","sv":"SDP","en":"SDP"}},{"age":47,"advanceVotesPercent":0.0,"lastname":"Ferm","occupation":"arbetslös, työtön","advanceVotes":0,"npid":6,"totalVotes":5,"spid":4,"abbr":"SDP","municipalCouncilor":false,"muid":78,"alid":6,"firstname":"Ben","electionDayVotes":5,"pid":"1","finalPosition":0,"electedInformation":"NOT_ELECTED","totalVotesPercent":0.6,"nominatorName":{"fi":"Suomen Sosialidemokraattinen Puolue","sv":"Finlands Socialdemokratiska Parti","en":"The Finnish Social Democratic Party"},"caid":72,"position":0,"gender":"1","comparisonData":{"totalVotes":41,"votesTotalChange":-36},"edid":2,"comparativeIndex":0.0,"electionDayVotesPercent":1.1,"nominatorAbbr":{"fi":"SDP","sv":"SDP","en":"SDP"}},{"age":70,"advanceVotesPercent":0.3,"lastname":"Strömsten","occupation":"pensionär, eläkeläinen","advanceVotes":1,"npid":6,"totalVotes":5,"spid":4,"abbr":"SDP","municipalCouncilor":false,"muid":78,"alid":6,"firstname":"Christer","electionDayVotes":4,"pid":"1","finalPosition":0,"electedInformation":"ON_SUBSTITUTE_PLACE","totalVotesPercent":0.6,"nominatorName":{"fi":"Suomen Sosialidemokraattinen Puolue","sv":"Finlands Socialdemokratiska Parti","en":"The Finnish Social Democratic Party"},"caid":79,"position":0,"gender":"1","comparisonData":{"totalVotes":0,"votesTotalChange":5},"edid":2,"comparativeIndex":0.0,"electionDayVotesPercent":0.9,"nominatorAbbr":{"fi":"SDP","sv":"SDP","en":"SDP"}},{"age":51,"advanceVotesPercent":1.2,"lastname":"Alén","occupation":"toiminnanjohtaja, yrittäjä","advanceVotes":4,"npid":7,"totalVotes":5,"spid":2,"abbr":"KOK","municipalCouncilor":false,"muid":78,"alid":7,"firstname":"Risto","electionDayVotes":1,"pid":"4","finalPosition":0,"electedInformation":"NOT_ELECTED","totalVotesPercent":0.6,"nominatorName":{"fi":"Kansallinen Kokoomus","sv":"Samlingspartiet","en":"National Coalition Party"},"caid":81,"position":0,"gender":"1","comparisonData":{"totalVotes":33,"votesTotalChange":-28},"edid":2,"comparativeIndex":0.0,"electionDayVotesPercent":0.2,"nominatorAbbr":{"fi":"KOK","sv":"Saml","en":"NCP"}},{"age":59,"advanceVotesPercent":1.2,"lastname":"Jansson","occupation":"trukinkuljettaja, pääluottamusmies","advanceVotes":4,"npid":8,"totalVotes":5,"spid":6,"abbr":"VAS","municipalCouncilor":false,"muid":78,"alid":8,"firstname":"Timo","electionDayVotes":1,"pid":"15","finalPosition":0,"electedInformation":"ON_SUBSTITUTE_PLACE","totalVotesPercent":0.6,"nominatorName":{"fi":"Vasemmistoliitto","sv":"Vänsterförbundet","en":"The Left Alliance"},"caid":92,"position":0,"gender":"1","comparisonData":{"totalVotes":0,"votesTotalChange":5},"edid":2,"comparativeIndex":0.0,"electionDayVotesPercent":0.2,"nominatorAbbr":{"fi":"VAS","sv":"VF","en":"LEFT"}},{"age":35,"advanceVotesPercent":1.5,"lastname":"Näätänen","occupation":"lähihoitaja","advanceVotes":5,"npid":8,"totalVotes":5,"spid":6,"abbr":"VAS","municipalCouncilor":false,"muid":78,"alid":8,"firstname":"Taru","electionDayVotes":0,"pid":"15","finalPosition":0,"electedInformation":"ON_SUBSTITUTE_PLACE","totalVotesPercent":0.6,"nominatorName":{"fi":"Vasemmistoliitto","sv":"Vänsterförbundet","en":"The Left Alliance"},"caid":95,"position":0,"gender":"2","comparisonData":{"totalVotes":0,"votesTotalChange":5},"edid":2,"comparativeIndex":0.0,"electionDayVotesPercent":0.0,"nominatorAbbr":{"fi":"VAS","sv":"VF","en":"LEFT"}},{"age":67,"advanceVotesPercent":0.9,"lastname":"Autero","occupation":"koneinsinööri","advanceVotes":3,"npid":9,"totalVotes":5,"spid":99,"abbr":"Muut","municipalCouncilor":false,"muid":78,"alid":9,"firstname":"Markku","electionDayVotes":2,"pid":"0789","finalPosition":0,"electedInformation":"NOT_ELECTED","totalVotesPercent":0.6,"nominatorName":{"fi":"Hanko 2016 Hangö sitoutumattomat obundna","sv":"Hanko 2016 Hangö sitoutumattomat obundna","en":"Hanko 2016 Hangö sitoutumattomat obundna"},"caid":101,"position":0,"gender":"1","comparisonData":{"totalVotes":0,"votesTotalChange":5},"edid":2,"comparativeIndex":0.0,"electionDayVotesPercent":0.4,"nominatorAbbr":{"fi":"YL1","sv":"YL1","en":"YL1"}},{"age":18,"advanceVotesPercent":0.3,"lastname":"Bäckman","occupation":"studerande","advanceVotes":1,"npid":1,"totalVotes":4,"spid":7,"abbr":"RKP","municipalCouncilor":false,"muid":78,"alid":1,"firstname":"Johanna","electionDayVotes":3,"pid":"5","finalPosition":0,"electedInformation":"ON_SUBSTITUTE_PLACE","totalVotesPercent":0.5,"nominatorName":{"fi":"Suomen ruotsalainen kansanpuolue","sv":"Svenska folkpartiet i Finland","en":"Swedish People's Party in Finland"},"caid":3,"position":0,"gender":"2","comparisonData":{"totalVotes":0,"votesTotalChange":4},"edid":2,"comparativeIndex":0.0,"electionDayVotesPercent":0.7,"nominatorAbbr":{"fi":"RKP","sv":"SFP","en":"SPP"}},{"age":37,"advanceVotesPercent":1.2,"lastname":"Carstens","occupation":"programerare","advanceVotes":4,"npid":1,"totalVotes":4,"spid":7,"abbr":"RKP","municipalCouncilor":false,"muid":78,"alid":1,"firstname":"Dick","electionDayVotes":0,"pid":"5","finalPosition":0,"electedInformation":"ON_SUBSTITUTE_PLACE","totalVotesPercent":0.5,"nominatorName":{"fi":"Suomen ruotsalainen kansanpuolue","sv":"Svenska folkpartiet i Finland","en":"Swedish People's Party in Finland"},"caid":4,"position":0,"gender":"1","comparisonData":{"totalVotes":26,"votesTotalChange":-22},"edid":2,"comparativeIndex":0.0,"electionDayVotesPercent":0.0,"nominatorAbbr":{"fi":"RKP","sv":"SFP","en":"SPP"}},{"age":62,"advanceVotesPercent":0.6,"lastname":"Ferm","occupation":"postanställd","advanceVotes":2,"npid":1,"totalVotes":4,"spid":7,"abbr":"RKP","municipalCouncilor":false,"muid":78,"alid":1,"firstname":"Monica","electionDayVotes":2,"pid":"5","finalPosition":0,"electedInformation":"ON_SUBSTITUTE_PLACE","totalVotesPercent":0.5,"nominatorName":{"fi":"Suomen ruotsalainen kansanpuolue","sv":"Svenska folkpartiet i Finland","en":"Swedish People's Party in Finland"},"caid":6,"position":0,"gender":"2","comparisonData":{"totalVotes":0,"votesTotalChange":4},"edid":2,"comparativeIndex":0.0,"electionDayVotesPercent":0.4,"nominatorAbbr":{"fi":"RKP","sv":"SFP","en":"SPP"}},{"age":84,"advanceVotesPercent":1.2,"lastname":"Helander","occupation":"pensionär","advanceVotes":4,"npid":1,"totalVotes":4,"spid":7,"abbr":"RKP","municipalCouncilor":false,"muid":78,"alid":1,"firstname":"Stig","electionDayVotes":0,"pid":"5","finalPosition":0,"electedInformation":"ON_SUBSTITUTE_PLACE","totalVotesPercent":0.5,"nominatorName":{"fi":"Suomen ruotsalainen kansanpuolue","sv":"Svenska folkpartiet i Finland","en":"Swedish People's Party in Finland"},"caid":8,"position":0,"gender":"1","comparisonData":{"totalVotes":21,"votesTotalChange":-17},"edid":2,"comparativeIndex":0.0,"electionDayVotesPercent":0.0,"nominatorAbbr":{"fi":"RKP","sv":"SFP","en":"SPP"}},{"age":19,"advanceVotesPercent":0.0,"lastname":"Mustonen","occupation":"ylioppilas, varusmies","advanceVotes":0,"npid":3,"totalVotes":4,"spid":8,"abbr":"KD","municipalCouncilor":false,"muid":78,"alid":3,"firstname":"Antti","electionDayVotes":4,"pid":"9","finalPosition":0,"electedInformation":"NOT_ELECTED","totalVotesPercent":0.5,"nominatorName":{"fi":"Suomen Kristillisdemokraatit (KD)","sv":"Kristdemokraterna i Finland (KD)","en":"Christian Democrats in Finland"},"caid":30,"position":0,"gender":"1","comparisonData":{"totalVotes":0,"votesTotalChange":4},"edid":2,"comparativeIndex":0.0,"electionDayVotesPercent":0.9,"nominatorAbbr":{"fi":"KD","sv":"KD","en":"CD"}},{"age":48,"advanceVotesPercent":0.6,"lastname":"Huldin","occupation":"vaihetyöntekijä, pääluottamusmies","advanceVotes":2,"npid":6,"totalVotes":4,"spid":4,"abbr":"SDP","municipalCouncilor":false,"muid":78,"alid":6,"firstname":"Tuula","electionDayVotes":2,"pid":"1","finalPosition":0,"electedInformation":"NOT_ELECTED","totalVotesPercent":0.5,"nominatorName":{"fi":"Suomen Sosialidemokraattinen Puolue","sv":"Finlands Socialdemokratiska Parti","en":"The Finnish Social Democratic Party"},"caid":50,"position":0,"gender":"2","comparisonData":{"totalVotes":26,"votesTotalChange":-22},"edid":2,"comparativeIndex":0.0,"electionDayVotesPercent":0.4,"nominatorAbbr":{"fi":"SDP","sv":"SDP","en":"SDP"}},{"age":46,"advanceVotesPercent":0.6,"lastname":"Nazari","occupation":"kauppias, diplomaatti","advanceVotes":2,"npid":6,"totalVotes":4,"spid":4,"abbr":"SDP","municipalCouncilor":false,"muid":78,"alid":6,"firstname":"Mohammad","electionDayVotes":2,"pid":"1","finalPosition":0,"electedInformation":"NOT_ELECTED","totalVotesPercent":0.5,"nominatorName":{"fi":"Suomen Sosialidemokraattinen Puolue","sv":"Finlands Socialdemokratiska Parti","en":"The Finnish Social Democratic Party"},"caid":59,"position":0,"gender":"1","comparisonData":{"totalVotes":6,"votesTotalChange":-2},"edid":2,"comparativeIndex":0.0,"electionDayVotesPercent":0.4,"nominatorAbbr":{"fi":"SDP","sv":"SDP","en":"SDP"}},{"age":76,"advanceVotesPercent":0.9,"lastname":"Rönnblad","occupation":"skrothandlare, pensionär","advanceVotes":3,"npid":6,"totalVotes":4,"spid":4,"abbr":"SDP","municipalCouncilor":false,"muid":78,"alid":6,"firstname":"Rolf","electionDayVotes":1,"pid":"1","finalPosition":0,"electedInformation":"NOT_ELECTED","totalVotesPercent":0.5,"nominatorName":{"fi":"Suomen Sosialidemokraattinen Puolue","sv":"Finlands Socialdemokratiska Parti","en":"The Finnish Social Democratic Party"},"caid":76,"position":0,"gender":"1","comparisonData":{"totalVotes":26,"votesTotalChange":-22},"edid":2,"comparativeIndex":0.0,"electionDayVotesPercent":0.2,"nominatorAbbr":{"fi":"SDP","sv":"SDP","en":"SDP"}},{"age":60,"advanceVotesPercent":0.6,"lastname":"Lahtinen","occupation":"ekonomi, yksikönjohtaja","advanceVotes":2,"npid":7,"totalVotes":4,"spid":2,"abbr":"KOK","municipalCouncilor":false,"muid":78,"alid":7,"firstname":"Elina","electionDayVotes":2,"pid":"4","finalPosition":0,"electedInformation":"ON_SUBSTITUTE_PLACE","totalVotesPercent":0.5,"nominatorName":{"fi":"Kansallinen Kokoomus","sv":"Samlingspartiet","en":"National Coalition Party"},"caid":86,"position":0,"gender":"2","comparisonData":{"totalVotes":19,"votesTotalChange":-15},"edid":2,"comparativeIndex":0.0,"electionDayVotesPercent":0.4,"nominatorAbbr":{"fi":"KOK","sv":"Saml","en":"NCP"}},{"age":51,"advanceVotesPercent":0.0,"lastname":"Gammals","occupation":"lärare","advanceVotes":0,"npid":1,"totalVotes":3,"spid":7,"abbr":"RKP","municipalCouncilor":false,"muid":78,"alid":1,"firstname":"Rolf","electionDayVotes":3,"pid":"5","finalPosition":0,"electedInformation":"ON_SUBSTITUTE_PLACE","totalVotesPercent":0.4,"nominatorName":{"fi":"Suomen ruotsalainen kansanpuolue","sv":"Svenska folkpartiet i Finland","en":"Swedish People's Party in Finland"},"caid":7,"position":0,"gender":"1","comparisonData":{"totalVotes":22,"votesTotalChange":-19},"edid":2,"comparativeIndex":0.0,"electionDayVotesPercent":0.7,"nominatorAbbr":{"fi":"RKP","sv":"SFP","en":"SPP"}},{"age":69,"advanceVotesPercent":0.6,"lastname":"Idman","occupation":"pensionär","advanceVotes":2,"npid":1,"totalVotes":3,"spid":7,"abbr":"RKP","municipalCouncilor":false,"muid":78,"alid":1,"firstname":"Britta","electionDayVotes":1,"pid":"5","finalPosition":0,"electedInformation":"ELECTED","totalVotesPercent":0.4,"nominatorName":{"fi":"Suomen ruotsalainen kansanpuolue","sv":"Svenska folkpartiet i Finland","en":"Swedish People's Party in Finland"},"caid":10,"position":0,"gender":"2","comparisonData":{"totalVotes":33,"votesTotalChange":-30},"edid":2,"comparativeIndex":0.0,"electionDayVotesPercent":0.2,"nominatorAbbr":{"fi":"RKP","sv":"SFP","en":"SPP"}},{"age":45,"advanceVotesPercent":0.3,"lastname":"Peltonen","occupation":"teknisk direktör","advanceVotes":1,"npid":1,"totalVotes":3,"spid":7,"abbr":"RKP","municipalCouncilor":false,"muid":78,"alid":1,"firstname":"Björn","electionDayVotes":2,"pid":"5","finalPosition":0,"electedInformation":"ELECTED","totalVotesPercent":0.4,"nominatorName":{"fi":"Suomen ruotsalainen kansanpuolue","sv":"Svenska folkpartiet i Finland","en":"Swedish People's Party in Finland"},"caid":16,"position":0,"gender":"1","comparisonData":{"totalVotes":0,"votesTotalChange":3},"edid":2,"comparativeIndex":0.0,"electionDayVotesPercent":0.4,"nominatorAbbr":{"fi":"RKP","sv":"SFP","en":"SPP"}},{"age":69,"advanceVotesPercent":0.6,"lastname":"Caselius","occupation":"eläkeläinen","advanceVotes":2,"npid":4,"totalVotes":3,"spid":9,"abbr":"SKP","municipalCouncilor":false,"muid":78,"alid":4,"firstname":"Eero","electionDayVotes":1,"pid":"8","finalPosition":0,"electedInformation":"NOT_ELECTED","totalVotesPercent":0.4,"nominatorName":{"fi":"Suomen Kommunistinen Puolue","sv":"Finlands Kommunistiska Parti","en":"The Communist Party of Finland"},"caid":38,"position":0,"gender":"1","comparisonData":{"totalVotes":0,"votesTotalChange":3},"edid":2,"comparativeIndex":0.0,"electionDayVotesPercent":0.2,"nominatorAbbr":{"fi":"SKP","sv":"FKP","en":"CPF"}},{"age":53,"advanceVotesPercent":0.3,"lastname":"Kavander","occupation":"vuorovastaava, skiftesansvarig, DJ","advanceVotes":1,"npid":6,"totalVotes":3,"spid":4,"abbr":"SDP","municipalCouncilor":false,"muid":78,"alid":6,"firstname":"Tuomo","electionDayVotes":2,"pid":"1","finalPosition":0,"electedInformation":"NOT_ELECTED","totalVotesPercent":0.4,"nominatorName":{"fi":"Suomen Sosialidemokraattinen Puolue","sv":"Finlands Socialdemokratiska Parti","en":"The Finnish Social Democratic Party"},"caid":56,"position":0,"gender":"1","comparisonData":{"totalVotes":26,"votesTotalChange":-23},"edid":2,"comparativeIndex":0.0,"electionDayVotesPercent":0.4,"nominatorAbbr":{"fi":"SDP","sv":"SDP","en":"SDP"}},{"age":23,"advanceVotesPercent":0.0,"lastname":"Alén","occupation":"restonomi","advanceVotes":0,"npid":7,"totalVotes":3,"spid":2,"abbr":"KOK","municipalCouncilor":false,"muid":78,"alid":7,"firstname":"Anastasia","electionDayVotes":3,"pid":"4","finalPosition":0,"electedInformation":"NOT_ELECTED","totalVotesPercent":0.4,"nominatorName":{"fi":"Kansallinen Kokoomus","sv":"Samlingspartiet","en":"National Coalition Party"},"caid":82,"position":0,"gender":"2","comparisonData":{"totalVotes":0,"votesTotalChange":3},"edid":2,"comparativeIndex":0.0,"electionDayVotesPercent":0.7,"nominatorAbbr":{"fi":"KOK","sv":"Saml","en":"NCP"}},{"age":65,"advanceVotesPercent":0.3,"lastname":"Horn","occupation":"arkitekt","advanceVotes":1,"npid":1,"totalVotes":2,"spid":7,"abbr":"RKP","municipalCouncilor":false,"muid":78,"alid":1,"firstname":"Stephan","electionDayVotes":1,"pid":"5","finalPosition":0,"electedInformation":"ON_SUBSTITUTE_PLACE","totalVotesPercent":0.3,"nominatorName":{"fi":"Suomen ruotsalainen kansanpuolue","sv":"Svenska folkpartiet i Finland","en":"Swedish People's Party in Finland"},"caid":9,"position":0,"gender":"1","comparisonData":{"totalVotes":0,"votesTotalChange":2},"edid":2,"comparativeIndex":0.0,"electionDayVotesPercent":0.2,"nominatorAbbr":{"fi":"RKP","sv":"SFP","en":"SPP"}},{"age":43,"advanceVotesPercent":0.0,"lastname":"Koskinen","occupation":"bokförare","advanceVotes":0,"npid":1,"totalVotes":2,"spid":7,"abbr":"RKP","municipalCouncilor":false,"muid":78,"alid":1,"firstname":"Marie","electionDayVotes":2,"pid":"5","finalPosition":0,"electedInformation":"NOT_ELECTED","totalVotesPercent":0.3,"nominatorName":{"fi":"Suomen ruotsalainen kansanpuolue","sv":"Svenska folkpartiet i Finland","en":"Swedish People's Party in Finland"},"caid":11,"position":0,"gender":"2","comparisonData":{"totalVotes":0,"votesTotalChange":2},"edid":2,"comparativeIndex":0.0,"electionDayVotesPercent":0.4,"nominatorAbbr":{"fi":"RKP","sv":"SFP","en":"SPP"}},{"age":71,"advanceVotesPercent":0.6,"lastname":"Wennerqvist","occupation":"politices kandidat","advanceVotes":2,"npid":1,"totalVotes":2,"spid":7,"abbr":"RKP","municipalCouncilor":false,"muid":78,"alid":1,"firstname":"Kurt","electionDayVotes":0,"pid":"5","finalPosition":0,"electedInformation":"ON_SUBSTITUTE_PLACE","totalVotesPercent":0.3,"nominatorName":{"fi":"Suomen ruotsalainen kansanpuolue","sv":"Svenska folkpartiet i Finland","en":"Swedish People's Party in Finland"},"caid":21,"position":0,"gender":"1","comparisonData":{"totalVotes":34,"votesTotalChange":-32},"edid":2,"comparativeIndex":0.0,"electionDayVotesPercent":0.0,"nominatorAbbr":{"fi":"RKP","sv":"SFP","en":"SPP"}},{"age":38,"advanceVotesPercent":0.0,"lastname":"Ristimäki","occupation":"arkkitehti yo","advanceVotes":0,"npid":4,"totalVotes":2,"spid":9,"abbr":"SKP","municipalCouncilor":false,"muid":78,"alid":4,"firstname":"Jaakko","electionDayVotes":2,"pid":"8","finalPosition":0,"electedInformation":"ON_SUBSTITUTE_PLACE","totalVotesPercent":0.3,"nominatorName":{"fi":"Suomen Kommunistinen Puolue","sv":"Finlands Kommunistiska Parti","en":"The Communist Party of Finland"},"caid":37,"position":0,"gender":"1","comparisonData":{"totalVotes":0,"votesTotalChange":2},"edid":2,"comparativeIndex":0.0,"electionDayVotesPercent":0.4,"nominatorAbbr":{"fi":"SKP","sv":"FKP","en":"CPF"}},{"age":32,"advanceVotesPercent":0.6,"lastname":"Kostiainen","occupation":"vartija","advanceVotes":2,"npid":5,"totalVotes":2,"spid":3,"abbr":"PS","municipalCouncilor":false,"muid":78,"alid":5,"firstname":"Jori","electionDayVotes":0,"pid":"23","finalPosition":0,"electedInformation":"NOT_ELECTED","totalVotesPercent":0.3,"nominatorName":{"fi":"Perussuomalaiset","sv":"Sannfinländarna","en":"The Finns Party"},"caid":41,"position":0,"gender":"1","comparisonData":{"totalVotes":0,"votesTotalChange":2},"edid":2,"comparativeIndex":0.0,"electionDayVotesPercent":0.0,"nominatorAbbr":{"fi":"PS","sv":"Sannf","en":"FINNS"}},{"age":45,"advanceVotesPercent":0.3,"lastname":"Saastamoinen","occupation":"asentaja","advanceVotes":1,"npid":5,"totalVotes":2,"spid":3,"abbr":"PS","municipalCouncilor":false,"muid":78,"alid":5,"firstname":"Miika","electionDayVotes":1,"pid":"23","finalPosition":0,"electedInformation":"NOT_ELECTED","totalVotesPercent":0.3,"nominatorName":{"fi":"Perussuomalaiset","sv":"Sannfinländarna","en":"The Finns Party"},"caid":43,"position":0,"gender":"1","comparisonData":{"totalVotes":34,"votesTotalChange":-32},"edid":2,"comparativeIndex":0.0,"electionDayVotesPercent":0.2,"nominatorAbbr":{"fi":"PS","sv":"Sannf","en":"FINNS"}},{"age":72,"advanceVotesPercent":0.3,"lastname":"Buch","occupation":"yrittäjä eläkk., företagare i.a.","advanceVotes":1,"npid":6,"totalVotes":2,"spid":4,"abbr":"SDP","municipalCouncilor":false,"muid":78,"alid":6,"firstname":"Tuula","electionDayVotes":1,"pid":"1","finalPosition":0,"electedInformation":"NOT_ELECTED","totalVotesPercent":0.3,"nominatorName":{"fi":"Suomen Sosialidemokraattinen Puolue","sv":"Finlands Socialdemokratiska Parti","en":"The Finnish Social Democratic Party"},"caid":47,"position":0,"gender":"2","comparisonData":{"totalVotes":24,"votesTotalChange":-22},"edid":2,"comparativeIndex":0.0,"electionDayVotesPercent":0.2,"nominatorAbbr":{"fi":"SDP","sv":"SDP","en":"SDP"}},{"age":74,"advanceVotesPercent":0.0,"lastname":"Immonen","occupation":"eläkeläinen, pensionär","advanceVotes":0,"npid":6,"totalVotes":2,"spid":4,"abbr":"SDP","municipalCouncilor":false,"muid":78,"alid":6,"firstname":"Seppo","electionDayVotes":2,"pid":"1","finalPosition":0,"electedInformation":"NOT_ELECTED","totalVotesPercent":0.3,"nominatorName":{"fi":"Suomen Sosialidemokraattinen Puolue","sv":"Finlands Socialdemokratiska Parti","en":"The Finnish Social Democratic Party"},"caid":52,"position":0,"gender":"1","comparisonData":{"totalVotes":14,"votesTotalChange":-12},"edid":2,"comparativeIndex":0.0,"electionDayVotesPercent":0.4,"nominatorAbbr":{"fi":"SDP","sv":"SDP","en":"SDP"}},{"age":29,"advanceVotesPercent":0.0,"lastname":"Talja","occupation":"vaihtotyönjohtaja","advanceVotes":0,"npid":6,"totalVotes":2,"spid":4,"abbr":"SDP","municipalCouncilor":false,"muid":78,"alid":6,"firstname":"Arto","electionDayVotes":2,"pid":"1","finalPosition":0,"electedInformation":"NOT_ELECTED","totalVotesPercent":0.3,"nominatorName":{"fi":"Suomen Sosialidemokraattinen Puolue","sv":"Finlands Socialdemokratiska Parti","en":"The Finnish Social Democratic Party"},"caid":67,"position":0,"gender":"1","comparisonData":{"totalVotes":0,"votesTotalChange":2},"edid":2,"comparativeIndex":0.0,"electionDayVotesPercent":0.4,"nominatorAbbr":{"fi":"SDP","sv":"SDP","en":"SDP"}},{"age":46,"advanceVotesPercent":0.6,"lastname":"Karjalainen","occupation":"projektipäällikkö","advanceVotes":2,"npid":7,"totalVotes":2,"spid":2,"abbr":"KOK","municipalCouncilor":false,"muid":78,"alid":7,"firstname":"Juha","electionDayVotes":0,"pid":"4","finalPosition":0,"electedInformation":"NOT_ELECTED","totalVotesPercent":0.3,"nominatorName":{"fi":"Kansallinen Kokoomus","sv":"Samlingspartiet","en":"National Coalition Party"},"caid":87,"position":0,"gender":"1","comparisonData":{"totalVotes":25,"votesTotalChange":-23},"edid":2,"comparativeIndex":0.0,"electionDayVotesPercent":0.0,"nominatorAbbr":{"fi":"KOK","sv":"Saml","en":"NCP"}},{"age":47,"advanceVotesPercent":0.6,"lastname":"Sundström","occupation":"tilapäisahtaaja","advanceVotes":2,"npid":9,"totalVotes":2,"spid":99,"abbr":"Muut","municipalCouncilor":false,"muid":78,"alid":9,"firstname":"Sven","electionDayVotes":0,"pid":"0789","finalPosition":0,"electedInformation":"ON_SUBSTITUTE_PLACE","totalVotesPercent":0.3,"nominatorName":{"fi":"Hanko 2016 Hangö sitoutumattomat obundna","sv":"Hanko 2016 Hangö sitoutumattomat obundna","en":"Hanko 2016 Hangö sitoutumattomat obundna"},"caid":99,"position":0,"gender":"1","comparisonData":{"totalVotes":0,"votesTotalChange":2},"edid":2,"comparativeIndex":0.0,"electionDayVotesPercent":0.0,"nominatorAbbr":{"fi":"YL1","sv":"YL1","en":"YL1"}},{"age":72,"advanceVotesPercent":0.0,"lastname":"Lehtinen","occupation":"pursimies eläk.","advanceVotes":0,"npid":2,"totalVotes":1,"spid":5,"abbr":"VIHR","municipalCouncilor":false,"muid":78,"alid":2,"firstname":"Leo","electionDayVotes":1,"pid":"13","finalPosition":0,"electedInformation":"NOT_ELECTED","totalVotesPercent":0.1,"nominatorName":{"fi":"Vihreä liitto","sv":"Gröna förbundet","en":"Green League"},"caid":26,"position":0,"gender":"1","comparisonData":{"totalVotes":19,"votesTotalChange":-18},"edid":2,"comparativeIndex":0.0,"electionDayVotesPercent":0.2,"nominatorAbbr":{"fi":"VIHR","sv":"Gröna","en":"GREEN"}},{"age":59,"advanceVotesPercent":0.0,"lastname":"Sarojärvi","occupation":"yrittäjä, företagare","advanceVotes":0,"npid":2,"totalVotes":1,"spid":5,"abbr":"VIHR","municipalCouncilor":false,"muid":78,"alid":2,"firstname":"Timo","electionDayVotes":1,"pid":"13","finalPosition":0,"electedInformation":"NOT_ELECTED","totalVotesPercent":0.1,"nominatorName":{"fi":"Vihreä liitto","sv":"Gröna förbundet","en":"Green League"},"caid":28,"position":0,"gender":"1","comparisonData":{"totalVotes":14,"votesTotalChange":-13},"edid":2,"comparativeIndex":0.0,"electionDayVotesPercent":0.2,"nominatorAbbr":{"fi":"VIHR","sv":"Gröna","en":"GREEN"}},{"age":33,"advanceVotesPercent":0.3,"lastname":"Sveinsdottir-Karmakar","occupation":"närvårdarstuderande","advanceVotes":1,"npid":3,"totalVotes":1,"spid":8,"abbr":"KD","municipalCouncilor":false,"muid":78,"alid":3,"firstname":"Hrefna","electionDayVotes":0,"pid":"9","finalPosition":0,"electedInformation":"NOT_ELECTED","totalVotesPercent":0.1,"nominatorName":{"fi":"Suomen Kristillisdemokraatit (KD)","sv":"Kristdemokraterna i Finland (KD)","en":"Christian Democrats in Finland"},"caid":32,"position":0,"gender":"2","comparisonData":{"totalVotes":0,"votesTotalChange":1},"edid":2,"comparativeIndex":0.0,"electionDayVotesPercent":0.0,"nominatorAbbr":{"fi":"KD","sv":"KD","en":"CD"}},{"age":53,"advanceVotesPercent":0.0,"lastname":"Väisänen","occupation":"linja-autonkuljettaja","advanceVotes":0,"npid":5,"totalVotes":1,"spid":3,"abbr":"PS","municipalCouncilor":false,"muid":78,"alid":5,"firstname":"Henrik","electionDayVotes":1,"pid":"23","finalPosition":0,"electedInformation":"ON_SUBSTITUTE_PLACE","totalVotesPercent":0.1,"nominatorName":{"fi":"Perussuomalaiset","sv":"Sannfinländarna","en":"The Finns Party"},"caid":46,"position":0,"gender":"1","comparisonData":{"totalVotes":25,"votesTotalChange":-24},"edid":2,"comparativeIndex":0.0,"electionDayVotesPercent":0.2,"nominatorAbbr":{"fi":"PS","sv":"Sannf","en":"FINNS"}},{"age":56,"advanceVotesPercent":0.0,"lastname":"Larila","occupation":"asentaja","advanceVotes":0,"npid":6,"totalVotes":1,"spid":4,"abbr":"SDP","municipalCouncilor":true,"muid":78,"alid":6,"firstname":"Keijo","electionDayVotes":1,"pid":"1","finalPosition":0,"electedInformation":"NOT_ELECTED","totalVotesPercent":0.1,"nominatorName":{"fi":"Suomen Sosialidemokraattinen Puolue","sv":"Finlands Socialdemokratiska Parti","en":"The Finnish Social Democratic Party"},"caid":58,"position":0,"gender":"1","comparisonData":{"totalVotes":49,"votesTotalChange":-48},"edid":2,"comparativeIndex":0.0,"electionDayVotesPercent":0.2,"nominatorAbbr":{"fi":"SDP","sv":"SDP","en":"SDP"}},{"age":33,"advanceVotesPercent":0.3,"lastname":"Sundberg","occupation":"stuvare, ahtaaja","advanceVotes":1,"npid":6,"totalVotes":1,"spid":4,"abbr":"SDP","municipalCouncilor":false,"muid":78,"alid":6,"firstname":"Viktor","electionDayVotes":0,"pid":"1","finalPosition":0,"electedInformation":"NOT_ELECTED","totalVotesPercent":0.1,"nominatorName":{"fi":"Suomen Sosialidemokraattinen Puolue","sv":"Finlands Socialdemokratiska Parti","en":"The Finnish Social Democratic Party"},"caid":80,"position":0,"gender":"1","comparisonData":{"totalVotes":0,"votesTotalChange":1},"edid":2,"comparativeIndex":0.0,"electionDayVotesPercent":0.0,"nominatorAbbr":{"fi":"SDP","sv":"SDP","en":"SDP"}},{"age":52,"advanceVotesPercent":0.0,"lastname":"Riikkilä","occupation":"KTM, lehtori","advanceVotes":0,"npid":7,"totalVotes":1,"spid":2,"abbr":"KOK","municipalCouncilor":false,"muid":78,"alid":7,"firstname":"Timo","electionDayVotes":1,"pid":"4","finalPosition":0,"electedInformation":"NOT_ELECTED","totalVotesPercent":0.1,"nominatorName":{"fi":"Kansallinen Kokoomus","sv":"Samlingspartiet","en":"National Coalition Party"},"caid":88,"position":0,"gender":"1","comparisonData":{"totalVotes":16,"votesTotalChange":-15},"edid":2,"comparativeIndex":0.0,"electionDayVotesPercent":0.2,"nominatorAbbr":{"fi":"KOK","sv":"Saml","en":"NCP"}},{"age":46,"advanceVotesPercent":0.0,"lastname":"Buch","occupation":"restonom (högre YH), business coach","advanceVotes":0,"npid":1,"totalVotes":0,"spid":7,"abbr":"RKP","municipalCouncilor":false,"muid":78,"alid":1,"firstname":"Tanja","electionDayVotes":0,"pid":"5","finalPosition":0,"electedInformation":"ON_SUBSTITUTE_PLACE","totalVotesPercent":0.0,"nominatorName":{"fi":"Suomen ruotsalainen kansanpuolue","sv":"Svenska folkpartiet i Finland","en":"Swedish People's Party in Finland"},"caid":2,"position":0,"gender":"2","comparisonData":{"totalVotes":0,"votesTotalChange":0},"edid":2,"comparativeIndex":0.0,"electionDayVotesPercent":0.0,"nominatorAbbr":{"fi":"RKP","sv":"SFP","en":"SPP"}},{"age":69,"advanceVotesPercent":0.0,"lastname":"Nybäck","occupation":"företagare, pensionär","advanceVotes":0,"npid":1,"totalVotes":0,"spid":7,"abbr":"RKP","municipalCouncilor":false,"muid":78,"alid":1,"firstname":"Ulla","electionDayVotes":0,"pid":"5","finalPosition":0,"electedInformation":"NOT_ELECTED","totalVotesPercent":0.0,"nominatorName":{"fi":"Suomen ruotsalainen kansanpuolue","sv":"Svenska folkpartiet i Finland","en":"Swedish People's Party in Finland"},"caid":15,"position":0,"gender":"2","comparisonData":{"totalVotes":0,"votesTotalChange":0},"edid":2,"comparativeIndex":0.0,"electionDayVotesPercent":0.0,"nominatorAbbr":{"fi":"RKP","sv":"SFP","en":"SPP"}},{"age":60,"advanceVotesPercent":0.0,"lastname":"Sjöblom","occupation":"köttmästare","advanceVotes":0,"npid":3,"totalVotes":0,"spid":8,"abbr":"KD","municipalCouncilor":false,"muid":78,"alid":3,"firstname":"Kjell","electionDayVotes":0,"pid":"9","finalPosition":0,"electedInformation":"NOT_ELECTED","totalVotesPercent":0.0,"nominatorName":{"fi":"Suomen Kristillisdemokraatit (KD)","sv":"Kristdemokraterna i Finland (KD)","en":"Christian Democrats in Finland"},"caid":31,"position":0,"gender":"1","comparisonData":{"totalVotes":0,"votesTotalChange":0},"edid":2,"comparativeIndex":0.0,"electionDayVotesPercent":0.0,"nominatorAbbr":{"fi":"KD","sv":"KD","en":"CD"}},{"age":29,"advanceVotesPercent":0.0,"lastname":"Törnqvist","occupation":"merkonomiopiskelija","advanceVotes":0,"npid":3,"totalVotes":0,"spid":8,"abbr":"KD","municipalCouncilor":false,"muid":78,"alid":3,"firstname":"Joyce","electionDayVotes":0,"pid":"9","finalPosition":0,"electedInformation":"NOT_ELECTED","totalVotesPercent":0.0,"nominatorName":{"fi":"Suomen Kristillisdemokraatit (KD)","sv":"Kristdemokraterna i Finland (KD)","en":"Christian Democrats in Finland"},"caid":33,"position":0,"gender":"2","comparisonData":{"totalVotes":0,"votesTotalChange":0},"edid":2,"comparativeIndex":0.0,"electionDayVotesPercent":0.0,"nominatorAbbr":{"fi":"KD","sv":"KD","en":"CD"}},{"age":68,"advanceVotesPercent":0.0,"lastname":"Aavamäki","occupation":"eläkeläinen, yrittäjä","advanceVotes":0,"npid":4,"totalVotes":0,"spid":9,"abbr":"SKP","municipalCouncilor":false,"muid":78,"alid":4,"firstname":"Jorma","electionDayVotes":0,"pid":"8","finalPosition":0,"electedInformation":"NOT_ELECTED","totalVotesPercent":0.0,"nominatorName":{"fi":"Suomen Kommunistinen Puolue","sv":"Finlands Kommunistiska Parti","en":"The Communist Party of Finland"},"caid":35,"position":0,"gender":"1","comparisonData":{"totalVotes":0,"votesTotalChange":0},"edid":2,"comparativeIndex":0.0,"electionDayVotesPercent":0.0,"nominatorAbbr":{"fi":"SKP","sv":"FKP","en":"CPF"}},{"age":54,"advanceVotesPercent":0.0,"lastname":"Isaksson","occupation":"keittiömestari","advanceVotes":0,"npid":4,"totalVotes":0,"spid":9,"abbr":"SKP","municipalCouncilor":false,"muid":78,"alid":4,"firstname":"Mika","electionDayVotes":0,"pid":"8","finalPosition":0,"electedInformation":"NOT_ELECTED","totalVotesPercent":0.0,"nominatorName":{"fi":"Suomen Kommunistinen Puolue","sv":"Finlands Kommunistiska Parti","en":"The Communist Party of Finland"},"caid":36,"position":0,"gender":"1","comparisonData":{"totalVotes":0,"votesTotalChange":0},"edid":2,"comparativeIndex":0.0,"electionDayVotesPercent":0.0,"nominatorAbbr":{"fi":"SKP","sv":"FKP","en":"CPF"}},{"age":47,"advanceVotesPercent":0.0,"lastname":"Siivonen","occupation":"eläkeläinen","advanceVotes":0,"npid":4,"totalVotes":0,"spid":9,"abbr":"SKP","municipalCouncilor":false,"muid":78,"alid":4,"firstname":"Stacy","electionDayVotes":0,"pid":"8","finalPosition":0,"electedInformation":"NOT_ELECTED","totalVotesPercent":0.0,"nominatorName":{"fi":"Suomen Kommunistinen Puolue","sv":"Finlands Kommunistiska Parti","en":"The Communist Party of Finland"},"caid":39,"position":0,"gender":"2","comparisonData":{"totalVotes":14,"votesTotalChange":-14},"edid":2,"comparativeIndex":0.0,"electionDayVotesPercent":0.0,"nominatorAbbr":{"fi":"SKP","sv":"FKP","en":"CPF"}},{"age":58,"advanceVotesPercent":0.0,"lastname":"Sariola","occupation":"myyjä, försäljare","advanceVotes":0,"npid":6,"totalVotes":0,"spid":4,"abbr":"SDP","municipalCouncilor":false,"muid":78,"alid":6,"firstname":"Maritta","electionDayVotes":0,"pid":"1","finalPosition":0,"electedInformation":"NOT_ELECTED","totalVotesPercent":0.0,"nominatorName":{"fi":"Suomen Sosialidemokraattinen Puolue","sv":"Finlands Socialdemokratiska Parti","en":"The Finnish Social Democratic Party"},"caid":65,"position":0,"gender":"2","comparisonData":{"totalVotes":8,"votesTotalChange":-8},"edid":2,"comparativeIndex":0.0,"electionDayVotesPercent":0.0,"nominatorAbbr":{"fi":"SDP","sv":"SDP","en":"SDP"}},{"age":53,"advanceVotesPercent":0.0,"lastname":"Augustsson-Sula","occupation":"företagare, yrittäjä","advanceVotes":0,"npid":6,"totalVotes":0,"spid":4,"abbr":"SDP","municipalCouncilor":false,"muid":78,"alid":6,"firstname":"Gun","electionDayVotes":0,"pid":"1","finalPosition":0,"electedInformation":"NOT_ELECTED","totalVotesPercent":0.0,"nominatorName":{"fi":"Suomen Sosialidemokraattinen Puolue","sv":"Finlands Socialdemokratiska Parti","en":"The Finnish Social Democratic Party"},"caid":69,"position":0,"gender":"2","comparisonData":{"totalVotes":15,"votesTotalChange":-15},"edid":2,"comparativeIndex":0.0,"electionDayVotesPercent":0.0,"nominatorAbbr":{"fi":"SDP","sv":"SDP","en":"SDP"}}],"municipalityPollingDistricts":[{"name":{"fi":"Keskusta","sv":"Centrum"},"calculationStatusPercent":100.0,"joinedArea":false,"muid":78,"totalVotingInFinlandTurnout":58.3,"identification":"001","pdid":"001","eligibleVotersInFinlandTotal":1495,"edid":2,"mergedToPdid":""},{"name":{"fi":"Hangonkylä","sv":"Hangöby"},"calculationStatusPercent":100.0,"joinedArea":false,"muid":78,"totalVotingInFinlandTurnout":71.2,"identification":"002","pdid":"002","eligibleVotersInFinlandTotal":1806,"edid":2,"mergedToPdid":""},{"name":{"fi":"Haagapuisto","sv":"Hagapark"},"calculationStatusPercent":100.0,"joinedArea":false,"muid":78,"totalVotingInFinlandTurnout":54.5,"identification":"003","pdid":"003","eligibleVotersInFinlandTotal":1864,"edid":2,"mergedToPdid":""},{"name":{"fi":"Hanko pohjoinen","sv":"Hangö norra"},"calculationStatusPercent":100.0,"joinedArea":false,"muid":78,"totalVotingInFinlandTurnout":65.7,"identification":"004","pdid":"004","eligibleVotersInFinlandTotal":1183,"edid":2,"mergedToPdid":""},{"name":{"fi":"Täktom","sv":"Täktom"},"calculationStatusPercent":100.0,"joinedArea":false,"muid":78,"totalVotingInFinlandTurnout":66.4,"identification":"005","pdid":"005","eligibleVotersInFinlandTotal":434,"edid":2,"mergedToPdid":""},{"name":{"fi":"Lappohja","sv":"Lappvik"},"calculationStatusPercent":100.0,"joinedArea":false,"muid":78,"totalVotingInFinlandTurnout":56.9,"identification":"006","pdid":"006","eligibleVotersInFinlandTotal":432,"edid":2,"mergedToPdid":""}],"municipality":{"muid":78,"edid":2,"name":{"fi":"Hanko","sv":"Hangö"}}}