{"version":82,"created":"2017-04-09T23:37:05.058Z","electionDetails":{"electionId":"kv2017","electionDate":"2017-04-09T00:00:00.000Z","electionDataPublishTime":"2017-04-09T17:00:00.000Z","name":{"fi":"Kuntavaalit 2017","sv":"Kommunalval 2017","en":"Elections 2017"},"previousElections":{"correspondingCompareElection":{"electionId":"kv2012","electionDate":"2012-10-28T00:00:00.000Z","name":{"fi":"Kuntavaalit 2012","en":"Municipal elections 2012","sv":"Kommunalval 2012"}},"otherCompareElection":{"electionId":"ev2015","electionDate":"2015-04-19T00:00:00.000Z","name":{"fi":"Eduskuntavaalit 2015","en":"Parliamentary election 2015","sv":"Riksdagsval 2015"}}}},"calculationStatus":{"electionDayVotingTurnout":42.4,"invalidAdvanceVotes":2,"calculationPhase":"INITIAL","invalidElectionDayVotes":1,"approvedAdvanceVotes":61,"advanceVotingTurnout":14.6,"totalVotingTurnoutAbroad":0.0,"name":{"fi":"Lappohja","sv":"Lappvik"},"calculationStatusPercent":100.0,"advanceVotes":63,"electionDayVotingTurnoutAbroad":0.0,"approvedTotalVotes":243,"totalVotes":246,"muid":78,"totalVotingInFinlandTurnout":56.9,"advanceVotingTurnoutAbroad":0.0,"invalidTotalVotes":3,"totalVotingTurnout":56.9,"electionDayVotes":183,"electionDayVotesInFinland":183,"pdid":"006","totalVotesInFinlandMen":0,"eligibleVotersInFinlandTotal":432,"calculationStatusPercentElectionDayVotes":100.0,"sourceRecordModificationTime":"20170409211425","otherCompareElection":{"eid":"","eligibleVotersInFinlandTotal":0,"advanceVotingInFinlandTurnout":0.0,"electionDayVotingInFinlandTurnout":0.0,"totalVotingInFinlandTurnout":0.0,"approvedVotesTotal":0,"invalidVotesTotal":0},"correspondingCompareElection":{"eid":"","eligibleVotersInFinlandTotal":0,"advanceVotingInFinlandTurnout":0.0,"electionDayVotingInFinlandTurnout":0.0,"totalVotingInFinlandTurnout":0.0,"approvedVotesTotal":0,"invalidVotesTotal":0,"seats":0},"approvedElectionDayVotes":182,"edid":2,"calculationStatusPercentAdvanceVotes":100.0,"electionDayVotingInFinlandTurnout":42.4,"seats":0,"eligibleVotersTotal":432,"advanceVotesInFinland":63,"advanceVotingInFinlandTurnout":14.6,"totalVotesInFinland":246},"partyResults":[{"advanceVotesPercent":39.3,"name":{"fi":"Suomen Sosialidemokraattinen Puolue","sv":"Finlands Socialdemokratiska Parti","en":"The Finnish Social Democratic Party"},"advanceVotes":24,"npid":6,"totalVotes":97,"spid":4,"abbr":{"fi":"SDP","sv":"SDP","en":"SDP"},"alid":6,"electionDayVotes":73,"pid":"1","totalVotesPercent":39.9,"nominatorName":{"fi":"Suomen Sosialidemokraattinen Puolue","sv":"Finlands Socialdemokratiska Parti","en":"The Finnish Social Democratic Party"},"compareData":{"otherCompareElection":{"votesTotalChange":0,"votesTotalPercentChange":0.0,"votesTotal":97,"votesTotalPercent":39.9},"correspondingCompareElection":{"votesTotalChange":0,"votesTotalPercentChange":0.0,"seatChange":0,"votesTotal":97,"votesTotalPercent":39.9,"seatsTotal":0}},"seats":0,"electionDayVotesPercent":40.1,"nominatorAbbr":{"fi":"SDP","sv":"SDP","en":"SDP"}},{"advanceVotesPercent":23.0,"name":{"fi":"Vasemmistoliitto","sv":"Vänsterförbundet","en":"The Left Alliance"},"advanceVotes":14,"npid":8,"totalVotes":57,"spid":6,"abbr":{"fi":"VAS","sv":"VF","en":"LEFT"},"alid":8,"electionDayVotes":43,"pid":"15","totalVotesPercent":23.5,"nominatorName":{"fi":"Vasemmistoliitto","sv":"Vänsterförbundet","en":"The Left Alliance"},"compareData":{"otherCompareElection":{"votesTotalChange":0,"votesTotalPercentChange":0.0,"votesTotal":57,"votesTotalPercent":23.5},"correspondingCompareElection":{"votesTotalChange":0,"votesTotalPercentChange":0.0,"seatChange":0,"votesTotal":57,"votesTotalPercent":23.5,"seatsTotal":0}},"seats":0,"electionDayVotesPercent":23.6,"nominatorAbbr":{"fi":"VAS","sv":"VF","en":"LEFT"}},{"advanceVotesPercent":18.0,"name":{"fi":"Suomen ruotsalainen kansanpuolue","sv":"Svenska folkpartiet i Finland","en":"Swedish People's Party in Finland"},"advanceVotes":11,"npid":1,"totalVotes":43,"spid":7,"abbr":{"fi":"RKP","sv":"SFP","en":"SPP"},"alid":1,"electionDayVotes":32,"pid":"5","totalVotesPercent":17.7,"nominatorName":{"fi":"Suomen ruotsalainen kansanpuolue","sv":"Svenska folkpartiet i Finland","en":"Swedish People's Party in Finland"},"compareData":{"otherCompareElection":{"votesTotalChange":0,"votesTotalPercentChange":0.0,"votesTotal":43,"votesTotalPercent":17.7},"correspondingCompareElection":{"votesTotalChange":0,"votesTotalPercentChange":0.0,"seatChange":0,"votesTotal":43,"votesTotalPercent":17.7,"seatsTotal":0}},"seats":0,"electionDayVotesPercent":17.6,"nominatorAbbr":{"fi":"RKP","sv":"SFP","en":"SPP"}},{"advanceVotesPercent":4.9,"name":{"fi":"Kansallinen Kokoomus","sv":"Samlingspartiet","en":"National Coalition Party"},"advanceVotes":3,"npid":7,"totalVotes":15,"spid":2,"abbr":{"fi":"KOK","sv":"Saml","en":"NCP"},"alid":7,"electionDayVotes":12,"pid":"4","totalVotesPercent":6.2,"nominatorName":{"fi":"Kansallinen Kokoomus","sv":"Samlingspartiet","en":"National Coalition Party"},"compareData":{"otherCompareElection":{"votesTotalChange":0,"votesTotalPercentChange":0.0,"votesTotal":15,"votesTotalPercent":6.2},"correspondingCompareElection":{"votesTotalChange":0,"votesTotalPercentChange":0.0,"seatChange":0,"votesTotal":15,"votesTotalPercent":6.2,"seatsTotal":0}},"seats":0,"electionDayVotesPercent":6.6,"nominatorAbbr":{"fi":"KOK","sv":"Saml","en":"NCP"}},{"advanceVotesPercent":4.9,"name":{"fi":"Perussuomalaiset","sv":"Sannfinländarna","en":"The Finns Party"},"advanceVotes":3,"npid":5,"totalVotes":15,"spid":3,"abbr":{"fi":"PS","sv":"Sannf","en":"FINNS"},"alid":5,"electionDayVotes":12,"pid":"23","totalVotesPercent":6.2,"nominatorName":{"fi":"Perussuomalaiset","sv":"Sannfinländarna","en":"The Finns Party"},"compareData":{"otherCompareElection":{"votesTotalChange":0,"votesTotalPercentChange":0.0,"votesTotal":15,"votesTotalPercent":6.2},"correspondingCompareElection":{"votesTotalChange":0,"votesTotalPercentChange":0.0,"seatChange":0,"votesTotal":15,"votesTotalPercent":6.2,"seatsTotal":0}},"seats":0,"electionDayVotesPercent":6.6,"nominatorAbbr":{"fi":"PS","sv":"Sannf","en":"FINNS"}},{"advanceVotesPercent":3.3,"name":{"fi":"Vihreä liitto","sv":"Gröna förbundet","en":"Green League"},"advanceVotes":2,"npid":2,"totalVotes":5,"spid":5,"abbr":{"fi":"VIHR","sv":"Gröna","en":"GREEN"},"alid":2,"electionDayVotes":3,"pid":"13","totalVotesPercent":2.1,"nominatorName":{"fi":"Vihreä liitto","sv":"Gröna förbundet","en":"Green League"},"compareData":{"otherCompareElection":{"votesTotalChange":0,"votesTotalPercentChange":0.0,"votesTotal":5,"votesTotalPercent":2.1},"correspondingCompareElection":{"votesTotalChange":0,"votesTotalPercentChange":0.0,"seatChange":0,"votesTotal":5,"votesTotalPercent":2.1,"seatsTotal":0}},"seats":0,"electionDayVotesPercent":1.6,"nominatorAbbr":{"fi":"VIHR","sv":"Gröna","en":"GREEN"}},{"advanceVotesPercent":4.9,"name":{"fi":"Suomen Kristillisdemokraatit (KD)","sv":"Kristdemokraterna i Finland (KD)","en":"Christian Democrats in Finland"},"advanceVotes":3,"npid":3,"totalVotes":5,"spid":8,"abbr":{"fi":"KD","sv":"KD","en":"CD"},"alid":3,"electionDayVotes":2,"pid":"9","totalVotesPercent":2.1,"nominatorName":{"fi":"Suomen Kristillisdemokraatit (KD)","sv":"Kristdemokraterna i Finland (KD)","en":"Christian Democrats in Finland"},"compareData":{"otherCompareElection":{"votesTotalChange":0,"votesTotalPercentChange":0.0,"votesTotal":5,"votesTotalPercent":2.1},"correspondingCompareElection":{"votesTotalChange":0,"votesTotalPercentChange":0.0,"seatChange":0,"votesTotal":5,"votesTotalPercent":2.1,"seatsTotal":0}},"seats":0,"electionDayVotesPercent":1.1,"nominatorAbbr":{"fi":"KD","sv":"KD","en":"CD"}},{"advanceVotesPercent":0.0,"name":{"fi":"Suomen Kommunistinen Puolue","sv":"Finlands Kommunistiska Parti","en":"The Communist Party of Finland"},"advanceVotes":0,"npid":4,"totalVotes":3,"spid":9,"abbr":{"fi":"SKP","sv":"FKP","en":"CPF"},"alid":4,"electionDayVotes":3,"pid":"8","totalVotesPercent":1.2,"nominatorName":{"fi":"Suomen Kommunistinen Puolue","sv":"Finlands Kommunistiska Parti","en":"The Communist Party of Finland"},"compareData":{"otherCompareElection":{"votesTotalChange":0,"votesTotalPercentChange":0.0,"votesTotal":3,"votesTotalPercent":1.2},"correspondingCompareElection":{"votesTotalChange":0,"votesTotalPercentChange":0.0,"seatChange":0,"votesTotal":3,"votesTotalPercent":1.2,"seatsTotal":0}},"seats":0,"electionDayVotesPercent":1.6,"nominatorAbbr":{"fi":"SKP","sv":"FKP","en":"CPF"}},{"advanceVotesPercent":1.6,"name":{"fi":"Muut ryhmät","sv":"Övriga grupper","en":"Other groups"},"advanceVotes":1,"npid":9,"totalVotes":3,"spid":99,"abbr":{"fi":"Muut","sv":"Övriga","en":"Others"},"alid":9,"electionDayVotes":2,"pid":"0789","totalVotesPercent":1.2,"nominatorName":{"fi":"Hanko 2016 Hangö sitoutumattomat obundna","sv":"Hanko 2016 Hangö sitoutumattomat obundna","en":"Hanko 2016 Hangö sitoutumattomat obundna"},"compareData":{"otherCompareElection":{"votesTotalChange":0,"votesTotalPercentChange":0.0,"votesTotal":3,"votesTotalPercent":1.2},"correspondingCompareElection":{"votesTotalChange":0,"votesTotalPercentChange":0.0,"seatChange":0,"votesTotal":3,"votesTotalPercent":1.2,"seatsTotal":0}},"seats":0,"electionDayVotesPercent":1.1,"nominatorAbbr":{"fi":"YL1","sv":"YL1","en":"YL1"}}],"candidateResults":[{"age":62,"advanceVotesPercent":27.9,"lastname":"Pääkkö","occupation":"myyntijohtaja","advanceVotes":17,"npid":6,"totalVotes":61,"spid":4,"abbr":"SDP","municipalCouncilor":true,"muid":78,"alid":6,"firstname":"Aila","electionDayVotes":44,"pid":"1","finalPosition":0,"electedInformation":"ELECTED","totalVotesPercent":25.1,"nominatorName":{"fi":"Suomen Sosialidemokraattinen Puolue","sv":"Finlands Socialdemokratiska Parti","en":"The Finnish Social Democratic Party"},"caid":63,"position":0,"gender":"2","comparisonData":{"totalVotes":81,"votesTotalChange":-20},"edid":2,"comparativeIndex":0.0,"electionDayVotesPercent":24.2,"nominatorAbbr":{"fi":"SDP","sv":"SDP","en":"SDP"}},{"age":61,"advanceVotesPercent":16.4,"lastname":"Hyttinen","occupation":"työympäristötoimitsija","advanceVotes":10,"npid":8,"totalVotes":47,"spid":6,"abbr":"VAS","municipalCouncilor":true,"muid":78,"alid":8,"firstname":"Urpo","electionDayVotes":37,"pid":"15","finalPosition":0,"electedInformation":"ELECTED","totalVotesPercent":19.3,"nominatorName":{"fi":"Vasemmistoliitto","sv":"Vänsterförbundet","en":"The Left Alliance"},"caid":90,"position":0,"gender":"1","comparisonData":{"totalVotes":62,"votesTotalChange":-15},"edid":2,"comparativeIndex":0.0,"electionDayVotesPercent":20.3,"nominatorAbbr":{"fi":"VAS","sv":"VF","en":"LEFT"}},{"age":63,"advanceVotesPercent":4.9,"lastname":"Ekholm","occupation":"dipl.ekon., pensionär","advanceVotes":3,"npid":1,"totalVotes":7,"spid":7,"abbr":"RKP","municipalCouncilor":false,"muid":78,"alid":1,"firstname":"Torbjörn","electionDayVotes":4,"pid":"5","finalPosition":0,"electedInformation":"ELECTED","totalVotesPercent":2.9,"nominatorName":{"fi":"Suomen ruotsalainen kansanpuolue","sv":"Svenska folkpartiet i Finland","en":"Swedish People's Party in Finland"},"caid":5,"position":0,"gender":"1","comparisonData":{"totalVotes":0,"votesTotalChange":7},"edid":2,"comparativeIndex":0.0,"electionDayVotesPercent":2.2,"nominatorAbbr":{"fi":"RKP","sv":"SFP","en":"SPP"}},{"age":69,"advanceVotesPercent":1.6,"lastname":"Idman","occupation":"pensionär","advanceVotes":1,"npid":1,"totalVotes":7,"spid":7,"abbr":"RKP","municipalCouncilor":false,"muid":78,"alid":1,"firstname":"Britta","electionDayVotes":6,"pid":"5","finalPosition":0,"electedInformation":"ELECTED","totalVotesPercent":2.9,"nominatorName":{"fi":"Suomen ruotsalainen kansanpuolue","sv":"Svenska folkpartiet i Finland","en":"Swedish People's Party in Finland"},"caid":10,"position":0,"gender":"2","comparisonData":{"totalVotes":33,"votesTotalChange":-26},"edid":2,"comparativeIndex":0.0,"electionDayVotesPercent":3.3,"nominatorAbbr":{"fi":"RKP","sv":"SFP","en":"SPP"}},{"age":55,"advanceVotesPercent":0.0,"lastname":"Lesch-Saarinen","occupation":"exportsekreterare","advanceVotes":0,"npid":1,"totalVotes":7,"spid":7,"abbr":"RKP","municipalCouncilor":true,"muid":78,"alid":1,"firstname":"Helena","electionDayVotes":7,"pid":"5","finalPosition":0,"electedInformation":"ELECTED","totalVotesPercent":2.9,"nominatorName":{"fi":"Suomen ruotsalainen kansanpuolue","sv":"Svenska folkpartiet i Finland","en":"Swedish People's Party in Finland"},"caid":12,"position":0,"gender":"2","comparisonData":{"totalVotes":71,"votesTotalChange":-64},"edid":2,"comparativeIndex":0.0,"electionDayVotesPercent":3.8,"nominatorAbbr":{"fi":"RKP","sv":"SFP","en":"SPP"}},{"age":46,"advanceVotesPercent":3.3,"lastname":"Ruuska","occupation":"työnjohtaja","advanceVotes":2,"npid":5,"totalVotes":7,"spid":3,"abbr":"PS","municipalCouncilor":true,"muid":78,"alid":5,"firstname":"Pertti","electionDayVotes":5,"pid":"23","finalPosition":0,"electedInformation":"ELECTED","totalVotesPercent":2.9,"nominatorName":{"fi":"Perussuomalaiset","sv":"Sannfinländarna","en":"The Finns Party"},"caid":42,"position":0,"gender":"1","comparisonData":{"totalVotes":163,"votesTotalChange":-156},"edid":2,"comparativeIndex":0.0,"electionDayVotesPercent":2.7,"nominatorAbbr":{"fi":"PS","sv":"Sannf","en":"FINNS"}},{"age":51,"advanceVotesPercent":3.3,"lastname":"Nousiainen","occupation":"erityisnuoriso-ohjaaja","advanceVotes":2,"npid":6,"totalVotes":7,"spid":4,"abbr":"SDP","municipalCouncilor":true,"muid":78,"alid":6,"firstname":"Jorma","electionDayVotes":5,"pid":"1","finalPosition":0,"electedInformation":"ELECTED","totalVotesPercent":2.9,"nominatorName":{"fi":"Suomen Sosialidemokraattinen Puolue","sv":"Finlands Socialdemokratiska Parti","en":"The Finnish Social Democratic Party"},"caid":60,"position":0,"gender":"1","comparisonData":{"totalVotes":141,"votesTotalChange":-134},"edid":2,"comparativeIndex":0.0,"electionDayVotesPercent":2.7,"nominatorAbbr":{"fi":"SDP","sv":"SDP","en":"SDP"}},{"age":71,"advanceVotesPercent":3.3,"lastname":"Wikberg","occupation":"tennislärare","advanceVotes":2,"npid":1,"totalVotes":5,"spid":7,"abbr":"RKP","municipalCouncilor":true,"muid":78,"alid":1,"firstname":"Barbro","electionDayVotes":3,"pid":"5","finalPosition":0,"electedInformation":"ELECTED","totalVotesPercent":2.1,"nominatorName":{"fi":"Suomen ruotsalainen kansanpuolue","sv":"Svenska folkpartiet i Finland","en":"Swedish People's Party in Finland"},"caid":22,"position":0,"gender":"2","comparisonData":{"totalVotes":104,"votesTotalChange":-99},"edid":2,"comparativeIndex":0.0,"electionDayVotesPercent":1.6,"nominatorAbbr":{"fi":"RKP","sv":"SFP","en":"SPP"}},{"age":31,"advanceVotesPercent":0.0,"lastname":"Särs","occupation":"ahtaaja","advanceVotes":0,"npid":5,"totalVotes":5,"spid":3,"abbr":"PS","municipalCouncilor":false,"muid":78,"alid":5,"firstname":"Tony","electionDayVotes":5,"pid":"23","finalPosition":0,"electedInformation":"ELECTED","totalVotesPercent":2.1,"nominatorName":{"fi":"Perussuomalaiset","sv":"Sannfinländarna","en":"The Finns Party"},"caid":44,"position":0,"gender":"1","comparisonData":{"totalVotes":0,"votesTotalChange":5},"edid":2,"comparativeIndex":0.0,"electionDayVotesPercent":2.7,"nominatorAbbr":{"fi":"PS","sv":"Sannf","en":"FINNS"}},{"age":46,"advanceVotesPercent":1.6,"lastname":"Nylund","occupation":"merkonomi","advanceVotes":1,"npid":6,"totalVotes":5,"spid":4,"abbr":"SDP","municipalCouncilor":true,"muid":78,"alid":6,"firstname":"Kirsi","electionDayVotes":4,"pid":"1","finalPosition":0,"electedInformation":"ELECTED","totalVotesPercent":2.1,"nominatorName":{"fi":"Suomen Sosialidemokraattinen Puolue","sv":"Finlands Socialdemokratiska Parti","en":"The Finnish Social Democratic Party"},"caid":61,"position":0,"gender":"2","comparisonData":{"totalVotes":64,"votesTotalChange":-59},"edid":2,"comparativeIndex":0.0,"electionDayVotesPercent":2.2,"nominatorAbbr":{"fi":"SDP","sv":"SDP","en":"SDP"}},{"age":79,"advanceVotesPercent":1.6,"lastname":"Lindström","occupation":"pensionär, eläkeläinen","advanceVotes":1,"npid":6,"totalVotes":5,"spid":4,"abbr":"SDP","municipalCouncilor":true,"muid":78,"alid":6,"firstname":"Ulf","electionDayVotes":4,"pid":"1","finalPosition":0,"electedInformation":"ELECTED","totalVotesPercent":2.1,"nominatorName":{"fi":"Suomen Sosialidemokraattinen Puolue","sv":"Finlands Socialdemokratiska Parti","en":"The Finnish Social Democratic Party"},"caid":74,"position":0,"gender":"1","comparisonData":{"totalVotes":150,"votesTotalChange":-145},"edid":2,"comparativeIndex":0.0,"electionDayVotesPercent":2.2,"nominatorAbbr":{"fi":"SDP","sv":"SDP","en":"SDP"}},{"age":31,"advanceVotesPercent":1.6,"lastname":"Sander","occupation":"yrittäjä","advanceVotes":1,"npid":7,"totalVotes":5,"spid":2,"abbr":"KOK","municipalCouncilor":false,"muid":78,"alid":7,"firstname":"Tarmo","electionDayVotes":4,"pid":"4","finalPosition":0,"electedInformation":"ON_SUBSTITUTE_PLACE","totalVotesPercent":2.1,"nominatorName":{"fi":"Kansallinen Kokoomus","sv":"Samlingspartiet","en":"National Coalition Party"},"caid":84,"position":0,"gender":"1","comparisonData":{"totalVotes":0,"votesTotalChange":5},"edid":2,"comparativeIndex":0.0,"electionDayVotesPercent":2.2,"nominatorAbbr":{"fi":"KOK","sv":"Saml","en":"NCP"}},{"age":35,"advanceVotesPercent":0.0,"lastname":"Wikström","occupation":"ekonomie magister, juris magister","advanceVotes":0,"npid":1,"totalVotes":4,"spid":7,"abbr":"RKP","municipalCouncilor":true,"muid":78,"alid":1,"firstname":"Johan","electionDayVotes":4,"pid":"5","finalPosition":0,"electedInformation":"ELECTED","totalVotesPercent":1.6,"nominatorName":{"fi":"Suomen ruotsalainen kansanpuolue","sv":"Svenska folkpartiet i Finland","en":"Swedish People's Party in Finland"},"caid":23,"position":0,"gender":"1","comparisonData":{"totalVotes":62,"votesTotalChange":-58},"edid":2,"comparativeIndex":0.0,"electionDayVotesPercent":2.2,"nominatorAbbr":{"fi":"RKP","sv":"SFP","en":"SPP"}},{"age":73,"advanceVotesPercent":3.3,"lastname":"Kavander","occupation":"yrittäjä eläkk., företagare i.a.","advanceVotes":2,"npid":6,"totalVotes":4,"spid":4,"abbr":"SDP","municipalCouncilor":true,"muid":78,"alid":6,"firstname":"Jouko","electionDayVotes":2,"pid":"1","finalPosition":0,"electedInformation":"ELECTED","totalVotesPercent":1.6,"nominatorName":{"fi":"Suomen Sosialidemokraattinen Puolue","sv":"Finlands Socialdemokratiska Parti","en":"The Finnish Social Democratic Party"},"caid":55,"position":0,"gender":"1","comparisonData":{"totalVotes":93,"votesTotalChange":-89},"edid":2,"comparativeIndex":0.0,"electionDayVotesPercent":1.1,"nominatorAbbr":{"fi":"SDP","sv":"SDP","en":"SDP"}},{"age":18,"advanceVotesPercent":1.6,"lastname":"Bäckman","occupation":"studerande","advanceVotes":1,"npid":1,"totalVotes":3,"spid":7,"abbr":"RKP","municipalCouncilor":false,"muid":78,"alid":1,"firstname":"Johanna","electionDayVotes":2,"pid":"5","finalPosition":0,"electedInformation":"ON_SUBSTITUTE_PLACE","totalVotesPercent":1.2,"nominatorName":{"fi":"Suomen ruotsalainen kansanpuolue","sv":"Svenska folkpartiet i Finland","en":"Swedish People's Party in Finland"},"caid":3,"position":0,"gender":"2","comparisonData":{"totalVotes":0,"votesTotalChange":3},"edid":2,"comparativeIndex":0.0,"electionDayVotesPercent":1.1,"nominatorAbbr":{"fi":"RKP","sv":"SFP","en":"SPP"}},{"age":59,"advanceVotesPercent":3.3,"lastname":"Sarojärvi","occupation":"yrittäjä, företagare","advanceVotes":2,"npid":2,"totalVotes":3,"spid":5,"abbr":"VIHR","municipalCouncilor":false,"muid":78,"alid":2,"firstname":"Timo","electionDayVotes":1,"pid":"13","finalPosition":0,"electedInformation":"NOT_ELECTED","totalVotesPercent":1.2,"nominatorName":{"fi":"Vihreä liitto","sv":"Gröna förbundet","en":"Green League"},"caid":28,"position":0,"gender":"1","comparisonData":{"totalVotes":14,"votesTotalChange":-11},"edid":2,"comparativeIndex":0.0,"electionDayVotesPercent":0.5,"nominatorAbbr":{"fi":"VIHR","sv":"Gröna","en":"GREEN"}},{"age":79,"advanceVotesPercent":3.3,"lastname":"Kaunismaa","occupation":"tekn.lis., rehtori","advanceVotes":2,"npid":3,"totalVotes":3,"spid":8,"abbr":"KD","municipalCouncilor":false,"muid":78,"alid":3,"firstname":"Juha","electionDayVotes":1,"pid":"9","finalPosition":0,"electedInformation":"NOT_ELECTED","totalVotesPercent":1.2,"nominatorName":{"fi":"Suomen Kristillisdemokraatit (KD)","sv":"Kristdemokraterna i Finland (KD)","en":"Christian Democrats in Finland"},"caid":29,"position":0,"gender":"1","comparisonData":{"totalVotes":28,"votesTotalChange":-25},"edid":2,"comparativeIndex":0.0,"electionDayVotesPercent":0.5,"nominatorAbbr":{"fi":"KD","sv":"KD","en":"CD"}},{"age":54,"advanceVotesPercent":0.0,"lastname":"Förström","occupation":"autom.ing., autom.ins.","advanceVotes":0,"npid":6,"totalVotes":3,"spid":4,"abbr":"SDP","municipalCouncilor":false,"muid":78,"alid":6,"firstname":"Bernt","electionDayVotes":3,"pid":"1","finalPosition":0,"electedInformation":"ON_SUBSTITUTE_PLACE","totalVotesPercent":1.2,"nominatorName":{"fi":"Suomen Sosialidemokraattinen Puolue","sv":"Finlands Socialdemokratiska Parti","en":"The Finnish Social Democratic Party"},"caid":73,"position":0,"gender":"1","comparisonData":{"totalVotes":36,"votesTotalChange":-33},"edid":2,"comparativeIndex":0.0,"electionDayVotesPercent":1.6,"nominatorAbbr":{"fi":"SDP","sv":"SDP","en":"SDP"}},{"age":60,"advanceVotesPercent":1.6,"lastname":"Lahtinen","occupation":"ekonomi, yksikönjohtaja","advanceVotes":1,"npid":7,"totalVotes":3,"spid":2,"abbr":"KOK","municipalCouncilor":false,"muid":78,"alid":7,"firstname":"Elina","electionDayVotes":2,"pid":"4","finalPosition":0,"electedInformation":"ON_SUBSTITUTE_PLACE","totalVotesPercent":1.2,"nominatorName":{"fi":"Kansallinen Kokoomus","sv":"Samlingspartiet","en":"National Coalition Party"},"caid":86,"position":0,"gender":"2","comparisonData":{"totalVotes":19,"votesTotalChange":-16},"edid":2,"comparativeIndex":0.0,"electionDayVotesPercent":1.1,"nominatorAbbr":{"fi":"KOK","sv":"Saml","en":"NCP"}},{"age":68,"advanceVotesPercent":1.6,"lastname":"Söderholm","occupation":"tandläkare","advanceVotes":1,"npid":1,"totalVotes":2,"spid":7,"abbr":"RKP","municipalCouncilor":true,"muid":78,"alid":1,"firstname":"Sture","electionDayVotes":1,"pid":"5","finalPosition":0,"electedInformation":"ELECTED","totalVotesPercent":0.8,"nominatorName":{"fi":"Suomen ruotsalainen kansanpuolue","sv":"Svenska folkpartiet i Finland","en":"Swedish People's Party in Finland"},"caid":19,"position":0,"gender":"1","comparisonData":{"totalVotes":195,"votesTotalChange":-193},"edid":2,"comparativeIndex":0.0,"electionDayVotesPercent":0.5,"nominatorAbbr":{"fi":"RKP","sv":"SFP","en":"SPP"}},{"age":43,"advanceVotesPercent":0.0,"lastname":"Louhelainen","occupation":"lastenohjaaja, lasten- ja nuorten erityisohjaaja","advanceVotes":0,"npid":2,"totalVotes":2,"spid":5,"abbr":"VIHR","municipalCouncilor":false,"muid":78,"alid":2,"firstname":"Pia","electionDayVotes":2,"pid":"13","finalPosition":0,"electedInformation":"ON_SUBSTITUTE_PLACE","totalVotesPercent":0.8,"nominatorName":{"fi":"Vihreä liitto","sv":"Gröna förbundet","en":"Green League"},"caid":27,"position":0,"gender":"2","comparisonData":{"totalVotes":0,"votesTotalChange":2},"edid":2,"comparativeIndex":0.0,"electionDayVotesPercent":1.1,"nominatorAbbr":{"fi":"VIHR","sv":"Gröna","en":"GREEN"}},{"age":29,"advanceVotesPercent":1.6,"lastname":"Törnqvist","occupation":"merkonomiopiskelija","advanceVotes":1,"npid":3,"totalVotes":2,"spid":8,"abbr":"KD","municipalCouncilor":false,"muid":78,"alid":3,"firstname":"Joyce","electionDayVotes":1,"pid":"9","finalPosition":0,"electedInformation":"NOT_ELECTED","totalVotesPercent":0.8,"nominatorName":{"fi":"Suomen Kristillisdemokraatit (KD)","sv":"Kristdemokraterna i Finland (KD)","en":"Christian Democrats in Finland"},"caid":33,"position":0,"gender":"2","comparisonData":{"totalVotes":0,"votesTotalChange":2},"edid":2,"comparativeIndex":0.0,"electionDayVotesPercent":0.5,"nominatorAbbr":{"fi":"KD","sv":"KD","en":"CD"}},{"age":43,"advanceVotesPercent":0.0,"lastname":"Haahti","occupation":"yrittäjä, kuva/tekstiilitaiteilija","advanceVotes":0,"npid":4,"totalVotes":2,"spid":9,"abbr":"SKP","municipalCouncilor":false,"muid":78,"alid":4,"firstname":"Mira","electionDayVotes":2,"pid":"8","finalPosition":0,"electedInformation":"ON_SUBSTITUTE_PLACE","totalVotesPercent":0.8,"nominatorName":{"fi":"Suomen Kommunistinen Puolue","sv":"Finlands Kommunistiska Parti","en":"The Communist Party of Finland"},"caid":40,"position":0,"gender":"2","comparisonData":{"totalVotes":0,"votesTotalChange":2},"edid":2,"comparativeIndex":0.0,"electionDayVotesPercent":1.1,"nominatorAbbr":{"fi":"SKP","sv":"FKP","en":"CPF"}},{"age":45,"advanceVotesPercent":0.0,"lastname":"Saastamoinen","occupation":"asentaja","advanceVotes":0,"npid":5,"totalVotes":2,"spid":3,"abbr":"PS","municipalCouncilor":false,"muid":78,"alid":5,"firstname":"Miika","electionDayVotes":2,"pid":"23","finalPosition":0,"electedInformation":"NOT_ELECTED","totalVotesPercent":0.8,"nominatorName":{"fi":"Perussuomalaiset","sv":"Sannfinländarna","en":"The Finns Party"},"caid":43,"position":0,"gender":"1","comparisonData":{"totalVotes":34,"votesTotalChange":-32},"edid":2,"comparativeIndex":0.0,"electionDayVotesPercent":1.1,"nominatorAbbr":{"fi":"PS","sv":"Sannf","en":"FINNS"}},{"age":43,"advanceVotesPercent":0.0,"lastname":"Rönnblad","occupation":"torghandlare, torikauppias","advanceVotes":0,"npid":6,"totalVotes":2,"spid":4,"abbr":"SDP","municipalCouncilor":false,"muid":78,"alid":6,"firstname":"Tom","electionDayVotes":2,"pid":"1","finalPosition":0,"electedInformation":"ELECTED","totalVotesPercent":0.8,"nominatorName":{"fi":"Suomen Sosialidemokraattinen Puolue","sv":"Finlands Socialdemokratiska Parti","en":"The Finnish Social Democratic Party"},"caid":77,"position":0,"gender":"1","comparisonData":{"totalVotes":0,"votesTotalChange":2},"edid":2,"comparativeIndex":0.0,"electionDayVotesPercent":1.1,"nominatorAbbr":{"fi":"SDP","sv":"SDP","en":"SDP"}},{"age":51,"advanceVotesPercent":0.0,"lastname":"Alén","occupation":"toiminnanjohtaja, yrittäjä","advanceVotes":0,"npid":7,"totalVotes":2,"spid":2,"abbr":"KOK","municipalCouncilor":false,"muid":78,"alid":7,"firstname":"Risto","electionDayVotes":2,"pid":"4","finalPosition":0,"electedInformation":"NOT_ELECTED","totalVotesPercent":0.8,"nominatorName":{"fi":"Kansallinen Kokoomus","sv":"Samlingspartiet","en":"National Coalition Party"},"caid":81,"position":0,"gender":"1","comparisonData":{"totalVotes":33,"votesTotalChange":-31},"edid":2,"comparativeIndex":0.0,"electionDayVotesPercent":1.1,"nominatorAbbr":{"fi":"KOK","sv":"Saml","en":"NCP"}},{"age":55,"advanceVotesPercent":0.0,"lastname":"Karvinen","occupation":"luokanopettaja","advanceVotes":0,"npid":7,"totalVotes":2,"spid":2,"abbr":"KOK","municipalCouncilor":true,"muid":78,"alid":7,"firstname":"Jari","electionDayVotes":2,"pid":"4","finalPosition":0,"electedInformation":"ELECTED","totalVotesPercent":0.8,"nominatorName":{"fi":"Kansallinen Kokoomus","sv":"Samlingspartiet","en":"National Coalition Party"},"caid":85,"position":0,"gender":"1","comparisonData":{"totalVotes":58,"votesTotalChange":-56},"edid":2,"comparativeIndex":0.0,"electionDayVotesPercent":1.1,"nominatorAbbr":{"fi":"KOK","sv":"Saml","en":"NCP"}},{"age":64,"advanceVotesPercent":1.6,"lastname":"Gran","occupation":"social- och patientombudsman, sosiaali- ja potilasasiamies","advanceVotes":1,"npid":8,"totalVotes":2,"spid":6,"abbr":"VAS","municipalCouncilor":true,"muid":78,"alid":8,"firstname":"Birgitta","electionDayVotes":1,"pid":"15","finalPosition":0,"electedInformation":"ELECTED","totalVotesPercent":0.8,"nominatorName":{"fi":"Vasemmistoliitto","sv":"Vänsterförbundet","en":"The Left Alliance"},"caid":89,"position":0,"gender":"2","comparisonData":{"totalVotes":151,"votesTotalChange":-149},"edid":2,"comparativeIndex":0.0,"electionDayVotesPercent":0.5,"nominatorAbbr":{"fi":"VAS","sv":"VF","en":"LEFT"}},{"age":69,"advanceVotesPercent":0.0,"lastname":"Hållfast","occupation":"eläkeläinen","advanceVotes":0,"npid":8,"totalVotes":2,"spid":6,"abbr":"VAS","municipalCouncilor":false,"muid":78,"alid":8,"firstname":"Kari","electionDayVotes":2,"pid":"15","finalPosition":0,"electedInformation":"NOT_ELECTED","totalVotesPercent":0.8,"nominatorName":{"fi":"Vasemmistoliitto","sv":"Vänsterförbundet","en":"The Left Alliance"},"caid":91,"position":0,"gender":"1","comparisonData":{"totalVotes":7,"votesTotalChange":-5},"edid":2,"comparativeIndex":0.0,"electionDayVotesPercent":1.1,"nominatorAbbr":{"fi":"VAS","sv":"VF","en":"LEFT"}},{"age":57,"advanceVotesPercent":0.0,"lastname":"Kinnunen","occupation":"liikuntapaikkojen hoitaja","advanceVotes":0,"npid":8,"totalVotes":2,"spid":6,"abbr":"VAS","municipalCouncilor":false,"muid":78,"alid":8,"firstname":"Seppo","electionDayVotes":2,"pid":"15","finalPosition":0,"electedInformation":"ON_SUBSTITUTE_PLACE","totalVotesPercent":0.8,"nominatorName":{"fi":"Vasemmistoliitto","sv":"Vänsterförbundet","en":"The Left Alliance"},"caid":93,"position":0,"gender":"1","comparisonData":{"totalVotes":28,"votesTotalChange":-26},"edid":2,"comparativeIndex":0.0,"electionDayVotesPercent":1.1,"nominatorAbbr":{"fi":"VAS","sv":"VF","en":"LEFT"}},{"age":68,"advanceVotesPercent":1.6,"lastname":"Peni","occupation":"eläkeläinen","advanceVotes":1,"npid":8,"totalVotes":2,"spid":6,"abbr":"VAS","municipalCouncilor":true,"muid":78,"alid":8,"firstname":"Raili","electionDayVotes":1,"pid":"15","finalPosition":0,"electedInformation":"ELECTED","totalVotesPercent":0.8,"nominatorName":{"fi":"Vasemmistoliitto","sv":"Vänsterförbundet","en":"The Left Alliance"},"caid":96,"position":0,"gender":"2","comparisonData":{"totalVotes":73,"votesTotalChange":-71},"edid":2,"comparativeIndex":0.0,"electionDayVotesPercent":0.5,"nominatorAbbr":{"fi":"VAS","sv":"VF","en":"LEFT"}},{"age":46,"advanceVotesPercent":0.0,"lastname":"Buch","occupation":"restonom (högre YH), business coach","advanceVotes":0,"npid":1,"totalVotes":1,"spid":7,"abbr":"RKP","municipalCouncilor":false,"muid":78,"alid":1,"firstname":"Tanja","electionDayVotes":1,"pid":"5","finalPosition":0,"electedInformation":"ON_SUBSTITUTE_PLACE","totalVotesPercent":0.4,"nominatorName":{"fi":"Suomen ruotsalainen kansanpuolue","sv":"Svenska folkpartiet i Finland","en":"Swedish People's Party in Finland"},"caid":2,"position":0,"gender":"2","comparisonData":{"totalVotes":0,"votesTotalChange":1},"edid":2,"comparativeIndex":0.0,"electionDayVotesPercent":0.5,"nominatorAbbr":{"fi":"RKP","sv":"SFP","en":"SPP"}},{"age":37,"advanceVotesPercent":1.6,"lastname":"Carstens","occupation":"programerare","advanceVotes":1,"npid":1,"totalVotes":1,"spid":7,"abbr":"RKP","municipalCouncilor":false,"muid":78,"alid":1,"firstname":"Dick","electionDayVotes":0,"pid":"5","finalPosition":0,"electedInformation":"ON_SUBSTITUTE_PLACE","totalVotesPercent":0.4,"nominatorName":{"fi":"Suomen ruotsalainen kansanpuolue","sv":"Svenska folkpartiet i Finland","en":"Swedish People's Party in Finland"},"caid":4,"position":0,"gender":"1","comparisonData":{"totalVotes":26,"votesTotalChange":-25},"edid":2,"comparativeIndex":0.0,"electionDayVotesPercent":0.0,"nominatorAbbr":{"fi":"RKP","sv":"SFP","en":"SPP"}},{"age":62,"advanceVotesPercent":1.6,"lastname":"Ferm","occupation":"postanställd","advanceVotes":1,"npid":1,"totalVotes":1,"spid":7,"abbr":"RKP","municipalCouncilor":false,"muid":78,"alid":1,"firstname":"Monica","electionDayVotes":0,"pid":"5","finalPosition":0,"electedInformation":"ON_SUBSTITUTE_PLACE","totalVotesPercent":0.4,"nominatorName":{"fi":"Suomen ruotsalainen kansanpuolue","sv":"Svenska folkpartiet i Finland","en":"Swedish People's Party in Finland"},"caid":6,"position":0,"gender":"2","comparisonData":{"totalVotes":0,"votesTotalChange":1},"edid":2,"comparativeIndex":0.0,"electionDayVotesPercent":0.0,"nominatorAbbr":{"fi":"RKP","sv":"SFP","en":"SPP"}},{"age":84,"advanceVotesPercent":0.0,"lastname":"Helander","occupation":"pensionär","advanceVotes":0,"npid":1,"totalVotes":1,"spid":7,"abbr":"RKP","municipalCouncilor":false,"muid":78,"alid":1,"firstname":"Stig","electionDayVotes":1,"pid":"5","finalPosition":0,"electedInformation":"ON_SUBSTITUTE_PLACE","totalVotesPercent":0.4,"nominatorName":{"fi":"Suomen ruotsalainen kansanpuolue","sv":"Svenska folkpartiet i Finland","en":"Swedish People's Party in Finland"},"caid":8,"position":0,"gender":"1","comparisonData":{"totalVotes":21,"votesTotalChange":-20},"edid":2,"comparativeIndex":0.0,"electionDayVotesPercent":0.5,"nominatorAbbr":{"fi":"RKP","sv":"SFP","en":"SPP"}},{"age":65,"advanceVotesPercent":0.0,"lastname":"Horn","occupation":"arkitekt","advanceVotes":0,"npid":1,"totalVotes":1,"spid":7,"abbr":"RKP","municipalCouncilor":false,"muid":78,"alid":1,"firstname":"Stephan","electionDayVotes":1,"pid":"5","finalPosition":0,"electedInformation":"ON_SUBSTITUTE_PLACE","totalVotesPercent":0.4,"nominatorName":{"fi":"Suomen ruotsalainen kansanpuolue","sv":"Svenska folkpartiet i Finland","en":"Swedish People's Party in Finland"},"caid":9,"position":0,"gender":"1","comparisonData":{"totalVotes":0,"votesTotalChange":1},"edid":2,"comparativeIndex":0.0,"electionDayVotesPercent":0.5,"nominatorAbbr":{"fi":"RKP","sv":"SFP","en":"SPP"}},{"age":71,"advanceVotesPercent":0.0,"lastname":"Sahlstedt","occupation":"arkitekt","advanceVotes":0,"npid":1,"totalVotes":1,"spid":7,"abbr":"RKP","municipalCouncilor":true,"muid":78,"alid":1,"firstname":"Yrjö","electionDayVotes":1,"pid":"5","finalPosition":0,"electedInformation":"ELECTED","totalVotesPercent":0.4,"nominatorName":{"fi":"Suomen ruotsalainen kansanpuolue","sv":"Svenska folkpartiet i Finland","en":"Swedish People's Party in Finland"},"caid":17,"position":0,"gender":"1","comparisonData":{"totalVotes":66,"votesTotalChange":-65},"edid":2,"comparativeIndex":0.0,"electionDayVotesPercent":0.5,"nominatorAbbr":{"fi":"RKP","sv":"SFP","en":"SPP"}},{"age":21,"advanceVotesPercent":1.6,"lastname":"Sjöblom","occupation":"studerande","advanceVotes":1,"npid":1,"totalVotes":1,"spid":7,"abbr":"RKP","municipalCouncilor":false,"muid":78,"alid":1,"firstname":"Theo","electionDayVotes":0,"pid":"5","finalPosition":0,"electedInformation":"ELECTED","totalVotesPercent":0.4,"nominatorName":{"fi":"Suomen ruotsalainen kansanpuolue","sv":"Svenska folkpartiet i Finland","en":"Swedish People's Party in Finland"},"caid":18,"position":0,"gender":"1","comparisonData":{"totalVotes":0,"votesTotalChange":1},"edid":2,"comparativeIndex":0.0,"electionDayVotesPercent":0.0,"nominatorAbbr":{"fi":"RKP","sv":"SFP","en":"SPP"}},{"age":71,"advanceVotesPercent":0.0,"lastname":"Wennerqvist","occupation":"politices kandidat","advanceVotes":0,"npid":1,"totalVotes":1,"spid":7,"abbr":"RKP","municipalCouncilor":false,"muid":78,"alid":1,"firstname":"Kurt","electionDayVotes":1,"pid":"5","finalPosition":0,"electedInformation":"ON_SUBSTITUTE_PLACE","totalVotesPercent":0.4,"nominatorName":{"fi":"Suomen ruotsalainen kansanpuolue","sv":"Svenska folkpartiet i Finland","en":"Swedish People's Party in Finland"},"caid":21,"position":0,"gender":"1","comparisonData":{"totalVotes":34,"votesTotalChange":-33},"edid":2,"comparativeIndex":0.0,"electionDayVotesPercent":0.5,"nominatorAbbr":{"fi":"RKP","sv":"SFP","en":"SPP"}},{"age":35,"advanceVotesPercent":0.0,"lastname":"Niemi","occupation":"toimittaja","advanceVotes":0,"npid":4,"totalVotes":1,"spid":9,"abbr":"SKP","municipalCouncilor":true,"muid":78,"alid":4,"firstname":"Marko","electionDayVotes":1,"pid":"8","finalPosition":0,"electedInformation":"ELECTED","totalVotesPercent":0.4,"nominatorName":{"fi":"Suomen Kommunistinen Puolue","sv":"Finlands Kommunistiska Parti","en":"The Communist Party of Finland"},"caid":34,"position":0,"gender":"1","comparisonData":{"totalVotes":134,"votesTotalChange":-133},"edid":2,"comparativeIndex":0.0,"electionDayVotesPercent":0.5,"nominatorAbbr":{"fi":"SKP","sv":"FKP","en":"CPF"}},{"age":71,"advanceVotesPercent":1.6,"lastname":"Tuunanen","occupation":"insinööri","advanceVotes":1,"npid":5,"totalVotes":1,"spid":3,"abbr":"PS","municipalCouncilor":true,"muid":78,"alid":5,"firstname":"Pekka","electionDayVotes":0,"pid":"23","finalPosition":0,"electedInformation":"ON_SUBSTITUTE_PLACE","totalVotesPercent":0.4,"nominatorName":{"fi":"Perussuomalaiset","sv":"Sannfinländarna","en":"The Finns Party"},"caid":45,"position":0,"gender":"1","comparisonData":{"totalVotes":76,"votesTotalChange":-75},"edid":2,"comparativeIndex":0.0,"electionDayVotesPercent":0.0,"nominatorAbbr":{"fi":"PS","sv":"Sannf","en":"FINNS"}},{"age":54,"advanceVotesPercent":0.0,"lastname":"Immonen","occupation":"paloesimies, brandförman","advanceVotes":0,"npid":6,"totalVotes":1,"spid":4,"abbr":"SDP","municipalCouncilor":false,"muid":78,"alid":6,"firstname":"Jarkko","electionDayVotes":1,"pid":"1","finalPosition":0,"electedInformation":"ON_SUBSTITUTE_PLACE","totalVotesPercent":0.4,"nominatorName":{"fi":"Suomen Sosialidemokraattinen Puolue","sv":"Finlands Socialdemokratiska Parti","en":"The Finnish Social Democratic Party"},"caid":51,"position":0,"gender":"1","comparisonData":{"totalVotes":0,"votesTotalChange":1},"edid":2,"comparativeIndex":0.0,"electionDayVotesPercent":0.5,"nominatorAbbr":{"fi":"SDP","sv":"SDP","en":"SDP"}},{"age":39,"advanceVotesPercent":1.6,"lastname":"Karvinen","occupation":"kotiäiti","advanceVotes":1,"npid":6,"totalVotes":1,"spid":4,"abbr":"SDP","municipalCouncilor":false,"muid":78,"alid":6,"firstname":"Emilia","electionDayVotes":0,"pid":"1","finalPosition":0,"electedInformation":"NOT_ELECTED","totalVotesPercent":0.4,"nominatorName":{"fi":"Suomen Sosialidemokraattinen Puolue","sv":"Finlands Socialdemokratiska Parti","en":"The Finnish Social Democratic Party"},"caid":54,"position":0,"gender":"2","comparisonData":{"totalVotes":0,"votesTotalChange":1},"edid":2,"comparativeIndex":0.0,"electionDayVotesPercent":0.0,"nominatorAbbr":{"fi":"SDP","sv":"SDP","en":"SDP"}},{"age":53,"advanceVotesPercent":0.0,"lastname":"Kavander","occupation":"vuorovastaava, skiftesansvarig, DJ","advanceVotes":0,"npid":6,"totalVotes":1,"spid":4,"abbr":"SDP","municipalCouncilor":false,"muid":78,"alid":6,"firstname":"Tuomo","electionDayVotes":1,"pid":"1","finalPosition":0,"electedInformation":"NOT_ELECTED","totalVotesPercent":0.4,"nominatorName":{"fi":"Suomen Sosialidemokraattinen Puolue","sv":"Finlands Socialdemokratiska Parti","en":"The Finnish Social Democratic Party"},"caid":56,"position":0,"gender":"1","comparisonData":{"totalVotes":26,"votesTotalChange":-25},"edid":2,"comparativeIndex":0.0,"electionDayVotesPercent":0.5,"nominatorAbbr":{"fi":"SDP","sv":"SDP","en":"SDP"}},{"age":46,"advanceVotesPercent":0.0,"lastname":"Nazari","occupation":"kauppias, diplomaatti","advanceVotes":0,"npid":6,"totalVotes":1,"spid":4,"abbr":"SDP","municipalCouncilor":false,"muid":78,"alid":6,"firstname":"Mohammad","electionDayVotes":1,"pid":"1","finalPosition":0,"electedInformation":"NOT_ELECTED","totalVotesPercent":0.4,"nominatorName":{"fi":"Suomen Sosialidemokraattinen Puolue","sv":"Finlands Socialdemokratiska Parti","en":"The Finnish Social Democratic Party"},"caid":59,"position":0,"gender":"1","comparisonData":{"totalVotes":6,"votesTotalChange":-5},"edid":2,"comparativeIndex":0.0,"electionDayVotesPercent":0.5,"nominatorAbbr":{"fi":"SDP","sv":"SDP","en":"SDP"}},{"age":43,"advanceVotesPercent":0.0,"lastname":"Pulkkinen","occupation":"myyjä","advanceVotes":0,"npid":6,"totalVotes":1,"spid":4,"abbr":"SDP","municipalCouncilor":true,"muid":78,"alid":6,"firstname":"Jaana","electionDayVotes":1,"pid":"1","finalPosition":0,"electedInformation":"ELECTED","totalVotesPercent":0.4,"nominatorName":{"fi":"Suomen Sosialidemokraattinen Puolue","sv":"Finlands Socialdemokratiska Parti","en":"The Finnish Social Democratic Party"},"caid":62,"position":0,"gender":"2","comparisonData":{"totalVotes":60,"votesTotalChange":-59},"edid":2,"comparativeIndex":0.0,"electionDayVotesPercent":0.5,"nominatorAbbr":{"fi":"SDP","sv":"SDP","en":"SDP"}},{"age":58,"advanceVotesPercent":0.0,"lastname":"Sariola","occupation":"myyjä, försäljare","advanceVotes":0,"npid":6,"totalVotes":1,"spid":4,"abbr":"SDP","municipalCouncilor":false,"muid":78,"alid":6,"firstname":"Maritta","electionDayVotes":1,"pid":"1","finalPosition":0,"electedInformation":"NOT_ELECTED","totalVotesPercent":0.4,"nominatorName":{"fi":"Suomen Sosialidemokraattinen Puolue","sv":"Finlands Socialdemokratiska Parti","en":"The Finnish Social Democratic Party"},"caid":65,"position":0,"gender":"2","comparisonData":{"totalVotes":8,"votesTotalChange":-7},"edid":2,"comparativeIndex":0.0,"electionDayVotesPercent":0.5,"nominatorAbbr":{"fi":"SDP","sv":"SDP","en":"SDP"}},{"age":72,"advanceVotesPercent":0.0,"lastname":"Tolvanen","occupation":"asentaja, eläkk.","advanceVotes":0,"npid":6,"totalVotes":1,"spid":4,"abbr":"SDP","municipalCouncilor":true,"muid":78,"alid":6,"firstname":"Esko","electionDayVotes":1,"pid":"1","finalPosition":0,"electedInformation":"ON_SUBSTITUTE_PLACE","totalVotesPercent":0.4,"nominatorName":{"fi":"Suomen Sosialidemokraattinen Puolue","sv":"Finlands Socialdemokratiska Parti","en":"The Finnish Social Democratic Party"},"caid":68,"position":0,"gender":"1","comparisonData":{"totalVotes":69,"votesTotalChange":-68},"edid":2,"comparativeIndex":0.0,"electionDayVotesPercent":0.5,"nominatorAbbr":{"fi":"SDP","sv":"SDP","en":"SDP"}},{"age":47,"advanceVotesPercent":0.0,"lastname":"Ferm","occupation":"arbetslös, työtön","advanceVotes":0,"npid":6,"totalVotes":1,"spid":4,"abbr":"SDP","municipalCouncilor":false,"muid":78,"alid":6,"firstname":"Ben","electionDayVotes":1,"pid":"1","finalPosition":0,"electedInformation":"NOT_ELECTED","totalVotesPercent":0.4,"nominatorName":{"fi":"Suomen Sosialidemokraattinen Puolue","sv":"Finlands Socialdemokratiska Parti","en":"The Finnish Social Democratic Party"},"caid":72,"position":0,"gender":"1","comparisonData":{"totalVotes":41,"votesTotalChange":-40},"edid":2,"comparativeIndex":0.0,"electionDayVotesPercent":0.5,"nominatorAbbr":{"fi":"SDP","sv":"SDP","en":"SDP"}},{"age":75,"advanceVotesPercent":0.0,"lastname":"Sandblom","occupation":"pensionär, eläkeläinen","advanceVotes":0,"npid":6,"totalVotes":1,"spid":4,"abbr":"SDP","municipalCouncilor":false,"muid":78,"alid":6,"firstname":"Otto","electionDayVotes":1,"pid":"1","finalPosition":0,"electedInformation":"NOT_ELECTED","totalVotesPercent":0.4,"nominatorName":{"fi":"Suomen Sosialidemokraattinen Puolue","sv":"Finlands Socialdemokratiska Parti","en":"The Finnish Social Democratic Party"},"caid":78,"position":0,"gender":"1","comparisonData":{"totalVotes":15,"votesTotalChange":-14},"edid":2,"comparativeIndex":0.0,"electionDayVotesPercent":0.5,"nominatorAbbr":{"fi":"SDP","sv":"SDP","en":"SDP"}},{"age":33,"advanceVotesPercent":0.0,"lastname":"Sundberg","occupation":"stuvare, ahtaaja","advanceVotes":0,"npid":6,"totalVotes":1,"spid":4,"abbr":"SDP","municipalCouncilor":false,"muid":78,"alid":6,"firstname":"Viktor","electionDayVotes":1,"pid":"1","finalPosition":0,"electedInformation":"NOT_ELECTED","totalVotesPercent":0.4,"nominatorName":{"fi":"Suomen Sosialidemokraattinen Puolue","sv":"Finlands Socialdemokratiska Parti","en":"The Finnish Social Democratic Party"},"caid":80,"position":0,"gender":"1","comparisonData":{"totalVotes":0,"votesTotalChange":1},"edid":2,"comparativeIndex":0.0,"electionDayVotesPercent":0.5,"nominatorAbbr":{"fi":"SDP","sv":"SDP","en":"SDP"}},{"age":23,"advanceVotesPercent":1.6,"lastname":"Alén","occupation":"restonomi","advanceVotes":1,"npid":7,"totalVotes":1,"spid":2,"abbr":"KOK","municipalCouncilor":false,"muid":78,"alid":7,"firstname":"Anastasia","electionDayVotes":0,"pid":"4","finalPosition":0,"electedInformation":"NOT_ELECTED","totalVotesPercent":0.4,"nominatorName":{"fi":"Kansallinen Kokoomus","sv":"Samlingspartiet","en":"National Coalition Party"},"caid":82,"position":0,"gender":"2","comparisonData":{"totalVotes":0,"votesTotalChange":1},"edid":2,"comparativeIndex":0.0,"electionDayVotesPercent":0.0,"nominatorAbbr":{"fi":"KOK","sv":"Saml","en":"NCP"}},{"age":36,"advanceVotesPercent":0.0,"lastname":"Heinänen","occupation":"sairaanhoitaja, hoivakodin johtaja","advanceVotes":0,"npid":7,"totalVotes":1,"spid":2,"abbr":"KOK","municipalCouncilor":false,"muid":78,"alid":7,"firstname":"Pirkko","electionDayVotes":1,"pid":"4","finalPosition":0,"electedInformation":"ELECTED","totalVotesPercent":0.4,"nominatorName":{"fi":"Kansallinen Kokoomus","sv":"Samlingspartiet","en":"National Coalition Party"},"caid":83,"position":0,"gender":"2","comparisonData":{"totalVotes":25,"votesTotalChange":-24},"edid":2,"comparativeIndex":0.0,"electionDayVotesPercent":0.5,"nominatorAbbr":{"fi":"KOK","sv":"Saml","en":"NCP"}},{"age":46,"advanceVotesPercent":0.0,"lastname":"Karjalainen","occupation":"projektipäällikkö","advanceVotes":0,"npid":7,"totalVotes":1,"spid":2,"abbr":"KOK","municipalCouncilor":false,"muid":78,"alid":7,"firstname":"Juha","electionDayVotes":1,"pid":"4","finalPosition":0,"electedInformation":"NOT_ELECTED","totalVotesPercent":0.4,"nominatorName":{"fi":"Kansallinen Kokoomus","sv":"Samlingspartiet","en":"National Coalition Party"},"caid":87,"position":0,"gender":"1","comparisonData":{"totalVotes":25,"votesTotalChange":-24},"edid":2,"comparativeIndex":0.0,"electionDayVotesPercent":0.5,"nominatorAbbr":{"fi":"KOK","sv":"Saml","en":"NCP"}},{"age":35,"advanceVotesPercent":1.6,"lastname":"Näätänen","occupation":"lähihoitaja","advanceVotes":1,"npid":8,"totalVotes":1,"spid":6,"abbr":"VAS","municipalCouncilor":false,"muid":78,"alid":8,"firstname":"Taru","electionDayVotes":0,"pid":"15","finalPosition":0,"electedInformation":"ON_SUBSTITUTE_PLACE","totalVotesPercent":0.4,"nominatorName":{"fi":"Vasemmistoliitto","sv":"Vänsterförbundet","en":"The Left Alliance"},"caid":95,"position":0,"gender":"2","comparisonData":{"totalVotes":0,"votesTotalChange":1},"edid":2,"comparativeIndex":0.0,"electionDayVotesPercent":0.0,"nominatorAbbr":{"fi":"VAS","sv":"VF","en":"LEFT"}},{"age":36,"advanceVotesPercent":1.6,"lastname":"Varpalahti","occupation":"sairaanhoitaja AMK, sjukskötare YH","advanceVotes":1,"npid":8,"totalVotes":1,"spid":6,"abbr":"VAS","municipalCouncilor":false,"muid":78,"alid":8,"firstname":"Hanna","electionDayVotes":0,"pid":"15","finalPosition":0,"electedInformation":"ELECTED","totalVotesPercent":0.4,"nominatorName":{"fi":"Vasemmistoliitto","sv":"Vänsterförbundet","en":"The Left Alliance"},"caid":97,"position":0,"gender":"2","comparisonData":{"totalVotes":0,"votesTotalChange":1},"edid":2,"comparativeIndex":0.0,"electionDayVotesPercent":0.0,"nominatorAbbr":{"fi":"VAS","sv":"VF","en":"LEFT"}},{"age":47,"advanceVotesPercent":0.0,"lastname":"Sundström","occupation":"tilapäisahtaaja","advanceVotes":0,"npid":9,"totalVotes":1,"spid":99,"abbr":"Muut","municipalCouncilor":false,"muid":78,"alid":9,"firstname":"Sven","electionDayVotes":1,"pid":"0789","finalPosition":0,"electedInformation":"ON_SUBSTITUTE_PLACE","totalVotesPercent":0.4,"nominatorName":{"fi":"Hanko 2016 Hangö sitoutumattomat obundna","sv":"Hanko 2016 Hangö sitoutumattomat obundna","en":"Hanko 2016 Hangö sitoutumattomat obundna"},"caid":99,"position":0,"gender":"1","comparisonData":{"totalVotes":0,"votesTotalChange":1},"edid":2,"comparativeIndex":0.0,"electionDayVotesPercent":0.5,"nominatorAbbr":{"fi":"YL1","sv":"YL1","en":"YL1"}},{"age":67,"advanceVotesPercent":0.0,"lastname":"Autero","occupation":"koneinsinööri","advanceVotes":0,"npid":9,"totalVotes":1,"spid":99,"abbr":"Muut","municipalCouncilor":false,"muid":78,"alid":9,"firstname":"Markku","electionDayVotes":1,"pid":"0789","finalPosition":0,"electedInformation":"NOT_ELECTED","totalVotesPercent":0.4,"nominatorName":{"fi":"Hanko 2016 Hangö sitoutumattomat obundna","sv":"Hanko 2016 Hangö sitoutumattomat obundna","en":"Hanko 2016 Hangö sitoutumattomat obundna"},"caid":101,"position":0,"gender":"1","comparisonData":{"totalVotes":0,"votesTotalChange":1},"edid":2,"comparativeIndex":0.0,"electionDayVotesPercent":0.5,"nominatorAbbr":{"fi":"YL1","sv":"YL1","en":"YL1"}},{"age":61,"advanceVotesPercent":1.6,"lastname":"Koli","occupation":"LVIS-urakoitsija","advanceVotes":1,"npid":9,"totalVotes":1,"spid":99,"abbr":"Muut","municipalCouncilor":true,"muid":78,"alid":9,"firstname":"Eero","electionDayVotes":0,"pid":"0789","finalPosition":0,"electedInformation":"ELECTED","totalVotesPercent":0.4,"nominatorName":{"fi":"Hanko 2016 Hangö sitoutumattomat obundna","sv":"Hanko 2016 Hangö sitoutumattomat obundna","en":"Hanko 2016 Hangö sitoutumattomat obundna"},"caid":102,"position":0,"gender":"1","comparisonData":{"totalVotes":79,"votesTotalChange":-78},"edid":2,"comparativeIndex":0.0,"electionDayVotesPercent":0.0,"nominatorAbbr":{"fi":"YL1","sv":"YL1","en":"YL1"}},{"age":51,"advanceVotesPercent":0.0,"lastname":"Gammals","occupation":"lärare","advanceVotes":0,"npid":1,"totalVotes":0,"spid":7,"abbr":"RKP","municipalCouncilor":false,"muid":78,"alid":1,"firstname":"Rolf","electionDayVotes":0,"pid":"5","finalPosition":0,"electedInformation":"ON_SUBSTITUTE_PLACE","totalVotesPercent":0.0,"nominatorName":{"fi":"Suomen ruotsalainen kansanpuolue","sv":"Svenska folkpartiet i Finland","en":"Swedish People's Party in Finland"},"caid":7,"position":0,"gender":"1","comparisonData":{"totalVotes":22,"votesTotalChange":-22},"edid":2,"comparativeIndex":0.0,"electionDayVotesPercent":0.0,"nominatorAbbr":{"fi":"RKP","sv":"SFP","en":"SPP"}},{"age":43,"advanceVotesPercent":0.0,"lastname":"Koskinen","occupation":"bokförare","advanceVotes":0,"npid":1,"totalVotes":0,"spid":7,"abbr":"RKP","municipalCouncilor":false,"muid":78,"alid":1,"firstname":"Marie","electionDayVotes":0,"pid":"5","finalPosition":0,"electedInformation":"NOT_ELECTED","totalVotesPercent":0.0,"nominatorName":{"fi":"Suomen ruotsalainen kansanpuolue","sv":"Svenska folkpartiet i Finland","en":"Swedish People's Party in Finland"},"caid":11,"position":0,"gender":"2","comparisonData":{"totalVotes":0,"votesTotalChange":0},"edid":2,"comparativeIndex":0.0,"electionDayVotesPercent":0.0,"nominatorAbbr":{"fi":"RKP","sv":"SFP","en":"SPP"}},{"age":42,"advanceVotesPercent":0.0,"lastname":"Mattsson","occupation":"försäljning, kundbetjäning","advanceVotes":0,"npid":1,"totalVotes":0,"spid":7,"abbr":"RKP","municipalCouncilor":false,"muid":78,"alid":1,"firstname":"Christian","electionDayVotes":0,"pid":"5","finalPosition":0,"electedInformation":"ELECTED","totalVotesPercent":0.0,"nominatorName":{"fi":"Suomen ruotsalainen kansanpuolue","sv":"Svenska folkpartiet i Finland","en":"Swedish People's Party in Finland"},"caid":13,"position":0,"gender":"1","comparisonData":{"totalVotes":0,"votesTotalChange":0},"edid":2,"comparativeIndex":0.0,"electionDayVotesPercent":0.0,"nominatorAbbr":{"fi":"RKP","sv":"SFP","en":"SPP"}},{"age":67,"advanceVotesPercent":0.0,"lastname":"Niemi","occupation":"ingenjör, pensionär","advanceVotes":0,"npid":1,"totalVotes":0,"spid":7,"abbr":"RKP","municipalCouncilor":false,"muid":78,"alid":1,"firstname":"Kalle","electionDayVotes":0,"pid":"5","finalPosition":0,"electedInformation":"ON_SUBSTITUTE_PLACE","totalVotesPercent":0.0,"nominatorName":{"fi":"Suomen ruotsalainen kansanpuolue","sv":"Svenska folkpartiet i Finland","en":"Swedish People's Party in Finland"},"caid":14,"position":0,"gender":"1","comparisonData":{"totalVotes":18,"votesTotalChange":-18},"edid":2,"comparativeIndex":0.0,"electionDayVotesPercent":0.0,"nominatorAbbr":{"fi":"RKP","sv":"SFP","en":"SPP"}},{"age":69,"advanceVotesPercent":0.0,"lastname":"Nybäck","occupation":"företagare, pensionär","advanceVotes":0,"npid":1,"totalVotes":0,"spid":7,"abbr":"RKP","municipalCouncilor":false,"muid":78,"alid":1,"firstname":"Ulla","electionDayVotes":0,"pid":"5","finalPosition":0,"electedInformation":"NOT_ELECTED","totalVotesPercent":0.0,"nominatorName":{"fi":"Suomen ruotsalainen kansanpuolue","sv":"Svenska folkpartiet i Finland","en":"Swedish People's Party in Finland"},"caid":15,"position":0,"gender":"2","comparisonData":{"totalVotes":0,"votesTotalChange":0},"edid":2,"comparativeIndex":0.0,"electionDayVotesPercent":0.0,"nominatorAbbr":{"fi":"RKP","sv":"SFP","en":"SPP"}},{"age":45,"advanceVotesPercent":0.0,"lastname":"Peltonen","occupation":"teknisk direktör","advanceVotes":0,"npid":1,"totalVotes":0,"spid":7,"abbr":"RKP","municipalCouncilor":false,"muid":78,"alid":1,"firstname":"Björn","electionDayVotes":0,"pid":"5","finalPosition":0,"electedInformation":"ELECTED","totalVotesPercent":0.0,"nominatorName":{"fi":"Suomen ruotsalainen kansanpuolue","sv":"Svenska folkpartiet i Finland","en":"Swedish People's Party in Finland"},"caid":16,"position":0,"gender":"1","comparisonData":{"totalVotes":0,"votesTotalChange":0},"edid":2,"comparativeIndex":0.0,"electionDayVotesPercent":0.0,"nominatorAbbr":{"fi":"RKP","sv":"SFP","en":"SPP"}},{"age":31,"advanceVotesPercent":0.0,"lastname":"Teikari","occupation":"speditör","advanceVotes":0,"npid":1,"totalVotes":0,"spid":7,"abbr":"RKP","municipalCouncilor":false,"muid":78,"alid":1,"firstname":"Anna","electionDayVotes":0,"pid":"5","finalPosition":0,"electedInformation":"ON_SUBSTITUTE_PLACE","totalVotesPercent":0.0,"nominatorName":{"fi":"Suomen ruotsalainen kansanpuolue","sv":"Svenska folkpartiet i Finland","en":"Swedish People's Party in Finland"},"caid":20,"position":0,"gender":"2","comparisonData":{"totalVotes":0,"votesTotalChange":0},"edid":2,"comparativeIndex":0.0,"electionDayVotesPercent":0.0,"nominatorAbbr":{"fi":"RKP","sv":"SFP","en":"SPP"}},{"age":47,"advanceVotesPercent":0.0,"lastname":"Kindt-Sarojärvi","occupation":"opettaja","advanceVotes":0,"npid":2,"totalVotes":0,"spid":5,"abbr":"VIHR","municipalCouncilor":false,"muid":78,"alid":2,"firstname":"Krista","electionDayVotes":0,"pid":"13","finalPosition":0,"electedInformation":"ON_SUBSTITUTE_PLACE","totalVotesPercent":0.0,"nominatorName":{"fi":"Vihreä liitto","sv":"Gröna förbundet","en":"Green League"},"caid":24,"position":0,"gender":"2","comparisonData":{"totalVotes":0,"votesTotalChange":0},"edid":2,"comparativeIndex":0.0,"electionDayVotesPercent":0.0,"nominatorAbbr":{"fi":"VIHR","sv":"Gröna","en":"GREEN"}},{"age":51,"advanceVotesPercent":0.0,"lastname":"Köppä","occupation":"valokuvaaja","advanceVotes":0,"npid":2,"totalVotes":0,"spid":5,"abbr":"VIHR","municipalCouncilor":false,"muid":78,"alid":2,"firstname":"Teemu","electionDayVotes":0,"pid":"13","finalPosition":0,"electedInformation":"ELECTED","totalVotesPercent":0.0,"nominatorName":{"fi":"Vihreä liitto","sv":"Gröna förbundet","en":"Green League"},"caid":25,"position":0,"gender":"1","comparisonData":{"totalVotes":0,"votesTotalChange":0},"edid":2,"comparativeIndex":0.0,"electionDayVotesPercent":0.0,"nominatorAbbr":{"fi":"VIHR","sv":"Gröna","en":"GREEN"}},{"age":72,"advanceVotesPercent":0.0,"lastname":"Lehtinen","occupation":"pursimies eläk.","advanceVotes":0,"npid":2,"totalVotes":0,"spid":5,"abbr":"VIHR","municipalCouncilor":false,"muid":78,"alid":2,"firstname":"Leo","electionDayVotes":0,"pid":"13","finalPosition":0,"electedInformation":"NOT_ELECTED","totalVotesPercent":0.0,"nominatorName":{"fi":"Vihreä liitto","sv":"Gröna förbundet","en":"Green League"},"caid":26,"position":0,"gender":"1","comparisonData":{"totalVotes":19,"votesTotalChange":-19},"edid":2,"comparativeIndex":0.0,"electionDayVotesPercent":0.0,"nominatorAbbr":{"fi":"VIHR","sv":"Gröna","en":"GREEN"}},{"age":19,"advanceVotesPercent":0.0,"lastname":"Mustonen","occupation":"ylioppilas, varusmies","advanceVotes":0,"npid":3,"totalVotes":0,"spid":8,"abbr":"KD","municipalCouncilor":false,"muid":78,"alid":3,"firstname":"Antti","electionDayVotes":0,"pid":"9","finalPosition":0,"electedInformation":"NOT_ELECTED","totalVotesPercent":0.0,"nominatorName":{"fi":"Suomen Kristillisdemokraatit (KD)","sv":"Kristdemokraterna i Finland (KD)","en":"Christian Democrats in Finland"},"caid":30,"position":0,"gender":"1","comparisonData":{"totalVotes":0,"votesTotalChange":0},"edid":2,"comparativeIndex":0.0,"electionDayVotesPercent":0.0,"nominatorAbbr":{"fi":"KD","sv":"KD","en":"CD"}},{"age":60,"advanceVotesPercent":0.0,"lastname":"Sjöblom","occupation":"köttmästare","advanceVotes":0,"npid":3,"totalVotes":0,"spid":8,"abbr":"KD","municipalCouncilor":false,"muid":78,"alid":3,"firstname":"Kjell","electionDayVotes":0,"pid":"9","finalPosition":0,"electedInformation":"NOT_ELECTED","totalVotesPercent":0.0,"nominatorName":{"fi":"Suomen Kristillisdemokraatit (KD)","sv":"Kristdemokraterna i Finland (KD)","en":"Christian Democrats in Finland"},"caid":31,"position":0,"gender":"1","comparisonData":{"totalVotes":0,"votesTotalChange":0},"edid":2,"comparativeIndex":0.0,"electionDayVotesPercent":0.0,"nominatorAbbr":{"fi":"KD","sv":"KD","en":"CD"}},{"age":33,"advanceVotesPercent":0.0,"lastname":"Sveinsdottir-Karmakar","occupation":"närvårdarstuderande","advanceVotes":0,"npid":3,"totalVotes":0,"spid":8,"abbr":"KD","municipalCouncilor":false,"muid":78,"alid":3,"firstname":"Hrefna","electionDayVotes":0,"pid":"9","finalPosition":0,"electedInformation":"NOT_ELECTED","totalVotesPercent":0.0,"nominatorName":{"fi":"Suomen Kristillisdemokraatit (KD)","sv":"Kristdemokraterna i Finland (KD)","en":"Christian Democrats in Finland"},"caid":32,"position":0,"gender":"2","comparisonData":{"totalVotes":0,"votesTotalChange":0},"edid":2,"comparativeIndex":0.0,"electionDayVotesPercent":0.0,"nominatorAbbr":{"fi":"KD","sv":"KD","en":"CD"}},{"age":68,"advanceVotesPercent":0.0,"lastname":"Aavamäki","occupation":"eläkeläinen, yrittäjä","advanceVotes":0,"npid":4,"totalVotes":0,"spid":9,"abbr":"SKP","municipalCouncilor":false,"muid":78,"alid":4,"firstname":"Jorma","electionDayVotes":0,"pid":"8","finalPosition":0,"electedInformation":"NOT_ELECTED","totalVotesPercent":0.0,"nominatorName":{"fi":"Suomen Kommunistinen Puolue","sv":"Finlands Kommunistiska Parti","en":"The Communist Party of Finland"},"caid":35,"position":0,"gender":"1","comparisonData":{"totalVotes":0,"votesTotalChange":0},"edid":2,"comparativeIndex":0.0,"electionDayVotesPercent":0.0,"nominatorAbbr":{"fi":"SKP","sv":"FKP","en":"CPF"}},{"age":54,"advanceVotesPercent":0.0,"lastname":"Isaksson","occupation":"keittiömestari","advanceVotes":0,"npid":4,"totalVotes":0,"spid":9,"abbr":"SKP","municipalCouncilor":false,"muid":78,"alid":4,"firstname":"Mika","electionDayVotes":0,"pid":"8","finalPosition":0,"electedInformation":"NOT_ELECTED","totalVotesPercent":0.0,"nominatorName":{"fi":"Suomen Kommunistinen Puolue","sv":"Finlands Kommunistiska Parti","en":"The Communist Party of Finland"},"caid":36,"position":0,"gender":"1","comparisonData":{"totalVotes":0,"votesTotalChange":0},"edid":2,"comparativeIndex":0.0,"electionDayVotesPercent":0.0,"nominatorAbbr":{"fi":"SKP","sv":"FKP","en":"CPF"}},{"age":38,"advanceVotesPercent":0.0,"lastname":"Ristimäki","occupation":"arkkitehti yo","advanceVotes":0,"npid":4,"totalVotes":0,"spid":9,"abbr":"SKP","municipalCouncilor":false,"muid":78,"alid":4,"firstname":"Jaakko","electionDayVotes":0,"pid":"8","finalPosition":0,"electedInformation":"ON_SUBSTITUTE_PLACE","totalVotesPercent":0.0,"nominatorName":{"fi":"Suomen Kommunistinen Puolue","sv":"Finlands Kommunistiska Parti","en":"The Communist Party of Finland"},"caid":37,"position":0,"gender":"1","comparisonData":{"totalVotes":0,"votesTotalChange":0},"edid":2,"comparativeIndex":0.0,"electionDayVotesPercent":0.0,"nominatorAbbr":{"fi":"SKP","sv":"FKP","en":"CPF"}},{"age":69,"advanceVotesPercent":0.0,"lastname":"Caselius","occupation":"eläkeläinen","advanceVotes":0,"npid":4,"totalVotes":0,"spid":9,"abbr":"SKP","municipalCouncilor":false,"muid":78,"alid":4,"firstname":"Eero","electionDayVotes":0,"pid":"8","finalPosition":0,"electedInformation":"NOT_ELECTED","totalVotesPercent":0.0,"nominatorName":{"fi":"Suomen Kommunistinen Puolue","sv":"Finlands Kommunistiska Parti","en":"The Communist Party of Finland"},"caid":38,"position":0,"gender":"1","comparisonData":{"totalVotes":0,"votesTotalChange":0},"edid":2,"comparativeIndex":0.0,"electionDayVotesPercent":0.0,"nominatorAbbr":{"fi":"SKP","sv":"FKP","en":"CPF"}},{"age":47,"advanceVotesPercent":0.0,"lastname":"Siivonen","occupation":"eläkeläinen","advanceVotes":0,"npid":4,"totalVotes":0,"spid":9,"abbr":"SKP","municipalCouncilor":false,"muid":78,"alid":4,"firstname":"Stacy","electionDayVotes":0,"pid":"8","finalPosition":0,"electedInformation":"NOT_ELECTED","totalVotesPercent":0.0,"nominatorName":{"fi":"Suomen Kommunistinen Puolue","sv":"Finlands Kommunistiska Parti","en":"The Communist Party of Finland"},"caid":39,"position":0,"gender":"2","comparisonData":{"totalVotes":14,"votesTotalChange":-14},"edid":2,"comparativeIndex":0.0,"electionDayVotesPercent":0.0,"nominatorAbbr":{"fi":"SKP","sv":"FKP","en":"CPF"}},{"age":32,"advanceVotesPercent":0.0,"lastname":"Kostiainen","occupation":"vartija","advanceVotes":0,"npid":5,"totalVotes":0,"spid":3,"abbr":"PS","municipalCouncilor":false,"muid":78,"alid":5,"firstname":"Jori","electionDayVotes":0,"pid":"23","finalPosition":0,"electedInformation":"NOT_ELECTED","totalVotesPercent":0.0,"nominatorName":{"fi":"Perussuomalaiset","sv":"Sannfinländarna","en":"The Finns Party"},"caid":41,"position":0,"gender":"1","comparisonData":{"totalVotes":0,"votesTotalChange":0},"edid":2,"comparativeIndex":0.0,"electionDayVotesPercent":0.0,"nominatorAbbr":{"fi":"PS","sv":"Sannf","en":"FINNS"}},{"age":53,"advanceVotesPercent":0.0,"lastname":"Väisänen","occupation":"linja-autonkuljettaja","advanceVotes":0,"npid":5,"totalVotes":0,"spid":3,"abbr":"PS","municipalCouncilor":false,"muid":78,"alid":5,"firstname":"Henrik","electionDayVotes":0,"pid":"23","finalPosition":0,"electedInformation":"ON_SUBSTITUTE_PLACE","totalVotesPercent":0.0,"nominatorName":{"fi":"Perussuomalaiset","sv":"Sannfinländarna","en":"The Finns Party"},"caid":46,"position":0,"gender":"1","comparisonData":{"totalVotes":25,"votesTotalChange":-25},"edid":2,"comparativeIndex":0.0,"electionDayVotesPercent":0.0,"nominatorAbbr":{"fi":"PS","sv":"Sannf","en":"FINNS"}},{"age":72,"advanceVotesPercent":0.0,"lastname":"Buch","occupation":"yrittäjä eläkk., företagare i.a.","advanceVotes":0,"npid":6,"totalVotes":0,"spid":4,"abbr":"SDP","municipalCouncilor":false,"muid":78,"alid":6,"firstname":"Tuula","electionDayVotes":0,"pid":"1","finalPosition":0,"electedInformation":"NOT_ELECTED","totalVotesPercent":0.0,"nominatorName":{"fi":"Suomen Sosialidemokraattinen Puolue","sv":"Finlands Socialdemokratiska Parti","en":"The Finnish Social Democratic Party"},"caid":47,"position":0,"gender":"2","comparisonData":{"totalVotes":24,"votesTotalChange":-24},"edid":2,"comparativeIndex":0.0,"electionDayVotesPercent":0.0,"nominatorAbbr":{"fi":"SDP","sv":"SDP","en":"SDP"}},{"age":41,"advanceVotesPercent":0.0,"lastname":"Hedback","occupation":"parturi-kampaaja, yrittäjä","advanceVotes":0,"npid":6,"totalVotes":0,"spid":4,"abbr":"SDP","municipalCouncilor":false,"muid":78,"alid":6,"firstname":"Mari","electionDayVotes":0,"pid":"1","finalPosition":0,"electedInformation":"ELECTED","totalVotesPercent":0.0,"nominatorName":{"fi":"Suomen Sosialidemokraattinen Puolue","sv":"Finlands Socialdemokratiska Parti","en":"The Finnish Social Democratic Party"},"caid":48,"position":0,"gender":"2","comparisonData":{"totalVotes":0,"votesTotalChange":0},"edid":2,"comparativeIndex":0.0,"electionDayVotesPercent":0.0,"nominatorAbbr":{"fi":"SDP","sv":"SDP","en":"SDP"}},{"age":61,"advanceVotesPercent":0.0,"lastname":"Holm","occupation":"koneasentaja","advanceVotes":0,"npid":6,"totalVotes":0,"spid":4,"abbr":"SDP","municipalCouncilor":false,"muid":78,"alid":6,"firstname":"Henry","electionDayVotes":0,"pid":"1","finalPosition":0,"electedInformation":"NOT_ELECTED","totalVotesPercent":0.0,"nominatorName":{"fi":"Suomen Sosialidemokraattinen Puolue","sv":"Finlands Socialdemokratiska Parti","en":"The Finnish Social Democratic Party"},"caid":49,"position":0,"gender":"1","comparisonData":{"totalVotes":45,"votesTotalChange":-45},"edid":2,"comparativeIndex":0.0,"electionDayVotesPercent":0.0,"nominatorAbbr":{"fi":"SDP","sv":"SDP","en":"SDP"}},{"age":48,"advanceVotesPercent":0.0,"lastname":"Huldin","occupation":"vaihetyöntekijä, pääluottamusmies","advanceVotes":0,"npid":6,"totalVotes":0,"spid":4,"abbr":"SDP","municipalCouncilor":false,"muid":78,"alid":6,"firstname":"Tuula","electionDayVotes":0,"pid":"1","finalPosition":0,"electedInformation":"NOT_ELECTED","totalVotesPercent":0.0,"nominatorName":{"fi":"Suomen Sosialidemokraattinen Puolue","sv":"Finlands Socialdemokratiska Parti","en":"The Finnish Social Democratic Party"},"caid":50,"position":0,"gender":"2","comparisonData":{"totalVotes":26,"votesTotalChange":-26},"edid":2,"comparativeIndex":0.0,"electionDayVotesPercent":0.0,"nominatorAbbr":{"fi":"SDP","sv":"SDP","en":"SDP"}},{"age":74,"advanceVotesPercent":0.0,"lastname":"Immonen","occupation":"eläkeläinen, pensionär","advanceVotes":0,"npid":6,"totalVotes":0,"spid":4,"abbr":"SDP","municipalCouncilor":false,"muid":78,"alid":6,"firstname":"Seppo","electionDayVotes":0,"pid":"1","finalPosition":0,"electedInformation":"NOT_ELECTED","totalVotesPercent":0.0,"nominatorName":{"fi":"Suomen Sosialidemokraattinen Puolue","sv":"Finlands Socialdemokratiska Parti","en":"The Finnish Social Democratic Party"},"caid":52,"position":0,"gender":"1","comparisonData":{"totalVotes":14,"votesTotalChange":-14},"edid":2,"comparativeIndex":0.0,"electionDayVotesPercent":0.0,"nominatorAbbr":{"fi":"SDP","sv":"SDP","en":"SDP"}},{"age":65,"advanceVotesPercent":0.0,"lastname":"Järvinen","occupation":"pensionär, eläkeläinen","advanceVotes":0,"npid":6,"totalVotes":0,"spid":4,"abbr":"SDP","municipalCouncilor":true,"muid":78,"alid":6,"firstname":"Katrin","electionDayVotes":0,"pid":"1","finalPosition":0,"electedInformation":"ON_SUBSTITUTE_PLACE","totalVotesPercent":0.0,"nominatorName":{"fi":"Suomen Sosialidemokraattinen Puolue","sv":"Finlands Socialdemokratiska Parti","en":"The Finnish Social Democratic Party"},"caid":53,"position":0,"gender":"2","comparisonData":{"totalVotes":56,"votesTotalChange":-56},"edid":2,"comparativeIndex":0.0,"electionDayVotesPercent":0.0,"nominatorAbbr":{"fi":"SDP","sv":"SDP","en":"SDP"}},{"age":69,"advanceVotesPercent":0.0,"lastname":"Kemppainen","occupation":"hitsaaja, eläkk.","advanceVotes":0,"npid":6,"totalVotes":0,"spid":4,"abbr":"SDP","municipalCouncilor":false,"muid":78,"alid":6,"firstname":"Pekka","electionDayVotes":0,"pid":"1","finalPosition":0,"electedInformation":"ON_SUBSTITUTE_PLACE","totalVotesPercent":0.0,"nominatorName":{"fi":"Suomen Sosialidemokraattinen Puolue","sv":"Finlands Socialdemokratiska Parti","en":"The Finnish Social Democratic Party"},"caid":57,"position":0,"gender":"1","comparisonData":{"totalVotes":0,"votesTotalChange":0},"edid":2,"comparativeIndex":0.0,"electionDayVotesPercent":0.0,"nominatorAbbr":{"fi":"SDP","sv":"SDP","en":"SDP"}},{"age":56,"advanceVotesPercent":0.0,"lastname":"Larila","occupation":"asentaja","advanceVotes":0,"npid":6,"totalVotes":0,"spid":4,"abbr":"SDP","municipalCouncilor":true,"muid":78,"alid":6,"firstname":"Keijo","electionDayVotes":0,"pid":"1","finalPosition":0,"electedInformation":"NOT_ELECTED","totalVotesPercent":0.0,"nominatorName":{"fi":"Suomen Sosialidemokraattinen Puolue","sv":"Finlands Socialdemokratiska Parti","en":"The Finnish Social Democratic Party"},"caid":58,"position":0,"gender":"1","comparisonData":{"totalVotes":49,"votesTotalChange":-49},"edid":2,"comparativeIndex":0.0,"electionDayVotesPercent":0.0,"nominatorAbbr":{"fi":"SDP","sv":"SDP","en":"SDP"}},{"age":38,"advanceVotesPercent":0.0,"lastname":"Reitamaa","occupation":"työnjohtaja, arbetsledare","advanceVotes":0,"npid":6,"totalVotes":0,"spid":4,"abbr":"SDP","municipalCouncilor":false,"muid":78,"alid":6,"firstname":"Marko","electionDayVotes":0,"pid":"1","finalPosition":0,"electedInformation":"ELECTED","totalVotesPercent":0.0,"nominatorName":{"fi":"Suomen Sosialidemokraattinen Puolue","sv":"Finlands Socialdemokratiska Parti","en":"The Finnish Social Democratic Party"},"caid":64,"position":0,"gender":"1","comparisonData":{"totalVotes":37,"votesTotalChange":-37},"edid":2,"comparativeIndex":0.0,"electionDayVotesPercent":0.0,"nominatorAbbr":{"fi":"SDP","sv":"SDP","en":"SDP"}},{"age":28,"advanceVotesPercent":0.0,"lastname":"Sinkkonen","occupation":"minilinja-asentaja","advanceVotes":0,"npid":6,"totalVotes":0,"spid":4,"abbr":"SDP","municipalCouncilor":false,"muid":78,"alid":6,"firstname":"Antti","electionDayVotes":0,"pid":"1","finalPosition":0,"electedInformation":"NOT_ELECTED","totalVotesPercent":0.0,"nominatorName":{"fi":"Suomen Sosialidemokraattinen Puolue","sv":"Finlands Socialdemokratiska Parti","en":"The Finnish Social Democratic Party"},"caid":66,"position":0,"gender":"1","comparisonData":{"totalVotes":0,"votesTotalChange":0},"edid":2,"comparativeIndex":0.0,"electionDayVotesPercent":0.0,"nominatorAbbr":{"fi":"SDP","sv":"SDP","en":"SDP"}},{"age":29,"advanceVotesPercent":0.0,"lastname":"Talja","occupation":"vaihtotyönjohtaja","advanceVotes":0,"npid":6,"totalVotes":0,"spid":4,"abbr":"SDP","municipalCouncilor":false,"muid":78,"alid":6,"firstname":"Arto","electionDayVotes":0,"pid":"1","finalPosition":0,"electedInformation":"NOT_ELECTED","totalVotesPercent":0.0,"nominatorName":{"fi":"Suomen Sosialidemokraattinen Puolue","sv":"Finlands Socialdemokratiska Parti","en":"The Finnish Social Democratic Party"},"caid":67,"position":0,"gender":"1","comparisonData":{"totalVotes":0,"votesTotalChange":0},"edid":2,"comparativeIndex":0.0,"electionDayVotesPercent":0.0,"nominatorAbbr":{"fi":"SDP","sv":"SDP","en":"SDP"}},{"age":53,"advanceVotesPercent":0.0,"lastname":"Augustsson-Sula","occupation":"företagare, yrittäjä","advanceVotes":0,"npid":6,"totalVotes":0,"spid":4,"abbr":"SDP","municipalCouncilor":false,"muid":78,"alid":6,"firstname":"Gun","electionDayVotes":0,"pid":"1","finalPosition":0,"electedInformation":"NOT_ELECTED","totalVotesPercent":0.0,"nominatorName":{"fi":"Suomen Sosialidemokraattinen Puolue","sv":"Finlands Socialdemokratiska Parti","en":"The Finnish Social Democratic Party"},"caid":69,"position":0,"gender":"2","comparisonData":{"totalVotes":15,"votesTotalChange":-15},"edid":2,"comparativeIndex":0.0,"electionDayVotesPercent":0.0,"nominatorAbbr":{"fi":"SDP","sv":"SDP","en":"SDP"}},{"age":59,"advanceVotesPercent":0.0,"lastname":"Baarman","occupation":"yrkeshandledare","advanceVotes":0,"npid":6,"totalVotes":0,"spid":4,"abbr":"SDP","municipalCouncilor":true,"muid":78,"alid":6,"firstname":"Peter","electionDayVotes":0,"pid":"1","finalPosition":0,"electedInformation":"ON_SUBSTITUTE_PLACE","totalVotesPercent":0.0,"nominatorName":{"fi":"Suomen Sosialidemokraattinen Puolue","sv":"Finlands Socialdemokratiska Parti","en":"The Finnish Social Democratic Party"},"caid":70,"position":0,"gender":"1","comparisonData":{"totalVotes":59,"votesTotalChange":-59},"edid":2,"comparativeIndex":0.0,"electionDayVotesPercent":0.0,"nominatorAbbr":{"fi":"SDP","sv":"SDP","en":"SDP"}},{"age":62,"advanceVotesPercent":0.0,"lastname":"Böckerman","occupation":"företagare, yrittäjä","advanceVotes":0,"npid":6,"totalVotes":0,"spid":4,"abbr":"SDP","municipalCouncilor":true,"muid":78,"alid":6,"firstname":"Ulf","electionDayVotes":0,"pid":"1","finalPosition":0,"electedInformation":"ON_SUBSTITUTE_PLACE","totalVotesPercent":0.0,"nominatorName":{"fi":"Suomen Sosialidemokraattinen Puolue","sv":"Finlands Socialdemokratiska Parti","en":"The Finnish Social Democratic Party"},"caid":71,"position":0,"gender":"1","comparisonData":{"totalVotes":61,"votesTotalChange":-61},"edid":2,"comparativeIndex":0.0,"electionDayVotesPercent":0.0,"nominatorAbbr":{"fi":"SDP","sv":"SDP","en":"SDP"}},{"age":72,"advanceVotesPercent":0.0,"lastname":"Nyberg","occupation":"pensionär, eläkeläinen","advanceVotes":0,"npid":6,"totalVotes":0,"spid":4,"abbr":"SDP","municipalCouncilor":true,"muid":78,"alid":6,"firstname":"Lars","electionDayVotes":0,"pid":"1","finalPosition":0,"electedInformation":"ON_SUBSTITUTE_PLACE","totalVotesPercent":0.0,"nominatorName":{"fi":"Suomen Sosialidemokraattinen Puolue","sv":"Finlands Socialdemokratiska Parti","en":"The Finnish Social Democratic Party"},"caid":75,"position":0,"gender":"1","comparisonData":{"totalVotes":73,"votesTotalChange":-73},"edid":2,"comparativeIndex":0.0,"electionDayVotesPercent":0.0,"nominatorAbbr":{"fi":"SDP","sv":"SDP","en":"SDP"}},{"age":76,"advanceVotesPercent":0.0,"lastname":"Rönnblad","occupation":"skrothandlare, pensionär","advanceVotes":0,"npid":6,"totalVotes":0,"spid":4,"abbr":"SDP","municipalCouncilor":false,"muid":78,"alid":6,"firstname":"Rolf","electionDayVotes":0,"pid":"1","finalPosition":0,"electedInformation":"NOT_ELECTED","totalVotesPercent":0.0,"nominatorName":{"fi":"Suomen Sosialidemokraattinen Puolue","sv":"Finlands Socialdemokratiska Parti","en":"The Finnish Social Democratic Party"},"caid":76,"position":0,"gender":"1","comparisonData":{"totalVotes":26,"votesTotalChange":-26},"edid":2,"comparativeIndex":0.0,"electionDayVotesPercent":0.0,"nominatorAbbr":{"fi":"SDP","sv":"SDP","en":"SDP"}},{"age":70,"advanceVotesPercent":0.0,"lastname":"Strömsten","occupation":"pensionär, eläkeläinen","advanceVotes":0,"npid":6,"totalVotes":0,"spid":4,"abbr":"SDP","municipalCouncilor":false,"muid":78,"alid":6,"firstname":"Christer","electionDayVotes":0,"pid":"1","finalPosition":0,"electedInformation":"ON_SUBSTITUTE_PLACE","totalVotesPercent":0.0,"nominatorName":{"fi":"Suomen Sosialidemokraattinen Puolue","sv":"Finlands Socialdemokratiska Parti","en":"The Finnish Social Democratic Party"},"caid":79,"position":0,"gender":"1","comparisonData":{"totalVotes":0,"votesTotalChange":0},"edid":2,"comparativeIndex":0.0,"electionDayVotesPercent":0.0,"nominatorAbbr":{"fi":"SDP","sv":"SDP","en":"SDP"}},{"age":52,"advanceVotesPercent":0.0,"lastname":"Riikkilä","occupation":"KTM, lehtori","advanceVotes":0,"npid":7,"totalVotes":0,"spid":2,"abbr":"KOK","municipalCouncilor":false,"muid":78,"alid":7,"firstname":"Timo","electionDayVotes":0,"pid":"4","finalPosition":0,"electedInformation":"NOT_ELECTED","totalVotesPercent":0.0,"nominatorName":{"fi":"Kansallinen Kokoomus","sv":"Samlingspartiet","en":"National Coalition Party"},"caid":88,"position":0,"gender":"1","comparisonData":{"totalVotes":16,"votesTotalChange":-16},"edid":2,"comparativeIndex":0.0,"electionDayVotesPercent":0.0,"nominatorAbbr":{"fi":"KOK","sv":"Saml","en":"NCP"}},{"age":59,"advanceVotesPercent":0.0,"lastname":"Jansson","occupation":"trukinkuljettaja, pääluottamusmies","advanceVotes":0,"npid":8,"totalVotes":0,"spid":6,"abbr":"VAS","municipalCouncilor":false,"muid":78,"alid":8,"firstname":"Timo","electionDayVotes":0,"pid":"15","finalPosition":0,"electedInformation":"ON_SUBSTITUTE_PLACE","totalVotesPercent":0.0,"nominatorName":{"fi":"Vasemmistoliitto","sv":"Vänsterförbundet","en":"The Left Alliance"},"caid":92,"position":0,"gender":"1","comparisonData":{"totalVotes":0,"votesTotalChange":0},"edid":2,"comparativeIndex":0.0,"electionDayVotesPercent":0.0,"nominatorAbbr":{"fi":"VAS","sv":"VF","en":"LEFT"}},{"age":39,"advanceVotesPercent":0.0,"lastname":"Mäkelä","occupation":"lopputarkastaja, slutgranskare","advanceVotes":0,"npid":8,"totalVotes":0,"spid":6,"abbr":"VAS","municipalCouncilor":false,"muid":78,"alid":8,"firstname":"Katja","electionDayVotes":0,"pid":"15","finalPosition":0,"electedInformation":"ON_SUBSTITUTE_PLACE","totalVotesPercent":0.0,"nominatorName":{"fi":"Vasemmistoliitto","sv":"Vänsterförbundet","en":"The Left Alliance"},"caid":94,"position":0,"gender":"2","comparisonData":{"totalVotes":17,"votesTotalChange":-17},"edid":2,"comparativeIndex":0.0,"electionDayVotesPercent":0.0,"nominatorAbbr":{"fi":"VAS","sv":"VF","en":"LEFT"}},{"age":63,"advanceVotesPercent":0.0,"lastname":"Nyström","occupation":"kalastaja, eläkel.","advanceVotes":0,"npid":9,"totalVotes":0,"spid":99,"abbr":"Muut","municipalCouncilor":false,"muid":78,"alid":9,"firstname":"Rolf","electionDayVotes":0,"pid":"0789","finalPosition":0,"electedInformation":"ELECTED","totalVotesPercent":0.0,"nominatorName":{"fi":"Hanko 2016 Hangö sitoutumattomat obundna","sv":"Hanko 2016 Hangö sitoutumattomat obundna","en":"Hanko 2016 Hangö sitoutumattomat obundna"},"caid":98,"position":0,"gender":"1","comparisonData":{"totalVotes":0,"votesTotalChange":0},"edid":2,"comparativeIndex":0.0,"electionDayVotesPercent":0.0,"nominatorAbbr":{"fi":"YL1","sv":"YL1","en":"YL1"}},{"age":44,"advanceVotesPercent":0.0,"lastname":"Malén","occupation":"palomies","advanceVotes":0,"npid":9,"totalVotes":0,"spid":99,"abbr":"Muut","municipalCouncilor":false,"muid":78,"alid":9,"firstname":"Anders","electionDayVotes":0,"pid":"0789","finalPosition":0,"electedInformation":"ON_SUBSTITUTE_PLACE","totalVotesPercent":0.0,"nominatorName":{"fi":"Hanko 2016 Hangö sitoutumattomat obundna","sv":"Hanko 2016 Hangö sitoutumattomat obundna","en":"Hanko 2016 Hangö sitoutumattomat obundna"},"caid":100,"position":0,"gender":"1","comparisonData":{"totalVotes":0,"votesTotalChange":0},"edid":2,"comparativeIndex":0.0,"electionDayVotesPercent":0.0,"nominatorAbbr":{"fi":"YL1","sv":"YL1","en":"YL1"}}],"municipalityPollingDistricts":[{"name":{"fi":"Keskusta","sv":"Centrum"},"calculationStatusPercent":100.0,"joinedArea":false,"muid":78,"totalVotingInFinlandTurnout":58.3,"identification":"001","pdid":"001","eligibleVotersInFinlandTotal":1495,"edid":2,"mergedToPdid":""},{"name":{"fi":"Hangonkylä","sv":"Hangöby"},"calculationStatusPercent":100.0,"joinedArea":false,"muid":78,"totalVotingInFinlandTurnout":71.2,"identification":"002","pdid":"002","eligibleVotersInFinlandTotal":1806,"edid":2,"mergedToPdid":""},{"name":{"fi":"Haagapuisto","sv":"Hagapark"},"calculationStatusPercent":100.0,"joinedArea":false,"muid":78,"totalVotingInFinlandTurnout":54.5,"identification":"003","pdid":"003","eligibleVotersInFinlandTotal":1864,"edid":2,"mergedToPdid":""},{"name":{"fi":"Hanko pohjoinen","sv":"Hangö norra"},"calculationStatusPercent":100.0,"joinedArea":false,"muid":78,"totalVotingInFinlandTurnout":65.7,"identification":"004","pdid":"004","eligibleVotersInFinlandTotal":1183,"edid":2,"mergedToPdid":""},{"name":{"fi":"Täktom","sv":"Täktom"},"calculationStatusPercent":100.0,"joinedArea":false,"muid":78,"totalVotingInFinlandTurnout":66.4,"identification":"005","pdid":"005","eligibleVotersInFinlandTotal":434,"edid":2,"mergedToPdid":""},{"name":{"fi":"Lappohja","sv":"Lappvik"},"calculationStatusPercent":100.0,"joinedArea":false,"muid":78,"totalVotingInFinlandTurnout":56.9,"identification":"006","pdid":"006","eligibleVotersInFinlandTotal":432,"edid":2,"mergedToPdid":""}],"municipality":{"muid":78,"edid":2,"name":{"fi":"Hanko","sv":"Hangö"}}}