{"version":30,"created":"2017-04-09T19:18:11.599Z","electionDetails":{"electionId":"kv2017","electionDate":"2017-04-09T00:00:00.000Z","electionDataPublishTime":"2017-04-09T17:00:00.000Z","name":{"fi":"Kuntavaalit 2017","sv":"Kommunalval 2017","en":"Elections 2017"},"previousElections":{"correspondingCompareElection":{"electionId":"kv2012","electionDate":"2012-10-28T00:00:00.000Z","name":{"fi":"Kuntavaalit 2012","en":"Municipal elections 2012","sv":"Kommunalval 2012"}},"otherCompareElection":{"electionId":"ev2015","electionDate":"2015-04-19T00:00:00.000Z","name":{"fi":"Eduskuntavaalit 2015","en":"Parliamentary election 2015","sv":"Riksdagsval 2015"}}}},"calculationStatus":{"electionDayVotingTurnout":22.7,"invalidAdvanceVotes":9,"calculationPhase":"INITIAL","invalidElectionDayVotes":3,"approvedAdvanceVotes":987,"advanceVotingTurnout":36.8,"totalVotingTurnoutAbroad":0.0,"name":{"fi":"Kirkonkylä","sv":"Kirkonkylä"},"calculationStatusPercent":100.0,"advanceVotes":997,"electionDayVotingTurnoutAbroad":0.0,"approvedTotalVotes":1597,"totalVotes":1611,"muid":261,"totalVotingInFinlandTurnout":59.4,"advanceVotingTurnoutAbroad":0.0,"invalidTotalVotes":12,"totalVotingTurnout":59.4,"electionDayVotes":614,"electionDayVotesInFinland":614,"pdid":"007","totalVotesInFinlandMen":0,"eligibleVotersInFinlandTotal":2710,"calculationStatusPercentElectionDayVotes":100.0,"sourceRecordModificationTime":"20170409215305","otherCompareElection":{"eid":"","eligibleVotersInFinlandTotal":0,"advanceVotingInFinlandTurnout":0.0,"electionDayVotingInFinlandTurnout":0.0,"totalVotingInFinlandTurnout":0.0,"approvedVotesTotal":0,"invalidVotesTotal":0},"correspondingCompareElection":{"eid":"","eligibleVotersInFinlandTotal":0,"advanceVotingInFinlandTurnout":0.0,"electionDayVotingInFinlandTurnout":0.0,"totalVotingInFinlandTurnout":0.0,"approvedVotesTotal":0,"invalidVotesTotal":0,"seats":0},"approvedElectionDayVotes":610,"edid":13,"calculationStatusPercentAdvanceVotes":100.0,"electionDayVotingInFinlandTurnout":22.7,"seats":0,"eligibleVotersTotal":2710,"advanceVotesInFinland":997,"advanceVotingInFinlandTurnout":36.8,"totalVotesInFinland":1611},"partyResults":[{"advanceVotesPercent":24.8,"name":{"fi":"Suomen Keskusta","sv":"Centern i Finland","en":"Centre Party of Finland"},"advanceVotes":245,"npid":5,"totalVotes":405,"spid":1,"abbr":{"fi":"KESK","sv":"C","en":"CENT"},"alid":5,"electionDayVotes":160,"pid":"2","totalVotesPercent":25.4,"nominatorName":{"fi":"Suomen Keskusta","sv":"Centern i Finland","en":"Centre Party of Finland"},"compareData":{"otherCompareElection":{"votesTotalChange":0,"votesTotalPercentChange":0.0,"votesTotal":405,"votesTotalPercent":25.4},"correspondingCompareElection":{"votesTotalChange":0,"votesTotalPercentChange":0.0,"seatChange":0,"votesTotal":405,"votesTotalPercent":25.4,"seatsTotal":0}},"seats":0,"electionDayVotesPercent":26.2,"nominatorAbbr":{"fi":"KESK","sv":"C","en":"CENT"}},{"advanceVotesPercent":25.5,"name":{"fi":"Muut ryhmät","sv":"Övriga grupper","en":"Other groups"},"advanceVotes":252,"npid":9,"totalVotes":355,"spid":99,"abbr":{"fi":"Muut","sv":"Övriga","en":"Others"},"alid":8,"electionDayVotes":103,"pid":"2619","totalVotesPercent":22.2,"nominatorName":{"fi":"Oikeudenmukainen Kittilä","sv":"Oikeudenmukainen Kittilä","en":"Oikeudenmukainen Kittilä"},"compareData":{"otherCompareElection":{"votesTotalChange":0,"votesTotalPercentChange":0.0,"votesTotal":355,"votesTotalPercent":22.2},"correspondingCompareElection":{"votesTotalChange":0,"votesTotalPercentChange":0.0,"seatChange":0,"votesTotal":355,"votesTotalPercent":22.2,"seatsTotal":0}},"seats":0,"electionDayVotesPercent":16.9,"nominatorAbbr":{"fi":"OMK","sv":"OMK","en":"OMK"}},{"advanceVotesPercent":19.5,"name":{"fi":"Vasemmistoliitto","sv":"Vänsterförbundet","en":"The Left Alliance"},"advanceVotes":192,"npid":2,"totalVotes":269,"spid":6,"abbr":{"fi":"VAS","sv":"VF","en":"LEFT"},"alid":2,"electionDayVotes":77,"pid":"15","totalVotesPercent":16.8,"nominatorName":{"fi":"Vasemmistoliitto","sv":"Vänsterförbundet","en":"The Left Alliance"},"compareData":{"otherCompareElection":{"votesTotalChange":0,"votesTotalPercentChange":0.0,"votesTotal":269,"votesTotalPercent":16.8},"correspondingCompareElection":{"votesTotalChange":0,"votesTotalPercentChange":0.0,"seatChange":0,"votesTotal":269,"votesTotalPercent":16.8,"seatsTotal":0}},"seats":0,"electionDayVotesPercent":12.6,"nominatorAbbr":{"fi":"VAS","sv":"VF","en":"LEFT"}},{"advanceVotesPercent":11.2,"name":{"fi":"Perussuomalaiset","sv":"Sannfinländarna","en":"The Finns Party"},"advanceVotes":111,"npid":7,"totalVotes":201,"spid":3,"abbr":{"fi":"PS","sv":"Sannf","en":"FINNS"},"alid":6,"electionDayVotes":90,"pid":"23","totalVotesPercent":12.6,"nominatorName":{"fi":"Perussuomalaiset","sv":"Sannfinländarna","en":"The Finns Party"},"compareData":{"otherCompareElection":{"votesTotalChange":0,"votesTotalPercentChange":0.0,"votesTotal":201,"votesTotalPercent":12.6},"correspondingCompareElection":{"votesTotalChange":0,"votesTotalPercentChange":0.0,"seatChange":0,"votesTotal":201,"votesTotalPercent":12.6,"seatsTotal":0}},"seats":0,"electionDayVotesPercent":14.8,"nominatorAbbr":{"fi":"PS","sv":"Sannf","en":"FINNS"}},{"advanceVotesPercent":5.2,"name":{"fi":"Suomen Sosialidemokraattinen Puolue","sv":"Finlands Socialdemokratiska Parti","en":"The Finnish Social Democratic Party"},"advanceVotes":51,"npid":1,"totalVotes":93,"spid":4,"abbr":{"fi":"SDP","sv":"SDP","en":"SDP"},"alid":1,"electionDayVotes":42,"pid":"1","totalVotesPercent":5.8,"nominatorName":{"fi":"Suomen Sosialidemokraattinen Puolue","sv":"Finlands Socialdemokratiska Parti","en":"The Finnish Social Democratic Party"},"compareData":{"otherCompareElection":{"votesTotalChange":0,"votesTotalPercentChange":0.0,"votesTotal":93,"votesTotalPercent":5.8},"correspondingCompareElection":{"votesTotalChange":0,"votesTotalPercentChange":0.0,"seatChange":0,"votesTotal":93,"votesTotalPercent":5.8,"seatsTotal":0}},"seats":0,"electionDayVotesPercent":6.9,"nominatorAbbr":{"fi":"SDP","sv":"SDP","en":"SDP"}},{"advanceVotesPercent":2.9,"name":{"fi":"Vihreä liitto","sv":"Gröna förbundet","en":"Green League"},"advanceVotes":29,"npid":3,"totalVotes":79,"spid":5,"abbr":{"fi":"VIHR","sv":"Gröna","en":"GREEN"},"alid":3,"electionDayVotes":50,"pid":"13","totalVotesPercent":4.9,"nominatorName":{"fi":"Vihreä liitto","sv":"Gröna förbundet","en":"Green League"},"compareData":{"otherCompareElection":{"votesTotalChange":0,"votesTotalPercentChange":0.0,"votesTotal":79,"votesTotalPercent":4.9},"correspondingCompareElection":{"votesTotalChange":0,"votesTotalPercentChange":0.0,"seatChange":0,"votesTotal":79,"votesTotalPercent":4.9,"seatsTotal":0}},"seats":0,"electionDayVotesPercent":8.2,"nominatorAbbr":{"fi":"VIHR","sv":"Gröna","en":"GREEN"}},{"advanceVotesPercent":4.8,"name":{"fi":"Muut ryhmät","sv":"Övriga grupper","en":"Other groups"},"advanceVotes":47,"npid":8,"totalVotes":75,"spid":99,"abbr":{"fi":"Muut","sv":"Övriga","en":"Others"},"alid":7,"electionDayVotes":28,"pid":"2618","totalVotesPercent":4.7,"nominatorName":{"fi":"Kuntalaislista","sv":"Kuntalaislista","en":"Kuntalaislista"},"compareData":{"otherCompareElection":{"votesTotalChange":0,"votesTotalPercentChange":0.0,"votesTotal":75,"votesTotalPercent":4.7},"correspondingCompareElection":{"votesTotalChange":0,"votesTotalPercentChange":0.0,"seatChange":0,"votesTotal":75,"votesTotalPercent":4.7,"seatsTotal":0}},"seats":0,"electionDayVotesPercent":4.6,"nominatorAbbr":{"fi":"KL","sv":"KL","en":"KL"}},{"advanceVotesPercent":3.5,"name":{"fi":"Kansallinen Kokoomus","sv":"Samlingspartiet","en":"National Coalition Party"},"advanceVotes":35,"npid":4,"totalVotes":69,"spid":2,"abbr":{"fi":"KOK","sv":"Saml","en":"NCP"},"alid":4,"electionDayVotes":34,"pid":"4","totalVotesPercent":4.3,"nominatorName":{"fi":"Kansallinen Kokoomus","sv":"Samlingspartiet","en":"National Coalition Party"},"compareData":{"otherCompareElection":{"votesTotalChange":0,"votesTotalPercentChange":0.0,"votesTotal":69,"votesTotalPercent":4.3},"correspondingCompareElection":{"votesTotalChange":0,"votesTotalPercentChange":0.0,"seatChange":0,"votesTotal":69,"votesTotalPercent":4.3,"seatsTotal":0}},"seats":0,"electionDayVotesPercent":5.6,"nominatorAbbr":{"fi":"KOK","sv":"Saml","en":"NCP"}},{"advanceVotesPercent":2.5,"name":{"fi":"Suomen Kristillisdemokraatit (KD)","sv":"Kristdemokraterna i Finland (KD)","en":"Christian Democrats in Finland"},"advanceVotes":25,"npid":6,"totalVotes":51,"spid":8,"abbr":{"fi":"KD","sv":"KD","en":"CD"},"alid":5,"electionDayVotes":26,"pid":"9","totalVotesPercent":3.2,"nominatorName":{"fi":"Suomen Kristillisdemokraatit (KD)","sv":"Kristdemokraterna i Finland (KD)","en":"Christian Democrats in Finland"},"compareData":{"otherCompareElection":{"votesTotalChange":0,"votesTotalPercentChange":0.0,"votesTotal":51,"votesTotalPercent":3.2},"correspondingCompareElection":{"votesTotalChange":0,"votesTotalPercentChange":0.0,"seatChange":0,"votesTotal":51,"votesTotalPercent":3.2,"seatsTotal":0}},"seats":0,"electionDayVotesPercent":4.3,"nominatorAbbr":{"fi":"KD","sv":"KD","en":"CD"}}],"candidateResults":[{"age":62,"advanceVotesPercent":15.4,"lastname":"Yritys","occupation":"oikeusnotaari, kunnallisneuvos","advanceVotes":152,"npid":9,"totalVotes":202,"spid":99,"abbr":"Muut","municipalCouncilor":true,"muid":261,"alid":8,"firstname":"Inkeri","electionDayVotes":50,"pid":"2619","finalPosition":0,"electedInformation":"ELECTED","totalVotesPercent":12.6,"nominatorName":{"fi":"Oikeudenmukainen Kittilä","sv":"Oikeudenmukainen Kittilä","en":"Oikeudenmukainen Kittilä"},"caid":83,"position":0,"gender":"2","comparisonData":{"totalVotes":84,"votesTotalChange":118},"edid":13,"comparativeIndex":0.0,"electionDayVotesPercent":8.2,"nominatorAbbr":{"fi":"OMK","sv":"OMK","en":"OMK"}},{"age":41,"advanceVotesPercent":6.5,"lastname":"Toivanen","occupation":"yleinen edunvalvoja","advanceVotes":64,"npid":2,"totalVotes":93,"spid":6,"abbr":"VAS","municipalCouncilor":false,"muid":261,"alid":2,"firstname":"Marita","electionDayVotes":29,"pid":"15","finalPosition":0,"electedInformation":"ELECTED","totalVotesPercent":5.8,"nominatorName":{"fi":"Vasemmistoliitto","sv":"Vänsterförbundet","en":"The Left Alliance"},"caid":16,"position":0,"gender":"2","comparisonData":{"totalVotes":0,"votesTotalChange":93},"edid":13,"comparativeIndex":0.0,"electionDayVotesPercent":4.8,"nominatorAbbr":{"fi":"VAS","sv":"VF","en":"LEFT"}},{"age":48,"advanceVotesPercent":2.9,"lastname":"Huilaja","occupation":"YTM, koulukuraattori","advanceVotes":29,"npid":3,"totalVotes":79,"spid":5,"abbr":"VIHR","municipalCouncilor":false,"muid":261,"alid":3,"firstname":"Tiina","electionDayVotes":50,"pid":"13","finalPosition":0,"electedInformation":"ELECTED","totalVotesPercent":4.9,"nominatorName":{"fi":"Vihreä liitto","sv":"Gröna förbundet","en":"Green League"},"caid":21,"position":0,"gender":"2","comparisonData":{"totalVotes":0,"votesTotalChange":79},"edid":13,"comparativeIndex":0.0,"electionDayVotesPercent":8.2,"nominatorAbbr":{"fi":"VIHR","sv":"Gröna","en":"GREEN"}},{"age":37,"advanceVotesPercent":3.2,"lastname":"Kenttälä","occupation":"yrittäjä","advanceVotes":32,"npid":7,"totalVotes":72,"spid":3,"abbr":"PS","municipalCouncilor":false,"muid":261,"alid":6,"firstname":"Toni","electionDayVotes":40,"pid":"23","finalPosition":0,"electedInformation":"ELECTED","totalVotesPercent":4.5,"nominatorName":{"fi":"Perussuomalaiset","sv":"Sannfinländarna","en":"The Finns Party"},"caid":57,"position":0,"gender":"1","comparisonData":{"totalVotes":0,"votesTotalChange":72},"edid":13,"comparativeIndex":0.0,"electionDayVotesPercent":6.6,"nominatorAbbr":{"fi":"PS","sv":"Sannf","en":"FINNS"}},{"age":63,"advanceVotesPercent":2.5,"lastname":"Palosaari","occupation":"yrittäjä","advanceVotes":25,"npid":6,"totalVotes":51,"spid":8,"abbr":"KD","municipalCouncilor":false,"muid":261,"alid":5,"firstname":"Raija","electionDayVotes":26,"pid":"9","finalPosition":0,"electedInformation":"ELECTED","totalVotesPercent":3.2,"nominatorName":{"fi":"Suomen Kristillisdemokraatit (KD)","sv":"Kristdemokraterna i Finland (KD)","en":"Christian Democrats in Finland"},"caid":52,"position":0,"gender":"2","comparisonData":{"totalVotes":0,"votesTotalChange":51},"edid":13,"comparativeIndex":0.0,"electionDayVotesPercent":4.3,"nominatorAbbr":{"fi":"KD","sv":"KD","en":"CD"}},{"age":51,"advanceVotesPercent":2.6,"lastname":"Rajala","occupation":"turvallisuuspäällikkö","advanceVotes":26,"npid":5,"totalVotes":49,"spid":1,"abbr":"KESK","municipalCouncilor":false,"muid":261,"alid":5,"firstname":"Pekka","electionDayVotes":23,"pid":"2","finalPosition":0,"electedInformation":"ELECTED","totalVotesPercent":3.1,"nominatorName":{"fi":"Suomen Keskusta","sv":"Centern i Finland","en":"Centre Party of Finland"},"caid":47,"position":0,"gender":"1","comparisonData":{"totalVotes":40,"votesTotalChange":9},"edid":13,"comparativeIndex":0.0,"electionDayVotesPercent":3.8,"nominatorAbbr":{"fi":"KESK","sv":"C","en":"CENT"}},{"age":64,"advanceVotesPercent":3.3,"lastname":"Salmi","occupation":"eläkeläinen, poliisi","advanceVotes":33,"npid":5,"totalVotes":48,"spid":1,"abbr":"KESK","municipalCouncilor":true,"muid":261,"alid":5,"firstname":"Jukka","electionDayVotes":15,"pid":"2","finalPosition":0,"electedInformation":"ELECTED","totalVotesPercent":3.0,"nominatorName":{"fi":"Suomen Keskusta","sv":"Centern i Finland","en":"Centre Party of Finland"},"caid":50,"position":0,"gender":"1","comparisonData":{"totalVotes":54,"votesTotalChange":-6},"edid":13,"comparativeIndex":0.0,"electionDayVotesPercent":2.5,"nominatorAbbr":{"fi":"KESK","sv":"C","en":"CENT"}},{"age":58,"advanceVotesPercent":3.2,"lastname":"Linnala","occupation":"perushoitaja, artesaani","advanceVotes":32,"npid":9,"totalVotes":47,"spid":99,"abbr":"Muut","municipalCouncilor":false,"muid":261,"alid":8,"firstname":"Maija-Leena","electionDayVotes":15,"pid":"2619","finalPosition":0,"electedInformation":"ELECTED","totalVotesPercent":2.9,"nominatorName":{"fi":"Oikeudenmukainen Kittilä","sv":"Oikeudenmukainen Kittilä","en":"Oikeudenmukainen Kittilä"},"caid":77,"position":0,"gender":"2","comparisonData":{"totalVotes":0,"votesTotalChange":47},"edid":13,"comparativeIndex":0.0,"electionDayVotesPercent":2.5,"nominatorAbbr":{"fi":"OMK","sv":"OMK","en":"OMK"}},{"age":58,"advanceVotesPercent":3.9,"lastname":"Nevalainen","occupation":"poromies","advanceVotes":38,"npid":2,"totalVotes":41,"spid":6,"abbr":"VAS","municipalCouncilor":false,"muid":261,"alid":2,"firstname":"Aki","electionDayVotes":3,"pid":"15","finalPosition":0,"electedInformation":"ELECTED","totalVotesPercent":2.6,"nominatorName":{"fi":"Vasemmistoliitto","sv":"Vänsterförbundet","en":"The Left Alliance"},"caid":13,"position":0,"gender":"1","comparisonData":{"totalVotes":32,"votesTotalChange":9},"edid":13,"comparativeIndex":0.0,"electionDayVotesPercent":0.5,"nominatorAbbr":{"fi":"VAS","sv":"VF","en":"LEFT"}},{"age":64,"advanceVotesPercent":3.1,"lastname":"Salonen","occupation":"sähköteknikko","advanceVotes":31,"npid":7,"totalVotes":39,"spid":3,"abbr":"PS","municipalCouncilor":true,"muid":261,"alid":6,"firstname":"Tarmo","electionDayVotes":8,"pid":"23","finalPosition":0,"electedInformation":"ELECTED","totalVotesPercent":2.4,"nominatorName":{"fi":"Perussuomalaiset","sv":"Sannfinländarna","en":"The Finns Party"},"caid":68,"position":0,"gender":"1","comparisonData":{"totalVotes":257,"votesTotalChange":-218},"edid":13,"comparativeIndex":0.0,"electionDayVotesPercent":1.3,"nominatorAbbr":{"fi":"PS","sv":"Sannf","en":"FINNS"}},{"age":43,"advanceVotesPercent":2.5,"lastname":"Saarela","occupation":"proviisori","advanceVotes":25,"npid":5,"totalVotes":38,"spid":1,"abbr":"KESK","municipalCouncilor":true,"muid":261,"alid":5,"firstname":"Mikko","electionDayVotes":13,"pid":"2","finalPosition":0,"electedInformation":"ELECTED","totalVotesPercent":2.4,"nominatorName":{"fi":"Suomen Keskusta","sv":"Centern i Finland","en":"Centre Party of Finland"},"caid":49,"position":0,"gender":"1","comparisonData":{"totalVotes":47,"votesTotalChange":-9},"edid":13,"comparativeIndex":0.0,"electionDayVotesPercent":2.1,"nominatorAbbr":{"fi":"KESK","sv":"C","en":"CENT"}},{"age":64,"advanceVotesPercent":2.8,"lastname":"Mertaniemi","occupation":"eläkeläinen, fil.maisteri","advanceVotes":28,"npid":9,"totalVotes":37,"spid":99,"abbr":"Muut","municipalCouncilor":false,"muid":261,"alid":8,"firstname":"Tuula","electionDayVotes":9,"pid":"2619","finalPosition":0,"electedInformation":"ELECTED","totalVotesPercent":2.3,"nominatorName":{"fi":"Oikeudenmukainen Kittilä","sv":"Oikeudenmukainen Kittilä","en":"Oikeudenmukainen Kittilä"},"caid":78,"position":0,"gender":"2","comparisonData":{"totalVotes":0,"votesTotalChange":37},"edid":13,"comparativeIndex":0.0,"electionDayVotesPercent":1.5,"nominatorAbbr":{"fi":"OMK","sv":"OMK","en":"OMK"}},{"age":25,"advanceVotesPercent":1.7,"lastname":"Erkkilä","occupation":"YTK, opiskelija","advanceVotes":17,"npid":8,"totalVotes":36,"spid":99,"abbr":"Muut","municipalCouncilor":true,"muid":261,"alid":7,"firstname":"Akseli","electionDayVotes":19,"pid":"2618","finalPosition":0,"electedInformation":"ELECTED","totalVotesPercent":2.3,"nominatorName":{"fi":"Kuntalaislista","sv":"Kuntalaislista","en":"Kuntalaislista"},"caid":70,"position":0,"gender":"1","comparisonData":{"totalVotes":163,"votesTotalChange":-127},"edid":13,"comparativeIndex":0.0,"electionDayVotesPercent":3.1,"nominatorAbbr":{"fi":"KL","sv":"KL","en":"KL"}},{"age":68,"advanceVotesPercent":2.2,"lastname":"Kautto","occupation":"sahayrittäjä, eläkeläinen","advanceVotes":22,"npid":1,"totalVotes":33,"spid":4,"abbr":"SDP","municipalCouncilor":false,"muid":261,"alid":1,"firstname":"Sakari","electionDayVotes":11,"pid":"1","finalPosition":0,"electedInformation":"ELECTED","totalVotesPercent":2.1,"nominatorName":{"fi":"Suomen Sosialidemokraattinen Puolue","sv":"Finlands Socialdemokratiska Parti","en":"The Finnish Social Democratic Party"},"caid":3,"position":0,"gender":"1","comparisonData":{"totalVotes":0,"votesTotalChange":33},"edid":13,"comparativeIndex":0.0,"electionDayVotesPercent":1.8,"nominatorAbbr":{"fi":"SDP","sv":"SDP","en":"SDP"}},{"age":62,"advanceVotesPercent":2.2,"lastname":"Fagerholm","occupation":"asiakaspalveluhenkilö","advanceVotes":22,"npid":2,"totalVotes":33,"spid":6,"abbr":"VAS","municipalCouncilor":true,"muid":261,"alid":2,"firstname":"Raili","electionDayVotes":11,"pid":"15","finalPosition":0,"electedInformation":"ELECTED","totalVotesPercent":2.1,"nominatorName":{"fi":"Vasemmistoliitto","sv":"Vänsterförbundet","en":"The Left Alliance"},"caid":7,"position":0,"gender":"2","comparisonData":{"totalVotes":64,"votesTotalChange":-31},"edid":13,"comparativeIndex":0.0,"electionDayVotesPercent":1.8,"nominatorAbbr":{"fi":"VAS","sv":"VF","en":"LEFT"}},{"age":49,"advanceVotesPercent":1.6,"lastname":"Kivisaari","occupation":"toimitusjohtaja","advanceVotes":16,"npid":5,"totalVotes":30,"spid":1,"abbr":"KESK","municipalCouncilor":false,"muid":261,"alid":5,"firstname":"Yrjötapio","electionDayVotes":14,"pid":"2","finalPosition":0,"electedInformation":"ELECTED","totalVotesPercent":1.9,"nominatorName":{"fi":"Suomen Keskusta","sv":"Centern i Finland","en":"Centre Party of Finland"},"caid":37,"position":0,"gender":"1","comparisonData":{"totalVotes":72,"votesTotalChange":-42},"edid":13,"comparativeIndex":0.0,"electionDayVotesPercent":2.3,"nominatorAbbr":{"fi":"KESK","sv":"C","en":"CENT"}},{"age":58,"advanceVotesPercent":1.6,"lastname":"Moksi","occupation":"lähihoitaja","advanceVotes":16,"npid":1,"totalVotes":28,"spid":4,"abbr":"SDP","municipalCouncilor":false,"muid":261,"alid":1,"firstname":"Aila","electionDayVotes":12,"pid":"1","finalPosition":0,"electedInformation":"ON_SUBSTITUTE_PLACE","totalVotesPercent":1.8,"nominatorName":{"fi":"Suomen Sosialidemokraattinen Puolue","sv":"Finlands Socialdemokratiska Parti","en":"The Finnish Social Democratic Party"},"caid":4,"position":0,"gender":"2","comparisonData":{"totalVotes":0,"votesTotalChange":28},"edid":13,"comparativeIndex":0.0,"electionDayVotesPercent":2.0,"nominatorAbbr":{"fi":"SDP","sv":"SDP","en":"SDP"}},{"age":58,"advanceVotesPercent":1.1,"lastname":"Junnola","occupation":"lennonvarmennusteknikko","advanceVotes":11,"npid":5,"totalVotes":28,"spid":1,"abbr":"KESK","municipalCouncilor":false,"muid":261,"alid":5,"firstname":"Veli-Matti","electionDayVotes":17,"pid":"2","finalPosition":0,"electedInformation":"ON_SUBSTITUTE_PLACE","totalVotesPercent":1.8,"nominatorName":{"fi":"Suomen Keskusta","sv":"Centern i Finland","en":"Centre Party of Finland"},"caid":35,"position":0,"gender":"1","comparisonData":{"totalVotes":44,"votesTotalChange":-16},"edid":13,"comparativeIndex":0.0,"electionDayVotesPercent":2.8,"nominatorAbbr":{"fi":"KESK","sv":"C","en":"CENT"}},{"age":41,"advanceVotesPercent":1.6,"lastname":"Kantola","occupation":"myymälävastaava","advanceVotes":16,"npid":5,"totalVotes":25,"spid":1,"abbr":"KESK","municipalCouncilor":true,"muid":261,"alid":5,"firstname":"Susanna","electionDayVotes":9,"pid":"2","finalPosition":0,"electedInformation":"ELECTED","totalVotesPercent":1.6,"nominatorName":{"fi":"Suomen Keskusta","sv":"Centern i Finland","en":"Centre Party of Finland"},"caid":36,"position":0,"gender":"2","comparisonData":{"totalVotes":68,"votesTotalChange":-43},"edid":13,"comparativeIndex":0.0,"electionDayVotesPercent":1.5,"nominatorAbbr":{"fi":"KESK","sv":"C","en":"CENT"}},{"age":59,"advanceVotesPercent":1.8,"lastname":"Rantajääskö","occupation":"nuohous- ja ilmastointialan yrittäjä","advanceVotes":18,"npid":5,"totalVotes":23,"spid":1,"abbr":"KESK","municipalCouncilor":true,"muid":261,"alid":5,"firstname":"Tapani","electionDayVotes":5,"pid":"2","finalPosition":0,"electedInformation":"ELECTED","totalVotesPercent":1.4,"nominatorName":{"fi":"Suomen Keskusta","sv":"Centern i Finland","en":"Centre Party of Finland"},"caid":48,"position":0,"gender":"1","comparisonData":{"totalVotes":89,"votesTotalChange":-66},"edid":13,"comparativeIndex":0.0,"electionDayVotesPercent":0.8,"nominatorAbbr":{"fi":"KESK","sv":"C","en":"CENT"}},{"age":69,"advanceVotesPercent":1.8,"lastname":"Nikka","occupation":"sairaanhoitaja","advanceVotes":18,"npid":7,"totalVotes":23,"spid":3,"abbr":"PS","municipalCouncilor":true,"muid":261,"alid":6,"firstname":"Milja","electionDayVotes":5,"pid":"23","finalPosition":0,"electedInformation":"ON_SUBSTITUTE_PLACE","totalVotesPercent":1.4,"nominatorName":{"fi":"Perussuomalaiset","sv":"Sannfinländarna","en":"The Finns Party"},"caid":64,"position":0,"gender":"2","comparisonData":{"totalVotes":95,"votesTotalChange":-72},"edid":13,"comparativeIndex":0.0,"electionDayVotesPercent":0.8,"nominatorAbbr":{"fi":"PS","sv":"Sannf","en":"FINNS"}},{"age":56,"advanceVotesPercent":1.9,"lastname":"Korva","occupation":"erikoissairaanhoitaja, kehitysvammahoitaja","advanceVotes":19,"npid":5,"totalVotes":22,"spid":1,"abbr":"KESK","municipalCouncilor":true,"muid":261,"alid":5,"firstname":"Merja","electionDayVotes":3,"pid":"2","finalPosition":0,"electedInformation":"ELECTED","totalVotesPercent":1.4,"nominatorName":{"fi":"Suomen Keskusta","sv":"Centern i Finland","en":"Centre Party of Finland"},"caid":38,"position":0,"gender":"2","comparisonData":{"totalVotes":58,"votesTotalChange":-36},"edid":13,"comparativeIndex":0.0,"electionDayVotesPercent":0.5,"nominatorAbbr":{"fi":"KESK","sv":"C","en":"CENT"}},{"age":67,"advanceVotesPercent":1.2,"lastname":"Mäkitalo","occupation":"toimitusjohtaja, talousneuvos","advanceVotes":12,"npid":5,"totalVotes":22,"spid":1,"abbr":"KESK","municipalCouncilor":true,"muid":261,"alid":5,"firstname":"Markku","electionDayVotes":10,"pid":"2","finalPosition":0,"electedInformation":"ON_SUBSTITUTE_PLACE","totalVotesPercent":1.4,"nominatorName":{"fi":"Suomen Keskusta","sv":"Centern i Finland","en":"Centre Party of Finland"},"caid":41,"position":0,"gender":"1","comparisonData":{"totalVotes":64,"votesTotalChange":-42},"edid":13,"comparativeIndex":0.0,"electionDayVotesPercent":1.6,"nominatorAbbr":{"fi":"KESK","sv":"C","en":"CENT"}},{"age":35,"advanceVotesPercent":1.7,"lastname":"Lompolo","occupation":"turvallisuusvalvoja, järjestyksenvalvoja","advanceVotes":17,"npid":8,"totalVotes":22,"spid":99,"abbr":"Muut","municipalCouncilor":false,"muid":261,"alid":7,"firstname":"Mikko","electionDayVotes":5,"pid":"2618","finalPosition":0,"electedInformation":"ON_SUBSTITUTE_PLACE","totalVotesPercent":1.4,"nominatorName":{"fi":"Kuntalaislista","sv":"Kuntalaislista","en":"Kuntalaislista"},"caid":73,"position":0,"gender":"1","comparisonData":{"totalVotes":0,"votesTotalChange":22},"edid":13,"comparativeIndex":0.0,"electionDayVotesPercent":0.8,"nominatorAbbr":{"fi":"KL","sv":"KL","en":"KL"}},{"age":35,"advanceVotesPercent":1.1,"lastname":"Jääskö","occupation":"nuorisotyöntekijä","advanceVotes":11,"npid":4,"totalVotes":21,"spid":2,"abbr":"KOK","municipalCouncilor":false,"muid":261,"alid":4,"firstname":"Tuomas","electionDayVotes":10,"pid":"4","finalPosition":0,"electedInformation":"ON_SUBSTITUTE_PLACE","totalVotesPercent":1.3,"nominatorName":{"fi":"Kansallinen Kokoomus","sv":"Samlingspartiet","en":"National Coalition Party"},"caid":22,"position":0,"gender":"1","comparisonData":{"totalVotes":23,"votesTotalChange":-2},"edid":13,"comparativeIndex":0.0,"electionDayVotesPercent":1.6,"nominatorAbbr":{"fi":"KOK","sv":"Saml","en":"NCP"}},{"age":50,"advanceVotesPercent":0.7,"lastname":"Hettula","occupation":"myyjä","advanceVotes":7,"npid":1,"totalVotes":20,"spid":4,"abbr":"SDP","municipalCouncilor":false,"muid":261,"alid":1,"firstname":"Arto","electionDayVotes":13,"pid":"1","finalPosition":0,"electedInformation":"ON_SUBSTITUTE_PLACE","totalVotesPercent":1.3,"nominatorName":{"fi":"Suomen Sosialidemokraattinen Puolue","sv":"Finlands Socialdemokratiska Parti","en":"The Finnish Social Democratic Party"},"caid":2,"position":0,"gender":"1","comparisonData":{"totalVotes":37,"votesTotalChange":-17},"edid":13,"comparativeIndex":0.0,"electionDayVotesPercent":2.1,"nominatorAbbr":{"fi":"SDP","sv":"SDP","en":"SDP"}},{"age":51,"advanceVotesPercent":0.7,"lastname":"Niskanen","occupation":"sosionomi AMK","advanceVotes":7,"npid":5,"totalVotes":18,"spid":1,"abbr":"KESK","municipalCouncilor":false,"muid":261,"alid":5,"firstname":"Maarit","electionDayVotes":11,"pid":"2","finalPosition":0,"electedInformation":"ON_SUBSTITUTE_PLACE","totalVotesPercent":1.1,"nominatorName":{"fi":"Suomen Keskusta","sv":"Centern i Finland","en":"Centre Party of Finland"},"caid":44,"position":0,"gender":"2","comparisonData":{"totalVotes":0,"votesTotalChange":18},"edid":13,"comparativeIndex":0.0,"electionDayVotesPercent":1.8,"nominatorAbbr":{"fi":"KESK","sv":"C","en":"CENT"}},{"age":51,"advanceVotesPercent":0.6,"lastname":"Toivola","occupation":"poromies, yrittäjä","advanceVotes":6,"npid":5,"totalVotes":17,"spid":1,"abbr":"KESK","municipalCouncilor":false,"muid":261,"alid":5,"firstname":"Juha","electionDayVotes":11,"pid":"2","finalPosition":0,"electedInformation":"ON_SUBSTITUTE_PLACE","totalVotesPercent":1.1,"nominatorName":{"fi":"Suomen Keskusta","sv":"Centern i Finland","en":"Centre Party of Finland"},"caid":51,"position":0,"gender":"1","comparisonData":{"totalVotes":30,"votesTotalChange":-13},"edid":13,"comparativeIndex":0.0,"electionDayVotesPercent":1.8,"nominatorAbbr":{"fi":"KESK","sv":"C","en":"CENT"}},{"age":62,"advanceVotesPercent":0.8,"lastname":"Ylläsjärvi","occupation":"eläkeläinen, erityisopettaja","advanceVotes":8,"npid":9,"totalVotes":17,"spid":99,"abbr":"Muut","municipalCouncilor":false,"muid":261,"alid":8,"firstname":"Esa","electionDayVotes":9,"pid":"2619","finalPosition":0,"electedInformation":"ON_SUBSTITUTE_PLACE","totalVotesPercent":1.1,"nominatorName":{"fi":"Oikeudenmukainen Kittilä","sv":"Oikeudenmukainen Kittilä","en":"Oikeudenmukainen Kittilä"},"caid":82,"position":0,"gender":"1","comparisonData":{"totalVotes":33,"votesTotalChange":-16},"edid":13,"comparativeIndex":0.0,"electionDayVotesPercent":1.5,"nominatorAbbr":{"fi":"OMK","sv":"OMK","en":"OMK"}},{"age":57,"advanceVotesPercent":1.3,"lastname":"Kenttälä","occupation":"luontovalvoja, alueluottamusmies","advanceVotes":13,"npid":2,"totalVotes":16,"spid":6,"abbr":"VAS","municipalCouncilor":false,"muid":261,"alid":2,"firstname":"Pekka","electionDayVotes":3,"pid":"15","finalPosition":0,"electedInformation":"ON_SUBSTITUTE_PLACE","totalVotesPercent":1.0,"nominatorName":{"fi":"Vasemmistoliitto","sv":"Vänsterförbundet","en":"The Left Alliance"},"caid":9,"position":0,"gender":"1","comparisonData":{"totalVotes":0,"votesTotalChange":16},"edid":13,"comparativeIndex":0.0,"electionDayVotesPercent":0.5,"nominatorAbbr":{"fi":"VAS","sv":"VF","en":"LEFT"}},{"age":54,"advanceVotesPercent":1.0,"lastname":"Nevalainen","occupation":"toimistovirkailija","advanceVotes":10,"npid":2,"totalVotes":16,"spid":6,"abbr":"VAS","municipalCouncilor":true,"muid":261,"alid":2,"firstname":"Paula","electionDayVotes":6,"pid":"15","finalPosition":0,"electedInformation":"ELECTED","totalVotesPercent":1.0,"nominatorName":{"fi":"Vasemmistoliitto","sv":"Vänsterförbundet","en":"The Left Alliance"},"caid":14,"position":0,"gender":"2","comparisonData":{"totalVotes":55,"votesTotalChange":-39},"edid":13,"comparativeIndex":0.0,"electionDayVotesPercent":1.0,"nominatorAbbr":{"fi":"VAS","sv":"VF","en":"LEFT"}},{"age":24,"advanceVotesPercent":1.0,"lastname":"Vuolli","occupation":"insinööri","advanceVotes":10,"npid":2,"totalVotes":15,"spid":6,"abbr":"VAS","municipalCouncilor":false,"muid":261,"alid":2,"firstname":"Oula","electionDayVotes":5,"pid":"15","finalPosition":0,"electedInformation":"NOT_ELECTED","totalVotesPercent":0.9,"nominatorName":{"fi":"Vasemmistoliitto","sv":"Vänsterförbundet","en":"The Left Alliance"},"caid":18,"position":0,"gender":"1","comparisonData":{"totalVotes":0,"votesTotalChange":15},"edid":13,"comparativeIndex":0.0,"electionDayVotesPercent":0.8,"nominatorAbbr":{"fi":"VAS","sv":"VF","en":"LEFT"}},{"age":66,"advanceVotesPercent":1.2,"lastname":"Jauhojärvi","occupation":"eläkeläinen, lastenhoitaja","advanceVotes":12,"npid":5,"totalVotes":15,"spid":1,"abbr":"KESK","municipalCouncilor":false,"muid":261,"alid":5,"firstname":"Pirkko","electionDayVotes":3,"pid":"2","finalPosition":0,"electedInformation":"NOT_ELECTED","totalVotesPercent":0.9,"nominatorName":{"fi":"Suomen Keskusta","sv":"Centern i Finland","en":"Centre Party of Finland"},"caid":33,"position":0,"gender":"2","comparisonData":{"totalVotes":38,"votesTotalChange":-23},"edid":13,"comparativeIndex":0.0,"electionDayVotesPercent":0.5,"nominatorAbbr":{"fi":"KESK","sv":"C","en":"CENT"}},{"age":48,"advanceVotesPercent":1.1,"lastname":"Vanhatalo","occupation":"pääkirjanpitäjä","advanceVotes":11,"npid":9,"totalVotes":15,"spid":99,"abbr":"Muut","municipalCouncilor":false,"muid":261,"alid":8,"firstname":"Leena","electionDayVotes":4,"pid":"2619","finalPosition":0,"electedInformation":"ELECTED","totalVotesPercent":0.9,"nominatorName":{"fi":"Oikeudenmukainen Kittilä","sv":"Oikeudenmukainen Kittilä","en":"Oikeudenmukainen Kittilä"},"caid":81,"position":0,"gender":"2","comparisonData":{"totalVotes":0,"votesTotalChange":15},"edid":13,"comparativeIndex":0.0,"electionDayVotesPercent":0.7,"nominatorAbbr":{"fi":"OMK","sv":"OMK","en":"OMK"}},{"age":52,"advanceVotesPercent":0.9,"lastname":"Rantanen","occupation":"yrittäjä","advanceVotes":9,"npid":4,"totalVotes":14,"spid":2,"abbr":"KOK","municipalCouncilor":false,"muid":261,"alid":4,"firstname":"Jorma","electionDayVotes":5,"pid":"4","finalPosition":0,"electedInformation":"NOT_ELECTED","totalVotesPercent":0.9,"nominatorName":{"fi":"Kansallinen Kokoomus","sv":"Samlingspartiet","en":"National Coalition Party"},"caid":28,"position":0,"gender":"1","comparisonData":{"totalVotes":33,"votesTotalChange":-19},"edid":13,"comparativeIndex":0.0,"electionDayVotesPercent":0.8,"nominatorAbbr":{"fi":"KOK","sv":"Saml","en":"NCP"}},{"age":62,"advanceVotesPercent":0.8,"lastname":"Mäntymaa","occupation":"arkkitehti","advanceVotes":8,"npid":5,"totalVotes":14,"spid":1,"abbr":"KESK","municipalCouncilor":true,"muid":261,"alid":5,"firstname":"Vuokko","electionDayVotes":6,"pid":"2","finalPosition":0,"electedInformation":"ELECTED","totalVotesPercent":0.9,"nominatorName":{"fi":"Suomen Keskusta","sv":"Centern i Finland","en":"Centre Party of Finland"},"caid":42,"position":0,"gender":"2","comparisonData":{"totalVotes":52,"votesTotalChange":-38},"edid":13,"comparativeIndex":0.0,"electionDayVotesPercent":1.0,"nominatorAbbr":{"fi":"KESK","sv":"C","en":"CENT"}},{"age":66,"advanceVotesPercent":1.1,"lastname":"Rauhala","occupation":"eläkeläinen","advanceVotes":11,"npid":2,"totalVotes":13,"spid":6,"abbr":"VAS","municipalCouncilor":false,"muid":261,"alid":2,"firstname":"Esa","electionDayVotes":2,"pid":"15","finalPosition":0,"electedInformation":"ON_SUBSTITUTE_PLACE","totalVotesPercent":0.8,"nominatorName":{"fi":"Vasemmistoliitto","sv":"Vänsterförbundet","en":"The Left Alliance"},"caid":15,"position":0,"gender":"1","comparisonData":{"totalVotes":0,"votesTotalChange":13},"edid":13,"comparativeIndex":0.0,"electionDayVotesPercent":0.3,"nominatorAbbr":{"fi":"VAS","sv":"VF","en":"LEFT"}},{"age":37,"advanceVotesPercent":0.3,"lastname":"Pekkala","occupation":"rakennusinsinööri","advanceVotes":3,"npid":7,"totalVotes":13,"spid":3,"abbr":"PS","municipalCouncilor":false,"muid":261,"alid":6,"firstname":"Antti","electionDayVotes":10,"pid":"23","finalPosition":0,"electedInformation":"ELECTED","totalVotesPercent":0.8,"nominatorName":{"fi":"Perussuomalaiset","sv":"Sannfinländarna","en":"The Finns Party"},"caid":65,"position":0,"gender":"1","comparisonData":{"totalVotes":0,"votesTotalChange":13},"edid":13,"comparativeIndex":0.0,"electionDayVotesPercent":1.6,"nominatorAbbr":{"fi":"PS","sv":"Sannf","en":"FINNS"}},{"age":67,"advanceVotesPercent":0.6,"lastname":"Toivola","occupation":"eläkeläinen","advanceVotes":6,"npid":1,"totalVotes":12,"spid":4,"abbr":"SDP","municipalCouncilor":false,"muid":261,"alid":1,"firstname":"Ritva","electionDayVotes":6,"pid":"1","finalPosition":0,"electedInformation":"NOT_ELECTED","totalVotesPercent":0.8,"nominatorName":{"fi":"Suomen Sosialidemokraattinen Puolue","sv":"Finlands Socialdemokratiska Parti","en":"The Finnish Social Democratic Party"},"caid":5,"position":0,"gender":"2","comparisonData":{"totalVotes":49,"votesTotalChange":-37},"edid":13,"comparativeIndex":0.0,"electionDayVotesPercent":1.0,"nominatorAbbr":{"fi":"SDP","sv":"SDP","en":"SDP"}},{"age":37,"advanceVotesPercent":0.8,"lastname":"Jokela","occupation":"rajavartija","advanceVotes":8,"npid":5,"totalVotes":12,"spid":1,"abbr":"KESK","municipalCouncilor":false,"muid":261,"alid":5,"firstname":"Ville","electionDayVotes":4,"pid":"2","finalPosition":0,"electedInformation":"ON_SUBSTITUTE_PLACE","totalVotesPercent":0.8,"nominatorName":{"fi":"Suomen Keskusta","sv":"Centern i Finland","en":"Centre Party of Finland"},"caid":34,"position":0,"gender":"1","comparisonData":{"totalVotes":41,"votesTotalChange":-29},"edid":13,"comparativeIndex":0.0,"electionDayVotesPercent":0.7,"nominatorAbbr":{"fi":"KESK","sv":"C","en":"CENT"}},{"age":41,"advanceVotesPercent":0.5,"lastname":"Kuusela","occupation":"yrittäjä","advanceVotes":5,"npid":5,"totalVotes":12,"spid":1,"abbr":"KESK","municipalCouncilor":true,"muid":261,"alid":5,"firstname":"Mika","electionDayVotes":7,"pid":"2","finalPosition":0,"electedInformation":"ON_SUBSTITUTE_PLACE","totalVotesPercent":0.8,"nominatorName":{"fi":"Suomen Keskusta","sv":"Centern i Finland","en":"Centre Party of Finland"},"caid":39,"position":0,"gender":"1","comparisonData":{"totalVotes":49,"votesTotalChange":-37},"edid":13,"comparativeIndex":0.0,"electionDayVotesPercent":1.1,"nominatorAbbr":{"fi":"KESK","sv":"C","en":"CENT"}},{"age":32,"advanceVotesPercent":1.0,"lastname":"Niva","occupation":"linja-autonkuljettaja, merkonomi","advanceVotes":10,"npid":8,"totalVotes":12,"spid":99,"abbr":"Muut","municipalCouncilor":true,"muid":261,"alid":7,"firstname":"Jukka","electionDayVotes":2,"pid":"2618","finalPosition":0,"electedInformation":"NOT_ELECTED","totalVotesPercent":0.8,"nominatorName":{"fi":"Kuntalaislista","sv":"Kuntalaislista","en":"Kuntalaislista"},"caid":74,"position":0,"gender":"1","comparisonData":{"totalVotes":44,"votesTotalChange":-32},"edid":13,"comparativeIndex":0.0,"electionDayVotesPercent":0.3,"nominatorAbbr":{"fi":"KL","sv":"KL","en":"KL"}},{"age":51,"advanceVotesPercent":0.5,"lastname":"Kangas","occupation":"insinööri AMK","advanceVotes":5,"npid":9,"totalVotes":12,"spid":99,"abbr":"Muut","municipalCouncilor":false,"muid":261,"alid":8,"firstname":"Pentti","electionDayVotes":7,"pid":"2619","finalPosition":0,"electedInformation":"ELECTED","totalVotesPercent":0.8,"nominatorName":{"fi":"Oikeudenmukainen Kittilä","sv":"Oikeudenmukainen Kittilä","en":"Oikeudenmukainen Kittilä"},"caid":75,"position":0,"gender":"1","comparisonData":{"totalVotes":0,"votesTotalChange":12},"edid":13,"comparativeIndex":0.0,"electionDayVotesPercent":1.1,"nominatorAbbr":{"fi":"OMK","sv":"OMK","en":"OMK"}},{"age":33,"advanceVotesPercent":0.2,"lastname":"Poti","occupation":"johtava hoitaja","advanceVotes":2,"npid":4,"totalVotes":11,"spid":2,"abbr":"KOK","municipalCouncilor":false,"muid":261,"alid":4,"firstname":"Jukka","electionDayVotes":9,"pid":"4","finalPosition":0,"electedInformation":"ELECTED","totalVotesPercent":0.7,"nominatorName":{"fi":"Kansallinen Kokoomus","sv":"Samlingspartiet","en":"National Coalition Party"},"caid":27,"position":0,"gender":"1","comparisonData":{"totalVotes":0,"votesTotalChange":11},"edid":13,"comparativeIndex":0.0,"electionDayVotesPercent":1.5,"nominatorAbbr":{"fi":"KOK","sv":"Saml","en":"NCP"}},{"age":32,"advanceVotesPercent":0.5,"lastname":"Sieppi","occupation":"automaatioinsinööri AMK","advanceVotes":5,"npid":4,"totalVotes":10,"spid":2,"abbr":"KOK","municipalCouncilor":false,"muid":261,"alid":4,"firstname":"Taru","electionDayVotes":5,"pid":"4","finalPosition":0,"electedInformation":"ON_SUBSTITUTE_PLACE","totalVotesPercent":0.6,"nominatorName":{"fi":"Kansallinen Kokoomus","sv":"Samlingspartiet","en":"National Coalition Party"},"caid":29,"position":0,"gender":"2","comparisonData":{"totalVotes":0,"votesTotalChange":10},"edid":13,"comparativeIndex":0.0,"electionDayVotesPercent":0.8,"nominatorAbbr":{"fi":"KOK","sv":"Saml","en":"NCP"}},{"age":70,"advanceVotesPercent":0.6,"lastname":"Vaara","occupation":"eläkeläinen","advanceVotes":6,"npid":9,"totalVotes":10,"spid":99,"abbr":"Muut","municipalCouncilor":false,"muid":261,"alid":8,"firstname":"Yrjö","electionDayVotes":4,"pid":"2619","finalPosition":0,"electedInformation":"ON_SUBSTITUTE_PLACE","totalVotesPercent":0.6,"nominatorName":{"fi":"Oikeudenmukainen Kittilä","sv":"Oikeudenmukainen Kittilä","en":"Oikeudenmukainen Kittilä"},"caid":80,"position":0,"gender":"1","comparisonData":{"totalVotes":17,"votesTotalChange":-7},"edid":13,"comparativeIndex":0.0,"electionDayVotesPercent":0.7,"nominatorAbbr":{"fi":"OMK","sv":"OMK","en":"OMK"}},{"age":18,"advanceVotesPercent":0.3,"lastname":"Kyrö","occupation":"opiskelija","advanceVotes":3,"npid":2,"totalVotes":9,"spid":6,"abbr":"VAS","municipalCouncilor":false,"muid":261,"alid":2,"firstname":"Saku","electionDayVotes":6,"pid":"15","finalPosition":0,"electedInformation":"NOT_ELECTED","totalVotesPercent":0.6,"nominatorName":{"fi":"Vasemmistoliitto","sv":"Vänsterförbundet","en":"The Left Alliance"},"caid":11,"position":0,"gender":"1","comparisonData":{"totalVotes":0,"votesTotalChange":9},"edid":13,"comparativeIndex":0.0,"electionDayVotesPercent":1.0,"nominatorAbbr":{"fi":"VAS","sv":"VF","en":"LEFT"}},{"age":34,"advanceVotesPercent":0.5,"lastname":"Ylisuvanto","occupation":"kokki, kääntäjä","advanceVotes":5,"npid":2,"totalVotes":9,"spid":6,"abbr":"VAS","municipalCouncilor":false,"muid":261,"alid":2,"firstname":"Jukka","electionDayVotes":4,"pid":"15","finalPosition":0,"electedInformation":"ON_SUBSTITUTE_PLACE","totalVotesPercent":0.6,"nominatorName":{"fi":"Vasemmistoliitto","sv":"Vänsterförbundet","en":"The Left Alliance"},"caid":20,"position":0,"gender":"1","comparisonData":{"totalVotes":6,"votesTotalChange":3},"edid":13,"comparativeIndex":0.0,"electionDayVotesPercent":0.7,"nominatorAbbr":{"fi":"VAS","sv":"VF","en":"LEFT"}},{"age":39,"advanceVotesPercent":0.8,"lastname":"Ala","occupation":"tekninen myyjä","advanceVotes":8,"npid":7,"totalVotes":9,"spid":3,"abbr":"PS","municipalCouncilor":false,"muid":261,"alid":6,"firstname":"Kimmo","electionDayVotes":1,"pid":"23","finalPosition":0,"electedInformation":"ON_SUBSTITUTE_PLACE","totalVotesPercent":0.6,"nominatorName":{"fi":"Perussuomalaiset","sv":"Sannfinländarna","en":"The Finns Party"},"caid":53,"position":0,"gender":"1","comparisonData":{"totalVotes":0,"votesTotalChange":9},"edid":13,"comparativeIndex":0.0,"electionDayVotesPercent":0.2,"nominatorAbbr":{"fi":"PS","sv":"Sannf","en":"FINNS"}},{"age":54,"advanceVotesPercent":0.5,"lastname":"Ovaskainen","occupation":"tutkimusmestari, yrittäjä","advanceVotes":5,"npid":9,"totalVotes":9,"spid":99,"abbr":"Muut","municipalCouncilor":false,"muid":261,"alid":8,"firstname":"Ahti","electionDayVotes":4,"pid":"2619","finalPosition":0,"electedInformation":"ELECTED","totalVotesPercent":0.6,"nominatorName":{"fi":"Oikeudenmukainen Kittilä","sv":"Oikeudenmukainen Kittilä","en":"Oikeudenmukainen Kittilä"},"caid":79,"position":0,"gender":"1","comparisonData":{"totalVotes":12,"votesTotalChange":-3},"edid":13,"comparativeIndex":0.0,"electionDayVotesPercent":0.7,"nominatorAbbr":{"fi":"OMK","sv":"OMK","en":"OMK"}},{"age":58,"advanceVotesPercent":0.3,"lastname":"Marttila","occupation":"toimistotyöntekijä, insinööri","advanceVotes":3,"npid":5,"totalVotes":8,"spid":1,"abbr":"KESK","municipalCouncilor":false,"muid":261,"alid":5,"firstname":"Outi","electionDayVotes":5,"pid":"2","finalPosition":0,"electedInformation":"ON_SUBSTITUTE_PLACE","totalVotesPercent":0.5,"nominatorName":{"fi":"Suomen Keskusta","sv":"Centern i Finland","en":"Centre Party of Finland"},"caid":40,"position":0,"gender":"2","comparisonData":{"totalVotes":43,"votesTotalChange":-35},"edid":13,"comparativeIndex":0.0,"electionDayVotesPercent":0.8,"nominatorAbbr":{"fi":"KESK","sv":"C","en":"CENT"}},{"age":36,"advanceVotesPercent":0.0,"lastname":"Mäkitalo","occupation":"raskaskoneasentaja, poromies","advanceVotes":0,"npid":7,"totalVotes":8,"spid":3,"abbr":"PS","municipalCouncilor":false,"muid":261,"alid":6,"firstname":"Jussi","electionDayVotes":8,"pid":"23","finalPosition":0,"electedInformation":"ON_SUBSTITUTE_PLACE","totalVotesPercent":0.5,"nominatorName":{"fi":"Perussuomalaiset","sv":"Sannfinländarna","en":"The Finns Party"},"caid":63,"position":0,"gender":"1","comparisonData":{"totalVotes":0,"votesTotalChange":8},"edid":13,"comparativeIndex":0.0,"electionDayVotesPercent":1.3,"nominatorAbbr":{"fi":"PS","sv":"Sannf","en":"FINNS"}},{"age":18,"advanceVotesPercent":0.3,"lastname":"Kiuttu","occupation":"matkailupalvelujen tuottaja","advanceVotes":3,"npid":4,"totalVotes":7,"spid":2,"abbr":"KOK","municipalCouncilor":false,"muid":261,"alid":4,"firstname":"Tiina","electionDayVotes":4,"pid":"4","finalPosition":0,"electedInformation":"NOT_ELECTED","totalVotesPercent":0.4,"nominatorName":{"fi":"Kansallinen Kokoomus","sv":"Samlingspartiet","en":"National Coalition Party"},"caid":24,"position":0,"gender":"2","comparisonData":{"totalVotes":0,"votesTotalChange":7},"edid":13,"comparativeIndex":0.0,"electionDayVotesPercent":0.7,"nominatorAbbr":{"fi":"KOK","sv":"Saml","en":"NCP"}},{"age":56,"advanceVotesPercent":0.5,"lastname":"Jussila","occupation":"kaivosmies","advanceVotes":5,"npid":2,"totalVotes":6,"spid":6,"abbr":"VAS","municipalCouncilor":false,"muid":261,"alid":2,"firstname":"Asko","electionDayVotes":1,"pid":"15","finalPosition":0,"electedInformation":"NOT_ELECTED","totalVotesPercent":0.4,"nominatorName":{"fi":"Vasemmistoliitto","sv":"Vänsterförbundet","en":"The Left Alliance"},"caid":8,"position":0,"gender":"1","comparisonData":{"totalVotes":0,"votesTotalChange":6},"edid":13,"comparativeIndex":0.0,"electionDayVotesPercent":0.2,"nominatorAbbr":{"fi":"VAS","sv":"VF","en":"LEFT"}},{"age":51,"advanceVotesPercent":0.2,"lastname":"Uusisalmi","occupation":"metalliyrittäjä","advanceVotes":2,"npid":2,"totalVotes":6,"spid":6,"abbr":"VAS","municipalCouncilor":false,"muid":261,"alid":2,"firstname":"Atte","electionDayVotes":4,"pid":"15","finalPosition":0,"electedInformation":"NOT_ELECTED","totalVotesPercent":0.4,"nominatorName":{"fi":"Vasemmistoliitto","sv":"Vänsterförbundet","en":"The Left Alliance"},"caid":17,"position":0,"gender":"1","comparisonData":{"totalVotes":6,"votesTotalChange":0},"edid":13,"comparativeIndex":0.0,"electionDayVotesPercent":0.7,"nominatorAbbr":{"fi":"VAS","sv":"VF","en":"LEFT"}},{"age":56,"advanceVotesPercent":0.6,"lastname":"Hangasvaara","occupation":"laitoshuoltaja","advanceVotes":6,"npid":5,"totalVotes":6,"spid":1,"abbr":"KESK","municipalCouncilor":false,"muid":261,"alid":5,"firstname":"Sirkka","electionDayVotes":0,"pid":"2","finalPosition":0,"electedInformation":"ON_SUBSTITUTE_PLACE","totalVotesPercent":0.4,"nominatorName":{"fi":"Suomen Keskusta","sv":"Centern i Finland","en":"Centre Party of Finland"},"caid":31,"position":0,"gender":"2","comparisonData":{"totalVotes":29,"votesTotalChange":-23},"edid":13,"comparativeIndex":0.0,"electionDayVotesPercent":0.0,"nominatorAbbr":{"fi":"KESK","sv":"C","en":"CENT"}},{"age":68,"advanceVotesPercent":0.6,"lastname":"Pudas","occupation":"asiakassihteeri, eläkeläinen","advanceVotes":6,"npid":5,"totalVotes":6,"spid":1,"abbr":"KESK","municipalCouncilor":false,"muid":261,"alid":5,"firstname":"Anna-Liisa","electionDayVotes":0,"pid":"2","finalPosition":0,"electedInformation":"NOT_ELECTED","totalVotesPercent":0.4,"nominatorName":{"fi":"Suomen Keskusta","sv":"Centern i Finland","en":"Centre Party of Finland"},"caid":45,"position":0,"gender":"2","comparisonData":{"totalVotes":20,"votesTotalChange":-14},"edid":13,"comparativeIndex":0.0,"electionDayVotesPercent":0.0,"nominatorAbbr":{"fi":"KESK","sv":"C","en":"CENT"}},{"age":69,"advanceVotesPercent":0.4,"lastname":"Autti","occupation":"yrittäjä","advanceVotes":4,"npid":7,"totalVotes":6,"spid":3,"abbr":"PS","municipalCouncilor":false,"muid":261,"alid":6,"firstname":"Annikki","electionDayVotes":2,"pid":"23","finalPosition":0,"electedInformation":"NOT_ELECTED","totalVotesPercent":0.4,"nominatorName":{"fi":"Perussuomalaiset","sv":"Sannfinländarna","en":"The Finns Party"},"caid":54,"position":0,"gender":"2","comparisonData":{"totalVotes":0,"votesTotalChange":6},"edid":13,"comparativeIndex":0.0,"electionDayVotesPercent":0.3,"nominatorAbbr":{"fi":"PS","sv":"Sannf","en":"FINNS"}},{"age":67,"advanceVotesPercent":0.4,"lastname":"Siitonen","occupation":"yrittäjä","advanceVotes":4,"npid":7,"totalVotes":6,"spid":3,"abbr":"PS","municipalCouncilor":true,"muid":261,"alid":6,"firstname":"Veikko","electionDayVotes":2,"pid":"23","finalPosition":0,"electedInformation":"NOT_ELECTED","totalVotesPercent":0.4,"nominatorName":{"fi":"Perussuomalaiset","sv":"Sannfinländarna","en":"The Finns Party"},"caid":69,"position":0,"gender":"1","comparisonData":{"totalVotes":32,"votesTotalChange":-26},"edid":13,"comparativeIndex":0.0,"electionDayVotesPercent":0.3,"nominatorAbbr":{"fi":"PS","sv":"Sannf","en":"FINNS"}},{"age":35,"advanceVotesPercent":0.5,"lastname":"Kurt","occupation":"koulunkäynninohjaaja","advanceVotes":5,"npid":9,"totalVotes":6,"spid":99,"abbr":"Muut","municipalCouncilor":false,"muid":261,"alid":8,"firstname":"Heli","electionDayVotes":1,"pid":"2619","finalPosition":0,"electedInformation":"ON_SUBSTITUTE_PLACE","totalVotesPercent":0.4,"nominatorName":{"fi":"Oikeudenmukainen Kittilä","sv":"Oikeudenmukainen Kittilä","en":"Oikeudenmukainen Kittilä"},"caid":76,"position":0,"gender":"2","comparisonData":{"totalVotes":20,"votesTotalChange":-14},"edid":13,"comparativeIndex":0.0,"electionDayVotesPercent":0.2,"nominatorAbbr":{"fi":"OMK","sv":"OMK","en":"OMK"}},{"age":56,"advanceVotesPercent":0.5,"lastname":"Holck","occupation":"poromies,metsuri","advanceVotes":5,"npid":5,"totalVotes":5,"spid":1,"abbr":"KESK","municipalCouncilor":true,"muid":261,"alid":5,"firstname":"Eino","electionDayVotes":0,"pid":"2","finalPosition":0,"electedInformation":"ELECTED","totalVotesPercent":0.3,"nominatorName":{"fi":"Suomen Keskusta","sv":"Centern i Finland","en":"Centre Party of Finland"},"caid":32,"position":0,"gender":"1","comparisonData":{"totalVotes":71,"votesTotalChange":-66},"edid":13,"comparativeIndex":0.0,"electionDayVotesPercent":0.0,"nominatorAbbr":{"fi":"KESK","sv":"C","en":"CENT"}},{"age":30,"advanceVotesPercent":0.1,"lastname":"Kärki","occupation":"merkonomi","advanceVotes":1,"npid":7,"totalVotes":5,"spid":3,"abbr":"PS","municipalCouncilor":false,"muid":261,"alid":6,"firstname":"Anniina","electionDayVotes":4,"pid":"23","finalPosition":0,"electedInformation":"NOT_ELECTED","totalVotesPercent":0.3,"nominatorName":{"fi":"Perussuomalaiset","sv":"Sannfinländarna","en":"The Finns Party"},"caid":59,"position":0,"gender":"2","comparisonData":{"totalVotes":0,"votesTotalChange":5},"edid":13,"comparativeIndex":0.0,"electionDayVotesPercent":0.7,"nominatorAbbr":{"fi":"PS","sv":"Sannf","en":"FINNS"}},{"age":67,"advanceVotesPercent":0.2,"lastname":"Vuomajärvi","occupation":"eläkeläinen","advanceVotes":2,"npid":2,"totalVotes":4,"spid":6,"abbr":"VAS","municipalCouncilor":false,"muid":261,"alid":2,"firstname":"Liisa","electionDayVotes":2,"pid":"15","finalPosition":0,"electedInformation":"NOT_ELECTED","totalVotesPercent":0.3,"nominatorName":{"fi":"Vasemmistoliitto","sv":"Vänsterförbundet","en":"The Left Alliance"},"caid":19,"position":0,"gender":"2","comparisonData":{"totalVotes":0,"votesTotalChange":4},"edid":13,"comparativeIndex":0.0,"electionDayVotesPercent":0.3,"nominatorAbbr":{"fi":"VAS","sv":"VF","en":"LEFT"}},{"age":52,"advanceVotesPercent":0.3,"lastname":"Mikkonen","occupation":"röntgenhoitaja","advanceVotes":3,"npid":4,"totalVotes":4,"spid":2,"abbr":"KOK","municipalCouncilor":false,"muid":261,"alid":4,"firstname":"Maire","electionDayVotes":1,"pid":"4","finalPosition":0,"electedInformation":"NOT_ELECTED","totalVotesPercent":0.3,"nominatorName":{"fi":"Kansallinen Kokoomus","sv":"Samlingspartiet","en":"National Coalition Party"},"caid":26,"position":0,"gender":"2","comparisonData":{"totalVotes":0,"votesTotalChange":4},"edid":13,"comparativeIndex":0.0,"electionDayVotesPercent":0.2,"nominatorAbbr":{"fi":"KOK","sv":"Saml","en":"NCP"}},{"age":55,"advanceVotesPercent":0.3,"lastname":"Pääkkölä","occupation":"yrittäjä","advanceVotes":3,"npid":5,"totalVotes":4,"spid":1,"abbr":"KESK","municipalCouncilor":false,"muid":261,"alid":5,"firstname":"Matti","electionDayVotes":1,"pid":"2","finalPosition":0,"electedInformation":"ON_SUBSTITUTE_PLACE","totalVotesPercent":0.3,"nominatorName":{"fi":"Suomen Keskusta","sv":"Centern i Finland","en":"Centre Party of Finland"},"caid":46,"position":0,"gender":"1","comparisonData":{"totalVotes":0,"votesTotalChange":4},"edid":13,"comparativeIndex":0.0,"electionDayVotesPercent":0.2,"nominatorAbbr":{"fi":"KESK","sv":"C","en":"CENT"}},{"age":70,"advanceVotesPercent":0.4,"lastname":"Heikkinen","occupation":"autonkuljettaja, eläkeläinen","advanceVotes":4,"npid":7,"totalVotes":4,"spid":3,"abbr":"PS","municipalCouncilor":false,"muid":261,"alid":6,"firstname":"Terho","electionDayVotes":0,"pid":"23","finalPosition":0,"electedInformation":"NOT_ELECTED","totalVotesPercent":0.3,"nominatorName":{"fi":"Perussuomalaiset","sv":"Sannfinländarna","en":"The Finns Party"},"caid":55,"position":0,"gender":"1","comparisonData":{"totalVotes":9,"votesTotalChange":-5},"edid":13,"comparativeIndex":0.0,"electionDayVotesPercent":0.0,"nominatorAbbr":{"fi":"PS","sv":"Sannf","en":"FINNS"}},{"age":30,"advanceVotesPercent":0.2,"lastname":"Körkkö","occupation":"yrittäjä","advanceVotes":2,"npid":7,"totalVotes":4,"spid":3,"abbr":"PS","municipalCouncilor":false,"muid":261,"alid":6,"firstname":"Tuomo","electionDayVotes":2,"pid":"23","finalPosition":0,"electedInformation":"NOT_ELECTED","totalVotesPercent":0.3,"nominatorName":{"fi":"Perussuomalaiset","sv":"Sannfinländarna","en":"The Finns Party"},"caid":60,"position":0,"gender":"1","comparisonData":{"totalVotes":0,"votesTotalChange":4},"edid":13,"comparativeIndex":0.0,"electionDayVotesPercent":0.3,"nominatorAbbr":{"fi":"PS","sv":"Sannf","en":"FINNS"}},{"age":51,"advanceVotesPercent":0.2,"lastname":"Lehtonen","occupation":"merkonomi","advanceVotes":2,"npid":7,"totalVotes":4,"spid":3,"abbr":"PS","municipalCouncilor":false,"muid":261,"alid":6,"firstname":"Minna","electionDayVotes":2,"pid":"23","finalPosition":0,"electedInformation":"NOT_ELECTED","totalVotesPercent":0.3,"nominatorName":{"fi":"Perussuomalaiset","sv":"Sannfinländarna","en":"The Finns Party"},"caid":61,"position":0,"gender":"2","comparisonData":{"totalVotes":0,"votesTotalChange":4},"edid":13,"comparativeIndex":0.0,"electionDayVotesPercent":0.3,"nominatorAbbr":{"fi":"PS","sv":"Sannf","en":"FINNS"}},{"age":63,"advanceVotesPercent":0.2,"lastname":"Majava","occupation":"lähihoitaja","advanceVotes":2,"npid":7,"totalVotes":4,"spid":3,"abbr":"PS","municipalCouncilor":false,"muid":261,"alid":6,"firstname":"Ulla","electionDayVotes":2,"pid":"23","finalPosition":0,"electedInformation":"NOT_ELECTED","totalVotesPercent":0.3,"nominatorName":{"fi":"Perussuomalaiset","sv":"Sannfinländarna","en":"The Finns Party"},"caid":62,"position":0,"gender":"2","comparisonData":{"totalVotes":0,"votesTotalChange":4},"edid":13,"comparativeIndex":0.0,"electionDayVotesPercent":0.3,"nominatorAbbr":{"fi":"PS","sv":"Sannf","en":"FINNS"}},{"age":60,"advanceVotesPercent":0.3,"lastname":"Lepola","occupation":"metsätalousyrittäjä","advanceVotes":3,"npid":8,"totalVotes":4,"spid":99,"abbr":"Muut","municipalCouncilor":false,"muid":261,"alid":7,"firstname":"Sauli","electionDayVotes":1,"pid":"2618","finalPosition":0,"electedInformation":"ON_SUBSTITUTE_PLACE","totalVotesPercent":0.3,"nominatorName":{"fi":"Kuntalaislista","sv":"Kuntalaislista","en":"Kuntalaislista"},"caid":72,"position":0,"gender":"1","comparisonData":{"totalVotes":42,"votesTotalChange":-38},"edid":13,"comparativeIndex":0.0,"electionDayVotesPercent":0.2,"nominatorAbbr":{"fi":"KL","sv":"KL","en":"KL"}},{"age":35,"advanceVotesPercent":0.3,"lastname":"Aikio","occupation":"kaivinkoneen kuljettaja, taksinkuljettaja","advanceVotes":3,"npid":2,"totalVotes":3,"spid":6,"abbr":"VAS","municipalCouncilor":false,"muid":261,"alid":2,"firstname":"Hannu","electionDayVotes":0,"pid":"15","finalPosition":0,"electedInformation":"NOT_ELECTED","totalVotesPercent":0.2,"nominatorName":{"fi":"Vasemmistoliitto","sv":"Vänsterförbundet","en":"The Left Alliance"},"caid":6,"position":0,"gender":"1","comparisonData":{"totalVotes":0,"votesTotalChange":3},"edid":13,"comparativeIndex":0.0,"electionDayVotesPercent":0.0,"nominatorAbbr":{"fi":"VAS","sv":"VF","en":"LEFT"}},{"age":19,"advanceVotesPercent":0.2,"lastname":"Kinisjärvi","occupation":"opiskelija","advanceVotes":2,"npid":2,"totalVotes":3,"spid":6,"abbr":"VAS","municipalCouncilor":false,"muid":261,"alid":2,"firstname":"Jere","electionDayVotes":1,"pid":"15","finalPosition":0,"electedInformation":"NOT_ELECTED","totalVotesPercent":0.2,"nominatorName":{"fi":"Vasemmistoliitto","sv":"Vänsterförbundet","en":"The Left Alliance"},"caid":10,"position":0,"gender":"1","comparisonData":{"totalVotes":0,"votesTotalChange":3},"edid":13,"comparativeIndex":0.0,"electionDayVotesPercent":0.2,"nominatorAbbr":{"fi":"VAS","sv":"VF","en":"LEFT"}},{"age":69,"advanceVotesPercent":0.2,"lastname":"Molkoselkä","occupation":"eläkeläinen","advanceVotes":2,"npid":2,"totalVotes":2,"spid":6,"abbr":"VAS","municipalCouncilor":false,"muid":261,"alid":2,"firstname":"Vilho","electionDayVotes":0,"pid":"15","finalPosition":0,"electedInformation":"ON_SUBSTITUTE_PLACE","totalVotesPercent":0.1,"nominatorName":{"fi":"Vasemmistoliitto","sv":"Vänsterförbundet","en":"The Left Alliance"},"caid":12,"position":0,"gender":"1","comparisonData":{"totalVotes":34,"votesTotalChange":-32},"edid":13,"comparativeIndex":0.0,"electionDayVotesPercent":0.0,"nominatorAbbr":{"fi":"VAS","sv":"VF","en":"LEFT"}},{"age":35,"advanceVotesPercent":0.2,"lastname":"Kurttila","occupation":"eräopas","advanceVotes":2,"npid":4,"totalVotes":2,"spid":2,"abbr":"KOK","municipalCouncilor":false,"muid":261,"alid":4,"firstname":"Matti","electionDayVotes":0,"pid":"4","finalPosition":0,"electedInformation":"NOT_ELECTED","totalVotesPercent":0.1,"nominatorName":{"fi":"Kansallinen Kokoomus","sv":"Samlingspartiet","en":"National Coalition Party"},"caid":25,"position":0,"gender":"1","comparisonData":{"totalVotes":0,"votesTotalChange":2},"edid":13,"comparativeIndex":0.0,"electionDayVotesPercent":0.0,"nominatorAbbr":{"fi":"KOK","sv":"Saml","en":"NCP"}},{"age":65,"advanceVotesPercent":0.0,"lastname":"Nilivaara","occupation":"hoitoapulainen","advanceVotes":0,"npid":5,"totalVotes":2,"spid":1,"abbr":"KESK","municipalCouncilor":false,"muid":261,"alid":5,"firstname":"Anna-Liisa","electionDayVotes":2,"pid":"2","finalPosition":0,"electedInformation":"NOT_ELECTED","totalVotesPercent":0.1,"nominatorName":{"fi":"Suomen Keskusta","sv":"Centern i Finland","en":"Centre Party of Finland"},"caid":43,"position":0,"gender":"2","comparisonData":{"totalVotes":6,"votesTotalChange":-4},"edid":13,"comparativeIndex":0.0,"electionDayVotesPercent":0.3,"nominatorAbbr":{"fi":"KESK","sv":"C","en":"CENT"}},{"age":42,"advanceVotesPercent":0.0,"lastname":"Kujala","occupation":"rakennusmies","advanceVotes":0,"npid":7,"totalVotes":2,"spid":3,"abbr":"PS","municipalCouncilor":false,"muid":261,"alid":6,"firstname":"Jani","electionDayVotes":2,"pid":"23","finalPosition":0,"electedInformation":"NOT_ELECTED","totalVotesPercent":0.1,"nominatorName":{"fi":"Perussuomalaiset","sv":"Sannfinländarna","en":"The Finns Party"},"caid":58,"position":0,"gender":"1","comparisonData":{"totalVotes":0,"votesTotalChange":2},"edid":13,"comparativeIndex":0.0,"electionDayVotesPercent":0.3,"nominatorAbbr":{"fi":"PS","sv":"Sannf","en":"FINNS"}},{"age":50,"advanceVotesPercent":0.0,"lastname":"Riskilä","occupation":"taksinkuljettaja","advanceVotes":0,"npid":7,"totalVotes":2,"spid":3,"abbr":"PS","municipalCouncilor":false,"muid":261,"alid":6,"firstname":"Marko","electionDayVotes":2,"pid":"23","finalPosition":0,"electedInformation":"NOT_ELECTED","totalVotesPercent":0.1,"nominatorName":{"fi":"Perussuomalaiset","sv":"Sannfinländarna","en":"The Finns Party"},"caid":67,"position":0,"gender":"1","comparisonData":{"totalVotes":36,"votesTotalChange":-34},"edid":13,"comparativeIndex":0.0,"electionDayVotesPercent":0.3,"nominatorAbbr":{"fi":"PS","sv":"Sannf","en":"FINNS"}},{"age":24,"advanceVotesPercent":0.0,"lastname":"Alatalo","occupation":"poromies","advanceVotes":0,"npid":5,"totalVotes":1,"spid":1,"abbr":"KESK","municipalCouncilor":false,"muid":261,"alid":5,"firstname":"Eetu","electionDayVotes":1,"pid":"2","finalPosition":0,"electedInformation":"ON_SUBSTITUTE_PLACE","totalVotesPercent":0.1,"nominatorName":{"fi":"Suomen Keskusta","sv":"Centern i Finland","en":"Centre Party of Finland"},"caid":30,"position":0,"gender":"1","comparisonData":{"totalVotes":0,"votesTotalChange":1},"edid":13,"comparativeIndex":0.0,"electionDayVotesPercent":0.2,"nominatorAbbr":{"fi":"KESK","sv":"C","en":"CENT"}},{"age":29,"advanceVotesPercent":0.0,"lastname":"Kääriäinen","occupation":"toimittaja, historian yo","advanceVotes":0,"npid":8,"totalVotes":1,"spid":99,"abbr":"Muut","municipalCouncilor":false,"muid":261,"alid":7,"firstname":"Tuomas","electionDayVotes":1,"pid":"2618","finalPosition":0,"electedInformation":"NOT_ELECTED","totalVotesPercent":0.1,"nominatorName":{"fi":"Kuntalaislista","sv":"Kuntalaislista","en":"Kuntalaislista"},"caid":71,"position":0,"gender":"1","comparisonData":{"totalVotes":0,"votesTotalChange":1},"edid":13,"comparativeIndex":0.0,"electionDayVotesPercent":0.2,"nominatorAbbr":{"fi":"KL","sv":"KL","en":"KL"}},{"age":64,"advanceVotesPercent":0.0,"lastname":"Kallio","occupation":"eläkeläinen","advanceVotes":0,"npid":4,"totalVotes":0,"spid":2,"abbr":"KOK","municipalCouncilor":false,"muid":261,"alid":4,"firstname":"Jukka","electionDayVotes":0,"pid":"4","finalPosition":0,"electedInformation":"NOT_ELECTED","totalVotesPercent":0.0,"nominatorName":{"fi":"Kansallinen Kokoomus","sv":"Samlingspartiet","en":"National Coalition Party"},"caid":23,"position":0,"gender":"1","comparisonData":{"totalVotes":0,"votesTotalChange":0},"edid":13,"comparativeIndex":0.0,"electionDayVotesPercent":0.0,"nominatorAbbr":{"fi":"KOK","sv":"Saml","en":"NCP"}},{"age":65,"advanceVotesPercent":0.0,"lastname":"Häkkinen","occupation":"eläkeläinen","advanceVotes":0,"npid":7,"totalVotes":0,"spid":3,"abbr":"PS","municipalCouncilor":false,"muid":261,"alid":6,"firstname":"Kyösti","electionDayVotes":0,"pid":"23","finalPosition":0,"electedInformation":"NOT_ELECTED","totalVotesPercent":0.0,"nominatorName":{"fi":"Perussuomalaiset","sv":"Sannfinländarna","en":"The Finns Party"},"caid":56,"position":0,"gender":"1","comparisonData":{"totalVotes":0,"votesTotalChange":0},"edid":13,"comparativeIndex":0.0,"electionDayVotesPercent":0.0,"nominatorAbbr":{"fi":"PS","sv":"Sannf","en":"FINNS"}},{"age":71,"advanceVotesPercent":0.0,"lastname":"Piiroinen","occupation":"eläkeläinen","advanceVotes":0,"npid":7,"totalVotes":0,"spid":3,"abbr":"PS","municipalCouncilor":false,"muid":261,"alid":6,"firstname":"Teuvo","electionDayVotes":0,"pid":"23","finalPosition":0,"electedInformation":"NOT_ELECTED","totalVotesPercent":0.0,"nominatorName":{"fi":"Perussuomalaiset","sv":"Sannfinländarna","en":"The Finns Party"},"caid":66,"position":0,"gender":"1","comparisonData":{"totalVotes":0,"votesTotalChange":0},"edid":13,"comparativeIndex":0.0,"electionDayVotesPercent":0.0,"nominatorAbbr":{"fi":"PS","sv":"Sannf","en":"FINNS"}}],"municipalityPollingDistricts":[{"name":{"fi":"Pohjoinen I","sv":"Pohjoinen I"},"calculationStatusPercent":100.0,"joinedArea":false,"muid":261,"totalVotingInFinlandTurnout":58.6,"identification":"001","pdid":"001","eligibleVotersInFinlandTotal":1412,"edid":13,"mergedToPdid":""},{"name":{"fi":"Pohjoinen II","sv":"Pohjoinen II"},"calculationStatusPercent":0.0,"joinedArea":true,"muid":261,"totalVotingInFinlandTurnout":64.3,"identification":"002","pdid":"002","eligibleVotersInFinlandTotal":98,"edid":13,"mergedToPdid":"005"},{"name":{"fi":"Eteläinen I","sv":"Eteläinen I"},"calculationStatusPercent":0.0,"joinedArea":true,"muid":261,"totalVotingInFinlandTurnout":76.9,"identification":"003","pdid":"003","eligibleVotersInFinlandTotal":121,"edid":13,"mergedToPdid":"008"},{"name":{"fi":"Eteläinen II","sv":"Eteläinen II"},"calculationStatusPercent":100.0,"joinedArea":false,"muid":261,"totalVotingInFinlandTurnout":68.3,"identification":"004","pdid":"004","eligibleVotersInFinlandTotal":287,"edid":13,"mergedToPdid":""},{"name":{"fi":"Itäinen + Pohjoinen II","sv":"Itäinen + Pohjoinen II"},"calculationStatusPercent":100.0,"joinedArea":true,"muid":261,"totalVotingInFinlandTurnout":68.9,"identification":"005, 002","pdid":"005","eligibleVotersInFinlandTotal":151,"edid":13,"mergedToPdid":""},{"name":{"fi":"Läntinen","sv":"Läntinen"},"calculationStatusPercent":100.0,"joinedArea":false,"muid":261,"totalVotingInFinlandTurnout":73.5,"identification":"006","pdid":"006","eligibleVotersInFinlandTotal":287,"edid":13,"mergedToPdid":""},{"name":{"fi":"Kirkonkylä","sv":"Kirkonkylä"},"calculationStatusPercent":100.0,"joinedArea":false,"muid":261,"totalVotingInFinlandTurnout":59.4,"identification":"007","pdid":"007","eligibleVotersInFinlandTotal":2710,"edid":13,"mergedToPdid":""},{"name":{"fi":"Kallo + Eteläinen I","sv":"Kallo + Eteläinen I"},"calculationStatusPercent":0.0,"joinedArea":true,"muid":261,"totalVotingInFinlandTurnout":64.9,"identification":"008, 003","pdid":"008","eligibleVotersInFinlandTotal":134,"edid":13,"mergedToPdid":""}],"municipality":{"muid":261,"edid":13,"name":{"fi":"Kittilä","sv":"Kittilä"}}}