{"version":76,"created":"2017-04-09T23:07:20.102Z","electionDetails":{"electionId":"kv2017","electionDate":"2017-04-09T00:00:00.000Z","electionDataPublishTime":"2017-04-09T17:00:00.000Z","name":{"fi":"Kuntavaalit 2017","sv":"Kommunalval 2017","en":"Elections 2017"},"previousElections":{"correspondingCompareElection":{"electionId":"kv2012","electionDate":"2012-10-28T00:00:00.000Z","name":{"fi":"Kuntavaalit 2012","en":"Municipal elections 2012","sv":"Kommunalval 2012"}},"otherCompareElection":{"electionId":"ev2015","electionDate":"2015-04-19T00:00:00.000Z","name":{"fi":"Eduskuntavaalit 2015","en":"Parliamentary election 2015","sv":"Riksdagsval 2015"}}}},"calculationStatus":{"electionDayVotingTurnout":34.1,"invalidAdvanceVotes":7,"calculationPhase":"INITIAL","invalidElectionDayVotes":9,"approvedAdvanceVotes":666,"advanceVotingTurnout":22.4,"totalVotingTurnoutAbroad":0.0,"name":{"fi":"Aura","sv":"Aura"},"calculationStatusPercent":100.0,"advanceVotes":673,"electionDayVotingTurnoutAbroad":0.0,"approvedTotalVotes":1682,"totalVotes":1698,"muid":19,"totalVotingInFinlandTurnout":56.5,"advanceVotingTurnoutAbroad":0.0,"invalidTotalVotes":16,"totalVotingTurnout":56.5,"electionDayVotes":1025,"electionDayVotesInFinland":1025,"pdid":"001","totalVotesInFinlandMen":0,"eligibleVotersInFinlandTotal":3005,"calculationStatusPercentElectionDayVotes":100.0,"sourceRecordModificationTime":"20170409211855","otherCompareElection":{"eid":"","eligibleVotersInFinlandTotal":0,"advanceVotingInFinlandTurnout":0.0,"electionDayVotingInFinlandTurnout":0.0,"totalVotingInFinlandTurnout":0.0,"approvedVotesTotal":0,"invalidVotesTotal":0},"correspondingCompareElection":{"eid":"","eligibleVotersInFinlandTotal":0,"advanceVotingInFinlandTurnout":0.0,"electionDayVotingInFinlandTurnout":0.0,"totalVotingInFinlandTurnout":0.0,"approvedVotesTotal":0,"invalidVotesTotal":0,"seats":0},"approvedElectionDayVotes":1016,"edid":3,"calculationStatusPercentAdvanceVotes":100.0,"electionDayVotingInFinlandTurnout":34.1,"seats":0,"eligibleVotersTotal":3005,"advanceVotesInFinland":673,"advanceVotingInFinlandTurnout":22.4,"totalVotesInFinland":1698},"partyResults":[{"advanceVotesPercent":37.5,"name":{"fi":"Suomen Sosialidemokraattinen Puolue","sv":"Finlands Socialdemokratiska Parti","en":"The Finnish Social Democratic Party"},"advanceVotes":250,"npid":4,"totalVotes":570,"spid":4,"abbr":{"fi":"SDP","sv":"SDP","en":"SDP"},"alid":4,"electionDayVotes":320,"pid":"1","totalVotesPercent":33.9,"nominatorName":{"fi":"Suomen Sosialidemokraattinen Puolue","sv":"Finlands Socialdemokratiska Parti","en":"The Finnish Social Democratic Party"},"compareData":{"otherCompareElection":{"votesTotalChange":0,"votesTotalPercentChange":0.0,"votesTotal":570,"votesTotalPercent":33.9},"correspondingCompareElection":{"votesTotalChange":0,"votesTotalPercentChange":0.0,"seatChange":0,"votesTotal":570,"votesTotalPercent":33.9,"seatsTotal":0}},"seats":0,"electionDayVotesPercent":31.5,"nominatorAbbr":{"fi":"SDP","sv":"SDP","en":"SDP"}},{"advanceVotesPercent":22.7,"name":{"fi":"Kansallinen Kokoomus","sv":"Samlingspartiet","en":"National Coalition Party"},"advanceVotes":151,"npid":1,"totalVotes":471,"spid":2,"abbr":{"fi":"KOK","sv":"Saml","en":"NCP"},"alid":1,"electionDayVotes":320,"pid":"4","totalVotesPercent":28.0,"nominatorName":{"fi":"Kansallinen Kokoomus","sv":"Samlingspartiet","en":"National Coalition Party"},"compareData":{"otherCompareElection":{"votesTotalChange":0,"votesTotalPercentChange":0.0,"votesTotal":471,"votesTotalPercent":28.0},"correspondingCompareElection":{"votesTotalChange":0,"votesTotalPercentChange":0.0,"seatChange":0,"votesTotal":471,"votesTotalPercent":28.0,"seatsTotal":0}},"seats":0,"electionDayVotesPercent":31.5,"nominatorAbbr":{"fi":"KOK","sv":"Saml","en":"NCP"}},{"advanceVotesPercent":29.9,"name":{"fi":"Suomen Keskusta","sv":"Centern i Finland","en":"Centre Party of Finland"},"advanceVotes":199,"npid":2,"totalVotes":429,"spid":1,"abbr":{"fi":"KESK","sv":"C","en":"CENT"},"alid":2,"electionDayVotes":230,"pid":"2","totalVotesPercent":25.5,"nominatorName":{"fi":"Suomen Keskusta","sv":"Centern i Finland","en":"Centre Party of Finland"},"compareData":{"otherCompareElection":{"votesTotalChange":0,"votesTotalPercentChange":0.0,"votesTotal":429,"votesTotalPercent":25.5},"correspondingCompareElection":{"votesTotalChange":0,"votesTotalPercentChange":0.0,"seatChange":0,"votesTotal":429,"votesTotalPercent":25.5,"seatsTotal":0}},"seats":0,"electionDayVotesPercent":22.6,"nominatorAbbr":{"fi":"KESK","sv":"C","en":"CENT"}},{"advanceVotesPercent":9.9,"name":{"fi":"Perussuomalaiset","sv":"Sannfinländarna","en":"The Finns Party"},"advanceVotes":66,"npid":3,"totalVotes":212,"spid":3,"abbr":{"fi":"PS","sv":"Sannf","en":"FINNS"},"alid":3,"electionDayVotes":146,"pid":"23","totalVotesPercent":12.6,"nominatorName":{"fi":"Perussuomalaiset","sv":"Sannfinländarna","en":"The Finns Party"},"compareData":{"otherCompareElection":{"votesTotalChange":0,"votesTotalPercentChange":0.0,"votesTotal":212,"votesTotalPercent":12.6},"correspondingCompareElection":{"votesTotalChange":0,"votesTotalPercentChange":0.0,"seatChange":0,"votesTotal":212,"votesTotalPercent":12.6,"seatsTotal":0}},"seats":0,"electionDayVotesPercent":14.4,"nominatorAbbr":{"fi":"PS","sv":"Sannf","en":"FINNS"}}],"candidateResults":[{"age":67,"advanceVotesPercent":12.6,"lastname":"Vainio","occupation":"Palveluneuvoja, kauppateknikko","advanceVotes":84,"npid":4,"totalVotes":135,"spid":4,"abbr":"SDP","municipalCouncilor":true,"muid":19,"alid":4,"firstname":"Ritva","electionDayVotes":51,"pid":"1","finalPosition":0,"electedInformation":"ELECTED","totalVotesPercent":8.0,"nominatorName":{"fi":"Suomen Sosialidemokraattinen Puolue","sv":"Finlands Socialdemokratiska Parti","en":"The Finnish Social Democratic Party"},"caid":45,"position":0,"gender":"2","comparisonData":{"totalVotes":83,"votesTotalChange":52},"edid":3,"comparativeIndex":0.0,"electionDayVotesPercent":5.0,"nominatorAbbr":{"fi":"SDP","sv":"SDP","en":"SDP"}},{"age":53,"advanceVotesPercent":8.9,"lastname":"Yli-Pohja","occupation":"Rakentaja","advanceVotes":59,"npid":4,"totalVotes":119,"spid":4,"abbr":"SDP","municipalCouncilor":false,"muid":19,"alid":4,"firstname":"Juhani","electionDayVotes":60,"pid":"1","finalPosition":0,"electedInformation":"ELECTED","totalVotesPercent":7.1,"nominatorName":{"fi":"Suomen Sosialidemokraattinen Puolue","sv":"Finlands Socialdemokratiska Parti","en":"The Finnish Social Democratic Party"},"caid":46,"position":0,"gender":"1","comparisonData":{"totalVotes":34,"votesTotalChange":85},"edid":3,"comparativeIndex":0.0,"electionDayVotesPercent":5.9,"nominatorAbbr":{"fi":"SDP","sv":"SDP","en":"SDP"}},{"age":36,"advanceVotesPercent":5.4,"lastname":"Rajakangas","occupation":"Koulunkäynnin- ja iltapäiväkerhonohjaaja","advanceVotes":36,"npid":4,"totalVotes":98,"spid":4,"abbr":"SDP","municipalCouncilor":false,"muid":19,"alid":4,"firstname":"Heidi","electionDayVotes":62,"pid":"1","finalPosition":0,"electedInformation":"ELECTED","totalVotesPercent":5.8,"nominatorName":{"fi":"Suomen Sosialidemokraattinen Puolue","sv":"Finlands Socialdemokratiska Parti","en":"The Finnish Social Democratic Party"},"caid":44,"position":0,"gender":"2","comparisonData":{"totalVotes":0,"votesTotalChange":98},"edid":3,"comparativeIndex":0.0,"electionDayVotesPercent":6.1,"nominatorAbbr":{"fi":"SDP","sv":"SDP","en":"SDP"}},{"age":58,"advanceVotesPercent":7.2,"lastname":"Leppäkoski","occupation":"Maatalousyrittäjä, insinööri","advanceVotes":48,"npid":2,"totalVotes":96,"spid":1,"abbr":"KESK","municipalCouncilor":true,"muid":19,"alid":2,"firstname":"Matti","electionDayVotes":48,"pid":"2","finalPosition":0,"electedInformation":"ELECTED","totalVotesPercent":5.7,"nominatorName":{"fi":"Suomen Keskusta","sv":"Centern i Finland","en":"Centre Party of Finland"},"caid":26,"position":0,"gender":"1","comparisonData":{"totalVotes":96,"votesTotalChange":0},"edid":3,"comparativeIndex":0.0,"electionDayVotesPercent":4.7,"nominatorAbbr":{"fi":"KESK","sv":"C","en":"CENT"}},{"age":44,"advanceVotesPercent":3.9,"lastname":"Haapanen","occupation":"Yrittäjä, soitonopettaja","advanceVotes":26,"npid":3,"totalVotes":88,"spid":3,"abbr":"PS","municipalCouncilor":true,"muid":19,"alid":3,"firstname":"Ari-Pekka","electionDayVotes":62,"pid":"23","finalPosition":0,"electedInformation":"ELECTED","totalVotesPercent":5.2,"nominatorName":{"fi":"Perussuomalaiset","sv":"Sannfinländarna","en":"The Finns Party"},"caid":37,"position":0,"gender":"1","comparisonData":{"totalVotes":51,"votesTotalChange":37},"edid":3,"comparativeIndex":0.0,"electionDayVotesPercent":6.1,"nominatorAbbr":{"fi":"PS","sv":"Sannf","en":"FINNS"}},{"age":46,"advanceVotesPercent":3.5,"lastname":"Aarnio","occupation":"Työteknikko","advanceVotes":23,"npid":4,"totalVotes":87,"spid":4,"abbr":"SDP","municipalCouncilor":true,"muid":19,"alid":4,"firstname":"Niina","electionDayVotes":64,"pid":"1","finalPosition":0,"electedInformation":"ELECTED","totalVotesPercent":5.2,"nominatorName":{"fi":"Suomen Sosialidemokraattinen Puolue","sv":"Finlands Socialdemokratiska Parti","en":"The Finnish Social Democratic Party"},"caid":41,"position":0,"gender":"2","comparisonData":{"totalVotes":39,"votesTotalChange":48},"edid":3,"comparativeIndex":0.0,"electionDayVotesPercent":6.3,"nominatorAbbr":{"fi":"SDP","sv":"SDP","en":"SDP"}},{"age":57,"advanceVotesPercent":4.8,"lastname":"Leino","occupation":"Ympäristövastaava","advanceVotes":32,"npid":4,"totalVotes":79,"spid":4,"abbr":"SDP","municipalCouncilor":false,"muid":19,"alid":4,"firstname":"Jukka","electionDayVotes":47,"pid":"1","finalPosition":0,"electedInformation":"ELECTED","totalVotesPercent":4.7,"nominatorName":{"fi":"Suomen Sosialidemokraattinen Puolue","sv":"Finlands Socialdemokratiska Parti","en":"The Finnish Social Democratic Party"},"caid":43,"position":0,"gender":"1","comparisonData":{"totalVotes":9,"votesTotalChange":70},"edid":3,"comparativeIndex":0.0,"electionDayVotesPercent":4.6,"nominatorAbbr":{"fi":"SDP","sv":"SDP","en":"SDP"}},{"age":45,"advanceVotesPercent":4.4,"lastname":"Koivu","occupation":"Yrittäjä","advanceVotes":29,"npid":1,"totalVotes":77,"spid":2,"abbr":"KOK","municipalCouncilor":true,"muid":19,"alid":1,"firstname":"Kari","electionDayVotes":48,"pid":"4","finalPosition":0,"electedInformation":"ELECTED","totalVotesPercent":4.6,"nominatorName":{"fi":"Kansallinen Kokoomus","sv":"Samlingspartiet","en":"National Coalition Party"},"caid":7,"position":0,"gender":"1","comparisonData":{"totalVotes":63,"votesTotalChange":14},"edid":3,"comparativeIndex":0.0,"electionDayVotesPercent":4.7,"nominatorAbbr":{"fi":"KOK","sv":"Saml","en":"NCP"}},{"age":67,"advanceVotesPercent":2.9,"lastname":"Isotalo","occupation":"Maanviljelijä","advanceVotes":19,"npid":1,"totalVotes":56,"spid":2,"abbr":"KOK","municipalCouncilor":true,"muid":19,"alid":1,"firstname":"Heikki","electionDayVotes":37,"pid":"4","finalPosition":0,"electedInformation":"ELECTED","totalVotesPercent":3.3,"nominatorName":{"fi":"Kansallinen Kokoomus","sv":"Samlingspartiet","en":"National Coalition Party"},"caid":4,"position":0,"gender":"1","comparisonData":{"totalVotes":45,"votesTotalChange":11},"edid":3,"comparativeIndex":0.0,"electionDayVotesPercent":3.6,"nominatorAbbr":{"fi":"KOK","sv":"Saml","en":"NCP"}},{"age":64,"advanceVotesPercent":3.8,"lastname":"Holmberg","occupation":"Sosiaalijohtaja","advanceVotes":25,"npid":2,"totalVotes":52,"spid":1,"abbr":"KESK","municipalCouncilor":false,"muid":19,"alid":2,"firstname":"Liisa-Anneli","electionDayVotes":27,"pid":"2","finalPosition":0,"electedInformation":"ELECTED","totalVotesPercent":3.1,"nominatorName":{"fi":"Suomen Keskusta","sv":"Centern i Finland","en":"Centre Party of Finland"},"caid":22,"position":0,"gender":"2","comparisonData":{"totalVotes":0,"votesTotalChange":52},"edid":3,"comparativeIndex":0.0,"electionDayVotesPercent":2.7,"nominatorAbbr":{"fi":"KESK","sv":"C","en":"CENT"}},{"age":52,"advanceVotesPercent":2.4,"lastname":"Alanko","occupation":"Kirvesmies","advanceVotes":16,"npid":4,"totalVotes":52,"spid":4,"abbr":"SDP","municipalCouncilor":true,"muid":19,"alid":4,"firstname":"Jyrki","electionDayVotes":36,"pid":"1","finalPosition":0,"electedInformation":"ELECTED","totalVotesPercent":3.1,"nominatorName":{"fi":"Suomen Sosialidemokraattinen Puolue","sv":"Finlands Socialdemokratiska Parti","en":"The Finnish Social Democratic Party"},"caid":42,"position":0,"gender":"1","comparisonData":{"totalVotes":37,"votesTotalChange":15},"edid":3,"comparativeIndex":0.0,"electionDayVotesPercent":3.5,"nominatorAbbr":{"fi":"SDP","sv":"SDP","en":"SDP"}},{"age":57,"advanceVotesPercent":3.2,"lastname":"Soukka","occupation":"Kirvesmies","advanceVotes":21,"npid":3,"totalVotes":50,"spid":3,"abbr":"PS","municipalCouncilor":false,"muid":19,"alid":3,"firstname":"Ilkka","electionDayVotes":29,"pid":"23","finalPosition":0,"electedInformation":"ELECTED","totalVotesPercent":3.0,"nominatorName":{"fi":"Perussuomalaiset","sv":"Sannfinländarna","en":"The Finns Party"},"caid":40,"position":0,"gender":"1","comparisonData":{"totalVotes":22,"votesTotalChange":28},"edid":3,"comparativeIndex":0.0,"electionDayVotesPercent":2.9,"nominatorAbbr":{"fi":"PS","sv":"Sannf","en":"FINNS"}},{"age":34,"advanceVotesPercent":1.7,"lastname":"Laine","occupation":"Ensihoitaja","advanceVotes":11,"npid":1,"totalVotes":49,"spid":2,"abbr":"KOK","municipalCouncilor":true,"muid":19,"alid":1,"firstname":"Sannamari","electionDayVotes":38,"pid":"4","finalPosition":0,"electedInformation":"ELECTED","totalVotesPercent":2.9,"nominatorName":{"fi":"Kansallinen Kokoomus","sv":"Samlingspartiet","en":"National Coalition Party"},"caid":10,"position":0,"gender":"2","comparisonData":{"totalVotes":49,"votesTotalChange":0},"edid":3,"comparativeIndex":0.0,"electionDayVotesPercent":3.7,"nominatorAbbr":{"fi":"KOK","sv":"Saml","en":"NCP"}},{"age":38,"advanceVotesPercent":2.7,"lastname":"Paloniitty","occupation":"Lentoupseeri","advanceVotes":18,"npid":1,"totalVotes":47,"spid":2,"abbr":"KOK","municipalCouncilor":true,"muid":19,"alid":1,"firstname":"Riku","electionDayVotes":29,"pid":"4","finalPosition":0,"electedInformation":"ELECTED","totalVotesPercent":2.8,"nominatorName":{"fi":"Kansallinen Kokoomus","sv":"Samlingspartiet","en":"National Coalition Party"},"caid":14,"position":0,"gender":"1","comparisonData":{"totalVotes":49,"votesTotalChange":-2},"edid":3,"comparativeIndex":0.0,"electionDayVotesPercent":2.9,"nominatorAbbr":{"fi":"KOK","sv":"Saml","en":"NCP"}},{"age":50,"advanceVotesPercent":3.5,"lastname":"Vähä-Rahka","occupation":"Yrittäjä, Agrologi YAMK","advanceVotes":23,"npid":2,"totalVotes":43,"spid":1,"abbr":"KESK","municipalCouncilor":true,"muid":19,"alid":2,"firstname":"Jouko","electionDayVotes":20,"pid":"2","finalPosition":0,"electedInformation":"ELECTED","totalVotesPercent":2.6,"nominatorName":{"fi":"Suomen Keskusta","sv":"Centern i Finland","en":"Centre Party of Finland"},"caid":34,"position":0,"gender":"1","comparisonData":{"totalVotes":46,"votesTotalChange":-3},"edid":3,"comparativeIndex":0.0,"electionDayVotesPercent":2.0,"nominatorAbbr":{"fi":"KESK","sv":"C","en":"CENT"}},{"age":45,"advanceVotesPercent":2.1,"lastname":"Sahla","occupation":"Diakonissa, sairaanhoitaja","advanceVotes":14,"npid":2,"totalVotes":40,"spid":1,"abbr":"KESK","municipalCouncilor":false,"muid":19,"alid":2,"firstname":"Taru","electionDayVotes":26,"pid":"2","finalPosition":0,"electedInformation":"ELECTED","totalVotesPercent":2.4,"nominatorName":{"fi":"Suomen Keskusta","sv":"Centern i Finland","en":"Centre Party of Finland"},"caid":32,"position":0,"gender":"2","comparisonData":{"totalVotes":12,"votesTotalChange":28},"edid":3,"comparativeIndex":0.0,"electionDayVotesPercent":2.6,"nominatorAbbr":{"fi":"KESK","sv":"C","en":"CENT"}},{"age":42,"advanceVotesPercent":2.3,"lastname":"Nieminen","occupation":"Yrittäjä","advanceVotes":15,"npid":3,"totalVotes":35,"spid":3,"abbr":"PS","municipalCouncilor":false,"muid":19,"alid":3,"firstname":"Netta","electionDayVotes":20,"pid":"23","finalPosition":0,"electedInformation":"ON_SUBSTITUTE_PLACE","totalVotesPercent":2.1,"nominatorName":{"fi":"Perussuomalaiset","sv":"Sannfinländarna","en":"The Finns Party"},"caid":39,"position":0,"gender":"2","comparisonData":{"totalVotes":0,"votesTotalChange":35},"edid":3,"comparativeIndex":0.0,"electionDayVotesPercent":2.0,"nominatorAbbr":{"fi":"PS","sv":"Sannf","en":"FINNS"}},{"age":19,"advanceVotesPercent":1.1,"lastname":"Kähkönen","occupation":"Opiskelija","advanceVotes":7,"npid":1,"totalVotes":34,"spid":2,"abbr":"KOK","municipalCouncilor":false,"muid":19,"alid":1,"firstname":"Joonas","electionDayVotes":27,"pid":"4","finalPosition":0,"electedInformation":"ELECTED","totalVotesPercent":2.0,"nominatorName":{"fi":"Kansallinen Kokoomus","sv":"Samlingspartiet","en":"National Coalition Party"},"caid":8,"position":0,"gender":"1","comparisonData":{"totalVotes":0,"votesTotalChange":34},"edid":3,"comparativeIndex":0.0,"electionDayVotesPercent":2.7,"nominatorAbbr":{"fi":"KOK","sv":"Saml","en":"NCP"}},{"age":61,"advanceVotesPercent":2.3,"lastname":"Maasalo","occupation":"Perushoitaja","advanceVotes":15,"npid":2,"totalVotes":34,"spid":1,"abbr":"KESK","municipalCouncilor":true,"muid":19,"alid":2,"firstname":"Merja","electionDayVotes":19,"pid":"2","finalPosition":0,"electedInformation":"ELECTED","totalVotesPercent":2.0,"nominatorName":{"fi":"Suomen Keskusta","sv":"Centern i Finland","en":"Centre Party of Finland"},"caid":28,"position":0,"gender":"2","comparisonData":{"totalVotes":38,"votesTotalChange":-4},"edid":3,"comparativeIndex":0.0,"electionDayVotesPercent":1.9,"nominatorAbbr":{"fi":"KESK","sv":"C","en":"CENT"}},{"age":37,"advanceVotesPercent":0.6,"lastname":"Kauhanen","occupation":"Lähihoitaja","advanceVotes":4,"npid":1,"totalVotes":30,"spid":2,"abbr":"KOK","municipalCouncilor":false,"muid":19,"alid":1,"firstname":"Virpi","electionDayVotes":26,"pid":"4","finalPosition":0,"electedInformation":"ELECTED","totalVotesPercent":1.8,"nominatorName":{"fi":"Kansallinen Kokoomus","sv":"Samlingspartiet","en":"National Coalition Party"},"caid":6,"position":0,"gender":"2","comparisonData":{"totalVotes":0,"votesTotalChange":30},"edid":3,"comparativeIndex":0.0,"electionDayVotesPercent":2.6,"nominatorAbbr":{"fi":"KOK","sv":"Saml","en":"NCP"}},{"age":38,"advanceVotesPercent":1.4,"lastname":"Humalajoki","occupation":"Opettaja, FM","advanceVotes":9,"npid":2,"totalVotes":29,"spid":1,"abbr":"KESK","municipalCouncilor":false,"muid":19,"alid":2,"firstname":"Riina","electionDayVotes":20,"pid":"2","finalPosition":0,"electedInformation":"ON_SUBSTITUTE_PLACE","totalVotesPercent":1.7,"nominatorName":{"fi":"Suomen Keskusta","sv":"Centern i Finland","en":"Centre Party of Finland"},"caid":23,"position":0,"gender":"2","comparisonData":{"totalVotes":0,"votesTotalChange":29},"edid":3,"comparativeIndex":0.0,"electionDayVotesPercent":2.0,"nominatorAbbr":{"fi":"KESK","sv":"C","en":"CENT"}},{"age":28,"advanceVotesPercent":0.5,"lastname":"Granat","occupation":"Sähköasentaja","advanceVotes":3,"npid":3,"totalVotes":29,"spid":3,"abbr":"PS","municipalCouncilor":false,"muid":19,"alid":3,"firstname":"Jarkko","electionDayVotes":26,"pid":"23","finalPosition":0,"electedInformation":"ON_SUBSTITUTE_PLACE","totalVotesPercent":1.7,"nominatorName":{"fi":"Perussuomalaiset","sv":"Sannfinländarna","en":"The Finns Party"},"caid":36,"position":0,"gender":"1","comparisonData":{"totalVotes":0,"votesTotalChange":29},"edid":3,"comparativeIndex":0.0,"electionDayVotesPercent":2.6,"nominatorAbbr":{"fi":"PS","sv":"Sannf","en":"FINNS"}},{"age":31,"advanceVotesPercent":0.5,"lastname":"Niemi","occupation":"Insinööri","advanceVotes":3,"npid":1,"totalVotes":26,"spid":2,"abbr":"KOK","municipalCouncilor":false,"muid":19,"alid":1,"firstname":"Mikko","electionDayVotes":23,"pid":"4","finalPosition":0,"electedInformation":"ON_SUBSTITUTE_PLACE","totalVotesPercent":1.5,"nominatorName":{"fi":"Kansallinen Kokoomus","sv":"Samlingspartiet","en":"National Coalition Party"},"caid":13,"position":0,"gender":"1","comparisonData":{"totalVotes":0,"votesTotalChange":26},"edid":3,"comparativeIndex":0.0,"electionDayVotesPercent":2.3,"nominatorAbbr":{"fi":"KOK","sv":"Saml","en":"NCP"}},{"age":49,"advanceVotesPercent":1.5,"lastname":"Leino","occupation":"Markkinointipäällikkö","advanceVotes":10,"npid":1,"totalVotes":25,"spid":2,"abbr":"KOK","municipalCouncilor":false,"muid":19,"alid":1,"firstname":"Outi","electionDayVotes":15,"pid":"4","finalPosition":0,"electedInformation":"ON_SUBSTITUTE_PLACE","totalVotesPercent":1.5,"nominatorName":{"fi":"Kansallinen Kokoomus","sv":"Samlingspartiet","en":"National Coalition Party"},"caid":11,"position":0,"gender":"2","comparisonData":{"totalVotes":13,"votesTotalChange":12},"edid":3,"comparativeIndex":0.0,"electionDayVotesPercent":1.5,"nominatorAbbr":{"fi":"KOK","sv":"Saml","en":"NCP"}},{"age":64,"advanceVotesPercent":1.8,"lastname":"Laakso","occupation":"Yrittäjä","advanceVotes":12,"npid":1,"totalVotes":24,"spid":2,"abbr":"KOK","municipalCouncilor":false,"muid":19,"alid":1,"firstname":"Arvo","electionDayVotes":12,"pid":"4","finalPosition":0,"electedInformation":"ON_SUBSTITUTE_PLACE","totalVotesPercent":1.4,"nominatorName":{"fi":"Kansallinen Kokoomus","sv":"Samlingspartiet","en":"National Coalition Party"},"caid":9,"position":0,"gender":"1","comparisonData":{"totalVotes":15,"votesTotalChange":9},"edid":3,"comparativeIndex":0.0,"electionDayVotesPercent":1.2,"nominatorAbbr":{"fi":"KOK","sv":"Saml","en":"NCP"}},{"age":41,"advanceVotesPercent":0.0,"lastname":"Kauhanen","occupation":"Tuotantojohtaja","advanceVotes":0,"npid":1,"totalVotes":23,"spid":2,"abbr":"KOK","municipalCouncilor":false,"muid":19,"alid":1,"firstname":"Tomi","electionDayVotes":23,"pid":"4","finalPosition":0,"electedInformation":"ON_SUBSTITUTE_PLACE","totalVotesPercent":1.4,"nominatorName":{"fi":"Kansallinen Kokoomus","sv":"Samlingspartiet","en":"National Coalition Party"},"caid":5,"position":0,"gender":"1","comparisonData":{"totalVotes":12,"votesTotalChange":11},"edid":3,"comparativeIndex":0.0,"electionDayVotesPercent":2.3,"nominatorAbbr":{"fi":"KOK","sv":"Saml","en":"NCP"}},{"age":64,"advanceVotesPercent":1.5,"lastname":"Heikka","occupation":"Eläkeläinen","advanceVotes":10,"npid":2,"totalVotes":23,"spid":1,"abbr":"KESK","municipalCouncilor":false,"muid":19,"alid":2,"firstname":"Maj-Len","electionDayVotes":13,"pid":"2","finalPosition":0,"electedInformation":"ON_SUBSTITUTE_PLACE","totalVotesPercent":1.4,"nominatorName":{"fi":"Suomen Keskusta","sv":"Centern i Finland","en":"Centre Party of Finland"},"caid":21,"position":0,"gender":"2","comparisonData":{"totalVotes":15,"votesTotalChange":8},"edid":3,"comparativeIndex":0.0,"electionDayVotesPercent":1.3,"nominatorAbbr":{"fi":"KESK","sv":"C","en":"CENT"}},{"age":52,"advanceVotesPercent":1.4,"lastname":"Suominen","occupation":"Paalutusurakoitsija","advanceVotes":9,"npid":1,"totalVotes":18,"spid":2,"abbr":"KOK","municipalCouncilor":false,"muid":19,"alid":1,"firstname":"Timo","electionDayVotes":9,"pid":"4","finalPosition":0,"electedInformation":"ON_SUBSTITUTE_PLACE","totalVotesPercent":1.1,"nominatorName":{"fi":"Kansallinen Kokoomus","sv":"Samlingspartiet","en":"National Coalition Party"},"caid":19,"position":0,"gender":"1","comparisonData":{"totalVotes":7,"votesTotalChange":11},"edid":3,"comparativeIndex":0.0,"electionDayVotesPercent":0.9,"nominatorAbbr":{"fi":"KOK","sv":"Saml","en":"NCP"}},{"age":62,"advanceVotesPercent":1.1,"lastname":"Litva","occupation":"Yrittäjä","advanceVotes":7,"npid":2,"totalVotes":18,"spid":1,"abbr":"KESK","municipalCouncilor":true,"muid":19,"alid":2,"firstname":"Ismo","electionDayVotes":11,"pid":"2","finalPosition":0,"electedInformation":"ON_SUBSTITUTE_PLACE","totalVotesPercent":1.1,"nominatorName":{"fi":"Suomen Keskusta","sv":"Centern i Finland","en":"Centre Party of Finland"},"caid":27,"position":0,"gender":"1","comparisonData":{"totalVotes":23,"votesTotalChange":-5},"edid":3,"comparativeIndex":0.0,"electionDayVotesPercent":1.1,"nominatorAbbr":{"fi":"KESK","sv":"C","en":"CENT"}},{"age":47,"advanceVotesPercent":0.6,"lastname":"Pääkkö","occupation":"Yrittäjä","advanceVotes":4,"npid":1,"totalVotes":17,"spid":2,"abbr":"KOK","municipalCouncilor":false,"muid":19,"alid":1,"firstname":"Marko","electionDayVotes":13,"pid":"4","finalPosition":0,"electedInformation":"ON_SUBSTITUTE_PLACE","totalVotesPercent":1.0,"nominatorName":{"fi":"Kansallinen Kokoomus","sv":"Samlingspartiet","en":"National Coalition Party"},"caid":16,"position":0,"gender":"1","comparisonData":{"totalVotes":17,"votesTotalChange":0},"edid":3,"comparativeIndex":0.0,"electionDayVotesPercent":1.3,"nominatorAbbr":{"fi":"KOK","sv":"Saml","en":"NCP"}},{"age":35,"advanceVotesPercent":0.6,"lastname":"Sundqvist","occupation":"Kätilö-sairaanhoitaja","advanceVotes":4,"npid":2,"totalVotes":17,"spid":1,"abbr":"KESK","municipalCouncilor":false,"muid":19,"alid":2,"firstname":"Maria","electionDayVotes":13,"pid":"2","finalPosition":0,"electedInformation":"ON_SUBSTITUTE_PLACE","totalVotesPercent":1.0,"nominatorName":{"fi":"Suomen Keskusta","sv":"Centern i Finland","en":"Centre Party of Finland"},"caid":33,"position":0,"gender":"2","comparisonData":{"totalVotes":16,"votesTotalChange":1},"edid":3,"comparativeIndex":0.0,"electionDayVotesPercent":1.3,"nominatorAbbr":{"fi":"KESK","sv":"C","en":"CENT"}},{"age":55,"advanceVotesPercent":1.4,"lastname":"Mäki","occupation":"It-konsultti","advanceVotes":9,"npid":2,"totalVotes":15,"spid":1,"abbr":"KESK","municipalCouncilor":false,"muid":19,"alid":2,"firstname":"Kaija","electionDayVotes":6,"pid":"2","finalPosition":0,"electedInformation":"ON_SUBSTITUTE_PLACE","totalVotesPercent":0.9,"nominatorName":{"fi":"Suomen Keskusta","sv":"Centern i Finland","en":"Centre Party of Finland"},"caid":29,"position":0,"gender":"2","comparisonData":{"totalVotes":18,"votesTotalChange":-3},"edid":3,"comparativeIndex":0.0,"electionDayVotesPercent":0.6,"nominatorAbbr":{"fi":"KESK","sv":"C","en":"CENT"}},{"age":48,"advanceVotesPercent":1.2,"lastname":"Rantala","occupation":"Maanviljelijä","advanceVotes":8,"npid":2,"totalVotes":15,"spid":1,"abbr":"KESK","municipalCouncilor":false,"muid":19,"alid":2,"firstname":"Kimmo","electionDayVotes":7,"pid":"2","finalPosition":0,"electedInformation":"NOT_ELECTED","totalVotesPercent":0.9,"nominatorName":{"fi":"Suomen Keskusta","sv":"Centern i Finland","en":"Centre Party of Finland"},"caid":31,"position":0,"gender":"1","comparisonData":{"totalVotes":0,"votesTotalChange":15},"edid":3,"comparativeIndex":0.0,"electionDayVotesPercent":0.7,"nominatorAbbr":{"fi":"KESK","sv":"C","en":"CENT"}},{"age":45,"advanceVotesPercent":1.1,"lastname":"Aalto","occupation":"Taloushallinnon merkonomi","advanceVotes":7,"npid":1,"totalVotes":14,"spid":2,"abbr":"KOK","municipalCouncilor":false,"muid":19,"alid":1,"firstname":"Pia","electionDayVotes":7,"pid":"4","finalPosition":0,"electedInformation":"NOT_ELECTED","totalVotesPercent":0.8,"nominatorName":{"fi":"Kansallinen Kokoomus","sv":"Samlingspartiet","en":"National Coalition Party"},"caid":2,"position":0,"gender":"2","comparisonData":{"totalVotes":17,"votesTotalChange":-3},"edid":3,"comparativeIndex":0.0,"electionDayVotesPercent":0.7,"nominatorAbbr":{"fi":"KOK","sv":"Saml","en":"NCP"}},{"age":68,"advanceVotesPercent":1.1,"lastname":"Numminen","occupation":"Eläkeläinen, lähihoitaja","advanceVotes":7,"npid":2,"totalVotes":12,"spid":1,"abbr":"KESK","municipalCouncilor":false,"muid":19,"alid":2,"firstname":"Kirsti","electionDayVotes":5,"pid":"2","finalPosition":0,"electedInformation":"NOT_ELECTED","totalVotesPercent":0.7,"nominatorName":{"fi":"Suomen Keskusta","sv":"Centern i Finland","en":"Centre Party of Finland"},"caid":30,"position":0,"gender":"2","comparisonData":{"totalVotes":10,"votesTotalChange":2},"edid":3,"comparativeIndex":0.0,"electionDayVotesPercent":0.5,"nominatorAbbr":{"fi":"KESK","sv":"C","en":"CENT"}},{"age":47,"advanceVotesPercent":0.6,"lastname":"Mäkelä","occupation":"Diplomi-insinööri","advanceVotes":4,"npid":1,"totalVotes":10,"spid":2,"abbr":"KOK","municipalCouncilor":false,"muid":19,"alid":1,"firstname":"Mika","electionDayVotes":6,"pid":"4","finalPosition":0,"electedInformation":"NOT_ELECTED","totalVotesPercent":0.6,"nominatorName":{"fi":"Kansallinen Kokoomus","sv":"Samlingspartiet","en":"National Coalition Party"},"caid":12,"position":0,"gender":"1","comparisonData":{"totalVotes":15,"votesTotalChange":-5},"edid":3,"comparativeIndex":0.0,"electionDayVotesPercent":0.6,"nominatorAbbr":{"fi":"KOK","sv":"Saml","en":"NCP"}},{"age":48,"advanceVotesPercent":0.6,"lastname":"Anttonen","occupation":"Osastonhoitaja, TtM","advanceVotes":4,"npid":2,"totalVotes":10,"spid":1,"abbr":"KESK","municipalCouncilor":false,"muid":19,"alid":2,"firstname":"Minna","electionDayVotes":6,"pid":"2","finalPosition":0,"electedInformation":"NOT_ELECTED","totalVotesPercent":0.6,"nominatorName":{"fi":"Suomen Keskusta","sv":"Centern i Finland","en":"Centre Party of Finland"},"caid":20,"position":0,"gender":"2","comparisonData":{"totalVotes":9,"votesTotalChange":1},"edid":3,"comparativeIndex":0.0,"electionDayVotesPercent":0.6,"nominatorAbbr":{"fi":"KESK","sv":"C","en":"CENT"}},{"age":40,"advanceVotesPercent":0.9,"lastname":"Ääri","occupation":"Yrittäjä","advanceVotes":6,"npid":2,"totalVotes":10,"spid":1,"abbr":"KESK","municipalCouncilor":false,"muid":19,"alid":2,"firstname":"Antti","electionDayVotes":4,"pid":"2","finalPosition":0,"electedInformation":"NOT_ELECTED","totalVotesPercent":0.6,"nominatorName":{"fi":"Suomen Keskusta","sv":"Centern i Finland","en":"Centre Party of Finland"},"caid":35,"position":0,"gender":"1","comparisonData":{"totalVotes":18,"votesTotalChange":-8},"edid":3,"comparativeIndex":0.0,"electionDayVotesPercent":0.4,"nominatorAbbr":{"fi":"KESK","sv":"C","en":"CENT"}},{"age":38,"advanceVotesPercent":0.2,"lastname":"Koivunen","occupation":"Mekaanikko, korkeakouluopiskelija","advanceVotes":1,"npid":3,"totalVotes":10,"spid":3,"abbr":"PS","municipalCouncilor":false,"muid":19,"alid":3,"firstname":"Jari","electionDayVotes":9,"pid":"23","finalPosition":0,"electedInformation":"NOT_ELECTED","totalVotesPercent":0.6,"nominatorName":{"fi":"Perussuomalaiset","sv":"Sannfinländarna","en":"The Finns Party"},"caid":38,"position":0,"gender":"1","comparisonData":{"totalVotes":16,"votesTotalChange":-6},"edid":3,"comparativeIndex":0.0,"electionDayVotesPercent":0.9,"nominatorAbbr":{"fi":"PS","sv":"Sannf","en":"FINNS"}},{"age":59,"advanceVotesPercent":1.1,"lastname":"Kulmala","occupation":"Ammatillinen erityisopettaja","advanceVotes":7,"npid":2,"totalVotes":9,"spid":1,"abbr":"KESK","municipalCouncilor":false,"muid":19,"alid":2,"firstname":"Erkki","electionDayVotes":2,"pid":"2","finalPosition":0,"electedInformation":"NOT_ELECTED","totalVotesPercent":0.5,"nominatorName":{"fi":"Suomen Keskusta","sv":"Centern i Finland","en":"Centre Party of Finland"},"caid":24,"position":0,"gender":"1","comparisonData":{"totalVotes":0,"votesTotalChange":9},"edid":3,"comparativeIndex":0.0,"electionDayVotesPercent":0.2,"nominatorAbbr":{"fi":"KESK","sv":"C","en":"CENT"}},{"age":50,"advanceVotesPercent":0.5,"lastname":"Hirvonen","occupation":"Yrittäjä","advanceVotes":3,"npid":1,"totalVotes":8,"spid":2,"abbr":"KOK","municipalCouncilor":false,"muid":19,"alid":1,"firstname":"Klaus","electionDayVotes":5,"pid":"4","finalPosition":0,"electedInformation":"NOT_ELECTED","totalVotesPercent":0.5,"nominatorName":{"fi":"Kansallinen Kokoomus","sv":"Samlingspartiet","en":"National Coalition Party"},"caid":3,"position":0,"gender":"1","comparisonData":{"totalVotes":0,"votesTotalChange":8},"edid":3,"comparativeIndex":0.0,"electionDayVotesPercent":0.5,"nominatorAbbr":{"fi":"KOK","sv":"Saml","en":"NCP"}},{"age":68,"advanceVotesPercent":0.6,"lastname":"Siukonen","occupation":"Eläkeläinen","advanceVotes":4,"npid":1,"totalVotes":6,"spid":2,"abbr":"KOK","municipalCouncilor":false,"muid":19,"alid":1,"firstname":"Jorma","electionDayVotes":2,"pid":"4","finalPosition":0,"electedInformation":"NOT_ELECTED","totalVotesPercent":0.4,"nominatorName":{"fi":"Kansallinen Kokoomus","sv":"Samlingspartiet","en":"National Coalition Party"},"caid":18,"position":0,"gender":"1","comparisonData":{"totalVotes":13,"votesTotalChange":-7},"edid":3,"comparativeIndex":0.0,"electionDayVotesPercent":0.2,"nominatorAbbr":{"fi":"KOK","sv":"Saml","en":"NCP"}},{"age":71,"advanceVotesPercent":0.5,"lastname":"Lehtonen","occupation":"Eläkeläinen","advanceVotes":3,"npid":2,"totalVotes":6,"spid":1,"abbr":"KESK","municipalCouncilor":false,"muid":19,"alid":2,"firstname":"Lea","electionDayVotes":3,"pid":"2","finalPosition":0,"electedInformation":"NOT_ELECTED","totalVotesPercent":0.4,"nominatorName":{"fi":"Suomen Keskusta","sv":"Centern i Finland","en":"Centre Party of Finland"},"caid":25,"position":0,"gender":"2","comparisonData":{"totalVotes":14,"votesTotalChange":-8},"edid":3,"comparativeIndex":0.0,"electionDayVotesPercent":0.3,"nominatorAbbr":{"fi":"KESK","sv":"C","en":"CENT"}},{"age":60,"advanceVotesPercent":0.8,"lastname":"Pelttari","occupation":"Henkilökohtainen avustaja","advanceVotes":5,"npid":1,"totalVotes":5,"spid":2,"abbr":"KOK","municipalCouncilor":false,"muid":19,"alid":1,"firstname":"Marjo","electionDayVotes":0,"pid":"4","finalPosition":0,"electedInformation":"NOT_ELECTED","totalVotesPercent":0.3,"nominatorName":{"fi":"Kansallinen Kokoomus","sv":"Samlingspartiet","en":"National Coalition Party"},"caid":15,"position":0,"gender":"2","comparisonData":{"totalVotes":12,"votesTotalChange":-7},"edid":3,"comparativeIndex":0.0,"electionDayVotesPercent":0.0,"nominatorAbbr":{"fi":"KOK","sv":"Saml","en":"NCP"}},{"age":71,"advanceVotesPercent":0.3,"lastname":"Salmi","occupation":"Eläkeläinen","advanceVotes":2,"npid":1,"totalVotes":2,"spid":2,"abbr":"KOK","municipalCouncilor":false,"muid":19,"alid":1,"firstname":"Antti","electionDayVotes":0,"pid":"4","finalPosition":0,"electedInformation":"NOT_ELECTED","totalVotesPercent":0.1,"nominatorName":{"fi":"Kansallinen Kokoomus","sv":"Samlingspartiet","en":"National Coalition Party"},"caid":17,"position":0,"gender":"1","comparisonData":{"totalVotes":3,"votesTotalChange":-1},"edid":3,"comparativeIndex":0.0,"electionDayVotesPercent":0.0,"nominatorAbbr":{"fi":"KOK","sv":"Saml","en":"NCP"}}],"municipalityPollingDistricts":[{"name":{"fi":"Aura","sv":"Aura"},"calculationStatusPercent":100.0,"joinedArea":false,"muid":19,"totalVotingInFinlandTurnout":56.5,"identification":"001","pdid":"001","eligibleVotersInFinlandTotal":3005,"edid":3,"mergedToPdid":""}],"municipality":{"muid":19,"edid":3,"name":{"fi":"Aura","sv":"Aura"}}}