{"version":30,"created":"2017-04-09T19:17:28.164Z","electionDetails":{"electionId":"kv2017","electionDate":"2017-04-09T00:00:00.000Z","electionDataPublishTime":"2017-04-09T17:00:00.000Z","name":{"fi":"Kuntavaalit 2017","sv":"Kommunalval 2017","en":"Elections 2017"},"previousElections":{"correspondingCompareElection":{"electionId":"kv2012","electionDate":"2012-10-28T00:00:00.000Z","name":{"fi":"Kuntavaalit 2012","en":"Municipal elections 2012","sv":"Kommunalval 2012"}},"otherCompareElection":{"electionId":"ev2015","electionDate":"2015-04-19T00:00:00.000Z","name":{"fi":"Eduskuntavaalit 2015","en":"Parliamentary election 2015","sv":"Riksdagsval 2015"}}}},"calculationStatus":{"electionDayVotingTurnout":38.2,"invalidAdvanceVotes":2,"calculationPhase":"INITIAL","invalidElectionDayVotes":1,"approvedAdvanceVotes":201,"advanceVotingTurnout":32.7,"totalVotingTurnoutAbroad":0.0,"name":{"fi":"Västanfjärd","sv":"Västanfjärd"},"calculationStatusPercent":100.0,"advanceVotes":203,"electionDayVotingTurnoutAbroad":0.0,"approvedTotalVotes":437,"totalVotes":440,"muid":322,"totalVotingInFinlandTurnout":70.9,"advanceVotingTurnoutAbroad":0.0,"invalidTotalVotes":3,"totalVotingTurnout":70.9,"electionDayVotes":237,"electionDayVotesInFinland":237,"pdid":"005","totalVotesInFinlandMen":0,"eligibleVotersInFinlandTotal":621,"calculationStatusPercentElectionDayVotes":100.0,"sourceRecordModificationTime":"20170409203807","otherCompareElection":{"eid":"","eligibleVotersInFinlandTotal":0,"advanceVotingInFinlandTurnout":0.0,"electionDayVotingInFinlandTurnout":0.0,"totalVotingInFinlandTurnout":0.0,"approvedVotesTotal":0,"invalidVotesTotal":0},"correspondingCompareElection":{"eid":"","eligibleVotersInFinlandTotal":0,"advanceVotingInFinlandTurnout":0.0,"electionDayVotingInFinlandTurnout":0.0,"totalVotingInFinlandTurnout":0.0,"approvedVotesTotal":0,"invalidVotesTotal":0,"seats":0},"approvedElectionDayVotes":236,"edid":3,"calculationStatusPercentAdvanceVotes":100.0,"electionDayVotingInFinlandTurnout":38.2,"seats":0,"eligibleVotersTotal":621,"advanceVotesInFinland":203,"advanceVotingInFinlandTurnout":32.7,"totalVotesInFinland":440},"partyResults":[{"advanceVotesPercent":53.7,"name":{"fi":"Suomen ruotsalainen kansanpuolue","sv":"Svenska folkpartiet i Finland","en":"Swedish People's Party in Finland"},"advanceVotes":108,"npid":6,"totalVotes":234,"spid":7,"abbr":{"fi":"RKP","sv":"SFP","en":"SPP"},"alid":6,"electionDayVotes":126,"pid":"5","totalVotesPercent":53.5,"nominatorName":{"fi":"Suomen ruotsalainen kansanpuolue","sv":"Svenska folkpartiet i Finland","en":"Swedish People's Party in Finland"},"compareData":{"otherCompareElection":{"votesTotalChange":0,"votesTotalPercentChange":0.0,"votesTotal":234,"votesTotalPercent":53.5},"correspondingCompareElection":{"votesTotalChange":0,"votesTotalPercentChange":0.0,"seatChange":0,"votesTotal":234,"votesTotalPercent":53.5,"seatsTotal":0}},"seats":0,"electionDayVotesPercent":53.4,"nominatorAbbr":{"fi":"RKP","sv":"SFP","en":"SPP"}},{"advanceVotesPercent":20.9,"name":{"fi":"Suomen Sosialidemokraattinen Puolue","sv":"Finlands Socialdemokratiska Parti","en":"The Finnish Social Democratic Party"},"advanceVotes":42,"npid":2,"totalVotes":84,"spid":4,"abbr":{"fi":"SDP","sv":"SDP","en":"SDP"},"alid":2,"electionDayVotes":42,"pid":"1","totalVotesPercent":19.2,"nominatorName":{"fi":"Suomen Sosialidemokraattinen Puolue","sv":"Finlands Socialdemokratiska Parti","en":"The Finnish Social Democratic Party"},"compareData":{"otherCompareElection":{"votesTotalChange":0,"votesTotalPercentChange":0.0,"votesTotal":84,"votesTotalPercent":19.2},"correspondingCompareElection":{"votesTotalChange":0,"votesTotalPercentChange":0.0,"seatChange":0,"votesTotal":84,"votesTotalPercent":19.2,"seatsTotal":0}},"seats":0,"electionDayVotesPercent":17.8,"nominatorAbbr":{"fi":"SDP","sv":"SDP","en":"SDP"}},{"advanceVotesPercent":17.9,"name":{"fi":"Muut ryhmät","sv":"Övriga grupper","en":"Other groups"},"advanceVotes":36,"npid":8,"totalVotes":72,"spid":99,"abbr":{"fi":"Muut","sv":"Övriga","en":"Others"},"alid":8,"electionDayVotes":36,"pid":"3228","totalVotesPercent":16.5,"nominatorName":{"fi":"Fri samverkan Gemensam lista, Vapaa Yhteistoiminta Yhteislista","sv":"Fri samverkan Gemensam lista, Vapaa Yhteistoiminta Yhteislista","en":"Fri samverkan Gemensam lista, Vapaa Yhteistoiminta Yhteislista"},"compareData":{"otherCompareElection":{"votesTotalChange":0,"votesTotalPercentChange":0.0,"votesTotal":72,"votesTotalPercent":16.5},"correspondingCompareElection":{"votesTotalChange":0,"votesTotalPercentChange":0.0,"seatChange":0,"votesTotal":72,"votesTotalPercent":16.5,"seatsTotal":0}},"seats":0,"electionDayVotesPercent":15.3,"nominatorAbbr":{"fi":"FS/VY","sv":"FS/VY","en":"FS/VY"}},{"advanceVotesPercent":3.5,"name":{"fi":"Vihreä liitto","sv":"Gröna förbundet","en":"Green League"},"advanceVotes":7,"npid":1,"totalVotes":17,"spid":5,"abbr":{"fi":"VIHR","sv":"Gröna","en":"GREEN"},"alid":1,"electionDayVotes":10,"pid":"13","totalVotesPercent":3.9,"nominatorName":{"fi":"Vihreä liitto","sv":"Gröna förbundet","en":"Green League"},"compareData":{"otherCompareElection":{"votesTotalChange":0,"votesTotalPercentChange":0.0,"votesTotal":17,"votesTotalPercent":3.9},"correspondingCompareElection":{"votesTotalChange":0,"votesTotalPercentChange":0.0,"seatChange":0,"votesTotal":17,"votesTotalPercent":3.9,"seatsTotal":0}},"seats":0,"electionDayVotesPercent":4.2,"nominatorAbbr":{"fi":"VIHR","sv":"Gröna","en":"GREEN"}},{"advanceVotesPercent":2.5,"name":{"fi":"Suomen Keskusta","sv":"Centern i Finland","en":"Centre Party of Finland"},"advanceVotes":5,"npid":3,"totalVotes":13,"spid":1,"abbr":{"fi":"KESK","sv":"C","en":"CENT"},"alid":3,"electionDayVotes":8,"pid":"2","totalVotesPercent":3.0,"nominatorName":{"fi":"Suomen Keskusta","sv":"Centern i Finland","en":"Centre Party of Finland"},"compareData":{"otherCompareElection":{"votesTotalChange":0,"votesTotalPercentChange":0.0,"votesTotal":13,"votesTotalPercent":3.0},"correspondingCompareElection":{"votesTotalChange":0,"votesTotalPercentChange":0.0,"seatChange":0,"votesTotal":13,"votesTotalPercent":3.0,"seatsTotal":0}},"seats":0,"electionDayVotesPercent":3.4,"nominatorAbbr":{"fi":"KESK","sv":"C","en":"CENT"}},{"advanceVotesPercent":0.5,"name":{"fi":"Kansallinen Kokoomus","sv":"Samlingspartiet","en":"National Coalition Party"},"advanceVotes":1,"npid":5,"totalVotes":11,"spid":2,"abbr":{"fi":"KOK","sv":"Saml","en":"NCP"},"alid":5,"electionDayVotes":10,"pid":"4","totalVotesPercent":2.5,"nominatorName":{"fi":"Kansallinen Kokoomus","sv":"Samlingspartiet","en":"National Coalition Party"},"compareData":{"otherCompareElection":{"votesTotalChange":0,"votesTotalPercentChange":0.0,"votesTotal":11,"votesTotalPercent":2.5},"correspondingCompareElection":{"votesTotalChange":0,"votesTotalPercentChange":0.0,"seatChange":0,"votesTotal":11,"votesTotalPercent":2.5,"seatsTotal":0}},"seats":0,"electionDayVotesPercent":4.2,"nominatorAbbr":{"fi":"KOK","sv":"Saml","en":"NCP"}},{"advanceVotesPercent":1.0,"name":{"fi":"Vasemmistoliitto","sv":"Vänsterförbundet","en":"The Left Alliance"},"advanceVotes":2,"npid":4,"totalVotes":6,"spid":6,"abbr":{"fi":"VAS","sv":"VF","en":"LEFT"},"alid":4,"electionDayVotes":4,"pid":"15","totalVotesPercent":1.4,"nominatorName":{"fi":"Vasemmistoliitto","sv":"Vänsterförbundet","en":"The Left Alliance"},"compareData":{"otherCompareElection":{"votesTotalChange":0,"votesTotalPercentChange":0.0,"votesTotal":6,"votesTotalPercent":1.4},"correspondingCompareElection":{"votesTotalChange":0,"votesTotalPercentChange":0.0,"seatChange":0,"votesTotal":6,"votesTotalPercent":1.4,"seatsTotal":0}},"seats":0,"electionDayVotesPercent":1.7,"nominatorAbbr":{"fi":"VAS","sv":"VF","en":"LEFT"}},{"advanceVotesPercent":0.0,"name":{"fi":"Perussuomalaiset","sv":"Sannfinländarna","en":"The Finns Party"},"advanceVotes":0,"npid":7,"totalVotes":0,"spid":3,"abbr":{"fi":"PS","sv":"Sannf","en":"FINNS"},"alid":7,"electionDayVotes":0,"pid":"23","totalVotesPercent":0.0,"nominatorName":{"fi":"Perussuomalaiset","sv":"Sannfinländarna","en":"The Finns Party"},"compareData":{"otherCompareElection":{"votesTotalChange":0,"votesTotalPercentChange":0.0,"votesTotal":0,"votesTotalPercent":0.0},"correspondingCompareElection":{"votesTotalChange":0,"votesTotalPercentChange":0.0,"seatChange":0,"votesTotal":0,"votesTotalPercent":0.0,"seatsTotal":0}},"seats":0,"electionDayVotesPercent":0.0,"nominatorAbbr":{"fi":"PS","sv":"Sannf","en":"FINNS"}}],"candidateResults":[{"age":70,"advanceVotesPercent":20.4,"lastname":"Enestam","occupation":"minister, pensionär","advanceVotes":41,"npid":6,"totalVotes":84,"spid":7,"abbr":"RKP","municipalCouncilor":false,"muid":322,"alid":6,"firstname":"Jan-Erik","electionDayVotes":43,"pid":"5","finalPosition":0,"electedInformation":"ELECTED","totalVotesPercent":19.2,"nominatorName":{"fi":"Suomen ruotsalainen kansanpuolue","sv":"Svenska folkpartiet i Finland","en":"Swedish People's Party in Finland"},"caid":55,"position":0,"gender":"1","comparisonData":{"totalVotes":0,"votesTotalChange":84},"edid":3,"comparativeIndex":0.0,"electionDayVotesPercent":18.2,"nominatorAbbr":{"fi":"RKP","sv":"SFP","en":"SPP"}},{"age":60,"advanceVotesPercent":14.9,"lastname":"Vilander","occupation":"elmontör","advanceVotes":30,"npid":2,"totalVotes":58,"spid":4,"abbr":"SDP","municipalCouncilor":true,"muid":322,"alid":2,"firstname":"Bo","electionDayVotes":28,"pid":"1","finalPosition":0,"electedInformation":"ELECTED","totalVotesPercent":13.3,"nominatorName":{"fi":"Suomen Sosialidemokraattinen Puolue","sv":"Finlands Socialdemokratiska Parti","en":"The Finnish Social Democratic Party"},"caid":24,"position":0,"gender":"1","comparisonData":{"totalVotes":63,"votesTotalChange":-5},"edid":3,"comparativeIndex":0.0,"electionDayVotesPercent":11.9,"nominatorAbbr":{"fi":"SDP","sv":"SDP","en":"SDP"}},{"age":47,"advanceVotesPercent":10.9,"lastname":"Hollsten","occupation":"företagare","advanceVotes":22,"npid":8,"totalVotes":38,"spid":99,"abbr":"Muut","municipalCouncilor":false,"muid":322,"alid":8,"firstname":"Jari","electionDayVotes":16,"pid":"3228","finalPosition":0,"electedInformation":"ELECTED","totalVotesPercent":8.7,"nominatorName":{"fi":"Fri samverkan Gemensam lista, Vapaa Yhteistoiminta Yhteislista","sv":"Fri samverkan Gemensam lista, Vapaa Yhteistoiminta Yhteislista","en":"Fri samverkan Gemensam lista, Vapaa Yhteistoiminta Yhteislista"},"caid":85,"position":0,"gender":"1","comparisonData":{"totalVotes":0,"votesTotalChange":38},"edid":3,"comparativeIndex":0.0,"electionDayVotesPercent":6.8,"nominatorAbbr":{"fi":"FS/VY","sv":"FS/VY","en":"FS/VY"}},{"age":45,"advanceVotesPercent":4.5,"lastname":"Oksanen","occupation":"generalsekreterare","advanceVotes":9,"npid":6,"totalVotes":25,"spid":7,"abbr":"RKP","municipalCouncilor":true,"muid":322,"alid":6,"firstname":"Michael","electionDayVotes":16,"pid":"5","finalPosition":0,"electedInformation":"ELECTED","totalVotesPercent":5.7,"nominatorName":{"fi":"Suomen ruotsalainen kansanpuolue","sv":"Svenska folkpartiet i Finland","en":"Swedish People's Party in Finland"},"caid":69,"position":0,"gender":"1","comparisonData":{"totalVotes":100,"votesTotalChange":-75},"edid":3,"comparativeIndex":0.0,"electionDayVotesPercent":6.8,"nominatorAbbr":{"fi":"RKP","sv":"SFP","en":"SPP"}},{"age":42,"advanceVotesPercent":6.5,"lastname":"Guseff","occupation":"sjöbevakare, lärare","advanceVotes":13,"npid":6,"totalVotes":20,"spid":7,"abbr":"RKP","municipalCouncilor":true,"muid":322,"alid":6,"firstname":"Niklas","electionDayVotes":7,"pid":"5","finalPosition":0,"electedInformation":"ELECTED","totalVotesPercent":4.6,"nominatorName":{"fi":"Suomen ruotsalainen kansanpuolue","sv":"Svenska folkpartiet i Finland","en":"Swedish People's Party in Finland"},"caid":58,"position":0,"gender":"1","comparisonData":{"totalVotes":98,"votesTotalChange":-78},"edid":3,"comparativeIndex":0.0,"electionDayVotesPercent":3.0,"nominatorAbbr":{"fi":"RKP","sv":"SFP","en":"SPP"}},{"age":53,"advanceVotesPercent":5.5,"lastname":"Sjöblom","occupation":"företagare","advanceVotes":11,"npid":6,"totalVotes":20,"spid":7,"abbr":"RKP","municipalCouncilor":false,"muid":322,"alid":6,"firstname":"Patrik","electionDayVotes":9,"pid":"5","finalPosition":0,"electedInformation":"ELECTED","totalVotesPercent":4.6,"nominatorName":{"fi":"Suomen ruotsalainen kansanpuolue","sv":"Svenska folkpartiet i Finland","en":"Swedish People's Party in Finland"},"caid":71,"position":0,"gender":"1","comparisonData":{"totalVotes":0,"votesTotalChange":20},"edid":3,"comparativeIndex":0.0,"electionDayVotesPercent":3.8,"nominatorAbbr":{"fi":"RKP","sv":"SFP","en":"SPP"}},{"age":40,"advanceVotesPercent":2.5,"lastname":"Nordell","occupation":"lärare","advanceVotes":5,"npid":6,"totalVotes":17,"spid":7,"abbr":"RKP","municipalCouncilor":false,"muid":322,"alid":6,"firstname":"Dennis","electionDayVotes":12,"pid":"5","finalPosition":0,"electedInformation":"ON_SUBSTITUTE_PLACE","totalVotesPercent":3.9,"nominatorName":{"fi":"Suomen ruotsalainen kansanpuolue","sv":"Svenska folkpartiet i Finland","en":"Swedish People's Party in Finland"},"caid":66,"position":0,"gender":"1","comparisonData":{"totalVotes":0,"votesTotalChange":17},"edid":3,"comparativeIndex":0.0,"electionDayVotesPercent":5.1,"nominatorAbbr":{"fi":"RKP","sv":"SFP","en":"SPP"}},{"age":46,"advanceVotesPercent":2.5,"lastname":"Fabritius","occupation":"agrolog","advanceVotes":5,"npid":6,"totalVotes":12,"spid":7,"abbr":"RKP","municipalCouncilor":true,"muid":322,"alid":6,"firstname":"Helena","electionDayVotes":7,"pid":"5","finalPosition":0,"electedInformation":"ELECTED","totalVotesPercent":2.7,"nominatorName":{"fi":"Suomen ruotsalainen kansanpuolue","sv":"Svenska folkpartiet i Finland","en":"Swedish People's Party in Finland"},"caid":56,"position":0,"gender":"2","comparisonData":{"totalVotes":77,"votesTotalChange":-65},"edid":3,"comparativeIndex":0.0,"electionDayVotesPercent":3.0,"nominatorAbbr":{"fi":"RKP","sv":"SFP","en":"SPP"}},{"age":34,"advanceVotesPercent":2.5,"lastname":"Liljeqvist","occupation":"vice vd","advanceVotes":5,"npid":6,"totalVotes":10,"spid":7,"abbr":"RKP","municipalCouncilor":true,"muid":322,"alid":6,"firstname":"Wilhelm","electionDayVotes":5,"pid":"5","finalPosition":0,"electedInformation":"ELECTED","totalVotesPercent":2.3,"nominatorName":{"fi":"Suomen ruotsalainen kansanpuolue","sv":"Svenska folkpartiet i Finland","en":"Swedish People's Party in Finland"},"caid":62,"position":0,"gender":"1","comparisonData":{"totalVotes":144,"votesTotalChange":-134},"edid":3,"comparativeIndex":0.0,"electionDayVotesPercent":2.1,"nominatorAbbr":{"fi":"RKP","sv":"SFP","en":"SPP"}},{"age":27,"advanceVotesPercent":2.0,"lastname":"Ström","occupation":"brunnsborrare","advanceVotes":4,"npid":2,"totalVotes":9,"spid":4,"abbr":"SDP","municipalCouncilor":false,"muid":322,"alid":2,"firstname":"Rickard","electionDayVotes":5,"pid":"1","finalPosition":0,"electedInformation":"NOT_ELECTED","totalVotesPercent":2.1,"nominatorName":{"fi":"Suomen Sosialidemokraattinen Puolue","sv":"Finlands Socialdemokratiska Parti","en":"The Finnish Social Democratic Party"},"caid":22,"position":0,"gender":"1","comparisonData":{"totalVotes":0,"votesTotalChange":9},"edid":3,"comparativeIndex":0.0,"electionDayVotesPercent":2.1,"nominatorAbbr":{"fi":"SDP","sv":"SDP","en":"SDP"}},{"age":49,"advanceVotesPercent":2.0,"lastname":"Salonen","occupation":"yrittäjä, företagare","advanceVotes":4,"npid":8,"totalVotes":8,"spid":99,"abbr":"Muut","municipalCouncilor":false,"muid":322,"alid":8,"firstname":"Janne","electionDayVotes":4,"pid":"3228","finalPosition":0,"electedInformation":"ELECTED","totalVotesPercent":1.8,"nominatorName":{"fi":"Fri samverkan Gemensam lista, Vapaa Yhteistoiminta Yhteislista","sv":"Fri samverkan Gemensam lista, Vapaa Yhteistoiminta Yhteislista","en":"Fri samverkan Gemensam lista, Vapaa Yhteistoiminta Yhteislista"},"caid":91,"position":0,"gender":"1","comparisonData":{"totalVotes":0,"votesTotalChange":8},"edid":3,"comparativeIndex":0.0,"electionDayVotesPercent":1.7,"nominatorAbbr":{"fi":"FS/VY","sv":"FS/VY","en":"FS/VY"}},{"age":43,"advanceVotesPercent":1.5,"lastname":"Hakalax","occupation":"produktionschef","advanceVotes":3,"npid":6,"totalVotes":7,"spid":7,"abbr":"RKP","municipalCouncilor":false,"muid":322,"alid":6,"firstname":"Roger","electionDayVotes":4,"pid":"5","finalPosition":0,"electedInformation":"ON_SUBSTITUTE_PLACE","totalVotesPercent":1.6,"nominatorName":{"fi":"Suomen ruotsalainen kansanpuolue","sv":"Svenska folkpartiet i Finland","en":"Swedish People's Party in Finland"},"caid":59,"position":0,"gender":"1","comparisonData":{"totalVotes":0,"votesTotalChange":7},"edid":3,"comparativeIndex":0.0,"electionDayVotesPercent":1.7,"nominatorAbbr":{"fi":"RKP","sv":"SFP","en":"SPP"}},{"age":65,"advanceVotesPercent":1.0,"lastname":"Wretdal","occupation":"fil.mag.","advanceVotes":2,"npid":6,"totalVotes":7,"spid":7,"abbr":"RKP","municipalCouncilor":true,"muid":322,"alid":6,"firstname":"Inger","electionDayVotes":5,"pid":"5","finalPosition":0,"electedInformation":"ELECTED","totalVotesPercent":1.6,"nominatorName":{"fi":"Suomen ruotsalainen kansanpuolue","sv":"Svenska folkpartiet i Finland","en":"Swedish People's Party in Finland"},"caid":75,"position":0,"gender":"2","comparisonData":{"totalVotes":145,"votesTotalChange":-138},"edid":3,"comparativeIndex":0.0,"electionDayVotesPercent":2.1,"nominatorAbbr":{"fi":"RKP","sv":"SFP","en":"SPP"}},{"age":54,"advanceVotesPercent":2.0,"lastname":"Friman","occupation":"företagare, yrittäjä","advanceVotes":4,"npid":8,"totalVotes":7,"spid":99,"abbr":"Muut","municipalCouncilor":true,"muid":322,"alid":8,"firstname":"Rune","electionDayVotes":3,"pid":"3228","finalPosition":0,"electedInformation":"ELECTED","totalVotesPercent":1.6,"nominatorName":{"fi":"Fri samverkan Gemensam lista, Vapaa Yhteistoiminta Yhteislista","sv":"Fri samverkan Gemensam lista, Vapaa Yhteistoiminta Yhteislista","en":"Fri samverkan Gemensam lista, Vapaa Yhteistoiminta Yhteislista"},"caid":83,"position":0,"gender":"1","comparisonData":{"totalVotes":313,"votesTotalChange":-306},"edid":3,"comparativeIndex":0.0,"electionDayVotesPercent":1.3,"nominatorAbbr":{"fi":"FS/VY","sv":"FS/VY","en":"FS/VY"}},{"age":59,"advanceVotesPercent":1.0,"lastname":"Ström","occupation":"arbetsledare","advanceVotes":2,"npid":2,"totalVotes":6,"spid":4,"abbr":"SDP","municipalCouncilor":false,"muid":322,"alid":2,"firstname":"Börje","electionDayVotes":4,"pid":"1","finalPosition":0,"electedInformation":"NOT_ELECTED","totalVotesPercent":1.4,"nominatorName":{"fi":"Suomen Sosialidemokraattinen Puolue","sv":"Finlands Socialdemokratiska Parti","en":"The Finnish Social Democratic Party"},"caid":21,"position":0,"gender":"1","comparisonData":{"totalVotes":27,"votesTotalChange":-21},"edid":3,"comparativeIndex":0.0,"electionDayVotesPercent":1.7,"nominatorAbbr":{"fi":"SDP","sv":"SDP","en":"SDP"}},{"age":51,"advanceVotesPercent":0.5,"lastname":"Flinkman","occupation":"AD","advanceVotes":1,"npid":5,"totalVotes":6,"spid":2,"abbr":"KOK","municipalCouncilor":false,"muid":322,"alid":5,"firstname":"Peter","electionDayVotes":5,"pid":"4","finalPosition":0,"electedInformation":"NOT_ELECTED","totalVotesPercent":1.4,"nominatorName":{"fi":"Kansallinen Kokoomus","sv":"Samlingspartiet","en":"National Coalition Party"},"caid":44,"position":0,"gender":"1","comparisonData":{"totalVotes":0,"votesTotalChange":6},"edid":3,"comparativeIndex":0.0,"electionDayVotesPercent":2.1,"nominatorAbbr":{"fi":"KOK","sv":"Saml","en":"NCP"}},{"age":38,"advanceVotesPercent":0.5,"lastname":"Backman","occupation":"lektor, ekon.mag.","advanceVotes":1,"npid":6,"totalVotes":6,"spid":7,"abbr":"RKP","municipalCouncilor":false,"muid":322,"alid":6,"firstname":"Hanna","electionDayVotes":5,"pid":"5","finalPosition":0,"electedInformation":"ON_SUBSTITUTE_PLACE","totalVotesPercent":1.4,"nominatorName":{"fi":"Suomen ruotsalainen kansanpuolue","sv":"Svenska folkpartiet i Finland","en":"Swedish People's Party in Finland"},"caid":51,"position":0,"gender":"2","comparisonData":{"totalVotes":24,"votesTotalChange":-18},"edid":3,"comparativeIndex":0.0,"electionDayVotesPercent":2.1,"nominatorAbbr":{"fi":"RKP","sv":"SFP","en":"SPP"}},{"age":60,"advanceVotesPercent":1.5,"lastname":"Lücke","occupation":"företagare, yrittäjä","advanceVotes":3,"npid":8,"totalVotes":6,"spid":99,"abbr":"Muut","municipalCouncilor":true,"muid":322,"alid":8,"firstname":"Veijo","electionDayVotes":3,"pid":"3228","finalPosition":0,"electedInformation":"ELECTED","totalVotesPercent":1.4,"nominatorName":{"fi":"Fri samverkan Gemensam lista, Vapaa Yhteistoiminta Yhteislista","sv":"Fri samverkan Gemensam lista, Vapaa Yhteistoiminta Yhteislista","en":"Fri samverkan Gemensam lista, Vapaa Yhteistoiminta Yhteislista"},"caid":88,"position":0,"gender":"1","comparisonData":{"totalVotes":88,"votesTotalChange":-82},"edid":3,"comparativeIndex":0.0,"electionDayVotesPercent":1.3,"nominatorAbbr":{"fi":"FS/VY","sv":"FS/VY","en":"FS/VY"}},{"age":49,"advanceVotesPercent":1.5,"lastname":"Lang","occupation":"erikoissairaanhoitaja","advanceVotes":3,"npid":1,"totalVotes":5,"spid":5,"abbr":"VIHR","municipalCouncilor":true,"muid":322,"alid":1,"firstname":"Eija","electionDayVotes":2,"pid":"13","finalPosition":0,"electedInformation":"ELECTED","totalVotesPercent":1.1,"nominatorName":{"fi":"Vihreä liitto","sv":"Gröna förbundet","en":"Green League"},"caid":6,"position":0,"gender":"2","comparisonData":{"totalVotes":48,"votesTotalChange":-43},"edid":3,"comparativeIndex":0.0,"electionDayVotesPercent":0.8,"nominatorAbbr":{"fi":"VIHR","sv":"Gröna","en":"GREEN"}},{"age":56,"advanceVotesPercent":0.5,"lastname":"Kallonen","occupation":"maanviljelijä, yrittäjä","advanceVotes":1,"npid":3,"totalVotes":5,"spid":1,"abbr":"KESK","municipalCouncilor":false,"muid":322,"alid":3,"firstname":"Kalevi","electionDayVotes":4,"pid":"2","finalPosition":0,"electedInformation":"ELECTED","totalVotesPercent":1.1,"nominatorName":{"fi":"Suomen Keskusta","sv":"Centern i Finland","en":"Centre Party of Finland"},"caid":27,"position":0,"gender":"1","comparisonData":{"totalVotes":59,"votesTotalChange":-54},"edid":3,"comparativeIndex":0.0,"electionDayVotesPercent":1.7,"nominatorAbbr":{"fi":"KESK","sv":"C","en":"CENT"}},{"age":42,"advanceVotesPercent":0.0,"lastname":"Loukiainen","occupation":"yrittäjä, företagare","advanceVotes":0,"npid":5,"totalVotes":5,"spid":2,"abbr":"KOK","municipalCouncilor":false,"muid":322,"alid":5,"firstname":"Heidi","electionDayVotes":5,"pid":"4","finalPosition":0,"electedInformation":"NOT_ELECTED","totalVotesPercent":1.1,"nominatorName":{"fi":"Kansallinen Kokoomus","sv":"Samlingspartiet","en":"National Coalition Party"},"caid":46,"position":0,"gender":"2","comparisonData":{"totalVotes":15,"votesTotalChange":-10},"edid":3,"comparativeIndex":0.0,"electionDayVotesPercent":2.1,"nominatorAbbr":{"fi":"KOK","sv":"Saml","en":"NCP"}},{"age":33,"advanceVotesPercent":0.0,"lastname":"Lindstedt","occupation":"företagare, yrittäjä","advanceVotes":0,"npid":8,"totalVotes":5,"spid":99,"abbr":"Muut","municipalCouncilor":false,"muid":322,"alid":8,"firstname":"Andreas","electionDayVotes":5,"pid":"3228","finalPosition":0,"electedInformation":"NOT_ELECTED","totalVotesPercent":1.1,"nominatorName":{"fi":"Fri samverkan Gemensam lista, Vapaa Yhteistoiminta Yhteislista","sv":"Fri samverkan Gemensam lista, Vapaa Yhteistoiminta Yhteislista","en":"Fri samverkan Gemensam lista, Vapaa Yhteistoiminta Yhteislista"},"caid":87,"position":0,"gender":"1","comparisonData":{"totalVotes":0,"votesTotalChange":5},"edid":3,"comparativeIndex":0.0,"electionDayVotesPercent":2.1,"nominatorAbbr":{"fi":"FS/VY","sv":"FS/VY","en":"FS/VY"}},{"age":67,"advanceVotesPercent":0.5,"lastname":"Avellan","occupation":"miljösekreterare, ympäristösihteeri","advanceVotes":1,"npid":1,"totalVotes":4,"spid":5,"abbr":"VIHR","municipalCouncilor":false,"muid":322,"alid":1,"firstname":"Gunilla","electionDayVotes":3,"pid":"13","finalPosition":0,"electedInformation":"ON_SUBSTITUTE_PLACE","totalVotesPercent":0.9,"nominatorName":{"fi":"Vihreä liitto","sv":"Gröna förbundet","en":"Green League"},"caid":3,"position":0,"gender":"2","comparisonData":{"totalVotes":44,"votesTotalChange":-40},"edid":3,"comparativeIndex":0.0,"electionDayVotesPercent":1.3,"nominatorAbbr":{"fi":"VIHR","sv":"Gröna","en":"GREEN"}},{"age":31,"advanceVotesPercent":1.0,"lastname":"Kulla","occupation":"sjukskötare","advanceVotes":2,"npid":2,"totalVotes":4,"spid":4,"abbr":"SDP","municipalCouncilor":false,"muid":322,"alid":2,"firstname":"Ann-Marie","electionDayVotes":2,"pid":"1","finalPosition":0,"electedInformation":"ELECTED","totalVotesPercent":0.9,"nominatorName":{"fi":"Suomen Sosialidemokraattinen Puolue","sv":"Finlands Socialdemokratiska Parti","en":"The Finnish Social Democratic Party"},"caid":17,"position":0,"gender":"2","comparisonData":{"totalVotes":0,"votesTotalChange":4},"edid":3,"comparativeIndex":0.0,"electionDayVotesPercent":0.8,"nominatorAbbr":{"fi":"SDP","sv":"SDP","en":"SDP"}},{"age":38,"advanceVotesPercent":0.5,"lastname":"Lindroth","occupation":"logistikchef, lantbrukare","advanceVotes":1,"npid":6,"totalVotes":4,"spid":7,"abbr":"RKP","municipalCouncilor":false,"muid":322,"alid":6,"firstname":"Thomas","electionDayVotes":3,"pid":"5","finalPosition":0,"electedInformation":"ON_SUBSTITUTE_PLACE","totalVotesPercent":0.9,"nominatorName":{"fi":"Suomen ruotsalainen kansanpuolue","sv":"Svenska folkpartiet i Finland","en":"Swedish People's Party in Finland"},"caid":64,"position":0,"gender":"1","comparisonData":{"totalVotes":17,"votesTotalChange":-13},"edid":3,"comparativeIndex":0.0,"electionDayVotesPercent":1.3,"nominatorAbbr":{"fi":"RKP","sv":"SFP","en":"SPP"}},{"age":46,"advanceVotesPercent":1.5,"lastname":"Wilson","occupation":"företagare","advanceVotes":3,"npid":6,"totalVotes":4,"spid":7,"abbr":"RKP","municipalCouncilor":true,"muid":322,"alid":6,"firstname":"Daniel","electionDayVotes":1,"pid":"5","finalPosition":0,"electedInformation":"ELECTED","totalVotesPercent":0.9,"nominatorName":{"fi":"Suomen ruotsalainen kansanpuolue","sv":"Svenska folkpartiet i Finland","en":"Swedish People's Party in Finland"},"caid":74,"position":0,"gender":"1","comparisonData":{"totalVotes":130,"votesTotalChange":-126},"edid":3,"comparativeIndex":0.0,"electionDayVotesPercent":0.4,"nominatorAbbr":{"fi":"RKP","sv":"SFP","en":"SPP"}},{"age":48,"advanceVotesPercent":1.0,"lastname":"Kippilä","occupation":"yrittäjä","advanceVotes":2,"npid":1,"totalVotes":3,"spid":5,"abbr":"VIHR","municipalCouncilor":false,"muid":322,"alid":1,"firstname":"Sari","electionDayVotes":1,"pid":"13","finalPosition":0,"electedInformation":"NOT_ELECTED","totalVotesPercent":0.7,"nominatorName":{"fi":"Vihreä liitto","sv":"Gröna förbundet","en":"Green League"},"caid":5,"position":0,"gender":"2","comparisonData":{"totalVotes":28,"votesTotalChange":-25},"edid":3,"comparativeIndex":0.0,"electionDayVotesPercent":0.4,"nominatorAbbr":{"fi":"VIHR","sv":"Gröna","en":"GREEN"}},{"age":58,"advanceVotesPercent":1.5,"lastname":"Marjatsalo-Kyllästinen","occupation":"tarjoilija, eläkeläinen","advanceVotes":3,"npid":3,"totalVotes":3,"spid":1,"abbr":"KESK","municipalCouncilor":false,"muid":322,"alid":3,"firstname":"Arja","electionDayVotes":0,"pid":"2","finalPosition":0,"electedInformation":"NOT_ELECTED","totalVotesPercent":0.7,"nominatorName":{"fi":"Suomen Keskusta","sv":"Centern i Finland","en":"Centre Party of Finland"},"caid":31,"position":0,"gender":"2","comparisonData":{"totalVotes":0,"votesTotalChange":3},"edid":3,"comparativeIndex":0.0,"electionDayVotesPercent":0.0,"nominatorAbbr":{"fi":"KESK","sv":"C","en":"CENT"}},{"age":41,"advanceVotesPercent":0.5,"lastname":"Karlsson","occupation":"byråsekreterare, kulturaktiv","advanceVotes":1,"npid":6,"totalVotes":3,"spid":7,"abbr":"RKP","municipalCouncilor":false,"muid":322,"alid":6,"firstname":"Jill","electionDayVotes":2,"pid":"5","finalPosition":0,"electedInformation":"ELECTED","totalVotesPercent":0.7,"nominatorName":{"fi":"Suomen ruotsalainen kansanpuolue","sv":"Svenska folkpartiet i Finland","en":"Swedish People's Party in Finland"},"caid":61,"position":0,"gender":"2","comparisonData":{"totalVotes":0,"votesTotalChange":3},"edid":3,"comparativeIndex":0.0,"electionDayVotesPercent":0.8,"nominatorAbbr":{"fi":"RKP","sv":"SFP","en":"SPP"}},{"age":21,"advanceVotesPercent":1.0,"lastname":"Oksanen","occupation":"studerande","advanceVotes":2,"npid":6,"totalVotes":3,"spid":7,"abbr":"RKP","municipalCouncilor":false,"muid":322,"alid":6,"firstname":"Jesper","electionDayVotes":1,"pid":"5","finalPosition":0,"electedInformation":"ON_SUBSTITUTE_PLACE","totalVotesPercent":0.7,"nominatorName":{"fi":"Suomen ruotsalainen kansanpuolue","sv":"Svenska folkpartiet i Finland","en":"Swedish People's Party in Finland"},"caid":68,"position":0,"gender":"1","comparisonData":{"totalVotes":0,"votesTotalChange":3},"edid":3,"comparativeIndex":0.0,"electionDayVotesPercent":0.4,"nominatorAbbr":{"fi":"RKP","sv":"SFP","en":"SPP"}},{"age":19,"advanceVotesPercent":1.0,"lastname":"Simola","occupation":"tradenomstuderande","advanceVotes":2,"npid":6,"totalVotes":3,"spid":7,"abbr":"RKP","municipalCouncilor":false,"muid":322,"alid":6,"firstname":"Fredrik","electionDayVotes":1,"pid":"5","finalPosition":0,"electedInformation":"ELECTED","totalVotesPercent":0.7,"nominatorName":{"fi":"Suomen ruotsalainen kansanpuolue","sv":"Svenska folkpartiet i Finland","en":"Swedish People's Party in Finland"},"caid":70,"position":0,"gender":"1","comparisonData":{"totalVotes":0,"votesTotalChange":3},"edid":3,"comparativeIndex":0.0,"electionDayVotesPercent":0.4,"nominatorAbbr":{"fi":"RKP","sv":"SFP","en":"SPP"}},{"age":47,"advanceVotesPercent":0.0,"lastname":"Tilvis","occupation":"lärare","advanceVotes":0,"npid":6,"totalVotes":3,"spid":7,"abbr":"RKP","municipalCouncilor":false,"muid":322,"alid":6,"firstname":"Taina","electionDayVotes":3,"pid":"5","finalPosition":0,"electedInformation":"ON_SUBSTITUTE_PLACE","totalVotesPercent":0.7,"nominatorName":{"fi":"Suomen ruotsalainen kansanpuolue","sv":"Svenska folkpartiet i Finland","en":"Swedish People's Party in Finland"},"caid":72,"position":0,"gender":"2","comparisonData":{"totalVotes":0,"votesTotalChange":3},"edid":3,"comparativeIndex":0.0,"electionDayVotesPercent":1.3,"nominatorAbbr":{"fi":"RKP","sv":"SFP","en":"SPP"}},{"age":42,"advanceVotesPercent":0.0,"lastname":"Kaakinen","occupation":"dosentti, yliopistonlehtori","advanceVotes":0,"npid":1,"totalVotes":2,"spid":5,"abbr":"VIHR","municipalCouncilor":false,"muid":322,"alid":1,"firstname":"Johanna","electionDayVotes":2,"pid":"13","finalPosition":0,"electedInformation":"ON_SUBSTITUTE_PLACE","totalVotesPercent":0.5,"nominatorName":{"fi":"Vihreä liitto","sv":"Gröna förbundet","en":"Green League"},"caid":4,"position":0,"gender":"2","comparisonData":{"totalVotes":0,"votesTotalChange":2},"edid":3,"comparativeIndex":0.0,"electionDayVotesPercent":0.8,"nominatorAbbr":{"fi":"VIHR","sv":"Gröna","en":"GREEN"}},{"age":48,"advanceVotesPercent":0.5,"lastname":"Dannström","occupation":"försäljare","advanceVotes":1,"npid":2,"totalVotes":2,"spid":4,"abbr":"SDP","municipalCouncilor":false,"muid":322,"alid":2,"firstname":"Per","electionDayVotes":1,"pid":"1","finalPosition":0,"electedInformation":"ON_SUBSTITUTE_PLACE","totalVotesPercent":0.5,"nominatorName":{"fi":"Suomen Sosialidemokraattinen Puolue","sv":"Finlands Socialdemokratiska Parti","en":"The Finnish Social Democratic Party"},"caid":14,"position":0,"gender":"1","comparisonData":{"totalVotes":0,"votesTotalChange":2},"edid":3,"comparativeIndex":0.0,"electionDayVotesPercent":0.4,"nominatorAbbr":{"fi":"SDP","sv":"SDP","en":"SDP"}},{"age":46,"advanceVotesPercent":1.0,"lastname":"Forss","occupation":"närvårdare","advanceVotes":2,"npid":2,"totalVotes":2,"spid":4,"abbr":"SDP","municipalCouncilor":false,"muid":322,"alid":2,"firstname":"Roger","electionDayVotes":0,"pid":"1","finalPosition":0,"electedInformation":"ON_SUBSTITUTE_PLACE","totalVotesPercent":0.5,"nominatorName":{"fi":"Suomen Sosialidemokraattinen Puolue","sv":"Finlands Socialdemokratiska Parti","en":"The Finnish Social Democratic Party"},"caid":15,"position":0,"gender":"1","comparisonData":{"totalVotes":0,"votesTotalChange":2},"edid":3,"comparativeIndex":0.0,"electionDayVotesPercent":0.0,"nominatorAbbr":{"fi":"SDP","sv":"SDP","en":"SDP"}},{"age":65,"advanceVotesPercent":0.0,"lastname":"Luhtanen","occupation":"eläkeläinen","advanceVotes":0,"npid":2,"totalVotes":2,"spid":4,"abbr":"SDP","municipalCouncilor":false,"muid":322,"alid":2,"firstname":"Raimo","electionDayVotes":2,"pid":"1","finalPosition":0,"electedInformation":"NOT_ELECTED","totalVotesPercent":0.5,"nominatorName":{"fi":"Suomen Sosialidemokraattinen Puolue","sv":"Finlands Socialdemokratiska Parti","en":"The Finnish Social Democratic Party"},"caid":20,"position":0,"gender":"1","comparisonData":{"totalVotes":0,"votesTotalChange":2},"edid":3,"comparativeIndex":0.0,"electionDayVotesPercent":0.8,"nominatorAbbr":{"fi":"SDP","sv":"SDP","en":"SDP"}},{"age":40,"advanceVotesPercent":0.0,"lastname":"Lappalainen","occupation":"sosionomi AMK","advanceVotes":0,"npid":3,"totalVotes":2,"spid":1,"abbr":"KESK","municipalCouncilor":false,"muid":322,"alid":3,"firstname":"Jonna","electionDayVotes":2,"pid":"2","finalPosition":0,"electedInformation":"ON_SUBSTITUTE_PLACE","totalVotesPercent":0.5,"nominatorName":{"fi":"Suomen Keskusta","sv":"Centern i Finland","en":"Centre Party of Finland"},"caid":29,"position":0,"gender":"2","comparisonData":{"totalVotes":0,"votesTotalChange":2},"edid":3,"comparativeIndex":0.0,"electionDayVotesPercent":0.8,"nominatorAbbr":{"fi":"KESK","sv":"C","en":"CENT"}},{"age":63,"advanceVotesPercent":1.0,"lastname":"Hakola-Wass","occupation":"pensionär, eläkeläinen","advanceVotes":2,"npid":4,"totalVotes":2,"spid":6,"abbr":"VAS","municipalCouncilor":false,"muid":322,"alid":4,"firstname":"Kristina","electionDayVotes":0,"pid":"15","finalPosition":0,"electedInformation":"ON_SUBSTITUTE_PLACE","totalVotesPercent":0.5,"nominatorName":{"fi":"Vasemmistoliitto","sv":"Vänsterförbundet","en":"The Left Alliance"},"caid":36,"position":0,"gender":"2","comparisonData":{"totalVotes":0,"votesTotalChange":2},"edid":3,"comparativeIndex":0.0,"electionDayVotesPercent":0.0,"nominatorAbbr":{"fi":"VAS","sv":"VF","en":"LEFT"}},{"age":63,"advanceVotesPercent":0.5,"lastname":"Edmark","occupation":"ordförande, SFP i Kimitoön","advanceVotes":1,"npid":6,"totalVotes":2,"spid":7,"abbr":"RKP","municipalCouncilor":false,"muid":322,"alid":6,"firstname":"Ghita","electionDayVotes":1,"pid":"5","finalPosition":0,"electedInformation":"ON_SUBSTITUTE_PLACE","totalVotesPercent":0.5,"nominatorName":{"fi":"Suomen ruotsalainen kansanpuolue","sv":"Svenska folkpartiet i Finland","en":"Swedish People's Party in Finland"},"caid":53,"position":0,"gender":"2","comparisonData":{"totalVotes":0,"votesTotalChange":2},"edid":3,"comparativeIndex":0.0,"electionDayVotesPercent":0.4,"nominatorAbbr":{"fi":"RKP","sv":"SFP","en":"SPP"}},{"age":52,"advanceVotesPercent":0.5,"lastname":"Ahlfors","occupation":"sjökapten, merikapteeni","advanceVotes":1,"npid":8,"totalVotes":2,"spid":99,"abbr":"Muut","municipalCouncilor":false,"muid":322,"alid":8,"firstname":"Stefan","electionDayVotes":1,"pid":"3228","finalPosition":0,"electedInformation":"ON_SUBSTITUTE_PLACE","totalVotesPercent":0.5,"nominatorName":{"fi":"Fri samverkan Gemensam lista, Vapaa Yhteistoiminta Yhteislista","sv":"Fri samverkan Gemensam lista, Vapaa Yhteistoiminta Yhteislista","en":"Fri samverkan Gemensam lista, Vapaa Yhteistoiminta Yhteislista"},"caid":78,"position":0,"gender":"1","comparisonData":{"totalVotes":31,"votesTotalChange":-29},"edid":3,"comparativeIndex":0.0,"electionDayVotesPercent":0.4,"nominatorAbbr":{"fi":"FS/VY","sv":"FS/VY","en":"FS/VY"}},{"age":63,"advanceVotesPercent":0.0,"lastname":"Byman","occupation":"företagare, yrittäjä","advanceVotes":0,"npid":8,"totalVotes":2,"spid":99,"abbr":"Muut","municipalCouncilor":false,"muid":322,"alid":8,"firstname":"Jyri","electionDayVotes":2,"pid":"3228","finalPosition":0,"electedInformation":"ON_SUBSTITUTE_PLACE","totalVotesPercent":0.5,"nominatorName":{"fi":"Fri samverkan Gemensam lista, Vapaa Yhteistoiminta Yhteislista","sv":"Fri samverkan Gemensam lista, Vapaa Yhteistoiminta Yhteislista","en":"Fri samverkan Gemensam lista, Vapaa Yhteistoiminta Yhteislista"},"caid":80,"position":0,"gender":"1","comparisonData":{"totalVotes":0,"votesTotalChange":2},"edid":3,"comparativeIndex":0.0,"electionDayVotesPercent":0.8,"nominatorAbbr":{"fi":"FS/VY","sv":"FS/VY","en":"FS/VY"}},{"age":45,"advanceVotesPercent":1.0,"lastname":"Manelius","occupation":"församlingsmästare, seurakuntamestari","advanceVotes":2,"npid":8,"totalVotes":2,"spid":99,"abbr":"Muut","municipalCouncilor":false,"muid":322,"alid":8,"firstname":"Maria","electionDayVotes":0,"pid":"3228","finalPosition":0,"electedInformation":"ELECTED","totalVotesPercent":0.5,"nominatorName":{"fi":"Fri samverkan Gemensam lista, Vapaa Yhteistoiminta Yhteislista","sv":"Fri samverkan Gemensam lista, Vapaa Yhteistoiminta Yhteislista","en":"Fri samverkan Gemensam lista, Vapaa Yhteistoiminta Yhteislista"},"caid":89,"position":0,"gender":"2","comparisonData":{"totalVotes":0,"votesTotalChange":2},"edid":3,"comparativeIndex":0.0,"electionDayVotesPercent":0.0,"nominatorAbbr":{"fi":"FS/VY","sv":"FS/VY","en":"FS/VY"}},{"age":50,"advanceVotesPercent":0.0,"lastname":"Andersson","occupation":"myyntipäällikkö, opiskelija","advanceVotes":0,"npid":1,"totalVotes":1,"spid":5,"abbr":"VIHR","municipalCouncilor":false,"muid":322,"alid":1,"firstname":"Kurt","electionDayVotes":1,"pid":"13","finalPosition":0,"electedInformation":"NOT_ELECTED","totalVotesPercent":0.2,"nominatorName":{"fi":"Vihreä liitto","sv":"Gröna förbundet","en":"Green League"},"caid":2,"position":0,"gender":"1","comparisonData":{"totalVotes":0,"votesTotalChange":1},"edid":3,"comparativeIndex":0.0,"electionDayVotesPercent":0.4,"nominatorAbbr":{"fi":"VIHR","sv":"Gröna","en":"GREEN"}},{"age":52,"advanceVotesPercent":0.0,"lastname":"Pettersson","occupation":"viulisti, valtiotieteiden yo","advanceVotes":0,"npid":1,"totalVotes":1,"spid":5,"abbr":"VIHR","municipalCouncilor":false,"muid":322,"alid":1,"firstname":"Silja","electionDayVotes":1,"pid":"13","finalPosition":0,"electedInformation":"NOT_ELECTED","totalVotesPercent":0.2,"nominatorName":{"fi":"Vihreä liitto","sv":"Gröna förbundet","en":"Green League"},"caid":8,"position":0,"gender":"2","comparisonData":{"totalVotes":0,"votesTotalChange":1},"edid":3,"comparativeIndex":0.0,"electionDayVotesPercent":0.4,"nominatorAbbr":{"fi":"VIHR","sv":"Gröna","en":"GREEN"}},{"age":54,"advanceVotesPercent":0.5,"lastname":"Räisänen","occupation":"luomuviljelijä","advanceVotes":1,"npid":1,"totalVotes":1,"spid":5,"abbr":"VIHR","municipalCouncilor":false,"muid":322,"alid":1,"firstname":"Lea","electionDayVotes":0,"pid":"13","finalPosition":0,"electedInformation":"NOT_ELECTED","totalVotesPercent":0.2,"nominatorName":{"fi":"Vihreä liitto","sv":"Gröna förbundet","en":"Green League"},"caid":10,"position":0,"gender":"2","comparisonData":{"totalVotes":4,"votesTotalChange":-3},"edid":3,"comparativeIndex":0.0,"electionDayVotesPercent":0.0,"nominatorAbbr":{"fi":"VIHR","sv":"Gröna","en":"GREEN"}},{"age":62,"advanceVotesPercent":0.5,"lastname":"Sundqvist","occupation":"pensionär","advanceVotes":1,"npid":2,"totalVotes":1,"spid":4,"abbr":"SDP","municipalCouncilor":true,"muid":322,"alid":2,"firstname":"Johan","electionDayVotes":0,"pid":"1","finalPosition":0,"electedInformation":"ELECTED","totalVotesPercent":0.2,"nominatorName":{"fi":"Suomen Sosialidemokraattinen Puolue","sv":"Finlands Socialdemokratiska Parti","en":"The Finnish Social Democratic Party"},"caid":23,"position":0,"gender":"1","comparisonData":{"totalVotes":88,"votesTotalChange":-87},"edid":3,"comparativeIndex":0.0,"electionDayVotesPercent":0.0,"nominatorAbbr":{"fi":"SDP","sv":"SDP","en":"SDP"}},{"age":49,"advanceVotesPercent":0.0,"lastname":"Franzén","occupation":"jordbrukstekniker, maatalousteknikko","advanceVotes":0,"npid":3,"totalVotes":1,"spid":1,"abbr":"KESK","municipalCouncilor":false,"muid":322,"alid":3,"firstname":"Hans","electionDayVotes":1,"pid":"2","finalPosition":0,"electedInformation":"NOT_ELECTED","totalVotesPercent":0.2,"nominatorName":{"fi":"Suomen Keskusta","sv":"Centern i Finland","en":"Centre Party of Finland"},"caid":25,"position":0,"gender":"1","comparisonData":{"totalVotes":22,"votesTotalChange":-21},"edid":3,"comparativeIndex":0.0,"electionDayVotesPercent":0.4,"nominatorAbbr":{"fi":"KESK","sv":"C","en":"CENT"}},{"age":43,"advanceVotesPercent":0.0,"lastname":"Lehtinen","occupation":"maa- ja metsätalousyrittäjä, projektipäällikkö","advanceVotes":0,"npid":3,"totalVotes":1,"spid":1,"abbr":"KESK","municipalCouncilor":false,"muid":322,"alid":3,"firstname":"Mika","electionDayVotes":1,"pid":"2","finalPosition":0,"electedInformation":"ON_SUBSTITUTE_PLACE","totalVotesPercent":0.2,"nominatorName":{"fi":"Suomen Keskusta","sv":"Centern i Finland","en":"Centre Party of Finland"},"caid":30,"position":0,"gender":"1","comparisonData":{"totalVotes":0,"votesTotalChange":1},"edid":3,"comparativeIndex":0.0,"electionDayVotesPercent":0.4,"nominatorAbbr":{"fi":"KESK","sv":"C","en":"CENT"}},{"age":33,"advanceVotesPercent":0.5,"lastname":"Virtanen","occupation":"agrologi AMK, yrittäjä","advanceVotes":1,"npid":3,"totalVotes":1,"spid":1,"abbr":"KESK","municipalCouncilor":false,"muid":322,"alid":3,"firstname":"Heikki","electionDayVotes":0,"pid":"2","finalPosition":0,"electedInformation":"NOT_ELECTED","totalVotesPercent":0.2,"nominatorName":{"fi":"Suomen Keskusta","sv":"Centern i Finland","en":"Centre Party of Finland"},"caid":34,"position":0,"gender":"1","comparisonData":{"totalVotes":11,"votesTotalChange":-10},"edid":3,"comparativeIndex":0.0,"electionDayVotesPercent":0.0,"nominatorAbbr":{"fi":"KESK","sv":"C","en":"CENT"}},{"age":65,"advanceVotesPercent":0.0,"lastname":"Antikainen","occupation":"eläkeläinen, pensionär","advanceVotes":0,"npid":4,"totalVotes":1,"spid":6,"abbr":"VAS","municipalCouncilor":true,"muid":322,"alid":4,"firstname":"Esko","electionDayVotes":1,"pid":"15","finalPosition":0,"electedInformation":"ELECTED","totalVotesPercent":0.2,"nominatorName":{"fi":"Vasemmistoliitto","sv":"Vänsterförbundet","en":"The Left Alliance"},"caid":35,"position":0,"gender":"1","comparisonData":{"totalVotes":74,"votesTotalChange":-73},"edid":3,"comparativeIndex":0.0,"electionDayVotesPercent":0.4,"nominatorAbbr":{"fi":"VAS","sv":"VF","en":"LEFT"}},{"age":74,"advanceVotesPercent":0.0,"lastname":"Palmberg","occupation":"pensionär, författare, eläkeläinen, kirjailija","advanceVotes":0,"npid":4,"totalVotes":1,"spid":6,"abbr":"VAS","municipalCouncilor":false,"muid":322,"alid":4,"firstname":"Mai","electionDayVotes":1,"pid":"15","finalPosition":0,"electedInformation":"NOT_ELECTED","totalVotesPercent":0.2,"nominatorName":{"fi":"Vasemmistoliitto","sv":"Vänsterförbundet","en":"The Left Alliance"},"caid":38,"position":0,"gender":"2","comparisonData":{"totalVotes":9,"votesTotalChange":-8},"edid":3,"comparativeIndex":0.0,"electionDayVotesPercent":0.4,"nominatorAbbr":{"fi":"VAS","sv":"VF","en":"LEFT"}},{"age":59,"advanceVotesPercent":0.0,"lastname":"Toivanen","occupation":"ajaja-asentaja","advanceVotes":0,"npid":4,"totalVotes":1,"spid":6,"abbr":"VAS","municipalCouncilor":false,"muid":322,"alid":4,"firstname":"Jouko","electionDayVotes":1,"pid":"15","finalPosition":0,"electedInformation":"NOT_ELECTED","totalVotesPercent":0.2,"nominatorName":{"fi":"Vasemmistoliitto","sv":"Vänsterförbundet","en":"The Left Alliance"},"caid":40,"position":0,"gender":"1","comparisonData":{"totalVotes":6,"votesTotalChange":-5},"edid":3,"comparativeIndex":0.0,"electionDayVotesPercent":0.4,"nominatorAbbr":{"fi":"VAS","sv":"VF","en":"LEFT"}},{"age":65,"advanceVotesPercent":0.0,"lastname":"Wass","occupation":"pol.mag., valtiot.maist.","advanceVotes":0,"npid":4,"totalVotes":1,"spid":6,"abbr":"VAS","municipalCouncilor":false,"muid":322,"alid":4,"firstname":"Tomy","electionDayVotes":1,"pid":"15","finalPosition":0,"electedInformation":"ELECTED","totalVotesPercent":0.2,"nominatorName":{"fi":"Vasemmistoliitto","sv":"Vänsterförbundet","en":"The Left Alliance"},"caid":41,"position":0,"gender":"1","comparisonData":{"totalVotes":0,"votesTotalChange":1},"edid":3,"comparativeIndex":0.0,"electionDayVotesPercent":0.4,"nominatorAbbr":{"fi":"VAS","sv":"VF","en":"LEFT"}},{"age":42,"advanceVotesPercent":0.5,"lastname":"Granberg","occupation":"närvårdare","advanceVotes":1,"npid":6,"totalVotes":1,"spid":7,"abbr":"RKP","municipalCouncilor":false,"muid":322,"alid":6,"firstname":"Eva-Lotta","electionDayVotes":0,"pid":"5","finalPosition":0,"electedInformation":"ON_SUBSTITUTE_PLACE","totalVotesPercent":0.2,"nominatorName":{"fi":"Suomen ruotsalainen kansanpuolue","sv":"Svenska folkpartiet i Finland","en":"Swedish People's Party in Finland"},"caid":57,"position":0,"gender":"2","comparisonData":{"totalVotes":0,"votesTotalChange":1},"edid":3,"comparativeIndex":0.0,"electionDayVotesPercent":0.0,"nominatorAbbr":{"fi":"RKP","sv":"SFP","en":"SPP"}},{"age":61,"advanceVotesPercent":0.5,"lastname":"Holmström","occupation":"privatföretagare","advanceVotes":1,"npid":6,"totalVotes":1,"spid":7,"abbr":"RKP","municipalCouncilor":false,"muid":322,"alid":6,"firstname":"Birgitta","electionDayVotes":0,"pid":"5","finalPosition":0,"electedInformation":"ON_SUBSTITUTE_PLACE","totalVotesPercent":0.2,"nominatorName":{"fi":"Suomen ruotsalainen kansanpuolue","sv":"Svenska folkpartiet i Finland","en":"Swedish People's Party in Finland"},"caid":60,"position":0,"gender":"2","comparisonData":{"totalVotes":0,"votesTotalChange":1},"edid":3,"comparativeIndex":0.0,"electionDayVotesPercent":0.0,"nominatorAbbr":{"fi":"RKP","sv":"SFP","en":"SPP"}},{"age":61,"advanceVotesPercent":0.5,"lastname":"Lindroos","occupation":"företagare, lantmäteriingenjör","advanceVotes":1,"npid":6,"totalVotes":1,"spid":7,"abbr":"RKP","municipalCouncilor":true,"muid":322,"alid":6,"firstname":"Kristian","electionDayVotes":0,"pid":"5","finalPosition":0,"electedInformation":"ELECTED","totalVotesPercent":0.2,"nominatorName":{"fi":"Suomen ruotsalainen kansanpuolue","sv":"Svenska folkpartiet i Finland","en":"Swedish People's Party in Finland"},"caid":63,"position":0,"gender":"1","comparisonData":{"totalVotes":58,"votesTotalChange":-57},"edid":3,"comparativeIndex":0.0,"electionDayVotesPercent":0.0,"nominatorAbbr":{"fi":"RKP","sv":"SFP","en":"SPP"}},{"age":50,"advanceVotesPercent":0.0,"lastname":"Nordell","occupation":"kartverksingenjör","advanceVotes":0,"npid":6,"totalVotes":1,"spid":7,"abbr":"RKP","municipalCouncilor":false,"muid":322,"alid":6,"firstname":"Anders","electionDayVotes":1,"pid":"5","finalPosition":0,"electedInformation":"ON_SUBSTITUTE_PLACE","totalVotesPercent":0.2,"nominatorName":{"fi":"Suomen ruotsalainen kansanpuolue","sv":"Svenska folkpartiet i Finland","en":"Swedish People's Party in Finland"},"caid":65,"position":0,"gender":"1","comparisonData":{"totalVotes":21,"votesTotalChange":-20},"edid":3,"comparativeIndex":0.0,"electionDayVotesPercent":0.4,"nominatorAbbr":{"fi":"RKP","sv":"SFP","en":"SPP"}},{"age":47,"advanceVotesPercent":0.0,"lastname":"Ek","occupation":"disponent, isännöitsijä","advanceVotes":0,"npid":8,"totalVotes":1,"spid":99,"abbr":"Muut","municipalCouncilor":true,"muid":322,"alid":8,"firstname":"Kristian","electionDayVotes":1,"pid":"3228","finalPosition":0,"electedInformation":"ON_SUBSTITUTE_PLACE","totalVotesPercent":0.2,"nominatorName":{"fi":"Fri samverkan Gemensam lista, Vapaa Yhteistoiminta Yhteislista","sv":"Fri samverkan Gemensam lista, Vapaa Yhteistoiminta Yhteislista","en":"Fri samverkan Gemensam lista, Vapaa Yhteistoiminta Yhteislista"},"caid":82,"position":0,"gender":"1","comparisonData":{"totalVotes":37,"votesTotalChange":-36},"edid":3,"comparativeIndex":0.0,"electionDayVotesPercent":0.4,"nominatorAbbr":{"fi":"FS/VY","sv":"FS/VY","en":"FS/VY"}},{"age":34,"advanceVotesPercent":0.0,"lastname":"Viljanen","occupation":"företagare, montör","advanceVotes":0,"npid":8,"totalVotes":1,"spid":99,"abbr":"Muut","municipalCouncilor":false,"muid":322,"alid":8,"firstname":"Kim","electionDayVotes":1,"pid":"3228","finalPosition":0,"electedInformation":"ELECTED","totalVotesPercent":0.2,"nominatorName":{"fi":"Fri samverkan Gemensam lista, Vapaa Yhteistoiminta Yhteislista","sv":"Fri samverkan Gemensam lista, Vapaa Yhteistoiminta Yhteislista","en":"Fri samverkan Gemensam lista, Vapaa Yhteistoiminta Yhteislista"},"caid":95,"position":0,"gender":"1","comparisonData":{"totalVotes":26,"votesTotalChange":-25},"edid":3,"comparativeIndex":0.0,"electionDayVotesPercent":0.4,"nominatorAbbr":{"fi":"FS/VY","sv":"FS/VY","en":"FS/VY"}},{"age":28,"advanceVotesPercent":0.0,"lastname":"Okker","occupation":"merkonomi","advanceVotes":0,"npid":1,"totalVotes":0,"spid":5,"abbr":"VIHR","municipalCouncilor":false,"muid":322,"alid":1,"firstname":"Heidi","electionDayVotes":0,"pid":"13","finalPosition":0,"electedInformation":"NOT_ELECTED","totalVotesPercent":0.0,"nominatorName":{"fi":"Vihreä liitto","sv":"Gröna förbundet","en":"Green League"},"caid":7,"position":0,"gender":"2","comparisonData":{"totalVotes":0,"votesTotalChange":0},"edid":3,"comparativeIndex":0.0,"electionDayVotesPercent":0.0,"nominatorAbbr":{"fi":"VIHR","sv":"Gröna","en":"GREEN"}},{"age":49,"advanceVotesPercent":0.0,"lastname":"Pulliainen","occupation":"siivooja, keittiöapulainen","advanceVotes":0,"npid":1,"totalVotes":0,"spid":5,"abbr":"VIHR","municipalCouncilor":false,"muid":322,"alid":1,"firstname":"Tiina","electionDayVotes":0,"pid":"13","finalPosition":0,"electedInformation":"NOT_ELECTED","totalVotesPercent":0.0,"nominatorName":{"fi":"Vihreä liitto","sv":"Gröna förbundet","en":"Green League"},"caid":9,"position":0,"gender":"2","comparisonData":{"totalVotes":0,"votesTotalChange":0},"edid":3,"comparativeIndex":0.0,"electionDayVotesPercent":0.0,"nominatorAbbr":{"fi":"VIHR","sv":"Gröna","en":"GREEN"}},{"age":45,"advanceVotesPercent":0.0,"lastname":"Taivainen","occupation":"","advanceVotes":0,"npid":1,"totalVotes":0,"spid":5,"abbr":"VIHR","municipalCouncilor":false,"muid":322,"alid":1,"firstname":"Anu","electionDayVotes":0,"pid":"13","finalPosition":0,"electedInformation":"NOT_ELECTED","totalVotesPercent":0.0,"nominatorName":{"fi":"Vihreä liitto","sv":"Gröna förbundet","en":"Green League"},"caid":11,"position":0,"gender":"2","comparisonData":{"totalVotes":128,"votesTotalChange":-128},"edid":3,"comparativeIndex":0.0,"electionDayVotesPercent":0.0,"nominatorAbbr":{"fi":"VIHR","sv":"Gröna","en":"GREEN"}},{"age":52,"advanceVotesPercent":0.0,"lastname":"Siitojoki","occupation":"kielenkääntäjä","advanceVotes":0,"npid":1,"totalVotes":0,"spid":5,"abbr":"VIHR","municipalCouncilor":false,"muid":322,"alid":1,"firstname":"Sami","electionDayVotes":0,"pid":"13","finalPosition":0,"electedInformation":"NOT_ELECTED","totalVotesPercent":0.0,"nominatorName":{"fi":"Vihreä liitto","sv":"Gröna förbundet","en":"Green League"},"caid":12,"position":0,"gender":"1","comparisonData":{"totalVotes":3,"votesTotalChange":-3},"edid":3,"comparativeIndex":0.0,"electionDayVotesPercent":0.0,"nominatorAbbr":{"fi":"VIHR","sv":"Gröna","en":"GREEN"}},{"age":29,"advanceVotesPercent":0.0,"lastname":"Sudirikku Hannadige","occupation":"yrittäjä","advanceVotes":0,"npid":1,"totalVotes":0,"spid":5,"abbr":"VIHR","municipalCouncilor":false,"muid":322,"alid":1,"firstname":"Mohanjith","electionDayVotes":0,"pid":"13","finalPosition":0,"electedInformation":"NOT_ELECTED","totalVotesPercent":0.0,"nominatorName":{"fi":"Vihreä liitto","sv":"Gröna förbundet","en":"Green League"},"caid":13,"position":0,"gender":"1","comparisonData":{"totalVotes":0,"votesTotalChange":0},"edid":3,"comparativeIndex":0.0,"electionDayVotesPercent":0.0,"nominatorAbbr":{"fi":"VIHR","sv":"Gröna","en":"GREEN"}},{"age":58,"advanceVotesPercent":0.0,"lastname":"Hellbom","occupation":"sekatyömies","advanceVotes":0,"npid":2,"totalVotes":0,"spid":4,"abbr":"SDP","municipalCouncilor":false,"muid":322,"alid":2,"firstname":"Knut-Mikael","electionDayVotes":0,"pid":"1","finalPosition":0,"electedInformation":"NOT_ELECTED","totalVotesPercent":0.0,"nominatorName":{"fi":"Suomen Sosialidemokraattinen Puolue","sv":"Finlands Socialdemokratiska Parti","en":"The Finnish Social Democratic Party"},"caid":16,"position":0,"gender":"1","comparisonData":{"totalVotes":17,"votesTotalChange":-17},"edid":3,"comparativeIndex":0.0,"electionDayVotesPercent":0.0,"nominatorAbbr":{"fi":"SDP","sv":"SDP","en":"SDP"}},{"age":47,"advanceVotesPercent":0.0,"lastname":"Lehtivaara","occupation":"kökschef","advanceVotes":0,"npid":2,"totalVotes":0,"spid":4,"abbr":"SDP","municipalCouncilor":false,"muid":322,"alid":2,"firstname":"Jari","electionDayVotes":0,"pid":"1","finalPosition":0,"electedInformation":"ON_SUBSTITUTE_PLACE","totalVotesPercent":0.0,"nominatorName":{"fi":"Suomen Sosialidemokraattinen Puolue","sv":"Finlands Socialdemokratiska Parti","en":"The Finnish Social Democratic Party"},"caid":18,"position":0,"gender":"1","comparisonData":{"totalVotes":52,"votesTotalChange":-52},"edid":3,"comparativeIndex":0.0,"electionDayVotesPercent":0.0,"nominatorAbbr":{"fi":"SDP","sv":"SDP","en":"SDP"}},{"age":40,"advanceVotesPercent":0.0,"lastname":"Lindblom","occupation":"teknisk fastighetsskötare","advanceVotes":0,"npid":2,"totalVotes":0,"spid":4,"abbr":"SDP","municipalCouncilor":false,"muid":322,"alid":2,"firstname":"Mikael","electionDayVotes":0,"pid":"1","finalPosition":0,"electedInformation":"NOT_ELECTED","totalVotesPercent":0.0,"nominatorName":{"fi":"Suomen Sosialidemokraattinen Puolue","sv":"Finlands Socialdemokratiska Parti","en":"The Finnish Social Democratic Party"},"caid":19,"position":0,"gender":"1","comparisonData":{"totalVotes":0,"votesTotalChange":0},"edid":3,"comparativeIndex":0.0,"electionDayVotesPercent":0.0,"nominatorAbbr":{"fi":"SDP","sv":"SDP","en":"SDP"}},{"age":44,"advanceVotesPercent":0.0,"lastname":"Kaitala","occupation":"maanviljelijä","advanceVotes":0,"npid":3,"totalVotes":0,"spid":1,"abbr":"KESK","municipalCouncilor":false,"muid":322,"alid":3,"firstname":"Harri","electionDayVotes":0,"pid":"2","finalPosition":0,"electedInformation":"ELECTED","totalVotesPercent":0.0,"nominatorName":{"fi":"Suomen Keskusta","sv":"Centern i Finland","en":"Centre Party of Finland"},"caid":26,"position":0,"gender":"1","comparisonData":{"totalVotes":59,"votesTotalChange":-59},"edid":3,"comparativeIndex":0.0,"electionDayVotesPercent":0.0,"nominatorAbbr":{"fi":"KESK","sv":"C","en":"CENT"}},{"age":73,"advanceVotesPercent":0.0,"lastname":"Koivusalo","occupation":"eläkeläinen","advanceVotes":0,"npid":3,"totalVotes":0,"spid":1,"abbr":"KESK","municipalCouncilor":false,"muid":322,"alid":3,"firstname":"Rainer","electionDayVotes":0,"pid":"2","finalPosition":0,"electedInformation":"NOT_ELECTED","totalVotesPercent":0.0,"nominatorName":{"fi":"Suomen Keskusta","sv":"Centern i Finland","en":"Centre Party of Finland"},"caid":28,"position":0,"gender":"1","comparisonData":{"totalVotes":3,"votesTotalChange":-3},"edid":3,"comparativeIndex":0.0,"electionDayVotesPercent":0.0,"nominatorAbbr":{"fi":"KESK","sv":"C","en":"CENT"}},{"age":18,"advanceVotesPercent":0.0,"lastname":"Pitkäranta","occupation":"opiskelija","advanceVotes":0,"npid":3,"totalVotes":0,"spid":1,"abbr":"KESK","municipalCouncilor":false,"muid":322,"alid":3,"firstname":"Juho","electionDayVotes":0,"pid":"2","finalPosition":0,"electedInformation":"NOT_ELECTED","totalVotesPercent":0.0,"nominatorName":{"fi":"Suomen Keskusta","sv":"Centern i Finland","en":"Centre Party of Finland"},"caid":32,"position":0,"gender":"1","comparisonData":{"totalVotes":0,"votesTotalChange":0},"edid":3,"comparativeIndex":0.0,"electionDayVotesPercent":0.0,"nominatorAbbr":{"fi":"KESK","sv":"C","en":"CENT"}},{"age":33,"advanceVotesPercent":0.0,"lastname":"Vesalainen","occupation":"ravintolakokki","advanceVotes":0,"npid":3,"totalVotes":0,"spid":1,"abbr":"KESK","municipalCouncilor":false,"muid":322,"alid":3,"firstname":"Olli","electionDayVotes":0,"pid":"2","finalPosition":0,"electedInformation":"NOT_ELECTED","totalVotesPercent":0.0,"nominatorName":{"fi":"Suomen Keskusta","sv":"Centern i Finland","en":"Centre Party of Finland"},"caid":33,"position":0,"gender":"1","comparisonData":{"totalVotes":3,"votesTotalChange":-3},"edid":3,"comparativeIndex":0.0,"electionDayVotesPercent":0.0,"nominatorAbbr":{"fi":"KESK","sv":"C","en":"CENT"}},{"age":37,"advanceVotesPercent":0.0,"lastname":"Häggman","occupation":"personlig assistent, henkilökohtainen avustaja","advanceVotes":0,"npid":4,"totalVotes":0,"spid":6,"abbr":"VAS","municipalCouncilor":false,"muid":322,"alid":4,"firstname":"Madelene","electionDayVotes":0,"pid":"15","finalPosition":0,"electedInformation":"ON_SUBSTITUTE_PLACE","totalVotesPercent":0.0,"nominatorName":{"fi":"Vasemmistoliitto","sv":"Vänsterförbundet","en":"The Left Alliance"},"caid":37,"position":0,"gender":"2","comparisonData":{"totalVotes":24,"votesTotalChange":-24},"edid":3,"comparativeIndex":0.0,"electionDayVotesPercent":0.0,"nominatorAbbr":{"fi":"VAS","sv":"VF","en":"LEFT"}},{"age":68,"advanceVotesPercent":0.0,"lastname":"Pietikäinen","occupation":"eläkeläinen, pensionär","advanceVotes":0,"npid":4,"totalVotes":0,"spid":6,"abbr":"VAS","municipalCouncilor":false,"muid":322,"alid":4,"firstname":"Kauko","electionDayVotes":0,"pid":"15","finalPosition":0,"electedInformation":"NOT_ELECTED","totalVotesPercent":0.0,"nominatorName":{"fi":"Vasemmistoliitto","sv":"Vänsterförbundet","en":"The Left Alliance"},"caid":39,"position":0,"gender":"1","comparisonData":{"totalVotes":18,"votesTotalChange":-18},"edid":3,"comparativeIndex":0.0,"electionDayVotesPercent":0.0,"nominatorAbbr":{"fi":"VAS","sv":"VF","en":"LEFT"}},{"age":55,"advanceVotesPercent":0.0,"lastname":"Österberg","occupation":"företagare, yrittäjä","advanceVotes":0,"npid":4,"totalVotes":0,"spid":6,"abbr":"VAS","municipalCouncilor":false,"muid":322,"alid":4,"firstname":"Stig","electionDayVotes":0,"pid":"15","finalPosition":0,"electedInformation":"NOT_ELECTED","totalVotesPercent":0.0,"nominatorName":{"fi":"Vasemmistoliitto","sv":"Vänsterförbundet","en":"The Left Alliance"},"caid":42,"position":0,"gender":"1","comparisonData":{"totalVotes":14,"votesTotalChange":-14},"edid":3,"comparativeIndex":0.0,"electionDayVotesPercent":0.0,"nominatorAbbr":{"fi":"VAS","sv":"VF","en":"LEFT"}},{"age":68,"advanceVotesPercent":0.0,"lastname":"Eriksson","occupation":"närvårdare, lähihoitaja","advanceVotes":0,"npid":5,"totalVotes":0,"spid":2,"abbr":"KOK","municipalCouncilor":false,"muid":322,"alid":5,"firstname":"Monica","electionDayVotes":0,"pid":"4","finalPosition":0,"electedInformation":"NOT_ELECTED","totalVotesPercent":0.0,"nominatorName":{"fi":"Kansallinen Kokoomus","sv":"Samlingspartiet","en":"National Coalition Party"},"caid":43,"position":0,"gender":"2","comparisonData":{"totalVotes":0,"votesTotalChange":0},"edid":3,"comparativeIndex":0.0,"electionDayVotesPercent":0.0,"nominatorAbbr":{"fi":"KOK","sv":"Saml","en":"NCP"}},{"age":63,"advanceVotesPercent":0.0,"lastname":"Kaita","occupation":"apteekkari, apotekare","advanceVotes":0,"npid":5,"totalVotes":0,"spid":2,"abbr":"KOK","municipalCouncilor":false,"muid":322,"alid":5,"firstname":"Janina","electionDayVotes":0,"pid":"4","finalPosition":0,"electedInformation":"NOT_ELECTED","totalVotesPercent":0.0,"nominatorName":{"fi":"Kansallinen Kokoomus","sv":"Samlingspartiet","en":"National Coalition Party"},"caid":45,"position":0,"gender":"2","comparisonData":{"totalVotes":34,"votesTotalChange":-34},"edid":3,"comparativeIndex":0.0,"electionDayVotesPercent":0.0,"nominatorAbbr":{"fi":"KOK","sv":"Saml","en":"NCP"}},{"age":64,"advanceVotesPercent":0.0,"lastname":"Miikkulainen","occupation":"DI, hallitusammattilainen","advanceVotes":0,"npid":5,"totalVotes":0,"spid":2,"abbr":"KOK","municipalCouncilor":false,"muid":322,"alid":5,"firstname":"Esko","electionDayVotes":0,"pid":"4","finalPosition":0,"electedInformation":"NOT_ELECTED","totalVotesPercent":0.0,"nominatorName":{"fi":"Kansallinen Kokoomus","sv":"Samlingspartiet","en":"National Coalition Party"},"caid":47,"position":0,"gender":"1","comparisonData":{"totalVotes":0,"votesTotalChange":0},"edid":3,"comparativeIndex":0.0,"electionDayVotesPercent":0.0,"nominatorAbbr":{"fi":"KOK","sv":"Saml","en":"NCP"}},{"age":56,"advanceVotesPercent":0.0,"lastname":"Penna","occupation":"eläkeläinen, yrittäjä","advanceVotes":0,"npid":5,"totalVotes":0,"spid":2,"abbr":"KOK","municipalCouncilor":false,"muid":322,"alid":5,"firstname":"Jyrki","electionDayVotes":0,"pid":"4","finalPosition":0,"electedInformation":"NOT_ELECTED","totalVotesPercent":0.0,"nominatorName":{"fi":"Kansallinen Kokoomus","sv":"Samlingspartiet","en":"National Coalition Party"},"caid":48,"position":0,"gender":"1","comparisonData":{"totalVotes":5,"votesTotalChange":-5},"edid":3,"comparativeIndex":0.0,"electionDayVotesPercent":0.0,"nominatorAbbr":{"fi":"KOK","sv":"Saml","en":"NCP"}},{"age":50,"advanceVotesPercent":0.0,"lastname":"Penna","occupation":"yrittäjä, företagare","advanceVotes":0,"npid":5,"totalVotes":0,"spid":2,"abbr":"KOK","municipalCouncilor":false,"muid":322,"alid":5,"firstname":"Mirja","electionDayVotes":0,"pid":"4","finalPosition":0,"electedInformation":"NOT_ELECTED","totalVotesPercent":0.0,"nominatorName":{"fi":"Kansallinen Kokoomus","sv":"Samlingspartiet","en":"National Coalition Party"},"caid":49,"position":0,"gender":"2","comparisonData":{"totalVotes":5,"votesTotalChange":-5},"edid":3,"comparativeIndex":0.0,"electionDayVotesPercent":0.0,"nominatorAbbr":{"fi":"KOK","sv":"Saml","en":"NCP"}},{"age":72,"advanceVotesPercent":0.0,"lastname":"Pohjavirta","occupation":"eläkeläinen, keksijä","advanceVotes":0,"npid":5,"totalVotes":0,"spid":2,"abbr":"KOK","municipalCouncilor":false,"muid":322,"alid":5,"firstname":"Kalevi","electionDayVotes":0,"pid":"4","finalPosition":0,"electedInformation":"NOT_ELECTED","totalVotesPercent":0.0,"nominatorName":{"fi":"Kansallinen Kokoomus","sv":"Samlingspartiet","en":"National Coalition Party"},"caid":50,"position":0,"gender":"1","comparisonData":{"totalVotes":27,"votesTotalChange":-27},"edid":3,"comparativeIndex":0.0,"electionDayVotesPercent":0.0,"nominatorAbbr":{"fi":"KOK","sv":"Saml","en":"NCP"}},{"age":31,"advanceVotesPercent":0.0,"lastname":"Blomqvist","occupation":"personlig tränare","advanceVotes":0,"npid":6,"totalVotes":0,"spid":7,"abbr":"RKP","municipalCouncilor":false,"muid":322,"alid":6,"firstname":"Jonas","electionDayVotes":0,"pid":"5","finalPosition":0,"electedInformation":"ELECTED","totalVotesPercent":0.0,"nominatorName":{"fi":"Suomen ruotsalainen kansanpuolue","sv":"Svenska folkpartiet i Finland","en":"Swedish People's Party in Finland"},"caid":52,"position":0,"gender":"1","comparisonData":{"totalVotes":0,"votesTotalChange":0},"edid":3,"comparativeIndex":0.0,"electionDayVotesPercent":0.0,"nominatorAbbr":{"fi":"RKP","sv":"SFP","en":"SPP"}},{"age":63,"advanceVotesPercent":0.0,"lastname":"Eggert","occupation":"privatföretagare, låssmed","advanceVotes":0,"npid":6,"totalVotes":0,"spid":7,"abbr":"RKP","municipalCouncilor":false,"muid":322,"alid":6,"firstname":"Stig","electionDayVotes":0,"pid":"5","finalPosition":0,"electedInformation":"ON_SUBSTITUTE_PLACE","totalVotesPercent":0.0,"nominatorName":{"fi":"Suomen ruotsalainen kansanpuolue","sv":"Svenska folkpartiet i Finland","en":"Swedish People's Party in Finland"},"caid":54,"position":0,"gender":"1","comparisonData":{"totalVotes":0,"votesTotalChange":0},"edid":3,"comparativeIndex":0.0,"electionDayVotesPercent":0.0,"nominatorAbbr":{"fi":"RKP","sv":"SFP","en":"SPP"}},{"age":18,"advanceVotesPercent":0.0,"lastname":"Nurmi","occupation":"studerande","advanceVotes":0,"npid":6,"totalVotes":0,"spid":7,"abbr":"RKP","municipalCouncilor":false,"muid":322,"alid":6,"firstname":"Jonathan","electionDayVotes":0,"pid":"5","finalPosition":0,"electedInformation":"ON_SUBSTITUTE_PLACE","totalVotesPercent":0.0,"nominatorName":{"fi":"Suomen ruotsalainen kansanpuolue","sv":"Svenska folkpartiet i Finland","en":"Swedish People's Party in Finland"},"caid":67,"position":0,"gender":"1","comparisonData":{"totalVotes":0,"votesTotalChange":0},"edid":3,"comparativeIndex":0.0,"electionDayVotesPercent":0.0,"nominatorAbbr":{"fi":"RKP","sv":"SFP","en":"SPP"}},{"age":60,"advanceVotesPercent":0.0,"lastname":"Wendelin","occupation":"företagare, yrittäjä","advanceVotes":0,"npid":6,"totalVotes":0,"spid":7,"abbr":"RKP","municipalCouncilor":false,"muid":322,"alid":6,"firstname":"Kim","electionDayVotes":0,"pid":"5","finalPosition":0,"electedInformation":"ELECTED","totalVotesPercent":0.0,"nominatorName":{"fi":"Suomen ruotsalainen kansanpuolue","sv":"Svenska folkpartiet i Finland","en":"Swedish People's Party in Finland"},"caid":73,"position":0,"gender":"1","comparisonData":{"totalVotes":40,"votesTotalChange":-40},"edid":3,"comparativeIndex":0.0,"electionDayVotesPercent":0.0,"nominatorAbbr":{"fi":"RKP","sv":"SFP","en":"SPP"}},{"age":47,"advanceVotesPercent":0.0,"lastname":"Örtendahl","occupation":"byggingenjör","advanceVotes":0,"npid":6,"totalVotes":0,"spid":7,"abbr":"RKP","municipalCouncilor":false,"muid":322,"alid":6,"firstname":"Patrik","electionDayVotes":0,"pid":"5","finalPosition":0,"electedInformation":"ON_SUBSTITUTE_PLACE","totalVotesPercent":0.0,"nominatorName":{"fi":"Suomen ruotsalainen kansanpuolue","sv":"Svenska folkpartiet i Finland","en":"Swedish People's Party in Finland"},"caid":76,"position":0,"gender":"1","comparisonData":{"totalVotes":0,"votesTotalChange":0},"edid":3,"comparativeIndex":0.0,"electionDayVotesPercent":0.0,"nominatorAbbr":{"fi":"RKP","sv":"SFP","en":"SPP"}},{"age":53,"advanceVotesPercent":0.0,"lastname":"Suomi","occupation":"lähihoitaja","advanceVotes":0,"npid":7,"totalVotes":0,"spid":3,"abbr":"PS","municipalCouncilor":false,"muid":322,"alid":7,"firstname":"Berit","electionDayVotes":0,"pid":"23","finalPosition":0,"electedInformation":"NOT_ELECTED","totalVotesPercent":0.0,"nominatorName":{"fi":"Perussuomalaiset","sv":"Sannfinländarna","en":"The Finns Party"},"caid":77,"position":0,"gender":"2","comparisonData":{"totalVotes":70,"votesTotalChange":-70},"edid":3,"comparativeIndex":0.0,"electionDayVotesPercent":0.0,"nominatorAbbr":{"fi":"PS","sv":"Sannf","en":"FINNS"}},{"age":57,"advanceVotesPercent":0.0,"lastname":"Bodö","occupation":"husförsäljare, talomyyjä","advanceVotes":0,"npid":8,"totalVotes":0,"spid":99,"abbr":"Muut","municipalCouncilor":false,"muid":322,"alid":8,"firstname":"Per-Håkan","electionDayVotes":0,"pid":"3228","finalPosition":0,"electedInformation":"ON_SUBSTITUTE_PLACE","totalVotesPercent":0.0,"nominatorName":{"fi":"Fri samverkan Gemensam lista, Vapaa Yhteistoiminta Yhteislista","sv":"Fri samverkan Gemensam lista, Vapaa Yhteistoiminta Yhteislista","en":"Fri samverkan Gemensam lista, Vapaa Yhteistoiminta Yhteislista"},"caid":79,"position":0,"gender":"1","comparisonData":{"totalVotes":0,"votesTotalChange":0},"edid":3,"comparativeIndex":0.0,"electionDayVotesPercent":0.0,"nominatorAbbr":{"fi":"FS/VY","sv":"FS/VY","en":"FS/VY"}},{"age":30,"advanceVotesPercent":0.0,"lastname":"Eggert","occupation":"barn- och familjearbetare, lapsi- ja perhetyöntekijä","advanceVotes":0,"npid":8,"totalVotes":0,"spid":99,"abbr":"Muut","municipalCouncilor":true,"muid":322,"alid":8,"firstname":"Henna","electionDayVotes":0,"pid":"3228","finalPosition":0,"electedInformation":"ON_SUBSTITUTE_PLACE","totalVotesPercent":0.0,"nominatorName":{"fi":"Fri samverkan Gemensam lista, Vapaa Yhteistoiminta Yhteislista","sv":"Fri samverkan Gemensam lista, Vapaa Yhteistoiminta Yhteislista","en":"Fri samverkan Gemensam lista, Vapaa Yhteistoiminta Yhteislista"},"caid":81,"position":0,"gender":"2","comparisonData":{"totalVotes":31,"votesTotalChange":-31},"edid":3,"comparativeIndex":0.0,"electionDayVotesPercent":0.0,"nominatorAbbr":{"fi":"FS/VY","sv":"FS/VY","en":"FS/VY"}},{"age":54,"advanceVotesPercent":0.0,"lastname":"Gustafsson","occupation":"chaufför, kuljettaja","advanceVotes":0,"npid":8,"totalVotes":0,"spid":99,"abbr":"Muut","municipalCouncilor":false,"muid":322,"alid":8,"firstname":"Hans","electionDayVotes":0,"pid":"3228","finalPosition":0,"electedInformation":"NOT_ELECTED","totalVotesPercent":0.0,"nominatorName":{"fi":"Fri samverkan Gemensam lista, Vapaa Yhteistoiminta Yhteislista","sv":"Fri samverkan Gemensam lista, Vapaa Yhteistoiminta Yhteislista","en":"Fri samverkan Gemensam lista, Vapaa Yhteistoiminta Yhteislista"},"caid":84,"position":0,"gender":"1","comparisonData":{"totalVotes":14,"votesTotalChange":-14},"edid":3,"comparativeIndex":0.0,"electionDayVotesPercent":0.0,"nominatorAbbr":{"fi":"FS/VY","sv":"FS/VY","en":"FS/VY"}},{"age":64,"advanceVotesPercent":0.0,"lastname":"Kinos","occupation":"montör, asentaja","advanceVotes":0,"npid":8,"totalVotes":0,"spid":99,"abbr":"Muut","municipalCouncilor":false,"muid":322,"alid":8,"firstname":"Sven-Erik","electionDayVotes":0,"pid":"3228","finalPosition":0,"electedInformation":"NOT_ELECTED","totalVotesPercent":0.0,"nominatorName":{"fi":"Fri samverkan Gemensam lista, Vapaa Yhteistoiminta Yhteislista","sv":"Fri samverkan Gemensam lista, Vapaa Yhteistoiminta Yhteislista","en":"Fri samverkan Gemensam lista, Vapaa Yhteistoiminta Yhteislista"},"caid":86,"position":0,"gender":"1","comparisonData":{"totalVotes":16,"votesTotalChange":-16},"edid":3,"comparativeIndex":0.0,"electionDayVotesPercent":0.0,"nominatorAbbr":{"fi":"FS/VY","sv":"FS/VY","en":"FS/VY"}},{"age":66,"advanceVotesPercent":0.0,"lastname":"Nurmi","occupation":"pensionär, eläkeläinen","advanceVotes":0,"npid":8,"totalVotes":0,"spid":99,"abbr":"Muut","municipalCouncilor":false,"muid":322,"alid":8,"firstname":"Markku","electionDayVotes":0,"pid":"3228","finalPosition":0,"electedInformation":"ON_SUBSTITUTE_PLACE","totalVotesPercent":0.0,"nominatorName":{"fi":"Fri samverkan Gemensam lista, Vapaa Yhteistoiminta Yhteislista","sv":"Fri samverkan Gemensam lista, Vapaa Yhteistoiminta Yhteislista","en":"Fri samverkan Gemensam lista, Vapaa Yhteistoiminta Yhteislista"},"caid":90,"position":0,"gender":"1","comparisonData":{"totalVotes":0,"votesTotalChange":0},"edid":3,"comparativeIndex":0.0,"electionDayVotesPercent":0.0,"nominatorAbbr":{"fi":"FS/VY","sv":"FS/VY","en":"FS/VY"}},{"age":53,"advanceVotesPercent":0.0,"lastname":"Sten","occupation":"privatföretagare, taxichaufför","advanceVotes":0,"npid":8,"totalVotes":0,"spid":99,"abbr":"Muut","municipalCouncilor":false,"muid":322,"alid":8,"firstname":"Maria","electionDayVotes":0,"pid":"3228","finalPosition":0,"electedInformation":"NOT_ELECTED","totalVotesPercent":0.0,"nominatorName":{"fi":"Fri samverkan Gemensam lista, Vapaa Yhteistoiminta Yhteislista","sv":"Fri samverkan Gemensam lista, Vapaa Yhteistoiminta Yhteislista","en":"Fri samverkan Gemensam lista, Vapaa Yhteistoiminta Yhteislista"},"caid":92,"position":0,"gender":"2","comparisonData":{"totalVotes":9,"votesTotalChange":-9},"edid":3,"comparativeIndex":0.0,"electionDayVotesPercent":0.0,"nominatorAbbr":{"fi":"FS/VY","sv":"FS/VY","en":"FS/VY"}},{"age":32,"advanceVotesPercent":0.0,"lastname":"Sundell","occupation":"städare, siivooja","advanceVotes":0,"npid":8,"totalVotes":0,"spid":99,"abbr":"Muut","municipalCouncilor":false,"muid":322,"alid":8,"firstname":"Anna","electionDayVotes":0,"pid":"3228","finalPosition":0,"electedInformation":"NOT_ELECTED","totalVotesPercent":0.0,"nominatorName":{"fi":"Fri samverkan Gemensam lista, Vapaa Yhteistoiminta Yhteislista","sv":"Fri samverkan Gemensam lista, Vapaa Yhteistoiminta Yhteislista","en":"Fri samverkan Gemensam lista, Vapaa Yhteistoiminta Yhteislista"},"caid":93,"position":0,"gender":"2","comparisonData":{"totalVotes":0,"votesTotalChange":0},"edid":3,"comparativeIndex":0.0,"electionDayVotesPercent":0.0,"nominatorAbbr":{"fi":"FS/VY","sv":"FS/VY","en":"FS/VY"}},{"age":49,"advanceVotesPercent":0.0,"lastname":"Thomander","occupation":"merimies, sjöman","advanceVotes":0,"npid":8,"totalVotes":0,"spid":99,"abbr":"Muut","municipalCouncilor":false,"muid":322,"alid":8,"firstname":"Roger","electionDayVotes":0,"pid":"3228","finalPosition":0,"electedInformation":"NOT_ELECTED","totalVotesPercent":0.0,"nominatorName":{"fi":"Fri samverkan Gemensam lista, Vapaa Yhteistoiminta Yhteislista","sv":"Fri samverkan Gemensam lista, Vapaa Yhteistoiminta Yhteislista","en":"Fri samverkan Gemensam lista, Vapaa Yhteistoiminta Yhteislista"},"caid":94,"position":0,"gender":"1","comparisonData":{"totalVotes":0,"votesTotalChange":0},"edid":3,"comparativeIndex":0.0,"electionDayVotesPercent":0.0,"nominatorAbbr":{"fi":"FS/VY","sv":"FS/VY","en":"FS/VY"}}],"municipalityPollingDistricts":[{"name":{"fi":"Taalintehdas","sv":"Dalsbruk"},"calculationStatusPercent":100.0,"joinedArea":false,"muid":322,"totalVotingInFinlandTurnout":71.2,"identification":"001","pdid":"001","eligibleVotersInFinlandTotal":1186,"edid":3,"mergedToPdid":""},{"name":{"fi":"Björkboda-Kulla","sv":"Björkboda-Kulla"},"calculationStatusPercent":100.0,"joinedArea":false,"muid":322,"totalVotingInFinlandTurnout":65.7,"identification":"002","pdid":"002","eligibleVotersInFinlandTotal":1093,"edid":3,"mergedToPdid":""},{"name":{"fi":"Saaristo","sv":"Skärgården"},"calculationStatusPercent":100.0,"joinedArea":false,"muid":322,"totalVotingInFinlandTurnout":75.8,"identification":"003","pdid":"003","eligibleVotersInFinlandTotal":297,"edid":3,"mergedToPdid":""},{"name":{"fi":"Kemiö","sv":"Kimito"},"calculationStatusPercent":100.0,"joinedArea":false,"muid":322,"totalVotingInFinlandTurnout":66.8,"identification":"004","pdid":"004","eligibleVotersInFinlandTotal":2547,"edid":3,"mergedToPdid":""},{"name":{"fi":"Västanfjärd","sv":"Västanfjärd"},"calculationStatusPercent":100.0,"joinedArea":false,"muid":322,"totalVotingInFinlandTurnout":70.9,"identification":"005","pdid":"005","eligibleVotersInFinlandTotal":621,"edid":3,"mergedToPdid":""}],"municipality":{"muid":322,"edid":3,"name":{"fi":"Kemiönsaari","sv":"Kimitoön"}}}