{"version":10,"created":"2017-04-09T17:37:20.887Z","electionDetails":{"electionId":"kv2017","electionDate":"2017-04-09T00:00:00.000Z","electionDataPublishTime":"2017-04-09T17:00:00.000Z","name":{"fi":"Kuntavaalit 2017","sv":"Kommunalval 2017","en":"Elections 2017"},"previousElections":{"correspondingCompareElection":{"electionId":"kv2012","electionDate":"2012-10-28T00:00:00.000Z","name":{"fi":"Kuntavaalit 2012","en":"Municipal elections 2012","sv":"Kommunalval 2012"}},"otherCompareElection":{"electionId":"ev2015","electionDate":"2015-04-19T00:00:00.000Z","name":{"fi":"Eduskuntavaalit 2015","en":"Parliamentary election 2015","sv":"Riksdagsval 2015"}}}},"calculationStatus":{"electionDayVotingTurnout":27.4,"invalidAdvanceVotes":4,"calculationPhase":"INITIAL","invalidElectionDayVotes":0,"approvedAdvanceVotes":664,"advanceVotingTurnout":25.5,"totalVotingTurnoutAbroad":0.0,"name":{"fi":"Mynämäen pohjoinen","sv":"Mynämäen pohjoinen"},"calculationStatusPercent":48.2,"advanceVotes":668,"electionDayVotingTurnoutAbroad":0.0,"approvedTotalVotes":664,"totalVotes":1384,"muid":503,"totalVotingInFinlandTurnout":52.9,"advanceVotingTurnoutAbroad":0.0,"invalidTotalVotes":4,"totalVotingTurnout":52.9,"electionDayVotes":716,"electionDayVotesInFinland":716,"pdid":"001","totalVotesInFinlandMen":0,"eligibleVotersInFinlandTotal":2616,"calculationStatusPercentElectionDayVotes":0.0,"sourceRecordModificationTime":"20170409201540","otherCompareElection":{"eid":"","eligibleVotersInFinlandTotal":0,"advanceVotingInFinlandTurnout":0.0,"electionDayVotingInFinlandTurnout":0.0,"totalVotingInFinlandTurnout":0.0,"approvedVotesTotal":0,"invalidVotesTotal":0},"correspondingCompareElection":{"eid":"","eligibleVotersInFinlandTotal":0,"advanceVotingInFinlandTurnout":0.0,"electionDayVotingInFinlandTurnout":0.0,"totalVotingInFinlandTurnout":0.0,"approvedVotesTotal":0,"invalidVotesTotal":0,"seats":0},"approvedElectionDayVotes":0,"edid":3,"calculationStatusPercentAdvanceVotes":100.0,"electionDayVotingInFinlandTurnout":27.4,"seats":0,"eligibleVotersTotal":2616,"advanceVotesInFinland":668,"advanceVotingInFinlandTurnout":25.5,"totalVotesInFinland":1384},"partyResults":[{"advanceVotesPercent":40.2,"name":{"fi":"Suomen Keskusta","sv":"Centern i Finland","en":"Centre Party of Finland"},"advanceVotes":267,"npid":4,"totalVotes":267,"spid":1,"abbr":{"fi":"KESK","sv":"C","en":"CENT"},"alid":4,"electionDayVotes":0,"pid":"2","totalVotesPercent":40.2,"nominatorName":{"fi":"Suomen Keskusta","sv":"Centern i Finland","en":"Centre Party of Finland"},"compareData":{"otherCompareElection":{"votesTotalChange":0,"votesTotalPercentChange":0.0,"votesTotal":267,"votesTotalPercent":40.2},"correspondingCompareElection":{"votesTotalChange":0,"votesTotalPercentChange":0.0,"seatChange":0,"votesTotal":267,"votesTotalPercent":40.2,"seatsTotal":0}},"seats":0,"electionDayVotesPercent":0.0,"nominatorAbbr":{"fi":"KESK","sv":"C","en":"CENT"}},{"advanceVotesPercent":23.8,"name":{"fi":"Suomen Sosialidemokraattinen Puolue","sv":"Finlands Socialdemokratiska Parti","en":"The Finnish Social Democratic Party"},"advanceVotes":158,"npid":2,"totalVotes":158,"spid":4,"abbr":{"fi":"SDP","sv":"SDP","en":"SDP"},"alid":2,"electionDayVotes":0,"pid":"1","totalVotesPercent":23.8,"nominatorName":{"fi":"Suomen Sosialidemokraattinen Puolue","sv":"Finlands Socialdemokratiska Parti","en":"The Finnish Social Democratic Party"},"compareData":{"otherCompareElection":{"votesTotalChange":0,"votesTotalPercentChange":0.0,"votesTotal":158,"votesTotalPercent":23.8},"correspondingCompareElection":{"votesTotalChange":0,"votesTotalPercentChange":0.0,"seatChange":0,"votesTotal":158,"votesTotalPercent":23.8,"seatsTotal":0}},"seats":0,"electionDayVotesPercent":0.0,"nominatorAbbr":{"fi":"SDP","sv":"SDP","en":"SDP"}},{"advanceVotesPercent":19.6,"name":{"fi":"Kansallinen Kokoomus","sv":"Samlingspartiet","en":"National Coalition Party"},"advanceVotes":130,"npid":5,"totalVotes":130,"spid":2,"abbr":{"fi":"KOK","sv":"Saml","en":"NCP"},"alid":5,"electionDayVotes":0,"pid":"4","totalVotesPercent":19.6,"nominatorName":{"fi":"Kansallinen Kokoomus","sv":"Samlingspartiet","en":"National Coalition Party"},"compareData":{"otherCompareElection":{"votesTotalChange":0,"votesTotalPercentChange":0.0,"votesTotal":130,"votesTotalPercent":19.6},"correspondingCompareElection":{"votesTotalChange":0,"votesTotalPercentChange":0.0,"seatChange":0,"votesTotal":130,"votesTotalPercent":19.6,"seatsTotal":0}},"seats":0,"electionDayVotesPercent":0.0,"nominatorAbbr":{"fi":"KOK","sv":"Saml","en":"NCP"}},{"advanceVotesPercent":11.4,"name":{"fi":"Vasemmistoliitto","sv":"Vänsterförbundet","en":"The Left Alliance"},"advanceVotes":76,"npid":1,"totalVotes":76,"spid":6,"abbr":{"fi":"VAS","sv":"VF","en":"LEFT"},"alid":1,"electionDayVotes":0,"pid":"15","totalVotesPercent":11.4,"nominatorName":{"fi":"Vasemmistoliitto","sv":"Vänsterförbundet","en":"The Left Alliance"},"compareData":{"otherCompareElection":{"votesTotalChange":0,"votesTotalPercentChange":0.0,"votesTotal":76,"votesTotalPercent":11.4},"correspondingCompareElection":{"votesTotalChange":0,"votesTotalPercentChange":0.0,"seatChange":0,"votesTotal":76,"votesTotalPercent":11.4,"seatsTotal":0}},"seats":0,"electionDayVotesPercent":0.0,"nominatorAbbr":{"fi":"VAS","sv":"VF","en":"LEFT"}},{"advanceVotesPercent":5.0,"name":{"fi":"Perussuomalaiset","sv":"Sannfinländarna","en":"The Finns Party"},"advanceVotes":33,"npid":3,"totalVotes":33,"spid":3,"abbr":{"fi":"PS","sv":"Sannf","en":"FINNS"},"alid":3,"electionDayVotes":0,"pid":"23","totalVotesPercent":5.0,"nominatorName":{"fi":"Perussuomalaiset","sv":"Sannfinländarna","en":"The Finns Party"},"compareData":{"otherCompareElection":{"votesTotalChange":0,"votesTotalPercentChange":0.0,"votesTotal":33,"votesTotalPercent":5.0},"correspondingCompareElection":{"votesTotalChange":0,"votesTotalPercentChange":0.0,"seatChange":0,"votesTotal":33,"votesTotalPercent":5.0,"seatsTotal":0}},"seats":0,"electionDayVotesPercent":0.0,"nominatorAbbr":{"fi":"PS","sv":"Sannf","en":"FINNS"}}],"candidateResults":[{"age":34,"advanceVotesPercent":8.4,"lastname":"Alatalo","occupation":"kehittämisasiantuntija, VTM","advanceVotes":56,"npid":2,"totalVotes":56,"spid":4,"abbr":"SDP","municipalCouncilor":true,"muid":503,"alid":2,"firstname":"Juuso","electionDayVotes":0,"pid":"1","finalPosition":0,"electedInformation":"ELECTED","totalVotesPercent":8.4,"nominatorName":{"fi":"Suomen Sosialidemokraattinen Puolue","sv":"Finlands Socialdemokratiska Parti","en":"The Finnish Social Democratic Party"},"caid":12,"position":0,"gender":"1","comparisonData":{"totalVotes":128,"votesTotalChange":-72},"edid":3,"comparativeIndex":0.0,"electionDayVotesPercent":0.0,"nominatorAbbr":{"fi":"SDP","sv":"SDP","en":"SDP"}},{"age":54,"advanceVotesPercent":7.7,"lastname":"Syren","occupation":"taksiyrittäjä","advanceVotes":51,"npid":4,"totalVotes":51,"spid":1,"abbr":"KESK","municipalCouncilor":false,"muid":503,"alid":4,"firstname":"Jouni","electionDayVotes":0,"pid":"2","finalPosition":0,"electedInformation":"ELECTED","totalVotesPercent":7.7,"nominatorName":{"fi":"Suomen Keskusta","sv":"Centern i Finland","en":"Centre Party of Finland"},"caid":45,"position":0,"gender":"1","comparisonData":{"totalVotes":0,"votesTotalChange":51},"edid":3,"comparativeIndex":0.0,"electionDayVotesPercent":0.0,"nominatorAbbr":{"fi":"KESK","sv":"C","en":"CENT"}},{"age":57,"advanceVotesPercent":5.0,"lastname":"Maisila","occupation":"vanhustyön johtaja, sh YAMK","advanceVotes":33,"npid":4,"totalVotes":33,"spid":1,"abbr":"KESK","municipalCouncilor":true,"muid":503,"alid":4,"firstname":"Päivi","electionDayVotes":0,"pid":"2","finalPosition":0,"electedInformation":"ELECTED","totalVotesPercent":5.0,"nominatorName":{"fi":"Suomen Keskusta","sv":"Centern i Finland","en":"Centre Party of Finland"},"caid":40,"position":0,"gender":"2","comparisonData":{"totalVotes":84,"votesTotalChange":-51},"edid":3,"comparativeIndex":0.0,"electionDayVotesPercent":0.0,"nominatorAbbr":{"fi":"KESK","sv":"C","en":"CENT"}},{"age":57,"advanceVotesPercent":4.7,"lastname":"Myllymäki","occupation":"KM, maanviljelijä","advanceVotes":31,"npid":4,"totalVotes":31,"spid":1,"abbr":"KESK","municipalCouncilor":true,"muid":503,"alid":4,"firstname":"Pekka","electionDayVotes":0,"pid":"2","finalPosition":0,"electedInformation":"ELECTED","totalVotesPercent":4.7,"nominatorName":{"fi":"Suomen Keskusta","sv":"Centern i Finland","en":"Centre Party of Finland"},"caid":41,"position":0,"gender":"1","comparisonData":{"totalVotes":160,"votesTotalChange":-129},"edid":3,"comparativeIndex":0.0,"electionDayVotesPercent":0.0,"nominatorAbbr":{"fi":"KESK","sv":"C","en":"CENT"}},{"age":47,"advanceVotesPercent":4.2,"lastname":"Haanperä","occupation":"hallintopäällikkö","advanceVotes":28,"npid":2,"totalVotes":28,"spid":4,"abbr":"SDP","municipalCouncilor":false,"muid":503,"alid":2,"firstname":"Kirsi","electionDayVotes":0,"pid":"1","finalPosition":0,"electedInformation":"ELECTED","totalVotesPercent":4.2,"nominatorName":{"fi":"Suomen Sosialidemokraattinen Puolue","sv":"Finlands Socialdemokratiska Parti","en":"The Finnish Social Democratic Party"},"caid":14,"position":0,"gender":"2","comparisonData":{"totalVotes":0,"votesTotalChange":28},"edid":3,"comparativeIndex":0.0,"electionDayVotesPercent":0.0,"nominatorAbbr":{"fi":"SDP","sv":"SDP","en":"SDP"}},{"age":49,"advanceVotesPercent":3.9,"lastname":"Halminen","occupation":"maataloustyöntekijä","advanceVotes":26,"npid":4,"totalVotes":26,"spid":1,"abbr":"KESK","municipalCouncilor":false,"muid":503,"alid":4,"firstname":"Petri","electionDayVotes":0,"pid":"2","finalPosition":0,"electedInformation":"ELECTED","totalVotesPercent":3.9,"nominatorName":{"fi":"Suomen Keskusta","sv":"Centern i Finland","en":"Centre Party of Finland"},"caid":27,"position":0,"gender":"1","comparisonData":{"totalVotes":19,"votesTotalChange":7},"edid":3,"comparativeIndex":0.0,"electionDayVotesPercent":0.0,"nominatorAbbr":{"fi":"KESK","sv":"C","en":"CENT"}},{"age":47,"advanceVotesPercent":3.5,"lastname":"Laitinen","occupation":"sairaanhoitaja","advanceVotes":23,"npid":2,"totalVotes":23,"spid":4,"abbr":"SDP","municipalCouncilor":true,"muid":503,"alid":2,"firstname":"Taina","electionDayVotes":0,"pid":"1","finalPosition":0,"electedInformation":"ELECTED","totalVotesPercent":3.5,"nominatorName":{"fi":"Suomen Sosialidemokraattinen Puolue","sv":"Finlands Socialdemokratiska Parti","en":"The Finnish Social Democratic Party"},"caid":15,"position":0,"gender":"2","comparisonData":{"totalVotes":38,"votesTotalChange":-15},"edid":3,"comparativeIndex":0.0,"electionDayVotesPercent":0.0,"nominatorAbbr":{"fi":"SDP","sv":"SDP","en":"SDP"}},{"age":74,"advanceVotesPercent":3.0,"lastname":"Palonen","occupation":"eläkeläinen","advanceVotes":20,"npid":1,"totalVotes":20,"spid":6,"abbr":"VAS","municipalCouncilor":false,"muid":503,"alid":1,"firstname":"Kaino","electionDayVotes":0,"pid":"15","finalPosition":0,"electedInformation":"ELECTED","totalVotesPercent":3.0,"nominatorName":{"fi":"Vasemmistoliitto","sv":"Vänsterförbundet","en":"The Left Alliance"},"caid":7,"position":0,"gender":"1","comparisonData":{"totalVotes":31,"votesTotalChange":-11},"edid":3,"comparativeIndex":0.0,"electionDayVotesPercent":0.0,"nominatorAbbr":{"fi":"VAS","sv":"VF","en":"LEFT"}},{"age":46,"advanceVotesPercent":3.0,"lastname":"Jaakkola","occupation":"yrittäjä","advanceVotes":20,"npid":5,"totalVotes":20,"spid":2,"abbr":"KOK","municipalCouncilor":true,"muid":503,"alid":5,"firstname":"Marianne","electionDayVotes":0,"pid":"4","finalPosition":0,"electedInformation":"ELECTED","totalVotesPercent":3.0,"nominatorName":{"fi":"Kansallinen Kokoomus","sv":"Samlingspartiet","en":"National Coalition Party"},"caid":51,"position":0,"gender":"2","comparisonData":{"totalVotes":40,"votesTotalChange":-20},"edid":3,"comparativeIndex":0.0,"electionDayVotesPercent":0.0,"nominatorAbbr":{"fi":"KOK","sv":"Saml","en":"NCP"}},{"age":64,"advanceVotesPercent":2.6,"lastname":"Toivonen","occupation":"sosiaalialan lehtori, valt.maist.","advanceVotes":17,"npid":2,"totalVotes":17,"spid":4,"abbr":"SDP","municipalCouncilor":false,"muid":503,"alid":2,"firstname":"Tuula","electionDayVotes":0,"pid":"1","finalPosition":0,"electedInformation":"ELECTED","totalVotesPercent":2.6,"nominatorName":{"fi":"Suomen Sosialidemokraattinen Puolue","sv":"Finlands Socialdemokratiska Parti","en":"The Finnish Social Democratic Party"},"caid":18,"position":0,"gender":"2","comparisonData":{"totalVotes":0,"votesTotalChange":17},"edid":3,"comparativeIndex":0.0,"electionDayVotesPercent":0.0,"nominatorAbbr":{"fi":"SDP","sv":"SDP","en":"SDP"}},{"age":50,"advanceVotesPercent":2.6,"lastname":"Iltanen","occupation":"ylikonstaapeli, maatalousyrittäjä","advanceVotes":17,"npid":4,"totalVotes":17,"spid":1,"abbr":"KESK","municipalCouncilor":true,"muid":503,"alid":4,"firstname":"Marko","electionDayVotes":0,"pid":"2","finalPosition":0,"electedInformation":"ELECTED","totalVotesPercent":2.6,"nominatorName":{"fi":"Suomen Keskusta","sv":"Centern i Finland","en":"Centre Party of Finland"},"caid":30,"position":0,"gender":"1","comparisonData":{"totalVotes":70,"votesTotalChange":-53},"edid":3,"comparativeIndex":0.0,"electionDayVotesPercent":0.0,"nominatorAbbr":{"fi":"KESK","sv":"C","en":"CENT"}},{"age":45,"advanceVotesPercent":2.4,"lastname":"Karkoinen","occupation":"katsastusmies","advanceVotes":16,"npid":3,"totalVotes":16,"spid":3,"abbr":"PS","municipalCouncilor":true,"muid":503,"alid":3,"firstname":"Kimmo","electionDayVotes":0,"pid":"23","finalPosition":0,"electedInformation":"ELECTED","totalVotesPercent":2.4,"nominatorName":{"fi":"Perussuomalaiset","sv":"Sannfinländarna","en":"The Finns Party"},"caid":23,"position":0,"gender":"1","comparisonData":{"totalVotes":71,"votesTotalChange":-55},"edid":3,"comparativeIndex":0.0,"electionDayVotesPercent":0.0,"nominatorAbbr":{"fi":"PS","sv":"Sannf","en":"FINNS"}},{"age":53,"advanceVotesPercent":2.0,"lastname":"Hyrsky-Heikkilä","occupation":"viestintä- ja koulutussihteeri","advanceVotes":13,"npid":4,"totalVotes":13,"spid":1,"abbr":"KESK","municipalCouncilor":true,"muid":503,"alid":4,"firstname":"Anna-Liisa","electionDayVotes":0,"pid":"2","finalPosition":0,"electedInformation":"ELECTED","totalVotesPercent":2.0,"nominatorName":{"fi":"Suomen Keskusta","sv":"Centern i Finland","en":"Centre Party of Finland"},"caid":29,"position":0,"gender":"2","comparisonData":{"totalVotes":73,"votesTotalChange":-60},"edid":3,"comparativeIndex":0.0,"electionDayVotesPercent":0.0,"nominatorAbbr":{"fi":"KESK","sv":"C","en":"CENT"}},{"age":53,"advanceVotesPercent":2.0,"lastname":"Tähtinen","occupation":"yrittäjä, kiinteistönvälittäjä","advanceVotes":13,"npid":5,"totalVotes":13,"spid":2,"abbr":"KOK","municipalCouncilor":false,"muid":503,"alid":5,"firstname":"Taina","electionDayVotes":0,"pid":"4","finalPosition":0,"electedInformation":"ON_SUBSTITUTE_PLACE","totalVotesPercent":2.0,"nominatorName":{"fi":"Kansallinen Kokoomus","sv":"Samlingspartiet","en":"National Coalition Party"},"caid":69,"position":0,"gender":"2","comparisonData":{"totalVotes":0,"votesTotalChange":13},"edid":3,"comparativeIndex":0.0,"electionDayVotesPercent":0.0,"nominatorAbbr":{"fi":"KOK","sv":"Saml","en":"NCP"}},{"age":73,"advanceVotesPercent":1.8,"lastname":"Numminen","occupation":"kirvesmies, eläkeläinen","advanceVotes":12,"npid":1,"totalVotes":12,"spid":6,"abbr":"VAS","municipalCouncilor":false,"muid":503,"alid":1,"firstname":"Lauri","electionDayVotes":0,"pid":"15","finalPosition":0,"electedInformation":"ELECTED","totalVotesPercent":1.8,"nominatorName":{"fi":"Vasemmistoliitto","sv":"Vänsterförbundet","en":"The Left Alliance"},"caid":6,"position":0,"gender":"1","comparisonData":{"totalVotes":28,"votesTotalChange":-16},"edid":3,"comparativeIndex":0.0,"electionDayVotesPercent":0.0,"nominatorAbbr":{"fi":"VAS","sv":"VF","en":"LEFT"}},{"age":36,"advanceVotesPercent":1.8,"lastname":"Hurme","occupation":"yrittäjä","advanceVotes":12,"npid":3,"totalVotes":12,"spid":3,"abbr":"PS","municipalCouncilor":false,"muid":503,"alid":3,"firstname":"Mika","electionDayVotes":0,"pid":"23","finalPosition":0,"electedInformation":"ELECTED","totalVotesPercent":1.8,"nominatorName":{"fi":"Perussuomalaiset","sv":"Sannfinländarna","en":"The Finns Party"},"caid":21,"position":0,"gender":"1","comparisonData":{"totalVotes":0,"votesTotalChange":12},"edid":3,"comparativeIndex":0.0,"electionDayVotesPercent":0.0,"nominatorAbbr":{"fi":"PS","sv":"Sannf","en":"FINNS"}},{"age":34,"advanceVotesPercent":1.8,"lastname":"Lehtonen","occupation":"maanviljelijä","advanceVotes":12,"npid":4,"totalVotes":12,"spid":1,"abbr":"KESK","municipalCouncilor":true,"muid":503,"alid":4,"firstname":"Aarne","electionDayVotes":0,"pid":"2","finalPosition":0,"electedInformation":"ELECTED","totalVotesPercent":1.8,"nominatorName":{"fi":"Suomen Keskusta","sv":"Centern i Finland","en":"Centre Party of Finland"},"caid":39,"position":0,"gender":"1","comparisonData":{"totalVotes":71,"votesTotalChange":-59},"edid":3,"comparativeIndex":0.0,"electionDayVotesPercent":0.0,"nominatorAbbr":{"fi":"KESK","sv":"C","en":"CENT"}},{"age":52,"advanceVotesPercent":1.8,"lastname":"Vanhanen","occupation":"logistiikka- ja tuotantojohtaja","advanceVotes":12,"npid":5,"totalVotes":12,"spid":2,"abbr":"KOK","municipalCouncilor":true,"muid":503,"alid":5,"firstname":"Juha","electionDayVotes":0,"pid":"4","finalPosition":0,"electedInformation":"ELECTED","totalVotesPercent":1.8,"nominatorName":{"fi":"Kansallinen Kokoomus","sv":"Samlingspartiet","en":"National Coalition Party"},"caid":71,"position":0,"gender":"1","comparisonData":{"totalVotes":105,"votesTotalChange":-93},"edid":3,"comparativeIndex":0.0,"electionDayVotesPercent":0.0,"nominatorAbbr":{"fi":"KOK","sv":"Saml","en":"NCP"}},{"age":46,"advanceVotesPercent":1.8,"lastname":"Vira","occupation":"ohjauspäällikkö","advanceVotes":12,"npid":5,"totalVotes":12,"spid":2,"abbr":"KOK","municipalCouncilor":false,"muid":503,"alid":5,"firstname":"Anu","electionDayVotes":0,"pid":"4","finalPosition":0,"electedInformation":"ELECTED","totalVotesPercent":1.8,"nominatorName":{"fi":"Kansallinen Kokoomus","sv":"Samlingspartiet","en":"National Coalition Party"},"caid":72,"position":0,"gender":"2","comparisonData":{"totalVotes":0,"votesTotalChange":12},"edid":3,"comparativeIndex":0.0,"electionDayVotesPercent":0.0,"nominatorAbbr":{"fi":"KOK","sv":"Saml","en":"NCP"}},{"age":47,"advanceVotesPercent":1.8,"lastname":"Vänni","occupation":"opiskelija, yrittäjä","advanceVotes":12,"npid":5,"totalVotes":12,"spid":2,"abbr":"KOK","municipalCouncilor":true,"muid":503,"alid":5,"firstname":"Hanna","electionDayVotes":0,"pid":"4","finalPosition":0,"electedInformation":"ELECTED","totalVotesPercent":1.8,"nominatorName":{"fi":"Kansallinen Kokoomus","sv":"Samlingspartiet","en":"National Coalition Party"},"caid":73,"position":0,"gender":"2","comparisonData":{"totalVotes":64,"votesTotalChange":-52},"edid":3,"comparativeIndex":0.0,"electionDayVotesPercent":0.0,"nominatorAbbr":{"fi":"KOK","sv":"Saml","en":"NCP"}},{"age":31,"advanceVotesPercent":1.7,"lastname":"Huuskonen","occupation":"laatupäällikkö","advanceVotes":11,"npid":4,"totalVotes":11,"spid":1,"abbr":"KESK","municipalCouncilor":true,"muid":503,"alid":4,"firstname":"Petteri","electionDayVotes":0,"pid":"2","finalPosition":0,"electedInformation":"ELECTED","totalVotesPercent":1.7,"nominatorName":{"fi":"Suomen Keskusta","sv":"Centern i Finland","en":"Centre Party of Finland"},"caid":28,"position":0,"gender":"1","comparisonData":{"totalVotes":82,"votesTotalChange":-71},"edid":3,"comparativeIndex":0.0,"electionDayVotesPercent":0.0,"nominatorAbbr":{"fi":"KESK","sv":"C","en":"CENT"}},{"age":49,"advanceVotesPercent":1.7,"lastname":"Setälä","occupation":"insinööri, toimitusjohtaja","advanceVotes":11,"npid":5,"totalVotes":11,"spid":2,"abbr":"KOK","municipalCouncilor":true,"muid":503,"alid":5,"firstname":"Marko","electionDayVotes":0,"pid":"4","finalPosition":0,"electedInformation":"ELECTED","totalVotesPercent":1.7,"nominatorName":{"fi":"Kansallinen Kokoomus","sv":"Samlingspartiet","en":"National Coalition Party"},"caid":67,"position":0,"gender":"1","comparisonData":{"totalVotes":54,"votesTotalChange":-43},"edid":3,"comparativeIndex":0.0,"electionDayVotesPercent":0.0,"nominatorAbbr":{"fi":"KOK","sv":"Saml","en":"NCP"}},{"age":18,"advanceVotesPercent":1.5,"lastname":"Paukku","occupation":"lähihoitajaopiskelija","advanceVotes":10,"npid":1,"totalVotes":10,"spid":6,"abbr":"VAS","municipalCouncilor":false,"muid":503,"alid":1,"firstname":"Elena","electionDayVotes":0,"pid":"15","finalPosition":0,"electedInformation":"ON_SUBSTITUTE_PLACE","totalVotesPercent":1.5,"nominatorName":{"fi":"Vasemmistoliitto","sv":"Vänsterförbundet","en":"The Left Alliance"},"caid":8,"position":0,"gender":"2","comparisonData":{"totalVotes":0,"votesTotalChange":10},"edid":3,"comparativeIndex":0.0,"electionDayVotesPercent":0.0,"nominatorAbbr":{"fi":"VAS","sv":"VF","en":"LEFT"}},{"age":49,"advanceVotesPercent":1.5,"lastname":"Keskitalo","occupation":"aluepäällikkö","advanceVotes":10,"npid":4,"totalVotes":10,"spid":1,"abbr":"KESK","municipalCouncilor":false,"muid":503,"alid":4,"firstname":"Miia","electionDayVotes":0,"pid":"2","finalPosition":0,"electedInformation":"ELECTED","totalVotesPercent":1.5,"nominatorName":{"fi":"Suomen Keskusta","sv":"Centern i Finland","en":"Centre Party of Finland"},"caid":34,"position":0,"gender":"2","comparisonData":{"totalVotes":0,"votesTotalChange":10},"edid":3,"comparativeIndex":0.0,"electionDayVotesPercent":0.0,"nominatorAbbr":{"fi":"KESK","sv":"C","en":"CENT"}},{"age":57,"advanceVotesPercent":1.4,"lastname":"Tamminen","occupation":"elintarviketyöntekijä","advanceVotes":9,"npid":1,"totalVotes":9,"spid":6,"abbr":"VAS","municipalCouncilor":true,"muid":503,"alid":1,"firstname":"Ari","electionDayVotes":0,"pid":"15","finalPosition":0,"electedInformation":"ELECTED","totalVotesPercent":1.4,"nominatorName":{"fi":"Vasemmistoliitto","sv":"Vänsterförbundet","en":"The Left Alliance"},"caid":10,"position":0,"gender":"1","comparisonData":{"totalVotes":45,"votesTotalChange":-36},"edid":3,"comparativeIndex":0.0,"electionDayVotesPercent":0.0,"nominatorAbbr":{"fi":"VAS","sv":"VF","en":"LEFT"}},{"age":50,"advanceVotesPercent":1.4,"lastname":"Varjonen","occupation":"sopimusala-asiamies","advanceVotes":9,"npid":2,"totalVotes":9,"spid":4,"abbr":"SDP","municipalCouncilor":true,"muid":503,"alid":2,"firstname":"Petri","electionDayVotes":0,"pid":"1","finalPosition":0,"electedInformation":"ELECTED","totalVotesPercent":1.4,"nominatorName":{"fi":"Suomen Sosialidemokraattinen Puolue","sv":"Finlands Socialdemokratiska Parti","en":"The Finnish Social Democratic Party"},"caid":19,"position":0,"gender":"1","comparisonData":{"totalVotes":51,"votesTotalChange":-42},"edid":3,"comparativeIndex":0.0,"electionDayVotesPercent":0.0,"nominatorAbbr":{"fi":"SDP","sv":"SDP","en":"SDP"}},{"age":64,"advanceVotesPercent":1.4,"lastname":"Kontu","occupation":"DI, yrittäjä","advanceVotes":9,"npid":4,"totalVotes":9,"spid":1,"abbr":"KESK","municipalCouncilor":false,"muid":503,"alid":4,"firstname":"Aappo","electionDayVotes":0,"pid":"2","finalPosition":0,"electedInformation":"ELECTED","totalVotesPercent":1.4,"nominatorName":{"fi":"Suomen Keskusta","sv":"Centern i Finland","en":"Centre Party of Finland"},"caid":35,"position":0,"gender":"1","comparisonData":{"totalVotes":0,"votesTotalChange":9},"edid":3,"comparativeIndex":0.0,"electionDayVotesPercent":0.0,"nominatorAbbr":{"fi":"KESK","sv":"C","en":"CENT"}},{"age":54,"advanceVotesPercent":1.2,"lastname":"Rautiola","occupation":"sairaanhoitaja","advanceVotes":8,"npid":1,"totalVotes":8,"spid":6,"abbr":"VAS","municipalCouncilor":true,"muid":503,"alid":1,"firstname":"Leena","electionDayVotes":0,"pid":"15","finalPosition":0,"electedInformation":"ELECTED","totalVotesPercent":1.2,"nominatorName":{"fi":"Vasemmistoliitto","sv":"Vänsterförbundet","en":"The Left Alliance"},"caid":9,"position":0,"gender":"2","comparisonData":{"totalVotes":32,"votesTotalChange":-24},"edid":3,"comparativeIndex":0.0,"electionDayVotesPercent":0.0,"nominatorAbbr":{"fi":"VAS","sv":"VF","en":"LEFT"}},{"age":43,"advanceVotesPercent":1.2,"lastname":"Randell","occupation":"insinööri AMK","advanceVotes":8,"npid":2,"totalVotes":8,"spid":4,"abbr":"SDP","municipalCouncilor":false,"muid":503,"alid":2,"firstname":"Miika","electionDayVotes":0,"pid":"1","finalPosition":0,"electedInformation":"ELECTED","totalVotesPercent":1.2,"nominatorName":{"fi":"Suomen Sosialidemokraattinen Puolue","sv":"Finlands Socialdemokratiska Parti","en":"The Finnish Social Democratic Party"},"caid":17,"position":0,"gender":"1","comparisonData":{"totalVotes":29,"votesTotalChange":-21},"edid":3,"comparativeIndex":0.0,"electionDayVotesPercent":0.0,"nominatorAbbr":{"fi":"SDP","sv":"SDP","en":"SDP"}},{"age":60,"advanceVotesPercent":1.2,"lastname":"Kari","occupation":"eläkeläinen, ammattiaineiden lehtori","advanceVotes":8,"npid":5,"totalVotes":8,"spid":2,"abbr":"KOK","municipalCouncilor":false,"muid":503,"alid":5,"firstname":"Esa","electionDayVotes":0,"pid":"4","finalPosition":0,"electedInformation":"ON_SUBSTITUTE_PLACE","totalVotesPercent":1.2,"nominatorName":{"fi":"Kansallinen Kokoomus","sv":"Samlingspartiet","en":"National Coalition Party"},"caid":54,"position":0,"gender":"1","comparisonData":{"totalVotes":0,"votesTotalChange":8},"edid":3,"comparativeIndex":0.0,"electionDayVotesPercent":0.0,"nominatorAbbr":{"fi":"KOK","sv":"Saml","en":"NCP"}},{"age":53,"advanceVotesPercent":1.1,"lastname":"Vuorio","occupation":"lvi-asentaja","advanceVotes":7,"npid":2,"totalVotes":7,"spid":4,"abbr":"SDP","municipalCouncilor":false,"muid":503,"alid":2,"firstname":"Ari","electionDayVotes":0,"pid":"1","finalPosition":0,"electedInformation":"ELECTED","totalVotesPercent":1.1,"nominatorName":{"fi":"Suomen Sosialidemokraattinen Puolue","sv":"Finlands Socialdemokratiska Parti","en":"The Finnish Social Democratic Party"},"caid":20,"position":0,"gender":"1","comparisonData":{"totalVotes":17,"votesTotalChange":-10},"edid":3,"comparativeIndex":0.0,"electionDayVotesPercent":0.0,"nominatorAbbr":{"fi":"SDP","sv":"SDP","en":"SDP"}},{"age":71,"advanceVotesPercent":1.1,"lastname":"Eeva","occupation":"mv, eläkeläinen","advanceVotes":7,"npid":4,"totalVotes":7,"spid":1,"abbr":"KESK","municipalCouncilor":false,"muid":503,"alid":4,"firstname":"Tapani","electionDayVotes":0,"pid":"2","finalPosition":0,"electedInformation":"ON_SUBSTITUTE_PLACE","totalVotesPercent":1.1,"nominatorName":{"fi":"Suomen Keskusta","sv":"Centern i Finland","en":"Centre Party of Finland"},"caid":26,"position":0,"gender":"1","comparisonData":{"totalVotes":27,"votesTotalChange":-20},"edid":3,"comparativeIndex":0.0,"electionDayVotesPercent":0.0,"nominatorAbbr":{"fi":"KESK","sv":"C","en":"CENT"}},{"age":33,"advanceVotesPercent":1.1,"lastname":"Silvaani","occupation":"DI, nuorisotyöntekijä","advanceVotes":7,"npid":4,"totalVotes":7,"spid":1,"abbr":"KESK","municipalCouncilor":false,"muid":503,"alid":4,"firstname":"Hanna","electionDayVotes":0,"pid":"2","finalPosition":0,"electedInformation":"ELECTED","totalVotesPercent":1.1,"nominatorName":{"fi":"Suomen Keskusta","sv":"Centern i Finland","en":"Centre Party of Finland"},"caid":44,"position":0,"gender":"2","comparisonData":{"totalVotes":0,"votesTotalChange":7},"edid":3,"comparativeIndex":0.0,"electionDayVotesPercent":0.0,"nominatorAbbr":{"fi":"KESK","sv":"C","en":"CENT"}},{"age":50,"advanceVotesPercent":0.9,"lastname":"Hietalahti","occupation":"linja-asentaja","advanceVotes":6,"npid":1,"totalVotes":6,"spid":6,"abbr":"VAS","municipalCouncilor":false,"muid":503,"alid":1,"firstname":"Vesa","electionDayVotes":0,"pid":"15","finalPosition":0,"electedInformation":"NOT_ELECTED","totalVotesPercent":0.9,"nominatorName":{"fi":"Vasemmistoliitto","sv":"Vänsterförbundet","en":"The Left Alliance"},"caid":2,"position":0,"gender":"1","comparisonData":{"totalVotes":22,"votesTotalChange":-16},"edid":3,"comparativeIndex":0.0,"electionDayVotesPercent":0.0,"nominatorAbbr":{"fi":"VAS","sv":"VF","en":"LEFT"}},{"age":50,"advanceVotesPercent":0.9,"lastname":"Kantonen","occupation":"sairaanhoitaja","advanceVotes":6,"npid":4,"totalVotes":6,"spid":1,"abbr":"KESK","municipalCouncilor":false,"muid":503,"alid":4,"firstname":"Sari","electionDayVotes":0,"pid":"2","finalPosition":0,"electedInformation":"ELECTED","totalVotesPercent":0.9,"nominatorName":{"fi":"Suomen Keskusta","sv":"Centern i Finland","en":"Centre Party of Finland"},"caid":33,"position":0,"gender":"2","comparisonData":{"totalVotes":0,"votesTotalChange":6},"edid":3,"comparativeIndex":0.0,"electionDayVotesPercent":0.0,"nominatorAbbr":{"fi":"KESK","sv":"C","en":"CENT"}},{"age":39,"advanceVotesPercent":0.9,"lastname":"Lehtonen","occupation":"yrittäjä","advanceVotes":6,"npid":5,"totalVotes":6,"spid":2,"abbr":"KOK","municipalCouncilor":false,"muid":503,"alid":5,"firstname":"Karri","electionDayVotes":0,"pid":"4","finalPosition":0,"electedInformation":"ON_SUBSTITUTE_PLACE","totalVotesPercent":0.9,"nominatorName":{"fi":"Kansallinen Kokoomus","sv":"Samlingspartiet","en":"National Coalition Party"},"caid":58,"position":0,"gender":"1","comparisonData":{"totalVotes":31,"votesTotalChange":-25},"edid":3,"comparativeIndex":0.0,"electionDayVotesPercent":0.0,"nominatorAbbr":{"fi":"KOK","sv":"Saml","en":"NCP"}},{"age":62,"advanceVotesPercent":0.8,"lastname":"Laakso","occupation":"eläkeläinen","advanceVotes":5,"npid":1,"totalVotes":5,"spid":6,"abbr":"VAS","municipalCouncilor":false,"muid":503,"alid":1,"firstname":"Merja","electionDayVotes":0,"pid":"15","finalPosition":0,"electedInformation":"ON_SUBSTITUTE_PLACE","totalVotesPercent":0.8,"nominatorName":{"fi":"Vasemmistoliitto","sv":"Vänsterförbundet","en":"The Left Alliance"},"caid":5,"position":0,"gender":"2","comparisonData":{"totalVotes":0,"votesTotalChange":5},"edid":3,"comparativeIndex":0.0,"electionDayVotesPercent":0.0,"nominatorAbbr":{"fi":"VAS","sv":"VF","en":"LEFT"}},{"age":37,"advanceVotesPercent":0.8,"lastname":"Eriksson-Tolkki","occupation":"nuorten työpajaohjaaja, sosionomi AMK","advanceVotes":5,"npid":2,"totalVotes":5,"spid":4,"abbr":"SDP","municipalCouncilor":false,"muid":503,"alid":2,"firstname":"Vilhelmiina","electionDayVotes":0,"pid":"1","finalPosition":0,"electedInformation":"ON_SUBSTITUTE_PLACE","totalVotesPercent":0.8,"nominatorName":{"fi":"Suomen Sosialidemokraattinen Puolue","sv":"Finlands Socialdemokratiska Parti","en":"The Finnish Social Democratic Party"},"caid":13,"position":0,"gender":"2","comparisonData":{"totalVotes":0,"votesTotalChange":5},"edid":3,"comparativeIndex":0.0,"electionDayVotesPercent":0.0,"nominatorAbbr":{"fi":"SDP","sv":"SDP","en":"SDP"}},{"age":40,"advanceVotesPercent":0.8,"lastname":"Nikkilä","occupation":"koulutuspäällikkö, insinööri YAMK","advanceVotes":5,"npid":2,"totalVotes":5,"spid":4,"abbr":"SDP","municipalCouncilor":false,"muid":503,"alid":2,"firstname":"Sami","electionDayVotes":0,"pid":"1","finalPosition":0,"electedInformation":"ELECTED","totalVotesPercent":0.8,"nominatorName":{"fi":"Suomen Sosialidemokraattinen Puolue","sv":"Finlands Socialdemokratiska Parti","en":"The Finnish Social Democratic Party"},"caid":16,"position":0,"gender":"1","comparisonData":{"totalVotes":30,"votesTotalChange":-25},"edid":3,"comparativeIndex":0.0,"electionDayVotesPercent":0.0,"nominatorAbbr":{"fi":"SDP","sv":"SDP","en":"SDP"}},{"age":59,"advanceVotesPercent":0.8,"lastname":"Lassila","occupation":"emäntä","advanceVotes":5,"npid":4,"totalVotes":5,"spid":1,"abbr":"KESK","municipalCouncilor":true,"muid":503,"alid":4,"firstname":"Hanne","electionDayVotes":0,"pid":"2","finalPosition":0,"electedInformation":"ELECTED","totalVotesPercent":0.8,"nominatorName":{"fi":"Suomen Keskusta","sv":"Centern i Finland","en":"Centre Party of Finland"},"caid":37,"position":0,"gender":"2","comparisonData":{"totalVotes":46,"votesTotalChange":-41},"edid":3,"comparativeIndex":0.0,"electionDayVotesPercent":0.0,"nominatorAbbr":{"fi":"KESK","sv":"C","en":"CENT"}},{"age":32,"advanceVotesPercent":0.8,"lastname":"Punta","occupation":"sähköasentaja","advanceVotes":5,"npid":4,"totalVotes":5,"spid":1,"abbr":"KESK","municipalCouncilor":false,"muid":503,"alid":4,"firstname":"Antti","electionDayVotes":0,"pid":"2","finalPosition":0,"electedInformation":"ON_SUBSTITUTE_PLACE","totalVotesPercent":0.8,"nominatorName":{"fi":"Suomen Keskusta","sv":"Centern i Finland","en":"Centre Party of Finland"},"caid":42,"position":0,"gender":"1","comparisonData":{"totalVotes":0,"votesTotalChange":5},"edid":3,"comparativeIndex":0.0,"electionDayVotesPercent":0.0,"nominatorAbbr":{"fi":"KESK","sv":"C","en":"CENT"}},{"age":33,"advanceVotesPercent":0.8,"lastname":"Vilola","occupation":"maataloustyöntekijä, koneenkuljettaja","advanceVotes":5,"npid":4,"totalVotes":5,"spid":1,"abbr":"KESK","municipalCouncilor":false,"muid":503,"alid":4,"firstname":"Mika","electionDayVotes":0,"pid":"2","finalPosition":0,"electedInformation":"ELECTED","totalVotesPercent":0.8,"nominatorName":{"fi":"Suomen Keskusta","sv":"Centern i Finland","en":"Centre Party of Finland"},"caid":48,"position":0,"gender":"1","comparisonData":{"totalVotes":35,"votesTotalChange":-30},"edid":3,"comparativeIndex":0.0,"electionDayVotesPercent":0.0,"nominatorAbbr":{"fi":"KESK","sv":"C","en":"CENT"}},{"age":41,"advanceVotesPercent":0.8,"lastname":"Yrjälä","occupation":"maanviljelijä, yrittäjä","advanceVotes":5,"npid":4,"totalVotes":5,"spid":1,"abbr":"KESK","municipalCouncilor":false,"muid":503,"alid":4,"firstname":"Rami-Matti","electionDayVotes":0,"pid":"2","finalPosition":0,"electedInformation":"ON_SUBSTITUTE_PLACE","totalVotesPercent":0.8,"nominatorName":{"fi":"Suomen Keskusta","sv":"Centern i Finland","en":"Centre Party of Finland"},"caid":49,"position":0,"gender":"1","comparisonData":{"totalVotes":0,"votesTotalChange":5},"edid":3,"comparativeIndex":0.0,"electionDayVotesPercent":0.0,"nominatorAbbr":{"fi":"KESK","sv":"C","en":"CENT"}},{"age":43,"advanceVotesPercent":0.8,"lastname":"Rantapere","occupation":"diakoniatyöntekijä, yrittäjä","advanceVotes":5,"npid":5,"totalVotes":5,"spid":2,"abbr":"KOK","municipalCouncilor":false,"muid":503,"alid":5,"firstname":"Tanja","electionDayVotes":0,"pid":"4","finalPosition":0,"electedInformation":"NOT_ELECTED","totalVotesPercent":0.8,"nominatorName":{"fi":"Kansallinen Kokoomus","sv":"Samlingspartiet","en":"National Coalition Party"},"caid":65,"position":0,"gender":"2","comparisonData":{"totalVotes":8,"votesTotalChange":-3},"edid":3,"comparativeIndex":0.0,"electionDayVotesPercent":0.0,"nominatorAbbr":{"fi":"KOK","sv":"Saml","en":"NCP"}},{"age":18,"advanceVotesPercent":0.8,"lastname":"Raimoranta","occupation":"opiskelija","advanceVotes":5,"npid":5,"totalVotes":5,"spid":2,"abbr":"KOK","municipalCouncilor":false,"muid":503,"alid":5,"firstname":"Inka","electionDayVotes":0,"pid":"4","finalPosition":0,"electedInformation":"ON_SUBSTITUTE_PLACE","totalVotesPercent":0.8,"nominatorName":{"fi":"Kansallinen Kokoomus","sv":"Samlingspartiet","en":"National Coalition Party"},"caid":66,"position":0,"gender":"2","comparisonData":{"totalVotes":0,"votesTotalChange":5},"edid":3,"comparativeIndex":0.0,"electionDayVotesPercent":0.0,"nominatorAbbr":{"fi":"KOK","sv":"Saml","en":"NCP"}},{"age":29,"advanceVotesPercent":0.6,"lastname":"Kytömaa","occupation":"autonasentaja","advanceVotes":4,"npid":1,"totalVotes":4,"spid":6,"abbr":"VAS","municipalCouncilor":false,"muid":503,"alid":1,"firstname":"Jarmo","electionDayVotes":0,"pid":"15","finalPosition":0,"electedInformation":"ON_SUBSTITUTE_PLACE","totalVotesPercent":0.6,"nominatorName":{"fi":"Vasemmistoliitto","sv":"Vänsterförbundet","en":"The Left Alliance"},"caid":4,"position":0,"gender":"1","comparisonData":{"totalVotes":12,"votesTotalChange":-8},"edid":3,"comparativeIndex":0.0,"electionDayVotesPercent":0.0,"nominatorAbbr":{"fi":"VAS","sv":"VF","en":"LEFT"}},{"age":45,"advanceVotesPercent":0.6,"lastname":"Ylis-Junttila","occupation":"tuotepäällikkö","advanceVotes":4,"npid":3,"totalVotes":4,"spid":3,"abbr":"PS","municipalCouncilor":false,"muid":503,"alid":3,"firstname":"Markus","electionDayVotes":0,"pid":"23","finalPosition":0,"electedInformation":"ON_SUBSTITUTE_PLACE","totalVotesPercent":0.6,"nominatorName":{"fi":"Perussuomalaiset","sv":"Sannfinländarna","en":"The Finns Party"},"caid":24,"position":0,"gender":"1","comparisonData":{"totalVotes":49,"votesTotalChange":-45},"edid":3,"comparativeIndex":0.0,"electionDayVotesPercent":0.0,"nominatorAbbr":{"fi":"PS","sv":"Sannf","en":"FINNS"}},{"age":41,"advanceVotesPercent":0.6,"lastname":"Arvio","occupation":"maanviljelijä, metsäkoneenkuljettaja","advanceVotes":4,"npid":4,"totalVotes":4,"spid":1,"abbr":"KESK","municipalCouncilor":false,"muid":503,"alid":4,"firstname":"Henri","electionDayVotes":0,"pid":"2","finalPosition":0,"electedInformation":"ON_SUBSTITUTE_PLACE","totalVotesPercent":0.6,"nominatorName":{"fi":"Suomen Keskusta","sv":"Centern i Finland","en":"Centre Party of Finland"},"caid":25,"position":0,"gender":"1","comparisonData":{"totalVotes":35,"votesTotalChange":-31},"edid":3,"comparativeIndex":0.0,"electionDayVotesPercent":0.0,"nominatorAbbr":{"fi":"KESK","sv":"C","en":"CENT"}},{"age":35,"advanceVotesPercent":0.6,"lastname":"Jalkanen","occupation":"neurologian erikoislääkäri","advanceVotes":4,"npid":5,"totalVotes":4,"spid":2,"abbr":"KOK","municipalCouncilor":false,"muid":503,"alid":5,"firstname":"Anna","electionDayVotes":0,"pid":"4","finalPosition":0,"electedInformation":"ELECTED","totalVotesPercent":0.6,"nominatorName":{"fi":"Kansallinen Kokoomus","sv":"Samlingspartiet","en":"National Coalition Party"},"caid":52,"position":0,"gender":"2","comparisonData":{"totalVotes":0,"votesTotalChange":4},"edid":3,"comparativeIndex":0.0,"electionDayVotesPercent":0.0,"nominatorAbbr":{"fi":"KOK","sv":"Saml","en":"NCP"}},{"age":32,"advanceVotesPercent":0.6,"lastname":"Kitola","occupation":"FM, projektikoordinaattori","advanceVotes":4,"npid":5,"totalVotes":4,"spid":2,"abbr":"KOK","municipalCouncilor":false,"muid":503,"alid":5,"firstname":"Markus","electionDayVotes":0,"pid":"4","finalPosition":0,"electedInformation":"ON_SUBSTITUTE_PLACE","totalVotesPercent":0.6,"nominatorName":{"fi":"Kansallinen Kokoomus","sv":"Samlingspartiet","en":"National Coalition Party"},"caid":56,"position":0,"gender":"1","comparisonData":{"totalVotes":0,"votesTotalChange":4},"edid":3,"comparativeIndex":0.0,"electionDayVotesPercent":0.0,"nominatorAbbr":{"fi":"KOK","sv":"Saml","en":"NCP"}},{"age":56,"advanceVotesPercent":0.6,"lastname":"Lehtonen","occupation":"yrittäjä","advanceVotes":4,"npid":5,"totalVotes":4,"spid":2,"abbr":"KOK","municipalCouncilor":true,"muid":503,"alid":5,"firstname":"Esko","electionDayVotes":0,"pid":"4","finalPosition":0,"electedInformation":"ELECTED","totalVotesPercent":0.6,"nominatorName":{"fi":"Kansallinen Kokoomus","sv":"Samlingspartiet","en":"National Coalition Party"},"caid":57,"position":0,"gender":"1","comparisonData":{"totalVotes":47,"votesTotalChange":-43},"edid":3,"comparativeIndex":0.0,"electionDayVotesPercent":0.0,"nominatorAbbr":{"fi":"KOK","sv":"Saml","en":"NCP"}},{"age":48,"advanceVotesPercent":0.5,"lastname":"Suominen","occupation":"yrittäjä","advanceVotes":3,"npid":5,"totalVotes":3,"spid":2,"abbr":"KOK","municipalCouncilor":false,"muid":503,"alid":5,"firstname":"Jouko","electionDayVotes":0,"pid":"4","finalPosition":0,"electedInformation":"ON_SUBSTITUTE_PLACE","totalVotesPercent":0.5,"nominatorName":{"fi":"Kansallinen Kokoomus","sv":"Samlingspartiet","en":"National Coalition Party"},"caid":68,"position":0,"gender":"1","comparisonData":{"totalVotes":0,"votesTotalChange":3},"edid":3,"comparativeIndex":0.0,"electionDayVotesPercent":0.0,"nominatorAbbr":{"fi":"KOK","sv":"Saml","en":"NCP"}},{"age":60,"advanceVotesPercent":0.3,"lastname":"Keskinen","occupation":"valmistustyöntekijä","advanceVotes":2,"npid":1,"totalVotes":2,"spid":6,"abbr":"VAS","municipalCouncilor":false,"muid":503,"alid":1,"firstname":"Päivi","electionDayVotes":0,"pid":"15","finalPosition":0,"electedInformation":"ON_SUBSTITUTE_PLACE","totalVotesPercent":0.3,"nominatorName":{"fi":"Vasemmistoliitto","sv":"Vänsterförbundet","en":"The Left Alliance"},"caid":3,"position":0,"gender":"2","comparisonData":{"totalVotes":19,"votesTotalChange":-17},"edid":3,"comparativeIndex":0.0,"electionDayVotesPercent":0.0,"nominatorAbbr":{"fi":"VAS","sv":"VF","en":"LEFT"}},{"age":48,"advanceVotesPercent":0.3,"lastname":"Järvi","occupation":"lastentarhanopettaja, ympäristökasvattaja","advanceVotes":2,"npid":4,"totalVotes":2,"spid":1,"abbr":"KESK","municipalCouncilor":true,"muid":503,"alid":4,"firstname":"Kirsi","electionDayVotes":0,"pid":"2","finalPosition":0,"electedInformation":"ON_SUBSTITUTE_PLACE","totalVotesPercent":0.3,"nominatorName":{"fi":"Suomen Keskusta","sv":"Centern i Finland","en":"Centre Party of Finland"},"caid":31,"position":0,"gender":"2","comparisonData":{"totalVotes":41,"votesTotalChange":-39},"edid":3,"comparativeIndex":0.0,"electionDayVotesPercent":0.0,"nominatorAbbr":{"fi":"KESK","sv":"C","en":"CENT"}},{"age":58,"advanceVotesPercent":0.3,"lastname":"Ristimäki","occupation":"maanviljelijä","advanceVotes":2,"npid":4,"totalVotes":2,"spid":1,"abbr":"KESK","municipalCouncilor":false,"muid":503,"alid":4,"firstname":"Jukka","electionDayVotes":0,"pid":"2","finalPosition":0,"electedInformation":"ON_SUBSTITUTE_PLACE","totalVotesPercent":0.3,"nominatorName":{"fi":"Suomen Keskusta","sv":"Centern i Finland","en":"Centre Party of Finland"},"caid":43,"position":0,"gender":"1","comparisonData":{"totalVotes":37,"votesTotalChange":-35},"edid":3,"comparativeIndex":0.0,"electionDayVotesPercent":0.0,"nominatorAbbr":{"fi":"KESK","sv":"C","en":"CENT"}},{"age":50,"advanceVotesPercent":0.3,"lastname":"Verainen","occupation":"yrittäjä","advanceVotes":2,"npid":4,"totalVotes":2,"spid":1,"abbr":"KESK","municipalCouncilor":false,"muid":503,"alid":4,"firstname":"Anna-Leena","electionDayVotes":0,"pid":"2","finalPosition":0,"electedInformation":"ON_SUBSTITUTE_PLACE","totalVotesPercent":0.3,"nominatorName":{"fi":"Suomen Keskusta","sv":"Centern i Finland","en":"Centre Party of Finland"},"caid":46,"position":0,"gender":"2","comparisonData":{"totalVotes":16,"votesTotalChange":-14},"edid":3,"comparativeIndex":0.0,"electionDayVotesPercent":0.0,"nominatorAbbr":{"fi":"KESK","sv":"C","en":"CENT"}},{"age":27,"advanceVotesPercent":0.3,"lastname":"Verainen","occupation":"kirvesmies","advanceVotes":2,"npid":4,"totalVotes":2,"spid":1,"abbr":"KESK","municipalCouncilor":false,"muid":503,"alid":4,"firstname":"Ville","electionDayVotes":0,"pid":"2","finalPosition":0,"electedInformation":"ON_SUBSTITUTE_PLACE","totalVotesPercent":0.3,"nominatorName":{"fi":"Suomen Keskusta","sv":"Centern i Finland","en":"Centre Party of Finland"},"caid":47,"position":0,"gender":"1","comparisonData":{"totalVotes":0,"votesTotalChange":2},"edid":3,"comparativeIndex":0.0,"electionDayVotesPercent":0.0,"nominatorAbbr":{"fi":"KESK","sv":"C","en":"CENT"}},{"age":48,"advanceVotesPercent":0.3,"lastname":"Kapuinen","occupation":"maatalousyrittäjä, asentaja","advanceVotes":2,"npid":5,"totalVotes":2,"spid":2,"abbr":"KOK","municipalCouncilor":false,"muid":503,"alid":5,"firstname":"Markus","electionDayVotes":0,"pid":"4","finalPosition":0,"electedInformation":"NOT_ELECTED","totalVotesPercent":0.3,"nominatorName":{"fi":"Kansallinen Kokoomus","sv":"Samlingspartiet","en":"National Coalition Party"},"caid":53,"position":0,"gender":"1","comparisonData":{"totalVotes":0,"votesTotalChange":2},"edid":3,"comparativeIndex":0.0,"electionDayVotesPercent":0.0,"nominatorAbbr":{"fi":"KOK","sv":"Saml","en":"NCP"}},{"age":32,"advanceVotesPercent":0.3,"lastname":"Mäkisalo","occupation":"lakimies","advanceVotes":2,"npid":5,"totalVotes":2,"spid":2,"abbr":"KOK","municipalCouncilor":false,"muid":503,"alid":5,"firstname":"Anne","electionDayVotes":0,"pid":"4","finalPosition":0,"electedInformation":"NOT_ELECTED","totalVotesPercent":0.3,"nominatorName":{"fi":"Kansallinen Kokoomus","sv":"Samlingspartiet","en":"National Coalition Party"},"caid":60,"position":0,"gender":"2","comparisonData":{"totalVotes":0,"votesTotalChange":2},"edid":3,"comparativeIndex":0.0,"electionDayVotesPercent":0.0,"nominatorAbbr":{"fi":"KOK","sv":"Saml","en":"NCP"}},{"age":45,"advanceVotesPercent":0.3,"lastname":"Ojala","occupation":"yrittäjä","advanceVotes":2,"npid":5,"totalVotes":2,"spid":2,"abbr":"KOK","municipalCouncilor":false,"muid":503,"alid":5,"firstname":"Miikka","electionDayVotes":0,"pid":"4","finalPosition":0,"electedInformation":"NOT_ELECTED","totalVotesPercent":0.3,"nominatorName":{"fi":"Kansallinen Kokoomus","sv":"Samlingspartiet","en":"National Coalition Party"},"caid":63,"position":0,"gender":"1","comparisonData":{"totalVotes":16,"votesTotalChange":-14},"edid":3,"comparativeIndex":0.0,"electionDayVotesPercent":0.0,"nominatorAbbr":{"fi":"KOK","sv":"Saml","en":"NCP"}},{"age":56,"advanceVotesPercent":0.2,"lastname":"Kantonen","occupation":"upseeri evp","advanceVotes":1,"npid":3,"totalVotes":1,"spid":3,"abbr":"PS","municipalCouncilor":true,"muid":503,"alid":3,"firstname":"Jorma","electionDayVotes":0,"pid":"23","finalPosition":0,"electedInformation":"ON_SUBSTITUTE_PLACE","totalVotesPercent":0.2,"nominatorName":{"fi":"Perussuomalaiset","sv":"Sannfinländarna","en":"The Finns Party"},"caid":22,"position":0,"gender":"1","comparisonData":{"totalVotes":58,"votesTotalChange":-57},"edid":3,"comparativeIndex":0.0,"electionDayVotesPercent":0.0,"nominatorAbbr":{"fi":"PS","sv":"Sannf","en":"FINNS"}},{"age":57,"advanceVotesPercent":0.2,"lastname":"Kankare","occupation":"tekninen johtaja","advanceVotes":1,"npid":4,"totalVotes":1,"spid":1,"abbr":"KESK","municipalCouncilor":false,"muid":503,"alid":4,"firstname":"Risto","electionDayVotes":0,"pid":"2","finalPosition":0,"electedInformation":"ON_SUBSTITUTE_PLACE","totalVotesPercent":0.2,"nominatorName":{"fi":"Suomen Keskusta","sv":"Centern i Finland","en":"Centre Party of Finland"},"caid":32,"position":0,"gender":"1","comparisonData":{"totalVotes":0,"votesTotalChange":1},"edid":3,"comparativeIndex":0.0,"electionDayVotesPercent":0.0,"nominatorAbbr":{"fi":"KESK","sv":"C","en":"CENT"}},{"age":34,"advanceVotesPercent":0.2,"lastname":"Lassila","occupation":"yhdistelmäajoneuvonkuljettaja","advanceVotes":1,"npid":4,"totalVotes":1,"spid":1,"abbr":"KESK","municipalCouncilor":false,"muid":503,"alid":4,"firstname":"Perttu","electionDayVotes":0,"pid":"2","finalPosition":0,"electedInformation":"ON_SUBSTITUTE_PLACE","totalVotesPercent":0.2,"nominatorName":{"fi":"Suomen Keskusta","sv":"Centern i Finland","en":"Centre Party of Finland"},"caid":38,"position":0,"gender":"1","comparisonData":{"totalVotes":8,"votesTotalChange":-7},"edid":3,"comparativeIndex":0.0,"electionDayVotesPercent":0.0,"nominatorAbbr":{"fi":"KESK","sv":"C","en":"CENT"}},{"age":47,"advanceVotesPercent":0.2,"lastname":"Honkala","occupation":"aluepäällikkö","advanceVotes":1,"npid":5,"totalVotes":1,"spid":2,"abbr":"KOK","municipalCouncilor":false,"muid":503,"alid":5,"firstname":"Sami","electionDayVotes":0,"pid":"4","finalPosition":0,"electedInformation":"ON_SUBSTITUTE_PLACE","totalVotesPercent":0.2,"nominatorName":{"fi":"Kansallinen Kokoomus","sv":"Samlingspartiet","en":"National Coalition Party"},"caid":50,"position":0,"gender":"1","comparisonData":{"totalVotes":24,"votesTotalChange":-23},"edid":3,"comparativeIndex":0.0,"electionDayVotesPercent":0.0,"nominatorAbbr":{"fi":"KOK","sv":"Saml","en":"NCP"}},{"age":42,"advanceVotesPercent":0.2,"lastname":"Meriläinen","occupation":"valmentaja","advanceVotes":1,"npid":5,"totalVotes":1,"spid":2,"abbr":"KOK","municipalCouncilor":false,"muid":503,"alid":5,"firstname":"Jani","electionDayVotes":0,"pid":"4","finalPosition":0,"electedInformation":"NOT_ELECTED","totalVotesPercent":0.2,"nominatorName":{"fi":"Kansallinen Kokoomus","sv":"Samlingspartiet","en":"National Coalition Party"},"caid":59,"position":0,"gender":"1","comparisonData":{"totalVotes":0,"votesTotalChange":1},"edid":3,"comparativeIndex":0.0,"electionDayVotesPercent":0.0,"nominatorAbbr":{"fi":"KOK","sv":"Saml","en":"NCP"}},{"age":45,"advanceVotesPercent":0.2,"lastname":"Nuutamo","occupation":"site manager","advanceVotes":1,"npid":5,"totalVotes":1,"spid":2,"abbr":"KOK","municipalCouncilor":false,"muid":503,"alid":5,"firstname":"Antti","electionDayVotes":0,"pid":"4","finalPosition":0,"electedInformation":"NOT_ELECTED","totalVotesPercent":0.2,"nominatorName":{"fi":"Kansallinen Kokoomus","sv":"Samlingspartiet","en":"National Coalition Party"},"caid":61,"position":0,"gender":"1","comparisonData":{"totalVotes":24,"votesTotalChange":-23},"edid":3,"comparativeIndex":0.0,"electionDayVotesPercent":0.0,"nominatorAbbr":{"fi":"KOK","sv":"Saml","en":"NCP"}},{"age":61,"advanceVotesPercent":0.2,"lastname":"Pulli","occupation":"projektipäällikkö, yhteyspäällikkö","advanceVotes":1,"npid":5,"totalVotes":1,"spid":2,"abbr":"KOK","municipalCouncilor":false,"muid":503,"alid":5,"firstname":"Pertti","electionDayVotes":0,"pid":"4","finalPosition":0,"electedInformation":"NOT_ELECTED","totalVotesPercent":0.2,"nominatorName":{"fi":"Kansallinen Kokoomus","sv":"Samlingspartiet","en":"National Coalition Party"},"caid":62,"position":0,"gender":"1","comparisonData":{"totalVotes":0,"votesTotalChange":1},"edid":3,"comparativeIndex":0.0,"electionDayVotesPercent":0.0,"nominatorAbbr":{"fi":"KOK","sv":"Saml","en":"NCP"}},{"age":38,"advanceVotesPercent":0.2,"lastname":"Olli","occupation":"maatalousyrittäjä","advanceVotes":1,"npid":5,"totalVotes":1,"spid":2,"abbr":"KOK","municipalCouncilor":false,"muid":503,"alid":5,"firstname":"Riku","electionDayVotes":0,"pid":"4","finalPosition":0,"electedInformation":"NOT_ELECTED","totalVotesPercent":0.2,"nominatorName":{"fi":"Kansallinen Kokoomus","sv":"Samlingspartiet","en":"National Coalition Party"},"caid":64,"position":0,"gender":"1","comparisonData":{"totalVotes":32,"votesTotalChange":-31},"edid":3,"comparativeIndex":0.0,"electionDayVotesPercent":0.0,"nominatorAbbr":{"fi":"KOK","sv":"Saml","en":"NCP"}},{"age":41,"advanceVotesPercent":0.0,"lastname":"Ahokas","occupation":"laitoshuoltaja","advanceVotes":0,"npid":2,"totalVotes":0,"spid":4,"abbr":"SDP","municipalCouncilor":false,"muid":503,"alid":2,"firstname":"Outi","electionDayVotes":0,"pid":"1","finalPosition":0,"electedInformation":"ON_SUBSTITUTE_PLACE","totalVotesPercent":0.0,"nominatorName":{"fi":"Suomen Sosialidemokraattinen Puolue","sv":"Finlands Socialdemokratiska Parti","en":"The Finnish Social Democratic Party"},"caid":11,"position":0,"gender":"2","comparisonData":{"totalVotes":0,"votesTotalChange":0},"edid":3,"comparativeIndex":0.0,"electionDayVotesPercent":0.0,"nominatorAbbr":{"fi":"SDP","sv":"SDP","en":"SDP"}},{"age":58,"advanceVotesPercent":0.0,"lastname":"Lainio","occupation":"laitoshuoltaja","advanceVotes":0,"npid":4,"totalVotes":0,"spid":1,"abbr":"KESK","municipalCouncilor":false,"muid":503,"alid":4,"firstname":"Sirpa","electionDayVotes":0,"pid":"2","finalPosition":0,"electedInformation":"ON_SUBSTITUTE_PLACE","totalVotesPercent":0.0,"nominatorName":{"fi":"Suomen Keskusta","sv":"Centern i Finland","en":"Centre Party of Finland"},"caid":36,"position":0,"gender":"2","comparisonData":{"totalVotes":17,"votesTotalChange":-17},"edid":3,"comparativeIndex":0.0,"electionDayVotesPercent":0.0,"nominatorAbbr":{"fi":"KESK","sv":"C","en":"CENT"}},{"age":43,"advanceVotesPercent":0.0,"lastname":"Kaskinen","occupation":"sairaanhoitaja, yrittäjä","advanceVotes":0,"npid":5,"totalVotes":0,"spid":2,"abbr":"KOK","municipalCouncilor":false,"muid":503,"alid":5,"firstname":"Inga","electionDayVotes":0,"pid":"4","finalPosition":0,"electedInformation":"NOT_ELECTED","totalVotesPercent":0.0,"nominatorName":{"fi":"Kansallinen Kokoomus","sv":"Samlingspartiet","en":"National Coalition Party"},"caid":55,"position":0,"gender":"2","comparisonData":{"totalVotes":0,"votesTotalChange":0},"edid":3,"comparativeIndex":0.0,"electionDayVotesPercent":0.0,"nominatorAbbr":{"fi":"KOK","sv":"Saml","en":"NCP"}},{"age":35,"advanceVotesPercent":0.0,"lastname":"Valtanen","occupation":"tradenomi","advanceVotes":0,"npid":5,"totalVotes":0,"spid":2,"abbr":"KOK","municipalCouncilor":false,"muid":503,"alid":5,"firstname":"Jenni","electionDayVotes":0,"pid":"4","finalPosition":0,"electedInformation":"NOT_ELECTED","totalVotesPercent":0.0,"nominatorName":{"fi":"Kansallinen Kokoomus","sv":"Samlingspartiet","en":"National Coalition Party"},"caid":70,"position":0,"gender":"2","comparisonData":{"totalVotes":18,"votesTotalChange":-18},"edid":3,"comparativeIndex":0.0,"electionDayVotesPercent":0.0,"nominatorAbbr":{"fi":"KOK","sv":"Saml","en":"NCP"}}],"municipalityPollingDistricts":[{"name":{"fi":"Mynämäen pohjoinen","sv":"Mynämäen pohjoinen"},"calculationStatusPercent":48.2,"joinedArea":false,"muid":503,"totalVotingInFinlandTurnout":52.9,"identification":"001","pdid":"001","eligibleVotersInFinlandTotal":2616,"edid":3,"mergedToPdid":""},{"name":{"fi":"Mynämäen eteläinen","sv":"Mynämäen eteläinen"},"calculationStatusPercent":41.1,"joinedArea":false,"muid":503,"totalVotingInFinlandTurnout":61.6,"identification":"002","pdid":"002","eligibleVotersInFinlandTotal":1900,"edid":3,"mergedToPdid":""},{"name":{"fi":"Karjala","sv":"Karjala"},"calculationStatusPercent":33.9,"joinedArea":false,"muid":503,"totalVotingInFinlandTurnout":64.1,"identification":"003","pdid":"003","eligibleVotersInFinlandTotal":501,"edid":3,"mergedToPdid":""},{"name":{"fi":"Mietoinen","sv":"Mietoinen"},"calculationStatusPercent":44.0,"joinedArea":false,"muid":503,"totalVotingInFinlandTurnout":63.5,"identification":"004","pdid":"004","eligibleVotersInFinlandTotal":1304,"edid":3,"mergedToPdid":""}],"municipality":{"muid":503,"edid":3,"name":{"fi":"Mynämäki","sv":"Mynämäki"}}}