{"version":70,"created":"2017-04-09T22:37:50.508Z","electionDetails":{"electionId":"kv2017","electionDate":"2017-04-09T00:00:00.000Z","electionDataPublishTime":"2017-04-09T17:00:00.000Z","name":{"fi":"Kuntavaalit 2017","sv":"Kommunalval 2017","en":"Elections 2017"},"previousElections":{"correspondingCompareElection":{"electionId":"kv2012","electionDate":"2012-10-28T00:00:00.000Z","name":{"fi":"Kuntavaalit 2012","en":"Municipal elections 2012","sv":"Kommunalval 2012"}},"otherCompareElection":{"electionId":"ev2015","electionDate":"2015-04-19T00:00:00.000Z","name":{"fi":"Eduskuntavaalit 2015","en":"Parliamentary election 2015","sv":"Riksdagsval 2015"}}}},"calculationStatus":{"electionDayVotingTurnout":43.7,"invalidAdvanceVotes":0,"calculationPhase":"INITIAL","invalidElectionDayVotes":0,"approvedAdvanceVotes":54,"advanceVotingTurnout":27.4,"totalVotingTurnoutAbroad":0.0,"name":{"fi":"Alvajärvi","sv":"Alvajärvi"},"calculationStatusPercent":100.0,"advanceVotes":54,"electionDayVotingTurnoutAbroad":0.0,"approvedTotalVotes":140,"totalVotes":140,"muid":601,"totalVotingInFinlandTurnout":71.1,"advanceVotingTurnoutAbroad":0.0,"invalidTotalVotes":0,"totalVotingTurnout":71.1,"electionDayVotes":86,"electionDayVotesInFinland":86,"pdid":"001","totalVotesInFinlandMen":0,"eligibleVotersInFinlandTotal":197,"calculationStatusPercentElectionDayVotes":100.0,"sourceRecordModificationTime":"20170409204741","otherCompareElection":{"eid":"","eligibleVotersInFinlandTotal":0,"advanceVotingInFinlandTurnout":0.0,"electionDayVotingInFinlandTurnout":0.0,"totalVotingInFinlandTurnout":0.0,"approvedVotesTotal":0,"invalidVotesTotal":0},"correspondingCompareElection":{"eid":"","eligibleVotersInFinlandTotal":0,"advanceVotingInFinlandTurnout":0.0,"electionDayVotingInFinlandTurnout":0.0,"totalVotingInFinlandTurnout":0.0,"approvedVotesTotal":0,"invalidVotesTotal":0,"seats":0},"approvedElectionDayVotes":86,"edid":11,"calculationStatusPercentAdvanceVotes":100.0,"electionDayVotingInFinlandTurnout":43.7,"seats":0,"eligibleVotersTotal":197,"advanceVotesInFinland":54,"advanceVotingInFinlandTurnout":27.4,"totalVotesInFinland":140},"partyResults":[{"advanceVotesPercent":61.1,"name":{"fi":"Suomen Keskusta","sv":"Centern i Finland","en":"Centre Party of Finland"},"advanceVotes":33,"npid":5,"totalVotes":98,"spid":1,"abbr":{"fi":"KESK","sv":"C","en":"CENT"},"alid":5,"electionDayVotes":65,"pid":"2","totalVotesPercent":70.0,"nominatorName":{"fi":"Suomen Keskusta","sv":"Centern i Finland","en":"Centre Party of Finland"},"compareData":{"otherCompareElection":{"votesTotalChange":0,"votesTotalPercentChange":0.0,"votesTotal":98,"votesTotalPercent":70.0},"correspondingCompareElection":{"votesTotalChange":0,"votesTotalPercentChange":0.0,"seatChange":0,"votesTotal":98,"votesTotalPercent":70.0,"seatsTotal":0}},"seats":0,"electionDayVotesPercent":75.6,"nominatorAbbr":{"fi":"KESK","sv":"C","en":"CENT"}},{"advanceVotesPercent":16.7,"name":{"fi":"Muut ryhmät","sv":"Övriga grupper","en":"Other groups"},"advanceVotes":9,"npid":6,"totalVotes":17,"spid":99,"abbr":{"fi":"Muut","sv":"Övriga","en":"Others"},"alid":6,"electionDayVotes":8,"pid":"6016","totalVotesPercent":12.1,"nominatorName":{"fi":"Pihtiputaan Parhaaksi yhteislista","sv":"Pihtiputaan Parhaaksi yhteislista","en":"Pihtiputaan Parhaaksi yhteislista"},"compareData":{"otherCompareElection":{"votesTotalChange":0,"votesTotalPercentChange":0.0,"votesTotal":17,"votesTotalPercent":12.1},"correspondingCompareElection":{"votesTotalChange":0,"votesTotalPercentChange":0.0,"seatChange":0,"votesTotal":17,"votesTotalPercent":12.1,"seatsTotal":0}},"seats":0,"electionDayVotesPercent":9.3,"nominatorAbbr":{"fi":"YL1","sv":"YL1","en":"YL1"}},{"advanceVotesPercent":7.4,"name":{"fi":"Suomen Sosialidemokraattinen Puolue","sv":"Finlands Socialdemokratiska Parti","en":"The Finnish Social Democratic Party"},"advanceVotes":4,"npid":4,"totalVotes":12,"spid":4,"abbr":{"fi":"SDP","sv":"SDP","en":"SDP"},"alid":4,"electionDayVotes":8,"pid":"1","totalVotesPercent":8.6,"nominatorName":{"fi":"Suomen Sosialidemokraattinen Puolue","sv":"Finlands Socialdemokratiska Parti","en":"The Finnish Social Democratic Party"},"compareData":{"otherCompareElection":{"votesTotalChange":0,"votesTotalPercentChange":0.0,"votesTotal":12,"votesTotalPercent":8.6},"correspondingCompareElection":{"votesTotalChange":0,"votesTotalPercentChange":0.0,"seatChange":0,"votesTotal":12,"votesTotalPercent":8.6,"seatsTotal":0}},"seats":0,"electionDayVotesPercent":9.3,"nominatorAbbr":{"fi":"SDP","sv":"SDP","en":"SDP"}},{"advanceVotesPercent":5.6,"name":{"fi":"Perussuomalaiset","sv":"Sannfinländarna","en":"The Finns Party"},"advanceVotes":3,"npid":2,"totalVotes":6,"spid":3,"abbr":{"fi":"PS","sv":"Sannf","en":"FINNS"},"alid":2,"electionDayVotes":3,"pid":"23","totalVotesPercent":4.3,"nominatorName":{"fi":"Perussuomalaiset","sv":"Sannfinländarna","en":"The Finns Party"},"compareData":{"otherCompareElection":{"votesTotalChange":0,"votesTotalPercentChange":0.0,"votesTotal":6,"votesTotalPercent":4.3},"correspondingCompareElection":{"votesTotalChange":0,"votesTotalPercentChange":0.0,"seatChange":0,"votesTotal":6,"votesTotalPercent":4.3,"seatsTotal":0}},"seats":0,"electionDayVotesPercent":3.5,"nominatorAbbr":{"fi":"PS","sv":"Sannf","en":"FINNS"}},{"advanceVotesPercent":5.6,"name":{"fi":"Kansallinen Kokoomus","sv":"Samlingspartiet","en":"National Coalition Party"},"advanceVotes":3,"npid":1,"totalVotes":5,"spid":2,"abbr":{"fi":"KOK","sv":"Saml","en":"NCP"},"alid":1,"electionDayVotes":2,"pid":"4","totalVotesPercent":3.6,"nominatorName":{"fi":"Kansallinen Kokoomus","sv":"Samlingspartiet","en":"National Coalition Party"},"compareData":{"otherCompareElection":{"votesTotalChange":0,"votesTotalPercentChange":0.0,"votesTotal":5,"votesTotalPercent":3.6},"correspondingCompareElection":{"votesTotalChange":0,"votesTotalPercentChange":0.0,"seatChange":0,"votesTotal":5,"votesTotalPercent":3.6,"seatsTotal":0}},"seats":0,"electionDayVotesPercent":2.3,"nominatorAbbr":{"fi":"KOK","sv":"Saml","en":"NCP"}},{"advanceVotesPercent":3.7,"name":{"fi":"Vasemmistoliitto","sv":"Vänsterförbundet","en":"The Left Alliance"},"advanceVotes":2,"npid":3,"totalVotes":2,"spid":6,"abbr":{"fi":"VAS","sv":"VF","en":"LEFT"},"alid":3,"electionDayVotes":0,"pid":"15","totalVotesPercent":1.4,"nominatorName":{"fi":"Vasemmistoliitto","sv":"Vänsterförbundet","en":"The Left Alliance"},"compareData":{"otherCompareElection":{"votesTotalChange":0,"votesTotalPercentChange":0.0,"votesTotal":2,"votesTotalPercent":1.4},"correspondingCompareElection":{"votesTotalChange":0,"votesTotalPercentChange":0.0,"seatChange":0,"votesTotal":2,"votesTotalPercent":1.4,"seatsTotal":0}},"seats":0,"electionDayVotesPercent":0.0,"nominatorAbbr":{"fi":"VAS","sv":"VF","en":"LEFT"}},{"advanceVotesPercent":0.0,"name":{"fi":"Muut ryhmät","sv":"Övriga grupper","en":"Other groups"},"advanceVotes":0,"npid":7,"totalVotes":0,"spid":99,"abbr":{"fi":"Muut","sv":"Övriga","en":"Others"},"alid":7,"electionDayVotes":0,"pid":"6017","totalVotesPercent":0.0,"nominatorName":{"fi":"Mauno Sevon","sv":"Mauno Sevon","en":"Mauno Sevon"},"compareData":{"otherCompareElection":{"votesTotalChange":0,"votesTotalPercentChange":0.0,"votesTotal":0,"votesTotalPercent":0.0},"correspondingCompareElection":{"votesTotalChange":0,"votesTotalPercentChange":0.0,"seatChange":0,"votesTotal":0,"votesTotalPercent":0.0,"seatsTotal":0}},"seats":0,"electionDayVotesPercent":0.0,"nominatorAbbr":{"fi":"E81","sv":"E81","en":"E81"}}],"candidateResults":[{"age":59,"advanceVotesPercent":5.6,"lastname":"Närhi","occupation":"talousvastaava","advanceVotes":3,"npid":5,"totalVotes":31,"spid":1,"abbr":"KESK","municipalCouncilor":true,"muid":601,"alid":5,"firstname":"Sirpa","electionDayVotes":28,"pid":"2","finalPosition":0,"electedInformation":"ELECTED","totalVotesPercent":22.1,"nominatorName":{"fi":"Suomen Keskusta","sv":"Centern i Finland","en":"Centre Party of Finland"},"caid":61,"position":0,"gender":"2","comparisonData":{"totalVotes":61,"votesTotalChange":-30},"edid":11,"comparativeIndex":0.0,"electionDayVotesPercent":32.6,"nominatorAbbr":{"fi":"KESK","sv":"C","en":"CENT"}},{"age":43,"advanceVotesPercent":25.9,"lastname":"Ylälehto","occupation":"yrittäjä","advanceVotes":14,"npid":5,"totalVotes":25,"spid":1,"abbr":"KESK","municipalCouncilor":true,"muid":601,"alid":5,"firstname":"Jani","electionDayVotes":11,"pid":"2","finalPosition":0,"electedInformation":"ELECTED","totalVotesPercent":17.9,"nominatorName":{"fi":"Suomen Keskusta","sv":"Centern i Finland","en":"Centre Party of Finland"},"caid":67,"position":0,"gender":"1","comparisonData":{"totalVotes":87,"votesTotalChange":-62},"edid":11,"comparativeIndex":0.0,"electionDayVotesPercent":12.8,"nominatorAbbr":{"fi":"KESK","sv":"C","en":"CENT"}},{"age":61,"advanceVotesPercent":18.5,"lastname":"Pärnänen","occupation":"maanviljelijä","advanceVotes":10,"npid":5,"totalVotes":22,"spid":1,"abbr":"KESK","municipalCouncilor":true,"muid":601,"alid":5,"firstname":"Raimo","electionDayVotes":12,"pid":"2","finalPosition":0,"electedInformation":"ELECTED","totalVotesPercent":15.7,"nominatorName":{"fi":"Suomen Keskusta","sv":"Centern i Finland","en":"Centre Party of Finland"},"caid":64,"position":0,"gender":"1","comparisonData":{"totalVotes":48,"votesTotalChange":-26},"edid":11,"comparativeIndex":0.0,"electionDayVotesPercent":14.0,"nominatorAbbr":{"fi":"KESK","sv":"C","en":"CENT"}},{"age":39,"advanceVotesPercent":7.4,"lastname":"Skantz","occupation":"yrittäjä","advanceVotes":4,"npid":6,"totalVotes":10,"spid":99,"abbr":"Muut","municipalCouncilor":false,"muid":601,"alid":6,"firstname":"Tuomas","electionDayVotes":6,"pid":"6016","finalPosition":0,"electedInformation":"ELECTED","totalVotesPercent":7.1,"nominatorName":{"fi":"Pihtiputaan Parhaaksi yhteislista","sv":"Pihtiputaan Parhaaksi yhteislista","en":"Pihtiputaan Parhaaksi yhteislista"},"caid":78,"position":0,"gender":"1","comparisonData":{"totalVotes":0,"votesTotalChange":10},"edid":11,"comparativeIndex":0.0,"electionDayVotesPercent":7.0,"nominatorAbbr":{"fi":"YL1","sv":"YL1","en":"YL1"}},{"age":58,"advanceVotesPercent":0.0,"lastname":"Toikkanen","occupation":"eläkeläinen","advanceVotes":0,"npid":5,"totalVotes":5,"spid":1,"abbr":"KESK","municipalCouncilor":false,"muid":601,"alid":5,"firstname":"Irma","electionDayVotes":5,"pid":"2","finalPosition":0,"electedInformation":"ON_SUBSTITUTE_PLACE","totalVotesPercent":3.6,"nominatorName":{"fi":"Suomen Keskusta","sv":"Centern i Finland","en":"Centre Party of Finland"},"caid":66,"position":0,"gender":"2","comparisonData":{"totalVotes":7,"votesTotalChange":-2},"edid":11,"comparativeIndex":0.0,"electionDayVotesPercent":5.8,"nominatorAbbr":{"fi":"KESK","sv":"C","en":"CENT"}},{"age":27,"advanceVotesPercent":3.7,"lastname":"Lahtinen","occupation":"yrittäjä","advanceVotes":2,"npid":1,"totalVotes":4,"spid":2,"abbr":"KOK","municipalCouncilor":true,"muid":601,"alid":1,"firstname":"Juuso","electionDayVotes":2,"pid":"4","finalPosition":0,"electedInformation":"ELECTED","totalVotesPercent":2.9,"nominatorName":{"fi":"Kansallinen Kokoomus","sv":"Samlingspartiet","en":"National Coalition Party"},"caid":4,"position":0,"gender":"1","comparisonData":{"totalVotes":48,"votesTotalChange":-44},"edid":11,"comparativeIndex":0.0,"electionDayVotesPercent":2.3,"nominatorAbbr":{"fi":"KOK","sv":"Saml","en":"NCP"}},{"age":43,"advanceVotesPercent":1.9,"lastname":"Tiainen","occupation":"koneistaja, järjestyksenvalvoja","advanceVotes":1,"npid":2,"totalVotes":4,"spid":3,"abbr":"PS","municipalCouncilor":true,"muid":601,"alid":2,"firstname":"Marko","electionDayVotes":3,"pid":"23","finalPosition":0,"electedInformation":"ELECTED","totalVotesPercent":2.9,"nominatorName":{"fi":"Perussuomalaiset","sv":"Sannfinländarna","en":"The Finns Party"},"caid":23,"position":0,"gender":"1","comparisonData":{"totalVotes":44,"votesTotalChange":-40},"edid":11,"comparativeIndex":0.0,"electionDayVotesPercent":3.5,"nominatorAbbr":{"fi":"PS","sv":"Sannf","en":"FINNS"}},{"age":61,"advanceVotesPercent":0.0,"lastname":"Räisänen","occupation":"rehtori","advanceVotes":0,"npid":4,"totalVotes":4,"spid":4,"abbr":"SDP","municipalCouncilor":false,"muid":601,"alid":4,"firstname":"Pentti","electionDayVotes":4,"pid":"1","finalPosition":0,"electedInformation":"ELECTED","totalVotesPercent":2.9,"nominatorName":{"fi":"Suomen Sosialidemokraattinen Puolue","sv":"Finlands Socialdemokratiska Parti","en":"The Finnish Social Democratic Party"},"caid":43,"position":0,"gender":"1","comparisonData":{"totalVotes":0,"votesTotalChange":4},"edid":11,"comparativeIndex":0.0,"electionDayVotesPercent":4.7,"nominatorAbbr":{"fi":"SDP","sv":"SDP","en":"SDP"}},{"age":38,"advanceVotesPercent":0.0,"lastname":"Jämsén","occupation":"maatalousyrittäjä","advanceVotes":0,"npid":5,"totalVotes":4,"spid":1,"abbr":"KESK","municipalCouncilor":true,"muid":601,"alid":5,"firstname":"Teppo","electionDayVotes":4,"pid":"2","finalPosition":0,"electedInformation":"ELECTED","totalVotesPercent":2.9,"nominatorName":{"fi":"Suomen Keskusta","sv":"Centern i Finland","en":"Centre Party of Finland"},"caid":52,"position":0,"gender":"1","comparisonData":{"totalVotes":103,"votesTotalChange":-99},"edid":11,"comparativeIndex":0.0,"electionDayVotesPercent":4.7,"nominatorAbbr":{"fi":"KESK","sv":"C","en":"CENT"}},{"age":56,"advanceVotesPercent":5.6,"lastname":"Soisalo","occupation":"nuohooja, yrittäjä","advanceVotes":3,"npid":6,"totalVotes":3,"spid":99,"abbr":"Muut","municipalCouncilor":false,"muid":601,"alid":6,"firstname":"Tuomo","electionDayVotes":0,"pid":"6016","finalPosition":0,"electedInformation":"ON_SUBSTITUTE_PLACE","totalVotesPercent":2.1,"nominatorName":{"fi":"Pihtiputaan Parhaaksi yhteislista","sv":"Pihtiputaan Parhaaksi yhteislista","en":"Pihtiputaan Parhaaksi yhteislista"},"caid":69,"position":0,"gender":"1","comparisonData":{"totalVotes":0,"votesTotalChange":3},"edid":11,"comparativeIndex":0.0,"electionDayVotesPercent":0.0,"nominatorAbbr":{"fi":"YL1","sv":"YL1","en":"YL1"}},{"age":35,"advanceVotesPercent":3.7,"lastname":"Marttinen","occupation":"sairaanhoitaja","advanceVotes":2,"npid":3,"totalVotes":2,"spid":6,"abbr":"VAS","municipalCouncilor":true,"muid":601,"alid":3,"firstname":"Heli","electionDayVotes":0,"pid":"15","finalPosition":0,"electedInformation":"ON_SUBSTITUTE_PLACE","totalVotesPercent":1.4,"nominatorName":{"fi":"Vasemmistoliitto","sv":"Vänsterförbundet","en":"The Left Alliance"},"caid":29,"position":0,"gender":"2","comparisonData":{"totalVotes":20,"votesTotalChange":-18},"edid":11,"comparativeIndex":0.0,"electionDayVotesPercent":0.0,"nominatorAbbr":{"fi":"VAS","sv":"VF","en":"LEFT"}},{"age":70,"advanceVotesPercent":1.9,"lastname":"Jämsén","occupation":"eläkeläinen","advanceVotes":1,"npid":4,"totalVotes":2,"spid":4,"abbr":"SDP","municipalCouncilor":true,"muid":601,"alid":4,"firstname":"Reijo","electionDayVotes":1,"pid":"1","finalPosition":0,"electedInformation":"ELECTED","totalVotesPercent":1.4,"nominatorName":{"fi":"Suomen Sosialidemokraattinen Puolue","sv":"Finlands Socialdemokratiska Parti","en":"The Finnish Social Democratic Party"},"caid":33,"position":0,"gender":"1","comparisonData":{"totalVotes":57,"votesTotalChange":-55},"edid":11,"comparativeIndex":0.0,"electionDayVotesPercent":1.2,"nominatorAbbr":{"fi":"SDP","sv":"SDP","en":"SDP"}},{"age":62,"advanceVotesPercent":3.7,"lastname":"Parkkonen","occupation":"yrittäjä","advanceVotes":2,"npid":4,"totalVotes":2,"spid":4,"abbr":"SDP","municipalCouncilor":true,"muid":601,"alid":4,"firstname":"Kari","electionDayVotes":0,"pid":"1","finalPosition":0,"electedInformation":"ELECTED","totalVotesPercent":1.4,"nominatorName":{"fi":"Suomen Sosialidemokraattinen Puolue","sv":"Finlands Socialdemokratiska Parti","en":"The Finnish Social Democratic Party"},"caid":42,"position":0,"gender":"1","comparisonData":{"totalVotes":59,"votesTotalChange":-57},"edid":11,"comparativeIndex":0.0,"electionDayVotesPercent":0.0,"nominatorAbbr":{"fi":"SDP","sv":"SDP","en":"SDP"}},{"age":69,"advanceVotesPercent":3.7,"lastname":"Kananen","occupation":"eläkeläinen, yrittäjä","advanceVotes":2,"npid":5,"totalVotes":2,"spid":1,"abbr":"KESK","municipalCouncilor":true,"muid":601,"alid":5,"firstname":"Erkki","electionDayVotes":0,"pid":"2","finalPosition":0,"electedInformation":"ELECTED","totalVotesPercent":1.4,"nominatorName":{"fi":"Suomen Keskusta","sv":"Centern i Finland","en":"Centre Party of Finland"},"caid":53,"position":0,"gender":"1","comparisonData":{"totalVotes":62,"votesTotalChange":-60},"edid":11,"comparativeIndex":0.0,"electionDayVotesPercent":0.0,"nominatorAbbr":{"fi":"KESK","sv":"C","en":"CENT"}},{"age":52,"advanceVotesPercent":1.9,"lastname":"Kangasluoma","occupation":"marketpäällikkö","advanceVotes":1,"npid":5,"totalVotes":2,"spid":1,"abbr":"KESK","municipalCouncilor":false,"muid":601,"alid":5,"firstname":"Taina","electionDayVotes":1,"pid":"2","finalPosition":0,"electedInformation":"ELECTED","totalVotesPercent":1.4,"nominatorName":{"fi":"Suomen Keskusta","sv":"Centern i Finland","en":"Centre Party of Finland"},"caid":55,"position":0,"gender":"2","comparisonData":{"totalVotes":0,"votesTotalChange":2},"edid":11,"comparativeIndex":0.0,"electionDayVotesPercent":1.2,"nominatorAbbr":{"fi":"KESK","sv":"C","en":"CENT"}},{"age":62,"advanceVotesPercent":0.0,"lastname":"Pärnänen","occupation":"työtön","advanceVotes":0,"npid":5,"totalVotes":2,"spid":1,"abbr":"KESK","municipalCouncilor":false,"muid":601,"alid":5,"firstname":"Markku","electionDayVotes":2,"pid":"2","finalPosition":0,"electedInformation":"ON_SUBSTITUTE_PLACE","totalVotesPercent":1.4,"nominatorName":{"fi":"Suomen Keskusta","sv":"Centern i Finland","en":"Centre Party of Finland"},"caid":63,"position":0,"gender":"1","comparisonData":{"totalVotes":3,"votesTotalChange":-1},"edid":11,"comparativeIndex":0.0,"electionDayVotesPercent":2.3,"nominatorAbbr":{"fi":"KESK","sv":"C","en":"CENT"}},{"age":60,"advanceVotesPercent":1.9,"lastname":"Mattola","occupation":"nuorisotyönohjaaja","advanceVotes":1,"npid":6,"totalVotes":2,"spid":99,"abbr":"Muut","municipalCouncilor":false,"muid":601,"alid":6,"firstname":"Tauno","electionDayVotes":1,"pid":"6016","finalPosition":0,"electedInformation":"ELECTED","totalVotesPercent":1.4,"nominatorName":{"fi":"Pihtiputaan Parhaaksi yhteislista","sv":"Pihtiputaan Parhaaksi yhteislista","en":"Pihtiputaan Parhaaksi yhteislista"},"caid":70,"position":0,"gender":"1","comparisonData":{"totalVotes":0,"votesTotalChange":2},"edid":11,"comparativeIndex":0.0,"electionDayVotesPercent":1.2,"nominatorAbbr":{"fi":"YL1","sv":"YL1","en":"YL1"}},{"age":68,"advanceVotesPercent":1.9,"lastname":"Hytönen","occupation":"yrittäjä","advanceVotes":1,"npid":1,"totalVotes":1,"spid":2,"abbr":"KOK","municipalCouncilor":false,"muid":601,"alid":1,"firstname":"Pentti","electionDayVotes":0,"pid":"4","finalPosition":0,"electedInformation":"ON_SUBSTITUTE_PLACE","totalVotesPercent":0.7,"nominatorName":{"fi":"Kansallinen Kokoomus","sv":"Samlingspartiet","en":"National Coalition Party"},"caid":3,"position":0,"gender":"1","comparisonData":{"totalVotes":3,"votesTotalChange":-2},"edid":11,"comparativeIndex":0.0,"electionDayVotesPercent":0.0,"nominatorAbbr":{"fi":"KOK","sv":"Saml","en":"NCP"}},{"age":36,"advanceVotesPercent":1.9,"lastname":"Paananen","occupation":"yrittäjä, autoilija","advanceVotes":1,"npid":2,"totalVotes":1,"spid":3,"abbr":"PS","municipalCouncilor":false,"muid":601,"alid":2,"firstname":"Ari","electionDayVotes":0,"pid":"23","finalPosition":0,"electedInformation":"NOT_ELECTED","totalVotesPercent":0.7,"nominatorName":{"fi":"Perussuomalaiset","sv":"Sannfinländarna","en":"The Finns Party"},"caid":19,"position":0,"gender":"1","comparisonData":{"totalVotes":0,"votesTotalChange":1},"edid":11,"comparativeIndex":0.0,"electionDayVotesPercent":0.0,"nominatorAbbr":{"fi":"PS","sv":"Sannf","en":"FINNS"}},{"age":61,"advanceVotesPercent":1.9,"lastname":"Saarinen","occupation":"kirvesmies, eläkeläinen","advanceVotes":1,"npid":2,"totalVotes":1,"spid":3,"abbr":"PS","municipalCouncilor":false,"muid":601,"alid":2,"firstname":"Ilpo","electionDayVotes":0,"pid":"23","finalPosition":0,"electedInformation":"NOT_ELECTED","totalVotesPercent":0.7,"nominatorName":{"fi":"Perussuomalaiset","sv":"Sannfinländarna","en":"The Finns Party"},"caid":21,"position":0,"gender":"1","comparisonData":{"totalVotes":0,"votesTotalChange":1},"edid":11,"comparativeIndex":0.0,"electionDayVotesPercent":0.0,"nominatorAbbr":{"fi":"PS","sv":"Sannf","en":"FINNS"}},{"age":35,"advanceVotesPercent":0.0,"lastname":"Jämsén","occupation":"autonkuljettaja","advanceVotes":0,"npid":4,"totalVotes":1,"spid":4,"abbr":"SDP","municipalCouncilor":true,"muid":601,"alid":4,"firstname":"Tomi","electionDayVotes":1,"pid":"1","finalPosition":0,"electedInformation":"ELECTED","totalVotesPercent":0.7,"nominatorName":{"fi":"Suomen Sosialidemokraattinen Puolue","sv":"Finlands Socialdemokratiska Parti","en":"The Finnish Social Democratic Party"},"caid":34,"position":0,"gender":"1","comparisonData":{"totalVotes":43,"votesTotalChange":-42},"edid":11,"comparativeIndex":0.0,"electionDayVotesPercent":1.2,"nominatorAbbr":{"fi":"SDP","sv":"SDP","en":"SDP"}},{"age":48,"advanceVotesPercent":1.9,"lastname":"Kananen","occupation":"ravitsemistyönjohtaja","advanceVotes":1,"npid":4,"totalVotes":1,"spid":4,"abbr":"SDP","municipalCouncilor":false,"muid":601,"alid":4,"firstname":"Aira","electionDayVotes":0,"pid":"1","finalPosition":0,"electedInformation":"ON_SUBSTITUTE_PLACE","totalVotesPercent":0.7,"nominatorName":{"fi":"Suomen Sosialidemokraattinen Puolue","sv":"Finlands Socialdemokratiska Parti","en":"The Finnish Social Democratic Party"},"caid":35,"position":0,"gender":"2","comparisonData":{"totalVotes":0,"votesTotalChange":1},"edid":11,"comparativeIndex":0.0,"electionDayVotesPercent":0.0,"nominatorAbbr":{"fi":"SDP","sv":"SDP","en":"SDP"}},{"age":44,"advanceVotesPercent":0.0,"lastname":"Paananen","occupation":"työtoiminnan ohjaaja","advanceVotes":0,"npid":4,"totalVotes":1,"spid":4,"abbr":"SDP","municipalCouncilor":false,"muid":601,"alid":4,"firstname":"Karri","electionDayVotes":1,"pid":"1","finalPosition":0,"electedInformation":"ELECTED","totalVotesPercent":0.7,"nominatorName":{"fi":"Suomen Sosialidemokraattinen Puolue","sv":"Finlands Socialdemokratiska Parti","en":"The Finnish Social Democratic Party"},"caid":39,"position":0,"gender":"1","comparisonData":{"totalVotes":24,"votesTotalChange":-23},"edid":11,"comparativeIndex":0.0,"electionDayVotesPercent":1.2,"nominatorAbbr":{"fi":"SDP","sv":"SDP","en":"SDP"}},{"age":64,"advanceVotesPercent":0.0,"lastname":"Paananen","occupation":"kirjanpitäjä","advanceVotes":0,"npid":4,"totalVotes":1,"spid":4,"abbr":"SDP","municipalCouncilor":false,"muid":601,"alid":4,"firstname":"Terttu","electionDayVotes":1,"pid":"1","finalPosition":0,"electedInformation":"ON_SUBSTITUTE_PLACE","totalVotesPercent":0.7,"nominatorName":{"fi":"Suomen Sosialidemokraattinen Puolue","sv":"Finlands Socialdemokratiska Parti","en":"The Finnish Social Democratic Party"},"caid":40,"position":0,"gender":"2","comparisonData":{"totalVotes":0,"votesTotalChange":1},"edid":11,"comparativeIndex":0.0,"electionDayVotesPercent":1.2,"nominatorAbbr":{"fi":"SDP","sv":"SDP","en":"SDP"}},{"age":40,"advanceVotesPercent":1.9,"lastname":"Ahola","occupation":"yrittäjä","advanceVotes":1,"npid":5,"totalVotes":1,"spid":1,"abbr":"KESK","municipalCouncilor":false,"muid":601,"alid":5,"firstname":"Jaana","electionDayVotes":0,"pid":"2","finalPosition":0,"electedInformation":"ELECTED","totalVotesPercent":0.7,"nominatorName":{"fi":"Suomen Keskusta","sv":"Centern i Finland","en":"Centre Party of Finland"},"caid":47,"position":0,"gender":"2","comparisonData":{"totalVotes":0,"votesTotalChange":1},"edid":11,"comparativeIndex":0.0,"electionDayVotesPercent":0.0,"nominatorAbbr":{"fi":"KESK","sv":"C","en":"CENT"}},{"age":50,"advanceVotesPercent":1.9,"lastname":"Hjelmeroos-Haapasalo","occupation":"FM, opettaja","advanceVotes":1,"npid":5,"totalVotes":1,"spid":1,"abbr":"KESK","municipalCouncilor":true,"muid":601,"alid":5,"firstname":"Heli","electionDayVotes":0,"pid":"2","finalPosition":0,"electedInformation":"ON_SUBSTITUTE_PLACE","totalVotesPercent":0.7,"nominatorName":{"fi":"Suomen Keskusta","sv":"Centern i Finland","en":"Centre Party of Finland"},"caid":49,"position":0,"gender":"2","comparisonData":{"totalVotes":48,"votesTotalChange":-47},"edid":11,"comparativeIndex":0.0,"electionDayVotesPercent":0.0,"nominatorAbbr":{"fi":"KESK","sv":"C","en":"CENT"}},{"age":51,"advanceVotesPercent":0.0,"lastname":"Hollanti","occupation":"maatalousyrittäjä","advanceVotes":0,"npid":5,"totalVotes":1,"spid":1,"abbr":"KESK","municipalCouncilor":true,"muid":601,"alid":5,"firstname":"Jyrki","electionDayVotes":1,"pid":"2","finalPosition":0,"electedInformation":"ELECTED","totalVotesPercent":0.7,"nominatorName":{"fi":"Suomen Keskusta","sv":"Centern i Finland","en":"Centre Party of Finland"},"caid":50,"position":0,"gender":"1","comparisonData":{"totalVotes":70,"votesTotalChange":-69},"edid":11,"comparativeIndex":0.0,"electionDayVotesPercent":1.2,"nominatorAbbr":{"fi":"KESK","sv":"C","en":"CENT"}},{"age":66,"advanceVotesPercent":0.0,"lastname":"Kuha","occupation":"yrittäjä","advanceVotes":0,"npid":5,"totalVotes":1,"spid":1,"abbr":"KESK","municipalCouncilor":false,"muid":601,"alid":5,"firstname":"Martti","electionDayVotes":1,"pid":"2","finalPosition":0,"electedInformation":"ON_SUBSTITUTE_PLACE","totalVotesPercent":0.7,"nominatorName":{"fi":"Suomen Keskusta","sv":"Centern i Finland","en":"Centre Party of Finland"},"caid":58,"position":0,"gender":"1","comparisonData":{"totalVotes":23,"votesTotalChange":-22},"edid":11,"comparativeIndex":0.0,"electionDayVotesPercent":1.2,"nominatorAbbr":{"fi":"KESK","sv":"C","en":"CENT"}},{"age":67,"advanceVotesPercent":1.9,"lastname":"Sutinen","occupation":"rikosylikonstaapeli evp, eläkeläinen","advanceVotes":1,"npid":5,"totalVotes":1,"spid":1,"abbr":"KESK","municipalCouncilor":true,"muid":601,"alid":5,"firstname":"Pekka","electionDayVotes":0,"pid":"2","finalPosition":0,"electedInformation":"ELECTED","totalVotesPercent":0.7,"nominatorName":{"fi":"Suomen Keskusta","sv":"Centern i Finland","en":"Centre Party of Finland"},"caid":65,"position":0,"gender":"1","comparisonData":{"totalVotes":77,"votesTotalChange":-76},"edid":11,"comparativeIndex":0.0,"electionDayVotesPercent":0.0,"nominatorAbbr":{"fi":"KESK","sv":"C","en":"CENT"}},{"age":69,"advanceVotesPercent":1.9,"lastname":"Kahilainen","occupation":"tuottaja","advanceVotes":1,"npid":6,"totalVotes":1,"spid":99,"abbr":"Muut","municipalCouncilor":true,"muid":601,"alid":6,"firstname":"Seppo","electionDayVotes":0,"pid":"6016","finalPosition":0,"electedInformation":"ELECTED","totalVotesPercent":0.7,"nominatorName":{"fi":"Pihtiputaan Parhaaksi yhteislista","sv":"Pihtiputaan Parhaaksi yhteislista","en":"Pihtiputaan Parhaaksi yhteislista"},"caid":68,"position":0,"gender":"1","comparisonData":{"totalVotes":81,"votesTotalChange":-80},"edid":11,"comparativeIndex":0.0,"electionDayVotesPercent":0.0,"nominatorAbbr":{"fi":"YL1","sv":"YL1","en":"YL1"}},{"age":39,"advanceVotesPercent":0.0,"lastname":"Mikkonen","occupation":"palvelujohtaja","advanceVotes":0,"npid":6,"totalVotes":1,"spid":99,"abbr":"Muut","municipalCouncilor":false,"muid":601,"alid":6,"firstname":"Maria","electionDayVotes":1,"pid":"6016","finalPosition":0,"electedInformation":"ON_SUBSTITUTE_PLACE","totalVotesPercent":0.7,"nominatorName":{"fi":"Pihtiputaan Parhaaksi yhteislista","sv":"Pihtiputaan Parhaaksi yhteislista","en":"Pihtiputaan Parhaaksi yhteislista"},"caid":76,"position":0,"gender":"2","comparisonData":{"totalVotes":0,"votesTotalChange":1},"edid":11,"comparativeIndex":0.0,"electionDayVotesPercent":1.2,"nominatorAbbr":{"fi":"YL1","sv":"YL1","en":"YL1"}},{"age":55,"advanceVotesPercent":0.0,"lastname":"Arvola","occupation":"yrittäjä","advanceVotes":0,"npid":1,"totalVotes":0,"spid":2,"abbr":"KOK","municipalCouncilor":false,"muid":601,"alid":1,"firstname":"Raija","electionDayVotes":0,"pid":"4","finalPosition":0,"electedInformation":"NOT_ELECTED","totalVotesPercent":0.0,"nominatorName":{"fi":"Kansallinen Kokoomus","sv":"Samlingspartiet","en":"National Coalition Party"},"caid":2,"position":0,"gender":"2","comparisonData":{"totalVotes":19,"votesTotalChange":-19},"edid":11,"comparativeIndex":0.0,"electionDayVotesPercent":0.0,"nominatorAbbr":{"fi":"KOK","sv":"Saml","en":"NCP"}},{"age":66,"advanceVotesPercent":0.0,"lastname":"Lohtander","occupation":"yrittäjä","advanceVotes":0,"npid":1,"totalVotes":0,"spid":2,"abbr":"KOK","municipalCouncilor":false,"muid":601,"alid":1,"firstname":"Helka","electionDayVotes":0,"pid":"4","finalPosition":0,"electedInformation":"ON_SUBSTITUTE_PLACE","totalVotesPercent":0.0,"nominatorName":{"fi":"Kansallinen Kokoomus","sv":"Samlingspartiet","en":"National Coalition Party"},"caid":5,"position":0,"gender":"2","comparisonData":{"totalVotes":9,"votesTotalChange":-9},"edid":11,"comparativeIndex":0.0,"electionDayVotesPercent":0.0,"nominatorAbbr":{"fi":"KOK","sv":"Saml","en":"NCP"}},{"age":64,"advanceVotesPercent":0.0,"lastname":"Maalahti","occupation":"yrittäjä","advanceVotes":0,"npid":1,"totalVotes":0,"spid":2,"abbr":"KOK","municipalCouncilor":false,"muid":601,"alid":1,"firstname":"Pirkko","electionDayVotes":0,"pid":"4","finalPosition":0,"electedInformation":"NOT_ELECTED","totalVotesPercent":0.0,"nominatorName":{"fi":"Kansallinen Kokoomus","sv":"Samlingspartiet","en":"National Coalition Party"},"caid":6,"position":0,"gender":"2","comparisonData":{"totalVotes":7,"votesTotalChange":-7},"edid":11,"comparativeIndex":0.0,"electionDayVotesPercent":0.0,"nominatorAbbr":{"fi":"KOK","sv":"Saml","en":"NCP"}},{"age":19,"advanceVotesPercent":0.0,"lastname":"Pennala","occupation":"opiskelija","advanceVotes":0,"npid":1,"totalVotes":0,"spid":2,"abbr":"KOK","municipalCouncilor":false,"muid":601,"alid":1,"firstname":"Antti","electionDayVotes":0,"pid":"4","finalPosition":0,"electedInformation":"NOT_ELECTED","totalVotesPercent":0.0,"nominatorName":{"fi":"Kansallinen Kokoomus","sv":"Samlingspartiet","en":"National Coalition Party"},"caid":7,"position":0,"gender":"1","comparisonData":{"totalVotes":0,"votesTotalChange":0},"edid":11,"comparativeIndex":0.0,"electionDayVotesPercent":0.0,"nominatorAbbr":{"fi":"KOK","sv":"Saml","en":"NCP"}},{"age":37,"advanceVotesPercent":0.0,"lastname":"Haikara","occupation":"maalaamon työntekijä","advanceVotes":0,"npid":2,"totalVotes":0,"spid":3,"abbr":"PS","municipalCouncilor":false,"muid":601,"alid":2,"firstname":"Minna","electionDayVotes":0,"pid":"23","finalPosition":0,"electedInformation":"NOT_ELECTED","totalVotesPercent":0.0,"nominatorName":{"fi":"Perussuomalaiset","sv":"Sannfinländarna","en":"The Finns Party"},"caid":8,"position":0,"gender":"2","comparisonData":{"totalVotes":0,"votesTotalChange":0},"edid":11,"comparativeIndex":0.0,"electionDayVotesPercent":0.0,"nominatorAbbr":{"fi":"PS","sv":"Sannf","en":"FINNS"}},{"age":38,"advanceVotesPercent":0.0,"lastname":"Ikonen","occupation":"liikenneopettaja","advanceVotes":0,"npid":2,"totalVotes":0,"spid":3,"abbr":"PS","municipalCouncilor":false,"muid":601,"alid":2,"firstname":"Miikka","electionDayVotes":0,"pid":"23","finalPosition":0,"electedInformation":"NOT_ELECTED","totalVotesPercent":0.0,"nominatorName":{"fi":"Perussuomalaiset","sv":"Sannfinländarna","en":"The Finns Party"},"caid":9,"position":0,"gender":"1","comparisonData":{"totalVotes":0,"votesTotalChange":0},"edid":11,"comparativeIndex":0.0,"electionDayVotesPercent":0.0,"nominatorAbbr":{"fi":"PS","sv":"Sannf","en":"FINNS"}},{"age":56,"advanceVotesPercent":0.0,"lastname":"Kahelin","occupation":"varastomies, puuseppä","advanceVotes":0,"npid":2,"totalVotes":0,"spid":3,"abbr":"PS","municipalCouncilor":false,"muid":601,"alid":2,"firstname":"Martti","electionDayVotes":0,"pid":"23","finalPosition":0,"electedInformation":"NOT_ELECTED","totalVotesPercent":0.0,"nominatorName":{"fi":"Perussuomalaiset","sv":"Sannfinländarna","en":"The Finns Party"},"caid":10,"position":0,"gender":"1","comparisonData":{"totalVotes":0,"votesTotalChange":0},"edid":11,"comparativeIndex":0.0,"electionDayVotesPercent":0.0,"nominatorAbbr":{"fi":"PS","sv":"Sannf","en":"FINNS"}},{"age":42,"advanceVotesPercent":0.0,"lastname":"Karppinen","occupation":"myyjä","advanceVotes":0,"npid":2,"totalVotes":0,"spid":3,"abbr":"PS","municipalCouncilor":false,"muid":601,"alid":2,"firstname":"Minna","electionDayVotes":0,"pid":"23","finalPosition":0,"electedInformation":"ELECTED","totalVotesPercent":0.0,"nominatorName":{"fi":"Perussuomalaiset","sv":"Sannfinländarna","en":"The Finns Party"},"caid":11,"position":0,"gender":"2","comparisonData":{"totalVotes":0,"votesTotalChange":0},"edid":11,"comparativeIndex":0.0,"electionDayVotesPercent":0.0,"nominatorAbbr":{"fi":"PS","sv":"Sannf","en":"FINNS"}},{"age":73,"advanceVotesPercent":0.0,"lastname":"Kenttälä","occupation":"kodinhoitaja, eläkeläinen","advanceVotes":0,"npid":2,"totalVotes":0,"spid":3,"abbr":"PS","municipalCouncilor":false,"muid":601,"alid":2,"firstname":"Heljä","electionDayVotes":0,"pid":"23","finalPosition":0,"electedInformation":"NOT_ELECTED","totalVotesPercent":0.0,"nominatorName":{"fi":"Perussuomalaiset","sv":"Sannfinländarna","en":"The Finns Party"},"caid":12,"position":0,"gender":"2","comparisonData":{"totalVotes":8,"votesTotalChange":-8},"edid":11,"comparativeIndex":0.0,"electionDayVotesPercent":0.0,"nominatorAbbr":{"fi":"PS","sv":"Sannf","en":"FINNS"}},{"age":66,"advanceVotesPercent":0.0,"lastname":"Kolehmainen","occupation":"eläkeläinen","advanceVotes":0,"npid":2,"totalVotes":0,"spid":3,"abbr":"PS","municipalCouncilor":true,"muid":601,"alid":2,"firstname":"Heikki","electionDayVotes":0,"pid":"23","finalPosition":0,"electedInformation":"NOT_ELECTED","totalVotesPercent":0.0,"nominatorName":{"fi":"Perussuomalaiset","sv":"Sannfinländarna","en":"The Finns Party"},"caid":13,"position":0,"gender":"1","comparisonData":{"totalVotes":44,"votesTotalChange":-44},"edid":11,"comparativeIndex":0.0,"electionDayVotesPercent":0.0,"nominatorAbbr":{"fi":"PS","sv":"Sannf","en":"FINNS"}},{"age":40,"advanceVotesPercent":0.0,"lastname":"Kolehmainen","occupation":"koneistaja","advanceVotes":0,"npid":2,"totalVotes":0,"spid":3,"abbr":"PS","municipalCouncilor":false,"muid":601,"alid":2,"firstname":"Jorma","electionDayVotes":0,"pid":"23","finalPosition":0,"electedInformation":"ON_SUBSTITUTE_PLACE","totalVotesPercent":0.0,"nominatorName":{"fi":"Perussuomalaiset","sv":"Sannfinländarna","en":"The Finns Party"},"caid":14,"position":0,"gender":"1","comparisonData":{"totalVotes":0,"votesTotalChange":0},"edid":11,"comparativeIndex":0.0,"electionDayVotesPercent":0.0,"nominatorAbbr":{"fi":"PS","sv":"Sannf","en":"FINNS"}},{"age":38,"advanceVotesPercent":0.0,"lastname":"Matilainen","occupation":"yrittäjä","advanceVotes":0,"npid":2,"totalVotes":0,"spid":3,"abbr":"PS","municipalCouncilor":false,"muid":601,"alid":2,"firstname":"Jukka","electionDayVotes":0,"pid":"23","finalPosition":0,"electedInformation":"ON_SUBSTITUTE_PLACE","totalVotesPercent":0.0,"nominatorName":{"fi":"Perussuomalaiset","sv":"Sannfinländarna","en":"The Finns Party"},"caid":15,"position":0,"gender":"1","comparisonData":{"totalVotes":0,"votesTotalChange":0},"edid":11,"comparativeIndex":0.0,"electionDayVotesPercent":0.0,"nominatorAbbr":{"fi":"PS","sv":"Sannf","en":"FINNS"}},{"age":62,"advanceVotesPercent":0.0,"lastname":"Metsälä","occupation":"yo-merkonomi, työtön","advanceVotes":0,"npid":2,"totalVotes":0,"spid":3,"abbr":"PS","municipalCouncilor":false,"muid":601,"alid":2,"firstname":"Risto","electionDayVotes":0,"pid":"23","finalPosition":0,"electedInformation":"NOT_ELECTED","totalVotesPercent":0.0,"nominatorName":{"fi":"Perussuomalaiset","sv":"Sannfinländarna","en":"The Finns Party"},"caid":16,"position":0,"gender":"1","comparisonData":{"totalVotes":0,"votesTotalChange":0},"edid":11,"comparativeIndex":0.0,"electionDayVotesPercent":0.0,"nominatorAbbr":{"fi":"PS","sv":"Sannf","en":"FINNS"}},{"age":32,"advanceVotesPercent":0.0,"lastname":"Nenye","occupation":"rakennusmies","advanceVotes":0,"npid":2,"totalVotes":0,"spid":3,"abbr":"PS","municipalCouncilor":false,"muid":601,"alid":2,"firstname":"Niko","electionDayVotes":0,"pid":"23","finalPosition":0,"electedInformation":"NOT_ELECTED","totalVotesPercent":0.0,"nominatorName":{"fi":"Perussuomalaiset","sv":"Sannfinländarna","en":"The Finns Party"},"caid":17,"position":0,"gender":"1","comparisonData":{"totalVotes":29,"votesTotalChange":-29},"edid":11,"comparativeIndex":0.0,"electionDayVotesPercent":0.0,"nominatorAbbr":{"fi":"PS","sv":"Sannf","en":"FINNS"}},{"age":37,"advanceVotesPercent":0.0,"lastname":"Paananen","occupation":"toimistotyöntekijä","advanceVotes":0,"npid":2,"totalVotes":0,"spid":3,"abbr":"PS","municipalCouncilor":false,"muid":601,"alid":2,"firstname":"Annika","electionDayVotes":0,"pid":"23","finalPosition":0,"electedInformation":"NOT_ELECTED","totalVotesPercent":0.0,"nominatorName":{"fi":"Perussuomalaiset","sv":"Sannfinländarna","en":"The Finns Party"},"caid":18,"position":0,"gender":"2","comparisonData":{"totalVotes":0,"votesTotalChange":0},"edid":11,"comparativeIndex":0.0,"electionDayVotesPercent":0.0,"nominatorAbbr":{"fi":"PS","sv":"Sannf","en":"FINNS"}},{"age":70,"advanceVotesPercent":0.0,"lastname":"Pasanen","occupation":"kirvesmies, eläkeläinen","advanceVotes":0,"npid":2,"totalVotes":0,"spid":3,"abbr":"PS","municipalCouncilor":false,"muid":601,"alid":2,"firstname":"Sulo","electionDayVotes":0,"pid":"23","finalPosition":0,"electedInformation":"NOT_ELECTED","totalVotesPercent":0.0,"nominatorName":{"fi":"Perussuomalaiset","sv":"Sannfinländarna","en":"The Finns Party"},"caid":20,"position":0,"gender":"1","comparisonData":{"totalVotes":0,"votesTotalChange":0},"edid":11,"comparativeIndex":0.0,"electionDayVotesPercent":0.0,"nominatorAbbr":{"fi":"PS","sv":"Sannf","en":"FINNS"}},{"age":39,"advanceVotesPercent":0.0,"lastname":"Tiainen","occupation":"laitoshuoltaja","advanceVotes":0,"npid":2,"totalVotes":0,"spid":3,"abbr":"PS","municipalCouncilor":false,"muid":601,"alid":2,"firstname":"Marjo","electionDayVotes":0,"pid":"23","finalPosition":0,"electedInformation":"NOT_ELECTED","totalVotesPercent":0.0,"nominatorName":{"fi":"Perussuomalaiset","sv":"Sannfinländarna","en":"The Finns Party"},"caid":22,"position":0,"gender":"2","comparisonData":{"totalVotes":14,"votesTotalChange":-14},"edid":11,"comparativeIndex":0.0,"electionDayVotesPercent":0.0,"nominatorAbbr":{"fi":"PS","sv":"Sannf","en":"FINNS"}},{"age":55,"advanceVotesPercent":0.0,"lastname":"Tilli","occupation":"eläkeläinen","advanceVotes":0,"npid":2,"totalVotes":0,"spid":3,"abbr":"PS","municipalCouncilor":false,"muid":601,"alid":2,"firstname":"Anne-Maria","electionDayVotes":0,"pid":"23","finalPosition":0,"electedInformation":"NOT_ELECTED","totalVotesPercent":0.0,"nominatorName":{"fi":"Perussuomalaiset","sv":"Sannfinländarna","en":"The Finns Party"},"caid":24,"position":0,"gender":"2","comparisonData":{"totalVotes":42,"votesTotalChange":-42},"edid":11,"comparativeIndex":0.0,"electionDayVotesPercent":0.0,"nominatorAbbr":{"fi":"PS","sv":"Sannf","en":"FINNS"}},{"age":31,"advanceVotesPercent":0.0,"lastname":"Varha","occupation":"johtava liikenneopettaja","advanceVotes":0,"npid":2,"totalVotes":0,"spid":3,"abbr":"PS","municipalCouncilor":false,"muid":601,"alid":2,"firstname":"Antti","electionDayVotes":0,"pid":"23","finalPosition":0,"electedInformation":"NOT_ELECTED","totalVotesPercent":0.0,"nominatorName":{"fi":"Perussuomalaiset","sv":"Sannfinländarna","en":"The Finns Party"},"caid":25,"position":0,"gender":"1","comparisonData":{"totalVotes":0,"votesTotalChange":0},"edid":11,"comparativeIndex":0.0,"electionDayVotesPercent":0.0,"nominatorAbbr":{"fi":"PS","sv":"Sannf","en":"FINNS"}},{"age":60,"advanceVotesPercent":0.0,"lastname":"Vehviläinen","occupation":"siivooja, ompelija","advanceVotes":0,"npid":2,"totalVotes":0,"spid":3,"abbr":"PS","municipalCouncilor":false,"muid":601,"alid":2,"firstname":"Virpi","electionDayVotes":0,"pid":"23","finalPosition":0,"electedInformation":"NOT_ELECTED","totalVotesPercent":0.0,"nominatorName":{"fi":"Perussuomalaiset","sv":"Sannfinländarna","en":"The Finns Party"},"caid":26,"position":0,"gender":"2","comparisonData":{"totalVotes":0,"votesTotalChange":0},"edid":11,"comparativeIndex":0.0,"electionDayVotesPercent":0.0,"nominatorAbbr":{"fi":"PS","sv":"Sannf","en":"FINNS"}},{"age":62,"advanceVotesPercent":0.0,"lastname":"Ihalainen","occupation":"kirvesmies","advanceVotes":0,"npid":3,"totalVotes":0,"spid":6,"abbr":"VAS","municipalCouncilor":false,"muid":601,"alid":3,"firstname":"Jarmo","electionDayVotes":0,"pid":"15","finalPosition":0,"electedInformation":"ELECTED","totalVotesPercent":0.0,"nominatorName":{"fi":"Vasemmistoliitto","sv":"Vänsterförbundet","en":"The Left Alliance"},"caid":27,"position":0,"gender":"1","comparisonData":{"totalVotes":0,"votesTotalChange":0},"edid":11,"comparativeIndex":0.0,"electionDayVotesPercent":0.0,"nominatorAbbr":{"fi":"VAS","sv":"VF","en":"LEFT"}},{"age":39,"advanceVotesPercent":0.0,"lastname":"Karvonen","occupation":"pääluottamusmies, työpajanohjaaja","advanceVotes":0,"npid":3,"totalVotes":0,"spid":6,"abbr":"VAS","municipalCouncilor":false,"muid":601,"alid":3,"firstname":"Juha","electionDayVotes":0,"pid":"15","finalPosition":0,"electedInformation":"ON_SUBSTITUTE_PLACE","totalVotesPercent":0.0,"nominatorName":{"fi":"Vasemmistoliitto","sv":"Vänsterförbundet","en":"The Left Alliance"},"caid":28,"position":0,"gender":"1","comparisonData":{"totalVotes":0,"votesTotalChange":0},"edid":11,"comparativeIndex":0.0,"electionDayVotesPercent":0.0,"nominatorAbbr":{"fi":"VAS","sv":"VF","en":"LEFT"}},{"age":66,"advanceVotesPercent":0.0,"lastname":"Pennanen","occupation":"eläkeläinen","advanceVotes":0,"npid":3,"totalVotes":0,"spid":6,"abbr":"VAS","municipalCouncilor":false,"muid":601,"alid":3,"firstname":"Tuula","electionDayVotes":0,"pid":"15","finalPosition":0,"electedInformation":"NOT_ELECTED","totalVotesPercent":0.0,"nominatorName":{"fi":"Vasemmistoliitto","sv":"Vänsterförbundet","en":"The Left Alliance"},"caid":30,"position":0,"gender":"2","comparisonData":{"totalVotes":0,"votesTotalChange":0},"edid":11,"comparativeIndex":0.0,"electionDayVotesPercent":0.0,"nominatorAbbr":{"fi":"VAS","sv":"VF","en":"LEFT"}},{"age":70,"advanceVotesPercent":0.0,"lastname":"Saastamoinen","occupation":"vapaaehtoistyöntekijä","advanceVotes":0,"npid":3,"totalVotes":0,"spid":6,"abbr":"VAS","municipalCouncilor":true,"muid":601,"alid":3,"firstname":"Tapio","electionDayVotes":0,"pid":"15","finalPosition":0,"electedInformation":"ELECTED","totalVotesPercent":0.0,"nominatorName":{"fi":"Vasemmistoliitto","sv":"Vänsterförbundet","en":"The Left Alliance"},"caid":31,"position":0,"gender":"1","comparisonData":{"totalVotes":73,"votesTotalChange":-73},"edid":11,"comparativeIndex":0.0,"electionDayVotesPercent":0.0,"nominatorAbbr":{"fi":"VAS","sv":"VF","en":"LEFT"}},{"age":22,"advanceVotesPercent":0.0,"lastname":"Jetsonen","occupation":"yhdistelmäajoneuvonkuljettaja","advanceVotes":0,"npid":4,"totalVotes":0,"spid":4,"abbr":"SDP","municipalCouncilor":false,"muid":601,"alid":4,"firstname":"Sakari","electionDayVotes":0,"pid":"1","finalPosition":0,"electedInformation":"ON_SUBSTITUTE_PLACE","totalVotesPercent":0.0,"nominatorName":{"fi":"Suomen Sosialidemokraattinen Puolue","sv":"Finlands Socialdemokratiska Parti","en":"The Finnish Social Democratic Party"},"caid":32,"position":0,"gender":"1","comparisonData":{"totalVotes":0,"votesTotalChange":0},"edid":11,"comparativeIndex":0.0,"electionDayVotesPercent":0.0,"nominatorAbbr":{"fi":"SDP","sv":"SDP","en":"SDP"}},{"age":30,"advanceVotesPercent":0.0,"lastname":"Kivimaa","occupation":"hevostalouden opiskelija","advanceVotes":0,"npid":4,"totalVotes":0,"spid":4,"abbr":"SDP","municipalCouncilor":false,"muid":601,"alid":4,"firstname":"Petra","electionDayVotes":0,"pid":"1","finalPosition":0,"electedInformation":"NOT_ELECTED","totalVotesPercent":0.0,"nominatorName":{"fi":"Suomen Sosialidemokraattinen Puolue","sv":"Finlands Socialdemokratiska Parti","en":"The Finnish Social Democratic Party"},"caid":36,"position":0,"gender":"2","comparisonData":{"totalVotes":0,"votesTotalChange":0},"edid":11,"comparativeIndex":0.0,"electionDayVotesPercent":0.0,"nominatorAbbr":{"fi":"SDP","sv":"SDP","en":"SDP"}},{"age":42,"advanceVotesPercent":0.0,"lastname":"Logren","occupation":"lähihoitaja","advanceVotes":0,"npid":4,"totalVotes":0,"spid":4,"abbr":"SDP","municipalCouncilor":false,"muid":601,"alid":4,"firstname":"Marjo","electionDayVotes":0,"pid":"1","finalPosition":0,"electedInformation":"ELECTED","totalVotesPercent":0.0,"nominatorName":{"fi":"Suomen Sosialidemokraattinen Puolue","sv":"Finlands Socialdemokratiska Parti","en":"The Finnish Social Democratic Party"},"caid":37,"position":0,"gender":"2","comparisonData":{"totalVotes":27,"votesTotalChange":-27},"edid":11,"comparativeIndex":0.0,"electionDayVotesPercent":0.0,"nominatorAbbr":{"fi":"SDP","sv":"SDP","en":"SDP"}},{"age":62,"advanceVotesPercent":0.0,"lastname":"Paananen","occupation":"mediamyyjä","advanceVotes":0,"npid":4,"totalVotes":0,"spid":4,"abbr":"SDP","municipalCouncilor":false,"muid":601,"alid":4,"firstname":"Helena","electionDayVotes":0,"pid":"1","finalPosition":0,"electedInformation":"ON_SUBSTITUTE_PLACE","totalVotesPercent":0.0,"nominatorName":{"fi":"Suomen Sosialidemokraattinen Puolue","sv":"Finlands Socialdemokratiska Parti","en":"The Finnish Social Democratic Party"},"caid":38,"position":0,"gender":"2","comparisonData":{"totalVotes":0,"votesTotalChange":0},"edid":11,"comparativeIndex":0.0,"electionDayVotesPercent":0.0,"nominatorAbbr":{"fi":"SDP","sv":"SDP","en":"SDP"}},{"age":38,"advanceVotesPercent":0.0,"lastname":"Paananen","occupation":"lähihoitaja","advanceVotes":0,"npid":4,"totalVotes":0,"spid":4,"abbr":"SDP","municipalCouncilor":false,"muid":601,"alid":4,"firstname":"Virve","electionDayVotes":0,"pid":"1","finalPosition":0,"electedInformation":"ON_SUBSTITUTE_PLACE","totalVotesPercent":0.0,"nominatorName":{"fi":"Suomen Sosialidemokraattinen Puolue","sv":"Finlands Socialdemokratiska Parti","en":"The Finnish Social Democratic Party"},"caid":41,"position":0,"gender":"2","comparisonData":{"totalVotes":0,"votesTotalChange":0},"edid":11,"comparativeIndex":0.0,"electionDayVotesPercent":0.0,"nominatorAbbr":{"fi":"SDP","sv":"SDP","en":"SDP"}},{"age":69,"advanceVotesPercent":0.0,"lastname":"Sorri","occupation":"eläkeläinen","advanceVotes":0,"npid":4,"totalVotes":0,"spid":4,"abbr":"SDP","municipalCouncilor":false,"muid":601,"alid":4,"firstname":"Annikki","electionDayVotes":0,"pid":"1","finalPosition":0,"electedInformation":"ON_SUBSTITUTE_PLACE","totalVotesPercent":0.0,"nominatorName":{"fi":"Suomen Sosialidemokraattinen Puolue","sv":"Finlands Socialdemokratiska Parti","en":"The Finnish Social Democratic Party"},"caid":44,"position":0,"gender":"2","comparisonData":{"totalVotes":0,"votesTotalChange":0},"edid":11,"comparativeIndex":0.0,"electionDayVotesPercent":0.0,"nominatorAbbr":{"fi":"SDP","sv":"SDP","en":"SDP"}},{"age":49,"advanceVotesPercent":0.0,"lastname":"Vouti","occupation":"lähihoitajaopiskelija","advanceVotes":0,"npid":4,"totalVotes":0,"spid":4,"abbr":"SDP","municipalCouncilor":false,"muid":601,"alid":4,"firstname":"Kirsi","electionDayVotes":0,"pid":"1","finalPosition":0,"electedInformation":"NOT_ELECTED","totalVotesPercent":0.0,"nominatorName":{"fi":"Suomen Sosialidemokraattinen Puolue","sv":"Finlands Socialdemokratiska Parti","en":"The Finnish Social Democratic Party"},"caid":45,"position":0,"gender":"2","comparisonData":{"totalVotes":0,"votesTotalChange":0},"edid":11,"comparativeIndex":0.0,"electionDayVotesPercent":0.0,"nominatorAbbr":{"fi":"SDP","sv":"SDP","en":"SDP"}},{"age":49,"advanceVotesPercent":0.0,"lastname":"Aho","occupation":"metsäasiantuntija","advanceVotes":0,"npid":5,"totalVotes":0,"spid":1,"abbr":"KESK","municipalCouncilor":false,"muid":601,"alid":5,"firstname":"Hannu","electionDayVotes":0,"pid":"2","finalPosition":0,"electedInformation":"ELECTED","totalVotesPercent":0.0,"nominatorName":{"fi":"Suomen Keskusta","sv":"Centern i Finland","en":"Centre Party of Finland"},"caid":46,"position":0,"gender":"1","comparisonData":{"totalVotes":0,"votesTotalChange":0},"edid":11,"comparativeIndex":0.0,"electionDayVotesPercent":0.0,"nominatorAbbr":{"fi":"KESK","sv":"C","en":"CENT"}},{"age":48,"advanceVotesPercent":0.0,"lastname":"Ahomaa","occupation":"maatalouslomittaja, luottamusmies","advanceVotes":0,"npid":5,"totalVotes":0,"spid":1,"abbr":"KESK","municipalCouncilor":false,"muid":601,"alid":5,"firstname":"Päivi","electionDayVotes":0,"pid":"2","finalPosition":0,"electedInformation":"ON_SUBSTITUTE_PLACE","totalVotesPercent":0.0,"nominatorName":{"fi":"Suomen Keskusta","sv":"Centern i Finland","en":"Centre Party of Finland"},"caid":48,"position":0,"gender":"2","comparisonData":{"totalVotes":0,"votesTotalChange":0},"edid":11,"comparativeIndex":0.0,"electionDayVotesPercent":0.0,"nominatorAbbr":{"fi":"KESK","sv":"C","en":"CENT"}},{"age":55,"advanceVotesPercent":0.0,"lastname":"Hämäläinen","occupation":"mv, putkiasentaja","advanceVotes":0,"npid":5,"totalVotes":0,"spid":1,"abbr":"KESK","municipalCouncilor":false,"muid":601,"alid":5,"firstname":"Jouni","electionDayVotes":0,"pid":"2","finalPosition":0,"electedInformation":"ON_SUBSTITUTE_PLACE","totalVotesPercent":0.0,"nominatorName":{"fi":"Suomen Keskusta","sv":"Centern i Finland","en":"Centre Party of Finland"},"caid":51,"position":0,"gender":"1","comparisonData":{"totalVotes":0,"votesTotalChange":0},"edid":11,"comparativeIndex":0.0,"electionDayVotesPercent":0.0,"nominatorAbbr":{"fi":"KESK","sv":"C","en":"CENT"}},{"age":58,"advanceVotesPercent":0.0,"lastname":"Kananen","occupation":"kenttämestari","advanceVotes":0,"npid":5,"totalVotes":0,"spid":1,"abbr":"KESK","municipalCouncilor":true,"muid":601,"alid":5,"firstname":"Markku","electionDayVotes":0,"pid":"2","finalPosition":0,"electedInformation":"ELECTED","totalVotesPercent":0.0,"nominatorName":{"fi":"Suomen Keskusta","sv":"Centern i Finland","en":"Centre Party of Finland"},"caid":54,"position":0,"gender":"1","comparisonData":{"totalVotes":75,"votesTotalChange":-75},"edid":11,"comparativeIndex":0.0,"electionDayVotesPercent":0.0,"nominatorAbbr":{"fi":"KESK","sv":"C","en":"CENT"}},{"age":62,"advanceVotesPercent":0.0,"lastname":"Kiljala","occupation":"lääkäri","advanceVotes":0,"npid":5,"totalVotes":0,"spid":1,"abbr":"KESK","municipalCouncilor":true,"muid":601,"alid":5,"firstname":"Eija","electionDayVotes":0,"pid":"2","finalPosition":0,"electedInformation":"ON_SUBSTITUTE_PLACE","totalVotesPercent":0.0,"nominatorName":{"fi":"Suomen Keskusta","sv":"Centern i Finland","en":"Centre Party of Finland"},"caid":56,"position":0,"gender":"2","comparisonData":{"totalVotes":63,"votesTotalChange":-63},"edid":11,"comparativeIndex":0.0,"electionDayVotesPercent":0.0,"nominatorAbbr":{"fi":"KESK","sv":"C","en":"CENT"}},{"age":69,"advanceVotesPercent":0.0,"lastname":"Kivinen","occupation":"eläkeläinen","advanceVotes":0,"npid":5,"totalVotes":0,"spid":1,"abbr":"KESK","municipalCouncilor":true,"muid":601,"alid":5,"firstname":"Paula","electionDayVotes":0,"pid":"2","finalPosition":0,"electedInformation":"ON_SUBSTITUTE_PLACE","totalVotesPercent":0.0,"nominatorName":{"fi":"Suomen Keskusta","sv":"Centern i Finland","en":"Centre Party of Finland"},"caid":57,"position":0,"gender":"2","comparisonData":{"totalVotes":53,"votesTotalChange":-53},"edid":11,"comparativeIndex":0.0,"electionDayVotesPercent":0.0,"nominatorAbbr":{"fi":"KESK","sv":"C","en":"CENT"}},{"age":61,"advanceVotesPercent":0.0,"lastname":"Kärkkäinen","occupation":"maatalousyrittäjä, kauppias","advanceVotes":0,"npid":5,"totalVotes":0,"spid":1,"abbr":"KESK","municipalCouncilor":false,"muid":601,"alid":5,"firstname":"Pekka","electionDayVotes":0,"pid":"2","finalPosition":0,"electedInformation":"ON_SUBSTITUTE_PLACE","totalVotesPercent":0.0,"nominatorName":{"fi":"Suomen Keskusta","sv":"Centern i Finland","en":"Centre Party of Finland"},"caid":59,"position":0,"gender":"1","comparisonData":{"totalVotes":24,"votesTotalChange":-24},"edid":11,"comparativeIndex":0.0,"electionDayVotesPercent":0.0,"nominatorAbbr":{"fi":"KESK","sv":"C","en":"CENT"}},{"age":44,"advanceVotesPercent":0.0,"lastname":"Mikkonen","occupation":"lähihoitaja, tradenomi","advanceVotes":0,"npid":5,"totalVotes":0,"spid":1,"abbr":"KESK","municipalCouncilor":false,"muid":601,"alid":5,"firstname":"Tuulia","electionDayVotes":0,"pid":"2","finalPosition":0,"electedInformation":"ELECTED","totalVotesPercent":0.0,"nominatorName":{"fi":"Suomen Keskusta","sv":"Centern i Finland","en":"Centre Party of Finland"},"caid":60,"position":0,"gender":"2","comparisonData":{"totalVotes":0,"votesTotalChange":0},"edid":11,"comparativeIndex":0.0,"electionDayVotesPercent":0.0,"nominatorAbbr":{"fi":"KESK","sv":"C","en":"CENT"}},{"age":54,"advanceVotesPercent":0.0,"lastname":"Pietiläinen","occupation":"maaseutuyrittäjä","advanceVotes":0,"npid":5,"totalVotes":0,"spid":1,"abbr":"KESK","municipalCouncilor":true,"muid":601,"alid":5,"firstname":"Ismo","electionDayVotes":0,"pid":"2","finalPosition":0,"electedInformation":"ON_SUBSTITUTE_PLACE","totalVotesPercent":0.0,"nominatorName":{"fi":"Suomen Keskusta","sv":"Centern i Finland","en":"Centre Party of Finland"},"caid":62,"position":0,"gender":"1","comparisonData":{"totalVotes":45,"votesTotalChange":-45},"edid":11,"comparativeIndex":0.0,"electionDayVotesPercent":0.0,"nominatorAbbr":{"fi":"KESK","sv":"C","en":"CENT"}},{"age":62,"advanceVotesPercent":0.0,"lastname":"Nykänen","occupation":"seuratoimihenkilö","advanceVotes":0,"npid":6,"totalVotes":0,"spid":99,"abbr":"Muut","municipalCouncilor":false,"muid":601,"alid":6,"firstname":"Onni","electionDayVotes":0,"pid":"6016","finalPosition":0,"electedInformation":"ELECTED","totalVotesPercent":0.0,"nominatorName":{"fi":"Pihtiputaan Parhaaksi yhteislista","sv":"Pihtiputaan Parhaaksi yhteislista","en":"Pihtiputaan Parhaaksi yhteislista"},"caid":71,"position":0,"gender":"1","comparisonData":{"totalVotes":0,"votesTotalChange":0},"edid":11,"comparativeIndex":0.0,"electionDayVotesPercent":0.0,"nominatorAbbr":{"fi":"YL1","sv":"YL1","en":"YL1"}},{"age":52,"advanceVotesPercent":0.0,"lastname":"Pasanen","occupation":"mediamyyjä","advanceVotes":0,"npid":6,"totalVotes":0,"spid":99,"abbr":"Muut","municipalCouncilor":false,"muid":601,"alid":6,"firstname":"Paula","electionDayVotes":0,"pid":"6016","finalPosition":0,"electedInformation":"ON_SUBSTITUTE_PLACE","totalVotesPercent":0.0,"nominatorName":{"fi":"Pihtiputaan Parhaaksi yhteislista","sv":"Pihtiputaan Parhaaksi yhteislista","en":"Pihtiputaan Parhaaksi yhteislista"},"caid":72,"position":0,"gender":"2","comparisonData":{"totalVotes":0,"votesTotalChange":0},"edid":11,"comparativeIndex":0.0,"electionDayVotesPercent":0.0,"nominatorAbbr":{"fi":"YL1","sv":"YL1","en":"YL1"}},{"age":41,"advanceVotesPercent":0.0,"lastname":"Manninen","occupation":"yrittäjä, eläkeläinen","advanceVotes":0,"npid":6,"totalVotes":0,"spid":99,"abbr":"Muut","municipalCouncilor":false,"muid":601,"alid":6,"firstname":"Jarkko","electionDayVotes":0,"pid":"6016","finalPosition":0,"electedInformation":"ON_SUBSTITUTE_PLACE","totalVotesPercent":0.0,"nominatorName":{"fi":"Pihtiputaan Parhaaksi yhteislista","sv":"Pihtiputaan Parhaaksi yhteislista","en":"Pihtiputaan Parhaaksi yhteislista"},"caid":73,"position":0,"gender":"1","comparisonData":{"totalVotes":0,"votesTotalChange":0},"edid":11,"comparativeIndex":0.0,"electionDayVotesPercent":0.0,"nominatorAbbr":{"fi":"YL1","sv":"YL1","en":"YL1"}},{"age":40,"advanceVotesPercent":0.0,"lastname":"Kumpulainen","occupation":"yrittäjä","advanceVotes":0,"npid":6,"totalVotes":0,"spid":99,"abbr":"Muut","municipalCouncilor":false,"muid":601,"alid":6,"firstname":"Mervi","electionDayVotes":0,"pid":"6016","finalPosition":0,"electedInformation":"NOT_ELECTED","totalVotesPercent":0.0,"nominatorName":{"fi":"Pihtiputaan Parhaaksi yhteislista","sv":"Pihtiputaan Parhaaksi yhteislista","en":"Pihtiputaan Parhaaksi yhteislista"},"caid":74,"position":0,"gender":"2","comparisonData":{"totalVotes":0,"votesTotalChange":0},"edid":11,"comparativeIndex":0.0,"electionDayVotesPercent":0.0,"nominatorAbbr":{"fi":"YL1","sv":"YL1","en":"YL1"}},{"age":49,"advanceVotesPercent":0.0,"lastname":"Järvelin","occupation":"yrittäjä","advanceVotes":0,"npid":6,"totalVotes":0,"spid":99,"abbr":"Muut","municipalCouncilor":false,"muid":601,"alid":6,"firstname":"Kimmo","electionDayVotes":0,"pid":"6016","finalPosition":0,"electedInformation":"NOT_ELECTED","totalVotesPercent":0.0,"nominatorName":{"fi":"Pihtiputaan Parhaaksi yhteislista","sv":"Pihtiputaan Parhaaksi yhteislista","en":"Pihtiputaan Parhaaksi yhteislista"},"caid":75,"position":0,"gender":"1","comparisonData":{"totalVotes":11,"votesTotalChange":-11},"edid":11,"comparativeIndex":0.0,"electionDayVotesPercent":0.0,"nominatorAbbr":{"fi":"YL1","sv":"YL1","en":"YL1"}},{"age":58,"advanceVotesPercent":0.0,"lastname":"Mäkelä-Varis","occupation":"hammashoitaja","advanceVotes":0,"npid":6,"totalVotes":0,"spid":99,"abbr":"Muut","municipalCouncilor":false,"muid":601,"alid":6,"firstname":"Terttu","electionDayVotes":0,"pid":"6016","finalPosition":0,"electedInformation":"NOT_ELECTED","totalVotesPercent":0.0,"nominatorName":{"fi":"Pihtiputaan Parhaaksi yhteislista","sv":"Pihtiputaan Parhaaksi yhteislista","en":"Pihtiputaan Parhaaksi yhteislista"},"caid":77,"position":0,"gender":"2","comparisonData":{"totalVotes":0,"votesTotalChange":0},"edid":11,"comparativeIndex":0.0,"electionDayVotesPercent":0.0,"nominatorAbbr":{"fi":"YL1","sv":"YL1","en":"YL1"}},{"age":52,"advanceVotesPercent":0.0,"lastname":"Kahilainen","occupation":"yrittäjä","advanceVotes":0,"npid":6,"totalVotes":0,"spid":99,"abbr":"Muut","municipalCouncilor":false,"muid":601,"alid":6,"firstname":"Marko","electionDayVotes":0,"pid":"6016","finalPosition":0,"electedInformation":"NOT_ELECTED","totalVotesPercent":0.0,"nominatorName":{"fi":"Pihtiputaan Parhaaksi yhteislista","sv":"Pihtiputaan Parhaaksi yhteislista","en":"Pihtiputaan Parhaaksi yhteislista"},"caid":79,"position":0,"gender":"1","comparisonData":{"totalVotes":0,"votesTotalChange":0},"edid":11,"comparativeIndex":0.0,"electionDayVotesPercent":0.0,"nominatorAbbr":{"fi":"YL1","sv":"YL1","en":"YL1"}},{"age":53,"advanceVotesPercent":0.0,"lastname":"Tiainen","occupation":"yrittäjä","advanceVotes":0,"npid":6,"totalVotes":0,"spid":99,"abbr":"Muut","municipalCouncilor":false,"muid":601,"alid":6,"firstname":"Arto","electionDayVotes":0,"pid":"6016","finalPosition":0,"electedInformation":"NOT_ELECTED","totalVotesPercent":0.0,"nominatorName":{"fi":"Pihtiputaan Parhaaksi yhteislista","sv":"Pihtiputaan Parhaaksi yhteislista","en":"Pihtiputaan Parhaaksi yhteislista"},"caid":80,"position":0,"gender":"1","comparisonData":{"totalVotes":0,"votesTotalChange":0},"edid":11,"comparativeIndex":0.0,"electionDayVotesPercent":0.0,"nominatorAbbr":{"fi":"YL1","sv":"YL1","en":"YL1"}},{"age":51,"advanceVotesPercent":0.0,"lastname":"Sevon","occupation":"agrologi","advanceVotes":0,"npid":7,"totalVotes":0,"spid":99,"abbr":"Muut","municipalCouncilor":false,"muid":601,"alid":7,"firstname":"Mauno","electionDayVotes":0,"pid":"6017","finalPosition":0,"electedInformation":"NOT_ELECTED","totalVotesPercent":0.0,"nominatorName":{"fi":"Mauno Sevon","sv":"Mauno Sevon","en":"Mauno Sevon"},"caid":81,"position":0,"gender":"1","comparisonData":{"totalVotes":0,"votesTotalChange":0},"edid":11,"comparativeIndex":0.0,"electionDayVotesPercent":0.0,"nominatorAbbr":{"fi":"E81","sv":"E81","en":"E81"}}],"municipalityPollingDistricts":[{"name":{"fi":"Alvajärvi","sv":"Alvajärvi"},"calculationStatusPercent":100.0,"joinedArea":false,"muid":601,"totalVotingInFinlandTurnout":71.1,"identification":"001","pdid":"001","eligibleVotersInFinlandTotal":197,"edid":11,"mergedToPdid":""},{"name":{"fi":"Elämäjärvi-Peninki","sv":"Elämäjärvi-Peninki"},"calculationStatusPercent":100.0,"joinedArea":false,"muid":601,"totalVotingInFinlandTurnout":62.2,"identification":"002","pdid":"002","eligibleVotersInFinlandTotal":381,"edid":11,"mergedToPdid":""},{"name":{"fi":"Kirkonkylä","sv":"Kirkonkylä"},"calculationStatusPercent":100.0,"joinedArea":false,"muid":601,"totalVotingInFinlandTurnout":61.8,"identification":"003","pdid":"003","eligibleVotersInFinlandTotal":2015,"edid":11,"mergedToPdid":""},{"name":{"fi":"Korppinen","sv":"Korppinen"},"calculationStatusPercent":100.0,"joinedArea":false,"muid":601,"totalVotingInFinlandTurnout":66.1,"identification":"004","pdid":"004","eligibleVotersInFinlandTotal":310,"edid":11,"mergedToPdid":""},{"name":{"fi":"Muurasjärvi","sv":"Muurasjärvi"},"calculationStatusPercent":100.0,"joinedArea":false,"muid":601,"totalVotingInFinlandTurnout":63.8,"identification":"005","pdid":"005","eligibleVotersInFinlandTotal":475,"edid":11,"mergedToPdid":""}],"municipality":{"muid":601,"edid":11,"name":{"fi":"Pihtipudas","sv":"Pihtipudas"}}}