{"version":10,"created":"2017-04-09T17:37:20.030Z","electionDetails":{"electionId":"kv2017","electionDate":"2017-04-09T00:00:00.000Z","electionDataPublishTime":"2017-04-09T17:00:00.000Z","name":{"fi":"Kuntavaalit 2017","sv":"Kommunalval 2017","en":"Elections 2017"},"previousElections":{"correspondingCompareElection":{"electionId":"kv2012","electionDate":"2012-10-28T00:00:00.000Z","name":{"fi":"Kuntavaalit 2012","en":"Municipal elections 2012","sv":"Kommunalval 2012"}},"otherCompareElection":{"electionId":"ev2015","electionDate":"2015-04-19T00:00:00.000Z","name":{"fi":"Eduskuntavaalit 2015","en":"Parliamentary election 2015","sv":"Riksdagsval 2015"}}}},"calculationStatus":{"electionDayVotingTurnout":34.1,"invalidAdvanceVotes":7,"calculationPhase":"INITIAL","invalidElectionDayVotes":0,"approvedAdvanceVotes":666,"advanceVotingTurnout":22.4,"totalVotingTurnoutAbroad":0.0,"name":{"fi":"Aura","sv":"Aura"},"calculationStatusPercent":39.6,"advanceVotes":673,"electionDayVotingTurnoutAbroad":0.0,"approvedTotalVotes":666,"totalVotes":1698,"muid":19,"totalVotingInFinlandTurnout":56.5,"advanceVotingTurnoutAbroad":0.0,"invalidTotalVotes":7,"totalVotingTurnout":56.5,"electionDayVotes":1025,"electionDayVotesInFinland":1025,"pdid":"001","totalVotesInFinlandMen":0,"eligibleVotersInFinlandTotal":3005,"calculationStatusPercentElectionDayVotes":0.0,"sourceRecordModificationTime":"20170409200310","otherCompareElection":{"eid":"","eligibleVotersInFinlandTotal":0,"advanceVotingInFinlandTurnout":0.0,"electionDayVotingInFinlandTurnout":0.0,"totalVotingInFinlandTurnout":0.0,"approvedVotesTotal":0,"invalidVotesTotal":0},"correspondingCompareElection":{"eid":"","eligibleVotersInFinlandTotal":0,"advanceVotingInFinlandTurnout":0.0,"electionDayVotingInFinlandTurnout":0.0,"totalVotingInFinlandTurnout":0.0,"approvedVotesTotal":0,"invalidVotesTotal":0,"seats":0},"approvedElectionDayVotes":0,"edid":3,"calculationStatusPercentAdvanceVotes":100.0,"electionDayVotingInFinlandTurnout":34.1,"seats":0,"eligibleVotersTotal":3005,"advanceVotesInFinland":673,"advanceVotingInFinlandTurnout":22.4,"totalVotesInFinland":1698},"partyResults":[{"advanceVotesPercent":37.5,"name":{"fi":"Suomen Sosialidemokraattinen Puolue","sv":"Finlands Socialdemokratiska Parti","en":"The Finnish Social Democratic Party"},"advanceVotes":250,"npid":4,"totalVotes":250,"spid":4,"abbr":{"fi":"SDP","sv":"SDP","en":"SDP"},"alid":4,"electionDayVotes":0,"pid":"1","totalVotesPercent":37.5,"nominatorName":{"fi":"Suomen Sosialidemokraattinen Puolue","sv":"Finlands Socialdemokratiska Parti","en":"The Finnish Social Democratic Party"},"compareData":{"otherCompareElection":{"votesTotalChange":0,"votesTotalPercentChange":0.0,"votesTotal":250,"votesTotalPercent":37.5},"correspondingCompareElection":{"votesTotalChange":0,"votesTotalPercentChange":0.0,"seatChange":0,"votesTotal":250,"votesTotalPercent":37.5,"seatsTotal":0}},"seats":0,"electionDayVotesPercent":0.0,"nominatorAbbr":{"fi":"SDP","sv":"SDP","en":"SDP"}},{"advanceVotesPercent":29.9,"name":{"fi":"Suomen Keskusta","sv":"Centern i Finland","en":"Centre Party of Finland"},"advanceVotes":199,"npid":2,"totalVotes":199,"spid":1,"abbr":{"fi":"KESK","sv":"C","en":"CENT"},"alid":2,"electionDayVotes":0,"pid":"2","totalVotesPercent":29.9,"nominatorName":{"fi":"Suomen Keskusta","sv":"Centern i Finland","en":"Centre Party of Finland"},"compareData":{"otherCompareElection":{"votesTotalChange":0,"votesTotalPercentChange":0.0,"votesTotal":199,"votesTotalPercent":29.9},"correspondingCompareElection":{"votesTotalChange":0,"votesTotalPercentChange":0.0,"seatChange":0,"votesTotal":199,"votesTotalPercent":29.9,"seatsTotal":0}},"seats":0,"electionDayVotesPercent":0.0,"nominatorAbbr":{"fi":"KESK","sv":"C","en":"CENT"}},{"advanceVotesPercent":22.7,"name":{"fi":"Kansallinen Kokoomus","sv":"Samlingspartiet","en":"National Coalition Party"},"advanceVotes":151,"npid":1,"totalVotes":151,"spid":2,"abbr":{"fi":"KOK","sv":"Saml","en":"NCP"},"alid":1,"electionDayVotes":0,"pid":"4","totalVotesPercent":22.7,"nominatorName":{"fi":"Kansallinen Kokoomus","sv":"Samlingspartiet","en":"National Coalition Party"},"compareData":{"otherCompareElection":{"votesTotalChange":0,"votesTotalPercentChange":0.0,"votesTotal":151,"votesTotalPercent":22.7},"correspondingCompareElection":{"votesTotalChange":0,"votesTotalPercentChange":0.0,"seatChange":0,"votesTotal":151,"votesTotalPercent":22.7,"seatsTotal":0}},"seats":0,"electionDayVotesPercent":0.0,"nominatorAbbr":{"fi":"KOK","sv":"Saml","en":"NCP"}},{"advanceVotesPercent":9.9,"name":{"fi":"Perussuomalaiset","sv":"Sannfinländarna","en":"The Finns Party"},"advanceVotes":66,"npid":3,"totalVotes":66,"spid":3,"abbr":{"fi":"PS","sv":"Sannf","en":"FINNS"},"alid":3,"electionDayVotes":0,"pid":"23","totalVotesPercent":9.9,"nominatorName":{"fi":"Perussuomalaiset","sv":"Sannfinländarna","en":"The Finns Party"},"compareData":{"otherCompareElection":{"votesTotalChange":0,"votesTotalPercentChange":0.0,"votesTotal":66,"votesTotalPercent":9.9},"correspondingCompareElection":{"votesTotalChange":0,"votesTotalPercentChange":0.0,"seatChange":0,"votesTotal":66,"votesTotalPercent":9.9,"seatsTotal":0}},"seats":0,"electionDayVotesPercent":0.0,"nominatorAbbr":{"fi":"PS","sv":"Sannf","en":"FINNS"}}],"candidateResults":[{"age":67,"advanceVotesPercent":12.6,"lastname":"Vainio","occupation":"Palveluneuvoja, kauppateknikko","advanceVotes":84,"npid":4,"totalVotes":84,"spid":4,"abbr":"SDP","municipalCouncilor":true,"muid":19,"alid":4,"firstname":"Ritva","electionDayVotes":0,"pid":"1","finalPosition":0,"electedInformation":"ELECTED","totalVotesPercent":12.6,"nominatorName":{"fi":"Suomen Sosialidemokraattinen Puolue","sv":"Finlands Socialdemokratiska Parti","en":"The Finnish Social Democratic Party"},"caid":45,"position":0,"gender":"2","comparisonData":{"totalVotes":83,"votesTotalChange":1},"edid":3,"comparativeIndex":0.0,"electionDayVotesPercent":0.0,"nominatorAbbr":{"fi":"SDP","sv":"SDP","en":"SDP"}},{"age":53,"advanceVotesPercent":8.9,"lastname":"Yli-Pohja","occupation":"Rakentaja","advanceVotes":59,"npid":4,"totalVotes":59,"spid":4,"abbr":"SDP","municipalCouncilor":false,"muid":19,"alid":4,"firstname":"Juhani","electionDayVotes":0,"pid":"1","finalPosition":0,"electedInformation":"ELECTED","totalVotesPercent":8.9,"nominatorName":{"fi":"Suomen Sosialidemokraattinen Puolue","sv":"Finlands Socialdemokratiska Parti","en":"The Finnish Social Democratic Party"},"caid":46,"position":0,"gender":"1","comparisonData":{"totalVotes":34,"votesTotalChange":25},"edid":3,"comparativeIndex":0.0,"electionDayVotesPercent":0.0,"nominatorAbbr":{"fi":"SDP","sv":"SDP","en":"SDP"}},{"age":58,"advanceVotesPercent":7.2,"lastname":"Leppäkoski","occupation":"Maatalousyrittäjä, insinööri","advanceVotes":48,"npid":2,"totalVotes":48,"spid":1,"abbr":"KESK","municipalCouncilor":true,"muid":19,"alid":2,"firstname":"Matti","electionDayVotes":0,"pid":"2","finalPosition":0,"electedInformation":"ELECTED","totalVotesPercent":7.2,"nominatorName":{"fi":"Suomen Keskusta","sv":"Centern i Finland","en":"Centre Party of Finland"},"caid":26,"position":0,"gender":"1","comparisonData":{"totalVotes":96,"votesTotalChange":-48},"edid":3,"comparativeIndex":0.0,"electionDayVotesPercent":0.0,"nominatorAbbr":{"fi":"KESK","sv":"C","en":"CENT"}},{"age":36,"advanceVotesPercent":5.4,"lastname":"Rajakangas","occupation":"Koulunkäynnin- ja iltapäiväkerhonohjaaja","advanceVotes":36,"npid":4,"totalVotes":36,"spid":4,"abbr":"SDP","municipalCouncilor":false,"muid":19,"alid":4,"firstname":"Heidi","electionDayVotes":0,"pid":"1","finalPosition":0,"electedInformation":"ELECTED","totalVotesPercent":5.4,"nominatorName":{"fi":"Suomen Sosialidemokraattinen Puolue","sv":"Finlands Socialdemokratiska Parti","en":"The Finnish Social Democratic Party"},"caid":44,"position":0,"gender":"2","comparisonData":{"totalVotes":0,"votesTotalChange":36},"edid":3,"comparativeIndex":0.0,"electionDayVotesPercent":0.0,"nominatorAbbr":{"fi":"SDP","sv":"SDP","en":"SDP"}},{"age":57,"advanceVotesPercent":4.8,"lastname":"Leino","occupation":"Ympäristövastaava","advanceVotes":32,"npid":4,"totalVotes":32,"spid":4,"abbr":"SDP","municipalCouncilor":false,"muid":19,"alid":4,"firstname":"Jukka","electionDayVotes":0,"pid":"1","finalPosition":0,"electedInformation":"ELECTED","totalVotesPercent":4.8,"nominatorName":{"fi":"Suomen Sosialidemokraattinen Puolue","sv":"Finlands Socialdemokratiska Parti","en":"The Finnish Social Democratic Party"},"caid":43,"position":0,"gender":"1","comparisonData":{"totalVotes":9,"votesTotalChange":23},"edid":3,"comparativeIndex":0.0,"electionDayVotesPercent":0.0,"nominatorAbbr":{"fi":"SDP","sv":"SDP","en":"SDP"}},{"age":45,"advanceVotesPercent":4.4,"lastname":"Koivu","occupation":"Yrittäjä","advanceVotes":29,"npid":1,"totalVotes":29,"spid":2,"abbr":"KOK","municipalCouncilor":true,"muid":19,"alid":1,"firstname":"Kari","electionDayVotes":0,"pid":"4","finalPosition":0,"electedInformation":"ELECTED","totalVotesPercent":4.4,"nominatorName":{"fi":"Kansallinen Kokoomus","sv":"Samlingspartiet","en":"National Coalition Party"},"caid":7,"position":0,"gender":"1","comparisonData":{"totalVotes":63,"votesTotalChange":-34},"edid":3,"comparativeIndex":0.0,"electionDayVotesPercent":0.0,"nominatorAbbr":{"fi":"KOK","sv":"Saml","en":"NCP"}},{"age":44,"advanceVotesPercent":3.9,"lastname":"Haapanen","occupation":"Yrittäjä, soitonopettaja","advanceVotes":26,"npid":3,"totalVotes":26,"spid":3,"abbr":"PS","municipalCouncilor":true,"muid":19,"alid":3,"firstname":"Ari-Pekka","electionDayVotes":0,"pid":"23","finalPosition":0,"electedInformation":"ELECTED","totalVotesPercent":3.9,"nominatorName":{"fi":"Perussuomalaiset","sv":"Sannfinländarna","en":"The Finns Party"},"caid":37,"position":0,"gender":"1","comparisonData":{"totalVotes":51,"votesTotalChange":-25},"edid":3,"comparativeIndex":0.0,"electionDayVotesPercent":0.0,"nominatorAbbr":{"fi":"PS","sv":"Sannf","en":"FINNS"}},{"age":64,"advanceVotesPercent":3.8,"lastname":"Holmberg","occupation":"Sosiaalijohtaja","advanceVotes":25,"npid":2,"totalVotes":25,"spid":1,"abbr":"KESK","municipalCouncilor":false,"muid":19,"alid":2,"firstname":"Liisa-Anneli","electionDayVotes":0,"pid":"2","finalPosition":0,"electedInformation":"ELECTED","totalVotesPercent":3.8,"nominatorName":{"fi":"Suomen Keskusta","sv":"Centern i Finland","en":"Centre Party of Finland"},"caid":22,"position":0,"gender":"2","comparisonData":{"totalVotes":0,"votesTotalChange":25},"edid":3,"comparativeIndex":0.0,"electionDayVotesPercent":0.0,"nominatorAbbr":{"fi":"KESK","sv":"C","en":"CENT"}},{"age":50,"advanceVotesPercent":3.5,"lastname":"Vähä-Rahka","occupation":"Yrittäjä, Agrologi YAMK","advanceVotes":23,"npid":2,"totalVotes":23,"spid":1,"abbr":"KESK","municipalCouncilor":true,"muid":19,"alid":2,"firstname":"Jouko","electionDayVotes":0,"pid":"2","finalPosition":0,"electedInformation":"ELECTED","totalVotesPercent":3.5,"nominatorName":{"fi":"Suomen Keskusta","sv":"Centern i Finland","en":"Centre Party of Finland"},"caid":34,"position":0,"gender":"1","comparisonData":{"totalVotes":46,"votesTotalChange":-23},"edid":3,"comparativeIndex":0.0,"electionDayVotesPercent":0.0,"nominatorAbbr":{"fi":"KESK","sv":"C","en":"CENT"}},{"age":46,"advanceVotesPercent":3.5,"lastname":"Aarnio","occupation":"Työteknikko","advanceVotes":23,"npid":4,"totalVotes":23,"spid":4,"abbr":"SDP","municipalCouncilor":true,"muid":19,"alid":4,"firstname":"Niina","electionDayVotes":0,"pid":"1","finalPosition":0,"electedInformation":"ELECTED","totalVotesPercent":3.5,"nominatorName":{"fi":"Suomen Sosialidemokraattinen Puolue","sv":"Finlands Socialdemokratiska Parti","en":"The Finnish Social Democratic Party"},"caid":41,"position":0,"gender":"2","comparisonData":{"totalVotes":39,"votesTotalChange":-16},"edid":3,"comparativeIndex":0.0,"electionDayVotesPercent":0.0,"nominatorAbbr":{"fi":"SDP","sv":"SDP","en":"SDP"}},{"age":57,"advanceVotesPercent":3.2,"lastname":"Soukka","occupation":"Kirvesmies","advanceVotes":21,"npid":3,"totalVotes":21,"spid":3,"abbr":"PS","municipalCouncilor":false,"muid":19,"alid":3,"firstname":"Ilkka","electionDayVotes":0,"pid":"23","finalPosition":0,"electedInformation":"ELECTED","totalVotesPercent":3.2,"nominatorName":{"fi":"Perussuomalaiset","sv":"Sannfinländarna","en":"The Finns Party"},"caid":40,"position":0,"gender":"1","comparisonData":{"totalVotes":22,"votesTotalChange":-1},"edid":3,"comparativeIndex":0.0,"electionDayVotesPercent":0.0,"nominatorAbbr":{"fi":"PS","sv":"Sannf","en":"FINNS"}},{"age":67,"advanceVotesPercent":2.9,"lastname":"Isotalo","occupation":"Maanviljelijä","advanceVotes":19,"npid":1,"totalVotes":19,"spid":2,"abbr":"KOK","municipalCouncilor":true,"muid":19,"alid":1,"firstname":"Heikki","electionDayVotes":0,"pid":"4","finalPosition":0,"electedInformation":"ELECTED","totalVotesPercent":2.9,"nominatorName":{"fi":"Kansallinen Kokoomus","sv":"Samlingspartiet","en":"National Coalition Party"},"caid":4,"position":0,"gender":"1","comparisonData":{"totalVotes":45,"votesTotalChange":-26},"edid":3,"comparativeIndex":0.0,"electionDayVotesPercent":0.0,"nominatorAbbr":{"fi":"KOK","sv":"Saml","en":"NCP"}},{"age":38,"advanceVotesPercent":2.7,"lastname":"Paloniitty","occupation":"Lentoupseeri","advanceVotes":18,"npid":1,"totalVotes":18,"spid":2,"abbr":"KOK","municipalCouncilor":true,"muid":19,"alid":1,"firstname":"Riku","electionDayVotes":0,"pid":"4","finalPosition":0,"electedInformation":"ELECTED","totalVotesPercent":2.7,"nominatorName":{"fi":"Kansallinen Kokoomus","sv":"Samlingspartiet","en":"National Coalition Party"},"caid":14,"position":0,"gender":"1","comparisonData":{"totalVotes":49,"votesTotalChange":-31},"edid":3,"comparativeIndex":0.0,"electionDayVotesPercent":0.0,"nominatorAbbr":{"fi":"KOK","sv":"Saml","en":"NCP"}},{"age":52,"advanceVotesPercent":2.4,"lastname":"Alanko","occupation":"Kirvesmies","advanceVotes":16,"npid":4,"totalVotes":16,"spid":4,"abbr":"SDP","municipalCouncilor":true,"muid":19,"alid":4,"firstname":"Jyrki","electionDayVotes":0,"pid":"1","finalPosition":0,"electedInformation":"ELECTED","totalVotesPercent":2.4,"nominatorName":{"fi":"Suomen Sosialidemokraattinen Puolue","sv":"Finlands Socialdemokratiska Parti","en":"The Finnish Social Democratic Party"},"caid":42,"position":0,"gender":"1","comparisonData":{"totalVotes":37,"votesTotalChange":-21},"edid":3,"comparativeIndex":0.0,"electionDayVotesPercent":0.0,"nominatorAbbr":{"fi":"SDP","sv":"SDP","en":"SDP"}},{"age":61,"advanceVotesPercent":2.3,"lastname":"Maasalo","occupation":"Perushoitaja","advanceVotes":15,"npid":2,"totalVotes":15,"spid":1,"abbr":"KESK","municipalCouncilor":true,"muid":19,"alid":2,"firstname":"Merja","electionDayVotes":0,"pid":"2","finalPosition":0,"electedInformation":"ELECTED","totalVotesPercent":2.3,"nominatorName":{"fi":"Suomen Keskusta","sv":"Centern i Finland","en":"Centre Party of Finland"},"caid":28,"position":0,"gender":"2","comparisonData":{"totalVotes":38,"votesTotalChange":-23},"edid":3,"comparativeIndex":0.0,"electionDayVotesPercent":0.0,"nominatorAbbr":{"fi":"KESK","sv":"C","en":"CENT"}},{"age":42,"advanceVotesPercent":2.3,"lastname":"Nieminen","occupation":"Yrittäjä","advanceVotes":15,"npid":3,"totalVotes":15,"spid":3,"abbr":"PS","municipalCouncilor":false,"muid":19,"alid":3,"firstname":"Netta","electionDayVotes":0,"pid":"23","finalPosition":0,"electedInformation":"ON_SUBSTITUTE_PLACE","totalVotesPercent":2.3,"nominatorName":{"fi":"Perussuomalaiset","sv":"Sannfinländarna","en":"The Finns Party"},"caid":39,"position":0,"gender":"2","comparisonData":{"totalVotes":0,"votesTotalChange":15},"edid":3,"comparativeIndex":0.0,"electionDayVotesPercent":0.0,"nominatorAbbr":{"fi":"PS","sv":"Sannf","en":"FINNS"}},{"age":45,"advanceVotesPercent":2.1,"lastname":"Sahla","occupation":"Diakonissa, sairaanhoitaja","advanceVotes":14,"npid":2,"totalVotes":14,"spid":1,"abbr":"KESK","municipalCouncilor":false,"muid":19,"alid":2,"firstname":"Taru","electionDayVotes":0,"pid":"2","finalPosition":0,"electedInformation":"ELECTED","totalVotesPercent":2.1,"nominatorName":{"fi":"Suomen Keskusta","sv":"Centern i Finland","en":"Centre Party of Finland"},"caid":32,"position":0,"gender":"2","comparisonData":{"totalVotes":12,"votesTotalChange":2},"edid":3,"comparativeIndex":0.0,"electionDayVotesPercent":0.0,"nominatorAbbr":{"fi":"KESK","sv":"C","en":"CENT"}},{"age":64,"advanceVotesPercent":1.8,"lastname":"Laakso","occupation":"Yrittäjä","advanceVotes":12,"npid":1,"totalVotes":12,"spid":2,"abbr":"KOK","municipalCouncilor":false,"muid":19,"alid":1,"firstname":"Arvo","electionDayVotes":0,"pid":"4","finalPosition":0,"electedInformation":"ELECTED","totalVotesPercent":1.8,"nominatorName":{"fi":"Kansallinen Kokoomus","sv":"Samlingspartiet","en":"National Coalition Party"},"caid":9,"position":0,"gender":"1","comparisonData":{"totalVotes":15,"votesTotalChange":-3},"edid":3,"comparativeIndex":0.0,"electionDayVotesPercent":0.0,"nominatorAbbr":{"fi":"KOK","sv":"Saml","en":"NCP"}},{"age":34,"advanceVotesPercent":1.7,"lastname":"Laine","occupation":"Ensihoitaja","advanceVotes":11,"npid":1,"totalVotes":11,"spid":2,"abbr":"KOK","municipalCouncilor":true,"muid":19,"alid":1,"firstname":"Sannamari","electionDayVotes":0,"pid":"4","finalPosition":0,"electedInformation":"ELECTED","totalVotesPercent":1.7,"nominatorName":{"fi":"Kansallinen Kokoomus","sv":"Samlingspartiet","en":"National Coalition Party"},"caid":10,"position":0,"gender":"2","comparisonData":{"totalVotes":49,"votesTotalChange":-38},"edid":3,"comparativeIndex":0.0,"electionDayVotesPercent":0.0,"nominatorAbbr":{"fi":"KOK","sv":"Saml","en":"NCP"}},{"age":49,"advanceVotesPercent":1.5,"lastname":"Leino","occupation":"Markkinointipäällikkö","advanceVotes":10,"npid":1,"totalVotes":10,"spid":2,"abbr":"KOK","municipalCouncilor":false,"muid":19,"alid":1,"firstname":"Outi","electionDayVotes":0,"pid":"4","finalPosition":0,"electedInformation":"ON_SUBSTITUTE_PLACE","totalVotesPercent":1.5,"nominatorName":{"fi":"Kansallinen Kokoomus","sv":"Samlingspartiet","en":"National Coalition Party"},"caid":11,"position":0,"gender":"2","comparisonData":{"totalVotes":13,"votesTotalChange":-3},"edid":3,"comparativeIndex":0.0,"electionDayVotesPercent":0.0,"nominatorAbbr":{"fi":"KOK","sv":"Saml","en":"NCP"}},{"age":64,"advanceVotesPercent":1.5,"lastname":"Heikka","occupation":"Eläkeläinen","advanceVotes":10,"npid":2,"totalVotes":10,"spid":1,"abbr":"KESK","municipalCouncilor":false,"muid":19,"alid":2,"firstname":"Maj-Len","electionDayVotes":0,"pid":"2","finalPosition":0,"electedInformation":"ELECTED","totalVotesPercent":1.5,"nominatorName":{"fi":"Suomen Keskusta","sv":"Centern i Finland","en":"Centre Party of Finland"},"caid":21,"position":0,"gender":"2","comparisonData":{"totalVotes":15,"votesTotalChange":-5},"edid":3,"comparativeIndex":0.0,"electionDayVotesPercent":0.0,"nominatorAbbr":{"fi":"KESK","sv":"C","en":"CENT"}},{"age":52,"advanceVotesPercent":1.4,"lastname":"Suominen","occupation":"Paalutusurakoitsija","advanceVotes":9,"npid":1,"totalVotes":9,"spid":2,"abbr":"KOK","municipalCouncilor":false,"muid":19,"alid":1,"firstname":"Timo","electionDayVotes":0,"pid":"4","finalPosition":0,"electedInformation":"ON_SUBSTITUTE_PLACE","totalVotesPercent":1.4,"nominatorName":{"fi":"Kansallinen Kokoomus","sv":"Samlingspartiet","en":"National Coalition Party"},"caid":19,"position":0,"gender":"1","comparisonData":{"totalVotes":7,"votesTotalChange":2},"edid":3,"comparativeIndex":0.0,"electionDayVotesPercent":0.0,"nominatorAbbr":{"fi":"KOK","sv":"Saml","en":"NCP"}},{"age":38,"advanceVotesPercent":1.4,"lastname":"Humalajoki","occupation":"Opettaja, FM","advanceVotes":9,"npid":2,"totalVotes":9,"spid":1,"abbr":"KESK","municipalCouncilor":false,"muid":19,"alid":2,"firstname":"Riina","electionDayVotes":0,"pid":"2","finalPosition":0,"electedInformation":"ON_SUBSTITUTE_PLACE","totalVotesPercent":1.4,"nominatorName":{"fi":"Suomen Keskusta","sv":"Centern i Finland","en":"Centre Party of Finland"},"caid":23,"position":0,"gender":"2","comparisonData":{"totalVotes":0,"votesTotalChange":9},"edid":3,"comparativeIndex":0.0,"electionDayVotesPercent":0.0,"nominatorAbbr":{"fi":"KESK","sv":"C","en":"CENT"}},{"age":55,"advanceVotesPercent":1.4,"lastname":"Mäki","occupation":"It-konsultti","advanceVotes":9,"npid":2,"totalVotes":9,"spid":1,"abbr":"KESK","municipalCouncilor":false,"muid":19,"alid":2,"firstname":"Kaija","electionDayVotes":0,"pid":"2","finalPosition":0,"electedInformation":"ON_SUBSTITUTE_PLACE","totalVotesPercent":1.4,"nominatorName":{"fi":"Suomen Keskusta","sv":"Centern i Finland","en":"Centre Party of Finland"},"caid":29,"position":0,"gender":"2","comparisonData":{"totalVotes":18,"votesTotalChange":-9},"edid":3,"comparativeIndex":0.0,"electionDayVotesPercent":0.0,"nominatorAbbr":{"fi":"KESK","sv":"C","en":"CENT"}},{"age":48,"advanceVotesPercent":1.2,"lastname":"Rantala","occupation":"Maanviljelijä","advanceVotes":8,"npid":2,"totalVotes":8,"spid":1,"abbr":"KESK","municipalCouncilor":false,"muid":19,"alid":2,"firstname":"Kimmo","electionDayVotes":0,"pid":"2","finalPosition":0,"electedInformation":"ON_SUBSTITUTE_PLACE","totalVotesPercent":1.2,"nominatorName":{"fi":"Suomen Keskusta","sv":"Centern i Finland","en":"Centre Party of Finland"},"caid":31,"position":0,"gender":"1","comparisonData":{"totalVotes":0,"votesTotalChange":8},"edid":3,"comparativeIndex":0.0,"electionDayVotesPercent":0.0,"nominatorAbbr":{"fi":"KESK","sv":"C","en":"CENT"}},{"age":45,"advanceVotesPercent":1.1,"lastname":"Aalto","occupation":"Taloushallinnon merkonomi","advanceVotes":7,"npid":1,"totalVotes":7,"spid":2,"abbr":"KOK","municipalCouncilor":false,"muid":19,"alid":1,"firstname":"Pia","electionDayVotes":0,"pid":"4","finalPosition":0,"electedInformation":"ON_SUBSTITUTE_PLACE","totalVotesPercent":1.1,"nominatorName":{"fi":"Kansallinen Kokoomus","sv":"Samlingspartiet","en":"National Coalition Party"},"caid":2,"position":0,"gender":"2","comparisonData":{"totalVotes":17,"votesTotalChange":-10},"edid":3,"comparativeIndex":0.0,"electionDayVotesPercent":0.0,"nominatorAbbr":{"fi":"KOK","sv":"Saml","en":"NCP"}},{"age":19,"advanceVotesPercent":1.1,"lastname":"Kähkönen","occupation":"Opiskelija","advanceVotes":7,"npid":1,"totalVotes":7,"spid":2,"abbr":"KOK","municipalCouncilor":false,"muid":19,"alid":1,"firstname":"Joonas","electionDayVotes":0,"pid":"4","finalPosition":0,"electedInformation":"ON_SUBSTITUTE_PLACE","totalVotesPercent":1.1,"nominatorName":{"fi":"Kansallinen Kokoomus","sv":"Samlingspartiet","en":"National Coalition Party"},"caid":8,"position":0,"gender":"1","comparisonData":{"totalVotes":0,"votesTotalChange":7},"edid":3,"comparativeIndex":0.0,"electionDayVotesPercent":0.0,"nominatorAbbr":{"fi":"KOK","sv":"Saml","en":"NCP"}},{"age":59,"advanceVotesPercent":1.1,"lastname":"Kulmala","occupation":"Ammatillinen erityisopettaja","advanceVotes":7,"npid":2,"totalVotes":7,"spid":1,"abbr":"KESK","municipalCouncilor":false,"muid":19,"alid":2,"firstname":"Erkki","electionDayVotes":0,"pid":"2","finalPosition":0,"electedInformation":"ON_SUBSTITUTE_PLACE","totalVotesPercent":1.1,"nominatorName":{"fi":"Suomen Keskusta","sv":"Centern i Finland","en":"Centre Party of Finland"},"caid":24,"position":0,"gender":"1","comparisonData":{"totalVotes":0,"votesTotalChange":7},"edid":3,"comparativeIndex":0.0,"electionDayVotesPercent":0.0,"nominatorAbbr":{"fi":"KESK","sv":"C","en":"CENT"}},{"age":62,"advanceVotesPercent":1.1,"lastname":"Litva","occupation":"Yrittäjä","advanceVotes":7,"npid":2,"totalVotes":7,"spid":1,"abbr":"KESK","municipalCouncilor":true,"muid":19,"alid":2,"firstname":"Ismo","electionDayVotes":0,"pid":"2","finalPosition":0,"electedInformation":"ON_SUBSTITUTE_PLACE","totalVotesPercent":1.1,"nominatorName":{"fi":"Suomen Keskusta","sv":"Centern i Finland","en":"Centre Party of Finland"},"caid":27,"position":0,"gender":"1","comparisonData":{"totalVotes":23,"votesTotalChange":-16},"edid":3,"comparativeIndex":0.0,"electionDayVotesPercent":0.0,"nominatorAbbr":{"fi":"KESK","sv":"C","en":"CENT"}},{"age":68,"advanceVotesPercent":1.1,"lastname":"Numminen","occupation":"Eläkeläinen, lähihoitaja","advanceVotes":7,"npid":2,"totalVotes":7,"spid":1,"abbr":"KESK","municipalCouncilor":false,"muid":19,"alid":2,"firstname":"Kirsti","electionDayVotes":0,"pid":"2","finalPosition":0,"electedInformation":"ON_SUBSTITUTE_PLACE","totalVotesPercent":1.1,"nominatorName":{"fi":"Suomen Keskusta","sv":"Centern i Finland","en":"Centre Party of Finland"},"caid":30,"position":0,"gender":"2","comparisonData":{"totalVotes":10,"votesTotalChange":-3},"edid":3,"comparativeIndex":0.0,"electionDayVotesPercent":0.0,"nominatorAbbr":{"fi":"KESK","sv":"C","en":"CENT"}},{"age":40,"advanceVotesPercent":0.9,"lastname":"Ääri","occupation":"Yrittäjä","advanceVotes":6,"npid":2,"totalVotes":6,"spid":1,"abbr":"KESK","municipalCouncilor":false,"muid":19,"alid":2,"firstname":"Antti","electionDayVotes":0,"pid":"2","finalPosition":0,"electedInformation":"NOT_ELECTED","totalVotesPercent":0.9,"nominatorName":{"fi":"Suomen Keskusta","sv":"Centern i Finland","en":"Centre Party of Finland"},"caid":35,"position":0,"gender":"1","comparisonData":{"totalVotes":18,"votesTotalChange":-12},"edid":3,"comparativeIndex":0.0,"electionDayVotesPercent":0.0,"nominatorAbbr":{"fi":"KESK","sv":"C","en":"CENT"}},{"age":60,"advanceVotesPercent":0.8,"lastname":"Pelttari","occupation":"Henkilökohtainen avustaja","advanceVotes":5,"npid":1,"totalVotes":5,"spid":2,"abbr":"KOK","municipalCouncilor":false,"muid":19,"alid":1,"firstname":"Marjo","electionDayVotes":0,"pid":"4","finalPosition":0,"electedInformation":"ON_SUBSTITUTE_PLACE","totalVotesPercent":0.8,"nominatorName":{"fi":"Kansallinen Kokoomus","sv":"Samlingspartiet","en":"National Coalition Party"},"caid":15,"position":0,"gender":"2","comparisonData":{"totalVotes":12,"votesTotalChange":-7},"edid":3,"comparativeIndex":0.0,"electionDayVotesPercent":0.0,"nominatorAbbr":{"fi":"KOK","sv":"Saml","en":"NCP"}},{"age":37,"advanceVotesPercent":0.6,"lastname":"Kauhanen","occupation":"Lähihoitaja","advanceVotes":4,"npid":1,"totalVotes":4,"spid":2,"abbr":"KOK","municipalCouncilor":false,"muid":19,"alid":1,"firstname":"Virpi","electionDayVotes":0,"pid":"4","finalPosition":0,"electedInformation":"NOT_ELECTED","totalVotesPercent":0.6,"nominatorName":{"fi":"Kansallinen Kokoomus","sv":"Samlingspartiet","en":"National Coalition Party"},"caid":6,"position":0,"gender":"2","comparisonData":{"totalVotes":0,"votesTotalChange":4},"edid":3,"comparativeIndex":0.0,"electionDayVotesPercent":0.0,"nominatorAbbr":{"fi":"KOK","sv":"Saml","en":"NCP"}},{"age":47,"advanceVotesPercent":0.6,"lastname":"Mäkelä","occupation":"Diplomi-insinööri","advanceVotes":4,"npid":1,"totalVotes":4,"spid":2,"abbr":"KOK","municipalCouncilor":false,"muid":19,"alid":1,"firstname":"Mika","electionDayVotes":0,"pid":"4","finalPosition":0,"electedInformation":"NOT_ELECTED","totalVotesPercent":0.6,"nominatorName":{"fi":"Kansallinen Kokoomus","sv":"Samlingspartiet","en":"National Coalition Party"},"caid":12,"position":0,"gender":"1","comparisonData":{"totalVotes":15,"votesTotalChange":-11},"edid":3,"comparativeIndex":0.0,"electionDayVotesPercent":0.0,"nominatorAbbr":{"fi":"KOK","sv":"Saml","en":"NCP"}},{"age":47,"advanceVotesPercent":0.6,"lastname":"Pääkkö","occupation":"Yrittäjä","advanceVotes":4,"npid":1,"totalVotes":4,"spid":2,"abbr":"KOK","municipalCouncilor":false,"muid":19,"alid":1,"firstname":"Marko","electionDayVotes":0,"pid":"4","finalPosition":0,"electedInformation":"NOT_ELECTED","totalVotesPercent":0.6,"nominatorName":{"fi":"Kansallinen Kokoomus","sv":"Samlingspartiet","en":"National Coalition Party"},"caid":16,"position":0,"gender":"1","comparisonData":{"totalVotes":17,"votesTotalChange":-13},"edid":3,"comparativeIndex":0.0,"electionDayVotesPercent":0.0,"nominatorAbbr":{"fi":"KOK","sv":"Saml","en":"NCP"}},{"age":68,"advanceVotesPercent":0.6,"lastname":"Siukonen","occupation":"Eläkeläinen","advanceVotes":4,"npid":1,"totalVotes":4,"spid":2,"abbr":"KOK","municipalCouncilor":false,"muid":19,"alid":1,"firstname":"Jorma","electionDayVotes":0,"pid":"4","finalPosition":0,"electedInformation":"NOT_ELECTED","totalVotesPercent":0.6,"nominatorName":{"fi":"Kansallinen Kokoomus","sv":"Samlingspartiet","en":"National Coalition Party"},"caid":18,"position":0,"gender":"1","comparisonData":{"totalVotes":13,"votesTotalChange":-9},"edid":3,"comparativeIndex":0.0,"electionDayVotesPercent":0.0,"nominatorAbbr":{"fi":"KOK","sv":"Saml","en":"NCP"}},{"age":48,"advanceVotesPercent":0.6,"lastname":"Anttonen","occupation":"Osastonhoitaja, TtM","advanceVotes":4,"npid":2,"totalVotes":4,"spid":1,"abbr":"KESK","municipalCouncilor":false,"muid":19,"alid":2,"firstname":"Minna","electionDayVotes":0,"pid":"2","finalPosition":0,"electedInformation":"NOT_ELECTED","totalVotesPercent":0.6,"nominatorName":{"fi":"Suomen Keskusta","sv":"Centern i Finland","en":"Centre Party of Finland"},"caid":20,"position":0,"gender":"2","comparisonData":{"totalVotes":9,"votesTotalChange":-5},"edid":3,"comparativeIndex":0.0,"electionDayVotesPercent":0.0,"nominatorAbbr":{"fi":"KESK","sv":"C","en":"CENT"}},{"age":35,"advanceVotesPercent":0.6,"lastname":"Sundqvist","occupation":"Kätilö-sairaanhoitaja","advanceVotes":4,"npid":2,"totalVotes":4,"spid":1,"abbr":"KESK","municipalCouncilor":false,"muid":19,"alid":2,"firstname":"Maria","electionDayVotes":0,"pid":"2","finalPosition":0,"electedInformation":"NOT_ELECTED","totalVotesPercent":0.6,"nominatorName":{"fi":"Suomen Keskusta","sv":"Centern i Finland","en":"Centre Party of Finland"},"caid":33,"position":0,"gender":"2","comparisonData":{"totalVotes":16,"votesTotalChange":-12},"edid":3,"comparativeIndex":0.0,"electionDayVotesPercent":0.0,"nominatorAbbr":{"fi":"KESK","sv":"C","en":"CENT"}},{"age":50,"advanceVotesPercent":0.5,"lastname":"Hirvonen","occupation":"Yrittäjä","advanceVotes":3,"npid":1,"totalVotes":3,"spid":2,"abbr":"KOK","municipalCouncilor":false,"muid":19,"alid":1,"firstname":"Klaus","electionDayVotes":0,"pid":"4","finalPosition":0,"electedInformation":"NOT_ELECTED","totalVotesPercent":0.5,"nominatorName":{"fi":"Kansallinen Kokoomus","sv":"Samlingspartiet","en":"National Coalition Party"},"caid":3,"position":0,"gender":"1","comparisonData":{"totalVotes":0,"votesTotalChange":3},"edid":3,"comparativeIndex":0.0,"electionDayVotesPercent":0.0,"nominatorAbbr":{"fi":"KOK","sv":"Saml","en":"NCP"}},{"age":31,"advanceVotesPercent":0.5,"lastname":"Niemi","occupation":"Insinööri","advanceVotes":3,"npid":1,"totalVotes":3,"spid":2,"abbr":"KOK","municipalCouncilor":false,"muid":19,"alid":1,"firstname":"Mikko","electionDayVotes":0,"pid":"4","finalPosition":0,"electedInformation":"NOT_ELECTED","totalVotesPercent":0.5,"nominatorName":{"fi":"Kansallinen Kokoomus","sv":"Samlingspartiet","en":"National Coalition Party"},"caid":13,"position":0,"gender":"1","comparisonData":{"totalVotes":0,"votesTotalChange":3},"edid":3,"comparativeIndex":0.0,"electionDayVotesPercent":0.0,"nominatorAbbr":{"fi":"KOK","sv":"Saml","en":"NCP"}},{"age":71,"advanceVotesPercent":0.5,"lastname":"Lehtonen","occupation":"Eläkeläinen","advanceVotes":3,"npid":2,"totalVotes":3,"spid":1,"abbr":"KESK","municipalCouncilor":false,"muid":19,"alid":2,"firstname":"Lea","electionDayVotes":0,"pid":"2","finalPosition":0,"electedInformation":"NOT_ELECTED","totalVotesPercent":0.5,"nominatorName":{"fi":"Suomen Keskusta","sv":"Centern i Finland","en":"Centre Party of Finland"},"caid":25,"position":0,"gender":"2","comparisonData":{"totalVotes":14,"votesTotalChange":-11},"edid":3,"comparativeIndex":0.0,"electionDayVotesPercent":0.0,"nominatorAbbr":{"fi":"KESK","sv":"C","en":"CENT"}},{"age":28,"advanceVotesPercent":0.5,"lastname":"Granat","occupation":"Sähköasentaja","advanceVotes":3,"npid":3,"totalVotes":3,"spid":3,"abbr":"PS","municipalCouncilor":false,"muid":19,"alid":3,"firstname":"Jarkko","electionDayVotes":0,"pid":"23","finalPosition":0,"electedInformation":"ON_SUBSTITUTE_PLACE","totalVotesPercent":0.5,"nominatorName":{"fi":"Perussuomalaiset","sv":"Sannfinländarna","en":"The Finns Party"},"caid":36,"position":0,"gender":"1","comparisonData":{"totalVotes":0,"votesTotalChange":3},"edid":3,"comparativeIndex":0.0,"electionDayVotesPercent":0.0,"nominatorAbbr":{"fi":"PS","sv":"Sannf","en":"FINNS"}},{"age":71,"advanceVotesPercent":0.3,"lastname":"Salmi","occupation":"Eläkeläinen","advanceVotes":2,"npid":1,"totalVotes":2,"spid":2,"abbr":"KOK","municipalCouncilor":false,"muid":19,"alid":1,"firstname":"Antti","electionDayVotes":0,"pid":"4","finalPosition":0,"electedInformation":"NOT_ELECTED","totalVotesPercent":0.3,"nominatorName":{"fi":"Kansallinen Kokoomus","sv":"Samlingspartiet","en":"National Coalition Party"},"caid":17,"position":0,"gender":"1","comparisonData":{"totalVotes":3,"votesTotalChange":-1},"edid":3,"comparativeIndex":0.0,"electionDayVotesPercent":0.0,"nominatorAbbr":{"fi":"KOK","sv":"Saml","en":"NCP"}},{"age":38,"advanceVotesPercent":0.2,"lastname":"Koivunen","occupation":"Mekaanikko, korkeakouluopiskelija","advanceVotes":1,"npid":3,"totalVotes":1,"spid":3,"abbr":"PS","municipalCouncilor":false,"muid":19,"alid":3,"firstname":"Jari","electionDayVotes":0,"pid":"23","finalPosition":0,"electedInformation":"NOT_ELECTED","totalVotesPercent":0.2,"nominatorName":{"fi":"Perussuomalaiset","sv":"Sannfinländarna","en":"The Finns Party"},"caid":38,"position":0,"gender":"1","comparisonData":{"totalVotes":16,"votesTotalChange":-15},"edid":3,"comparativeIndex":0.0,"electionDayVotesPercent":0.0,"nominatorAbbr":{"fi":"PS","sv":"Sannf","en":"FINNS"}},{"age":41,"advanceVotesPercent":0.0,"lastname":"Kauhanen","occupation":"Tuotantojohtaja","advanceVotes":0,"npid":1,"totalVotes":0,"spid":2,"abbr":"KOK","municipalCouncilor":false,"muid":19,"alid":1,"firstname":"Tomi","electionDayVotes":0,"pid":"4","finalPosition":0,"electedInformation":"NOT_ELECTED","totalVotesPercent":0.0,"nominatorName":{"fi":"Kansallinen Kokoomus","sv":"Samlingspartiet","en":"National Coalition Party"},"caid":5,"position":0,"gender":"1","comparisonData":{"totalVotes":12,"votesTotalChange":-12},"edid":3,"comparativeIndex":0.0,"electionDayVotesPercent":0.0,"nominatorAbbr":{"fi":"KOK","sv":"Saml","en":"NCP"}}],"municipalityPollingDistricts":[{"name":{"fi":"Aura","sv":"Aura"},"calculationStatusPercent":39.6,"joinedArea":false,"muid":19,"totalVotingInFinlandTurnout":56.5,"identification":"001","pdid":"001","eligibleVotersInFinlandTotal":3005,"edid":3,"mergedToPdid":""}],"municipality":{"muid":19,"edid":3,"name":{"fi":"Aura","sv":"Aura"}}}