{"version":57,"created":"2017-04-09T21:32:10.845Z","electionDetails":{"electionId":"kv2017","electionDate":"2017-04-09T00:00:00.000Z","electionDataPublishTime":"2017-04-09T17:00:00.000Z","name":{"fi":"Kuntavaalit 2017","sv":"Kommunalval 2017","en":"Elections 2017"},"previousElections":{"correspondingCompareElection":{"electionId":"kv2012","electionDate":"2012-10-28T00:00:00.000Z","name":{"fi":"Kuntavaalit 2012","en":"Municipal elections 2012","sv":"Kommunalval 2012"}},"otherCompareElection":{"electionId":"ev2015","electionDate":"2015-04-19T00:00:00.000Z","name":{"fi":"Eduskuntavaalit 2015","en":"Parliamentary election 2015","sv":"Riksdagsval 2015"}}}},"calculationStatus":{"electionDayVotingTurnout":30.4,"invalidAdvanceVotes":4,"calculationPhase":"INITIAL","invalidElectionDayVotes":0,"approvedAdvanceVotes":414,"advanceVotingTurnout":28.0,"totalVotingTurnoutAbroad":0.0,"name":{"fi":"Keskusta","sv":"Centrum"},"calculationStatusPercent":100.0,"advanceVotes":418,"electionDayVotingTurnoutAbroad":0.0,"approvedTotalVotes":865,"totalVotes":872,"muid":78,"totalVotingInFinlandTurnout":58.3,"advanceVotingTurnoutAbroad":0.0,"invalidTotalVotes":4,"totalVotingTurnout":58.3,"electionDayVotes":454,"electionDayVotesInFinland":454,"pdid":"001","totalVotesInFinlandMen":0,"eligibleVotersInFinlandTotal":1495,"calculationStatusPercentElectionDayVotes":100.0,"sourceRecordModificationTime":"20170409222438","otherCompareElection":{"eid":"","eligibleVotersInFinlandTotal":0,"advanceVotingInFinlandTurnout":0.0,"electionDayVotingInFinlandTurnout":0.0,"totalVotingInFinlandTurnout":0.0,"approvedVotesTotal":0,"invalidVotesTotal":0},"correspondingCompareElection":{"eid":"","eligibleVotersInFinlandTotal":0,"advanceVotingInFinlandTurnout":0.0,"electionDayVotingInFinlandTurnout":0.0,"totalVotingInFinlandTurnout":0.0,"approvedVotesTotal":0,"invalidVotesTotal":0,"seats":0},"approvedElectionDayVotes":451,"edid":2,"calculationStatusPercentAdvanceVotes":100.0,"electionDayVotingInFinlandTurnout":30.4,"seats":0,"eligibleVotersTotal":1495,"advanceVotesInFinland":418,"advanceVotingInFinlandTurnout":28.0,"totalVotesInFinland":872},"partyResults":[{"advanceVotesPercent":39.1,"name":{"fi":"Suomen ruotsalainen kansanpuolue","sv":"Svenska folkpartiet i Finland","en":"Swedish People's Party in Finland"},"advanceVotes":162,"npid":1,"totalVotes":320,"spid":7,"abbr":{"fi":"RKP","sv":"SFP","en":"SPP"},"alid":1,"electionDayVotes":158,"pid":"5","totalVotesPercent":37.0,"nominatorName":{"fi":"Suomen ruotsalainen kansanpuolue","sv":"Svenska folkpartiet i Finland","en":"Swedish People's Party in Finland"},"compareData":{"otherCompareElection":{"votesTotalChange":0,"votesTotalPercentChange":0.0,"votesTotal":320,"votesTotalPercent":37.0},"correspondingCompareElection":{"votesTotalChange":0,"votesTotalPercentChange":0.0,"seatChange":0,"votesTotal":320,"votesTotalPercent":37.0,"seatsTotal":0}},"seats":0,"electionDayVotesPercent":35.0,"nominatorAbbr":{"fi":"RKP","sv":"SFP","en":"SPP"}},{"advanceVotesPercent":22.7,"name":{"fi":"Suomen Sosialidemokraattinen Puolue","sv":"Finlands Socialdemokratiska Parti","en":"The Finnish Social Democratic Party"},"advanceVotes":94,"npid":6,"totalVotes":193,"spid":4,"abbr":{"fi":"SDP","sv":"SDP","en":"SDP"},"alid":6,"electionDayVotes":99,"pid":"1","totalVotesPercent":22.3,"nominatorName":{"fi":"Suomen Sosialidemokraattinen Puolue","sv":"Finlands Socialdemokratiska Parti","en":"The Finnish Social Democratic Party"},"compareData":{"otherCompareElection":{"votesTotalChange":0,"votesTotalPercentChange":0.0,"votesTotal":193,"votesTotalPercent":22.3},"correspondingCompareElection":{"votesTotalChange":0,"votesTotalPercentChange":0.0,"seatChange":0,"votesTotal":193,"votesTotalPercent":22.3,"seatsTotal":0}},"seats":0,"electionDayVotesPercent":22.0,"nominatorAbbr":{"fi":"SDP","sv":"SDP","en":"SDP"}},{"advanceVotesPercent":8.9,"name":{"fi":"Kansallinen Kokoomus","sv":"Samlingspartiet","en":"National Coalition Party"},"advanceVotes":37,"npid":7,"totalVotes":94,"spid":2,"abbr":{"fi":"KOK","sv":"Saml","en":"NCP"},"alid":7,"electionDayVotes":57,"pid":"4","totalVotesPercent":10.9,"nominatorName":{"fi":"Kansallinen Kokoomus","sv":"Samlingspartiet","en":"National Coalition Party"},"compareData":{"otherCompareElection":{"votesTotalChange":0,"votesTotalPercentChange":0.0,"votesTotal":94,"votesTotalPercent":10.9},"correspondingCompareElection":{"votesTotalChange":0,"votesTotalPercentChange":0.0,"seatChange":0,"votesTotal":94,"votesTotalPercent":10.9,"seatsTotal":0}},"seats":0,"electionDayVotesPercent":12.6,"nominatorAbbr":{"fi":"KOK","sv":"Saml","en":"NCP"}},{"advanceVotesPercent":10.4,"name":{"fi":"Vasemmistoliitto","sv":"Vänsterförbundet","en":"The Left Alliance"},"advanceVotes":43,"npid":8,"totalVotes":85,"spid":6,"abbr":{"fi":"VAS","sv":"VF","en":"LEFT"},"alid":8,"electionDayVotes":42,"pid":"15","totalVotesPercent":9.8,"nominatorName":{"fi":"Vasemmistoliitto","sv":"Vänsterförbundet","en":"The Left Alliance"},"compareData":{"otherCompareElection":{"votesTotalChange":0,"votesTotalPercentChange":0.0,"votesTotal":85,"votesTotalPercent":9.8},"correspondingCompareElection":{"votesTotalChange":0,"votesTotalPercentChange":0.0,"seatChange":0,"votesTotal":85,"votesTotalPercent":9.8,"seatsTotal":0}},"seats":0,"electionDayVotesPercent":9.3,"nominatorAbbr":{"fi":"VAS","sv":"VF","en":"LEFT"}},{"advanceVotesPercent":4.6,"name":{"fi":"Perussuomalaiset","sv":"Sannfinländarna","en":"The Finns Party"},"advanceVotes":19,"npid":5,"totalVotes":44,"spid":3,"abbr":{"fi":"PS","sv":"Sannf","en":"FINNS"},"alid":5,"electionDayVotes":25,"pid":"23","totalVotesPercent":5.1,"nominatorName":{"fi":"Perussuomalaiset","sv":"Sannfinländarna","en":"The Finns Party"},"compareData":{"otherCompareElection":{"votesTotalChange":0,"votesTotalPercentChange":0.0,"votesTotal":44,"votesTotalPercent":5.1},"correspondingCompareElection":{"votesTotalChange":0,"votesTotalPercentChange":0.0,"seatChange":0,"votesTotal":44,"votesTotalPercent":5.1,"seatsTotal":0}},"seats":0,"electionDayVotesPercent":5.5,"nominatorAbbr":{"fi":"PS","sv":"Sannf","en":"FINNS"}},{"advanceVotesPercent":5.1,"name":{"fi":"Muut ryhmät","sv":"Övriga grupper","en":"Other groups"},"advanceVotes":21,"npid":9,"totalVotes":43,"spid":99,"abbr":{"fi":"Muut","sv":"Övriga","en":"Others"},"alid":9,"electionDayVotes":22,"pid":"0789","totalVotesPercent":5.0,"nominatorName":{"fi":"Hanko 2016 Hangö sitoutumattomat obundna","sv":"Hanko 2016 Hangö sitoutumattomat obundna","en":"Hanko 2016 Hangö sitoutumattomat obundna"},"compareData":{"otherCompareElection":{"votesTotalChange":0,"votesTotalPercentChange":0.0,"votesTotal":43,"votesTotalPercent":5.0},"correspondingCompareElection":{"votesTotalChange":0,"votesTotalPercentChange":0.0,"seatChange":0,"votesTotal":43,"votesTotalPercent":5.0,"seatsTotal":0}},"seats":0,"electionDayVotesPercent":4.9,"nominatorAbbr":{"fi":"YL1","sv":"YL1","en":"YL1"}},{"advanceVotesPercent":4.1,"name":{"fi":"Suomen Kommunistinen Puolue","sv":"Finlands Kommunistiska Parti","en":"The Communist Party of Finland"},"advanceVotes":17,"npid":4,"totalVotes":34,"spid":9,"abbr":{"fi":"SKP","sv":"FKP","en":"CPF"},"alid":4,"electionDayVotes":17,"pid":"8","totalVotesPercent":3.9,"nominatorName":{"fi":"Suomen Kommunistinen Puolue","sv":"Finlands Kommunistiska Parti","en":"The Communist Party of Finland"},"compareData":{"otherCompareElection":{"votesTotalChange":0,"votesTotalPercentChange":0.0,"votesTotal":34,"votesTotalPercent":3.9},"correspondingCompareElection":{"votesTotalChange":0,"votesTotalPercentChange":0.0,"seatChange":0,"votesTotal":34,"votesTotalPercent":3.9,"seatsTotal":0}},"seats":0,"electionDayVotesPercent":3.8,"nominatorAbbr":{"fi":"SKP","sv":"FKP","en":"CPF"}},{"advanceVotesPercent":3.4,"name":{"fi":"Vihreä liitto","sv":"Gröna förbundet","en":"Green League"},"advanceVotes":14,"npid":2,"totalVotes":31,"spid":5,"abbr":{"fi":"VIHR","sv":"Gröna","en":"GREEN"},"alid":2,"electionDayVotes":17,"pid":"13","totalVotesPercent":3.6,"nominatorName":{"fi":"Vihreä liitto","sv":"Gröna förbundet","en":"Green League"},"compareData":{"otherCompareElection":{"votesTotalChange":0,"votesTotalPercentChange":0.0,"votesTotal":31,"votesTotalPercent":3.6},"correspondingCompareElection":{"votesTotalChange":0,"votesTotalPercentChange":0.0,"seatChange":0,"votesTotal":31,"votesTotalPercent":3.6,"seatsTotal":0}},"seats":0,"electionDayVotesPercent":3.8,"nominatorAbbr":{"fi":"VIHR","sv":"Gröna","en":"GREEN"}},{"advanceVotesPercent":1.7,"name":{"fi":"Suomen Kristillisdemokraatit (KD)","sv":"Kristdemokraterna i Finland (KD)","en":"Christian Democrats in Finland"},"advanceVotes":7,"npid":3,"totalVotes":21,"spid":8,"abbr":{"fi":"KD","sv":"KD","en":"CD"},"alid":3,"electionDayVotes":14,"pid":"9","totalVotesPercent":2.4,"nominatorName":{"fi":"Suomen Kristillisdemokraatit (KD)","sv":"Kristdemokraterna i Finland (KD)","en":"Christian Democrats in Finland"},"compareData":{"otherCompareElection":{"votesTotalChange":0,"votesTotalPercentChange":0.0,"votesTotal":21,"votesTotalPercent":2.4},"correspondingCompareElection":{"votesTotalChange":0,"votesTotalPercentChange":0.0,"seatChange":0,"votesTotal":21,"votesTotalPercent":2.4,"seatsTotal":0}},"seats":0,"electionDayVotesPercent":3.1,"nominatorAbbr":{"fi":"KD","sv":"KD","en":"CD"}}],"candidateResults":[{"age":63,"advanceVotesPercent":9.4,"lastname":"Ekholm","occupation":"dipl.ekon., pensionär","advanceVotes":39,"npid":1,"totalVotes":59,"spid":7,"abbr":"RKP","municipalCouncilor":false,"muid":78,"alid":1,"firstname":"Torbjörn","electionDayVotes":20,"pid":"5","finalPosition":0,"electedInformation":"ELECTED","totalVotesPercent":6.8,"nominatorName":{"fi":"Suomen ruotsalainen kansanpuolue","sv":"Svenska folkpartiet i Finland","en":"Swedish People's Party in Finland"},"caid":5,"position":0,"gender":"1","comparisonData":{"totalVotes":0,"votesTotalChange":59},"edid":2,"comparativeIndex":0.0,"electionDayVotesPercent":4.4,"nominatorAbbr":{"fi":"RKP","sv":"SFP","en":"SPP"}},{"age":64,"advanceVotesPercent":5.1,"lastname":"Gran","occupation":"social- och patientombudsman, sosiaali- ja potilasasiamies","advanceVotes":21,"npid":8,"totalVotes":40,"spid":6,"abbr":"VAS","municipalCouncilor":true,"muid":78,"alid":8,"firstname":"Birgitta","electionDayVotes":19,"pid":"15","finalPosition":0,"electedInformation":"ELECTED","totalVotesPercent":4.6,"nominatorName":{"fi":"Vasemmistoliitto","sv":"Vänsterförbundet","en":"The Left Alliance"},"caid":89,"position":0,"gender":"2","comparisonData":{"totalVotes":151,"votesTotalChange":-111},"edid":2,"comparativeIndex":0.0,"electionDayVotesPercent":4.2,"nominatorAbbr":{"fi":"VAS","sv":"VF","en":"LEFT"}},{"age":35,"advanceVotesPercent":2.9,"lastname":"Wikström","occupation":"ekonomie magister, juris magister","advanceVotes":12,"npid":1,"totalVotes":37,"spid":7,"abbr":"RKP","municipalCouncilor":true,"muid":78,"alid":1,"firstname":"Johan","electionDayVotes":25,"pid":"5","finalPosition":0,"electedInformation":"ELECTED","totalVotesPercent":4.3,"nominatorName":{"fi":"Suomen ruotsalainen kansanpuolue","sv":"Svenska folkpartiet i Finland","en":"Swedish People's Party in Finland"},"caid":23,"position":0,"gender":"1","comparisonData":{"totalVotes":62,"votesTotalChange":-25},"edid":2,"comparativeIndex":0.0,"electionDayVotesPercent":5.5,"nominatorAbbr":{"fi":"RKP","sv":"SFP","en":"SPP"}},{"age":68,"advanceVotesPercent":5.1,"lastname":"Söderholm","occupation":"tandläkare","advanceVotes":21,"npid":1,"totalVotes":34,"spid":7,"abbr":"RKP","municipalCouncilor":true,"muid":78,"alid":1,"firstname":"Sture","electionDayVotes":13,"pid":"5","finalPosition":0,"electedInformation":"ELECTED","totalVotesPercent":3.9,"nominatorName":{"fi":"Suomen ruotsalainen kansanpuolue","sv":"Svenska folkpartiet i Finland","en":"Swedish People's Party in Finland"},"caid":19,"position":0,"gender":"1","comparisonData":{"totalVotes":195,"votesTotalChange":-161},"edid":2,"comparativeIndex":0.0,"electionDayVotesPercent":2.9,"nominatorAbbr":{"fi":"RKP","sv":"SFP","en":"SPP"}},{"age":63,"advanceVotesPercent":3.4,"lastname":"Nyström","occupation":"kalastaja, eläkel.","advanceVotes":14,"npid":9,"totalVotes":25,"spid":99,"abbr":"Muut","municipalCouncilor":false,"muid":78,"alid":9,"firstname":"Rolf","electionDayVotes":11,"pid":"0789","finalPosition":0,"electedInformation":"ELECTED","totalVotesPercent":2.9,"nominatorName":{"fi":"Hanko 2016 Hangö sitoutumattomat obundna","sv":"Hanko 2016 Hangö sitoutumattomat obundna","en":"Hanko 2016 Hangö sitoutumattomat obundna"},"caid":98,"position":0,"gender":"1","comparisonData":{"totalVotes":0,"votesTotalChange":25},"edid":2,"comparativeIndex":0.0,"electionDayVotesPercent":2.4,"nominatorAbbr":{"fi":"YL1","sv":"YL1","en":"YL1"}},{"age":55,"advanceVotesPercent":3.4,"lastname":"Lesch-Saarinen","occupation":"exportsekreterare","advanceVotes":14,"npid":1,"totalVotes":24,"spid":7,"abbr":"RKP","municipalCouncilor":true,"muid":78,"alid":1,"firstname":"Helena","electionDayVotes":10,"pid":"5","finalPosition":0,"electedInformation":"ELECTED","totalVotesPercent":2.8,"nominatorName":{"fi":"Suomen ruotsalainen kansanpuolue","sv":"Svenska folkpartiet i Finland","en":"Swedish People's Party in Finland"},"caid":12,"position":0,"gender":"2","comparisonData":{"totalVotes":71,"votesTotalChange":-47},"edid":2,"comparativeIndex":0.0,"electionDayVotesPercent":2.2,"nominatorAbbr":{"fi":"RKP","sv":"SFP","en":"SPP"}},{"age":46,"advanceVotesPercent":1.9,"lastname":"Ruuska","occupation":"työnjohtaja","advanceVotes":8,"npid":5,"totalVotes":24,"spid":3,"abbr":"PS","municipalCouncilor":true,"muid":78,"alid":5,"firstname":"Pertti","electionDayVotes":16,"pid":"23","finalPosition":0,"electedInformation":"ELECTED","totalVotesPercent":2.8,"nominatorName":{"fi":"Perussuomalaiset","sv":"Sannfinländarna","en":"The Finns Party"},"caid":42,"position":0,"gender":"1","comparisonData":{"totalVotes":163,"votesTotalChange":-139},"edid":2,"comparativeIndex":0.0,"electionDayVotesPercent":3.5,"nominatorAbbr":{"fi":"PS","sv":"Sannf","en":"FINNS"}},{"age":71,"advanceVotesPercent":2.7,"lastname":"Wikberg","occupation":"tennislärare","advanceVotes":11,"npid":1,"totalVotes":23,"spid":7,"abbr":"RKP","municipalCouncilor":true,"muid":78,"alid":1,"firstname":"Barbro","electionDayVotes":12,"pid":"5","finalPosition":0,"electedInformation":"ELECTED","totalVotesPercent":2.7,"nominatorName":{"fi":"Suomen ruotsalainen kansanpuolue","sv":"Svenska folkpartiet i Finland","en":"Swedish People's Party in Finland"},"caid":22,"position":0,"gender":"2","comparisonData":{"totalVotes":104,"votesTotalChange":-81},"edid":2,"comparativeIndex":0.0,"electionDayVotesPercent":2.7,"nominatorAbbr":{"fi":"RKP","sv":"SFP","en":"SPP"}},{"age":51,"advanceVotesPercent":1.4,"lastname":"Nousiainen","occupation":"erityisnuoriso-ohjaaja","advanceVotes":6,"npid":6,"totalVotes":22,"spid":4,"abbr":"SDP","municipalCouncilor":true,"muid":78,"alid":6,"firstname":"Jorma","electionDayVotes":16,"pid":"1","finalPosition":0,"electedInformation":"ELECTED","totalVotesPercent":2.5,"nominatorName":{"fi":"Suomen Sosialidemokraattinen Puolue","sv":"Finlands Socialdemokratiska Parti","en":"The Finnish Social Democratic Party"},"caid":60,"position":0,"gender":"1","comparisonData":{"totalVotes":141,"votesTotalChange":-119},"edid":2,"comparativeIndex":0.0,"electionDayVotesPercent":3.5,"nominatorAbbr":{"fi":"SDP","sv":"SDP","en":"SDP"}},{"age":55,"advanceVotesPercent":2.9,"lastname":"Karvinen","occupation":"luokanopettaja","advanceVotes":12,"npid":7,"totalVotes":22,"spid":2,"abbr":"KOK","municipalCouncilor":true,"muid":78,"alid":7,"firstname":"Jari","electionDayVotes":10,"pid":"4","finalPosition":0,"electedInformation":"ELECTED","totalVotesPercent":2.5,"nominatorName":{"fi":"Kansallinen Kokoomus","sv":"Samlingspartiet","en":"National Coalition Party"},"caid":85,"position":0,"gender":"1","comparisonData":{"totalVotes":58,"votesTotalChange":-36},"edid":2,"comparativeIndex":0.0,"electionDayVotesPercent":2.2,"nominatorAbbr":{"fi":"KOK","sv":"Saml","en":"NCP"}},{"age":36,"advanceVotesPercent":2.9,"lastname":"Heinänen","occupation":"sairaanhoitaja, hoivakodin johtaja","advanceVotes":12,"npid":7,"totalVotes":19,"spid":2,"abbr":"KOK","municipalCouncilor":false,"muid":78,"alid":7,"firstname":"Pirkko","electionDayVotes":7,"pid":"4","finalPosition":0,"electedInformation":"ELECTED","totalVotesPercent":2.2,"nominatorName":{"fi":"Kansallinen Kokoomus","sv":"Samlingspartiet","en":"National Coalition Party"},"caid":83,"position":0,"gender":"2","comparisonData":{"totalVotes":25,"votesTotalChange":-6},"edid":2,"comparativeIndex":0.0,"electionDayVotesPercent":1.6,"nominatorAbbr":{"fi":"KOK","sv":"Saml","en":"NCP"}},{"age":45,"advanceVotesPercent":2.4,"lastname":"Peltonen","occupation":"teknisk direktör","advanceVotes":10,"npid":1,"totalVotes":18,"spid":7,"abbr":"RKP","municipalCouncilor":false,"muid":78,"alid":1,"firstname":"Björn","electionDayVotes":8,"pid":"5","finalPosition":0,"electedInformation":"ELECTED","totalVotesPercent":2.1,"nominatorName":{"fi":"Suomen ruotsalainen kansanpuolue","sv":"Svenska folkpartiet i Finland","en":"Swedish People's Party in Finland"},"caid":16,"position":0,"gender":"1","comparisonData":{"totalVotes":0,"votesTotalChange":18},"edid":2,"comparativeIndex":0.0,"electionDayVotesPercent":1.8,"nominatorAbbr":{"fi":"RKP","sv":"SFP","en":"SPP"}},{"age":36,"advanceVotesPercent":1.9,"lastname":"Varpalahti","occupation":"sairaanhoitaja AMK, sjukskötare YH","advanceVotes":8,"npid":8,"totalVotes":18,"spid":6,"abbr":"VAS","municipalCouncilor":false,"muid":78,"alid":8,"firstname":"Hanna","electionDayVotes":10,"pid":"15","finalPosition":0,"electedInformation":"ELECTED","totalVotesPercent":2.1,"nominatorName":{"fi":"Vasemmistoliitto","sv":"Vänsterförbundet","en":"The Left Alliance"},"caid":97,"position":0,"gender":"2","comparisonData":{"totalVotes":0,"votesTotalChange":18},"edid":2,"comparativeIndex":0.0,"electionDayVotesPercent":2.2,"nominatorAbbr":{"fi":"VAS","sv":"VF","en":"LEFT"}},{"age":71,"advanceVotesPercent":2.7,"lastname":"Sahlstedt","occupation":"arkitekt","advanceVotes":11,"npid":1,"totalVotes":17,"spid":7,"abbr":"RKP","municipalCouncilor":true,"muid":78,"alid":1,"firstname":"Yrjö","electionDayVotes":6,"pid":"5","finalPosition":0,"electedInformation":"ELECTED","totalVotesPercent":2.0,"nominatorName":{"fi":"Suomen ruotsalainen kansanpuolue","sv":"Svenska folkpartiet i Finland","en":"Swedish People's Party in Finland"},"caid":17,"position":0,"gender":"1","comparisonData":{"totalVotes":66,"votesTotalChange":-49},"edid":2,"comparativeIndex":0.0,"electionDayVotesPercent":1.3,"nominatorAbbr":{"fi":"RKP","sv":"SFP","en":"SPP"}},{"age":21,"advanceVotesPercent":0.7,"lastname":"Sjöblom","occupation":"studerande","advanceVotes":3,"npid":1,"totalVotes":17,"spid":7,"abbr":"RKP","municipalCouncilor":false,"muid":78,"alid":1,"firstname":"Theo","electionDayVotes":14,"pid":"5","finalPosition":0,"electedInformation":"ELECTED","totalVotesPercent":2.0,"nominatorName":{"fi":"Suomen ruotsalainen kansanpuolue","sv":"Svenska folkpartiet i Finland","en":"Swedish People's Party in Finland"},"caid":18,"position":0,"gender":"1","comparisonData":{"totalVotes":0,"votesTotalChange":17},"edid":2,"comparativeIndex":0.0,"electionDayVotesPercent":3.1,"nominatorAbbr":{"fi":"RKP","sv":"SFP","en":"SPP"}},{"age":41,"advanceVotesPercent":1.4,"lastname":"Hedback","occupation":"parturi-kampaaja, yrittäjä","advanceVotes":6,"npid":6,"totalVotes":16,"spid":4,"abbr":"SDP","municipalCouncilor":false,"muid":78,"alid":6,"firstname":"Mari","electionDayVotes":10,"pid":"1","finalPosition":0,"electedInformation":"ELECTED","totalVotesPercent":1.8,"nominatorName":{"fi":"Suomen Sosialidemokraattinen Puolue","sv":"Finlands Socialdemokratiska Parti","en":"The Finnish Social Democratic Party"},"caid":48,"position":0,"gender":"2","comparisonData":{"totalVotes":0,"votesTotalChange":16},"edid":2,"comparativeIndex":0.0,"electionDayVotesPercent":2.2,"nominatorAbbr":{"fi":"SDP","sv":"SDP","en":"SDP"}},{"age":60,"advanceVotesPercent":0.5,"lastname":"Lahtinen","occupation":"ekonomi, yksikönjohtaja","advanceVotes":2,"npid":7,"totalVotes":16,"spid":2,"abbr":"KOK","municipalCouncilor":false,"muid":78,"alid":7,"firstname":"Elina","electionDayVotes":14,"pid":"4","finalPosition":0,"electedInformation":"ON_SUBSTITUTE_PLACE","totalVotesPercent":1.8,"nominatorName":{"fi":"Kansallinen Kokoomus","sv":"Samlingspartiet","en":"National Coalition Party"},"caid":86,"position":0,"gender":"2","comparisonData":{"totalVotes":19,"votesTotalChange":-3},"edid":2,"comparativeIndex":0.0,"electionDayVotesPercent":3.1,"nominatorAbbr":{"fi":"KOK","sv":"Saml","en":"NCP"}},{"age":65,"advanceVotesPercent":2.9,"lastname":"Horn","occupation":"arkitekt","advanceVotes":12,"npid":1,"totalVotes":15,"spid":7,"abbr":"RKP","municipalCouncilor":false,"muid":78,"alid":1,"firstname":"Stephan","electionDayVotes":3,"pid":"5","finalPosition":0,"electedInformation":"ON_SUBSTITUTE_PLACE","totalVotesPercent":1.7,"nominatorName":{"fi":"Suomen ruotsalainen kansanpuolue","sv":"Svenska folkpartiet i Finland","en":"Swedish People's Party in Finland"},"caid":9,"position":0,"gender":"1","comparisonData":{"totalVotes":0,"votesTotalChange":15},"edid":2,"comparativeIndex":0.0,"electionDayVotesPercent":0.7,"nominatorAbbr":{"fi":"RKP","sv":"SFP","en":"SPP"}},{"age":43,"advanceVotesPercent":1.9,"lastname":"Haahti","occupation":"yrittäjä, kuva/tekstiilitaiteilija","advanceVotes":8,"npid":4,"totalVotes":15,"spid":9,"abbr":"SKP","municipalCouncilor":false,"muid":78,"alid":4,"firstname":"Mira","electionDayVotes":7,"pid":"8","finalPosition":0,"electedInformation":"ON_SUBSTITUTE_PLACE","totalVotesPercent":1.7,"nominatorName":{"fi":"Suomen Kommunistinen Puolue","sv":"Finlands Kommunistiska Parti","en":"The Communist Party of Finland"},"caid":40,"position":0,"gender":"2","comparisonData":{"totalVotes":0,"votesTotalChange":15},"edid":2,"comparativeIndex":0.0,"electionDayVotesPercent":1.6,"nominatorAbbr":{"fi":"SKP","sv":"FKP","en":"CPF"}},{"age":42,"advanceVotesPercent":1.0,"lastname":"Mattsson","occupation":"försäljning, kundbetjäning","advanceVotes":4,"npid":1,"totalVotes":14,"spid":7,"abbr":"RKP","municipalCouncilor":false,"muid":78,"alid":1,"firstname":"Christian","electionDayVotes":10,"pid":"5","finalPosition":0,"electedInformation":"ELECTED","totalVotesPercent":1.6,"nominatorName":{"fi":"Suomen ruotsalainen kansanpuolue","sv":"Svenska folkpartiet i Finland","en":"Swedish People's Party in Finland"},"caid":13,"position":0,"gender":"1","comparisonData":{"totalVotes":0,"votesTotalChange":14},"edid":2,"comparativeIndex":0.0,"electionDayVotesPercent":2.2,"nominatorAbbr":{"fi":"RKP","sv":"SFP","en":"SPP"}},{"age":51,"advanceVotesPercent":0.7,"lastname":"Köppä","occupation":"valokuvaaja","advanceVotes":3,"npid":2,"totalVotes":13,"spid":5,"abbr":"VIHR","municipalCouncilor":false,"muid":78,"alid":2,"firstname":"Teemu","electionDayVotes":10,"pid":"13","finalPosition":0,"electedInformation":"ELECTED","totalVotesPercent":1.5,"nominatorName":{"fi":"Vihreä liitto","sv":"Gröna förbundet","en":"Green League"},"caid":25,"position":0,"gender":"1","comparisonData":{"totalVotes":0,"votesTotalChange":13},"edid":2,"comparativeIndex":0.0,"electionDayVotesPercent":2.2,"nominatorAbbr":{"fi":"VIHR","sv":"Gröna","en":"GREEN"}},{"age":38,"advanceVotesPercent":1.4,"lastname":"Reitamaa","occupation":"työnjohtaja, arbetsledare","advanceVotes":6,"npid":6,"totalVotes":13,"spid":4,"abbr":"SDP","municipalCouncilor":false,"muid":78,"alid":6,"firstname":"Marko","electionDayVotes":7,"pid":"1","finalPosition":0,"electedInformation":"ELECTED","totalVotesPercent":1.5,"nominatorName":{"fi":"Suomen Sosialidemokraattinen Puolue","sv":"Finlands Socialdemokratiska Parti","en":"The Finnish Social Democratic Party"},"caid":64,"position":0,"gender":"1","comparisonData":{"totalVotes":37,"votesTotalChange":-24},"edid":2,"comparativeIndex":0.0,"electionDayVotesPercent":1.6,"nominatorAbbr":{"fi":"SDP","sv":"SDP","en":"SDP"}},{"age":31,"advanceVotesPercent":1.2,"lastname":"Sander","occupation":"yrittäjä","advanceVotes":5,"npid":7,"totalVotes":13,"spid":2,"abbr":"KOK","municipalCouncilor":false,"muid":78,"alid":7,"firstname":"Tarmo","electionDayVotes":8,"pid":"4","finalPosition":0,"electedInformation":"ON_SUBSTITUTE_PLACE","totalVotesPercent":1.5,"nominatorName":{"fi":"Kansallinen Kokoomus","sv":"Samlingspartiet","en":"National Coalition Party"},"caid":84,"position":0,"gender":"1","comparisonData":{"totalVotes":0,"votesTotalChange":13},"edid":2,"comparativeIndex":0.0,"electionDayVotesPercent":1.8,"nominatorAbbr":{"fi":"KOK","sv":"Saml","en":"NCP"}},{"age":43,"advanceVotesPercent":1.7,"lastname":"Louhelainen","occupation":"lastenohjaaja, lasten- ja nuorten erityisohjaaja","advanceVotes":7,"npid":2,"totalVotes":12,"spid":5,"abbr":"VIHR","municipalCouncilor":false,"muid":78,"alid":2,"firstname":"Pia","electionDayVotes":5,"pid":"13","finalPosition":0,"electedInformation":"ON_SUBSTITUTE_PLACE","totalVotesPercent":1.4,"nominatorName":{"fi":"Vihreä liitto","sv":"Gröna förbundet","en":"Green League"},"caid":27,"position":0,"gender":"2","comparisonData":{"totalVotes":0,"votesTotalChange":12},"edid":2,"comparativeIndex":0.0,"electionDayVotesPercent":1.1,"nominatorAbbr":{"fi":"VIHR","sv":"Gröna","en":"GREEN"}},{"age":71,"advanceVotesPercent":2.4,"lastname":"Wennerqvist","occupation":"politices kandidat","advanceVotes":10,"npid":1,"totalVotes":11,"spid":7,"abbr":"RKP","municipalCouncilor":false,"muid":78,"alid":1,"firstname":"Kurt","electionDayVotes":1,"pid":"5","finalPosition":0,"electedInformation":"ON_SUBSTITUTE_PLACE","totalVotesPercent":1.3,"nominatorName":{"fi":"Suomen ruotsalainen kansanpuolue","sv":"Svenska folkpartiet i Finland","en":"Swedish People's Party in Finland"},"caid":21,"position":0,"gender":"1","comparisonData":{"totalVotes":34,"votesTotalChange":-23},"edid":2,"comparativeIndex":0.0,"electionDayVotesPercent":0.2,"nominatorAbbr":{"fi":"RKP","sv":"SFP","en":"SPP"}},{"age":73,"advanceVotesPercent":1.9,"lastname":"Kavander","occupation":"yrittäjä eläkk., företagare i.a.","advanceVotes":8,"npid":6,"totalVotes":10,"spid":4,"abbr":"SDP","municipalCouncilor":true,"muid":78,"alid":6,"firstname":"Jouko","electionDayVotes":2,"pid":"1","finalPosition":0,"electedInformation":"ELECTED","totalVotesPercent":1.2,"nominatorName":{"fi":"Suomen Sosialidemokraattinen Puolue","sv":"Finlands Socialdemokratiska Parti","en":"The Finnish Social Democratic Party"},"caid":55,"position":0,"gender":"1","comparisonData":{"totalVotes":93,"votesTotalChange":-83},"edid":2,"comparativeIndex":0.0,"electionDayVotesPercent":0.4,"nominatorAbbr":{"fi":"SDP","sv":"SDP","en":"SDP"}},{"age":57,"advanceVotesPercent":1.0,"lastname":"Kinnunen","occupation":"liikuntapaikkojen hoitaja","advanceVotes":4,"npid":8,"totalVotes":10,"spid":6,"abbr":"VAS","municipalCouncilor":false,"muid":78,"alid":8,"firstname":"Seppo","electionDayVotes":6,"pid":"15","finalPosition":0,"electedInformation":"ON_SUBSTITUTE_PLACE","totalVotesPercent":1.2,"nominatorName":{"fi":"Vasemmistoliitto","sv":"Vänsterförbundet","en":"The Left Alliance"},"caid":93,"position":0,"gender":"1","comparisonData":{"totalVotes":28,"votesTotalChange":-18},"edid":2,"comparativeIndex":0.0,"electionDayVotesPercent":1.3,"nominatorAbbr":{"fi":"VAS","sv":"VF","en":"LEFT"}},{"age":51,"advanceVotesPercent":0.7,"lastname":"Gammals","occupation":"lärare","advanceVotes":3,"npid":1,"totalVotes":9,"spid":7,"abbr":"RKP","municipalCouncilor":false,"muid":78,"alid":1,"firstname":"Rolf","electionDayVotes":6,"pid":"5","finalPosition":0,"electedInformation":"ON_SUBSTITUTE_PLACE","totalVotesPercent":1.0,"nominatorName":{"fi":"Suomen ruotsalainen kansanpuolue","sv":"Svenska folkpartiet i Finland","en":"Swedish People's Party in Finland"},"caid":7,"position":0,"gender":"1","comparisonData":{"totalVotes":22,"votesTotalChange":-13},"edid":2,"comparativeIndex":0.0,"electionDayVotesPercent":1.3,"nominatorAbbr":{"fi":"RKP","sv":"SFP","en":"SPP"}},{"age":35,"advanceVotesPercent":1.4,"lastname":"Niemi","occupation":"toimittaja","advanceVotes":6,"npid":4,"totalVotes":9,"spid":9,"abbr":"SKP","municipalCouncilor":true,"muid":78,"alid":4,"firstname":"Marko","electionDayVotes":3,"pid":"8","finalPosition":0,"electedInformation":"ELECTED","totalVotesPercent":1.0,"nominatorName":{"fi":"Suomen Kommunistinen Puolue","sv":"Finlands Kommunistiska Parti","en":"The Communist Party of Finland"},"caid":34,"position":0,"gender":"1","comparisonData":{"totalVotes":134,"votesTotalChange":-125},"edid":2,"comparativeIndex":0.0,"electionDayVotesPercent":0.7,"nominatorAbbr":{"fi":"SKP","sv":"FKP","en":"CPF"}},{"age":46,"advanceVotesPercent":1.4,"lastname":"Nylund","occupation":"merkonomi","advanceVotes":6,"npid":6,"totalVotes":9,"spid":4,"abbr":"SDP","municipalCouncilor":true,"muid":78,"alid":6,"firstname":"Kirsi","electionDayVotes":3,"pid":"1","finalPosition":0,"electedInformation":"ELECTED","totalVotesPercent":1.0,"nominatorName":{"fi":"Suomen Sosialidemokraattinen Puolue","sv":"Finlands Socialdemokratiska Parti","en":"The Finnish Social Democratic Party"},"caid":61,"position":0,"gender":"2","comparisonData":{"totalVotes":64,"votesTotalChange":-55},"edid":2,"comparativeIndex":0.0,"electionDayVotesPercent":0.7,"nominatorAbbr":{"fi":"SDP","sv":"SDP","en":"SDP"}},{"age":79,"advanceVotesPercent":1.2,"lastname":"Lindström","occupation":"pensionär, eläkeläinen","advanceVotes":5,"npid":6,"totalVotes":9,"spid":4,"abbr":"SDP","municipalCouncilor":true,"muid":78,"alid":6,"firstname":"Ulf","electionDayVotes":4,"pid":"1","finalPosition":0,"electedInformation":"ELECTED","totalVotesPercent":1.0,"nominatorName":{"fi":"Suomen Sosialidemokraattinen Puolue","sv":"Finlands Socialdemokratiska Parti","en":"The Finnish Social Democratic Party"},"caid":74,"position":0,"gender":"1","comparisonData":{"totalVotes":150,"votesTotalChange":-141},"edid":2,"comparativeIndex":0.0,"electionDayVotesPercent":0.9,"nominatorAbbr":{"fi":"SDP","sv":"SDP","en":"SDP"}},{"age":72,"advanceVotesPercent":1.9,"lastname":"Nyberg","occupation":"pensionär, eläkeläinen","advanceVotes":8,"npid":6,"totalVotes":9,"spid":4,"abbr":"SDP","municipalCouncilor":true,"muid":78,"alid":6,"firstname":"Lars","electionDayVotes":1,"pid":"1","finalPosition":0,"electedInformation":"ON_SUBSTITUTE_PLACE","totalVotesPercent":1.0,"nominatorName":{"fi":"Suomen Sosialidemokraattinen Puolue","sv":"Finlands Socialdemokratiska Parti","en":"The Finnish Social Democratic Party"},"caid":75,"position":0,"gender":"1","comparisonData":{"totalVotes":73,"votesTotalChange":-64},"edid":2,"comparativeIndex":0.0,"electionDayVotesPercent":0.2,"nominatorAbbr":{"fi":"SDP","sv":"SDP","en":"SDP"}},{"age":18,"advanceVotesPercent":0.0,"lastname":"Bäckman","occupation":"studerande","advanceVotes":0,"npid":1,"totalVotes":8,"spid":7,"abbr":"RKP","municipalCouncilor":false,"muid":78,"alid":1,"firstname":"Johanna","electionDayVotes":8,"pid":"5","finalPosition":0,"electedInformation":"ON_SUBSTITUTE_PLACE","totalVotesPercent":0.9,"nominatorName":{"fi":"Suomen ruotsalainen kansanpuolue","sv":"Svenska folkpartiet i Finland","en":"Swedish People's Party in Finland"},"caid":3,"position":0,"gender":"2","comparisonData":{"totalVotes":0,"votesTotalChange":8},"edid":2,"comparativeIndex":0.0,"electionDayVotesPercent":1.8,"nominatorAbbr":{"fi":"RKP","sv":"SFP","en":"SPP"}},{"age":65,"advanceVotesPercent":1.4,"lastname":"Järvinen","occupation":"pensionär, eläkeläinen","advanceVotes":6,"npid":6,"totalVotes":8,"spid":4,"abbr":"SDP","municipalCouncilor":true,"muid":78,"alid":6,"firstname":"Katrin","electionDayVotes":2,"pid":"1","finalPosition":0,"electedInformation":"ON_SUBSTITUTE_PLACE","totalVotesPercent":0.9,"nominatorName":{"fi":"Suomen Sosialidemokraattinen Puolue","sv":"Finlands Socialdemokratiska Parti","en":"The Finnish Social Democratic Party"},"caid":53,"position":0,"gender":"2","comparisonData":{"totalVotes":56,"votesTotalChange":-48},"edid":2,"comparativeIndex":0.0,"electionDayVotesPercent":0.4,"nominatorAbbr":{"fi":"SDP","sv":"SDP","en":"SDP"}},{"age":52,"advanceVotesPercent":0.7,"lastname":"Riikkilä","occupation":"KTM, lehtori","advanceVotes":3,"npid":7,"totalVotes":8,"spid":2,"abbr":"KOK","municipalCouncilor":false,"muid":78,"alid":7,"firstname":"Timo","electionDayVotes":5,"pid":"4","finalPosition":0,"electedInformation":"NOT_ELECTED","totalVotesPercent":0.9,"nominatorName":{"fi":"Kansallinen Kokoomus","sv":"Samlingspartiet","en":"National Coalition Party"},"caid":88,"position":0,"gender":"1","comparisonData":{"totalVotes":16,"votesTotalChange":-8},"edid":2,"comparativeIndex":0.0,"electionDayVotesPercent":1.1,"nominatorAbbr":{"fi":"KOK","sv":"Saml","en":"NCP"}},{"age":61,"advanceVotesPercent":1.2,"lastname":"Koli","occupation":"LVIS-urakoitsija","advanceVotes":5,"npid":9,"totalVotes":8,"spid":99,"abbr":"Muut","municipalCouncilor":true,"muid":78,"alid":9,"firstname":"Eero","electionDayVotes":3,"pid":"0789","finalPosition":0,"electedInformation":"ELECTED","totalVotesPercent":0.9,"nominatorName":{"fi":"Hanko 2016 Hangö sitoutumattomat obundna","sv":"Hanko 2016 Hangö sitoutumattomat obundna","en":"Hanko 2016 Hangö sitoutumattomat obundna"},"caid":102,"position":0,"gender":"1","comparisonData":{"totalVotes":79,"votesTotalChange":-71},"edid":2,"comparativeIndex":0.0,"electionDayVotesPercent":0.7,"nominatorAbbr":{"fi":"YL1","sv":"YL1","en":"YL1"}},{"age":62,"advanceVotesPercent":1.2,"lastname":"Ferm","occupation":"postanställd","advanceVotes":5,"npid":1,"totalVotes":7,"spid":7,"abbr":"RKP","municipalCouncilor":false,"muid":78,"alid":1,"firstname":"Monica","electionDayVotes":2,"pid":"5","finalPosition":0,"electedInformation":"ON_SUBSTITUTE_PLACE","totalVotesPercent":0.8,"nominatorName":{"fi":"Suomen ruotsalainen kansanpuolue","sv":"Svenska folkpartiet i Finland","en":"Swedish People's Party in Finland"},"caid":6,"position":0,"gender":"2","comparisonData":{"totalVotes":0,"votesTotalChange":7},"edid":2,"comparativeIndex":0.0,"electionDayVotesPercent":0.4,"nominatorAbbr":{"fi":"RKP","sv":"SFP","en":"SPP"}},{"age":29,"advanceVotesPercent":0.2,"lastname":"Törnqvist","occupation":"merkonomiopiskelija","advanceVotes":1,"npid":3,"totalVotes":7,"spid":8,"abbr":"KD","municipalCouncilor":false,"muid":78,"alid":3,"firstname":"Joyce","electionDayVotes":6,"pid":"9","finalPosition":0,"electedInformation":"NOT_ELECTED","totalVotesPercent":0.8,"nominatorName":{"fi":"Suomen Kristillisdemokraatit (KD)","sv":"Kristdemokraterna i Finland (KD)","en":"Christian Democrats in Finland"},"caid":33,"position":0,"gender":"2","comparisonData":{"totalVotes":0,"votesTotalChange":7},"edid":2,"comparativeIndex":0.0,"electionDayVotesPercent":1.3,"nominatorAbbr":{"fi":"KD","sv":"KD","en":"CD"}},{"age":53,"advanceVotesPercent":1.2,"lastname":"Väisänen","occupation":"linja-autonkuljettaja","advanceVotes":5,"npid":5,"totalVotes":7,"spid":3,"abbr":"PS","municipalCouncilor":false,"muid":78,"alid":5,"firstname":"Henrik","electionDayVotes":2,"pid":"23","finalPosition":0,"electedInformation":"ON_SUBSTITUTE_PLACE","totalVotesPercent":0.8,"nominatorName":{"fi":"Perussuomalaiset","sv":"Sannfinländarna","en":"The Finns Party"},"caid":46,"position":0,"gender":"1","comparisonData":{"totalVotes":25,"votesTotalChange":-18},"edid":2,"comparativeIndex":0.0,"electionDayVotesPercent":0.4,"nominatorAbbr":{"fi":"PS","sv":"Sannf","en":"FINNS"}},{"age":61,"advanceVotesPercent":1.0,"lastname":"Holm","occupation":"koneasentaja","advanceVotes":4,"npid":6,"totalVotes":7,"spid":4,"abbr":"SDP","municipalCouncilor":false,"muid":78,"alid":6,"firstname":"Henry","electionDayVotes":3,"pid":"1","finalPosition":0,"electedInformation":"NOT_ELECTED","totalVotesPercent":0.8,"nominatorName":{"fi":"Suomen Sosialidemokraattinen Puolue","sv":"Finlands Socialdemokratiska Parti","en":"The Finnish Social Democratic Party"},"caid":49,"position":0,"gender":"1","comparisonData":{"totalVotes":45,"votesTotalChange":-38},"edid":2,"comparativeIndex":0.0,"electionDayVotesPercent":0.7,"nominatorAbbr":{"fi":"SDP","sv":"SDP","en":"SDP"}},{"age":46,"advanceVotesPercent":1.7,"lastname":"Nazari","occupation":"kauppias, diplomaatti","advanceVotes":7,"npid":6,"totalVotes":7,"spid":4,"abbr":"SDP","municipalCouncilor":false,"muid":78,"alid":6,"firstname":"Mohammad","electionDayVotes":0,"pid":"1","finalPosition":0,"electedInformation":"NOT_ELECTED","totalVotesPercent":0.8,"nominatorName":{"fi":"Suomen Sosialidemokraattinen Puolue","sv":"Finlands Socialdemokratiska Parti","en":"The Finnish Social Democratic Party"},"caid":59,"position":0,"gender":"1","comparisonData":{"totalVotes":6,"votesTotalChange":1},"edid":2,"comparativeIndex":0.0,"electionDayVotesPercent":0.0,"nominatorAbbr":{"fi":"SDP","sv":"SDP","en":"SDP"}},{"age":23,"advanceVotesPercent":0.0,"lastname":"Alén","occupation":"restonomi","advanceVotes":0,"npid":7,"totalVotes":7,"spid":2,"abbr":"KOK","municipalCouncilor":false,"muid":78,"alid":7,"firstname":"Anastasia","electionDayVotes":7,"pid":"4","finalPosition":0,"electedInformation":"NOT_ELECTED","totalVotesPercent":0.8,"nominatorName":{"fi":"Kansallinen Kokoomus","sv":"Samlingspartiet","en":"National Coalition Party"},"caid":82,"position":0,"gender":"2","comparisonData":{"totalVotes":0,"votesTotalChange":7},"edid":2,"comparativeIndex":0.0,"electionDayVotesPercent":1.6,"nominatorAbbr":{"fi":"KOK","sv":"Saml","en":"NCP"}},{"age":68,"advanceVotesPercent":0.7,"lastname":"Peni","occupation":"eläkeläinen","advanceVotes":3,"npid":8,"totalVotes":7,"spid":6,"abbr":"VAS","municipalCouncilor":true,"muid":78,"alid":8,"firstname":"Raili","electionDayVotes":4,"pid":"15","finalPosition":0,"electedInformation":"ELECTED","totalVotesPercent":0.8,"nominatorName":{"fi":"Vasemmistoliitto","sv":"Vänsterförbundet","en":"The Left Alliance"},"caid":96,"position":0,"gender":"2","comparisonData":{"totalVotes":73,"votesTotalChange":-66},"edid":2,"comparativeIndex":0.0,"electionDayVotesPercent":0.9,"nominatorAbbr":{"fi":"VAS","sv":"VF","en":"LEFT"}},{"age":69,"advanceVotesPercent":0.2,"lastname":"Idman","occupation":"pensionär","advanceVotes":1,"npid":1,"totalVotes":6,"spid":7,"abbr":"RKP","municipalCouncilor":false,"muid":78,"alid":1,"firstname":"Britta","electionDayVotes":5,"pid":"5","finalPosition":0,"electedInformation":"ELECTED","totalVotesPercent":0.7,"nominatorName":{"fi":"Suomen ruotsalainen kansanpuolue","sv":"Svenska folkpartiet i Finland","en":"Swedish People's Party in Finland"},"caid":10,"position":0,"gender":"2","comparisonData":{"totalVotes":33,"votesTotalChange":-27},"edid":2,"comparativeIndex":0.0,"electionDayVotesPercent":1.1,"nominatorAbbr":{"fi":"RKP","sv":"SFP","en":"SPP"}},{"age":67,"advanceVotesPercent":0.2,"lastname":"Niemi","occupation":"ingenjör, pensionär","advanceVotes":1,"npid":1,"totalVotes":6,"spid":7,"abbr":"RKP","municipalCouncilor":false,"muid":78,"alid":1,"firstname":"Kalle","electionDayVotes":5,"pid":"5","finalPosition":0,"electedInformation":"ON_SUBSTITUTE_PLACE","totalVotesPercent":0.7,"nominatorName":{"fi":"Suomen ruotsalainen kansanpuolue","sv":"Svenska folkpartiet i Finland","en":"Swedish People's Party in Finland"},"caid":14,"position":0,"gender":"1","comparisonData":{"totalVotes":18,"votesTotalChange":-12},"edid":2,"comparativeIndex":0.0,"electionDayVotesPercent":1.1,"nominatorAbbr":{"fi":"RKP","sv":"SFP","en":"SPP"}},{"age":47,"advanceVotesPercent":1.0,"lastname":"Kindt-Sarojärvi","occupation":"opettaja","advanceVotes":4,"npid":2,"totalVotes":6,"spid":5,"abbr":"VIHR","municipalCouncilor":false,"muid":78,"alid":2,"firstname":"Krista","electionDayVotes":2,"pid":"13","finalPosition":0,"electedInformation":"ON_SUBSTITUTE_PLACE","totalVotesPercent":0.7,"nominatorName":{"fi":"Vihreä liitto","sv":"Gröna förbundet","en":"Green League"},"caid":24,"position":0,"gender":"2","comparisonData":{"totalVotes":0,"votesTotalChange":6},"edid":2,"comparativeIndex":0.0,"electionDayVotesPercent":0.4,"nominatorAbbr":{"fi":"VIHR","sv":"Gröna","en":"GREEN"}},{"age":79,"advanceVotesPercent":0.7,"lastname":"Kaunismaa","occupation":"tekn.lis., rehtori","advanceVotes":3,"npid":3,"totalVotes":6,"spid":8,"abbr":"KD","municipalCouncilor":false,"muid":78,"alid":3,"firstname":"Juha","electionDayVotes":3,"pid":"9","finalPosition":0,"electedInformation":"NOT_ELECTED","totalVotesPercent":0.7,"nominatorName":{"fi":"Suomen Kristillisdemokraatit (KD)","sv":"Kristdemokraterna i Finland (KD)","en":"Christian Democrats in Finland"},"caid":29,"position":0,"gender":"1","comparisonData":{"totalVotes":28,"votesTotalChange":-22},"edid":2,"comparativeIndex":0.0,"electionDayVotesPercent":0.7,"nominatorAbbr":{"fi":"KD","sv":"KD","en":"CD"}},{"age":31,"advanceVotesPercent":0.5,"lastname":"Särs","occupation":"ahtaaja","advanceVotes":2,"npid":5,"totalVotes":6,"spid":3,"abbr":"PS","municipalCouncilor":false,"muid":78,"alid":5,"firstname":"Tony","electionDayVotes":4,"pid":"23","finalPosition":0,"electedInformation":"ELECTED","totalVotesPercent":0.7,"nominatorName":{"fi":"Perussuomalaiset","sv":"Sannfinländarna","en":"The Finns Party"},"caid":44,"position":0,"gender":"1","comparisonData":{"totalVotes":0,"votesTotalChange":6},"edid":2,"comparativeIndex":0.0,"electionDayVotesPercent":0.9,"nominatorAbbr":{"fi":"PS","sv":"Sannf","en":"FINNS"}},{"age":29,"advanceVotesPercent":0.0,"lastname":"Talja","occupation":"vaihtotyönjohtaja","advanceVotes":0,"npid":6,"totalVotes":6,"spid":4,"abbr":"SDP","municipalCouncilor":false,"muid":78,"alid":6,"firstname":"Arto","electionDayVotes":6,"pid":"1","finalPosition":0,"electedInformation":"NOT_ELECTED","totalVotesPercent":0.7,"nominatorName":{"fi":"Suomen Sosialidemokraattinen Puolue","sv":"Finlands Socialdemokratiska Parti","en":"The Finnish Social Democratic Party"},"caid":67,"position":0,"gender":"1","comparisonData":{"totalVotes":0,"votesTotalChange":6},"edid":2,"comparativeIndex":0.0,"electionDayVotesPercent":1.3,"nominatorAbbr":{"fi":"SDP","sv":"SDP","en":"SDP"}},{"age":72,"advanceVotesPercent":0.2,"lastname":"Tolvanen","occupation":"asentaja, eläkk.","advanceVotes":1,"npid":6,"totalVotes":6,"spid":4,"abbr":"SDP","municipalCouncilor":true,"muid":78,"alid":6,"firstname":"Esko","electionDayVotes":5,"pid":"1","finalPosition":0,"electedInformation":"ON_SUBSTITUTE_PLACE","totalVotesPercent":0.7,"nominatorName":{"fi":"Suomen Sosialidemokraattinen Puolue","sv":"Finlands Socialdemokratiska Parti","en":"The Finnish Social Democratic Party"},"caid":68,"position":0,"gender":"1","comparisonData":{"totalVotes":69,"votesTotalChange":-63},"edid":2,"comparativeIndex":0.0,"electionDayVotesPercent":1.1,"nominatorAbbr":{"fi":"SDP","sv":"SDP","en":"SDP"}},{"age":59,"advanceVotesPercent":0.5,"lastname":"Baarman","occupation":"yrkeshandledare","advanceVotes":2,"npid":6,"totalVotes":6,"spid":4,"abbr":"SDP","municipalCouncilor":true,"muid":78,"alid":6,"firstname":"Peter","electionDayVotes":4,"pid":"1","finalPosition":0,"electedInformation":"ON_SUBSTITUTE_PLACE","totalVotesPercent":0.7,"nominatorName":{"fi":"Suomen Sosialidemokraattinen Puolue","sv":"Finlands Socialdemokratiska Parti","en":"The Finnish Social Democratic Party"},"caid":70,"position":0,"gender":"1","comparisonData":{"totalVotes":59,"votesTotalChange":-53},"edid":2,"comparativeIndex":0.0,"electionDayVotesPercent":0.9,"nominatorAbbr":{"fi":"SDP","sv":"SDP","en":"SDP"}},{"age":47,"advanceVotesPercent":0.5,"lastname":"Ferm","occupation":"arbetslös, työtön","advanceVotes":2,"npid":6,"totalVotes":6,"spid":4,"abbr":"SDP","municipalCouncilor":false,"muid":78,"alid":6,"firstname":"Ben","electionDayVotes":4,"pid":"1","finalPosition":0,"electedInformation":"NOT_ELECTED","totalVotesPercent":0.7,"nominatorName":{"fi":"Suomen Sosialidemokraattinen Puolue","sv":"Finlands Socialdemokratiska Parti","en":"The Finnish Social Democratic Party"},"caid":72,"position":0,"gender":"1","comparisonData":{"totalVotes":41,"votesTotalChange":-35},"edid":2,"comparativeIndex":0.0,"electionDayVotesPercent":0.9,"nominatorAbbr":{"fi":"SDP","sv":"SDP","en":"SDP"}},{"age":31,"advanceVotesPercent":0.2,"lastname":"Teikari","occupation":"speditör","advanceVotes":1,"npid":1,"totalVotes":5,"spid":7,"abbr":"RKP","municipalCouncilor":false,"muid":78,"alid":1,"firstname":"Anna","electionDayVotes":4,"pid":"5","finalPosition":0,"electedInformation":"ON_SUBSTITUTE_PLACE","totalVotesPercent":0.6,"nominatorName":{"fi":"Suomen ruotsalainen kansanpuolue","sv":"Svenska folkpartiet i Finland","en":"Swedish People's Party in Finland"},"caid":20,"position":0,"gender":"2","comparisonData":{"totalVotes":0,"votesTotalChange":5},"edid":2,"comparativeIndex":0.0,"electionDayVotesPercent":0.9,"nominatorAbbr":{"fi":"RKP","sv":"SFP","en":"SPP"}},{"age":19,"advanceVotesPercent":0.7,"lastname":"Mustonen","occupation":"ylioppilas, varusmies","advanceVotes":3,"npid":3,"totalVotes":5,"spid":8,"abbr":"KD","municipalCouncilor":false,"muid":78,"alid":3,"firstname":"Antti","electionDayVotes":2,"pid":"9","finalPosition":0,"electedInformation":"NOT_ELECTED","totalVotesPercent":0.6,"nominatorName":{"fi":"Suomen Kristillisdemokraatit (KD)","sv":"Kristdemokraterna i Finland (KD)","en":"Christian Democrats in Finland"},"caid":30,"position":0,"gender":"1","comparisonData":{"totalVotes":0,"votesTotalChange":5},"edid":2,"comparativeIndex":0.0,"electionDayVotesPercent":0.4,"nominatorAbbr":{"fi":"KD","sv":"KD","en":"CD"}},{"age":54,"advanceVotesPercent":0.5,"lastname":"Immonen","occupation":"paloesimies, brandförman","advanceVotes":2,"npid":6,"totalVotes":5,"spid":4,"abbr":"SDP","municipalCouncilor":false,"muid":78,"alid":6,"firstname":"Jarkko","electionDayVotes":3,"pid":"1","finalPosition":0,"electedInformation":"ON_SUBSTITUTE_PLACE","totalVotesPercent":0.6,"nominatorName":{"fi":"Suomen Sosialidemokraattinen Puolue","sv":"Finlands Socialdemokratiska Parti","en":"The Finnish Social Democratic Party"},"caid":51,"position":0,"gender":"1","comparisonData":{"totalVotes":0,"votesTotalChange":5},"edid":2,"comparativeIndex":0.0,"electionDayVotesPercent":0.7,"nominatorAbbr":{"fi":"SDP","sv":"SDP","en":"SDP"}},{"age":69,"advanceVotesPercent":0.2,"lastname":"Kemppainen","occupation":"hitsaaja, eläkk.","advanceVotes":1,"npid":6,"totalVotes":5,"spid":4,"abbr":"SDP","municipalCouncilor":false,"muid":78,"alid":6,"firstname":"Pekka","electionDayVotes":4,"pid":"1","finalPosition":0,"electedInformation":"ON_SUBSTITUTE_PLACE","totalVotesPercent":0.6,"nominatorName":{"fi":"Suomen Sosialidemokraattinen Puolue","sv":"Finlands Socialdemokratiska Parti","en":"The Finnish Social Democratic Party"},"caid":57,"position":0,"gender":"1","comparisonData":{"totalVotes":0,"votesTotalChange":5},"edid":2,"comparativeIndex":0.0,"electionDayVotesPercent":0.9,"nominatorAbbr":{"fi":"SDP","sv":"SDP","en":"SDP"}},{"age":62,"advanceVotesPercent":0.0,"lastname":"Böckerman","occupation":"företagare, yrittäjä","advanceVotes":0,"npid":6,"totalVotes":5,"spid":4,"abbr":"SDP","municipalCouncilor":true,"muid":78,"alid":6,"firstname":"Ulf","electionDayVotes":5,"pid":"1","finalPosition":0,"electedInformation":"ON_SUBSTITUTE_PLACE","totalVotesPercent":0.6,"nominatorName":{"fi":"Suomen Sosialidemokraattinen Puolue","sv":"Finlands Socialdemokratiska Parti","en":"The Finnish Social Democratic Party"},"caid":71,"position":0,"gender":"1","comparisonData":{"totalVotes":61,"votesTotalChange":-56},"edid":2,"comparativeIndex":0.0,"electionDayVotesPercent":1.1,"nominatorAbbr":{"fi":"SDP","sv":"SDP","en":"SDP"}},{"age":70,"advanceVotesPercent":1.0,"lastname":"Strömsten","occupation":"pensionär, eläkeläinen","advanceVotes":4,"npid":6,"totalVotes":5,"spid":4,"abbr":"SDP","municipalCouncilor":false,"muid":78,"alid":6,"firstname":"Christer","electionDayVotes":1,"pid":"1","finalPosition":0,"electedInformation":"ON_SUBSTITUTE_PLACE","totalVotesPercent":0.6,"nominatorName":{"fi":"Suomen Sosialidemokraattinen Puolue","sv":"Finlands Socialdemokratiska Parti","en":"The Finnish Social Democratic Party"},"caid":79,"position":0,"gender":"1","comparisonData":{"totalVotes":0,"votesTotalChange":5},"edid":2,"comparativeIndex":0.0,"electionDayVotesPercent":0.2,"nominatorAbbr":{"fi":"SDP","sv":"SDP","en":"SDP"}},{"age":51,"advanceVotesPercent":0.0,"lastname":"Alén","occupation":"toiminnanjohtaja, yrittäjä","advanceVotes":0,"npid":7,"totalVotes":5,"spid":2,"abbr":"KOK","municipalCouncilor":false,"muid":78,"alid":7,"firstname":"Risto","electionDayVotes":5,"pid":"4","finalPosition":0,"electedInformation":"NOT_ELECTED","totalVotesPercent":0.6,"nominatorName":{"fi":"Kansallinen Kokoomus","sv":"Samlingspartiet","en":"National Coalition Party"},"caid":81,"position":0,"gender":"1","comparisonData":{"totalVotes":33,"votesTotalChange":-28},"edid":2,"comparativeIndex":0.0,"electionDayVotesPercent":1.1,"nominatorAbbr":{"fi":"KOK","sv":"Saml","en":"NCP"}},{"age":59,"advanceVotesPercent":0.7,"lastname":"Jansson","occupation":"trukinkuljettaja, pääluottamusmies","advanceVotes":3,"npid":8,"totalVotes":5,"spid":6,"abbr":"VAS","municipalCouncilor":false,"muid":78,"alid":8,"firstname":"Timo","electionDayVotes":2,"pid":"15","finalPosition":0,"electedInformation":"ON_SUBSTITUTE_PLACE","totalVotesPercent":0.6,"nominatorName":{"fi":"Vasemmistoliitto","sv":"Vänsterförbundet","en":"The Left Alliance"},"caid":92,"position":0,"gender":"1","comparisonData":{"totalVotes":0,"votesTotalChange":5},"edid":2,"comparativeIndex":0.0,"electionDayVotesPercent":0.4,"nominatorAbbr":{"fi":"VAS","sv":"VF","en":"LEFT"}},{"age":47,"advanceVotesPercent":0.0,"lastname":"Sundström","occupation":"tilapäisahtaaja","advanceVotes":0,"npid":9,"totalVotes":5,"spid":99,"abbr":"Muut","municipalCouncilor":false,"muid":78,"alid":9,"firstname":"Sven","electionDayVotes":5,"pid":"0789","finalPosition":0,"electedInformation":"ON_SUBSTITUTE_PLACE","totalVotesPercent":0.6,"nominatorName":{"fi":"Hanko 2016 Hangö sitoutumattomat obundna","sv":"Hanko 2016 Hangö sitoutumattomat obundna","en":"Hanko 2016 Hangö sitoutumattomat obundna"},"caid":99,"position":0,"gender":"1","comparisonData":{"totalVotes":0,"votesTotalChange":5},"edid":2,"comparativeIndex":0.0,"electionDayVotesPercent":1.1,"nominatorAbbr":{"fi":"YL1","sv":"YL1","en":"YL1"}},{"age":37,"advanceVotesPercent":0.5,"lastname":"Carstens","occupation":"programerare","advanceVotes":2,"npid":1,"totalVotes":4,"spid":7,"abbr":"RKP","municipalCouncilor":false,"muid":78,"alid":1,"firstname":"Dick","electionDayVotes":2,"pid":"5","finalPosition":0,"electedInformation":"ON_SUBSTITUTE_PLACE","totalVotesPercent":0.5,"nominatorName":{"fi":"Suomen ruotsalainen kansanpuolue","sv":"Svenska folkpartiet i Finland","en":"Swedish People's Party in Finland"},"caid":4,"position":0,"gender":"1","comparisonData":{"totalVotes":26,"votesTotalChange":-22},"edid":2,"comparativeIndex":0.0,"electionDayVotesPercent":0.4,"nominatorAbbr":{"fi":"RKP","sv":"SFP","en":"SPP"}},{"age":38,"advanceVotesPercent":0.7,"lastname":"Ristimäki","occupation":"arkkitehti yo","advanceVotes":3,"npid":4,"totalVotes":4,"spid":9,"abbr":"SKP","municipalCouncilor":false,"muid":78,"alid":4,"firstname":"Jaakko","electionDayVotes":1,"pid":"8","finalPosition":0,"electedInformation":"ON_SUBSTITUTE_PLACE","totalVotesPercent":0.5,"nominatorName":{"fi":"Suomen Kommunistinen Puolue","sv":"Finlands Kommunistiska Parti","en":"The Communist Party of Finland"},"caid":37,"position":0,"gender":"1","comparisonData":{"totalVotes":0,"votesTotalChange":4},"edid":2,"comparativeIndex":0.0,"electionDayVotesPercent":0.2,"nominatorAbbr":{"fi":"SKP","sv":"FKP","en":"CPF"}},{"age":39,"advanceVotesPercent":0.5,"lastname":"Karvinen","occupation":"kotiäiti","advanceVotes":2,"npid":6,"totalVotes":4,"spid":4,"abbr":"SDP","municipalCouncilor":false,"muid":78,"alid":6,"firstname":"Emilia","electionDayVotes":2,"pid":"1","finalPosition":0,"electedInformation":"NOT_ELECTED","totalVotesPercent":0.5,"nominatorName":{"fi":"Suomen Sosialidemokraattinen Puolue","sv":"Finlands Socialdemokratiska Parti","en":"The Finnish Social Democratic Party"},"caid":54,"position":0,"gender":"2","comparisonData":{"totalVotes":0,"votesTotalChange":4},"edid":2,"comparativeIndex":0.0,"electionDayVotesPercent":0.4,"nominatorAbbr":{"fi":"SDP","sv":"SDP","en":"SDP"}},{"age":62,"advanceVotesPercent":1.0,"lastname":"Pääkkö","occupation":"myyntijohtaja","advanceVotes":4,"npid":6,"totalVotes":4,"spid":4,"abbr":"SDP","municipalCouncilor":true,"muid":78,"alid":6,"firstname":"Aila","electionDayVotes":0,"pid":"1","finalPosition":0,"electedInformation":"ELECTED","totalVotesPercent":0.5,"nominatorName":{"fi":"Suomen Sosialidemokraattinen Puolue","sv":"Finlands Socialdemokratiska Parti","en":"The Finnish Social Democratic Party"},"caid":63,"position":0,"gender":"2","comparisonData":{"totalVotes":81,"votesTotalChange":-77},"edid":2,"comparativeIndex":0.0,"electionDayVotesPercent":0.0,"nominatorAbbr":{"fi":"SDP","sv":"SDP","en":"SDP"}},{"age":46,"advanceVotesPercent":0.7,"lastname":"Karjalainen","occupation":"projektipäällikkö","advanceVotes":3,"npid":7,"totalVotes":4,"spid":2,"abbr":"KOK","municipalCouncilor":false,"muid":78,"alid":7,"firstname":"Juha","electionDayVotes":1,"pid":"4","finalPosition":0,"electedInformation":"NOT_ELECTED","totalVotesPercent":0.5,"nominatorName":{"fi":"Kansallinen Kokoomus","sv":"Samlingspartiet","en":"National Coalition Party"},"caid":87,"position":0,"gender":"1","comparisonData":{"totalVotes":25,"votesTotalChange":-21},"edid":2,"comparativeIndex":0.0,"electionDayVotesPercent":0.2,"nominatorAbbr":{"fi":"KOK","sv":"Saml","en":"NCP"}},{"age":35,"advanceVotesPercent":0.7,"lastname":"Näätänen","occupation":"lähihoitaja","advanceVotes":3,"npid":8,"totalVotes":4,"spid":6,"abbr":"VAS","municipalCouncilor":false,"muid":78,"alid":8,"firstname":"Taru","electionDayVotes":1,"pid":"15","finalPosition":0,"electedInformation":"ON_SUBSTITUTE_PLACE","totalVotesPercent":0.5,"nominatorName":{"fi":"Vasemmistoliitto","sv":"Vänsterförbundet","en":"The Left Alliance"},"caid":95,"position":0,"gender":"2","comparisonData":{"totalVotes":0,"votesTotalChange":4},"edid":2,"comparativeIndex":0.0,"electionDayVotesPercent":0.2,"nominatorAbbr":{"fi":"VAS","sv":"VF","en":"LEFT"}},{"age":44,"advanceVotesPercent":0.5,"lastname":"Malén","occupation":"palomies","advanceVotes":2,"npid":9,"totalVotes":4,"spid":99,"abbr":"Muut","municipalCouncilor":false,"muid":78,"alid":9,"firstname":"Anders","electionDayVotes":2,"pid":"0789","finalPosition":0,"electedInformation":"ON_SUBSTITUTE_PLACE","totalVotesPercent":0.5,"nominatorName":{"fi":"Hanko 2016 Hangö sitoutumattomat obundna","sv":"Hanko 2016 Hangö sitoutumattomat obundna","en":"Hanko 2016 Hangö sitoutumattomat obundna"},"caid":100,"position":0,"gender":"1","comparisonData":{"totalVotes":0,"votesTotalChange":4},"edid":2,"comparativeIndex":0.0,"electionDayVotesPercent":0.4,"nominatorAbbr":{"fi":"YL1","sv":"YL1","en":"YL1"}},{"age":46,"advanceVotesPercent":0.0,"lastname":"Buch","occupation":"restonom (högre YH), business coach","advanceVotes":0,"npid":1,"totalVotes":3,"spid":7,"abbr":"RKP","municipalCouncilor":false,"muid":78,"alid":1,"firstname":"Tanja","electionDayVotes":3,"pid":"5","finalPosition":0,"electedInformation":"ON_SUBSTITUTE_PLACE","totalVotesPercent":0.3,"nominatorName":{"fi":"Suomen ruotsalainen kansanpuolue","sv":"Svenska folkpartiet i Finland","en":"Swedish People's Party in Finland"},"caid":2,"position":0,"gender":"2","comparisonData":{"totalVotes":0,"votesTotalChange":3},"edid":2,"comparativeIndex":0.0,"electionDayVotesPercent":0.7,"nominatorAbbr":{"fi":"RKP","sv":"SFP","en":"SPP"}},{"age":33,"advanceVotesPercent":0.0,"lastname":"Sveinsdottir-Karmakar","occupation":"närvårdarstuderande","advanceVotes":0,"npid":3,"totalVotes":3,"spid":8,"abbr":"KD","municipalCouncilor":false,"muid":78,"alid":3,"firstname":"Hrefna","electionDayVotes":3,"pid":"9","finalPosition":0,"electedInformation":"NOT_ELECTED","totalVotesPercent":0.3,"nominatorName":{"fi":"Suomen Kristillisdemokraatit (KD)","sv":"Kristdemokraterna i Finland (KD)","en":"Christian Democrats in Finland"},"caid":32,"position":0,"gender":"2","comparisonData":{"totalVotes":0,"votesTotalChange":3},"edid":2,"comparativeIndex":0.0,"electionDayVotesPercent":0.7,"nominatorAbbr":{"fi":"KD","sv":"KD","en":"CD"}},{"age":54,"advanceVotesPercent":0.0,"lastname":"Isaksson","occupation":"keittiömestari","advanceVotes":0,"npid":4,"totalVotes":3,"spid":9,"abbr":"SKP","municipalCouncilor":false,"muid":78,"alid":4,"firstname":"Mika","electionDayVotes":3,"pid":"8","finalPosition":0,"electedInformation":"NOT_ELECTED","totalVotesPercent":0.3,"nominatorName":{"fi":"Suomen Kommunistinen Puolue","sv":"Finlands Kommunistiska Parti","en":"The Communist Party of Finland"},"caid":36,"position":0,"gender":"1","comparisonData":{"totalVotes":0,"votesTotalChange":3},"edid":2,"comparativeIndex":0.0,"electionDayVotesPercent":0.7,"nominatorAbbr":{"fi":"SKP","sv":"FKP","en":"CPF"}},{"age":32,"advanceVotesPercent":0.7,"lastname":"Kostiainen","occupation":"vartija","advanceVotes":3,"npid":5,"totalVotes":3,"spid":3,"abbr":"PS","municipalCouncilor":false,"muid":78,"alid":5,"firstname":"Jori","electionDayVotes":0,"pid":"23","finalPosition":0,"electedInformation":"NOT_ELECTED","totalVotesPercent":0.3,"nominatorName":{"fi":"Perussuomalaiset","sv":"Sannfinländarna","en":"The Finns Party"},"caid":41,"position":0,"gender":"1","comparisonData":{"totalVotes":0,"votesTotalChange":3},"edid":2,"comparativeIndex":0.0,"electionDayVotesPercent":0.0,"nominatorAbbr":{"fi":"PS","sv":"Sannf","en":"FINNS"}},{"age":71,"advanceVotesPercent":0.0,"lastname":"Tuunanen","occupation":"insinööri","advanceVotes":0,"npid":5,"totalVotes":3,"spid":3,"abbr":"PS","municipalCouncilor":true,"muid":78,"alid":5,"firstname":"Pekka","electionDayVotes":3,"pid":"23","finalPosition":0,"electedInformation":"ON_SUBSTITUTE_PLACE","totalVotesPercent":0.3,"nominatorName":{"fi":"Perussuomalaiset","sv":"Sannfinländarna","en":"The Finns Party"},"caid":45,"position":0,"gender":"1","comparisonData":{"totalVotes":76,"votesTotalChange":-73},"edid":2,"comparativeIndex":0.0,"electionDayVotesPercent":0.7,"nominatorAbbr":{"fi":"PS","sv":"Sannf","en":"FINNS"}},{"age":72,"advanceVotesPercent":0.2,"lastname":"Buch","occupation":"yrittäjä eläkk., företagare i.a.","advanceVotes":1,"npid":6,"totalVotes":3,"spid":4,"abbr":"SDP","municipalCouncilor":false,"muid":78,"alid":6,"firstname":"Tuula","electionDayVotes":2,"pid":"1","finalPosition":0,"electedInformation":"NOT_ELECTED","totalVotesPercent":0.3,"nominatorName":{"fi":"Suomen Sosialidemokraattinen Puolue","sv":"Finlands Socialdemokratiska Parti","en":"The Finnish Social Democratic Party"},"caid":47,"position":0,"gender":"2","comparisonData":{"totalVotes":24,"votesTotalChange":-21},"edid":2,"comparativeIndex":0.0,"electionDayVotesPercent":0.4,"nominatorAbbr":{"fi":"SDP","sv":"SDP","en":"SDP"}},{"age":53,"advanceVotesPercent":0.0,"lastname":"Kavander","occupation":"vuorovastaava, skiftesansvarig, DJ","advanceVotes":0,"npid":6,"totalVotes":3,"spid":4,"abbr":"SDP","municipalCouncilor":false,"muid":78,"alid":6,"firstname":"Tuomo","electionDayVotes":3,"pid":"1","finalPosition":0,"electedInformation":"NOT_ELECTED","totalVotesPercent":0.3,"nominatorName":{"fi":"Suomen Sosialidemokraattinen Puolue","sv":"Finlands Socialdemokratiska Parti","en":"The Finnish Social Democratic Party"},"caid":56,"position":0,"gender":"1","comparisonData":{"totalVotes":26,"votesTotalChange":-23},"edid":2,"comparativeIndex":0.0,"electionDayVotesPercent":0.7,"nominatorAbbr":{"fi":"SDP","sv":"SDP","en":"SDP"}},{"age":43,"advanceVotesPercent":0.5,"lastname":"Pulkkinen","occupation":"myyjä","advanceVotes":2,"npid":6,"totalVotes":3,"spid":4,"abbr":"SDP","municipalCouncilor":true,"muid":78,"alid":6,"firstname":"Jaana","electionDayVotes":1,"pid":"1","finalPosition":0,"electedInformation":"ELECTED","totalVotesPercent":0.3,"nominatorName":{"fi":"Suomen Sosialidemokraattinen Puolue","sv":"Finlands Socialdemokratiska Parti","en":"The Finnish Social Democratic Party"},"caid":62,"position":0,"gender":"2","comparisonData":{"totalVotes":60,"votesTotalChange":-57},"edid":2,"comparativeIndex":0.0,"electionDayVotesPercent":0.2,"nominatorAbbr":{"fi":"SDP","sv":"SDP","en":"SDP"}},{"age":28,"advanceVotesPercent":0.5,"lastname":"Sinkkonen","occupation":"minilinja-asentaja","advanceVotes":2,"npid":6,"totalVotes":3,"spid":4,"abbr":"SDP","municipalCouncilor":false,"muid":78,"alid":6,"firstname":"Antti","electionDayVotes":1,"pid":"1","finalPosition":0,"electedInformation":"NOT_ELECTED","totalVotesPercent":0.3,"nominatorName":{"fi":"Suomen Sosialidemokraattinen Puolue","sv":"Finlands Socialdemokratiska Parti","en":"The Finnish Social Democratic Party"},"caid":66,"position":0,"gender":"1","comparisonData":{"totalVotes":0,"votesTotalChange":3},"edid":2,"comparativeIndex":0.0,"electionDayVotesPercent":0.2,"nominatorAbbr":{"fi":"SDP","sv":"SDP","en":"SDP"}},{"age":53,"advanceVotesPercent":0.5,"lastname":"Augustsson-Sula","occupation":"företagare, yrittäjä","advanceVotes":2,"npid":6,"totalVotes":3,"spid":4,"abbr":"SDP","municipalCouncilor":false,"muid":78,"alid":6,"firstname":"Gun","electionDayVotes":1,"pid":"1","finalPosition":0,"electedInformation":"NOT_ELECTED","totalVotesPercent":0.3,"nominatorName":{"fi":"Suomen Sosialidemokraattinen Puolue","sv":"Finlands Socialdemokratiska Parti","en":"The Finnish Social Democratic Party"},"caid":69,"position":0,"gender":"2","comparisonData":{"totalVotes":15,"votesTotalChange":-12},"edid":2,"comparativeIndex":0.0,"electionDayVotesPercent":0.2,"nominatorAbbr":{"fi":"SDP","sv":"SDP","en":"SDP"}},{"age":75,"advanceVotesPercent":0.2,"lastname":"Sandblom","occupation":"pensionär, eläkeläinen","advanceVotes":1,"npid":6,"totalVotes":3,"spid":4,"abbr":"SDP","municipalCouncilor":false,"muid":78,"alid":6,"firstname":"Otto","electionDayVotes":2,"pid":"1","finalPosition":0,"electedInformation":"NOT_ELECTED","totalVotesPercent":0.3,"nominatorName":{"fi":"Suomen Sosialidemokraattinen Puolue","sv":"Finlands Socialdemokratiska Parti","en":"The Finnish Social Democratic Party"},"caid":78,"position":0,"gender":"1","comparisonData":{"totalVotes":15,"votesTotalChange":-12},"edid":2,"comparativeIndex":0.0,"electionDayVotesPercent":0.4,"nominatorAbbr":{"fi":"SDP","sv":"SDP","en":"SDP"}},{"age":33,"advanceVotesPercent":0.2,"lastname":"Sundberg","occupation":"stuvare, ahtaaja","advanceVotes":1,"npid":6,"totalVotes":3,"spid":4,"abbr":"SDP","municipalCouncilor":false,"muid":78,"alid":6,"firstname":"Viktor","electionDayVotes":2,"pid":"1","finalPosition":0,"electedInformation":"NOT_ELECTED","totalVotesPercent":0.3,"nominatorName":{"fi":"Suomen Sosialidemokraattinen Puolue","sv":"Finlands Socialdemokratiska Parti","en":"The Finnish Social Democratic Party"},"caid":80,"position":0,"gender":"1","comparisonData":{"totalVotes":0,"votesTotalChange":3},"edid":2,"comparativeIndex":0.0,"electionDayVotesPercent":0.4,"nominatorAbbr":{"fi":"SDP","sv":"SDP","en":"SDP"}},{"age":84,"advanceVotesPercent":0.5,"lastname":"Helander","occupation":"pensionär","advanceVotes":2,"npid":1,"totalVotes":2,"spid":7,"abbr":"RKP","municipalCouncilor":false,"muid":78,"alid":1,"firstname":"Stig","electionDayVotes":0,"pid":"5","finalPosition":0,"electedInformation":"ON_SUBSTITUTE_PLACE","totalVotesPercent":0.2,"nominatorName":{"fi":"Suomen ruotsalainen kansanpuolue","sv":"Svenska folkpartiet i Finland","en":"Swedish People's Party in Finland"},"caid":8,"position":0,"gender":"1","comparisonData":{"totalVotes":21,"votesTotalChange":-19},"edid":2,"comparativeIndex":0.0,"electionDayVotesPercent":0.0,"nominatorAbbr":{"fi":"RKP","sv":"SFP","en":"SPP"}},{"age":68,"advanceVotesPercent":0.0,"lastname":"Aavamäki","occupation":"eläkeläinen, yrittäjä","advanceVotes":0,"npid":4,"totalVotes":2,"spid":9,"abbr":"SKP","municipalCouncilor":false,"muid":78,"alid":4,"firstname":"Jorma","electionDayVotes":2,"pid":"8","finalPosition":0,"electedInformation":"NOT_ELECTED","totalVotesPercent":0.2,"nominatorName":{"fi":"Suomen Kommunistinen Puolue","sv":"Finlands Kommunistiska Parti","en":"The Communist Party of Finland"},"caid":35,"position":0,"gender":"1","comparisonData":{"totalVotes":0,"votesTotalChange":2},"edid":2,"comparativeIndex":0.0,"electionDayVotesPercent":0.4,"nominatorAbbr":{"fi":"SKP","sv":"FKP","en":"CPF"}},{"age":48,"advanceVotesPercent":0.2,"lastname":"Huldin","occupation":"vaihetyöntekijä, pääluottamusmies","advanceVotes":1,"npid":6,"totalVotes":2,"spid":4,"abbr":"SDP","municipalCouncilor":false,"muid":78,"alid":6,"firstname":"Tuula","electionDayVotes":1,"pid":"1","finalPosition":0,"electedInformation":"NOT_ELECTED","totalVotesPercent":0.2,"nominatorName":{"fi":"Suomen Sosialidemokraattinen Puolue","sv":"Finlands Socialdemokratiska Parti","en":"The Finnish Social Democratic Party"},"caid":50,"position":0,"gender":"2","comparisonData":{"totalVotes":26,"votesTotalChange":-24},"edid":2,"comparativeIndex":0.0,"electionDayVotesPercent":0.2,"nominatorAbbr":{"fi":"SDP","sv":"SDP","en":"SDP"}},{"age":74,"advanceVotesPercent":0.2,"lastname":"Immonen","occupation":"eläkeläinen, pensionär","advanceVotes":1,"npid":6,"totalVotes":2,"spid":4,"abbr":"SDP","municipalCouncilor":false,"muid":78,"alid":6,"firstname":"Seppo","electionDayVotes":1,"pid":"1","finalPosition":0,"electedInformation":"NOT_ELECTED","totalVotesPercent":0.2,"nominatorName":{"fi":"Suomen Sosialidemokraattinen Puolue","sv":"Finlands Socialdemokratiska Parti","en":"The Finnish Social Democratic Party"},"caid":52,"position":0,"gender":"1","comparisonData":{"totalVotes":14,"votesTotalChange":-12},"edid":2,"comparativeIndex":0.0,"electionDayVotesPercent":0.2,"nominatorAbbr":{"fi":"SDP","sv":"SDP","en":"SDP"}},{"age":54,"advanceVotesPercent":0.0,"lastname":"Förström","occupation":"autom.ing., autom.ins.","advanceVotes":0,"npid":6,"totalVotes":2,"spid":4,"abbr":"SDP","municipalCouncilor":false,"muid":78,"alid":6,"firstname":"Bernt","electionDayVotes":2,"pid":"1","finalPosition":0,"electedInformation":"ON_SUBSTITUTE_PLACE","totalVotesPercent":0.2,"nominatorName":{"fi":"Suomen Sosialidemokraattinen Puolue","sv":"Finlands Socialdemokratiska Parti","en":"The Finnish Social Democratic Party"},"caid":73,"position":0,"gender":"1","comparisonData":{"totalVotes":36,"votesTotalChange":-34},"edid":2,"comparativeIndex":0.0,"electionDayVotesPercent":0.4,"nominatorAbbr":{"fi":"SDP","sv":"SDP","en":"SDP"}},{"age":43,"advanceVotesPercent":0.0,"lastname":"Koskinen","occupation":"bokförare","advanceVotes":0,"npid":1,"totalVotes":1,"spid":7,"abbr":"RKP","municipalCouncilor":false,"muid":78,"alid":1,"firstname":"Marie","electionDayVotes":1,"pid":"5","finalPosition":0,"electedInformation":"NOT_ELECTED","totalVotesPercent":0.1,"nominatorName":{"fi":"Suomen ruotsalainen kansanpuolue","sv":"Svenska folkpartiet i Finland","en":"Swedish People's Party in Finland"},"caid":11,"position":0,"gender":"2","comparisonData":{"totalVotes":0,"votesTotalChange":1},"edid":2,"comparativeIndex":0.0,"electionDayVotesPercent":0.2,"nominatorAbbr":{"fi":"RKP","sv":"SFP","en":"SPP"}},{"age":69,"advanceVotesPercent":0.0,"lastname":"Caselius","occupation":"eläkeläinen","advanceVotes":0,"npid":4,"totalVotes":1,"spid":9,"abbr":"SKP","municipalCouncilor":false,"muid":78,"alid":4,"firstname":"Eero","electionDayVotes":1,"pid":"8","finalPosition":0,"electedInformation":"NOT_ELECTED","totalVotesPercent":0.1,"nominatorName":{"fi":"Suomen Kommunistinen Puolue","sv":"Finlands Kommunistiska Parti","en":"The Communist Party of Finland"},"caid":38,"position":0,"gender":"1","comparisonData":{"totalVotes":0,"votesTotalChange":1},"edid":2,"comparativeIndex":0.0,"electionDayVotesPercent":0.2,"nominatorAbbr":{"fi":"SKP","sv":"FKP","en":"CPF"}},{"age":45,"advanceVotesPercent":0.2,"lastname":"Saastamoinen","occupation":"asentaja","advanceVotes":1,"npid":5,"totalVotes":1,"spid":3,"abbr":"PS","municipalCouncilor":false,"muid":78,"alid":5,"firstname":"Miika","electionDayVotes":0,"pid":"23","finalPosition":0,"electedInformation":"NOT_ELECTED","totalVotesPercent":0.1,"nominatorName":{"fi":"Perussuomalaiset","sv":"Sannfinländarna","en":"The Finns Party"},"caid":43,"position":0,"gender":"1","comparisonData":{"totalVotes":34,"votesTotalChange":-33},"edid":2,"comparativeIndex":0.0,"electionDayVotesPercent":0.0,"nominatorAbbr":{"fi":"PS","sv":"Sannf","en":"FINNS"}},{"age":56,"advanceVotesPercent":0.0,"lastname":"Larila","occupation":"asentaja","advanceVotes":0,"npid":6,"totalVotes":1,"spid":4,"abbr":"SDP","municipalCouncilor":true,"muid":78,"alid":6,"firstname":"Keijo","electionDayVotes":1,"pid":"1","finalPosition":0,"electedInformation":"NOT_ELECTED","totalVotesPercent":0.1,"nominatorName":{"fi":"Suomen Sosialidemokraattinen Puolue","sv":"Finlands Socialdemokratiska Parti","en":"The Finnish Social Democratic Party"},"caid":58,"position":0,"gender":"1","comparisonData":{"totalVotes":49,"votesTotalChange":-48},"edid":2,"comparativeIndex":0.0,"electionDayVotesPercent":0.2,"nominatorAbbr":{"fi":"SDP","sv":"SDP","en":"SDP"}},{"age":58,"advanceVotesPercent":0.2,"lastname":"Sariola","occupation":"myyjä, försäljare","advanceVotes":1,"npid":6,"totalVotes":1,"spid":4,"abbr":"SDP","municipalCouncilor":false,"muid":78,"alid":6,"firstname":"Maritta","electionDayVotes":0,"pid":"1","finalPosition":0,"electedInformation":"NOT_ELECTED","totalVotesPercent":0.1,"nominatorName":{"fi":"Suomen Sosialidemokraattinen Puolue","sv":"Finlands Socialdemokratiska Parti","en":"The Finnish Social Democratic Party"},"caid":65,"position":0,"gender":"2","comparisonData":{"totalVotes":8,"votesTotalChange":-7},"edid":2,"comparativeIndex":0.0,"electionDayVotesPercent":0.0,"nominatorAbbr":{"fi":"SDP","sv":"SDP","en":"SDP"}},{"age":76,"advanceVotesPercent":0.2,"lastname":"Rönnblad","occupation":"skrothandlare, pensionär","advanceVotes":1,"npid":6,"totalVotes":1,"spid":4,"abbr":"SDP","municipalCouncilor":false,"muid":78,"alid":6,"firstname":"Rolf","electionDayVotes":0,"pid":"1","finalPosition":0,"electedInformation":"NOT_ELECTED","totalVotesPercent":0.1,"nominatorName":{"fi":"Suomen Sosialidemokraattinen Puolue","sv":"Finlands Socialdemokratiska Parti","en":"The Finnish Social Democratic Party"},"caid":76,"position":0,"gender":"1","comparisonData":{"totalVotes":26,"votesTotalChange":-25},"edid":2,"comparativeIndex":0.0,"electionDayVotesPercent":0.0,"nominatorAbbr":{"fi":"SDP","sv":"SDP","en":"SDP"}},{"age":43,"advanceVotesPercent":0.2,"lastname":"Rönnblad","occupation":"torghandlare, torikauppias","advanceVotes":1,"npid":6,"totalVotes":1,"spid":4,"abbr":"SDP","municipalCouncilor":false,"muid":78,"alid":6,"firstname":"Tom","electionDayVotes":0,"pid":"1","finalPosition":0,"electedInformation":"ELECTED","totalVotesPercent":0.1,"nominatorName":{"fi":"Suomen Sosialidemokraattinen Puolue","sv":"Finlands Socialdemokratiska Parti","en":"The Finnish Social Democratic Party"},"caid":77,"position":0,"gender":"1","comparisonData":{"totalVotes":0,"votesTotalChange":1},"edid":2,"comparativeIndex":0.0,"electionDayVotesPercent":0.0,"nominatorAbbr":{"fi":"SDP","sv":"SDP","en":"SDP"}},{"age":69,"advanceVotesPercent":0.2,"lastname":"Hållfast","occupation":"eläkeläinen","advanceVotes":1,"npid":8,"totalVotes":1,"spid":6,"abbr":"VAS","municipalCouncilor":false,"muid":78,"alid":8,"firstname":"Kari","electionDayVotes":0,"pid":"15","finalPosition":0,"electedInformation":"NOT_ELECTED","totalVotesPercent":0.1,"nominatorName":{"fi":"Vasemmistoliitto","sv":"Vänsterförbundet","en":"The Left Alliance"},"caid":91,"position":0,"gender":"1","comparisonData":{"totalVotes":7,"votesTotalChange":-6},"edid":2,"comparativeIndex":0.0,"electionDayVotesPercent":0.0,"nominatorAbbr":{"fi":"VAS","sv":"VF","en":"LEFT"}},{"age":67,"advanceVotesPercent":0.0,"lastname":"Autero","occupation":"koneinsinööri","advanceVotes":0,"npid":9,"totalVotes":1,"spid":99,"abbr":"Muut","municipalCouncilor":false,"muid":78,"alid":9,"firstname":"Markku","electionDayVotes":1,"pid":"0789","finalPosition":0,"electedInformation":"NOT_ELECTED","totalVotesPercent":0.1,"nominatorName":{"fi":"Hanko 2016 Hangö sitoutumattomat obundna","sv":"Hanko 2016 Hangö sitoutumattomat obundna","en":"Hanko 2016 Hangö sitoutumattomat obundna"},"caid":101,"position":0,"gender":"1","comparisonData":{"totalVotes":0,"votesTotalChange":1},"edid":2,"comparativeIndex":0.0,"electionDayVotesPercent":0.2,"nominatorAbbr":{"fi":"YL1","sv":"YL1","en":"YL1"}},{"age":69,"advanceVotesPercent":0.0,"lastname":"Nybäck","occupation":"företagare, pensionär","advanceVotes":0,"npid":1,"totalVotes":0,"spid":7,"abbr":"RKP","municipalCouncilor":false,"muid":78,"alid":1,"firstname":"Ulla","electionDayVotes":0,"pid":"5","finalPosition":0,"electedInformation":"NOT_ELECTED","totalVotesPercent":0.0,"nominatorName":{"fi":"Suomen ruotsalainen kansanpuolue","sv":"Svenska folkpartiet i Finland","en":"Swedish People's Party in Finland"},"caid":15,"position":0,"gender":"2","comparisonData":{"totalVotes":0,"votesTotalChange":0},"edid":2,"comparativeIndex":0.0,"electionDayVotesPercent":0.0,"nominatorAbbr":{"fi":"RKP","sv":"SFP","en":"SPP"}},{"age":72,"advanceVotesPercent":0.0,"lastname":"Lehtinen","occupation":"pursimies eläk.","advanceVotes":0,"npid":2,"totalVotes":0,"spid":5,"abbr":"VIHR","municipalCouncilor":false,"muid":78,"alid":2,"firstname":"Leo","electionDayVotes":0,"pid":"13","finalPosition":0,"electedInformation":"NOT_ELECTED","totalVotesPercent":0.0,"nominatorName":{"fi":"Vihreä liitto","sv":"Gröna förbundet","en":"Green League"},"caid":26,"position":0,"gender":"1","comparisonData":{"totalVotes":19,"votesTotalChange":-19},"edid":2,"comparativeIndex":0.0,"electionDayVotesPercent":0.0,"nominatorAbbr":{"fi":"VIHR","sv":"Gröna","en":"GREEN"}},{"age":59,"advanceVotesPercent":0.0,"lastname":"Sarojärvi","occupation":"yrittäjä, företagare","advanceVotes":0,"npid":2,"totalVotes":0,"spid":5,"abbr":"VIHR","municipalCouncilor":false,"muid":78,"alid":2,"firstname":"Timo","electionDayVotes":0,"pid":"13","finalPosition":0,"electedInformation":"NOT_ELECTED","totalVotesPercent":0.0,"nominatorName":{"fi":"Vihreä liitto","sv":"Gröna förbundet","en":"Green League"},"caid":28,"position":0,"gender":"1","comparisonData":{"totalVotes":14,"votesTotalChange":-14},"edid":2,"comparativeIndex":0.0,"electionDayVotesPercent":0.0,"nominatorAbbr":{"fi":"VIHR","sv":"Gröna","en":"GREEN"}},{"age":60,"advanceVotesPercent":0.0,"lastname":"Sjöblom","occupation":"köttmästare","advanceVotes":0,"npid":3,"totalVotes":0,"spid":8,"abbr":"KD","municipalCouncilor":false,"muid":78,"alid":3,"firstname":"Kjell","electionDayVotes":0,"pid":"9","finalPosition":0,"electedInformation":"NOT_ELECTED","totalVotesPercent":0.0,"nominatorName":{"fi":"Suomen Kristillisdemokraatit (KD)","sv":"Kristdemokraterna i Finland (KD)","en":"Christian Democrats in Finland"},"caid":31,"position":0,"gender":"1","comparisonData":{"totalVotes":0,"votesTotalChange":0},"edid":2,"comparativeIndex":0.0,"electionDayVotesPercent":0.0,"nominatorAbbr":{"fi":"KD","sv":"KD","en":"CD"}},{"age":47,"advanceVotesPercent":0.0,"lastname":"Siivonen","occupation":"eläkeläinen","advanceVotes":0,"npid":4,"totalVotes":0,"spid":9,"abbr":"SKP","municipalCouncilor":false,"muid":78,"alid":4,"firstname":"Stacy","electionDayVotes":0,"pid":"8","finalPosition":0,"electedInformation":"NOT_ELECTED","totalVotesPercent":0.0,"nominatorName":{"fi":"Suomen Kommunistinen Puolue","sv":"Finlands Kommunistiska Parti","en":"The Communist Party of Finland"},"caid":39,"position":0,"gender":"2","comparisonData":{"totalVotes":14,"votesTotalChange":-14},"edid":2,"comparativeIndex":0.0,"electionDayVotesPercent":0.0,"nominatorAbbr":{"fi":"SKP","sv":"FKP","en":"CPF"}},{"age":61,"advanceVotesPercent":0.0,"lastname":"Hyttinen","occupation":"työympäristötoimitsija","advanceVotes":0,"npid":8,"totalVotes":0,"spid":6,"abbr":"VAS","municipalCouncilor":true,"muid":78,"alid":8,"firstname":"Urpo","electionDayVotes":0,"pid":"15","finalPosition":0,"electedInformation":"ELECTED","totalVotesPercent":0.0,"nominatorName":{"fi":"Vasemmistoliitto","sv":"Vänsterförbundet","en":"The Left Alliance"},"caid":90,"position":0,"gender":"1","comparisonData":{"totalVotes":62,"votesTotalChange":-62},"edid":2,"comparativeIndex":0.0,"electionDayVotesPercent":0.0,"nominatorAbbr":{"fi":"VAS","sv":"VF","en":"LEFT"}},{"age":39,"advanceVotesPercent":0.0,"lastname":"Mäkelä","occupation":"lopputarkastaja, slutgranskare","advanceVotes":0,"npid":8,"totalVotes":0,"spid":6,"abbr":"VAS","municipalCouncilor":false,"muid":78,"alid":8,"firstname":"Katja","electionDayVotes":0,"pid":"15","finalPosition":0,"electedInformation":"ON_SUBSTITUTE_PLACE","totalVotesPercent":0.0,"nominatorName":{"fi":"Vasemmistoliitto","sv":"Vänsterförbundet","en":"The Left Alliance"},"caid":94,"position":0,"gender":"2","comparisonData":{"totalVotes":17,"votesTotalChange":-17},"edid":2,"comparativeIndex":0.0,"electionDayVotesPercent":0.0,"nominatorAbbr":{"fi":"VAS","sv":"VF","en":"LEFT"}}],"municipalityPollingDistricts":[{"name":{"fi":"Keskusta","sv":"Centrum"},"calculationStatusPercent":100.0,"joinedArea":false,"muid":78,"totalVotingInFinlandTurnout":58.3,"identification":"001","pdid":"001","eligibleVotersInFinlandTotal":1495,"edid":2,"mergedToPdid":""},{"name":{"fi":"Hangonkylä","sv":"Hangöby"},"calculationStatusPercent":100.0,"joinedArea":false,"muid":78,"totalVotingInFinlandTurnout":71.2,"identification":"002","pdid":"002","eligibleVotersInFinlandTotal":1806,"edid":2,"mergedToPdid":""},{"name":{"fi":"Haagapuisto","sv":"Hagapark"},"calculationStatusPercent":100.0,"joinedArea":false,"muid":78,"totalVotingInFinlandTurnout":54.5,"identification":"003","pdid":"003","eligibleVotersInFinlandTotal":1864,"edid":2,"mergedToPdid":""},{"name":{"fi":"Hanko pohjoinen","sv":"Hangö norra"},"calculationStatusPercent":100.0,"joinedArea":false,"muid":78,"totalVotingInFinlandTurnout":65.7,"identification":"004","pdid":"004","eligibleVotersInFinlandTotal":1183,"edid":2,"mergedToPdid":""},{"name":{"fi":"Täktom","sv":"Täktom"},"calculationStatusPercent":100.0,"joinedArea":false,"muid":78,"totalVotingInFinlandTurnout":66.4,"identification":"005","pdid":"005","eligibleVotersInFinlandTotal":434,"edid":2,"mergedToPdid":""},{"name":{"fi":"Lappohja","sv":"Lappvik"},"calculationStatusPercent":100.0,"joinedArea":false,"muid":78,"totalVotingInFinlandTurnout":56.9,"identification":"006","pdid":"006","eligibleVotersInFinlandTotal":432,"edid":2,"mergedToPdid":""}],"municipality":{"muid":78,"edid":2,"name":{"fi":"Hanko","sv":"Hangö"}}}