{"version":2,"created":"2017-04-09T17:01:02.923Z","electionDetails":{"electionId":"kv2017","electionDate":"2017-04-09T00:00:00.000Z","electionDataPublishTime":"2017-04-09T17:00:00.000Z","name":{"fi":"Kuntavaalit 2017","sv":"Kommunalval 2017","en":"Elections 2017"},"previousElections":{"correspondingCompareElection":{"electionId":"kv2012","electionDate":"2012-10-28T00:00:00.000Z","name":{"fi":"Kuntavaalit 2012","en":"Municipal elections 2012","sv":"Kommunalval 2012"}},"otherCompareElection":{"electionId":"ev2015","electionDate":"2015-04-19T00:00:00.000Z","name":{"fi":"Eduskuntavaalit 2015","en":"Parliamentary election 2015","sv":"Riksdagsval 2015"}}}},"calculationStatus":{"electionDayVotingTurnout":0.0,"invalidAdvanceVotes":1,"calculationPhase":"INITIAL","invalidElectionDayVotes":0,"approvedAdvanceVotes":268,"advanceVotingTurnout":29.2,"totalVotingTurnoutAbroad":0.0,"name":{"fi":"Pankakoski","sv":"Pankakoski"},"calculationStatusPercent":50.2,"advanceVotes":269,"electionDayVotingTurnoutAbroad":0.0,"approvedTotalVotes":268,"totalVotes":0,"muid":422,"totalVotingInFinlandTurnout":0.0,"advanceVotingTurnoutAbroad":0.0,"invalidTotalVotes":1,"totalVotingTurnout":0.0,"electionDayVotes":0,"electionDayVotesInFinland":0,"pdid":"004","totalVotesInFinlandMen":0,"eligibleVotersInFinlandTotal":920,"calculationStatusPercentElectionDayVotes":0.0,"sourceRecordModificationTime":"20170409195126","otherCompareElection":{"eid":"","eligibleVotersInFinlandTotal":0,"advanceVotingInFinlandTurnout":0.0,"electionDayVotingInFinlandTurnout":0.0,"totalVotingInFinlandTurnout":0.0,"approvedVotesTotal":0,"invalidVotesTotal":0},"correspondingCompareElection":{"eid":"","eligibleVotersInFinlandTotal":0,"advanceVotingInFinlandTurnout":0.0,"electionDayVotingInFinlandTurnout":0.0,"totalVotingInFinlandTurnout":0.0,"approvedVotesTotal":0,"invalidVotesTotal":0,"seats":0},"approvedElectionDayVotes":0,"edid":9,"calculationStatusPercentAdvanceVotes":100.0,"electionDayVotingInFinlandTurnout":0.0,"seats":0,"eligibleVotersTotal":920,"advanceVotesInFinland":269,"advanceVotingInFinlandTurnout":29.2,"totalVotesInFinland":0},"partyResults":[{"advanceVotesPercent":0.0,"name":{"fi":"Suomen Keskusta","sv":"Centern i Finland","en":"Centre Party of Finland"},"advanceVotes":0,"npid":2,"totalVotes":0,"spid":1,"abbr":{"fi":"KESK","sv":"C","en":"CENT"},"alid":2,"electionDayVotes":0,"pid":"2","totalVotesPercent":0.0,"nominatorName":{"fi":"Suomen Keskusta","sv":"Centern i Finland","en":"Centre Party of Finland"},"compareData":{"otherCompareElection":{"votesTotalChange":0,"votesTotalPercentChange":0.0,"votesTotal":0,"votesTotalPercent":0.0},"correspondingCompareElection":{"votesTotalChange":0,"votesTotalPercentChange":0.0,"seatChange":0,"votesTotal":0,"votesTotalPercent":0.0,"seatsTotal":0}},"seats":0,"electionDayVotesPercent":0.0,"nominatorAbbr":{"fi":"KESK","sv":"C","en":"CENT"}},{"advanceVotesPercent":0.0,"name":{"fi":"Kansallinen Kokoomus","sv":"Samlingspartiet","en":"National Coalition Party"},"advanceVotes":0,"npid":5,"totalVotes":0,"spid":2,"abbr":{"fi":"KOK","sv":"Saml","en":"NCP"},"alid":5,"electionDayVotes":0,"pid":"4","totalVotesPercent":0.0,"nominatorName":{"fi":"Kansallinen Kokoomus","sv":"Samlingspartiet","en":"National Coalition Party"},"compareData":{"otherCompareElection":{"votesTotalChange":0,"votesTotalPercentChange":0.0,"votesTotal":0,"votesTotalPercent":0.0},"correspondingCompareElection":{"votesTotalChange":0,"votesTotalPercentChange":0.0,"seatChange":0,"votesTotal":0,"votesTotalPercent":0.0,"seatsTotal":0}},"seats":0,"electionDayVotesPercent":0.0,"nominatorAbbr":{"fi":"KOK","sv":"Saml","en":"NCP"}},{"advanceVotesPercent":0.0,"name":{"fi":"Perussuomalaiset","sv":"Sannfinländarna","en":"The Finns Party"},"advanceVotes":0,"npid":1,"totalVotes":0,"spid":3,"abbr":{"fi":"PS","sv":"Sannf","en":"FINNS"},"alid":1,"electionDayVotes":0,"pid":"23","totalVotesPercent":0.0,"nominatorName":{"fi":"Perussuomalaiset","sv":"Sannfinländarna","en":"The Finns Party"},"compareData":{"otherCompareElection":{"votesTotalChange":0,"votesTotalPercentChange":0.0,"votesTotal":0,"votesTotalPercent":0.0},"correspondingCompareElection":{"votesTotalChange":0,"votesTotalPercentChange":0.0,"seatChange":0,"votesTotal":0,"votesTotalPercent":0.0,"seatsTotal":0}},"seats":0,"electionDayVotesPercent":0.0,"nominatorAbbr":{"fi":"PS","sv":"Sannf","en":"FINNS"}},{"advanceVotesPercent":0.0,"name":{"fi":"Suomen Sosialidemokraattinen Puolue","sv":"Finlands Socialdemokratiska Parti","en":"The Finnish Social Democratic Party"},"advanceVotes":0,"npid":6,"totalVotes":0,"spid":4,"abbr":{"fi":"SDP","sv":"SDP","en":"SDP"},"alid":6,"electionDayVotes":0,"pid":"1","totalVotesPercent":0.0,"nominatorName":{"fi":"Suomen Sosialidemokraattinen Puolue","sv":"Finlands Socialdemokratiska Parti","en":"The Finnish Social Democratic Party"},"compareData":{"otherCompareElection":{"votesTotalChange":0,"votesTotalPercentChange":0.0,"votesTotal":0,"votesTotalPercent":0.0},"correspondingCompareElection":{"votesTotalChange":0,"votesTotalPercentChange":0.0,"seatChange":0,"votesTotal":0,"votesTotalPercent":0.0,"seatsTotal":0}},"seats":0,"electionDayVotesPercent":0.0,"nominatorAbbr":{"fi":"SDP","sv":"SDP","en":"SDP"}},{"advanceVotesPercent":0.0,"name":{"fi":"Vasemmistoliitto","sv":"Vänsterförbundet","en":"The Left Alliance"},"advanceVotes":0,"npid":3,"totalVotes":0,"spid":6,"abbr":{"fi":"VAS","sv":"VF","en":"LEFT"},"alid":3,"electionDayVotes":0,"pid":"15","totalVotesPercent":0.0,"nominatorName":{"fi":"Vasemmistoliitto","sv":"Vänsterförbundet","en":"The Left Alliance"},"compareData":{"otherCompareElection":{"votesTotalChange":0,"votesTotalPercentChange":0.0,"votesTotal":0,"votesTotalPercent":0.0},"correspondingCompareElection":{"votesTotalChange":0,"votesTotalPercentChange":0.0,"seatChange":0,"votesTotal":0,"votesTotalPercent":0.0,"seatsTotal":0}},"seats":0,"electionDayVotesPercent":0.0,"nominatorAbbr":{"fi":"VAS","sv":"VF","en":"LEFT"}},{"advanceVotesPercent":0.0,"name":{"fi":"Suomen Kristillisdemokraatit (KD)","sv":"Kristdemokraterna i Finland (KD)","en":"Christian Democrats in Finland"},"advanceVotes":0,"npid":4,"totalVotes":0,"spid":8,"abbr":{"fi":"KD","sv":"KD","en":"CD"},"alid":4,"electionDayVotes":0,"pid":"9","totalVotesPercent":0.0,"nominatorName":{"fi":"Suomen Kristillisdemokraatit (KD)","sv":"Kristdemokraterna i Finland (KD)","en":"Christian Democrats in Finland"},"compareData":{"otherCompareElection":{"votesTotalChange":0,"votesTotalPercentChange":0.0,"votesTotal":0,"votesTotalPercent":0.0},"correspondingCompareElection":{"votesTotalChange":0,"votesTotalPercentChange":0.0,"seatChange":0,"votesTotal":0,"votesTotalPercent":0.0,"seatsTotal":0}},"seats":0,"electionDayVotesPercent":0.0,"nominatorAbbr":{"fi":"KD","sv":"KD","en":"CD"}}],"candidateResults":[{"age":44,"advanceVotesPercent":0.0,"lastname":"Hassinen","occupation":"peltiseppä","advanceVotes":0,"npid":1,"totalVotes":0,"spid":3,"abbr":"PS","municipalCouncilor":false,"muid":422,"alid":1,"firstname":"Marko","electionDayVotes":0,"pid":"23","finalPosition":0,"electedInformation":"NOT_ELECTED","totalVotesPercent":0.0,"nominatorName":{"fi":"Perussuomalaiset","sv":"Sannfinländarna","en":"The Finns Party"},"caid":2,"position":0,"gender":"1","comparisonData":{"totalVotes":0,"votesTotalChange":0},"edid":9,"comparativeIndex":0.0,"electionDayVotesPercent":0.0,"nominatorAbbr":{"fi":"PS","sv":"Sannf","en":"FINNS"}},{"age":22,"advanceVotesPercent":0.0,"lastname":"Ihalainen","occupation":"kirvesmies","advanceVotes":0,"npid":1,"totalVotes":0,"spid":3,"abbr":"PS","municipalCouncilor":false,"muid":422,"alid":1,"firstname":"Tarmo","electionDayVotes":0,"pid":"23","finalPosition":0,"electedInformation":"NOT_ELECTED","totalVotesPercent":0.0,"nominatorName":{"fi":"Perussuomalaiset","sv":"Sannfinländarna","en":"The Finns Party"},"caid":3,"position":0,"gender":"1","comparisonData":{"totalVotes":0,"votesTotalChange":0},"edid":9,"comparativeIndex":0.0,"electionDayVotesPercent":0.0,"nominatorAbbr":{"fi":"PS","sv":"Sannf","en":"FINNS"}},{"age":46,"advanceVotesPercent":0.0,"lastname":"Karjalainen","occupation":"omaishoitaja","advanceVotes":0,"npid":1,"totalVotes":0,"spid":3,"abbr":"PS","municipalCouncilor":false,"muid":422,"alid":1,"firstname":"Mika","electionDayVotes":0,"pid":"23","finalPosition":0,"electedInformation":"NOT_ELECTED","totalVotesPercent":0.0,"nominatorName":{"fi":"Perussuomalaiset","sv":"Sannfinländarna","en":"The Finns Party"},"caid":4,"position":0,"gender":"1","comparisonData":{"totalVotes":18,"votesTotalChange":-18},"edid":9,"comparativeIndex":0.0,"electionDayVotesPercent":0.0,"nominatorAbbr":{"fi":"PS","sv":"Sannf","en":"FINNS"}},{"age":39,"advanceVotesPercent":0.0,"lastname":"Keronen","occupation":"rajavartija","advanceVotes":0,"npid":1,"totalVotes":0,"spid":3,"abbr":"PS","municipalCouncilor":true,"muid":422,"alid":1,"firstname":"Niko","electionDayVotes":0,"pid":"23","finalPosition":0,"electedInformation":"ELECTED","totalVotesPercent":0.0,"nominatorName":{"fi":"Perussuomalaiset","sv":"Sannfinländarna","en":"The Finns Party"},"caid":5,"position":0,"gender":"1","comparisonData":{"totalVotes":189,"votesTotalChange":-189},"edid":9,"comparativeIndex":0.0,"electionDayVotesPercent":0.0,"nominatorAbbr":{"fi":"PS","sv":"Sannf","en":"FINNS"}},{"age":59,"advanceVotesPercent":0.0,"lastname":"Koponen","occupation":"koulunkäynninohjaaja","advanceVotes":0,"npid":1,"totalVotes":0,"spid":3,"abbr":"PS","municipalCouncilor":false,"muid":422,"alid":1,"firstname":"Tuula","electionDayVotes":0,"pid":"23","finalPosition":0,"electedInformation":"NOT_ELECTED","totalVotesPercent":0.0,"nominatorName":{"fi":"Perussuomalaiset","sv":"Sannfinländarna","en":"The Finns Party"},"caid":6,"position":0,"gender":"2","comparisonData":{"totalVotes":24,"votesTotalChange":-24},"edid":9,"comparativeIndex":0.0,"electionDayVotesPercent":0.0,"nominatorAbbr":{"fi":"PS","sv":"Sannf","en":"FINNS"}},{"age":66,"advanceVotesPercent":0.0,"lastname":"Laamanen","occupation":"rajavartija evp","advanceVotes":0,"npid":1,"totalVotes":0,"spid":3,"abbr":"PS","municipalCouncilor":false,"muid":422,"alid":1,"firstname":"Hannu","electionDayVotes":0,"pid":"23","finalPosition":0,"electedInformation":"ON_SUBSTITUTE_PLACE","totalVotesPercent":0.0,"nominatorName":{"fi":"Perussuomalaiset","sv":"Sannfinländarna","en":"The Finns Party"},"caid":7,"position":0,"gender":"1","comparisonData":{"totalVotes":18,"votesTotalChange":-18},"edid":9,"comparativeIndex":0.0,"electionDayVotesPercent":0.0,"nominatorAbbr":{"fi":"PS","sv":"Sannf","en":"FINNS"}},{"age":65,"advanceVotesPercent":0.0,"lastname":"Laatikainen","occupation":"yrittäjä evp","advanceVotes":0,"npid":1,"totalVotes":0,"spid":3,"abbr":"PS","municipalCouncilor":true,"muid":422,"alid":1,"firstname":"Martti","electionDayVotes":0,"pid":"23","finalPosition":0,"electedInformation":"ELECTED","totalVotesPercent":0.0,"nominatorName":{"fi":"Perussuomalaiset","sv":"Sannfinländarna","en":"The Finns Party"},"caid":8,"position":0,"gender":"1","comparisonData":{"totalVotes":149,"votesTotalChange":-149},"edid":9,"comparativeIndex":0.0,"electionDayVotesPercent":0.0,"nominatorAbbr":{"fi":"PS","sv":"Sannf","en":"FINNS"}},{"age":59,"advanceVotesPercent":0.0,"lastname":"Muhonen","occupation":"eläkeläinen","advanceVotes":0,"npid":1,"totalVotes":0,"spid":3,"abbr":"PS","municipalCouncilor":true,"muid":422,"alid":1,"firstname":"Paavo","electionDayVotes":0,"pid":"23","finalPosition":0,"electedInformation":"ON_SUBSTITUTE_PLACE","totalVotesPercent":0.0,"nominatorName":{"fi":"Perussuomalaiset","sv":"Sannfinländarna","en":"The Finns Party"},"caid":9,"position":0,"gender":"1","comparisonData":{"totalVotes":62,"votesTotalChange":-62},"edid":9,"comparativeIndex":0.0,"electionDayVotesPercent":0.0,"nominatorAbbr":{"fi":"PS","sv":"Sannf","en":"FINNS"}},{"age":48,"advanceVotesPercent":0.0,"lastname":"Nygren","occupation":"liikennemyymälätyöntekijä","advanceVotes":0,"npid":1,"totalVotes":0,"spid":3,"abbr":"PS","municipalCouncilor":false,"muid":422,"alid":1,"firstname":"Sari","electionDayVotes":0,"pid":"23","finalPosition":0,"electedInformation":"ON_SUBSTITUTE_PLACE","totalVotesPercent":0.0,"nominatorName":{"fi":"Perussuomalaiset","sv":"Sannfinländarna","en":"The Finns Party"},"caid":10,"position":0,"gender":"2","comparisonData":{"totalVotes":0,"votesTotalChange":0},"edid":9,"comparativeIndex":0.0,"electionDayVotesPercent":0.0,"nominatorAbbr":{"fi":"PS","sv":"Sannf","en":"FINNS"}},{"age":37,"advanceVotesPercent":0.0,"lastname":"Pennanen","occupation":"esimiesasentaja","advanceVotes":0,"npid":1,"totalVotes":0,"spid":3,"abbr":"PS","municipalCouncilor":false,"muid":422,"alid":1,"firstname":"Juha","electionDayVotes":0,"pid":"23","finalPosition":0,"electedInformation":"ON_SUBSTITUTE_PLACE","totalVotesPercent":0.0,"nominatorName":{"fi":"Perussuomalaiset","sv":"Sannfinländarna","en":"The Finns Party"},"caid":11,"position":0,"gender":"1","comparisonData":{"totalVotes":25,"votesTotalChange":-25},"edid":9,"comparativeIndex":0.0,"electionDayVotesPercent":0.0,"nominatorAbbr":{"fi":"PS","sv":"Sannf","en":"FINNS"}},{"age":36,"advanceVotesPercent":0.0,"lastname":"Piironen","occupation":"rakennusnainen","advanceVotes":0,"npid":1,"totalVotes":0,"spid":3,"abbr":"PS","municipalCouncilor":false,"muid":422,"alid":1,"firstname":"Satu","electionDayVotes":0,"pid":"23","finalPosition":0,"electedInformation":"ON_SUBSTITUTE_PLACE","totalVotesPercent":0.0,"nominatorName":{"fi":"Perussuomalaiset","sv":"Sannfinländarna","en":"The Finns Party"},"caid":12,"position":0,"gender":"2","comparisonData":{"totalVotes":0,"votesTotalChange":0},"edid":9,"comparativeIndex":0.0,"electionDayVotesPercent":0.0,"nominatorAbbr":{"fi":"PS","sv":"Sannf","en":"FINNS"}},{"age":71,"advanceVotesPercent":0.0,"lastname":"Ruokolainen","occupation":"laivan päällikkö, eläkeläinen","advanceVotes":0,"npid":1,"totalVotes":0,"spid":3,"abbr":"PS","municipalCouncilor":false,"muid":422,"alid":1,"firstname":"Matti","electionDayVotes":0,"pid":"23","finalPosition":0,"electedInformation":"NOT_ELECTED","totalVotesPercent":0.0,"nominatorName":{"fi":"Perussuomalaiset","sv":"Sannfinländarna","en":"The Finns Party"},"caid":13,"position":0,"gender":"1","comparisonData":{"totalVotes":0,"votesTotalChange":0},"edid":9,"comparativeIndex":0.0,"electionDayVotesPercent":0.0,"nominatorAbbr":{"fi":"PS","sv":"Sannf","en":"FINNS"}},{"age":67,"advanceVotesPercent":0.0,"lastname":"Räty","occupation":"asentaja","advanceVotes":0,"npid":1,"totalVotes":0,"spid":3,"abbr":"PS","municipalCouncilor":true,"muid":422,"alid":1,"firstname":"Esa","electionDayVotes":0,"pid":"23","finalPosition":0,"electedInformation":"ELECTED","totalVotesPercent":0.0,"nominatorName":{"fi":"Perussuomalaiset","sv":"Sannfinländarna","en":"The Finns Party"},"caid":14,"position":0,"gender":"1","comparisonData":{"totalVotes":128,"votesTotalChange":-128},"edid":9,"comparativeIndex":0.0,"electionDayVotesPercent":0.0,"nominatorAbbr":{"fi":"PS","sv":"Sannf","en":"FINNS"}},{"age":57,"advanceVotesPercent":0.0,"lastname":"Saastamoinen","occupation":"sähköasentaja","advanceVotes":0,"npid":1,"totalVotes":0,"spid":3,"abbr":"PS","municipalCouncilor":true,"muid":422,"alid":1,"firstname":"Esko","electionDayVotes":0,"pid":"23","finalPosition":0,"electedInformation":"ELECTED","totalVotesPercent":0.0,"nominatorName":{"fi":"Perussuomalaiset","sv":"Sannfinländarna","en":"The Finns Party"},"caid":15,"position":0,"gender":"1","comparisonData":{"totalVotes":459,"votesTotalChange":-459},"edid":9,"comparativeIndex":0.0,"electionDayVotesPercent":0.0,"nominatorAbbr":{"fi":"PS","sv":"Sannf","en":"FINNS"}},{"age":32,"advanceVotesPercent":0.0,"lastname":"Tarvainen","occupation":"maatalouslomittaja","advanceVotes":0,"npid":1,"totalVotes":0,"spid":3,"abbr":"PS","municipalCouncilor":false,"muid":422,"alid":1,"firstname":"Petri","electionDayVotes":0,"pid":"23","finalPosition":0,"electedInformation":"NOT_ELECTED","totalVotesPercent":0.0,"nominatorName":{"fi":"Perussuomalaiset","sv":"Sannfinländarna","en":"The Finns Party"},"caid":16,"position":0,"gender":"1","comparisonData":{"totalVotes":21,"votesTotalChange":-21},"edid":9,"comparativeIndex":0.0,"electionDayVotesPercent":0.0,"nominatorAbbr":{"fi":"PS","sv":"Sannf","en":"FINNS"}},{"age":53,"advanceVotesPercent":0.0,"lastname":"Tolonen","occupation":"luokanopettaja","advanceVotes":0,"npid":1,"totalVotes":0,"spid":3,"abbr":"PS","municipalCouncilor":false,"muid":422,"alid":1,"firstname":"Mervi","electionDayVotes":0,"pid":"23","finalPosition":0,"electedInformation":"ELECTED","totalVotesPercent":0.0,"nominatorName":{"fi":"Perussuomalaiset","sv":"Sannfinländarna","en":"The Finns Party"},"caid":17,"position":0,"gender":"2","comparisonData":{"totalVotes":0,"votesTotalChange":0},"edid":9,"comparativeIndex":0.0,"electionDayVotesPercent":0.0,"nominatorAbbr":{"fi":"PS","sv":"Sannf","en":"FINNS"}},{"age":60,"advanceVotesPercent":0.0,"lastname":"Eronen","occupation":"autonkuljettaja","advanceVotes":0,"npid":2,"totalVotes":0,"spid":1,"abbr":"KESK","municipalCouncilor":false,"muid":422,"alid":2,"firstname":"Seppo","electionDayVotes":0,"pid":"2","finalPosition":0,"electedInformation":"ON_SUBSTITUTE_PLACE","totalVotesPercent":0.0,"nominatorName":{"fi":"Suomen Keskusta","sv":"Centern i Finland","en":"Centre Party of Finland"},"caid":18,"position":0,"gender":"1","comparisonData":{"totalVotes":34,"votesTotalChange":-34},"edid":9,"comparativeIndex":0.0,"electionDayVotesPercent":0.0,"nominatorAbbr":{"fi":"KESK","sv":"C","en":"CENT"}},{"age":29,"advanceVotesPercent":0.0,"lastname":"Harjunen","occupation":"agrologi","advanceVotes":0,"npid":2,"totalVotes":0,"spid":1,"abbr":"KESK","municipalCouncilor":false,"muid":422,"alid":2,"firstname":"Sanna","electionDayVotes":0,"pid":"2","finalPosition":0,"electedInformation":"ON_SUBSTITUTE_PLACE","totalVotesPercent":0.0,"nominatorName":{"fi":"Suomen Keskusta","sv":"Centern i Finland","en":"Centre Party of Finland"},"caid":19,"position":0,"gender":"2","comparisonData":{"totalVotes":0,"votesTotalChange":0},"edid":9,"comparativeIndex":0.0,"electionDayVotesPercent":0.0,"nominatorAbbr":{"fi":"KESK","sv":"C","en":"CENT"}},{"age":40,"advanceVotesPercent":0.0,"lastname":"Harjunen","occupation":"yrittäjä, ratsastuksenopettaja","advanceVotes":0,"npid":2,"totalVotes":0,"spid":1,"abbr":"KESK","municipalCouncilor":false,"muid":422,"alid":2,"firstname":"Sari","electionDayVotes":0,"pid":"2","finalPosition":0,"electedInformation":"ON_SUBSTITUTE_PLACE","totalVotesPercent":0.0,"nominatorName":{"fi":"Suomen Keskusta","sv":"Centern i Finland","en":"Centre Party of Finland"},"caid":20,"position":0,"gender":"2","comparisonData":{"totalVotes":0,"votesTotalChange":0},"edid":9,"comparativeIndex":0.0,"electionDayVotesPercent":0.0,"nominatorAbbr":{"fi":"KESK","sv":"C","en":"CENT"}},{"age":58,"advanceVotesPercent":0.0,"lastname":"Heikura","occupation":"mv, yrittäjä","advanceVotes":0,"npid":2,"totalVotes":0,"spid":1,"abbr":"KESK","municipalCouncilor":false,"muid":422,"alid":2,"firstname":"Kari","electionDayVotes":0,"pid":"2","finalPosition":0,"electedInformation":"ELECTED","totalVotesPercent":0.0,"nominatorName":{"fi":"Suomen Keskusta","sv":"Centern i Finland","en":"Centre Party of Finland"},"caid":21,"position":0,"gender":"1","comparisonData":{"totalVotes":0,"votesTotalChange":0},"edid":9,"comparativeIndex":0.0,"electionDayVotesPercent":0.0,"nominatorAbbr":{"fi":"KESK","sv":"C","en":"CENT"}},{"age":47,"advanceVotesPercent":0.0,"lastname":"Heikura","occupation":"yrittäjä","advanceVotes":0,"npid":2,"totalVotes":0,"spid":1,"abbr":"KESK","municipalCouncilor":true,"muid":422,"alid":2,"firstname":"Martti","electionDayVotes":0,"pid":"2","finalPosition":0,"electedInformation":"ON_SUBSTITUTE_PLACE","totalVotesPercent":0.0,"nominatorName":{"fi":"Suomen Keskusta","sv":"Centern i Finland","en":"Centre Party of Finland"},"caid":22,"position":0,"gender":"1","comparisonData":{"totalVotes":65,"votesTotalChange":-65},"edid":9,"comparativeIndex":0.0,"electionDayVotesPercent":0.0,"nominatorAbbr":{"fi":"KESK","sv":"C","en":"CENT"}},{"age":29,"advanceVotesPercent":0.0,"lastname":"Ikonen","occupation":"Kela, asiakaspalvelija","advanceVotes":0,"npid":2,"totalVotes":0,"spid":1,"abbr":"KESK","municipalCouncilor":false,"muid":422,"alid":2,"firstname":"Aki","electionDayVotes":0,"pid":"2","finalPosition":0,"electedInformation":"NOT_ELECTED","totalVotesPercent":0.0,"nominatorName":{"fi":"Suomen Keskusta","sv":"Centern i Finland","en":"Centre Party of Finland"},"caid":23,"position":0,"gender":"1","comparisonData":{"totalVotes":0,"votesTotalChange":0},"edid":9,"comparativeIndex":0.0,"electionDayVotesPercent":0.0,"nominatorAbbr":{"fi":"KESK","sv":"C","en":"CENT"}},{"age":50,"advanceVotesPercent":0.0,"lastname":"Karhinen","occupation":"sairaanhoitaja","advanceVotes":0,"npid":2,"totalVotes":0,"spid":1,"abbr":"KESK","municipalCouncilor":false,"muid":422,"alid":2,"firstname":"Mirja","electionDayVotes":0,"pid":"2","finalPosition":0,"electedInformation":"ELECTED","totalVotesPercent":0.0,"nominatorName":{"fi":"Suomen Keskusta","sv":"Centern i Finland","en":"Centre Party of Finland"},"caid":24,"position":0,"gender":"2","comparisonData":{"totalVotes":0,"votesTotalChange":0},"edid":9,"comparativeIndex":0.0,"electionDayVotesPercent":0.0,"nominatorAbbr":{"fi":"KESK","sv":"C","en":"CENT"}},{"age":31,"advanceVotesPercent":0.0,"lastname":"Kiiskinen","occupation":"asiakasneuvoja","advanceVotes":0,"npid":2,"totalVotes":0,"spid":1,"abbr":"KESK","municipalCouncilor":true,"muid":422,"alid":2,"firstname":"Tero","electionDayVotes":0,"pid":"2","finalPosition":0,"electedInformation":"ELECTED","totalVotesPercent":0.0,"nominatorName":{"fi":"Suomen Keskusta","sv":"Centern i Finland","en":"Centre Party of Finland"},"caid":25,"position":0,"gender":"1","comparisonData":{"totalVotes":155,"votesTotalChange":-155},"edid":9,"comparativeIndex":0.0,"electionDayVotesPercent":0.0,"nominatorAbbr":{"fi":"KESK","sv":"C","en":"CENT"}},{"age":45,"advanceVotesPercent":0.0,"lastname":"Koponen","occupation":"lähihoitaja","advanceVotes":0,"npid":2,"totalVotes":0,"spid":1,"abbr":"KESK","municipalCouncilor":false,"muid":422,"alid":2,"firstname":"Terhi","electionDayVotes":0,"pid":"2","finalPosition":0,"electedInformation":"NOT_ELECTED","totalVotesPercent":0.0,"nominatorName":{"fi":"Suomen Keskusta","sv":"Centern i Finland","en":"Centre Party of Finland"},"caid":26,"position":0,"gender":"2","comparisonData":{"totalVotes":0,"votesTotalChange":0},"edid":9,"comparativeIndex":0.0,"electionDayVotesPercent":0.0,"nominatorAbbr":{"fi":"KESK","sv":"C","en":"CENT"}},{"age":70,"advanceVotesPercent":0.0,"lastname":"Korpinen","occupation":"johtava ohjaaja, eläkeläinen","advanceVotes":0,"npid":2,"totalVotes":0,"spid":1,"abbr":"KESK","municipalCouncilor":false,"muid":422,"alid":2,"firstname":"Markku","electionDayVotes":0,"pid":"2","finalPosition":0,"electedInformation":"ON_SUBSTITUTE_PLACE","totalVotesPercent":0.0,"nominatorName":{"fi":"Suomen Keskusta","sv":"Centern i Finland","en":"Centre Party of Finland"},"caid":27,"position":0,"gender":"1","comparisonData":{"totalVotes":12,"votesTotalChange":-12},"edid":9,"comparativeIndex":0.0,"electionDayVotesPercent":0.0,"nominatorAbbr":{"fi":"KESK","sv":"C","en":"CENT"}},{"age":36,"advanceVotesPercent":0.0,"lastname":"Kuivalainen","occupation":"maaseutuyrittäjä","advanceVotes":0,"npid":2,"totalVotes":0,"spid":1,"abbr":"KESK","municipalCouncilor":true,"muid":422,"alid":2,"firstname":"Ville","electionDayVotes":0,"pid":"2","finalPosition":0,"electedInformation":"ON_SUBSTITUTE_PLACE","totalVotesPercent":0.0,"nominatorName":{"fi":"Suomen Keskusta","sv":"Centern i Finland","en":"Centre Party of Finland"},"caid":28,"position":0,"gender":"1","comparisonData":{"totalVotes":80,"votesTotalChange":-80},"edid":9,"comparativeIndex":0.0,"electionDayVotesPercent":0.0,"nominatorAbbr":{"fi":"KESK","sv":"C","en":"CENT"}},{"age":51,"advanceVotesPercent":0.0,"lastname":"Kurkinen","occupation":"palvelumyyjä, terveydenhoitajaopiskelija","advanceVotes":0,"npid":2,"totalVotes":0,"spid":1,"abbr":"KESK","municipalCouncilor":false,"muid":422,"alid":2,"firstname":"Satu-Lilja","electionDayVotes":0,"pid":"2","finalPosition":0,"electedInformation":"ON_SUBSTITUTE_PLACE","totalVotesPercent":0.0,"nominatorName":{"fi":"Suomen Keskusta","sv":"Centern i Finland","en":"Centre Party of Finland"},"caid":29,"position":0,"gender":"2","comparisonData":{"totalVotes":0,"votesTotalChange":0},"edid":9,"comparativeIndex":0.0,"electionDayVotesPercent":0.0,"nominatorAbbr":{"fi":"KESK","sv":"C","en":"CENT"}},{"age":44,"advanceVotesPercent":0.0,"lastname":"Kärkkäinen","occupation":"lähihoitajaopiskelija","advanceVotes":0,"npid":2,"totalVotes":0,"spid":1,"abbr":"KESK","municipalCouncilor":false,"muid":422,"alid":2,"firstname":"Mika","electionDayVotes":0,"pid":"2","finalPosition":0,"electedInformation":"ELECTED","totalVotesPercent":0.0,"nominatorName":{"fi":"Suomen Keskusta","sv":"Centern i Finland","en":"Centre Party of Finland"},"caid":30,"position":0,"gender":"1","comparisonData":{"totalVotes":18,"votesTotalChange":-18},"edid":9,"comparativeIndex":0.0,"electionDayVotesPercent":0.0,"nominatorAbbr":{"fi":"KESK","sv":"C","en":"CENT"}},{"age":53,"advanceVotesPercent":0.0,"lastname":"Kärkkäinen","occupation":"yrittäjä","advanceVotes":0,"npid":2,"totalVotes":0,"spid":1,"abbr":"KESK","municipalCouncilor":true,"muid":422,"alid":2,"firstname":"Osmo","electionDayVotes":0,"pid":"2","finalPosition":0,"electedInformation":"ELECTED","totalVotesPercent":0.0,"nominatorName":{"fi":"Suomen Keskusta","sv":"Centern i Finland","en":"Centre Party of Finland"},"caid":31,"position":0,"gender":"1","comparisonData":{"totalVotes":68,"votesTotalChange":-68},"edid":9,"comparativeIndex":0.0,"electionDayVotesPercent":0.0,"nominatorAbbr":{"fi":"KESK","sv":"C","en":"CENT"}},{"age":39,"advanceVotesPercent":0.0,"lastname":"Laatikainen","occupation":"maanviljelijä","advanceVotes":0,"npid":2,"totalVotes":0,"spid":1,"abbr":"KESK","municipalCouncilor":false,"muid":422,"alid":2,"firstname":"Marko","electionDayVotes":0,"pid":"2","finalPosition":0,"electedInformation":"ON_SUBSTITUTE_PLACE","totalVotesPercent":0.0,"nominatorName":{"fi":"Suomen Keskusta","sv":"Centern i Finland","en":"Centre Party of Finland"},"caid":32,"position":0,"gender":"1","comparisonData":{"totalVotes":0,"votesTotalChange":0},"edid":9,"comparativeIndex":0.0,"electionDayVotesPercent":0.0,"nominatorAbbr":{"fi":"KESK","sv":"C","en":"CENT"}},{"age":48,"advanceVotesPercent":0.0,"lastname":"Lehtinen","occupation":"myyjä","advanceVotes":0,"npid":2,"totalVotes":0,"spid":1,"abbr":"KESK","municipalCouncilor":true,"muid":422,"alid":2,"firstname":"Pirkko","electionDayVotes":0,"pid":"2","finalPosition":0,"electedInformation":"ELECTED","totalVotesPercent":0.0,"nominatorName":{"fi":"Suomen Keskusta","sv":"Centern i Finland","en":"Centre Party of Finland"},"caid":33,"position":0,"gender":"2","comparisonData":{"totalVotes":92,"votesTotalChange":-92},"edid":9,"comparativeIndex":0.0,"electionDayVotesPercent":0.0,"nominatorAbbr":{"fi":"KESK","sv":"C","en":"CENT"}},{"age":48,"advanceVotesPercent":0.0,"lastname":"Muikku","occupation":"maanviljelijä","advanceVotes":0,"npid":2,"totalVotes":0,"spid":1,"abbr":"KESK","municipalCouncilor":false,"muid":422,"alid":2,"firstname":"Mika","electionDayVotes":0,"pid":"2","finalPosition":0,"electedInformation":"ELECTED","totalVotesPercent":0.0,"nominatorName":{"fi":"Suomen Keskusta","sv":"Centern i Finland","en":"Centre Party of Finland"},"caid":34,"position":0,"gender":"1","comparisonData":{"totalVotes":0,"votesTotalChange":0},"edid":9,"comparativeIndex":0.0,"electionDayVotesPercent":0.0,"nominatorAbbr":{"fi":"KESK","sv":"C","en":"CENT"}},{"age":34,"advanceVotesPercent":0.0,"lastname":"Oinonen","occupation":"laminoitsija","advanceVotes":0,"npid":2,"totalVotes":0,"spid":1,"abbr":"KESK","municipalCouncilor":false,"muid":422,"alid":2,"firstname":"Antero","electionDayVotes":0,"pid":"2","finalPosition":0,"electedInformation":"NOT_ELECTED","totalVotesPercent":0.0,"nominatorName":{"fi":"Suomen Keskusta","sv":"Centern i Finland","en":"Centre Party of Finland"},"caid":35,"position":0,"gender":"1","comparisonData":{"totalVotes":0,"votesTotalChange":0},"edid":9,"comparativeIndex":0.0,"electionDayVotesPercent":0.0,"nominatorAbbr":{"fi":"KESK","sv":"C","en":"CENT"}},{"age":53,"advanceVotesPercent":0.0,"lastname":"Oravalahti-Pehkonen","occupation":"KM, erityisopettaja","advanceVotes":0,"npid":2,"totalVotes":0,"spid":1,"abbr":"KESK","municipalCouncilor":true,"muid":422,"alid":2,"firstname":"Lea","electionDayVotes":0,"pid":"2","finalPosition":0,"electedInformation":"ELECTED","totalVotesPercent":0.0,"nominatorName":{"fi":"Suomen Keskusta","sv":"Centern i Finland","en":"Centre Party of Finland"},"caid":36,"position":0,"gender":"2","comparisonData":{"totalVotes":189,"votesTotalChange":-189},"edid":9,"comparativeIndex":0.0,"electionDayVotesPercent":0.0,"nominatorAbbr":{"fi":"KESK","sv":"C","en":"CENT"}},{"age":59,"advanceVotesPercent":0.0,"lastname":"Ponkilainen","occupation":"autonkuljettaja","advanceVotes":0,"npid":2,"totalVotes":0,"spid":1,"abbr":"KESK","municipalCouncilor":false,"muid":422,"alid":2,"firstname":"Matti","electionDayVotes":0,"pid":"2","finalPosition":0,"electedInformation":"NOT_ELECTED","totalVotesPercent":0.0,"nominatorName":{"fi":"Suomen Keskusta","sv":"Centern i Finland","en":"Centre Party of Finland"},"caid":37,"position":0,"gender":"1","comparisonData":{"totalVotes":52,"votesTotalChange":-52},"edid":9,"comparativeIndex":0.0,"electionDayVotesPercent":0.0,"nominatorAbbr":{"fi":"KESK","sv":"C","en":"CENT"}},{"age":61,"advanceVotesPercent":0.0,"lastname":"Pöppönen","occupation":"luokanopettaja, yrittäjä","advanceVotes":0,"npid":2,"totalVotes":0,"spid":1,"abbr":"KESK","municipalCouncilor":true,"muid":422,"alid":2,"firstname":"Jukka","electionDayVotes":0,"pid":"2","finalPosition":0,"electedInformation":"ELECTED","totalVotesPercent":0.0,"nominatorName":{"fi":"Suomen Keskusta","sv":"Centern i Finland","en":"Centre Party of Finland"},"caid":38,"position":0,"gender":"1","comparisonData":{"totalVotes":62,"votesTotalChange":-62},"edid":9,"comparativeIndex":0.0,"electionDayVotesPercent":0.0,"nominatorAbbr":{"fi":"KESK","sv":"C","en":"CENT"}},{"age":30,"advanceVotesPercent":0.0,"lastname":"Pöyhönen","occupation":"kirjanpitäjä","advanceVotes":0,"npid":2,"totalVotes":0,"spid":1,"abbr":"KESK","municipalCouncilor":false,"muid":422,"alid":2,"firstname":"Tanja","electionDayVotes":0,"pid":"2","finalPosition":0,"electedInformation":"ON_SUBSTITUTE_PLACE","totalVotesPercent":0.0,"nominatorName":{"fi":"Suomen Keskusta","sv":"Centern i Finland","en":"Centre Party of Finland"},"caid":39,"position":0,"gender":"2","comparisonData":{"totalVotes":0,"votesTotalChange":0},"edid":9,"comparativeIndex":0.0,"electionDayVotesPercent":0.0,"nominatorAbbr":{"fi":"KESK","sv":"C","en":"CENT"}},{"age":61,"advanceVotesPercent":0.0,"lastname":"Riikonen","occupation":"yrittäjä","advanceVotes":0,"npid":2,"totalVotes":0,"spid":1,"abbr":"KESK","municipalCouncilor":false,"muid":422,"alid":2,"firstname":"Hannu","electionDayVotes":0,"pid":"2","finalPosition":0,"electedInformation":"NOT_ELECTED","totalVotesPercent":0.0,"nominatorName":{"fi":"Suomen Keskusta","sv":"Centern i Finland","en":"Centre Party of Finland"},"caid":40,"position":0,"gender":"1","comparisonData":{"totalVotes":16,"votesTotalChange":-16},"edid":9,"comparativeIndex":0.0,"electionDayVotesPercent":0.0,"nominatorAbbr":{"fi":"KESK","sv":"C","en":"CENT"}},{"age":62,"advanceVotesPercent":0.0,"lastname":"Riikonen","occupation":"myyjä","advanceVotes":0,"npid":2,"totalVotes":0,"spid":1,"abbr":"KESK","municipalCouncilor":true,"muid":422,"alid":2,"firstname":"Maija","electionDayVotes":0,"pid":"2","finalPosition":0,"electedInformation":"ELECTED","totalVotesPercent":0.0,"nominatorName":{"fi":"Suomen Keskusta","sv":"Centern i Finland","en":"Centre Party of Finland"},"caid":41,"position":0,"gender":"2","comparisonData":{"totalVotes":200,"votesTotalChange":-200},"edid":9,"comparativeIndex":0.0,"electionDayVotesPercent":0.0,"nominatorAbbr":{"fi":"KESK","sv":"C","en":"CENT"}},{"age":40,"advanceVotesPercent":0.0,"lastname":"Räsänen","occupation":"maanviljelijä","advanceVotes":0,"npid":2,"totalVotes":0,"spid":1,"abbr":"KESK","municipalCouncilor":false,"muid":422,"alid":2,"firstname":"Heikki","electionDayVotes":0,"pid":"2","finalPosition":0,"electedInformation":"ON_SUBSTITUTE_PLACE","totalVotesPercent":0.0,"nominatorName":{"fi":"Suomen Keskusta","sv":"Centern i Finland","en":"Centre Party of Finland"},"caid":42,"position":0,"gender":"1","comparisonData":{"totalVotes":0,"votesTotalChange":0},"edid":9,"comparativeIndex":0.0,"electionDayVotesPercent":0.0,"nominatorAbbr":{"fi":"KESK","sv":"C","en":"CENT"}},{"age":66,"advanceVotesPercent":0.0,"lastname":"Saarelainen","occupation":"sairaanhoitaja, eläkeläinen","advanceVotes":0,"npid":2,"totalVotes":0,"spid":1,"abbr":"KESK","municipalCouncilor":true,"muid":422,"alid":2,"firstname":"Seija","electionDayVotes":0,"pid":"2","finalPosition":0,"electedInformation":"ON_SUBSTITUTE_PLACE","totalVotesPercent":0.0,"nominatorName":{"fi":"Suomen Keskusta","sv":"Centern i Finland","en":"Centre Party of Finland"},"caid":43,"position":0,"gender":"2","comparisonData":{"totalVotes":80,"votesTotalChange":-80},"edid":9,"comparativeIndex":0.0,"electionDayVotesPercent":0.0,"nominatorAbbr":{"fi":"KESK","sv":"C","en":"CENT"}},{"age":61,"advanceVotesPercent":0.0,"lastname":"Sottinen","occupation":"yrittäjä","advanceVotes":0,"npid":2,"totalVotes":0,"spid":1,"abbr":"KESK","municipalCouncilor":false,"muid":422,"alid":2,"firstname":"Herkko","electionDayVotes":0,"pid":"2","finalPosition":0,"electedInformation":"ELECTED","totalVotesPercent":0.0,"nominatorName":{"fi":"Suomen Keskusta","sv":"Centern i Finland","en":"Centre Party of Finland"},"caid":44,"position":0,"gender":"1","comparisonData":{"totalVotes":0,"votesTotalChange":0},"edid":9,"comparativeIndex":0.0,"electionDayVotesPercent":0.0,"nominatorAbbr":{"fi":"KESK","sv":"C","en":"CENT"}},{"age":31,"advanceVotesPercent":0.0,"lastname":"Turunen","occupation":"koneurakoitsija","advanceVotes":0,"npid":2,"totalVotes":0,"spid":1,"abbr":"KESK","municipalCouncilor":false,"muid":422,"alid":2,"firstname":"Jari","electionDayVotes":0,"pid":"2","finalPosition":0,"electedInformation":"NOT_ELECTED","totalVotesPercent":0.0,"nominatorName":{"fi":"Suomen Keskusta","sv":"Centern i Finland","en":"Centre Party of Finland"},"caid":45,"position":0,"gender":"1","comparisonData":{"totalVotes":0,"votesTotalChange":0},"edid":9,"comparativeIndex":0.0,"electionDayVotesPercent":0.0,"nominatorAbbr":{"fi":"KESK","sv":"C","en":"CENT"}},{"age":46,"advanceVotesPercent":0.0,"lastname":"Vaakanainen","occupation":"maatalousyrittäjä","advanceVotes":0,"npid":2,"totalVotes":0,"spid":1,"abbr":"KESK","municipalCouncilor":false,"muid":422,"alid":2,"firstname":"Esa","electionDayVotes":0,"pid":"2","finalPosition":0,"electedInformation":"NOT_ELECTED","totalVotesPercent":0.0,"nominatorName":{"fi":"Suomen Keskusta","sv":"Centern i Finland","en":"Centre Party of Finland"},"caid":46,"position":0,"gender":"1","comparisonData":{"totalVotes":0,"votesTotalChange":0},"edid":9,"comparativeIndex":0.0,"electionDayVotesPercent":0.0,"nominatorAbbr":{"fi":"KESK","sv":"C","en":"CENT"}},{"age":50,"advanceVotesPercent":0.0,"lastname":"Väänänen","occupation":"yrittäjä, toimitusjohtaja","advanceVotes":0,"npid":2,"totalVotes":0,"spid":1,"abbr":"KESK","municipalCouncilor":false,"muid":422,"alid":2,"firstname":"Timo","electionDayVotes":0,"pid":"2","finalPosition":0,"electedInformation":"ELECTED","totalVotesPercent":0.0,"nominatorName":{"fi":"Suomen Keskusta","sv":"Centern i Finland","en":"Centre Party of Finland"},"caid":47,"position":0,"gender":"1","comparisonData":{"totalVotes":0,"votesTotalChange":0},"edid":9,"comparativeIndex":0.0,"electionDayVotesPercent":0.0,"nominatorAbbr":{"fi":"KESK","sv":"C","en":"CENT"}},{"age":49,"advanceVotesPercent":0.0,"lastname":"Väätäinen","occupation":"käsityöneuvoja, luottamusmies","advanceVotes":0,"npid":2,"totalVotes":0,"spid":1,"abbr":"KESK","municipalCouncilor":false,"muid":422,"alid":2,"firstname":"Aija","electionDayVotes":0,"pid":"2","finalPosition":0,"electedInformation":"ON_SUBSTITUTE_PLACE","totalVotesPercent":0.0,"nominatorName":{"fi":"Suomen Keskusta","sv":"Centern i Finland","en":"Centre Party of Finland"},"caid":48,"position":0,"gender":"2","comparisonData":{"totalVotes":0,"votesTotalChange":0},"edid":9,"comparativeIndex":0.0,"electionDayVotesPercent":0.0,"nominatorAbbr":{"fi":"KESK","sv":"C","en":"CENT"}},{"age":30,"advanceVotesPercent":0.0,"lastname":"Abdillahi","occupation":"opiskelija","advanceVotes":0,"npid":3,"totalVotes":0,"spid":6,"abbr":"VAS","municipalCouncilor":false,"muid":422,"alid":3,"firstname":"Mahamed","electionDayVotes":0,"pid":"15","finalPosition":0,"electedInformation":"ON_SUBSTITUTE_PLACE","totalVotesPercent":0.0,"nominatorName":{"fi":"Vasemmistoliitto","sv":"Vänsterförbundet","en":"The Left Alliance"},"caid":49,"position":0,"gender":"1","comparisonData":{"totalVotes":0,"votesTotalChange":0},"edid":9,"comparativeIndex":0.0,"electionDayVotesPercent":0.0,"nominatorAbbr":{"fi":"VAS","sv":"VF","en":"LEFT"}},{"age":62,"advanceVotesPercent":0.0,"lastname":"Keronen","occupation":"yhteiskuntatiet.maisteri, kouluttaja","advanceVotes":0,"npid":3,"totalVotes":0,"spid":6,"abbr":"VAS","municipalCouncilor":false,"muid":422,"alid":3,"firstname":"Anne","electionDayVotes":0,"pid":"15","finalPosition":0,"electedInformation":"ON_SUBSTITUTE_PLACE","totalVotesPercent":0.0,"nominatorName":{"fi":"Vasemmistoliitto","sv":"Vänsterförbundet","en":"The Left Alliance"},"caid":50,"position":0,"gender":"2","comparisonData":{"totalVotes":0,"votesTotalChange":0},"edid":9,"comparativeIndex":0.0,"electionDayVotesPercent":0.0,"nominatorAbbr":{"fi":"VAS","sv":"VF","en":"LEFT"}},{"age":60,"advanceVotesPercent":0.0,"lastname":"Kilpeläinen","occupation":"eläkeläinen","advanceVotes":0,"npid":3,"totalVotes":0,"spid":6,"abbr":"VAS","municipalCouncilor":false,"muid":422,"alid":3,"firstname":"Timo","electionDayVotes":0,"pid":"15","finalPosition":0,"electedInformation":"NOT_ELECTED","totalVotesPercent":0.0,"nominatorName":{"fi":"Vasemmistoliitto","sv":"Vänsterförbundet","en":"The Left Alliance"},"caid":51,"position":0,"gender":"1","comparisonData":{"totalVotes":20,"votesTotalChange":-20},"edid":9,"comparativeIndex":0.0,"electionDayVotesPercent":0.0,"nominatorAbbr":{"fi":"VAS","sv":"VF","en":"LEFT"}},{"age":63,"advanceVotesPercent":0.0,"lastname":"Reittu","occupation":"kirvesmies","advanceVotes":0,"npid":3,"totalVotes":0,"spid":6,"abbr":"VAS","municipalCouncilor":false,"muid":422,"alid":3,"firstname":"Veikko","electionDayVotes":0,"pid":"15","finalPosition":0,"electedInformation":"ELECTED","totalVotesPercent":0.0,"nominatorName":{"fi":"Vasemmistoliitto","sv":"Vänsterförbundet","en":"The Left Alliance"},"caid":52,"position":0,"gender":"1","comparisonData":{"totalVotes":52,"votesTotalChange":-52},"edid":9,"comparativeIndex":0.0,"electionDayVotesPercent":0.0,"nominatorAbbr":{"fi":"VAS","sv":"VF","en":"LEFT"}},{"age":34,"advanceVotesPercent":0.0,"lastname":"Sarisalmi","occupation":"yrittäjä, medianomi (AMK)","advanceVotes":0,"npid":3,"totalVotes":0,"spid":6,"abbr":"VAS","municipalCouncilor":false,"muid":422,"alid":3,"firstname":"Joona","electionDayVotes":0,"pid":"15","finalPosition":0,"electedInformation":"NOT_ELECTED","totalVotesPercent":0.0,"nominatorName":{"fi":"Vasemmistoliitto","sv":"Vänsterförbundet","en":"The Left Alliance"},"caid":53,"position":0,"gender":"1","comparisonData":{"totalVotes":28,"votesTotalChange":-28},"edid":9,"comparativeIndex":0.0,"electionDayVotesPercent":0.0,"nominatorAbbr":{"fi":"VAS","sv":"VF","en":"LEFT"}},{"age":48,"advanceVotesPercent":0.0,"lastname":"von Bonsdorff","occupation":"opiskelija","advanceVotes":0,"npid":3,"totalVotes":0,"spid":6,"abbr":"VAS","municipalCouncilor":false,"muid":422,"alid":3,"firstname":"Angelique","electionDayVotes":0,"pid":"15","finalPosition":0,"electedInformation":"NOT_ELECTED","totalVotesPercent":0.0,"nominatorName":{"fi":"Vasemmistoliitto","sv":"Vänsterförbundet","en":"The Left Alliance"},"caid":54,"position":0,"gender":"2","comparisonData":{"totalVotes":0,"votesTotalChange":0},"edid":9,"comparativeIndex":0.0,"electionDayVotesPercent":0.0,"nominatorAbbr":{"fi":"VAS","sv":"VF","en":"LEFT"}},{"age":67,"advanceVotesPercent":0.0,"lastname":"Hottinen","occupation":"sairaanhoitaja, eläkeläinen","advanceVotes":0,"npid":4,"totalVotes":0,"spid":8,"abbr":"KD","municipalCouncilor":false,"muid":422,"alid":4,"firstname":"Anja","electionDayVotes":0,"pid":"9","finalPosition":0,"electedInformation":"ON_SUBSTITUTE_PLACE","totalVotesPercent":0.0,"nominatorName":{"fi":"Suomen Kristillisdemokraatit (KD)","sv":"Kristdemokraterna i Finland (KD)","en":"Christian Democrats in Finland"},"caid":55,"position":0,"gender":"2","comparisonData":{"totalVotes":70,"votesTotalChange":-70},"edid":9,"comparativeIndex":0.0,"electionDayVotesPercent":0.0,"nominatorAbbr":{"fi":"KD","sv":"KD","en":"CD"}},{"age":36,"advanceVotesPercent":0.0,"lastname":"Jantunen","occupation":"teologian opiskelija, filosofian maisteri","advanceVotes":0,"npid":4,"totalVotes":0,"spid":8,"abbr":"KD","municipalCouncilor":false,"muid":422,"alid":4,"firstname":"Matti","electionDayVotes":0,"pid":"9","finalPosition":0,"electedInformation":"NOT_ELECTED","totalVotesPercent":0.0,"nominatorName":{"fi":"Suomen Kristillisdemokraatit (KD)","sv":"Kristdemokraterna i Finland (KD)","en":"Christian Democrats in Finland"},"caid":56,"position":0,"gender":"1","comparisonData":{"totalVotes":0,"votesTotalChange":0},"edid":9,"comparativeIndex":0.0,"electionDayVotesPercent":0.0,"nominatorAbbr":{"fi":"KD","sv":"KD","en":"CD"}},{"age":34,"advanceVotesPercent":0.0,"lastname":"Jääskeläinen","occupation":"lähihoitaja, osatyökyvyttömyyseläkeläinen","advanceVotes":0,"npid":4,"totalVotes":0,"spid":8,"abbr":"KD","municipalCouncilor":false,"muid":422,"alid":4,"firstname":"Anna","electionDayVotes":0,"pid":"9","finalPosition":0,"electedInformation":"NOT_ELECTED","totalVotesPercent":0.0,"nominatorName":{"fi":"Suomen Kristillisdemokraatit (KD)","sv":"Kristdemokraterna i Finland (KD)","en":"Christian Democrats in Finland"},"caid":57,"position":0,"gender":"2","comparisonData":{"totalVotes":15,"votesTotalChange":-15},"edid":9,"comparativeIndex":0.0,"electionDayVotesPercent":0.0,"nominatorAbbr":{"fi":"KD","sv":"KD","en":"CD"}},{"age":18,"advanceVotesPercent":0.0,"lastname":"Kokkonen","occupation":"opiskelija","advanceVotes":0,"npid":4,"totalVotes":0,"spid":8,"abbr":"KD","municipalCouncilor":false,"muid":422,"alid":4,"firstname":"Henriikka","electionDayVotes":0,"pid":"9","finalPosition":0,"electedInformation":"ELECTED","totalVotesPercent":0.0,"nominatorName":{"fi":"Suomen Kristillisdemokraatit (KD)","sv":"Kristdemokraterna i Finland (KD)","en":"Christian Democrats in Finland"},"caid":58,"position":0,"gender":"2","comparisonData":{"totalVotes":0,"votesTotalChange":0},"edid":9,"comparativeIndex":0.0,"electionDayVotesPercent":0.0,"nominatorAbbr":{"fi":"KD","sv":"KD","en":"CD"}},{"age":46,"advanceVotesPercent":0.0,"lastname":"Korhonen","occupation":"perhepäivähoitaja","advanceVotes":0,"npid":4,"totalVotes":0,"spid":8,"abbr":"KD","municipalCouncilor":false,"muid":422,"alid":4,"firstname":"Pia","electionDayVotes":0,"pid":"9","finalPosition":0,"electedInformation":"NOT_ELECTED","totalVotesPercent":0.0,"nominatorName":{"fi":"Suomen Kristillisdemokraatit (KD)","sv":"Kristdemokraterna i Finland (KD)","en":"Christian Democrats in Finland"},"caid":59,"position":0,"gender":"2","comparisonData":{"totalVotes":0,"votesTotalChange":0},"edid":9,"comparativeIndex":0.0,"electionDayVotesPercent":0.0,"nominatorAbbr":{"fi":"KD","sv":"KD","en":"CD"}},{"age":66,"advanceVotesPercent":0.0,"lastname":"Kortelainen","occupation":"sosiaalijohtaja, eläkeläinen","advanceVotes":0,"npid":4,"totalVotes":0,"spid":8,"abbr":"KD","municipalCouncilor":false,"muid":422,"alid":4,"firstname":"Juhani","electionDayVotes":0,"pid":"9","finalPosition":0,"electedInformation":"ON_SUBSTITUTE_PLACE","totalVotesPercent":0.0,"nominatorName":{"fi":"Suomen Kristillisdemokraatit (KD)","sv":"Kristdemokraterna i Finland (KD)","en":"Christian Democrats in Finland"},"caid":60,"position":0,"gender":"1","comparisonData":{"totalVotes":46,"votesTotalChange":-46},"edid":9,"comparativeIndex":0.0,"electionDayVotesPercent":0.0,"nominatorAbbr":{"fi":"KD","sv":"KD","en":"CD"}},{"age":60,"advanceVotesPercent":0.0,"lastname":"Seppänen","occupation":"eläkeläinen, myyjä","advanceVotes":0,"npid":4,"totalVotes":0,"spid":8,"abbr":"KD","municipalCouncilor":false,"muid":422,"alid":4,"firstname":"Unto","electionDayVotes":0,"pid":"9","finalPosition":0,"electedInformation":"NOT_ELECTED","totalVotesPercent":0.0,"nominatorName":{"fi":"Suomen Kristillisdemokraatit (KD)","sv":"Kristdemokraterna i Finland (KD)","en":"Christian Democrats in Finland"},"caid":61,"position":0,"gender":"1","comparisonData":{"totalVotes":0,"votesTotalChange":0},"edid":9,"comparativeIndex":0.0,"electionDayVotesPercent":0.0,"nominatorAbbr":{"fi":"KD","sv":"KD","en":"CD"}},{"age":75,"advanceVotesPercent":0.0,"lastname":"Hokkanen","occupation":"hammaslääkäri, eläkkeellä","advanceVotes":0,"npid":5,"totalVotes":0,"spid":2,"abbr":"KOK","municipalCouncilor":false,"muid":422,"alid":5,"firstname":"Matti","electionDayVotes":0,"pid":"4","finalPosition":0,"electedInformation":"ON_SUBSTITUTE_PLACE","totalVotesPercent":0.0,"nominatorName":{"fi":"Kansallinen Kokoomus","sv":"Samlingspartiet","en":"National Coalition Party"},"caid":62,"position":0,"gender":"1","comparisonData":{"totalVotes":0,"votesTotalChange":0},"edid":9,"comparativeIndex":0.0,"electionDayVotesPercent":0.0,"nominatorAbbr":{"fi":"KOK","sv":"Saml","en":"NCP"}},{"age":72,"advanceVotesPercent":0.0,"lastname":"Ilmakangas","occupation":"opinto-ohjaaja","advanceVotes":0,"npid":5,"totalVotes":0,"spid":2,"abbr":"KOK","municipalCouncilor":false,"muid":422,"alid":5,"firstname":"Marjaleena","electionDayVotes":0,"pid":"4","finalPosition":0,"electedInformation":"NOT_ELECTED","totalVotesPercent":0.0,"nominatorName":{"fi":"Kansallinen Kokoomus","sv":"Samlingspartiet","en":"National Coalition Party"},"caid":63,"position":0,"gender":"2","comparisonData":{"totalVotes":29,"votesTotalChange":-29},"edid":9,"comparativeIndex":0.0,"electionDayVotesPercent":0.0,"nominatorAbbr":{"fi":"KOK","sv":"Saml","en":"NCP"}},{"age":64,"advanceVotesPercent":0.0,"lastname":"Jukola","occupation":"perushoitaja","advanceVotes":0,"npid":5,"totalVotes":0,"spid":2,"abbr":"KOK","municipalCouncilor":false,"muid":422,"alid":5,"firstname":"Kaija","electionDayVotes":0,"pid":"4","finalPosition":0,"electedInformation":"ON_SUBSTITUTE_PLACE","totalVotesPercent":0.0,"nominatorName":{"fi":"Kansallinen Kokoomus","sv":"Samlingspartiet","en":"National Coalition Party"},"caid":64,"position":0,"gender":"2","comparisonData":{"totalVotes":38,"votesTotalChange":-38},"edid":9,"comparativeIndex":0.0,"electionDayVotesPercent":0.0,"nominatorAbbr":{"fi":"KOK","sv":"Saml","en":"NCP"}},{"age":39,"advanceVotesPercent":0.0,"lastname":"Kaiholehto","occupation":"yrittäjä","advanceVotes":0,"npid":5,"totalVotes":0,"spid":2,"abbr":"KOK","municipalCouncilor":false,"muid":422,"alid":5,"firstname":"Heikki-Tapio","electionDayVotes":0,"pid":"4","finalPosition":0,"electedInformation":"ON_SUBSTITUTE_PLACE","totalVotesPercent":0.0,"nominatorName":{"fi":"Kansallinen Kokoomus","sv":"Samlingspartiet","en":"National Coalition Party"},"caid":65,"position":0,"gender":"1","comparisonData":{"totalVotes":0,"votesTotalChange":0},"edid":9,"comparativeIndex":0.0,"electionDayVotesPercent":0.0,"nominatorAbbr":{"fi":"KOK","sv":"Saml","en":"NCP"}},{"age":48,"advanceVotesPercent":0.0,"lastname":"Kokkonen","occupation":"KM, luokanopettaja","advanceVotes":0,"npid":5,"totalVotes":0,"spid":2,"abbr":"KOK","municipalCouncilor":false,"muid":422,"alid":5,"firstname":"Leena","electionDayVotes":0,"pid":"4","finalPosition":0,"electedInformation":"ELECTED","totalVotesPercent":0.0,"nominatorName":{"fi":"Kansallinen Kokoomus","sv":"Samlingspartiet","en":"National Coalition Party"},"caid":66,"position":0,"gender":"2","comparisonData":{"totalVotes":0,"votesTotalChange":0},"edid":9,"comparativeIndex":0.0,"electionDayVotesPercent":0.0,"nominatorAbbr":{"fi":"KOK","sv":"Saml","en":"NCP"}},{"age":59,"advanceVotesPercent":0.0,"lastname":"Kortelainen","occupation":"rajavartija evp","advanceVotes":0,"npid":5,"totalVotes":0,"spid":2,"abbr":"KOK","municipalCouncilor":true,"muid":422,"alid":5,"firstname":"Reijo","electionDayVotes":0,"pid":"4","finalPosition":0,"electedInformation":"ELECTED","totalVotesPercent":0.0,"nominatorName":{"fi":"Kansallinen Kokoomus","sv":"Samlingspartiet","en":"National Coalition Party"},"caid":67,"position":0,"gender":"1","comparisonData":{"totalVotes":158,"votesTotalChange":-158},"edid":9,"comparativeIndex":0.0,"electionDayVotesPercent":0.0,"nominatorAbbr":{"fi":"KOK","sv":"Saml","en":"NCP"}},{"age":72,"advanceVotesPercent":0.0,"lastname":"Lehikoinen","occupation":"yrittäjä","advanceVotes":0,"npid":5,"totalVotes":0,"spid":2,"abbr":"KOK","municipalCouncilor":true,"muid":422,"alid":5,"firstname":"Taisto","electionDayVotes":0,"pid":"4","finalPosition":0,"electedInformation":"ELECTED","totalVotesPercent":0.0,"nominatorName":{"fi":"Kansallinen Kokoomus","sv":"Samlingspartiet","en":"National Coalition Party"},"caid":68,"position":0,"gender":"1","comparisonData":{"totalVotes":223,"votesTotalChange":-223},"edid":9,"comparativeIndex":0.0,"electionDayVotesPercent":0.0,"nominatorAbbr":{"fi":"KOK","sv":"Saml","en":"NCP"}},{"age":74,"advanceVotesPercent":0.0,"lastname":"Vilpponen","occupation":"FT, kemisti","advanceVotes":0,"npid":5,"totalVotes":0,"spid":2,"abbr":"KOK","municipalCouncilor":false,"muid":422,"alid":5,"firstname":"Pirkko","electionDayVotes":0,"pid":"4","finalPosition":0,"electedInformation":"NOT_ELECTED","totalVotesPercent":0.0,"nominatorName":{"fi":"Kansallinen Kokoomus","sv":"Samlingspartiet","en":"National Coalition Party"},"caid":69,"position":0,"gender":"2","comparisonData":{"totalVotes":16,"votesTotalChange":-16},"edid":9,"comparativeIndex":0.0,"electionDayVotesPercent":0.0,"nominatorAbbr":{"fi":"KOK","sv":"Saml","en":"NCP"}},{"age":44,"advanceVotesPercent":0.0,"lastname":"Holma-Mölkänen","occupation":"yrittäjä","advanceVotes":0,"npid":6,"totalVotes":0,"spid":4,"abbr":"SDP","municipalCouncilor":false,"muid":422,"alid":6,"firstname":"Maarit","electionDayVotes":0,"pid":"1","finalPosition":0,"electedInformation":"ON_SUBSTITUTE_PLACE","totalVotesPercent":0.0,"nominatorName":{"fi":"Suomen Sosialidemokraattinen Puolue","sv":"Finlands Socialdemokratiska Parti","en":"The Finnish Social Democratic Party"},"caid":70,"position":0,"gender":"2","comparisonData":{"totalVotes":11,"votesTotalChange":-11},"edid":9,"comparativeIndex":0.0,"electionDayVotesPercent":0.0,"nominatorAbbr":{"fi":"SDP","sv":"SDP","en":"SDP"}},{"age":59,"advanceVotesPercent":0.0,"lastname":"Härkönen","occupation":"vastaava sairaanhoitaja","advanceVotes":0,"npid":6,"totalVotes":0,"spid":4,"abbr":"SDP","municipalCouncilor":false,"muid":422,"alid":6,"firstname":"Eero","electionDayVotes":0,"pid":"1","finalPosition":0,"electedInformation":"ON_SUBSTITUTE_PLACE","totalVotesPercent":0.0,"nominatorName":{"fi":"Suomen Sosialidemokraattinen Puolue","sv":"Finlands Socialdemokratiska Parti","en":"The Finnish Social Democratic Party"},"caid":71,"position":0,"gender":"1","comparisonData":{"totalVotes":11,"votesTotalChange":-11},"edid":9,"comparativeIndex":0.0,"electionDayVotesPercent":0.0,"nominatorAbbr":{"fi":"SDP","sv":"SDP","en":"SDP"}},{"age":64,"advanceVotesPercent":0.0,"lastname":"Ikonen","occupation":"myyjä, eläkeläinen","advanceVotes":0,"npid":6,"totalVotes":0,"spid":4,"abbr":"SDP","municipalCouncilor":false,"muid":422,"alid":6,"firstname":"Maija","electionDayVotes":0,"pid":"1","finalPosition":0,"electedInformation":"ON_SUBSTITUTE_PLACE","totalVotesPercent":0.0,"nominatorName":{"fi":"Suomen Sosialidemokraattinen Puolue","sv":"Finlands Socialdemokratiska Parti","en":"The Finnish Social Democratic Party"},"caid":72,"position":0,"gender":"2","comparisonData":{"totalVotes":29,"votesTotalChange":-29},"edid":9,"comparativeIndex":0.0,"electionDayVotesPercent":0.0,"nominatorAbbr":{"fi":"SDP","sv":"SDP","en":"SDP"}},{"age":58,"advanceVotesPercent":0.0,"lastname":"Jalovaara","occupation":"osastonhoitaja","advanceVotes":0,"npid":6,"totalVotes":0,"spid":4,"abbr":"SDP","municipalCouncilor":false,"muid":422,"alid":6,"firstname":"Raili","electionDayVotes":0,"pid":"1","finalPosition":0,"electedInformation":"ELECTED","totalVotesPercent":0.0,"nominatorName":{"fi":"Suomen Sosialidemokraattinen Puolue","sv":"Finlands Socialdemokratiska Parti","en":"The Finnish Social Democratic Party"},"caid":73,"position":0,"gender":"2","comparisonData":{"totalVotes":0,"votesTotalChange":0},"edid":9,"comparativeIndex":0.0,"electionDayVotesPercent":0.0,"nominatorAbbr":{"fi":"SDP","sv":"SDP","en":"SDP"}},{"age":51,"advanceVotesPercent":0.0,"lastname":"Kangas","occupation":"sairaanhoitaja","advanceVotes":0,"npid":6,"totalVotes":0,"spid":4,"abbr":"SDP","municipalCouncilor":false,"muid":422,"alid":6,"firstname":"Sari","electionDayVotes":0,"pid":"1","finalPosition":0,"electedInformation":"ELECTED","totalVotesPercent":0.0,"nominatorName":{"fi":"Suomen Sosialidemokraattinen Puolue","sv":"Finlands Socialdemokratiska Parti","en":"The Finnish Social Democratic Party"},"caid":74,"position":0,"gender":"2","comparisonData":{"totalVotes":48,"votesTotalChange":-48},"edid":9,"comparativeIndex":0.0,"electionDayVotesPercent":0.0,"nominatorAbbr":{"fi":"SDP","sv":"SDP","en":"SDP"}},{"age":57,"advanceVotesPercent":0.0,"lastname":"Karonen","occupation":"suunnittelijaopettaja","advanceVotes":0,"npid":6,"totalVotes":0,"spid":4,"abbr":"SDP","municipalCouncilor":false,"muid":422,"alid":6,"firstname":"Pasi","electionDayVotes":0,"pid":"1","finalPosition":0,"electedInformation":"ELECTED","totalVotesPercent":0.0,"nominatorName":{"fi":"Suomen Sosialidemokraattinen Puolue","sv":"Finlands Socialdemokratiska Parti","en":"The Finnish Social Democratic Party"},"caid":75,"position":0,"gender":"1","comparisonData":{"totalVotes":0,"votesTotalChange":0},"edid":9,"comparativeIndex":0.0,"electionDayVotesPercent":0.0,"nominatorAbbr":{"fi":"SDP","sv":"SDP","en":"SDP"}},{"age":57,"advanceVotesPercent":0.0,"lastname":"Karppinen","occupation":"tehdastyöläinen","advanceVotes":0,"npid":6,"totalVotes":0,"spid":4,"abbr":"SDP","municipalCouncilor":false,"muid":422,"alid":6,"firstname":"Jouni","electionDayVotes":0,"pid":"1","finalPosition":0,"electedInformation":"ON_SUBSTITUTE_PLACE","totalVotesPercent":0.0,"nominatorName":{"fi":"Suomen Sosialidemokraattinen Puolue","sv":"Finlands Socialdemokratiska Parti","en":"The Finnish Social Democratic Party"},"caid":76,"position":0,"gender":"1","comparisonData":{"totalVotes":0,"votesTotalChange":0},"edid":9,"comparativeIndex":0.0,"electionDayVotesPercent":0.0,"nominatorAbbr":{"fi":"SDP","sv":"SDP","en":"SDP"}},{"age":71,"advanceVotesPercent":0.0,"lastname":"Kaverinen","occupation":"yrittäjä, terveydenhoitaja","advanceVotes":0,"npid":6,"totalVotes":0,"spid":4,"abbr":"SDP","municipalCouncilor":true,"muid":422,"alid":6,"firstname":"Maija","electionDayVotes":0,"pid":"1","finalPosition":0,"electedInformation":"ELECTED","totalVotesPercent":0.0,"nominatorName":{"fi":"Suomen Sosialidemokraattinen Puolue","sv":"Finlands Socialdemokratiska Parti","en":"The Finnish Social Democratic Party"},"caid":77,"position":0,"gender":"2","comparisonData":{"totalVotes":93,"votesTotalChange":-93},"edid":9,"comparativeIndex":0.0,"electionDayVotesPercent":0.0,"nominatorAbbr":{"fi":"SDP","sv":"SDP","en":"SDP"}},{"age":51,"advanceVotesPercent":0.0,"lastname":"Kiiskinen","occupation":"myyjä","advanceVotes":0,"npid":6,"totalVotes":0,"spid":4,"abbr":"SDP","municipalCouncilor":true,"muid":422,"alid":6,"firstname":"Arja","electionDayVotes":0,"pid":"1","finalPosition":0,"electedInformation":"ELECTED","totalVotesPercent":0.0,"nominatorName":{"fi":"Suomen Sosialidemokraattinen Puolue","sv":"Finlands Socialdemokratiska Parti","en":"The Finnish Social Democratic Party"},"caid":78,"position":0,"gender":"2","comparisonData":{"totalVotes":210,"votesTotalChange":-210},"edid":9,"comparativeIndex":0.0,"electionDayVotesPercent":0.0,"nominatorAbbr":{"fi":"SDP","sv":"SDP","en":"SDP"}},{"age":67,"advanceVotesPercent":0.0,"lastname":"Kiiskinen","occupation":"eläkeläinen","advanceVotes":0,"npid":6,"totalVotes":0,"spid":4,"abbr":"SDP","municipalCouncilor":false,"muid":422,"alid":6,"firstname":"Seppo","electionDayVotes":0,"pid":"1","finalPosition":0,"electedInformation":"ELECTED","totalVotesPercent":0.0,"nominatorName":{"fi":"Suomen Sosialidemokraattinen Puolue","sv":"Finlands Socialdemokratiska Parti","en":"The Finnish Social Democratic Party"},"caid":79,"position":0,"gender":"1","comparisonData":{"totalVotes":49,"votesTotalChange":-49},"edid":9,"comparativeIndex":0.0,"electionDayVotesPercent":0.0,"nominatorAbbr":{"fi":"SDP","sv":"SDP","en":"SDP"}},{"age":57,"advanceVotesPercent":0.0,"lastname":"Komulainen","occupation":"kiinteistötyönjohtaja","advanceVotes":0,"npid":6,"totalVotes":0,"spid":4,"abbr":"SDP","municipalCouncilor":false,"muid":422,"alid":6,"firstname":"Matti","electionDayVotes":0,"pid":"1","finalPosition":0,"electedInformation":"ON_SUBSTITUTE_PLACE","totalVotesPercent":0.0,"nominatorName":{"fi":"Suomen Sosialidemokraattinen Puolue","sv":"Finlands Socialdemokratiska Parti","en":"The Finnish Social Democratic Party"},"caid":80,"position":0,"gender":"1","comparisonData":{"totalVotes":26,"votesTotalChange":-26},"edid":9,"comparativeIndex":0.0,"electionDayVotesPercent":0.0,"nominatorAbbr":{"fi":"SDP","sv":"SDP","en":"SDP"}},{"age":56,"advanceVotesPercent":0.0,"lastname":"Kotilainen","occupation":"kirvesmies","advanceVotes":0,"npid":6,"totalVotes":0,"spid":4,"abbr":"SDP","municipalCouncilor":false,"muid":422,"alid":6,"firstname":"Jorma","electionDayVotes":0,"pid":"1","finalPosition":0,"electedInformation":"ON_SUBSTITUTE_PLACE","totalVotesPercent":0.0,"nominatorName":{"fi":"Suomen Sosialidemokraattinen Puolue","sv":"Finlands Socialdemokratiska Parti","en":"The Finnish Social Democratic Party"},"caid":81,"position":0,"gender":"1","comparisonData":{"totalVotes":18,"votesTotalChange":-18},"edid":9,"comparativeIndex":0.0,"electionDayVotesPercent":0.0,"nominatorAbbr":{"fi":"SDP","sv":"SDP","en":"SDP"}},{"age":62,"advanceVotesPercent":0.0,"lastname":"Kärkkäinen","occupation":"koneteknikko","advanceVotes":0,"npid":6,"totalVotes":0,"spid":4,"abbr":"SDP","municipalCouncilor":true,"muid":422,"alid":6,"firstname":"Eero","electionDayVotes":0,"pid":"1","finalPosition":0,"electedInformation":"ELECTED","totalVotesPercent":0.0,"nominatorName":{"fi":"Suomen Sosialidemokraattinen Puolue","sv":"Finlands Socialdemokratiska Parti","en":"The Finnish Social Democratic Party"},"caid":82,"position":0,"gender":"1","comparisonData":{"totalVotes":147,"votesTotalChange":-147},"edid":9,"comparativeIndex":0.0,"electionDayVotesPercent":0.0,"nominatorAbbr":{"fi":"SDP","sv":"SDP","en":"SDP"}},{"age":59,"advanceVotesPercent":0.0,"lastname":"Kärkkäinen","occupation":"lähihoitaja","advanceVotes":0,"npid":6,"totalVotes":0,"spid":4,"abbr":"SDP","municipalCouncilor":false,"muid":422,"alid":6,"firstname":"Tarja","electionDayVotes":0,"pid":"1","finalPosition":0,"electedInformation":"ELECTED","totalVotesPercent":0.0,"nominatorName":{"fi":"Suomen Sosialidemokraattinen Puolue","sv":"Finlands Socialdemokratiska Parti","en":"The Finnish Social Democratic Party"},"caid":83,"position":0,"gender":"2","comparisonData":{"totalVotes":45,"votesTotalChange":-45},"edid":9,"comparativeIndex":0.0,"electionDayVotesPercent":0.0,"nominatorAbbr":{"fi":"SDP","sv":"SDP","en":"SDP"}},{"age":55,"advanceVotesPercent":0.0,"lastname":"Liiten","occupation":"ruokahuoltopäällikkö","advanceVotes":0,"npid":6,"totalVotes":0,"spid":4,"abbr":"SDP","municipalCouncilor":false,"muid":422,"alid":6,"firstname":"Mervi","electionDayVotes":0,"pid":"1","finalPosition":0,"electedInformation":"ON_SUBSTITUTE_PLACE","totalVotesPercent":0.0,"nominatorName":{"fi":"Suomen Sosialidemokraattinen Puolue","sv":"Finlands Socialdemokratiska Parti","en":"The Finnish Social Democratic Party"},"caid":84,"position":0,"gender":"2","comparisonData":{"totalVotes":0,"votesTotalChange":0},"edid":9,"comparativeIndex":0.0,"electionDayVotesPercent":0.0,"nominatorAbbr":{"fi":"SDP","sv":"SDP","en":"SDP"}},{"age":57,"advanceVotesPercent":0.0,"lastname":"Marjeta","occupation":"perhekotiyrittäjä, pastori","advanceVotes":0,"npid":6,"totalVotes":0,"spid":4,"abbr":"SDP","municipalCouncilor":true,"muid":422,"alid":6,"firstname":"Ari","electionDayVotes":0,"pid":"1","finalPosition":0,"electedInformation":"ELECTED","totalVotesPercent":0.0,"nominatorName":{"fi":"Suomen Sosialidemokraattinen Puolue","sv":"Finlands Socialdemokratiska Parti","en":"The Finnish Social Democratic Party"},"caid":85,"position":0,"gender":"1","comparisonData":{"totalVotes":71,"votesTotalChange":-71},"edid":9,"comparativeIndex":0.0,"electionDayVotesPercent":0.0,"nominatorAbbr":{"fi":"SDP","sv":"SDP","en":"SDP"}},{"age":70,"advanceVotesPercent":0.0,"lastname":"Mikkonen","occupation":"palomestari evp","advanceVotes":0,"npid":6,"totalVotes":0,"spid":4,"abbr":"SDP","municipalCouncilor":false,"muid":422,"alid":6,"firstname":"Aarne","electionDayVotes":0,"pid":"1","finalPosition":0,"electedInformation":"ON_SUBSTITUTE_PLACE","totalVotesPercent":0.0,"nominatorName":{"fi":"Suomen Sosialidemokraattinen Puolue","sv":"Finlands Socialdemokratiska Parti","en":"The Finnish Social Democratic Party"},"caid":86,"position":0,"gender":"1","comparisonData":{"totalVotes":11,"votesTotalChange":-11},"edid":9,"comparativeIndex":0.0,"electionDayVotesPercent":0.0,"nominatorAbbr":{"fi":"SDP","sv":"SDP","en":"SDP"}},{"age":46,"advanceVotesPercent":0.0,"lastname":"Mustonen","occupation":"puuseppä, CNC-koneistaja","advanceVotes":0,"npid":6,"totalVotes":0,"spid":4,"abbr":"SDP","municipalCouncilor":false,"muid":422,"alid":6,"firstname":"Eero","electionDayVotes":0,"pid":"1","finalPosition":0,"electedInformation":"ON_SUBSTITUTE_PLACE","totalVotesPercent":0.0,"nominatorName":{"fi":"Suomen Sosialidemokraattinen Puolue","sv":"Finlands Socialdemokratiska Parti","en":"The Finnish Social Democratic Party"},"caid":87,"position":0,"gender":"1","comparisonData":{"totalVotes":0,"votesTotalChange":0},"edid":9,"comparativeIndex":0.0,"electionDayVotesPercent":0.0,"nominatorAbbr":{"fi":"SDP","sv":"SDP","en":"SDP"}},{"age":41,"advanceVotesPercent":0.0,"lastname":"Määttä","occupation":"eläkeläinen","advanceVotes":0,"npid":6,"totalVotes":0,"spid":4,"abbr":"SDP","municipalCouncilor":false,"muid":422,"alid":6,"firstname":"Jani","electionDayVotes":0,"pid":"1","finalPosition":0,"electedInformation":"NOT_ELECTED","totalVotesPercent":0.0,"nominatorName":{"fi":"Suomen Sosialidemokraattinen Puolue","sv":"Finlands Socialdemokratiska Parti","en":"The Finnish Social Democratic Party"},"caid":88,"position":0,"gender":"1","comparisonData":{"totalVotes":0,"votesTotalChange":0},"edid":9,"comparativeIndex":0.0,"electionDayVotesPercent":0.0,"nominatorAbbr":{"fi":"SDP","sv":"SDP","en":"SDP"}},{"age":47,"advanceVotesPercent":0.0,"lastname":"Oinonen","occupation":"palvelupäällikkö","advanceVotes":0,"npid":6,"totalVotes":0,"spid":4,"abbr":"SDP","municipalCouncilor":false,"muid":422,"alid":6,"firstname":"Sari","electionDayVotes":0,"pid":"1","finalPosition":0,"electedInformation":"ELECTED","totalVotesPercent":0.0,"nominatorName":{"fi":"Suomen Sosialidemokraattinen Puolue","sv":"Finlands Socialdemokratiska Parti","en":"The Finnish Social Democratic Party"},"caid":89,"position":0,"gender":"2","comparisonData":{"totalVotes":26,"votesTotalChange":-26},"edid":9,"comparativeIndex":0.0,"electionDayVotesPercent":0.0,"nominatorAbbr":{"fi":"SDP","sv":"SDP","en":"SDP"}},{"age":52,"advanceVotesPercent":0.0,"lastname":"Sarkkinen","occupation":"rakennusinsinööri, amk","advanceVotes":0,"npid":6,"totalVotes":0,"spid":4,"abbr":"SDP","municipalCouncilor":false,"muid":422,"alid":6,"firstname":"Jorma","electionDayVotes":0,"pid":"1","finalPosition":0,"electedInformation":"ELECTED","totalVotesPercent":0.0,"nominatorName":{"fi":"Suomen Sosialidemokraattinen Puolue","sv":"Finlands Socialdemokratiska Parti","en":"The Finnish Social Democratic Party"},"caid":90,"position":0,"gender":"1","comparisonData":{"totalVotes":40,"votesTotalChange":-40},"edid":9,"comparativeIndex":0.0,"electionDayVotesPercent":0.0,"nominatorAbbr":{"fi":"SDP","sv":"SDP","en":"SDP"}},{"age":68,"advanceVotesPercent":0.0,"lastname":"Tolvanen","occupation":"sosiaalityöntekijä eläkkeellä","advanceVotes":0,"npid":6,"totalVotes":0,"spid":4,"abbr":"SDP","municipalCouncilor":false,"muid":422,"alid":6,"firstname":"Eeva-Liisa","electionDayVotes":0,"pid":"1","finalPosition":0,"electedInformation":"ON_SUBSTITUTE_PLACE","totalVotesPercent":0.0,"nominatorName":{"fi":"Suomen Sosialidemokraattinen Puolue","sv":"Finlands Socialdemokratiska Parti","en":"The Finnish Social Democratic Party"},"caid":91,"position":0,"gender":"2","comparisonData":{"totalVotes":0,"votesTotalChange":0},"edid":9,"comparativeIndex":0.0,"electionDayVotesPercent":0.0,"nominatorAbbr":{"fi":"SDP","sv":"SDP","en":"SDP"}},{"age":67,"advanceVotesPercent":0.0,"lastname":"Tossavainen","occupation":"linja-autonkuljettaja, eläkeläinen","advanceVotes":0,"npid":6,"totalVotes":0,"spid":4,"abbr":"SDP","municipalCouncilor":true,"muid":422,"alid":6,"firstname":"Seppo","electionDayVotes":0,"pid":"1","finalPosition":0,"electedInformation":"ELECTED","totalVotesPercent":0.0,"nominatorName":{"fi":"Suomen Sosialidemokraattinen Puolue","sv":"Finlands Socialdemokratiska Parti","en":"The Finnish Social Democratic Party"},"caid":92,"position":0,"gender":"1","comparisonData":{"totalVotes":139,"votesTotalChange":-139},"edid":9,"comparativeIndex":0.0,"electionDayVotesPercent":0.0,"nominatorAbbr":{"fi":"SDP","sv":"SDP","en":"SDP"}},{"age":63,"advanceVotesPercent":0.0,"lastname":"Turunen","occupation":"eläkeläinen","advanceVotes":0,"npid":6,"totalVotes":0,"spid":4,"abbr":"SDP","municipalCouncilor":true,"muid":422,"alid":6,"firstname":"Pertti","electionDayVotes":0,"pid":"1","finalPosition":0,"electedInformation":"ON_SUBSTITUTE_PLACE","totalVotesPercent":0.0,"nominatorName":{"fi":"Suomen Sosialidemokraattinen Puolue","sv":"Finlands Socialdemokratiska Parti","en":"The Finnish Social Democratic Party"},"caid":93,"position":0,"gender":"1","comparisonData":{"totalVotes":106,"votesTotalChange":-106},"edid":9,"comparativeIndex":0.0,"electionDayVotesPercent":0.0,"nominatorAbbr":{"fi":"SDP","sv":"SDP","en":"SDP"}},{"age":54,"advanceVotesPercent":0.0,"lastname":"Törnqvist","occupation":"opettaja","advanceVotes":0,"npid":6,"totalVotes":0,"spid":4,"abbr":"SDP","municipalCouncilor":true,"muid":422,"alid":6,"firstname":"Solja","electionDayVotes":0,"pid":"1","finalPosition":0,"electedInformation":"ELECTED","totalVotesPercent":0.0,"nominatorName":{"fi":"Suomen Sosialidemokraattinen Puolue","sv":"Finlands Socialdemokratiska Parti","en":"The Finnish Social Democratic Party"},"caid":94,"position":0,"gender":"2","comparisonData":{"totalVotes":109,"votesTotalChange":-109},"edid":9,"comparativeIndex":0.0,"electionDayVotesPercent":0.0,"nominatorAbbr":{"fi":"SDP","sv":"SDP","en":"SDP"}},{"age":70,"advanceVotesPercent":0.0,"lastname":"Uurinmäki","occupation":"eläkeläinen","advanceVotes":0,"npid":6,"totalVotes":0,"spid":4,"abbr":"SDP","municipalCouncilor":false,"muid":422,"alid":6,"firstname":"Anneli","electionDayVotes":0,"pid":"1","finalPosition":0,"electedInformation":"ON_SUBSTITUTE_PLACE","totalVotesPercent":0.0,"nominatorName":{"fi":"Suomen Sosialidemokraattinen Puolue","sv":"Finlands Socialdemokratiska Parti","en":"The Finnish Social Democratic Party"},"caid":95,"position":0,"gender":"2","comparisonData":{"totalVotes":0,"votesTotalChange":0},"edid":9,"comparativeIndex":0.0,"electionDayVotesPercent":0.0,"nominatorAbbr":{"fi":"SDP","sv":"SDP","en":"SDP"}},{"age":38,"advanceVotesPercent":0.0,"lastname":"Ylönen","occupation":"ohjaajaupseeri evp","advanceVotes":0,"npid":6,"totalVotes":0,"spid":4,"abbr":"SDP","municipalCouncilor":false,"muid":422,"alid":6,"firstname":"Pekka","electionDayVotes":0,"pid":"1","finalPosition":0,"electedInformation":"ON_SUBSTITUTE_PLACE","totalVotesPercent":0.0,"nominatorName":{"fi":"Suomen Sosialidemokraattinen Puolue","sv":"Finlands Socialdemokratiska Parti","en":"The Finnish Social Democratic Party"},"caid":96,"position":0,"gender":"1","comparisonData":{"totalVotes":0,"votesTotalChange":0},"edid":9,"comparativeIndex":0.0,"electionDayVotesPercent":0.0,"nominatorAbbr":{"fi":"SDP","sv":"SDP","en":"SDP"}}],"municipalityPollingDistricts":[{"name":{"fi":"Koli","sv":"Koli"},"calculationStatusPercent":0.0,"joinedArea":true,"muid":422,"totalVotingInFinlandTurnout":0.0,"identification":"001","pdid":"001","eligibleVotersInFinlandTotal":211,"edid":9,"mergedToPdid":""},{"name":{"fi":"Lieksa","sv":"Lieksa"},"calculationStatusPercent":58.3,"joinedArea":false,"muid":422,"totalVotingInFinlandTurnout":0.0,"identification":"002","pdid":"002","eligibleVotersInFinlandTotal":4745,"edid":9,"mergedToPdid":""},{"name":{"fi":"Merilä","sv":"Merilä"},"calculationStatusPercent":59.6,"joinedArea":false,"muid":422,"totalVotingInFinlandTurnout":0.0,"identification":"003","pdid":"003","eligibleVotersInFinlandTotal":1241,"edid":9,"mergedToPdid":""},{"name":{"fi":"Pankakoski","sv":"Pankakoski"},"calculationStatusPercent":50.2,"joinedArea":false,"muid":422,"totalVotingInFinlandTurnout":0.0,"identification":"004","pdid":"004","eligibleVotersInFinlandTotal":920,"edid":9,"mergedToPdid":""},{"name":{"fi":"Rantala","sv":"Rantala"},"calculationStatusPercent":0.0,"joinedArea":false,"muid":422,"totalVotingInFinlandTurnout":0.0,"identification":"005","pdid":"005","eligibleVotersInFinlandTotal":2836,"edid":9,"mergedToPdid":""}],"municipality":{"muid":422,"edid":9,"name":{"fi":"Lieksa","sv":"Lieksa"}}}