{"version":76,"created":"2017-04-09T23:07:08.639Z","electionDetails":{"electionId":"kv2017","electionDate":"2017-04-09T00:00:00.000Z","electionDataPublishTime":"2017-04-09T17:00:00.000Z","name":{"fi":"Kuntavaalit 2017","sv":"Kommunalval 2017","en":"Elections 2017"},"previousElections":{"correspondingCompareElection":{"electionId":"kv2012","electionDate":"2012-10-28T00:00:00.000Z","name":{"fi":"Kuntavaalit 2012","en":"Municipal elections 2012","sv":"Kommunalval 2012"}},"otherCompareElection":{"electionId":"ev2015","electionDate":"2015-04-19T00:00:00.000Z","name":{"fi":"Eduskuntavaalit 2015","en":"Parliamentary election 2015","sv":"Riksdagsval 2015"}}}},"calculationStatus":{"electionDayVotingTurnout":37.2,"invalidAdvanceVotes":3,"calculationPhase":"INITIAL","invalidElectionDayVotes":0,"approvedAdvanceVotes":321,"advanceVotingTurnout":22.6,"totalVotingTurnoutAbroad":0.0,"name":{"fi":"Keskinen","sv":"Keskinen"},"calculationStatusPercent":100.0,"advanceVotes":324,"electionDayVotingTurnoutAbroad":0.0,"approvedTotalVotes":854,"totalVotes":857,"muid":18,"totalVotingInFinlandTurnout":59.8,"advanceVotingTurnoutAbroad":0.0,"invalidTotalVotes":3,"totalVotingTurnout":59.8,"electionDayVotes":533,"electionDayVotesInFinland":533,"pdid":"001","totalVotesInFinlandMen":0,"eligibleVotersInFinlandTotal":1434,"calculationStatusPercentElectionDayVotes":100.0,"sourceRecordModificationTime":"20170409210305","otherCompareElection":{"eid":"","eligibleVotersInFinlandTotal":0,"advanceVotingInFinlandTurnout":0.0,"electionDayVotingInFinlandTurnout":0.0,"totalVotingInFinlandTurnout":0.0,"approvedVotesTotal":0,"invalidVotesTotal":0},"correspondingCompareElection":{"eid":"","eligibleVotersInFinlandTotal":0,"advanceVotingInFinlandTurnout":0.0,"electionDayVotingInFinlandTurnout":0.0,"totalVotingInFinlandTurnout":0.0,"approvedVotesTotal":0,"invalidVotesTotal":0,"seats":0},"approvedElectionDayVotes":533,"edid":2,"calculationStatusPercentAdvanceVotes":100.0,"electionDayVotingInFinlandTurnout":37.2,"seats":0,"eligibleVotersTotal":1434,"advanceVotesInFinland":324,"advanceVotingInFinlandTurnout":22.6,"totalVotesInFinland":857},"partyResults":[{"advanceVotesPercent":29.9,"name":{"fi":"Kansallinen Kokoomus","sv":"Samlingspartiet","en":"National Coalition Party"},"advanceVotes":96,"npid":5,"totalVotes":247,"spid":2,"abbr":{"fi":"KOK","sv":"Saml","en":"NCP"},"alid":4,"electionDayVotes":151,"pid":"4","totalVotesPercent":28.9,"nominatorName":{"fi":"Kansallinen Kokoomus","sv":"Samlingspartiet","en":"National Coalition Party"},"compareData":{"otherCompareElection":{"votesTotalChange":0,"votesTotalPercentChange":0.0,"votesTotal":247,"votesTotalPercent":28.9},"correspondingCompareElection":{"votesTotalChange":0,"votesTotalPercentChange":0.0,"seatChange":0,"votesTotal":247,"votesTotalPercent":28.9,"seatsTotal":0}},"seats":0,"electionDayVotesPercent":28.3,"nominatorAbbr":{"fi":"KOK","sv":"Saml","en":"NCP"}},{"advanceVotesPercent":27.4,"name":{"fi":"Suomen Keskusta","sv":"Centern i Finland","en":"Centre Party of Finland"},"advanceVotes":88,"npid":6,"totalVotes":218,"spid":1,"abbr":{"fi":"KESK","sv":"C","en":"CENT"},"alid":5,"electionDayVotes":130,"pid":"2","totalVotesPercent":25.5,"nominatorName":{"fi":"Suomen Keskusta","sv":"Centern i Finland","en":"Centre Party of Finland"},"compareData":{"otherCompareElection":{"votesTotalChange":0,"votesTotalPercentChange":0.0,"votesTotal":218,"votesTotalPercent":25.5},"correspondingCompareElection":{"votesTotalChange":0,"votesTotalPercentChange":0.0,"seatChange":0,"votesTotal":218,"votesTotalPercent":25.5,"seatsTotal":0}},"seats":0,"electionDayVotesPercent":24.4,"nominatorAbbr":{"fi":"KESK","sv":"C","en":"CENT"}},{"advanceVotesPercent":20.9,"name":{"fi":"Suomen Sosialidemokraattinen Puolue","sv":"Finlands Socialdemokratiska Parti","en":"The Finnish Social Democratic Party"},"advanceVotes":67,"npid":3,"totalVotes":205,"spid":4,"abbr":{"fi":"SDP","sv":"SDP","en":"SDP"},"alid":3,"electionDayVotes":138,"pid":"1","totalVotesPercent":24.0,"nominatorName":{"fi":"Suomen Sosialidemokraattinen Puolue","sv":"Finlands Socialdemokratiska Parti","en":"The Finnish Social Democratic Party"},"compareData":{"otherCompareElection":{"votesTotalChange":0,"votesTotalPercentChange":0.0,"votesTotal":205,"votesTotalPercent":24.0},"correspondingCompareElection":{"votesTotalChange":0,"votesTotalPercentChange":0.0,"seatChange":0,"votesTotal":205,"votesTotalPercent":24.0,"seatsTotal":0}},"seats":0,"electionDayVotesPercent":25.9,"nominatorAbbr":{"fi":"SDP","sv":"SDP","en":"SDP"}},{"advanceVotesPercent":8.1,"name":{"fi":"Vihreä liitto","sv":"Gröna förbundet","en":"Green League"},"advanceVotes":26,"npid":2,"totalVotes":61,"spid":5,"abbr":{"fi":"VIHR","sv":"Gröna","en":"GREEN"},"alid":2,"electionDayVotes":35,"pid":"13","totalVotesPercent":7.1,"nominatorName":{"fi":"Vihreä liitto","sv":"Gröna förbundet","en":"Green League"},"compareData":{"otherCompareElection":{"votesTotalChange":0,"votesTotalPercentChange":0.0,"votesTotal":61,"votesTotalPercent":7.1},"correspondingCompareElection":{"votesTotalChange":0,"votesTotalPercentChange":0.0,"seatChange":0,"votesTotal":61,"votesTotalPercent":7.1,"seatsTotal":0}},"seats":0,"electionDayVotesPercent":6.6,"nominatorAbbr":{"fi":"VIHR","sv":"Gröna","en":"GREEN"}},{"advanceVotesPercent":6.2,"name":{"fi":"Perussuomalaiset","sv":"Sannfinländarna","en":"The Finns Party"},"advanceVotes":20,"npid":1,"totalVotes":53,"spid":3,"abbr":{"fi":"PS","sv":"Sannf","en":"FINNS"},"alid":1,"electionDayVotes":33,"pid":"23","totalVotesPercent":6.2,"nominatorName":{"fi":"Perussuomalaiset","sv":"Sannfinländarna","en":"The Finns Party"},"compareData":{"otherCompareElection":{"votesTotalChange":0,"votesTotalPercentChange":0.0,"votesTotal":53,"votesTotalPercent":6.2},"correspondingCompareElection":{"votesTotalChange":0,"votesTotalPercentChange":0.0,"seatChange":0,"votesTotal":53,"votesTotalPercent":6.2,"seatsTotal":0}},"seats":0,"electionDayVotesPercent":6.2,"nominatorAbbr":{"fi":"PS","sv":"Sannf","en":"FINNS"}},{"advanceVotesPercent":3.4,"name":{"fi":"Suomen Kristillisdemokraatit (KD)","sv":"Kristdemokraterna i Finland (KD)","en":"Christian Democrats in Finland"},"advanceVotes":11,"npid":4,"totalVotes":40,"spid":8,"abbr":{"fi":"KD","sv":"KD","en":"CD"},"alid":4,"electionDayVotes":29,"pid":"9","totalVotesPercent":4.7,"nominatorName":{"fi":"Suomen Kristillisdemokraatit (KD)","sv":"Kristdemokraterna i Finland (KD)","en":"Christian Democrats in Finland"},"compareData":{"otherCompareElection":{"votesTotalChange":0,"votesTotalPercentChange":0.0,"votesTotal":40,"votesTotalPercent":4.7},"correspondingCompareElection":{"votesTotalChange":0,"votesTotalPercentChange":0.0,"seatChange":0,"votesTotal":40,"votesTotalPercent":4.7,"seatsTotal":0}},"seats":0,"electionDayVotesPercent":5.4,"nominatorAbbr":{"fi":"KD","sv":"KD","en":"CD"}},{"advanceVotesPercent":4.0,"name":{"fi":"Vasemmistoliitto","sv":"Vänsterförbundet","en":"The Left Alliance"},"advanceVotes":13,"npid":7,"totalVotes":30,"spid":6,"abbr":{"fi":"VAS","sv":"VF","en":"LEFT"},"alid":6,"electionDayVotes":17,"pid":"15","totalVotesPercent":3.5,"nominatorName":{"fi":"Vasemmistoliitto","sv":"Vänsterförbundet","en":"The Left Alliance"},"compareData":{"otherCompareElection":{"votesTotalChange":0,"votesTotalPercentChange":0.0,"votesTotal":30,"votesTotalPercent":3.5},"correspondingCompareElection":{"votesTotalChange":0,"votesTotalPercentChange":0.0,"seatChange":0,"votesTotal":30,"votesTotalPercent":3.5,"seatsTotal":0}},"seats":0,"electionDayVotesPercent":3.2,"nominatorAbbr":{"fi":"VAS","sv":"VF","en":"LEFT"}}],"candidateResults":[{"age":51,"advanceVotesPercent":5.6,"lastname":"Suominen","occupation":"yrittäjä","advanceVotes":18,"npid":5,"totalVotes":56,"spid":2,"abbr":"KOK","municipalCouncilor":true,"muid":18,"alid":4,"firstname":"Tero","electionDayVotes":38,"pid":"4","finalPosition":0,"electedInformation":"ELECTED","totalVotesPercent":6.6,"nominatorName":{"fi":"Kansallinen Kokoomus","sv":"Samlingspartiet","en":"National Coalition Party"},"caid":37,"position":0,"gender":"1","comparisonData":{"totalVotes":86,"votesTotalChange":-30},"edid":2,"comparativeIndex":0.0,"electionDayVotesPercent":7.1,"nominatorAbbr":{"fi":"KOK","sv":"Saml","en":"NCP"}},{"age":55,"advanceVotesPercent":4.0,"lastname":"Vilkki","occupation":"seurakuntamestari","advanceVotes":13,"npid":5,"totalVotes":39,"spid":2,"abbr":"KOK","municipalCouncilor":true,"muid":18,"alid":4,"firstname":"Jouni","electionDayVotes":26,"pid":"4","finalPosition":0,"electedInformation":"ELECTED","totalVotesPercent":4.6,"nominatorName":{"fi":"Kansallinen Kokoomus","sv":"Samlingspartiet","en":"National Coalition Party"},"caid":39,"position":0,"gender":"1","comparisonData":{"totalVotes":43,"votesTotalChange":-4},"edid":2,"comparativeIndex":0.0,"electionDayVotesPercent":4.9,"nominatorAbbr":{"fi":"KOK","sv":"Saml","en":"NCP"}},{"age":53,"advanceVotesPercent":4.4,"lastname":"Vihreäluoto","occupation":"liikunnan lehtori, pääluottamusmies","advanceVotes":14,"npid":3,"totalVotes":38,"spid":4,"abbr":"SDP","municipalCouncilor":true,"muid":18,"alid":3,"firstname":"Hannu","electionDayVotes":24,"pid":"1","finalPosition":0,"electedInformation":"ELECTED","totalVotesPercent":4.4,"nominatorName":{"fi":"Suomen Sosialidemokraattinen Puolue","sv":"Finlands Socialdemokratiska Parti","en":"The Finnish Social Democratic Party"},"caid":19,"position":0,"gender":"1","comparisonData":{"totalVotes":99,"votesTotalChange":-61},"edid":2,"comparativeIndex":0.0,"electionDayVotesPercent":4.5,"nominatorAbbr":{"fi":"SDP","sv":"SDP","en":"SDP"}},{"age":73,"advanceVotesPercent":8.1,"lastname":"Tuutti","occupation":"eläkeläinen, yo-merkonomi","advanceVotes":26,"npid":6,"totalVotes":37,"spid":1,"abbr":"KESK","municipalCouncilor":false,"muid":18,"alid":5,"firstname":"Tuula","electionDayVotes":11,"pid":"2","finalPosition":0,"electedInformation":"ELECTED","totalVotesPercent":4.3,"nominatorName":{"fi":"Suomen Keskusta","sv":"Centern i Finland","en":"Centre Party of Finland"},"caid":53,"position":0,"gender":"2","comparisonData":{"totalVotes":0,"votesTotalChange":37},"edid":2,"comparativeIndex":0.0,"electionDayVotesPercent":2.1,"nominatorAbbr":{"fi":"KESK","sv":"C","en":"CENT"}},{"age":28,"advanceVotesPercent":2.8,"lastname":"Simola","occupation":"toiminnanjohtaja, yhteisöpedagogi","advanceVotes":9,"npid":3,"totalVotes":36,"spid":4,"abbr":"SDP","municipalCouncilor":true,"muid":18,"alid":3,"firstname":"Hanna","electionDayVotes":27,"pid":"1","finalPosition":0,"electedInformation":"ELECTED","totalVotesPercent":4.2,"nominatorName":{"fi":"Suomen Sosialidemokraattinen Puolue","sv":"Finlands Socialdemokratiska Parti","en":"The Finnish Social Democratic Party"},"caid":17,"position":0,"gender":"2","comparisonData":{"totalVotes":66,"votesTotalChange":-30},"edid":2,"comparativeIndex":0.0,"electionDayVotesPercent":5.1,"nominatorAbbr":{"fi":"SDP","sv":"SDP","en":"SDP"}},{"age":62,"advanceVotesPercent":5.3,"lastname":"Vettenranta","occupation":"projektipäällikkö, DI","advanceVotes":17,"npid":5,"totalVotes":36,"spid":2,"abbr":"KOK","municipalCouncilor":true,"muid":18,"alid":4,"firstname":"Jari","electionDayVotes":19,"pid":"4","finalPosition":0,"electedInformation":"ELECTED","totalVotesPercent":4.2,"nominatorName":{"fi":"Kansallinen Kokoomus","sv":"Samlingspartiet","en":"National Coalition Party"},"caid":38,"position":0,"gender":"1","comparisonData":{"totalVotes":57,"votesTotalChange":-21},"edid":2,"comparativeIndex":0.0,"electionDayVotesPercent":3.6,"nominatorAbbr":{"fi":"KOK","sv":"Saml","en":"NCP"}},{"age":43,"advanceVotesPercent":4.0,"lastname":"Kurki","occupation":"yrittäjä, viljelijä","advanceVotes":13,"npid":6,"totalVotes":36,"spid":1,"abbr":"KESK","municipalCouncilor":true,"muid":18,"alid":5,"firstname":"Sanna","electionDayVotes":23,"pid":"2","finalPosition":0,"electedInformation":"ELECTED","totalVotesPercent":4.2,"nominatorName":{"fi":"Suomen Keskusta","sv":"Centern i Finland","en":"Centre Party of Finland"},"caid":44,"position":0,"gender":"2","comparisonData":{"totalVotes":73,"votesTotalChange":-37},"edid":2,"comparativeIndex":0.0,"electionDayVotesPercent":4.3,"nominatorAbbr":{"fi":"KESK","sv":"C","en":"CENT"}},{"age":46,"advanceVotesPercent":3.7,"lastname":"Eloranta","occupation":"operaattori","advanceVotes":12,"npid":3,"totalVotes":34,"spid":4,"abbr":"SDP","municipalCouncilor":false,"muid":18,"alid":3,"firstname":"Anna-Mari","electionDayVotes":22,"pid":"1","finalPosition":0,"electedInformation":"ELECTED","totalVotesPercent":4.0,"nominatorName":{"fi":"Suomen Sosialidemokraattinen Puolue","sv":"Finlands Socialdemokratiska Parti","en":"The Finnish Social Democratic Party"},"caid":11,"position":0,"gender":"2","comparisonData":{"totalVotes":0,"votesTotalChange":34},"edid":2,"comparativeIndex":0.0,"electionDayVotesPercent":4.1,"nominatorAbbr":{"fi":"SDP","sv":"SDP","en":"SDP"}},{"age":47,"advanceVotesPercent":5.3,"lastname":"Tenhunen","occupation":"toiminnanjohtaja/ esh","advanceVotes":17,"npid":3,"totalVotes":32,"spid":4,"abbr":"SDP","municipalCouncilor":false,"muid":18,"alid":3,"firstname":"Kirsi","electionDayVotes":15,"pid":"1","finalPosition":0,"electedInformation":"ELECTED","totalVotesPercent":3.7,"nominatorName":{"fi":"Suomen Sosialidemokraattinen Puolue","sv":"Finlands Socialdemokratiska Parti","en":"The Finnish Social Democratic Party"},"caid":18,"position":0,"gender":"2","comparisonData":{"totalVotes":0,"votesTotalChange":32},"edid":2,"comparativeIndex":0.0,"electionDayVotesPercent":2.8,"nominatorAbbr":{"fi":"SDP","sv":"SDP","en":"SDP"}},{"age":36,"advanceVotesPercent":2.5,"lastname":"Nissilä","occupation":"luokanopettaja","advanceVotes":8,"npid":6,"totalVotes":29,"spid":1,"abbr":"KESK","municipalCouncilor":false,"muid":18,"alid":5,"firstname":"Taija","electionDayVotes":21,"pid":"2","finalPosition":0,"electedInformation":"ELECTED","totalVotesPercent":3.4,"nominatorName":{"fi":"Suomen Keskusta","sv":"Centern i Finland","en":"Centre Party of Finland"},"caid":47,"position":0,"gender":"2","comparisonData":{"totalVotes":0,"votesTotalChange":29},"edid":2,"comparativeIndex":0.0,"electionDayVotesPercent":3.9,"nominatorAbbr":{"fi":"KESK","sv":"C","en":"CENT"}},{"age":42,"advanceVotesPercent":1.9,"lastname":"Kraufvelin","occupation":"insinööri","advanceVotes":6,"npid":3,"totalVotes":27,"spid":4,"abbr":"SDP","municipalCouncilor":false,"muid":18,"alid":3,"firstname":"Timo","electionDayVotes":21,"pid":"1","finalPosition":0,"electedInformation":"ELECTED","totalVotesPercent":3.2,"nominatorName":{"fi":"Suomen Sosialidemokraattinen Puolue","sv":"Finlands Socialdemokratiska Parti","en":"The Finnish Social Democratic Party"},"caid":16,"position":0,"gender":"1","comparisonData":{"totalVotes":0,"votesTotalChange":27},"edid":2,"comparativeIndex":0.0,"electionDayVotesPercent":3.9,"nominatorAbbr":{"fi":"SDP","sv":"SDP","en":"SDP"}},{"age":60,"advanceVotesPercent":2.8,"lastname":"Lehto","occupation":"kiinteistönhoitaja","advanceVotes":9,"npid":4,"totalVotes":26,"spid":8,"abbr":"KD","municipalCouncilor":false,"muid":18,"alid":4,"firstname":"Hannu","electionDayVotes":17,"pid":"9","finalPosition":0,"electedInformation":"ELECTED","totalVotesPercent":3.0,"nominatorName":{"fi":"Suomen Kristillisdemokraatit (KD)","sv":"Kristdemokraterna i Finland (KD)","en":"Christian Democrats in Finland"},"caid":24,"position":0,"gender":"1","comparisonData":{"totalVotes":33,"votesTotalChange":-7},"edid":2,"comparativeIndex":0.0,"electionDayVotesPercent":3.2,"nominatorAbbr":{"fi":"KD","sv":"KD","en":"CD"}},{"age":40,"advanceVotesPercent":2.8,"lastname":"Nirvi","occupation":"myyntipäällikkö","advanceVotes":9,"npid":6,"totalVotes":26,"spid":1,"abbr":"KESK","municipalCouncilor":false,"muid":18,"alid":5,"firstname":"Juho","electionDayVotes":17,"pid":"2","finalPosition":0,"electedInformation":"ELECTED","totalVotesPercent":3.0,"nominatorName":{"fi":"Suomen Keskusta","sv":"Centern i Finland","en":"Centre Party of Finland"},"caid":46,"position":0,"gender":"1","comparisonData":{"totalVotes":19,"votesTotalChange":7},"edid":2,"comparativeIndex":0.0,"electionDayVotesPercent":3.2,"nominatorAbbr":{"fi":"KESK","sv":"C","en":"CENT"}},{"age":28,"advanceVotesPercent":1.6,"lastname":"Kares-Salonen","occupation":"terveydenhoitaja AMK","advanceVotes":5,"npid":3,"totalVotes":25,"spid":4,"abbr":"SDP","municipalCouncilor":false,"muid":18,"alid":3,"firstname":"Aini","electionDayVotes":20,"pid":"1","finalPosition":0,"electedInformation":"ELECTED","totalVotesPercent":2.9,"nominatorName":{"fi":"Suomen Sosialidemokraattinen Puolue","sv":"Finlands Socialdemokratiska Parti","en":"The Finnish Social Democratic Party"},"caid":13,"position":0,"gender":"2","comparisonData":{"totalVotes":0,"votesTotalChange":25},"edid":2,"comparativeIndex":0.0,"electionDayVotesPercent":3.8,"nominatorAbbr":{"fi":"SDP","sv":"SDP","en":"SDP"}},{"age":49,"advanceVotesPercent":2.2,"lastname":"Hämäläinen","occupation":"terveydenhoitaja YAMK, hoitotyönesimies","advanceVotes":7,"npid":5,"totalVotes":21,"spid":2,"abbr":"KOK","municipalCouncilor":true,"muid":18,"alid":4,"firstname":"Heli","electionDayVotes":14,"pid":"4","finalPosition":0,"electedInformation":"ON_SUBSTITUTE_PLACE","totalVotesPercent":2.5,"nominatorName":{"fi":"Kansallinen Kokoomus","sv":"Samlingspartiet","en":"National Coalition Party"},"caid":27,"position":0,"gender":"2","comparisonData":{"totalVotes":38,"votesTotalChange":-17},"edid":2,"comparativeIndex":0.0,"electionDayVotesPercent":2.6,"nominatorAbbr":{"fi":"KOK","sv":"Saml","en":"NCP"}},{"age":20,"advanceVotesPercent":1.6,"lastname":"Peltola","occupation":"yrittäjä","advanceVotes":5,"npid":6,"totalVotes":21,"spid":1,"abbr":"KESK","municipalCouncilor":false,"muid":18,"alid":5,"firstname":"Vili","electionDayVotes":16,"pid":"2","finalPosition":0,"electedInformation":"ELECTED","totalVotesPercent":2.5,"nominatorName":{"fi":"Suomen Keskusta","sv":"Centern i Finland","en":"Centre Party of Finland"},"caid":50,"position":0,"gender":"1","comparisonData":{"totalVotes":0,"votesTotalChange":21},"edid":2,"comparativeIndex":0.0,"electionDayVotesPercent":3.0,"nominatorAbbr":{"fi":"KESK","sv":"C","en":"CENT"}},{"age":48,"advanceVotesPercent":1.2,"lastname":"Tiljander","occupation":"koneenkuljettaja","advanceVotes":4,"npid":1,"totalVotes":20,"spid":3,"abbr":"PS","municipalCouncilor":true,"muid":18,"alid":1,"firstname":"Jari","electionDayVotes":16,"pid":"23","finalPosition":0,"electedInformation":"ELECTED","totalVotesPercent":2.3,"nominatorName":{"fi":"Perussuomalaiset","sv":"Sannfinländarna","en":"The Finns Party"},"caid":5,"position":0,"gender":"1","comparisonData":{"totalVotes":43,"votesTotalChange":-23},"edid":2,"comparativeIndex":0.0,"electionDayVotesPercent":3.0,"nominatorAbbr":{"fi":"PS","sv":"Sannf","en":"FINNS"}},{"age":56,"advanceVotesPercent":3.7,"lastname":"Mankinen","occupation":"HTM, hallintojohtaja","advanceVotes":12,"npid":5,"totalVotes":20,"spid":2,"abbr":"KOK","municipalCouncilor":false,"muid":18,"alid":4,"firstname":"Sari","electionDayVotes":8,"pid":"4","finalPosition":0,"electedInformation":"ON_SUBSTITUTE_PLACE","totalVotesPercent":2.3,"nominatorName":{"fi":"Kansallinen Kokoomus","sv":"Samlingspartiet","en":"National Coalition Party"},"caid":29,"position":0,"gender":"2","comparisonData":{"totalVotes":0,"votesTotalChange":20},"edid":2,"comparativeIndex":0.0,"electionDayVotesPercent":1.5,"nominatorAbbr":{"fi":"KOK","sv":"Saml","en":"NCP"}},{"age":43,"advanceVotesPercent":2.5,"lastname":"Hämäläinen","occupation":"yrittäjä","advanceVotes":8,"npid":2,"totalVotes":19,"spid":5,"abbr":"VIHR","municipalCouncilor":false,"muid":18,"alid":2,"firstname":"Zaida","electionDayVotes":11,"pid":"13","finalPosition":0,"electedInformation":"ON_SUBSTITUTE_PLACE","totalVotesPercent":2.2,"nominatorName":{"fi":"Vihreä liitto","sv":"Gröna förbundet","en":"Green League"},"caid":6,"position":0,"gender":"2","comparisonData":{"totalVotes":0,"votesTotalChange":19},"edid":2,"comparativeIndex":0.0,"electionDayVotesPercent":2.1,"nominatorAbbr":{"fi":"VIHR","sv":"Gröna","en":"GREEN"}},{"age":45,"advanceVotesPercent":2.5,"lastname":"Stenbäck","occupation":"luokanopettaja","advanceVotes":8,"npid":2,"totalVotes":19,"spid":5,"abbr":"VIHR","municipalCouncilor":true,"muid":18,"alid":2,"firstname":"Reija-Riikka","electionDayVotes":11,"pid":"13","finalPosition":0,"electedInformation":"ELECTED","totalVotesPercent":2.2,"nominatorName":{"fi":"Vihreä liitto","sv":"Gröna förbundet","en":"Green League"},"caid":10,"position":0,"gender":"2","comparisonData":{"totalVotes":45,"votesTotalChange":-26},"edid":2,"comparativeIndex":0.0,"electionDayVotesPercent":2.1,"nominatorAbbr":{"fi":"VIHR","sv":"Gröna","en":"GREEN"}},{"age":61,"advanceVotesPercent":2.8,"lastname":"Pihlaja","occupation":"yrittäjä","advanceVotes":9,"npid":5,"totalVotes":19,"spid":2,"abbr":"KOK","municipalCouncilor":false,"muid":18,"alid":4,"firstname":"Jouko","electionDayVotes":10,"pid":"4","finalPosition":0,"electedInformation":"ELECTED","totalVotesPercent":2.2,"nominatorName":{"fi":"Kansallinen Kokoomus","sv":"Samlingspartiet","en":"National Coalition Party"},"caid":34,"position":0,"gender":"1","comparisonData":{"totalVotes":0,"votesTotalChange":19},"edid":2,"comparativeIndex":0.0,"electionDayVotesPercent":1.9,"nominatorAbbr":{"fi":"KOK","sv":"Saml","en":"NCP"}},{"age":48,"advanceVotesPercent":2.5,"lastname":"Tuomisto","occupation":"taloussuunnittelija","advanceVotes":8,"npid":6,"totalVotes":18,"spid":1,"abbr":"KESK","municipalCouncilor":false,"muid":18,"alid":5,"firstname":"Kaija-Leena","electionDayVotes":10,"pid":"2","finalPosition":0,"electedInformation":"ON_SUBSTITUTE_PLACE","totalVotesPercent":2.1,"nominatorName":{"fi":"Suomen Keskusta","sv":"Centern i Finland","en":"Centre Party of Finland"},"caid":52,"position":0,"gender":"2","comparisonData":{"totalVotes":0,"votesTotalChange":18},"edid":2,"comparativeIndex":0.0,"electionDayVotesPercent":1.9,"nominatorAbbr":{"fi":"KESK","sv":"C","en":"CENT"}},{"age":38,"advanceVotesPercent":2.8,"lastname":"Ollila","occupation":"isäntä","advanceVotes":9,"npid":5,"totalVotes":17,"spid":2,"abbr":"KOK","municipalCouncilor":true,"muid":18,"alid":4,"firstname":"Antti","electionDayVotes":8,"pid":"4","finalPosition":0,"electedInformation":"ELECTED","totalVotesPercent":2.0,"nominatorName":{"fi":"Kansallinen Kokoomus","sv":"Samlingspartiet","en":"National Coalition Party"},"caid":32,"position":0,"gender":"1","comparisonData":{"totalVotes":31,"votesTotalChange":-14},"edid":2,"comparativeIndex":0.0,"electionDayVotesPercent":1.5,"nominatorAbbr":{"fi":"KOK","sv":"Saml","en":"NCP"}},{"age":53,"advanceVotesPercent":2.8,"lastname":"Mäkelä","occupation":"vastusvalmistaja","advanceVotes":9,"npid":1,"totalVotes":15,"spid":3,"abbr":"PS","municipalCouncilor":false,"muid":18,"alid":1,"firstname":"Jaana","electionDayVotes":6,"pid":"23","finalPosition":0,"electedInformation":"ON_SUBSTITUTE_PLACE","totalVotesPercent":1.8,"nominatorName":{"fi":"Perussuomalaiset","sv":"Sannfinländarna","en":"The Finns Party"},"caid":3,"position":0,"gender":"2","comparisonData":{"totalVotes":0,"votesTotalChange":15},"edid":2,"comparativeIndex":0.0,"electionDayVotesPercent":1.1,"nominatorAbbr":{"fi":"PS","sv":"Sannf","en":"FINNS"}},{"age":61,"advanceVotesPercent":0.0,"lastname":"Forsberg","occupation":"diplomimerkonomi","advanceVotes":0,"npid":5,"totalVotes":12,"spid":2,"abbr":"KOK","municipalCouncilor":false,"muid":18,"alid":4,"firstname":"Ari","electionDayVotes":12,"pid":"4","finalPosition":0,"electedInformation":"ELECTED","totalVotesPercent":1.4,"nominatorName":{"fi":"Kansallinen Kokoomus","sv":"Samlingspartiet","en":"National Coalition Party"},"caid":26,"position":0,"gender":"1","comparisonData":{"totalVotes":0,"votesTotalChange":12},"edid":2,"comparativeIndex":0.0,"electionDayVotesPercent":2.3,"nominatorAbbr":{"fi":"KOK","sv":"Saml","en":"NCP"}},{"age":39,"advanceVotesPercent":1.6,"lastname":"Aaltonen","occupation":"teollisuustyöntekijä","advanceVotes":5,"npid":7,"totalVotes":12,"spid":6,"abbr":"VAS","municipalCouncilor":true,"muid":18,"alid":6,"firstname":"Tero","electionDayVotes":7,"pid":"15","finalPosition":0,"electedInformation":"ELECTED","totalVotesPercent":1.4,"nominatorName":{"fi":"Vasemmistoliitto","sv":"Vänsterförbundet","en":"The Left Alliance"},"caid":55,"position":0,"gender":"1","comparisonData":{"totalVotes":37,"votesTotalChange":-25},"edid":2,"comparativeIndex":0.0,"electionDayVotesPercent":1.3,"nominatorAbbr":{"fi":"VAS","sv":"VF","en":"LEFT"}},{"age":21,"advanceVotesPercent":0.3,"lastname":"Ollila","occupation":"yrittäjä","advanceVotes":1,"npid":6,"totalVotes":11,"spid":1,"abbr":"KESK","municipalCouncilor":false,"muid":18,"alid":5,"firstname":"Eemil","electionDayVotes":10,"pid":"2","finalPosition":0,"electedInformation":"ELECTED","totalVotesPercent":1.3,"nominatorName":{"fi":"Suomen Keskusta","sv":"Centern i Finland","en":"Centre Party of Finland"},"caid":48,"position":0,"gender":"1","comparisonData":{"totalVotes":0,"votesTotalChange":11},"edid":2,"comparativeIndex":0.0,"electionDayVotesPercent":1.9,"nominatorAbbr":{"fi":"KESK","sv":"C","en":"CENT"}},{"age":34,"advanceVotesPercent":1.6,"lastname":"Pråhl","occupation":"yrittäjä, rakennusmies","advanceVotes":5,"npid":6,"totalVotes":11,"spid":1,"abbr":"KESK","municipalCouncilor":false,"muid":18,"alid":5,"firstname":"Pasi","electionDayVotes":6,"pid":"2","finalPosition":0,"electedInformation":"ON_SUBSTITUTE_PLACE","totalVotesPercent":1.3,"nominatorName":{"fi":"Suomen Keskusta","sv":"Centern i Finland","en":"Centre Party of Finland"},"caid":51,"position":0,"gender":"1","comparisonData":{"totalVotes":0,"votesTotalChange":11},"edid":2,"comparativeIndex":0.0,"electionDayVotesPercent":1.1,"nominatorAbbr":{"fi":"KESK","sv":"C","en":"CENT"}},{"age":78,"advanceVotesPercent":1.6,"lastname":"Ahokanto","occupation":"eläkeläinen, yrittäjä","advanceVotes":5,"npid":1,"totalVotes":10,"spid":3,"abbr":"PS","municipalCouncilor":false,"muid":18,"alid":1,"firstname":"Simo","electionDayVotes":5,"pid":"23","finalPosition":0,"electedInformation":"ON_SUBSTITUTE_PLACE","totalVotesPercent":1.2,"nominatorName":{"fi":"Perussuomalaiset","sv":"Sannfinländarna","en":"The Finns Party"},"caid":2,"position":0,"gender":"1","comparisonData":{"totalVotes":34,"votesTotalChange":-24},"edid":2,"comparativeIndex":0.0,"electionDayVotesPercent":0.9,"nominatorAbbr":{"fi":"PS","sv":"Sannf","en":"FINNS"}},{"age":36,"advanceVotesPercent":0.9,"lastname":"Maukonen","occupation":"raidemies","advanceVotes":3,"npid":5,"totalVotes":10,"spid":2,"abbr":"KOK","municipalCouncilor":false,"muid":18,"alid":4,"firstname":"Mikko","electionDayVotes":7,"pid":"4","finalPosition":0,"electedInformation":"ELECTED","totalVotesPercent":1.2,"nominatorName":{"fi":"Kansallinen Kokoomus","sv":"Samlingspartiet","en":"National Coalition Party"},"caid":30,"position":0,"gender":"1","comparisonData":{"totalVotes":0,"votesTotalChange":10},"edid":2,"comparativeIndex":0.0,"electionDayVotesPercent":1.3,"nominatorAbbr":{"fi":"KOK","sv":"Saml","en":"NCP"}},{"age":60,"advanceVotesPercent":1.6,"lastname":"Ikävalko","occupation":"toimittaja, eläkeläinen","advanceVotes":5,"npid":7,"totalVotes":10,"spid":6,"abbr":"VAS","municipalCouncilor":false,"muid":18,"alid":6,"firstname":"Jari","electionDayVotes":5,"pid":"15","finalPosition":0,"electedInformation":"ON_SUBSTITUTE_PLACE","totalVotesPercent":1.2,"nominatorName":{"fi":"Vasemmistoliitto","sv":"Vänsterförbundet","en":"The Left Alliance"},"caid":56,"position":0,"gender":"1","comparisonData":{"totalVotes":0,"votesTotalChange":10},"edid":2,"comparativeIndex":0.0,"electionDayVotesPercent":0.9,"nominatorAbbr":{"fi":"VAS","sv":"VF","en":"LEFT"}},{"age":46,"advanceVotesPercent":1.2,"lastname":"Kalilainen","occupation":"ammatillinen erityisopettaja","advanceVotes":4,"npid":2,"totalVotes":9,"spid":5,"abbr":"VIHR","municipalCouncilor":false,"muid":18,"alid":2,"firstname":"Marjukka","electionDayVotes":5,"pid":"13","finalPosition":0,"electedInformation":"ON_SUBSTITUTE_PLACE","totalVotesPercent":1.1,"nominatorName":{"fi":"Vihreä liitto","sv":"Gröna förbundet","en":"Green League"},"caid":7,"position":0,"gender":"2","comparisonData":{"totalVotes":24,"votesTotalChange":-15},"edid":2,"comparativeIndex":0.0,"electionDayVotesPercent":0.9,"nominatorAbbr":{"fi":"VIHR","sv":"Gröna","en":"GREEN"}},{"age":53,"advanceVotesPercent":0.6,"lastname":"Suominen","occupation":"evp. vt. opettaja","advanceVotes":2,"npid":1,"totalVotes":8,"spid":3,"abbr":"PS","municipalCouncilor":false,"muid":18,"alid":1,"firstname":"Timo","electionDayVotes":6,"pid":"23","finalPosition":0,"electedInformation":"NOT_ELECTED","totalVotesPercent":0.9,"nominatorName":{"fi":"Perussuomalaiset","sv":"Sannfinländarna","en":"The Finns Party"},"caid":4,"position":0,"gender":"1","comparisonData":{"totalVotes":0,"votesTotalChange":8},"edid":2,"comparativeIndex":0.0,"electionDayVotesPercent":1.1,"nominatorAbbr":{"fi":"PS","sv":"Sannf","en":"FINNS"}},{"age":41,"advanceVotesPercent":0.9,"lastname":"Lehtikuusi","occupation":"perheohjaaja","advanceVotes":3,"npid":2,"totalVotes":8,"spid":5,"abbr":"VIHR","municipalCouncilor":false,"muid":18,"alid":2,"firstname":"Tanja","electionDayVotes":5,"pid":"13","finalPosition":0,"electedInformation":"ELECTED","totalVotesPercent":0.9,"nominatorName":{"fi":"Vihreä liitto","sv":"Gröna förbundet","en":"Green League"},"caid":9,"position":0,"gender":"2","comparisonData":{"totalVotes":0,"votesTotalChange":8},"edid":2,"comparativeIndex":0.0,"electionDayVotesPercent":0.9,"nominatorAbbr":{"fi":"VIHR","sv":"Gröna","en":"GREEN"}},{"age":22,"advanceVotesPercent":1.9,"lastname":"Lapinniemi","occupation":"opiskelija, myyjä","advanceVotes":6,"npid":6,"totalVotes":7,"spid":1,"abbr":"KESK","municipalCouncilor":false,"muid":18,"alid":5,"firstname":"Jaakko","electionDayVotes":1,"pid":"2","finalPosition":0,"electedInformation":"ON_SUBSTITUTE_PLACE","totalVotesPercent":0.8,"nominatorName":{"fi":"Suomen Keskusta","sv":"Centern i Finland","en":"Centre Party of Finland"},"caid":45,"position":0,"gender":"1","comparisonData":{"totalVotes":0,"votesTotalChange":7},"edid":2,"comparativeIndex":0.0,"electionDayVotesPercent":0.2,"nominatorAbbr":{"fi":"KESK","sv":"C","en":"CENT"}},{"age":44,"advanceVotesPercent":0.9,"lastname":"Sääski","occupation":"FM, kielten opettaja","advanceVotes":3,"npid":7,"totalVotes":7,"spid":6,"abbr":"VAS","municipalCouncilor":true,"muid":18,"alid":6,"firstname":"Pia","electionDayVotes":4,"pid":"15","finalPosition":0,"electedInformation":"ON_SUBSTITUTE_PLACE","totalVotesPercent":0.8,"nominatorName":{"fi":"Vasemmistoliitto","sv":"Vänsterförbundet","en":"The Left Alliance"},"caid":59,"position":0,"gender":"2","comparisonData":{"totalVotes":51,"votesTotalChange":-44},"edid":2,"comparativeIndex":0.0,"electionDayVotesPercent":0.8,"nominatorAbbr":{"fi":"VAS","sv":"VF","en":"LEFT"}},{"age":47,"advanceVotesPercent":0.9,"lastname":"Kärkkäinen","occupation":"MuM, säveltäjä","advanceVotes":3,"npid":2,"totalVotes":6,"spid":5,"abbr":"VIHR","municipalCouncilor":false,"muid":18,"alid":2,"firstname":"Tommi","electionDayVotes":3,"pid":"13","finalPosition":0,"electedInformation":"NOT_ELECTED","totalVotesPercent":0.7,"nominatorName":{"fi":"Vihreä liitto","sv":"Gröna förbundet","en":"Green League"},"caid":8,"position":0,"gender":"1","comparisonData":{"totalVotes":34,"votesTotalChange":-28},"edid":2,"comparativeIndex":0.0,"electionDayVotesPercent":0.6,"nominatorAbbr":{"fi":"VIHR","sv":"Gröna","en":"GREEN"}},{"age":49,"advanceVotesPercent":1.2,"lastname":"Nyman","occupation":"autonkuljettaja","advanceVotes":4,"npid":5,"totalVotes":6,"spid":2,"abbr":"KOK","municipalCouncilor":false,"muid":18,"alid":4,"firstname":"Kai","electionDayVotes":2,"pid":"4","finalPosition":0,"electedInformation":"ON_SUBSTITUTE_PLACE","totalVotesPercent":0.7,"nominatorName":{"fi":"Kansallinen Kokoomus","sv":"Samlingspartiet","en":"National Coalition Party"},"caid":31,"position":0,"gender":"1","comparisonData":{"totalVotes":0,"votesTotalChange":6},"edid":2,"comparativeIndex":0.0,"electionDayVotesPercent":0.4,"nominatorAbbr":{"fi":"KOK","sv":"Saml","en":"NCP"}},{"age":35,"advanceVotesPercent":0.3,"lastname":"Hovisilta","occupation":"psykiatrinen sairaanhoitaja","advanceVotes":1,"npid":6,"totalVotes":6,"spid":1,"abbr":"KESK","municipalCouncilor":false,"muid":18,"alid":5,"firstname":"Heidi","electionDayVotes":5,"pid":"2","finalPosition":0,"electedInformation":"ELECTED","totalVotesPercent":0.7,"nominatorName":{"fi":"Suomen Keskusta","sv":"Centern i Finland","en":"Centre Party of Finland"},"caid":40,"position":0,"gender":"2","comparisonData":{"totalVotes":0,"votesTotalChange":6},"edid":2,"comparativeIndex":0.0,"electionDayVotesPercent":0.9,"nominatorAbbr":{"fi":"KESK","sv":"C","en":"CENT"}},{"age":22,"advanceVotesPercent":0.6,"lastname":"Huuskonen","occupation":"kuljettaja","advanceVotes":2,"npid":3,"totalVotes":5,"spid":4,"abbr":"SDP","municipalCouncilor":false,"muid":18,"alid":3,"firstname":"Veikka","electionDayVotes":3,"pid":"1","finalPosition":0,"electedInformation":"ELECTED","totalVotesPercent":0.6,"nominatorName":{"fi":"Suomen Sosialidemokraattinen Puolue","sv":"Finlands Socialdemokratiska Parti","en":"The Finnish Social Democratic Party"},"caid":12,"position":0,"gender":"1","comparisonData":{"totalVotes":0,"votesTotalChange":5},"edid":2,"comparativeIndex":0.0,"electionDayVotesPercent":0.6,"nominatorAbbr":{"fi":"SDP","sv":"SDP","en":"SDP"}},{"age":52,"advanceVotesPercent":0.0,"lastname":"Koskivaara","occupation":"eläkeläinen, eurooppatavaramerkkiasiamies","advanceVotes":0,"npid":3,"totalVotes":5,"spid":4,"abbr":"SDP","municipalCouncilor":false,"muid":18,"alid":3,"firstname":"Camilla","electionDayVotes":5,"pid":"1","finalPosition":0,"electedInformation":"ON_SUBSTITUTE_PLACE","totalVotesPercent":0.6,"nominatorName":{"fi":"Suomen Sosialidemokraattinen Puolue","sv":"Finlands Socialdemokratiska Parti","en":"The Finnish Social Democratic Party"},"caid":15,"position":0,"gender":"2","comparisonData":{"totalVotes":0,"votesTotalChange":5},"edid":2,"comparativeIndex":0.0,"electionDayVotesPercent":0.9,"nominatorAbbr":{"fi":"SDP","sv":"SDP","en":"SDP"}},{"age":58,"advanceVotesPercent":0.3,"lastname":"Öhman","occupation":"mielenterveyshoitaja","advanceVotes":1,"npid":6,"totalVotes":5,"spid":1,"abbr":"KESK","municipalCouncilor":false,"muid":18,"alid":5,"firstname":"Seija","electionDayVotes":4,"pid":"2","finalPosition":0,"electedInformation":"ELECTED","totalVotesPercent":0.6,"nominatorName":{"fi":"Suomen Keskusta","sv":"Centern i Finland","en":"Centre Party of Finland"},"caid":54,"position":0,"gender":"2","comparisonData":{"totalVotes":0,"votesTotalChange":5},"edid":2,"comparativeIndex":0.0,"electionDayVotesPercent":0.8,"nominatorAbbr":{"fi":"KESK","sv":"C","en":"CENT"}},{"age":61,"advanceVotesPercent":0.6,"lastname":"Haasanen","occupation":"terveydenhoitaja","advanceVotes":2,"npid":4,"totalVotes":4,"spid":8,"abbr":"KD","municipalCouncilor":false,"muid":18,"alid":4,"firstname":"Ritva","electionDayVotes":2,"pid":"9","finalPosition":0,"electedInformation":"NOT_ELECTED","totalVotesPercent":0.5,"nominatorName":{"fi":"Suomen Kristillisdemokraatit (KD)","sv":"Kristdemokraterna i Finland (KD)","en":"Christian Democrats in Finland"},"caid":20,"position":0,"gender":"2","comparisonData":{"totalVotes":11,"votesTotalChange":-7},"edid":2,"comparativeIndex":0.0,"electionDayVotesPercent":0.4,"nominatorAbbr":{"fi":"KD","sv":"KD","en":"CD"}},{"age":52,"advanceVotesPercent":0.0,"lastname":"Lehmusvuori","occupation":"tradenomi","advanceVotes":0,"npid":4,"totalVotes":4,"spid":8,"abbr":"KD","municipalCouncilor":false,"muid":18,"alid":4,"firstname":"Marita","electionDayVotes":4,"pid":"9","finalPosition":0,"electedInformation":"ON_SUBSTITUTE_PLACE","totalVotesPercent":0.5,"nominatorName":{"fi":"Suomen Kristillisdemokraatit (KD)","sv":"Kristdemokraterna i Finland (KD)","en":"Christian Democrats in Finland"},"caid":21,"position":0,"gender":"2","comparisonData":{"totalVotes":0,"votesTotalChange":4},"edid":2,"comparativeIndex":0.0,"electionDayVotesPercent":0.8,"nominatorAbbr":{"fi":"KD","sv":"KD","en":"CD"}},{"age":51,"advanceVotesPercent":0.0,"lastname":"Sumuvuori","occupation":"raitiovainunkuljettaja","advanceVotes":0,"npid":4,"totalVotes":4,"spid":8,"abbr":"KD","municipalCouncilor":false,"muid":18,"alid":4,"firstname":"Henry","electionDayVotes":4,"pid":"9","finalPosition":0,"electedInformation":"NOT_ELECTED","totalVotesPercent":0.5,"nominatorName":{"fi":"Suomen Kristillisdemokraatit (KD)","sv":"Kristdemokraterna i Finland (KD)","en":"Christian Democrats in Finland"},"caid":22,"position":0,"gender":"1","comparisonData":{"totalVotes":4,"votesTotalChange":0},"edid":2,"comparativeIndex":0.0,"electionDayVotesPercent":0.8,"nominatorAbbr":{"fi":"KD","sv":"KD","en":"CD"}},{"age":49,"advanceVotesPercent":0.6,"lastname":"Partanen","occupation":"komentajakapteeni, rajaturvallisuusasiantuntija","advanceVotes":2,"npid":5,"totalVotes":4,"spid":2,"abbr":"KOK","municipalCouncilor":false,"muid":18,"alid":4,"firstname":"Petteri","electionDayVotes":2,"pid":"4","finalPosition":0,"electedInformation":"ON_SUBSTITUTE_PLACE","totalVotesPercent":0.5,"nominatorName":{"fi":"Kansallinen Kokoomus","sv":"Samlingspartiet","en":"National Coalition Party"},"caid":33,"position":0,"gender":"1","comparisonData":{"totalVotes":0,"votesTotalChange":4},"edid":2,"comparativeIndex":0.0,"electionDayVotesPercent":0.4,"nominatorAbbr":{"fi":"KOK","sv":"Saml","en":"NCP"}},{"age":26,"advanceVotesPercent":0.3,"lastname":"Häyrinen","occupation":"kirvesmies","advanceVotes":1,"npid":6,"totalVotes":4,"spid":1,"abbr":"KESK","municipalCouncilor":false,"muid":18,"alid":5,"firstname":"Veijo","electionDayVotes":3,"pid":"2","finalPosition":0,"electedInformation":"ON_SUBSTITUTE_PLACE","totalVotesPercent":0.5,"nominatorName":{"fi":"Suomen Keskusta","sv":"Centern i Finland","en":"Centre Party of Finland"},"caid":41,"position":0,"gender":"1","comparisonData":{"totalVotes":15,"votesTotalChange":-11},"edid":2,"comparativeIndex":0.0,"electionDayVotesPercent":0.6,"nominatorAbbr":{"fi":"KESK","sv":"C","en":"CENT"}},{"age":48,"advanceVotesPercent":1.2,"lastname":"Kiiskinen","occupation":"farmaseutti","advanceVotes":4,"npid":6,"totalVotes":4,"spid":1,"abbr":"KESK","municipalCouncilor":false,"muid":18,"alid":5,"firstname":"Rauna","electionDayVotes":0,"pid":"2","finalPosition":0,"electedInformation":"ON_SUBSTITUTE_PLACE","totalVotesPercent":0.5,"nominatorName":{"fi":"Suomen Keskusta","sv":"Centern i Finland","en":"Centre Party of Finland"},"caid":42,"position":0,"gender":"2","comparisonData":{"totalVotes":19,"votesTotalChange":-15},"edid":2,"comparativeIndex":0.0,"electionDayVotesPercent":0.0,"nominatorAbbr":{"fi":"KESK","sv":"C","en":"CENT"}},{"age":46,"advanceVotesPercent":0.6,"lastname":"Keskisarja","occupation":"prosessin valvoja, pääluottamusmies","advanceVotes":2,"npid":3,"totalVotes":3,"spid":4,"abbr":"SDP","municipalCouncilor":false,"muid":18,"alid":3,"firstname":"Kati","electionDayVotes":1,"pid":"1","finalPosition":0,"electedInformation":"ON_SUBSTITUTE_PLACE","totalVotesPercent":0.4,"nominatorName":{"fi":"Suomen Sosialidemokraattinen Puolue","sv":"Finlands Socialdemokratiska Parti","en":"The Finnish Social Democratic Party"},"caid":14,"position":0,"gender":"2","comparisonData":{"totalVotes":19,"votesTotalChange":-16},"edid":2,"comparativeIndex":0.0,"electionDayVotesPercent":0.2,"nominatorAbbr":{"fi":"SDP","sv":"SDP","en":"SDP"}},{"age":66,"advanceVotesPercent":0.0,"lastname":"Villa","occupation":"maisemanhoitaja, eläkeläinen","advanceVotes":0,"npid":4,"totalVotes":2,"spid":8,"abbr":"KD","municipalCouncilor":false,"muid":18,"alid":4,"firstname":"Veijo","electionDayVotes":2,"pid":"9","finalPosition":0,"electedInformation":"ON_SUBSTITUTE_PLACE","totalVotesPercent":0.2,"nominatorName":{"fi":"Suomen Kristillisdemokraatit (KD)","sv":"Kristdemokraterna i Finland (KD)","en":"Christian Democrats in Finland"},"caid":23,"position":0,"gender":"1","comparisonData":{"totalVotes":0,"votesTotalChange":2},"edid":2,"comparativeIndex":0.0,"electionDayVotesPercent":0.4,"nominatorAbbr":{"fi":"KD","sv":"KD","en":"CD"}},{"age":54,"advanceVotesPercent":0.0,"lastname":"Felin","occupation":"isännöitsijä-asiamies","advanceVotes":0,"npid":5,"totalVotes":2,"spid":2,"abbr":"KOK","municipalCouncilor":true,"muid":18,"alid":4,"firstname":"Ali","electionDayVotes":2,"pid":"4","finalPosition":0,"electedInformation":"ON_SUBSTITUTE_PLACE","totalVotesPercent":0.2,"nominatorName":{"fi":"Kansallinen Kokoomus","sv":"Samlingspartiet","en":"National Coalition Party"},"caid":25,"position":0,"gender":"1","comparisonData":{"totalVotes":38,"votesTotalChange":-36},"edid":2,"comparativeIndex":0.0,"electionDayVotesPercent":0.4,"nominatorAbbr":{"fi":"KOK","sv":"Saml","en":"NCP"}},{"age":34,"advanceVotesPercent":0.3,"lastname":"Rautio","occupation":"yhteistöpedagogi, koulutussuunnittelija","advanceVotes":1,"npid":5,"totalVotes":2,"spid":2,"abbr":"KOK","municipalCouncilor":false,"muid":18,"alid":4,"firstname":"Johanna","electionDayVotes":1,"pid":"4","finalPosition":0,"electedInformation":"ON_SUBSTITUTE_PLACE","totalVotesPercent":0.2,"nominatorName":{"fi":"Kansallinen Kokoomus","sv":"Samlingspartiet","en":"National Coalition Party"},"caid":35,"position":0,"gender":"2","comparisonData":{"totalVotes":0,"votesTotalChange":2},"edid":2,"comparativeIndex":0.0,"electionDayVotesPercent":0.2,"nominatorAbbr":{"fi":"KOK","sv":"Saml","en":"NCP"}},{"age":58,"advanceVotesPercent":0.3,"lastname":"Salojoki","occupation":"palveluasiantuntija","advanceVotes":1,"npid":5,"totalVotes":2,"spid":2,"abbr":"KOK","municipalCouncilor":false,"muid":18,"alid":4,"firstname":"Irina","electionDayVotes":1,"pid":"4","finalPosition":0,"electedInformation":"NOT_ELECTED","totalVotesPercent":0.2,"nominatorName":{"fi":"Kansallinen Kokoomus","sv":"Samlingspartiet","en":"National Coalition Party"},"caid":36,"position":0,"gender":"2","comparisonData":{"totalVotes":0,"votesTotalChange":2},"edid":2,"comparativeIndex":0.0,"electionDayVotesPercent":0.2,"nominatorAbbr":{"fi":"KOK","sv":"Saml","en":"NCP"}},{"age":36,"advanceVotesPercent":0.0,"lastname":"Pelander","occupation":"vuokraamoesimies","advanceVotes":0,"npid":6,"totalVotes":2,"spid":1,"abbr":"KESK","municipalCouncilor":false,"muid":18,"alid":5,"firstname":"Matti","electionDayVotes":2,"pid":"2","finalPosition":0,"electedInformation":"ON_SUBSTITUTE_PLACE","totalVotesPercent":0.2,"nominatorName":{"fi":"Suomen Keskusta","sv":"Centern i Finland","en":"Centre Party of Finland"},"caid":49,"position":0,"gender":"1","comparisonData":{"totalVotes":0,"votesTotalChange":2},"edid":2,"comparativeIndex":0.0,"electionDayVotesPercent":0.4,"nominatorAbbr":{"fi":"KESK","sv":"C","en":"CENT"}},{"age":54,"advanceVotesPercent":0.0,"lastname":"Inkilä","occupation":"maanviljelijä","advanceVotes":0,"npid":5,"totalVotes":1,"spid":2,"abbr":"KOK","municipalCouncilor":false,"muid":18,"alid":4,"firstname":"Tiina","electionDayVotes":1,"pid":"4","finalPosition":0,"electedInformation":"NOT_ELECTED","totalVotesPercent":0.1,"nominatorName":{"fi":"Kansallinen Kokoomus","sv":"Samlingspartiet","en":"National Coalition Party"},"caid":28,"position":0,"gender":"2","comparisonData":{"totalVotes":12,"votesTotalChange":-11},"edid":2,"comparativeIndex":0.0,"electionDayVotesPercent":0.2,"nominatorAbbr":{"fi":"KOK","sv":"Saml","en":"NCP"}},{"age":69,"advanceVotesPercent":0.0,"lastname":"Korpela","occupation":"putkiurakoitsija, eläkeläinen","advanceVotes":0,"npid":6,"totalVotes":1,"spid":1,"abbr":"KESK","municipalCouncilor":false,"muid":18,"alid":5,"firstname":"Antti","electionDayVotes":1,"pid":"2","finalPosition":0,"electedInformation":"ON_SUBSTITUTE_PLACE","totalVotesPercent":0.1,"nominatorName":{"fi":"Suomen Keskusta","sv":"Centern i Finland","en":"Centre Party of Finland"},"caid":43,"position":0,"gender":"1","comparisonData":{"totalVotes":27,"votesTotalChange":-26},"edid":2,"comparativeIndex":0.0,"electionDayVotesPercent":0.2,"nominatorAbbr":{"fi":"KESK","sv":"C","en":"CENT"}},{"age":48,"advanceVotesPercent":0.0,"lastname":"Korhonen","occupation":"ravintola-alan yrittäjä","advanceVotes":0,"npid":7,"totalVotes":1,"spid":6,"abbr":"VAS","municipalCouncilor":false,"muid":18,"alid":6,"firstname":"Tatu","electionDayVotes":1,"pid":"15","finalPosition":0,"electedInformation":"NOT_ELECTED","totalVotesPercent":0.1,"nominatorName":{"fi":"Vasemmistoliitto","sv":"Vänsterförbundet","en":"The Left Alliance"},"caid":57,"position":0,"gender":"1","comparisonData":{"totalVotes":0,"votesTotalChange":1},"edid":2,"comparativeIndex":0.0,"electionDayVotesPercent":0.2,"nominatorAbbr":{"fi":"VAS","sv":"VF","en":"LEFT"}},{"age":45,"advanceVotesPercent":0.0,"lastname":"Pääkkönen","occupation":"kokoonpanija","advanceVotes":0,"npid":7,"totalVotes":0,"spid":6,"abbr":"VAS","municipalCouncilor":false,"muid":18,"alid":6,"firstname":"Silja","electionDayVotes":0,"pid":"15","finalPosition":0,"electedInformation":"NOT_ELECTED","totalVotesPercent":0.0,"nominatorName":{"fi":"Vasemmistoliitto","sv":"Vänsterförbundet","en":"The Left Alliance"},"caid":58,"position":0,"gender":"2","comparisonData":{"totalVotes":0,"votesTotalChange":0},"edid":2,"comparativeIndex":0.0,"electionDayVotesPercent":0.0,"nominatorAbbr":{"fi":"VAS","sv":"VF","en":"LEFT"}}],"municipalityPollingDistricts":[{"name":{"fi":"Keskinen","sv":"Keskinen"},"calculationStatusPercent":100.0,"joinedArea":false,"muid":18,"totalVotingInFinlandTurnout":59.8,"identification":"001","pdid":"001","eligibleVotersInFinlandTotal":1434,"edid":2,"mergedToPdid":""},{"name":{"fi":"Läntinen","sv":"Läntinen"},"calculationStatusPercent":100.0,"joinedArea":false,"muid":18,"totalVotingInFinlandTurnout":57.5,"identification":"002","pdid":"002","eligibleVotersInFinlandTotal":1442,"edid":2,"mergedToPdid":""},{"name":{"fi":"Itäinen","sv":"Itäinen"},"calculationStatusPercent":100.0,"joinedArea":false,"muid":18,"totalVotingInFinlandTurnout":59.3,"identification":"003","pdid":"003","eligibleVotersInFinlandTotal":912,"edid":2,"mergedToPdid":""}],"municipality":{"muid":18,"edid":2,"name":{"fi":"Askola","sv":"Askola"}}}