{"version":20,"created":"2017-04-09T18:27:44.804Z","electionDetails":{"electionId":"kv2017","electionDate":"2017-04-09T00:00:00.000Z","electionDataPublishTime":"2017-04-09T17:00:00.000Z","name":{"fi":"Kuntavaalit 2017","sv":"Kommunalval 2017","en":"Elections 2017"},"previousElections":{"correspondingCompareElection":{"electionId":"kv2012","electionDate":"2012-10-28T00:00:00.000Z","name":{"fi":"Kuntavaalit 2012","en":"Municipal elections 2012","sv":"Kommunalval 2012"}},"otherCompareElection":{"electionId":"ev2015","electionDate":"2015-04-19T00:00:00.000Z","name":{"fi":"Eduskuntavaalit 2015","en":"Parliamentary election 2015","sv":"Riksdagsval 2015"}}}},"calculationStatus":{"electionDayVotingTurnout":64.8,"invalidAdvanceVotes":0,"calculationPhase":"INITIAL","invalidElectionDayVotes":1,"approvedAdvanceVotes":112,"advanceVotingTurnout":19.3,"totalVotingTurnoutAbroad":0.0,"name":{"fi":"Eugmo","sv":"Eugmo"},"calculationStatusPercent":100.0,"advanceVotes":112,"electionDayVotingTurnoutAbroad":0.0,"approvedTotalVotes":486,"totalVotes":487,"muid":440,"totalVotingInFinlandTurnout":84.1,"advanceVotingTurnoutAbroad":0.0,"invalidTotalVotes":1,"totalVotingTurnout":84.1,"electionDayVotes":375,"electionDayVotesInFinland":375,"pdid":"003","totalVotesInFinlandMen":0,"eligibleVotersInFinlandTotal":579,"calculationStatusPercentElectionDayVotes":100.0,"sourceRecordModificationTime":"20170409203944","otherCompareElection":{"eid":"","eligibleVotersInFinlandTotal":0,"advanceVotingInFinlandTurnout":0.0,"electionDayVotingInFinlandTurnout":0.0,"totalVotingInFinlandTurnout":0.0,"approvedVotesTotal":0,"invalidVotesTotal":0},"correspondingCompareElection":{"eid":"","eligibleVotersInFinlandTotal":0,"advanceVotingInFinlandTurnout":0.0,"electionDayVotingInFinlandTurnout":0.0,"totalVotingInFinlandTurnout":0.0,"approvedVotesTotal":0,"invalidVotesTotal":0,"seats":0},"approvedElectionDayVotes":374,"edid":10,"calculationStatusPercentAdvanceVotes":100.0,"electionDayVotingInFinlandTurnout":64.8,"seats":0,"eligibleVotersTotal":579,"advanceVotesInFinland":112,"advanceVotingInFinlandTurnout":19.3,"totalVotesInFinland":487},"partyResults":[{"advanceVotesPercent":39.3,"name":{"fi":"Suomen Kristillisdemokraatit (KD)","sv":"Kristdemokraterna i Finland (KD)","en":"Christian Democrats in Finland"},"advanceVotes":44,"npid":2,"totalVotes":298,"spid":8,"abbr":{"fi":"KD","sv":"KD","en":"CD"},"alid":2,"electionDayVotes":254,"pid":"9","totalVotesPercent":61.3,"nominatorName":{"fi":"Suomen Kristillisdemokraatit (KD)","sv":"Kristdemokraterna i Finland (KD)","en":"Christian Democrats in Finland"},"compareData":{"otherCompareElection":{"votesTotalChange":0,"votesTotalPercentChange":0.0,"votesTotal":298,"votesTotalPercent":61.3},"correspondingCompareElection":{"votesTotalChange":0,"votesTotalPercentChange":0.0,"seatChange":0,"votesTotal":298,"votesTotalPercent":61.3,"seatsTotal":0}},"seats":0,"electionDayVotesPercent":67.9,"nominatorAbbr":{"fi":"KD","sv":"KD","en":"CD"}},{"advanceVotesPercent":48.2,"name":{"fi":"Suomen ruotsalainen kansanpuolue","sv":"Svenska folkpartiet i Finland","en":"Swedish People's Party in Finland"},"advanceVotes":54,"npid":4,"totalVotes":155,"spid":7,"abbr":{"fi":"RKP","sv":"SFP","en":"SPP"},"alid":4,"electionDayVotes":101,"pid":"5","totalVotesPercent":31.9,"nominatorName":{"fi":"Suomen ruotsalainen kansanpuolue","sv":"Svenska folkpartiet i Finland","en":"Swedish People's Party in Finland"},"compareData":{"otherCompareElection":{"votesTotalChange":0,"votesTotalPercentChange":0.0,"votesTotal":155,"votesTotalPercent":31.9},"correspondingCompareElection":{"votesTotalChange":0,"votesTotalPercentChange":0.0,"seatChange":0,"votesTotal":155,"votesTotalPercent":31.9,"seatsTotal":0}},"seats":0,"electionDayVotesPercent":27.0,"nominatorAbbr":{"fi":"RKP","sv":"SFP","en":"SPP"}},{"advanceVotesPercent":12.5,"name":{"fi":"Suomen Sosialidemokraattinen Puolue","sv":"Finlands Socialdemokratiska Parti","en":"The Finnish Social Democratic Party"},"advanceVotes":14,"npid":1,"totalVotes":30,"spid":4,"abbr":{"fi":"SDP","sv":"SDP","en":"SDP"},"alid":1,"electionDayVotes":16,"pid":"1","totalVotesPercent":6.2,"nominatorName":{"fi":"Suomen Sosialidemokraattinen Puolue","sv":"Finlands Socialdemokratiska Parti","en":"The Finnish Social Democratic Party"},"compareData":{"otherCompareElection":{"votesTotalChange":0,"votesTotalPercentChange":0.0,"votesTotal":30,"votesTotalPercent":6.2},"correspondingCompareElection":{"votesTotalChange":0,"votesTotalPercentChange":0.0,"seatChange":0,"votesTotal":30,"votesTotalPercent":6.2,"seatsTotal":0}},"seats":0,"electionDayVotesPercent":4.3,"nominatorAbbr":{"fi":"SDP","sv":"SDP","en":"SDP"}},{"advanceVotesPercent":0.0,"name":{"fi":"Suomen Keskusta","sv":"Centern i Finland","en":"Centre Party of Finland"},"advanceVotes":0,"npid":3,"totalVotes":3,"spid":1,"abbr":{"fi":"KESK","sv":"C","en":"CENT"},"alid":3,"electionDayVotes":3,"pid":"2","totalVotesPercent":0.6,"nominatorName":{"fi":"Suomen Keskusta","sv":"Centern i Finland","en":"Centre Party of Finland"},"compareData":{"otherCompareElection":{"votesTotalChange":0,"votesTotalPercentChange":0.0,"votesTotal":3,"votesTotalPercent":0.6},"correspondingCompareElection":{"votesTotalChange":0,"votesTotalPercentChange":0.0,"seatChange":0,"votesTotal":3,"votesTotalPercent":0.6,"seatsTotal":0}},"seats":0,"electionDayVotesPercent":0.8,"nominatorAbbr":{"fi":"KESK","sv":"C","en":"CENT"}}],"candidateResults":[{"age":38,"advanceVotesPercent":9.8,"lastname":"Hjulfors","occupation":"rektor","advanceVotes":11,"npid":2,"totalVotes":65,"spid":8,"abbr":"KD","municipalCouncilor":true,"muid":440,"alid":2,"firstname":"Andreas","electionDayVotes":54,"pid":"9","finalPosition":0,"electedInformation":"ELECTED","totalVotesPercent":13.4,"nominatorName":{"fi":"Suomen Kristillisdemokraatit (KD)","sv":"Kristdemokraterna i Finland (KD)","en":"Christian Democrats in Finland"},"caid":28,"position":0,"gender":"1","comparisonData":{"totalVotes":43,"votesTotalChange":22},"edid":10,"comparativeIndex":0.0,"electionDayVotesPercent":14.4,"nominatorAbbr":{"fi":"KD","sv":"KD","en":"CD"}},{"age":30,"advanceVotesPercent":1.8,"lastname":"Byggmästar","occupation":"arbetsledare","advanceVotes":2,"npid":2,"totalVotes":41,"spid":8,"abbr":"KD","municipalCouncilor":false,"muid":440,"alid":2,"firstname":"Christoffer","electionDayVotes":39,"pid":"9","finalPosition":0,"electedInformation":"ELECTED","totalVotesPercent":8.4,"nominatorName":{"fi":"Suomen Kristillisdemokraatit (KD)","sv":"Kristdemokraterna i Finland (KD)","en":"Christian Democrats in Finland"},"caid":19,"position":0,"gender":"1","comparisonData":{"totalVotes":0,"votesTotalChange":41},"edid":10,"comparativeIndex":0.0,"electionDayVotesPercent":10.4,"nominatorAbbr":{"fi":"KD","sv":"KD","en":"CD"}},{"age":56,"advanceVotesPercent":15.2,"lastname":"Nynäs","occupation":"agrolog","advanceVotes":17,"npid":4,"totalVotes":34,"spid":7,"abbr":"RKP","municipalCouncilor":true,"muid":440,"alid":4,"firstname":"Karita","electionDayVotes":17,"pid":"5","finalPosition":0,"electedInformation":"ELECTED","totalVotesPercent":7.0,"nominatorName":{"fi":"Suomen ruotsalainen kansanpuolue","sv":"Svenska folkpartiet i Finland","en":"Swedish People's Party in Finland"},"caid":67,"position":0,"gender":"2","comparisonData":{"totalVotes":35,"votesTotalChange":-1},"edid":10,"comparativeIndex":0.0,"electionDayVotesPercent":4.5,"nominatorAbbr":{"fi":"RKP","sv":"SFP","en":"SPP"}},{"age":55,"advanceVotesPercent":7.1,"lastname":"Östman","occupation":"kansanedustaja, riksdagsledamot","advanceVotes":8,"npid":2,"totalVotes":33,"spid":8,"abbr":"KD","municipalCouncilor":false,"muid":440,"alid":2,"firstname":"Peter","electionDayVotes":25,"pid":"9","finalPosition":0,"electedInformation":"ELECTED","totalVotesPercent":6.8,"nominatorName":{"fi":"Suomen Kristillisdemokraatit (KD)","sv":"Kristdemokraterna i Finland (KD)","en":"Christian Democrats in Finland"},"caid":50,"position":0,"gender":"1","comparisonData":{"totalVotes":246,"votesTotalChange":-213},"edid":10,"comparativeIndex":0.0,"electionDayVotesPercent":6.7,"nominatorAbbr":{"fi":"KD","sv":"KD","en":"CD"}},{"age":57,"advanceVotesPercent":3.6,"lastname":"Törnqvist","occupation":"merkonom, kontorist","advanceVotes":4,"npid":2,"totalVotes":31,"spid":8,"abbr":"KD","municipalCouncilor":false,"muid":440,"alid":2,"firstname":"Bernice","electionDayVotes":27,"pid":"9","finalPosition":0,"electedInformation":"ELECTED","totalVotesPercent":6.4,"nominatorName":{"fi":"Suomen Kristillisdemokraatit (KD)","sv":"Kristdemokraterna i Finland (KD)","en":"Christian Democrats in Finland"},"caid":46,"position":0,"gender":"2","comparisonData":{"totalVotes":0,"votesTotalChange":31},"edid":10,"comparativeIndex":0.0,"electionDayVotesPercent":7.2,"nominatorAbbr":{"fi":"KD","sv":"KD","en":"CD"}},{"age":30,"advanceVotesPercent":0.0,"lastname":"Grankulla","occupation":"skiftesledare","advanceVotes":0,"npid":2,"totalVotes":27,"spid":8,"abbr":"KD","municipalCouncilor":false,"muid":440,"alid":2,"firstname":"Alf","electionDayVotes":27,"pid":"9","finalPosition":0,"electedInformation":"ELECTED","totalVotesPercent":5.6,"nominatorName":{"fi":"Suomen Kristillisdemokraatit (KD)","sv":"Kristdemokraterna i Finland (KD)","en":"Christian Democrats in Finland"},"caid":26,"position":0,"gender":"1","comparisonData":{"totalVotes":0,"votesTotalChange":27},"edid":10,"comparativeIndex":0.0,"electionDayVotesPercent":7.2,"nominatorAbbr":{"fi":"KD","sv":"KD","en":"CD"}},{"age":25,"advanceVotesPercent":4.5,"lastname":"Svenlin","occupation":"företagare","advanceVotes":5,"npid":2,"totalVotes":26,"spid":8,"abbr":"KD","municipalCouncilor":true,"muid":440,"alid":2,"firstname":"Daniel","electionDayVotes":21,"pid":"9","finalPosition":0,"electedInformation":"ELECTED","totalVotesPercent":5.3,"nominatorName":{"fi":"Suomen Kristillisdemokraatit (KD)","sv":"Kristdemokraterna i Finland (KD)","en":"Christian Democrats in Finland"},"caid":42,"position":0,"gender":"1","comparisonData":{"totalVotes":107,"votesTotalChange":-81},"edid":10,"comparativeIndex":0.0,"electionDayVotesPercent":5.6,"nominatorAbbr":{"fi":"KD","sv":"KD","en":"CD"}},{"age":37,"advanceVotesPercent":3.6,"lastname":"Granholm","occupation":"barnledare, närvårdare","advanceVotes":4,"npid":2,"totalVotes":24,"spid":8,"abbr":"KD","municipalCouncilor":false,"muid":440,"alid":2,"firstname":"Görel","electionDayVotes":20,"pid":"9","finalPosition":0,"electedInformation":"ELECTED","totalVotesPercent":4.9,"nominatorName":{"fi":"Suomen Kristillisdemokraatit (KD)","sv":"Kristdemokraterna i Finland (KD)","en":"Christian Democrats in Finland"},"caid":24,"position":0,"gender":"2","comparisonData":{"totalVotes":0,"votesTotalChange":24},"edid":10,"comparativeIndex":0.0,"electionDayVotesPercent":5.3,"nominatorAbbr":{"fi":"KD","sv":"KD","en":"CD"}},{"age":21,"advanceVotesPercent":4.5,"lastname":"Fagerholm","occupation":"ekonomistuderande","advanceVotes":5,"npid":4,"totalVotes":16,"spid":7,"abbr":"RKP","municipalCouncilor":false,"muid":440,"alid":4,"firstname":"Morgan","electionDayVotes":11,"pid":"5","finalPosition":0,"electedInformation":"ON_SUBSTITUTE_PLACE","totalVotesPercent":3.3,"nominatorName":{"fi":"Suomen ruotsalainen kansanpuolue","sv":"Svenska folkpartiet i Finland","en":"Swedish People's Party in Finland"},"caid":60,"position":0,"gender":"1","comparisonData":{"totalVotes":0,"votesTotalChange":16},"edid":10,"comparativeIndex":0.0,"electionDayVotesPercent":2.9,"nominatorAbbr":{"fi":"RKP","sv":"SFP","en":"SPP"}},{"age":51,"advanceVotesPercent":3.6,"lastname":"Sundqvist","occupation":"barnskötare","advanceVotes":4,"npid":4,"totalVotes":14,"spid":7,"abbr":"RKP","municipalCouncilor":false,"muid":440,"alid":4,"firstname":"Saga","electionDayVotes":10,"pid":"5","finalPosition":0,"electedInformation":"ON_SUBSTITUTE_PLACE","totalVotesPercent":2.9,"nominatorName":{"fi":"Suomen ruotsalainen kansanpuolue","sv":"Svenska folkpartiet i Finland","en":"Swedish People's Party in Finland"},"caid":78,"position":0,"gender":"2","comparisonData":{"totalVotes":0,"votesTotalChange":14},"edid":10,"comparativeIndex":0.0,"electionDayVotesPercent":2.7,"nominatorAbbr":{"fi":"RKP","sv":"SFP","en":"SPP"}},{"age":44,"advanceVotesPercent":1.8,"lastname":"Vikström","occupation":"linjemontör, markplanerare","advanceVotes":2,"npid":1,"totalVotes":11,"spid":4,"abbr":"SDP","municipalCouncilor":false,"muid":440,"alid":1,"firstname":"Glenn","electionDayVotes":9,"pid":"1","finalPosition":0,"electedInformation":"ON_SUBSTITUTE_PLACE","totalVotesPercent":2.3,"nominatorName":{"fi":"Suomen Sosialidemokraattinen Puolue","sv":"Finlands Socialdemokratiska Parti","en":"The Finnish Social Democratic Party"},"caid":14,"position":0,"gender":"1","comparisonData":{"totalVotes":18,"votesTotalChange":-7},"edid":10,"comparativeIndex":0.0,"electionDayVotesPercent":2.4,"nominatorAbbr":{"fi":"SDP","sv":"SDP","en":"SDP"}},{"age":51,"advanceVotesPercent":6.3,"lastname":"Stenman","occupation":"VD","advanceVotes":7,"npid":4,"totalVotes":11,"spid":7,"abbr":"RKP","municipalCouncilor":true,"muid":440,"alid":4,"firstname":"Ulf","electionDayVotes":4,"pid":"5","finalPosition":0,"electedInformation":"ELECTED","totalVotesPercent":2.3,"nominatorName":{"fi":"Suomen ruotsalainen kansanpuolue","sv":"Svenska folkpartiet i Finland","en":"Swedish People's Party in Finland"},"caid":76,"position":0,"gender":"1","comparisonData":{"totalVotes":172,"votesTotalChange":-161},"edid":10,"comparativeIndex":0.0,"electionDayVotesPercent":1.1,"nominatorAbbr":{"fi":"RKP","sv":"SFP","en":"SPP"}},{"age":34,"advanceVotesPercent":0.0,"lastname":"Granholm","occupation":"företagare","advanceVotes":0,"npid":2,"totalVotes":10,"spid":8,"abbr":"KD","municipalCouncilor":false,"muid":440,"alid":2,"firstname":"Tommy","electionDayVotes":10,"pid":"9","finalPosition":0,"electedInformation":"ON_SUBSTITUTE_PLACE","totalVotesPercent":2.1,"nominatorName":{"fi":"Suomen Kristillisdemokraatit (KD)","sv":"Kristdemokraterna i Finland (KD)","en":"Christian Democrats in Finland"},"caid":25,"position":0,"gender":"1","comparisonData":{"totalVotes":0,"votesTotalChange":10},"edid":10,"comparativeIndex":0.0,"electionDayVotesPercent":2.7,"nominatorAbbr":{"fi":"KD","sv":"KD","en":"CD"}},{"age":39,"advanceVotesPercent":1.8,"lastname":"Nynäs","occupation":"företagare, ventilationsmontör","advanceVotes":2,"npid":4,"totalVotes":10,"spid":7,"abbr":"RKP","municipalCouncilor":false,"muid":440,"alid":4,"firstname":"Johnny","electionDayVotes":8,"pid":"5","finalPosition":0,"electedInformation":"ON_SUBSTITUTE_PLACE","totalVotesPercent":2.1,"nominatorName":{"fi":"Suomen ruotsalainen kansanpuolue","sv":"Svenska folkpartiet i Finland","en":"Swedish People's Party in Finland"},"caid":66,"position":0,"gender":"1","comparisonData":{"totalVotes":19,"votesTotalChange":-9},"edid":10,"comparativeIndex":0.0,"electionDayVotesPercent":2.1,"nominatorAbbr":{"fi":"RKP","sv":"SFP","en":"SPP"}},{"age":52,"advanceVotesPercent":2.7,"lastname":"Rahja","occupation":"kanslist","advanceVotes":3,"npid":2,"totalVotes":9,"spid":8,"abbr":"KD","municipalCouncilor":true,"muid":440,"alid":2,"firstname":"Marianne","electionDayVotes":6,"pid":"9","finalPosition":0,"electedInformation":"ON_SUBSTITUTE_PLACE","totalVotesPercent":1.9,"nominatorName":{"fi":"Suomen Kristillisdemokraatit (KD)","sv":"Kristdemokraterna i Finland (KD)","en":"Christian Democrats in Finland"},"caid":38,"position":0,"gender":"2","comparisonData":{"totalVotes":35,"votesTotalChange":-26},"edid":10,"comparativeIndex":0.0,"electionDayVotesPercent":1.6,"nominatorAbbr":{"fi":"KD","sv":"KD","en":"CD"}},{"age":51,"advanceVotesPercent":0.0,"lastname":"Peltola","occupation":"speditionschef","advanceVotes":0,"npid":4,"totalVotes":8,"spid":7,"abbr":"RKP","municipalCouncilor":false,"muid":440,"alid":4,"firstname":"Vesa","electionDayVotes":8,"pid":"5","finalPosition":0,"electedInformation":"ON_SUBSTITUTE_PLACE","totalVotesPercent":1.6,"nominatorName":{"fi":"Suomen ruotsalainen kansanpuolue","sv":"Svenska folkpartiet i Finland","en":"Swedish People's Party in Finland"},"caid":69,"position":0,"gender":"1","comparisonData":{"totalVotes":22,"votesTotalChange":-14},"edid":10,"comparativeIndex":0.0,"electionDayVotesPercent":2.1,"nominatorAbbr":{"fi":"RKP","sv":"SFP","en":"SPP"}},{"age":51,"advanceVotesPercent":1.8,"lastname":"Sundqvist","occupation":"ingenjör","advanceVotes":2,"npid":4,"totalVotes":8,"spid":7,"abbr":"RKP","municipalCouncilor":false,"muid":440,"alid":4,"firstname":"Mats-Helge","electionDayVotes":6,"pid":"5","finalPosition":0,"electedInformation":"ELECTED","totalVotesPercent":1.6,"nominatorName":{"fi":"Suomen ruotsalainen kansanpuolue","sv":"Svenska folkpartiet i Finland","en":"Swedish People's Party in Finland"},"caid":77,"position":0,"gender":"1","comparisonData":{"totalVotes":0,"votesTotalChange":8},"edid":10,"comparativeIndex":0.0,"electionDayVotesPercent":1.6,"nominatorAbbr":{"fi":"RKP","sv":"SFP","en":"SPP"}},{"age":49,"advanceVotesPercent":2.7,"lastname":"Vikström","occupation":"fastighetstekniker","advanceVotes":3,"npid":4,"totalVotes":8,"spid":7,"abbr":"RKP","municipalCouncilor":false,"muid":440,"alid":4,"firstname":"Sören","electionDayVotes":5,"pid":"5","finalPosition":0,"electedInformation":"NOT_ELECTED","totalVotesPercent":1.6,"nominatorName":{"fi":"Suomen ruotsalainen kansanpuolue","sv":"Svenska folkpartiet i Finland","en":"Swedish People's Party in Finland"},"caid":84,"position":0,"gender":"1","comparisonData":{"totalVotes":17,"votesTotalChange":-9},"edid":10,"comparativeIndex":0.0,"electionDayVotesPercent":1.3,"nominatorAbbr":{"fi":"RKP","sv":"SFP","en":"SPP"}},{"age":35,"advanceVotesPercent":0.0,"lastname":"Björkskog","occupation":"lagerarbetare","advanceVotes":0,"npid":2,"totalVotes":7,"spid":8,"abbr":"KD","municipalCouncilor":false,"muid":440,"alid":2,"firstname":"Björn Mocki","electionDayVotes":7,"pid":"9","finalPosition":0,"electedInformation":"ON_SUBSTITUTE_PLACE","totalVotesPercent":1.4,"nominatorName":{"fi":"Suomen Kristillisdemokraatit (KD)","sv":"Kristdemokraterna i Finland (KD)","en":"Christian Democrats in Finland"},"caid":16,"position":0,"gender":"1","comparisonData":{"totalVotes":0,"votesTotalChange":7},"edid":10,"comparativeIndex":0.0,"electionDayVotesPercent":1.9,"nominatorAbbr":{"fi":"KD","sv":"KD","en":"CD"}},{"age":59,"advanceVotesPercent":1.8,"lastname":"Brännbacka","occupation":"fastighetsskötare","advanceVotes":2,"npid":4,"totalVotes":7,"spid":7,"abbr":"RKP","municipalCouncilor":true,"muid":440,"alid":4,"firstname":"Sigvald","electionDayVotes":5,"pid":"5","finalPosition":0,"electedInformation":"ELECTED","totalVotesPercent":1.4,"nominatorName":{"fi":"Suomen ruotsalainen kansanpuolue","sv":"Svenska folkpartiet i Finland","en":"Swedish People's Party in Finland"},"caid":58,"position":0,"gender":"1","comparisonData":{"totalVotes":37,"votesTotalChange":-30},"edid":10,"comparativeIndex":0.0,"electionDayVotesPercent":1.3,"nominatorAbbr":{"fi":"RKP","sv":"SFP","en":"SPP"}},{"age":64,"advanceVotesPercent":4.5,"lastname":"Bredbacka","occupation":"pensionerad brandman","advanceVotes":5,"npid":1,"totalVotes":6,"spid":4,"abbr":"SDP","municipalCouncilor":true,"muid":440,"alid":1,"firstname":"Bernhard","electionDayVotes":1,"pid":"1","finalPosition":0,"electedInformation":"ELECTED","totalVotesPercent":1.2,"nominatorName":{"fi":"Suomen Sosialidemokraattinen Puolue","sv":"Finlands Socialdemokratiska Parti","en":"The Finnish Social Democratic Party"},"caid":5,"position":0,"gender":"1","comparisonData":{"totalVotes":101,"votesTotalChange":-95},"edid":10,"comparativeIndex":0.0,"electionDayVotesPercent":0.3,"nominatorAbbr":{"fi":"SDP","sv":"SDP","en":"SDP"}},{"age":48,"advanceVotesPercent":1.8,"lastname":"Kotanen","occupation":"enhetschef","advanceVotes":2,"npid":1,"totalVotes":6,"spid":4,"abbr":"SDP","municipalCouncilor":true,"muid":440,"alid":1,"firstname":"Pia","electionDayVotes":4,"pid":"1","finalPosition":0,"electedInformation":"ELECTED","totalVotesPercent":1.2,"nominatorName":{"fi":"Suomen Sosialidemokraattinen Puolue","sv":"Finlands Socialdemokratiska Parti","en":"The Finnish Social Democratic Party"},"caid":8,"position":0,"gender":"2","comparisonData":{"totalVotes":71,"votesTotalChange":-65},"edid":10,"comparativeIndex":0.0,"electionDayVotesPercent":1.1,"nominatorAbbr":{"fi":"SDP","sv":"SDP","en":"SDP"}},{"age":48,"advanceVotesPercent":1.8,"lastname":"Grankulla","occupation":"distriktssekreterare","advanceVotes":2,"npid":2,"totalVotes":5,"spid":8,"abbr":"KD","municipalCouncilor":true,"muid":440,"alid":2,"firstname":"Ann-Sofie","electionDayVotes":3,"pid":"9","finalPosition":0,"electedInformation":"ELECTED","totalVotesPercent":1.0,"nominatorName":{"fi":"Suomen Kristillisdemokraatit (KD)","sv":"Kristdemokraterna i Finland (KD)","en":"Christian Democrats in Finland"},"caid":27,"position":0,"gender":"2","comparisonData":{"totalVotes":81,"votesTotalChange":-76},"edid":10,"comparativeIndex":0.0,"electionDayVotesPercent":0.8,"nominatorAbbr":{"fi":"KD","sv":"KD","en":"CD"}},{"age":51,"advanceVotesPercent":0.9,"lastname":"Palo","occupation":"hälsovårdare","advanceVotes":1,"npid":4,"totalVotes":5,"spid":7,"abbr":"RKP","municipalCouncilor":false,"muid":440,"alid":4,"firstname":"Katarina","electionDayVotes":4,"pid":"5","finalPosition":0,"electedInformation":"ON_SUBSTITUTE_PLACE","totalVotesPercent":1.0,"nominatorName":{"fi":"Suomen ruotsalainen kansanpuolue","sv":"Svenska folkpartiet i Finland","en":"Swedish People's Party in Finland"},"caid":68,"position":0,"gender":"2","comparisonData":{"totalVotes":0,"votesTotalChange":5},"edid":10,"comparativeIndex":0.0,"electionDayVotesPercent":1.1,"nominatorAbbr":{"fi":"RKP","sv":"SFP","en":"SPP"}},{"age":22,"advanceVotesPercent":0.9,"lastname":"Stenman","occupation":"lärarstuderande","advanceVotes":1,"npid":4,"totalVotes":5,"spid":7,"abbr":"RKP","municipalCouncilor":false,"muid":440,"alid":4,"firstname":"Carl-Wilhelm","electionDayVotes":4,"pid":"5","finalPosition":0,"electedInformation":"ELECTED","totalVotesPercent":1.0,"nominatorName":{"fi":"Suomen ruotsalainen kansanpuolue","sv":"Svenska folkpartiet i Finland","en":"Swedish People's Party in Finland"},"caid":75,"position":0,"gender":"1","comparisonData":{"totalVotes":0,"votesTotalChange":5},"edid":10,"comparativeIndex":0.0,"electionDayVotesPercent":1.1,"nominatorAbbr":{"fi":"RKP","sv":"SFP","en":"SPP"}},{"age":31,"advanceVotesPercent":0.0,"lastname":"Vikström","occupation":"jordbrukare","advanceVotes":0,"npid":4,"totalVotes":5,"spid":7,"abbr":"RKP","municipalCouncilor":false,"muid":440,"alid":4,"firstname":"Henrik","electionDayVotes":5,"pid":"5","finalPosition":0,"electedInformation":"NOT_ELECTED","totalVotesPercent":1.0,"nominatorName":{"fi":"Suomen ruotsalainen kansanpuolue","sv":"Svenska folkpartiet i Finland","en":"Swedish People's Party in Finland"},"caid":83,"position":0,"gender":"1","comparisonData":{"totalVotes":0,"votesTotalChange":5},"edid":10,"comparativeIndex":0.0,"electionDayVotesPercent":1.3,"nominatorAbbr":{"fi":"RKP","sv":"SFP","en":"SPP"}},{"age":41,"advanceVotesPercent":0.9,"lastname":"Tyni","occupation":"ungdomsarbetsledare","advanceVotes":1,"npid":2,"totalVotes":4,"spid":8,"abbr":"KD","municipalCouncilor":false,"muid":440,"alid":2,"firstname":"Heidi","electionDayVotes":3,"pid":"9","finalPosition":0,"electedInformation":"ON_SUBSTITUTE_PLACE","totalVotesPercent":0.8,"nominatorName":{"fi":"Suomen Kristillisdemokraatit (KD)","sv":"Kristdemokraterna i Finland (KD)","en":"Christian Democrats in Finland"},"caid":45,"position":0,"gender":"2","comparisonData":{"totalVotes":0,"votesTotalChange":4},"edid":10,"comparativeIndex":0.0,"electionDayVotesPercent":0.8,"nominatorAbbr":{"fi":"KD","sv":"KD","en":"CD"}},{"age":58,"advanceVotesPercent":0.9,"lastname":"Sandström","occupation":"primärskötare","advanceVotes":1,"npid":4,"totalVotes":4,"spid":7,"abbr":"RKP","municipalCouncilor":false,"muid":440,"alid":4,"firstname":"Anette","electionDayVotes":3,"pid":"5","finalPosition":0,"electedInformation":"NOT_ELECTED","totalVotesPercent":0.8,"nominatorName":{"fi":"Suomen ruotsalainen kansanpuolue","sv":"Svenska folkpartiet i Finland","en":"Swedish People's Party in Finland"},"caid":71,"position":0,"gender":"2","comparisonData":{"totalVotes":29,"votesTotalChange":-25},"edid":10,"comparativeIndex":0.0,"electionDayVotesPercent":0.8,"nominatorAbbr":{"fi":"RKP","sv":"SFP","en":"SPP"}},{"age":34,"advanceVotesPercent":2.7,"lastname":"Riska","occupation":"teamleader","advanceVotes":3,"npid":1,"totalVotes":3,"spid":4,"abbr":"SDP","municipalCouncilor":false,"muid":440,"alid":1,"firstname":"Jonas","electionDayVotes":0,"pid":"1","finalPosition":0,"electedInformation":"ON_SUBSTITUTE_PLACE","totalVotesPercent":0.6,"nominatorName":{"fi":"Suomen Sosialidemokraattinen Puolue","sv":"Finlands Socialdemokratiska Parti","en":"The Finnish Social Democratic Party"},"caid":13,"position":0,"gender":"1","comparisonData":{"totalVotes":0,"votesTotalChange":3},"edid":10,"comparativeIndex":0.0,"electionDayVotesPercent":0.0,"nominatorAbbr":{"fi":"SDP","sv":"SDP","en":"SDP"}},{"age":25,"advanceVotesPercent":1.8,"lastname":"Kecklund","occupation":"ingenjör","advanceVotes":2,"npid":4,"totalVotes":3,"spid":7,"abbr":"RKP","municipalCouncilor":false,"muid":440,"alid":4,"firstname":"Ida","electionDayVotes":1,"pid":"5","finalPosition":0,"electedInformation":"NOT_ELECTED","totalVotesPercent":0.6,"nominatorName":{"fi":"Suomen ruotsalainen kansanpuolue","sv":"Svenska folkpartiet i Finland","en":"Swedish People's Party in Finland"},"caid":61,"position":0,"gender":"2","comparisonData":{"totalVotes":0,"votesTotalChange":3},"edid":10,"comparativeIndex":0.0,"electionDayVotesPercent":0.3,"nominatorAbbr":{"fi":"RKP","sv":"SFP","en":"SPP"}},{"age":67,"advanceVotesPercent":0.9,"lastname":"Svenfelt","occupation":"pensionär","advanceVotes":1,"npid":4,"totalVotes":3,"spid":7,"abbr":"RKP","municipalCouncilor":true,"muid":440,"alid":4,"firstname":"Leif","electionDayVotes":2,"pid":"5","finalPosition":0,"electedInformation":"ELECTED","totalVotesPercent":0.6,"nominatorName":{"fi":"Suomen ruotsalainen kansanpuolue","sv":"Svenska folkpartiet i Finland","en":"Swedish People's Party in Finland"},"caid":74,"position":0,"gender":"1","comparisonData":{"totalVotes":48,"votesTotalChange":-45},"edid":10,"comparativeIndex":0.0,"electionDayVotesPercent":0.5,"nominatorAbbr":{"fi":"RKP","sv":"SFP","en":"SPP"}},{"age":42,"advanceVotesPercent":0.0,"lastname":"Östman","occupation":"jordbrukare","advanceVotes":0,"npid":4,"totalVotes":3,"spid":7,"abbr":"RKP","municipalCouncilor":false,"muid":440,"alid":4,"firstname":"Anders","electionDayVotes":3,"pid":"5","finalPosition":0,"electedInformation":"NOT_ELECTED","totalVotesPercent":0.6,"nominatorName":{"fi":"Suomen ruotsalainen kansanpuolue","sv":"Svenska folkpartiet i Finland","en":"Swedish People's Party in Finland"},"caid":85,"position":0,"gender":"1","comparisonData":{"totalVotes":22,"votesTotalChange":-19},"edid":10,"comparativeIndex":0.0,"electionDayVotesPercent":0.8,"nominatorAbbr":{"fi":"RKP","sv":"SFP","en":"SPP"}},{"age":56,"advanceVotesPercent":0.9,"lastname":"Byggmästar","occupation":"sjukskötare","advanceVotes":1,"npid":2,"totalVotes":2,"spid":8,"abbr":"KD","municipalCouncilor":false,"muid":440,"alid":2,"firstname":"Gunnevi","electionDayVotes":1,"pid":"9","finalPosition":0,"electedInformation":"NOT_ELECTED","totalVotesPercent":0.4,"nominatorName":{"fi":"Suomen Kristillisdemokraatit (KD)","sv":"Kristdemokraterna i Finland (KD)","en":"Christian Democrats in Finland"},"caid":20,"position":0,"gender":"2","comparisonData":{"totalVotes":15,"votesTotalChange":-13},"edid":10,"comparativeIndex":0.0,"electionDayVotesPercent":0.3,"nominatorAbbr":{"fi":"KD","sv":"KD","en":"CD"}},{"age":37,"advanceVotesPercent":0.0,"lastname":"Löfs-Grankulla","occupation":"närvårdare","advanceVotes":0,"npid":2,"totalVotes":2,"spid":8,"abbr":"KD","municipalCouncilor":false,"muid":440,"alid":2,"firstname":"Pernilla","electionDayVotes":2,"pid":"9","finalPosition":0,"electedInformation":"ON_SUBSTITUTE_PLACE","totalVotesPercent":0.4,"nominatorName":{"fi":"Suomen Kristillisdemokraatit (KD)","sv":"Kristdemokraterna i Finland (KD)","en":"Christian Democrats in Finland"},"caid":32,"position":0,"gender":"2","comparisonData":{"totalVotes":27,"votesTotalChange":-25},"edid":10,"comparativeIndex":0.0,"electionDayVotesPercent":0.5,"nominatorAbbr":{"fi":"KD","sv":"KD","en":"CD"}},{"age":47,"advanceVotesPercent":0.0,"lastname":"Khaing","occupation":"arbetare","advanceVotes":0,"npid":2,"totalVotes":2,"spid":8,"abbr":"KD","municipalCouncilor":false,"muid":440,"alid":2,"firstname":"Min","electionDayVotes":2,"pid":"9","finalPosition":0,"electedInformation":"NOT_ELECTED","totalVotesPercent":0.4,"nominatorName":{"fi":"Suomen Kristillisdemokraatit (KD)","sv":"Kristdemokraterna i Finland (KD)","en":"Christian Democrats in Finland"},"caid":33,"position":0,"gender":"1","comparisonData":{"totalVotes":0,"votesTotalChange":2},"edid":10,"comparativeIndex":0.0,"electionDayVotesPercent":0.5,"nominatorAbbr":{"fi":"KD","sv":"KD","en":"CD"}},{"age":46,"advanceVotesPercent":0.0,"lastname":"Ingram","occupation":"kommunikationskonsult, redaktör","advanceVotes":0,"npid":3,"totalVotes":2,"spid":1,"abbr":"KESK","municipalCouncilor":false,"muid":440,"alid":3,"firstname":"Darren","electionDayVotes":2,"pid":"2","finalPosition":0,"electedInformation":"NOT_ELECTED","totalVotesPercent":0.4,"nominatorName":{"fi":"Suomen Keskusta","sv":"Centern i Finland","en":"Centre Party of Finland"},"caid":53,"position":0,"gender":"1","comparisonData":{"totalVotes":5,"votesTotalChange":-3},"edid":10,"comparativeIndex":0.0,"electionDayVotesPercent":0.5,"nominatorAbbr":{"fi":"KESK","sv":"C","en":"CENT"}},{"age":51,"advanceVotesPercent":1.8,"lastname":"Mattsson","occupation":"lärare","advanceVotes":2,"npid":4,"totalVotes":2,"spid":7,"abbr":"RKP","municipalCouncilor":false,"muid":440,"alid":4,"firstname":"Roland","electionDayVotes":0,"pid":"5","finalPosition":0,"electedInformation":"ELECTED","totalVotesPercent":0.4,"nominatorName":{"fi":"Suomen ruotsalainen kansanpuolue","sv":"Svenska folkpartiet i Finland","en":"Swedish People's Party in Finland"},"caid":65,"position":0,"gender":"1","comparisonData":{"totalVotes":0,"votesTotalChange":2},"edid":10,"comparativeIndex":0.0,"electionDayVotesPercent":0.0,"nominatorAbbr":{"fi":"RKP","sv":"SFP","en":"SPP"}},{"age":29,"advanceVotesPercent":0.0,"lastname":"Sjöström","occupation":"systemingenjör","advanceVotes":0,"npid":4,"totalVotes":2,"spid":7,"abbr":"RKP","municipalCouncilor":false,"muid":440,"alid":4,"firstname":"Annika","electionDayVotes":2,"pid":"5","finalPosition":0,"electedInformation":"NOT_ELECTED","totalVotesPercent":0.4,"nominatorName":{"fi":"Suomen ruotsalainen kansanpuolue","sv":"Svenska folkpartiet i Finland","en":"Swedish People's Party in Finland"},"caid":73,"position":0,"gender":"2","comparisonData":{"totalVotes":0,"votesTotalChange":2},"edid":10,"comparativeIndex":0.0,"electionDayVotesPercent":0.5,"nominatorAbbr":{"fi":"RKP","sv":"SFP","en":"SPP"}},{"age":62,"advanceVotesPercent":0.9,"lastname":"Sämskar","occupation":"pensionerad skolsekreterare","advanceVotes":1,"npid":4,"totalVotes":2,"spid":7,"abbr":"RKP","municipalCouncilor":true,"muid":440,"alid":4,"firstname":"Marlene","electionDayVotes":1,"pid":"5","finalPosition":0,"electedInformation":"ELECTED","totalVotesPercent":0.4,"nominatorName":{"fi":"Suomen ruotsalainen kansanpuolue","sv":"Svenska folkpartiet i Finland","en":"Swedish People's Party in Finland"},"caid":80,"position":0,"gender":"2","comparisonData":{"totalVotes":65,"votesTotalChange":-63},"edid":10,"comparativeIndex":0.0,"electionDayVotesPercent":0.3,"nominatorAbbr":{"fi":"RKP","sv":"SFP","en":"SPP"}},{"age":34,"advanceVotesPercent":0.9,"lastname":"Bjonbäck","occupation":"bokförare","advanceVotes":1,"npid":1,"totalVotes":1,"spid":4,"abbr":"SDP","municipalCouncilor":false,"muid":440,"alid":1,"firstname":"Camilla","electionDayVotes":0,"pid":"1","finalPosition":0,"electedInformation":"NOT_ELECTED","totalVotesPercent":0.2,"nominatorName":{"fi":"Suomen Sosialidemokraattinen Puolue","sv":"Finlands Socialdemokratiska Parti","en":"The Finnish Social Democratic Party"},"caid":2,"position":0,"gender":"2","comparisonData":{"totalVotes":11,"votesTotalChange":-10},"edid":10,"comparativeIndex":0.0,"electionDayVotesPercent":0.0,"nominatorAbbr":{"fi":"SDP","sv":"SDP","en":"SDP"}},{"age":37,"advanceVotesPercent":0.0,"lastname":"Björkskog","occupation":"lärare","advanceVotes":0,"npid":1,"totalVotes":1,"spid":4,"abbr":"SDP","municipalCouncilor":false,"muid":440,"alid":1,"firstname":"Marie","electionDayVotes":1,"pid":"1","finalPosition":0,"electedInformation":"NOT_ELECTED","totalVotesPercent":0.2,"nominatorName":{"fi":"Suomen Sosialidemokraattinen Puolue","sv":"Finlands Socialdemokratiska Parti","en":"The Finnish Social Democratic Party"},"caid":3,"position":0,"gender":"2","comparisonData":{"totalVotes":0,"votesTotalChange":1},"edid":10,"comparativeIndex":0.0,"electionDayVotesPercent":0.3,"nominatorAbbr":{"fi":"SDP","sv":"SDP","en":"SDP"}},{"age":33,"advanceVotesPercent":0.9,"lastname":"Lind","occupation":"båtbyggare","advanceVotes":1,"npid":1,"totalVotes":1,"spid":4,"abbr":"SDP","municipalCouncilor":false,"muid":440,"alid":1,"firstname":"Lena-Maria","electionDayVotes":0,"pid":"1","finalPosition":0,"electedInformation":"NOT_ELECTED","totalVotesPercent":0.2,"nominatorName":{"fi":"Suomen Sosialidemokraattinen Puolue","sv":"Finlands Socialdemokratiska Parti","en":"The Finnish Social Democratic Party"},"caid":10,"position":0,"gender":"2","comparisonData":{"totalVotes":0,"votesTotalChange":1},"edid":10,"comparativeIndex":0.0,"electionDayVotesPercent":0.0,"nominatorAbbr":{"fi":"SDP","sv":"SDP","en":"SDP"}},{"age":19,"advanceVotesPercent":0.0,"lastname":"Lindström","occupation":"rörmontör","advanceVotes":0,"npid":1,"totalVotes":1,"spid":4,"abbr":"SDP","municipalCouncilor":false,"muid":440,"alid":1,"firstname":"Fred","electionDayVotes":1,"pid":"1","finalPosition":0,"electedInformation":"NOT_ELECTED","totalVotesPercent":0.2,"nominatorName":{"fi":"Suomen Sosialidemokraattinen Puolue","sv":"Finlands Socialdemokratiska Parti","en":"The Finnish Social Democratic Party"},"caid":11,"position":0,"gender":"1","comparisonData":{"totalVotes":0,"votesTotalChange":1},"edid":10,"comparativeIndex":0.0,"electionDayVotesPercent":0.3,"nominatorAbbr":{"fi":"SDP","sv":"SDP","en":"SDP"}},{"age":42,"advanceVotesPercent":0.0,"lastname":"Björkskog","occupation":"arbetsledare","advanceVotes":0,"npid":2,"totalVotes":1,"spid":8,"abbr":"KD","municipalCouncilor":false,"muid":440,"alid":2,"firstname":"Erik","electionDayVotes":1,"pid":"9","finalPosition":0,"electedInformation":"ON_SUBSTITUTE_PLACE","totalVotesPercent":0.2,"nominatorName":{"fi":"Suomen Kristillisdemokraatit (KD)","sv":"Kristdemokraterna i Finland (KD)","en":"Christian Democrats in Finland"},"caid":17,"position":0,"gender":"1","comparisonData":{"totalVotes":20,"votesTotalChange":-19},"edid":10,"comparativeIndex":0.0,"electionDayVotesPercent":0.3,"nominatorAbbr":{"fi":"KD","sv":"KD","en":"CD"}},{"age":39,"advanceVotesPercent":0.0,"lastname":"Björkström","occupation":"elevassistent","advanceVotes":0,"npid":2,"totalVotes":1,"spid":8,"abbr":"KD","municipalCouncilor":true,"muid":440,"alid":2,"firstname":"Marita","electionDayVotes":1,"pid":"9","finalPosition":0,"electedInformation":"ELECTED","totalVotesPercent":0.2,"nominatorName":{"fi":"Suomen Kristillisdemokraatit (KD)","sv":"Kristdemokraterna i Finland (KD)","en":"Christian Democrats in Finland"},"caid":18,"position":0,"gender":"2","comparisonData":{"totalVotes":45,"votesTotalChange":-44},"edid":10,"comparativeIndex":0.0,"electionDayVotesPercent":0.3,"nominatorAbbr":{"fi":"KD","sv":"KD","en":"CD"}},{"age":26,"advanceVotesPercent":0.9,"lastname":"Enkvist","occupation":"privatföretagare","advanceVotes":1,"npid":2,"totalVotes":1,"spid":8,"abbr":"KD","municipalCouncilor":false,"muid":440,"alid":2,"firstname":"Ben","electionDayVotes":0,"pid":"9","finalPosition":0,"electedInformation":"ELECTED","totalVotesPercent":0.2,"nominatorName":{"fi":"Suomen Kristillisdemokraatit (KD)","sv":"Kristdemokraterna i Finland (KD)","en":"Christian Democrats in Finland"},"caid":22,"position":0,"gender":"1","comparisonData":{"totalVotes":0,"votesTotalChange":1},"edid":10,"comparativeIndex":0.0,"electionDayVotesPercent":0.0,"nominatorAbbr":{"fi":"KD","sv":"KD","en":"CD"}},{"age":23,"advanceVotesPercent":0.0,"lastname":"Enkvist","occupation":"polis","advanceVotes":0,"npid":2,"totalVotes":1,"spid":8,"abbr":"KD","municipalCouncilor":false,"muid":440,"alid":2,"firstname":"Anders","electionDayVotes":1,"pid":"9","finalPosition":0,"electedInformation":"NOT_ELECTED","totalVotesPercent":0.2,"nominatorName":{"fi":"Suomen Kristillisdemokraatit (KD)","sv":"Kristdemokraterna i Finland (KD)","en":"Christian Democrats in Finland"},"caid":23,"position":0,"gender":"1","comparisonData":{"totalVotes":0,"votesTotalChange":1},"edid":10,"comparativeIndex":0.0,"electionDayVotesPercent":0.3,"nominatorAbbr":{"fi":"KD","sv":"KD","en":"CD"}},{"age":43,"advanceVotesPercent":0.0,"lastname":"Nilsen","occupation":"yrittäjä, opettaja","advanceVotes":0,"npid":2,"totalVotes":1,"spid":8,"abbr":"KD","municipalCouncilor":false,"muid":440,"alid":2,"firstname":"Anne","electionDayVotes":1,"pid":"9","finalPosition":0,"electedInformation":"NOT_ELECTED","totalVotesPercent":0.2,"nominatorName":{"fi":"Suomen Kristillisdemokraatit (KD)","sv":"Kristdemokraterna i Finland (KD)","en":"Christian Democrats in Finland"},"caid":34,"position":0,"gender":"2","comparisonData":{"totalVotes":0,"votesTotalChange":1},"edid":10,"comparativeIndex":0.0,"electionDayVotesPercent":0.3,"nominatorAbbr":{"fi":"KD","sv":"KD","en":"CD"}},{"age":53,"advanceVotesPercent":0.9,"lastname":"Nyman","occupation":"företagare, försäljningschef","advanceVotes":1,"npid":2,"totalVotes":1,"spid":8,"abbr":"KD","municipalCouncilor":false,"muid":440,"alid":2,"firstname":"Stefan","electionDayVotes":0,"pid":"9","finalPosition":0,"electedInformation":"NOT_ELECTED","totalVotesPercent":0.2,"nominatorName":{"fi":"Suomen Kristillisdemokraatit (KD)","sv":"Kristdemokraterna i Finland (KD)","en":"Christian Democrats in Finland"},"caid":36,"position":0,"gender":"1","comparisonData":{"totalVotes":0,"votesTotalChange":1},"edid":10,"comparativeIndex":0.0,"electionDayVotesPercent":0.0,"nominatorAbbr":{"fi":"KD","sv":"KD","en":"CD"}},{"age":62,"advanceVotesPercent":0.0,"lastname":"Svenfelt","occupation":"båtbyggare","advanceVotes":0,"npid":2,"totalVotes":1,"spid":8,"abbr":"KD","municipalCouncilor":true,"muid":440,"alid":2,"firstname":"Mikael","electionDayVotes":1,"pid":"9","finalPosition":0,"electedInformation":"ELECTED","totalVotesPercent":0.2,"nominatorName":{"fi":"Suomen Kristillisdemokraatit (KD)","sv":"Kristdemokraterna i Finland (KD)","en":"Christian Democrats in Finland"},"caid":41,"position":0,"gender":"1","comparisonData":{"totalVotes":48,"votesTotalChange":-47},"edid":10,"comparativeIndex":0.0,"electionDayVotesPercent":0.3,"nominatorAbbr":{"fi":"KD","sv":"KD","en":"CD"}},{"age":33,"advanceVotesPercent":0.0,"lastname":"Thylin","occupation":"ingenjör, arbetsledare","advanceVotes":0,"npid":2,"totalVotes":1,"spid":8,"abbr":"KD","municipalCouncilor":false,"muid":440,"alid":2,"firstname":"Kim","electionDayVotes":1,"pid":"9","finalPosition":0,"electedInformation":"ELECTED","totalVotesPercent":0.2,"nominatorName":{"fi":"Suomen Kristillisdemokraatit (KD)","sv":"Kristdemokraterna i Finland (KD)","en":"Christian Democrats in Finland"},"caid":43,"position":0,"gender":"1","comparisonData":{"totalVotes":0,"votesTotalChange":1},"edid":10,"comparativeIndex":0.0,"electionDayVotesPercent":0.3,"nominatorAbbr":{"fi":"KD","sv":"KD","en":"CD"}},{"age":26,"advanceVotesPercent":0.9,"lastname":"Verkasalo","occupation":"expeditionsarbetare","advanceVotes":1,"npid":2,"totalVotes":1,"spid":8,"abbr":"KD","municipalCouncilor":false,"muid":440,"alid":2,"firstname":"Samuel","electionDayVotes":0,"pid":"9","finalPosition":0,"electedInformation":"ON_SUBSTITUTE_PLACE","totalVotesPercent":0.2,"nominatorName":{"fi":"Suomen Kristillisdemokraatit (KD)","sv":"Kristdemokraterna i Finland (KD)","en":"Christian Democrats in Finland"},"caid":48,"position":0,"gender":"1","comparisonData":{"totalVotes":0,"votesTotalChange":1},"edid":10,"comparativeIndex":0.0,"electionDayVotesPercent":0.0,"nominatorAbbr":{"fi":"KD","sv":"KD","en":"CD"}},{"age":40,"advanceVotesPercent":0.0,"lastname":"Östman","occupation":"svetsare","advanceVotes":0,"npid":2,"totalVotes":1,"spid":8,"abbr":"KD","municipalCouncilor":false,"muid":440,"alid":2,"firstname":"Sören","electionDayVotes":1,"pid":"9","finalPosition":0,"electedInformation":"NOT_ELECTED","totalVotesPercent":0.2,"nominatorName":{"fi":"Suomen Kristillisdemokraatit (KD)","sv":"Kristdemokraterna i Finland (KD)","en":"Christian Democrats in Finland"},"caid":51,"position":0,"gender":"1","comparisonData":{"totalVotes":30,"votesTotalChange":-29},"edid":10,"comparativeIndex":0.0,"electionDayVotesPercent":0.3,"nominatorAbbr":{"fi":"KD","sv":"KD","en":"CD"}},{"age":46,"advanceVotesPercent":0.0,"lastname":"Ingram","occupation":"IT-chef, IT-päällikkö","advanceVotes":0,"npid":3,"totalVotes":1,"spid":1,"abbr":"KESK","municipalCouncilor":false,"muid":440,"alid":3,"firstname":"Minna","electionDayVotes":1,"pid":"2","finalPosition":0,"electedInformation":"NOT_ELECTED","totalVotesPercent":0.2,"nominatorName":{"fi":"Suomen Keskusta","sv":"Centern i Finland","en":"Centre Party of Finland"},"caid":52,"position":0,"gender":"2","comparisonData":{"totalVotes":20,"votesTotalChange":-19},"edid":10,"comparativeIndex":0.0,"electionDayVotesPercent":0.3,"nominatorAbbr":{"fi":"KESK","sv":"C","en":"CENT"}},{"age":39,"advanceVotesPercent":0.9,"lastname":"Björkman","occupation":"VD","advanceVotes":1,"npid":4,"totalVotes":1,"spid":7,"abbr":"RKP","municipalCouncilor":true,"muid":440,"alid":4,"firstname":"Åsa","electionDayVotes":0,"pid":"5","finalPosition":0,"electedInformation":"ELECTED","totalVotesPercent":0.2,"nominatorName":{"fi":"Suomen ruotsalainen kansanpuolue","sv":"Svenska folkpartiet i Finland","en":"Swedish People's Party in Finland"},"caid":55,"position":0,"gender":"2","comparisonData":{"totalVotes":33,"votesTotalChange":-32},"edid":10,"comparativeIndex":0.0,"electionDayVotesPercent":0.0,"nominatorAbbr":{"fi":"RKP","sv":"SFP","en":"SPP"}},{"age":37,"advanceVotesPercent":0.0,"lastname":"Björkskog","occupation":"bokförare, teamledare","advanceVotes":0,"npid":4,"totalVotes":1,"spid":7,"abbr":"RKP","municipalCouncilor":false,"muid":440,"alid":4,"firstname":"Anna","electionDayVotes":1,"pid":"5","finalPosition":0,"electedInformation":"ELECTED","totalVotesPercent":0.2,"nominatorName":{"fi":"Suomen ruotsalainen kansanpuolue","sv":"Svenska folkpartiet i Finland","en":"Swedish People's Party in Finland"},"caid":56,"position":0,"gender":"2","comparisonData":{"totalVotes":0,"votesTotalChange":1},"edid":10,"comparativeIndex":0.0,"electionDayVotesPercent":0.3,"nominatorAbbr":{"fi":"RKP","sv":"SFP","en":"SPP"}},{"age":41,"advanceVotesPercent":0.9,"lastname":"Lindell","occupation":"fysioterapeut","advanceVotes":1,"npid":4,"totalVotes":1,"spid":7,"abbr":"RKP","municipalCouncilor":false,"muid":440,"alid":4,"firstname":"Niklas","electionDayVotes":0,"pid":"5","finalPosition":0,"electedInformation":"ON_SUBSTITUTE_PLACE","totalVotesPercent":0.2,"nominatorName":{"fi":"Suomen ruotsalainen kansanpuolue","sv":"Svenska folkpartiet i Finland","en":"Swedish People's Party in Finland"},"caid":64,"position":0,"gender":"1","comparisonData":{"totalVotes":0,"votesTotalChange":1},"edid":10,"comparativeIndex":0.0,"electionDayVotesPercent":0.0,"nominatorAbbr":{"fi":"RKP","sv":"SFP","en":"SPP"}},{"age":58,"advanceVotesPercent":0.9,"lastname":"Ray","occupation":"försäljare","advanceVotes":1,"npid":4,"totalVotes":1,"spid":7,"abbr":"RKP","municipalCouncilor":false,"muid":440,"alid":4,"firstname":"Jan","electionDayVotes":0,"pid":"5","finalPosition":0,"electedInformation":"NOT_ELECTED","totalVotesPercent":0.2,"nominatorName":{"fi":"Suomen ruotsalainen kansanpuolue","sv":"Svenska folkpartiet i Finland","en":"Swedish People's Party in Finland"},"caid":70,"position":0,"gender":"1","comparisonData":{"totalVotes":0,"votesTotalChange":1},"edid":10,"comparativeIndex":0.0,"electionDayVotesPercent":0.0,"nominatorAbbr":{"fi":"RKP","sv":"SFP","en":"SPP"}},{"age":60,"advanceVotesPercent":0.0,"lastname":"Wicklen","occupation":"ekonom","advanceVotes":0,"npid":4,"totalVotes":1,"spid":7,"abbr":"RKP","municipalCouncilor":false,"muid":440,"alid":4,"firstname":"Stefan","electionDayVotes":1,"pid":"5","finalPosition":0,"electedInformation":"NOT_ELECTED","totalVotesPercent":0.2,"nominatorName":{"fi":"Suomen ruotsalainen kansanpuolue","sv":"Svenska folkpartiet i Finland","en":"Swedish People's Party in Finland"},"caid":82,"position":0,"gender":"1","comparisonData":{"totalVotes":17,"votesTotalChange":-16},"edid":10,"comparativeIndex":0.0,"electionDayVotesPercent":0.3,"nominatorAbbr":{"fi":"RKP","sv":"SFP","en":"SPP"}},{"age":55,"advanceVotesPercent":0.0,"lastname":"Bobacka","occupation":"byggmästare, företagare","advanceVotes":0,"npid":1,"totalVotes":0,"spid":4,"abbr":"SDP","municipalCouncilor":true,"muid":440,"alid":1,"firstname":"Sten","electionDayVotes":0,"pid":"1","finalPosition":0,"electedInformation":"ELECTED","totalVotesPercent":0.0,"nominatorName":{"fi":"Suomen Sosialidemokraattinen Puolue","sv":"Finlands Socialdemokratiska Parti","en":"The Finnish Social Democratic Party"},"caid":4,"position":0,"gender":"1","comparisonData":{"totalVotes":50,"votesTotalChange":-50},"edid":10,"comparativeIndex":0.0,"electionDayVotesPercent":0.0,"nominatorAbbr":{"fi":"SDP","sv":"SDP","en":"SDP"}},{"age":36,"advanceVotesPercent":0.0,"lastname":"Edén","occupation":"klasslärare","advanceVotes":0,"npid":1,"totalVotes":0,"spid":4,"abbr":"SDP","municipalCouncilor":false,"muid":440,"alid":1,"firstname":"Heidi","electionDayVotes":0,"pid":"1","finalPosition":0,"electedInformation":"NOT_ELECTED","totalVotesPercent":0.0,"nominatorName":{"fi":"Suomen Sosialidemokraattinen Puolue","sv":"Finlands Socialdemokratiska Parti","en":"The Finnish Social Democratic Party"},"caid":6,"position":0,"gender":"2","comparisonData":{"totalVotes":0,"votesTotalChange":0},"edid":10,"comparativeIndex":0.0,"electionDayVotesPercent":0.0,"nominatorAbbr":{"fi":"SDP","sv":"SDP","en":"SDP"}},{"age":60,"advanceVotesPercent":0.0,"lastname":"Enbär","occupation":"handledare, närvårdare","advanceVotes":0,"npid":1,"totalVotes":0,"spid":4,"abbr":"SDP","municipalCouncilor":false,"muid":440,"alid":1,"firstname":"Anders","electionDayVotes":0,"pid":"1","finalPosition":0,"electedInformation":"ON_SUBSTITUTE_PLACE","totalVotesPercent":0.0,"nominatorName":{"fi":"Suomen Sosialidemokraattinen Puolue","sv":"Finlands Socialdemokratiska Parti","en":"The Finnish Social Democratic Party"},"caid":7,"position":0,"gender":"1","comparisonData":{"totalVotes":20,"votesTotalChange":-20},"edid":10,"comparativeIndex":0.0,"electionDayVotesPercent":0.0,"nominatorAbbr":{"fi":"SDP","sv":"SDP","en":"SDP"}},{"age":34,"advanceVotesPercent":0.0,"lastname":"Kronqvist","occupation":"byggnadsarbetare, byggnadsingenjör","advanceVotes":0,"npid":1,"totalVotes":0,"spid":4,"abbr":"SDP","municipalCouncilor":false,"muid":440,"alid":1,"firstname":"Andreas","electionDayVotes":0,"pid":"1","finalPosition":0,"electedInformation":"ELECTED","totalVotesPercent":0.0,"nominatorName":{"fi":"Suomen Sosialidemokraattinen Puolue","sv":"Finlands Socialdemokratiska Parti","en":"The Finnish Social Democratic Party"},"caid":9,"position":0,"gender":"1","comparisonData":{"totalVotes":0,"votesTotalChange":0},"edid":10,"comparativeIndex":0.0,"electionDayVotesPercent":0.0,"nominatorAbbr":{"fi":"SDP","sv":"SDP","en":"SDP"}},{"age":28,"advanceVotesPercent":0.0,"lastname":"Palmunen","occupation":"linjemontör","advanceVotes":0,"npid":1,"totalVotes":0,"spid":4,"abbr":"SDP","municipalCouncilor":false,"muid":440,"alid":1,"firstname":"Daniel","electionDayVotes":0,"pid":"1","finalPosition":0,"electedInformation":"NOT_ELECTED","totalVotesPercent":0.0,"nominatorName":{"fi":"Suomen Sosialidemokraattinen Puolue","sv":"Finlands Socialdemokratiska Parti","en":"The Finnish Social Democratic Party"},"caid":12,"position":0,"gender":"1","comparisonData":{"totalVotes":0,"votesTotalChange":0},"edid":10,"comparativeIndex":0.0,"electionDayVotesPercent":0.0,"nominatorAbbr":{"fi":"SDP","sv":"SDP","en":"SDP"}},{"age":44,"advanceVotesPercent":0.0,"lastname":"Wikström","occupation":"försäljare","advanceVotes":0,"npid":1,"totalVotes":0,"spid":4,"abbr":"SDP","municipalCouncilor":false,"muid":440,"alid":1,"firstname":"Hannele","electionDayVotes":0,"pid":"1","finalPosition":0,"electedInformation":"ON_SUBSTITUTE_PLACE","totalVotesPercent":0.0,"nominatorName":{"fi":"Suomen Sosialidemokraattinen Puolue","sv":"Finlands Socialdemokratiska Parti","en":"The Finnish Social Democratic Party"},"caid":15,"position":0,"gender":"2","comparisonData":{"totalVotes":15,"votesTotalChange":-15},"edid":10,"comparativeIndex":0.0,"electionDayVotesPercent":0.0,"nominatorAbbr":{"fi":"SDP","sv":"SDP","en":"SDP"}},{"age":24,"advanceVotesPercent":0.0,"lastname":"Eklund","occupation":"sjukskötare","advanceVotes":0,"npid":2,"totalVotes":0,"spid":8,"abbr":"KD","municipalCouncilor":false,"muid":440,"alid":2,"firstname":"Evamaria","electionDayVotes":0,"pid":"9","finalPosition":0,"electedInformation":"ON_SUBSTITUTE_PLACE","totalVotesPercent":0.0,"nominatorName":{"fi":"Suomen Kristillisdemokraatit (KD)","sv":"Kristdemokraterna i Finland (KD)","en":"Christian Democrats in Finland"},"caid":21,"position":0,"gender":"2","comparisonData":{"totalVotes":0,"votesTotalChange":0},"edid":10,"comparativeIndex":0.0,"electionDayVotesPercent":0.0,"nominatorAbbr":{"fi":"KD","sv":"KD","en":"CD"}},{"age":22,"advanceVotesPercent":0.0,"lastname":"Hjulfors","occupation":"närvårdare","advanceVotes":0,"npid":2,"totalVotes":0,"spid":8,"abbr":"KD","municipalCouncilor":false,"muid":440,"alid":2,"firstname":"Emilia","electionDayVotes":0,"pid":"9","finalPosition":0,"electedInformation":"NOT_ELECTED","totalVotesPercent":0.0,"nominatorName":{"fi":"Suomen Kristillisdemokraatit (KD)","sv":"Kristdemokraterna i Finland (KD)","en":"Christian Democrats in Finland"},"caid":29,"position":0,"gender":"2","comparisonData":{"totalVotes":0,"votesTotalChange":0},"edid":10,"comparativeIndex":0.0,"electionDayVotesPercent":0.0,"nominatorAbbr":{"fi":"KD","sv":"KD","en":"CD"}},{"age":33,"advanceVotesPercent":0.0,"lastname":"Keränen","occupation":"linjemontör, linja-asentaja","advanceVotes":0,"npid":2,"totalVotes":0,"spid":8,"abbr":"KD","municipalCouncilor":false,"muid":440,"alid":2,"firstname":"Tuomas","electionDayVotes":0,"pid":"9","finalPosition":0,"electedInformation":"NOT_ELECTED","totalVotesPercent":0.0,"nominatorName":{"fi":"Suomen Kristillisdemokraatit (KD)","sv":"Kristdemokraterna i Finland (KD)","en":"Christian Democrats in Finland"},"caid":30,"position":0,"gender":"1","comparisonData":{"totalVotes":0,"votesTotalChange":0},"edid":10,"comparativeIndex":0.0,"electionDayVotesPercent":0.0,"nominatorAbbr":{"fi":"KD","sv":"KD","en":"CD"}},{"age":59,"advanceVotesPercent":0.0,"lastname":"Lassila","occupation":"timlärare, diplomkorrespondent","advanceVotes":0,"npid":2,"totalVotes":0,"spid":8,"abbr":"KD","municipalCouncilor":true,"muid":440,"alid":2,"firstname":"Carola","electionDayVotes":0,"pid":"9","finalPosition":0,"electedInformation":"ON_SUBSTITUTE_PLACE","totalVotesPercent":0.0,"nominatorName":{"fi":"Suomen Kristillisdemokraatit (KD)","sv":"Kristdemokraterna i Finland (KD)","en":"Christian Democrats in Finland"},"caid":31,"position":0,"gender":"2","comparisonData":{"totalVotes":53,"votesTotalChange":-53},"edid":10,"comparativeIndex":0.0,"electionDayVotesPercent":0.0,"nominatorAbbr":{"fi":"KD","sv":"KD","en":"CD"}},{"age":29,"advanceVotesPercent":0.0,"lastname":"Nybäck","occupation":"ekonom, försäljningschef","advanceVotes":0,"npid":2,"totalVotes":0,"spid":8,"abbr":"KD","municipalCouncilor":false,"muid":440,"alid":2,"firstname":"Jakob","electionDayVotes":0,"pid":"9","finalPosition":0,"electedInformation":"ON_SUBSTITUTE_PLACE","totalVotesPercent":0.0,"nominatorName":{"fi":"Suomen Kristillisdemokraatit (KD)","sv":"Kristdemokraterna i Finland (KD)","en":"Christian Democrats in Finland"},"caid":35,"position":0,"gender":"1","comparisonData":{"totalVotes":0,"votesTotalChange":0},"edid":10,"comparativeIndex":0.0,"electionDayVotesPercent":0.0,"nominatorAbbr":{"fi":"KD","sv":"KD","en":"CD"}},{"age":22,"advanceVotesPercent":0.0,"lastname":"Olsen","occupation":"båtbyggare","advanceVotes":0,"npid":2,"totalVotes":0,"spid":8,"abbr":"KD","municipalCouncilor":false,"muid":440,"alid":2,"firstname":"Dan-Erik","electionDayVotes":0,"pid":"9","finalPosition":0,"electedInformation":"NOT_ELECTED","totalVotesPercent":0.0,"nominatorName":{"fi":"Suomen Kristillisdemokraatit (KD)","sv":"Kristdemokraterna i Finland (KD)","en":"Christian Democrats in Finland"},"caid":37,"position":0,"gender":"1","comparisonData":{"totalVotes":0,"votesTotalChange":0},"edid":10,"comparativeIndex":0.0,"electionDayVotesPercent":0.0,"nominatorAbbr":{"fi":"KD","sv":"KD","en":"CD"}},{"age":39,"advanceVotesPercent":0.0,"lastname":"Snellman","occupation":"lärare","advanceVotes":0,"npid":2,"totalVotes":0,"spid":8,"abbr":"KD","municipalCouncilor":false,"muid":440,"alid":2,"firstname":"Anna-Lena","electionDayVotes":0,"pid":"9","finalPosition":0,"electedInformation":"ON_SUBSTITUTE_PLACE","totalVotesPercent":0.0,"nominatorName":{"fi":"Suomen Kristillisdemokraatit (KD)","sv":"Kristdemokraterna i Finland (KD)","en":"Christian Democrats in Finland"},"caid":39,"position":0,"gender":"2","comparisonData":{"totalVotes":0,"votesTotalChange":0},"edid":10,"comparativeIndex":0.0,"electionDayVotesPercent":0.0,"nominatorAbbr":{"fi":"KD","sv":"KD","en":"CD"}},{"age":34,"advanceVotesPercent":0.0,"lastname":"Sundelin","occupation":"metallarbetare","advanceVotes":0,"npid":2,"totalVotes":0,"spid":8,"abbr":"KD","municipalCouncilor":false,"muid":440,"alid":2,"firstname":"Robin","electionDayVotes":0,"pid":"9","finalPosition":0,"electedInformation":"ELECTED","totalVotesPercent":0.0,"nominatorName":{"fi":"Suomen Kristillisdemokraatit (KD)","sv":"Kristdemokraterna i Finland (KD)","en":"Christian Democrats in Finland"},"caid":40,"position":0,"gender":"1","comparisonData":{"totalVotes":0,"votesTotalChange":0},"edid":10,"comparativeIndex":0.0,"electionDayVotesPercent":0.0,"nominatorAbbr":{"fi":"KD","sv":"KD","en":"CD"}},{"age":45,"advanceVotesPercent":0.0,"lastname":"Tupeli","occupation":"konditionsskötare, trädgårdsmästare","advanceVotes":0,"npid":2,"totalVotes":0,"spid":8,"abbr":"KD","municipalCouncilor":false,"muid":440,"alid":2,"firstname":"Sonja","electionDayVotes":0,"pid":"9","finalPosition":0,"electedInformation":"NOT_ELECTED","totalVotesPercent":0.0,"nominatorName":{"fi":"Suomen Kristillisdemokraatit (KD)","sv":"Kristdemokraterna i Finland (KD)","en":"Christian Democrats in Finland"},"caid":44,"position":0,"gender":"2","comparisonData":{"totalVotes":0,"votesTotalChange":0},"edid":10,"comparativeIndex":0.0,"electionDayVotesPercent":0.0,"nominatorAbbr":{"fi":"KD","sv":"KD","en":"CD"}},{"age":68,"advanceVotesPercent":0.0,"lastname":"Töyrä","occupation":"pensionär","advanceVotes":0,"npid":2,"totalVotes":0,"spid":8,"abbr":"KD","municipalCouncilor":false,"muid":440,"alid":2,"firstname":"Lennart","electionDayVotes":0,"pid":"9","finalPosition":0,"electedInformation":"ON_SUBSTITUTE_PLACE","totalVotesPercent":0.0,"nominatorName":{"fi":"Suomen Kristillisdemokraatit (KD)","sv":"Kristdemokraterna i Finland (KD)","en":"Christian Democrats in Finland"},"caid":47,"position":0,"gender":"1","comparisonData":{"totalVotes":27,"votesTotalChange":-27},"edid":10,"comparativeIndex":0.0,"electionDayVotesPercent":0.0,"nominatorAbbr":{"fi":"KD","sv":"KD","en":"CD"}},{"age":25,"advanceVotesPercent":0.0,"lastname":"Åkerlund","occupation":"studerande","advanceVotes":0,"npid":2,"totalVotes":0,"spid":8,"abbr":"KD","municipalCouncilor":false,"muid":440,"alid":2,"firstname":"Matilda","electionDayVotes":0,"pid":"9","finalPosition":0,"electedInformation":"ON_SUBSTITUTE_PLACE","totalVotesPercent":0.0,"nominatorName":{"fi":"Suomen Kristillisdemokraatit (KD)","sv":"Kristdemokraterna i Finland (KD)","en":"Christian Democrats in Finland"},"caid":49,"position":0,"gender":"2","comparisonData":{"totalVotes":0,"votesTotalChange":0},"edid":10,"comparativeIndex":0.0,"electionDayVotesPercent":0.0,"nominatorAbbr":{"fi":"KD","sv":"KD","en":"CD"}},{"age":53,"advanceVotesPercent":0.0,"lastname":"Barkar","occupation":"lärare, projektkoordinator","advanceVotes":0,"npid":4,"totalVotes":0,"spid":7,"abbr":"RKP","municipalCouncilor":false,"muid":440,"alid":4,"firstname":"Katarina","electionDayVotes":0,"pid":"5","finalPosition":0,"electedInformation":"NOT_ELECTED","totalVotesPercent":0.0,"nominatorName":{"fi":"Suomen ruotsalainen kansanpuolue","sv":"Svenska folkpartiet i Finland","en":"Swedish People's Party in Finland"},"caid":54,"position":0,"gender":"2","comparisonData":{"totalVotes":13,"votesTotalChange":-13},"edid":10,"comparativeIndex":0.0,"electionDayVotesPercent":0.0,"nominatorAbbr":{"fi":"RKP","sv":"SFP","en":"SPP"}},{"age":39,"advanceVotesPercent":0.0,"lastname":"Björkskog","occupation":"sjukskötare","advanceVotes":0,"npid":4,"totalVotes":0,"spid":7,"abbr":"RKP","municipalCouncilor":false,"muid":440,"alid":4,"firstname":"Johanna","electionDayVotes":0,"pid":"5","finalPosition":0,"electedInformation":"ON_SUBSTITUTE_PLACE","totalVotesPercent":0.0,"nominatorName":{"fi":"Suomen ruotsalainen kansanpuolue","sv":"Svenska folkpartiet i Finland","en":"Swedish People's Party in Finland"},"caid":57,"position":0,"gender":"2","comparisonData":{"totalVotes":0,"votesTotalChange":0},"edid":10,"comparativeIndex":0.0,"electionDayVotesPercent":0.0,"nominatorAbbr":{"fi":"RKP","sv":"SFP","en":"SPP"}},{"age":35,"advanceVotesPercent":0.0,"lastname":"Ena","occupation":"företagare, receptionist","advanceVotes":0,"npid":4,"totalVotes":0,"spid":7,"abbr":"RKP","municipalCouncilor":false,"muid":440,"alid":4,"firstname":"Jonas","electionDayVotes":0,"pid":"5","finalPosition":0,"electedInformation":"NOT_ELECTED","totalVotesPercent":0.0,"nominatorName":{"fi":"Suomen ruotsalainen kansanpuolue","sv":"Svenska folkpartiet i Finland","en":"Swedish People's Party in Finland"},"caid":59,"position":0,"gender":"1","comparisonData":{"totalVotes":13,"votesTotalChange":-13},"edid":10,"comparativeIndex":0.0,"electionDayVotesPercent":0.0,"nominatorAbbr":{"fi":"RKP","sv":"SFP","en":"SPP"}},{"age":47,"advanceVotesPercent":0.0,"lastname":"Kozic","occupation":"fastighetsskötare","advanceVotes":0,"npid":4,"totalVotes":0,"spid":7,"abbr":"RKP","municipalCouncilor":false,"muid":440,"alid":4,"firstname":"Hajrudin","electionDayVotes":0,"pid":"5","finalPosition":0,"electedInformation":"ON_SUBSTITUTE_PLACE","totalVotesPercent":0.0,"nominatorName":{"fi":"Suomen ruotsalainen kansanpuolue","sv":"Svenska folkpartiet i Finland","en":"Swedish People's Party in Finland"},"caid":62,"position":0,"gender":"1","comparisonData":{"totalVotes":15,"votesTotalChange":-15},"edid":10,"comparativeIndex":0.0,"electionDayVotesPercent":0.0,"nominatorAbbr":{"fi":"RKP","sv":"SFP","en":"SPP"}},{"age":27,"advanceVotesPercent":0.0,"lastname":"Käldström","occupation":"företagare","advanceVotes":0,"npid":4,"totalVotes":0,"spid":7,"abbr":"RKP","municipalCouncilor":false,"muid":440,"alid":4,"firstname":"Patrik","electionDayVotes":0,"pid":"5","finalPosition":0,"electedInformation":"ON_SUBSTITUTE_PLACE","totalVotesPercent":0.0,"nominatorName":{"fi":"Suomen ruotsalainen kansanpuolue","sv":"Svenska folkpartiet i Finland","en":"Swedish People's Party in Finland"},"caid":63,"position":0,"gender":"1","comparisonData":{"totalVotes":0,"votesTotalChange":0},"edid":10,"comparativeIndex":0.0,"electionDayVotesPercent":0.0,"nominatorAbbr":{"fi":"RKP","sv":"SFP","en":"SPP"}},{"age":57,"advanceVotesPercent":0.0,"lastname":"Sandvik","occupation":"förskollärare","advanceVotes":0,"npid":4,"totalVotes":0,"spid":7,"abbr":"RKP","municipalCouncilor":false,"muid":440,"alid":4,"firstname":"Agneta","electionDayVotes":0,"pid":"5","finalPosition":0,"electedInformation":"NOT_ELECTED","totalVotesPercent":0.0,"nominatorName":{"fi":"Suomen ruotsalainen kansanpuolue","sv":"Svenska folkpartiet i Finland","en":"Swedish People's Party in Finland"},"caid":72,"position":0,"gender":"2","comparisonData":{"totalVotes":0,"votesTotalChange":0},"edid":10,"comparativeIndex":0.0,"electionDayVotesPercent":0.0,"nominatorAbbr":{"fi":"RKP","sv":"SFP","en":"SPP"}},{"age":41,"advanceVotesPercent":0.0,"lastname":"Svenlin","occupation":"arbetsledare","advanceVotes":0,"npid":4,"totalVotes":0,"spid":7,"abbr":"RKP","municipalCouncilor":false,"muid":440,"alid":4,"firstname":"Markus","electionDayVotes":0,"pid":"5","finalPosition":0,"electedInformation":"ON_SUBSTITUTE_PLACE","totalVotesPercent":0.0,"nominatorName":{"fi":"Suomen ruotsalainen kansanpuolue","sv":"Svenska folkpartiet i Finland","en":"Swedish People's Party in Finland"},"caid":79,"position":0,"gender":"1","comparisonData":{"totalVotes":0,"votesTotalChange":0},"edid":10,"comparativeIndex":0.0,"electionDayVotesPercent":0.0,"nominatorAbbr":{"fi":"RKP","sv":"SFP","en":"SPP"}},{"age":53,"advanceVotesPercent":0.0,"lastname":"Söderlund","occupation":"verkstadschef","advanceVotes":0,"npid":4,"totalVotes":0,"spid":7,"abbr":"RKP","municipalCouncilor":false,"muid":440,"alid":4,"firstname":"Joakim","electionDayVotes":0,"pid":"5","finalPosition":0,"electedInformation":"NOT_ELECTED","totalVotesPercent":0.0,"nominatorName":{"fi":"Suomen ruotsalainen kansanpuolue","sv":"Svenska folkpartiet i Finland","en":"Swedish People's Party in Finland"},"caid":81,"position":0,"gender":"1","comparisonData":{"totalVotes":0,"votesTotalChange":0},"edid":10,"comparativeIndex":0.0,"electionDayVotesPercent":0.0,"nominatorAbbr":{"fi":"RKP","sv":"SFP","en":"SPP"}}],"municipalityPollingDistricts":[{"name":{"fi":"Risö","sv":"Risö"},"calculationStatusPercent":23.7,"joinedArea":false,"muid":440,"totalVotingInFinlandTurnout":78.4,"identification":"001","pdid":"001","eligibleVotersInFinlandTotal":1163,"edid":10,"mergedToPdid":""},{"name":{"fi":"Holm","sv":"Holm"},"calculationStatusPercent":100.0,"joinedArea":false,"muid":440,"totalVotingInFinlandTurnout":83.3,"identification":"002","pdid":"002","eligibleVotersInFinlandTotal":1001,"edid":10,"mergedToPdid":""},{"name":{"fi":"Eugmo","sv":"Eugmo"},"calculationStatusPercent":100.0,"joinedArea":false,"muid":440,"totalVotingInFinlandTurnout":84.1,"identification":"003","pdid":"003","eligibleVotersInFinlandTotal":579,"edid":10,"mergedToPdid":""},{"name":{"fi":"Bosund","sv":"Bosund"},"calculationStatusPercent":100.0,"joinedArea":false,"muid":440,"totalVotingInFinlandTurnout":86.4,"identification":"004","pdid":"004","eligibleVotersInFinlandTotal":660,"edid":10,"mergedToPdid":""}],"municipality":{"muid":440,"edid":10,"name":{"fi":"Luoto","sv":"Larsmo"}}}