{"version":50,"created":"2017-04-09T20:57:16.078Z","electionDetails":{"electionId":"kv2017","electionDate":"2017-04-09T00:00:00.000Z","electionDataPublishTime":"2017-04-09T17:00:00.000Z","name":{"fi":"Kuntavaalit 2017","sv":"Kommunalval 2017","en":"Elections 2017"},"previousElections":{"correspondingCompareElection":{"electionId":"kv2012","electionDate":"2012-10-28T00:00:00.000Z","name":{"fi":"Kuntavaalit 2012","en":"Municipal elections 2012","sv":"Kommunalval 2012"}},"otherCompareElection":{"electionId":"ev2015","electionDate":"2015-04-19T00:00:00.000Z","name":{"fi":"Eduskuntavaalit 2015","en":"Parliamentary election 2015","sv":"Riksdagsval 2015"}}}},"calculationStatus":{"electionDayVotingTurnout":27.8,"invalidAdvanceVotes":8,"calculationPhase":"INITIAL","invalidElectionDayVotes":8,"approvedAdvanceVotes":783,"advanceVotingTurnout":31.2,"totalVotingTurnoutAbroad":0.0,"name":{"fi":"Hartola","sv":"Hartola"},"calculationStatusPercent":100.0,"advanceVotes":791,"electionDayVotingTurnoutAbroad":0.0,"approvedTotalVotes":1482,"totalVotes":1498,"muid":81,"totalVotingInFinlandTurnout":59.0,"advanceVotingTurnoutAbroad":0.0,"invalidTotalVotes":16,"totalVotingTurnout":59.0,"electionDayVotes":707,"electionDayVotesInFinland":707,"pdid":"001","totalVotesInFinlandMen":0,"eligibleVotersInFinlandTotal":2539,"calculationStatusPercentElectionDayVotes":100.0,"sourceRecordModificationTime":"20170409205136","otherCompareElection":{"eid":"","eligibleVotersInFinlandTotal":0,"advanceVotingInFinlandTurnout":0.0,"electionDayVotingInFinlandTurnout":0.0,"totalVotingInFinlandTurnout":0.0,"approvedVotesTotal":0,"invalidVotesTotal":0},"correspondingCompareElection":{"eid":"","eligibleVotersInFinlandTotal":0,"advanceVotingInFinlandTurnout":0.0,"electionDayVotingInFinlandTurnout":0.0,"totalVotingInFinlandTurnout":0.0,"approvedVotesTotal":0,"invalidVotesTotal":0,"seats":0},"approvedElectionDayVotes":699,"edid":6,"calculationStatusPercentAdvanceVotes":100.0,"electionDayVotingInFinlandTurnout":27.8,"seats":0,"eligibleVotersTotal":2539,"advanceVotesInFinland":791,"advanceVotingInFinlandTurnout":31.2,"totalVotesInFinland":1498},"partyResults":[{"advanceVotesPercent":31.9,"name":{"fi":"Suomen Keskusta","sv":"Centern i Finland","en":"Centre Party of Finland"},"advanceVotes":250,"npid":6,"totalVotes":479,"spid":1,"abbr":{"fi":"KESK","sv":"C","en":"CENT"},"alid":6,"electionDayVotes":229,"pid":"2","totalVotesPercent":32.3,"nominatorName":{"fi":"Suomen Keskusta","sv":"Centern i Finland","en":"Centre Party of Finland"},"compareData":{"otherCompareElection":{"votesTotalChange":0,"votesTotalPercentChange":0.0,"votesTotal":479,"votesTotalPercent":32.3},"correspondingCompareElection":{"votesTotalChange":0,"votesTotalPercentChange":0.0,"seatChange":0,"votesTotal":479,"votesTotalPercent":32.3,"seatsTotal":0}},"seats":0,"electionDayVotesPercent":32.8,"nominatorAbbr":{"fi":"KESK","sv":"C","en":"CENT"}},{"advanceVotesPercent":27.6,"name":{"fi":"Kansallinen Kokoomus","sv":"Samlingspartiet","en":"National Coalition Party"},"advanceVotes":216,"npid":5,"totalVotes":422,"spid":2,"abbr":{"fi":"KOK","sv":"Saml","en":"NCP"},"alid":5,"electionDayVotes":206,"pid":"4","totalVotesPercent":28.5,"nominatorName":{"fi":"Kansallinen Kokoomus","sv":"Samlingspartiet","en":"National Coalition Party"},"compareData":{"otherCompareElection":{"votesTotalChange":0,"votesTotalPercentChange":0.0,"votesTotal":422,"votesTotalPercent":28.5},"correspondingCompareElection":{"votesTotalChange":0,"votesTotalPercentChange":0.0,"seatChange":0,"votesTotal":422,"votesTotalPercent":28.5,"seatsTotal":0}},"seats":0,"electionDayVotesPercent":29.5,"nominatorAbbr":{"fi":"KOK","sv":"Saml","en":"NCP"}},{"advanceVotesPercent":17.2,"name":{"fi":"Suomen Sosialidemokraattinen Puolue","sv":"Finlands Socialdemokratiska Parti","en":"The Finnish Social Democratic Party"},"advanceVotes":135,"npid":4,"totalVotes":261,"spid":4,"abbr":{"fi":"SDP","sv":"SDP","en":"SDP"},"alid":4,"electionDayVotes":126,"pid":"1","totalVotesPercent":17.6,"nominatorName":{"fi":"Suomen Sosialidemokraattinen Puolue","sv":"Finlands Socialdemokratiska Parti","en":"The Finnish Social Democratic Party"},"compareData":{"otherCompareElection":{"votesTotalChange":0,"votesTotalPercentChange":0.0,"votesTotal":261,"votesTotalPercent":17.6},"correspondingCompareElection":{"votesTotalChange":0,"votesTotalPercentChange":0.0,"seatChange":0,"votesTotal":261,"votesTotalPercent":17.6,"seatsTotal":0}},"seats":0,"electionDayVotesPercent":18.0,"nominatorAbbr":{"fi":"SDP","sv":"SDP","en":"SDP"}},{"advanceVotesPercent":11.1,"name":{"fi":"Perussuomalaiset","sv":"Sannfinländarna","en":"The Finns Party"},"advanceVotes":87,"npid":3,"totalVotes":173,"spid":3,"abbr":{"fi":"PS","sv":"Sannf","en":"FINNS"},"alid":3,"electionDayVotes":86,"pid":"23","totalVotesPercent":11.7,"nominatorName":{"fi":"Perussuomalaiset","sv":"Sannfinländarna","en":"The Finns Party"},"compareData":{"otherCompareElection":{"votesTotalChange":0,"votesTotalPercentChange":0.0,"votesTotal":173,"votesTotalPercent":11.7},"correspondingCompareElection":{"votesTotalChange":0,"votesTotalPercentChange":0.0,"seatChange":0,"votesTotal":173,"votesTotalPercent":11.7,"seatsTotal":0}},"seats":0,"electionDayVotesPercent":12.3,"nominatorAbbr":{"fi":"PS","sv":"Sannf","en":"FINNS"}},{"advanceVotesPercent":7.3,"name":{"fi":"Vihreä liitto","sv":"Gröna förbundet","en":"Green League"},"advanceVotes":57,"npid":2,"totalVotes":96,"spid":5,"abbr":{"fi":"VIHR","sv":"Gröna","en":"GREEN"},"alid":2,"electionDayVotes":39,"pid":"13","totalVotesPercent":6.5,"nominatorName":{"fi":"Vihreä liitto","sv":"Gröna förbundet","en":"Green League"},"compareData":{"otherCompareElection":{"votesTotalChange":0,"votesTotalPercentChange":0.0,"votesTotal":96,"votesTotalPercent":6.5},"correspondingCompareElection":{"votesTotalChange":0,"votesTotalPercentChange":0.0,"seatChange":0,"votesTotal":96,"votesTotalPercent":6.5,"seatsTotal":0}},"seats":0,"electionDayVotesPercent":5.6,"nominatorAbbr":{"fi":"VIHR","sv":"Gröna","en":"GREEN"}},{"advanceVotesPercent":4.9,"name":{"fi":"Vasemmistoliitto","sv":"Vänsterförbundet","en":"The Left Alliance"},"advanceVotes":38,"npid":1,"totalVotes":51,"spid":6,"abbr":{"fi":"VAS","sv":"VF","en":"LEFT"},"alid":1,"electionDayVotes":13,"pid":"15","totalVotesPercent":3.4,"nominatorName":{"fi":"Vasemmistoliitto","sv":"Vänsterförbundet","en":"The Left Alliance"},"compareData":{"otherCompareElection":{"votesTotalChange":0,"votesTotalPercentChange":0.0,"votesTotal":51,"votesTotalPercent":3.4},"correspondingCompareElection":{"votesTotalChange":0,"votesTotalPercentChange":0.0,"seatChange":0,"votesTotal":51,"votesTotalPercent":3.4,"seatsTotal":0}},"seats":0,"electionDayVotesPercent":1.9,"nominatorAbbr":{"fi":"VAS","sv":"VF","en":"LEFT"}}],"candidateResults":[{"age":55,"advanceVotesPercent":6.6,"lastname":"Sankari","occupation":"kirkkoherra","advanceVotes":52,"npid":6,"totalVotes":91,"spid":1,"abbr":"KESK","municipalCouncilor":true,"muid":81,"alid":6,"firstname":"Jeremias","electionDayVotes":39,"pid":"2","finalPosition":0,"electedInformation":"ELECTED","totalVotesPercent":6.1,"nominatorName":{"fi":"Suomen Keskusta","sv":"Centern i Finland","en":"Centre Party of Finland"},"caid":50,"position":0,"gender":"1","comparisonData":{"totalVotes":38,"votesTotalChange":53},"edid":6,"comparativeIndex":0.0,"electionDayVotesPercent":5.6,"nominatorAbbr":{"fi":"KESK","sv":"C","en":"CENT"}},{"age":70,"advanceVotesPercent":6.4,"lastname":"Tanskanen","occupation":"eläkemies","advanceVotes":50,"npid":4,"totalVotes":88,"spid":4,"abbr":"SDP","municipalCouncilor":true,"muid":81,"alid":4,"firstname":"Matti","electionDayVotes":38,"pid":"1","finalPosition":0,"electedInformation":"ELECTED","totalVotesPercent":5.9,"nominatorName":{"fi":"Suomen Sosialidemokraattinen Puolue","sv":"Finlands Socialdemokratiska Parti","en":"The Finnish Social Democratic Party"},"caid":24,"position":0,"gender":"1","comparisonData":{"totalVotes":73,"votesTotalChange":15},"edid":6,"comparativeIndex":0.0,"electionDayVotesPercent":5.4,"nominatorAbbr":{"fi":"SDP","sv":"SDP","en":"SDP"}},{"age":69,"advanceVotesPercent":5.2,"lastname":"Tervo","occupation":"yrittäjä","advanceVotes":41,"npid":3,"totalVotes":77,"spid":3,"abbr":"PS","municipalCouncilor":true,"muid":81,"alid":3,"firstname":"Taisto","electionDayVotes":36,"pid":"23","finalPosition":0,"electedInformation":"ELECTED","totalVotesPercent":5.2,"nominatorName":{"fi":"Perussuomalaiset","sv":"Sannfinländarna","en":"The Finns Party"},"caid":15,"position":0,"gender":"1","comparisonData":{"totalVotes":105,"votesTotalChange":-28},"edid":6,"comparativeIndex":0.0,"electionDayVotesPercent":5.2,"nominatorAbbr":{"fi":"PS","sv":"Sannf","en":"FINNS"}},{"age":43,"advanceVotesPercent":3.7,"lastname":"Mäyrä","occupation":"maatalousyrittäjä","advanceVotes":29,"npid":6,"totalVotes":67,"spid":1,"abbr":"KESK","municipalCouncilor":false,"muid":81,"alid":6,"firstname":"Tero","electionDayVotes":38,"pid":"2","finalPosition":0,"electedInformation":"ELECTED","totalVotesPercent":4.5,"nominatorName":{"fi":"Suomen Keskusta","sv":"Centern i Finland","en":"Centre Party of Finland"},"caid":46,"position":0,"gender":"1","comparisonData":{"totalVotes":32,"votesTotalChange":35},"edid":6,"comparativeIndex":0.0,"electionDayVotesPercent":5.4,"nominatorAbbr":{"fi":"KESK","sv":"C","en":"CENT"}},{"age":61,"advanceVotesPercent":5.6,"lastname":"Nieminen","occupation":"erikoisammattimies","advanceVotes":44,"npid":6,"totalVotes":62,"spid":1,"abbr":"KESK","municipalCouncilor":true,"muid":81,"alid":6,"firstname":"Tapio","electionDayVotes":18,"pid":"2","finalPosition":0,"electedInformation":"ELECTED","totalVotesPercent":4.2,"nominatorName":{"fi":"Suomen Keskusta","sv":"Centern i Finland","en":"Centre Party of Finland"},"caid":47,"position":0,"gender":"1","comparisonData":{"totalVotes":49,"votesTotalChange":13},"edid":6,"comparativeIndex":0.0,"electionDayVotesPercent":2.6,"nominatorAbbr":{"fi":"KESK","sv":"C","en":"CENT"}},{"age":42,"advanceVotesPercent":3.7,"lastname":"Heikkilä","occupation":"maatalousyrittäjä","advanceVotes":29,"npid":6,"totalVotes":61,"spid":1,"abbr":"KESK","municipalCouncilor":true,"muid":81,"alid":6,"firstname":"Mika","electionDayVotes":32,"pid":"2","finalPosition":0,"electedInformation":"ELECTED","totalVotesPercent":4.1,"nominatorName":{"fi":"Suomen Keskusta","sv":"Centern i Finland","en":"Centre Party of Finland"},"caid":39,"position":0,"gender":"1","comparisonData":{"totalVotes":42,"votesTotalChange":19},"edid":6,"comparativeIndex":0.0,"electionDayVotesPercent":4.6,"nominatorAbbr":{"fi":"KESK","sv":"C","en":"CENT"}},{"age":54,"advanceVotesPercent":2.6,"lastname":"Pajunen","occupation":"ravintolatyöntekijä","advanceVotes":20,"npid":4,"totalVotes":58,"spid":4,"abbr":"SDP","municipalCouncilor":false,"muid":81,"alid":4,"firstname":"Pekka","electionDayVotes":38,"pid":"1","finalPosition":0,"electedInformation":"ELECTED","totalVotesPercent":3.9,"nominatorName":{"fi":"Suomen Sosialidemokraattinen Puolue","sv":"Finlands Socialdemokratiska Parti","en":"The Finnish Social Democratic Party"},"caid":21,"position":0,"gender":"1","comparisonData":{"totalVotes":0,"votesTotalChange":58},"edid":6,"comparativeIndex":0.0,"electionDayVotesPercent":5.4,"nominatorAbbr":{"fi":"SDP","sv":"SDP","en":"SDP"}},{"age":50,"advanceVotesPercent":4.1,"lastname":"Tarhonen","occupation":"esimies","advanceVotes":32,"npid":5,"totalVotes":54,"spid":2,"abbr":"KOK","municipalCouncilor":true,"muid":81,"alid":5,"firstname":"Jyrki","electionDayVotes":22,"pid":"4","finalPosition":0,"electedInformation":"ELECTED","totalVotesPercent":3.6,"nominatorName":{"fi":"Kansallinen Kokoomus","sv":"Samlingspartiet","en":"National Coalition Party"},"caid":36,"position":0,"gender":"1","comparisonData":{"totalVotes":33,"votesTotalChange":21},"edid":6,"comparativeIndex":0.0,"electionDayVotesPercent":3.1,"nominatorAbbr":{"fi":"KOK","sv":"Saml","en":"NCP"}},{"age":67,"advanceVotesPercent":3.7,"lastname":"Joutsijärvi","occupation":"FM, eläkeläinen","advanceVotes":29,"npid":6,"totalVotes":54,"spid":1,"abbr":"KESK","municipalCouncilor":false,"muid":81,"alid":6,"firstname":"Anne","electionDayVotes":25,"pid":"2","finalPosition":0,"electedInformation":"ELECTED","totalVotesPercent":3.6,"nominatorName":{"fi":"Suomen Keskusta","sv":"Centern i Finland","en":"Centre Party of Finland"},"caid":40,"position":0,"gender":"2","comparisonData":{"totalVotes":35,"votesTotalChange":19},"edid":6,"comparativeIndex":0.0,"electionDayVotesPercent":3.6,"nominatorAbbr":{"fi":"KESK","sv":"C","en":"CENT"}},{"age":46,"advanceVotesPercent":4.2,"lastname":"Julin","occupation":"asiakaspalvelupäällikkö","advanceVotes":33,"npid":5,"totalVotes":53,"spid":2,"abbr":"KOK","municipalCouncilor":false,"muid":81,"alid":5,"firstname":"Marianne","electionDayVotes":20,"pid":"4","finalPosition":0,"electedInformation":"ELECTED","totalVotesPercent":3.6,"nominatorName":{"fi":"Kansallinen Kokoomus","sv":"Samlingspartiet","en":"National Coalition Party"},"caid":27,"position":0,"gender":"2","comparisonData":{"totalVotes":0,"votesTotalChange":53},"edid":6,"comparativeIndex":0.0,"electionDayVotesPercent":2.9,"nominatorAbbr":{"fi":"KOK","sv":"Saml","en":"NCP"}},{"age":41,"advanceVotesPercent":4.2,"lastname":"Ruoppi","occupation":"varastonhoitaja","advanceVotes":33,"npid":5,"totalVotes":52,"spid":2,"abbr":"KOK","municipalCouncilor":true,"muid":81,"alid":5,"firstname":"Mikko","electionDayVotes":19,"pid":"4","finalPosition":0,"electedInformation":"ELECTED","totalVotesPercent":3.5,"nominatorName":{"fi":"Kansallinen Kokoomus","sv":"Samlingspartiet","en":"National Coalition Party"},"caid":35,"position":0,"gender":"1","comparisonData":{"totalVotes":40,"votesTotalChange":12},"edid":6,"comparativeIndex":0.0,"electionDayVotesPercent":2.7,"nominatorAbbr":{"fi":"KOK","sv":"Saml","en":"NCP"}},{"age":48,"advanceVotesPercent":4.2,"lastname":"Fågel","occupation":"yrittäjä, eläkeläinen","advanceVotes":33,"npid":5,"totalVotes":50,"spid":2,"abbr":"KOK","municipalCouncilor":true,"muid":81,"alid":5,"firstname":"Jarkko","electionDayVotes":17,"pid":"4","finalPosition":0,"electedInformation":"ELECTED","totalVotesPercent":3.4,"nominatorName":{"fi":"Kansallinen Kokoomus","sv":"Samlingspartiet","en":"National Coalition Party"},"caid":25,"position":0,"gender":"1","comparisonData":{"totalVotes":63,"votesTotalChange":-13},"edid":6,"comparativeIndex":0.0,"electionDayVotesPercent":2.4,"nominatorAbbr":{"fi":"KOK","sv":"Saml","en":"NCP"}},{"age":58,"advanceVotesPercent":3.3,"lastname":"Eskola","occupation":"yrittäjä","advanceVotes":26,"npid":4,"totalVotes":48,"spid":4,"abbr":"SDP","municipalCouncilor":true,"muid":81,"alid":4,"firstname":"Olli","electionDayVotes":22,"pid":"1","finalPosition":0,"electedInformation":"ELECTED","totalVotesPercent":3.2,"nominatorName":{"fi":"Suomen Sosialidemokraattinen Puolue","sv":"Finlands Socialdemokratiska Parti","en":"The Finnish Social Democratic Party"},"caid":16,"position":0,"gender":"1","comparisonData":{"totalVotes":51,"votesTotalChange":-3},"edid":6,"comparativeIndex":0.0,"electionDayVotesPercent":3.1,"nominatorAbbr":{"fi":"SDP","sv":"SDP","en":"SDP"}},{"age":61,"advanceVotesPercent":3.1,"lastname":"Pentikäinen-Laine","occupation":"maatalousyrittäjä","advanceVotes":24,"npid":6,"totalVotes":46,"spid":1,"abbr":"KESK","municipalCouncilor":true,"muid":81,"alid":6,"firstname":"Maija","electionDayVotes":22,"pid":"2","finalPosition":0,"electedInformation":"ELECTED","totalVotesPercent":3.1,"nominatorName":{"fi":"Suomen Keskusta","sv":"Centern i Finland","en":"Centre Party of Finland"},"caid":48,"position":0,"gender":"2","comparisonData":{"totalVotes":44,"votesTotalChange":2},"edid":6,"comparativeIndex":0.0,"electionDayVotesPercent":3.1,"nominatorAbbr":{"fi":"KESK","sv":"C","en":"CENT"}},{"age":50,"advanceVotesPercent":1.0,"lastname":"Vigman","occupation":"tapahtumakoordinaattori","advanceVotes":8,"npid":5,"totalVotes":40,"spid":2,"abbr":"KOK","municipalCouncilor":false,"muid":81,"alid":5,"firstname":"Kaisa","electionDayVotes":32,"pid":"4","finalPosition":0,"electedInformation":"ELECTED","totalVotesPercent":2.7,"nominatorName":{"fi":"Kansallinen Kokoomus","sv":"Samlingspartiet","en":"National Coalition Party"},"caid":38,"position":0,"gender":"2","comparisonData":{"totalVotes":0,"votesTotalChange":40},"edid":6,"comparativeIndex":0.0,"electionDayVotesPercent":4.6,"nominatorAbbr":{"fi":"KOK","sv":"Saml","en":"NCP"}},{"age":47,"advanceVotesPercent":2.4,"lastname":"Edelman","occupation":"kengitysseppä AT, luontaishoitaja","advanceVotes":19,"npid":2,"totalVotes":37,"spid":5,"abbr":"VIHR","municipalCouncilor":false,"muid":81,"alid":2,"firstname":"Tiina","electionDayVotes":18,"pid":"13","finalPosition":0,"electedInformation":"ELECTED","totalVotesPercent":2.5,"nominatorName":{"fi":"Vihreä liitto","sv":"Gröna förbundet","en":"Green League"},"caid":5,"position":0,"gender":"2","comparisonData":{"totalVotes":0,"votesTotalChange":37},"edid":6,"comparativeIndex":0.0,"electionDayVotesPercent":2.6,"nominatorAbbr":{"fi":"VIHR","sv":"Gröna","en":"GREEN"}},{"age":57,"advanceVotesPercent":1.9,"lastname":"Olkkonen","occupation":"perhepäivähoitaja","advanceVotes":15,"npid":5,"totalVotes":36,"spid":2,"abbr":"KOK","municipalCouncilor":true,"muid":81,"alid":5,"firstname":"Merja","electionDayVotes":21,"pid":"4","finalPosition":0,"electedInformation":"ON_SUBSTITUTE_PLACE","totalVotesPercent":2.4,"nominatorName":{"fi":"Kansallinen Kokoomus","sv":"Samlingspartiet","en":"National Coalition Party"},"caid":34,"position":0,"gender":"2","comparisonData":{"totalVotes":30,"votesTotalChange":6},"edid":6,"comparativeIndex":0.0,"electionDayVotesPercent":3.0,"nominatorAbbr":{"fi":"KOK","sv":"Saml","en":"NCP"}},{"age":76,"advanceVotesPercent":2.7,"lastname":"Hakala","occupation":"maaviljelijä, eläkeläinen","advanceVotes":21,"npid":3,"totalVotes":33,"spid":3,"abbr":"PS","municipalCouncilor":true,"muid":81,"alid":3,"firstname":"Heikki","electionDayVotes":12,"pid":"23","finalPosition":0,"electedInformation":"ELECTED","totalVotesPercent":2.2,"nominatorName":{"fi":"Perussuomalaiset","sv":"Sannfinländarna","en":"The Finns Party"},"caid":10,"position":0,"gender":"1","comparisonData":{"totalVotes":38,"votesTotalChange":-5},"edid":6,"comparativeIndex":0.0,"electionDayVotesPercent":1.7,"nominatorAbbr":{"fi":"PS","sv":"Sannf","en":"FINNS"}},{"age":51,"advanceVotesPercent":1.7,"lastname":"Järvinen","occupation":"museonhoitaja","advanceVotes":13,"npid":5,"totalVotes":33,"spid":2,"abbr":"KOK","municipalCouncilor":true,"muid":81,"alid":5,"firstname":"Vesa","electionDayVotes":20,"pid":"4","finalPosition":0,"electedInformation":"ON_SUBSTITUTE_PLACE","totalVotesPercent":2.2,"nominatorName":{"fi":"Kansallinen Kokoomus","sv":"Samlingspartiet","en":"National Coalition Party"},"caid":28,"position":0,"gender":"1","comparisonData":{"totalVotes":30,"votesTotalChange":3},"edid":6,"comparativeIndex":0.0,"electionDayVotesPercent":2.9,"nominatorAbbr":{"fi":"KOK","sv":"Saml","en":"NCP"}},{"age":58,"advanceVotesPercent":1.9,"lastname":"Järvinen","occupation":"yrittäjä","advanceVotes":15,"npid":6,"totalVotes":33,"spid":1,"abbr":"KESK","municipalCouncilor":false,"muid":81,"alid":6,"firstname":"Hannu","electionDayVotes":18,"pid":"2","finalPosition":0,"electedInformation":"ON_SUBSTITUTE_PLACE","totalVotesPercent":2.2,"nominatorName":{"fi":"Suomen Keskusta","sv":"Centern i Finland","en":"Centre Party of Finland"},"caid":41,"position":0,"gender":"1","comparisonData":{"totalVotes":35,"votesTotalChange":-2},"edid":6,"comparativeIndex":0.0,"electionDayVotesPercent":2.6,"nominatorAbbr":{"fi":"KESK","sv":"C","en":"CENT"}},{"age":49,"advanceVotesPercent":2.8,"lastname":"Karnaattu","occupation":"työnjohtaja","advanceVotes":22,"npid":4,"totalVotes":32,"spid":4,"abbr":"SDP","municipalCouncilor":true,"muid":81,"alid":4,"firstname":"Markku","electionDayVotes":10,"pid":"1","finalPosition":0,"electedInformation":"ON_SUBSTITUTE_PLACE","totalVotesPercent":2.2,"nominatorName":{"fi":"Suomen Sosialidemokraattinen Puolue","sv":"Finlands Socialdemokratiska Parti","en":"The Finnish Social Democratic Party"},"caid":18,"position":0,"gender":"1","comparisonData":{"totalVotes":49,"votesTotalChange":-17},"edid":6,"comparativeIndex":0.0,"electionDayVotesPercent":1.4,"nominatorAbbr":{"fi":"SDP","sv":"SDP","en":"SDP"}},{"age":56,"advanceVotesPercent":2.0,"lastname":"Kuisma","occupation":"yrittäjä-artisti","advanceVotes":16,"npid":2,"totalVotes":29,"spid":5,"abbr":"VIHR","municipalCouncilor":false,"muid":81,"alid":2,"firstname":"Merja","electionDayVotes":13,"pid":"13","finalPosition":0,"electedInformation":"ON_SUBSTITUTE_PLACE","totalVotesPercent":2.0,"nominatorName":{"fi":"Vihreä liitto","sv":"Gröna förbundet","en":"Green League"},"caid":7,"position":0,"gender":"2","comparisonData":{"totalVotes":0,"votesTotalChange":29},"edid":6,"comparativeIndex":0.0,"electionDayVotesPercent":1.9,"nominatorAbbr":{"fi":"VIHR","sv":"Gröna","en":"GREEN"}},{"age":59,"advanceVotesPercent":2.4,"lastname":"Leisti","occupation":"ex-kodinhoitaja, yrittäjä","advanceVotes":19,"npid":1,"totalVotes":26,"spid":6,"abbr":"VAS","municipalCouncilor":false,"muid":81,"alid":1,"firstname":"Heikki","electionDayVotes":7,"pid":"15","finalPosition":0,"electedInformation":"NOT_ELECTED","totalVotesPercent":1.8,"nominatorName":{"fi":"Vasemmistoliitto","sv":"Vänsterförbundet","en":"The Left Alliance"},"caid":4,"position":0,"gender":"1","comparisonData":{"totalVotes":38,"votesTotalChange":-12},"edid":6,"comparativeIndex":0.0,"electionDayVotesPercent":1.0,"nominatorAbbr":{"fi":"VAS","sv":"VF","en":"LEFT"}},{"age":47,"advanceVotesPercent":1.1,"lastname":"Sarvilahti","occupation":"lähihoitaja, järjestyksenvalvoja","advanceVotes":9,"npid":3,"totalVotes":24,"spid":3,"abbr":"PS","municipalCouncilor":false,"muid":81,"alid":3,"firstname":"Markku","electionDayVotes":15,"pid":"23","finalPosition":0,"electedInformation":"ON_SUBSTITUTE_PLACE","totalVotesPercent":1.6,"nominatorName":{"fi":"Perussuomalaiset","sv":"Sannfinländarna","en":"The Finns Party"},"caid":14,"position":0,"gender":"1","comparisonData":{"totalVotes":0,"votesTotalChange":24},"edid":6,"comparativeIndex":0.0,"electionDayVotesPercent":2.1,"nominatorAbbr":{"fi":"PS","sv":"Sannf","en":"FINNS"}},{"age":60,"advanceVotesPercent":0.9,"lastname":"Kärkkäinen","occupation":"eläkeläinen, rehtori","advanceVotes":7,"npid":5,"totalVotes":22,"spid":2,"abbr":"KOK","municipalCouncilor":false,"muid":81,"alid":5,"firstname":"Jukka","electionDayVotes":15,"pid":"4","finalPosition":0,"electedInformation":"ON_SUBSTITUTE_PLACE","totalVotesPercent":1.5,"nominatorName":{"fi":"Kansallinen Kokoomus","sv":"Samlingspartiet","en":"National Coalition Party"},"caid":31,"position":0,"gender":"1","comparisonData":{"totalVotes":0,"votesTotalChange":22},"edid":6,"comparativeIndex":0.0,"electionDayVotesPercent":2.1,"nominatorAbbr":{"fi":"KOK","sv":"Saml","en":"NCP"}},{"age":54,"advanceVotesPercent":0.8,"lastname":"Kemppi","occupation":"maanviljelijä","advanceVotes":6,"npid":6,"totalVotes":22,"spid":1,"abbr":"KESK","municipalCouncilor":false,"muid":81,"alid":6,"firstname":"Hannu","electionDayVotes":16,"pid":"2","finalPosition":0,"electedInformation":"ON_SUBSTITUTE_PLACE","totalVotesPercent":1.5,"nominatorName":{"fi":"Suomen Keskusta","sv":"Centern i Finland","en":"Centre Party of Finland"},"caid":42,"position":0,"gender":"1","comparisonData":{"totalVotes":0,"votesTotalChange":22},"edid":6,"comparativeIndex":0.0,"electionDayVotesPercent":2.3,"nominatorAbbr":{"fi":"KESK","sv":"C","en":"CENT"}},{"age":61,"advanceVotesPercent":1.7,"lastname":"Lehtinen","occupation":"työelämäasiantuntija, työnohjaaja","advanceVotes":13,"npid":6,"totalVotes":22,"spid":1,"abbr":"KESK","municipalCouncilor":false,"muid":81,"alid":6,"firstname":"Marita","electionDayVotes":9,"pid":"2","finalPosition":0,"electedInformation":"ON_SUBSTITUTE_PLACE","totalVotesPercent":1.5,"nominatorName":{"fi":"Suomen Keskusta","sv":"Centern i Finland","en":"Centre Party of Finland"},"caid":45,"position":0,"gender":"2","comparisonData":{"totalVotes":0,"votesTotalChange":22},"edid":6,"comparativeIndex":0.0,"electionDayVotesPercent":1.3,"nominatorAbbr":{"fi":"KESK","sv":"C","en":"CENT"}},{"age":32,"advanceVotesPercent":1.1,"lastname":"Kääriäinen","occupation":"sosionomi-opiskelija","advanceVotes":9,"npid":5,"totalVotes":21,"spid":2,"abbr":"KOK","municipalCouncilor":false,"muid":81,"alid":5,"firstname":"Hanna","electionDayVotes":12,"pid":"4","finalPosition":0,"electedInformation":"ON_SUBSTITUTE_PLACE","totalVotesPercent":1.4,"nominatorName":{"fi":"Kansallinen Kokoomus","sv":"Samlingspartiet","en":"National Coalition Party"},"caid":32,"position":0,"gender":"2","comparisonData":{"totalVotes":0,"votesTotalChange":21},"edid":6,"comparativeIndex":0.0,"electionDayVotesPercent":1.7,"nominatorAbbr":{"fi":"KOK","sv":"Saml","en":"NCP"}},{"age":69,"advanceVotesPercent":1.3,"lastname":"Päiveröinen","occupation":"arkkitehti, toimitusjohtaja","advanceVotes":10,"npid":3,"totalVotes":20,"spid":3,"abbr":"PS","municipalCouncilor":false,"muid":81,"alid":3,"firstname":"Erkki","electionDayVotes":10,"pid":"23","finalPosition":0,"electedInformation":"ON_SUBSTITUTE_PLACE","totalVotesPercent":1.3,"nominatorName":{"fi":"Perussuomalaiset","sv":"Sannfinländarna","en":"The Finns Party"},"caid":13,"position":0,"gender":"1","comparisonData":{"totalVotes":0,"votesTotalChange":20},"edid":6,"comparativeIndex":0.0,"electionDayVotesPercent":1.4,"nominatorAbbr":{"fi":"PS","sv":"Sannf","en":"FINNS"}},{"age":68,"advanceVotesPercent":1.0,"lastname":"Huilla","occupation":"yrittäjä","advanceVotes":8,"npid":5,"totalVotes":17,"spid":2,"abbr":"KOK","municipalCouncilor":false,"muid":81,"alid":5,"firstname":"Inga","electionDayVotes":9,"pid":"4","finalPosition":0,"electedInformation":"ON_SUBSTITUTE_PLACE","totalVotesPercent":1.1,"nominatorName":{"fi":"Kansallinen Kokoomus","sv":"Samlingspartiet","en":"National Coalition Party"},"caid":26,"position":0,"gender":"2","comparisonData":{"totalVotes":12,"votesTotalChange":5},"edid":6,"comparativeIndex":0.0,"electionDayVotesPercent":1.3,"nominatorAbbr":{"fi":"KOK","sv":"Saml","en":"NCP"}},{"age":35,"advanceVotesPercent":0.5,"lastname":"Peltonen","occupation":"maatalousyrittäjä","advanceVotes":4,"npid":3,"totalVotes":14,"spid":3,"abbr":"PS","municipalCouncilor":true,"muid":81,"alid":3,"firstname":"Reino","electionDayVotes":10,"pid":"23","finalPosition":0,"electedInformation":"NOT_ELECTED","totalVotesPercent":0.9,"nominatorName":{"fi":"Perussuomalaiset","sv":"Sannfinländarna","en":"The Finns Party"},"caid":11,"position":0,"gender":"1","comparisonData":{"totalVotes":13,"votesTotalChange":1},"edid":6,"comparativeIndex":0.0,"electionDayVotesPercent":1.4,"nominatorAbbr":{"fi":"PS","sv":"Sannf","en":"FINNS"}},{"age":73,"advanceVotesPercent":1.0,"lastname":"Mäkinen","occupation":"metsätalousinsinööri","advanceVotes":8,"npid":5,"totalVotes":14,"spid":2,"abbr":"KOK","municipalCouncilor":false,"muid":81,"alid":5,"firstname":"Pertti","electionDayVotes":6,"pid":"4","finalPosition":0,"electedInformation":"NOT_ELECTED","totalVotesPercent":0.9,"nominatorName":{"fi":"Kansallinen Kokoomus","sv":"Samlingspartiet","en":"National Coalition Party"},"caid":33,"position":0,"gender":"1","comparisonData":{"totalVotes":14,"votesTotalChange":0},"edid":6,"comparativeIndex":0.0,"electionDayVotesPercent":0.9,"nominatorAbbr":{"fi":"KOK","sv":"Saml","en":"NCP"}},{"age":69,"advanceVotesPercent":1.1,"lastname":"Alakokkare","occupation":"kerho-ohjaaja","advanceVotes":9,"npid":1,"totalVotes":13,"spid":6,"abbr":"VAS","municipalCouncilor":false,"muid":81,"alid":1,"firstname":"Hely","electionDayVotes":4,"pid":"15","finalPosition":0,"electedInformation":"NOT_ELECTED","totalVotesPercent":0.9,"nominatorName":{"fi":"Vasemmistoliitto","sv":"Vänsterförbundet","en":"The Left Alliance"},"caid":2,"position":0,"gender":"2","comparisonData":{"totalVotes":0,"votesTotalChange":13},"edid":6,"comparativeIndex":0.0,"electionDayVotesPercent":0.6,"nominatorAbbr":{"fi":"VAS","sv":"VF","en":"LEFT"}},{"age":64,"advanceVotesPercent":1.4,"lastname":"Mattlar","occupation":"VTM, maanviljelijä","advanceVotes":11,"npid":2,"totalVotes":13,"spid":5,"abbr":"VIHR","municipalCouncilor":false,"muid":81,"alid":2,"firstname":"Tapio","electionDayVotes":2,"pid":"13","finalPosition":0,"electedInformation":"ON_SUBSTITUTE_PLACE","totalVotesPercent":0.9,"nominatorName":{"fi":"Vihreä liitto","sv":"Gröna förbundet","en":"Green League"},"caid":8,"position":0,"gender":"1","comparisonData":{"totalVotes":0,"votesTotalChange":13},"edid":6,"comparativeIndex":0.0,"electionDayVotesPercent":0.3,"nominatorAbbr":{"fi":"VIHR","sv":"Gröna","en":"GREEN"}},{"age":58,"advanceVotesPercent":1.1,"lastname":"Vainio","occupation":"sairaanhoitaja AMK","advanceVotes":9,"npid":5,"totalVotes":13,"spid":2,"abbr":"KOK","municipalCouncilor":false,"muid":81,"alid":5,"firstname":"Päivi","electionDayVotes":4,"pid":"4","finalPosition":0,"electedInformation":"NOT_ELECTED","totalVotesPercent":0.9,"nominatorName":{"fi":"Kansallinen Kokoomus","sv":"Samlingspartiet","en":"National Coalition Party"},"caid":37,"position":0,"gender":"2","comparisonData":{"totalVotes":0,"votesTotalChange":13},"edid":6,"comparativeIndex":0.0,"electionDayVotesPercent":0.6,"nominatorAbbr":{"fi":"KOK","sv":"Saml","en":"NCP"}},{"age":76,"advanceVotesPercent":1.3,"lastname":"Korhonen","occupation":"kirjanpitäjä","advanceVotes":10,"npid":1,"totalVotes":12,"spid":6,"abbr":"VAS","municipalCouncilor":false,"muid":81,"alid":1,"firstname":"Lea","electionDayVotes":2,"pid":"15","finalPosition":0,"electedInformation":"NOT_ELECTED","totalVotesPercent":0.8,"nominatorName":{"fi":"Vasemmistoliitto","sv":"Vänsterförbundet","en":"The Left Alliance"},"caid":3,"position":0,"gender":"2","comparisonData":{"totalVotes":12,"votesTotalChange":0},"edid":6,"comparativeIndex":0.0,"electionDayVotesPercent":0.3,"nominatorAbbr":{"fi":"VAS","sv":"VF","en":"LEFT"}},{"age":50,"advanceVotesPercent":0.5,"lastname":"Koivisto","occupation":"vapaa-aikaohjaaja","advanceVotes":4,"npid":5,"totalVotes":10,"spid":2,"abbr":"KOK","municipalCouncilor":false,"muid":81,"alid":5,"firstname":"Marja-Leena","electionDayVotes":6,"pid":"4","finalPosition":0,"electedInformation":"NOT_ELECTED","totalVotesPercent":0.7,"nominatorName":{"fi":"Kansallinen Kokoomus","sv":"Samlingspartiet","en":"National Coalition Party"},"caid":29,"position":0,"gender":"2","comparisonData":{"totalVotes":2,"votesTotalChange":8},"edid":6,"comparativeIndex":0.0,"electionDayVotesPercent":0.9,"nominatorAbbr":{"fi":"KOK","sv":"Saml","en":"NCP"}},{"age":50,"advanceVotesPercent":0.5,"lastname":"Eilamo","occupation":"luomuviljelijä, biotekniikan DI","advanceVotes":4,"npid":2,"totalVotes":9,"spid":5,"abbr":"VIHR","municipalCouncilor":false,"muid":81,"alid":2,"firstname":"Mari","electionDayVotes":5,"pid":"13","finalPosition":0,"electedInformation":"NOT_ELECTED","totalVotesPercent":0.6,"nominatorName":{"fi":"Vihreä liitto","sv":"Gröna förbundet","en":"Green League"},"caid":6,"position":0,"gender":"2","comparisonData":{"totalVotes":0,"votesTotalChange":9},"edid":6,"comparativeIndex":0.0,"electionDayVotesPercent":0.7,"nominatorAbbr":{"fi":"VIHR","sv":"Gröna","en":"GREEN"}},{"age":48,"advanceVotesPercent":0.6,"lastname":"Edelman","occupation":"yrittäjä","advanceVotes":5,"npid":4,"totalVotes":9,"spid":4,"abbr":"SDP","municipalCouncilor":false,"muid":81,"alid":4,"firstname":"Ossi","electionDayVotes":4,"pid":"1","finalPosition":0,"electedInformation":"ON_SUBSTITUTE_PLACE","totalVotesPercent":0.6,"nominatorName":{"fi":"Suomen Sosialidemokraattinen Puolue","sv":"Finlands Socialdemokratiska Parti","en":"The Finnish Social Democratic Party"},"caid":17,"position":0,"gender":"1","comparisonData":{"totalVotes":0,"votesTotalChange":9},"edid":6,"comparativeIndex":0.0,"electionDayVotesPercent":0.6,"nominatorAbbr":{"fi":"SDP","sv":"SDP","en":"SDP"}},{"age":53,"advanceVotesPercent":0.6,"lastname":"Salakka","occupation":"kokki","advanceVotes":5,"npid":4,"totalVotes":9,"spid":4,"abbr":"SDP","municipalCouncilor":false,"muid":81,"alid":4,"firstname":"Helena","electionDayVotes":4,"pid":"1","finalPosition":0,"electedInformation":"ON_SUBSTITUTE_PLACE","totalVotesPercent":0.6,"nominatorName":{"fi":"Suomen Sosialidemokraattinen Puolue","sv":"Finlands Socialdemokratiska Parti","en":"The Finnish Social Democratic Party"},"caid":23,"position":0,"gender":"2","comparisonData":{"totalVotes":3,"votesTotalChange":6},"edid":6,"comparativeIndex":0.0,"electionDayVotesPercent":0.6,"nominatorAbbr":{"fi":"SDP","sv":"SDP","en":"SDP"}},{"age":50,"advanceVotesPercent":0.9,"lastname":"Rautiainen","occupation":"lukio-opettaja, kouluttaja","advanceVotes":7,"npid":2,"totalVotes":8,"spid":5,"abbr":"VIHR","municipalCouncilor":false,"muid":81,"alid":2,"firstname":"Sirpa","electionDayVotes":1,"pid":"13","finalPosition":0,"electedInformation":"NOT_ELECTED","totalVotesPercent":0.5,"nominatorName":{"fi":"Vihreä liitto","sv":"Gröna förbundet","en":"Green League"},"caid":9,"position":0,"gender":"2","comparisonData":{"totalVotes":86,"votesTotalChange":-78},"edid":6,"comparativeIndex":0.0,"electionDayVotesPercent":0.1,"nominatorAbbr":{"fi":"VIHR","sv":"Gröna","en":"GREEN"}},{"age":59,"advanceVotesPercent":0.5,"lastname":"Salakka","occupation":"kirvesmies","advanceVotes":4,"npid":4,"totalVotes":8,"spid":4,"abbr":"SDP","municipalCouncilor":false,"muid":81,"alid":4,"firstname":"Aarne","electionDayVotes":4,"pid":"1","finalPosition":0,"electedInformation":"NOT_ELECTED","totalVotesPercent":0.5,"nominatorName":{"fi":"Suomen Sosialidemokraattinen Puolue","sv":"Finlands Socialdemokratiska Parti","en":"The Finnish Social Democratic Party"},"caid":22,"position":0,"gender":"1","comparisonData":{"totalVotes":13,"votesTotalChange":-5},"edid":6,"comparativeIndex":0.0,"electionDayVotesPercent":0.6,"nominatorAbbr":{"fi":"SDP","sv":"SDP","en":"SDP"}},{"age":63,"advanceVotesPercent":0.4,"lastname":"Laine","occupation":"maanviljelijä","advanceVotes":3,"npid":6,"totalVotes":8,"spid":1,"abbr":"KESK","municipalCouncilor":false,"muid":81,"alid":6,"firstname":"Antero","electionDayVotes":5,"pid":"2","finalPosition":0,"electedInformation":"ON_SUBSTITUTE_PLACE","totalVotesPercent":0.5,"nominatorName":{"fi":"Suomen Keskusta","sv":"Centern i Finland","en":"Centre Party of Finland"},"caid":43,"position":0,"gender":"1","comparisonData":{"totalVotes":0,"votesTotalChange":8},"edid":6,"comparativeIndex":0.0,"electionDayVotesPercent":0.7,"nominatorAbbr":{"fi":"KESK","sv":"C","en":"CENT"}},{"age":53,"advanceVotesPercent":0.6,"lastname":"Lampimaa","occupation":"emäntä","advanceVotes":5,"npid":6,"totalVotes":8,"spid":1,"abbr":"KESK","municipalCouncilor":false,"muid":81,"alid":6,"firstname":"Jaana","electionDayVotes":3,"pid":"2","finalPosition":0,"electedInformation":"ON_SUBSTITUTE_PLACE","totalVotesPercent":0.5,"nominatorName":{"fi":"Suomen Keskusta","sv":"Centern i Finland","en":"Centre Party of Finland"},"caid":44,"position":0,"gender":"2","comparisonData":{"totalVotes":5,"votesTotalChange":3},"edid":6,"comparativeIndex":0.0,"electionDayVotesPercent":0.4,"nominatorAbbr":{"fi":"KESK","sv":"C","en":"CENT"}},{"age":42,"advanceVotesPercent":0.5,"lastname":"Korhonen","occupation":"myyjä","advanceVotes":4,"npid":5,"totalVotes":7,"spid":2,"abbr":"KOK","municipalCouncilor":false,"muid":81,"alid":5,"firstname":"Anna","electionDayVotes":3,"pid":"4","finalPosition":0,"electedInformation":"NOT_ELECTED","totalVotesPercent":0.5,"nominatorName":{"fi":"Kansallinen Kokoomus","sv":"Samlingspartiet","en":"National Coalition Party"},"caid":30,"position":0,"gender":"2","comparisonData":{"totalVotes":0,"votesTotalChange":7},"edid":6,"comparativeIndex":0.0,"electionDayVotesPercent":0.4,"nominatorAbbr":{"fi":"KOK","sv":"Saml","en":"NCP"}},{"age":62,"advanceVotesPercent":0.3,"lastname":"Peltonen","occupation":"emäntä, eläkeläinen","advanceVotes":2,"npid":3,"totalVotes":5,"spid":3,"abbr":"PS","municipalCouncilor":false,"muid":81,"alid":3,"firstname":"Satu","electionDayVotes":3,"pid":"23","finalPosition":0,"electedInformation":"NOT_ELECTED","totalVotesPercent":0.3,"nominatorName":{"fi":"Perussuomalaiset","sv":"Sannfinländarna","en":"The Finns Party"},"caid":12,"position":0,"gender":"2","comparisonData":{"totalVotes":0,"votesTotalChange":5},"edid":6,"comparativeIndex":0.0,"electionDayVotesPercent":0.4,"nominatorAbbr":{"fi":"PS","sv":"Sannf","en":"FINNS"}},{"age":50,"advanceVotesPercent":0.3,"lastname":"Henno","occupation":"toimistotyöntekijä","advanceVotes":2,"npid":4,"totalVotes":5,"spid":4,"abbr":"SDP","municipalCouncilor":false,"muid":81,"alid":4,"firstname":"Annie","electionDayVotes":3,"pid":"1","finalPosition":0,"electedInformation":"NOT_ELECTED","totalVotesPercent":0.3,"nominatorName":{"fi":"Suomen Sosialidemokraattinen Puolue","sv":"Finlands Socialdemokratiska Parti","en":"The Finnish Social Democratic Party"},"caid":19,"position":0,"gender":"2","comparisonData":{"totalVotes":7,"votesTotalChange":-2},"edid":6,"comparativeIndex":0.0,"electionDayVotesPercent":0.4,"nominatorAbbr":{"fi":"SDP","sv":"SDP","en":"SDP"}},{"age":53,"advanceVotesPercent":0.1,"lastname":"Saarinen","occupation":"maanviljelijä","advanceVotes":1,"npid":6,"totalVotes":5,"spid":1,"abbr":"KESK","municipalCouncilor":false,"muid":81,"alid":6,"firstname":"Juha","electionDayVotes":4,"pid":"2","finalPosition":0,"electedInformation":"ON_SUBSTITUTE_PLACE","totalVotesPercent":0.3,"nominatorName":{"fi":"Suomen Keskusta","sv":"Centern i Finland","en":"Centre Party of Finland"},"caid":49,"position":0,"gender":"1","comparisonData":{"totalVotes":7,"votesTotalChange":-2},"edid":6,"comparativeIndex":0.0,"electionDayVotesPercent":0.6,"nominatorAbbr":{"fi":"KESK","sv":"C","en":"CENT"}},{"age":49,"advanceVotesPercent":0.1,"lastname":"Henno","occupation":"rakennustyömaan johtaja","advanceVotes":1,"npid":4,"totalVotes":4,"spid":4,"abbr":"SDP","municipalCouncilor":false,"muid":81,"alid":4,"firstname":"Heigo","electionDayVotes":3,"pid":"1","finalPosition":0,"electedInformation":"NOT_ELECTED","totalVotesPercent":0.3,"nominatorName":{"fi":"Suomen Sosialidemokraattinen Puolue","sv":"Finlands Socialdemokratiska Parti","en":"The Finnish Social Democratic Party"},"caid":20,"position":0,"gender":"1","comparisonData":{"totalVotes":4,"votesTotalChange":0},"edid":6,"comparativeIndex":0.0,"electionDayVotesPercent":0.4,"nominatorAbbr":{"fi":"SDP","sv":"SDP","en":"SDP"}}],"municipalityPollingDistricts":[{"name":{"fi":"Hartola","sv":"Hartola"},"calculationStatusPercent":100.0,"joinedArea":false,"muid":81,"totalVotingInFinlandTurnout":59.0,"identification":"001","pdid":"001","eligibleVotersInFinlandTotal":2539,"edid":6,"mergedToPdid":""}],"municipality":{"muid":81,"edid":6,"name":{"fi":"Hartola","sv":"Hartola"}}}