{"version":10,"created":"2017-04-09T17:37:35.155Z","electionDetails":{"electionId":"kv2017","electionDate":"2017-04-09T00:00:00.000Z","electionDataPublishTime":"2017-04-09T17:00:00.000Z","name":{"fi":"Kuntavaalit 2017","sv":"Kommunalval 2017","en":"Elections 2017"},"previousElections":{"correspondingCompareElection":{"electionId":"kv2012","electionDate":"2012-10-28T00:00:00.000Z","name":{"fi":"Kuntavaalit 2012","en":"Municipal elections 2012","sv":"Kommunalval 2012"}},"otherCompareElection":{"electionId":"ev2015","electionDate":"2015-04-19T00:00:00.000Z","name":{"fi":"Eduskuntavaalit 2015","en":"Parliamentary election 2015","sv":"Riksdagsval 2015"}}}},"calculationStatus":{"electionDayVotingTurnout":29.9,"invalidAdvanceVotes":5,"calculationPhase":"INITIAL","invalidElectionDayVotes":0,"approvedAdvanceVotes":568,"advanceVotingTurnout":28.6,"totalVotingTurnoutAbroad":0.0,"name":{"fi":"Kausala 1","sv":"Kausala 1"},"calculationStatusPercent":48.8,"advanceVotes":573,"electionDayVotingTurnoutAbroad":0.0,"approvedTotalVotes":568,"totalVotes":1172,"muid":142,"totalVotingInFinlandTurnout":58.5,"advanceVotingTurnoutAbroad":0.0,"invalidTotalVotes":5,"totalVotingTurnout":58.5,"electionDayVotes":599,"electionDayVotesInFinland":599,"pdid":"001","totalVotesInFinlandMen":0,"eligibleVotersInFinlandTotal":2004,"calculationStatusPercentElectionDayVotes":0.0,"sourceRecordModificationTime":"20170409202523","otherCompareElection":{"eid":"","eligibleVotersInFinlandTotal":0,"advanceVotingInFinlandTurnout":0.0,"electionDayVotingInFinlandTurnout":0.0,"totalVotingInFinlandTurnout":0.0,"approvedVotesTotal":0,"invalidVotesTotal":0},"correspondingCompareElection":{"eid":"","eligibleVotersInFinlandTotal":0,"advanceVotingInFinlandTurnout":0.0,"electionDayVotingInFinlandTurnout":0.0,"totalVotingInFinlandTurnout":0.0,"approvedVotesTotal":0,"invalidVotesTotal":0,"seats":0},"approvedElectionDayVotes":0,"edid":8,"calculationStatusPercentAdvanceVotes":100.0,"electionDayVotingInFinlandTurnout":29.9,"seats":0,"eligibleVotersTotal":2004,"advanceVotesInFinland":573,"advanceVotingInFinlandTurnout":28.6,"totalVotesInFinland":1172},"partyResults":[{"advanceVotesPercent":34.7,"name":{"fi":"Suomen Sosialidemokraattinen Puolue","sv":"Finlands Socialdemokratiska Parti","en":"The Finnish Social Democratic Party"},"advanceVotes":197,"npid":4,"totalVotes":197,"spid":4,"abbr":{"fi":"SDP","sv":"SDP","en":"SDP"},"alid":3,"electionDayVotes":0,"pid":"1","totalVotesPercent":34.7,"nominatorName":{"fi":"Suomen Sosialidemokraattinen Puolue","sv":"Finlands Socialdemokratiska Parti","en":"The Finnish Social Democratic Party"},"compareData":{"otherCompareElection":{"votesTotalChange":0,"votesTotalPercentChange":0.0,"votesTotal":197,"votesTotalPercent":34.7},"correspondingCompareElection":{"votesTotalChange":0,"votesTotalPercentChange":0.0,"seatChange":0,"votesTotal":197,"votesTotalPercent":34.7,"seatsTotal":0}},"seats":0,"electionDayVotesPercent":0.0,"nominatorAbbr":{"fi":"SDP","sv":"SDP","en":"SDP"}},{"advanceVotesPercent":33.8,"name":{"fi":"Suomen Keskusta","sv":"Centern i Finland","en":"Centre Party of Finland"},"advanceVotes":192,"npid":1,"totalVotes":192,"spid":1,"abbr":{"fi":"KESK","sv":"C","en":"CENT"},"alid":1,"electionDayVotes":0,"pid":"2","totalVotesPercent":33.8,"nominatorName":{"fi":"Suomen Keskusta","sv":"Centern i Finland","en":"Centre Party of Finland"},"compareData":{"otherCompareElection":{"votesTotalChange":0,"votesTotalPercentChange":0.0,"votesTotal":192,"votesTotalPercent":33.8},"correspondingCompareElection":{"votesTotalChange":0,"votesTotalPercentChange":0.0,"seatChange":0,"votesTotal":192,"votesTotalPercent":33.8,"seatsTotal":0}},"seats":0,"electionDayVotesPercent":0.0,"nominatorAbbr":{"fi":"KESK","sv":"C","en":"CENT"}},{"advanceVotesPercent":13.2,"name":{"fi":"Kansallinen Kokoomus","sv":"Samlingspartiet","en":"National Coalition Party"},"advanceVotes":75,"npid":5,"totalVotes":75,"spid":2,"abbr":{"fi":"KOK","sv":"Saml","en":"NCP"},"alid":4,"electionDayVotes":0,"pid":"4","totalVotesPercent":13.2,"nominatorName":{"fi":"Kansallinen Kokoomus","sv":"Samlingspartiet","en":"National Coalition Party"},"compareData":{"otherCompareElection":{"votesTotalChange":0,"votesTotalPercentChange":0.0,"votesTotal":75,"votesTotalPercent":13.2},"correspondingCompareElection":{"votesTotalChange":0,"votesTotalPercentChange":0.0,"seatChange":0,"votesTotal":75,"votesTotalPercent":13.2,"seatsTotal":0}},"seats":0,"electionDayVotesPercent":0.0,"nominatorAbbr":{"fi":"KOK","sv":"Saml","en":"NCP"}},{"advanceVotesPercent":7.9,"name":{"fi":"Muut ryhmät","sv":"Övriga grupper","en":"Other groups"},"advanceVotes":45,"npid":6,"totalVotes":45,"spid":99,"abbr":{"fi":"Muut","sv":"Övriga","en":"Others"},"alid":5,"electionDayVotes":0,"pid":"1426","totalVotesPercent":7.9,"nominatorName":{"fi":"Iitin Sitoutumattomat ry","sv":"Iitin Sitoutumattomat ry","en":"Iitin Sitoutumattomat ry"},"compareData":{"otherCompareElection":{"votesTotalChange":0,"votesTotalPercentChange":0.0,"votesTotal":45,"votesTotalPercent":7.9},"correspondingCompareElection":{"votesTotalChange":0,"votesTotalPercentChange":0.0,"seatChange":0,"votesTotal":45,"votesTotalPercent":7.9,"seatsTotal":0}},"seats":0,"electionDayVotesPercent":0.0,"nominatorAbbr":{"fi":"Sit.","sv":"Sit.","en":"Sit."}},{"advanceVotesPercent":4.0,"name":{"fi":"Muut ryhmät","sv":"Övriga grupper","en":"Other groups"},"advanceVotes":23,"npid":7,"totalVotes":23,"spid":99,"abbr":{"fi":"Muut","sv":"Övriga","en":"Others"},"alid":6,"electionDayVotes":0,"pid":"1427","totalVotesPercent":4.0,"nominatorName":{"fi":"Iitin Vasen Ryhmä","sv":"Iitin Vasen Ryhmä","en":"Iitin Vasen Ryhmä"},"compareData":{"otherCompareElection":{"votesTotalChange":0,"votesTotalPercentChange":0.0,"votesTotal":23,"votesTotalPercent":4.0},"correspondingCompareElection":{"votesTotalChange":0,"votesTotalPercentChange":0.0,"seatChange":0,"votesTotal":23,"votesTotalPercent":4.0,"seatsTotal":0}},"seats":0,"electionDayVotesPercent":0.0,"nominatorAbbr":{"fi":"VARY","sv":"VARY","en":"VARY"}},{"advanceVotesPercent":3.2,"name":{"fi":"Vihreä liitto","sv":"Gröna förbundet","en":"Green League"},"advanceVotes":18,"npid":3,"totalVotes":18,"spid":5,"abbr":{"fi":"VIHR","sv":"Gröna","en":"GREEN"},"alid":2,"electionDayVotes":0,"pid":"13","totalVotesPercent":3.2,"nominatorName":{"fi":"Vihreä liitto","sv":"Gröna förbundet","en":"Green League"},"compareData":{"otherCompareElection":{"votesTotalChange":0,"votesTotalPercentChange":0.0,"votesTotal":18,"votesTotalPercent":3.2},"correspondingCompareElection":{"votesTotalChange":0,"votesTotalPercentChange":0.0,"seatChange":0,"votesTotal":18,"votesTotalPercent":3.2,"seatsTotal":0}},"seats":0,"electionDayVotesPercent":0.0,"nominatorAbbr":{"fi":"VIHR","sv":"Gröna","en":"GREEN"}},{"advanceVotesPercent":3.2,"name":{"fi":"Suomen Kristillisdemokraatit (KD)","sv":"Kristdemokraterna i Finland (KD)","en":"Christian Democrats in Finland"},"advanceVotes":18,"npid":2,"totalVotes":18,"spid":8,"abbr":{"fi":"KD","sv":"KD","en":"CD"},"alid":1,"electionDayVotes":0,"pid":"9","totalVotesPercent":3.2,"nominatorName":{"fi":"Suomen Kristillisdemokraatit (KD)","sv":"Kristdemokraterna i Finland (KD)","en":"Christian Democrats in Finland"},"compareData":{"otherCompareElection":{"votesTotalChange":0,"votesTotalPercentChange":0.0,"votesTotal":18,"votesTotalPercent":3.2},"correspondingCompareElection":{"votesTotalChange":0,"votesTotalPercentChange":0.0,"seatChange":0,"votesTotal":18,"votesTotalPercent":3.2,"seatsTotal":0}},"seats":0,"electionDayVotesPercent":0.0,"nominatorAbbr":{"fi":"KD","sv":"KD","en":"CD"}}],"candidateResults":[{"age":24,"advanceVotesPercent":12.5,"lastname":"Lehtinen","occupation":"yhteiskuntatieteiden kandidaatti","advanceVotes":71,"npid":4,"totalVotes":71,"spid":4,"abbr":"SDP","municipalCouncilor":true,"muid":142,"alid":3,"firstname":"Eemeli","electionDayVotes":0,"pid":"1","finalPosition":0,"electedInformation":"ELECTED","totalVotesPercent":12.5,"nominatorName":{"fi":"Suomen Sosialidemokraattinen Puolue","sv":"Finlands Socialdemokratiska Parti","en":"The Finnish Social Democratic Party"},"caid":37,"position":0,"gender":"1","comparisonData":{"totalVotes":62,"votesTotalChange":9},"edid":8,"comparativeIndex":0.0,"electionDayVotesPercent":0.0,"nominatorAbbr":{"fi":"SDP","sv":"SDP","en":"SDP"}},{"age":32,"advanceVotesPercent":8.6,"lastname":"Peltola","occupation":"VTM, koulutuspäällikkö","advanceVotes":49,"npid":1,"totalVotes":49,"spid":1,"abbr":"KESK","municipalCouncilor":true,"muid":142,"alid":1,"firstname":"Anniina","electionDayVotes":0,"pid":"2","finalPosition":0,"electedInformation":"ELECTED","totalVotesPercent":8.6,"nominatorName":{"fi":"Suomen Keskusta","sv":"Centern i Finland","en":"Centre Party of Finland"},"caid":18,"position":0,"gender":"2","comparisonData":{"totalVotes":130,"votesTotalChange":-81},"edid":8,"comparativeIndex":0.0,"electionDayVotesPercent":0.0,"nominatorAbbr":{"fi":"KESK","sv":"C","en":"CENT"}},{"age":39,"advanceVotesPercent":3.9,"lastname":"Luoma-aho","occupation":"vesitalousasiantuntija, DI","advanceVotes":22,"npid":4,"totalVotes":22,"spid":4,"abbr":"SDP","municipalCouncilor":false,"muid":142,"alid":3,"firstname":"Maria","electionDayVotes":0,"pid":"1","finalPosition":0,"electedInformation":"ELECTED","totalVotesPercent":3.9,"nominatorName":{"fi":"Suomen Sosialidemokraattinen Puolue","sv":"Finlands Socialdemokratiska Parti","en":"The Finnish Social Democratic Party"},"caid":38,"position":0,"gender":"2","comparisonData":{"totalVotes":43,"votesTotalChange":-21},"edid":8,"comparativeIndex":0.0,"electionDayVotesPercent":0.0,"nominatorAbbr":{"fi":"SDP","sv":"SDP","en":"SDP"}},{"age":59,"advanceVotesPercent":3.9,"lastname":"Vierumäki","occupation":"luutnantti evp., linja-autonkuljettaja","advanceVotes":22,"npid":4,"totalVotes":22,"spid":4,"abbr":"SDP","municipalCouncilor":false,"muid":142,"alid":3,"firstname":"Juha","electionDayVotes":0,"pid":"1","finalPosition":0,"electedInformation":"ELECTED","totalVotesPercent":3.9,"nominatorName":{"fi":"Suomen Sosialidemokraattinen Puolue","sv":"Finlands Socialdemokratiska Parti","en":"The Finnish Social Democratic Party"},"caid":46,"position":0,"gender":"1","comparisonData":{"totalVotes":32,"votesTotalChange":-10},"edid":8,"comparativeIndex":0.0,"electionDayVotesPercent":0.0,"nominatorAbbr":{"fi":"SDP","sv":"SDP","en":"SDP"}},{"age":69,"advanceVotesPercent":3.5,"lastname":"Pasila","occupation":"kunnallisneuvos, yhdistysaktiivi","advanceVotes":20,"npid":1,"totalVotes":20,"spid":1,"abbr":"KESK","municipalCouncilor":true,"muid":142,"alid":1,"firstname":"Olli","electionDayVotes":0,"pid":"2","finalPosition":0,"electedInformation":"ELECTED","totalVotesPercent":3.5,"nominatorName":{"fi":"Suomen Keskusta","sv":"Centern i Finland","en":"Centre Party of Finland"},"caid":17,"position":0,"gender":"1","comparisonData":{"totalVotes":120,"votesTotalChange":-100},"edid":8,"comparativeIndex":0.0,"electionDayVotesPercent":0.0,"nominatorAbbr":{"fi":"KESK","sv":"C","en":"CENT"}},{"age":49,"advanceVotesPercent":3.3,"lastname":"Hutri","occupation":"kirvesmies, yrittäjä","advanceVotes":19,"npid":6,"totalVotes":19,"spid":99,"abbr":"Muut","municipalCouncilor":false,"muid":142,"alid":5,"firstname":"Heikki","electionDayVotes":0,"pid":"1426","finalPosition":0,"electedInformation":"ELECTED","totalVotesPercent":3.3,"nominatorName":{"fi":"Iitin Sitoutumattomat ry","sv":"Iitin Sitoutumattomat ry","en":"Iitin Sitoutumattomat ry"},"caid":60,"position":0,"gender":"1","comparisonData":{"totalVotes":0,"votesTotalChange":19},"edid":8,"comparativeIndex":0.0,"electionDayVotesPercent":0.0,"nominatorAbbr":{"fi":"Sit.","sv":"Sit.","en":"Sit."}},{"age":63,"advanceVotesPercent":3.0,"lastname":"Nordlund","occupation":"eläkeläinen","advanceVotes":17,"npid":5,"totalVotes":17,"spid":2,"abbr":"KOK","municipalCouncilor":false,"muid":142,"alid":4,"firstname":"Jyrki","electionDayVotes":0,"pid":"4","finalPosition":0,"electedInformation":"ELECTED","totalVotesPercent":3.0,"nominatorName":{"fi":"Kansallinen Kokoomus","sv":"Samlingspartiet","en":"National Coalition Party"},"caid":52,"position":0,"gender":"1","comparisonData":{"totalVotes":0,"votesTotalChange":17},"edid":8,"comparativeIndex":0.0,"electionDayVotesPercent":0.0,"nominatorAbbr":{"fi":"KOK","sv":"Saml","en":"NCP"}},{"age":60,"advanceVotesPercent":3.0,"lastname":"Yli-Kaitala","occupation":"matkailuyrittäjä","advanceVotes":17,"npid":5,"totalVotes":17,"spid":2,"abbr":"KOK","municipalCouncilor":true,"muid":142,"alid":4,"firstname":"Markku","electionDayVotes":0,"pid":"4","finalPosition":0,"electedInformation":"ELECTED","totalVotesPercent":3.0,"nominatorName":{"fi":"Kansallinen Kokoomus","sv":"Samlingspartiet","en":"National Coalition Party"},"caid":56,"position":0,"gender":"1","comparisonData":{"totalVotes":64,"votesTotalChange":-47},"edid":8,"comparativeIndex":0.0,"electionDayVotesPercent":0.0,"nominatorAbbr":{"fi":"KOK","sv":"Saml","en":"NCP"}},{"age":75,"advanceVotesPercent":3.0,"lastname":"Suhonen","occupation":"merkonomi, kunnanvaltuutettu","advanceVotes":17,"npid":7,"totalVotes":17,"spid":99,"abbr":"Muut","municipalCouncilor":true,"muid":142,"alid":6,"firstname":"Hannu","electionDayVotes":0,"pid":"1427","finalPosition":0,"electedInformation":"ELECTED","totalVotesPercent":3.0,"nominatorName":{"fi":"Iitin Vasen Ryhmä","sv":"Iitin Vasen Ryhmä","en":"Iitin Vasen Ryhmä"},"caid":69,"position":0,"gender":"1","comparisonData":{"totalVotes":104,"votesTotalChange":-87},"edid":8,"comparativeIndex":0.0,"electionDayVotesPercent":0.0,"nominatorAbbr":{"fi":"VARY","sv":"VARY","en":"VARY"}},{"age":49,"advanceVotesPercent":2.8,"lastname":"Lonka","occupation":"maatalousyrittäjä, pitopalveluyrittäjä","advanceVotes":16,"npid":1,"totalVotes":16,"spid":1,"abbr":"KESK","municipalCouncilor":true,"muid":142,"alid":1,"firstname":"Merja","electionDayVotes":0,"pid":"2","finalPosition":0,"electedInformation":"ELECTED","totalVotesPercent":2.8,"nominatorName":{"fi":"Suomen Keskusta","sv":"Centern i Finland","en":"Centre Party of Finland"},"caid":12,"position":0,"gender":"2","comparisonData":{"totalVotes":110,"votesTotalChange":-94},"edid":8,"comparativeIndex":0.0,"electionDayVotesPercent":0.0,"nominatorAbbr":{"fi":"KESK","sv":"C","en":"CENT"}},{"age":33,"advanceVotesPercent":2.6,"lastname":"Kare","occupation":"KTM, DI","advanceVotes":15,"npid":5,"totalVotes":15,"spid":2,"abbr":"KOK","municipalCouncilor":true,"muid":142,"alid":4,"firstname":"Terhi","electionDayVotes":0,"pid":"4","finalPosition":0,"electedInformation":"ELECTED","totalVotesPercent":2.6,"nominatorName":{"fi":"Kansallinen Kokoomus","sv":"Samlingspartiet","en":"National Coalition Party"},"caid":50,"position":0,"gender":"2","comparisonData":{"totalVotes":52,"votesTotalChange":-37},"edid":8,"comparativeIndex":0.0,"electionDayVotesPercent":0.0,"nominatorAbbr":{"fi":"KOK","sv":"Saml","en":"NCP"}},{"age":71,"advanceVotesPercent":2.5,"lastname":"Heinonen","occupation":"SKY-kosmetologi","advanceVotes":14,"npid":1,"totalVotes":14,"spid":1,"abbr":"KESK","municipalCouncilor":true,"muid":142,"alid":1,"firstname":"Sinikka","electionDayVotes":0,"pid":"2","finalPosition":0,"electedInformation":"ELECTED","totalVotesPercent":2.5,"nominatorName":{"fi":"Suomen Keskusta","sv":"Centern i Finland","en":"Centre Party of Finland"},"caid":3,"position":0,"gender":"2","comparisonData":{"totalVotes":58,"votesTotalChange":-44},"edid":8,"comparativeIndex":0.0,"electionDayVotesPercent":0.0,"nominatorAbbr":{"fi":"KESK","sv":"C","en":"CENT"}},{"age":46,"advanceVotesPercent":2.5,"lastname":"Savelainen","occupation":"toimitusjohtaja, yrittäjä","advanceVotes":14,"npid":1,"totalVotes":14,"spid":1,"abbr":"KESK","municipalCouncilor":false,"muid":142,"alid":1,"firstname":"Atte","electionDayVotes":0,"pid":"2","finalPosition":0,"electedInformation":"ELECTED","totalVotesPercent":2.5,"nominatorName":{"fi":"Suomen Keskusta","sv":"Centern i Finland","en":"Centre Party of Finland"},"caid":20,"position":0,"gender":"1","comparisonData":{"totalVotes":0,"votesTotalChange":14},"edid":8,"comparativeIndex":0.0,"electionDayVotesPercent":0.0,"nominatorAbbr":{"fi":"KESK","sv":"C","en":"CENT"}},{"age":33,"advanceVotesPercent":2.3,"lastname":"Aalto","occupation":"taksiautoilija","advanceVotes":13,"npid":1,"totalVotes":13,"spid":1,"abbr":"KESK","municipalCouncilor":true,"muid":142,"alid":1,"firstname":"Janne","electionDayVotes":0,"pid":"2","finalPosition":0,"electedInformation":"ELECTED","totalVotesPercent":2.3,"nominatorName":{"fi":"Suomen Keskusta","sv":"Centern i Finland","en":"Centre Party of Finland"},"caid":2,"position":0,"gender":"1","comparisonData":{"totalVotes":93,"votesTotalChange":-80},"edid":8,"comparativeIndex":0.0,"electionDayVotesPercent":0.0,"nominatorAbbr":{"fi":"KESK","sv":"C","en":"CENT"}},{"age":54,"advanceVotesPercent":2.1,"lastname":"Houni","occupation":"paloinsinööri, maanviljelijä","advanceVotes":12,"npid":1,"totalVotes":12,"spid":1,"abbr":"KESK","municipalCouncilor":false,"muid":142,"alid":1,"firstname":"Reijo","electionDayVotes":0,"pid":"2","finalPosition":0,"electedInformation":"ELECTED","totalVotesPercent":2.1,"nominatorName":{"fi":"Suomen Keskusta","sv":"Centern i Finland","en":"Centre Party of Finland"},"caid":5,"position":0,"gender":"1","comparisonData":{"totalVotes":18,"votesTotalChange":-6},"edid":8,"comparativeIndex":0.0,"electionDayVotesPercent":0.0,"nominatorAbbr":{"fi":"KESK","sv":"C","en":"CENT"}},{"age":65,"advanceVotesPercent":2.1,"lastname":"Viitala","occupation":"yrittäjä","advanceVotes":12,"npid":2,"totalVotes":12,"spid":8,"abbr":"KD","municipalCouncilor":false,"muid":142,"alid":1,"firstname":"Leena","electionDayVotes":0,"pid":"9","finalPosition":0,"electedInformation":"ELECTED","totalVotesPercent":2.1,"nominatorName":{"fi":"Suomen Kristillisdemokraatit (KD)","sv":"Kristdemokraterna i Finland (KD)","en":"Christian Democrats in Finland"},"caid":26,"position":0,"gender":"2","comparisonData":{"totalVotes":43,"votesTotalChange":-31},"edid":8,"comparativeIndex":0.0,"electionDayVotesPercent":0.0,"nominatorAbbr":{"fi":"KD","sv":"KD","en":"CD"}},{"age":62,"advanceVotesPercent":2.1,"lastname":"Drockila","occupation":"pääluottamusmies, eläkeläinen","advanceVotes":12,"npid":4,"totalVotes":12,"spid":4,"abbr":"SDP","municipalCouncilor":true,"muid":142,"alid":3,"firstname":"Leif","electionDayVotes":0,"pid":"1","finalPosition":0,"electedInformation":"ELECTED","totalVotesPercent":2.1,"nominatorName":{"fi":"Suomen Sosialidemokraattinen Puolue","sv":"Finlands Socialdemokratiska Parti","en":"The Finnish Social Democratic Party"},"caid":32,"position":0,"gender":"1","comparisonData":{"totalVotes":70,"votesTotalChange":-58},"edid":8,"comparativeIndex":0.0,"electionDayVotesPercent":0.0,"nominatorAbbr":{"fi":"SDP","sv":"SDP","en":"SDP"}},{"age":66,"advanceVotesPercent":1.9,"lastname":"Kankkunen","occupation":"yrittäjä","advanceVotes":11,"npid":4,"totalVotes":11,"spid":4,"abbr":"SDP","municipalCouncilor":false,"muid":142,"alid":3,"firstname":"Antti","electionDayVotes":0,"pid":"1","finalPosition":0,"electedInformation":"ELECTED","totalVotesPercent":1.9,"nominatorName":{"fi":"Suomen Sosialidemokraattinen Puolue","sv":"Finlands Socialdemokratiska Parti","en":"The Finnish Social Democratic Party"},"caid":35,"position":0,"gender":"1","comparisonData":{"totalVotes":0,"votesTotalChange":11},"edid":8,"comparativeIndex":0.0,"electionDayVotesPercent":0.0,"nominatorAbbr":{"fi":"SDP","sv":"SDP","en":"SDP"}},{"age":70,"advanceVotesPercent":1.9,"lastname":"Laaksonen","occupation":"toimistosihteeri, eläkeläinen","advanceVotes":11,"npid":4,"totalVotes":11,"spid":4,"abbr":"SDP","municipalCouncilor":false,"muid":142,"alid":3,"firstname":"Kyllikki","electionDayVotes":0,"pid":"1","finalPosition":0,"electedInformation":"ON_SUBSTITUTE_PLACE","totalVotesPercent":1.9,"nominatorName":{"fi":"Suomen Sosialidemokraattinen Puolue","sv":"Finlands Socialdemokratiska Parti","en":"The Finnish Social Democratic Party"},"caid":36,"position":0,"gender":"2","comparisonData":{"totalVotes":33,"votesTotalChange":-22},"edid":8,"comparativeIndex":0.0,"electionDayVotesPercent":0.0,"nominatorAbbr":{"fi":"SDP","sv":"SDP","en":"SDP"}},{"age":58,"advanceVotesPercent":1.9,"lastname":"Söderholm","occupation":"lähihoitaja","advanceVotes":11,"npid":4,"totalVotes":11,"spid":4,"abbr":"SDP","municipalCouncilor":false,"muid":142,"alid":3,"firstname":"Merja","electionDayVotes":0,"pid":"1","finalPosition":0,"electedInformation":"ELECTED","totalVotesPercent":1.9,"nominatorName":{"fi":"Suomen Sosialidemokraattinen Puolue","sv":"Finlands Socialdemokratiska Parti","en":"The Finnish Social Democratic Party"},"caid":45,"position":0,"gender":"2","comparisonData":{"totalVotes":0,"votesTotalChange":11},"edid":8,"comparativeIndex":0.0,"electionDayVotesPercent":0.0,"nominatorAbbr":{"fi":"SDP","sv":"SDP","en":"SDP"}},{"age":33,"advanceVotesPercent":1.8,"lastname":"Tuomala","occupation":"liikunnanohjaaja, Personal Trainer","advanceVotes":10,"npid":1,"totalVotes":10,"spid":1,"abbr":"KESK","municipalCouncilor":true,"muid":142,"alid":1,"firstname":"Riitta","electionDayVotes":0,"pid":"2","finalPosition":0,"electedInformation":"ELECTED","totalVotesPercent":1.8,"nominatorName":{"fi":"Suomen Keskusta","sv":"Centern i Finland","en":"Centre Party of Finland"},"caid":22,"position":0,"gender":"2","comparisonData":{"totalVotes":72,"votesTotalChange":-62},"edid":8,"comparativeIndex":0.0,"electionDayVotesPercent":0.0,"nominatorAbbr":{"fi":"KESK","sv":"C","en":"CENT"}},{"age":57,"advanceVotesPercent":1.6,"lastname":"Hippeläinen","occupation":"metsätalousinsinööri","advanceVotes":9,"npid":3,"totalVotes":9,"spid":5,"abbr":"VIHR","municipalCouncilor":false,"muid":142,"alid":2,"firstname":"Päivi","electionDayVotes":0,"pid":"13","finalPosition":0,"electedInformation":"NOT_ELECTED","totalVotesPercent":1.6,"nominatorName":{"fi":"Vihreä liitto","sv":"Gröna förbundet","en":"Green League"},"caid":27,"position":0,"gender":"2","comparisonData":{"totalVotes":29,"votesTotalChange":-20},"edid":8,"comparativeIndex":0.0,"electionDayVotesPercent":0.0,"nominatorAbbr":{"fi":"VIHR","sv":"Gröna","en":"GREEN"}},{"age":69,"advanceVotesPercent":1.6,"lastname":"Saarelma","occupation":"lääketieteen lisensiaatti","advanceVotes":9,"npid":4,"totalVotes":9,"spid":4,"abbr":"SDP","municipalCouncilor":false,"muid":142,"alid":3,"firstname":"Markku","electionDayVotes":0,"pid":"1","finalPosition":0,"electedInformation":"ELECTED","totalVotesPercent":1.6,"nominatorName":{"fi":"Suomen Sosialidemokraattinen Puolue","sv":"Finlands Socialdemokratiska Parti","en":"The Finnish Social Democratic Party"},"caid":43,"position":0,"gender":"1","comparisonData":{"totalVotes":37,"votesTotalChange":-28},"edid":8,"comparativeIndex":0.0,"electionDayVotesPercent":0.0,"nominatorAbbr":{"fi":"SDP","sv":"SDP","en":"SDP"}},{"age":66,"advanceVotesPercent":1.6,"lastname":"Taavila","occupation":"pankkineuvoja, eläkeläinen","advanceVotes":9,"npid":5,"totalVotes":9,"spid":2,"abbr":"KOK","municipalCouncilor":false,"muid":142,"alid":4,"firstname":"Eija","electionDayVotes":0,"pid":"4","finalPosition":0,"electedInformation":"ON_SUBSTITUTE_PLACE","totalVotesPercent":1.6,"nominatorName":{"fi":"Kansallinen Kokoomus","sv":"Samlingspartiet","en":"National Coalition Party"},"caid":55,"position":0,"gender":"2","comparisonData":{"totalVotes":0,"votesTotalChange":9},"edid":8,"comparativeIndex":0.0,"electionDayVotesPercent":0.0,"nominatorAbbr":{"fi":"KOK","sv":"Saml","en":"NCP"}},{"age":47,"advanceVotesPercent":1.2,"lastname":"Kokkonen","occupation":"tekniikan ylioppilas, vuokranantaja","advanceVotes":7,"npid":1,"totalVotes":7,"spid":1,"abbr":"KESK","municipalCouncilor":false,"muid":142,"alid":1,"firstname":"Maria","electionDayVotes":0,"pid":"2","finalPosition":0,"electedInformation":"ON_SUBSTITUTE_PLACE","totalVotesPercent":1.2,"nominatorName":{"fi":"Suomen Keskusta","sv":"Centern i Finland","en":"Centre Party of Finland"},"caid":8,"position":0,"gender":"2","comparisonData":{"totalVotes":7,"votesTotalChange":0},"edid":8,"comparativeIndex":0.0,"electionDayVotesPercent":0.0,"nominatorAbbr":{"fi":"KESK","sv":"C","en":"CENT"}},{"age":63,"advanceVotesPercent":1.2,"lastname":"Alestalo","occupation":"agronomi","advanceVotes":7,"npid":5,"totalVotes":7,"spid":2,"abbr":"KOK","municipalCouncilor":true,"muid":142,"alid":4,"firstname":"Riitta","electionDayVotes":0,"pid":"4","finalPosition":0,"electedInformation":"ELECTED","totalVotesPercent":1.2,"nominatorName":{"fi":"Kansallinen Kokoomus","sv":"Samlingspartiet","en":"National Coalition Party"},"caid":47,"position":0,"gender":"2","comparisonData":{"totalVotes":78,"votesTotalChange":-71},"edid":8,"comparativeIndex":0.0,"electionDayVotesPercent":0.0,"nominatorAbbr":{"fi":"KOK","sv":"Saml","en":"NCP"}},{"age":40,"advanceVotesPercent":1.2,"lastname":"Kytösaho","occupation":"yrittäjä","advanceVotes":7,"npid":6,"totalVotes":7,"spid":99,"abbr":"Muut","municipalCouncilor":false,"muid":142,"alid":5,"firstname":"Maiju","electionDayVotes":0,"pid":"1426","finalPosition":0,"electedInformation":"NOT_ELECTED","totalVotesPercent":1.2,"nominatorName":{"fi":"Iitin Sitoutumattomat ry","sv":"Iitin Sitoutumattomat ry","en":"Iitin Sitoutumattomat ry"},"caid":62,"position":0,"gender":"2","comparisonData":{"totalVotes":0,"votesTotalChange":7},"edid":8,"comparativeIndex":0.0,"electionDayVotesPercent":0.0,"nominatorAbbr":{"fi":"Sit.","sv":"Sit.","en":"Sit."}},{"age":53,"advanceVotesPercent":1.1,"lastname":"Koivunen","occupation":"metsätalousyrittäjä, maanrakennustyöntekijä","advanceVotes":6,"npid":1,"totalVotes":6,"spid":1,"abbr":"KESK","municipalCouncilor":true,"muid":142,"alid":1,"firstname":"Pasi","electionDayVotes":0,"pid":"2","finalPosition":0,"electedInformation":"ELECTED","totalVotesPercent":1.1,"nominatorName":{"fi":"Suomen Keskusta","sv":"Centern i Finland","en":"Centre Party of Finland"},"caid":7,"position":0,"gender":"1","comparisonData":{"totalVotes":63,"votesTotalChange":-57},"edid":8,"comparativeIndex":0.0,"electionDayVotesPercent":0.0,"nominatorAbbr":{"fi":"KESK","sv":"C","en":"CENT"}},{"age":46,"advanceVotesPercent":1.1,"lastname":"Porkka","occupation":"sähköteknikko","advanceVotes":6,"npid":2,"totalVotes":6,"spid":8,"abbr":"KD","municipalCouncilor":false,"muid":142,"alid":1,"firstname":"Kari","electionDayVotes":0,"pid":"9","finalPosition":0,"electedInformation":"ON_SUBSTITUTE_PLACE","totalVotesPercent":1.1,"nominatorName":{"fi":"Suomen Kristillisdemokraatit (KD)","sv":"Kristdemokraterna i Finland (KD)","en":"Christian Democrats in Finland"},"caid":25,"position":0,"gender":"1","comparisonData":{"totalVotes":0,"votesTotalChange":6},"edid":8,"comparativeIndex":0.0,"electionDayVotesPercent":0.0,"nominatorAbbr":{"fi":"KD","sv":"KD","en":"CD"}},{"age":33,"advanceVotesPercent":1.1,"lastname":"Holmberg","occupation":"vientihuolitsija","advanceVotes":6,"npid":3,"totalVotes":6,"spid":5,"abbr":"VIHR","municipalCouncilor":false,"muid":142,"alid":2,"firstname":"Terhi","electionDayVotes":0,"pid":"13","finalPosition":0,"electedInformation":"NOT_ELECTED","totalVotesPercent":1.1,"nominatorName":{"fi":"Vihreä liitto","sv":"Gröna förbundet","en":"Green League"},"caid":28,"position":0,"gender":"2","comparisonData":{"totalVotes":0,"votesTotalChange":6},"edid":8,"comparativeIndex":0.0,"electionDayVotesPercent":0.0,"nominatorAbbr":{"fi":"VIHR","sv":"Gröna","en":"GREEN"}},{"age":51,"advanceVotesPercent":1.1,"lastname":"Ruuskanen","occupation":"erityisasiantuntija, HTM","advanceVotes":6,"npid":5,"totalVotes":6,"spid":2,"abbr":"KOK","municipalCouncilor":false,"muid":142,"alid":4,"firstname":"Satu","electionDayVotes":0,"pid":"4","finalPosition":0,"electedInformation":"ON_SUBSTITUTE_PLACE","totalVotesPercent":1.1,"nominatorName":{"fi":"Kansallinen Kokoomus","sv":"Samlingspartiet","en":"National Coalition Party"},"caid":54,"position":0,"gender":"2","comparisonData":{"totalVotes":7,"votesTotalChange":-1},"edid":8,"comparativeIndex":0.0,"electionDayVotesPercent":0.0,"nominatorAbbr":{"fi":"KOK","sv":"Saml","en":"NCP"}},{"age":41,"advanceVotesPercent":1.1,"lastname":"Jaakkola","occupation":"päihde-/psykiatrinen sairaanhoitaja","advanceVotes":6,"npid":6,"totalVotes":6,"spid":99,"abbr":"Muut","municipalCouncilor":false,"muid":142,"alid":5,"firstname":"Taina","electionDayVotes":0,"pid":"1426","finalPosition":0,"electedInformation":"ON_SUBSTITUTE_PLACE","totalVotesPercent":1.1,"nominatorName":{"fi":"Iitin Sitoutumattomat ry","sv":"Iitin Sitoutumattomat ry","en":"Iitin Sitoutumattomat ry"},"caid":61,"position":0,"gender":"2","comparisonData":{"totalVotes":0,"votesTotalChange":6},"edid":8,"comparativeIndex":0.0,"electionDayVotesPercent":0.0,"nominatorAbbr":{"fi":"Sit.","sv":"Sit.","en":"Sit."}},{"age":49,"advanceVotesPercent":1.1,"lastname":"Vahvelainen","occupation":"työmies","advanceVotes":6,"npid":7,"totalVotes":6,"spid":99,"abbr":"Muut","municipalCouncilor":false,"muid":142,"alid":6,"firstname":"Arto","electionDayVotes":0,"pid":"1427","finalPosition":0,"electedInformation":"ON_SUBSTITUTE_PLACE","totalVotesPercent":1.1,"nominatorName":{"fi":"Iitin Vasen Ryhmä","sv":"Iitin Vasen Ryhmä","en":"Iitin Vasen Ryhmä"},"caid":70,"position":0,"gender":"1","comparisonData":{"totalVotes":14,"votesTotalChange":-8},"edid":8,"comparativeIndex":0.0,"electionDayVotesPercent":0.0,"nominatorAbbr":{"fi":"VARY","sv":"VARY","en":"VARY"}},{"age":68,"advanceVotesPercent":0.9,"lastname":"Alatalo","occupation":"toimittaja, eläkeläinen","advanceVotes":5,"npid":4,"totalVotes":5,"spid":4,"abbr":"SDP","municipalCouncilor":false,"muid":142,"alid":3,"firstname":"Liisa","electionDayVotes":0,"pid":"1","finalPosition":0,"electedInformation":"ON_SUBSTITUTE_PLACE","totalVotesPercent":0.9,"nominatorName":{"fi":"Suomen Sosialidemokraattinen Puolue","sv":"Finlands Socialdemokratiska Parti","en":"The Finnish Social Democratic Party"},"caid":30,"position":0,"gender":"2","comparisonData":{"totalVotes":26,"votesTotalChange":-21},"edid":8,"comparativeIndex":0.0,"electionDayVotesPercent":0.0,"nominatorAbbr":{"fi":"SDP","sv":"SDP","en":"SDP"}},{"age":63,"advanceVotesPercent":0.9,"lastname":"Palkinen","occupation":"eläkeläinen","advanceVotes":5,"npid":4,"totalVotes":5,"spid":4,"abbr":"SDP","municipalCouncilor":false,"muid":142,"alid":3,"firstname":"Antti","electionDayVotes":0,"pid":"1","finalPosition":0,"electedInformation":"ON_SUBSTITUTE_PLACE","totalVotesPercent":0.9,"nominatorName":{"fi":"Suomen Sosialidemokraattinen Puolue","sv":"Finlands Socialdemokratiska Parti","en":"The Finnish Social Democratic Party"},"caid":39,"position":0,"gender":"1","comparisonData":{"totalVotes":0,"votesTotalChange":5},"edid":8,"comparativeIndex":0.0,"electionDayVotesPercent":0.0,"nominatorAbbr":{"fi":"SDP","sv":"SDP","en":"SDP"}},{"age":70,"advanceVotesPercent":0.9,"lastname":"Sundberg","occupation":"eläkeläinen","advanceVotes":5,"npid":4,"totalVotes":5,"spid":4,"abbr":"SDP","municipalCouncilor":false,"muid":142,"alid":3,"firstname":"Esa","electionDayVotes":0,"pid":"1","finalPosition":0,"electedInformation":"ON_SUBSTITUTE_PLACE","totalVotesPercent":0.9,"nominatorName":{"fi":"Suomen Sosialidemokraattinen Puolue","sv":"Finlands Socialdemokratiska Parti","en":"The Finnish Social Democratic Party"},"caid":44,"position":0,"gender":"1","comparisonData":{"totalVotes":18,"votesTotalChange":-13},"edid":8,"comparativeIndex":0.0,"electionDayVotesPercent":0.0,"nominatorAbbr":{"fi":"SDP","sv":"SDP","en":"SDP"}},{"age":64,"advanceVotesPercent":0.7,"lastname":"Holttinen","occupation":"eläkeläinen","advanceVotes":4,"npid":1,"totalVotes":4,"spid":1,"abbr":"KESK","municipalCouncilor":false,"muid":142,"alid":1,"firstname":"Erkki","electionDayVotes":0,"pid":"2","finalPosition":0,"electedInformation":"ON_SUBSTITUTE_PLACE","totalVotesPercent":0.7,"nominatorName":{"fi":"Suomen Keskusta","sv":"Centern i Finland","en":"Centre Party of Finland"},"caid":4,"position":0,"gender":"1","comparisonData":{"totalVotes":23,"votesTotalChange":-19},"edid":8,"comparativeIndex":0.0,"electionDayVotesPercent":0.0,"nominatorAbbr":{"fi":"KESK","sv":"C","en":"CENT"}},{"age":68,"advanceVotesPercent":0.7,"lastname":"Korpela","occupation":"eläkeläinen","advanceVotes":4,"npid":1,"totalVotes":4,"spid":1,"abbr":"KESK","municipalCouncilor":false,"muid":142,"alid":1,"firstname":"Liisa","electionDayVotes":0,"pid":"2","finalPosition":0,"electedInformation":"ON_SUBSTITUTE_PLACE","totalVotesPercent":0.7,"nominatorName":{"fi":"Suomen Keskusta","sv":"Centern i Finland","en":"Centre Party of Finland"},"caid":9,"position":0,"gender":"2","comparisonData":{"totalVotes":9,"votesTotalChange":-5},"edid":8,"comparativeIndex":0.0,"electionDayVotesPercent":0.0,"nominatorAbbr":{"fi":"KESK","sv":"C","en":"CENT"}},{"age":26,"advanceVotesPercent":0.7,"lastname":"Mertakorpi","occupation":"projektikoordinaattori, VTK","advanceVotes":4,"npid":1,"totalVotes":4,"spid":1,"abbr":"KESK","municipalCouncilor":false,"muid":142,"alid":1,"firstname":"Siiri","electionDayVotes":0,"pid":"2","finalPosition":0,"electedInformation":"ELECTED","totalVotesPercent":0.7,"nominatorName":{"fi":"Suomen Keskusta","sv":"Centern i Finland","en":"Centre Party of Finland"},"caid":14,"position":0,"gender":"2","comparisonData":{"totalVotes":0,"votesTotalChange":4},"edid":8,"comparativeIndex":0.0,"electionDayVotesPercent":0.0,"nominatorAbbr":{"fi":"KESK","sv":"C","en":"CENT"}},{"age":40,"advanceVotesPercent":0.7,"lastname":"Väinölä","occupation":"lampuri, agrologi","advanceVotes":4,"npid":1,"totalVotes":4,"spid":1,"abbr":"KESK","municipalCouncilor":false,"muid":142,"alid":1,"firstname":"Päivi","electionDayVotes":0,"pid":"2","finalPosition":0,"electedInformation":"ON_SUBSTITUTE_PLACE","totalVotesPercent":0.7,"nominatorName":{"fi":"Suomen Keskusta","sv":"Centern i Finland","en":"Centre Party of Finland"},"caid":24,"position":0,"gender":"2","comparisonData":{"totalVotes":18,"votesTotalChange":-14},"edid":8,"comparativeIndex":0.0,"electionDayVotesPercent":0.0,"nominatorAbbr":{"fi":"KESK","sv":"C","en":"CENT"}},{"age":39,"advanceVotesPercent":0.7,"lastname":"Eklund","occupation":"työnjohtaja","advanceVotes":4,"npid":4,"totalVotes":4,"spid":4,"abbr":"SDP","municipalCouncilor":false,"muid":142,"alid":3,"firstname":"Marko","electionDayVotes":0,"pid":"1","finalPosition":0,"electedInformation":"ON_SUBSTITUTE_PLACE","totalVotesPercent":0.7,"nominatorName":{"fi":"Suomen Sosialidemokraattinen Puolue","sv":"Finlands Socialdemokratiska Parti","en":"The Finnish Social Democratic Party"},"caid":33,"position":0,"gender":"1","comparisonData":{"totalVotes":0,"votesTotalChange":4},"edid":8,"comparativeIndex":0.0,"electionDayVotesPercent":0.0,"nominatorAbbr":{"fi":"SDP","sv":"SDP","en":"SDP"}},{"age":51,"advanceVotesPercent":0.5,"lastname":"Lehtinen","occupation":"maakunta-aktiivi","advanceVotes":3,"npid":1,"totalVotes":3,"spid":1,"abbr":"KESK","municipalCouncilor":true,"muid":142,"alid":1,"firstname":"Seppo","electionDayVotes":0,"pid":"2","finalPosition":0,"electedInformation":"ELECTED","totalVotesPercent":0.5,"nominatorName":{"fi":"Suomen Keskusta","sv":"Centern i Finland","en":"Centre Party of Finland"},"caid":11,"position":0,"gender":"1","comparisonData":{"totalVotes":161,"votesTotalChange":-158},"edid":8,"comparativeIndex":0.0,"electionDayVotesPercent":0.0,"nominatorAbbr":{"fi":"KESK","sv":"C","en":"CENT"}},{"age":48,"advanceVotesPercent":0.5,"lastname":"Mettälä","occupation":"masinisti","advanceVotes":3,"npid":1,"totalVotes":3,"spid":1,"abbr":"KESK","municipalCouncilor":false,"muid":142,"alid":1,"firstname":"Petri","electionDayVotes":0,"pid":"2","finalPosition":0,"electedInformation":"ON_SUBSTITUTE_PLACE","totalVotesPercent":0.5,"nominatorName":{"fi":"Suomen Keskusta","sv":"Centern i Finland","en":"Centre Party of Finland"},"caid":15,"position":0,"gender":"1","comparisonData":{"totalVotes":38,"votesTotalChange":-35},"edid":8,"comparativeIndex":0.0,"electionDayVotesPercent":0.0,"nominatorAbbr":{"fi":"KESK","sv":"C","en":"CENT"}},{"age":49,"advanceVotesPercent":0.5,"lastname":"Sihvonen","occupation":"kehitysvammaistenohjaaja","advanceVotes":3,"npid":3,"totalVotes":3,"spid":5,"abbr":"VIHR","municipalCouncilor":false,"muid":142,"alid":2,"firstname":"Sari","electionDayVotes":0,"pid":"13","finalPosition":0,"electedInformation":"NOT_ELECTED","totalVotesPercent":0.5,"nominatorName":{"fi":"Vihreä liitto","sv":"Gröna förbundet","en":"Green League"},"caid":29,"position":0,"gender":"2","comparisonData":{"totalVotes":0,"votesTotalChange":3},"edid":8,"comparativeIndex":0.0,"electionDayVotesPercent":0.0,"nominatorAbbr":{"fi":"VIHR","sv":"Gröna","en":"GREEN"}},{"age":57,"advanceVotesPercent":0.5,"lastname":"Pohjola","occupation":"verkostosuunnittelija","advanceVotes":3,"npid":4,"totalVotes":3,"spid":4,"abbr":"SDP","municipalCouncilor":false,"muid":142,"alid":3,"firstname":"Markku","electionDayVotes":0,"pid":"1","finalPosition":0,"electedInformation":"NOT_ELECTED","totalVotesPercent":0.5,"nominatorName":{"fi":"Suomen Sosialidemokraattinen Puolue","sv":"Finlands Socialdemokratiska Parti","en":"The Finnish Social Democratic Party"},"caid":40,"position":0,"gender":"1","comparisonData":{"totalVotes":0,"votesTotalChange":3},"edid":8,"comparativeIndex":0.0,"electionDayVotesPercent":0.0,"nominatorAbbr":{"fi":"SDP","sv":"SDP","en":"SDP"}},{"age":64,"advanceVotesPercent":0.5,"lastname":"Helineva","occupation":"tilitoimistoyrittäjä","advanceVotes":3,"npid":5,"totalVotes":3,"spid":2,"abbr":"KOK","municipalCouncilor":false,"muid":142,"alid":4,"firstname":"Mirja","electionDayVotes":0,"pid":"4","finalPosition":0,"electedInformation":"ON_SUBSTITUTE_PLACE","totalVotesPercent":0.5,"nominatorName":{"fi":"Kansallinen Kokoomus","sv":"Samlingspartiet","en":"National Coalition Party"},"caid":48,"position":0,"gender":"2","comparisonData":{"totalVotes":0,"votesTotalChange":3},"edid":8,"comparativeIndex":0.0,"electionDayVotesPercent":0.0,"nominatorAbbr":{"fi":"KOK","sv":"Saml","en":"NCP"}},{"age":68,"advanceVotesPercent":0.5,"lastname":"Ahonen","occupation":"tiehöylänkuljettaja, eläkeläinen","advanceVotes":3,"npid":6,"totalVotes":3,"spid":99,"abbr":"Muut","municipalCouncilor":false,"muid":142,"alid":5,"firstname":"Esko","electionDayVotes":0,"pid":"1426","finalPosition":0,"electedInformation":"NOT_ELECTED","totalVotesPercent":0.5,"nominatorName":{"fi":"Iitin Sitoutumattomat ry","sv":"Iitin Sitoutumattomat ry","en":"Iitin Sitoutumattomat ry"},"caid":57,"position":0,"gender":"1","comparisonData":{"totalVotes":16,"votesTotalChange":-13},"edid":8,"comparativeIndex":0.0,"electionDayVotesPercent":0.0,"nominatorAbbr":{"fi":"Sit.","sv":"Sit.","en":"Sit."}},{"age":60,"advanceVotesPercent":0.5,"lastname":"Lavonen","occupation":"metsätalousyrittäjä","advanceVotes":3,"npid":6,"totalVotes":3,"spid":99,"abbr":"Muut","municipalCouncilor":false,"muid":142,"alid":5,"firstname":"Esa","electionDayVotes":0,"pid":"1426","finalPosition":0,"electedInformation":"NOT_ELECTED","totalVotesPercent":0.5,"nominatorName":{"fi":"Iitin Sitoutumattomat ry","sv":"Iitin Sitoutumattomat ry","en":"Iitin Sitoutumattomat ry"},"caid":63,"position":0,"gender":"1","comparisonData":{"totalVotes":0,"votesTotalChange":3},"edid":8,"comparativeIndex":0.0,"electionDayVotesPercent":0.0,"nominatorAbbr":{"fi":"Sit.","sv":"Sit.","en":"Sit."}},{"age":48,"advanceVotesPercent":0.4,"lastname":"Joukanen","occupation":"tarjoilija","advanceVotes":2,"npid":1,"totalVotes":2,"spid":1,"abbr":"KESK","municipalCouncilor":false,"muid":142,"alid":1,"firstname":"Jukka","electionDayVotes":0,"pid":"2","finalPosition":0,"electedInformation":"ON_SUBSTITUTE_PLACE","totalVotesPercent":0.4,"nominatorName":{"fi":"Suomen Keskusta","sv":"Centern i Finland","en":"Centre Party of Finland"},"caid":6,"position":0,"gender":"1","comparisonData":{"totalVotes":7,"votesTotalChange":-5},"edid":8,"comparativeIndex":0.0,"electionDayVotesPercent":0.0,"nominatorAbbr":{"fi":"KESK","sv":"C","en":"CENT"}},{"age":49,"advanceVotesPercent":0.4,"lastname":"Räsänen","occupation":"yrittäjä","advanceVotes":2,"npid":1,"totalVotes":2,"spid":1,"abbr":"KESK","municipalCouncilor":false,"muid":142,"alid":1,"firstname":"Vera","electionDayVotes":0,"pid":"2","finalPosition":0,"electedInformation":"ON_SUBSTITUTE_PLACE","totalVotesPercent":0.4,"nominatorName":{"fi":"Suomen Keskusta","sv":"Centern i Finland","en":"Centre Party of Finland"},"caid":19,"position":0,"gender":"2","comparisonData":{"totalVotes":0,"votesTotalChange":2},"edid":8,"comparativeIndex":0.0,"electionDayVotesPercent":0.0,"nominatorAbbr":{"fi":"KESK","sv":"C","en":"CENT"}},{"age":65,"advanceVotesPercent":0.4,"lastname":"Väinölä","occupation":"eläkeläinen","advanceVotes":2,"npid":1,"totalVotes":2,"spid":1,"abbr":"KESK","municipalCouncilor":false,"muid":142,"alid":1,"firstname":"Hannu","electionDayVotes":0,"pid":"2","finalPosition":0,"electedInformation":"ON_SUBSTITUTE_PLACE","totalVotesPercent":0.4,"nominatorName":{"fi":"Suomen Keskusta","sv":"Centern i Finland","en":"Centre Party of Finland"},"caid":23,"position":0,"gender":"1","comparisonData":{"totalVotes":0,"votesTotalChange":2},"edid":8,"comparativeIndex":0.0,"electionDayVotesPercent":0.0,"nominatorAbbr":{"fi":"KESK","sv":"C","en":"CENT"}},{"age":49,"advanceVotesPercent":0.4,"lastname":"Dahl","occupation":"myyntiedustaja","advanceVotes":2,"npid":4,"totalVotes":2,"spid":4,"abbr":"SDP","municipalCouncilor":false,"muid":142,"alid":3,"firstname":"Mika","electionDayVotes":0,"pid":"1","finalPosition":0,"electedInformation":"ON_SUBSTITUTE_PLACE","totalVotesPercent":0.4,"nominatorName":{"fi":"Suomen Sosialidemokraattinen Puolue","sv":"Finlands Socialdemokratiska Parti","en":"The Finnish Social Democratic Party"},"caid":31,"position":0,"gender":"1","comparisonData":{"totalVotes":31,"votesTotalChange":-29},"edid":8,"comparativeIndex":0.0,"electionDayVotesPercent":0.0,"nominatorAbbr":{"fi":"SDP","sv":"SDP","en":"SDP"}},{"age":69,"advanceVotesPercent":0.4,"lastname":"Ruusunen","occupation":"eläkeläinen","advanceVotes":2,"npid":4,"totalVotes":2,"spid":4,"abbr":"SDP","municipalCouncilor":false,"muid":142,"alid":3,"firstname":"Aimo","electionDayVotes":0,"pid":"1","finalPosition":0,"electedInformation":"ON_SUBSTITUTE_PLACE","totalVotesPercent":0.4,"nominatorName":{"fi":"Suomen Sosialidemokraattinen Puolue","sv":"Finlands Socialdemokratiska Parti","en":"The Finnish Social Democratic Party"},"caid":41,"position":0,"gender":"1","comparisonData":{"totalVotes":13,"votesTotalChange":-11},"edid":8,"comparativeIndex":0.0,"electionDayVotesPercent":0.0,"nominatorAbbr":{"fi":"SDP","sv":"SDP","en":"SDP"}},{"age":42,"advanceVotesPercent":0.4,"lastname":"Rämä","occupation":"yrittäjä","advanceVotes":2,"npid":4,"totalVotes":2,"spid":4,"abbr":"SDP","municipalCouncilor":false,"muid":142,"alid":3,"firstname":"Kimmo","electionDayVotes":0,"pid":"1","finalPosition":0,"electedInformation":"NOT_ELECTED","totalVotesPercent":0.4,"nominatorName":{"fi":"Suomen Sosialidemokraattinen Puolue","sv":"Finlands Socialdemokratiska Parti","en":"The Finnish Social Democratic Party"},"caid":42,"position":0,"gender":"1","comparisonData":{"totalVotes":29,"votesTotalChange":-27},"edid":8,"comparativeIndex":0.0,"electionDayVotesPercent":0.0,"nominatorAbbr":{"fi":"SDP","sv":"SDP","en":"SDP"}},{"age":55,"advanceVotesPercent":0.4,"lastname":"Saarinen","occupation":"yrittäjä","advanceVotes":2,"npid":6,"totalVotes":2,"spid":99,"abbr":"Muut","municipalCouncilor":false,"muid":142,"alid":5,"firstname":"Kari","electionDayVotes":0,"pid":"1426","finalPosition":0,"electedInformation":"NOT_ELECTED","totalVotesPercent":0.4,"nominatorName":{"fi":"Iitin Sitoutumattomat ry","sv":"Iitin Sitoutumattomat ry","en":"Iitin Sitoutumattomat ry"},"caid":67,"position":0,"gender":"1","comparisonData":{"totalVotes":0,"votesTotalChange":2},"edid":8,"comparativeIndex":0.0,"electionDayVotesPercent":0.0,"nominatorAbbr":{"fi":"Sit.","sv":"Sit.","en":"Sit."}},{"age":56,"advanceVotesPercent":0.2,"lastname":"Mertakorpi","occupation":"tuotantopäällikkö. DI","advanceVotes":1,"npid":1,"totalVotes":1,"spid":1,"abbr":"KESK","municipalCouncilor":false,"muid":142,"alid":1,"firstname":"Pekka","electionDayVotes":0,"pid":"2","finalPosition":0,"electedInformation":"ON_SUBSTITUTE_PLACE","totalVotesPercent":0.2,"nominatorName":{"fi":"Suomen Keskusta","sv":"Centern i Finland","en":"Centre Party of Finland"},"caid":13,"position":0,"gender":"1","comparisonData":{"totalVotes":0,"votesTotalChange":1},"edid":8,"comparativeIndex":0.0,"electionDayVotesPercent":0.0,"nominatorAbbr":{"fi":"KESK","sv":"C","en":"CENT"}},{"age":57,"advanceVotesPercent":0.2,"lastname":"Mikkola","occupation":"insinööri","advanceVotes":1,"npid":1,"totalVotes":1,"spid":1,"abbr":"KESK","municipalCouncilor":false,"muid":142,"alid":1,"firstname":"Jari","electionDayVotes":0,"pid":"2","finalPosition":0,"electedInformation":"ON_SUBSTITUTE_PLACE","totalVotesPercent":0.2,"nominatorName":{"fi":"Suomen Keskusta","sv":"Centern i Finland","en":"Centre Party of Finland"},"caid":16,"position":0,"gender":"1","comparisonData":{"totalVotes":0,"votesTotalChange":1},"edid":8,"comparativeIndex":0.0,"electionDayVotesPercent":0.0,"nominatorAbbr":{"fi":"KESK","sv":"C","en":"CENT"}},{"age":49,"advanceVotesPercent":0.2,"lastname":"Tarula","occupation":"maanviljelijä","advanceVotes":1,"npid":1,"totalVotes":1,"spid":1,"abbr":"KESK","municipalCouncilor":false,"muid":142,"alid":1,"firstname":"Matti","electionDayVotes":0,"pid":"2","finalPosition":0,"electedInformation":"ELECTED","totalVotesPercent":0.2,"nominatorName":{"fi":"Suomen Keskusta","sv":"Centern i Finland","en":"Centre Party of Finland"},"caid":21,"position":0,"gender":"1","comparisonData":{"totalVotes":33,"votesTotalChange":-32},"edid":8,"comparativeIndex":0.0,"electionDayVotesPercent":0.0,"nominatorAbbr":{"fi":"KESK","sv":"C","en":"CENT"}},{"age":47,"advanceVotesPercent":0.2,"lastname":"Holmström","occupation":"tehdaspalvelupäällikkö, mv","advanceVotes":1,"npid":5,"totalVotes":1,"spid":2,"abbr":"KOK","municipalCouncilor":false,"muid":142,"alid":4,"firstname":"Jari","electionDayVotes":0,"pid":"4","finalPosition":0,"electedInformation":"ON_SUBSTITUTE_PLACE","totalVotesPercent":0.2,"nominatorName":{"fi":"Kansallinen Kokoomus","sv":"Samlingspartiet","en":"National Coalition Party"},"caid":49,"position":0,"gender":"1","comparisonData":{"totalVotes":39,"votesTotalChange":-38},"edid":8,"comparativeIndex":0.0,"electionDayVotesPercent":0.0,"nominatorAbbr":{"fi":"KOK","sv":"Saml","en":"NCP"}},{"age":59,"advanceVotesPercent":0.2,"lastname":"Holmberg","occupation":"siivooja","advanceVotes":1,"npid":6,"totalVotes":1,"spid":99,"abbr":"Muut","municipalCouncilor":false,"muid":142,"alid":5,"firstname":"Anne","electionDayVotes":0,"pid":"1426","finalPosition":0,"electedInformation":"NOT_ELECTED","totalVotesPercent":0.2,"nominatorName":{"fi":"Iitin Sitoutumattomat ry","sv":"Iitin Sitoutumattomat ry","en":"Iitin Sitoutumattomat ry"},"caid":59,"position":0,"gender":"2","comparisonData":{"totalVotes":0,"votesTotalChange":1},"edid":8,"comparativeIndex":0.0,"electionDayVotesPercent":0.0,"nominatorAbbr":{"fi":"Sit.","sv":"Sit.","en":"Sit."}},{"age":63,"advanceVotesPercent":0.2,"lastname":"Ojala","occupation":"talonmies","advanceVotes":1,"npid":6,"totalVotes":1,"spid":99,"abbr":"Muut","municipalCouncilor":true,"muid":142,"alid":5,"firstname":"Veikko","electionDayVotes":0,"pid":"1426","finalPosition":0,"electedInformation":"ON_SUBSTITUTE_PLACE","totalVotesPercent":0.2,"nominatorName":{"fi":"Iitin Sitoutumattomat ry","sv":"Iitin Sitoutumattomat ry","en":"Iitin Sitoutumattomat ry"},"caid":64,"position":0,"gender":"1","comparisonData":{"totalVotes":53,"votesTotalChange":-52},"edid":8,"comparativeIndex":0.0,"electionDayVotesPercent":0.0,"nominatorAbbr":{"fi":"Sit.","sv":"Sit.","en":"Sit."}},{"age":42,"advanceVotesPercent":0.2,"lastname":"Purho","occupation":"yrittäjä","advanceVotes":1,"npid":6,"totalVotes":1,"spid":99,"abbr":"Muut","municipalCouncilor":false,"muid":142,"alid":5,"firstname":"Matti","electionDayVotes":0,"pid":"1426","finalPosition":0,"electedInformation":"ELECTED","totalVotesPercent":0.2,"nominatorName":{"fi":"Iitin Sitoutumattomat ry","sv":"Iitin Sitoutumattomat ry","en":"Iitin Sitoutumattomat ry"},"caid":65,"position":0,"gender":"1","comparisonData":{"totalVotes":0,"votesTotalChange":1},"edid":8,"comparativeIndex":0.0,"electionDayVotesPercent":0.0,"nominatorAbbr":{"fi":"Sit.","sv":"Sit.","en":"Sit."}},{"age":23,"advanceVotesPercent":0.2,"lastname":"Rintala","occupation":"lähihoitaja","advanceVotes":1,"npid":6,"totalVotes":1,"spid":99,"abbr":"Muut","municipalCouncilor":false,"muid":142,"alid":5,"firstname":"Ainokaisa","electionDayVotes":0,"pid":"1426","finalPosition":0,"electedInformation":"NOT_ELECTED","totalVotesPercent":0.2,"nominatorName":{"fi":"Iitin Sitoutumattomat ry","sv":"Iitin Sitoutumattomat ry","en":"Iitin Sitoutumattomat ry"},"caid":66,"position":0,"gender":"2","comparisonData":{"totalVotes":0,"votesTotalChange":1},"edid":8,"comparativeIndex":0.0,"electionDayVotesPercent":0.0,"nominatorAbbr":{"fi":"Sit.","sv":"Sit.","en":"Sit."}},{"age":54,"advanceVotesPercent":0.2,"lastname":"Talja","occupation":"insinööri AMK","advanceVotes":1,"npid":6,"totalVotes":1,"spid":99,"abbr":"Muut","municipalCouncilor":false,"muid":142,"alid":5,"firstname":"Arja","electionDayVotes":0,"pid":"1426","finalPosition":0,"electedInformation":"NOT_ELECTED","totalVotesPercent":0.2,"nominatorName":{"fi":"Iitin Sitoutumattomat ry","sv":"Iitin Sitoutumattomat ry","en":"Iitin Sitoutumattomat ry"},"caid":68,"position":0,"gender":"2","comparisonData":{"totalVotes":8,"votesTotalChange":-7},"edid":8,"comparativeIndex":0.0,"electionDayVotesPercent":0.0,"nominatorAbbr":{"fi":"Sit.","sv":"Sit.","en":"Sit."}},{"age":42,"advanceVotesPercent":0.0,"lastname":"Lallukka","occupation":"maatalousyrittäjä","advanceVotes":0,"npid":1,"totalVotes":0,"spid":1,"abbr":"KESK","municipalCouncilor":false,"muid":142,"alid":1,"firstname":"Anuriikka","electionDayVotes":0,"pid":"2","finalPosition":0,"electedInformation":"ON_SUBSTITUTE_PLACE","totalVotesPercent":0.0,"nominatorName":{"fi":"Suomen Keskusta","sv":"Centern i Finland","en":"Centre Party of Finland"},"caid":10,"position":0,"gender":"2","comparisonData":{"totalVotes":0,"votesTotalChange":0},"edid":8,"comparativeIndex":0.0,"electionDayVotesPercent":0.0,"nominatorAbbr":{"fi":"KESK","sv":"C","en":"CENT"}},{"age":40,"advanceVotesPercent":0.0,"lastname":"Kaarlenpoika","occupation":"kunnossapitoasentaja, pääluottamusmies","advanceVotes":0,"npid":4,"totalVotes":0,"spid":4,"abbr":"SDP","municipalCouncilor":false,"muid":142,"alid":3,"firstname":"Marko","electionDayVotes":0,"pid":"1","finalPosition":0,"electedInformation":"NOT_ELECTED","totalVotesPercent":0.0,"nominatorName":{"fi":"Suomen Sosialidemokraattinen Puolue","sv":"Finlands Socialdemokratiska Parti","en":"The Finnish Social Democratic Party"},"caid":34,"position":0,"gender":"1","comparisonData":{"totalVotes":0,"votesTotalChange":0},"edid":8,"comparativeIndex":0.0,"electionDayVotesPercent":0.0,"nominatorAbbr":{"fi":"SDP","sv":"SDP","en":"SDP"}},{"age":68,"advanceVotesPercent":0.0,"lastname":"Nikula","occupation":"työteknikko, eläkeläinen","advanceVotes":0,"npid":5,"totalVotes":0,"spid":2,"abbr":"KOK","municipalCouncilor":false,"muid":142,"alid":4,"firstname":"Juha","electionDayVotes":0,"pid":"4","finalPosition":0,"electedInformation":"NOT_ELECTED","totalVotesPercent":0.0,"nominatorName":{"fi":"Kansallinen Kokoomus","sv":"Samlingspartiet","en":"National Coalition Party"},"caid":51,"position":0,"gender":"1","comparisonData":{"totalVotes":10,"votesTotalChange":-10},"edid":8,"comparativeIndex":0.0,"electionDayVotesPercent":0.0,"nominatorAbbr":{"fi":"KOK","sv":"Saml","en":"NCP"}},{"age":64,"advanceVotesPercent":0.0,"lastname":"Reiman","occupation":"eläkeläinen","advanceVotes":0,"npid":5,"totalVotes":0,"spid":2,"abbr":"KOK","municipalCouncilor":false,"muid":142,"alid":4,"firstname":"Annukka","electionDayVotes":0,"pid":"4","finalPosition":0,"electedInformation":"NOT_ELECTED","totalVotesPercent":0.0,"nominatorName":{"fi":"Kansallinen Kokoomus","sv":"Samlingspartiet","en":"National Coalition Party"},"caid":53,"position":0,"gender":"2","comparisonData":{"totalVotes":0,"votesTotalChange":0},"edid":8,"comparativeIndex":0.0,"electionDayVotesPercent":0.0,"nominatorAbbr":{"fi":"KOK","sv":"Saml","en":"NCP"}},{"age":37,"advanceVotesPercent":0.0,"lastname":"Ahonen","occupation":"yrittäjä","advanceVotes":0,"npid":6,"totalVotes":0,"spid":99,"abbr":"Muut","municipalCouncilor":false,"muid":142,"alid":5,"firstname":"Vesa","electionDayVotes":0,"pid":"1426","finalPosition":0,"electedInformation":"NOT_ELECTED","totalVotesPercent":0.0,"nominatorName":{"fi":"Iitin Sitoutumattomat ry","sv":"Iitin Sitoutumattomat ry","en":"Iitin Sitoutumattomat ry"},"caid":58,"position":0,"gender":"1","comparisonData":{"totalVotes":0,"votesTotalChange":0},"edid":8,"comparativeIndex":0.0,"electionDayVotesPercent":0.0,"nominatorAbbr":{"fi":"Sit.","sv":"Sit.","en":"Sit."}}],"municipalityPollingDistricts":[{"name":{"fi":"Kausala 1","sv":"Kausala 1"},"calculationStatusPercent":48.8,"joinedArea":false,"muid":142,"totalVotingInFinlandTurnout":58.5,"identification":"001","pdid":"001","eligibleVotersInFinlandTotal":2004,"edid":8,"mergedToPdid":""},{"name":{"fi":"Kausala 2","sv":"Kausala 2"},"calculationStatusPercent":46.4,"joinedArea":false,"muid":142,"totalVotingInFinlandTurnout":60.1,"identification":"002","pdid":"002","eligibleVotersInFinlandTotal":2036,"edid":8,"mergedToPdid":""},{"name":{"fi":"Etelä-Iitti","sv":"Etelä-Iitti"},"calculationStatusPercent":57.1,"joinedArea":false,"muid":142,"totalVotingInFinlandTurnout":68.6,"identification":"003","pdid":"003","eligibleVotersInFinlandTotal":660,"edid":8,"mergedToPdid":""},{"name":{"fi":"Kirkonkylä","sv":"Kirkonkylä"},"calculationStatusPercent":53.8,"joinedArea":false,"muid":142,"totalVotingInFinlandTurnout":0.0,"identification":"004","pdid":"004","eligibleVotersInFinlandTotal":623,"edid":8,"mergedToPdid":""},{"name":{"fi":"Pohjois-Iitti","sv":"Pohjois-Iitti"},"calculationStatusPercent":100.0,"joinedArea":false,"muid":142,"totalVotingInFinlandTurnout":74.7,"identification":"005","pdid":"005","eligibleVotersInFinlandTotal":344,"edid":8,"mergedToPdid":""}],"municipality":{"muid":142,"edid":8,"name":{"fi":"Iitti","sv":"Iitti"}}}